symbol,role,period_end,value,available_from,tag,seen
A,assets,2010-10-31,9696000000,2010-12-20,Assets,2026-08-25
A,cash,2010-10-31,2649000000,2010-12-20,CashAndCashEquivalentsAtCarryingValue,2026-08-25
A,debt,2010-10-31,2190000000,2010-12-20,LongTermDebtNoncurrent,2026-08-25
A,equity,2010-10-31,3228000000,2010-12-20,StockholdersEquity,2026-08-25
A,inventory,2010-10-31,716000000,2010-12-20,InventoryNet,2026-08-25
A,liabilities,2010-10-31,6460000000,2010-12-20,Liabilities,2026-08-25
A,receivables,2010-10-31,869000000,2010-12-20,AccountsReceivableNetCurrent,2026-08-25
AAPL,assets,2010-12-25,86742000000,2011-03-20,Assets,2026-08-25
AAPL,capex,2010-12-25,1214000000,2011-03-20,PaymentsToAcquireProductiveAssets,2026-08-25
AAPL,cash,2010-12-25,10734000000,2011-03-20,CashAndCashEquivalentsAtCarryingValue,2026-08-25
AAPL,equity,2010-12-25,54666000000,2011-03-20,StockholdersEquity,2026-08-25
AAPL,grossProfit,2010-12-25,10298000000,2011-03-20,GrossProfit,2026-08-25
AAPL,inventory,2010-12-25,885000000,2011-03-20,InventoryNet,2026-08-25
AAPL,liabilities,2010-12-25,32076000000,2011-03-20,Liabilities,2026-08-25
AAPL,netIncome,2010-12-25,6004000000,2011-03-20,NetIncomeLoss,2026-08-25
AAPL,operatingCashFlow,2010-12-25,9773000000,2011-03-20,NetCashProvidedByUsedInOperatingActivities,2026-08-25
AAPL,operatingIncome,2010-12-25,7827000000,2011-03-20,OperatingIncomeLoss,2026-08-25
AAPL,receivables,2010-12-25,6027000000,2011-03-20,AccountsReceivableNetCurrent,2026-08-25
AAPL,revenue,2010-12-25,26741000000,2011-03-20,SalesRevenueNet,2026-08-25
AAPL,rnd,2010-12-25,575000000,2011-03-20,ResearchAndDevelopmentExpense,2026-08-25
AAPL,shares,2010-12-25,921035475,2011-03-20,CommonStockSharesOutstanding,2026-08-25
ABBV,cash,2010-12-31,10000000,2011-03-26,CashAndCashEquivalentsAtCarryingValue,2026-08-25
ABT,assets,2010-12-31,60573852000,2011-03-26,Assets,2026-08-25
ABT,cash,2010-12-31,3648000000,2011-03-26,CashAndCashEquivalentsAtCarryingValue,2026-08-25
ABT,debt,2010-12-31,12523517000,2011-03-26,LongTermDebtNoncurrent,2026-08-25
ABT,equity,2010-12-31,22676802000,2011-03-26,StockholdersEquity,2026-08-25
ABT,grossProfit,2010-12-31,5922800000,2011-03-26,GrossProfit,2026-08-25
ABT,inventory,2010-12-31,3188734000,2011-03-26,InventoryNet,2026-08-25
ABT,receivables,2010-12-31,7184034000,2011-03-26,AccountsReceivableNetCurrent,2026-08-25
ABT,revenue,2010-12-31,9967800000,2011-03-26,SalesRevenueNet,2026-08-25
ACGL,assets,2010-12-31,16279228000,2011-03-26,Assets,2026-08-25
ACGL,cash,2010-12-31,362740000,2011-03-26,CashAndCashEquivalentsAtCarryingValue,2026-08-25
ACGL,liabilities,2010-12-31,11766225000,2011-03-26,Liabilities,2026-08-25
ACGL,netIncome,2010-12-31,234112000,2011-03-26,NetIncomeLoss,2026-08-25
ACGL,shares,2010-12-31,139632225,2011-03-26,CommonStockSharesOutstanding,2026-08-25
ACN,assets,2010-11-30,12868874000,2011-02-23,Assets,2026-08-25
ACN,buybacks,2010-11-30,619720000,2011-02-23,PaymentsForRepurchaseOfCommonStock,2026-08-25
ACN,capex,2010-11-30,75483000,2011-02-23,PaymentsToAcquirePropertyPlantAndEquipment,2026-08-25
ACN,cash,2010-11-30,4160452000,2011-02-23,CashAndCashEquivalentsAtCarryingValue,2026-08-25
ACN,equity,2010-11-30,2909396000,2011-02-23,StockholdersEquity,2026-08-25
ACN,netIncome,2010-11-30,534714000,2011-02-23,NetIncomeLoss,2026-08-25
ACN,operatingCashFlow,2010-11-30,106399000,2011-02-23,NetCashProvidedByUsedInOperatingActivities,2026-08-25
ACN,operatingIncome,2010-11-30,826935000,2011-02-23,OperatingIncomeLoss,2026-08-25
ACN,receivables,2010-11-30,2846561000,2011-02-23,AccountsReceivableNetCurrent,2026-08-25
ACN,revenue,2010-11-30,6478193000,2011-02-23,Revenues,2026-08-25
ADBE,assets,2010-12-03,8141148000,2011-02-26,Assets,2026-08-25
ADBE,cash,2010-12-03,749891000,2011-02-26,CashAndCashEquivalentsAtCarryingValue,2026-08-25
ADBE,equity,2010-12-03,5192387000,2011-02-26,StockholdersEquity,2026-08-25
ADBE,grossProfit,2010-12-03,900729000,2011-02-26,GrossProfit,2026-08-25
ADBE,liabilities,2010-12-03,2948761000,2011-02-26,Liabilities,2026-08-25
ADBE,netIncome,2010-12-03,268850000,2011-02-26,NetIncomeLoss,2026-08-25
ADBE,receivables,2010-12-03,554328000,2011-02-26,AccountsReceivableNetCurrent,2026-08-25
ADBE,revenue,2010-12-03,1007946000,2011-02-26,Revenues,2026-08-25
ADBE,shares,2010-12-03,501897000,2011-02-26,CommonStockSharesOutstanding,2026-08-25
ADI,assets,2010-10-30,4328831000,2010-12-19,Assets,2026-08-25
ADI,cash,2010-10-30,1405100000,2010-12-19,CashAndCashEquivalentsAtCarryingValue,2026-08-25
ADI,equity,2010-10-30,3199717000,2010-12-19,StockholdersEquity,2026-08-25
ADI,grossProfit,2010-10-30,516229000,2010-12-19,GrossProfit,2026-08-25
ADI,inventory,2010-10-30,277478000,2010-12-19,InventoryNet,2026-08-25
ADI,operatingIncome,2010-10-30,285740000,2010-12-19,OperatingIncomeLoss,2026-08-25
ADI,receivables,2010-10-30,387169000,2010-12-19,AccountsReceivableNetCurrent,2026-08-25
ADI,revenue,2010-10-30,769990000,2010-12-19,SalesRevenueNet,2026-08-25
ADI,rnd,2010-10-30,128140000,2010-12-19,ResearchAndDevelopmentExpense,2026-08-25
ADI,shares,2010-10-30,298652994,2010-12-19,CommonStockSharesOutstanding,2026-08-25
ADM,assets,2010-12-31,42610000000,2011-03-26,Assets,2026-08-25
ADM,cash,2010-12-31,526000000,2011-03-26,CashAndCashEquivalentsAtCarryingValue,2026-08-25
ADM,debt,2010-12-31,6848000000,2011-03-26,LongTermDebtNoncurrent,2026-08-25
ADM,grossProfit,2010-12-31,1234000000,2011-03-26,GrossProfit,2026-08-25
ADM,netIncome,2010-12-31,732000000,2011-03-26,NetIncomeLoss,2026-08-25
ADM,revenue,2010-12-31,20930000000,2011-03-26,Revenues,2026-08-25
ADP,assets,2010-12-31,32660300000,2011-03-26,Assets,2026-08-25
ADP,cash,2010-12-31,1305700000,2011-03-26,CashAndCashEquivalentsAtCarryingValue,2026-08-25
ADP,debt,2010-12-31,37900000,2011-03-26,LongTermDebt,2026-08-25
ADP,equity,2010-12-31,5775600000,2011-03-26,StockholdersEquity,2026-08-25
ADP,grossProfit,2010-12-31,1025400000,2011-03-26,GrossProfit,2026-08-25
ADP,liabilities,2010-12-31,26884700000,2011-03-26,Liabilities,2026-08-25
ADP,netIncome,2010-12-31,310100000,2011-03-26,NetIncomeLoss,2026-08-25
ADP,receivables,2010-12-31,1136600000,2011-03-26,AccountsReceivableNetCurrent,2026-08-25
ADP,revenue,2010-12-31,2405700000,2011-03-26,Revenues,2026-08-25
ADP,shares,2010-12-31,494200000,2011-03-26,CommonStockSharesOutstanding,2026-08-25
ADSK,assets,2010-10-31,2581100000,2010-12-20,Assets,2026-08-25
ADSK,cash,2010-10-31,904300000,2010-12-20,CashAndCashEquivalentsAtCarryingValue,2026-08-25
ADSK,equity,2010-10-31,1556100000,2010-12-20,StockholdersEquity,2026-08-25
ADSK,grossProfit,2010-10-31,428200000,2010-12-20,GrossProfit,2026-08-25
ADSK,netIncome,2010-10-31,53600000,2010-12-20,NetIncomeLoss,2026-08-25
ADSK,operatingIncome,2010-10-31,69200000,2010-12-20,OperatingIncomeLoss,2026-08-25
ADSK,receivables,2010-10-31,240100000,2010-12-20,AccountsReceivableNetCurrent,2026-08-25
ADSK,revenue,2010-10-31,476700000,2010-12-20,SalesRevenueNet,2026-08-25
ADSK,rnd,2010-10-31,122800000,2010-12-20,ResearchAndDevelopmentExpense,2026-08-25
AEE,assets,2010-12-31,23511000000,2011-03-26,Assets,2026-08-25
AEE,cash,2010-12-31,538000000,2011-03-26,CashAndCashEquivalentsAtCarryingValue,2026-08-25
AEE,debt,2010-12-31,6853000000,2011-03-26,LongTermDebtNoncurrent,2026-08-25
AEE,equity,2010-12-31,7730000000,2011-03-26,StockholdersEquity,2026-08-25
AEE,inventory,2010-12-31,707000000,2011-03-26,InventoryNet,2026-08-25
AEE,netIncome,2010-12-31,52000000,2011-03-26,NetIncomeLoss,2026-08-25
AEE,operatingIncome,2010-12-31,198000000,2011-03-26,OperatingIncomeLoss,2026-08-25
AEE,receivables,2010-12-31,517000000,2011-03-26,AccountsReceivableNetCurrent,2026-08-25
AEE,revenue,2010-12-31,1706000000,2011-03-26,Revenues,2026-08-25
AEE,shares,2010-12-31,240400000,2011-03-26,CommonStockSharesOutstanding,2026-08-25
AEP,assets,2010-12-31,50455000000,2011-03-26,Assets,2026-08-25
AEP,cash,2010-12-31,294000000,2011-03-26,CashAndCashEquivalentsAtCarryingValue,2026-08-25
AEP,debt,2010-12-31,15502000000,2011-03-26,LongTermDebtNoncurrent,2026-08-25
AEP,equity,2010-12-31,13622000000,2011-03-26,StockholdersEquity,2026-08-25
AEP,liabilities,2010-12-31,36773000000,2011-03-26,Liabilities,2026-08-25
AEP,operatingIncome,2010-12-31,486000000,2011-03-26,OperatingIncomeLoss,2026-08-25
AEP,receivables,2010-12-31,1923000000,2011-03-26,AccountsReceivableNetCurrent,2026-08-25
AEP,revenue,2010-12-31,3434000000,2011-03-26,Revenues,2026-08-25
AES,assets,2010-12-31,40511000000,2011-03-26,Assets,2026-08-25
AES,cash,2010-12-31,2360000000,2011-03-26,CashAndCashEquivalentsAtCarryingValue,2026-08-25
AES,equity,2010-12-31,6473000000,2011-03-26,StockholdersEquity,2026-08-25
AES,grossProfit,2010-12-31,1008000000,2011-03-26,GrossProfit,2026-08-25
AES,inventory,2010-12-31,549000000,2011-03-26,InventoryNet,2026-08-25
AES,netIncome,2010-12-31,-436000000,2011-03-26,NetIncomeLoss,2026-08-25
AES,receivables,2010-12-31,2244000000,2011-03-26,AccountsReceivableNetCurrent,2026-08-25
AES,shares,2010-12-31,787607240,2011-03-26,CommonStockSharesOutstanding,2026-08-25
AFL,assets,2010-12-31,100243000000,2011-03-26,Assets,2026-08-25
AFL,cash,2010-12-31,2121000000,2011-03-26,CashAndCashEquivalentsAtCarryingValue,2026-08-25
AFL,equity,2010-12-31,10540000000,2011-03-26,StockholdersEquity,2026-08-25
AFL,liabilities,2010-12-31,89983000000,2011-03-26,Liabilities,2026-08-25
AFL,revenue,2010-12-31,5294000000,2011-03-26,Revenues,2026-08-25
AFL,shares,2010-12-31,469661000,2011-03-26,CommonStockSharesOutstanding,2026-08-25
AIG,assets,2010-12-31,675573000000,2011-03-26,Assets,2026-08-25
AIG,equity,2010-12-31,78856000000,2011-03-26,StockholdersEquity,2026-08-25
AIG,liabilities,2010-12-31,568363000000,2011-03-26,Liabilities,2026-08-25
AIG,netIncome,2010-12-31,13853000000,2011-03-26,NetIncomeLoss,2026-08-25
AIG,revenue,2010-12-31,21203000000,2011-03-26,Revenues,2026-08-25
AIZ,assets,2010-12-31,26345501000,2011-03-26,Assets,2026-08-25
AIZ,cash,2010-12-31,1150516000,2011-03-26,CashAndCashEquivalentsAtCarryingValue,2026-08-25
AIZ,equity,2010-12-31,4633136000,2011-03-26,StockholdersEquity,2026-08-25
AIZ,liabilities,2010-12-31,21712365000,2011-03-26,Liabilities,2026-08-25
AIZ,netIncome,2010-12-31,-184391000,2011-03-26,NetIncomeLoss,2026-08-25
AIZ,revenue,2010-12-31,2105601000,2011-03-26,Revenues,2026-08-25
AIZ,shares,2010-12-31,102000371,2011-03-26,CommonStockSharesOutstanding,2026-08-25
AJG,assets,2010-12-31,3596000000,2011-03-26,Assets,2026-08-25
AJG,cash,2010-12-31,249800000,2011-03-26,CashAndCashEquivalentsAtCarryingValue,2026-08-25
AJG,debt,2010-12-31,550000000,2011-03-26,LongTermDebtNoncurrent,2026-08-25
AJG,equity,2010-12-31,1106700000,2011-03-26,StockholdersEquity,2026-08-25
AJG,liabilities,2010-12-31,2489300000,2011-03-26,Liabilities,2026-08-25
AJG,netIncome,2010-12-31,54700000,2011-03-26,NetIncomeLoss,2026-08-25
AJG,revenue,2010-12-31,459100000,2011-03-26,Revenues,2026-08-25
AJG,shares,2010-12-31,108400000,2011-03-26,CommonStockSharesOutstanding,2026-08-25
AKAM,assets,2010-12-31,2352676000,2011-03-26,Assets,2026-08-25
AKAM,cash,2010-12-31,231866000,2011-03-26,CashAndCashEquivalentsAtCarryingValue,2026-08-25
AKAM,equity,2010-12-31,2177605000,2011-03-26,StockholdersEquity,2026-08-25
AKAM,liabilities,2010-12-31,175071000,2011-03-26,Liabilities,2026-08-25
AKAM,netIncome,2010-12-31,52510000,2011-03-26,NetIncomeLoss,2026-08-25
AKAM,receivables,2010-12-31,175366000,2011-03-26,AccountsReceivableNetCurrent,2026-08-25
AKAM,revenue,2010-12-31,284688000,2011-03-26,Revenues,2026-08-25
AKAM,shares,2010-12-31,186603380,2011-03-26,CommonStockSharesOutstanding,2026-08-25
ALB,assets,2010-12-31,3068081000,2011-03-26,Assets,2026-08-25
ALB,cash,2010-12-31,529650000,2011-03-26,CashAndCashEquivalentsAtCarryingValue,2026-08-25
ALB,debt,2010-12-31,851927000,2011-03-26,LongTermDebtNoncurrent,2026-08-25
ALB,equity,2010-12-31,1416074000,2011-03-26,StockholdersEquity,2026-08-25
ALB,grossProfit,2010-12-31,196461000,2011-03-26,GrossProfit,2026-08-25
ALB,inventory,2010-12-31,389210000,2011-03-26,InventoryNet,2026-08-25
ALB,netIncome,2010-12-31,84972000,2011-03-26,NetIncomeLoss,2026-08-25
ALB,receivables,2010-12-31,340888000,2011-03-26,AccountsReceivableNetCurrent,2026-08-25
ALB,revenue,2010-12-31,604975000,2011-03-26,SalesRevenueNet,2026-08-25
ALB,shares,2010-12-31,91594000,2011-03-26,CommonStockSharesOutstanding,2026-08-25
ALGN,assets,2010-12-31,476943000,2011-03-26,Assets,2026-08-25
ALGN,cash,2010-12-31,294664000,2011-03-26,CashAndCashEquivalentsAtCarryingValue,2026-08-25
ALGN,equity,2010-12-31,377747000,2011-03-26,StockholdersEquity,2026-08-25
ALGN,inventory,2010-12-31,2544000,2011-03-26,InventoryNet,2026-08-25
ALGN,liabilities,2010-12-31,99196000,2011-03-26,Liabilities,2026-08-25
ALGN,receivables,2010-12-31,65430000,2011-03-26,AccountsReceivableNetCurrent,2026-08-25
ALGN,shares,2010-12-31,76390000,2011-03-26,CommonStockSharesOutstanding,2026-08-25
ALL,assets,2010-12-31,130500000000,2011-03-26,Assets,2026-08-25
ALL,debt,2010-12-31,5908000000,2011-03-26,LongTermDebt,2026-08-25
ALL,equity,2010-12-31,18617000000,2011-03-26,StockholdersEquity,2026-08-25
ALL,liabilities,2010-12-31,111855000000,2011-03-26,Liabilities,2026-08-25
ALL,netIncome,2010-12-31,293000000,2011-03-26,NetIncomeLoss,2026-08-25
ALL,revenue,2010-12-31,8087000000,2011-03-26,Revenues,2026-08-25
ALL,shares,2010-12-31,533000000,2011-03-26,CommonStockSharesOutstanding,2026-08-25
AMAT,assets,2010-10-31,10943000000,2010-12-20,Assets,2026-08-25
AMAT,cash,2010-10-31,1858000000,2010-12-20,CashAndCashEquivalentsAtCarryingValue,2026-08-25
AMAT,debt,2010-10-31,204000000,2010-12-20,LongTermDebtNoncurrent,2026-08-25
AMAT,equity,2010-10-31,7536000000,2010-12-20,StockholdersEquity,2026-08-25
AMAT,grossProfit,2010-10-31,1217000000,2010-12-20,GrossProfit,2026-08-25
AMAT,inventory,2010-10-31,1547000000,2010-12-20,InventoryNet,2026-08-25
AMAT,liabilities,2010-10-31,3407000000,2010-12-20,Liabilities,2026-08-25
AMAT,netIncome,2010-10-31,468000000,2010-12-20,NetIncomeLoss,2026-08-25
AMAT,receivables,2010-10-31,1831000000,2010-12-20,AccountsReceivableNetCurrent,2026-08-25
AMAT,revenue,2010-10-31,2886000000,2010-12-20,SalesRevenueNet,2026-08-25
AMAT,shares,2010-10-31,1328000000,2010-12-20,CommonStockSharesOutstanding,2026-08-25
AMD,assets,2010-12-25,4964000000,2011-03-20,Assets,2026-08-25
AMD,cash,2010-12-25,606000000,2011-03-20,CashAndCashEquivalentsAtCarryingValue,2026-08-25
AMD,equity,2010-12-25,1013000000,2011-03-20,StockholdersEquity,2026-08-25
AMD,grossProfit,2010-12-25,743000000,2011-03-20,GrossProfit,2026-08-25
AMD,inventory,2010-12-25,632000000,2011-03-20,InventoryNet,2026-08-25
AMD,operatingIncome,2010-12-25,413000000,2011-03-20,OperatingIncomeLoss,2026-08-25
AMD,receivables,2010-12-25,968000000,2011-03-20,AccountsReceivableNetCurrent,2026-08-25
AMD,rnd,2010-12-25,352000000,2011-03-20,ResearchAndDevelopmentExpense,2026-08-25
AMD,shares,2010-12-25,683000000,2011-03-20,CommonStockSharesOutstanding,2026-08-25
AME,assets,2010-12-31,3818915000,2011-03-26,Assets,2026-08-25
AME,cash,2010-12-31,163208000,2011-03-26,CashAndCashEquivalentsAtCarryingValue,2026-08-25
AME,debt,2010-12-31,1071360000,2011-03-26,LongTermDebtNoncurrent,2026-08-25
AME,equity,2010-12-31,1775204000,2011-03-26,StockholdersEquity,2026-08-25
AME,inventory,2010-12-31,335253000,2011-03-26,InventoryNet,2026-08-25
AME,liabilities,2010-12-31,2043711000,2011-03-26,Liabilities,2026-08-25
AME,netIncome,2010-12-31,81239000,2011-03-26,NetIncomeLoss,2026-08-25
AME,operatingIncome,2010-12-31,135524000,2011-03-26,OperatingIncomeLoss,2026-08-25
AME,revenue,2010-12-31,677975000,2011-03-26,SalesRevenueNet,2026-08-25
AME,shares,2010-12-31,160700000,2011-03-26,CommonStockSharesOutstanding,2026-08-25
AMGN,assets,2010-12-31,43486000000,2011-03-26,Assets,2026-08-25
AMGN,cash,2010-12-31,3287000000,2011-03-26,CashAndCashEquivalentsAtCarryingValue,2026-08-25
AMGN,debt,2010-12-31,10874000000,2011-03-26,LongTermDebtNoncurrent,2026-08-25
AMGN,equity,2010-12-31,23944000000,2011-03-26,StockholdersEquity,2026-08-25
AMGN,grossProfit,2010-12-31,3188000000,2011-03-26,GrossProfit,2026-08-25
AMGN,inventory,2010-12-31,2022000000,2011-03-26,InventoryNet,2026-08-25
AMGN,netIncome,2010-12-31,1022000000,2011-03-26,NetIncomeLoss,2026-08-25
AMGN,receivables,2010-12-31,2335000000,2011-03-26,AccountsReceivableNetCurrent,2026-08-25
AMGN,shares,2010-12-31,932100000,2011-03-26,CommonStockSharesOutstanding,2026-08-25
AMP,assets,2010-12-31,131214000000,2011-03-26,Assets,2026-08-25
AMP,cash,2010-12-31,2861000000,2011-03-26,CashAndCashEquivalentsAtCarryingValue,2026-08-25
AMP,equity,2010-12-31,10725000000,2011-03-26,StockholdersEquity,2026-08-25
AMP,liabilities,2010-12-31,119929000000,2011-03-26,Liabilities,2026-08-25
AMP,netIncome,2010-12-31,280000000,2011-03-26,NetIncomeLoss,2026-08-25
AMT,assets,2010-12-31,10370084000,2011-03-26,Assets,2026-08-25
AMT,cash,2010-12-31,883963000,2011-03-26,CashAndCashEquivalentsAtCarryingValue,2026-08-25
AMT,debt,2010-12-31,5512492000,2011-03-26,LongTermDebtNoncurrent,2026-08-25
AMT,equity,2010-12-31,3501444000,2011-03-26,StockholdersEquity,2026-08-25
AMT,liabilities,2010-12-31,6865526000,2011-03-26,Liabilities,2026-08-25
AMT,netIncome,2010-12-31,83514000,2011-03-26,NetIncomeLoss,2026-08-25
AMT,operatingIncome,2010-12-31,203441000,2011-03-26,OperatingIncomeLoss,2026-08-25
AMT,receivables,2010-12-31,81479000,2011-03-26,AccountsReceivableNetCurrent,2026-08-25
AMT,revenue,2010-12-31,547642000,2011-03-26,SalesRevenueNet,2026-08-25
AMT,shares,2010-12-31,398677234,2011-03-26,CommonStockSharesOutstanding,2026-08-25
AMZN,assets,2010-12-31,18797000000,2011-03-26,Assets,2026-08-25
AMZN,cash,2010-12-31,3777000000,2011-03-26,CashAndCashEquivalentsAtCarryingValue,2026-08-25
AMZN,debt,2010-12-31,184000000,2011-03-26,LongTermDebtNoncurrent,2026-08-25
AMZN,equity,2010-12-31,6864000000,2011-03-26,StockholdersEquity,2026-08-25
AMZN,inventory,2010-12-31,3202000000,2011-03-26,InventoryNet,2026-08-25
AMZN,netIncome,2010-12-31,416000000,2011-03-26,NetIncomeLoss,2026-08-25
AMZN,receivables,2010-12-31,1587000000,2011-03-26,AccountsReceivableNetCurrent,2026-08-25
AMZN,revenue,2010-12-31,12948000000,2011-03-26,SalesRevenueNet,2026-08-25
AMZN,shares,2010-12-31,451000000,2011-03-26,CommonStockSharesOutstanding,2026-08-25
AON,assets,2010-12-31,28982000000,2011-03-26,Assets,2026-08-25
AON,cash,2010-12-31,346000000,2011-03-26,CashAndCashEquivalentsAtCarryingValue,2026-08-25
AON,debt,2010-12-31,4014000000,2011-03-26,LongTermDebtNoncurrent,2026-08-25
AON,equity,2010-12-31,8251000000,2011-03-26,StockholdersEquity,2026-08-25
AON,liabilities,2010-12-31,20676000000,2011-03-26,Liabilities,2026-08-25
AON,netIncome,2010-12-31,231000000,2011-03-26,NetIncomeLoss,2026-08-25
AON,operatingIncome,2010-12-31,422000000,2011-03-26,OperatingIncomeLoss,2026-08-25
AON,receivables,2010-12-31,2701000000,2011-03-26,AccountsReceivableNetCurrent,2026-08-25
AON,revenue,2010-12-31,2909000000,2011-03-26,Revenues,2026-08-25
AON,shares,2010-12-31,332300000,2011-03-26,CommonStockSharesOutstanding,2026-08-25
AOS,assets,2010-12-31,2110600000,2011-03-26,Assets,2026-08-25
AOS,cash,2010-12-31,118900000,2011-03-26,CashAndCashEquivalentsAtCarryingValue,2026-08-25
AOS,debt,2010-12-31,242400000,2011-03-26,LongTermDebtNoncurrent,2026-08-25
AOS,grossProfit,2010-12-31,116300000,2011-03-26,GrossProfit,2026-08-25
AOS,inventory,2010-12-31,146800000,2011-03-26,InventoryNet,2026-08-25
AOS,liabilities,2010-12-31,1229200000,2011-03-26,Liabilities,2026-08-25
AOS,netIncome,2010-12-31,32200000,2011-03-26,NetIncomeLoss,2026-08-25
APD,assets,2010-12-31,13459700000,2011-03-26,Assets,2026-08-25
APD,capex,2010-12-31,306900000,2011-03-26,PaymentsToAcquirePropertyPlantAndEquipment,2026-08-25
APD,cash,2010-12-31,247200000,2011-03-26,CashAndCashEquivalentsAtCarryingValue,2026-08-25
APD,debt,2010-12-31,3617400000,2011-03-26,LongTermDebtNoncurrent,2026-08-25
APD,equity,2010-12-31,5810000000,2011-03-26,StockholdersEquity,2026-08-25
APD,grossProfit,2010-12-31,622900000,2011-03-26,GrossProfit,2026-08-25
APD,inventory,2010-12-31,584500000,2011-03-26,InventoryNet,2026-08-25
APD,liabilities,2010-12-31,7482500000,2011-03-26,Liabilities,2026-08-25
APD,netIncome,2010-12-31,268600000,2011-03-26,NetIncomeLoss,2026-08-25
APD,operatingCashFlow,2010-12-31,336600000,2011-03-26,NetCashProvidedByUsedInOperatingActivities,2026-08-25
APD,operatingIncome,2010-12-31,331200000,2011-03-26,OperatingIncomeLoss,2026-08-25
APD,receivables,2010-12-31,1485700000,2011-03-26,AccountsReceivableNetCurrent,2026-08-25
APD,revenue,2010-12-31,2292500000,2011-03-26,SalesRevenueNet,2026-08-25
APD,rnd,2010-12-31,29200000,2011-03-26,ResearchAndDevelopmentExpense,2026-08-25
APH,assets,2010-12-31,4015857000,2011-03-26,Assets,2026-08-25
APH,cash,2010-12-31,525888000,2011-03-26,CashAndCashEquivalentsAtCarryingValue,2026-08-25
APH,debt,2010-12-31,799640000,2011-03-26,LongTermDebtNoncurrent,2026-08-25
APH,equity,2010-12-31,2320855000,2011-03-26,StockholdersEquity,2026-08-25
APH,grossProfit,2010-12-31,310020000,2011-03-26,GrossProfit,2026-08-25
APH,inventory,2010-12-31,549169000,2011-03-26,InventoryNet,2026-08-25
APH,netIncome,2010-12-31,131113000,2011-03-26,NetIncomeLoss,2026-08-25
APH,operatingIncome,2010-12-31,190554000,2011-03-26,OperatingIncomeLoss,2026-08-25
APH,receivables,2010-12-31,718545000,2011-03-26,AccountsReceivableNetCurrent,2026-08-25
APH,shares,2010-12-31,175550683,2011-03-26,CommonStockSharesOutstanding,2026-08-25
APTV,cash,2010-12-31,3219000000,2011-03-26,CashAndCashEquivalentsAtCarryingValue,2026-08-25
ARE,assets,2010-12-31,5905861000,2011-03-26,Assets,2026-08-25
ARE,cash,2010-12-31,91232000,2011-03-26,CashAndCashEquivalentsAtCarryingValue,2026-08-25
ARE,equity,2010-12-31,2928825000,2011-03-26,StockholdersEquity,2026-08-25
ARE,liabilities,2010-12-31,2919533000,2011-03-26,Liabilities,2026-08-25
ARE,shares,2010-12-31,54966925,2011-03-26,CommonStockSharesOutstanding,2026-08-25
ATO,assets,2010-12-31,7221623,2011-03-26,Assets,2026-08-25
ATO,capex,2010-12-31,123162000,2011-03-26,PaymentsToAcquireProductiveAssets,2026-08-25
ATO,cash,2010-12-31,129892000,2011-03-26,CashAndCashEquivalentsAtCarryingValue,2026-08-25
ATO,debt,2010-12-31,1807319,2011-03-26,LongTermDebtNoncurrent,2026-08-25
ATO,equity,2010-12-31,2274853,2011-03-26,StockholdersEquity,2026-08-25
ATO,grossProfit,2010-12-31,357582000,2011-03-26,GrossProfit,2026-08-25
ATO,netIncome,2010-12-31,73997000,2011-03-26,NetIncomeLoss,2026-08-25
ATO,operatingCashFlow,2010-12-31,45824000,2011-03-26,NetCashProvidedByUsedInOperatingActivities,2026-08-25
ATO,operatingIncome,2010-12-31,150773000,2011-03-26,OperatingIncomeLoss,2026-08-25
ATO,receivables,2010-12-31,564934,2011-03-26,AccountsReceivableNetCurrent,2026-08-25
AVY,assets,2010-10-02,5213200000,2010-11-21,Assets,2026-08-25
AVY,cash,2010-10-02,157800000,2010-11-21,CashAndCashEquivalentsAtCarryingValue,2026-08-25
AVY,equity,2010-10-02,1532000000,2010-11-21,StockholdersEquity,2026-08-25
AVY,grossProfit,2010-10-02,371300000,2010-11-21,GrossProfit,2026-08-25
AVY,inventory,2010-10-02,576200000,2010-11-21,InventoryNet,2026-08-25
AVY,netIncome,2010-10-02,64200000,2010-11-21,NetIncomeLoss,2026-08-25
AVY,receivables,2010-10-02,1079200000,2010-11-21,AccountsReceivableNetCurrent,2026-08-25
AVY,revenue,2010-10-02,1429600000,2010-11-21,SalesRevenueNet,2026-08-25
AVY,rnd,2010-10-02,23400000,2010-11-21,ResearchAndDevelopmentExpense,2026-08-25
AVY,shares,2010-10-02,105833213,2010-11-21,CommonStockSharesOutstanding,2026-08-25
AWK,assets,2010-12-31,14086246000,2011-03-26,Assets,2026-08-25
AWK,cash,2010-12-31,13112000,2011-03-26,CashAndCashEquivalentsAtCarryingValue,2026-08-25
AWK,debt,2010-12-31,5394135000,2011-03-26,LongTermDebtNoncurrent,2026-08-25
AWK,equity,2010-12-31,4127725000,2011-03-26,StockholdersEquity,2026-08-25
AWK,netIncome,2010-12-31,40154000,2011-03-26,NetIncomeLoss,2026-08-25
AWK,operatingIncome,2010-12-31,149444000,2011-03-26,OperatingIncomeLoss,2026-08-25
AWK,revenue,2010-12-31,625773000,2011-03-26,Revenues,2026-08-25
AWK,shares,2010-12-31,174996000,2011-03-26,CommonStockSharesOutstanding,2026-08-25
AXON,assets,2010-12-31,136186935,2011-03-26,Assets,2026-08-25
AXON,cash,2010-12-31,42684000,2011-03-26,CashAndCashEquivalentsAtCarryingValue,2026-08-25
AXON,equity,2010-12-31,117564000,2011-03-26,StockholdersEquity,2026-08-25
AXON,inventory,2010-12-31,17815405,2011-03-26,InventoryNet,2026-08-25
AXON,liabilities,2010-12-31,18622694,2011-03-26,Liabilities,2026-08-25
AXON,receivables,2010-12-31,13542535,2011-03-26,AccountsReceivableNetCurrent,2026-08-25
AXON,shares,2010-12-31,62621268,2011-03-26,CommonStockSharesOutstanding,2026-08-25
AXP,assets,2010-12-31,146689000000,2011-03-26,Assets,2026-08-25
AXP,cash,2010-12-31,654000000,2011-03-26,CashAndCashEquivalentsAtCarryingValue,2026-08-25
AXP,debt,2010-12-31,66416000000,2011-03-26,LongTermDebt,2026-08-25
AXP,equity,2010-12-31,18794000000,2011-03-26,StockholdersEquity,2026-08-25
AXP,liabilities,2010-12-31,130459000000,2011-03-26,Liabilities,2026-08-25
AXP,netIncome,2010-12-31,1062000000,2011-03-26,NetIncomeLoss,2026-08-25
AXP,shares,2010-12-31,1197000000,2011-03-26,CommonStockSharesOutstanding,2026-08-25
AZO,assets,2010-11-20,5640489000,2011-02-13,Assets,2026-08-25
AZO,buybacks,2010-11-20,299655000,2011-02-13,PaymentsForRepurchaseOfCommonStock,2026-08-25
AZO,capex,2010-11-20,45811000,2011-02-13,PaymentsToAcquirePropertyPlantAndEquipment,2026-08-25
AZO,cash,2010-11-20,98013000,2011-02-13,CashAndCashEquivalentsAtCarryingValue,2026-08-25
AZO,debt,2010-11-20,2845700000,2011-02-13,LongTermDebtNoncurrent,2026-08-25
AZO,equity,2010-11-20,-817168000,2011-02-13,StockholdersEquity,2026-08-25
AZO,grossProfit,2010-11-20,907748000,2011-02-13,GrossProfit,2026-08-25
AZO,netIncome,2010-11-20,172076000,2011-02-13,NetIncomeLoss,2026-08-25
AZO,operatingCashFlow,2010-11-20,357353000,2011-02-13,NetCashProvidedByUsedInOperatingActivities,2026-08-25
AZO,operatingIncome,2010-11-20,306121000,2011-02-13,OperatingIncomeLoss,2026-08-25
AZO,receivables,2010-11-20,116645000,2011-02-13,AccountsReceivableNetCurrent,2026-08-25
AZO,revenue,2010-11-20,1791662000,2011-02-13,SalesRevenueNet,2026-08-25
AZO,shares,2010-11-20,44027000,2011-02-13,CommonStockSharesOutstanding,2026-08-25
BA,assets,2010-12-31,68565000000,2011-03-26,Assets,2026-08-25
BA,cash,2010-12-31,5359000000,2011-03-26,CashAndCashEquivalentsAtCarryingValue,2026-08-25
BA,equity,2010-12-31,2766000000,2011-03-26,StockholdersEquity,2026-08-25
BA,liabilities,2010-12-31,65703000000,2011-03-26,Liabilities,2026-08-25
BA,netIncome,2010-12-31,1164000000,2011-03-26,NetIncomeLoss,2026-08-25
BA,operatingIncome,2010-12-31,1103000000,2011-03-26,OperatingIncomeLoss,2026-08-25
BA,receivables,2010-12-31,5422000000,2011-03-26,AccountsReceivableNetCurrent,2026-08-25
BA,revenue,2010-12-31,16550000000,2011-03-26,Revenues,2026-08-25
BA,shares,2010-12-31,1012261159,2011-03-26,CommonStockSharesOutstanding,2026-08-25
BAC,assets,2010-12-31,2264909000000,2011-03-26,Assets,2026-08-25
BAC,cash,2010-12-31,108427000000,2011-03-26,CashAndCashEquivalentsAtCarryingValue,2026-08-25
BAC,debt,2010-12-31,448431000000,2011-03-26,LongTermDebt,2026-08-25
BAC,equity,2010-12-31,228248000000,2011-03-26,StockholdersEquity,2026-08-25
BAC,liabilities,2010-12-31,2036661000000,2011-03-26,Liabilities,2026-08-25
BAC,shares,2010-12-31,10085154806,2011-03-26,CommonStockSharesOutstanding,2026-08-25
BALL,assets,2010-12-31,6927700000,2011-03-26,Assets,2026-08-25
BALL,cash,2010-12-31,152000000,2011-03-26,CashAndCashEquivalentsAtCarryingValue,2026-08-25
BALL,debt,2010-12-31,2701600000,2011-03-26,LongTermDebtNoncurrent,2026-08-25
BALL,equity,2010-12-31,1518000000,2011-03-26,StockholdersEquity,2026-08-25
BALL,grossProfit,2010-12-31,289000000,2011-03-26,GrossProfit,2026-08-25
BALL,inventory,2010-12-31,1083900000,2011-03-26,InventoryNet,2026-08-25
BALL,liabilities,2010-12-31,5269600000,2011-03-26,Liabilities,2026-08-25
BALL,receivables,2010-12-31,774300000,2011-03-26,AccountsReceivableNetCurrent,2026-08-25
BALL,revenue,2010-12-31,1995200000,2011-03-26,SalesRevenueNet,2026-08-25
BAX,assets,2010-12-31,17489000000,2011-03-26,Assets,2026-08-25
BAX,cash,2010-12-31,2685000000,2011-03-26,CashAndCashEquivalentsAtCarryingValue,2026-08-25
BAX,equity,2010-12-31,6567000000,2011-03-26,StockholdersEquity,2026-08-25
BAX,grossProfit,2010-12-31,1618000000,2011-03-26,GrossProfit,2026-08-25
BAX,inventory,2010-12-31,2371000000,2011-03-26,InventoryNet,2026-08-25
BAX,netIncome,2010-12-31,423000000,2011-03-26,NetIncomeLoss,2026-08-25
BAX,revenue,2010-12-31,3498000000,2011-03-26,SalesRevenueNet,2026-08-25
BBY,assets,2010-11-27,22352000000,2011-02-20,Assets,2026-08-25
BBY,cash,2010-11-27,925000000,2011-02-20,CashAndCashEquivalentsAtCarryingValue,2026-08-25
BBY,debt,2010-11-27,1134000000,2011-02-20,LongTermDebt,2026-08-25
BBY,equity,2010-11-27,6001000000,2011-02-20,StockholdersEquity,2026-08-25
BBY,grossProfit,2010-11-27,2962000000,2011-02-20,GrossProfit,2026-08-25
BBY,inventory,2010-11-27,10064000000,2011-02-20,InventoryNet,2026-08-25
BBY,netIncome,2010-11-27,217000000,2011-02-20,NetIncomeLoss,2026-08-25
BBY,operatingIncome,2010-11-27,433000000,2011-02-20,OperatingIncomeLoss,2026-08-25
BBY,revenue,2010-11-27,11774000000,2011-02-20,SalesRevenueNet,2026-08-25
BBY,shares,2010-11-27,394067000,2011-02-20,CommonStockSharesOutstanding,2026-08-25
BDX,assets,2010-12-31,10071270000,2011-03-26,Assets,2026-08-25
BDX,buybacks,2010-12-31,836891000,2011-03-26,PaymentsForRepurchaseOfCommonStock,2026-08-25
BDX,capex,2010-12-31,79842000,2011-03-26,PaymentsToAcquirePropertyPlantAndEquipment,2026-08-25
BDX,cash,2010-12-31,1249355000,2011-03-26,CashAndCashEquivalentsAtCarryingValue,2026-08-25
BDX,equity,2010-12-31,4877933000,2011-03-26,StockholdersEquity,2026-08-25
BDX,inventory,2010-12-31,1195477000,2011-03-26,InventoryNet,2026-08-25
BDX,operatingCashFlow,2010-12-31,469743000,2011-03-26,NetCashProvidedByUsedInOperatingActivitiesContinuingOperations,2026-08-25
BDX,operatingIncome,2010-12-31,413078000,2011-03-26,OperatingIncomeLoss,2026-08-25
BDX,revenue,2010-12-31,1842005000,2011-03-26,SalesRevenueNet,2026-08-25
BDX,rnd,2010-12-31,115542000,2011-03-26,ResearchAndDevelopmentExpense,2026-08-25
BEN,assets,2010-12-31,12391955000,2011-03-26,Assets,2026-08-25
BEN,buybacks,2010-12-31,198536000,2011-03-26,PaymentsForRepurchaseOfCommonStock,2026-08-25
BEN,capex,2010-12-31,54003000,2011-03-26,PaymentsToAcquirePropertyPlantAndEquipment,2026-08-25
BEN,cash,2010-12-31,4101724000,2011-03-26,CashAndCashEquivalentsAtCarryingValue,2026-08-25
BEN,debt,2010-12-31,898971000,2011-03-26,LongTermDebt,2026-08-25
BEN,equity,2010-12-31,8129728000,2011-03-26,StockholdersEquity,2026-08-25
BEN,liabilities,2010-12-31,4238432000,2011-03-26,Liabilities,2026-08-25
BEN,netIncome,2010-12-31,501157000,2011-03-26,NetIncomeLoss,2026-08-25
BEN,operatingCashFlow,2010-12-31,245776000,2011-03-26,NetCashProvidedByUsedInOperatingActivities,2026-08-25
BEN,operatingIncome,2010-12-31,659234000,2011-03-26,OperatingIncomeLoss,2026-08-25
BEN,revenue,2010-12-31,1700313000,2011-03-26,Revenues,2026-08-25
BEN,shares,2010-12-31,223293744,2011-03-26,CommonStockSharesOutstanding,2026-08-25
BF-B,assets,2010-10-31,3440100000,2010-12-20,Assets,2026-08-25
BF-B,cash,2010-10-31,155700000,2010-12-20,CashAndCashEquivalentsAtCarryingValue,2026-08-25
BF-B,debt,2010-10-31,508500000,2010-12-20,LongTermDebtNoncurrent,2026-08-25
BF-B,equity,2010-10-31,1975400000,2010-12-20,StockholdersEquity,2026-08-25
BF-B,grossProfit,2010-10-31,458800000,2010-12-20,GrossProfit,2026-08-25
BF-B,inventory,2010-10-31,698900000,2010-12-20,InventoryNet,2026-08-25
BF-B,liabilities,2010-10-31,1464700000,2010-12-20,Liabilities,2026-08-25
BF-B,netIncome,2010-10-31,154000000,2010-12-20,NetIncomeLoss,2026-08-25
BF-B,operatingIncome,2010-10-31,235000000,2010-12-20,OperatingIncomeLoss,2026-08-25
BF-B,receivables,2010-10-31,544000000,2010-12-20,AccountsReceivableNetCurrent,2026-08-25
BIIB,assets,2010-12-31,8092493000,2011-03-26,Assets,2026-08-25
BIIB,cash,2010-12-31,759598000,2011-03-26,CashAndCashEquivalentsAtCarryingValue,2026-08-25
BIIB,debt,2010-12-31,1035200000,2011-03-26,LongTermDebt,2026-08-25
BIIB,equity,2010-12-31,5396506000,2011-03-26,StockholdersEquity,2026-08-25
BIIB,grossProfit,2010-12-31,1118800000,2011-03-26,GrossProfit,2026-08-25
BIIB,inventory,2010-12-31,289066000,2011-03-26,InventoryNet,2026-08-25
BIIB,liabilities,2010-12-31,2643050000,2011-03-26,Liabilities,2026-08-25
BIIB,netIncome,2010-12-31,240300000,2011-03-26,NetIncomeLoss,2026-08-25
BIIB,receivables,2010-12-31,605329000,2011-03-26,AccountsReceivableNetCurrent,2026-08-25
BIIB,revenue,2010-12-31,1219000000,2011-03-26,Revenues,2026-08-25
BIIB,shares,2010-12-31,240538000,2011-03-26,CommonStockSharesOutstanding,2026-08-25
BKNG,assets,2010-12-31,2905953000,2011-03-26,Assets,2026-08-25
BKNG,cash,2010-12-31,358967000,2011-03-26,CashAndCashEquivalentsAtCarryingValue,2026-08-25
BKNG,equity,2010-12-31,1813336000,2011-03-26,StockholdersEquity,2026-08-25
BKNG,grossProfit,2010-12-31,478413000,2011-03-26,GrossProfit,2026-08-25
BKNG,liabilities,2010-12-31,1046828000,2011-03-26,Liabilities,2026-08-25
BKNG,netIncome,2010-12-31,135729000,2011-03-26,NetIncomeLoss,2026-08-25
BKNG,receivables,2010-12-31,162426000,2011-03-26,AccountsReceivableNetCurrent,2026-08-25
BKNG,revenue,2010-12-31,731316000,2011-03-26,SalesRevenueNet,2026-08-25
BLDR,assets,2010-12-31,412804000,2011-03-26,Assets,2026-08-25
BLDR,cash,2010-12-31,103234000,2011-03-26,CashAndCashEquivalentsAtCarryingValue,2026-08-25
BLDR,debt,2010-12-31,163801000,2011-03-26,LongTermDebtNoncurrent,2026-08-25
BLDR,equity,2010-12-31,159505000,2011-03-26,StockholdersEquity,2026-08-25
BLDR,inventory,2010-12-31,63810000,2011-03-26,InventoryNet,2026-08-25
BLDR,liabilities,2010-12-31,253299000,2011-03-26,Liabilities,2026-08-25
BLDR,receivables,2010-12-31,59691000,2011-03-26,AccountsReceivableNetCurrent,2026-08-25
BLDR,shares,2010-12-31,96769000,2011-03-26,CommonStockSharesOutstanding,2026-08-25
BMY,assets,2010-12-31,31076000000,2011-03-26,Assets,2026-08-25
BMY,cash,2010-12-31,5033000000,2011-03-26,CashAndCashEquivalentsAtCarryingValue,2026-08-25
BMY,debt,2010-12-31,5328000000,2011-03-26,LongTermDebtNoncurrent,2026-08-25
BMY,equity,2010-12-31,15713000000,2011-03-26,StockholdersEquity,2026-08-25
BMY,grossProfit,2010-12-31,3697000000,2011-03-26,GrossProfit,2026-08-25
BMY,inventory,2010-12-31,1204000000,2011-03-26,InventoryNet,2026-08-25
BMY,liabilities,2010-12-31,15438000000,2011-03-26,Liabilities,2026-08-25
BMY,netIncome,2010-12-31,483000000,2011-03-26,NetIncomeLoss,2026-08-25
BMY,receivables,2010-12-31,1985000000,2011-03-26,AccountsReceivableNetCurrent,2026-08-25
BMY,revenue,2010-12-31,5111000000,2011-03-26,SalesRevenueNet,2026-08-25
BNY,assets,2010-12-31,247259000000,2011-03-26,Assets,2026-08-25
BNY,cash,2010-12-31,3675000000,2011-03-26,CashAndCashEquivalentsAtCarryingValue,2026-08-25
BNY,debt,2010-12-31,16517000000,2011-03-26,LongTermDebt,2026-08-25
BNY,equity,2010-12-31,32354000000,2011-03-26,StockholdersEquity,2026-08-25
BNY,liabilities,2010-12-31,214102000000,2011-03-26,Liabilities,2026-08-25
BNY,revenue,2010-12-31,3737000000,2011-03-26,Revenues,2026-08-25
BNY,shares,2010-12-31,1241530195,2011-03-26,CommonStockSharesOutstanding,2026-08-25
BR,assets,2010-12-31,1515000000,2011-03-26,Assets,2026-08-25
BR,cash,2010-12-31,187800000,2011-03-26,CashAndCashEquivalentsAtCarryingValue,2026-08-25
BR,debt,2010-12-31,324200000,2011-03-26,LongTermDebt,2026-08-25
BR,equity,2010-12-31,728700000,2011-03-26,StockholdersEquity,2026-08-25
BR,grossProfit,2010-12-31,85700000,2011-03-26,GrossProfit,2026-08-25
BR,liabilities,2010-12-31,786300000,2011-03-26,Liabilities,2026-08-25
BR,netIncome,2010-12-31,10400000,2011-03-26,NetIncomeLoss,2026-08-25
BR,operatingIncome,2010-12-31,16500000,2011-03-26,OperatingIncomeLoss,2026-08-25
BR,revenue,2010-12-31,442300000,2011-03-26,Revenues,2026-08-25
BR,shares,2010-12-31,124900000,2011-03-26,CommonStockSharesOutstanding,2026-08-25
BRK-B,assets,2010-12-31,372229000000,2011-03-26,Assets,2026-08-25
BRK-B,cash,2010-12-31,38227000000,2011-03-26,CashAndCashEquivalentsAtCarryingValue,2026-08-25
BRK-B,equity,2010-12-31,157318000000,2011-03-26,StockholdersEquity,2026-08-25
BRK-B,inventory,2010-12-31,7101000000,2011-03-26,InventoryNet,2026-08-25
BRK-B,liabilities,2010-12-31,209295000000,2011-03-26,Liabilities,2026-08-25
BRK-B,netIncome,2010-12-31,4377000000,2011-03-26,NetIncomeLoss,2026-08-25
BRK-B,revenue,2010-12-31,36165000000,2011-03-26,Revenues,2026-08-25
BRO,assets,2010-12-31,2400814000,2011-03-26,Assets,2026-08-25
BRO,cash,2010-12-31,272984000,2011-03-26,CashAndCashEquivalentsAtCarryingValue,2026-08-25
BRO,debt,2010-12-31,250067000,2011-03-26,LongTermDebtNoncurrent,2026-08-25
BRO,equity,2010-12-31,1506344000,2011-03-26,StockholdersEquity,2026-08-25
BRO,netIncome,2010-12-31,32146000,2011-03-26,NetIncomeLoss,2026-08-25
BRO,revenue,2010-12-31,229938000,2011-03-26,Revenues,2026-08-25
BRO,shares,2010-12-31,142795000,2011-03-26,CommonStockSharesOutstanding,2026-08-25
BSX,assets,2010-12-31,22128000000,2011-03-26,Assets,2026-08-25
BSX,cash,2010-12-31,213000000,2011-03-26,CashAndCashEquivalentsAtCarryingValue,2026-08-25
BSX,debt,2010-12-31,5450000000,2011-03-26,LongTermDebt,2026-08-25
BSX,grossProfit,2010-12-31,1342000000,2011-03-26,GrossProfit,2026-08-25
BSX,inventory,2010-12-31,894000000,2011-03-26,InventoryNet,2026-08-25
BSX,operatingIncome,2010-12-31,349000000,2011-03-26,OperatingIncomeLoss,2026-08-25
BSX,revenue,2010-12-31,2002000000,2011-03-26,SalesRevenueNet,2026-08-25
BSX,shares,2010-12-31,1520780112,2011-03-26,CommonStockSharesOutstanding,2026-08-25
BX,assets,2010-12-31,18844605000,2011-03-26,Assets,2026-08-25
BX,cash,2010-12-31,588621000,2011-03-26,CashAndCashEquivalentsAtCarryingValue,2026-08-25
BX,liabilities,2010-12-31,10591248000,2011-03-26,Liabilities,2026-08-25
BX,revenue,2010-12-31,1084015000,2011-03-26,Revenues,2026-08-25
BXP,assets,2010-12-31,13348263000,2011-03-26,Assets,2026-08-25
BXP,cash,2010-12-31,478948000,2011-03-26,CashAndCashEquivalentsAtCarryingValue,2026-08-25
BXP,equity,2010-12-31,4372643000,2011-03-26,StockholdersEquity,2026-08-25
BXP,liabilities,2010-12-31,8328418000,2011-03-26,Liabilities,2026-08-25
BXP,netIncome,2010-12-31,-12903000,2011-03-26,NetIncomeLoss,2026-08-25
BXP,revenue,2010-12-31,392482000,2011-03-26,Revenues,2026-08-25
BXP,shares,2010-12-31,140199105,2011-03-26,CommonStockSharesOutstanding,2026-08-25
C,assets,2010-12-31,1913902000000,2011-03-26,Assets,2026-08-25
C,debt,2010-12-31,381183000000,2011-03-26,LongTermDebt,2026-08-25
C,equity,2010-12-31,163468000000,2011-03-26,StockholdersEquity,2026-08-25
C,liabilities,2010-12-31,1748113000000,2011-03-26,Liabilities,2026-08-25
C,netIncome,2010-12-31,1309000000,2011-03-26,NetIncomeLoss,2026-08-25
C,revenue,2010-12-31,18371000000,2011-03-26,Revenues,2026-08-25
CAH,assets,2010-12-31,22849700000,2011-03-26,Assets,2026-08-25
CAH,cash,2010-12-31,1348000000,2011-03-26,CashAndCashEquivalentsAtCarryingValue,2026-08-25
CAH,debt,2010-12-31,2670100000,2011-03-26,LongTermDebt,2026-08-25
CAH,equity,2010-12-31,5421400000,2011-03-26,StockholdersEquity,2026-08-25
CAH,grossProfit,2010-12-31,994200000,2011-03-26,GrossProfit,2026-08-25
CAH,inventory,2010-12-31,8314200000,2011-03-26,InventoryNet,2026-08-25
CAH,netIncome,2010-12-31,215400000,2011-03-26,NetIncomeLoss,2026-08-25
CAH,operatingIncome,2010-12-31,343900000,2011-03-26,OperatingIncomeLoss,2026-08-25
CAH,revenue,2010-12-31,25371800000,2011-03-26,Revenues,2026-08-25
CASY,assets,2010-10-31,1503503000,2010-12-20,Assets,2026-08-25
CASY,cash,2010-10-31,188267000,2010-12-20,CashAndCashEquivalentsAtCarryingValue,2026-08-25
CASY,debt,2010-10-31,679159000,2010-12-20,LongTermDebtNoncurrent,2026-08-25
CASY,equity,2010-10-31,376721000,2010-12-20,StockholdersEquity,2026-08-25
CASY,grossProfit,2010-10-31,227377000,2010-12-20,GrossProfit,2026-08-25
CASY,inventory,2010-10-31,122348000,2010-12-20,InventoryNet,2026-08-25
CASY,liabilities,2010-10-31,1126782000,2010-12-20,Liabilities,2026-08-25
CASY,netIncome,2010-10-31,21692000,2010-12-20,NetIncomeLoss,2026-08-25
CASY,revenue,2010-10-31,1349519000,2010-12-20,SalesRevenueNet,2026-08-25
CAT,assets,2010-12-31,64020000000,2011-03-26,Assets,2026-08-25
CAT,debt,2010-12-31,20437000000,2011-03-26,LongTermDebtNoncurrent,2026-08-25
CAT,grossProfit,2010-12-31,2792000000,2011-03-26,GrossProfit,2026-08-25
CAT,inventory,2010-12-31,9587000000,2011-03-26,InventoryNet,2026-08-25
CAT,liabilities,2010-12-31,52695000000,2011-03-26,Liabilities,2026-08-25
CAT,netIncome,2010-12-31,968000000,2011-03-26,NetIncomeLoss,2026-08-25
CAT,receivables,2010-12-31,8494000000,2011-03-26,AccountsReceivableNetCurrent,2026-08-25
CAT,revenue,2010-12-31,12807000000,2011-03-26,Revenues,2026-08-25
CAT,shares,2010-12-31,638800000,2011-03-26,CommonStockSharesOutstanding,2026-08-25
CB,assets,2010-12-31,83355000000,2011-03-26,Assets,2026-08-25
CB,cash,2010-12-31,772000000,2011-03-26,CashAndCashEquivalentsAtCarryingValue,2026-08-25
CB,debt,2010-12-31,3358000000,2011-03-26,LongTermDebt,2026-08-25
CB,liabilities,2010-12-31,60381000000,2011-03-26,Liabilities,2026-08-25
CB,netIncome,2010-12-31,1001000000,2011-03-26,NetIncomeLoss,2026-08-25
CB,revenue,2010-12-31,4409000000,2011-03-26,Revenues,2026-08-25
CB,shares,2010-12-31,334942852,2011-03-26,CommonStockSharesOutstanding,2026-08-25
CBOE,assets,2010-12-31,254112000,2011-03-26,Assets,2026-08-25
CBOE,cash,2010-12-31,53789000,2011-03-26,CashAndCashEquivalentsAtCarryingValue,2026-08-25
CBOE,liabilities,2010-12-31,78238000,2011-03-26,Liabilities,2026-08-25
CBOE,operatingIncome,2010-12-31,51853000,2011-03-26,OperatingIncomeLoss,2026-08-25
CBOE,receivables,2010-12-31,37746000,2011-03-26,AccountsReceivableNetCurrent,2026-08-25
CBOE,revenue,2010-12-31,117390000,2011-03-26,Revenues,2026-08-25
CBRE,assets,2010-12-31,5121568000,2011-03-26,Assets,2026-08-25
CBRE,cash,2010-12-31,506574000,2011-03-26,CashAndCashEquivalentsAtCarryingValue,2026-08-25
CBRE,debt,2010-12-31,1390236000,2011-03-26,LongTermDebtNoncurrent,2026-08-25
CBRE,equity,2010-12-31,908215000,2011-03-26,StockholdersEquity,2026-08-25
CBRE,liabilities,2010-12-31,4055773000,2011-03-26,Liabilities,2026-08-25
CBRE,netIncome,2010-12-31,95144000,2011-03-26,NetIncomeLoss,2026-08-25
CBRE,operatingIncome,2010-12-31,172933000,2011-03-26,OperatingIncomeLoss,2026-08-25
CBRE,revenue,2010-12-31,1651296000,2011-03-26,Revenues,2026-08-25
CBRE,shares,2010-12-31,323594919,2011-03-26,CommonStockSharesOutstanding,2026-08-25
CCI,assets,2010-12-31,10469529000,2011-03-26,Assets,2026-08-25
CCI,cash,2010-12-31,112531000,2011-03-26,CashAndCashEquivalentsAtCarryingValue,2026-08-25
CCI,equity,2010-12-31,2445373000,2011-03-26,StockholdersEquity,2026-08-25
CCI,liabilities,2010-12-31,7707954000,2011-03-26,Liabilities,2026-08-25
CCI,netIncome,2010-12-31,40873000,2011-03-26,NetIncomeLoss,2026-08-25
CCI,operatingIncome,2010-12-31,156152000,2011-03-26,OperatingIncomeLoss,2026-08-25
CCI,receivables,2010-12-31,59912000,2011-03-26,AccountsReceivableNetCurrent,2026-08-25
CCI,revenue,2010-12-31,496314000,2011-03-26,SalesRevenueNet,2026-08-25
CCI,shares,2010-12-31,290826284,2011-03-26,CommonStockSharesOutstanding,2026-08-25
CCL,assets,2010-11-30,37490000000,2011-02-23,Assets,2026-08-25
CCL,cash,2010-11-30,429000000,2011-02-23,CashAndCashEquivalentsAtCarryingValue,2026-08-25
CCL,debt,2010-11-30,8011000000,2011-02-23,LongTermDebtNoncurrent,2026-08-25
CCL,equity,2010-11-30,23031000000,2011-02-23,StockholdersEquity,2026-08-25
CCL,inventory,2010-11-30,320000000,2011-02-23,InventoryNet,2026-08-25
CDNS,assets,2010-10-02,1705948000,2010-11-21,Assets,2026-08-25
CDNS,cash,2010-10-02,509035000,2010-11-21,CashAndCashEquivalentsAtCarryingValue,2026-08-25
CDNS,equity,2010-10-02,295987000,2010-11-21,StockholdersEquity,2026-08-25
CDNS,inventory,2010-10-02,28486000,2010-11-21,InventoryNet,2026-08-25
CDNS,netIncome,2010-10-02,126753000,2010-11-21,NetIncomeLoss,2026-08-25
CDNS,operatingIncome,2010-10-02,-3083000,2010-11-21,OperatingIncomeLoss,2026-08-25
CDNS,revenue,2010-10-02,237934000,2010-11-21,SalesRevenueNet,2026-08-25
CDW,assets,2010-12-31,5943800000,2011-03-26,Assets,2026-08-25
CDW,cash,2010-12-31,36600000,2011-03-26,CashAndCashEquivalentsAtCarryingValue,2026-08-25
CDW,equity,2010-12-31,-43500000,2011-03-26,StockholdersEquity,2026-08-25
CDW,inventory,2010-12-31,292800000,2011-03-26,InventoryNet,2026-08-25
CDW,receivables,2010-12-31,1091500000,2011-03-26,AccountsReceivableNetCurrent,2026-08-25
CF,assets,2010-12-31,8754000000,2011-03-26,Assets,2026-08-25
CF,cash,2010-12-31,797700000,2011-03-26,CashAndCashEquivalentsAtCarryingValue,2026-08-25
CF,debt,2010-12-31,1954100000,2011-03-26,LongTermDebtNoncurrent,2026-08-25
CF,equity,2010-12-31,4050400000,2011-03-26,StockholdersEquity,2026-08-25
CF,grossProfit,2010-12-31,483900000,2011-03-26,GrossProfit,2026-08-25
CF,inventory,2010-12-31,270300000,2011-03-26,InventoryNet,2026-08-25
CF,revenue,2010-12-31,1237600000,2011-03-26,SalesRevenueNet,2026-08-25
CF,shares,2010-12-31,71267185,2011-03-26,CommonStockSharesOutstanding,2026-08-25
CHD,assets,2010-12-31,2945200000,2011-03-26,Assets,2026-08-25
CHD,cash,2010-12-31,189200000,2011-03-26,CashAndCashEquivalentsAtCarryingValue,2026-08-25
CHD,debt,2010-12-31,249700000,2011-03-26,LongTermDebtNoncurrent,2026-08-25
CHD,equity,2010-12-31,1870700000,2011-03-26,StockholdersEquity,2026-08-25
CHD,grossProfit,2010-12-31,292400000,2011-03-26,GrossProfit,2026-08-25
CHD,inventory,2010-12-31,195400000,2011-03-26,InventoryNet,2026-08-25
CHD,liabilities,2010-12-31,1074300000,2011-03-26,Liabilities,2026-08-25
CHD,netIncome,2010-12-31,47000000,2011-03-26,NetIncomeLoss,2026-08-25
CHD,operatingIncome,2010-12-31,80000000,2011-03-26,OperatingIncomeLoss,2026-08-25
CHD,receivables,2010-12-31,231100000,2011-03-26,AccountsReceivableNetCurrent,2026-08-25
CHD,rnd,2010-10-01,13100000,2010-11-20,ResearchAndDevelopmentExpense,2026-08-25
CHRW,assets,2010-12-31,1995699000,2011-03-26,Assets,2026-08-25
CHRW,cash,2010-12-31,398607000,2011-03-26,CashAndCashEquivalentsAtCarryingValue,2026-08-25
CHRW,equity,2010-12-31,1204068000,2011-03-26,StockholdersEquity,2026-08-25
CHRW,liabilities,2010-12-31,791631000,2011-03-26,Liabilities,2026-08-25
CHRW,netIncome,2010-12-31,103161000,2011-03-26,NetIncomeLoss,2026-08-25
CHRW,operatingIncome,2010-12-31,164065000,2011-03-26,OperatingIncomeLoss,2026-08-25
CHRW,revenue,2010-12-31,2325349000,2011-03-26,Revenues,2026-08-25
CHRW,shares,2010-12-31,166048000,2011-03-26,CommonStockSharesOutstanding,2026-08-25
CHTR,assets,2010-12-31,15707000000,2011-03-26,Assets,2026-08-25
CHTR,cash,2010-12-31,4000000,2011-03-26,CashAndCashEquivalentsAtCarryingValue,2026-08-25
CHTR,debt,2010-12-31,12306000000,2011-03-26,LongTermDebtNoncurrent,2026-08-25
CHTR,equity,2010-12-31,1478000000,2011-03-26,StockholdersEquity,2026-08-25
CHTR,receivables,2010-12-31,247000000,2011-03-26,AccountsReceivableNetCurrent,2026-08-25
CIEN,assets,2010-10-31,2118093000,2010-12-20,Assets,2026-08-25
CIEN,cash,2010-10-31,688687000,2010-12-20,CashAndCashEquivalentsAtCarryingValue,2026-08-25
CIEN,equity,2010-10-31,159293000,2010-12-20,StockholdersEquity,2026-08-25
CIEN,inventory,2010-10-31,261619000,2010-12-20,InventoryNet,2026-08-25
CIEN,liabilities,2010-10-31,1958800000,2010-12-20,Liabilities,2026-08-25
CIEN,receivables,2010-10-31,343582000,2010-12-20,AccountsReceivableNetCurrent,2026-08-25
CIEN,shares,2010-10-31,94060300,2010-12-20,CommonStockSharesOutstanding,2026-08-25
CINF,assets,2010-12-31,15095000000,2011-03-26,Assets,2026-08-25
CINF,cash,2010-12-31,385000000,2011-03-26,CashAndCashEquivalentsAtCarryingValue,2026-08-25
CINF,debt,2010-12-31,790000000,2011-03-26,LongTermDebt,2026-08-25
CINF,equity,2010-12-31,5012000000,2011-03-26,StockholdersEquity,2026-08-25
CINF,liabilities,2010-12-31,10063000000,2011-03-26,Liabilities,2026-08-25
CL,assets,2010-12-31,11172000000,2011-03-26,Assets,2026-08-25
CL,cash,2010-12-31,490000000,2011-03-26,CashAndCashEquivalentsAtCarryingValue,2026-08-25
CL,debt,2010-12-31,2815000000,2011-03-26,LongTermDebtNoncurrent,2026-08-25
CL,equity,2010-12-31,2675000000,2011-03-26,StockholdersEquity,2026-08-25
CL,grossProfit,2010-12-31,2350000000,2011-03-26,GrossProfit,2026-08-25
CL,inventory,2010-12-31,1222000000,2011-03-26,InventoryNet,2026-08-25
CL,liabilities,2010-12-31,8355000000,2011-03-26,Liabilities,2026-08-25
CL,netIncome,2010-12-31,624000000,2011-03-26,NetIncomeLoss,2026-08-25
CL,receivables,2010-12-31,1610000000,2011-03-26,AccountsReceivableNetCurrent,2026-08-25
CL,revenue,2010-12-31,3978000000,2011-03-26,SalesRevenueNet,2026-08-25
CL,shares,2010-12-31,989700934,2011-03-26,CommonStockSharesOutstanding,2026-08-25
CLX,assets,2010-12-31,4158000000,2011-03-26,Assets,2026-08-25
CLX,cash,2010-12-31,379000000,2011-03-26,CashAndCashEquivalentsAtCarryingValue,2026-08-25
CLX,debt,2010-12-31,2125000000,2011-03-26,LongTermDebtNoncurrent,2026-08-25
CLX,equity,2010-12-31,124000000,2011-03-26,StockholdersEquity,2026-08-25
CLX,grossProfit,2010-12-31,492000000,2011-03-26,GrossProfit,2026-08-25
CLX,inventory,2010-12-31,412000000,2011-03-26,InventoryNet,2026-08-25
CLX,liabilities,2010-12-31,4034000000,2011-03-26,Liabilities,2026-08-25
CLX,netIncome,2010-12-31,21000000,2011-03-26,NetIncomeLoss,2026-08-25
CLX,revenue,2010-12-31,1179000000,2011-03-26,SalesRevenueNet,2026-08-25
CLX,rnd,2010-12-31,28000000,2011-03-26,ResearchAndDevelopmentExpense,2026-08-25
CLX,shares,2010-12-31,137610515,2011-03-26,CommonStockSharesOutstanding,2026-08-25
CMCSA,assets,2010-12-31,118534000000,2011-03-26,Assets,2026-08-25
CMCSA,cash,2010-12-31,5984000000,2011-03-26,CashAndCashEquivalentsAtCarryingValue,2026-08-25
CMCSA,equity,2010-12-31,44354000000,2011-03-26,StockholdersEquity,2026-08-25
CMCSA,netIncome,2010-12-31,1018000000,2011-03-26,NetIncomeLoss,2026-08-25
CMCSA,operatingIncome,2010-12-31,2013000000,2011-03-26,OperatingIncomeLoss,2026-08-25
CMCSA,receivables,2010-12-31,1855000000,2011-03-26,AccountsReceivableNetCurrent,2026-08-25
CMCSA,revenue,2010-12-31,9721000000,2011-03-26,Revenues,2026-08-25
CME,assets,2010-12-31,35046100000,2011-03-26,Assets,2026-08-25
CME,cash,2010-12-31,855200000,2011-03-26,CashAndCashEquivalentsAtCarryingValue,2026-08-25
CME,equity,2010-12-31,20060100000,2011-03-26,StockholdersEquity,2026-08-25
CME,liabilities,2010-12-31,14917900000,2011-03-26,Liabilities,2026-08-25
CME,netIncome,2010-12-31,196200000,2011-03-26,NetIncomeLoss,2026-08-25
CME,operatingIncome,2010-12-31,458400000,2011-03-26,OperatingIncomeLoss,2026-08-25
CME,receivables,2010-12-31,297500000,2011-03-26,AccountsReceivableNetCurrent,2026-08-25
CME,revenue,2010-12-31,763200000,2011-03-26,Revenues,2026-08-25
CMG,assets,2010-12-31,1121605000,2011-03-26,Assets,2026-08-25
CMG,cash,2010-12-31,224838000,2011-03-26,CashAndCashEquivalentsAtCarryingValue,2026-08-25
CMG,equity,2010-12-31,810873000,2011-03-26,StockholdersEquity,2026-08-25
CMG,inventory,2010-12-31,7098000,2011-03-26,InventoryNet,2026-08-25
CMG,liabilities,2010-12-31,310732000,2011-03-26,Liabilities,2026-08-25
CMG,netIncome,2010-12-31,46445000,2011-03-26,NetIncomeLoss,2026-08-25
CMG,operatingIncome,2010-12-31,73992000,2011-03-26,OperatingIncomeLoss,2026-08-25
CMG,receivables,2010-12-31,5658000,2011-03-26,AccountsReceivableNetCurrent,2026-08-25
CMI,assets,2010-12-31,10402000000,2011-03-26,Assets,2026-08-25
CMI,cash,2010-12-31,1023000000,2011-03-26,CashAndCashEquivalentsAtCarryingValue,2026-08-25
CMI,debt,2010-12-31,636000000,2011-03-26,LongTermDebt,2026-08-25
CMI,equity,2010-12-31,4670000000,2011-03-26,StockholdersEquity,2026-08-25
CMI,inventory,2010-12-31,1977000000,2011-03-26,InventoryNet,2026-08-25
CMI,liabilities,2010-12-31,5406000000,2011-03-26,Liabilities,2026-08-25
CMS,assets,2010-12-31,15616000000,2011-03-26,Assets,2026-08-25
CMS,cash,2010-12-31,247000000,2011-03-26,CashAndCashEquivalentsAtCarryingValue,2026-08-25
CMS,debt,2010-12-31,6448000000,2011-03-26,LongTermDebtNoncurrent,2026-08-25
CMS,equity,2010-12-31,2793000000,2011-03-26,StockholdersEquity,2026-08-25
CMS,netIncome,2010-12-31,25000000,2011-03-26,NetIncomeLoss,2026-08-25
CMS,operatingIncome,2010-12-31,158000000,2011-03-26,OperatingIncomeLoss,2026-08-25
CMS,receivables,2010-12-31,981000000,2011-03-26,AccountsReceivableNetCurrent,2026-08-25
CMS,revenue,2010-12-31,1682000000,2011-03-26,Revenues,2026-08-25
CMS,shares,2010-12-31,249600000,2011-03-26,CommonStockSharesOutstanding,2026-08-25
CNC,assets,2010-12-31,1943882000,2011-03-26,Assets,2026-08-25
CNC,cash,2010-12-31,433914000,2011-03-26,CashAndCashEquivalentsAtCarryingValue,2026-08-25
CNC,debt,2010-12-31,327824000,2011-03-26,LongTermDebtNoncurrent,2026-08-25
CNC,equity,2010-12-31,793939000,2011-03-26,StockholdersEquity,2026-08-25
CNC,liabilities,2010-12-31,1146827000,2011-03-26,Liabilities,2026-08-25
CNC,netIncome,2010-12-31,25399000,2011-03-26,NetIncomeLoss,2026-08-25
CNC,revenue,2010-12-31,1180969000,2011-03-26,Revenues,2026-08-25
CNC,shares,2010-12-31,49616824,2011-03-26,CommonStockSharesOutstanding,2026-08-25
CNP,assets,2010-12-31,20111000000,2011-03-26,Assets,2026-08-25
CNP,cash,2010-12-31,199000000,2011-03-26,CashAndCashEquivalentsAtCarryingValue,2026-08-25
CNP,debt,2010-12-31,9001000000,2011-03-26,LongTermDebtNoncurrent,2026-08-25
CNP,equity,2010-12-31,3198000000,2011-03-26,StockholdersEquity,2026-08-25
CNP,inventory,2010-12-31,375000000,2011-03-26,InventoryNet,2026-08-25
CNP,netIncome,2010-12-31,124000000,2011-03-26,NetIncomeLoss,2026-08-25
CNP,operatingIncome,2010-12-31,302000000,2011-03-26,OperatingIncomeLoss,2026-08-25
CNP,receivables,2010-12-31,835000000,2011-03-26,AccountsReceivableNetCurrent,2026-08-25
CNP,revenue,2010-12-31,2098000000,2011-03-26,Revenues,2026-08-25
CNP,shares,2010-12-31,424746177,2011-03-26,CommonStockSharesOutstanding,2026-08-25
COF,assets,2010-12-31,197503000000,2011-03-26,Assets,2026-08-25
COF,debt,2010-12-31,40272000000,2011-03-26,LongTermDebt,2026-08-25
COF,equity,2010-12-31,26541000000,2011-03-26,StockholdersEquity,2026-08-25
COF,liabilities,2010-12-31,170962000000,2011-03-26,Liabilities,2026-08-25
COHR,assets,2010-12-31,566835000,2011-03-26,Assets,2026-08-25
COHR,capex,2010-12-31,9387000,2011-03-26,PaymentsToAcquirePropertyPlantAndEquipment,2026-08-25
COHR,cash,2010-12-31,119274000,2011-03-26,CashAndCashEquivalentsAtCarryingValue,2026-08-25
COHR,equity,2010-12-31,461402000,2011-03-26,StockholdersEquity,2026-08-25
COHR,inventory,2010-12-31,100953000,2011-03-26,InventoryNet,2026-08-25
COHR,liabilities,2010-12-31,104844000,2011-03-26,Liabilities,2026-08-25
COHR,netIncome,2010-12-31,19157000,2011-03-26,NetIncomeLoss,2026-08-25
COHR,receivables,2010-12-31,85432000,2011-03-26,AccountsReceivableNetCurrent,2026-08-25
COHR,revenue,2010-12-31,120887000,2011-03-26,Revenues,2026-08-25
COHR,rnd,2010-12-31,3357000,2011-03-26,ResearchAndDevelopmentExpense,2026-08-25
COO,assets,2010-10-31,2525018000,2010-12-20,Assets,2026-08-25
COO,cash,2010-10-31,3573000,2010-12-20,CashAndCashEquivalentsAtCarryingValue,2026-08-25
COO,debt,2010-10-31,591977000,2010-12-20,LongTermDebtNoncurrent,2026-08-25
COO,equity,2010-10-31,1666776000,2010-12-20,StockholdersEquity,2026-08-25
COO,grossProfit,2010-10-31,187481000,2010-12-20,GrossProfit,2026-08-25
COO,inventory,2010-10-31,227902000,2010-12-20,InventoryNet,2026-08-25
COO,liabilities,2010-10-31,858242000,2010-12-20,Liabilities,2026-08-25
COO,netIncome,2010-10-31,48197000,2010-12-20,NetIncomeLoss,2026-08-25
COO,receivables,2010-10-31,197490000,2010-12-20,AccountsReceivableNetCurrent,2026-08-25
COO,revenue,2010-10-31,313353000,2010-12-20,SalesRevenueNet,2026-08-25
COP,assets,2010-12-31,156314000000,2011-03-26,Assets,2026-08-25
COP,cash,2010-12-31,9454000000,2011-03-26,CashAndCashEquivalentsAtCarryingValue,2026-08-25
COP,equity,2010-12-31,68577000000,2011-03-26,StockholdersEquity,2026-08-25
COP,inventory,2010-12-31,5197000000,2011-03-26,InventoryNet,2026-08-25
COP,liabilities,2010-12-31,87190000000,2011-03-26,Liabilities,2026-08-25
COR,assets,2010-12-31,14132319000,2011-03-26,Assets,2026-08-25
COR,buybacks,2010-12-31,185362000,2011-03-26,PaymentsForRepurchaseOfCommonStock,2026-08-25
COR,capex,2010-12-31,50091000,2011-03-26,PaymentsToAcquirePropertyPlantAndEquipment,2026-08-25
COR,cash,2010-12-31,1400895000,2011-03-26,CashAndCashEquivalentsAtCarryingValue,2026-08-25
COR,debt,2010-12-31,1287410000,2011-03-26,LongTermDebtNoncurrent,2026-08-25
COR,equity,2010-12-31,2962006000,2011-03-26,StockholdersEquity,2026-08-25
COR,grossProfit,2010-12-31,562779000,2011-03-26,GrossProfit,2026-08-25
COR,inventory,2010-12-31,5440751000,2011-03-26,InventoryNet,2026-08-25
COR,netIncome,2010-12-31,160500000,2011-03-26,NetIncomeLoss,2026-08-25
COR,operatingCashFlow,2010-12-31,-99200000,2011-03-26,NetCashProvidedByUsedInOperatingActivities,2026-08-25
COR,operatingIncome,2010-12-31,274865000,2011-03-26,OperatingIncomeLoss,2026-08-25
COR,receivables,2010-12-31,3551315000,2011-03-26,AccountsReceivableNetCurrent,2026-08-25
COR,revenue,2010-12-31,19530534000,2011-03-26,Revenues,2026-08-25
COR,shares,2010-12-31,273702931,2011-03-26,CommonStockSharesOutstanding,2026-08-25
COST,assets,2010-11-21,26043000000,2011-02-14,Assets,2026-08-25
COST,buybacks,2010-11-21,145000000,2011-02-14,PaymentsForRepurchaseOfCommonStock,2026-08-25
COST,capex,2010-11-21,306000000,2011-02-14,PaymentsToAcquirePropertyPlantAndEquipment,2026-08-25
COST,cash,2010-11-21,3739000000,2011-02-14,CashAndCashEquivalentsAtCarryingValue,2026-08-25
COST,debt,2010-11-21,2143000000,2011-02-14,LongTermDebtNoncurrent,2026-08-25
COST,equity,2010-11-21,11199000000,2011-02-14,StockholdersEquity,2026-08-25
COST,inventory,2010-11-21,6852000000,2011-02-14,InventoryNet,2026-08-25
COST,liabilities,2010-11-21,14336000000,2011-02-14,Liabilities,2026-08-25
COST,netIncome,2010-11-21,312000000,2011-02-14,NetIncomeLoss,2026-08-25
COST,operatingCashFlow,2010-11-21,720000000,2011-02-14,NetCashProvidedByUsedInOperatingActivities,2026-08-25
COST,operatingIncome,2010-11-21,525000000,2011-02-14,OperatingIncomeLoss,2026-08-25
COST,revenue,2010-11-21,19239000000,2011-02-14,Revenues,2026-08-25
COST,shares,2010-11-21,436337000,2011-02-14,CommonStockSharesOutstanding,2026-08-25
CPAY,assets,2010-12-31,1484118000,2011-03-26,Assets,2026-08-25
CPAY,cash,2010-12-31,114804000,2011-03-26,CashAndCashEquivalentsAtCarryingValue,2026-08-25
CPAY,debt,2010-12-31,313796000,2011-03-26,LongTermDebtNoncurrent,2026-08-25
CPAY,equity,2010-12-31,625945000,2011-03-26,StockholdersEquity,2026-08-25
CPAY,netIncome,2010-12-31,17513000,2011-03-26,NetIncomeLoss,2026-08-25
CPAY,operatingIncome,2010-12-31,23774000,2011-03-26,OperatingIncomeLoss,2026-08-25
CPAY,receivables,2010-12-31,260163000,2011-03-26,AccountsReceivableNetCurrent,2026-08-25
CPAY,revenue,2010-12-31,106547000,2011-03-26,SalesRevenueNet,2026-08-25
CPAY,shares,2010-12-31,79655213,2011-03-26,CommonStockSharesOutstanding,2026-08-25
CPRT,assets,2010-10-31,1210147000,2010-12-20,Assets,2026-08-25
CPRT,buybacks,2010-10-31,75710000,2010-12-20,PaymentsForRepurchaseOfCommonStock,2026-08-25
CPRT,capex,2010-10-31,14777000,2010-12-20,PaymentsToAcquirePropertyPlantAndEquipment,2026-08-25
CPRT,cash,2010-10-31,260470000,2010-12-20,CashAndCashEquivalentsAtCarryingValue,2026-08-25
CPRT,liabilities,2010-10-31,151118000,2010-12-20,Liabilities,2026-08-25
CPRT,netIncome,2010-10-30,37823000,2010-12-19,NetIncomeLoss,2026-08-25
CPRT,operatingCashFlow,2010-10-31,77538000,2010-12-20,NetCashProvidedByUsedInOperatingActivities,2026-08-25
CPRT,operatingIncome,2010-10-30,59594000,2010-12-19,OperatingIncomeLoss,2026-08-25
CPRT,receivables,2010-10-31,117032000,2010-12-20,AccountsReceivableNetCurrent,2026-08-25
CPRT,revenue,2010-10-30,212667000,2010-12-19,SalesRevenueNet,2026-08-25
CPRT,shares,2010-10-31,82186000,2010-12-20,CommonStockSharesOutstanding,2026-08-25
CPT,assets,2010-12-31,4699737000,2011-03-26,Assets,2026-08-25
CPT,cash,2010-12-31,170575000,2011-03-26,CashAndCashEquivalentsAtCarryingValue,2026-08-25
CPT,equity,2010-12-31,1686419000,2011-03-26,StockholdersEquity,2026-08-25
CPT,liabilities,2010-12-31,2844439000,2011-03-26,Liabilities,2026-08-25
CPT,netIncome,2010-12-31,17147000,2011-03-26,NetIncomeLoss,2026-08-25
CRL,assets,2010-12-25,1733373000,2011-03-20,Assets,2026-08-25
CRL,cash,2010-12-25,179160000,2011-03-20,CashAndCashEquivalentsAtCarryingValue,2026-08-25
CRL,debt,2010-12-25,670217000,2011-03-20,LongTermDebtNoncurrent,2026-08-25
CRL,equity,2010-12-25,687423000,2011-03-20,StockholdersEquity,2026-08-25
CRL,inventory,2010-12-25,100297000,2011-03-20,InventoryNet,2026-08-25
CRL,liabilities,2010-12-25,1044646000,2011-03-20,Liabilities,2026-08-25
CRL,receivables,2010-12-25,192972000,2011-03-20,AccountsReceivableNetCurrent,2026-08-25
CRL,shares,2010-12-25,56441081,2011-03-20,CommonStockSharesOutstanding,2026-08-25
CRM,assets,2010-10-31,2740694000,2010-12-20,Assets,2026-08-25
CRM,capex,2010-10-31,20790000,2010-12-20,PaymentsToAcquirePropertyPlantAndEquipment,2026-08-25
CRM,cash,2010-10-31,630303000,2010-12-20,CashAndCashEquivalentsAtCarryingValue,2026-08-25
CRM,equity,2010-10-31,1210288000,2010-12-20,StockholdersEquity,2026-08-25
CRM,grossProfit,2010-10-31,346956000,2010-12-20,GrossProfit,2026-08-25
CRM,liabilities,2010-10-31,1528228000,2010-12-20,Liabilities,2026-08-25
CRM,netIncome,2010-10-31,21072000,2010-12-20,NetIncomeLoss,2026-08-25
CRM,operatingCashFlow,2010-10-31,74040000,2010-12-20,NetCashProvidedByUsedInOperatingActivities,2026-08-25
CRM,operatingIncome,2010-10-31,35156000,2010-12-20,OperatingIncomeLoss,2026-08-25
CRM,receivables,2010-10-31,258764000,2010-12-20,AccountsReceivableNetCurrent,2026-08-25
CRM,revenue,2010-10-31,429087000,2010-12-20,Revenues,2026-08-25
CRM,rnd,2010-10-31,47305000,2010-12-20,ResearchAndDevelopmentExpense,2026-08-25
CSCO,assets,2010-10-30,80015000000,2010-12-19,Assets,2026-08-25
CSCO,buybacks,2010-10-30,2701000000,2010-12-19,PaymentsForRepurchaseOfCommonStock,2026-08-25
CSCO,capex,2010-10-30,326000000,2010-12-19,PaymentsToAcquirePropertyPlantAndEquipment,2026-08-25
CSCO,cash,2010-10-30,3796000000,2010-12-19,CashAndCashEquivalentsAtCarryingValue,2026-08-25
CSCO,debt,2010-10-30,12214000000,2010-12-19,LongTermDebtNoncurrent,2026-08-25
CSCO,equity,2010-10-30,44675000000,2010-12-19,StockholdersEquity,2026-08-25
CSCO,grossProfit,2010-10-30,6755000000,2010-12-19,GrossProfit,2026-08-25
CSCO,inventory,2010-10-30,1523000000,2010-12-19,InventoryNet,2026-08-25
CSCO,liabilities,2010-10-30,35320000000,2010-12-19,Liabilities,2026-08-25
CSCO,netIncome,2010-10-30,1930000000,2010-12-19,NetIncomeLoss,2026-08-25
CSCO,operatingCashFlow,2010-10-30,1667000000,2010-12-19,NetCashProvidedByUsedInOperatingActivities,2026-08-25
CSCO,operatingIncome,2010-10-30,2351000000,2010-12-19,OperatingIncomeLoss,2026-08-25
CSCO,receivables,2010-10-30,4471000000,2010-12-19,AccountsReceivableNetCurrent,2026-08-25
CSCO,revenue,2010-10-30,10750000000,2010-12-19,SalesRevenueNet,2026-08-25
CSCO,shares,2010-10-30,5577000000,2010-12-19,CommonStockSharesOutstanding,2026-08-25
CSGP,assets,2010-12-31,439648000,2011-03-26,Assets,2026-08-25
CSGP,cash,2010-12-31,206405000,2011-03-26,CashAndCashEquivalentsAtCarryingValue,2026-08-25
CSGP,equity,2010-12-31,381502000,2011-03-26,StockholdersEquity,2026-08-25
CSGP,liabilities,2010-12-31,58146000,2011-03-26,Liabilities,2026-08-25
CSGP,receivables,2010-12-31,13094000,2011-03-26,AccountsReceivableNetCurrent,2026-08-25
CSGP,shares,2010-12-31,20773000,2011-03-26,CommonStockSharesOutstanding,2026-08-25
CSX,assets,2010-12-31,28141000000,2011-03-26,Assets,2026-08-25
CSX,cash,2010-12-31,1292000000,2011-03-26,CashAndCashEquivalentsAtCarryingValue,2026-08-25
CSX,debt,2010-12-31,8664000000,2011-03-26,LongTermDebt,2026-08-25
CSX,liabilities,2010-12-31,19441000000,2011-03-26,Liabilities,2026-08-25
CSX,netIncome,2010-12-31,430000000,2011-03-26,NetIncomeLoss,2026-08-25
CSX,operatingIncome,2010-12-31,846000000,2011-03-26,OperatingIncomeLoss,2026-08-25
CSX,receivables,2010-12-31,993000000,2011-03-26,AccountsReceivableNetCurrent,2026-08-25
CSX,revenue,2010-12-31,2816000000,2011-03-26,Revenues,2026-08-25
CSX,shares,2010-12-31,370342000,2011-03-26,CommonStockSharesOutstanding,2026-08-25
CTAS,assets,2010-11-30,3928295000,2011-02-23,Assets,2026-08-25
CTAS,cash,2010-11-30,260953000,2011-02-23,CashAndCashEquivalentsAtCarryingValue,2026-08-25
CTAS,debt,2010-11-30,785222000,2011-02-23,LongTermDebtNoncurrent,2026-08-25
CTAS,grossProfit,2010-11-30,390648000,2011-02-23,GrossProfit,2026-08-25
CTAS,inventory,2010-11-30,208380000,2011-02-23,InventoryNet,2026-08-25
CTAS,netIncome,2010-11-30,55866000,2011-02-23,NetIncomeLoss,2026-08-25
CTAS,operatingIncome,2010-11-30,102344000,2011-02-23,OperatingIncomeLoss,2026-08-25
CTAS,receivables,2010-11-30,402369000,2011-02-23,AccountsReceivableNetCurrent,2026-08-25
CTAS,revenue,2010-11-30,936566000,2011-02-23,Revenues,2026-08-25
CTAS,shares,2010-11-30,145301073,2011-02-23,CommonStockSharesOutstanding,2026-08-25
CTSH,assets,2010-12-31,4583074000,2011-03-26,Assets,2026-08-25
CTSH,cash,2010-12-31,1540969000,2011-03-26,CashAndCashEquivalentsAtCarryingValue,2026-08-25
CTSH,equity,2010-12-31,3584431000,2011-03-26,StockholdersEquity,2026-08-25
CTSH,liabilities,2010-12-31,998643000,2011-03-26,Liabilities,2026-08-25
CTSH,netIncome,2010-12-31,206166000,2011-03-26,NetIncomeLoss,2026-08-25
CTSH,operatingIncome,2010-12-31,244621000,2011-03-26,OperatingIncomeLoss,2026-08-25
CTSH,receivables,2010-12-31,901308000,2011-03-26,AccountsReceivableNetCurrent,2026-08-25
CTSH,revenue,2010-12-31,1310602000,2011-03-26,SalesRevenueNet,2026-08-25
CTSH,shares,2010-12-31,303941000,2011-03-26,CommonStockSharesOutstanding,2026-08-25
CVS,assets,2010-12-31,62169000000,2011-03-26,Assets,2026-08-25
CVS,cash,2010-12-31,1427000000,2011-03-26,CashAndCashEquivalentsAtCarryingValue,2026-08-25
CVS,debt,2010-12-31,8652000000,2011-03-26,LongTermDebtNoncurrent,2026-08-25
CVS,equity,2010-12-31,37700000000,2011-03-26,StockholdersEquity,2026-08-25
CVS,grossProfit,2010-12-31,5454000000,2011-03-26,GrossProfit,2026-08-25
CVS,inventory,2010-12-31,10695000000,2011-03-26,InventoryNet,2026-08-25
CVS,netIncome,2010-12-31,1026000000,2011-03-26,NetIncomeLoss,2026-08-25
CVS,operatingIncome,2010-12-31,1761000000,2011-03-26,OperatingIncomeLoss,2026-08-25
CVS,receivables,2010-12-31,4925000000,2011-03-26,AccountsReceivableNetCurrent,2026-08-25
CVS,revenue,2010-12-31,24589000000,2011-03-26,Revenues,2026-08-25
CVS,shares,2010-12-31,1363000000,2011-03-26,CommonStockSharesOutstanding,2026-08-25
CVX,assets,2010-12-31,184769000000,2011-03-26,Assets,2026-08-25
CVX,cash,2010-12-31,14060000000,2011-03-26,CashAndCashEquivalentsAtCarryingValue,2026-08-25
CVX,debt,2010-12-31,11003000000,2011-03-26,LongTermDebtNoncurrent,2026-08-25
CVX,equity,2010-12-31,105081000000,2011-03-26,StockholdersEquity,2026-08-25
CVX,inventory,2010-12-31,5493000000,2011-03-26,InventoryNet,2026-08-25
CVX,liabilities,2010-12-31,78958000000,2011-03-26,Liabilities,2026-08-25
D,assets,2010-12-31,42817000000,2011-03-26,Assets,2026-08-25
D,cash,2010-12-31,62000000,2011-03-26,CashAndCashEquivalentsAtCarryingValue,2026-08-25
D,debt,2010-12-31,15758000000,2011-03-26,LongTermDebtNoncurrent,2026-08-25
D,equity,2010-12-31,11997000000,2011-03-26,StockholdersEquity,2026-08-25
D,inventory,2010-12-31,1163000000,2011-03-26,InventoryNet,2026-08-25
D,liabilities,2010-12-31,30563000000,2011-03-26,Liabilities,2026-08-25
D,receivables,2010-12-31,2158000000,2011-03-26,AccountsReceivableNetCurrent,2026-08-25
D,shares,2010-12-31,581000000,2011-03-26,CommonStockSharesOutstanding,2026-08-25
DAL,assets,2010-12-31,43188000000,2011-03-26,Assets,2026-08-25
DAL,cash,2010-12-31,2892000000,2011-03-26,CashAndCashEquivalentsAtCarryingValue,2026-08-25
DAL,debt,2010-12-31,12553000000,2011-03-26,LongTermDebtNoncurrent,2026-08-25
DAL,equity,2010-12-31,897000000,2011-03-26,StockholdersEquity,2026-08-25
DAL,netIncome,2010-12-31,19000000,2011-03-26,NetIncomeLoss,2026-08-25
DAL,operatingIncome,2010-12-31,294000000,2011-03-26,OperatingIncomeLoss,2026-08-25
DAL,revenue,2010-12-31,7789000000,2011-03-26,Revenues,2026-08-25
DE,assets,2010-10-31,43267000000,2010-12-20,Assets,2026-08-25
DE,cash,2010-10-31,3790600000,2010-12-20,CashAndCashEquivalentsAtCarryingValue,2026-08-25
DE,debt,2010-10-31,16814500000,2010-12-20,LongTermDebtNoncurrent,2026-08-25
DE,equity,2010-10-31,6290300000,2010-12-20,StockholdersEquity,2026-08-25
DE,grossProfit,2010-10-31,1655000000,2010-12-20,GrossProfit,2026-08-25
DE,inventory,2010-10-31,3063000000,2010-12-20,InventoryNet,2026-08-25
DE,liabilities,2010-10-31,36963400000,2010-12-20,Liabilities,2026-08-25
DE,netIncome,2010-10-31,457000000,2010-12-20,NetIncomeLoss,2026-08-25
DE,revenue,2010-10-31,7202000000,2010-12-20,Revenues,2026-08-25
DECK,assets,2010-12-31,808994000,2011-03-26,Assets,2026-08-25
DECK,cash,2010-12-31,445226000,2011-03-26,CashAndCashEquivalentsAtCarryingValue,2026-08-25
DECK,equity,2010-12-31,652987000,2011-03-26,StockholdersEquity,2026-08-25
DECK,grossProfit,2010-12-31,233335000,2011-03-26,GrossProfit,2026-08-25
DECK,inventory,2010-12-31,124995000,2011-03-26,InventoryNet,2026-08-25
DECK,receivables,2010-12-31,116663000,2011-03-26,AccountsReceivableNetCurrent,2026-08-25
DECK,shares,2010-12-31,38581000,2011-03-26,CommonStockSharesOutstanding,2026-08-25
DG,cash,2010-10-29,237906000,2010-12-18,CashAndCashEquivalentsAtCarryingValue,2026-08-25
DG,grossProfit,2010-10-29,1010668000,2010-12-18,GrossProfit,2026-08-25
DG,operatingIncome,2010-10-29,274334000,2010-12-18,OperatingIncomeLoss,2026-08-25
DGX,assets,2010-12-31,8527630000,2011-03-26,Assets,2026-08-25
DGX,cash,2010-12-31,449000000,2011-03-26,CashAndCashEquivalentsAtCarryingValue,2026-08-25
DGX,debt,2010-12-31,2641160000,2011-03-26,LongTermDebtNoncurrent,2026-08-25
DGX,equity,2010-12-31,4033480000,2011-03-26,StockholdersEquity,2026-08-25
DGX,grossProfit,2010-12-31,743602000,2011-03-26,GrossProfit,2026-08-25
DGX,inventory,2010-12-31,76572000,2011-03-26,InventoryNet,2026-08-25
DGX,netIncome,2010-12-31,165756000,2011-03-26,NetIncomeLoss,2026-08-25
DGX,receivables,2010-12-31,845299000,2011-03-26,AccountsReceivableNetCurrent,2026-08-25
DGX,revenue,2010-12-31,1824040000,2011-03-26,SalesRevenueNet,2026-08-25
DHI,assets,2010-12-31,5726700000,2011-03-26,Assets,2026-08-25
DHI,capex,2010-12-31,3700000,2011-03-26,PaymentsToAcquirePropertyPlantAndEquipment,2026-08-25
DHI,cash,2010-12-31,1221100000,2011-03-26,CashAndCashEquivalentsAtCarryingValue,2026-08-25
DHI,equity,2010-12-31,2588600000,2011-03-26,StockholdersEquity,2026-08-25
DHI,grossProfit,2010-12-31,110200000,2011-03-26,GrossProfit,2026-08-25
DHI,liabilities,2010-12-31,3136100000,2011-03-26,Liabilities,2026-08-25
DHI,netIncome,2010-12-31,-20400000,2011-03-26,NetIncomeLoss,2026-08-25
DHI,operatingCashFlow,2010-12-31,49500000,2011-03-26,NetCashProvidedByUsedInOperatingActivities,2026-08-25
DHI,revenue,2010-12-31,788200000,2011-03-26,Revenues,2026-08-25
DHI,shares,2010-12-31,319285807,2011-03-26,CommonStockSharesOutstanding,2026-08-25
DHR,assets,2010-12-31,22217100000,2011-03-26,Assets,2026-08-25
DHR,cash,2010-12-31,1633000000,2011-03-26,CashAndCashEquivalentsAtCarryingValue,2026-08-25
DHR,debt,2010-12-31,2783907000,2011-03-26,LongTermDebtNoncurrent,2026-08-25
DHR,equity,2010-12-31,13711010000,2011-03-26,StockholdersEquity,2026-08-25
DHR,grossProfit,2010-12-31,1780000000,2011-03-26,GrossProfit,2026-08-25
DHR,inventory,2010-12-31,1165623000,2011-03-26,InventoryNet,2026-08-25
DHR,liabilities,2010-12-31,8444400000,2011-03-26,Liabilities,2026-08-25
DHR,netIncome,2010-12-31,473900000,2011-03-26,NetIncomeLoss,2026-08-25
DHR,operatingIncome,2010-12-31,592300000,2011-03-26,OperatingIncomeLoss,2026-08-25
DHR,receivables,2010-12-31,2097974000,2011-03-26,AccountsReceivableNetCurrent,2026-08-25
DHR,revenue,2010-12-31,3433000000,2011-03-26,SalesRevenueNet,2026-08-25
DHR,rnd,2010-10-01,196437000,2010-11-20,ResearchAndDevelopmentExpense,2026-08-25
DHR,shares,2010-12-31,656360000,2011-03-26,CommonStockSharesOutstanding,2026-08-25
DLR,assets,2010-12-31,5329483000,2011-03-26,Assets,2026-08-25
DLR,cash,2010-12-31,11719000,2011-03-26,CashAndCashEquivalentsAtCarryingValue,2026-08-25
DLR,debt,2010-12-31,2806954000,2011-03-26,LongTermDebt,2026-08-25
DLR,equity,2010-12-31,1962518000,2011-03-26,StockholdersEquity,2026-08-25
DLR,liabilities,2010-12-31,3274820000,2011-03-26,Liabilities,2026-08-25
DLR,shares,2010-12-31,91159221,2011-03-26,CommonStockSharesOutstanding,2026-08-25
DLTR,assets,2010-10-30,2362100000,2010-12-19,Assets,2026-08-25
DLTR,cash,2010-10-30,309500000,2010-12-19,CashAndCashEquivalentsAtCarryingValue,2026-08-25
DLTR,debt,2010-10-30,250000000,2010-12-19,LongTermDebtNoncurrent,2026-08-25
DLTR,equity,2010-10-30,1412200000,2010-12-19,StockholdersEquity,2026-08-25
DLTR,grossProfit,2010-10-30,506000000,2010-12-19,GrossProfit,2026-08-25
DLTR,liabilities,2010-10-30,949900000,2010-12-19,Liabilities,2026-08-25
DLTR,netIncome,2010-10-30,93200000,2010-12-19,NetIncomeLoss,2026-08-25
DLTR,operatingIncome,2010-10-30,140900000,2010-12-19,OperatingIncomeLoss,2026-08-25
DLTR,shares,2010-10-30,125.6,2010-12-19,CommonStockSharesOutstanding,2026-08-25
DOC,assets,2010-12-31,13331923000,2011-03-26,Assets,2026-08-25
DOC,cash,2010-12-31,1036701000,2011-03-26,CashAndCashEquivalentsAtCarryingValue,2026-08-25
DOC,equity,2010-12-31,7957367000,2011-03-26,StockholdersEquity,2026-08-25
DOC,liabilities,2010-12-31,5185876000,2011-03-26,Liabilities,2026-08-25
DOC,netIncome,2010-12-31,141917000,2011-03-26,NetIncomeLoss,2026-08-25
DOC,revenue,2010-12-31,340820000,2011-03-26,Revenues,2026-08-25
DOC,shares,2010-12-31,370924887,2011-03-26,CommonStockSharesOutstanding,2026-08-25
DOV,assets,2010-12-31,8558743000,2011-03-26,Assets,2026-08-25
DOV,cash,2010-12-31,1187361000,2011-03-26,CashAndCashEquivalentsAtCarryingValue,2026-08-25
DOV,debt,2010-12-31,1790886000,2011-03-26,LongTermDebtNoncurrent,2026-08-25
DOV,equity,2010-12-31,4526562000,2011-03-26,StockholdersEquity,2026-08-25
DOV,grossProfit,2010-12-31,686772000,2011-03-26,GrossProfit,2026-08-25
DOV,inventory,2010-12-31,657962000,2011-03-26,InventoryNet,2026-08-25
DOV,netIncome,2010-12-31,198348000,2011-03-26,NetIncomeLoss,2026-08-25
DOV,receivables,2010-12-31,1023099000,2011-03-26,AccountsReceivableNetCurrent,2026-08-25
DOV,revenue,2010-12-31,1737436000,2011-03-26,SalesRevenueNet,2026-08-25
DRI,assets,2010-11-28,5252300000,2011-02-21,Assets,2026-08-25
DRI,cash,2010-11-28,52900000,2011-02-21,CashAndCashEquivalentsAtCarryingValue,2026-08-25
DRI,debt,2010-11-28,1408800000,2011-02-21,LongTermDebtNoncurrent,2026-08-25
DRI,equity,2010-11-28,1878600000,2011-02-21,StockholdersEquity,2026-08-25
DRI,inventory,2010-11-28,273900000,2011-02-21,InventoryNet,2026-08-25
DRI,liabilities,2010-11-28,3373700000,2011-02-21,Liabilities,2026-08-25
DRI,netIncome,2010-11-28,74500000,2011-02-21,NetIncomeLoss,2026-08-25
DRI,revenue,2010-11-28,1726200000,2011-02-21,SalesRevenueNet,2026-08-25
DTE,assets,2010-12-31,24896000000,2011-03-26,Assets,2026-08-25
DTE,cash,2010-12-31,65000000,2011-03-26,CashAndCashEquivalentsAtCarryingValue,2026-08-25
DTE,debt,2010-12-31,6114000000,2011-03-26,LongTermDebtNoncurrent,2026-08-25
DTE,equity,2010-12-31,6722000000,2011-03-26,StockholdersEquity,2026-08-25
DTE,netIncome,2010-12-31,152000000,2011-03-26,NetIncomeLoss,2026-08-25
DTE,operatingIncome,2010-12-31,350000000,2011-03-26,OperatingIncomeLoss,2026-08-25
DTE,receivables,2010-12-31,1351000000,2011-03-26,AccountsReceivableNetCurrent,2026-08-25
DTE,shares,2010-12-31,169428406,2011-03-26,CommonStockSharesOutstanding,2026-08-25
DUK,assets,2010-12-31,59090000000,2011-03-26,Assets,2026-08-25
DUK,cash,2010-12-31,1670000000,2011-03-26,CashAndCashEquivalentsAtCarryingValue,2026-08-25
DUK,debt,2010-12-31,16959000000,2011-03-26,LongTermDebtNoncurrent,2026-08-25
DUK,equity,2010-12-31,22522000000,2011-03-26,StockholdersEquity,2026-08-25
DUK,inventory,2010-12-31,1318000000,2011-03-26,InventoryNet,2026-08-25
DUK,netIncome,2010-12-31,427000000,2011-03-26,NetIncomeLoss,2026-08-25
DUK,operatingIncome,2010-12-31,681000000,2011-03-26,OperatingIncomeLoss,2026-08-25
DUK,revenue,2010-12-31,3445000000,2011-03-26,Revenues,2026-08-25
DUK,shares,2010-12-31,443000000,2011-03-26,CommonStockSharesOutstanding,2026-08-25
DVA,assets,2010-12-31,8114424000,2011-03-26,Assets,2026-08-25
DVA,cash,2010-12-31,860117000,2011-03-26,CashAndCashEquivalentsAtCarryingValue,2026-08-25
DVA,debt,2010-12-31,4233850000,2011-03-26,LongTermDebtNoncurrent,2026-08-25
DVA,equity,2010-12-31,1978422000,2011-03-26,StockholdersEquity,2026-08-25
DVA,inventory,2010-12-31,76008000,2011-03-26,InventoryNet,2026-08-25
DVA,liabilities,2010-12-31,5694238000,2011-03-26,Liabilities,2026-08-25
DVA,netIncome,2010-12-31,69020000,2011-03-26,NetIncomeLoss,2026-08-25
DVA,operatingIncome,2010-12-31,255258000,2011-03-26,OperatingIncomeLoss,2026-08-25
DVA,receivables,2010-12-31,1048976000,2011-03-26,AccountsReceivableNetCurrent,2026-08-25
DVA,shares,2010-12-31,96001535,2011-03-26,CommonStockSharesOutstanding,2026-08-25
DVN,assets,2010-12-31,32927000000,2011-03-26,Assets,2026-08-25
DVN,cash,2010-12-31,3290000000,2011-03-26,CashAndCashEquivalentsAtCarryingValue,2026-08-25
DVN,debt,2010-12-31,3819000000,2011-03-26,LongTermDebtNoncurrent,2026-08-25
DVN,equity,2010-12-31,19253000000,2011-03-26,StockholdersEquity,2026-08-25
DVN,inventory,2010-12-31,120000000,2011-03-26,InventoryNet,2026-08-25
DVN,netIncome,2010-12-31,562000000,2011-03-26,NetIncomeLoss,2026-08-25
DVN,receivables,2010-12-31,1202000000,2011-03-26,AccountsReceivableNetCurrent,2026-08-25
DVN,revenue,2010-12-31,2135000000,2011-03-26,Revenues,2026-08-25
DXCM,assets,2010-12-31,77164000,2011-03-26,Assets,2026-08-25
DXCM,cash,2010-12-31,4900000,2011-03-26,CashAndCashEquivalentsAtCarryingValue,2026-08-25
DXCM,grossProfit,2010-12-31,6989000,2011-03-26,GrossProfit,2026-08-25
DXCM,inventory,2010-12-31,8112000,2011-03-26,InventoryNet,2026-08-25
DXCM,liabilities,2010-12-31,16171000,2011-03-26,Liabilities,2026-08-25
DXCM,netIncome,2010-12-31,-9812000,2011-03-26,NetIncomeLoss,2026-08-25
DXCM,revenue,2010-12-31,15636000,2011-03-26,Revenues,2026-08-25
DXCM,shares,2010-12-31,62078000,2011-03-26,CommonStockSharesOutstanding,2026-08-25
EBAY,assets,2010-12-31,22003762000,2011-03-26,Assets,2026-08-25
EBAY,cash,2010-12-31,5577000000,2011-03-26,CashAndCashEquivalentsAtCarryingValue,2026-08-25
EBAY,debt,2010-12-31,1494227000,2011-03-26,LongTermDebtNoncurrent,2026-08-25
EBAY,equity,2010-12-31,15302000000,2011-03-26,StockholdersEquity,2026-08-25
EBAY,grossProfit,2010-12-31,1792877000,2011-03-26,GrossProfit,2026-08-25
EBAY,liabilities,2010-12-31,6701583000,2011-03-26,Liabilities,2026-08-25
EBAY,netIncome,2010-12-31,559187000,2011-03-26,NetIncomeLoss,2026-08-25
EBAY,receivables,2010-12-31,454366000,2011-03-26,AccountsReceivableNetCurrent,2026-08-25
EBAY,revenue,2010-12-31,2495350000,2011-03-26,SalesRevenueNet,2026-08-25
EBAY,shares,2010-12-31,1297710000,2011-03-26,CommonStockSharesOutstanding,2026-08-25
ECHO,assets,2010-12-31,3842020000,2011-03-26,Assets,2026-08-25
ECHO,cash,2010-12-31,141814000,2011-03-26,CashAndCashEquivalentsAtCarryingValue,2026-08-25
ECHO,equity,2010-12-31,3013190000,2011-03-26,StockholdersEquity,2026-08-25
ECHO,inventory,2010-12-31,30433000,2011-03-26,InventoryNet,2026-08-25
ECHO,liabilities,2010-12-31,828830000,2011-03-26,Liabilities,2026-08-25
ECHO,operatingIncome,2010-12-31,31643000,2011-03-26,OperatingIncomeLoss,2026-08-25
ECHO,receivables,2010-12-31,42247000,2011-03-26,AccountsReceivableNetCurrent,2026-08-25
ECHO,revenue,2010-12-31,513200000,2011-03-26,SalesRevenueNet,2026-08-25
ECL,assets,2010-12-31,4872200000,2011-03-26,Assets,2026-08-25
ECL,cash,2010-12-31,242300000,2011-03-26,CashAndCashEquivalentsAtCarryingValue,2026-08-25
ECL,debt,2010-12-31,656400000,2011-03-26,LongTermDebtNoncurrent,2026-08-25
ECL,equity,2010-12-31,2129200000,2011-03-26,StockholdersEquity,2026-08-25
ECL,inventory,2010-12-31,447600000,2011-03-26,InventoryNet,2026-08-25
ECL,netIncome,2010-12-31,131300000,2011-03-26,NetIncomeLoss,2026-08-25
ECL,operatingIncome,2010-12-31,203600000,2011-03-26,OperatingIncomeLoss,2026-08-25
ECL,receivables,2010-12-31,999600000,2011-03-26,AccountsReceivableNetCurrent,2026-08-25
ECL,revenue,2010-12-31,1575500000,2011-03-26,SalesRevenueNet,2026-08-25
ECL,shares,2010-12-31,232500000,2011-03-26,CommonStockSharesOutstanding,2026-08-25
ED,assets,2010-12-31,36348000000,2011-03-26,Assets,2026-08-25
ED,cash,2010-12-31,338000000,2011-03-26,CashAndCashEquivalentsAtCarryingValue,2026-08-25
ED,debt,2010-12-31,10671000000,2011-03-26,LongTermDebtNoncurrent,2026-08-25
ED,equity,2010-12-31,11274000000,2011-03-26,StockholdersEquity,2026-08-25
ED,receivables,2010-12-31,1173000000,2011-03-26,AccountsReceivableNetCurrent,2026-08-25
ED,shares,2010-12-31,21976200,2011-03-26,CommonStockSharesOutstanding,2026-08-25
EFX,assets,2010-12-31,3437500000,2011-03-26,Assets,2026-08-25
EFX,cash,2010-12-31,119400000,2011-03-26,CashAndCashEquivalentsAtCarryingValue,2026-08-25
EFX,debt,2010-12-31,978900000,2011-03-26,LongTermDebtNoncurrent,2026-08-25
EFX,equity,2010-12-31,1691400000,2011-03-26,StockholdersEquity,2026-08-25
EFX,liabilities,2010-12-31,1729100000,2011-03-26,Liabilities,2026-08-25
EFX,netIncome,2010-12-31,62200000,2011-03-26,NetIncomeLoss,2026-08-25
EFX,operatingIncome,2010-12-31,109700000,2011-03-26,OperatingIncomeLoss,2026-08-25
EFX,receivables,2010-12-31,262600000,2011-03-26,AccountsReceivableNetCurrent,2026-08-25
EFX,shares,2010-12-31,122600000,2011-03-26,CommonStockSharesOutstanding,2026-08-25
EG,assets,2010-12-31,18384198000,2011-03-26,Assets,2026-08-25
EG,cash,2010-12-31,258408000,2011-03-26,CashAndCashEquivalentsAtCarryingValue,2026-08-25
EG,equity,2010-12-31,6283517000,2011-03-26,StockholdersEquity,2026-08-25
EG,liabilities,2010-12-31,12100681000,2011-03-26,Liabilities,2026-08-25
EG,netIncome,2010-12-31,302533000,2011-03-26,NetIncomeLoss,2026-08-25
EG,shares,2010-12-31,66017000,2011-03-26,CommonStockSharesOutstanding,2026-08-25
EIX,assets,2010-12-31,45530000000,2011-03-26,Assets,2026-08-25
EIX,cash,2010-12-31,1389000000,2011-03-26,CashAndCashEquivalentsAtCarryingValue,2026-08-25
EIX,debt,2010-12-31,12371000000,2011-03-26,LongTermDebtNoncurrent,2026-08-25
EIX,inventory,2010-12-31,568000000,2011-03-26,InventoryNet,2026-08-25
EIX,liabilities,2010-12-31,34036000000,2011-03-26,Liabilities,2026-08-25
EIX,netIncome,2010-12-31,166000000,2011-03-26,NetIncomeLoss,2026-08-25
EIX,operatingIncome,2010-12-31,414000000,2011-03-26,OperatingIncomeLoss,2026-08-25
EIX,revenue,2010-12-31,3069000000,2011-03-26,Revenues,2026-08-25
EIX,shares,2010-12-31,325811206,2011-03-26,CommonStockSharesOutstanding,2026-08-25
EL,assets,2010-12-31,5981800000,2011-03-26,Assets,2026-08-25
EL,cash,2010-12-31,1043100000,2011-03-26,CashAndCashEquivalentsAtCarryingValue,2026-08-25
EL,debt,2010-12-31,1205100000,2011-03-26,LongTermDebtNoncurrent,2026-08-25
EL,equity,2010-12-31,2387000000,2011-03-26,StockholdersEquity,2026-08-25
EL,grossProfit,2010-12-31,1950900000,2011-03-26,GrossProfit,2026-08-25
EL,inventory,2010-12-31,866900000,2011-03-26,InventoryNet,2026-08-25
EL,netIncome,2010-12-31,343900000,2011-03-26,NetIncomeLoss,2026-08-25
EL,operatingIncome,2010-12-31,517700000,2011-03-26,OperatingIncomeLoss,2026-08-25
EL,receivables,2010-12-31,1172500000,2011-03-26,AccountsReceivableNetCurrent,2026-08-25
EL,revenue,2010-12-31,2492000000,2011-03-26,SalesRevenueNet,2026-08-25
ELV,assets,2010-12-31,50166900000,2011-03-26,Assets,2026-08-25
ELV,cash,2010-12-31,1788800000,2011-03-26,CashAndCashEquivalentsAtCarryingValue,2026-08-25
ELV,debt,2010-12-31,8147800000,2011-03-26,LongTermDebtNoncurrent,2026-08-25
ELV,equity,2010-12-31,23812600000,2011-03-26,StockholdersEquity,2026-08-25
ELV,liabilities,2010-12-31,26354300000,2011-03-26,Liabilities,2026-08-25
ELV,netIncome,2010-12-31,548800000,2011-03-26,NetIncomeLoss,2026-08-25
ELV,revenue,2010-12-31,14622000000,2011-03-26,Revenues,2026-08-25
ELV,shares,2010-12-31,377736929,2011-03-26,CommonStockSharesOutstanding,2026-08-25
EME,assets,2010-12-31,2755542000,2011-03-26,Assets,2026-08-25
EME,cash,2010-12-31,710836000,2011-03-26,CashAndCashEquivalentsAtCarryingValue,2026-08-25
EME,equity,2010-12-31,1152943000,2011-03-26,StockholdersEquity,2026-08-25
EME,grossProfit,2010-12-31,201476000,2011-03-26,GrossProfit,2026-08-25
EME,liabilities,2010-12-31,1592697000,2011-03-26,Liabilities,2026-08-25
EME,netIncome,2010-12-31,39976000,2011-03-26,NetIncomeLoss,2026-08-25
EME,receivables,2010-12-31,1090927000,2011-03-26,AccountsReceivableNetCurrent,2026-08-25
EME,revenue,2010-12-31,1300735000,2011-03-26,SalesRevenueNet,2026-08-25
EME,shares,2010-12-31,66660551,2011-03-26,CommonStockSharesOutstanding,2026-08-25
EMR,assets,2010-12-31,22703000000,2011-03-26,Assets,2026-08-25
EMR,buybacks,2010-12-31,51000000,2011-03-26,PaymentsForRepurchaseOfCommonStock,2026-08-25
EMR,capex,2010-12-31,82000000,2011-03-26,PaymentsToAcquirePropertyPlantAndEquipment,2026-08-25
EMR,cash,2010-12-31,1493000000,2011-03-26,CashAndCashEquivalentsAtCarryingValue,2026-08-25
EMR,debt,2010-12-31,4352000000,2011-03-26,LongTermDebtNoncurrent,2026-08-25
EMR,equity,2010-12-31,10170000000,2011-03-26,StockholdersEquity,2026-08-25
EMR,grossProfit,2010-12-31,2163000000,2011-03-26,GrossProfit,2026-08-25
EMR,inventory,2010-12-31,2207000000,2011-03-26,InventoryNet,2026-08-25
EMR,netIncome,2010-12-31,480000000,2011-03-26,NetIncomeLoss,2026-08-25
EMR,operatingCashFlow,2010-12-31,322000000,2011-03-26,NetCashProvidedByUsedInOperatingActivities,2026-08-25
EMR,receivables,2010-12-31,3956000000,2011-03-26,AccountsReceivableNetCurrent,2026-08-25
EMR,revenue,2010-12-31,5535000000,2011-03-26,SalesRevenueNet,2026-08-25
EMR,shares,2010-12-31,754113520,2011-03-26,CommonStockSharesOutstanding,2026-08-25
EOG,assets,2010-12-31,21624233000,2011-03-26,Assets,2026-08-25
EOG,cash,2010-12-31,788853000,2011-03-26,CashAndCashEquivalentsAtCarryingValue,2026-08-25
EOG,debt,2010-12-31,5003341000,2011-03-26,LongTermDebtNoncurrent,2026-08-25
EOG,receivables,2010-12-31,1113279000,2011-03-26,AccountsReceivableNetCurrent,2026-08-25
EOG,shares,2010-12-31,254077000,2011-03-26,CommonStockSharesOutstanding,2026-08-25
EQIX,assets,2010-12-31,4448009000,2011-03-26,Assets,2026-08-25
EQIX,cash,2010-12-31,442841000,2011-03-26,CashAndCashEquivalentsAtCarryingValue,2026-08-25
EQIX,equity,2010-12-31,1863682000,2011-03-26,StockholdersEquity,2026-08-25
EQIX,liabilities,2010-12-31,2567494000,2011-03-26,Liabilities,2026-08-25
EQIX,receivables,2010-12-31,116358000,2011-03-26,AccountsReceivableNetCurrent,2026-08-25
EQIX,shares,2010-12-31,46166689,2011-03-26,CommonStockSharesOutstanding,2026-08-25
EQT,assets,2010-12-31,7098438000,2011-03-26,Assets,2026-08-25
EQT,cash,2010-12-31,0,2011-03-26,CashAndCashEquivalentsAtCarryingValue,2026-08-25
EQT,debt,2010-12-31,1943200000,2011-03-26,LongTermDebtNoncurrent,2026-08-25
EQT,equity,2010-12-31,3078696000,2011-03-26,StockholdersEquity,2026-08-25
EQT,liabilities,2010-12-31,4019742000,2011-03-26,Liabilities,2026-08-25
EQT,operatingIncome,2010-12-31,134655000,2011-03-26,OperatingIncomeLoss,2026-08-25
EQT,receivables,2010-12-31,156709000,2011-03-26,AccountsReceivableNetCurrent,2026-08-25
ERIE,assets,2010-12-31,14344000000,2011-03-26,Assets,2026-08-25
ERIE,cash,2010-12-31,430000000,2011-03-26,CashAndCashEquivalentsAtCarryingValue,2026-08-25
ERIE,equity,2010-12-31,912000000,2011-03-26,StockholdersEquity,2026-08-25
ERIE,liabilities,2010-12-31,8010000000,2011-03-26,Liabilities,2026-08-25
ERIE,netIncome,2010-12-31,12000000,2011-03-26,NetIncomeLoss,2026-08-25
ERIE,revenue,2010-12-31,1401000000,2011-03-26,Revenues,2026-08-25
ES,assets,2010-12-31,14472601000,2011-03-26,Assets,2026-08-25
ES,debt,2010-12-31,4632866000,2011-03-26,LongTermDebtNoncurrent,2026-08-25
ES,equity,2010-12-31,3811176000,2011-03-26,StockholdersEquity,2026-08-25
ES,netIncome,2010-12-31,131300000,2011-03-26,NetIncomeLoss,2026-08-25
ES,operatingIncome,2010-12-31,195300000,2011-03-26,OperatingIncomeLoss,2026-08-25
ES,receivables,2010-12-31,523644000,2011-03-26,AccountsReceivableNetCurrent,2026-08-25
ES,revenue,2010-12-31,1204100000,2011-03-26,Revenues,2026-08-25
ESS,assets,2010-12-31,3732887000,2011-03-26,Assets,2026-08-25
ESS,cash,2010-12-31,13753000,2011-03-26,CashAndCashEquivalentsAtCarryingValue,2026-08-25
ESS,debt,2010-12-31,1832745000,2011-03-26,LongTermDebt,2026-08-25
ESS,equity,2010-12-31,1149946000,2011-03-26,StockholdersEquity,2026-08-25
ESS,liabilities,2010-12-31,2373524000,2011-03-26,Liabilities,2026-08-25
ESS,shares,2010-12-31,31324808,2011-03-26,CommonStockSharesOutstanding,2026-08-25
ETN,assets,2010-12-31,17252000000,2011-03-26,Assets,2026-08-25
ETN,cash,2010-12-31,333000000,2011-03-26,CashAndCashEquivalentsAtCarryingValue,2026-08-25
ETR,assets,2010-12-31,38685276000,2011-03-26,Assets,2026-08-25
ETR,cash,2010-12-31,1294472000,2011-03-26,CashAndCashEquivalentsAtCarryingValue,2026-08-25
ETR,debt,2010-12-31,11317157000,2011-03-26,LongTermDebtNoncurrent,2026-08-25
ETR,equity,2010-12-31,8496400000,2011-03-26,StockholdersEquity,2026-08-25
ETR,netIncome,2010-12-31,228291000,2011-03-26,NetIncomeLoss,2026-08-25
ETR,operatingIncome,2010-12-31,393780000,2011-03-26,OperatingIncomeLoss,2026-08-25
ETR,receivables,2010-12-31,1035582000,2011-03-26,AccountsReceivableNetCurrent,2026-08-25
EW,assets,2010-12-31,1767200000,2011-03-26,Assets,2026-08-25
EW,cash,2010-12-31,396100000,2011-03-26,CashAndCashEquivalentsAtCarryingValue,2026-08-25
EW,equity,2010-12-31,1308200000,2011-03-26,StockholdersEquity,2026-08-25
EW,grossProfit,2010-12-31,278900000,2011-03-26,GrossProfit,2026-08-25
EW,inventory,2010-12-31,203600000,2011-03-26,InventoryNet,2026-08-25
EW,receivables,2010-12-31,277300000,2011-03-26,AccountsReceivableNetCurrent,2026-08-25
EW,revenue,2010-12-31,392400000,2011-03-26,SalesRevenueNet,2026-08-25
EW,shares,2010-12-31,115000000,2011-03-26,CommonStockSharesOutstanding,2026-08-25
EXC,assets,2010-12-31,52240000000,2011-03-26,Assets,2026-08-25
EXC,cash,2010-12-31,1612000000,2011-03-26,CashAndCashEquivalentsAtCarryingValue,2026-08-25
EXC,debt,2010-12-31,11614000000,2011-03-26,LongTermDebtNoncurrent,2026-08-25
EXC,equity,2010-12-31,13560000000,2011-03-26,StockholdersEquity,2026-08-25
EXC,liabilities,2010-12-31,38590000000,2011-03-26,Liabilities,2026-08-25
EXC,netIncome,2010-12-31,524000000,2011-03-26,NetIncomeLoss,2026-08-25
EXC,operatingIncome,2010-12-31,939000000,2011-03-26,OperatingIncomeLoss,2026-08-25
EXC,receivables,2010-12-31,1932000000,2011-03-26,AccountsReceivableNetCurrent,2026-08-25
EXC,revenue,2010-12-31,4494000000,2011-03-26,Revenues,2026-08-25
EXC,shares,2010-12-31,661845411,2011-03-26,CommonStockSharesOutstanding,2026-08-25
EXE,assets,2010-12-31,37179000000,2011-03-26,Assets,2026-08-25
EXE,cash,2010-12-31,102000000,2011-03-26,CashAndCashEquivalentsAtCarryingValue,2026-08-25
EXE,debt,2010-12-31,12640000000,2011-03-26,LongTermDebtNoncurrent,2026-08-25
EXE,equity,2010-12-31,15264000000,2011-03-26,StockholdersEquity,2026-08-25
EXE,grossProfit,2010-12-31,329000000,2011-03-26,GrossProfit,2026-08-25
EXE,netIncome,2010-12-31,223000000,2011-03-26,NetIncomeLoss,2026-08-25
EXE,receivables,2010-12-31,1974000000,2011-03-26,AccountsReceivableNetCurrent,2026-08-25
EXE,revenue,2010-12-31,1975000000,2011-03-26,Revenues,2026-08-25
EXE,shares,2010-12-31,655251000,2011-03-26,CommonStockSharesOutstanding,2026-08-25
EXPD,assets,2010-12-31,2679179000,2011-03-26,Assets,2026-08-25
EXPD,cash,2010-12-31,1084465000,2011-03-26,CashAndCashEquivalentsAtCarryingValue,2026-08-25
EXPD,equity,2010-12-31,1740906000,2011-03-26,StockholdersEquity,2026-08-25
EXPD,grossProfit,2010-12-31,453362000,2011-03-26,GrossProfit,2026-08-25
EXPD,netIncome,2010-12-31,96502000,2011-03-26,NetIncomeLoss,2026-08-25
EXPD,receivables,2010-12-31,1003884000,2011-03-26,AccountsReceivableNetCurrent,2026-08-25
EXPD,revenue,2010-12-31,1582135000,2011-03-26,Revenues,2026-08-25
EXPD,shares,2010-12-31,212047774,2011-03-26,CommonStockSharesOutstanding,2026-08-25
EXPE,assets,2010-12-31,6656922000,2011-03-26,Assets,2026-08-25
EXPE,cash,2010-12-31,621199000,2011-03-26,CashAndCashEquivalentsAtCarryingValue,2026-08-25
EXPE,debt,2010-12-31,1249221000,2011-03-26,LongTermDebtNoncurrent,2026-08-25
EXPE,equity,2010-12-31,2672544000,2011-03-26,StockholdersEquity,2026-08-25
EXPE,netIncome,2010-12-31,71293000,2011-03-26,NetIncomeLoss,2026-08-25
EXPE,operatingIncome,2010-12-31,112935000,2011-03-26,OperatingIncomeLoss,2026-08-25
EXPE,receivables,2010-12-31,275846000,2011-03-26,AccountsReceivableNetCurrent,2026-08-25
EXPE,revenue,2010-12-31,737591000,2011-03-26,SalesRevenueNet,2026-08-25
EXR,assets,2010-12-31,2249820000,2011-03-26,Assets,2026-08-25
EXR,cash,2010-12-31,46750000,2011-03-26,CashAndCashEquivalentsAtCarryingValue,2026-08-25
EXR,equity,2010-12-31,881401000,2011-03-26,StockholdersEquity,2026-08-25
EXR,liabilities,2010-12-31,1310749000,2011-03-26,Liabilities,2026-08-25
EXR,operatingIncome,2010-12-31,23585000,2011-03-26,OperatingIncomeLoss,2026-08-25
EXR,shares,2010-12-31,87587322,2011-03-26,CommonStockSharesOutstanding,2026-08-25
F,assets,2010-12-31,164687000000,2011-03-26,Assets,2026-08-25
F,cash,2010-12-31,14805000000,2011-03-26,CashAndCashEquivalentsAtCarryingValue,2026-08-25
F,equity,2010-12-31,-673000000,2011-03-26,StockholdersEquity,2026-08-25
F,inventory,2010-12-31,5917000000,2011-03-26,InventoryNet,2026-08-25
F,liabilities,2010-12-31,165329000000,2011-03-26,Liabilities,2026-08-25
F,netIncome,2010-12-31,190000000,2011-03-26,NetIncomeLoss,2026-08-25
FANG,cash,2010-12-31,4119000,2011-03-26,CashAndCashEquivalentsAtCarryingValue,2026-08-25
FAST,assets,2010-12-31,1468283000,2011-03-26,Assets,2026-08-25
FAST,cash,2010-12-31,143693000,2011-03-26,CashAndCashEquivalentsAtCarryingValue,2026-08-25
FAST,equity,2010-12-31,1282512000,2011-03-26,StockholdersEquity,2026-08-25
FAST,grossProfit,2010-12-31,298617000,2011-03-26,GrossProfit,2026-08-25
FAST,inventory,2010-12-31,557369000,2011-03-26,InventoryNet,2026-08-25
FAST,netIncome,2010-12-31,65161000,2011-03-26,NetIncomeLoss,2026-08-25
FAST,receivables,2010-12-31,270133000,2011-03-26,AccountsReceivableNetCurrent,2026-08-25
FAST,revenue,2010-12-31,573766000,2011-03-26,SalesRevenueNet,2026-08-25
FAST,shares,2010-12-31,294861424,2011-03-26,CommonStockSharesOutstanding,2026-08-25
FCX,assets,2010-12-31,29386000000,2011-03-26,Assets,2026-08-25
FCX,cash,2010-12-31,4822000000,2011-03-26,CashAndCashEquivalentsAtCarryingValue,2026-08-25
FCX,debt,2010-12-31,4660000000,2011-03-26,LongTermDebtNoncurrent,2026-08-25
FCX,equity,2010-12-31,12504000000,2011-03-26,StockholdersEquity,2026-08-25
FCX,liabilities,2010-12-31,14826000000,2011-03-26,Liabilities,2026-08-25
FCX,operatingIncome,2010-12-31,3097000000,2011-03-26,OperatingIncomeLoss,2026-08-25
FCX,receivables,2010-12-31,2132000000,2011-03-26,AccountsReceivableNetCurrent,2026-08-25
FCX,shares,2010-12-31,945000000,2011-03-26,CommonStockSharesOutstanding,2026-08-25
FDS,assets,2010-11-30,659407000,2011-02-23,Assets,2026-08-25
FDS,buybacks,2010-11-30,26107000,2011-02-23,PaymentsForRepurchaseOfCommonStock,2026-08-25
FDS,capex,2010-11-30,8021000,2011-02-23,PaymentsToAcquirePropertyPlantAndEquipment,2026-08-25
FDS,cash,2010-11-30,202351000,2011-02-23,CashAndCashEquivalentsAtCarryingValue,2026-08-25
FDS,equity,2010-11-30,542558000,2011-02-23,StockholdersEquity,2026-08-25
FDS,liabilities,2010-11-30,116849000,2011-02-23,Liabilities,2026-08-25
FDS,netIncome,2010-11-30,41601000,2011-02-23,NetIncomeLoss,2026-08-25
FDS,operatingCashFlow,2010-11-30,22184000,2011-02-23,NetCashProvidedByUsedInOperatingActivities,2026-08-25
FDS,operatingIncome,2010-11-30,59429000,2011-02-23,OperatingIncomeLoss,2026-08-25
FDS,receivables,2010-11-30,63869000,2011-02-23,AccountsReceivableNetCurrent,2026-08-25
FDS,revenue,2010-11-30,173289000,2011-02-23,Revenues,2026-08-25
FDS,shares,2010-11-30,46347000,2011-02-23,CommonStockSharesOutstanding,2026-08-25
FDX,assets,2010-11-30,26093000000,2011-02-23,Assets,2026-08-25
FDX,cash,2010-11-30,1877000000,2011-02-23,CashAndCashEquivalentsAtCarryingValue,2026-08-25
FDX,equity,2010-11-30,14561000000,2011-02-23,StockholdersEquity,2026-08-25
FDX,netIncome,2010-11-30,283000000,2011-02-23,NetIncomeLoss,2026-08-25
FDX,operatingIncome,2010-11-30,469000000,2011-02-23,OperatingIncomeLoss,2026-08-25
FDX,revenue,2010-11-30,9632000000,2011-02-23,Revenues,2026-08-25
FE,assets,2010-12-31,35531000000,2011-03-26,Assets,2026-08-25
FE,cash,2010-12-31,1019000000,2011-03-26,CashAndCashEquivalentsAtCarryingValue,2026-08-25
FE,equity,2010-12-31,8984000000,2011-03-26,StockholdersEquity,2026-08-25
FE,inventory,2010-12-31,638000000,2011-03-26,InventoryNet,2026-08-25
FE,netIncome,2010-12-31,185000000,2011-03-26,NetIncomeLoss,2026-08-25
FE,operatingIncome,2010-12-31,448000000,2011-03-26,OperatingIncomeLoss,2026-08-25
FE,receivables,2010-12-31,1392000000,2011-03-26,AccountsReceivableNetCurrent,2026-08-25
FE,shares,2010-12-31,304835407,2011-03-26,CommonStockSharesOutstanding,2026-08-25
FFIV,assets,2010-12-31,1475837000,2011-03-26,Assets,2026-08-25
FFIV,buybacks,2010-12-31,24998000,2011-03-26,PaymentsForRepurchaseOfCommonStock,2026-08-25
FFIV,capex,2010-12-31,5491000,2011-03-26,PaymentsToAcquirePropertyPlantAndEquipment,2026-08-25
FFIV,cash,2010-12-31,168133000,2011-03-26,CashAndCashEquivalentsAtCarryingValue,2026-08-25
FFIV,grossProfit,2010-12-31,219971000,2011-03-26,GrossProfit,2026-08-25
FFIV,inventory,2010-12-31,18184000,2011-03-26,InventoryNet,2026-08-25
FFIV,netIncome,2010-12-31,55663000,2011-03-26,NetIncomeLoss,2026-08-25
FFIV,operatingCashFlow,2010-12-31,103139000,2011-03-26,NetCashProvidedByUsedInOperatingActivities,2026-08-25
FFIV,operatingIncome,2010-12-31,79856000,2011-03-26,OperatingIncomeLoss,2026-08-25
FFIV,receivables,2010-12-31,141986000,2011-03-26,AccountsReceivableNetCurrent,2026-08-25
FFIV,revenue,2010-12-31,268934000,2011-03-26,SalesRevenueNet,2026-08-25
FFIV,rnd,2010-12-31,32606000,2011-03-26,ResearchAndDevelopmentExpense,2026-08-25
FFIV,shares,2010-12-31,80732000,2011-03-26,CommonStockSharesOutstanding,2026-08-25
FICO,assets,2010-12-31,1136144000,2011-03-26,Assets,2026-08-25
FICO,buybacks,2010-12-31,2169000,2011-03-26,PaymentsForRepurchaseOfCommonStock,2026-08-25
FICO,capex,2010-12-31,1328000,2011-03-26,PaymentsToAcquirePropertyPlantAndEquipment,2026-08-25
FICO,cash,2010-12-31,196432000,2011-03-26,CashAndCashEquivalentsAtCarryingValue,2026-08-25
FICO,equity,2010-12-31,491458000,2011-03-26,StockholdersEquity,2026-08-25
FICO,grossProfit,2010-12-31,110128000,2011-03-26,GrossProfit,2026-08-25
FICO,liabilities,2010-12-31,644686000,2011-03-26,Liabilities,2026-08-25
FICO,netIncome,2010-12-31,16009000,2011-03-26,NetIncomeLoss,2026-08-25
FICO,operatingCashFlow,2010-12-31,32880000,2011-03-26,NetCashProvidedByUsedInOperatingActivities,2026-08-25
FICO,operatingIncome,2010-12-31,29636000,2011-03-26,OperatingIncomeLoss,2026-08-25
FICO,receivables,2010-12-31,105215000,2011-03-26,AccountsReceivableNetCurrent,2026-08-25
FICO,revenue,2010-12-31,155931000,2011-03-26,SalesRevenueNet,2026-08-25
FICO,rnd,2010-12-31,18061000,2011-03-26,ResearchAndDevelopmentExpense,2026-08-25
FICO,shares,2010-12-31,40062000,2011-03-26,CommonStockSharesOutstanding,2026-08-25
FIS,assets,2010-12-31,14176300000,2011-03-26,Assets,2026-08-25
FIS,cash,2010-12-31,338000000,2011-03-26,CashAndCashEquivalentsAtCarryingValue,2026-08-25
FIS,debt,2010-12-31,4935200000,2011-03-26,LongTermDebtNoncurrent,2026-08-25
FIS,equity,2010-12-31,6403200000,2011-03-26,StockholdersEquity,2026-08-25
FIS,liabilities,2010-12-31,7614700000,2011-03-26,Liabilities,2026-08-25
FIS,receivables,2010-12-31,839400000,2011-03-26,AccountsReceivableNetCurrent,2026-08-25
FISV,assets,2010-12-31,8281000000,2011-03-26,Assets,2026-08-25
FISV,cash,2010-12-31,563000000,2011-03-26,CashAndCashEquivalentsAtCarryingValue,2026-08-25
FISV,debt,2010-12-31,3353000000,2011-03-26,LongTermDebtNoncurrent,2026-08-25
FISV,equity,2010-12-31,3229000000,2011-03-26,StockholdersEquity,2026-08-25
FISV,liabilities,2010-12-31,5052000000,2011-03-26,Liabilities,2026-08-25
FISV,netIncome,2010-12-31,116000000,2011-03-26,NetIncomeLoss,2026-08-25
FISV,operatingIncome,2010-12-31,267000000,2011-03-26,OperatingIncomeLoss,2026-08-25
FISV,receivables,2010-12-31,572000000,2011-03-26,AccountsReceivableNetCurrent,2026-08-25
FISV,revenue,2010-12-31,1078000000,2011-03-26,Revenues,2026-08-25
FITB,assets,2010-12-31,111007000000,2011-03-26,Assets,2026-08-25
FITB,debt,2010-12-31,9558000000,2011-03-26,LongTermDebt,2026-08-25
FITB,equity,2010-12-31,14051000000,2011-03-26,StockholdersEquity,2026-08-25
FITB,liabilities,2010-12-31,96927000000,2011-03-26,Liabilities,2026-08-25
FITB,shares,2010-12-31,796272522,2011-03-26,CommonStockSharesOutstanding,2026-08-25
FIX,assets,2010-12-31,640020000,2011-03-26,Assets,2026-08-25
FIX,cash,2010-12-31,86346000,2011-03-26,CashAndCashEquivalentsAtCarryingValue,2026-08-25
FIX,equity,2010-12-31,312784000,2011-03-26,StockholdersEquity,2026-08-25
FIX,inventory,2010-12-31,9365000,2011-03-26,InventoryNet,2026-08-25
FIX,liabilities,2010-12-31,327236000,2011-03-26,Liabilities,2026-08-25
FIX,receivables,2010-12-31,233893000,2011-03-26,AccountsReceivableNetCurrent,2026-08-25
FLEX,assets,2010-12-31,11704317000,2011-03-26,Assets,2026-08-25
FLEX,cash,2010-12-31,1598058000,2011-03-26,CashAndCashEquivalentsAtCarryingValue,2026-08-25
FLEX,debt,2010-12-31,2204045000,2011-03-26,LongTermDebtNoncurrent,2026-08-25
FLEX,grossProfit,2010-12-31,434880000,2011-03-26,GrossProfit,2026-08-25
FLEX,inventory,2010-12-31,3523410000,2011-03-26,InventoryNet,2026-08-25
FLEX,netIncome,2010-12-31,198290000,2011-03-26,NetIncomeLoss,2026-08-25
FLEX,receivables,2010-12-31,2509095000,2011-03-26,AccountsReceivableNetCurrent,2026-08-25
FLEX,revenue,2010-12-31,7832856000,2011-03-26,Revenues,2026-08-25
FLEX,shares,2010-12-31,759134386,2011-03-26,CommonStockSharesOutstanding,2026-08-25
FRT,assets,2010-12-31,3159553000,2011-03-26,Assets,2026-08-25
FRT,cash,2010-12-31,15797000,2011-03-26,CashAndCashEquivalentsAtCarryingValue,2026-08-25
FRT,equity,2010-12-31,1094736000,2011-03-26,StockholdersEquity,2026-08-25
FRT,liabilities,2010-12-31,1978423000,2011-03-26,Liabilities,2026-08-25
FRT,netIncome,2010-12-31,32816000,2011-03-26,NetIncomeLoss,2026-08-25
FRT,operatingIncome,2010-12-31,58762000,2011-03-26,OperatingIncomeLoss,2026-08-25
FRT,revenue,2010-12-31,137334000,2011-03-26,Revenues,2026-08-25
FRT,shares,2010-12-31,61526418,2011-03-26,CommonStockSharesOutstanding,2026-08-25
FSLR,assets,2010-12-31,4380403000,2011-03-26,Assets,2026-08-25
FSLR,cash,2010-12-31,765689000,2011-03-26,CashAndCashEquivalentsAtCarryingValue,2026-08-25
FSLR,debt,2010-12-31,237391000,2011-03-26,LongTermDebt,2026-08-25
FSLR,equity,2010-12-31,3454945000,2011-03-26,StockholdersEquity,2026-08-25
FSLR,inventory,2010-12-31,195863000,2011-03-26,InventoryNet,2026-08-25
FSLR,liabilities,2010-12-31,925458000,2011-03-26,Liabilities,2026-08-25
FSLR,receivables,2010-12-31,305537000,2011-03-26,AccountsReceivableNetCurrent,2026-08-25
FSLR,shares,2010-12-31,85843511,2011-03-26,CommonStockSharesOutstanding,2026-08-25
FTNT,assets,2010-12-31,545422000,2011-03-26,Assets,2026-08-25
FTNT,cash,2010-12-31,66859000,2011-03-26,CashAndCashEquivalentsAtCarryingValue,2026-08-25
FTNT,equity,2010-12-31,232453000,2011-03-26,StockholdersEquity,2026-08-25
FTNT,inventory,2010-12-31,13517000,2011-03-26,InventoryNet,2026-08-25
FTNT,liabilities,2010-12-31,312968000,2011-03-26,Liabilities,2026-08-25
FTNT,receivables,2010-12-31,72336000,2011-03-26,AccountsReceivableNetCurrent,2026-08-25
FTNT,shares,2010-12-31,148763000,2011-03-26,CommonStockSharesOutstanding,2026-08-25
GD,assets,2010-12-31,32545000000,2011-03-26,Assets,2026-08-25
GD,cash,2010-12-31,2613000000,2011-03-26,CashAndCashEquivalentsAtCarryingValue,2026-08-25
GD,debt,2010-12-31,2430000000,2011-03-26,LongTermDebtNoncurrent,2026-08-25
GD,equity,2010-12-31,13316000000,2011-03-26,StockholdersEquity,2026-08-25
GD,inventory,2010-12-31,2158000000,2011-03-26,InventoryNet,2026-08-25
GD,netIncome,2010-10-03,650000000,2010-11-22,NetIncomeLoss,2026-08-25
GD,operatingIncome,2010-10-03,966000000,2010-11-22,OperatingIncomeLoss,2026-08-25
GD,receivables,2010-12-31,3848000000,2011-03-26,AccountsReceivableNetCurrent,2026-08-25
GD,revenue,2010-10-03,8011000000,2010-11-22,Revenues,2026-08-25
GD,shares,2010-12-31,372052313,2011-03-26,CommonStockSharesOutstanding,2026-08-25
GE,assets,2010-12-31,748491000000,2011-03-26,Assets,2026-08-25
GE,cash,2010-12-31,78943000000,2011-03-26,CashAndCashEquivalentsAtCarryingValue,2026-08-25
GE,equity,2010-12-31,118936000000,2011-03-26,StockholdersEquity,2026-08-25
GE,grossProfit,2010-12-31,8278000000,2011-03-26,GrossProfit,2026-08-25
GE,inventory,2010-12-31,11526000000,2011-03-26,InventoryNet,2026-08-25
GE,liabilities,2010-12-31,623595000000,2011-03-26,Liabilities,2026-08-25
GE,netIncome,2010-12-31,4535000000,2011-03-26,NetIncomeLoss,2026-08-25
GE,receivables,2010-12-31,18621000000,2011-03-26,AccountsReceivableNetCurrent,2026-08-25
GE,revenue,2010-12-31,12814000000,2011-03-26,Revenues,2026-08-25
GE,shares,2010-12-31,10615376000,2011-03-26,CommonStockSharesOutstanding,2026-08-25
GEN,assets,2010-12-31,12163000000,2011-03-26,Assets,2026-08-25
GEN,cash,2010-12-31,2445000000,2011-03-26,CashAndCashEquivalentsAtCarryingValue,2026-08-25
GEN,equity,2010-12-31,4455000000,2011-03-26,StockholdersEquity,2026-08-25
GEN,grossProfit,2010-12-31,1340000000,2011-03-26,GrossProfit,2026-08-25
GEN,inventory,2010-12-31,32000000,2011-03-26,InventoryNet,2026-08-25
GEN,liabilities,2010-12-31,7622000000,2011-03-26,Liabilities,2026-08-25
GEN,netIncome,2010-12-31,132000000,2011-03-26,NetIncomeLoss,2026-08-25
GEN,operatingIncome,2010-12-31,229000000,2011-03-26,OperatingIncomeLoss,2026-08-25
GEN,receivables,2010-12-31,976000000,2011-03-26,AccountsReceivableNetCurrent,2026-08-25
GEN,revenue,2010-12-31,1604000000,2011-03-26,Revenues,2026-08-25
GEN,rnd,2010-12-31,220000000,2011-03-26,ResearchAndDevelopmentExpense,2026-08-25
GILD,assets,2010-12-31,11592630000,2011-03-26,Assets,2026-08-25
GILD,cash,2010-12-31,907879000,2011-03-26,CashAndCashEquivalentsAtCarryingValue,2026-08-25
GILD,equity,2010-12-31,5863729000,2011-03-26,StockholdersEquity,2026-08-25
GILD,grossProfit,2010-12-31,1433901000,2011-03-26,GrossProfit,2026-08-25
GILD,inventory,2010-12-31,1203809000,2011-03-26,InventoryNet,2026-08-25
GILD,netIncome,2010-12-31,629419000,2011-03-26,NetIncomeLoss,2026-08-25
GILD,receivables,2010-12-31,1621966000,2011-03-26,AccountsReceivableNetCurrent,2026-08-25
GILD,revenue,2010-12-31,1998687000,2011-03-26,Revenues,2026-08-25
GILD,shares,2010-12-31,801998000,2011-03-26,CommonStockSharesOutstanding,2026-08-25
GIS,assets,2010-11-28,18378500000,2011-02-21,Assets,2026-08-25
GIS,cash,2010-11-28,566300000,2011-02-21,CashAndCashEquivalentsAtCarryingValue,2026-08-25
GIS,debt,2010-11-28,5875800000,2011-02-21,LongTermDebt,2026-08-25
GIS,equity,2010-11-28,5639600000,2011-02-21,StockholdersEquity,2026-08-25
GIS,grossProfit,2010-11-28,1634000000,2011-02-21,GrossProfit,2026-08-25
GIS,inventory,2010-11-28,1706000000,2011-02-21,InventoryNet,2026-08-25
GIS,liabilities,2010-11-28,12493700000,2011-02-21,Liabilities,2026-08-25
GIS,netIncome,2010-11-28,613900000,2011-02-21,NetIncomeLoss,2026-08-25
GIS,operatingIncome,2010-11-28,822900000,2011-02-21,OperatingIncomeLoss,2026-08-25
GL,assets,2010-12-31,15622973000,2011-03-26,Assets,2026-08-25
GL,cash,2010-12-31,365679000,2011-03-26,CashAndCashEquivalentsAtCarryingValue,2026-08-25
GL,debt,2010-12-31,789643000,2011-03-26,LongTermDebtNoncurrent,2026-08-25
GL,equity,2010-12-31,3667329000,2011-03-26,StockholdersEquity,2026-08-25
GL,liabilities,2010-12-31,11955644000,2011-03-26,Liabilities,2026-08-25
GL,netIncome,2010-12-31,154808000,2011-03-26,NetIncomeLoss,2026-08-25
GL,revenue,2010-12-31,847171000,2011-03-26,Revenues,2026-08-25
GLW,assets,2010-12-31,25833000000,2011-03-26,Assets,2026-08-25
GLW,cash,2010-12-31,4598000000,2011-03-26,CashAndCashEquivalentsAtCarryingValue,2026-08-25
GLW,debt,2010-12-31,2319000000,2011-03-26,LongTermDebt,2026-08-25
GLW,equity,2010-12-31,19375000000,2011-03-26,StockholdersEquity,2026-08-25
GLW,inventory,2010-12-31,738000000,2011-03-26,InventoryNet,2026-08-25
GLW,liabilities,2010-12-31,6407000000,2011-03-26,Liabilities,2026-08-25
GLW,receivables,2010-12-31,973000000,2011-03-26,AccountsReceivableNetCurrent,2026-08-25
GM,assets,2010-12-31,138898000000,2011-03-26,Assets,2026-08-25
GM,cash,2010-12-31,21256000000,2011-03-26,CashAndCashEquivalentsAtCarryingValue,2026-08-25
GM,equity,2010-12-31,36180000000,2011-03-26,StockholdersEquity,2026-08-25
GM,grossProfit,2010-12-31,3582000000,2011-03-26,GrossProfit,2026-08-25
GM,liabilities,2010-12-31,101739000000,2011-03-26,Liabilities,2026-08-25
GM,netIncome,2010-12-31,1406000000,2011-03-26,NetIncomeLoss,2026-08-25
GM,revenue,2010-12-31,36882000000,2011-03-26,Revenues,2026-08-25
GM,shares,2010-12-31,1500136998,2011-03-26,CommonStockSharesOutstanding,2026-08-25
GNRC,assets,2010-12-31,1209883000,2011-03-26,Assets,2026-08-25
GNRC,cash,2010-12-31,78583000,2011-03-26,CashAndCashEquivalentsAtCarryingValue,2026-08-25
GNRC,debt,2010-12-31,657229000,2011-03-26,LongTermDebtNoncurrent,2026-08-25
GNRC,equity,2010-12-31,441067000,2011-03-26,StockholdersEquity,2026-08-25
GNRC,inventory,2010-12-31,127137000,2011-03-26,InventoryNet,2026-08-25
GNRC,liabilities,2010-12-31,768816000,2011-03-26,Liabilities,2026-08-25
GPC,assets,2010-12-31,5788227000,2011-03-26,Assets,2026-08-25
GPC,cash,2010-12-31,529968000,2011-03-26,CashAndCashEquivalentsAtCarryingValue,2026-08-25
GPC,debt,2010-12-31,250000000,2011-03-26,LongTermDebtNoncurrent,2026-08-25
GPC,equity,2010-12-31,2793819000,2011-03-26,StockholdersEquity,2026-08-25
GPC,inventory,2010-12-31,2224717000,2011-03-26,InventoryNet,2026-08-25
GPC,shares,2010-12-31,157636261,2011-03-26,CommonStockSharesOutstanding,2026-08-25
GPN,assets,2010-11-30,2056590000,2011-02-23,Assets,2026-08-25
GPN,cash,2010-11-30,663660000,2011-02-23,CashAndCashEquivalentsAtCarryingValue,2026-08-25
GPN,equity,2010-11-30,988529000,2011-02-23,StockholdersEquity,2026-08-25
GPN,inventory,2010-11-30,7737000,2011-02-23,InventoryNet,2026-08-25
GPN,liabilities,2010-11-30,942846000,2011-02-23,Liabilities,2026-08-25
GPN,netIncome,2010-11-30,53505000,2011-02-23,NetIncomeLoss,2026-08-25
GPN,operatingIncome,2010-11-30,83143000,2011-02-23,OperatingIncomeLoss,2026-08-25
GPN,receivables,2010-11-30,149366000,2011-02-23,AccountsReceivableNetCurrent,2026-08-25
GPN,revenue,2010-11-30,443526000,2011-02-23,Revenues,2026-08-25
GPN,shares,2010-11-30,79745066,2011-02-23,CommonStockSharesOutstanding,2026-08-25
GRMN,assets,2010-12-25,3988688000,2011-03-20,Assets,2026-08-25
GRMN,cash,2010-12-25,1260936000,2011-03-20,CashAndCashEquivalentsAtCarryingValue,2026-08-25
GRMN,equity,2010-12-25,3049562000,2011-03-20,StockholdersEquity,2026-08-25
GRMN,grossProfit,2010-12-25,379793000,2011-03-20,GrossProfit,2026-08-25
GRMN,inventory,2010-12-25,387577000,2011-03-20,InventoryNet,2026-08-25
GRMN,netIncome,2010-12-25,132906000,2011-03-20,NetIncomeLoss,2026-08-25
GRMN,receivables,2010-12-25,747249000,2011-03-20,AccountsReceivableNetCurrent,2026-08-25
GRMN,revenue,2010-12-25,837715000,2011-03-20,SalesRevenueNet,2026-08-25
GRMN,shares,2010-12-25,194358038,2011-03-20,CommonStockSharesOutstanding,2026-08-25
GS,assets,2010-12-31,911332000000,2011-03-26,Assets,2026-08-25
GS,cash,2010-12-31,39788000000,2011-03-26,CashAndCashEquivalentsAtCarryingValue,2026-08-25
GS,debt,2010-12-31,188247000000,2011-03-26,LongTermDebtNoncurrent,2026-08-25
GS,equity,2010-12-31,77356000000,2011-03-26,StockholdersEquity,2026-08-25
GS,liabilities,2010-12-31,833976000000,2011-03-26,Liabilities,2026-08-25
GS,shares,2010-12-31,507530772,2011-03-26,CommonStockSharesOutstanding,2026-08-25
GWW,assets,2010-12-31,3904377000,2011-03-26,Assets,2026-08-25
GWW,cash,2010-12-31,313454000,2011-03-26,CashAndCashEquivalentsAtCarryingValue,2026-08-25
GWW,debt,2010-12-31,420446000,2011-03-26,LongTermDebtNoncurrent,2026-08-25
GWW,equity,2010-12-31,2205216000,2011-03-26,StockholdersEquity,2026-08-25
GWW,grossProfit,2010-12-31,763132000,2011-03-26,GrossProfit,2026-08-25
GWW,inventory,2010-12-31,991577000,2011-03-26,InventoryNet,2026-08-25
GWW,netIncome,2010-12-31,132210000,2011-03-26,NetIncomeLoss,2026-08-25
GWW,operatingIncome,2010-12-31,211402000,2011-03-26,OperatingIncomeLoss,2026-08-25
GWW,receivables,2010-12-31,762895000,2011-03-26,AccountsReceivableNetCurrent,2026-08-25
GWW,revenue,2010-12-31,1826696000,2011-03-26,SalesRevenueNet,2026-08-25
HAL,assets,2010-12-31,18297000000,2011-03-26,Assets,2026-08-25
HAL,cash,2010-12-31,1398000000,2011-03-26,CashAndCashEquivalentsAtCarryingValue,2026-08-25
HAL,debt,2010-12-31,3824000000,2011-03-26,LongTermDebtNoncurrent,2026-08-25
HAL,equity,2010-12-31,10373000000,2011-03-26,StockholdersEquity,2026-08-25
HAL,inventory,2010-12-31,1940000000,2011-03-26,InventoryNet,2026-08-25
HAL,liabilities,2010-12-31,7910000000,2011-03-26,Liabilities,2026-08-25
HAL,shares,2010-12-31,910000000,2011-03-26,CommonStockSharesOutstanding,2026-08-25
HAS,assets,2010-12-26,4093226000,2011-03-21,Assets,2026-08-25
HAS,cash,2010-12-26,727796000,2011-03-21,CashAndCashEquivalentsAtCarryingValue,2026-08-25
HAS,debt,2010-12-26,1397681000,2011-03-21,LongTermDebtNoncurrent,2026-08-25
HAS,equity,2010-12-26,1615420000,2011-03-21,StockholdersEquity,2026-08-25
HAS,inventory,2010-12-26,364194000,2011-03-21,InventoryNet,2026-08-25
HAS,liabilities,2010-12-26,2477806000,2011-03-21,Liabilities,2026-08-25
HAS,netIncome,2010-12-26,140014000,2011-03-21,NetIncomeLoss,2026-08-25
HAS,operatingIncome,2010-12-26,201049000,2011-03-21,OperatingIncomeLoss,2026-08-25
HAS,receivables,2010-12-26,961252000,2011-03-21,AccountsReceivableNetCurrent,2026-08-25
HAS,revenue,2010-12-26,1278697000,2011-03-21,SalesRevenueNet,2026-08-25
HBAN,assets,2010-12-31,53819642000,2011-03-26,Assets,2026-08-25
HBAN,cash,2010-12-31,1115968000,2011-03-26,CashAndCashEquivalentsAtCarryingValue,2026-08-25
HBAN,equity,2010-12-31,5416121000,2011-03-26,StockholdersEquity,2026-08-25
HBAN,liabilities,2010-12-31,48839100000,2011-03-26,Liabilities,2026-08-25
HBAN,netIncome,2010-12-31,122900000,2011-03-26,NetIncomeLoss,2026-08-25
HBAN,shares,2010-12-31,863319435,2011-03-26,CommonStockSharesOutstanding,2026-08-25
HCA,assets,2010-12-31,23852000000,2011-03-26,Assets,2026-08-25
HCA,cash,2010-12-31,411000000,2011-03-26,CashAndCashEquivalentsAtCarryingValue,2026-08-25
HCA,debt,2010-12-31,27633000000,2011-03-26,LongTermDebtNoncurrent,2026-08-25
HCA,equity,2010-12-31,11926000000,2011-03-26,StockholdersEquity,2026-08-25
HCA,inventory,2010-12-31,897000000,2011-03-26,InventoryNet,2026-08-25
HCA,netIncome,2010-12-31,283000000,2011-03-26,NetIncomeLoss,2026-08-25
HCA,receivables,2010-12-31,3832000000,2011-03-26,AccountsReceivableNetCurrent,2026-08-25
HCA,shares,2010-12-31,427458800,2011-03-26,CommonStockSharesOutstanding,2026-08-25
HD,assets,2010-10-31,41741000000,2010-12-20,Assets,2026-08-25
HD,cash,2010-10-31,1425000000,2010-12-20,CashAndCashEquivalentsAtCarryingValue,2026-08-25
HD,equity,2010-10-31,19115000000,2010-12-20,StockholdersEquity,2026-08-25
HD,grossProfit,2010-10-31,5685000000,2010-12-20,GrossProfit,2026-08-25
HD,liabilities,2010-10-31,22626000000,2010-12-20,Liabilities,2026-08-25
HD,netIncome,2010-10-31,834000000,2010-12-20,NetIncomeLoss,2026-08-25
HD,operatingIncome,2010-10-31,1448000000,2010-12-20,OperatingIncomeLoss,2026-08-25
HD,receivables,2010-10-31,1295000000,2010-12-20,AccountsReceivableNetCurrent,2026-08-25
HD,revenue,2010-10-31,16598000000,2010-12-20,Revenues,2026-08-25
HD,shares,2010-10-31,1642000000,2010-12-20,CommonStockSharesOutstanding,2026-08-25
HIG,assets,2010-12-31,318346000000,2011-03-26,Assets,2026-08-25
HIG,debt,2010-12-31,6207000000,2011-03-26,LongTermDebtNoncurrent,2026-08-25
HIG,equity,2010-12-31,18754000000,2011-03-26,StockholdersEquity,2026-08-25
HIG,liabilities,2010-12-31,298035000000,2011-03-26,Liabilities,2026-08-25
HIG,netIncome,2010-12-31,619000000,2011-03-26,NetIncomeLoss,2026-08-25
HIG,revenue,2010-12-31,5930000000,2011-03-26,Revenues,2026-08-25
HII,assets,2010-12-31,5240000000,2011-03-26,Assets,2026-08-25
HII,cash,2010-12-31,0,2011-03-26,CashAndCashEquivalentsAtCarryingValue,2026-08-25
HII,debt,2010-12-31,105000000,2011-03-26,LongTermDebtNoncurrent,2026-08-25
HII,equity,2010-12-31,1407000000,2011-03-26,StockholdersEquity,2026-08-25
HII,inventory,2010-12-31,293000000,2011-03-26,InventoryNet,2026-08-25
HII,liabilities,2010-12-31,3833000000,2011-03-26,Liabilities,2026-08-25
HII,receivables,2010-12-31,728000000,2011-03-26,AccountsReceivableNetCurrent,2026-08-25
HII,shares,2010-12-31,0,2011-03-26,CommonStockSharesOutstanding,2026-08-25
HON,assets,2010-12-31,37834000000,2011-03-26,Assets,2026-08-25
HON,cash,2010-12-31,2650000000,2011-03-26,CashAndCashEquivalentsAtCarryingValue,2026-08-25
HON,debt,2010-12-31,6278000000,2011-03-26,LongTermDebt,2026-08-25
HON,equity,2010-12-31,10666000000,2011-03-26,StockholdersEquity,2026-08-25
HON,grossProfit,2010-12-31,1832000000,2011-03-26,GrossProfit,2026-08-25
HON,inventory,2010-12-31,3822000000,2011-03-26,InventoryNet,2026-08-25
HON,netIncome,2010-12-31,369000000,2011-03-26,NetIncomeLoss,2026-08-25
HON,receivables,2010-12-31,6841000000,2011-03-26,AccountsReceivableNetCurrent,2026-08-25
HON,revenue,2010-12-31,8749000000,2011-03-26,Revenues,2026-08-25
HON,shares,2010-12-31,783000000,2011-03-26,CommonStockSharesOutstanding,2026-08-25
HPQ,assets,2010-10-31,124503000000,2010-12-20,Assets,2026-08-25
HPQ,cash,2010-10-31,10929000000,2010-12-20,CashAndCashEquivalentsAtCarryingValue,2026-08-25
HPQ,debt,2010-10-31,16777000000,2010-12-20,LongTermDebt,2026-08-25
HPQ,equity,2010-10-31,40449000000,2010-12-20,StockholdersEquity,2026-08-25
HPQ,inventory,2010-10-31,6466000000,2010-12-20,InventoryNet,2026-08-25
HPQ,receivables,2010-10-31,18481000000,2010-12-20,AccountsReceivableNetCurrent,2026-08-25
HPQ,shares,2010-10-31,2204000000,2010-12-20,CommonStockSharesOutstanding,2026-08-25
HRL,assets,2010-10-31,4053918000,2010-12-20,Assets,2026-08-25
HRL,cash,2010-10-31,467845000,2010-12-20,CashAndCashEquivalentsAtCarryingValue,2026-08-25
HRL,debt,2010-10-31,0,2010-12-20,LongTermDebtNoncurrent,2026-08-25
HRL,equity,2010-10-31,2400657000,2010-12-20,StockholdersEquity,2026-08-25
HRL,grossProfit,2010-10-31,354973000,2010-12-20,GrossProfit,2026-08-25
HRL,inventory,2010-10-31,793771000,2010-12-20,InventoryNet,2026-08-25
HRL,receivables,2010-10-31,430939000,2010-12-20,AccountsReceivableNetCurrent,2026-08-25
HRL,revenue,2010-10-31,2063039000,2010-12-20,SalesRevenueNet,2026-08-25
HSIC,assets,2010-12-25,4547471000,2011-03-20,Assets,2026-08-25
HSIC,cash,2010-12-25,150348000,2011-03-20,CashAndCashEquivalentsAtCarryingValue,2026-08-25
HSIC,debt,2010-12-25,395309000,2011-03-20,LongTermDebtNoncurrent,2026-08-25
HSIC,equity,2010-12-25,2411625000,2011-03-20,StockholdersEquity,2026-08-25
HSIC,grossProfit,2010-12-25,574743000,2011-03-20,GrossProfit,2026-08-25
HSIC,inventory,2010-12-25,870206000,2011-03-20,InventoryNet,2026-08-25
HSIC,liabilities,2010-12-25,1830374000,2011-03-20,Liabilities,2026-08-25
HSIC,netIncome,2010-12-25,92995000,2011-03-20,NetIncomeLoss,2026-08-25
HSIC,operatingIncome,2010-12-25,141998000,2011-03-20,OperatingIncomeLoss,2026-08-25
HSIC,receivables,2010-12-25,885784000,2011-03-20,AccountsReceivableNetCurrent,2026-08-25
HSIC,shares,2010-12-25,91939477,2011-03-20,CommonStockSharesOutstanding,2026-08-25
HST,cash,2010-12-31,1113000000,2011-03-26,CashAndCashEquivalentsAtCarryingValue,2026-08-25
HST,shares,2010-12-31,675600000,2011-03-26,CommonStockSharesOutstanding,2026-08-25
HSY,assets,2010-12-31,4272732000,2011-03-26,Assets,2026-08-25
HSY,cash,2010-12-31,884642000,2011-03-26,CashAndCashEquivalentsAtCarryingValue,2026-08-25
HSY,debt,2010-12-31,1803217000,2011-03-26,LongTermDebt,2026-08-25
HSY,equity,2010-12-31,902316000,2011-03-26,StockholdersEquity,2026-08-25
HSY,grossProfit,2010-12-31,619470000,2011-03-26,GrossProfit,2026-08-25
HSY,inventory,2010-12-31,533622000,2011-03-26,InventoryNet,2026-08-25
HSY,liabilities,2010-12-31,3335131000,2011-03-26,Liabilities,2026-08-25
HSY,netIncome,2010-12-31,135513000,2011-03-26,NetIncomeLoss,2026-08-25
HSY,receivables,2010-12-31,390061000,2011-03-26,AccountsReceivableNetCurrent,2026-08-25
HSY,revenue,2010-12-31,1482809000,2011-03-26,SalesRevenueNet,2026-08-25
HSY,shares,2010-12-31,227030232,2011-03-26,CommonStockSharesOutstanding,2026-08-25
HUBB,assets,2010-12-31,2705800000,2011-03-26,Assets,2026-08-25
HUBB,cash,2010-12-31,520700000,2011-03-26,CashAndCashEquivalentsAtCarryingValue,2026-08-25
HUBB,debt,2010-12-31,595900000,2011-03-26,LongTermDebtNoncurrent,2026-08-25
HUBB,equity,2010-12-31,1459200000,2011-03-26,StockholdersEquity,2026-08-25
HUBB,grossProfit,2010-12-31,206800000,2011-03-26,GrossProfit,2026-08-25
HUBB,inventory,2010-12-31,298400000,2011-03-26,InventoryNet,2026-08-25
HUBB,liabilities,2010-12-31,1242300000,2011-03-26,Liabilities,2026-08-25
HUBB,netIncome,2010-12-31,49700000,2011-03-26,NetIncomeLoss,2026-08-25
HUBB,revenue,2010-12-31,639300000,2011-03-26,SalesRevenueNet,2026-08-25
HUM,assets,2010-12-31,16103000000,2011-03-26,Assets,2026-08-25
HUM,cash,2010-12-31,1673000000,2011-03-26,CashAndCashEquivalentsAtCarryingValue,2026-08-25
HUM,debt,2010-12-31,1669000000,2011-03-26,LongTermDebtNoncurrent,2026-08-25
HUM,equity,2010-12-31,6924000000,2011-03-26,StockholdersEquity,2026-08-25
HUM,liabilities,2010-12-31,9179000000,2011-03-26,Liabilities,2026-08-25
HUM,netIncome,2010-12-31,107000000,2011-03-26,NetIncomeLoss,2026-08-25
HUM,revenue,2010-12-31,8276000000,2011-03-26,Revenues,2026-08-25
HWM,assets,2010-12-31,39293000000,2011-03-26,Assets,2026-08-25
HWM,cash,2010-12-31,1543000000,2011-03-26,CashAndCashEquivalentsAtCarryingValue,2026-08-25
HWM,debt,2010-12-31,8842000000,2011-03-26,LongTermDebtNoncurrent,2026-08-25
HWM,equity,2010-12-31,13611000000,2011-03-26,StockholdersEquity,2026-08-25
HWM,inventory,2010-12-31,2584000000,2011-03-26,InventoryNet,2026-08-25
HWM,liabilities,2010-12-31,22207000000,2011-03-26,Liabilities,2026-08-25
HWM,netIncome,2010-12-31,258000000,2011-03-26,NetIncomeLoss,2026-08-25
HWM,receivables,2010-12-31,1591000000,2011-03-26,AccountsReceivableNetCurrent,2026-08-25
HWM,shares,2010-12-31,1022025965,2011-03-26,CommonStockSharesOutstanding,2026-08-25
IBKR,assets,2010-12-31,28500039000,2011-03-26,Assets,2026-08-25
IBKR,cash,2010-12-31,1023816000,2011-03-26,CashAndCashEquivalentsAtCarryingValue,2026-08-25
IBKR,equity,2010-12-31,-2029222000,2011-03-26,StockholdersEquity,2026-08-25
IBKR,liabilities,2010-12-31,24206954000,2011-03-26,Liabilities,2026-08-25
IBM,assets,2010-12-31,113452000000,2011-03-26,Assets,2026-08-25
IBM,cash,2010-12-31,10661000000,2011-03-26,CashAndCashEquivalentsAtCarryingValue,2026-08-25
IBM,debt,2010-12-31,21846000000,2011-03-26,LongTermDebtNoncurrent,2026-08-25
IBM,equity,2010-12-31,23046000000,2011-03-26,StockholdersEquity,2026-08-25
IBM,inventory,2010-12-31,2450000000,2011-03-26,InventoryNet,2026-08-25
IBM,liabilities,2010-12-31,90279000000,2011-03-26,Liabilities,2026-08-25
IBM,receivables,2010-12-31,10834000000,2011-03-26,AccountsReceivableNetCurrent,2026-08-25
IBM,shares,2010-12-31,1227993544,2011-03-26,CommonStockSharesOutstanding,2026-08-25
ICE,cash,2010-12-31,961000000,2011-03-26,CashAndCashEquivalentsAtCarryingValue,2026-08-25
IDXX,assets,2010-12-31,897144000,2011-03-26,Assets,2026-08-25
IDXX,cash,2010-12-31,156915000,2011-03-26,CashAndCashEquivalentsAtCarryingValue,2026-08-25
IDXX,equity,2010-12-31,574235000,2011-03-26,StockholdersEquity,2026-08-25
IDXX,grossProfit,2010-12-31,144771000,2011-03-26,GrossProfit,2026-08-25
IDXX,inventory,2010-12-31,127885000,2011-03-26,InventoryNet,2026-08-25
IDXX,liabilities,2010-12-31,322863000,2011-03-26,Liabilities,2026-08-25
IDXX,netIncome,2010-12-31,36371000,2011-03-26,NetIncomeLoss,2026-08-25
IDXX,operatingIncome,2010-12-31,50804000,2011-03-26,OperatingIncomeLoss,2026-08-25
IDXX,receivables,2010-12-31,120080000,2011-03-26,AccountsReceivableNetCurrent,2026-08-25
IDXX,revenue,2010-12-31,283757000,2011-03-26,SalesRevenueNet,2026-08-25
IEX,assets,2010-12-31,2381695000,2011-03-26,Assets,2026-08-25
IEX,cash,2010-12-31,235136000,2011-03-26,CashAndCashEquivalentsAtCarryingValue,2026-08-25
IEX,debt,2010-12-31,408450000,2011-03-26,LongTermDebtNoncurrent,2026-08-25
IEX,equity,2010-12-31,1375660000,2011-03-26,StockholdersEquity,2026-08-25
IEX,grossProfit,2010-12-31,161988000,2011-03-26,GrossProfit,2026-08-25
IEX,inventory,2010-12-31,196546000,2011-03-26,InventoryNet,2026-08-25
IEX,liabilities,2010-12-31,1006035000,2011-03-26,Liabilities,2026-08-25
IEX,netIncome,2010-12-31,41513000,2011-03-26,NetIncomeLoss,2026-08-25
IEX,operatingIncome,2010-12-31,66004000,2011-03-26,OperatingIncomeLoss,2026-08-25
IEX,revenue,2010-12-31,405218000,2011-03-26,SalesRevenueNet,2026-08-25
IFF,assets,2010-12-31,2872455000,2011-03-26,Assets,2026-08-25
IFF,cash,2010-12-31,88279000,2011-03-26,CashAndCashEquivalentsAtCarryingValue,2026-08-25
IFF,debt,2010-12-31,787668000,2011-03-26,LongTermDebtNoncurrent,2026-08-25
IFF,equity,2010-12-31,999422000,2011-03-26,StockholdersEquity,2026-08-25
IFF,inventory,2010-12-31,531675000,2011-03-26,InventoryNet,2026-08-25
IFF,shares,2010-12-31,80210365,2011-03-26,CommonStockSharesOutstanding,2026-08-25
INCY,assets,2010-12-31,489581000,2011-03-26,Assets,2026-08-25
INCY,cash,2010-12-31,417912000,2011-03-26,CashAndCashEquivalentsAtCarryingValue,2026-08-25
INCY,debt,2010-12-31,293432000,2011-03-26,LongTermDebtNoncurrent,2026-08-25
INCY,equity,2010-12-31,-88644000,2011-03-26,StockholdersEquity,2026-08-25
INCY,liabilities,2010-12-31,578225000,2011-03-26,Liabilities,2026-08-25
INCY,revenue,2010-12-31,85870000,2011-03-26,Revenues,2026-08-25
INCY,shares,2010-12-31,123280474,2011-03-26,CommonStockSharesOutstanding,2026-08-25
INTC,assets,2010-12-25,63186000000,2011-03-20,Assets,2026-08-25
INTC,cash,2010-12-25,5498000000,2011-03-20,CashAndCashEquivalentsAtCarryingValue,2026-08-25
INTC,debt,2010-12-25,2077000000,2011-03-20,LongTermDebtNoncurrent,2026-08-25
INTC,equity,2010-12-25,49430000000,2011-03-20,StockholdersEquity,2026-08-25
INTC,inventory,2010-12-25,3757000000,2011-03-20,InventoryNet,2026-08-25
INTC,receivables,2010-12-25,2867000000,2011-03-20,AccountsReceivableNetCurrent,2026-08-25
INTC,shares,2010-12-25,5511000000,2011-03-20,CommonStockSharesOutstanding,2026-08-25
INTU,assets,2010-10-31,4943000000,2010-12-20,Assets,2026-08-25
INTU,buybacks,2010-10-31,330000000,2010-12-20,PaymentsForRepurchaseOfCommonStock,2026-08-25
INTU,capex,2010-10-31,51000000,2010-12-20,PaymentsToAcquirePropertyPlantAndEquipment,2026-08-25
INTU,cash,2010-10-31,112000000,2010-12-20,CashAndCashEquivalentsAtCarryingValue,2026-08-25
INTU,equity,2010-10-31,2615000000,2010-12-20,StockholdersEquity,2026-08-25
INTU,liabilities,2010-10-31,2328000000,2010-12-20,Liabilities,2026-08-25
INTU,netIncome,2010-10-31,-64000000,2010-12-20,NetIncomeLoss,2026-08-25
INTU,operatingCashFlow,2010-10-31,-211000000,2010-12-20,NetCashProvidedByUsedInOperatingActivities,2026-08-25
INTU,operatingIncome,2010-10-31,-80000000,2010-12-20,OperatingIncomeLoss,2026-08-25
INTU,receivables,2010-10-31,147000000,2010-12-20,AccountsReceivableNetCurrent,2026-08-25
INTU,revenue,2010-10-31,491000000,2010-12-20,SalesRevenueNet,2026-08-25
INTU,rnd,2010-10-31,156000000,2010-12-20,ResearchAndDevelopmentExpense,2026-08-25
IP,assets,2010-12-31,25409000000,2011-03-26,Assets,2026-08-25
IP,cash,2010-12-31,2073000000,2011-03-26,CashAndCashEquivalentsAtCarryingValue,2026-08-25
IP,debt,2010-12-31,8358000000,2011-03-26,LongTermDebtNoncurrent,2026-08-25
IP,equity,2010-12-31,6875000000,2011-03-26,StockholdersEquity,2026-08-25
IP,grossProfit,2010-12-31,1761000000,2011-03-26,GrossProfit,2026-08-25
IP,inventory,2010-12-31,2347000000,2011-03-26,InventoryNet,2026-08-25
IP,netIncome,2010-12-31,330000000,2011-03-26,NetIncomeLoss,2026-08-25
IP,revenue,2010-12-31,6531000000,2011-03-26,SalesRevenueNet,2026-08-25
IP,shares,2010-12-31,438900000,2011-03-26,CommonStockSharesOutstanding,2026-08-25
IQV,cash,2010-12-31,646615000,2011-03-26,CashAndCashEquivalentsAtCarryingValue,2026-08-25
IQV,shares,2010-12-31,116399585,2011-03-26,CommonStockSharesOutstanding,2026-08-25
IRM,assets,2010-12-31,6416393000,2011-03-26,Assets,2026-08-25
IRM,cash,2010-12-31,258693000,2011-03-26,CashAndCashEquivalentsAtCarryingValue,2026-08-25
IRM,equity,2010-12-31,1945448000,2011-03-26,StockholdersEquity,2026-08-25
IRM,operatingIncome,2010-12-31,146243000,2011-03-26,OperatingIncomeLoss,2026-08-25
IRM,receivables,2010-12-31,524326000,2011-03-26,AccountsReceivableNetCurrent,2026-08-25
IRM,shares,2010-12-31,200064066,2011-03-26,CommonStockSharesOutstanding,2026-08-25
ISRG,assets,2010-12-31,2390400000,2011-03-26,Assets,2026-08-25
ISRG,cash,2010-12-31,279800000,2011-03-26,CashAndCashEquivalentsAtCarryingValue,2026-08-25
ISRG,equity,2010-12-31,2037400000,2011-03-26,StockholdersEquity,2026-08-25
ISRG,grossProfit,2010-12-31,282100000,2011-03-26,GrossProfit,2026-08-25
ISRG,inventory,2010-12-31,86800000,2011-03-26,InventoryNet,2026-08-25
ISRG,liabilities,2010-12-31,353000000,2011-03-26,Liabilities,2026-08-25
ISRG,netIncome,2010-12-31,121200000,2011-03-26,NetIncomeLoss,2026-08-25
ISRG,receivables,2010-12-31,246800000,2011-03-26,AccountsReceivableNetCurrent,2026-08-25
ISRG,revenue,2010-12-31,389300000,2011-03-26,SalesRevenueNet,2026-08-25
ISRG,shares,2010-12-31,38900000,2011-03-26,CommonStockSharesOutstanding,2026-08-25
IT,assets,2010-12-31,1285658000,2011-03-26,Assets,2026-08-25
IT,cash,2010-12-31,120181000,2011-03-26,CashAndCashEquivalentsAtCarryingValue,2026-08-25
IT,debt,2010-12-31,180000000,2011-03-26,LongTermDebtNoncurrent,2026-08-25
IT,equity,2010-12-31,187056000,2011-03-26,StockholdersEquity,2026-08-25
IT,liabilities,2010-12-31,1098602000,2011-03-26,Liabilities,2026-08-25
IT,receivables,2010-12-31,364818000,2011-03-26,AccountsReceivableNetCurrent,2026-08-25
ITW,assets,2010-12-31,16412311000,2011-03-26,Assets,2026-08-25
ITW,cash,2010-12-31,1186000000,2011-03-26,CashAndCashEquivalentsAtCarryingValue,2026-08-25
ITW,debt,2010-12-31,2542087000,2011-03-26,LongTermDebtNoncurrent,2026-08-25
ITW,inventory,2010-12-31,1634856000,2011-03-26,InventoryNet,2026-08-25
IVZ,assets,2010-12-31,20444100000,2011-03-26,Assets,2026-08-25
IVZ,cash,2010-12-31,740500000,2011-03-26,CashAndCashEquivalentsAtCarryingValue,2026-08-25
IVZ,debt,2010-12-31,1315700000,2011-03-26,LongTermDebtNoncurrent,2026-08-25
IVZ,equity,2010-12-31,8264600000,2011-03-26,StockholdersEquity,2026-08-25
IVZ,liabilities,2010-12-31,11083200000,2011-03-26,Liabilities,2026-08-25
IVZ,receivables,2010-12-31,424700000,2011-03-26,AccountsReceivableNetCurrent,2026-08-25
IVZ,shares,2010-12-31,460100000,2011-03-26,CommonStockSharesOutstanding,2026-08-25
J,assets,2010-12-31,4906636000,2011-03-26,Assets,2026-08-25
J,capex,2010-12-31,6664000,2011-03-26,PaymentsToAcquirePropertyPlantAndEquipment,2026-08-25
J,cash,2010-12-31,1039683000,2011-03-26,CashAndCashEquivalentsAtCarryingValue,2026-08-25
J,debt,2010-12-31,11837000,2011-03-26,LongTermDebtNoncurrent,2026-08-25
J,equity,2010-12-31,2947359000,2011-03-26,StockholdersEquity,2026-08-25
J,netIncome,2010-12-31,65823000,2011-03-26,NetIncomeLoss,2026-08-25
J,operatingCashFlow,2010-12-31,145770000,2011-03-26,NetCashProvidedByUsedInOperatingActivities,2026-08-25
J,operatingIncome,2010-12-31,103619000,2011-03-26,OperatingIncomeLoss,2026-08-25
J,revenue,2010-12-31,2356175000,2011-03-26,Revenues,2026-08-25
J,shares,2010-12-31,126265045,2011-03-26,CommonStockSharesOutstanding,2026-08-25
JBHT,assets,2010-12-31,1962000000,2011-03-26,Assets,2026-08-25
JBHT,cash,2010-12-31,7651000,2011-03-26,CashAndCashEquivalentsAtCarryingValue,2026-08-25
JBHT,debt,2010-12-31,454207000,2011-03-26,LongTermDebtNoncurrent,2026-08-25
JBHT,equity,2010-12-31,573021000,2011-03-26,StockholdersEquity,2026-08-25
JBHT,inventory,2010-12-31,17336000,2011-03-26,InventoryNet,2026-08-25
JBHT,liabilities,2010-12-31,1388639000,2011-03-26,Liabilities,2026-08-25
JBHT,receivables,2010-12-31,351187000,2011-03-26,AccountsReceivableNetCurrent,2026-08-25
JBHT,shares,2010-12-31,121490168,2011-03-26,CommonStockSharesOutstanding,2026-08-25
JBL,assets,2010-11-30,6384454000,2011-02-23,Assets,2026-08-25
JBL,buybacks,2010-11-30,9633000,2011-02-23,PaymentsForRepurchaseOfCommonStock,2026-08-25
JBL,capex,2010-11-30,101269000,2011-02-23,PaymentsToAcquirePropertyPlantAndEquipment,2026-08-25
JBL,cash,2010-11-30,630154000,2011-02-23,CashAndCashEquivalentsAtCarryingValue,2026-08-25
JBL,equity,2010-11-30,1691411000,2011-02-23,StockholdersEquity,2026-08-25
JBL,grossProfit,2010-11-30,310591000,2011-02-23,GrossProfit,2026-08-25
JBL,inventory,2010-11-30,2158235000,2011-02-23,InventoryNet,2026-08-25
JBL,liabilities,2010-11-30,4677327000,2011-02-23,Liabilities,2026-08-25
JBL,netIncome,2010-11-30,106677000,2011-02-23,NetIncomeLoss,2026-08-25
JBL,operatingCashFlow,2010-11-30,-82728000,2011-02-23,NetCashProvidedByUsedInOperatingActivities,2026-08-25
JBL,operatingIncome,2010-11-30,156000000,2011-02-23,OperatingIncomeLoss,2026-08-25
JBL,receivables,2010-11-30,1183949000,2011-02-23,AccountsReceivableNetCurrent,2026-08-25
JBL,revenue,2010-11-30,4082181000,2011-02-23,SalesRevenueNet,2026-08-25
JBL,rnd,2010-11-30,5741000,2011-02-23,ResearchAndDevelopmentExpense,2026-08-25
JBL,shares,2010-11-30,212603364,2011-02-23,CommonStockSharesOutstanding,2026-08-25
JCI,assets,2010-12-24,26382000000,2011-03-19,Assets,2026-08-25
JCI,buybacks,2010-12-24,500000000,2011-03-19,PaymentsForRepurchaseOfCommonStock,2026-08-25
JCI,capex,2010-12-24,179000000,2011-03-19,PaymentsToAcquireProductiveAssets,2026-08-25
JCI,cash,2010-12-24,2062000000,2011-03-19,CashAndCashEquivalentsAtCarryingValue,2026-08-25
JCI,debt,2010-12-24,4153000000,2011-03-19,LongTermDebt,2026-08-25
JCI,equity,2010-12-24,14189000000,2011-03-19,StockholdersEquity,2026-08-25
JCI,grossProfit,2010-12-24,1629000000,2011-03-19,GrossProfit,2026-08-25
JCI,inventory,2010-12-24,1253000000,2011-03-19,InventoryNet,2026-08-25
JCI,liabilities,2010-12-24,12186000000,2011-03-19,Liabilities,2026-08-25
JCI,netIncome,2010-12-24,659000000,2011-03-19,NetIncomeLoss,2026-08-25
JCI,operatingCashFlow,2010-12-24,246000000,2011-03-19,NetCashProvidedByUsedInOperatingActivitiesContinuingOperations,2026-08-25
JCI,operatingIncome,2010-12-24,706000000,2011-03-19,OperatingIncomeLoss,2026-08-25
JCI,receivables,2010-12-24,2220000000,2011-03-19,AccountsReceivableNetCurrent,2026-08-25
JCI,revenue,2010-12-24,4379000000,2011-03-19,Revenues,2026-08-25
JKHY,assets,2010-12-31,1397646000,2011-03-26,Assets,2026-08-25
JKHY,cash,2010-12-31,46871000,2011-03-26,CashAndCashEquivalentsAtCarryingValue,2026-08-25
JKHY,equity,2010-12-31,819147000,2011-03-26,StockholdersEquity,2026-08-25
JKHY,grossProfit,2010-12-31,102819000,2011-03-26,GrossProfit,2026-08-25
JKHY,liabilities,2010-12-31,578499000,2011-03-26,Liabilities,2026-08-25
JKHY,netIncome,2010-12-31,36045000,2011-03-26,NetIncomeLoss,2026-08-25
JKHY,operatingIncome,2010-12-31,54989000,2011-03-26,OperatingIncomeLoss,2026-08-25
JKHY,revenue,2010-12-31,242635000,2011-03-26,Revenues,2026-08-25
JKHY,rnd,2010-12-31,15837000,2011-03-26,ResearchAndDevelopmentExpense,2026-08-25
JNJ,assets,2010-10-03,98247000000,2010-11-22,Assets,2026-08-25
JNJ,cash,2010-10-03,14338000000,2010-11-22,CashAndCashEquivalentsAtCarryingValue,2026-08-25
JNJ,debt,2010-10-03,9182000000,2010-11-22,LongTermDebtNoncurrent,2026-08-25
JNJ,grossProfit,2010-10-03,10388000000,2010-11-22,GrossProfit,2026-08-25
JNJ,inventory,2010-10-03,5409000000,2010-11-22,InventoryNet,2026-08-25
JNJ,liabilities,2010-10-03,40956000000,2010-11-22,Liabilities,2026-08-25
JNJ,netIncome,2010-10-03,3417000000,2010-11-22,NetIncomeLoss,2026-08-25
JNJ,operatingIncome,2010-10-03,4361000000,2010-11-22,OperatingIncomeLoss,2026-08-25
JNJ,receivables,2010-10-03,10290000000,2010-11-22,AccountsReceivableNetCurrent,2026-08-25
JPM,assets,2010-12-31,2117605000000,2011-03-26,Assets,2026-08-25
JPM,debt,2010-12-31,270653000000,2011-03-26,LongTermDebt,2026-08-25
JPM,equity,2010-12-31,176106000000,2011-03-26,StockholdersEquity,2026-08-25
JPM,liabilities,2010-12-31,1941499000000,2011-03-26,Liabilities,2026-08-25
JPM,shares,2010-12-31,3910300000,2011-03-26,CommonStockSharesOutstanding,2026-08-25
KDP,assets,2010-12-31,8859000000,2011-03-26,Assets,2026-08-25
KDP,cash,2010-12-31,315000000,2011-03-26,CashAndCashEquivalentsAtCarryingValue,2026-08-25
KDP,debt,2010-12-31,1677000000,2011-03-26,LongTermDebtNoncurrent,2026-08-25
KDP,equity,2010-12-31,2459000000,2011-03-26,StockholdersEquity,2026-08-25
KDP,grossProfit,2010-12-31,858000000,2011-03-26,GrossProfit,2026-08-25
KDP,inventory,2010-12-31,244000000,2011-03-26,InventoryNet,2026-08-25
KDP,liabilities,2010-12-31,6400000000,2011-03-26,Liabilities,2026-08-25
KDP,netIncome,2010-12-31,112000000,2011-03-26,NetIncomeLoss,2026-08-25
KDP,receivables,2010-12-31,536000000,2011-03-26,AccountsReceivableNetCurrent,2026-08-25
KDP,revenue,2010-12-31,1412000000,2011-03-26,SalesRevenueNet,2026-08-25
KDP,shares,2010-12-31,223936156,2011-03-26,CommonStockSharesOutstanding,2026-08-25
KEY,assets,2010-12-31,91843000000,2011-03-26,Assets,2026-08-25
KEY,debt,2010-12-31,10592000000,2011-03-26,LongTermDebt,2026-08-25
KEY,equity,2010-12-31,11117000000,2011-03-26,StockholdersEquity,2026-08-25
KEY,liabilities,2010-12-31,80469000000,2011-03-26,Liabilities,2026-08-25
KIM,assets,2010-12-31,9833875000,2011-03-26,Assets,2026-08-25
KIM,cash,2010-12-31,125154000,2011-03-26,CashAndCashEquivalentsAtCarryingValue,2026-08-25
KIM,equity,2010-12-31,4935842000,2011-03-26,StockholdersEquity,2026-08-25
KIM,liabilities,2010-12-31,4577529000,2011-03-26,Liabilities,2026-08-25
KIM,netIncome,2010-12-31,37088000,2011-03-26,NetIncomeLoss,2026-08-25
KIM,shares,2010-12-31,406423514,2011-03-26,CommonStockSharesOutstanding,2026-08-25
KKR,assets,2010-12-31,38391157000,2011-03-26,Assets,2026-08-25
KKR,cash,2010-12-31,738693000,2011-03-26,CashAndCashEquivalentsAtCarryingValue,2026-08-25
KKR,liabilities,2010-12-31,2391115000,2011-03-26,Liabilities,2026-08-25
KKR,netIncome,2010-12-31,180579000,2011-03-26,NetIncomeLoss,2026-08-25
KLAC,assets,2010-12-31,4168461000,2011-03-26,Assets,2026-08-25
KLAC,cash,2010-12-31,596104000,2011-03-26,CashAndCashEquivalentsAtCarryingValue,2026-08-25
KLAC,equity,2010-12-31,2466234000,2011-03-26,StockholdersEquity,2026-08-25
KLAC,grossProfit,2010-12-31,454929000,2011-03-26,GrossProfit,2026-08-25
KLAC,inventory,2010-12-31,504697000,2011-03-26,InventoryNet,2026-08-25
KLAC,liabilities,2010-12-31,1702227000,2011-03-26,Liabilities,2026-08-25
KLAC,netIncome,2010-12-31,185492000,2011-03-26,NetIncomeLoss,2026-08-25
KLAC,operatingIncome,2010-12-31,268866000,2011-03-26,OperatingIncomeLoss,2026-08-25
KLAC,receivables,2010-12-31,531453000,2011-03-26,AccountsReceivableNetCurrent,2026-08-25
KLAC,revenue,2010-12-31,766327000,2011-03-26,Revenues,2026-08-25
KLAC,rnd,2010-12-31,94897000,2011-03-26,ResearchAndDevelopmentExpense,2026-08-25
KMB,assets,2010-12-31,19864000000,2011-03-26,Assets,2026-08-25
KMB,cash,2010-12-31,876000000,2011-03-26,CashAndCashEquivalentsAtCarryingValue,2026-08-25
KMB,debt,2010-12-31,5385000000,2011-03-26,LongTermDebt,2026-08-25
KMB,equity,2010-12-31,5917000000,2011-03-26,StockholdersEquity,2026-08-25
KMB,grossProfit,2010-12-31,1645000000,2011-03-26,GrossProfit,2026-08-25
KMB,inventory,2010-12-31,2373000000,2011-03-26,InventoryNet,2026-08-25
KMB,netIncome,2010-12-31,492000000,2011-03-26,NetIncomeLoss,2026-08-25
KMB,operatingIncome,2010-12-31,699000000,2011-03-26,OperatingIncomeLoss,2026-08-25
KMB,receivables,2010-12-31,2472000000,2011-03-26,AccountsReceivableNetCurrent,2026-08-25
KMB,revenue,2010-12-31,5075000000,2011-03-26,SalesRevenueNet,2026-08-25
KMB,shares,2010-12-31,406900000,2011-03-26,CommonStockSharesOutstanding,2026-08-25
KMI,assets,2010-12-31,28908100000,2011-03-26,Assets,2026-08-25
KMI,cash,2010-12-31,502000000,2011-03-26,CashAndCashEquivalentsAtCarryingValue,2026-08-25
KMI,debt,2010-12-31,13812900000,2011-03-26,LongTermDebtNoncurrent,2026-08-25
KMI,equity,2010-12-31,8539000000,2011-03-26,StockholdersEquity,2026-08-25
KMI,inventory,2010-12-31,92000000,2011-03-26,InventoryNet,2026-08-25
KMI,liabilities,2010-12-31,20369100000,2011-03-26,Liabilities,2026-08-25
KO,assets,2010-12-31,72921000000,2011-03-26,Assets,2026-08-25
KO,cash,2010-12-31,8517000000,2011-03-26,CashAndCashEquivalentsAtCarryingValue,2026-08-25
KO,debt,2010-12-31,14041000000,2011-03-26,LongTermDebtNoncurrent,2026-08-25
KO,equity,2010-12-31,31003000000,2011-03-26,StockholdersEquity,2026-08-25
KO,grossProfit,2010-10-01,5508000000,2010-11-20,GrossProfit,2026-08-25
KO,inventory,2010-12-31,2650000000,2011-03-26,InventoryNet,2026-08-25
KO,netIncome,2010-10-01,2055000000,2010-11-20,NetIncomeLoss,2026-08-25
KO,operatingIncome,2010-10-01,2344000000,2010-11-20,OperatingIncomeLoss,2026-08-25
KO,receivables,2010-12-31,4430000000,2011-03-26,AccountsReceivableNetCurrent,2026-08-25
KR,assets,2010-11-06,23755000000,2010-12-26,Assets,2026-08-25
KR,cash,2010-11-06,758000000,2010-12-26,CashAndCashEquivalentsAtCarryingValue,2026-08-25
KR,debt,2010-11-06,6817000000,2010-12-26,LongTermDebtNoncurrent,2026-08-25
KR,equity,2010-11-06,5264000000,2010-12-26,StockholdersEquity,2026-08-25
KR,inventory,2010-11-06,5256000000,2010-12-26,InventoryNet,2026-08-25
KR,liabilities,2010-11-06,18494000000,2010-12-26,Liabilities,2026-08-25
KR,netIncome,2010-11-06,202000000,2010-12-26,NetIncomeLoss,2026-08-25
KR,operatingIncome,2010-11-06,406000000,2010-12-26,OperatingIncomeLoss,2026-08-25
L,assets,2010-12-31,76277000000,2011-03-26,Assets,2026-08-25
L,debt,2010-12-31,8830000000,2011-03-26,LongTermDebtNoncurrent,2026-08-25
L,equity,2010-12-31,18450000000,2011-03-26,StockholdersEquity,2026-08-25
L,liabilities,2010-12-31,53171000000,2011-03-26,Liabilities,2026-08-25
L,netIncome,2010-12-31,466000000,2011-03-26,NetIncomeLoss,2026-08-25
L,revenue,2010-12-31,3715000000,2011-03-26,Revenues,2026-08-25
LDOS,assets,2010-10-31,5538000000,2010-12-20,Assets,2026-08-25
LDOS,cash,2010-10-31,644000000,2010-12-20,CashAndCashEquivalentsAtCarryingValue,2026-08-25
LDOS,equity,2010-10-31,2485000000,2010-12-20,StockholdersEquity,2026-08-25
LDOS,netIncome,2010-10-31,173000000,2010-12-20,NetIncomeLoss,2026-08-25
LDOS,operatingIncome,2010-10-31,252000000,2010-12-20,OperatingIncomeLoss,2026-08-25
LDOS,revenue,2010-10-31,2821000000,2010-12-20,Revenues,2026-08-25
LDOS,shares,2010-10-31,372000000,2010-12-20,CommonStockSharesOutstanding,2026-08-25
LEN,assets,2010-11-30,8787851000,2011-02-23,Assets,2026-08-25
LEN,cash,2010-11-30,1394135000,2011-02-23,CashAndCashEquivalentsAtCarryingValue,2026-08-25
LEN,equity,2010-11-30,2608949000,2011-02-23,StockholdersEquity,2026-08-25
LEN,liabilities,2010-11-30,5593468000,2011-02-23,Liabilities,2026-08-25
LEN,netIncome,2010-11-30,32030000,2011-02-23,NetIncomeLoss,2026-08-25
LEN,revenue,2010-11-30,860124000,2011-02-23,Revenues,2026-08-25
LH,assets,2010-12-31,6187800000,2011-03-26,Assets,2026-08-25
LH,cash,2010-12-31,159300000,2011-03-26,CashAndCashEquivalentsAtCarryingValue,2026-08-25
LH,debt,2010-12-31,1826700000,2011-03-26,LongTermDebtNoncurrent,2026-08-25
LH,equity,2010-12-31,2466300000,2011-03-26,StockholdersEquity,2026-08-25
LH,grossProfit,2010-12-31,529600000,2011-03-26,GrossProfit,2026-08-25
LH,inventory,2010-12-31,103400000,2011-03-26,InventoryNet,2026-08-25
LH,liabilities,2010-12-31,3700900000,2011-03-26,Liabilities,2026-08-25
LH,netIncome,2010-12-31,131800000,2011-03-26,NetIncomeLoss,2026-08-25
LH,receivables,2010-12-31,655600000,2011-03-26,AccountsReceivableNetCurrent,2026-08-25
LH,revenue,2010-12-31,1295400000,2011-03-26,SalesRevenueNet,2026-08-25
LH,shares,2010-12-31,102400000,2011-03-26,CommonStockSharesOutstanding,2026-08-25
LHX,assets,2010-12-31,5667400000,2011-03-26,Assets,2026-08-25
LHX,buybacks,2010-10-01,55500000,2010-11-20,PaymentsForRepurchaseOfCommonStock,2026-08-25
LHX,capex,2010-10-01,37100000,2010-11-20,PaymentsToAcquirePropertyPlantAndEquipment,2026-08-25
LHX,cash,2010-12-31,740800000,2011-03-26,CashAndCashEquivalentsAtCarryingValue,2026-08-25
LHX,debt,2010-12-31,1876300000,2011-03-26,LongTermDebtNoncurrent,2026-08-25
LHX,equity,2010-12-31,2387900000,2011-03-26,StockholdersEquity,2026-08-25
LHX,inventory,2010-12-31,651900000,2011-03-26,InventoryNet,2026-08-25
LHX,netIncome,2010-12-31,151100000,2011-03-26,NetIncomeLoss,2026-08-25
LHX,operatingCashFlow,2010-10-01,294900000,2010-11-20,NetCashProvidedByUsedInOperatingActivities,2026-08-25
LHX,revenue,2010-12-31,1438500000,2011-03-26,SalesRevenueNet,2026-08-25
LHX,shares,2010-12-31,125770033,2011-03-26,CommonStockSharesOutstanding,2026-08-25
LII,assets,2010-12-31,1692000000,2011-03-26,Assets,2026-08-25
LII,cash,2010-12-31,160000000,2011-03-26,CashAndCashEquivalentsAtCarryingValue,2026-08-25
LII,equity,2010-12-31,590900000,2011-03-26,StockholdersEquity,2026-08-25
LII,grossProfit,2010-12-31,220000000,2011-03-26,GrossProfit,2026-08-25
LII,inventory,2010-12-31,286200000,2011-03-26,InventoryNet,2026-08-25
LII,liabilities,2010-12-31,1102300000,2011-03-26,Liabilities,2026-08-25
LII,netIncome,2010-12-31,27700000,2011-03-26,NetIncomeLoss,2026-08-25
LII,revenue,2010-12-31,762000000,2011-03-26,SalesRevenueNet,2026-08-25
LLY,assets,2010-12-31,31001400000,2011-03-26,Assets,2026-08-25
LLY,cash,2010-12-31,5993200000,2011-03-26,CashAndCashEquivalentsAtCarryingValue,2026-08-25
LLY,debt,2010-12-31,6770500000,2011-03-26,LongTermDebtNoncurrent,2026-08-25
LLY,equity,2010-12-31,12420300000,2011-03-26,StockholdersEquity,2026-08-25
LLY,inventory,2010-12-31,2517700000,2011-03-26,InventoryNet,2026-08-25
LLY,receivables,2010-12-31,3493800000,2011-03-26,AccountsReceivableNetCurrent,2026-08-25
LMT,assets,2010-12-31,35113000000,2011-03-26,Assets,2026-08-25
LMT,cash,2010-12-31,2261000000,2011-03-26,CashAndCashEquivalentsAtCarryingValue,2026-08-25
LMT,debt,2010-12-31,5019000000,2011-03-26,LongTermDebtNoncurrent,2026-08-25
LMT,equity,2010-12-31,3497000000,2011-03-26,StockholdersEquity,2026-08-25
LMT,inventory,2010-12-31,2363000000,2011-03-26,InventoryNet,2026-08-25
LMT,liabilities,2010-12-31,31616000000,2011-03-26,Liabilities,2026-08-25
LMT,netIncome,2010-12-31,983000000,2011-03-26,NetIncomeLoss,2026-08-25
LMT,operatingIncome,2010-12-31,1128000000,2011-03-26,OperatingIncomeLoss,2026-08-25
LMT,revenue,2010-12-31,12794000000,2011-03-26,SalesRevenueNet,2026-08-25
LMT,shares,2010-12-31,346000000,2011-03-26,CommonStockSharesOutstanding,2026-08-25
LNT,assets,2010-12-31,9282900000,2011-03-26,Assets,2026-08-25
LNT,cash,2010-12-31,159300000,2011-03-26,CashAndCashEquivalentsAtCarryingValue,2026-08-25
LNT,debt,2010-12-31,2703400000,2011-03-26,LongTermDebtNoncurrent,2026-08-25
LNT,equity,2010-12-31,2893600000,2011-03-26,StockholdersEquity,2026-08-25
LNT,operatingIncome,2010-12-31,99800000,2011-03-26,OperatingIncomeLoss,2026-08-25
LNT,receivables,2010-12-31,120500000,2011-03-26,AccountsReceivableNetCurrent,2026-08-25
LNT,revenue,2010-12-31,832600000,2011-03-26,Revenues,2026-08-25
LNT,shares,2010-12-31,110893901,2011-03-26,CommonStockSharesOutstanding,2026-08-25
LOW,assets,2010-10-29,34341000000,2010-12-18,Assets,2026-08-25
LOW,cash,2010-10-29,1078000000,2010-12-18,CashAndCashEquivalentsAtCarryingValue,2026-08-25
LOW,grossProfit,2010-10-29,4061000000,2010-12-18,GrossProfit,2026-08-25
LOW,inventory,2010-10-29,8543000000,2010-12-18,InventoryNet,2026-08-25
LOW,liabilities,2010-10-29,15449000000,2010-12-18,Liabilities,2026-08-25
LOW,revenue,2010-10-29,11587000000,2010-12-18,SalesRevenueNet,2026-08-25
LOW,shares,2010-10-29,1394000000,2010-12-18,CommonStockSharesOutstanding,2026-08-25
LRCX,assets,2010-12-26,2933217000,2011-03-21,Assets,2026-08-25
LRCX,cash,2010-12-26,729060000,2011-03-21,CashAndCashEquivalentsAtCarryingValue,2026-08-25
LRCX,equity,2010-12-26,2084779000,2011-03-21,StockholdersEquity,2026-08-25
LRCX,grossProfit,2010-12-26,407433000,2011-03-21,GrossProfit,2026-08-25
LRCX,inventory,2010-12-26,333874000,2011-03-21,InventoryNet,2026-08-25
LRCX,liabilities,2010-12-26,848438000,2011-03-21,Liabilities,2026-08-25
LRCX,netIncome,2010-12-26,221856000,2011-03-21,NetIncomeLoss,2026-08-25
LRCX,operatingIncome,2010-12-26,241104000,2011-03-21,OperatingIncomeLoss,2026-08-25
LRCX,receivables,2010-12-26,689400000,2011-03-21,AccountsReceivableNetCurrent,2026-08-25
LRCX,revenue,2010-12-26,870714000,2011-03-21,Revenues,2026-08-25
LRCX,rnd,2010-12-26,90477000,2011-03-21,ResearchAndDevelopmentExpense,2026-08-25
LRCX,shares,2010-12-26,123254000,2011-03-21,CommonStockSharesOutstanding,2026-08-25
LULU,assets,2010-10-31,418972000,2010-12-20,Assets,2026-08-25
LULU,capex,2010-10-31,10380000,2010-12-20,PaymentsToAcquirePropertyPlantAndEquipment,2026-08-25
LULU,cash,2010-10-31,224775000,2010-12-20,CashAndCashEquivalentsAtCarryingValue,2026-08-25
LULU,equity,2010-10-31,322149000,2010-12-20,StockholdersEquity,2026-08-25
LULU,grossProfit,2010-10-31,96832000,2010-12-20,GrossProfit,2026-08-25
LULU,inventory,2010-10-31,73023000,2010-12-20,InventoryNet,2026-08-25
LULU,liabilities,2010-10-31,92299000,2010-12-20,Liabilities,2026-08-25
LULU,netIncome,2010-10-31,25701000,2010-12-20,NetIncomeLoss,2026-08-25
LULU,operatingIncome,2010-10-31,42376000,2010-12-20,OperatingIncomeLoss,2026-08-25
LULU,revenue,2010-10-31,175800000,2010-12-20,SalesRevenueNet,2026-08-25
LULU,shares,2010-10-31,52840000,2010-12-20,CommonStockSharesOutstanding,2026-08-25
LUV,assets,2010-12-31,15463000000,2011-03-26,Assets,2026-08-25
LUV,cash,2010-12-31,1261000000,2011-03-26,CashAndCashEquivalentsAtCarryingValue,2026-08-25
LUV,debt,2010-12-31,2875000000,2011-03-26,LongTermDebtNoncurrent,2026-08-25
LUV,equity,2010-12-31,6237000000,2011-03-26,StockholdersEquity,2026-08-25
LUV,netIncome,2010-12-31,131000000,2011-03-26,NetIncomeLoss,2026-08-25
LUV,operatingIncome,2010-12-31,216000000,2011-03-26,OperatingIncomeLoss,2026-08-25
LUV,revenue,2010-12-31,3114000000,2011-03-26,Revenues,2026-08-25
LVS,assets,2010-12-31,21044308000,2011-03-26,Assets,2026-08-25
LVS,cash,2010-12-31,3037081000,2011-03-26,CashAndCashEquivalentsAtCarryingValue,2026-08-25
LVS,equity,2010-12-31,6662991000,2011-03-26,StockholdersEquity,2026-08-25
LVS,inventory,2010-12-31,32260000,2011-03-26,InventoryNet,2026-08-25
LVS,liabilities,2010-12-31,12609741000,2011-03-26,Liabilities,2026-08-25
LVS,netIncome,2010-12-31,325509000,2011-03-26,NetIncomeLoss,2026-08-25
LVS,operatingIncome,2010-12-31,488686000,2011-03-26,OperatingIncomeLoss,2026-08-25
LVS,receivables,2010-12-31,716919000,2011-03-26,AccountsReceivableNetCurrent,2026-08-25
LVS,revenue,2010-12-31,2015046000,2011-03-26,SalesRevenueNet,2026-08-25
LVS,shares,2010-12-31,707507982,2011-03-26,CommonStockSharesOutstanding,2026-08-25
LYB,assets,2010-12-31,25302000000,2011-03-26,Assets,2026-08-25
LYB,cash,2010-12-31,4222000000,2011-03-26,CashAndCashEquivalentsAtCarryingValue,2026-08-25
LYB,debt,2010-12-31,6036000000,2011-03-26,LongTermDebtNoncurrent,2026-08-25
LYB,equity,2010-12-31,11535000000,2011-03-26,StockholdersEquity,2026-08-25
LYB,inventory,2010-12-31,4824000000,2011-03-26,InventoryNet,2026-08-25
LYB,receivables,2010-12-31,3482000000,2011-03-26,AccountsReceivableNetCurrent,2026-08-25
LYV,assets,2010-12-31,5195560000,2011-03-26,Assets,2026-08-25
LYV,cash,2010-12-31,892758000,2011-03-26,CashAndCashEquivalentsAtCarryingValue,2026-08-25
LYV,debt,2010-12-31,1731864000,2011-03-26,LongTermDebt,2026-08-25
LYV,equity,2010-12-31,1364416000,2011-03-26,StockholdersEquity,2026-08-25
LYV,inventory,2010-12-31,18522000,2011-03-26,InventoryNet,2026-08-25
LYV,netIncome,2010-12-31,-124397000,2011-03-26,NetIncomeLoss,2026-08-25
LYV,operatingIncome,2010-12-31,-86076000,2011-03-26,OperatingIncomeLoss,2026-08-25
LYV,receivables,2010-12-31,329947000,2011-03-26,AccountsReceivableNetCurrent,2026-08-25
LYV,revenue,2010-12-31,1237846000,2011-03-26,Revenues,2026-08-25
LYV,shares,2010-12-31,175418857,2011-03-26,CommonStockSharesOutstanding,2026-08-25
MA,assets,2010-12-31,8837000000,2011-03-26,Assets,2026-08-25
MA,cash,2010-12-31,3067000000,2011-03-26,CashAndCashEquivalentsAtCarryingValue,2026-08-25
MA,debt,2010-12-31,20000000,2011-03-26,LongTermDebt,2026-08-25
MA,equity,2010-12-31,5205000000,2011-03-26,StockholdersEquity,2026-08-25
MA,liabilities,2010-12-31,3621000000,2011-03-26,Liabilities,2026-08-25
MA,netIncome,2010-12-31,415000000,2011-03-26,NetIncomeLoss,2026-08-25
MA,operatingIncome,2010-12-31,569000000,2011-03-26,OperatingIncomeLoss,2026-08-25
MA,receivables,2010-12-31,650000000,2011-03-26,AccountsReceivableNetCurrent,2026-08-25
MA,revenue,2010-12-31,1438000000,2011-03-26,Revenues,2026-08-25
MAA,assets,2010-12-31,2176048000,2011-03-26,Assets,2026-08-25
MAA,cash,2010-12-31,45794000,2011-03-26,CashAndCashEquivalentsAtCarryingValue,2026-08-25
MAA,equity,2010-12-31,518503000,2011-03-26,StockholdersEquity,2026-08-25
MAA,liabilities,2010-12-31,1631656000,2011-03-26,Liabilities,2026-08-25
MAA,netIncome,2010-12-31,6940000,2011-03-26,NetIncomeLoss,2026-08-25
MAA,operatingIncome,2010-12-31,22123000,2011-03-26,OperatingIncomeLoss,2026-08-25
MAA,revenue,2010-12-31,103431000,2011-03-26,Revenues,2026-08-25
MAA,shares,2010-12-31,34871399,2011-03-26,CommonStockSharesOutstanding,2026-08-25
MAR,assets,2010-12-31,8983000000,2011-03-26,Assets,2026-08-25
MAR,cash,2010-12-31,505000000,2011-03-26,CashAndCashEquivalentsAtCarryingValue,2026-08-25
MAR,debt,2010-12-31,2691000000,2011-03-26,LongTermDebtNoncurrent,2026-08-25
MAR,equity,2010-12-31,1585000000,2011-03-26,StockholdersEquity,2026-08-25
MAR,inventory,2010-12-31,1489000000,2011-03-26,InventoryNet,2026-08-25
MAR,shares,2010-12-31,366900000,2011-03-26,CommonStockSharesOutstanding,2026-08-25
MAS,assets,2010-12-31,8140000000,2011-03-26,Assets,2026-08-25
MAS,cash,2010-12-31,1425000000,2011-03-26,CashAndCashEquivalentsAtCarryingValue,2026-08-25
MAS,debt,2010-12-31,4032000000,2011-03-26,LongTermDebtNoncurrent,2026-08-25
MAS,equity,2010-12-31,1384000000,2011-03-26,StockholdersEquity,2026-08-25
MAS,grossProfit,2010-12-31,309000000,2011-03-26,GrossProfit,2026-08-25
MAS,inventory,2010-12-31,732000000,2011-03-26,InventoryNet,2026-08-25
MAS,liabilities,2010-12-31,6558000000,2011-03-26,Liabilities,2026-08-25
MAS,netIncome,2010-12-31,-1034000000,2011-03-26,NetIncomeLoss,2026-08-25
MAS,receivables,2010-12-31,65000000,2011-03-26,AccountsReceivableNetCurrent,2026-08-25
MAS,revenue,2010-12-31,1716000000,2011-03-26,SalesRevenueNet,2026-08-25
MAS,shares,2010-12-31,348600000,2011-03-26,CommonStockSharesOutstanding,2026-08-25
MCD,assets,2010-12-31,31975200000,2011-03-26,Assets,2026-08-25
MCD,cash,2010-12-31,2387000000,2011-03-26,CashAndCashEquivalentsAtCarryingValue,2026-08-25
MCD,debt,2010-12-31,11497000000,2011-03-26,LongTermDebtNoncurrent,2026-08-25
MCD,equity,2010-12-31,14634200000,2011-03-26,StockholdersEquity,2026-08-25
MCD,inventory,2010-12-31,109900000,2011-03-26,InventoryNet,2026-08-25
MCD,netIncome,2010-12-31,1242300000,2011-03-26,NetIncomeLoss,2026-08-25
MCD,operatingIncome,2010-12-31,1857200000,2011-03-26,OperatingIncomeLoss,2026-08-25
MCD,revenue,2010-12-31,6214100000,2011-03-26,Revenues,2026-08-25
MCHP,assets,2010-12-31,2828726000,2011-03-26,Assets,2026-08-25
MCHP,cash,2010-12-31,500616000,2011-03-26,CashAndCashEquivalentsAtCarryingValue,2026-08-25
MCHP,equity,2010-12-31,1649945000,2011-03-26,StockholdersEquity,2026-08-25
MCHP,grossProfit,2010-12-31,216397000,2011-03-26,GrossProfit,2026-08-25
MCHP,inventory,2010-12-31,177705000,2011-03-26,InventoryNet,2026-08-25
MCHP,netIncome,2010-12-31,100776000,2011-03-26,NetIncomeLoss,2026-08-25
MCHP,operatingIncome,2010-12-31,117453000,2011-03-26,OperatingIncomeLoss,2026-08-25
MCHP,receivables,2010-12-31,187267000,2011-03-26,AccountsReceivableNetCurrent,2026-08-25
MCHP,revenue,2010-12-31,367824000,2011-03-26,SalesRevenueNet,2026-08-25
MCHP,rnd,2010-12-31,42198000,2011-03-26,ResearchAndDevelopmentExpense,2026-08-25
MCK,assets,2010-12-31,30396000000,2011-03-26,Assets,2026-08-25
MCK,cash,2010-12-31,3213000000,2011-03-26,CashAndCashEquivalentsAtCarryingValue,2026-08-25
MCK,grossProfit,2010-12-31,1461000000,2011-03-26,GrossProfit,2026-08-25
MCK,inventory,2010-12-31,9547000000,2011-03-26,InventoryNet,2026-08-25
MCK,netIncome,2010-12-31,155000000,2011-03-26,NetIncomeLoss,2026-08-25
MCK,operatingIncome,2010-12-31,307000000,2011-03-26,OperatingIncomeLoss,2026-08-25
MCK,revenue,2010-12-31,28247000000,2011-03-26,Revenues,2026-08-25
MCO,assets,2010-12-31,2540300000,2011-03-26,Assets,2026-08-25
MCO,cash,2010-12-31,659600000,2011-03-26,CashAndCashEquivalentsAtCarryingValue,2026-08-25
MCO,debt,2010-12-31,1228300000,2011-03-26,LongTermDebtNoncurrent,2026-08-25
MCO,equity,2010-12-31,-309600000,2011-03-26,StockholdersEquity,2026-08-25
MCO,liabilities,2010-12-31,2838700000,2011-03-26,Liabilities,2026-08-25
MCO,netIncome,2010-12-31,137400000,2011-03-26,NetIncomeLoss,2026-08-25
MCO,operatingIncome,2010-12-31,196600000,2011-03-26,OperatingIncomeLoss,2026-08-25
MCO,receivables,2010-12-31,497500000,2011-03-26,AccountsReceivableNetCurrent,2026-08-25
MCO,revenue,2010-12-31,564300000,2011-03-26,Revenues,2026-08-25
MDLZ,assets,2010-12-31,95289000000,2011-03-26,Assets,2026-08-25
MDLZ,cash,2010-12-31,2481000000,2011-03-26,CashAndCashEquivalentsAtCarryingValue,2026-08-25
MDLZ,debt,2010-12-31,26859000000,2011-03-26,LongTermDebtNoncurrent,2026-08-25
MDLZ,equity,2010-12-31,35834000000,2011-03-26,StockholdersEquity,2026-08-25
MDLZ,grossProfit,2010-12-31,4798000000,2011-03-26,GrossProfit,2026-08-25
MDLZ,inventory,2010-12-31,5310000000,2011-03-26,InventoryNet,2026-08-25
MDLZ,liabilities,2010-12-31,59347000000,2011-03-26,Liabilities,2026-08-25
MDLZ,netIncome,2010-12-31,540000000,2011-03-26,NetIncomeLoss,2026-08-25
MDLZ,revenue,2010-12-31,13773000000,2011-03-26,Revenues,2026-08-25
MET,assets,2010-12-31,728249000000,2011-03-26,Assets,2026-08-25
MET,cash,2010-12-31,12957000000,2011-03-26,CashAndCashEquivalentsAtCarryingValue,2026-08-25
MET,debt,2010-12-31,27586000000,2011-03-26,LongTermDebt,2026-08-25
MET,equity,2010-12-31,46853000000,2011-03-26,StockholdersEquity,2026-08-25
MET,liabilities,2010-12-31,680914000000,2011-03-26,Liabilities,2026-08-25
MET,netIncome,2010-12-31,7000000,2011-03-26,NetIncomeLoss,2026-08-25
MET,revenue,2010-12-31,12680000000,2011-03-26,Revenues,2026-08-25
MET,shares,2010-12-31,985837817,2011-03-26,CommonStockSharesOutstanding,2026-08-25
META,cash,2010-12-31,1785000000,2011-03-26,CashAndCashEquivalentsAtCarryingValue,2026-08-25
MGM,assets,2010-12-31,18951848000,2011-03-26,Assets,2026-08-25
MGM,cash,2010-12-31,498964000,2011-03-26,CashAndCashEquivalentsAtCarryingValue,2026-08-25
MGM,debt,2010-12-31,12047698000,2011-03-26,LongTermDebtNoncurrent,2026-08-25
MGM,equity,2010-12-31,2932162000,2011-03-26,StockholdersEquity,2026-08-25
MGM,inventory,2010-12-31,96392000,2011-03-26,InventoryNet,2026-08-25
MGM,operatingIncome,2010-12-31,107210000,2011-03-26,OperatingIncomeLoss,2026-08-25
MGM,revenue,2010-12-31,1475302000,2011-03-26,Revenues,2026-08-25
MGM,shares,2010-12-31,488513351,2011-03-26,CommonStockSharesOutstanding,2026-08-25
MKC,assets,2010-11-30,3419700000,2011-02-23,Assets,2026-08-25
MKC,cash,2010-11-30,50800000,2011-02-23,CashAndCashEquivalentsAtCarryingValue,2026-08-25
MKC,debt,2010-11-30,779900000,2011-02-23,LongTermDebtNoncurrent,2026-08-25
MKC,grossProfit,2010-11-30,446000000,2011-02-23,GrossProfit,2026-08-25
MKC,liabilities,2010-11-30,1957000000,2011-02-23,Liabilities,2026-08-25
MKC,netIncome,2010-11-30,133600000,2011-02-23,NetIncomeLoss,2026-08-25
MKC,operatingIncome,2010-11-30,185400000,2011-02-23,OperatingIncomeLoss,2026-08-25
MKC,receivables,2010-11-30,386700000,2011-02-23,AccountsReceivableNetCurrent,2026-08-25
MKC,revenue,2010-11-30,979500000,2011-02-23,SalesRevenueNet,2026-08-25
MLM,assets,2010-12-31,3074743000,2011-03-26,Assets,2026-08-25
MLM,cash,2010-12-31,70323000,2011-03-26,CashAndCashEquivalentsAtCarryingValue,2026-08-25
MLM,debt,2010-12-31,782045000,2011-03-26,LongTermDebtNoncurrent,2026-08-25
MLM,equity,2010-12-31,1425440000,2011-03-26,StockholdersEquity,2026-08-25
MLM,inventory,2010-12-31,331894000,2011-03-26,InventoryNet,2026-08-25
MLM,liabilities,2010-12-31,1606484000,2011-03-26,Liabilities,2026-08-25
MLM,receivables,2010-12-31,183361000,2011-03-26,AccountsReceivableNetCurrent,2026-08-25
MLM,shares,2010-12-31,45579000,2011-03-26,CommonStockSharesOutstanding,2026-08-25
MMM,assets,2010-12-31,30156000000,2011-03-26,Assets,2026-08-25
MMM,cash,2010-12-31,3377000000,2011-03-26,CashAndCashEquivalentsAtCarryingValue,2026-08-25
MMM,debt,2010-12-31,4183000000,2011-03-26,LongTermDebtNoncurrent,2026-08-25
MMM,equity,2010-12-31,15663000000,2011-03-26,StockholdersEquity,2026-08-25
MMM,inventory,2010-12-31,3155000000,2011-03-26,InventoryNet,2026-08-25
MMM,liabilities,2010-12-31,14139000000,2011-03-26,Liabilities,2026-08-25
MMM,netIncome,2010-12-31,928000000,2011-03-26,NetIncomeLoss,2026-08-25
MMM,receivables,2010-12-31,3615000000,2011-03-26,AccountsReceivableNetCurrent,2026-08-25
MMM,revenue,2010-12-31,6709000000,2011-03-26,SalesRevenueNet,2026-08-25
MMM,shares,2010-12-31,711977608,2011-03-26,CommonStockSharesOutstanding,2026-08-25
MNST,assets,2010-12-31,1146950000,2011-03-26,Assets,2026-08-25
MNST,cash,2010-12-31,354842000,2011-03-26,CashAndCashEquivalentsAtCarryingValue,2026-08-25
MNST,equity,2010-12-31,828398000,2011-03-26,StockholdersEquity,2026-08-25
MNST,grossProfit,2010-12-31,164410000,2011-03-26,GrossProfit,2026-08-25
MNST,inventory,2010-12-31,153241000,2011-03-26,InventoryNet,2026-08-25
MNST,receivables,2010-12-31,166041000,2011-03-26,AccountsReceivableNetCurrent,2026-08-25
MNST,shares,2010-12-31,177960000,2011-03-26,CommonStockSharesOutstanding,2026-08-25
MO,assets,2010-12-31,37402000000,2011-03-26,Assets,2026-08-25
MO,cash,2010-12-31,2314000000,2011-03-26,CashAndCashEquivalentsAtCarryingValue,2026-08-25
MO,debt,2010-12-31,12194000000,2011-03-26,LongTermDebtNoncurrent,2026-08-25
MO,equity,2010-12-31,5192000000,2011-03-26,StockholdersEquity,2026-08-25
MO,grossProfit,2010-12-31,2254000000,2011-03-26,GrossProfit,2026-08-25
MO,inventory,2010-12-31,1803000000,2011-03-26,InventoryNet,2026-08-25
MO,liabilities,2010-12-31,32175000000,2011-03-26,Liabilities,2026-08-25
MO,netIncome,2010-12-31,919000000,2011-03-26,NetIncomeLoss,2026-08-25
MO,revenue,2010-12-31,5927000000,2011-03-26,SalesRevenueNet,2026-08-25
MO,shares,2010-12-31,2088739666,2011-03-26,CommonStockSharesOutstanding,2026-08-25
MOS,assets,2010-11-30,14199400000,2011-02-23,Assets,2026-08-25
MOS,capex,2010-11-30,291000000,2011-02-23,PaymentsToAcquirePropertyPlantAndEquipment,2026-08-25
MOS,cash,2010-11-30,3659400000,2011-02-23,CashAndCashEquivalentsAtCarryingValue,2026-08-25
MOS,debt,2010-11-30,1254700000,2011-02-23,LongTermDebt,2026-08-25
MOS,equity,2010-11-30,10241200000,2011-02-23,StockholdersEquity,2026-08-25
MOS,grossProfit,2010-11-30,768300000,2011-02-23,GrossProfit,2026-08-25
MOS,inventory,2010-11-30,816900000,2011-02-23,InventoryNet,2026-08-25
MOS,netIncome,2010-11-30,1025600000,2011-02-23,NetIncomeLoss,2026-08-25
MOS,operatingIncome,2010-11-30,658200000,2011-02-23,OperatingIncomeLoss,2026-08-25
MOS,revenue,2010-11-30,2674800000,2011-02-23,Revenues,2026-08-25
MOS,shares,2010-11-30,446100000,2011-02-23,CommonStockSharesOutstanding,2026-08-25
MPC,assets,2010-12-31,23232000000,2011-03-26,Assets,2026-08-25
MPC,cash,2010-12-31,118000000,2011-03-26,CashAndCashEquivalentsAtCarryingValue,2026-08-25
MPC,debt,2010-12-31,268000000,2011-03-26,LongTermDebtNoncurrent,2026-08-25
MPC,equity,2010-12-31,8244000000,2011-03-26,StockholdersEquity,2026-08-25
MPC,inventory,2010-12-31,3071000000,2011-03-26,InventoryNet,2026-08-25
MPC,liabilities,2010-12-31,14988000000,2011-03-26,Liabilities,2026-08-25
MPC,netIncome,2010-12-31,230000000,2011-03-26,NetIncomeLoss,2026-08-25
MPC,receivables,2010-12-31,4393000000,2011-03-26,AccountsReceivableNetCurrent,2026-08-25
MPC,revenue,2010-12-31,17433000000,2011-03-26,Revenues,2026-08-25
MPWR,assets,2010-12-31,281603000,2011-03-26,Assets,2026-08-25
MPWR,cash,2010-12-31,48010000,2011-03-26,CashAndCashEquivalentsAtCarryingValue,2026-08-25
MPWR,equity,2010-12-31,246895000,2011-03-26,StockholdersEquity,2026-08-25
MPWR,inventory,2010-12-31,25789000,2011-03-26,InventoryNet,2026-08-25
MPWR,liabilities,2010-12-31,34708000,2011-03-26,Liabilities,2026-08-25
MPWR,receivables,2010-12-31,18347000,2011-03-26,AccountsReceivableNetCurrent,2026-08-25
MPWR,shares,2010-12-31,35063033,2011-03-26,CommonStockSharesOutstanding,2026-08-25
MRK,assets,2010-12-31,105781000000,2011-03-26,Assets,2026-08-25
MRK,cash,2010-12-31,10900000000,2011-03-26,CashAndCashEquivalentsAtCarryingValue,2026-08-25
MRK,debt,2010-12-31,15482000000,2011-03-26,LongTermDebtNoncurrent,2026-08-25
MRK,equity,2010-12-31,54376000000,2011-03-26,StockholdersEquity,2026-08-25
MRK,inventory,2010-12-31,5868000000,2011-03-26,InventoryNet,2026-08-25
MRK,receivables,2010-12-31,7344000000,2011-03-26,AccountsReceivableNetCurrent,2026-08-25
MRSH,assets,2010-12-31,15310000000,2011-03-26,Assets,2026-08-25
MRSH,cash,2010-12-31,1894000000,2011-03-26,CashAndCashEquivalentsAtCarryingValue,2026-08-25
MRSH,shares,2010-12-31,541000000,2011-03-26,CommonStockSharesOutstanding,2026-08-25
MS,assets,2010-12-31,807698000000,2011-03-26,Assets,2026-08-25
MS,cash,2010-12-31,47615000000,2011-03-26,CashAndCashEquivalentsAtCarryingValue,2026-08-25
MS,debt,2010-12-31,192457000000,2011-03-26,LongTermDebt,2026-08-25
MS,equity,2010-12-31,57211000000,2011-03-26,StockholdersEquity,2026-08-25
MS,liabilities,2010-12-31,742291000000,2011-03-26,Liabilities,2026-08-25
MS,netIncome,2010-12-31,836000000,2011-03-26,NetIncomeLoss,2026-08-25
MS,revenue,2010-12-31,7743000000,2011-03-26,Revenues,2026-08-25
MS,shares,2010-12-31,1512000000,2011-03-26,CommonStockSharesOutstanding,2026-08-25
MSCI,assets,2010-12-31,3057481000,2011-03-26,Assets,2026-08-25
MSCI,cash,2010-12-31,269423000,2011-03-26,CashAndCashEquivalentsAtCarryingValue,2026-08-25
MSCI,debt,2010-12-31,1207966000,2011-03-26,LongTermDebtNoncurrent,2026-08-25
MSCI,equity,2010-12-31,1102170000,2011-03-26,StockholdersEquity,2026-08-25
MSCI,liabilities,2010-12-31,1955311000,2011-03-26,Liabilities,2026-08-25
MSCI,netIncome,2010-11-30,30266000,2011-02-23,NetIncomeLoss,2026-08-25
MSCI,operatingIncome,2010-11-30,70720000,2011-02-23,OperatingIncomeLoss,2026-08-25
MSCI,receivables,2010-12-31,137988000,2011-03-26,AccountsReceivableNetCurrent,2026-08-25
MSCI,revenue,2010-11-30,213318000,2011-02-23,Revenues,2026-08-25
MSFT,assets,2010-12-31,92306000000,2011-03-26,Assets,2026-08-25
MSFT,buybacks,2010-12-31,5052000000,2011-03-26,PaymentsForRepurchaseOfCommonStock,2026-08-25
MSFT,capex,2010-12-31,491000000,2011-03-26,PaymentsToAcquirePropertyPlantAndEquipment,2026-08-25
MSFT,cash,2010-12-31,4023000000,2011-03-26,CashAndCashEquivalentsAtCarryingValue,2026-08-25
MSFT,debt,2010-12-31,9671000000,2011-03-26,LongTermDebtNoncurrent,2026-08-25
MSFT,equity,2010-12-31,48481000000,2011-03-26,StockholdersEquity,2026-08-25
MSFT,grossProfit,2010-12-31,15120000000,2011-03-26,GrossProfit,2026-08-25
MSFT,inventory,2010-12-31,861000000,2011-03-26,InventoryNet,2026-08-25
MSFT,liabilities,2010-12-31,43825000000,2011-03-26,Liabilities,2026-08-25
MSFT,netIncome,2010-12-31,6634000000,2011-03-26,NetIncomeLoss,2026-08-25
MSFT,operatingCashFlow,2010-12-31,4186000000,2011-03-26,NetCashProvidedByUsedInOperatingActivities,2026-08-25
MSFT,operatingIncome,2010-12-31,8165000000,2011-03-26,OperatingIncomeLoss,2026-08-25
MSFT,receivables,2010-12-31,12874000000,2011-03-26,AccountsReceivableNetCurrent,2026-08-25
MSFT,revenue,2010-12-31,19953000000,2011-03-26,Revenues,2026-08-25
MSFT,rnd,2010-12-31,2185000000,2011-03-26,ResearchAndDevelopmentExpense,2026-08-25
MSFT,shares,2010-12-31,8403000000,2011-03-26,CommonStockSharesOutstanding,2026-08-25
MSI,assets,2010-12-31,25577000000,2011-03-26,Assets,2026-08-25
MSI,cash,2010-12-31,4208000000,2011-03-26,CashAndCashEquivalentsAtCarryingValue,2026-08-25
MSI,debt,2010-12-31,2098000000,2011-03-26,LongTermDebtNoncurrent,2026-08-25
MSI,equity,2010-12-31,10885000000,2011-03-26,StockholdersEquity,2026-08-25
MSI,grossProfit,2010-12-31,1114000000,2011-03-26,GrossProfit,2026-08-25
MSI,inventory,2010-12-31,521000000,2011-03-26,InventoryNet,2026-08-25
MSI,netIncome,2010-12-31,292000000,2011-03-26,NetIncomeLoss,2026-08-25
MSI,operatingIncome,2010-12-31,278000000,2011-03-26,OperatingIncomeLoss,2026-08-25
MSI,receivables,2010-12-31,1547000000,2011-03-26,AccountsReceivableNetCurrent,2026-08-25
MSI,revenue,2010-12-31,2246000000,2011-03-26,Revenues,2026-08-25
MSI,rnd,2010-12-31,282000000,2011-03-26,ResearchAndDevelopmentExpense,2026-08-25
MSI,shares,2010-12-31,336300000,2011-03-26,CommonStockSharesOutstanding,2026-08-25
MTB,assets,2010-12-31,68021263000,2011-03-26,Assets,2026-08-25
MTB,cash,2010-12-31,933755000,2011-03-26,CashAndCashEquivalentsAtCarryingValue,2026-08-25
MTB,debt,2010-12-31,7840151000,2011-03-26,LongTermDebt,2026-08-25
MTB,equity,2010-12-31,8357695000,2011-03-26,StockholdersEquity,2026-08-25
MTB,liabilities,2010-12-31,59663568000,2011-03-26,Liabilities,2026-08-25
MTD,assets,2010-12-31,2283063000,2011-03-26,Assets,2026-08-25
MTD,cash,2010-12-31,447577000,2011-03-26,CashAndCashEquivalentsAtCarryingValue,2026-08-25
MTD,debt,2010-12-31,670301000,2011-03-26,LongTermDebtNoncurrent,2026-08-25
MTD,equity,2010-12-31,771584000,2011-03-26,StockholdersEquity,2026-08-25
MTD,grossProfit,2010-12-31,316590000,2011-03-26,GrossProfit,2026-08-25
MTD,inventory,2010-12-31,217104000,2011-03-26,InventoryNet,2026-08-25
MTD,liabilities,2010-12-31,1511479000,2011-03-26,Liabilities,2026-08-25
MTD,netIncome,2010-12-31,80852000,2011-03-26,NetIncomeLoss,2026-08-25
MTD,receivables,2010-12-31,368936000,2011-03-26,AccountsReceivableNetCurrent,2026-08-25
MTD,revenue,2010-12-31,592765000,2011-03-26,SalesRevenueNet,2026-08-25
MTD,shares,2010-12-31,32425315,2011-03-26,CommonStockSharesOutstanding,2026-08-25
MU,assets,2010-12-02,14617000000,2011-02-25,Assets,2026-08-25
MU,capex,2010-12-02,465000000,2011-02-25,PaymentsToAcquirePropertyPlantAndEquipment,2026-08-25
MU,cash,2010-12-02,2411000000,2011-02-25,CashAndCashEquivalentsAtCarryingValue,2026-08-25
MU,debt,2010-12-02,1348000000,2011-02-25,LongTermDebtNoncurrent,2026-08-25
MU,equity,2010-12-02,8226000000,2011-02-25,StockholdersEquity,2026-08-25
MU,equityStakes,2010-12-02,7000000,2011-02-25,PaymentsToAcquireEquityMethodInvestments,2026-08-25
MU,grossProfit,2010-12-02,524000000,2011-02-25,GrossProfit,2026-08-25
MU,inventory,2010-12-02,1892000000,2011-02-25,InventoryNet,2026-08-25
MU,liabilities,2010-12-02,4623000000,2011-02-25,Liabilities,2026-08-25
MU,netIncome,2010-12-02,155000000,2011-02-25,NetIncomeLoss,2026-08-25
MU,operatingCashFlow,2010-12-02,732000000,2011-02-25,NetCashProvidedByUsedInOperatingActivities,2026-08-25
MU,operatingIncome,2010-12-02,390000000,2011-02-25,OperatingIncomeLoss,2026-08-25
MU,receivables,2010-12-02,1086000000,2011-02-25,AccountsReceivableNetCurrent,2026-08-25
MU,revenue,2010-12-02,2252000000,2011-02-25,SalesRevenueNet,2026-08-25
MU,rnd,2010-12-02,185000000,2011-02-25,ResearchAndDevelopmentExpense,2026-08-25
MU,shares,2010-12-02,996800000,2011-02-25,CommonStockSharesOutstanding,2026-08-25
NCLH,cash,2010-12-31,55047000,2011-03-26,CashAndCashEquivalentsAtCarryingValue,2026-08-25
NDAQ,assets,2010-12-31,16207000000,2011-03-26,Assets,2026-08-25
NDAQ,cash,2010-12-31,315000000,2011-03-26,CashAndCashEquivalentsAtCarryingValue,2026-08-25
NDAQ,debt,2010-12-31,2181000000,2011-03-26,LongTermDebtNoncurrent,2026-08-25
NDAQ,equity,2010-12-31,4718000000,2011-03-26,StockholdersEquity,2026-08-25
NDAQ,liabilities,2010-12-31,11478000000,2011-03-26,Liabilities,2026-08-25
NDAQ,shares,2010-12-31,175782683,2011-03-26,CommonStockSharesOutstanding,2026-08-25
NDSN,assets,2010-10-31,986354000,2010-12-20,Assets,2026-08-25
NDSN,cash,2010-10-31,42329000,2010-12-20,CashAndCashEquivalentsAtCarryingValue,2026-08-25
NDSN,debt,2010-10-31,110260000,2010-12-20,LongTermDebt,2026-08-25
NDSN,equity,2010-10-31,505072000,2010-12-20,StockholdersEquity,2026-08-25
NDSN,grossProfit,2010-10-31,170271000,2010-12-20,GrossProfit,2026-08-25
NDSN,inventory,2010-10-31,117721000,2010-12-20,InventoryNet,2026-08-25
NDSN,netIncome,2010-10-31,53556000,2010-12-20,NetIncomeLoss,2026-08-25
NDSN,revenue,2010-10-31,290182000,2010-12-20,SalesRevenueNet,2026-08-25
NDSN,shares,2010-10-31,67871000,2010-12-20,CommonStockSharesOutstanding,2026-08-25
NEE,assets,2010-12-31,52994000000,2011-03-26,Assets,2026-08-25
NEE,cash,2010-12-31,377000000,2011-03-26,CashAndCashEquivalentsAtCarryingValue,2026-08-25
NEE,debt,2010-12-31,18013000000,2011-03-26,LongTermDebtNoncurrent,2026-08-25
NEE,equity,2010-12-31,14461000000,2011-03-26,StockholdersEquity,2026-08-25
NEE,inventory,2010-12-31,857000000,2011-03-26,InventoryNet,2026-08-25
NEE,netIncome,2010-12-31,263000000,2011-03-26,NetIncomeLoss,2026-08-25
NEE,operatingIncome,2010-12-31,469000000,2011-03-26,OperatingIncomeLoss,2026-08-25
NEE,receivables,2010-12-31,1509000000,2011-03-26,AccountsReceivableNetCurrent,2026-08-25
NEE,revenue,2010-12-31,3413000000,2011-03-26,Revenues,2026-08-25
NEE,shares,2010-12-31,421000000,2011-03-26,CommonStockSharesOutstanding,2026-08-25
NEM,assets,2010-12-31,25663000000,2011-03-26,Assets,2026-08-25
NEM,cash,2010-12-31,4056000000,2011-03-26,CashAndCashEquivalentsAtCarryingValue,2026-08-25
NEM,debt,2010-12-31,4182000000,2011-03-26,LongTermDebtNoncurrent,2026-08-25
NEM,equity,2010-12-31,13345000000,2011-03-26,StockholdersEquity,2026-08-25
NEM,grossProfit,2010-12-31,1402000000,2011-03-26,GrossProfit,2026-08-25
NEM,inventory,2010-12-31,658000000,2011-03-26,InventoryNet,2026-08-25
NEM,liabilities,2010-12-31,9947000000,2011-03-26,Liabilities,2026-08-25
NEM,netIncome,2010-12-31,812000000,2011-03-26,NetIncomeLoss,2026-08-25
NEM,receivables,2010-12-31,582000000,2011-03-26,AccountsReceivableNetCurrent,2026-08-25
NFLX,assets,2010-12-31,982067000,2011-03-26,Assets,2026-08-25
NFLX,cash,2010-12-31,194499000,2011-03-26,CashAndCashEquivalentsAtCarryingValue,2026-08-25
NFLX,equity,2010-12-31,290164000,2011-03-26,StockholdersEquity,2026-08-25
NFLX,grossProfit,2010-12-31,205132000,2011-03-26,GrossProfit,2026-08-25
NFLX,liabilities,2010-12-31,691903000,2011-03-26,Liabilities,2026-08-25
NFLX,netIncome,2010-12-31,47095000,2011-03-26,NetIncomeLoss,2026-08-25
NFLX,revenue,2010-12-31,595922000,2011-03-26,Revenues,2026-08-25
NFLX,shares,2010-12-31,52781949,2011-03-26,CommonStockSharesOutstanding,2026-08-25
NI,assets,2010-12-31,19913400000,2011-03-26,Assets,2026-08-25
NI,cash,2010-12-31,9200000,2011-03-26,CashAndCashEquivalentsAtCarryingValue,2026-08-25
NI,debt,2010-12-31,5970300000,2011-03-26,LongTermDebt,2026-08-25
NI,equity,2010-12-31,4897500000,2011-03-26,StockholdersEquity,2026-08-25
NI,netIncome,2010-12-31,31800000,2011-03-26,NetIncomeLoss,2026-08-25
NI,operatingIncome,2010-12-31,252700000,2011-03-26,OperatingIncomeLoss,2026-08-25
NI,receivables,2010-12-31,1079300000,2011-03-26,AccountsReceivableNetCurrent,2026-08-25
NI,revenue,2010-12-31,1752000000,2011-03-26,SalesRevenueNet,2026-08-25
NI,shares,2010-12-31,278855291,2011-03-26,CommonStockSharesOutstanding,2026-08-25
NKE,assets,2010-11-30,14464000000,2011-02-23,Assets,2026-08-25
NKE,cash,2010-11-30,1768000000,2011-02-23,CashAndCashEquivalentsAtCarryingValue,2026-08-25
NKE,debt,2010-11-30,338000000,2011-02-23,LongTermDebtNoncurrent,2026-08-25
NKE,equity,2010-11-30,9949000000,2011-02-23,StockholdersEquity,2026-08-25
NKE,grossProfit,2010-11-30,2193000000,2011-02-23,GrossProfit,2026-08-25
NKE,inventory,2010-11-30,2348000000,2011-02-23,InventoryNet,2026-08-25
NKE,netIncome,2010-11-30,457000000,2011-02-23,NetIncomeLoss,2026-08-25
NKE,receivables,2010-11-30,2792000000,2011-02-23,AccountsReceivableNetCurrent,2026-08-25
NKE,revenue,2010-11-30,4842000000,2011-02-23,SalesRevenueNet,2026-08-25
NOC,assets,2010-12-31,31410000000,2011-03-26,Assets,2026-08-25
NOC,cash,2010-12-31,3701000000,2011-03-26,CashAndCashEquivalentsAtCarryingValue,2026-08-25
NOC,debt,2010-12-31,4703000000,2011-03-26,LongTermDebt,2026-08-25
NOC,equity,2010-12-31,13436000000,2011-03-26,StockholdersEquity,2026-08-25
NOC,liabilities,2010-12-31,17974000000,2011-03-26,Liabilities,2026-08-25
NOC,netIncome,2010-12-31,376000000,2011-03-26,NetIncomeLoss,2026-08-25
NOC,operatingIncome,2010-12-31,675000000,2011-03-26,OperatingIncomeLoss,2026-08-25
NOC,revenue,2010-12-31,6903000000,2011-03-26,SalesRevenueNet,2026-08-25
NOC,shares,2010-12-31,290956752,2011-03-26,CommonStockSharesOutstanding,2026-08-25
NOW,cash,2010-12-31,38457000,2011-03-26,CashAndCashEquivalentsAtCarryingValue,2026-08-25
NRG,assets,2010-12-31,26896000000,2011-03-26,Assets,2026-08-25
NRG,cash,2010-12-31,2951000000,2011-03-26,CashAndCashEquivalentsAtCarryingValue,2026-08-25
NRG,debt,2010-12-31,9104000000,2011-03-26,LongTermDebt,2026-08-25
NRG,inventory,2010-12-31,453000000,2011-03-26,InventoryNet,2026-08-25
NRG,liabilities,2010-12-31,18576000000,2011-03-26,Liabilities,2026-08-25
NRG,netIncome,2010-12-31,-15000000,2011-03-26,NetIncomeLoss,2026-08-25
NRG,operatingIncome,2010-12-31,152000000,2011-03-26,OperatingIncomeLoss,2026-08-25
NRG,receivables,2010-12-31,734000000,2011-03-26,AccountsReceivableNetCurrent,2026-08-25
NRG,revenue,2010-12-31,1816000000,2011-03-26,Revenues,2026-08-25
NRG,shares,2010-12-31,247197335,2011-03-26,CommonStockSharesOutstanding,2026-08-25
NSC,assets,2010-12-31,28199000000,2011-03-26,Assets,2026-08-25
NSC,cash,2010-12-31,827000000,2011-03-26,CashAndCashEquivalentsAtCarryingValue,2026-08-25
NSC,debt,2010-12-31,6925000000,2011-03-26,LongTermDebt,2026-08-25
NSC,liabilities,2010-12-31,17530000000,2011-03-26,Liabilities,2026-08-25
NSC,operatingIncome,2010-12-31,642000000,2011-03-26,OperatingIncomeLoss,2026-08-25
NSC,receivables,2010-12-31,807000000,2011-03-26,AccountsReceivableNetCurrent,2026-08-25
NSC,revenue,2010-12-31,2392000000,2011-03-26,Revenues,2026-08-25
NSC,shares,2010-12-31,357362604,2011-03-26,CommonStockSharesOutstanding,2026-08-25
NTAP,assets,2010-10-29,7237800000,2010-12-18,Assets,2026-08-25
NTAP,cash,2010-10-29,1771100000,2010-12-18,CashAndCashEquivalentsAtCarryingValue,2026-08-25
NTAP,equity,2010-10-29,3207400000,2010-12-18,StockholdersEquity,2026-08-25
NTAP,grossProfit,2010-10-29,816500000,2010-12-18,GrossProfit,2026-08-25
NTAP,inventory,2010-10-29,84700000,2010-12-18,InventoryNet,2026-08-25
NTAP,liabilities,2010-10-29,4030400000,2010-12-18,Liabilities,2026-08-25
NTAP,netIncome,2010-10-29,175400000,2010-12-18,NetIncomeLoss,2026-08-25
NTAP,operatingIncome,2010-10-29,212800000,2010-12-18,OperatingIncomeLoss,2026-08-25
NTAP,receivables,2010-10-29,446600000,2010-12-18,AccountsReceivableNetCurrent,2026-08-25
NTAP,revenue,2010-10-29,1251000000,2010-12-18,Revenues,2026-08-25
NTAP,rnd,2010-10-29,156600000,2010-12-18,ResearchAndDevelopmentExpense,2026-08-25
NTRS,assets,2010-12-31,83843900000,2011-03-26,Assets,2026-08-25
NTRS,debt,2010-12-31,2729300000,2011-03-26,LongTermDebt,2026-08-25
NTRS,equity,2010-12-31,6830300000,2011-03-26,StockholdersEquity,2026-08-25
NTRS,liabilities,2010-12-31,77013600000,2011-03-26,Liabilities,2026-08-25
NTRS,shares,2010-12-31,242268903,2011-03-26,CommonStockSharesOutstanding,2026-08-25
NUE,assets,2010-12-31,13921910000,2011-03-26,Assets,2026-08-25
NUE,cash,2010-12-31,1325406000,2011-03-26,CashAndCashEquivalentsAtCarryingValue,2026-08-25
NUE,debt,2010-12-31,4280200000,2011-03-26,LongTermDebtNoncurrent,2026-08-25
NUE,equity,2010-12-31,7120070000,2011-03-26,StockholdersEquity,2026-08-25
NUE,grossProfit,2010-12-31,132543000,2011-03-26,GrossProfit,2026-08-25
NUE,inventory,2010-12-31,1557574000,2011-03-26,InventoryNet,2026-08-25
NUE,liabilities,2010-12-31,6591216000,2011-03-26,Liabilities,2026-08-25
NUE,netIncome,2010-12-31,-11359000,2011-03-26,NetIncomeLoss,2026-08-25
NUE,receivables,2010-12-31,1439828000,2011-03-26,AccountsReceivableNetCurrent,2026-08-25
NUE,revenue,2010-12-31,3853750000,2011-03-26,SalesRevenueNet,2026-08-25
NVDA,assets,2010-10-31,3915579000,2010-12-20,Assets,2026-08-25
NVDA,cash,2010-10-31,451174000,2010-12-20,CashAndCashEquivalentsAtCarryingValue,2026-08-25
NVDA,equity,2010-10-31,2897880000,2010-12-20,StockholdersEquity,2026-08-25
NVDA,grossProfit,2010-10-31,392062000,2010-12-20,GrossProfit,2026-08-25
NVDA,inventory,2010-10-31,377812000,2010-12-20,InventoryNet,2026-08-25
NVDA,netIncome,2010-10-31,84862000,2010-12-20,NetIncomeLoss,2026-08-25
NVDA,operatingIncome,2010-10-31,103783000,2010-12-20,OperatingIncomeLoss,2026-08-25
NVDA,receivables,2010-10-31,399502000,2010-12-20,AccountsReceivableNetCurrent,2026-08-25
NVDA,revenue,2010-10-31,843912000,2010-12-20,Revenues,2026-08-25
NVDA,rnd,2010-10-31,204527000,2010-12-20,ResearchAndDevelopmentExpense,2026-08-25
NVR,assets,2010-12-31,2260061000,2011-03-26,Assets,2026-08-25
NVR,cash,2010-12-31,1193750000,2011-03-26,CashAndCashEquivalentsAtCarryingValue,2026-08-25
NVR,equity,2010-12-31,1740374000,2011-03-26,StockholdersEquity,2026-08-25
NVR,liabilities,2010-12-31,519687000,2011-03-26,Liabilities,2026-08-25
NVR,netIncome,2010-12-31,58698000,2011-03-26,NetIncomeLoss,2026-08-25
NVR,shares,2010-12-31,5663556,2011-03-26,CommonStockSharesOutstanding,2026-08-25
NXPI,assets,2010-12-31,7637000000,2011-03-26,Assets,2026-08-25
NXPI,cash,2010-12-31,898000000,2011-03-26,CashAndCashEquivalentsAtCarryingValue,2026-08-25
NXPI,debt,2010-12-31,4128000000,2011-03-26,LongTermDebtNoncurrent,2026-08-25
NXPI,equity,2010-12-31,986000000,2011-03-26,StockholdersEquity,2026-08-25
NXPI,inventory,2010-12-31,513000000,2011-03-26,InventoryNet,2026-08-25
NXPI,receivables,2010-12-31,396000000,2011-03-26,AccountsReceivableNetCurrent,2026-08-25
O,assets,2010-12-31,3535590000,2011-03-26,Assets,2026-08-25
O,equity,2010-12-31,1846965000,2011-03-26,StockholdersEquity,2026-08-25
O,liabilities,2010-12-31,1688625000,2011-03-26,Liabilities,2026-08-25
O,shares,2010-12-31,118058988,2011-03-26,CommonStockSharesOutstanding,2026-08-25
ODFL,assets,2010-12-31,1239881000,2011-03-26,Assets,2026-08-25
ODFL,cash,2010-12-31,5450000,2011-03-26,CashAndCashEquivalentsAtCarryingValue,2026-08-25
ODFL,equity,2010-12-31,668649000,2011-03-26,StockholdersEquity,2026-08-25
ODFL,liabilities,2010-12-31,571232000,2011-03-26,Liabilities,2026-08-25
ODFL,netIncome,2010-12-31,22056000,2011-03-26,NetIncomeLoss,2026-08-25
ODFL,operatingIncome,2010-12-31,37969000,2011-03-26,OperatingIncomeLoss,2026-08-25
ODFL,receivables,2010-12-31,172989000,2011-03-26,AccountsReceivableNetCurrent,2026-08-25
ODFL,shares,2010-12-31,55926945,2011-03-26,CommonStockSharesOutstanding,2026-08-25
OKE,assets,2010-12-31,12499175000,2011-03-26,Assets,2026-08-25
OKE,cash,2010-12-31,26190000,2011-03-26,CashAndCashEquivalentsAtCarryingValue,2026-08-25
OKE,debt,2010-12-31,3686542000,2011-03-26,LongTermDebtNoncurrent,2026-08-25
OKE,equity,2010-12-31,2448623000,2011-03-26,StockholdersEquity,2026-08-25
OKE,grossProfit,2010-12-31,542009000,2011-03-26,GrossProfit,2026-08-25
OKE,inventory,2010-12-31,706912000,2011-03-26,InventoryNet,2026-08-25
OKE,netIncome,2010-12-31,83074000,2011-03-26,NetIncomeLoss,2026-08-25
OKE,revenue,2010-12-31,3280050000,2011-03-26,Revenues,2026-08-25
OKE,shares,2010-12-31,106815582,2011-03-26,CommonStockSharesOutstanding,2026-08-25
OMC,assets,2010-12-31,19566100000,2011-03-26,Assets,2026-08-25
OMC,cash,2010-12-31,2288700000,2011-03-26,CashAndCashEquivalentsAtCarryingValue,2026-08-25
OMC,equity,2010-12-31,3580500000,2011-03-26,StockholdersEquity,2026-08-25
OMC,netIncome,2010-12-31,246400000,2011-03-26,NetIncomeLoss,2026-08-25
OMC,operatingIncome,2010-12-31,439700000,2011-03-26,OperatingIncomeLoss,2026-08-25
OMC,receivables,2010-12-31,5977200000,2011-03-26,AccountsReceivableNetCurrent,2026-08-25
OMC,revenue,2010-12-31,3586700000,2011-03-26,Revenues,2026-08-25
OMC,shares,2010-12-31,285500000,2011-03-26,CommonStockSharesOutstanding,2026-08-25
ON,assets,2010-12-31,2919200000,2011-03-26,Assets,2026-08-25
ON,cash,2010-12-31,623300000,2011-03-26,CashAndCashEquivalentsAtCarryingValue,2026-08-25
ON,debt,2010-12-31,752800000,2011-03-26,LongTermDebtNoncurrent,2026-08-25
ON,equity,2010-12-31,1366000000,2011-03-26,StockholdersEquity,2026-08-25
ON,grossProfit,2010-12-31,237600000,2011-03-26,GrossProfit,2026-08-25
ON,inventory,2010-12-31,360800000,2011-03-26,InventoryNet,2026-08-25
ON,liabilities,2010-12-31,1531200000,2011-03-26,Liabilities,2026-08-25
ON,netIncome,2010-12-31,61000000,2011-03-26,NetIncomeLoss,2026-08-25
ON,operatingIncome,2010-10-01,107700000,2010-11-20,OperatingIncomeLoss,2026-08-25
ON,revenue,2010-12-31,579200000,2011-03-26,Revenues,2026-08-25
ON,shares,2010-12-31,436774177,2011-03-26,CommonStockSharesOutstanding,2026-08-25
ORCL,assets,2010-11-30,67243000000,2011-02-23,Assets,2026-08-25
ORCL,cash,2010-11-30,10420000000,2011-02-23,CashAndCashEquivalentsAtCarryingValue,2026-08-25
ORCL,equity,2010-11-30,34412000000,2011-02-23,StockholdersEquity,2026-08-25
ORCL,inventory,2010-11-30,236000000,2011-02-23,InventoryNet,2026-08-25
ORCL,operatingIncome,2010-11-30,2770000000,2011-02-23,OperatingIncomeLoss,2026-08-25
ORCL,receivables,2010-11-30,4406000000,2011-02-23,AccountsReceivableNetCurrent,2026-08-25
ORCL,revenue,2010-11-30,8582000000,2011-02-23,Revenues,2026-08-25
ORCL,rnd,2010-11-30,1119000000,2011-02-23,ResearchAndDevelopmentExpense,2026-08-25
ORCL,shares,2010-11-30,5051000000,2011-02-23,CommonStockSharesOutstanding,2026-08-25
ORLY,assets,2010-12-31,5047827000,2011-03-26,Assets,2026-08-25
ORLY,cash,2010-12-31,29721000,2011-03-26,CashAndCashEquivalentsAtCarryingValue,2026-08-25
ORLY,debt,2010-12-31,357273000,2011-03-26,LongTermDebtNoncurrent,2026-08-25
ORLY,equity,2010-12-31,3209685000,2011-03-26,StockholdersEquity,2026-08-25
ORLY,grossProfit,2010-12-31,636597000,2011-03-26,GrossProfit,2026-08-25
ORLY,inventory,2010-12-31,2023488000,2011-03-26,InventoryNet,2026-08-25
ORLY,netIncome,2010-12-31,105760000,2011-03-26,NetIncomeLoss,2026-08-25
ORLY,operatingIncome,2010-12-31,164136000,2011-03-26,OperatingIncomeLoss,2026-08-25
ORLY,receivables,2010-12-31,121807000,2011-03-26,AccountsReceivableNetCurrent,2026-08-25
ORLY,revenue,2010-12-31,1310330000,2011-03-26,SalesRevenueNet,2026-08-25
ORLY,shares,2010-12-31,141025544,2011-03-26,CommonStockSharesOutstanding,2026-08-25
OXY,assets,2010-12-31,52432000000,2011-03-26,Assets,2026-08-25
OXY,cash,2010-12-31,2578000000,2011-03-26,CashAndCashEquivalentsAtCarryingValue,2026-08-25
OXY,debt,2010-12-31,5111000000,2011-03-26,LongTermDebtNoncurrent,2026-08-25
OXY,equity,2010-12-31,32484000000,2011-03-26,StockholdersEquity,2026-08-25
OXY,inventory,2010-12-31,1041000000,2011-03-26,InventoryNet,2026-08-25
OXY,receivables,2010-12-31,5032000000,2011-03-26,AccountsReceivableNetCurrent,2026-08-25
OXY,shares,2010-12-31,885275000,2011-03-26,CommonStockSharesOutstanding,2026-08-25
PAYX,assets,2010-11-30,5022700000,2011-02-23,Assets,2026-08-25
PAYX,cash,2010-11-30,233200000,2011-02-23,CashAndCashEquivalentsAtCarryingValue,2026-08-25
PAYX,equity,2010-11-30,1449500000,2011-02-23,StockholdersEquity,2026-08-25
PAYX,liabilities,2010-11-30,3573200000,2011-02-23,Liabilities,2026-08-25
PAYX,netIncome,2010-11-30,133900000,2011-02-23,NetIncomeLoss,2026-08-25
PAYX,operatingIncome,2010-11-30,203900000,2011-02-23,OperatingIncomeLoss,2026-08-25
PAYX,receivables,2010-11-30,224600000,2011-02-23,AccountsReceivableNetCurrent,2026-08-25
PAYX,revenue,2010-11-30,512000000,2011-02-23,Revenues,2026-08-25
PAYX,shares,2010-11-30,361700000,2011-02-23,CommonStockSharesOutstanding,2026-08-25
PCAR,assets,2010-12-31,14234100000,2011-03-26,Assets,2026-08-25
PCAR,cash,2010-12-31,2040800000,2011-03-26,CashAndCashEquivalentsAtCarryingValue,2026-08-25
PCAR,equity,2010-12-31,5357800000,2011-03-26,StockholdersEquity,2026-08-25
PCAR,inventory,2010-12-31,534000000,2011-03-26,InventoryNet,2026-08-25
PCG,assets,2010-12-31,46025000000,2011-03-26,Assets,2026-08-25
PCG,cash,2010-12-31,291000000,2011-03-26,CashAndCashEquivalentsAtCarryingValue,2026-08-25
PCG,debt,2010-12-31,10906000000,2011-03-26,LongTermDebtNoncurrent,2026-08-25
PCG,equity,2010-12-31,11282000000,2011-03-26,StockholdersEquity,2026-08-25
PCG,inventory,2010-12-31,152000000,2011-03-26,InventoryNet,2026-08-25
PCG,receivables,2010-12-31,944000000,2011-03-26,AccountsReceivableNetCurrent,2026-08-25
PCG,shares,2010-12-31,395227205,2011-03-26,CommonStockSharesOutstanding,2026-08-25
PEG,assets,2010-12-31,29909000000,2011-03-26,Assets,2026-08-25
PEG,cash,2010-12-31,280000000,2011-03-26,CashAndCashEquivalentsAtCarryingValue,2026-08-25
PEG,debt,2010-12-31,7819000000,2011-03-26,LongTermDebtNoncurrent,2026-08-25
PEG,equity,2010-12-31,9633000000,2011-03-26,StockholdersEquity,2026-08-25
PEG,netIncome,2010-12-31,282000000,2011-03-26,NetIncomeLoss,2026-08-25
PEG,operatingIncome,2010-12-31,589000000,2011-03-26,OperatingIncomeLoss,2026-08-25
PEG,receivables,2010-12-31,1387000000,2011-03-26,AccountsReceivableNetCurrent,2026-08-25
PEG,revenue,2010-12-31,2745000000,2011-03-26,Revenues,2026-08-25
PEG,shares,2010-12-31,505974223,2011-03-26,CommonStockSharesOutstanding,2026-08-25
PEP,assets,2010-12-25,68153000000,2011-03-20,Assets,2026-08-25
PEP,cash,2010-12-25,5943000000,2011-03-20,CashAndCashEquivalentsAtCarryingValue,2026-08-25
PEP,debt,2010-12-25,19999000000,2011-03-20,LongTermDebtNoncurrent,2026-08-25
PEP,equity,2010-12-25,21273000000,2011-03-20,StockholdersEquity,2026-08-25
PEP,inventory,2010-12-25,3372000000,2011-03-20,InventoryNet,2026-08-25
PEP,liabilities,2010-12-25,46677000000,2011-03-20,Liabilities,2026-08-25
PFE,assets,2010-12-31,195014000000,2011-03-26,Assets,2026-08-25
PFE,cash,2010-12-31,1735000000,2011-03-26,CashAndCashEquivalentsAtCarryingValue,2026-08-25
PFE,debt,2010-12-31,38410000000,2011-03-26,LongTermDebtNoncurrent,2026-08-25
PFE,equity,2010-12-31,87813000000,2011-03-26,StockholdersEquity,2026-08-25
PFE,inventory,2010-12-31,8275000000,2011-03-26,InventoryNet,2026-08-25
PFE,liabilities,2010-12-31,106749000000,2011-03-26,Liabilities,2026-08-25
PFE,netIncome,2010-10-03,866000000,2010-11-22,NetIncomeLoss,2026-08-25
PFE,receivables,2010-12-31,13380000000,2011-03-26,AccountsReceivableNetCurrent,2026-08-25
PFE,revenue,2010-10-03,15995000000,2010-11-22,SalesRevenueNet,2026-08-25
PFG,assets,2010-12-31,145631100000,2011-03-26,Assets,2026-08-25
PFG,cash,2010-12-31,1877400000,2011-03-26,CashAndCashEquivalentsAtCarryingValue,2026-08-25
PFG,debt,2010-12-31,1583700000,2011-03-26,LongTermDebt,2026-08-25
PFG,equity,2010-12-31,9727800000,2011-03-26,StockholdersEquity,2026-08-25
PFG,liabilities,2010-12-31,135746100000,2011-03-26,Liabilities,2026-08-25
PFG,revenue,2010-12-31,2372500000,2011-03-26,Revenues,2026-08-25
PFG,shares,2010-12-31,320400000,2011-03-26,CommonStockSharesOutstanding,2026-08-25
PG,assets,2010-12-31,134273000000,2011-03-26,Assets,2026-08-25
PG,cash,2010-12-31,3249000000,2011-03-26,CashAndCashEquivalentsAtCarryingValue,2026-08-25
PG,debt,2010-12-31,21317000000,2011-03-26,LongTermDebtNoncurrent,2026-08-25
PG,inventory,2010-12-31,7423000000,2011-03-26,InventoryNet,2026-08-25
PG,liabilities,2010-12-31,69560000000,2011-03-26,Liabilities,2026-08-25
PG,netIncome,2010-12-31,3333000000,2011-03-26,NetIncomeLoss,2026-08-25
PG,operatingIncome,2010-12-31,4186000000,2011-03-26,OperatingIncomeLoss,2026-08-25
PG,receivables,2010-12-31,6551000000,2011-03-26,AccountsReceivableNetCurrent,2026-08-25
PG,revenue,2010-12-31,20976000000,2011-03-26,SalesRevenueNet,2026-08-25
PGR,assets,2010-12-31,21150300000,2011-03-26,Assets,2026-08-25
PGR,debt,2010-12-31,1958200000,2011-03-26,LongTermDebt,2026-08-25
PGR,equity,2010-12-31,6048900000,2011-03-26,StockholdersEquity,2026-08-25
PGR,liabilities,2010-12-31,15101400000,2011-03-26,Liabilities,2026-08-25
PH,assets,2010-12-31,10618844000,2011-03-26,Assets,2026-08-25
PH,cash,2010-12-31,808736000,2011-03-26,CashAndCashEquivalentsAtCarryingValue,2026-08-25
PH,debt,2010-12-31,1742464000,2011-03-26,LongTermDebtNoncurrent,2026-08-25
PH,equity,2010-12-31,5113261000,2011-03-26,StockholdersEquity,2026-08-25
PH,grossProfit,2010-12-31,670936000,2011-03-26,GrossProfit,2026-08-25
PH,inventory,2010-12-31,1361457000,2011-03-26,InventoryNet,2026-08-25
PH,liabilities,2010-12-31,5404251000,2011-03-26,Liabilities,2026-08-25
PH,netIncome,2010-12-31,230180000,2011-03-26,NetIncomeLoss,2026-08-25
PH,operatingIncome,2010-12-31,400350000,2011-03-26,OperatingIncomeLoss,2026-08-25
PH,revenue,2010-12-31,2866664000,2011-03-26,SalesRevenueNet,2026-08-25
PHM,assets,2010-12-31,7699376000,2011-03-26,Assets,2026-08-25
PHM,cash,2010-12-31,1483390000,2011-03-26,CashAndCashEquivalentsAtCarryingValue,2026-08-25
PHM,equity,2010-12-31,2135167000,2011-03-26,StockholdersEquity,2026-08-25
PHM,liabilities,2010-12-31,5564209000,2011-03-26,Liabilities,2026-08-25
PHM,netIncome,2010-12-31,-165428000,2011-03-26,NetIncomeLoss,2026-08-25
PHM,receivables,2010-12-31,12800000,2011-03-26,AccountsReceivableNetCurrent,2026-08-25
PHM,revenue,2010-12-31,1185270000,2011-03-26,Revenues,2026-08-25
PHM,shares,2010-12-31,382027940,2011-03-26,CommonStockSharesOutstanding,2026-08-25
PKG,assets,2010-12-31,2225910000,2011-03-26,Assets,2026-08-25
PKG,cash,2010-12-31,196556000,2011-03-26,CashAndCashEquivalentsAtCarryingValue,2026-08-25
PKG,debt,2010-12-31,549099000,2011-03-26,LongTermDebtNoncurrent,2026-08-25
PKG,equity,2010-12-31,1050562000,2011-03-26,StockholdersEquity,2026-08-25
PKG,grossProfit,2010-12-31,147284000,2011-03-26,GrossProfit,2026-08-25
PKG,inventory,2010-12-31,241142000,2011-03-26,InventoryNet,2026-08-25
PKG,netIncome,2010-12-31,54891000,2011-03-26,NetIncomeLoss,2026-08-25
PKG,operatingIncome,2010-12-31,96362000,2011-03-26,OperatingIncomeLoss,2026-08-25
PKG,receivables,2010-12-31,294192000,2011-03-26,AccountsReceivableNetCurrent,2026-08-25
PKG,revenue,2010-12-31,626651000,2011-03-26,SalesRevenueNet,2026-08-25
PLD,assets,2010-12-31,14902667000,2011-03-26,Assets,2026-08-25
PLD,cash,2010-12-31,37634000,2011-03-26,CashAndCashEquivalentsAtCarryingValue,2026-08-25
PLD,equity,2010-12-31,7505223000,2011-03-26,StockholdersEquity,2026-08-25
PLD,liabilities,2010-12-31,7382312000,2011-03-26,Liabilities,2026-08-25
PLD,operatingIncome,2010-12-31,-694092000,2011-03-26,OperatingIncomeLoss,2026-08-25
PLD,shares,2010-12-31,254482000,2011-03-26,CommonStockSharesOutstanding,2026-08-25
PM,assets,2010-12-31,35050000000,2011-03-26,Assets,2026-08-25
PM,cash,2010-12-31,1703000000,2011-03-26,CashAndCashEquivalentsAtCarryingValue,2026-08-25
PM,debt,2010-12-31,13370000000,2011-03-26,LongTermDebtNoncurrent,2026-08-25
PM,equity,2010-12-31,3506000000,2011-03-26,StockholdersEquity,2026-08-25
PM,grossProfit,2010-12-31,4536000000,2011-03-26,GrossProfit,2026-08-25
PM,inventory,2010-12-31,8317000000,2011-03-26,InventoryNet,2026-08-25
PM,liabilities,2010-12-31,29929000000,2011-03-26,Liabilities,2026-08-25
PM,netIncome,2010-12-31,1752000000,2011-03-26,NetIncomeLoss,2026-08-25
PM,receivables,2010-12-31,3009000000,2011-03-26,AccountsReceivableNetCurrent,2026-08-25
PM,revenue,2010-12-31,17807000000,2011-03-26,SalesRevenueNet,2026-08-25
PM,shares,2010-12-31,1801783490,2011-03-26,CommonStockSharesOutstanding,2026-08-25
PNC,assets,2010-12-31,264284000000,2011-03-26,Assets,2026-08-25
PNC,equity,2010-12-31,30242000000,2011-03-26,StockholdersEquity,2026-08-25
PNC,liabilities,2010-12-31,231446000000,2011-03-26,Liabilities,2026-08-25
PNR,assets,2010-12-31,3973533000,2011-03-26,Assets,2026-08-25
PNR,cash,2010-12-31,46100000,2011-03-26,CashAndCashEquivalentsAtCarryingValue,2026-08-25
PNR,debt,2010-12-31,702521000,2011-03-26,LongTermDebtNoncurrent,2026-08-25
PNR,equity,2010-12-31,2093153000,2011-03-26,StockholdersEquity,2026-08-25
PNR,grossProfit,2010-12-31,232228000,2011-03-26,GrossProfit,2026-08-25
PNR,inventory,2010-12-31,405356000,2011-03-26,InventoryNet,2026-08-25
PNR,liabilities,2010-12-31,1768501000,2011-03-26,Liabilities,2026-08-25
PNR,netIncome,2010-10-02,55050000,2010-11-21,NetIncomeLoss,2026-08-25
PNR,operatingIncome,2010-12-31,79605000,2011-03-26,OperatingIncomeLoss,2026-08-25
PNR,revenue,2010-12-31,753858000,2011-03-26,SalesRevenueNet,2026-08-25
PNR,rnd,2010-10-02,16865000,2010-11-21,ResearchAndDevelopmentExpense,2026-08-25
PNR,shares,2010-12-31,98409192,2011-03-26,CommonStockSharesOutstanding,2026-08-25
PNW,assets,2010-12-31,12393000000,2011-03-26,Assets,2026-08-25
PNW,cash,2010-12-31,110188000,2011-03-26,CashAndCashEquivalentsAtCarryingValue,2026-08-25
PNW,debt,2010-12-31,3045794000,2011-03-26,LongTermDebtNoncurrent,2026-08-25
PNW,equity,2010-12-31,3683327000,2011-03-26,StockholdersEquity,2026-08-25
PODD,assets,2010-12-31,156233000,2011-03-26,Assets,2026-08-25
PODD,cash,2010-12-31,113274000,2011-03-26,CashAndCashEquivalentsAtCarryingValue,2026-08-25
PODD,debt,2010-12-31,69433000,2011-03-26,LongTermDebtNoncurrent,2026-08-25
PODD,equity,2010-12-31,66231000,2011-03-26,StockholdersEquity,2026-08-25
PODD,grossProfit,2010-12-31,13826000,2011-03-26,GrossProfit,2026-08-25
PODD,inventory,2010-12-31,11430000,2011-03-26,InventoryNet,2026-08-25
PODD,liabilities,2010-12-31,90002000,2011-03-26,Liabilities,2026-08-25
PODD,netIncome,2010-12-31,-20858000,2011-03-26,NetIncomeLoss,2026-08-25
PODD,receivables,2010-12-31,16841000,2011-03-26,AccountsReceivableNetCurrent,2026-08-25
PODD,revenue,2010-12-31,27767000,2011-03-26,SalesRevenueNet,2026-08-25
PODD,shares,2010-12-31,45440839,2011-03-26,CommonStockSharesOutstanding,2026-08-25
PPG,assets,2010-12-31,14975000000,2011-03-26,Assets,2026-08-25
PPG,cash,2010-12-31,1341000000,2011-03-26,CashAndCashEquivalentsAtCarryingValue,2026-08-25
PPG,debt,2010-12-31,4043000000,2011-03-26,LongTermDebtNoncurrent,2026-08-25
PPG,equity,2010-12-31,3638000000,2011-03-26,StockholdersEquity,2026-08-25
PPG,inventory,2010-12-31,1573000000,2011-03-26,InventoryNet,2026-08-25
PPG,liabilities,2010-12-31,11142000000,2011-03-26,Liabilities,2026-08-25
PPG,netIncome,2010-12-31,205000000,2011-03-26,NetIncomeLoss,2026-08-25
PPG,receivables,2010-12-31,2447000000,2011-03-26,AccountsReceivableNetCurrent,2026-08-25
PPG,revenue,2010-12-31,3379000000,2011-03-26,SalesRevenueNet,2026-08-25
PPG,shares,2010-12-31,160381815,2011-03-26,CommonStockSharesOutstanding,2026-08-25
PPL,assets,2010-12-31,32837000000,2011-03-26,Assets,2026-08-25
PPL,cash,2010-12-31,925000000,2011-03-26,CashAndCashEquivalentsAtCarryingValue,2026-08-25
PPL,debt,2010-12-31,12161000000,2011-03-26,LongTermDebtNoncurrent,2026-08-25
PPL,equity,2010-12-31,8210000000,2011-03-26,StockholdersEquity,2026-08-25
PPL,inventory,2010-12-31,643000000,2011-03-26,InventoryNet,2026-08-25
PPL,netIncome,2010-12-31,355000000,2011-03-26,NetIncomeLoss,2026-08-25
PPL,operatingIncome,2010-12-31,642000000,2011-03-26,OperatingIncomeLoss,2026-08-25
PPL,receivables,2010-12-31,652000000,2011-03-26,AccountsReceivableNetCurrent,2026-08-25
PPL,shares,2010-12-31,483391000,2011-03-26,CommonStockSharesOutstanding,2026-08-25
PRU,assets,2010-12-31,539854000000,2011-03-26,Assets,2026-08-25
PRU,cash,2010-12-31,12915000000,2011-03-26,CashAndCashEquivalentsAtCarryingValue,2026-08-25
PRU,debt,2010-12-31,23653000000,2011-03-26,LongTermDebtNoncurrent,2026-08-25
PRU,equity,2010-12-31,32415000000,2011-03-26,StockholdersEquity,2026-08-25
PRU,liabilities,2010-12-31,506926000000,2011-03-26,Liabilities,2026-08-25
PRU,netIncome,2010-12-31,177000000,2011-03-26,NetIncomeLoss,2026-08-25
PRU,revenue,2010-12-31,8049000000,2011-03-26,Revenues,2026-08-25
PSA,assets,2010-12-31,9495333000,2011-03-26,Assets,2026-08-25
PSA,cash,2010-12-31,456252000,2011-03-26,CashAndCashEquivalentsAtCarryingValue,2026-08-25
PSA,equity,2010-12-31,8676598000,2011-03-26,StockholdersEquity,2026-08-25
PSA,liabilities,2010-12-31,774186000,2011-03-26,Liabilities,2026-08-25
PSA,revenue,2010-12-31,417780000,2011-03-26,Revenues,2026-08-25
PSA,shares,2010-12-31,169252819,2011-03-26,CommonStockSharesOutstanding,2026-08-25
PSX,assets,2010-12-31,44955000000,2011-03-26,Assets,2026-08-25
PSX,cash,2010-12-31,0,2011-03-26,CashAndCashEquivalentsAtCarryingValue,2026-08-25
PWR,assets,2010-12-31,4341212000,2011-03-26,Assets,2026-08-25
PWR,cash,2010-12-31,539221000,2011-03-26,CashAndCashEquivalentsAtCarryingValue,2026-08-25
PWR,equity,2010-12-31,3365555000,2011-03-26,StockholdersEquity,2026-08-25
PWR,grossProfit,2010-12-31,159250000,2011-03-26,GrossProfit,2026-08-25
PWR,inventory,2010-12-31,51754000,2011-03-26,InventoryNet,2026-08-25
PWR,liabilities,2010-12-31,974293000,2011-03-26,Liabilities,2026-08-25
PWR,receivables,2010-12-31,766387000,2011-03-26,AccountsReceivableNetCurrent,2026-08-25
PWR,shares,2010-12-31,211138091,2011-03-26,CommonStockSharesOutstanding,2026-08-25
QCOM,assets,2010-12-26,31291000000,2011-03-21,Assets,2026-08-25
QCOM,buybacks,2010-12-26,0,2011-03-21,PaymentsForRepurchaseOfCommonStock,2026-08-25
QCOM,capex,2010-12-26,102000000,2011-03-21,PaymentsToAcquireProductiveAssets,2026-08-25
QCOM,cash,2010-12-26,4711000000,2011-03-21,CashAndCashEquivalentsAtCarryingValue,2026-08-25
QCOM,equity,2010-12-26,22736000000,2011-03-21,StockholdersEquity,2026-08-25
QCOM,inventory,2010-12-26,574000000,2011-03-21,InventoryNet,2026-08-25
QCOM,liabilities,2010-12-26,8555000000,2011-03-21,Liabilities,2026-08-25
QCOM,netIncome,2010-12-26,1170000000,2011-03-21,NetIncomeLoss,2026-08-25
QCOM,operatingCashFlow,2010-12-26,48000000,2011-03-21,NetCashProvidedByUsedInOperatingActivities,2026-08-25
QCOM,operatingIncome,2010-12-26,1247000000,2011-03-21,OperatingIncomeLoss,2026-08-25
QCOM,receivables,2010-12-26,657000000,2011-03-21,AccountsReceivableNetCurrent,2026-08-25
QCOM,revenue,2010-12-26,3348000000,2011-03-21,Revenues,2026-08-25
QCOM,rnd,2010-12-26,649000000,2011-03-21,ResearchAndDevelopmentExpense,2026-08-25
QCOM,shares,2010-12-26,1634000000,2011-03-21,CommonStockSharesOutstanding,2026-08-25
RCL,assets,2010-12-31,19653829000,2011-03-26,Assets,2026-08-25
RCL,cash,2010-12-31,419929000,2011-03-26,CashAndCashEquivalentsAtCarryingValue,2026-08-25
RCL,debt,2010-12-31,7951187000,2011-03-26,LongTermDebtNoncurrent,2026-08-25
RCL,equity,2010-12-31,7900752000,2011-03-26,StockholdersEquity,2026-08-25
RCL,inventory,2010-12-31,126797000,2011-03-26,InventoryNet,2026-08-25
RCL,netIncome,2010-12-31,31900000,2011-03-26,NetIncomeLoss,2026-08-25
RCL,operatingIncome,2010-12-31,121695000,2011-03-26,OperatingIncomeLoss,2026-08-25
RCL,revenue,2010-12-31,1604498000,2011-03-26,Revenues,2026-08-25
REG,debt,2010-12-31,2094469000,2011-03-26,LongTermDebt,2026-08-25
REG,revenue,2010-12-31,117584000,2011-03-26,Revenues,2026-08-25
REGN,assets,2010-12-31,1089432000,2011-03-26,Assets,2026-08-25
REGN,cash,2010-12-31,112572000,2011-03-26,CashAndCashEquivalentsAtCarryingValue,2026-08-25
REGN,equity,2010-12-31,527815000,2011-03-26,StockholdersEquity,2026-08-25
REGN,liabilities,2010-12-31,561617000,2011-03-26,Liabilities,2026-08-25
REGN,netIncome,2010-12-31,-14597000,2011-03-26,NetIncomeLoss,2026-08-25
REGN,receivables,2010-12-31,2314000,2011-03-26,AccountsReceivableNetCurrent,2026-08-25
REGN,revenue,2010-12-31,133675000,2011-03-26,Revenues,2026-08-25
REGN,shares,2010-12-31,87238301,2011-03-26,CommonStockSharesOutstanding,2026-08-25
RF,assets,2010-12-31,132351000000,2011-03-26,Assets,2026-08-25
RF,cash,2010-12-31,6919000000,2011-03-26,CashAndCashEquivalentsAtCarryingValue,2026-08-25
RF,debt,2010-12-31,13190000000,2011-03-26,LongTermDebt,2026-08-25
RF,equity,2010-12-31,16734000000,2011-03-26,StockholdersEquity,2026-08-25
RF,liabilities,2010-12-31,115617000000,2011-03-26,Liabilities,2026-08-25
RJF,assets,2010-12-31,14849838000,2011-03-26,Assets,2026-08-25
RJF,buybacks,2010-12-31,5261000,2011-03-26,PaymentsForRepurchaseOfCommonStock,2026-08-25
RJF,capex,2010-12-31,9500000,2011-03-26,PaymentsToAcquirePropertyPlantAndEquipment,2026-08-25
RJF,cash,2010-12-31,1204883000,2011-03-26,CashAndCashEquivalentsAtCarryingValue,2026-08-25
RJF,equity,2010-12-31,2406742000,2011-03-26,StockholdersEquity,2026-08-25
RJF,liabilities,2010-12-31,12131905000,2011-03-26,Liabilities,2026-08-25
RJF,netIncome,2010-12-31,81723000,2011-03-26,NetIncomeLoss,2026-08-25
RJF,operatingCashFlow,2010-12-31,1212449000,2011-03-26,NetCashProvidedByUsedInOperatingActivities,2026-08-25
RJF,revenue,2010-12-31,830333000,2011-03-26,Revenues,2026-08-25
RL,assets,2010-10-02,4875000000,2010-11-21,Assets,2026-08-25
RL,cash,2010-10-02,435900000,2010-11-21,CashAndCashEquivalentsAtCarryingValue,2026-08-25
RL,debt,2010-10-02,285200000,2010-11-21,LongTermDebtNoncurrent,2026-08-25
RL,equity,2010-10-02,3172500000,2010-11-21,StockholdersEquity,2026-08-25
RL,grossProfit,2010-10-02,887900000,2010-11-21,GrossProfit,2026-08-25
RL,inventory,2010-10-02,732500000,2010-11-21,InventoryNet,2026-08-25
RL,liabilities,2010-10-02,1702500000,2010-11-21,Liabilities,2026-08-25
RL,netIncome,2010-10-02,205200000,2010-11-21,NetIncomeLoss,2026-08-25
RL,operatingIncome,2010-10-02,307400000,2010-11-21,OperatingIncomeLoss,2026-08-25
RL,receivables,2010-10-02,523300000,2010-11-21,AccountsReceivableNetCurrent,2026-08-25
RL,revenue,2010-10-02,1532100000,2010-11-21,SalesRevenueNet,2026-08-25
RMD,assets,2010-12-31,1884211000,2011-03-26,Assets,2026-08-25
RMD,cash,2010-12-31,616201000,2011-03-26,CashAndCashEquivalentsAtCarryingValue,2026-08-25
RMD,grossProfit,2010-12-31,185999000,2011-03-26,GrossProfit,2026-08-25
RMD,inventory,2010-12-31,214886000,2011-03-26,InventoryNet,2026-08-25
RMD,liabilities,2010-12-31,273409000,2011-03-26,Liabilities,2026-08-25
RMD,netIncome,2010-12-31,58456000,2011-03-26,NetIncomeLoss,2026-08-25
RMD,operatingIncome,2010-12-31,69873000,2011-03-26,OperatingIncomeLoss,2026-08-25
RMD,revenue,2010-12-31,305986000,2011-03-26,SalesRevenueNet,2026-08-25
RMD,rnd,2010-12-31,21972000,2011-03-26,ResearchAndDevelopmentExpense,2026-08-25
RMD,shares,2010-12-31,153467673,2011-03-26,CommonStockSharesOutstanding,2026-08-25
ROK,assets,2010-12-31,4778900000,2011-03-26,Assets,2026-08-25
ROK,buybacks,2010-12-31,43600000,2011-03-26,PaymentsForRepurchaseOfCommonStock,2026-08-25
ROK,capex,2010-12-31,20300000,2011-03-26,PaymentsToAcquirePropertyPlantAndEquipment,2026-08-25
ROK,cash,2010-12-31,769300000,2011-03-26,CashAndCashEquivalentsAtCarryingValue,2026-08-25
ROK,debt,2010-12-31,904900000,2011-03-26,LongTermDebtNoncurrent,2026-08-25
ROK,equity,2010-12-31,1586100000,2011-03-26,StockholdersEquity,2026-08-25
ROK,grossProfit,2010-12-31,543900000,2011-03-26,GrossProfit,2026-08-25
ROK,inventory,2010-12-31,612600000,2011-03-26,InventoryNet,2026-08-25
ROK,netIncome,2010-12-31,150100000,2011-03-26,NetIncomeLoss,2026-08-25
ROK,operatingCashFlow,2010-12-31,12600000,2011-03-26,NetCashProvidedByUsedInOperatingActivitiesContinuingOperations,2026-08-25
ROK,revenue,2010-12-31,1365800000,2011-03-26,SalesRevenueNet,2026-08-25
ROL,assets,2010-12-31,619014000,2011-03-26,Assets,2026-08-25
ROL,cash,2010-12-31,20913000,2011-03-26,CashAndCashEquivalentsAtCarryingValue,2026-08-25
ROL,equity,2010-12-31,297970000,2011-03-26,StockholdersEquity,2026-08-25
ROL,grossProfit,2010-12-31,132306000,2011-03-26,GrossProfit,2026-08-25
ROL,inventory,2010-12-31,11899000,2011-03-26,InventoryNet,2026-08-25
ROL,liabilities,2010-12-31,321044000,2011-03-26,Liabilities,2026-08-25
ROL,receivables,2010-12-31,59389000,2011-03-26,AccountsReceivableNetCurrent,2026-08-25
ROP,assets,2010-12-31,5069524000,2011-03-26,Assets,2026-08-25
ROP,cash,2010-12-31,270394000,2011-03-26,CashAndCashEquivalentsAtCarryingValue,2026-08-25
ROP,debt,2010-12-31,1247703000,2011-03-26,LongTermDebtNoncurrent,2026-08-25
ROP,grossProfit,2010-12-31,371865000,2011-03-26,GrossProfit,2026-08-25
ROP,inventory,2010-12-31,178559000,2011-03-26,InventoryNet,2026-08-25
ROP,liabilities,2010-12-31,2318617000,2011-03-26,Liabilities,2026-08-25
ROP,netIncome,2010-12-31,107311000,2011-03-26,NetIncomeLoss,2026-08-25
ROP,operatingIncome,2010-12-31,166158000,2011-03-26,OperatingIncomeLoss,2026-08-25
ROP,receivables,2010-12-31,403337000,2011-03-26,AccountsReceivableNetCurrent,2026-08-25
ROP,revenue,2010-12-31,679479000,2011-03-26,SalesRevenueNet,2026-08-25
ROP,shares,2010-12-31,95088000,2011-03-26,CommonStockSharesOutstanding,2026-08-25
ROST,assets,2010-10-30,2962589000,2010-12-19,Assets,2026-08-25
ROST,cash,2010-10-30,732798000,2010-12-19,CashAndCashEquivalentsAtCarryingValue,2026-08-25
ROST,debt,2010-10-30,150000000,2010-12-19,LongTermDebtNoncurrent,2026-08-25
ROST,equity,2010-10-30,1285011000,2010-12-19,StockholdersEquity,2026-08-25
ROST,inventory,2010-10-30,1048130000,2010-12-19,InventoryNet,2026-08-25
ROST,netIncome,2010-10-30,121378000,2010-12-19,NetIncomeLoss,2026-08-25
ROST,revenue,2010-10-30,1874320000,2010-12-19,SalesRevenueNet,2026-08-25
RSG,assets,2010-12-31,19461900000,2011-03-26,Assets,2026-08-25
RSG,cash,2010-12-31,88300000,2011-03-26,CashAndCashEquivalentsAtCarryingValue,2026-08-25
RSG,debt,2010-12-31,7043100000,2011-03-26,LongTermDebt,2026-08-25
RSG,equity,2010-12-31,7846500000,2011-03-26,StockholdersEquity,2026-08-25
RSG,inventory,2010-12-31,31300000,2011-03-26,InventoryNet,2026-08-25
RSG,netIncome,2010-12-31,147600000,2011-03-26,NetIncomeLoss,2026-08-25
RSG,operatingIncome,2010-12-31,389400000,2011-03-26,OperatingIncomeLoss,2026-08-25
RSG,receivables,2010-12-31,828900000,2011-03-26,AccountsReceivableNetCurrent,2026-08-25
RSG,revenue,2010-12-31,2020800000,2011-03-26,SalesRevenueNet,2026-08-25
RTX,assets,2010-12-31,58493000000,2011-03-26,Assets,2026-08-25
RTX,debt,2010-12-31,10173000000,2011-03-26,LongTermDebt,2026-08-25
RTX,equity,2010-12-31,21385000000,2011-03-26,StockholdersEquity,2026-08-25
RTX,grossProfit,2010-12-31,3864000000,2011-03-26,GrossProfit,2026-08-25
RTX,inventory,2010-12-31,7766000000,2011-03-26,InventoryNet,2026-08-25
RTX,liabilities,2010-12-31,35844000000,2011-03-26,Liabilities,2026-08-25
RTX,netIncome,2010-12-31,1199000000,2011-03-26,NetIncomeLoss,2026-08-25
RTX,revenue,2010-12-31,14864000000,2011-03-26,SalesRevenueNet,2026-08-25
RVTY,assets,2010-10-03,3248011000,2010-11-22,Assets,2026-08-25
RVTY,cash,2010-10-03,250988000,2010-11-22,CashAndCashEquivalentsAtCarryingValue,2026-08-25
RVTY,debt,2010-10-03,670131000,2010-11-22,LongTermDebtNoncurrent,2026-08-25
RVTY,equity,2010-10-03,1707035000,2010-11-22,StockholdersEquity,2026-08-25
RVTY,grossProfit,2010-10-03,186485000,2010-11-22,GrossProfit,2026-08-25
RVTY,inventory,2010-10-03,210158000,2010-11-22,InventoryNet,2026-08-25
RVTY,liabilities,2010-10-03,1540976000,2010-11-22,Liabilities,2026-08-25
RVTY,netIncome,2010-10-03,14290000,2010-11-22,NetIncomeLoss,2026-08-25
RVTY,operatingIncome,2010-10-03,42513000,2010-11-22,OperatingIncomeLoss,2026-08-25
RVTY,receivables,2010-10-03,323536000,2010-11-22,AccountsReceivableNetCurrent,2026-08-25
RVTY,revenue,2010-10-03,419143000,2010-11-22,Revenues,2026-08-25
RVTY,rnd,2010-10-03,23814000,2010-11-22,ResearchAndDevelopmentExpense,2026-08-25
RVTY,shares,2010-10-03,118034000,2010-11-22,CommonStockSharesOutstanding,2026-08-25
SBAC,assets,2010-12-31,3400175000,2011-03-26,Assets,2026-08-25
SBAC,cash,2010-12-31,64254000,2011-03-26,CashAndCashEquivalentsAtCarryingValue,2026-08-25
SBAC,debt,2010-12-31,2827450000,2011-03-26,LongTermDebtNoncurrent,2026-08-25
SBAC,equity,2010-12-31,317110000,2011-03-26,StockholdersEquity,2026-08-25
SBAC,netIncome,2010-12-31,-39161000,2011-03-26,NetIncomeLoss,2026-08-25
SBAC,operatingIncome,2010-12-31,16695000,2011-03-26,OperatingIncomeLoss,2026-08-25
SBAC,receivables,2010-12-31,18784000,2011-03-26,AccountsReceivableNetCurrent,2026-08-25
SBAC,revenue,2010-12-31,165497000,2011-03-26,Revenues,2026-08-25
SBAC,shares,2010-12-31,114832000,2011-03-26,CommonStockSharesOutstanding,2026-08-25
SBUX,assets,2010-10-03,6385900000,2010-11-22,Assets,2026-08-25
SBUX,cash,2010-10-03,1164000000,2010-11-22,CashAndCashEquivalentsAtCarryingValue,2026-08-25
SBUX,debt,2010-10-03,549400000,2010-11-22,LongTermDebtNoncurrent,2026-08-25
SBUX,equity,2010-10-03,3674700000,2010-11-22,StockholdersEquity,2026-08-25
SBUX,inventory,2010-10-03,543300000,2010-11-22,InventoryNet,2026-08-25
SBUX,liabilities,2010-10-03,2703600000,2010-11-22,Liabilities,2026-08-25
SBUX,receivables,2010-10-03,302700000,2010-11-22,AccountsReceivableNetCurrent,2026-08-25
SBUX,shares,2010-10-03,742600000,2010-11-22,CommonStockSharesOutstanding,2026-08-25
SCHW,assets,2010-12-31,92568000000,2011-03-26,Assets,2026-08-25
SCHW,cash,2010-12-31,4931000000,2011-03-26,CashAndCashEquivalentsAtCarryingValue,2026-08-25
SCHW,debt,2010-12-31,2006000000,2011-03-26,LongTermDebt,2026-08-25
SCHW,equity,2010-12-31,6226000000,2011-03-26,StockholdersEquity,2026-08-25
SCHW,liabilities,2010-12-31,86342000000,2011-03-26,Liabilities,2026-08-25
SCHW,netIncome,2010-12-31,119000000,2011-03-26,NetIncomeLoss,2026-08-25
SCHW,revenue,2010-12-31,1127000000,2011-03-26,Revenues,2026-08-25
SHW,assets,2010-12-31,5169235000,2011-03-26,Assets,2026-08-25
SHW,cash,2010-12-31,58585000,2011-03-26,CashAndCashEquivalentsAtCarryingValue,2026-08-25
SHW,debt,2010-12-31,648326000,2011-03-26,LongTermDebtNoncurrent,2026-08-25
SHW,equity,2010-12-31,1609440000,2011-03-26,StockholdersEquity,2026-08-25
SHW,grossProfit,2010-12-31,845632000,2011-03-26,GrossProfit,2026-08-25
SHW,inventory,2010-12-31,917701000,2011-03-26,InventoryNet,2026-08-25
SHW,netIncome,2010-12-31,72918000,2011-03-26,NetIncomeLoss,2026-08-25
SHW,receivables,2010-12-31,916661000,2011-03-26,AccountsReceivableNetCurrent,2026-08-25
SHW,revenue,2010-12-31,1895619000,2011-03-26,Revenues,2026-08-25
SHW,shares,2010-12-31,107020728,2011-03-26,CommonStockSharesOutstanding,2026-08-25
SJM,assets,2010-10-31,8553350000,2010-12-20,Assets,2026-08-25
SJM,cash,2010-10-31,487463000,2010-12-20,CashAndCashEquivalentsAtCarryingValue,2026-08-25
SJM,debt,2010-10-31,1300000000,2010-12-20,LongTermDebtNoncurrent,2026-08-25
SJM,equity,2010-10-31,5504009000,2010-12-20,StockholdersEquity,2026-08-25
SJM,grossProfit,2010-10-31,494670000,2010-12-20,GrossProfit,2026-08-25
SJM,inventory,2010-10-31,822614000,2010-12-20,InventoryNet,2026-08-25
SJM,netIncome,2010-10-31,149726000,2010-12-20,NetIncomeLoss,2026-08-25
SJM,operatingIncome,2010-10-31,240036000,2010-12-20,OperatingIncomeLoss,2026-08-25
SJM,receivables,2010-10-31,415826000,2010-12-20,AccountsReceivableNetCurrent,2026-08-25
SJM,shares,2010-10-31,119529429,2010-12-20,CommonStockSharesOutstanding,2026-08-25
SLB,assets,2010-12-31,51767000000,2011-03-26,Assets,2026-08-25
SLB,cash,2010-12-31,1764000000,2011-03-26,CashAndCashEquivalentsAtCarryingValue,2026-08-25
SLB,equity,2010-12-31,31226000000,2011-03-26,StockholdersEquity,2026-08-25
SLB,inventory,2010-12-31,3804000000,2011-03-26,InventoryNet,2026-08-25
SLB,liabilities,2010-12-31,20323000000,2011-03-26,Liabilities,2026-08-25
SLB,shares,2010-12-31,1361171428,2011-03-26,CommonStockSharesOutstanding,2026-08-25
SMCI,cash,2010-12-31,87216000,2011-03-26,CashAndCashEquivalentsAtCarryingValue,2026-08-25
SMCI,grossProfit,2010-12-31,40179000,2011-03-26,GrossProfit,2026-08-25
SMCI,netIncome,2010-12-31,11569000,2011-03-26,NetIncomeLoss,2026-08-25
SMCI,operatingIncome,2010-12-31,16924000,2011-03-26,OperatingIncomeLoss,2026-08-25
SMCI,revenue,2010-12-31,240813000,2011-03-26,SalesRevenueNet,2026-08-25
SMCI,rnd,2010-12-31,12297000,2011-03-26,ResearchAndDevelopmentExpense,2026-08-25
SNA,assets,2010-10-02,3457800000,2010-11-21,Assets,2026-08-25
SNA,cash,2010-12-31,572200000,2011-03-26,CashAndCashEquivalentsAtCarryingValue,2026-08-25
SNA,debt,2010-10-02,712300000,2010-11-21,LongTermDebtNoncurrent,2026-08-25
SNA,equity,2010-10-02,1381300000,2010-11-21,StockholdersEquity,2026-08-25
SNA,grossProfit,2010-10-02,301200000,2010-11-21,GrossProfit,2026-08-25
SNA,inventory,2010-10-02,324800000,2010-11-21,InventoryNet,2026-08-25
SNA,liabilities,2010-10-02,2060900000,2010-11-21,Liabilities,2026-08-25
SNA,netIncome,2010-10-02,46500000,2010-11-21,NetIncomeLoss,2026-08-25
SNA,operatingIncome,2010-10-02,83800000,2010-11-21,OperatingIncomeLoss,2026-08-25
SNA,receivables,2010-10-02,435000000,2010-11-21,AccountsReceivableNetCurrent,2026-08-25
SNA,revenue,2010-10-02,653100000,2010-11-21,SalesRevenueNet,2026-08-25
SNPS,assets,2010-10-31,3286541000,2010-12-20,Assets,2026-08-25
SNPS,cash,2010-10-31,775407000,2010-12-20,CashAndCashEquivalentsAtCarryingValue,2026-08-25
SNPS,equity,2010-10-31,2100182000,2010-12-20,StockholdersEquity,2026-08-25
SNPS,liabilities,2010-10-31,1186359000,2010-12-20,Liabilities,2026-08-25
SNPS,receivables,2010-10-31,181102000,2010-12-20,AccountsReceivableNetCurrent,2026-08-25
SNPS,shares,2010-10-31,148479000,2010-12-20,CommonStockSharesOutstanding,2026-08-25
SO,assets,2010-12-31,55032000000,2011-03-26,Assets,2026-08-25
SO,cash,2010-12-31,447000000,2011-03-26,CashAndCashEquivalentsAtCarryingValue,2026-08-25
SO,liabilities,2010-12-31,37748000000,2011-03-26,Liabilities,2026-08-25
SO,operatingIncome,2010-12-31,470000000,2011-03-26,OperatingIncomeLoss,2026-08-25
SO,revenue,2010-12-31,3771000000,2011-03-26,Revenues,2026-08-25
SPG,assets,2010-12-31,24857429000,2011-03-26,Assets,2026-08-25
SPG,cash,2010-12-31,796718000,2011-03-26,CashAndCashEquivalentsAtCarryingValue,2026-08-25
SPG,debt,2010-12-31,17468732000,2011-03-26,LongTermDebt,2026-08-25
SPG,equity,2010-12-31,4830780000,2011-03-26,StockholdersEquity,2026-08-25
SPG,liabilities,2010-12-31,19138208000,2011-03-26,Liabilities,2026-08-25
SPG,operatingIncome,2010-12-31,504062000,2011-03-26,OperatingIncomeLoss,2026-08-25
SPG,revenue,2010-12-31,1119718000,2011-03-26,Revenues,2026-08-25
SPGI,assets,2010-12-31,7047000000,2011-03-26,Assets,2026-08-25
SPGI,cash,2010-12-31,1416000000,2011-03-26,CashAndCashEquivalentsAtCarryingValue,2026-08-25
SPGI,debt,2010-12-31,1198000000,2011-03-26,LongTermDebtNoncurrent,2026-08-25
SPGI,equity,2010-12-31,2211000000,2011-03-26,StockholdersEquity,2026-08-25
SPGI,inventory,2010-12-31,275000000,2011-03-26,InventoryNet,2026-08-25
SPGI,liabilities,2010-12-31,4755000000,2011-03-26,Liabilities,2026-08-25
SPGI,netIncome,2010-12-31,154000000,2011-03-26,NetIncomeLoss,2026-08-25
SPGI,receivables,2010-12-31,973000000,2011-03-26,AccountsReceivableNetCurrent,2026-08-25
SPGI,revenue,2010-12-31,1496000000,2011-03-26,Revenues,2026-08-25
SRE,assets,2010-12-31,30231000000,2011-03-26,Assets,2026-08-25
SRE,cash,2010-12-31,912000000,2011-03-26,CashAndCashEquivalentsAtCarryingValue,2026-08-25
SRE,equity,2010-12-31,8990000000,2011-03-26,StockholdersEquity,2026-08-25
SRE,inventory,2010-12-31,258000000,2011-03-26,InventoryNet,2026-08-25
SRE,receivables,2010-12-31,891000000,2011-03-26,AccountsReceivableNetCurrent,2026-08-25
SRE,shares,2010-12-31,240447416,2011-03-26,CommonStockSharesOutstanding,2026-08-25
STLD,assets,2010-12-31,5589934000,2011-03-26,Assets,2026-08-25
STLD,cash,2010-12-31,186513000,2011-03-26,CashAndCashEquivalentsAtCarryingValue,2026-08-25
STLD,debt,2010-12-31,2377897000,2011-03-26,LongTermDebtNoncurrent,2026-08-25
STLD,equity,2010-12-31,2076835000,2011-03-26,StockholdersEquity,2026-08-25
STLD,grossProfit,2010-12-31,133668000,2011-03-26,GrossProfit,2026-08-25
STLD,inventory,2010-12-31,1114063000,2011-03-26,InventoryNet,2026-08-25
STLD,liabilities,2010-12-31,3458804000,2011-03-26,Liabilities,2026-08-25
STLD,operatingIncome,2010-12-31,46821000,2011-03-26,OperatingIncomeLoss,2026-08-25
STLD,receivables,2010-12-31,584068000,2011-03-26,AccountsReceivableNetCurrent,2026-08-25
STLD,revenue,2010-12-31,1528134000,2011-03-26,SalesRevenueNet,2026-08-25
STLD,shares,2010-12-31,217574826,2011-03-26,CommonStockSharesOutstanding,2026-08-25
STT,assets,2010-12-31,160505000000,2011-03-26,Assets,2026-08-25
STT,debt,2010-12-31,8550000000,2011-03-26,LongTermDebt,2026-08-25
STT,equity,2010-12-31,17787000000,2011-03-26,StockholdersEquity,2026-08-25
STT,liabilities,2010-12-31,142718000000,2011-03-26,Liabilities,2026-08-25
STX,assets,2010-12-31,8658000000,2011-03-26,Assets,2026-08-25
STX,capex,2010-10-01,358000000,2010-11-20,PaymentsToAcquirePropertyPlantAndEquipment,2026-08-25
STX,cash,2010-12-31,2528000000,2011-03-26,CashAndCashEquivalentsAtCarryingValue,2026-08-25
STX,debt,2010-12-31,2365000000,2011-03-26,LongTermDebtNoncurrent,2026-08-25
STX,equity,2010-12-31,2776000000,2011-03-26,StockholdersEquity,2026-08-25
STX,inventory,2010-12-31,808000000,2011-03-26,InventoryNet,2026-08-25
STX,liabilities,2010-12-31,5882000000,2011-03-26,Liabilities,2026-08-25
STX,netIncome,2010-12-31,150000000,2011-03-26,NetIncomeLoss,2026-08-25
STX,operatingCashFlow,2010-10-01,245000000,2010-11-20,NetCashProvidedByUsedInOperatingActivities,2026-08-25
STX,operatingIncome,2010-12-31,206000000,2011-03-26,OperatingIncomeLoss,2026-08-25
STX,receivables,2010-12-31,1392000000,2011-03-26,AccountsReceivableNetCurrent,2026-08-25
STX,revenue,2010-12-31,2719000000,2011-03-26,SalesRevenueNet,2026-08-25
STX,rnd,2010-12-31,213000000,2011-03-26,ResearchAndDevelopmentExpense,2026-08-25
STX,shares,2010-12-31,452842628,2011-03-26,CommonStockSharesOutstanding,2026-08-25
STZ,assets,2010-11-30,8257800000,2011-02-23,Assets,2026-08-25
STZ,capex,2010-11-30,26900000,2011-02-23,PaymentsToAcquirePropertyPlantAndEquipment,2026-08-25
STZ,cash,2010-11-30,16000000,2011-02-23,CashAndCashEquivalentsAtCarryingValue,2026-08-25
STZ,debt,2010-11-30,3133000000,2011-02-23,LongTermDebtNoncurrent,2026-08-25
STZ,equity,2010-11-30,2719000000,2011-02-23,StockholdersEquity,2026-08-25
STZ,grossProfit,2010-11-30,351900000,2011-02-23,GrossProfit,2026-08-25
STZ,inventory,2010-11-30,1866600000,2011-02-23,InventoryNet,2026-08-25
STZ,netIncome,2010-11-30,139300000,2011-02-23,NetIncomeLoss,2026-08-25
STZ,operatingIncome,2010-11-30,170100000,2011-02-23,OperatingIncomeLoss,2026-08-25
STZ,receivables,2010-11-30,868900000,2011-02-23,AccountsReceivableNetCurrent,2026-08-25
SWK,assets,2010-10-02,14872700000,2010-11-21,Assets,2026-08-25
SWK,capex,2010-10-02,45900000,2010-11-21,PaymentsToAcquireProductiveAssets,2026-08-25
SWK,cash,2010-10-02,1635900000,2010-11-21,CashAndCashEquivalentsAtCarryingValue,2026-08-25
SWK,debt,2010-10-02,2719200000,2010-11-21,LongTermDebtNoncurrent,2026-08-25
SWK,equity,2010-10-02,6909200000,2010-11-21,StockholdersEquity,2026-08-25
SWK,inventory,2010-10-02,1396800000,2010-11-21,InventoryNet,2026-08-25
SWK,netIncome,2010-10-02,123200000,2010-11-21,NetIncomeLoss,2026-08-25
SWK,operatingCashFlow,2010-10-02,199100000,2010-11-21,NetCashProvidedByUsedInOperatingActivities,2026-08-25
SWK,operatingIncome,2010-10-02,326700000,2010-11-21,OperatingIncomeLoss,2026-08-25
SWK,revenue,2010-10-02,2369100000,2010-11-21,SalesRevenueNet,2026-08-25
SWKS,assets,2010-12-31,1614076000,2011-03-26,Assets,2026-08-25
SWKS,buybacks,2010-12-31,18214000,2011-03-26,PaymentsForRepurchaseOfCommonStock,2026-08-25
SWKS,capex,2010-12-31,33039000,2011-03-26,PaymentsToAcquireProductiveAssets,2026-08-25
SWKS,cash,2010-12-31,450054000,2011-03-26,CashAndCashEquivalentsAtCarryingValue,2026-08-25
SWKS,equity,2010-12-31,1411407000,2011-03-26,StockholdersEquity,2026-08-25
SWKS,grossProfit,2010-12-31,148538000,2011-03-26,GrossProfit,2026-08-25
SWKS,inventory,2010-12-31,142463000,2011-03-26,InventoryNet,2026-08-25
SWKS,liabilities,2010-12-31,202669000,2011-03-26,Liabilities,2026-08-25
SWKS,netIncome,2010-12-31,60868000,2011-03-26,NetIncomeLoss,2026-08-25
SWKS,operatingCashFlow,2010-12-31,64822000,2011-03-26,NetCashProvidedByUsedInOperatingActivities,2026-08-25
SWKS,operatingIncome,2010-12-31,77342000,2011-03-26,OperatingIncomeLoss,2026-08-25
SWKS,revenue,2010-12-31,335120000,2011-03-26,SalesRevenueNet,2026-08-25
SWKS,rnd,2010-12-31,38543000,2011-03-26,ResearchAndDevelopmentExpense,2026-08-25
SWKS,shares,2010-12-31,184966000,2011-03-26,CommonStockSharesOutstanding,2026-08-25
SYK,assets,2010-12-31,10658000000,2011-03-26,Assets,2026-08-25
SYK,cash,2010-12-31,1758000000,2011-03-26,CashAndCashEquivalentsAtCarryingValue,2026-08-25
SYK,debt,2010-12-31,996000000,2011-03-26,LongTermDebtNoncurrent,2026-08-25
SYK,equity,2010-12-31,7174000000,2011-03-26,StockholdersEquity,2026-08-25
SYK,grossProfit,2010-12-31,1371000000,2011-03-26,GrossProfit,2026-08-25
SYK,inventory,2010-12-31,1057000000,2011-03-26,InventoryNet,2026-08-25
SYK,netIncome,2010-12-31,295000000,2011-03-26,NetIncomeLoss,2026-08-25
SYK,receivables,2010-12-31,1252000000,2011-03-26,AccountsReceivableNetCurrent,2026-08-25
SYK,revenue,2010-12-31,1995000000,2011-03-26,SalesRevenueNet,2026-08-25
SYK,shares,2010-12-31,381,2011-03-26,CommonStockSharesOutstanding,2026-08-25
SYY,assets,2010-10-02,10655410000,2010-11-21,Assets,2026-08-25
SYY,buybacks,2010-10-02,116699000,2010-11-21,PaymentsForRepurchaseOfCommonStock,2026-08-25
SYY,capex,2010-10-02,142924000,2010-11-21,PaymentsToAcquireProductiveAssets,2026-08-25
SYY,cash,2010-10-02,448374000,2010-11-21,CashAndCashEquivalentsAtCarryingValue,2026-08-25
SYY,equity,2010-10-02,3980995000,2010-11-21,StockholdersEquity,2026-08-25
SYY,grossProfit,2010-10-02,1846104000,2010-11-21,GrossProfit,2026-08-25
SYY,inventory,2010-10-02,1875242000,2010-11-21,InventoryNet,2026-08-25
SYY,netIncome,2010-10-02,299069000,2010-11-21,NetIncomeLoss,2026-08-25
SYY,operatingCashFlow,2010-10-02,226782000,2010-11-21,NetCashProvidedByUsedInOperatingActivities,2026-08-25
SYY,operatingIncome,2010-10-02,506240000,2010-11-21,OperatingIncomeLoss,2026-08-25
SYY,revenue,2010-10-02,9751274000,2010-11-21,SalesRevenueNet,2026-08-25
T,assets,2010-12-31,269391000000,2011-03-26,Assets,2026-08-25
T,cash,2010-12-31,1201000000,2011-03-26,CashAndCashEquivalentsAtCarryingValue,2026-08-25
T,debt,2010-12-31,58971000000,2011-03-26,LongTermDebtNoncurrent,2026-08-25
T,inventory,2010-12-31,1303000000,2011-03-26,InventoryNet,2026-08-25
T,netIncome,2010-12-31,1089000000,2011-03-26,NetIncomeLoss,2026-08-25
T,operatingIncome,2010-12-31,2088000000,2011-03-26,OperatingIncomeLoss,2026-08-25
T,receivables,2010-12-31,13610000000,2011-03-26,AccountsReceivableNetCurrent,2026-08-25
T,revenue,2010-12-31,31361000000,2011-03-26,Revenues,2026-08-25
TAP,assets,2010-12-31,12697600000,2011-03-26,Assets,2026-08-25
TAP,cash,2010-12-31,1217600000,2011-03-26,CashAndCashEquivalentsAtCarryingValue,2026-08-25
TAP,debt,2010-12-31,1959600000,2011-03-26,LongTermDebtNoncurrent,2026-08-25
TAP,equity,2010-12-31,7798800000,2011-03-26,StockholdersEquity,2026-08-25
TAP,grossProfit,2010-12-31,359500000,2011-03-26,GrossProfit,2026-08-25
TAP,inventory,2010-12-31,195000000,2011-03-26,InventoryNet,2026-08-25
TAP,liabilities,2010-12-31,4855000000,2011-03-26,Liabilities,2026-08-25
TAP,netIncome,2010-12-31,109800000,2011-03-26,NetIncomeLoss,2026-08-25
TAP,receivables,2010-12-31,503800000,2011-03-26,AccountsReceivableNetCurrent,2026-08-25
TDY,assets,2010-10-03,1527900000,2010-11-22,Assets,2026-08-25
TDY,cash,2010-10-03,27100000,2010-11-22,CashAndCashEquivalentsAtCarryingValue,2026-08-25
TDY,equity,2010-10-03,758400000,2010-11-22,StockholdersEquity,2026-08-25
TDY,grossProfit,2010-10-03,124900000,2010-11-22,GrossProfit,2026-08-25
TDY,inventory,2010-10-03,208500000,2010-11-22,InventoryNet,2026-08-25
TDY,liabilities,2010-10-03,768500000,2010-11-22,Liabilities,2026-08-25
TDY,operatingIncome,2010-10-03,45900000,2010-11-22,OperatingIncomeLoss,2026-08-25
TDY,receivables,2010-10-03,277500000,2010-11-22,AccountsReceivableNetCurrent,2026-08-25
TDY,revenue,2010-10-03,409800000,2010-11-22,SalesRevenueNet,2026-08-25
TDY,shares,2010-10-03,36288891,2010-11-22,CommonStockSharesOutstanding,2026-08-25
TECH,assets,2010-12-31,555608000,2011-03-26,Assets,2026-08-25
TECH,cash,2010-12-31,135875000,2011-03-26,CashAndCashEquivalentsAtCarryingValue,2026-08-25
TECH,equity,2010-12-31,541936000,2011-03-26,StockholdersEquity,2026-08-25
TECH,grossProfit,2010-12-31,52381000,2011-03-26,GrossProfit,2026-08-25
TECH,inventory,2010-12-31,13736000,2011-03-26,InventoryNet,2026-08-25
TECH,netIncome,2010-12-31,26534000,2011-03-26,NetIncomeLoss,2026-08-25
TECH,operatingIncome,2010-12-31,37351000,2011-03-26,OperatingIncomeLoss,2026-08-25
TECH,receivables,2010-12-31,28228000,2011-03-26,AccountsReceivableNetCurrent,2026-08-25
TECH,revenue,2010-12-31,67708000,2011-03-26,SalesRevenueNet,2026-08-25
TECH,shares,2010-12-31,37119243,2011-03-26,CommonStockSharesOutstanding,2026-08-25
TEL,assets,2010-12-24,18102000000,2011-03-19,Assets,2026-08-25
TEL,buybacks,2010-12-24,45000000,2011-03-19,PaymentsForRepurchaseOfCommonStock,2026-08-25
TEL,capex,2010-12-24,117000000,2011-03-19,PaymentsToAcquirePropertyPlantAndEquipment,2026-08-25
TEL,cash,2010-12-24,1407000000,2011-03-19,CashAndCashEquivalentsAtCarryingValue,2026-08-25
TEL,debt,2010-12-24,2555000000,2011-03-19,LongTermDebtNoncurrent,2026-08-25
TEL,equity,2010-12-24,7339000000,2011-03-19,StockholdersEquity,2026-08-25
TEL,grossProfit,2010-12-24,991000000,2011-03-19,GrossProfit,2026-08-25
TEL,inventory,2010-12-24,1836000000,2011-03-19,InventoryNet,2026-08-25
TEL,liabilities,2010-12-24,10756000000,2011-03-19,Liabilities,2026-08-25
TEL,netIncome,2010-12-24,265000000,2011-03-19,NetIncomeLoss,2026-08-25
TEL,operatingCashFlow,2010-12-24,154000000,2011-03-19,NetCashProvidedByUsedInOperatingActivities,2026-08-25
TEL,operatingIncome,2010-12-24,400000000,2011-03-19,OperatingIncomeLoss,2026-08-25
TEL,receivables,2010-12-24,2421000000,2011-03-19,AccountsReceivableNetCurrent,2026-08-25
TEL,revenue,2010-12-24,3107000000,2011-03-19,SalesRevenueNet,2026-08-25
TER,assets,2010-12-31,1810355000,2011-03-26,Assets,2026-08-25
TER,cash,2010-12-31,397737000,2011-03-26,CashAndCashEquivalentsAtCarryingValue,2026-08-25
TER,debt,2010-12-31,150182000,2011-03-26,LongTermDebtNoncurrent,2026-08-25
TER,equity,2010-12-31,1122188000,2011-03-26,StockholdersEquity,2026-08-25
TER,grossProfit,2010-10-03,271799000,2010-11-22,GrossProfit,2026-08-25
TER,inventory,2010-12-31,116841000,2011-03-26,InventoryNet,2026-08-25
TER,liabilities,2010-12-31,688167000,2011-03-26,Liabilities,2026-08-25
TER,netIncome,2010-10-03,147340000,2010-11-22,NetIncomeLoss,2026-08-25
TER,operatingIncome,2010-10-03,156877000,2010-11-22,OperatingIncomeLoss,2026-08-25
TER,receivables,2010-12-31,168756000,2011-03-26,AccountsReceivableNetCurrent,2026-08-25
TER,revenue,2010-10-03,491391000,2010-11-22,Revenues,2026-08-25
TER,shares,2010-12-31,182035000,2011-03-26,CommonStockSharesOutstanding,2026-08-25
TFC,assets,2010-12-31,157081000000,2011-03-26,Assets,2026-08-25
TFC,cash,2010-12-31,2087000000,2011-03-26,CashAndCashEquivalentsAtCarryingValue,2026-08-25
TFC,debt,2010-12-31,21730000000,2011-03-26,LongTermDebt,2026-08-25
TFC,liabilities,2010-12-31,140583000000,2011-03-26,Liabilities,2026-08-25
TFC,shares,2010-12-31,694381000,2011-03-26,CommonStockSharesOutstanding,2026-08-25
TGT,assets,2010-10-30,44949000000,2010-12-19,Assets,2026-08-25
TGT,equity,2010-10-30,14879000000,2010-12-19,StockholdersEquity,2026-08-25
TGT,inventory,2010-10-30,9550000000,2010-12-19,InventoryNet,2026-08-25
TGT,operatingIncome,2010-10-30,947000000,2010-12-19,OperatingIncomeLoss,2026-08-25
TGT,revenue,2010-10-30,15605000000,2010-12-19,Revenues,2026-08-25
TGT,shares,2010-10-30,707900000,2010-12-19,CommonStockSharesOutstanding,2026-08-25
TJX,assets,2010-10-30,8182148000,2010-12-19,Assets,2026-08-25
TJX,cash,2010-10-30,1339065000,2010-12-19,CashAndCashEquivalentsAtCarryingValue,2026-08-25
TJX,debt,2010-10-30,774381000,2010-12-19,LongTermDebtNoncurrent,2026-08-25
TJX,grossProfit,2010-10-30,1519443000,2010-12-19,GrossProfit,2026-08-25
TJX,inventory,2010-10-30,3272960000,2010-12-19,InventoryNet,2026-08-25
TJX,receivables,2010-10-30,229318000,2010-12-19,AccountsReceivableNetCurrent,2026-08-25
TJX,revenue,2010-10-30,5525847000,2010-12-19,Revenues,2026-08-25
TJX,shares,2010-10-30,395802044,2010-12-19,CommonStockSharesOutstanding,2026-08-25
TMO,assets,2010-12-31,21349400000,2011-03-26,Assets,2026-08-25
TMO,cash,2010-12-31,917100000,2011-03-26,CashAndCashEquivalentsAtCarryingValue,2026-08-25
TMO,equity,2010-12-31,15361000000,2011-03-26,StockholdersEquity,2026-08-25
TMO,grossProfit,2010-12-31,1112400000,2011-03-26,GrossProfit,2026-08-25
TMO,inventory,2010-12-31,1153000000,2011-03-26,InventoryNet,2026-08-25
TMO,netIncome,2010-12-31,297500000,2011-03-26,NetIncomeLoss,2026-08-25
TMO,operatingIncome,2010-10-02,302700000,2010-11-21,OperatingIncomeLoss,2026-08-25
TMO,receivables,2010-12-31,1440100000,2011-03-26,AccountsReceivableNetCurrent,2026-08-25
TMO,revenue,2010-12-31,2675100000,2011-03-26,Revenues,2026-08-25
TMUS,assets,2010-12-31,7918580000,2011-03-26,Assets,2026-08-25
TMUS,cash,2010-12-31,109000000,2011-03-26,CashAndCashEquivalentsAtCarryingValue,2026-08-25
TMUS,debt,2010-12-31,3779283000,2011-03-26,LongTermDebt,2026-08-25
TMUS,equity,2010-12-31,20492000000,2011-03-26,StockholdersEquity,2026-08-25
TMUS,liabilities,2010-12-31,5377004000,2011-03-26,Liabilities,2026-08-25
TMUS,netIncome,2010-12-31,13552000,2011-03-26,NetIncomeLoss,2026-08-25
TMUS,operatingIncome,2010-12-31,207321000,2011-03-26,OperatingIncomeLoss,2026-08-25
TMUS,receivables,2010-12-31,58056000,2011-03-26,AccountsReceivableNetCurrent,2026-08-25
TMUS,revenue,2010-12-31,1065525000,2011-03-26,SalesRevenueNet,2026-08-25
TMUS,shares,2010-12-31,355318666,2011-03-26,CommonStockSharesOutstanding,2026-08-25
TPR,assets,2010-10-02,2609830000,2010-11-21,Assets,2026-08-25
TPR,buybacks,2010-10-02,137500000,2010-11-21,PaymentsForRepurchaseOfCommonStock,2026-08-25
TPR,capex,2010-10-02,23080000,2010-11-21,PaymentsToAcquirePropertyPlantAndEquipment,2026-08-25
TPR,cash,2010-10-02,621371000,2010-11-21,CashAndCashEquivalentsAtCarryingValue,2026-08-25
TPR,debt,2010-10-02,24064000,2010-11-21,LongTermDebtNoncurrent,2026-08-25
TPR,equity,2010-10-02,1582673000,2010-11-21,StockholdersEquity,2026-08-25
TPR,equityStakes,2010-10-02,776000,2010-11-21,PaymentsToAcquireEquityMethodInvestments,2026-08-25
TPR,grossProfit,2010-10-02,676171000,2010-11-21,GrossProfit,2026-08-25
TPR,inventory,2010-10-02,458920000,2010-11-21,InventoryNet,2026-08-25
TPR,liabilities,2010-10-02,1027157000,2010-11-21,Liabilities,2026-08-25
TPR,netIncome,2010-10-02,188876000,2010-11-21,NetIncomeLoss,2026-08-25
TPR,operatingCashFlow,2010-10-02,177456000,2010-11-21,NetCashProvidedByUsedInOperatingActivities,2026-08-25
TPR,operatingIncome,2010-10-02,285660000,2010-11-21,OperatingIncomeLoss,2026-08-25
TPR,receivables,2010-10-02,133173000,2010-11-21,AccountsReceivableNetCurrent,2026-08-25
TPR,revenue,2010-10-02,911669000,2010-11-21,SalesRevenueNet,2026-08-25
TPR,shares,2010-10-02,295677161,2010-11-21,CommonStockSharesOutstanding,2026-08-25
TRGP,assets,2010-12-31,3393800000,2011-03-26,Assets,2026-08-25
TRGP,cash,2010-12-31,188400000,2011-03-26,CashAndCashEquivalentsAtCarryingValue,2026-08-25
TRGP,debt,2010-12-31,1534700000,2011-03-26,LongTermDebtNoncurrent,2026-08-25
TRGP,equity,2010-12-31,144300000,2011-03-26,StockholdersEquity,2026-08-25
TRGP,inventory,2010-12-31,50400000,2011-03-26,InventoryNet,2026-08-25
TRGP,netIncome,2010-12-31,-7800000,2011-03-26,NetIncomeLoss,2026-08-25
TRGP,operatingIncome,2010-12-31,49600000,2011-03-26,OperatingIncomeLoss,2026-08-25
TRGP,receivables,2010-12-31,466600000,2011-03-26,AccountsReceivableNetCurrent,2026-08-25
TRGP,shares,2010-12-31,42292348,2011-03-26,CommonStockSharesOutstanding,2026-08-25
TRMB,assets,2010-12-31,1866892000,2011-03-26,Assets,2026-08-25
TRMB,cash,2010-12-31,220788000,2011-03-26,CashAndCashEquivalentsAtCarryingValue,2026-08-25
TRMB,debt,2010-12-31,151160000,2011-03-26,LongTermDebtNoncurrent,2026-08-25
TRMB,equity,2010-12-31,1366156000,2011-03-26,StockholdersEquity,2026-08-25
TRMB,grossProfit,2010-12-31,163330000,2011-03-26,GrossProfit,2026-08-25
TRMB,inventory,2010-12-31,192852000,2011-03-26,InventoryNet,2026-08-25
TRMB,liabilities,2010-12-31,481193000,2011-03-26,Liabilities,2026-08-25
TRMB,netIncome,2010-12-31,36564000,2011-03-26,NetIncomeLoss,2026-08-25
TRMB,operatingIncome,2010-10-01,31670000,2010-11-20,OperatingIncomeLoss,2026-08-25
TRMB,receivables,2010-12-31,222820000,2011-03-26,AccountsReceivableNetCurrent,2026-08-25
TRMB,revenue,2010-12-31,323349000,2011-03-26,Revenues,2026-08-25
TRMB,rnd,2010-10-01,36897000,2010-11-20,ResearchAndDevelopmentExpense,2026-08-25
TRMB,shares,2010-12-31,120939000,2011-03-26,CommonStockSharesOutstanding,2026-08-25
TROW,assets,2010-12-31,3642000000,2011-03-26,Assets,2026-08-25
TROW,cash,2010-12-31,813100000,2011-03-26,CashAndCashEquivalentsAtCarryingValue,2026-08-25
TROW,equity,2010-12-31,3296500000,2011-03-26,StockholdersEquity,2026-08-25
TROW,grossProfit,2010-12-31,647500000,2011-03-26,GrossProfit,2026-08-25
TROW,liabilities,2010-12-31,345500000,2011-03-26,Liabilities,2026-08-25
TROW,netIncome,2010-12-31,191600000,2011-03-26,NetIncomeLoss,2026-08-25
TROW,shares,2010-12-31,258760000,2011-03-26,CommonStockSharesOutstanding,2026-08-25
TRV,assets,2010-12-31,105656000000,2011-03-26,Assets,2026-08-25
TRV,debt,2010-12-31,6519000000,2011-03-26,LongTermDebtNoncurrent,2026-08-25
TRV,liabilities,2010-12-31,80181000000,2011-03-26,Liabilities,2026-08-25
TRV,revenue,2010-12-31,6332000000,2011-03-26,Revenues,2026-08-25
TRV,shares,2010-12-31,434600000,2011-03-26,CommonStockSharesOutstanding,2026-08-25
TSCO,assets,2010-12-25,1463474000,2011-03-20,Assets,2026-08-25
TSCO,cash,2010-12-26,257339000,2011-03-21,CashAndCashEquivalentsAtCarryingValue,2026-08-25
TSCO,equity,2010-12-25,933242000,2011-03-20,StockholdersEquity,2026-08-25
TSCO,inventory,2010-12-25,736520000,2011-03-20,InventoryNet,2026-08-25
TSCO,liabilities,2010-12-25,530232000,2011-03-20,Liabilities,2026-08-25
TSCO,shares,2010-12-25,72775862,2011-03-20,CommonStockSharesOutstanding,2026-08-25
TSLA,assets,2010-12-31,386082000,2011-03-26,Assets,2026-08-25
TSLA,cash,2010-12-31,99558000,2011-03-26,CashAndCashEquivalentsAtCarryingValue,2026-08-25
TSLA,debt,2010-12-31,71828000,2011-03-26,LongTermDebtNoncurrent,2026-08-25
TSLA,equity,2010-12-31,207048000,2011-03-26,StockholdersEquity,2026-08-25
TSLA,grossProfit,2010-12-31,11321000,2011-03-26,GrossProfit,2026-08-25
TSLA,inventory,2010-12-31,45182000,2011-03-26,InventoryNet,2026-08-25
TSLA,liabilities,2010-12-31,179034000,2011-03-26,Liabilities,2026-08-25
TSLA,netIncome,2010-12-31,-51358000,2011-03-26,NetIncomeLoss,2026-08-25
TSLA,receivables,2010-12-31,6710000,2011-03-26,AccountsReceivableNetCurrent,2026-08-25
TSLA,revenue,2010-12-31,36286000,2011-03-26,Revenues,2026-08-25
TSLA,shares,2010-12-31,94908370,2011-03-26,CommonStockSharesOutstanding,2026-08-25
TT,assets,2010-12-31,19990900000,2011-03-26,Assets,2026-08-25
TT,cash,2010-12-31,840600000,2011-03-26,CashAndCashEquivalentsAtCarryingValue,2026-08-25
TT,debt,2010-12-31,2922300000,2011-03-26,LongTermDebtNoncurrent,2026-08-25
TT,equity,2010-12-31,7964300000,2011-03-26,StockholdersEquity,2026-08-25
TT,inventory,2010-12-31,1288500000,2011-03-26,InventoryNet,2026-08-25
TT,liabilities,2010-12-31,11915100000,2011-03-26,Liabilities,2026-08-25
TT,shares,2010-12-31,328200000,2011-03-26,CommonStockSharesOutstanding,2026-08-25
TTWO,assets,2010-12-31,976599000,2011-03-26,Assets,2026-08-25
TTWO,cash,2010-12-31,297118000,2011-03-26,CashAndCashEquivalentsAtCarryingValue,2026-08-25
TTWO,debt,2010-12-31,105305000,2011-03-26,LongTermDebtNoncurrent,2026-08-25
TTWO,grossProfit,2010-12-31,145609000,2011-03-26,GrossProfit,2026-08-25
TTWO,inventory,2010-12-31,28592000,2011-03-26,InventoryNet,2026-08-25
TTWO,liabilities,2010-12-31,357509000,2011-03-26,Liabilities,2026-08-25
TTWO,netIncome,2010-12-31,40859000,2011-03-26,NetIncomeLoss,2026-08-25
TTWO,operatingIncome,2010-12-31,48682000,2011-03-26,OperatingIncomeLoss,2026-08-25
TTWO,receivables,2010-12-31,83845000,2011-03-26,AccountsReceivableNetCurrent,2026-08-25
TTWO,revenue,2010-12-31,334259000,2011-03-26,SalesRevenueNet,2026-08-25
TTWO,rnd,2010-12-31,18073000,2011-03-26,ResearchAndDevelopmentExpense,2026-08-25
TTWO,shares,2010-12-31,84612,2011-03-26,CommonStockSharesOutstanding,2026-08-25
TXN,assets,2010-12-31,13401000000,2011-03-26,Assets,2026-08-25
TXN,cash,2010-12-31,1319000000,2011-03-26,CashAndCashEquivalentsAtCarryingValue,2026-08-25
TXN,debt,2010-12-31,0,2011-03-26,LongTermDebt,2026-08-25
TXN,equity,2010-12-31,10437000000,2011-03-26,StockholdersEquity,2026-08-25
TXN,inventory,2010-12-31,1520000000,2011-03-26,InventoryNet,2026-08-25
TXN,liabilities,2010-12-31,2964000000,2011-03-26,Liabilities,2026-08-25
TXN,receivables,2010-12-31,1518000000,2011-03-26,AccountsReceivableNetCurrent,2026-08-25
TXT,cash,2010-10-02,991000000,2010-11-21,CashAndCashEquivalentsAtCarryingValue,2026-08-25
TXT,netIncome,2010-10-02,-48000000,2010-11-21,NetIncomeLoss,2026-08-25
TXT,revenue,2010-10-02,2479000000,2010-11-21,Revenues,2026-08-25
TYL,assets,2010-12-31,264032000,2011-03-26,Assets,2026-08-25
TYL,cash,2010-12-31,2114000,2011-03-26,CashAndCashEquivalentsAtCarryingValue,2026-08-25
TYL,equity,2010-12-31,106972000,2011-03-26,StockholdersEquity,2026-08-25
TYL,grossProfit,2010-12-31,32616000,2011-03-26,GrossProfit,2026-08-25
TYL,netIncome,2010-12-31,7210000,2011-03-26,NetIncomeLoss,2026-08-25
TYL,receivables,2010-12-31,81860000,2011-03-26,AccountsReceivableNetCurrent,2026-08-25
TYL,revenue,2010-12-31,72439000,2011-03-26,Revenues,2026-08-25
UAL,assets,2010-12-31,39598000000,2011-03-26,Assets,2026-08-25
UAL,cash,2010-12-31,8069000000,2011-03-26,CashAndCashEquivalentsAtCarryingValue,2026-08-25
UAL,debt,2010-12-31,11434000000,2011-03-26,LongTermDebtNoncurrent,2026-08-25
UAL,equity,2010-12-31,1727000000,2011-03-26,StockholdersEquity,2026-08-25
UAL,netIncome,2010-12-31,-325000000,2011-03-26,NetIncomeLoss,2026-08-25
UAL,operatingIncome,2010-12-31,-82000000,2011-03-26,OperatingIncomeLoss,2026-08-25
UAL,revenue,2010-12-31,8464000000,2011-03-26,Revenues,2026-08-25
UAL,shares,2010-12-31,327922565,2011-03-26,CommonStockSharesOutstanding,2026-08-25
UDR,assets,2010-12-31,5529540000,2011-03-26,Assets,2026-08-25
UDR,cash,2010-12-31,9486000,2011-03-26,CashAndCashEquivalentsAtCarryingValue,2026-08-25
UDR,equity,2010-12-31,1606343000,2011-03-26,StockholdersEquity,2026-08-25
UDR,liabilities,2010-12-31,3800453000,2011-03-26,Liabilities,2026-08-25
UDR,shares,2010-12-31,182496330,2011-03-26,CommonStockSharesOutstanding,2026-08-25
UHS,assets,2010-12-31,7527936000,2011-03-26,Assets,2026-08-25
UHS,cash,2010-12-31,29474000,2011-03-26,CashAndCashEquivalentsAtCarryingValue,2026-08-25
UHS,debt,2010-12-31,3912102000,2011-03-26,LongTermDebtNoncurrent,2026-08-25
UHS,equity,2010-12-31,1978772000,2011-03-26,StockholdersEquity,2026-08-25
UHS,netIncome,2010-12-31,37182000,2011-03-26,NetIncomeLoss,2026-08-25
UHS,receivables,2010-12-31,837820000,2011-03-26,AccountsReceivableNetCurrent,2026-08-25
UHS,revenue,2010-12-31,1559453000,2011-03-26,SalesRevenueNet,2026-08-25
ULTA,assets,2010-10-30,709422000,2010-12-19,Assets,2026-08-25
ULTA,cash,2010-10-30,8351000,2010-12-19,CashAndCashEquivalentsAtCarryingValue,2026-08-25
ULTA,equity,2010-10-30,349539000,2010-12-19,StockholdersEquity,2026-08-25
ULTA,grossProfit,2010-10-30,118906000,2010-12-19,GrossProfit,2026-08-25
ULTA,liabilities,2010-10-30,359883000,2010-12-19,Liabilities,2026-08-25
ULTA,netIncome,2010-10-30,14203000,2010-12-19,NetIncomeLoss,2026-08-25
ULTA,operatingIncome,2010-10-30,24292000,2010-12-19,OperatingIncomeLoss,2026-08-25
ULTA,revenue,2010-10-30,339179000,2010-12-19,SalesRevenueNet,2026-08-25
ULTA,shares,2010-10-30,59337000,2010-12-19,CommonStockSharesOutstanding,2026-08-25
UNH,assets,2010-12-31,63063000000,2011-03-26,Assets,2026-08-25
UNH,cash,2010-12-31,9123000000,2011-03-26,CashAndCashEquivalentsAtCarryingValue,2026-08-25
UNH,debt,2010-12-31,8662000000,2011-03-26,LongTermDebtNoncurrent,2026-08-25
UNH,equity,2010-12-31,25825000000,2011-03-26,StockholdersEquity,2026-08-25
UNH,liabilities,2010-12-31,37238000000,2011-03-26,Liabilities,2026-08-25
UNH,netIncome,2010-12-31,1043000000,2011-03-26,NetIncomeLoss,2026-08-25
UNH,operatingIncome,2010-12-31,1802000000,2011-03-26,OperatingIncomeLoss,2026-08-25
UNH,receivables,2010-12-31,2061000000,2011-03-26,AccountsReceivableNetCurrent,2026-08-25
UNH,revenue,2010-12-31,24030000000,2011-03-26,Revenues,2026-08-25
UNH,shares,2010-12-31,1086000000,2011-03-26,CommonStockSharesOutstanding,2026-08-25
UNP,assets,2010-12-31,43088000000,2011-03-26,Assets,2026-08-25
UNP,cash,2010-12-31,1086000000,2011-03-26,CashAndCashEquivalentsAtCarryingValue,2026-08-25
UNP,debt,2010-12-31,9242000000,2011-03-26,LongTermDebt,2026-08-25
UNP,equity,2010-12-31,17763000000,2011-03-26,StockholdersEquity,2026-08-25
UNP,liabilities,2010-12-31,25325000000,2011-03-26,Liabilities,2026-08-25
UNP,netIncome,2010-12-31,775000000,2011-03-26,NetIncomeLoss,2026-08-25
UNP,operatingIncome,2010-12-31,1313000000,2011-03-26,OperatingIncomeLoss,2026-08-25
UNP,receivables,2010-12-31,1184000000,2011-03-26,AccountsReceivableNetCurrent,2026-08-25
UNP,revenue,2010-12-31,4410000000,2011-03-26,Revenues,2026-08-25
UNP,shares,2010-12-31,491565880,2011-03-26,CommonStockSharesOutstanding,2026-08-25
UPS,assets,2010-12-31,33597000000,2011-03-26,Assets,2026-08-25
UPS,cash,2010-12-31,3034000000,2011-03-26,CashAndCashEquivalentsAtCarryingValue,2026-08-25
UPS,debt,2010-12-31,10491000000,2011-03-26,LongTermDebtNoncurrent,2026-08-25
UPS,equity,2010-12-31,7979000000,2011-03-26,StockholdersEquity,2026-08-25
UPS,inventory,2010-12-31,319000000,2011-03-26,InventoryNet,2026-08-25
UPS,netIncome,2010-12-31,1025000000,2011-03-26,NetIncomeLoss,2026-08-25
UPS,operatingIncome,2010-12-31,1672000000,2011-03-26,OperatingIncomeLoss,2026-08-25
UPS,receivables,2010-12-31,5627000000,2011-03-26,AccountsReceivableNetCurrent,2026-08-25
UPS,revenue,2010-12-31,13421000000,2011-03-26,Revenues,2026-08-25
URI,assets,2010-12-31,3693000000,2011-03-26,Assets,2026-08-25
URI,cash,2010-12-31,203000000,2011-03-26,CashAndCashEquivalentsAtCarryingValue,2026-08-25
URI,equity,2010-12-31,-20000000,2011-03-26,StockholdersEquity,2026-08-25
URI,grossProfit,2010-12-31,175000000,2011-03-26,GrossProfit,2026-08-25
URI,inventory,2010-12-31,39000000,2011-03-26,InventoryNet,2026-08-25
URI,liabilities,2010-12-31,3713000000,2011-03-26,Liabilities,2026-08-25
URI,netIncome,2010-12-31,-21000000,2011-03-26,NetIncomeLoss,2026-08-25
URI,operatingIncome,2010-12-31,47000000,2011-03-26,OperatingIncomeLoss,2026-08-25
URI,receivables,2010-12-31,377000000,2011-03-26,AccountsReceivableNetCurrent,2026-08-25
URI,revenue,2010-12-31,597000000,2011-03-26,Revenues,2026-08-25
URI,shares,2010-12-31,60621338,2011-03-26,CommonStockSharesOutstanding,2026-08-25
USB,assets,2010-12-31,307786000000,2011-03-26,Assets,2026-08-25
USB,cash,2010-12-31,14487000000,2011-03-26,CashAndCashEquivalentsAtCarryingValue,2026-08-25
USB,debt,2010-12-31,31537000000,2011-03-26,LongTermDebt,2026-08-25
USB,equity,2010-12-31,29519000000,2011-03-26,StockholdersEquity,2026-08-25
USB,liabilities,2010-12-31,277464000000,2011-03-26,Liabilities,2026-08-25
USB,shares,2010-12-31,1900000000,2011-03-26,CommonStockSharesOutstanding,2026-08-25
V,assets,2010-12-31,33989000000,2011-03-26,Assets,2026-08-25
V,buybacks,2010-12-31,306000000,2011-03-26,PaymentsForRepurchaseOfCommonStock,2026-08-25
V,capex,2010-12-31,75000000,2011-03-26,PaymentsToAcquireProductiveAssets,2026-08-25
V,cash,2010-12-31,3684000000,2011-03-26,CashAndCashEquivalentsAtCarryingValue,2026-08-25
V,debt,2010-12-31,29000000,2011-03-26,LongTermDebtNoncurrent,2026-08-25
V,equity,2010-12-31,25541000000,2011-03-26,StockholdersEquity,2026-08-25
V,liabilities,2010-12-31,8445000000,2011-03-26,Liabilities,2026-08-25
V,netIncome,2010-12-31,884000000,2011-03-26,NetIncomeLoss,2026-08-25
V,operatingCashFlow,2010-12-31,1006000000,2011-03-26,NetCashProvidedByUsedInOperatingActivities,2026-08-25
V,operatingIncome,2010-12-31,1366000000,2011-03-26,OperatingIncomeLoss,2026-08-25
V,receivables,2010-12-31,527000000,2011-03-26,AccountsReceivableNetCurrent,2026-08-25
V,revenue,2010-12-31,2238000000,2011-03-26,Revenues,2026-08-25
VLO,assets,2010-12-31,37621000000,2011-03-26,Assets,2026-08-25
VLO,cash,2010-12-31,3334000000,2011-03-26,CashAndCashEquivalentsAtCarryingValue,2026-08-25
VLO,debt,2010-12-31,8300000000,2011-03-26,LongTermDebt,2026-08-25
VLO,equity,2010-12-31,15025000000,2011-03-26,StockholdersEquity,2026-08-25
VLO,inventory,2010-12-31,4947000000,2011-03-26,InventoryNet,2026-08-25
VLO,netIncome,2010-12-31,-438000000,2011-03-26,NetIncomeLoss,2026-08-25
VLO,operatingIncome,2010-12-31,378000000,2011-03-26,OperatingIncomeLoss,2026-08-25
VMC,assets,2010-12-31,8339500000,2011-03-26,Assets,2026-08-25
VMC,cash,2010-12-31,47541000,2011-03-26,CashAndCashEquivalentsAtCarryingValue,2026-08-25
VMC,debt,2010-12-31,2427516000,2011-03-26,LongTermDebtNoncurrent,2026-08-25
VMC,equity,2010-12-31,3955798000,2011-03-26,StockholdersEquity,2026-08-25
VMC,grossProfit,2010-12-31,50750000,2011-03-26,GrossProfit,2026-08-25
VMC,inventory,2010-12-31,319845000,2011-03-26,InventoryNet,2026-08-25
VMC,liabilities,2010-12-31,4383738000,2011-03-26,Liabilities,2026-08-25
VMC,netIncome,2010-12-31,-46997000,2011-03-26,NetIncomeLoss,2026-08-25
VMC,operatingIncome,2010-12-31,-29412000,2011-03-26,OperatingIncomeLoss,2026-08-25
VMC,receivables,2010-12-31,260814000,2011-03-26,AccountsReceivableNetCurrent,2026-08-25
VMC,revenue,2010-12-31,586242000,2011-03-26,SalesRevenueNet,2026-08-25
VMRK,assets,2010-12-31,16184194000,2011-03-26,Assets,2026-08-25
VMRK,cash,2010-12-31,431408000,2011-03-26,CashAndCashEquivalentsAtCarryingValue,2026-08-25
VMRK,equity,2010-12-31,5090186000,2011-03-26,StockholdersEquity,2026-08-25
VMRK,liabilities,2010-12-31,10592078000,2011-03-26,Liabilities,2026-08-25
VMRK,operatingIncome,2010-12-31,74578000,2011-03-26,OperatingIncomeLoss,2026-08-25
VMRK,revenue,2010-12-31,455967000,2011-03-26,SalesRevenueNet,2026-08-25
VMRK,shares,2010-12-31,290197242,2011-03-26,CommonStockSharesOutstanding,2026-08-25
VRSK,assets,2010-12-31,1217090000,2011-03-26,Assets,2026-08-25
VRSK,cash,2010-12-31,54974000,2011-03-26,CashAndCashEquivalentsAtCarryingValue,2026-08-25
VRSK,equity,2010-12-31,-114442000,2011-03-26,StockholdersEquity,2026-08-25
VRSK,liabilities,2010-12-31,1331532000,2011-03-26,Liabilities,2026-08-25
VRSK,receivables,2010-12-31,126564000,2011-03-26,AccountsReceivableNetCurrent,2026-08-25
VRSN,assets,2010-12-31,2444006000,2011-03-26,Assets,2026-08-25
VRSN,cash,2010-12-31,1559628000,2011-03-26,CashAndCashEquivalentsAtCarryingValue,2026-08-25
VRSN,equity,2010-12-31,676430000,2011-03-26,StockholdersEquity,2026-08-25
VRSN,liabilities,2010-12-31,1767576000,2011-03-26,Liabilities,2026-08-25
VRSN,receivables,2010-12-31,14874000,2011-03-26,AccountsReceivableNetCurrent,2026-08-25
VRSN,shares,2010-12-31,172736000,2011-03-26,CommonStockSharesOutstanding,2026-08-25
VRTX,assets,2010-12-31,1725446000,2011-03-26,Assets,2026-08-25
VRTX,cash,2010-12-31,243197000,2011-03-26,CashAndCashEquivalentsAtCarryingValue,2026-08-25
VRTX,equity,2010-12-31,503973000,2011-03-26,StockholdersEquity,2026-08-25
VRTX,liabilities,2010-12-31,1221473000,2011-03-26,Liabilities,2026-08-25
VRTX,netIncome,2010-12-31,-180392000,2011-03-26,NetIncomeLoss,2026-08-25
VRTX,operatingIncome,2010-12-31,-166634000,2011-03-26,OperatingIncomeLoss,2026-08-25
VRTX,receivables,2010-12-31,12529000,2011-03-26,AccountsReceivableNetCurrent,2026-08-25
VRTX,revenue,2010-12-31,65524000,2011-03-26,Revenues,2026-08-25
VRTX,rnd,2010-12-31,168888000,2011-03-26,ResearchAndDevelopmentExpense,2026-08-25
VRTX,shares,2010-12-31,203522976,2011-03-26,CommonStockSharesOutstanding,2026-08-25
VTR,assets,2010-12-31,5758021000,2011-03-26,Assets,2026-08-25
VTR,cash,2010-12-31,21812000,2011-03-26,CashAndCashEquivalentsAtCarryingValue,2026-08-25
VTR,debt,2010-12-31,2900044000,2011-03-26,LongTermDebt,2026-08-25
VTR,equity,2010-12-31,2386726000,2011-03-26,StockholdersEquity,2026-08-25
VTR,liabilities,2010-12-31,3367816000,2011-03-26,Liabilities,2026-08-25
VTR,netIncome,2010-12-31,77583000,2011-03-26,NetIncomeLoss,2026-08-25
VTR,revenue,2010-12-31,265965000,2011-03-26,Revenues,2026-08-25
VZ,assets,2010-12-31,220005000000,2011-03-26,Assets,2026-08-25
VZ,cash,2010-12-31,6668000000,2011-03-26,CashAndCashEquivalentsAtCarryingValue,2026-08-25
VZ,debt,2010-12-31,45252000000,2011-03-26,LongTermDebtNoncurrent,2026-08-25
VZ,inventory,2010-12-31,1131000000,2011-03-26,InventoryNet,2026-08-25
VZ,netIncome,2010-12-31,2639000000,2011-03-26,NetIncomeLoss,2026-08-25
VZ,operatingIncome,2010-12-31,6411000000,2011-03-26,OperatingIncomeLoss,2026-08-25
VZ,receivables,2010-12-31,11781000000,2011-03-26,AccountsReceivableNetCurrent,2026-08-25
VZ,revenue,2010-12-31,26395000000,2011-03-26,Revenues,2026-08-25
WAB,assets,2010-12-31,1803081000,2011-03-26,Assets,2026-08-25
WAB,cash,2010-12-31,236941000,2011-03-26,CashAndCashEquivalentsAtCarryingValue,2026-08-25
WAB,debt,2010-12-31,382007000,2011-03-26,LongTermDebtNoncurrent,2026-08-25
WAB,equity,2010-12-31,899771000,2011-03-26,StockholdersEquity,2026-08-25
WAB,grossProfit,2010-12-31,117988000,2011-03-26,GrossProfit,2026-08-25
WAB,inventory,2010-12-31,253491000,2011-03-26,InventoryNet,2026-08-25
WAB,liabilities,2010-12-31,899694000,2011-03-26,Liabilities,2026-08-25
WAB,netIncome,2010-12-31,30980000,2011-03-26,NetIncomeLoss,2026-08-25
WAB,operatingIncome,2010-12-31,51349000,2011-03-26,OperatingIncomeLoss,2026-08-25
WAB,receivables,2010-12-31,258149000,2011-03-26,AccountsReceivableNetCurrent,2026-08-25
WAB,revenue,2010-12-31,393241000,2011-03-26,SalesRevenueNet,2026-08-25
WAB,shares,2010-12-31,47954085,2011-03-26,CommonStockSharesOutstanding,2026-08-25
WAT,assets,2010-12-31,2327670000,2011-03-26,Assets,2026-08-25
WAT,cash,2010-12-31,308498000,2011-03-26,CashAndCashEquivalentsAtCarryingValue,2026-08-25
WAT,debt,2010-12-31,700000000,2011-03-26,LongTermDebtNoncurrent,2026-08-25
WAT,equity,2010-12-31,1068797000,2011-03-26,StockholdersEquity,2026-08-25
WAT,grossProfit,2010-12-31,294325000,2011-03-26,GrossProfit,2026-08-25
WAT,inventory,2010-12-31,204300000,2011-03-26,InventoryNet,2026-08-25
WAT,liabilities,2010-12-31,1258873000,2011-03-26,Liabilities,2026-08-25
WAT,operatingIncome,2010-12-31,148176000,2011-03-26,OperatingIncomeLoss,2026-08-25
WAT,receivables,2010-12-31,358237000,2011-03-26,AccountsReceivableNetCurrent,2026-08-25
WAT,revenue,2010-12-31,483578000,2011-03-26,SalesRevenueNet,2026-08-25
WAT,rnd,2010-12-31,22867000,2011-03-26,ResearchAndDevelopmentExpense,2026-08-25
WAT,shares,2010-12-31,91848000,2011-03-26,CommonStockSharesOutstanding,2026-08-25
WBD,assets,2010-12-31,11019000000,2011-03-26,Assets,2026-08-25
WBD,cash,2010-12-31,466000000,2011-03-26,CashAndCashEquivalentsAtCarryingValue,2026-08-25
WBD,debt,2010-12-31,3618000000,2011-03-26,LongTermDebt,2026-08-25
WBD,equity,2010-12-31,6225000000,2011-03-26,StockholdersEquity,2026-08-25
WBD,liabilities,2010-12-31,4786000000,2011-03-26,Liabilities,2026-08-25
WBD,netIncome,2010-12-31,191000000,2011-03-26,NetIncomeLoss,2026-08-25
WBD,operatingIncome,2010-12-31,394000000,2011-03-26,OperatingIncomeLoss,2026-08-25
WBD,revenue,2010-12-31,1015000000,2011-03-26,SalesRevenueNet,2026-08-25
WDAY,cash,2010-12-31,30887000,2011-03-26,CashAndCashEquivalentsAtCarryingValue,2026-08-25
WDAY,equity,2010-12-31,-97639000,2011-03-26,StockholdersEquity,2026-08-25
WDC,assets,2010-12-31,7843000000,2011-03-26,Assets,2026-08-25
WDC,buybacks,2010-10-01,50000000,2010-11-20,PaymentsForRepurchaseOfCommonStock,2026-08-25
WDC,capex,2010-10-01,200000000,2010-11-20,PaymentsToAcquirePropertyPlantAndEquipment,2026-08-25
WDC,cash,2010-12-31,3110000000,2011-03-26,CashAndCashEquivalentsAtCarryingValue,2026-08-25
WDC,debt,2010-12-31,231000000,2011-03-26,LongTermDebtNoncurrent,2026-08-25
WDC,equity,2010-12-31,5159000000,2011-03-26,StockholdersEquity,2026-08-25
WDC,grossProfit,2010-12-31,475000000,2011-03-26,GrossProfit,2026-08-25
WDC,inventory,2010-12-31,568000000,2011-03-26,InventoryNet,2026-08-25
WDC,liabilities,2010-12-31,2684000000,2011-03-26,Liabilities,2026-08-25
WDC,netIncome,2010-12-31,225000000,2011-03-26,NetIncomeLoss,2026-08-25
WDC,operatingCashFlow,2010-10-01,390000000,2010-11-20,NetCashProvidedByUsedInOperatingActivities,2026-08-25
WDC,operatingIncome,2010-12-31,240000000,2011-03-26,OperatingIncomeLoss,2026-08-25
WDC,receivables,2010-12-31,1250000000,2011-03-26,AccountsReceivableNetCurrent,2026-08-25
WDC,shares,2010-12-31,232000000,2011-03-26,CommonStockSharesOutstanding,2026-08-25
WEC,assets,2010-12-31,13059800000,2011-03-26,Assets,2026-08-25
WEC,cash,2010-12-31,24500000,2011-03-26,CashAndCashEquivalentsAtCarryingValue,2026-08-25
WEC,debt,2010-12-31,3932000000,2011-03-26,LongTermDebtNoncurrent,2026-08-25
WEC,equity,2010-12-31,3802100000,2011-03-26,StockholdersEquity,2026-08-25
WEC,receivables,2010-12-31,344600000,2011-03-26,AccountsReceivableNetCurrent,2026-08-25
WEC,shares,2010-12-31,233771194,2011-03-26,CommonStockSharesOutstanding,2026-08-25
WELL,assets,2010-12-31,9451734000,2011-03-26,Assets,2026-08-25
WELL,cash,2010-12-31,131570000,2011-03-26,CashAndCashEquivalentsAtCarryingValue,2026-08-25
WELL,debt,2010-12-31,4198645000,2011-03-26,LongTermDebt,2026-08-25
WELL,equity,2010-12-31,4602851000,2011-03-26,StockholdersEquity,2026-08-25
WELL,liabilities,2010-12-31,4714081000,2011-03-26,Liabilities,2026-08-25
WELL,shares,2010-12-31,147097381,2011-03-26,CommonStockSharesOutstanding,2026-08-25
WFC,assets,2010-12-31,1258128000000,2011-03-26,Assets,2026-08-25
WFC,debt,2010-12-31,156983000000,2011-03-26,LongTermDebt,2026-08-25
WFC,equity,2010-12-31,126408000000,2011-03-26,StockholdersEquity,2026-08-25
WFC,liabilities,2010-12-31,1130239000000,2011-03-26,Liabilities,2026-08-25
WM,assets,2010-12-31,21476000000,2011-03-26,Assets,2026-08-25
WM,cash,2010-12-31,539000000,2011-03-26,CashAndCashEquivalentsAtCarryingValue,2026-08-25
WM,equity,2010-12-31,6260000000,2011-03-26,StockholdersEquity,2026-08-25
WM,liabilities,2010-12-31,14885000000,2011-03-26,Liabilities,2026-08-25
WM,netIncome,2010-12-31,281000000,2011-03-26,NetIncomeLoss,2026-08-25
WM,operatingIncome,2010-12-31,574000000,2011-03-26,OperatingIncomeLoss,2026-08-25
WM,receivables,2010-12-31,1510000000,2011-03-26,AccountsReceivableNetCurrent,2026-08-25
WM,revenue,2010-12-31,3187000000,2011-03-26,Revenues,2026-08-25
WM,shares,2010-12-31,475000000,2011-03-26,CommonStockSharesOutstanding,2026-08-25
WMB,assets,2010-12-31,24972000000,2011-03-26,Assets,2026-08-25
WMB,cash,2010-12-31,795000000,2011-03-26,CashAndCashEquivalentsAtCarryingValue,2026-08-25
WMB,equity,2010-12-31,6803000000,2011-03-26,StockholdersEquity,2026-08-25
WMB,inventory,2010-12-31,225000000,2011-03-26,InventoryNet,2026-08-25
WMT,assets,2010-10-31,186890000000,2010-12-20,Assets,2026-08-25
WMT,cash,2010-10-31,10616000000,2010-12-20,CashAndCashEquivalentsAtCarryingValue,2026-08-25
WMT,debt,2010-10-31,40803000000,2010-12-20,LongTermDebtNoncurrent,2026-08-25
WMT,equity,2010-10-31,65525000000,2010-12-20,StockholdersEquity,2026-08-25
WMT,inventory,2010-10-31,41059000000,2010-12-20,InventoryNet,2026-08-25
WMT,netIncome,2010-10-31,3436000000,2010-12-20,NetIncomeLoss,2026-08-25
WMT,operatingIncome,2010-10-31,5611000000,2010-12-20,OperatingIncomeLoss,2026-08-25
WMT,revenue,2010-10-31,101952000000,2010-12-20,Revenues,2026-08-25
WRB,assets,2010-12-31,17528547000,2011-03-26,Assets,2026-08-25
WRB,cash,2010-12-31,642952000,2011-03-26,CashAndCashEquivalentsAtCarryingValue,2026-08-25
WRB,equity,2010-12-31,3702876000,2011-03-26,StockholdersEquity,2026-08-25
WRB,liabilities,2010-12-31,13818691000,2011-03-26,Liabilities,2026-08-25
WRB,netIncome,2010-12-31,126851000,2011-03-26,NetIncomeLoss,2026-08-25
WRB,revenue,2010-12-31,1231342000,2011-03-26,Revenues,2026-08-25
WRB,shares,2010-12-31,141009834,2011-03-26,CommonStockSharesOutstanding,2026-08-25
WSM,assets,2010-10-31,2035172000,2010-12-20,Assets,2026-08-25
WSM,capex,2010-10-31,15533000,2010-12-20,PaymentsToAcquirePropertyPlantAndEquipment,2026-08-25
WSM,cash,2010-10-31,389627000,2010-12-20,CashAndCashEquivalentsAtCarryingValue,2026-08-25
WSM,equity,2010-10-31,1199288000,2010-12-20,StockholdersEquity,2026-08-25
WSM,grossProfit,2010-10-31,311281000,2010-12-20,GrossProfit,2026-08-25
WSM,inventory,2010-10-31,586256000,2010-12-20,InventoryNet,2026-08-25
WSM,liabilities,2010-10-31,835884000,2010-12-20,Liabilities,2026-08-25
WSM,netIncome,2010-10-31,36530000,2010-12-20,NetIncomeLoss,2026-08-25
WSM,operatingIncome,2010-10-31,56162000,2010-12-20,OperatingIncomeLoss,2026-08-25
WSM,revenue,2010-10-31,815516000,2010-12-20,SalesRevenueNet,2026-08-25
WSM,shares,2010-10-31,105422000,2010-12-20,CommonStockSharesOutstanding,2026-08-25
WST,assets,2010-12-31,1294300000,2011-03-26,Assets,2026-08-25
WST,cash,2010-12-31,110200000,2011-03-26,CashAndCashEquivalentsAtCarryingValue,2026-08-25
WST,debt,2010-12-31,358100000,2011-03-26,LongTermDebtNoncurrent,2026-08-25
WST,inventory,2010-12-31,147000000,2011-03-26,InventoryNet,2026-08-25
WST,liabilities,2010-12-31,668600000,2011-03-26,Liabilities,2026-08-25
WST,receivables,2010-12-31,126400000,2011-03-26,AccountsReceivableNetCurrent,2026-08-25
WST,shares,2010-12-31,33300000,2011-03-26,CommonStockSharesOutstanding,2026-08-25
WTW,assets,2010-12-31,15850000000,2011-03-26,Assets,2026-08-25
WTW,cash,2010-12-31,316000000,2011-03-26,CashAndCashEquivalentsAtCarryingValue,2026-08-25
WTW,debt,2010-12-31,2157000000,2011-03-26,LongTermDebtNoncurrent,2026-08-25
WTW,equity,2010-12-31,2577000000,2011-03-26,StockholdersEquity,2026-08-25
WTW,liabilities,2010-12-31,13242000000,2011-03-26,Liabilities,2026-08-25
WTW,netIncome,2010-12-31,98000000,2011-03-26,NetIncomeLoss,2026-08-25
WTW,receivables,2010-12-31,839000000,2011-03-26,AccountsReceivableNetCurrent,2026-08-25
WTW,revenue,2010-12-31,833000000,2011-03-26,Revenues,2026-08-25
WY,assets,2010-12-31,13464000000,2011-03-26,Assets,2026-08-25
WY,cash,2010-12-31,1467000000,2011-03-26,CashAndCashEquivalentsAtCarryingValue,2026-08-25
WY,equity,2010-12-31,4612000000,2011-03-26,StockholdersEquity,2026-08-25
WY,liabilities,2010-12-31,8815000000,2011-03-26,Liabilities,2026-08-25
WY,netIncome,2010-12-31,171000000,2011-03-26,NetIncomeLoss,2026-08-25
WY,operatingIncome,2010-12-31,54000000,2011-03-26,OperatingIncomeLoss,2026-08-25
WY,revenue,2010-12-31,1516000000,2011-03-26,SalesRevenueNet,2026-08-25
WY,shares,2010-12-31,535976000,2011-03-26,CommonStockSharesOutstanding,2026-08-25
WYNN,assets,2010-12-31,6674497000,2011-03-26,Assets,2026-08-25
WYNN,cash,2010-12-31,1258499000,2011-03-26,CashAndCashEquivalentsAtCarryingValue,2026-08-25
WYNN,debt,2010-12-31,3264854000,2011-03-26,LongTermDebtNoncurrent,2026-08-25
WYNN,equity,2010-12-31,2237948000,2011-03-26,StockholdersEquity,2026-08-25
WYNN,inventory,2010-12-31,86847000,2011-03-26,InventoryNet,2026-08-25
WYNN,liabilities,2010-12-31,4293912000,2011-03-26,Liabilities,2026-08-25
WYNN,netIncome,2010-12-31,114242000,2011-03-26,NetIncomeLoss,2026-08-25
WYNN,operatingIncome,2010-12-31,230309000,2011-03-26,OperatingIncomeLoss,2026-08-25
WYNN,revenue,2010-12-31,1237188000,2011-03-26,Revenues,2026-08-25
WYNN,shares,2010-12-31,124599508,2011-03-26,CommonStockSharesOutstanding,2026-08-25
XEL,assets,2010-12-31,27387690000,2011-03-26,Assets,2026-08-25
XEL,cash,2010-12-31,108437000,2011-03-26,CashAndCashEquivalentsAtCarryingValue,2026-08-25
XEL,debt,2010-12-31,9263144000,2011-03-26,LongTermDebtNoncurrent,2026-08-25
XEL,inventory,2010-12-31,560800000,2011-03-26,InventoryNet,2026-08-25
XEL,netIncome,2010-12-31,136634000,2011-03-26,NetIncomeLoss,2026-08-25
XEL,operatingIncome,2010-12-31,322370000,2011-03-26,OperatingIncomeLoss,2026-08-25
XEL,receivables,2010-12-31,718474000,2011-03-26,AccountsReceivableNetCurrent,2026-08-25
XEL,revenue,2010-12-31,2566934000,2011-03-26,Revenues,2026-08-25
XEL,shares,2010-12-31,482333750,2011-03-26,CommonStockSharesOutstanding,2026-08-25
XYL,assets,2010-12-31,3735000000,2011-03-26,Assets,2026-08-25
XYL,cash,2010-12-31,131000000,2011-03-26,CashAndCashEquivalentsAtCarryingValue,2026-08-25
XYL,debt,2010-12-31,4000000,2011-03-26,LongTermDebtNoncurrent,2026-08-25
XYL,equity,2010-12-31,2723000000,2011-03-26,StockholdersEquity,2026-08-25
XYL,inventory,2010-12-31,389000000,2011-03-26,InventoryNet,2026-08-25
XYL,liabilities,2010-12-31,1016000000,2011-03-26,Liabilities,2026-08-25
XYL,receivables,2010-12-31,690000000,2011-03-26,AccountsReceivableNetCurrent,2026-08-25
XYL,shares,2010-12-31,0,2011-03-26,CommonStockSharesOutstanding,2026-08-25
YUM,assets,2010-12-25,8316000000,2011-03-20,Assets,2026-08-25
YUM,cash,2010-12-25,1426000000,2011-03-20,CashAndCashEquivalentsAtCarryingValue,2026-08-25
YUM,debt,2010-12-25,2884000000,2011-03-20,LongTermDebtNoncurrent,2026-08-25
YUM,equity,2010-12-25,1576000000,2011-03-20,StockholdersEquity,2026-08-25
YUM,inventory,2010-12-25,189000000,2011-03-20,InventoryNet,2026-08-25
YUM,liabilities,2010-12-25,6647000000,2011-03-20,Liabilities,2026-08-25
YUM,netIncome,2010-12-25,274000000,2011-03-20,NetIncomeLoss,2026-08-25
YUM,operatingIncome,2010-12-25,440000000,2011-03-20,OperatingIncomeLoss,2026-08-25
YUM,revenue,2010-12-25,3562000000,2011-03-20,Revenues,2026-08-25
ZBH,assets,2010-12-31,7999900000,2011-03-26,Assets,2026-08-25
ZBH,cash,2010-12-31,668900000,2011-03-26,CashAndCashEquivalentsAtCarryingValue,2026-08-25
ZBH,debt,2010-12-31,1142100000,2011-03-26,LongTermDebtNoncurrent,2026-08-25
ZBH,equity,2010-12-31,5771300000,2011-03-26,StockholdersEquity,2026-08-25
ZBH,grossProfit,2010-12-31,860500000,2011-03-26,GrossProfit,2026-08-25
ZBH,inventory,2010-12-31,936400000,2011-03-26,InventoryNet,2026-08-25
ZBH,liabilities,2010-12-31,2228600000,2011-03-26,Liabilities,2026-08-25
ZBH,netIncome,2010-12-31,34900000,2011-03-26,NetIncomeLoss,2026-08-25
ZBH,receivables,2010-12-31,775900000,2011-03-26,AccountsReceivableNetCurrent,2026-08-25
ZBH,revenue,2010-12-31,1134700000,2011-03-26,SalesRevenueNet,2026-08-25
ZBRA,assets,2010-12-31,878864000,2011-03-26,Assets,2026-08-25
ZBRA,cash,2010-12-31,47553000,2011-03-26,CashAndCashEquivalentsAtCarryingValue,2026-08-25
ZBRA,equity,2010-12-31,730032000,2011-03-26,StockholdersEquity,2026-08-25
ZBRA,grossProfit,2010-12-31,114356000,2011-03-26,GrossProfit,2026-08-25
ZBRA,inventory,2010-12-31,112970000,2011-03-26,InventoryNet,2026-08-25
ZBRA,liabilities,2010-12-31,148832000,2011-03-26,Liabilities,2026-08-25
ZBRA,netIncome,2010-12-31,28217000,2011-03-26,NetIncomeLoss,2026-08-25
ZBRA,operatingIncome,2010-12-31,43030000,2011-03-26,OperatingIncomeLoss,2026-08-25
ZBRA,receivables,2010-12-31,130143000,2011-03-26,AccountsReceivableNetCurrent,2026-08-25
ZBRA,revenue,2010-12-31,234019000,2011-03-26,SalesRevenueNet,2026-08-25
ZBRA,rnd,2010-12-31,21736000,2011-03-26,ResearchAndDevelopmentExpense,2026-08-25
ZBRA,shares,2010-12-31,55711325,2011-03-26,CommonStockSharesOutstanding,2026-08-25
ZTS,cash,2010-12-31,63000000,2011-03-26,CashAndCashEquivalentsAtCarryingValue,2026-08-25
A,assets,2010-10-31,9696000000,2010-12-20,Assets,2026-08-27
A,cash,2010-10-31,2649000000,2010-12-20,CashAndCashEquivalentsAtCarryingValue,2026-08-27
A,debt,2010-10-31,2190000000,2010-12-20,LongTermDebtNoncurrent,2026-08-27
A,equity,2010-10-31,3228000000,2010-12-20,StockholdersEquity,2026-08-27
A,inventory,2010-10-31,716000000,2010-12-20,InventoryNet,2026-08-27
A,liabilities,2010-10-31,6460000000,2010-12-20,Liabilities,2026-08-27
A,receivables,2010-10-31,869000000,2010-12-20,AccountsReceivableNetCurrent,2026-08-27
AAPL,assets,2010-12-25,86742000000,2011-03-20,Assets,2026-08-27
AAPL,capex,2010-12-25,1214000000,2011-03-20,PaymentsToAcquireProductiveAssets,2026-08-27
AAPL,cash,2010-12-25,10734000000,2011-03-20,CashAndCashEquivalentsAtCarryingValue,2026-08-27
AAPL,equity,2010-12-25,54666000000,2011-03-20,StockholdersEquity,2026-08-27
AAPL,grossProfit,2010-12-25,10298000000,2011-03-20,GrossProfit,2026-08-27
AAPL,inventory,2010-12-25,885000000,2011-03-20,InventoryNet,2026-08-27
AAPL,liabilities,2010-12-25,32076000000,2011-03-20,Liabilities,2026-08-27
AAPL,netIncome,2010-12-25,6004000000,2011-03-20,NetIncomeLoss,2026-08-27
AAPL,operatingCashFlow,2010-12-25,9773000000,2011-03-20,NetCashProvidedByUsedInOperatingActivities,2026-08-27
AAPL,operatingIncome,2010-12-25,7827000000,2011-03-20,OperatingIncomeLoss,2026-08-27
AAPL,receivables,2010-12-25,6027000000,2011-03-20,AccountsReceivableNetCurrent,2026-08-27
AAPL,revenue,2010-12-25,26741000000,2011-03-20,SalesRevenueNet,2026-08-27
AAPL,rnd,2010-12-25,575000000,2011-03-20,ResearchAndDevelopmentExpense,2026-08-27
AAPL,shares,2010-12-25,921035475,2011-03-20,CommonStockSharesOutstanding,2026-08-27
ABBV,cash,2010-12-31,10000000,2011-03-26,CashAndCashEquivalentsAtCarryingValue,2026-08-27
ABT,assets,2010-12-31,60573852000,2011-03-26,Assets,2026-08-27
ABT,cash,2010-12-31,3648000000,2011-03-26,CashAndCashEquivalentsAtCarryingValue,2026-08-27
ABT,debt,2010-12-31,12523517000,2011-03-26,LongTermDebtNoncurrent,2026-08-27
ABT,equity,2010-12-31,22676802000,2011-03-26,StockholdersEquity,2026-08-27
ABT,grossProfit,2010-12-31,5922800000,2011-03-26,GrossProfit,2026-08-27
ABT,inventory,2010-12-31,3188734000,2011-03-26,InventoryNet,2026-08-27
ABT,receivables,2010-12-31,7184034000,2011-03-26,AccountsReceivableNetCurrent,2026-08-27
ABT,revenue,2010-12-31,9967800000,2011-03-26,SalesRevenueNet,2026-08-27
ACGL,assets,2010-12-31,16279228000,2011-03-26,Assets,2026-08-27
ACGL,cash,2010-12-31,362740000,2011-03-26,CashAndCashEquivalentsAtCarryingValue,2026-08-27
ACGL,liabilities,2010-12-31,11766225000,2011-03-26,Liabilities,2026-08-27
ACGL,netIncome,2010-12-31,234112000,2011-03-26,NetIncomeLoss,2026-08-27
ACGL,shares,2010-12-31,139632225,2011-03-26,CommonStockSharesOutstanding,2026-08-27
ACN,assets,2010-11-30,12868874000,2011-02-23,Assets,2026-08-27
ACN,buybacks,2010-11-30,619720000,2011-02-23,PaymentsForRepurchaseOfCommonStock,2026-08-27
ACN,capex,2010-11-30,75483000,2011-02-23,PaymentsToAcquirePropertyPlantAndEquipment,2026-08-27
ACN,cash,2010-11-30,4160452000,2011-02-23,CashAndCashEquivalentsAtCarryingValue,2026-08-27
ACN,equity,2010-11-30,2909396000,2011-02-23,StockholdersEquity,2026-08-27
ACN,netIncome,2010-11-30,534714000,2011-02-23,NetIncomeLoss,2026-08-27
ACN,operatingCashFlow,2010-11-30,106399000,2011-02-23,NetCashProvidedByUsedInOperatingActivities,2026-08-27
ACN,operatingIncome,2010-11-30,826935000,2011-02-23,OperatingIncomeLoss,2026-08-27
ACN,receivables,2010-11-30,2846561000,2011-02-23,AccountsReceivableNetCurrent,2026-08-27
ACN,revenue,2010-11-30,6478193000,2011-02-23,Revenues,2026-08-27
ADBE,assets,2010-12-03,8141148000,2011-02-26,Assets,2026-08-27
ADBE,cash,2010-12-03,749891000,2011-02-26,CashAndCashEquivalentsAtCarryingValue,2026-08-27
ADBE,equity,2010-12-03,5192387000,2011-02-26,StockholdersEquity,2026-08-27
ADBE,grossProfit,2010-12-03,900729000,2011-02-26,GrossProfit,2026-08-27
ADBE,liabilities,2010-12-03,2948761000,2011-02-26,Liabilities,2026-08-27
ADBE,netIncome,2010-12-03,268850000,2011-02-26,NetIncomeLoss,2026-08-27
ADBE,receivables,2010-12-03,554328000,2011-02-26,AccountsReceivableNetCurrent,2026-08-27
ADBE,revenue,2010-12-03,1007946000,2011-02-26,Revenues,2026-08-27
ADBE,shares,2010-12-03,501897000,2011-02-26,CommonStockSharesOutstanding,2026-08-27
ADI,assets,2010-10-30,4328831000,2010-12-19,Assets,2026-08-27
ADI,cash,2010-10-30,1405100000,2010-12-19,CashAndCashEquivalentsAtCarryingValue,2026-08-27
ADI,equity,2010-10-30,3199717000,2010-12-19,StockholdersEquity,2026-08-27
ADI,grossProfit,2010-10-30,516229000,2010-12-19,GrossProfit,2026-08-27
ADI,inventory,2010-10-30,277478000,2010-12-19,InventoryNet,2026-08-27
ADI,operatingIncome,2010-10-30,285740000,2010-12-19,OperatingIncomeLoss,2026-08-27
ADI,receivables,2010-10-30,387169000,2010-12-19,AccountsReceivableNetCurrent,2026-08-27
ADI,revenue,2010-10-30,769990000,2010-12-19,SalesRevenueNet,2026-08-27
ADI,rnd,2010-10-30,128140000,2010-12-19,ResearchAndDevelopmentExpense,2026-08-27
ADI,shares,2010-10-30,298652994,2010-12-19,CommonStockSharesOutstanding,2026-08-27
ADM,assets,2010-12-31,42610000000,2011-03-26,Assets,2026-08-27
ADM,cash,2010-12-31,526000000,2011-03-26,CashAndCashEquivalentsAtCarryingValue,2026-08-27
ADM,debt,2010-12-31,6848000000,2011-03-26,LongTermDebtNoncurrent,2026-08-27
ADM,grossProfit,2010-12-31,1234000000,2011-03-26,GrossProfit,2026-08-27
ADM,netIncome,2010-12-31,732000000,2011-03-26,NetIncomeLoss,2026-08-27
ADM,revenue,2010-12-31,20930000000,2011-03-26,Revenues,2026-08-27
ADP,assets,2010-12-31,32660300000,2011-03-26,Assets,2026-08-27
ADP,cash,2010-12-31,1305700000,2011-03-26,CashAndCashEquivalentsAtCarryingValue,2026-08-27
ADP,debt,2010-12-31,37900000,2011-03-26,LongTermDebt,2026-08-27
ADP,equity,2010-12-31,5775600000,2011-03-26,StockholdersEquity,2026-08-27
ADP,grossProfit,2010-12-31,1025400000,2011-03-26,GrossProfit,2026-08-27
ADP,liabilities,2010-12-31,26884700000,2011-03-26,Liabilities,2026-08-27
ADP,netIncome,2010-12-31,310100000,2011-03-26,NetIncomeLoss,2026-08-27
ADP,receivables,2010-12-31,1136600000,2011-03-26,AccountsReceivableNetCurrent,2026-08-27
ADP,revenue,2010-12-31,2405700000,2011-03-26,Revenues,2026-08-27
ADP,shares,2010-12-31,494200000,2011-03-26,CommonStockSharesOutstanding,2026-08-27
ADSK,assets,2010-10-31,2581100000,2010-12-20,Assets,2026-08-27
ADSK,cash,2010-10-31,904300000,2010-12-20,CashAndCashEquivalentsAtCarryingValue,2026-08-27
ADSK,equity,2010-10-31,1556100000,2010-12-20,StockholdersEquity,2026-08-27
ADSK,grossProfit,2010-10-31,428200000,2010-12-20,GrossProfit,2026-08-27
ADSK,netIncome,2010-10-31,53600000,2010-12-20,NetIncomeLoss,2026-08-27
ADSK,operatingIncome,2010-10-31,69200000,2010-12-20,OperatingIncomeLoss,2026-08-27
ADSK,receivables,2010-10-31,240100000,2010-12-20,AccountsReceivableNetCurrent,2026-08-27
ADSK,revenue,2010-10-31,476700000,2010-12-20,SalesRevenueNet,2026-08-27
ADSK,rnd,2010-10-31,122800000,2010-12-20,ResearchAndDevelopmentExpense,2026-08-27
AEE,assets,2010-12-31,23511000000,2011-03-26,Assets,2026-08-27
AEE,cash,2010-12-31,538000000,2011-03-26,CashAndCashEquivalentsAtCarryingValue,2026-08-27
AEE,debt,2010-12-31,6853000000,2011-03-26,LongTermDebtNoncurrent,2026-08-27
AEE,equity,2010-12-31,7730000000,2011-03-26,StockholdersEquity,2026-08-27
AEE,inventory,2010-12-31,707000000,2011-03-26,InventoryNet,2026-08-27
AEE,netIncome,2010-12-31,52000000,2011-03-26,NetIncomeLoss,2026-08-27
AEE,operatingIncome,2010-12-31,198000000,2011-03-26,OperatingIncomeLoss,2026-08-27
AEE,receivables,2010-12-31,517000000,2011-03-26,AccountsReceivableNetCurrent,2026-08-27
AEE,revenue,2010-12-31,1706000000,2011-03-26,Revenues,2026-08-27
AEE,shares,2010-12-31,240400000,2011-03-26,CommonStockSharesOutstanding,2026-08-27
AEP,assets,2010-12-31,50455000000,2011-03-26,Assets,2026-08-27
AEP,cash,2010-12-31,294000000,2011-03-26,CashAndCashEquivalentsAtCarryingValue,2026-08-27
AEP,debt,2010-12-31,15502000000,2011-03-26,LongTermDebtNoncurrent,2026-08-27
AEP,equity,2010-12-31,13622000000,2011-03-26,StockholdersEquity,2026-08-27
AEP,liabilities,2010-12-31,36773000000,2011-03-26,Liabilities,2026-08-27
AEP,operatingIncome,2010-12-31,486000000,2011-03-26,OperatingIncomeLoss,2026-08-27
AEP,receivables,2010-12-31,1923000000,2011-03-26,AccountsReceivableNetCurrent,2026-08-27
AEP,revenue,2010-12-31,3434000000,2011-03-26,Revenues,2026-08-27
AES,assets,2010-12-31,40511000000,2011-03-26,Assets,2026-08-27
AES,cash,2010-12-31,2360000000,2011-03-26,CashAndCashEquivalentsAtCarryingValue,2026-08-27
AES,equity,2010-12-31,6473000000,2011-03-26,StockholdersEquity,2026-08-27
AES,grossProfit,2010-12-31,1008000000,2011-03-26,GrossProfit,2026-08-27
AES,inventory,2010-12-31,549000000,2011-03-26,InventoryNet,2026-08-27
AES,netIncome,2010-12-31,-436000000,2011-03-26,NetIncomeLoss,2026-08-27
AES,receivables,2010-12-31,2244000000,2011-03-26,AccountsReceivableNetCurrent,2026-08-27
AES,shares,2010-12-31,787607240,2011-03-26,CommonStockSharesOutstanding,2026-08-27
AFL,assets,2010-12-31,100243000000,2011-03-26,Assets,2026-08-27
AFL,cash,2010-12-31,2121000000,2011-03-26,CashAndCashEquivalentsAtCarryingValue,2026-08-27
AFL,equity,2010-12-31,10540000000,2011-03-26,StockholdersEquity,2026-08-27
AFL,liabilities,2010-12-31,89983000000,2011-03-26,Liabilities,2026-08-27
AFL,revenue,2010-12-31,5294000000,2011-03-26,Revenues,2026-08-27
AFL,shares,2010-12-31,469661000,2011-03-26,CommonStockSharesOutstanding,2026-08-27
AIG,assets,2010-12-31,675573000000,2011-03-26,Assets,2026-08-27
AIG,equity,2010-12-31,78856000000,2011-03-26,StockholdersEquity,2026-08-27
AIG,liabilities,2010-12-31,568363000000,2011-03-26,Liabilities,2026-08-27
AIG,netIncome,2010-12-31,13853000000,2011-03-26,NetIncomeLoss,2026-08-27
AIG,revenue,2010-12-31,21203000000,2011-03-26,Revenues,2026-08-27
AIZ,assets,2010-12-31,26345501000,2011-03-26,Assets,2026-08-27
AIZ,cash,2010-12-31,1150516000,2011-03-26,CashAndCashEquivalentsAtCarryingValue,2026-08-27
AIZ,equity,2010-12-31,4633136000,2011-03-26,StockholdersEquity,2026-08-27
AIZ,liabilities,2010-12-31,21712365000,2011-03-26,Liabilities,2026-08-27
AIZ,netIncome,2010-12-31,-184391000,2011-03-26,NetIncomeLoss,2026-08-27
AIZ,revenue,2010-12-31,2105601000,2011-03-26,Revenues,2026-08-27
AIZ,shares,2010-12-31,102000371,2011-03-26,CommonStockSharesOutstanding,2026-08-27
AJG,assets,2010-12-31,3596000000,2011-03-26,Assets,2026-08-27
AJG,cash,2010-12-31,249800000,2011-03-26,CashAndCashEquivalentsAtCarryingValue,2026-08-27
AJG,debt,2010-12-31,550000000,2011-03-26,LongTermDebtNoncurrent,2026-08-27
AJG,equity,2010-12-31,1106700000,2011-03-26,StockholdersEquity,2026-08-27
AJG,liabilities,2010-12-31,2489300000,2011-03-26,Liabilities,2026-08-27
AJG,netIncome,2010-12-31,54700000,2011-03-26,NetIncomeLoss,2026-08-27
AJG,revenue,2010-12-31,459100000,2011-03-26,Revenues,2026-08-27
AJG,shares,2010-12-31,108400000,2011-03-26,CommonStockSharesOutstanding,2026-08-27
AKAM,assets,2010-12-31,2352676000,2011-03-26,Assets,2026-08-27
AKAM,cash,2010-12-31,231866000,2011-03-26,CashAndCashEquivalentsAtCarryingValue,2026-08-27
AKAM,equity,2010-12-31,2177605000,2011-03-26,StockholdersEquity,2026-08-27
AKAM,liabilities,2010-12-31,175071000,2011-03-26,Liabilities,2026-08-27
AKAM,netIncome,2010-12-31,52510000,2011-03-26,NetIncomeLoss,2026-08-27
AKAM,receivables,2010-12-31,175366000,2011-03-26,AccountsReceivableNetCurrent,2026-08-27
AKAM,revenue,2010-12-31,284688000,2011-03-26,Revenues,2026-08-27
AKAM,shares,2010-12-31,186603380,2011-03-26,CommonStockSharesOutstanding,2026-08-27
ALB,assets,2010-12-31,3068081000,2011-03-26,Assets,2026-08-27
ALB,cash,2010-12-31,529650000,2011-03-26,CashAndCashEquivalentsAtCarryingValue,2026-08-27
ALB,debt,2010-12-31,851927000,2011-03-26,LongTermDebtNoncurrent,2026-08-27
ALB,equity,2010-12-31,1416074000,2011-03-26,StockholdersEquity,2026-08-27
ALB,grossProfit,2010-12-31,196461000,2011-03-26,GrossProfit,2026-08-27
ALB,inventory,2010-12-31,389210000,2011-03-26,InventoryNet,2026-08-27
ALB,netIncome,2010-12-31,84972000,2011-03-26,NetIncomeLoss,2026-08-27
ALB,receivables,2010-12-31,340888000,2011-03-26,AccountsReceivableNetCurrent,2026-08-27
ALB,revenue,2010-12-31,604975000,2011-03-26,SalesRevenueNet,2026-08-27
ALB,shares,2010-12-31,91594000,2011-03-26,CommonStockSharesOutstanding,2026-08-27
ALGN,assets,2010-12-31,476943000,2011-03-26,Assets,2026-08-27
ALGN,cash,2010-12-31,294664000,2011-03-26,CashAndCashEquivalentsAtCarryingValue,2026-08-27
ALGN,equity,2010-12-31,377747000,2011-03-26,StockholdersEquity,2026-08-27
ALGN,inventory,2010-12-31,2544000,2011-03-26,InventoryNet,2026-08-27
ALGN,liabilities,2010-12-31,99196000,2011-03-26,Liabilities,2026-08-27
ALGN,receivables,2010-12-31,65430000,2011-03-26,AccountsReceivableNetCurrent,2026-08-27
ALGN,shares,2010-12-31,76390000,2011-03-26,CommonStockSharesOutstanding,2026-08-27
ALL,assets,2010-12-31,130500000000,2011-03-26,Assets,2026-08-27
ALL,debt,2010-12-31,5908000000,2011-03-26,LongTermDebt,2026-08-27
ALL,equity,2010-12-31,18617000000,2011-03-26,StockholdersEquity,2026-08-27
ALL,liabilities,2010-12-31,111855000000,2011-03-26,Liabilities,2026-08-27
ALL,netIncome,2010-12-31,293000000,2011-03-26,NetIncomeLoss,2026-08-27
ALL,revenue,2010-12-31,8087000000,2011-03-26,Revenues,2026-08-27
ALL,shares,2010-12-31,533000000,2011-03-26,CommonStockSharesOutstanding,2026-08-27
AMAT,assets,2010-10-31,10943000000,2010-12-20,Assets,2026-08-27
AMAT,cash,2010-10-31,1858000000,2010-12-20,CashAndCashEquivalentsAtCarryingValue,2026-08-27
AMAT,debt,2010-10-31,204000000,2010-12-20,LongTermDebtNoncurrent,2026-08-27
AMAT,equity,2010-10-31,7536000000,2010-12-20,StockholdersEquity,2026-08-27
AMAT,grossProfit,2010-10-31,1217000000,2010-12-20,GrossProfit,2026-08-27
AMAT,inventory,2010-10-31,1547000000,2010-12-20,InventoryNet,2026-08-27
AMAT,liabilities,2010-10-31,3407000000,2010-12-20,Liabilities,2026-08-27
AMAT,netIncome,2010-10-31,468000000,2010-12-20,NetIncomeLoss,2026-08-27
AMAT,receivables,2010-10-31,1831000000,2010-12-20,AccountsReceivableNetCurrent,2026-08-27
AMAT,revenue,2010-10-31,2886000000,2010-12-20,SalesRevenueNet,2026-08-27
AMAT,shares,2010-10-31,1328000000,2010-12-20,CommonStockSharesOutstanding,2026-08-27
AMD,assets,2010-12-25,4964000000,2011-03-20,Assets,2026-08-27
AMD,cash,2010-12-25,606000000,2011-03-20,CashAndCashEquivalentsAtCarryingValue,2026-08-27
AMD,equity,2010-12-25,1013000000,2011-03-20,StockholdersEquity,2026-08-27
AMD,grossProfit,2010-12-25,743000000,2011-03-20,GrossProfit,2026-08-27
AMD,inventory,2010-12-25,632000000,2011-03-20,InventoryNet,2026-08-27
AMD,operatingIncome,2010-12-25,413000000,2011-03-20,OperatingIncomeLoss,2026-08-27
AMD,receivables,2010-12-25,968000000,2011-03-20,AccountsReceivableNetCurrent,2026-08-27
AMD,rnd,2010-12-25,352000000,2011-03-20,ResearchAndDevelopmentExpense,2026-08-27
AMD,shares,2010-12-25,683000000,2011-03-20,CommonStockSharesOutstanding,2026-08-27
AME,assets,2010-12-31,3818915000,2011-03-26,Assets,2026-08-27
AME,cash,2010-12-31,163208000,2011-03-26,CashAndCashEquivalentsAtCarryingValue,2026-08-27
AME,debt,2010-12-31,1071360000,2011-03-26,LongTermDebtNoncurrent,2026-08-27
AME,equity,2010-12-31,1775204000,2011-03-26,StockholdersEquity,2026-08-27
AME,inventory,2010-12-31,335253000,2011-03-26,InventoryNet,2026-08-27
AME,liabilities,2010-12-31,2043711000,2011-03-26,Liabilities,2026-08-27
AME,netIncome,2010-12-31,81239000,2011-03-26,NetIncomeLoss,2026-08-27
AME,operatingIncome,2010-12-31,135524000,2011-03-26,OperatingIncomeLoss,2026-08-27
AME,revenue,2010-12-31,677975000,2011-03-26,SalesRevenueNet,2026-08-27
AME,shares,2010-12-31,160700000,2011-03-26,CommonStockSharesOutstanding,2026-08-27
AMGN,assets,2010-12-31,43486000000,2011-03-26,Assets,2026-08-27
AMGN,cash,2010-12-31,3287000000,2011-03-26,CashAndCashEquivalentsAtCarryingValue,2026-08-27
AMGN,debt,2010-12-31,10874000000,2011-03-26,LongTermDebtNoncurrent,2026-08-27
AMGN,equity,2010-12-31,23944000000,2011-03-26,StockholdersEquity,2026-08-27
AMGN,grossProfit,2010-12-31,3188000000,2011-03-26,GrossProfit,2026-08-27
AMGN,inventory,2010-12-31,2022000000,2011-03-26,InventoryNet,2026-08-27
AMGN,netIncome,2010-12-31,1022000000,2011-03-26,NetIncomeLoss,2026-08-27
AMGN,receivables,2010-12-31,2335000000,2011-03-26,AccountsReceivableNetCurrent,2026-08-27
AMGN,shares,2010-12-31,932100000,2011-03-26,CommonStockSharesOutstanding,2026-08-27
AMP,assets,2010-12-31,131214000000,2011-03-26,Assets,2026-08-27
AMP,cash,2010-12-31,2861000000,2011-03-26,CashAndCashEquivalentsAtCarryingValue,2026-08-27
AMP,equity,2010-12-31,10725000000,2011-03-26,StockholdersEquity,2026-08-27
AMP,liabilities,2010-12-31,119929000000,2011-03-26,Liabilities,2026-08-27
AMP,netIncome,2010-12-31,280000000,2011-03-26,NetIncomeLoss,2026-08-27
AMT,assets,2010-12-31,10370084000,2011-03-26,Assets,2026-08-27
AMT,cash,2010-12-31,883963000,2011-03-26,CashAndCashEquivalentsAtCarryingValue,2026-08-27
AMT,debt,2010-12-31,5512492000,2011-03-26,LongTermDebtNoncurrent,2026-08-27
AMT,equity,2010-12-31,3501444000,2011-03-26,StockholdersEquity,2026-08-27
AMT,liabilities,2010-12-31,6865526000,2011-03-26,Liabilities,2026-08-27
AMT,netIncome,2010-12-31,83514000,2011-03-26,NetIncomeLoss,2026-08-27
AMT,operatingIncome,2010-12-31,203441000,2011-03-26,OperatingIncomeLoss,2026-08-27
AMT,receivables,2010-12-31,81479000,2011-03-26,AccountsReceivableNetCurrent,2026-08-27
AMT,revenue,2010-12-31,547642000,2011-03-26,SalesRevenueNet,2026-08-27
AMT,shares,2010-12-31,398677234,2011-03-26,CommonStockSharesOutstanding,2026-08-27
AMZN,assets,2010-12-31,18797000000,2011-03-26,Assets,2026-08-27
AMZN,cash,2010-12-31,3777000000,2011-03-26,CashAndCashEquivalentsAtCarryingValue,2026-08-27
AMZN,debt,2010-12-31,184000000,2011-03-26,LongTermDebtNoncurrent,2026-08-27
AMZN,equity,2010-12-31,6864000000,2011-03-26,StockholdersEquity,2026-08-27
AMZN,inventory,2010-12-31,3202000000,2011-03-26,InventoryNet,2026-08-27
AMZN,netIncome,2010-12-31,416000000,2011-03-26,NetIncomeLoss,2026-08-27
AMZN,receivables,2010-12-31,1587000000,2011-03-26,AccountsReceivableNetCurrent,2026-08-27
AMZN,revenue,2010-12-31,12948000000,2011-03-26,SalesRevenueNet,2026-08-27
AMZN,shares,2010-12-31,451000000,2011-03-26,CommonStockSharesOutstanding,2026-08-27
AON,assets,2010-12-31,28982000000,2011-03-26,Assets,2026-08-27
AON,cash,2010-12-31,346000000,2011-03-26,CashAndCashEquivalentsAtCarryingValue,2026-08-27
AON,debt,2010-12-31,4014000000,2011-03-26,LongTermDebtNoncurrent,2026-08-27
AON,equity,2010-12-31,8251000000,2011-03-26,StockholdersEquity,2026-08-27
AON,liabilities,2010-12-31,20676000000,2011-03-26,Liabilities,2026-08-27
AON,netIncome,2010-12-31,231000000,2011-03-26,NetIncomeLoss,2026-08-27
AON,operatingIncome,2010-12-31,422000000,2011-03-26,OperatingIncomeLoss,2026-08-27
AON,receivables,2010-12-31,2701000000,2011-03-26,AccountsReceivableNetCurrent,2026-08-27
AON,revenue,2010-12-31,2909000000,2011-03-26,Revenues,2026-08-27
AON,shares,2010-12-31,332300000,2011-03-26,CommonStockSharesOutstanding,2026-08-27
AOS,assets,2010-12-31,2110600000,2011-03-26,Assets,2026-08-27
AOS,cash,2010-12-31,118900000,2011-03-26,CashAndCashEquivalentsAtCarryingValue,2026-08-27
AOS,debt,2010-12-31,242400000,2011-03-26,LongTermDebtNoncurrent,2026-08-27
AOS,grossProfit,2010-12-31,116300000,2011-03-26,GrossProfit,2026-08-27
AOS,inventory,2010-12-31,146800000,2011-03-26,InventoryNet,2026-08-27
AOS,liabilities,2010-12-31,1229200000,2011-03-26,Liabilities,2026-08-27
AOS,netIncome,2010-12-31,32200000,2011-03-26,NetIncomeLoss,2026-08-27
APD,assets,2010-12-31,13459700000,2011-03-26,Assets,2026-08-27
APD,capex,2010-12-31,306900000,2011-03-26,PaymentsToAcquirePropertyPlantAndEquipment,2026-08-27
APD,cash,2010-12-31,247200000,2011-03-26,CashAndCashEquivalentsAtCarryingValue,2026-08-27
APD,debt,2010-12-31,3617400000,2011-03-26,LongTermDebtNoncurrent,2026-08-27
APD,equity,2010-12-31,5810000000,2011-03-26,StockholdersEquity,2026-08-27
APD,grossProfit,2010-12-31,622900000,2011-03-26,GrossProfit,2026-08-27
APD,inventory,2010-12-31,584500000,2011-03-26,InventoryNet,2026-08-27
APD,liabilities,2010-12-31,7482500000,2011-03-26,Liabilities,2026-08-27
APD,netIncome,2010-12-31,268600000,2011-03-26,NetIncomeLoss,2026-08-27
APD,operatingCashFlow,2010-12-31,336600000,2011-03-26,NetCashProvidedByUsedInOperatingActivities,2026-08-27
APD,operatingIncome,2010-12-31,331200000,2011-03-26,OperatingIncomeLoss,2026-08-27
APD,receivables,2010-12-31,1485700000,2011-03-26,AccountsReceivableNetCurrent,2026-08-27
APD,revenue,2010-12-31,2292500000,2011-03-26,SalesRevenueNet,2026-08-27
APD,rnd,2010-12-31,29200000,2011-03-26,ResearchAndDevelopmentExpense,2026-08-27
APH,assets,2010-12-31,4015857000,2011-03-26,Assets,2026-08-27
APH,cash,2010-12-31,525888000,2011-03-26,CashAndCashEquivalentsAtCarryingValue,2026-08-27
APH,debt,2010-12-31,799640000,2011-03-26,LongTermDebtNoncurrent,2026-08-27
APH,equity,2010-12-31,2320855000,2011-03-26,StockholdersEquity,2026-08-27
APH,grossProfit,2010-12-31,310020000,2011-03-26,GrossProfit,2026-08-27
APH,inventory,2010-12-31,549169000,2011-03-26,InventoryNet,2026-08-27
APH,netIncome,2010-12-31,131113000,2011-03-26,NetIncomeLoss,2026-08-27
APH,operatingIncome,2010-12-31,190554000,2011-03-26,OperatingIncomeLoss,2026-08-27
APH,receivables,2010-12-31,718545000,2011-03-26,AccountsReceivableNetCurrent,2026-08-27
APH,shares,2010-12-31,175550683,2011-03-26,CommonStockSharesOutstanding,2026-08-27
APTV,cash,2010-12-31,3219000000,2011-03-26,CashAndCashEquivalentsAtCarryingValue,2026-08-27
ARE,assets,2010-12-31,5905861000,2011-03-26,Assets,2026-08-27
ARE,cash,2010-12-31,91232000,2011-03-26,CashAndCashEquivalentsAtCarryingValue,2026-08-27
ARE,equity,2010-12-31,2928825000,2011-03-26,StockholdersEquity,2026-08-27
ARE,liabilities,2010-12-31,2919533000,2011-03-26,Liabilities,2026-08-27
ARE,shares,2010-12-31,54966925,2011-03-26,CommonStockSharesOutstanding,2026-08-27
ATO,assets,2010-12-31,7221623,2011-03-26,Assets,2026-08-27
ATO,capex,2010-12-31,123162000,2011-03-26,PaymentsToAcquireProductiveAssets,2026-08-27
ATO,cash,2010-12-31,129892000,2011-03-26,CashAndCashEquivalentsAtCarryingValue,2026-08-27
ATO,debt,2010-12-31,1807319,2011-03-26,LongTermDebtNoncurrent,2026-08-27
ATO,equity,2010-12-31,2274853,2011-03-26,StockholdersEquity,2026-08-27
ATO,grossProfit,2010-12-31,357582000,2011-03-26,GrossProfit,2026-08-27
ATO,netIncome,2010-12-31,73997000,2011-03-26,NetIncomeLoss,2026-08-27
ATO,operatingCashFlow,2010-12-31,45824000,2011-03-26,NetCashProvidedByUsedInOperatingActivities,2026-08-27
ATO,operatingIncome,2010-12-31,150773000,2011-03-26,OperatingIncomeLoss,2026-08-27
ATO,receivables,2010-12-31,564934,2011-03-26,AccountsReceivableNetCurrent,2026-08-27
AVY,assets,2010-10-02,5213200000,2010-11-21,Assets,2026-08-27
AVY,cash,2010-10-02,157800000,2010-11-21,CashAndCashEquivalentsAtCarryingValue,2026-08-27
AVY,equity,2010-10-02,1532000000,2010-11-21,StockholdersEquity,2026-08-27
AVY,grossProfit,2010-10-02,371300000,2010-11-21,GrossProfit,2026-08-27
AVY,inventory,2010-10-02,576200000,2010-11-21,InventoryNet,2026-08-27
AVY,netIncome,2010-10-02,64200000,2010-11-21,NetIncomeLoss,2026-08-27
AVY,receivables,2010-10-02,1079200000,2010-11-21,AccountsReceivableNetCurrent,2026-08-27
AVY,revenue,2010-10-02,1429600000,2010-11-21,SalesRevenueNet,2026-08-27
AVY,rnd,2010-10-02,23400000,2010-11-21,ResearchAndDevelopmentExpense,2026-08-27
AVY,shares,2010-10-02,105833213,2010-11-21,CommonStockSharesOutstanding,2026-08-27
AWK,assets,2010-12-31,14086246000,2011-03-26,Assets,2026-08-27
AWK,cash,2010-12-31,13112000,2011-03-26,CashAndCashEquivalentsAtCarryingValue,2026-08-27
AWK,debt,2010-12-31,5394135000,2011-03-26,LongTermDebtNoncurrent,2026-08-27
AWK,equity,2010-12-31,4127725000,2011-03-26,StockholdersEquity,2026-08-27
AWK,netIncome,2010-12-31,40154000,2011-03-26,NetIncomeLoss,2026-08-27
AWK,operatingIncome,2010-12-31,149444000,2011-03-26,OperatingIncomeLoss,2026-08-27
AWK,revenue,2010-12-31,625773000,2011-03-26,Revenues,2026-08-27
AWK,shares,2010-12-31,174996000,2011-03-26,CommonStockSharesOutstanding,2026-08-27
AXON,assets,2010-12-31,136186935,2011-03-26,Assets,2026-08-27
AXON,cash,2010-12-31,42684000,2011-03-26,CashAndCashEquivalentsAtCarryingValue,2026-08-27
AXON,equity,2010-12-31,117564000,2011-03-26,StockholdersEquity,2026-08-27
AXON,inventory,2010-12-31,17815405,2011-03-26,InventoryNet,2026-08-27
AXON,liabilities,2010-12-31,18622694,2011-03-26,Liabilities,2026-08-27
AXON,receivables,2010-12-31,13542535,2011-03-26,AccountsReceivableNetCurrent,2026-08-27
AXON,shares,2010-12-31,62621268,2011-03-26,CommonStockSharesOutstanding,2026-08-27
AXP,assets,2010-12-31,146689000000,2011-03-26,Assets,2026-08-27
AXP,cash,2010-12-31,654000000,2011-03-26,CashAndCashEquivalentsAtCarryingValue,2026-08-27
AXP,debt,2010-12-31,66416000000,2011-03-26,LongTermDebt,2026-08-27
AXP,equity,2010-12-31,18794000000,2011-03-26,StockholdersEquity,2026-08-27
AXP,liabilities,2010-12-31,130459000000,2011-03-26,Liabilities,2026-08-27
AXP,netIncome,2010-12-31,1062000000,2011-03-26,NetIncomeLoss,2026-08-27
AXP,shares,2010-12-31,1197000000,2011-03-26,CommonStockSharesOutstanding,2026-08-27
AZO,assets,2010-11-20,5640489000,2011-02-13,Assets,2026-08-27
AZO,buybacks,2010-11-20,299655000,2011-02-13,PaymentsForRepurchaseOfCommonStock,2026-08-27
AZO,capex,2010-11-20,45811000,2011-02-13,PaymentsToAcquirePropertyPlantAndEquipment,2026-08-27
AZO,cash,2010-11-20,98013000,2011-02-13,CashAndCashEquivalentsAtCarryingValue,2026-08-27
AZO,debt,2010-11-20,2845700000,2011-02-13,LongTermDebtNoncurrent,2026-08-27
AZO,equity,2010-11-20,-817168000,2011-02-13,StockholdersEquity,2026-08-27
AZO,grossProfit,2010-11-20,907748000,2011-02-13,GrossProfit,2026-08-27
AZO,netIncome,2010-11-20,172076000,2011-02-13,NetIncomeLoss,2026-08-27
AZO,operatingCashFlow,2010-11-20,357353000,2011-02-13,NetCashProvidedByUsedInOperatingActivities,2026-08-27
AZO,operatingIncome,2010-11-20,306121000,2011-02-13,OperatingIncomeLoss,2026-08-27
AZO,receivables,2010-11-20,116645000,2011-02-13,AccountsReceivableNetCurrent,2026-08-27
AZO,revenue,2010-11-20,1791662000,2011-02-13,SalesRevenueNet,2026-08-27
AZO,shares,2010-11-20,44027000,2011-02-13,CommonStockSharesOutstanding,2026-08-27
BA,assets,2010-12-31,68565000000,2011-03-26,Assets,2026-08-27
BA,cash,2010-12-31,5359000000,2011-03-26,CashAndCashEquivalentsAtCarryingValue,2026-08-27
BA,equity,2010-12-31,2766000000,2011-03-26,StockholdersEquity,2026-08-27
BA,liabilities,2010-12-31,65703000000,2011-03-26,Liabilities,2026-08-27
BA,netIncome,2010-12-31,1164000000,2011-03-26,NetIncomeLoss,2026-08-27
BA,operatingIncome,2010-12-31,1103000000,2011-03-26,OperatingIncomeLoss,2026-08-27
BA,receivables,2010-12-31,5422000000,2011-03-26,AccountsReceivableNetCurrent,2026-08-27
BA,revenue,2010-12-31,16550000000,2011-03-26,Revenues,2026-08-27
BA,shares,2010-12-31,1012261159,2011-03-26,CommonStockSharesOutstanding,2026-08-27
BAC,assets,2010-12-31,2264909000000,2011-03-26,Assets,2026-08-27
BAC,cash,2010-12-31,108427000000,2011-03-26,CashAndCashEquivalentsAtCarryingValue,2026-08-27
BAC,debt,2010-12-31,448431000000,2011-03-26,LongTermDebt,2026-08-27
BAC,equity,2010-12-31,228248000000,2011-03-26,StockholdersEquity,2026-08-27
BAC,liabilities,2010-12-31,2036661000000,2011-03-26,Liabilities,2026-08-27
BAC,shares,2010-12-31,10085154806,2011-03-26,CommonStockSharesOutstanding,2026-08-27
BALL,assets,2010-12-31,6927700000,2011-03-26,Assets,2026-08-27
BALL,cash,2010-12-31,152000000,2011-03-26,CashAndCashEquivalentsAtCarryingValue,2026-08-27
BALL,debt,2010-12-31,2701600000,2011-03-26,LongTermDebtNoncurrent,2026-08-27
BALL,equity,2010-12-31,1518000000,2011-03-26,StockholdersEquity,2026-08-27
BALL,grossProfit,2010-12-31,289000000,2011-03-26,GrossProfit,2026-08-27
BALL,inventory,2010-12-31,1083900000,2011-03-26,InventoryNet,2026-08-27
BALL,liabilities,2010-12-31,5269600000,2011-03-26,Liabilities,2026-08-27
BALL,receivables,2010-12-31,774300000,2011-03-26,AccountsReceivableNetCurrent,2026-08-27
BALL,revenue,2010-12-31,1995200000,2011-03-26,SalesRevenueNet,2026-08-27
BAX,assets,2010-12-31,17489000000,2011-03-26,Assets,2026-08-27
BAX,cash,2010-12-31,2685000000,2011-03-26,CashAndCashEquivalentsAtCarryingValue,2026-08-27
BAX,equity,2010-12-31,6567000000,2011-03-26,StockholdersEquity,2026-08-27
BAX,grossProfit,2010-12-31,1618000000,2011-03-26,GrossProfit,2026-08-27
BAX,inventory,2010-12-31,2371000000,2011-03-26,InventoryNet,2026-08-27
BAX,netIncome,2010-12-31,423000000,2011-03-26,NetIncomeLoss,2026-08-27
BAX,revenue,2010-12-31,3498000000,2011-03-26,SalesRevenueNet,2026-08-27
BBY,assets,2010-11-27,22352000000,2011-02-20,Assets,2026-08-27
BBY,cash,2010-11-27,925000000,2011-02-20,CashAndCashEquivalentsAtCarryingValue,2026-08-27
BBY,debt,2010-11-27,1134000000,2011-02-20,LongTermDebt,2026-08-27
BBY,equity,2010-11-27,6001000000,2011-02-20,StockholdersEquity,2026-08-27
BBY,grossProfit,2010-11-27,2962000000,2011-02-20,GrossProfit,2026-08-27
BBY,inventory,2010-11-27,10064000000,2011-02-20,InventoryNet,2026-08-27
BBY,netIncome,2010-11-27,217000000,2011-02-20,NetIncomeLoss,2026-08-27
BBY,operatingIncome,2010-11-27,433000000,2011-02-20,OperatingIncomeLoss,2026-08-27
BBY,revenue,2010-11-27,11774000000,2011-02-20,SalesRevenueNet,2026-08-27
BBY,shares,2010-11-27,394067000,2011-02-20,CommonStockSharesOutstanding,2026-08-27
BDX,assets,2010-12-31,10071270000,2011-03-26,Assets,2026-08-27
BDX,buybacks,2010-12-31,836891000,2011-03-26,PaymentsForRepurchaseOfCommonStock,2026-08-27
BDX,capex,2010-12-31,79842000,2011-03-26,PaymentsToAcquirePropertyPlantAndEquipment,2026-08-27
BDX,cash,2010-12-31,1249355000,2011-03-26,CashAndCashEquivalentsAtCarryingValue,2026-08-27
BDX,equity,2010-12-31,4877933000,2011-03-26,StockholdersEquity,2026-08-27
BDX,inventory,2010-12-31,1195477000,2011-03-26,InventoryNet,2026-08-27
BDX,operatingCashFlow,2010-12-31,469743000,2011-03-26,NetCashProvidedByUsedInOperatingActivitiesContinuingOperations,2026-08-27
BDX,operatingIncome,2010-12-31,413078000,2011-03-26,OperatingIncomeLoss,2026-08-27
BDX,revenue,2010-12-31,1842005000,2011-03-26,SalesRevenueNet,2026-08-27
BDX,rnd,2010-12-31,115542000,2011-03-26,ResearchAndDevelopmentExpense,2026-08-27
BEN,assets,2010-12-31,12391955000,2011-03-26,Assets,2026-08-27
BEN,buybacks,2010-12-31,198536000,2011-03-26,PaymentsForRepurchaseOfCommonStock,2026-08-27
BEN,capex,2010-12-31,54003000,2011-03-26,PaymentsToAcquirePropertyPlantAndEquipment,2026-08-27
BEN,cash,2010-12-31,4101724000,2011-03-26,CashAndCashEquivalentsAtCarryingValue,2026-08-27
BEN,debt,2010-12-31,898971000,2011-03-26,LongTermDebt,2026-08-27
BEN,equity,2010-12-31,8129728000,2011-03-26,StockholdersEquity,2026-08-27
BEN,liabilities,2010-12-31,4238432000,2011-03-26,Liabilities,2026-08-27
BEN,netIncome,2010-12-31,501157000,2011-03-26,NetIncomeLoss,2026-08-27
BEN,operatingCashFlow,2010-12-31,245776000,2011-03-26,NetCashProvidedByUsedInOperatingActivities,2026-08-27
BEN,operatingIncome,2010-12-31,659234000,2011-03-26,OperatingIncomeLoss,2026-08-27
BEN,revenue,2010-12-31,1700313000,2011-03-26,Revenues,2026-08-27
BEN,shares,2010-12-31,223293744,2011-03-26,CommonStockSharesOutstanding,2026-08-27
BF-B,assets,2010-10-31,3440100000,2010-12-20,Assets,2026-08-27
BF-B,cash,2010-10-31,155700000,2010-12-20,CashAndCashEquivalentsAtCarryingValue,2026-08-27
BF-B,debt,2010-10-31,508500000,2010-12-20,LongTermDebtNoncurrent,2026-08-27
BF-B,equity,2010-10-31,1975400000,2010-12-20,StockholdersEquity,2026-08-27
BF-B,grossProfit,2010-10-31,458800000,2010-12-20,GrossProfit,2026-08-27
BF-B,inventory,2010-10-31,698900000,2010-12-20,InventoryNet,2026-08-27
BF-B,liabilities,2010-10-31,1464700000,2010-12-20,Liabilities,2026-08-27
BF-B,netIncome,2010-10-31,154000000,2010-12-20,NetIncomeLoss,2026-08-27
BF-B,operatingIncome,2010-10-31,235000000,2010-12-20,OperatingIncomeLoss,2026-08-27
BF-B,receivables,2010-10-31,544000000,2010-12-20,AccountsReceivableNetCurrent,2026-08-27
BIIB,assets,2010-12-31,8092493000,2011-03-26,Assets,2026-08-27
BIIB,cash,2010-12-31,759598000,2011-03-26,CashAndCashEquivalentsAtCarryingValue,2026-08-27
BIIB,debt,2010-12-31,1035200000,2011-03-26,LongTermDebt,2026-08-27
BIIB,equity,2010-12-31,5396506000,2011-03-26,StockholdersEquity,2026-08-27
BIIB,grossProfit,2010-12-31,1118800000,2011-03-26,GrossProfit,2026-08-27
BIIB,inventory,2010-12-31,289066000,2011-03-26,InventoryNet,2026-08-27
BIIB,liabilities,2010-12-31,2643050000,2011-03-26,Liabilities,2026-08-27
BIIB,netIncome,2010-12-31,240300000,2011-03-26,NetIncomeLoss,2026-08-27
BIIB,receivables,2010-12-31,605329000,2011-03-26,AccountsReceivableNetCurrent,2026-08-27
BIIB,revenue,2010-12-31,1219000000,2011-03-26,Revenues,2026-08-27
BIIB,shares,2010-12-31,240538000,2011-03-26,CommonStockSharesOutstanding,2026-08-27
BKNG,assets,2010-12-31,2905953000,2011-03-26,Assets,2026-08-27
BKNG,cash,2010-12-31,358967000,2011-03-26,CashAndCashEquivalentsAtCarryingValue,2026-08-27
BKNG,equity,2010-12-31,1813336000,2011-03-26,StockholdersEquity,2026-08-27
BKNG,grossProfit,2010-12-31,478413000,2011-03-26,GrossProfit,2026-08-27
BKNG,liabilities,2010-12-31,1046828000,2011-03-26,Liabilities,2026-08-27
BKNG,netIncome,2010-12-31,135729000,2011-03-26,NetIncomeLoss,2026-08-27
BKNG,receivables,2010-12-31,162426000,2011-03-26,AccountsReceivableNetCurrent,2026-08-27
BKNG,revenue,2010-12-31,731316000,2011-03-26,SalesRevenueNet,2026-08-27
BLDR,assets,2010-12-31,412804000,2011-03-26,Assets,2026-08-27
BLDR,cash,2010-12-31,103234000,2011-03-26,CashAndCashEquivalentsAtCarryingValue,2026-08-27
BLDR,debt,2010-12-31,163801000,2011-03-26,LongTermDebtNoncurrent,2026-08-27
BLDR,equity,2010-12-31,159505000,2011-03-26,StockholdersEquity,2026-08-27
BLDR,inventory,2010-12-31,63810000,2011-03-26,InventoryNet,2026-08-27
BLDR,liabilities,2010-12-31,253299000,2011-03-26,Liabilities,2026-08-27
BLDR,receivables,2010-12-31,59691000,2011-03-26,AccountsReceivableNetCurrent,2026-08-27
BLDR,shares,2010-12-31,96769000,2011-03-26,CommonStockSharesOutstanding,2026-08-27
BMY,assets,2010-12-31,31076000000,2011-03-26,Assets,2026-08-27
BMY,cash,2010-12-31,5033000000,2011-03-26,CashAndCashEquivalentsAtCarryingValue,2026-08-27
BMY,debt,2010-12-31,5328000000,2011-03-26,LongTermDebtNoncurrent,2026-08-27
BMY,equity,2010-12-31,15713000000,2011-03-26,StockholdersEquity,2026-08-27
BMY,grossProfit,2010-12-31,3697000000,2011-03-26,GrossProfit,2026-08-27
BMY,inventory,2010-12-31,1204000000,2011-03-26,InventoryNet,2026-08-27
BMY,liabilities,2010-12-31,15438000000,2011-03-26,Liabilities,2026-08-27
BMY,netIncome,2010-12-31,483000000,2011-03-26,NetIncomeLoss,2026-08-27
BMY,receivables,2010-12-31,1985000000,2011-03-26,AccountsReceivableNetCurrent,2026-08-27
BMY,revenue,2010-12-31,5111000000,2011-03-26,SalesRevenueNet,2026-08-27
BNY,assets,2010-12-31,247259000000,2011-03-26,Assets,2026-08-27
BNY,cash,2010-12-31,3675000000,2011-03-26,CashAndCashEquivalentsAtCarryingValue,2026-08-27
BNY,debt,2010-12-31,16517000000,2011-03-26,LongTermDebt,2026-08-27
BNY,equity,2010-12-31,32354000000,2011-03-26,StockholdersEquity,2026-08-27
BNY,liabilities,2010-12-31,214102000000,2011-03-26,Liabilities,2026-08-27
BNY,revenue,2010-12-31,3737000000,2011-03-26,Revenues,2026-08-27
BNY,shares,2010-12-31,1241530195,2011-03-26,CommonStockSharesOutstanding,2026-08-27
BR,assets,2010-12-31,1515000000,2011-03-26,Assets,2026-08-27
BR,cash,2010-12-31,187800000,2011-03-26,CashAndCashEquivalentsAtCarryingValue,2026-08-27
BR,debt,2010-12-31,324200000,2011-03-26,LongTermDebt,2026-08-27
BR,equity,2010-12-31,728700000,2011-03-26,StockholdersEquity,2026-08-27
BR,grossProfit,2010-12-31,85700000,2011-03-26,GrossProfit,2026-08-27
BR,liabilities,2010-12-31,786300000,2011-03-26,Liabilities,2026-08-27
BR,netIncome,2010-12-31,10400000,2011-03-26,NetIncomeLoss,2026-08-27
BR,operatingIncome,2010-12-31,16500000,2011-03-26,OperatingIncomeLoss,2026-08-27
BR,revenue,2010-12-31,442300000,2011-03-26,Revenues,2026-08-27
BR,shares,2010-12-31,124900000,2011-03-26,CommonStockSharesOutstanding,2026-08-27
BRK-B,assets,2010-12-31,372229000000,2011-03-26,Assets,2026-08-27
BRK-B,cash,2010-12-31,38227000000,2011-03-26,CashAndCashEquivalentsAtCarryingValue,2026-08-27
BRK-B,equity,2010-12-31,157318000000,2011-03-26,StockholdersEquity,2026-08-27
BRK-B,inventory,2010-12-31,7101000000,2011-03-26,InventoryNet,2026-08-27
BRK-B,liabilities,2010-12-31,209295000000,2011-03-26,Liabilities,2026-08-27
BRK-B,netIncome,2010-12-31,4377000000,2011-03-26,NetIncomeLoss,2026-08-27
BRK-B,revenue,2010-12-31,36165000000,2011-03-26,Revenues,2026-08-27
BRO,assets,2010-12-31,2400814000,2011-03-26,Assets,2026-08-27
BRO,cash,2010-12-31,272984000,2011-03-26,CashAndCashEquivalentsAtCarryingValue,2026-08-27
BRO,debt,2010-12-31,250067000,2011-03-26,LongTermDebtNoncurrent,2026-08-27
BRO,equity,2010-12-31,1506344000,2011-03-26,StockholdersEquity,2026-08-27
BRO,netIncome,2010-12-31,32146000,2011-03-26,NetIncomeLoss,2026-08-27
BRO,revenue,2010-12-31,229938000,2011-03-26,Revenues,2026-08-27
BRO,shares,2010-12-31,142795000,2011-03-26,CommonStockSharesOutstanding,2026-08-27
BSX,assets,2010-12-31,22128000000,2011-03-26,Assets,2026-08-27
BSX,cash,2010-12-31,213000000,2011-03-26,CashAndCashEquivalentsAtCarryingValue,2026-08-27
BSX,debt,2010-12-31,5450000000,2011-03-26,LongTermDebt,2026-08-27
BSX,grossProfit,2010-12-31,1342000000,2011-03-26,GrossProfit,2026-08-27
BSX,inventory,2010-12-31,894000000,2011-03-26,InventoryNet,2026-08-27
BSX,operatingIncome,2010-12-31,349000000,2011-03-26,OperatingIncomeLoss,2026-08-27
BSX,revenue,2010-12-31,2002000000,2011-03-26,SalesRevenueNet,2026-08-27
BSX,shares,2010-12-31,1520780112,2011-03-26,CommonStockSharesOutstanding,2026-08-27
BX,assets,2010-12-31,18844605000,2011-03-26,Assets,2026-08-27
BX,cash,2010-12-31,588621000,2011-03-26,CashAndCashEquivalentsAtCarryingValue,2026-08-27
BX,liabilities,2010-12-31,10591248000,2011-03-26,Liabilities,2026-08-27
BX,revenue,2010-12-31,1084015000,2011-03-26,Revenues,2026-08-27
BXP,assets,2010-12-31,13348263000,2011-03-26,Assets,2026-08-27
BXP,cash,2010-12-31,478948000,2011-03-26,CashAndCashEquivalentsAtCarryingValue,2026-08-27
BXP,equity,2010-12-31,4372643000,2011-03-26,StockholdersEquity,2026-08-27
BXP,liabilities,2010-12-31,8328418000,2011-03-26,Liabilities,2026-08-27
BXP,netIncome,2010-12-31,-12903000,2011-03-26,NetIncomeLoss,2026-08-27
BXP,revenue,2010-12-31,392482000,2011-03-26,Revenues,2026-08-27
BXP,shares,2010-12-31,140199105,2011-03-26,CommonStockSharesOutstanding,2026-08-27
C,assets,2010-12-31,1913902000000,2011-03-26,Assets,2026-08-27
C,debt,2010-12-31,381183000000,2011-03-26,LongTermDebt,2026-08-27
C,equity,2010-12-31,163468000000,2011-03-26,StockholdersEquity,2026-08-27
C,liabilities,2010-12-31,1748113000000,2011-03-26,Liabilities,2026-08-27
C,netIncome,2010-12-31,1309000000,2011-03-26,NetIncomeLoss,2026-08-27
C,revenue,2010-12-31,18371000000,2011-03-26,Revenues,2026-08-27
CAH,assets,2010-12-31,22849700000,2011-03-26,Assets,2026-08-27
CAH,cash,2010-12-31,1348000000,2011-03-26,CashAndCashEquivalentsAtCarryingValue,2026-08-27
CAH,debt,2010-12-31,2670100000,2011-03-26,LongTermDebt,2026-08-27
CAH,equity,2010-12-31,5421400000,2011-03-26,StockholdersEquity,2026-08-27
CAH,grossProfit,2010-12-31,994200000,2011-03-26,GrossProfit,2026-08-27
CAH,inventory,2010-12-31,8314200000,2011-03-26,InventoryNet,2026-08-27
CAH,netIncome,2010-12-31,215400000,2011-03-26,NetIncomeLoss,2026-08-27
CAH,operatingIncome,2010-12-31,343900000,2011-03-26,OperatingIncomeLoss,2026-08-27
CAH,revenue,2010-12-31,25371800000,2011-03-26,Revenues,2026-08-27
CASY,assets,2010-10-31,1503503000,2010-12-20,Assets,2026-08-27
CASY,cash,2010-10-31,188267000,2010-12-20,CashAndCashEquivalentsAtCarryingValue,2026-08-27
CASY,debt,2010-10-31,679159000,2010-12-20,LongTermDebtNoncurrent,2026-08-27
CASY,equity,2010-10-31,376721000,2010-12-20,StockholdersEquity,2026-08-27
CASY,grossProfit,2010-10-31,227377000,2010-12-20,GrossProfit,2026-08-27
CASY,inventory,2010-10-31,122348000,2010-12-20,InventoryNet,2026-08-27
CASY,liabilities,2010-10-31,1126782000,2010-12-20,Liabilities,2026-08-27
CASY,netIncome,2010-10-31,21692000,2010-12-20,NetIncomeLoss,2026-08-27
CASY,revenue,2010-10-31,1349519000,2010-12-20,SalesRevenueNet,2026-08-27
CAT,assets,2010-12-31,64020000000,2011-03-26,Assets,2026-08-27
CAT,debt,2010-12-31,20437000000,2011-03-26,LongTermDebtNoncurrent,2026-08-27
CAT,grossProfit,2010-12-31,2792000000,2011-03-26,GrossProfit,2026-08-27
CAT,inventory,2010-12-31,9587000000,2011-03-26,InventoryNet,2026-08-27
CAT,liabilities,2010-12-31,52695000000,2011-03-26,Liabilities,2026-08-27
CAT,netIncome,2010-12-31,968000000,2011-03-26,NetIncomeLoss,2026-08-27
CAT,receivables,2010-12-31,8494000000,2011-03-26,AccountsReceivableNetCurrent,2026-08-27
CAT,revenue,2010-12-31,12807000000,2011-03-26,Revenues,2026-08-27
CAT,shares,2010-12-31,638800000,2011-03-26,CommonStockSharesOutstanding,2026-08-27
CB,assets,2010-12-31,83355000000,2011-03-26,Assets,2026-08-27
CB,cash,2010-12-31,772000000,2011-03-26,CashAndCashEquivalentsAtCarryingValue,2026-08-27
CB,debt,2010-12-31,3358000000,2011-03-26,LongTermDebt,2026-08-27
CB,liabilities,2010-12-31,60381000000,2011-03-26,Liabilities,2026-08-27
CB,netIncome,2010-12-31,1001000000,2011-03-26,NetIncomeLoss,2026-08-27
CB,revenue,2010-12-31,4409000000,2011-03-26,Revenues,2026-08-27
CB,shares,2010-12-31,334942852,2011-03-26,CommonStockSharesOutstanding,2026-08-27
CBOE,assets,2010-12-31,254112000,2011-03-26,Assets,2026-08-27
CBOE,cash,2010-12-31,53789000,2011-03-26,CashAndCashEquivalentsAtCarryingValue,2026-08-27
CBOE,liabilities,2010-12-31,78238000,2011-03-26,Liabilities,2026-08-27
CBOE,operatingIncome,2010-12-31,51853000,2011-03-26,OperatingIncomeLoss,2026-08-27
CBOE,receivables,2010-12-31,37746000,2011-03-26,AccountsReceivableNetCurrent,2026-08-27
CBOE,revenue,2010-12-31,117390000,2011-03-26,Revenues,2026-08-27
CBRE,assets,2010-12-31,5121568000,2011-03-26,Assets,2026-08-27
CBRE,cash,2010-12-31,506574000,2011-03-26,CashAndCashEquivalentsAtCarryingValue,2026-08-27
CBRE,debt,2010-12-31,1390236000,2011-03-26,LongTermDebtNoncurrent,2026-08-27
CBRE,equity,2010-12-31,908215000,2011-03-26,StockholdersEquity,2026-08-27
CBRE,liabilities,2010-12-31,4055773000,2011-03-26,Liabilities,2026-08-27
CBRE,netIncome,2010-12-31,95144000,2011-03-26,NetIncomeLoss,2026-08-27
CBRE,operatingIncome,2010-12-31,172933000,2011-03-26,OperatingIncomeLoss,2026-08-27
CBRE,revenue,2010-12-31,1651296000,2011-03-26,Revenues,2026-08-27
CBRE,shares,2010-12-31,323594919,2011-03-26,CommonStockSharesOutstanding,2026-08-27
CCI,assets,2010-12-31,10469529000,2011-03-26,Assets,2026-08-27
CCI,cash,2010-12-31,112531000,2011-03-26,CashAndCashEquivalentsAtCarryingValue,2026-08-27
CCI,equity,2010-12-31,2445373000,2011-03-26,StockholdersEquity,2026-08-27
CCI,liabilities,2010-12-31,7707954000,2011-03-26,Liabilities,2026-08-27
CCI,netIncome,2010-12-31,40873000,2011-03-26,NetIncomeLoss,2026-08-27
CCI,operatingIncome,2010-12-31,156152000,2011-03-26,OperatingIncomeLoss,2026-08-27
CCI,receivables,2010-12-31,59912000,2011-03-26,AccountsReceivableNetCurrent,2026-08-27
CCI,revenue,2010-12-31,496314000,2011-03-26,SalesRevenueNet,2026-08-27
CCI,shares,2010-12-31,290826284,2011-03-26,CommonStockSharesOutstanding,2026-08-27
CCL,assets,2010-11-30,37490000000,2011-02-23,Assets,2026-08-27
CCL,cash,2010-11-30,429000000,2011-02-23,CashAndCashEquivalentsAtCarryingValue,2026-08-27
CCL,debt,2010-11-30,8011000000,2011-02-23,LongTermDebtNoncurrent,2026-08-27
CCL,equity,2010-11-30,23031000000,2011-02-23,StockholdersEquity,2026-08-27
CCL,inventory,2010-11-30,320000000,2011-02-23,InventoryNet,2026-08-27
CDNS,assets,2010-10-02,1705948000,2010-11-21,Assets,2026-08-27
CDNS,cash,2010-10-02,509035000,2010-11-21,CashAndCashEquivalentsAtCarryingValue,2026-08-27
CDNS,equity,2010-10-02,295987000,2010-11-21,StockholdersEquity,2026-08-27
CDNS,inventory,2010-10-02,28486000,2010-11-21,InventoryNet,2026-08-27
CDNS,netIncome,2010-10-02,126753000,2010-11-21,NetIncomeLoss,2026-08-27
CDNS,operatingIncome,2010-10-02,-3083000,2010-11-21,OperatingIncomeLoss,2026-08-27
CDNS,revenue,2010-10-02,237934000,2010-11-21,SalesRevenueNet,2026-08-27
CDW,assets,2010-12-31,5943800000,2011-03-26,Assets,2026-08-27
CDW,cash,2010-12-31,36600000,2011-03-26,CashAndCashEquivalentsAtCarryingValue,2026-08-27
CDW,equity,2010-12-31,-43500000,2011-03-26,StockholdersEquity,2026-08-27
CDW,inventory,2010-12-31,292800000,2011-03-26,InventoryNet,2026-08-27
CDW,receivables,2010-12-31,1091500000,2011-03-26,AccountsReceivableNetCurrent,2026-08-27
CF,assets,2010-12-31,8754000000,2011-03-26,Assets,2026-08-27
CF,cash,2010-12-31,797700000,2011-03-26,CashAndCashEquivalentsAtCarryingValue,2026-08-27
CF,debt,2010-12-31,1954100000,2011-03-26,LongTermDebtNoncurrent,2026-08-27
CF,equity,2010-12-31,4050400000,2011-03-26,StockholdersEquity,2026-08-27
CF,grossProfit,2010-12-31,483900000,2011-03-26,GrossProfit,2026-08-27
CF,inventory,2010-12-31,270300000,2011-03-26,InventoryNet,2026-08-27
CF,revenue,2010-12-31,1237600000,2011-03-26,SalesRevenueNet,2026-08-27
CF,shares,2010-12-31,71267185,2011-03-26,CommonStockSharesOutstanding,2026-08-27
CHD,assets,2010-12-31,2945200000,2011-03-26,Assets,2026-08-27
CHD,cash,2010-12-31,189200000,2011-03-26,CashAndCashEquivalentsAtCarryingValue,2026-08-27
CHD,debt,2010-12-31,249700000,2011-03-26,LongTermDebtNoncurrent,2026-08-27
CHD,equity,2010-12-31,1870700000,2011-03-26,StockholdersEquity,2026-08-27
CHD,grossProfit,2010-12-31,292400000,2011-03-26,GrossProfit,2026-08-27
CHD,inventory,2010-12-31,195400000,2011-03-26,InventoryNet,2026-08-27
CHD,liabilities,2010-12-31,1074300000,2011-03-26,Liabilities,2026-08-27
CHD,netIncome,2010-12-31,47000000,2011-03-26,NetIncomeLoss,2026-08-27
CHD,operatingIncome,2010-12-31,80000000,2011-03-26,OperatingIncomeLoss,2026-08-27
CHD,receivables,2010-12-31,231100000,2011-03-26,AccountsReceivableNetCurrent,2026-08-27
CHD,rnd,2010-10-01,13100000,2010-11-20,ResearchAndDevelopmentExpense,2026-08-27
CHRW,assets,2010-12-31,1995699000,2011-03-26,Assets,2026-08-27
CHRW,cash,2010-12-31,398607000,2011-03-26,CashAndCashEquivalentsAtCarryingValue,2026-08-27
CHRW,equity,2010-12-31,1204068000,2011-03-26,StockholdersEquity,2026-08-27
CHRW,liabilities,2010-12-31,791631000,2011-03-26,Liabilities,2026-08-27
CHRW,netIncome,2010-12-31,103161000,2011-03-26,NetIncomeLoss,2026-08-27
CHRW,operatingIncome,2010-12-31,164065000,2011-03-26,OperatingIncomeLoss,2026-08-27
CHRW,revenue,2010-12-31,2325349000,2011-03-26,Revenues,2026-08-27
CHRW,shares,2010-12-31,166048000,2011-03-26,CommonStockSharesOutstanding,2026-08-27
CHTR,assets,2010-12-31,15707000000,2011-03-26,Assets,2026-08-27
CHTR,cash,2010-12-31,4000000,2011-03-26,CashAndCashEquivalentsAtCarryingValue,2026-08-27
CHTR,debt,2010-12-31,12306000000,2011-03-26,LongTermDebtNoncurrent,2026-08-27
CHTR,equity,2010-12-31,1478000000,2011-03-26,StockholdersEquity,2026-08-27
CHTR,receivables,2010-12-31,247000000,2011-03-26,AccountsReceivableNetCurrent,2026-08-27
CIEN,assets,2010-10-31,2118093000,2010-12-20,Assets,2026-08-27
CIEN,cash,2010-10-31,688687000,2010-12-20,CashAndCashEquivalentsAtCarryingValue,2026-08-27
CIEN,equity,2010-10-31,159293000,2010-12-20,StockholdersEquity,2026-08-27
CIEN,inventory,2010-10-31,261619000,2010-12-20,InventoryNet,2026-08-27
CIEN,liabilities,2010-10-31,1958800000,2010-12-20,Liabilities,2026-08-27
CIEN,receivables,2010-10-31,343582000,2010-12-20,AccountsReceivableNetCurrent,2026-08-27
CIEN,shares,2010-10-31,94060300,2010-12-20,CommonStockSharesOutstanding,2026-08-27
CINF,assets,2010-12-31,15095000000,2011-03-26,Assets,2026-08-27
CINF,cash,2010-12-31,385000000,2011-03-26,CashAndCashEquivalentsAtCarryingValue,2026-08-27
CINF,debt,2010-12-31,790000000,2011-03-26,LongTermDebt,2026-08-27
CINF,equity,2010-12-31,5012000000,2011-03-26,StockholdersEquity,2026-08-27
CINF,liabilities,2010-12-31,10063000000,2011-03-26,Liabilities,2026-08-27
CL,assets,2010-12-31,11172000000,2011-03-26,Assets,2026-08-27
CL,cash,2010-12-31,490000000,2011-03-26,CashAndCashEquivalentsAtCarryingValue,2026-08-27
CL,debt,2010-12-31,2815000000,2011-03-26,LongTermDebtNoncurrent,2026-08-27
CL,equity,2010-12-31,2675000000,2011-03-26,StockholdersEquity,2026-08-27
CL,grossProfit,2010-12-31,2350000000,2011-03-26,GrossProfit,2026-08-27
CL,inventory,2010-12-31,1222000000,2011-03-26,InventoryNet,2026-08-27
CL,liabilities,2010-12-31,8355000000,2011-03-26,Liabilities,2026-08-27
CL,netIncome,2010-12-31,624000000,2011-03-26,NetIncomeLoss,2026-08-27
CL,receivables,2010-12-31,1610000000,2011-03-26,AccountsReceivableNetCurrent,2026-08-27
CL,revenue,2010-12-31,3978000000,2011-03-26,SalesRevenueNet,2026-08-27
CL,shares,2010-12-31,989700934,2011-03-26,CommonStockSharesOutstanding,2026-08-27
CLX,assets,2010-12-31,4158000000,2011-03-26,Assets,2026-08-27
CLX,cash,2010-12-31,379000000,2011-03-26,CashAndCashEquivalentsAtCarryingValue,2026-08-27
CLX,debt,2010-12-31,2125000000,2011-03-26,LongTermDebtNoncurrent,2026-08-27
CLX,equity,2010-12-31,124000000,2011-03-26,StockholdersEquity,2026-08-27
CLX,grossProfit,2010-12-31,492000000,2011-03-26,GrossProfit,2026-08-27
CLX,inventory,2010-12-31,412000000,2011-03-26,InventoryNet,2026-08-27
CLX,liabilities,2010-12-31,4034000000,2011-03-26,Liabilities,2026-08-27
CLX,netIncome,2010-12-31,21000000,2011-03-26,NetIncomeLoss,2026-08-27
CLX,revenue,2010-12-31,1179000000,2011-03-26,SalesRevenueNet,2026-08-27
CLX,rnd,2010-12-31,28000000,2011-03-26,ResearchAndDevelopmentExpense,2026-08-27
CLX,shares,2010-12-31,137610515,2011-03-26,CommonStockSharesOutstanding,2026-08-27
CMCSA,assets,2010-12-31,118534000000,2011-03-26,Assets,2026-08-27
CMCSA,cash,2010-12-31,5984000000,2011-03-26,CashAndCashEquivalentsAtCarryingValue,2026-08-27
CMCSA,equity,2010-12-31,44354000000,2011-03-26,StockholdersEquity,2026-08-27
CMCSA,netIncome,2010-12-31,1018000000,2011-03-26,NetIncomeLoss,2026-08-27
CMCSA,operatingIncome,2010-12-31,2013000000,2011-03-26,OperatingIncomeLoss,2026-08-27
CMCSA,receivables,2010-12-31,1855000000,2011-03-26,AccountsReceivableNetCurrent,2026-08-27
CMCSA,revenue,2010-12-31,9721000000,2011-03-26,Revenues,2026-08-27
CME,assets,2010-12-31,35046100000,2011-03-26,Assets,2026-08-27
CME,cash,2010-12-31,855200000,2011-03-26,CashAndCashEquivalentsAtCarryingValue,2026-08-27
CME,equity,2010-12-31,20060100000,2011-03-26,StockholdersEquity,2026-08-27
CME,liabilities,2010-12-31,14917900000,2011-03-26,Liabilities,2026-08-27
CME,netIncome,2010-12-31,196200000,2011-03-26,NetIncomeLoss,2026-08-27
CME,operatingIncome,2010-12-31,458400000,2011-03-26,OperatingIncomeLoss,2026-08-27
CME,receivables,2010-12-31,297500000,2011-03-26,AccountsReceivableNetCurrent,2026-08-27
CME,revenue,2010-12-31,763200000,2011-03-26,Revenues,2026-08-27
CMG,assets,2010-12-31,1121605000,2011-03-26,Assets,2026-08-27
CMG,cash,2010-12-31,224838000,2011-03-26,CashAndCashEquivalentsAtCarryingValue,2026-08-27
CMG,equity,2010-12-31,810873000,2011-03-26,StockholdersEquity,2026-08-27
CMG,inventory,2010-12-31,7098000,2011-03-26,InventoryNet,2026-08-27
CMG,liabilities,2010-12-31,310732000,2011-03-26,Liabilities,2026-08-27
CMG,netIncome,2010-12-31,46445000,2011-03-26,NetIncomeLoss,2026-08-27
CMG,operatingIncome,2010-12-31,73992000,2011-03-26,OperatingIncomeLoss,2026-08-27
CMG,receivables,2010-12-31,5658000,2011-03-26,AccountsReceivableNetCurrent,2026-08-27
CMI,assets,2010-12-31,10402000000,2011-03-26,Assets,2026-08-27
CMI,cash,2010-12-31,1023000000,2011-03-26,CashAndCashEquivalentsAtCarryingValue,2026-08-27
CMI,debt,2010-12-31,636000000,2011-03-26,LongTermDebt,2026-08-27
CMI,equity,2010-12-31,4670000000,2011-03-26,StockholdersEquity,2026-08-27
CMI,inventory,2010-12-31,1977000000,2011-03-26,InventoryNet,2026-08-27
CMI,liabilities,2010-12-31,5406000000,2011-03-26,Liabilities,2026-08-27
CMS,assets,2010-12-31,15616000000,2011-03-26,Assets,2026-08-27
CMS,cash,2010-12-31,247000000,2011-03-26,CashAndCashEquivalentsAtCarryingValue,2026-08-27
CMS,debt,2010-12-31,6448000000,2011-03-26,LongTermDebtNoncurrent,2026-08-27
CMS,equity,2010-12-31,2793000000,2011-03-26,StockholdersEquity,2026-08-27
CMS,netIncome,2010-12-31,25000000,2011-03-26,NetIncomeLoss,2026-08-27
CMS,operatingIncome,2010-12-31,158000000,2011-03-26,OperatingIncomeLoss,2026-08-27
CMS,receivables,2010-12-31,981000000,2011-03-26,AccountsReceivableNetCurrent,2026-08-27
CMS,revenue,2010-12-31,1682000000,2011-03-26,Revenues,2026-08-27
CMS,shares,2010-12-31,249600000,2011-03-26,CommonStockSharesOutstanding,2026-08-27
CNC,assets,2010-12-31,1943882000,2011-03-26,Assets,2026-08-27
CNC,cash,2010-12-31,433914000,2011-03-26,CashAndCashEquivalentsAtCarryingValue,2026-08-27
CNC,debt,2010-12-31,327824000,2011-03-26,LongTermDebtNoncurrent,2026-08-27
CNC,equity,2010-12-31,793939000,2011-03-26,StockholdersEquity,2026-08-27
CNC,liabilities,2010-12-31,1146827000,2011-03-26,Liabilities,2026-08-27
CNC,netIncome,2010-12-31,25399000,2011-03-26,NetIncomeLoss,2026-08-27
CNC,revenue,2010-12-31,1180969000,2011-03-26,Revenues,2026-08-27
CNC,shares,2010-12-31,49616824,2011-03-26,CommonStockSharesOutstanding,2026-08-27
CNP,assets,2010-12-31,20111000000,2011-03-26,Assets,2026-08-27
CNP,cash,2010-12-31,199000000,2011-03-26,CashAndCashEquivalentsAtCarryingValue,2026-08-27
CNP,debt,2010-12-31,9001000000,2011-03-26,LongTermDebtNoncurrent,2026-08-27
CNP,equity,2010-12-31,3198000000,2011-03-26,StockholdersEquity,2026-08-27
CNP,inventory,2010-12-31,375000000,2011-03-26,InventoryNet,2026-08-27
CNP,netIncome,2010-12-31,124000000,2011-03-26,NetIncomeLoss,2026-08-27
CNP,operatingIncome,2010-12-31,302000000,2011-03-26,OperatingIncomeLoss,2026-08-27
CNP,receivables,2010-12-31,835000000,2011-03-26,AccountsReceivableNetCurrent,2026-08-27
CNP,revenue,2010-12-31,2098000000,2011-03-26,Revenues,2026-08-27
CNP,shares,2010-12-31,424746177,2011-03-26,CommonStockSharesOutstanding,2026-08-27
COF,assets,2010-12-31,197503000000,2011-03-26,Assets,2026-08-27
COF,debt,2010-12-31,40272000000,2011-03-26,LongTermDebt,2026-08-27
COF,equity,2010-12-31,26541000000,2011-03-26,StockholdersEquity,2026-08-27
COF,liabilities,2010-12-31,170962000000,2011-03-26,Liabilities,2026-08-27
COHR,assets,2010-12-31,566835000,2011-03-26,Assets,2026-08-27
COHR,capex,2010-12-31,9387000,2011-03-26,PaymentsToAcquirePropertyPlantAndEquipment,2026-08-27
COHR,cash,2010-12-31,119274000,2011-03-26,CashAndCashEquivalentsAtCarryingValue,2026-08-27
COHR,equity,2010-12-31,461402000,2011-03-26,StockholdersEquity,2026-08-27
COHR,inventory,2010-12-31,100953000,2011-03-26,InventoryNet,2026-08-27
COHR,liabilities,2010-12-31,104844000,2011-03-26,Liabilities,2026-08-27
COHR,netIncome,2010-12-31,19157000,2011-03-26,NetIncomeLoss,2026-08-27
COHR,receivables,2010-12-31,85432000,2011-03-26,AccountsReceivableNetCurrent,2026-08-27
COHR,revenue,2010-12-31,120887000,2011-03-26,Revenues,2026-08-27
COHR,rnd,2010-12-31,3357000,2011-03-26,ResearchAndDevelopmentExpense,2026-08-27
COO,assets,2010-10-31,2525018000,2010-12-20,Assets,2026-08-27
COO,cash,2010-10-31,3573000,2010-12-20,CashAndCashEquivalentsAtCarryingValue,2026-08-27
COO,debt,2010-10-31,591977000,2010-12-20,LongTermDebtNoncurrent,2026-08-27
COO,equity,2010-10-31,1666776000,2010-12-20,StockholdersEquity,2026-08-27
COO,grossProfit,2010-10-31,187481000,2010-12-20,GrossProfit,2026-08-27
COO,inventory,2010-10-31,227902000,2010-12-20,InventoryNet,2026-08-27
COO,liabilities,2010-10-31,858242000,2010-12-20,Liabilities,2026-08-27
COO,netIncome,2010-10-31,48197000,2010-12-20,NetIncomeLoss,2026-08-27
COO,receivables,2010-10-31,197490000,2010-12-20,AccountsReceivableNetCurrent,2026-08-27
COO,revenue,2010-10-31,313353000,2010-12-20,SalesRevenueNet,2026-08-27
COP,assets,2010-12-31,156314000000,2011-03-26,Assets,2026-08-27
COP,cash,2010-12-31,9454000000,2011-03-26,CashAndCashEquivalentsAtCarryingValue,2026-08-27
COP,equity,2010-12-31,68577000000,2011-03-26,StockholdersEquity,2026-08-27
COP,inventory,2010-12-31,5197000000,2011-03-26,InventoryNet,2026-08-27
COP,liabilities,2010-12-31,87190000000,2011-03-26,Liabilities,2026-08-27
COR,assets,2010-12-31,14132319000,2011-03-26,Assets,2026-08-27
COR,buybacks,2010-12-31,185362000,2011-03-26,PaymentsForRepurchaseOfCommonStock,2026-08-27
COR,capex,2010-12-31,50091000,2011-03-26,PaymentsToAcquirePropertyPlantAndEquipment,2026-08-27
COR,cash,2010-12-31,1400895000,2011-03-26,CashAndCashEquivalentsAtCarryingValue,2026-08-27
COR,debt,2010-12-31,1287410000,2011-03-26,LongTermDebtNoncurrent,2026-08-27
COR,equity,2010-12-31,2962006000,2011-03-26,StockholdersEquity,2026-08-27
COR,grossProfit,2010-12-31,562779000,2011-03-26,GrossProfit,2026-08-27
COR,inventory,2010-12-31,5440751000,2011-03-26,InventoryNet,2026-08-27
COR,netIncome,2010-12-31,160500000,2011-03-26,NetIncomeLoss,2026-08-27
COR,operatingCashFlow,2010-12-31,-99200000,2011-03-26,NetCashProvidedByUsedInOperatingActivities,2026-08-27
COR,operatingIncome,2010-12-31,274865000,2011-03-26,OperatingIncomeLoss,2026-08-27
COR,receivables,2010-12-31,3551315000,2011-03-26,AccountsReceivableNetCurrent,2026-08-27
COR,revenue,2010-12-31,19530534000,2011-03-26,Revenues,2026-08-27
COR,shares,2010-12-31,273702931,2011-03-26,CommonStockSharesOutstanding,2026-08-27
COST,assets,2010-11-21,26043000000,2011-02-14,Assets,2026-08-27
COST,buybacks,2010-11-21,145000000,2011-02-14,PaymentsForRepurchaseOfCommonStock,2026-08-27
COST,capex,2010-11-21,306000000,2011-02-14,PaymentsToAcquirePropertyPlantAndEquipment,2026-08-27
COST,cash,2010-11-21,3739000000,2011-02-14,CashAndCashEquivalentsAtCarryingValue,2026-08-27
COST,debt,2010-11-21,2143000000,2011-02-14,LongTermDebtNoncurrent,2026-08-27
COST,equity,2010-11-21,11199000000,2011-02-14,StockholdersEquity,2026-08-27
COST,inventory,2010-11-21,6852000000,2011-02-14,InventoryNet,2026-08-27
COST,liabilities,2010-11-21,14336000000,2011-02-14,Liabilities,2026-08-27
COST,netIncome,2010-11-21,312000000,2011-02-14,NetIncomeLoss,2026-08-27
COST,operatingCashFlow,2010-11-21,720000000,2011-02-14,NetCashProvidedByUsedInOperatingActivities,2026-08-27
COST,operatingIncome,2010-11-21,525000000,2011-02-14,OperatingIncomeLoss,2026-08-27
COST,revenue,2010-11-21,19239000000,2011-02-14,Revenues,2026-08-27
COST,shares,2010-11-21,436337000,2011-02-14,CommonStockSharesOutstanding,2026-08-27
CPAY,assets,2010-12-31,1484118000,2011-03-26,Assets,2026-08-27
CPAY,cash,2010-12-31,114804000,2011-03-26,CashAndCashEquivalentsAtCarryingValue,2026-08-27
CPAY,debt,2010-12-31,313796000,2011-03-26,LongTermDebtNoncurrent,2026-08-27
CPAY,equity,2010-12-31,625945000,2011-03-26,StockholdersEquity,2026-08-27
CPAY,netIncome,2010-12-31,17513000,2011-03-26,NetIncomeLoss,2026-08-27
CPAY,operatingIncome,2010-12-31,23774000,2011-03-26,OperatingIncomeLoss,2026-08-27
CPAY,receivables,2010-12-31,260163000,2011-03-26,AccountsReceivableNetCurrent,2026-08-27
CPAY,revenue,2010-12-31,106547000,2011-03-26,SalesRevenueNet,2026-08-27
CPAY,shares,2010-12-31,79655213,2011-03-26,CommonStockSharesOutstanding,2026-08-27
CPRT,assets,2010-10-31,1210147000,2010-12-20,Assets,2026-08-27
CPRT,buybacks,2010-10-31,75710000,2010-12-20,PaymentsForRepurchaseOfCommonStock,2026-08-27
CPRT,capex,2010-10-31,14777000,2010-12-20,PaymentsToAcquirePropertyPlantAndEquipment,2026-08-27
CPRT,cash,2010-10-31,260470000,2010-12-20,CashAndCashEquivalentsAtCarryingValue,2026-08-27
CPRT,liabilities,2010-10-31,151118000,2010-12-20,Liabilities,2026-08-27
CPRT,netIncome,2010-10-30,37823000,2010-12-19,NetIncomeLoss,2026-08-27
CPRT,operatingCashFlow,2010-10-31,77538000,2010-12-20,NetCashProvidedByUsedInOperatingActivities,2026-08-27
CPRT,operatingIncome,2010-10-30,59594000,2010-12-19,OperatingIncomeLoss,2026-08-27
CPRT,receivables,2010-10-31,117032000,2010-12-20,AccountsReceivableNetCurrent,2026-08-27
CPRT,revenue,2010-10-30,212667000,2010-12-19,SalesRevenueNet,2026-08-27
CPRT,shares,2010-10-31,82186000,2010-12-20,CommonStockSharesOutstanding,2026-08-27
CPT,assets,2010-12-31,4699737000,2011-03-26,Assets,2026-08-27
CPT,cash,2010-12-31,170575000,2011-03-26,CashAndCashEquivalentsAtCarryingValue,2026-08-27
CPT,equity,2010-12-31,1686419000,2011-03-26,StockholdersEquity,2026-08-27
CPT,liabilities,2010-12-31,2844439000,2011-03-26,Liabilities,2026-08-27
CPT,netIncome,2010-12-31,17147000,2011-03-26,NetIncomeLoss,2026-08-27
CRL,assets,2010-12-25,1733373000,2011-03-20,Assets,2026-08-27
CRL,cash,2010-12-25,179160000,2011-03-20,CashAndCashEquivalentsAtCarryingValue,2026-08-27
CRL,debt,2010-12-25,670217000,2011-03-20,LongTermDebtNoncurrent,2026-08-27
CRL,equity,2010-12-25,687423000,2011-03-20,StockholdersEquity,2026-08-27
CRL,inventory,2010-12-25,100297000,2011-03-20,InventoryNet,2026-08-27
CRL,liabilities,2010-12-25,1044646000,2011-03-20,Liabilities,2026-08-27
CRL,receivables,2010-12-25,192972000,2011-03-20,AccountsReceivableNetCurrent,2026-08-27
CRL,shares,2010-12-25,56441081,2011-03-20,CommonStockSharesOutstanding,2026-08-27
CRM,assets,2010-10-31,2740694000,2010-12-20,Assets,2026-08-27
CRM,capex,2010-10-31,20790000,2010-12-20,PaymentsToAcquirePropertyPlantAndEquipment,2026-08-27
CRM,cash,2010-10-31,630303000,2010-12-20,CashAndCashEquivalentsAtCarryingValue,2026-08-27
CRM,equity,2010-10-31,1210288000,2010-12-20,StockholdersEquity,2026-08-27
CRM,grossProfit,2010-10-31,346956000,2010-12-20,GrossProfit,2026-08-27
CRM,liabilities,2010-10-31,1528228000,2010-12-20,Liabilities,2026-08-27
CRM,netIncome,2010-10-31,21072000,2010-12-20,NetIncomeLoss,2026-08-27
CRM,operatingCashFlow,2010-10-31,74040000,2010-12-20,NetCashProvidedByUsedInOperatingActivities,2026-08-27
CRM,operatingIncome,2010-10-31,35156000,2010-12-20,OperatingIncomeLoss,2026-08-27
CRM,receivables,2010-10-31,258764000,2010-12-20,AccountsReceivableNetCurrent,2026-08-27
CRM,revenue,2010-10-31,429087000,2010-12-20,Revenues,2026-08-27
CRM,rnd,2010-10-31,47305000,2010-12-20,ResearchAndDevelopmentExpense,2026-08-27
CSCO,assets,2010-10-30,80015000000,2010-12-19,Assets,2026-08-27
CSCO,buybacks,2010-10-30,2701000000,2010-12-19,PaymentsForRepurchaseOfCommonStock,2026-08-27
CSCO,capex,2010-10-30,326000000,2010-12-19,PaymentsToAcquirePropertyPlantAndEquipment,2026-08-27
CSCO,cash,2010-10-30,3796000000,2010-12-19,CashAndCashEquivalentsAtCarryingValue,2026-08-27
CSCO,debt,2010-10-30,12214000000,2010-12-19,LongTermDebtNoncurrent,2026-08-27
CSCO,equity,2010-10-30,44675000000,2010-12-19,StockholdersEquity,2026-08-27
CSCO,grossProfit,2010-10-30,6755000000,2010-12-19,GrossProfit,2026-08-27
CSCO,inventory,2010-10-30,1523000000,2010-12-19,InventoryNet,2026-08-27
CSCO,liabilities,2010-10-30,35320000000,2010-12-19,Liabilities,2026-08-27
CSCO,netIncome,2010-10-30,1930000000,2010-12-19,NetIncomeLoss,2026-08-27
CSCO,operatingCashFlow,2010-10-30,1667000000,2010-12-19,NetCashProvidedByUsedInOperatingActivities,2026-08-27
CSCO,operatingIncome,2010-10-30,2351000000,2010-12-19,OperatingIncomeLoss,2026-08-27
CSCO,receivables,2010-10-30,4471000000,2010-12-19,AccountsReceivableNetCurrent,2026-08-27
CSCO,revenue,2010-10-30,10750000000,2010-12-19,SalesRevenueNet,2026-08-27
CSCO,shares,2010-10-30,5577000000,2010-12-19,CommonStockSharesOutstanding,2026-08-27
CSGP,assets,2010-12-31,439648000,2011-03-26,Assets,2026-08-27
CSGP,cash,2010-12-31,206405000,2011-03-26,CashAndCashEquivalentsAtCarryingValue,2026-08-27
CSGP,equity,2010-12-31,381502000,2011-03-26,StockholdersEquity,2026-08-27
CSGP,liabilities,2010-12-31,58146000,2011-03-26,Liabilities,2026-08-27
CSGP,receivables,2010-12-31,13094000,2011-03-26,AccountsReceivableNetCurrent,2026-08-27
CSGP,shares,2010-12-31,20773000,2011-03-26,CommonStockSharesOutstanding,2026-08-27
CSX,assets,2010-12-31,28141000000,2011-03-26,Assets,2026-08-27
CSX,cash,2010-12-31,1292000000,2011-03-26,CashAndCashEquivalentsAtCarryingValue,2026-08-27
CSX,debt,2010-12-31,8664000000,2011-03-26,LongTermDebt,2026-08-27
CSX,liabilities,2010-12-31,19441000000,2011-03-26,Liabilities,2026-08-27
CSX,netIncome,2010-12-31,430000000,2011-03-26,NetIncomeLoss,2026-08-27
CSX,operatingIncome,2010-12-31,846000000,2011-03-26,OperatingIncomeLoss,2026-08-27
CSX,receivables,2010-12-31,993000000,2011-03-26,AccountsReceivableNetCurrent,2026-08-27
CSX,revenue,2010-12-31,2816000000,2011-03-26,Revenues,2026-08-27
CSX,shares,2010-12-31,370342000,2011-03-26,CommonStockSharesOutstanding,2026-08-27
CTAS,assets,2010-11-30,3928295000,2011-02-23,Assets,2026-08-27
CTAS,cash,2010-11-30,260953000,2011-02-23,CashAndCashEquivalentsAtCarryingValue,2026-08-27
CTAS,debt,2010-11-30,785222000,2011-02-23,LongTermDebtNoncurrent,2026-08-27
CTAS,grossProfit,2010-11-30,390648000,2011-02-23,GrossProfit,2026-08-27
CTAS,inventory,2010-11-30,208380000,2011-02-23,InventoryNet,2026-08-27
CTAS,netIncome,2010-11-30,55866000,2011-02-23,NetIncomeLoss,2026-08-27
CTAS,operatingIncome,2010-11-30,102344000,2011-02-23,OperatingIncomeLoss,2026-08-27
CTAS,receivables,2010-11-30,402369000,2011-02-23,AccountsReceivableNetCurrent,2026-08-27
CTAS,revenue,2010-11-30,936566000,2011-02-23,Revenues,2026-08-27
CTAS,shares,2010-11-30,145301073,2011-02-23,CommonStockSharesOutstanding,2026-08-27
CTSH,assets,2010-12-31,4583074000,2011-03-26,Assets,2026-08-27
CTSH,cash,2010-12-31,1540969000,2011-03-26,CashAndCashEquivalentsAtCarryingValue,2026-08-27
CTSH,equity,2010-12-31,3584431000,2011-03-26,StockholdersEquity,2026-08-27
CTSH,liabilities,2010-12-31,998643000,2011-03-26,Liabilities,2026-08-27
CTSH,netIncome,2010-12-31,206166000,2011-03-26,NetIncomeLoss,2026-08-27
CTSH,operatingIncome,2010-12-31,244621000,2011-03-26,OperatingIncomeLoss,2026-08-27
CTSH,receivables,2010-12-31,901308000,2011-03-26,AccountsReceivableNetCurrent,2026-08-27
CTSH,revenue,2010-12-31,1310602000,2011-03-26,SalesRevenueNet,2026-08-27
CTSH,shares,2010-12-31,303941000,2011-03-26,CommonStockSharesOutstanding,2026-08-27
CVS,assets,2010-12-31,62169000000,2011-03-26,Assets,2026-08-27
CVS,cash,2010-12-31,1427000000,2011-03-26,CashAndCashEquivalentsAtCarryingValue,2026-08-27
CVS,debt,2010-12-31,8652000000,2011-03-26,LongTermDebtNoncurrent,2026-08-27
CVS,equity,2010-12-31,37700000000,2011-03-26,StockholdersEquity,2026-08-27
CVS,grossProfit,2010-12-31,5454000000,2011-03-26,GrossProfit,2026-08-27
CVS,inventory,2010-12-31,10695000000,2011-03-26,InventoryNet,2026-08-27
CVS,netIncome,2010-12-31,1026000000,2011-03-26,NetIncomeLoss,2026-08-27
CVS,operatingIncome,2010-12-31,1761000000,2011-03-26,OperatingIncomeLoss,2026-08-27
CVS,receivables,2010-12-31,4925000000,2011-03-26,AccountsReceivableNetCurrent,2026-08-27
CVS,revenue,2010-12-31,24589000000,2011-03-26,Revenues,2026-08-27
CVS,shares,2010-12-31,1363000000,2011-03-26,CommonStockSharesOutstanding,2026-08-27
CVX,assets,2010-12-31,184769000000,2011-03-26,Assets,2026-08-27
CVX,cash,2010-12-31,14060000000,2011-03-26,CashAndCashEquivalentsAtCarryingValue,2026-08-27
CVX,debt,2010-12-31,11003000000,2011-03-26,LongTermDebtNoncurrent,2026-08-27
CVX,equity,2010-12-31,105081000000,2011-03-26,StockholdersEquity,2026-08-27
CVX,inventory,2010-12-31,5493000000,2011-03-26,InventoryNet,2026-08-27
CVX,liabilities,2010-12-31,78958000000,2011-03-26,Liabilities,2026-08-27
D,assets,2010-12-31,42817000000,2011-03-26,Assets,2026-08-27
D,cash,2010-12-31,62000000,2011-03-26,CashAndCashEquivalentsAtCarryingValue,2026-08-27
D,debt,2010-12-31,15758000000,2011-03-26,LongTermDebtNoncurrent,2026-08-27
D,equity,2010-12-31,11997000000,2011-03-26,StockholdersEquity,2026-08-27
D,inventory,2010-12-31,1163000000,2011-03-26,InventoryNet,2026-08-27
D,liabilities,2010-12-31,30563000000,2011-03-26,Liabilities,2026-08-27
D,receivables,2010-12-31,2158000000,2011-03-26,AccountsReceivableNetCurrent,2026-08-27
D,shares,2010-12-31,581000000,2011-03-26,CommonStockSharesOutstanding,2026-08-27
DAL,assets,2010-12-31,43188000000,2011-03-26,Assets,2026-08-27
DAL,cash,2010-12-31,2892000000,2011-03-26,CashAndCashEquivalentsAtCarryingValue,2026-08-27
DAL,debt,2010-12-31,12553000000,2011-03-26,LongTermDebtNoncurrent,2026-08-27
DAL,equity,2010-12-31,897000000,2011-03-26,StockholdersEquity,2026-08-27
DAL,netIncome,2010-12-31,19000000,2011-03-26,NetIncomeLoss,2026-08-27
DAL,operatingIncome,2010-12-31,294000000,2011-03-26,OperatingIncomeLoss,2026-08-27
DAL,revenue,2010-12-31,7789000000,2011-03-26,Revenues,2026-08-27
DE,assets,2010-10-31,43267000000,2010-12-20,Assets,2026-08-27
DE,cash,2010-10-31,3790600000,2010-12-20,CashAndCashEquivalentsAtCarryingValue,2026-08-27
DE,debt,2010-10-31,16814500000,2010-12-20,LongTermDebtNoncurrent,2026-08-27
DE,equity,2010-10-31,6290300000,2010-12-20,StockholdersEquity,2026-08-27
DE,grossProfit,2010-10-31,1655000000,2010-12-20,GrossProfit,2026-08-27
DE,inventory,2010-10-31,3063000000,2010-12-20,InventoryNet,2026-08-27
DE,liabilities,2010-10-31,36963400000,2010-12-20,Liabilities,2026-08-27
DE,netIncome,2010-10-31,457000000,2010-12-20,NetIncomeLoss,2026-08-27
DE,revenue,2010-10-31,7202000000,2010-12-20,Revenues,2026-08-27
DECK,assets,2010-12-31,808994000,2011-03-26,Assets,2026-08-27
DECK,cash,2010-12-31,445226000,2011-03-26,CashAndCashEquivalentsAtCarryingValue,2026-08-27
DECK,equity,2010-12-31,652987000,2011-03-26,StockholdersEquity,2026-08-27
DECK,grossProfit,2010-12-31,233335000,2011-03-26,GrossProfit,2026-08-27
DECK,inventory,2010-12-31,124995000,2011-03-26,InventoryNet,2026-08-27
DECK,receivables,2010-12-31,116663000,2011-03-26,AccountsReceivableNetCurrent,2026-08-27
DECK,shares,2010-12-31,38581000,2011-03-26,CommonStockSharesOutstanding,2026-08-27
DG,cash,2010-10-29,237906000,2010-12-18,CashAndCashEquivalentsAtCarryingValue,2026-08-27
DG,grossProfit,2010-10-29,1010668000,2010-12-18,GrossProfit,2026-08-27
DG,operatingIncome,2010-10-29,274334000,2010-12-18,OperatingIncomeLoss,2026-08-27
DGX,assets,2010-12-31,8527630000,2011-03-26,Assets,2026-08-27
DGX,cash,2010-12-31,449000000,2011-03-26,CashAndCashEquivalentsAtCarryingValue,2026-08-27
DGX,debt,2010-12-31,2641160000,2011-03-26,LongTermDebtNoncurrent,2026-08-27
DGX,equity,2010-12-31,4033480000,2011-03-26,StockholdersEquity,2026-08-27
DGX,grossProfit,2010-12-31,743602000,2011-03-26,GrossProfit,2026-08-27
DGX,inventory,2010-12-31,76572000,2011-03-26,InventoryNet,2026-08-27
DGX,netIncome,2010-12-31,165756000,2011-03-26,NetIncomeLoss,2026-08-27
DGX,receivables,2010-12-31,845299000,2011-03-26,AccountsReceivableNetCurrent,2026-08-27
DGX,revenue,2010-12-31,1824040000,2011-03-26,SalesRevenueNet,2026-08-27
DHI,assets,2010-12-31,5726700000,2011-03-26,Assets,2026-08-27
DHI,capex,2010-12-31,3700000,2011-03-26,PaymentsToAcquirePropertyPlantAndEquipment,2026-08-27
DHI,cash,2010-12-31,1221100000,2011-03-26,CashAndCashEquivalentsAtCarryingValue,2026-08-27
DHI,equity,2010-12-31,2588600000,2011-03-26,StockholdersEquity,2026-08-27
DHI,grossProfit,2010-12-31,110200000,2011-03-26,GrossProfit,2026-08-27
DHI,liabilities,2010-12-31,3136100000,2011-03-26,Liabilities,2026-08-27
DHI,netIncome,2010-12-31,-20400000,2011-03-26,NetIncomeLoss,2026-08-27
DHI,operatingCashFlow,2010-12-31,49500000,2011-03-26,NetCashProvidedByUsedInOperatingActivities,2026-08-27
DHI,revenue,2010-12-31,788200000,2011-03-26,Revenues,2026-08-27
DHI,shares,2010-12-31,319285807,2011-03-26,CommonStockSharesOutstanding,2026-08-27
DHR,assets,2010-12-31,22217100000,2011-03-26,Assets,2026-08-27
DHR,cash,2010-12-31,1633000000,2011-03-26,CashAndCashEquivalentsAtCarryingValue,2026-08-27
DHR,debt,2010-12-31,2783907000,2011-03-26,LongTermDebtNoncurrent,2026-08-27
DHR,equity,2010-12-31,13711010000,2011-03-26,StockholdersEquity,2026-08-27
DHR,grossProfit,2010-12-31,1780000000,2011-03-26,GrossProfit,2026-08-27
DHR,inventory,2010-12-31,1165623000,2011-03-26,InventoryNet,2026-08-27
DHR,liabilities,2010-12-31,8444400000,2011-03-26,Liabilities,2026-08-27
DHR,netIncome,2010-12-31,473900000,2011-03-26,NetIncomeLoss,2026-08-27
DHR,operatingIncome,2010-12-31,592300000,2011-03-26,OperatingIncomeLoss,2026-08-27
DHR,receivables,2010-12-31,2097974000,2011-03-26,AccountsReceivableNetCurrent,2026-08-27
DHR,revenue,2010-12-31,3433000000,2011-03-26,SalesRevenueNet,2026-08-27
DHR,rnd,2010-10-01,196437000,2010-11-20,ResearchAndDevelopmentExpense,2026-08-27
DHR,shares,2010-12-31,656360000,2011-03-26,CommonStockSharesOutstanding,2026-08-27
DLR,assets,2010-12-31,5329483000,2011-03-26,Assets,2026-08-27
DLR,cash,2010-12-31,11719000,2011-03-26,CashAndCashEquivalentsAtCarryingValue,2026-08-27
DLR,debt,2010-12-31,2806954000,2011-03-26,LongTermDebt,2026-08-27
DLR,equity,2010-12-31,1962518000,2011-03-26,StockholdersEquity,2026-08-27
DLR,liabilities,2010-12-31,3274820000,2011-03-26,Liabilities,2026-08-27
DLR,shares,2010-12-31,91159221,2011-03-26,CommonStockSharesOutstanding,2026-08-27
DLTR,assets,2010-10-30,2362100000,2010-12-19,Assets,2026-08-27
DLTR,cash,2010-10-30,309500000,2010-12-19,CashAndCashEquivalentsAtCarryingValue,2026-08-27
DLTR,debt,2010-10-30,250000000,2010-12-19,LongTermDebtNoncurrent,2026-08-27
DLTR,equity,2010-10-30,1412200000,2010-12-19,StockholdersEquity,2026-08-27
DLTR,grossProfit,2010-10-30,506000000,2010-12-19,GrossProfit,2026-08-27
DLTR,liabilities,2010-10-30,949900000,2010-12-19,Liabilities,2026-08-27
DLTR,netIncome,2010-10-30,93200000,2010-12-19,NetIncomeLoss,2026-08-27
DLTR,operatingIncome,2010-10-30,140900000,2010-12-19,OperatingIncomeLoss,2026-08-27
DLTR,shares,2010-10-30,125.6,2010-12-19,CommonStockSharesOutstanding,2026-08-27
DOC,assets,2010-12-31,13331923000,2011-03-26,Assets,2026-08-27
DOC,cash,2010-12-31,1036701000,2011-03-26,CashAndCashEquivalentsAtCarryingValue,2026-08-27
DOC,equity,2010-12-31,7957367000,2011-03-26,StockholdersEquity,2026-08-27
DOC,liabilities,2010-12-31,5185876000,2011-03-26,Liabilities,2026-08-27
DOC,netIncome,2010-12-31,141917000,2011-03-26,NetIncomeLoss,2026-08-27
DOC,revenue,2010-12-31,340820000,2011-03-26,Revenues,2026-08-27
DOC,shares,2010-12-31,370924887,2011-03-26,CommonStockSharesOutstanding,2026-08-27
DOV,assets,2010-12-31,8558743000,2011-03-26,Assets,2026-08-27
DOV,cash,2010-12-31,1187361000,2011-03-26,CashAndCashEquivalentsAtCarryingValue,2026-08-27
DOV,debt,2010-12-31,1790886000,2011-03-26,LongTermDebtNoncurrent,2026-08-27
DOV,equity,2010-12-31,4526562000,2011-03-26,StockholdersEquity,2026-08-27
DOV,grossProfit,2010-12-31,686772000,2011-03-26,GrossProfit,2026-08-27
DOV,inventory,2010-12-31,657962000,2011-03-26,InventoryNet,2026-08-27
DOV,netIncome,2010-12-31,198348000,2011-03-26,NetIncomeLoss,2026-08-27
DOV,receivables,2010-12-31,1023099000,2011-03-26,AccountsReceivableNetCurrent,2026-08-27
DOV,revenue,2010-12-31,1737436000,2011-03-26,SalesRevenueNet,2026-08-27
DRI,assets,2010-11-28,5252300000,2011-02-21,Assets,2026-08-27
DRI,cash,2010-11-28,52900000,2011-02-21,CashAndCashEquivalentsAtCarryingValue,2026-08-27
DRI,debt,2010-11-28,1408800000,2011-02-21,LongTermDebtNoncurrent,2026-08-27
DRI,equity,2010-11-28,1878600000,2011-02-21,StockholdersEquity,2026-08-27
DRI,inventory,2010-11-28,273900000,2011-02-21,InventoryNet,2026-08-27
DRI,liabilities,2010-11-28,3373700000,2011-02-21,Liabilities,2026-08-27
DRI,netIncome,2010-11-28,74500000,2011-02-21,NetIncomeLoss,2026-08-27
DRI,revenue,2010-11-28,1726200000,2011-02-21,SalesRevenueNet,2026-08-27
DTE,assets,2010-12-31,24896000000,2011-03-26,Assets,2026-08-27
DTE,cash,2010-12-31,65000000,2011-03-26,CashAndCashEquivalentsAtCarryingValue,2026-08-27
DTE,debt,2010-12-31,6114000000,2011-03-26,LongTermDebtNoncurrent,2026-08-27
DTE,equity,2010-12-31,6722000000,2011-03-26,StockholdersEquity,2026-08-27
DTE,netIncome,2010-12-31,152000000,2011-03-26,NetIncomeLoss,2026-08-27
DTE,operatingIncome,2010-12-31,350000000,2011-03-26,OperatingIncomeLoss,2026-08-27
DTE,receivables,2010-12-31,1351000000,2011-03-26,AccountsReceivableNetCurrent,2026-08-27
DTE,shares,2010-12-31,169428406,2011-03-26,CommonStockSharesOutstanding,2026-08-27
DUK,assets,2010-12-31,59090000000,2011-03-26,Assets,2026-08-27
DUK,cash,2010-12-31,1670000000,2011-03-26,CashAndCashEquivalentsAtCarryingValue,2026-08-27
DUK,debt,2010-12-31,16959000000,2011-03-26,LongTermDebtNoncurrent,2026-08-27
DUK,equity,2010-12-31,22522000000,2011-03-26,StockholdersEquity,2026-08-27
DUK,inventory,2010-12-31,1318000000,2011-03-26,InventoryNet,2026-08-27
DUK,netIncome,2010-12-31,427000000,2011-03-26,NetIncomeLoss,2026-08-27
DUK,operatingIncome,2010-12-31,681000000,2011-03-26,OperatingIncomeLoss,2026-08-27
DUK,revenue,2010-12-31,3445000000,2011-03-26,Revenues,2026-08-27
DUK,shares,2010-12-31,443000000,2011-03-26,CommonStockSharesOutstanding,2026-08-27
DVA,assets,2010-12-31,8114424000,2011-03-26,Assets,2026-08-27
DVA,cash,2010-12-31,860117000,2011-03-26,CashAndCashEquivalentsAtCarryingValue,2026-08-27
DVA,debt,2010-12-31,4233850000,2011-03-26,LongTermDebtNoncurrent,2026-08-27
DVA,equity,2010-12-31,1978422000,2011-03-26,StockholdersEquity,2026-08-27
DVA,inventory,2010-12-31,76008000,2011-03-26,InventoryNet,2026-08-27
DVA,liabilities,2010-12-31,5694238000,2011-03-26,Liabilities,2026-08-27
DVA,netIncome,2010-12-31,69020000,2011-03-26,NetIncomeLoss,2026-08-27
DVA,operatingIncome,2010-12-31,255258000,2011-03-26,OperatingIncomeLoss,2026-08-27
DVA,receivables,2010-12-31,1048976000,2011-03-26,AccountsReceivableNetCurrent,2026-08-27
DVA,shares,2010-12-31,96001535,2011-03-26,CommonStockSharesOutstanding,2026-08-27
DVN,assets,2010-12-31,32927000000,2011-03-26,Assets,2026-08-27
DVN,cash,2010-12-31,3290000000,2011-03-26,CashAndCashEquivalentsAtCarryingValue,2026-08-27
DVN,debt,2010-12-31,3819000000,2011-03-26,LongTermDebtNoncurrent,2026-08-27
DVN,equity,2010-12-31,19253000000,2011-03-26,StockholdersEquity,2026-08-27
DVN,inventory,2010-12-31,120000000,2011-03-26,InventoryNet,2026-08-27
DVN,netIncome,2010-12-31,562000000,2011-03-26,NetIncomeLoss,2026-08-27
DVN,receivables,2010-12-31,1202000000,2011-03-26,AccountsReceivableNetCurrent,2026-08-27
DVN,revenue,2010-12-31,2135000000,2011-03-26,Revenues,2026-08-27
DXCM,assets,2010-12-31,77164000,2011-03-26,Assets,2026-08-27
DXCM,cash,2010-12-31,4900000,2011-03-26,CashAndCashEquivalentsAtCarryingValue,2026-08-27
DXCM,grossProfit,2010-12-31,6989000,2011-03-26,GrossProfit,2026-08-27
DXCM,inventory,2010-12-31,8112000,2011-03-26,InventoryNet,2026-08-27
DXCM,liabilities,2010-12-31,16171000,2011-03-26,Liabilities,2026-08-27
DXCM,netIncome,2010-12-31,-9812000,2011-03-26,NetIncomeLoss,2026-08-27
DXCM,revenue,2010-12-31,15636000,2011-03-26,Revenues,2026-08-27
DXCM,shares,2010-12-31,62078000,2011-03-26,CommonStockSharesOutstanding,2026-08-27
EBAY,assets,2010-12-31,22003762000,2011-03-26,Assets,2026-08-27
EBAY,cash,2010-12-31,5577000000,2011-03-26,CashAndCashEquivalentsAtCarryingValue,2026-08-27
EBAY,debt,2010-12-31,1494227000,2011-03-26,LongTermDebtNoncurrent,2026-08-27
EBAY,equity,2010-12-31,15302000000,2011-03-26,StockholdersEquity,2026-08-27
EBAY,grossProfit,2010-12-31,1792877000,2011-03-26,GrossProfit,2026-08-27
EBAY,liabilities,2010-12-31,6701583000,2011-03-26,Liabilities,2026-08-27
EBAY,netIncome,2010-12-31,559187000,2011-03-26,NetIncomeLoss,2026-08-27
EBAY,receivables,2010-12-31,454366000,2011-03-26,AccountsReceivableNetCurrent,2026-08-27
EBAY,revenue,2010-12-31,2495350000,2011-03-26,SalesRevenueNet,2026-08-27
EBAY,shares,2010-12-31,1297710000,2011-03-26,CommonStockSharesOutstanding,2026-08-27
ECHO,assets,2010-12-31,3842020000,2011-03-26,Assets,2026-08-27
ECHO,cash,2010-12-31,141814000,2011-03-26,CashAndCashEquivalentsAtCarryingValue,2026-08-27
ECHO,equity,2010-12-31,3013190000,2011-03-26,StockholdersEquity,2026-08-27
ECHO,inventory,2010-12-31,30433000,2011-03-26,InventoryNet,2026-08-27
ECHO,liabilities,2010-12-31,828830000,2011-03-26,Liabilities,2026-08-27
ECHO,operatingIncome,2010-12-31,31643000,2011-03-26,OperatingIncomeLoss,2026-08-27
ECHO,receivables,2010-12-31,42247000,2011-03-26,AccountsReceivableNetCurrent,2026-08-27
ECHO,revenue,2010-12-31,513200000,2011-03-26,SalesRevenueNet,2026-08-27
ECL,assets,2010-12-31,4872200000,2011-03-26,Assets,2026-08-27
ECL,cash,2010-12-31,242300000,2011-03-26,CashAndCashEquivalentsAtCarryingValue,2026-08-27
ECL,debt,2010-12-31,656400000,2011-03-26,LongTermDebtNoncurrent,2026-08-27
ECL,equity,2010-12-31,2129200000,2011-03-26,StockholdersEquity,2026-08-27
ECL,inventory,2010-12-31,447600000,2011-03-26,InventoryNet,2026-08-27
ECL,netIncome,2010-12-31,131300000,2011-03-26,NetIncomeLoss,2026-08-27
ECL,operatingIncome,2010-12-31,203600000,2011-03-26,OperatingIncomeLoss,2026-08-27
ECL,receivables,2010-12-31,999600000,2011-03-26,AccountsReceivableNetCurrent,2026-08-27
ECL,revenue,2010-12-31,1575500000,2011-03-26,SalesRevenueNet,2026-08-27
ECL,shares,2010-12-31,232500000,2011-03-26,CommonStockSharesOutstanding,2026-08-27
ED,assets,2010-12-31,36348000000,2011-03-26,Assets,2026-08-27
ED,cash,2010-12-31,338000000,2011-03-26,CashAndCashEquivalentsAtCarryingValue,2026-08-27
ED,debt,2010-12-31,10671000000,2011-03-26,LongTermDebtNoncurrent,2026-08-27
ED,equity,2010-12-31,11274000000,2011-03-26,StockholdersEquity,2026-08-27
ED,receivables,2010-12-31,1173000000,2011-03-26,AccountsReceivableNetCurrent,2026-08-27
ED,shares,2010-12-31,21976200,2011-03-26,CommonStockSharesOutstanding,2026-08-27
EFX,assets,2010-12-31,3437500000,2011-03-26,Assets,2026-08-27
EFX,cash,2010-12-31,119400000,2011-03-26,CashAndCashEquivalentsAtCarryingValue,2026-08-27
EFX,debt,2010-12-31,978900000,2011-03-26,LongTermDebtNoncurrent,2026-08-27
EFX,equity,2010-12-31,1691400000,2011-03-26,StockholdersEquity,2026-08-27
EFX,liabilities,2010-12-31,1729100000,2011-03-26,Liabilities,2026-08-27
EFX,netIncome,2010-12-31,62200000,2011-03-26,NetIncomeLoss,2026-08-27
EFX,operatingIncome,2010-12-31,109700000,2011-03-26,OperatingIncomeLoss,2026-08-27
EFX,receivables,2010-12-31,262600000,2011-03-26,AccountsReceivableNetCurrent,2026-08-27
EFX,shares,2010-12-31,122600000,2011-03-26,CommonStockSharesOutstanding,2026-08-27
EG,assets,2010-12-31,18384198000,2011-03-26,Assets,2026-08-27
EG,cash,2010-12-31,258408000,2011-03-26,CashAndCashEquivalentsAtCarryingValue,2026-08-27
EG,equity,2010-12-31,6283517000,2011-03-26,StockholdersEquity,2026-08-27
EG,liabilities,2010-12-31,12100681000,2011-03-26,Liabilities,2026-08-27
EG,netIncome,2010-12-31,302533000,2011-03-26,NetIncomeLoss,2026-08-27
EG,shares,2010-12-31,66017000,2011-03-26,CommonStockSharesOutstanding,2026-08-27
EIX,assets,2010-12-31,45530000000,2011-03-26,Assets,2026-08-27
EIX,cash,2010-12-31,1389000000,2011-03-26,CashAndCashEquivalentsAtCarryingValue,2026-08-27
EIX,debt,2010-12-31,12371000000,2011-03-26,LongTermDebtNoncurrent,2026-08-27
EIX,inventory,2010-12-31,568000000,2011-03-26,InventoryNet,2026-08-27
EIX,liabilities,2010-12-31,34036000000,2011-03-26,Liabilities,2026-08-27
EIX,netIncome,2010-12-31,166000000,2011-03-26,NetIncomeLoss,2026-08-27
EIX,operatingIncome,2010-12-31,414000000,2011-03-26,OperatingIncomeLoss,2026-08-27
EIX,revenue,2010-12-31,3069000000,2011-03-26,Revenues,2026-08-27
EIX,shares,2010-12-31,325811206,2011-03-26,CommonStockSharesOutstanding,2026-08-27
EL,assets,2010-12-31,5981800000,2011-03-26,Assets,2026-08-27
EL,cash,2010-12-31,1043100000,2011-03-26,CashAndCashEquivalentsAtCarryingValue,2026-08-27
EL,debt,2010-12-31,1205100000,2011-03-26,LongTermDebtNoncurrent,2026-08-27
EL,equity,2010-12-31,2387000000,2011-03-26,StockholdersEquity,2026-08-27
EL,grossProfit,2010-12-31,1950900000,2011-03-26,GrossProfit,2026-08-27
EL,inventory,2010-12-31,866900000,2011-03-26,InventoryNet,2026-08-27
EL,netIncome,2010-12-31,343900000,2011-03-26,NetIncomeLoss,2026-08-27
EL,operatingIncome,2010-12-31,517700000,2011-03-26,OperatingIncomeLoss,2026-08-27
EL,receivables,2010-12-31,1172500000,2011-03-26,AccountsReceivableNetCurrent,2026-08-27
EL,revenue,2010-12-31,2492000000,2011-03-26,SalesRevenueNet,2026-08-27
ELV,assets,2010-12-31,50166900000,2011-03-26,Assets,2026-08-27
ELV,cash,2010-12-31,1788800000,2011-03-26,CashAndCashEquivalentsAtCarryingValue,2026-08-27
ELV,debt,2010-12-31,8147800000,2011-03-26,LongTermDebtNoncurrent,2026-08-27
ELV,equity,2010-12-31,23812600000,2011-03-26,StockholdersEquity,2026-08-27
ELV,liabilities,2010-12-31,26354300000,2011-03-26,Liabilities,2026-08-27
ELV,netIncome,2010-12-31,548800000,2011-03-26,NetIncomeLoss,2026-08-27
ELV,revenue,2010-12-31,14622000000,2011-03-26,Revenues,2026-08-27
ELV,shares,2010-12-31,377736929,2011-03-26,CommonStockSharesOutstanding,2026-08-27
EME,assets,2010-12-31,2755542000,2011-03-26,Assets,2026-08-27
EME,cash,2010-12-31,710836000,2011-03-26,CashAndCashEquivalentsAtCarryingValue,2026-08-27
EME,equity,2010-12-31,1152943000,2011-03-26,StockholdersEquity,2026-08-27
EME,grossProfit,2010-12-31,201476000,2011-03-26,GrossProfit,2026-08-27
EME,liabilities,2010-12-31,1592697000,2011-03-26,Liabilities,2026-08-27
EME,netIncome,2010-12-31,39976000,2011-03-26,NetIncomeLoss,2026-08-27
EME,receivables,2010-12-31,1090927000,2011-03-26,AccountsReceivableNetCurrent,2026-08-27
EME,revenue,2010-12-31,1300735000,2011-03-26,SalesRevenueNet,2026-08-27
EME,shares,2010-12-31,66660551,2011-03-26,CommonStockSharesOutstanding,2026-08-27
EMR,assets,2010-12-31,22703000000,2011-03-26,Assets,2026-08-27
EMR,buybacks,2010-12-31,51000000,2011-03-26,PaymentsForRepurchaseOfCommonStock,2026-08-27
EMR,capex,2010-12-31,82000000,2011-03-26,PaymentsToAcquirePropertyPlantAndEquipment,2026-08-27
EMR,cash,2010-12-31,1493000000,2011-03-26,CashAndCashEquivalentsAtCarryingValue,2026-08-27
EMR,debt,2010-12-31,4352000000,2011-03-26,LongTermDebtNoncurrent,2026-08-27
EMR,equity,2010-12-31,10170000000,2011-03-26,StockholdersEquity,2026-08-27
EMR,grossProfit,2010-12-31,2163000000,2011-03-26,GrossProfit,2026-08-27
EMR,inventory,2010-12-31,2207000000,2011-03-26,InventoryNet,2026-08-27
EMR,netIncome,2010-12-31,480000000,2011-03-26,NetIncomeLoss,2026-08-27
EMR,operatingCashFlow,2010-12-31,322000000,2011-03-26,NetCashProvidedByUsedInOperatingActivities,2026-08-27
EMR,receivables,2010-12-31,3956000000,2011-03-26,AccountsReceivableNetCurrent,2026-08-27
EMR,revenue,2010-12-31,5535000000,2011-03-26,SalesRevenueNet,2026-08-27
EMR,shares,2010-12-31,754113520,2011-03-26,CommonStockSharesOutstanding,2026-08-27
EOG,assets,2010-12-31,21624233000,2011-03-26,Assets,2026-08-27
EOG,cash,2010-12-31,788853000,2011-03-26,CashAndCashEquivalentsAtCarryingValue,2026-08-27
EOG,debt,2010-12-31,5003341000,2011-03-26,LongTermDebtNoncurrent,2026-08-27
EOG,receivables,2010-12-31,1113279000,2011-03-26,AccountsReceivableNetCurrent,2026-08-27
EOG,shares,2010-12-31,254077000,2011-03-26,CommonStockSharesOutstanding,2026-08-27
EQIX,assets,2010-12-31,4448009000,2011-03-26,Assets,2026-08-27
EQIX,cash,2010-12-31,442841000,2011-03-26,CashAndCashEquivalentsAtCarryingValue,2026-08-27
EQIX,equity,2010-12-31,1863682000,2011-03-26,StockholdersEquity,2026-08-27
EQIX,liabilities,2010-12-31,2567494000,2011-03-26,Liabilities,2026-08-27
EQIX,receivables,2010-12-31,116358000,2011-03-26,AccountsReceivableNetCurrent,2026-08-27
EQIX,shares,2010-12-31,46166689,2011-03-26,CommonStockSharesOutstanding,2026-08-27
EQT,assets,2010-12-31,7098438000,2011-03-26,Assets,2026-08-27
EQT,cash,2010-12-31,0,2011-03-26,CashAndCashEquivalentsAtCarryingValue,2026-08-27
EQT,debt,2010-12-31,1943200000,2011-03-26,LongTermDebtNoncurrent,2026-08-27
EQT,equity,2010-12-31,3078696000,2011-03-26,StockholdersEquity,2026-08-27
EQT,liabilities,2010-12-31,4019742000,2011-03-26,Liabilities,2026-08-27
EQT,operatingIncome,2010-12-31,134655000,2011-03-26,OperatingIncomeLoss,2026-08-27
EQT,receivables,2010-12-31,156709000,2011-03-26,AccountsReceivableNetCurrent,2026-08-27
ERIE,assets,2010-12-31,14344000000,2011-03-26,Assets,2026-08-27
ERIE,cash,2010-12-31,430000000,2011-03-26,CashAndCashEquivalentsAtCarryingValue,2026-08-27
ERIE,equity,2010-12-31,912000000,2011-03-26,StockholdersEquity,2026-08-27
ERIE,liabilities,2010-12-31,8010000000,2011-03-26,Liabilities,2026-08-27
ERIE,netIncome,2010-12-31,12000000,2011-03-26,NetIncomeLoss,2026-08-27
ERIE,revenue,2010-12-31,1401000000,2011-03-26,Revenues,2026-08-27
ES,assets,2010-12-31,14472601000,2011-03-26,Assets,2026-08-27
ES,debt,2010-12-31,4632866000,2011-03-26,LongTermDebtNoncurrent,2026-08-27
ES,equity,2010-12-31,3811176000,2011-03-26,StockholdersEquity,2026-08-27
ES,netIncome,2010-12-31,131300000,2011-03-26,NetIncomeLoss,2026-08-27
ES,operatingIncome,2010-12-31,195300000,2011-03-26,OperatingIncomeLoss,2026-08-27
ES,receivables,2010-12-31,523644000,2011-03-26,AccountsReceivableNetCurrent,2026-08-27
ES,revenue,2010-12-31,1204100000,2011-03-26,Revenues,2026-08-27
ESS,assets,2010-12-31,3732887000,2011-03-26,Assets,2026-08-27
ESS,cash,2010-12-31,13753000,2011-03-26,CashAndCashEquivalentsAtCarryingValue,2026-08-27
ESS,debt,2010-12-31,1832745000,2011-03-26,LongTermDebt,2026-08-27
ESS,equity,2010-12-31,1149946000,2011-03-26,StockholdersEquity,2026-08-27
ESS,liabilities,2010-12-31,2373524000,2011-03-26,Liabilities,2026-08-27
ESS,shares,2010-12-31,31324808,2011-03-26,CommonStockSharesOutstanding,2026-08-27
ETN,assets,2010-12-31,17252000000,2011-03-26,Assets,2026-08-27
ETN,cash,2010-12-31,333000000,2011-03-26,CashAndCashEquivalentsAtCarryingValue,2026-08-27
ETR,assets,2010-12-31,38685276000,2011-03-26,Assets,2026-08-27
ETR,cash,2010-12-31,1294472000,2011-03-26,CashAndCashEquivalentsAtCarryingValue,2026-08-27
ETR,debt,2010-12-31,11317157000,2011-03-26,LongTermDebtNoncurrent,2026-08-27
ETR,equity,2010-12-31,8496400000,2011-03-26,StockholdersEquity,2026-08-27
ETR,netIncome,2010-12-31,228291000,2011-03-26,NetIncomeLoss,2026-08-27
ETR,operatingIncome,2010-12-31,393780000,2011-03-26,OperatingIncomeLoss,2026-08-27
ETR,receivables,2010-12-31,1035582000,2011-03-26,AccountsReceivableNetCurrent,2026-08-27
EW,assets,2010-12-31,1767200000,2011-03-26,Assets,2026-08-27
EW,cash,2010-12-31,396100000,2011-03-26,CashAndCashEquivalentsAtCarryingValue,2026-08-27
EW,equity,2010-12-31,1308200000,2011-03-26,StockholdersEquity,2026-08-27
EW,grossProfit,2010-12-31,278900000,2011-03-26,GrossProfit,2026-08-27
EW,inventory,2010-12-31,203600000,2011-03-26,InventoryNet,2026-08-27
EW,receivables,2010-12-31,277300000,2011-03-26,AccountsReceivableNetCurrent,2026-08-27
EW,revenue,2010-12-31,392400000,2011-03-26,SalesRevenueNet,2026-08-27
EW,shares,2010-12-31,115000000,2011-03-26,CommonStockSharesOutstanding,2026-08-27
EXC,assets,2010-12-31,52240000000,2011-03-26,Assets,2026-08-27
EXC,cash,2010-12-31,1612000000,2011-03-26,CashAndCashEquivalentsAtCarryingValue,2026-08-27
EXC,debt,2010-12-31,11614000000,2011-03-26,LongTermDebtNoncurrent,2026-08-27
EXC,equity,2010-12-31,13560000000,2011-03-26,StockholdersEquity,2026-08-27
EXC,liabilities,2010-12-31,38590000000,2011-03-26,Liabilities,2026-08-27
EXC,netIncome,2010-12-31,524000000,2011-03-26,NetIncomeLoss,2026-08-27
EXC,operatingIncome,2010-12-31,939000000,2011-03-26,OperatingIncomeLoss,2026-08-27
EXC,receivables,2010-12-31,1932000000,2011-03-26,AccountsReceivableNetCurrent,2026-08-27
EXC,revenue,2010-12-31,4494000000,2011-03-26,Revenues,2026-08-27
EXC,shares,2010-12-31,661845411,2011-03-26,CommonStockSharesOutstanding,2026-08-27
EXE,assets,2010-12-31,37179000000,2011-03-26,Assets,2026-08-27
EXE,cash,2010-12-31,102000000,2011-03-26,CashAndCashEquivalentsAtCarryingValue,2026-08-27
EXE,debt,2010-12-31,12640000000,2011-03-26,LongTermDebtNoncurrent,2026-08-27
EXE,equity,2010-12-31,15264000000,2011-03-26,StockholdersEquity,2026-08-27
EXE,grossProfit,2010-12-31,329000000,2011-03-26,GrossProfit,2026-08-27
EXE,netIncome,2010-12-31,223000000,2011-03-26,NetIncomeLoss,2026-08-27
EXE,receivables,2010-12-31,1974000000,2011-03-26,AccountsReceivableNetCurrent,2026-08-27
EXE,revenue,2010-12-31,1975000000,2011-03-26,Revenues,2026-08-27
EXE,shares,2010-12-31,655251000,2011-03-26,CommonStockSharesOutstanding,2026-08-27
EXPD,assets,2010-12-31,2679179000,2011-03-26,Assets,2026-08-27
EXPD,cash,2010-12-31,1084465000,2011-03-26,CashAndCashEquivalentsAtCarryingValue,2026-08-27
EXPD,equity,2010-12-31,1740906000,2011-03-26,StockholdersEquity,2026-08-27
EXPD,grossProfit,2010-12-31,453362000,2011-03-26,GrossProfit,2026-08-27
EXPD,netIncome,2010-12-31,96502000,2011-03-26,NetIncomeLoss,2026-08-27
EXPD,receivables,2010-12-31,1003884000,2011-03-26,AccountsReceivableNetCurrent,2026-08-27
EXPD,revenue,2010-12-31,1582135000,2011-03-26,Revenues,2026-08-27
EXPD,shares,2010-12-31,212047774,2011-03-26,CommonStockSharesOutstanding,2026-08-27
EXPE,assets,2010-12-31,6656922000,2011-03-26,Assets,2026-08-27
EXPE,cash,2010-12-31,621199000,2011-03-26,CashAndCashEquivalentsAtCarryingValue,2026-08-27
EXPE,debt,2010-12-31,1249221000,2011-03-26,LongTermDebtNoncurrent,2026-08-27
EXPE,equity,2010-12-31,2672544000,2011-03-26,StockholdersEquity,2026-08-27
EXPE,netIncome,2010-12-31,71293000,2011-03-26,NetIncomeLoss,2026-08-27
EXPE,operatingIncome,2010-12-31,112935000,2011-03-26,OperatingIncomeLoss,2026-08-27
EXPE,receivables,2010-12-31,275846000,2011-03-26,AccountsReceivableNetCurrent,2026-08-27
EXPE,revenue,2010-12-31,737591000,2011-03-26,SalesRevenueNet,2026-08-27
EXR,assets,2010-12-31,2249820000,2011-03-26,Assets,2026-08-27
EXR,cash,2010-12-31,46750000,2011-03-26,CashAndCashEquivalentsAtCarryingValue,2026-08-27
EXR,equity,2010-12-31,881401000,2011-03-26,StockholdersEquity,2026-08-27
EXR,liabilities,2010-12-31,1310749000,2011-03-26,Liabilities,2026-08-27
EXR,operatingIncome,2010-12-31,23585000,2011-03-26,OperatingIncomeLoss,2026-08-27
EXR,shares,2010-12-31,87587322,2011-03-26,CommonStockSharesOutstanding,2026-08-27
F,assets,2010-12-31,164687000000,2011-03-26,Assets,2026-08-27
F,cash,2010-12-31,14805000000,2011-03-26,CashAndCashEquivalentsAtCarryingValue,2026-08-27
F,equity,2010-12-31,-673000000,2011-03-26,StockholdersEquity,2026-08-27
F,inventory,2010-12-31,5917000000,2011-03-26,InventoryNet,2026-08-27
F,liabilities,2010-12-31,165329000000,2011-03-26,Liabilities,2026-08-27
F,netIncome,2010-12-31,190000000,2011-03-26,NetIncomeLoss,2026-08-27
FANG,cash,2010-12-31,4119000,2011-03-26,CashAndCashEquivalentsAtCarryingValue,2026-08-27
FAST,assets,2010-12-31,1468283000,2011-03-26,Assets,2026-08-27
FAST,cash,2010-12-31,143693000,2011-03-26,CashAndCashEquivalentsAtCarryingValue,2026-08-27
FAST,equity,2010-12-31,1282512000,2011-03-26,StockholdersEquity,2026-08-27
FAST,grossProfit,2010-12-31,298617000,2011-03-26,GrossProfit,2026-08-27
FAST,inventory,2010-12-31,557369000,2011-03-26,InventoryNet,2026-08-27
FAST,netIncome,2010-12-31,65161000,2011-03-26,NetIncomeLoss,2026-08-27
FAST,receivables,2010-12-31,270133000,2011-03-26,AccountsReceivableNetCurrent,2026-08-27
FAST,revenue,2010-12-31,573766000,2011-03-26,SalesRevenueNet,2026-08-27
FAST,shares,2010-12-31,294861424,2011-03-26,CommonStockSharesOutstanding,2026-08-27
FCX,assets,2010-12-31,29386000000,2011-03-26,Assets,2026-08-27
FCX,cash,2010-12-31,4822000000,2011-03-26,CashAndCashEquivalentsAtCarryingValue,2026-08-27
FCX,debt,2010-12-31,4660000000,2011-03-26,LongTermDebtNoncurrent,2026-08-27
FCX,equity,2010-12-31,12504000000,2011-03-26,StockholdersEquity,2026-08-27
FCX,liabilities,2010-12-31,14826000000,2011-03-26,Liabilities,2026-08-27
FCX,operatingIncome,2010-12-31,3097000000,2011-03-26,OperatingIncomeLoss,2026-08-27
FCX,receivables,2010-12-31,2132000000,2011-03-26,AccountsReceivableNetCurrent,2026-08-27
FCX,shares,2010-12-31,945000000,2011-03-26,CommonStockSharesOutstanding,2026-08-27
FDS,assets,2010-11-30,659407000,2011-02-23,Assets,2026-08-27
FDS,buybacks,2010-11-30,26107000,2011-02-23,PaymentsForRepurchaseOfCommonStock,2026-08-27
FDS,capex,2010-11-30,8021000,2011-02-23,PaymentsToAcquirePropertyPlantAndEquipment,2026-08-27
FDS,cash,2010-11-30,202351000,2011-02-23,CashAndCashEquivalentsAtCarryingValue,2026-08-27
FDS,equity,2010-11-30,542558000,2011-02-23,StockholdersEquity,2026-08-27
FDS,liabilities,2010-11-30,116849000,2011-02-23,Liabilities,2026-08-27
FDS,netIncome,2010-11-30,41601000,2011-02-23,NetIncomeLoss,2026-08-27
FDS,operatingCashFlow,2010-11-30,22184000,2011-02-23,NetCashProvidedByUsedInOperatingActivities,2026-08-27
FDS,operatingIncome,2010-11-30,59429000,2011-02-23,OperatingIncomeLoss,2026-08-27
FDS,receivables,2010-11-30,63869000,2011-02-23,AccountsReceivableNetCurrent,2026-08-27
FDS,revenue,2010-11-30,173289000,2011-02-23,Revenues,2026-08-27
FDS,shares,2010-11-30,46347000,2011-02-23,CommonStockSharesOutstanding,2026-08-27
FDX,assets,2010-11-30,26093000000,2011-02-23,Assets,2026-08-27
FDX,cash,2010-11-30,1877000000,2011-02-23,CashAndCashEquivalentsAtCarryingValue,2026-08-27
FDX,equity,2010-11-30,14561000000,2011-02-23,StockholdersEquity,2026-08-27
FDX,netIncome,2010-11-30,283000000,2011-02-23,NetIncomeLoss,2026-08-27
FDX,operatingIncome,2010-11-30,469000000,2011-02-23,OperatingIncomeLoss,2026-08-27
FDX,revenue,2010-11-30,9632000000,2011-02-23,Revenues,2026-08-27
FE,assets,2010-12-31,35531000000,2011-03-26,Assets,2026-08-27
FE,cash,2010-12-31,1019000000,2011-03-26,CashAndCashEquivalentsAtCarryingValue,2026-08-27
FE,equity,2010-12-31,8984000000,2011-03-26,StockholdersEquity,2026-08-27
FE,inventory,2010-12-31,638000000,2011-03-26,InventoryNet,2026-08-27
FE,netIncome,2010-12-31,185000000,2011-03-26,NetIncomeLoss,2026-08-27
FE,operatingIncome,2010-12-31,448000000,2011-03-26,OperatingIncomeLoss,2026-08-27
FE,receivables,2010-12-31,1392000000,2011-03-26,AccountsReceivableNetCurrent,2026-08-27
FE,shares,2010-12-31,304835407,2011-03-26,CommonStockSharesOutstanding,2026-08-27
FFIV,assets,2010-12-31,1475837000,2011-03-26,Assets,2026-08-27
FFIV,buybacks,2010-12-31,24998000,2011-03-26,PaymentsForRepurchaseOfCommonStock,2026-08-27
FFIV,capex,2010-12-31,5491000,2011-03-26,PaymentsToAcquirePropertyPlantAndEquipment,2026-08-27
FFIV,cash,2010-12-31,168133000,2011-03-26,CashAndCashEquivalentsAtCarryingValue,2026-08-27
FFIV,grossProfit,2010-12-31,219971000,2011-03-26,GrossProfit,2026-08-27
FFIV,inventory,2010-12-31,18184000,2011-03-26,InventoryNet,2026-08-27
FFIV,netIncome,2010-12-31,55663000,2011-03-26,NetIncomeLoss,2026-08-27
FFIV,operatingCashFlow,2010-12-31,103139000,2011-03-26,NetCashProvidedByUsedInOperatingActivities,2026-08-27
FFIV,operatingIncome,2010-12-31,79856000,2011-03-26,OperatingIncomeLoss,2026-08-27
FFIV,receivables,2010-12-31,141986000,2011-03-26,AccountsReceivableNetCurrent,2026-08-27
FFIV,revenue,2010-12-31,268934000,2011-03-26,SalesRevenueNet,2026-08-27
FFIV,rnd,2010-12-31,32606000,2011-03-26,ResearchAndDevelopmentExpense,2026-08-27
FFIV,shares,2010-12-31,80732000,2011-03-26,CommonStockSharesOutstanding,2026-08-27
FICO,assets,2010-12-31,1136144000,2011-03-26,Assets,2026-08-27
FICO,buybacks,2010-12-31,2169000,2011-03-26,PaymentsForRepurchaseOfCommonStock,2026-08-27
FICO,capex,2010-12-31,1328000,2011-03-26,PaymentsToAcquirePropertyPlantAndEquipment,2026-08-27
FICO,cash,2010-12-31,196432000,2011-03-26,CashAndCashEquivalentsAtCarryingValue,2026-08-27
FICO,equity,2010-12-31,491458000,2011-03-26,StockholdersEquity,2026-08-27
FICO,grossProfit,2010-12-31,110128000,2011-03-26,GrossProfit,2026-08-27
FICO,liabilities,2010-12-31,644686000,2011-03-26,Liabilities,2026-08-27
FICO,netIncome,2010-12-31,16009000,2011-03-26,NetIncomeLoss,2026-08-27
FICO,operatingCashFlow,2010-12-31,32880000,2011-03-26,NetCashProvidedByUsedInOperatingActivities,2026-08-27
FICO,operatingIncome,2010-12-31,29636000,2011-03-26,OperatingIncomeLoss,2026-08-27
FICO,receivables,2010-12-31,105215000,2011-03-26,AccountsReceivableNetCurrent,2026-08-27
FICO,revenue,2010-12-31,155931000,2011-03-26,SalesRevenueNet,2026-08-27
FICO,rnd,2010-12-31,18061000,2011-03-26,ResearchAndDevelopmentExpense,2026-08-27
FICO,shares,2010-12-31,40062000,2011-03-26,CommonStockSharesOutstanding,2026-08-27
FIS,assets,2010-12-31,14176300000,2011-03-26,Assets,2026-08-27
FIS,cash,2010-12-31,338000000,2011-03-26,CashAndCashEquivalentsAtCarryingValue,2026-08-27
FIS,debt,2010-12-31,4935200000,2011-03-26,LongTermDebtNoncurrent,2026-08-27
FIS,equity,2010-12-31,6403200000,2011-03-26,StockholdersEquity,2026-08-27
FIS,liabilities,2010-12-31,7614700000,2011-03-26,Liabilities,2026-08-27
FIS,receivables,2010-12-31,839400000,2011-03-26,AccountsReceivableNetCurrent,2026-08-27
FISV,assets,2010-12-31,8281000000,2011-03-26,Assets,2026-08-27
FISV,cash,2010-12-31,563000000,2011-03-26,CashAndCashEquivalentsAtCarryingValue,2026-08-27
FISV,debt,2010-12-31,3353000000,2011-03-26,LongTermDebtNoncurrent,2026-08-27
FISV,equity,2010-12-31,3229000000,2011-03-26,StockholdersEquity,2026-08-27
FISV,liabilities,2010-12-31,5052000000,2011-03-26,Liabilities,2026-08-27
FISV,netIncome,2010-12-31,116000000,2011-03-26,NetIncomeLoss,2026-08-27
FISV,operatingIncome,2010-12-31,267000000,2011-03-26,OperatingIncomeLoss,2026-08-27
FISV,receivables,2010-12-31,572000000,2011-03-26,AccountsReceivableNetCurrent,2026-08-27
FISV,revenue,2010-12-31,1078000000,2011-03-26,Revenues,2026-08-27
FITB,assets,2010-12-31,111007000000,2011-03-26,Assets,2026-08-27
FITB,debt,2010-12-31,9558000000,2011-03-26,LongTermDebt,2026-08-27
FITB,equity,2010-12-31,14051000000,2011-03-26,StockholdersEquity,2026-08-27
FITB,liabilities,2010-12-31,96927000000,2011-03-26,Liabilities,2026-08-27
FITB,shares,2010-12-31,796272522,2011-03-26,CommonStockSharesOutstanding,2026-08-27
FIX,assets,2010-12-31,640020000,2011-03-26,Assets,2026-08-27
FIX,cash,2010-12-31,86346000,2011-03-26,CashAndCashEquivalentsAtCarryingValue,2026-08-27
FIX,equity,2010-12-31,312784000,2011-03-26,StockholdersEquity,2026-08-27
FIX,inventory,2010-12-31,9365000,2011-03-26,InventoryNet,2026-08-27
FIX,liabilities,2010-12-31,327236000,2011-03-26,Liabilities,2026-08-27
FIX,receivables,2010-12-31,233893000,2011-03-26,AccountsReceivableNetCurrent,2026-08-27
FLEX,assets,2010-12-31,11704317000,2011-03-26,Assets,2026-08-27
FLEX,cash,2010-12-31,1598058000,2011-03-26,CashAndCashEquivalentsAtCarryingValue,2026-08-27
FLEX,debt,2010-12-31,2204045000,2011-03-26,LongTermDebtNoncurrent,2026-08-27
FLEX,grossProfit,2010-12-31,434880000,2011-03-26,GrossProfit,2026-08-27
FLEX,inventory,2010-12-31,3523410000,2011-03-26,InventoryNet,2026-08-27
FLEX,netIncome,2010-12-31,198290000,2011-03-26,NetIncomeLoss,2026-08-27
FLEX,receivables,2010-12-31,2509095000,2011-03-26,AccountsReceivableNetCurrent,2026-08-27
FLEX,revenue,2010-12-31,7832856000,2011-03-26,Revenues,2026-08-27
FLEX,shares,2010-12-31,759134386,2011-03-26,CommonStockSharesOutstanding,2026-08-27
FRT,assets,2010-12-31,3159553000,2011-03-26,Assets,2026-08-27
FRT,cash,2010-12-31,15797000,2011-03-26,CashAndCashEquivalentsAtCarryingValue,2026-08-27
FRT,equity,2010-12-31,1094736000,2011-03-26,StockholdersEquity,2026-08-27
FRT,liabilities,2010-12-31,1978423000,2011-03-26,Liabilities,2026-08-27
FRT,netIncome,2010-12-31,32816000,2011-03-26,NetIncomeLoss,2026-08-27
FRT,operatingIncome,2010-12-31,58762000,2011-03-26,OperatingIncomeLoss,2026-08-27
FRT,revenue,2010-12-31,137334000,2011-03-26,Revenues,2026-08-27
FRT,shares,2010-12-31,61526418,2011-03-26,CommonStockSharesOutstanding,2026-08-27
FSLR,assets,2010-12-31,4380403000,2011-03-26,Assets,2026-08-27
FSLR,cash,2010-12-31,765689000,2011-03-26,CashAndCashEquivalentsAtCarryingValue,2026-08-27
FSLR,debt,2010-12-31,237391000,2011-03-26,LongTermDebt,2026-08-27
FSLR,equity,2010-12-31,3454945000,2011-03-26,StockholdersEquity,2026-08-27
FSLR,inventory,2010-12-31,195863000,2011-03-26,InventoryNet,2026-08-27
FSLR,liabilities,2010-12-31,925458000,2011-03-26,Liabilities,2026-08-27
FSLR,receivables,2010-12-31,305537000,2011-03-26,AccountsReceivableNetCurrent,2026-08-27
FSLR,shares,2010-12-31,85843511,2011-03-26,CommonStockSharesOutstanding,2026-08-27
FTNT,assets,2010-12-31,545422000,2011-03-26,Assets,2026-08-27
FTNT,cash,2010-12-31,66859000,2011-03-26,CashAndCashEquivalentsAtCarryingValue,2026-08-27
FTNT,equity,2010-12-31,232453000,2011-03-26,StockholdersEquity,2026-08-27
FTNT,inventory,2010-12-31,13517000,2011-03-26,InventoryNet,2026-08-27
FTNT,liabilities,2010-12-31,312968000,2011-03-26,Liabilities,2026-08-27
FTNT,receivables,2010-12-31,72336000,2011-03-26,AccountsReceivableNetCurrent,2026-08-27
FTNT,shares,2010-12-31,148763000,2011-03-26,CommonStockSharesOutstanding,2026-08-27
GD,assets,2010-12-31,32545000000,2011-03-26,Assets,2026-08-27
GD,cash,2010-12-31,2613000000,2011-03-26,CashAndCashEquivalentsAtCarryingValue,2026-08-27
GD,debt,2010-12-31,2430000000,2011-03-26,LongTermDebtNoncurrent,2026-08-27
GD,equity,2010-12-31,13316000000,2011-03-26,StockholdersEquity,2026-08-27
GD,inventory,2010-12-31,2158000000,2011-03-26,InventoryNet,2026-08-27
GD,netIncome,2010-10-03,650000000,2010-11-22,NetIncomeLoss,2026-08-27
GD,operatingIncome,2010-10-03,966000000,2010-11-22,OperatingIncomeLoss,2026-08-27
GD,receivables,2010-12-31,3848000000,2011-03-26,AccountsReceivableNetCurrent,2026-08-27
GD,revenue,2010-10-03,8011000000,2010-11-22,Revenues,2026-08-27
GD,shares,2010-12-31,372052313,2011-03-26,CommonStockSharesOutstanding,2026-08-27
GE,assets,2010-12-31,748491000000,2011-03-26,Assets,2026-08-27
GE,cash,2010-12-31,78943000000,2011-03-26,CashAndCashEquivalentsAtCarryingValue,2026-08-27
GE,equity,2010-12-31,118936000000,2011-03-26,StockholdersEquity,2026-08-27
GE,grossProfit,2010-12-31,8278000000,2011-03-26,GrossProfit,2026-08-27
GE,inventory,2010-12-31,11526000000,2011-03-26,InventoryNet,2026-08-27
GE,liabilities,2010-12-31,623595000000,2011-03-26,Liabilities,2026-08-27
GE,netIncome,2010-12-31,4535000000,2011-03-26,NetIncomeLoss,2026-08-27
GE,receivables,2010-12-31,18621000000,2011-03-26,AccountsReceivableNetCurrent,2026-08-27
GE,revenue,2010-12-31,12814000000,2011-03-26,Revenues,2026-08-27
GE,shares,2010-12-31,10615376000,2011-03-26,CommonStockSharesOutstanding,2026-08-27
GEN,assets,2010-12-31,12163000000,2011-03-26,Assets,2026-08-27
GEN,cash,2010-12-31,2445000000,2011-03-26,CashAndCashEquivalentsAtCarryingValue,2026-08-27
GEN,equity,2010-12-31,4455000000,2011-03-26,StockholdersEquity,2026-08-27
GEN,grossProfit,2010-12-31,1340000000,2011-03-26,GrossProfit,2026-08-27
GEN,inventory,2010-12-31,32000000,2011-03-26,InventoryNet,2026-08-27
GEN,liabilities,2010-12-31,7622000000,2011-03-26,Liabilities,2026-08-27
GEN,netIncome,2010-12-31,132000000,2011-03-26,NetIncomeLoss,2026-08-27
GEN,operatingIncome,2010-12-31,229000000,2011-03-26,OperatingIncomeLoss,2026-08-27
GEN,receivables,2010-12-31,976000000,2011-03-26,AccountsReceivableNetCurrent,2026-08-27
GEN,revenue,2010-12-31,1604000000,2011-03-26,Revenues,2026-08-27
GEN,rnd,2010-12-31,220000000,2011-03-26,ResearchAndDevelopmentExpense,2026-08-27
GILD,assets,2010-12-31,11592630000,2011-03-26,Assets,2026-08-27
GILD,cash,2010-12-31,907879000,2011-03-26,CashAndCashEquivalentsAtCarryingValue,2026-08-27
GILD,equity,2010-12-31,5863729000,2011-03-26,StockholdersEquity,2026-08-27
GILD,grossProfit,2010-12-31,1433901000,2011-03-26,GrossProfit,2026-08-27
GILD,inventory,2010-12-31,1203809000,2011-03-26,InventoryNet,2026-08-27
GILD,netIncome,2010-12-31,629419000,2011-03-26,NetIncomeLoss,2026-08-27
GILD,receivables,2010-12-31,1621966000,2011-03-26,AccountsReceivableNetCurrent,2026-08-27
GILD,revenue,2010-12-31,1998687000,2011-03-26,Revenues,2026-08-27
GILD,shares,2010-12-31,801998000,2011-03-26,CommonStockSharesOutstanding,2026-08-27
GIS,assets,2010-11-28,18378500000,2011-02-21,Assets,2026-08-27
GIS,cash,2010-11-28,566300000,2011-02-21,CashAndCashEquivalentsAtCarryingValue,2026-08-27
GIS,debt,2010-11-28,5875800000,2011-02-21,LongTermDebt,2026-08-27
GIS,equity,2010-11-28,5639600000,2011-02-21,StockholdersEquity,2026-08-27
GIS,grossProfit,2010-11-28,1634000000,2011-02-21,GrossProfit,2026-08-27
GIS,inventory,2010-11-28,1706000000,2011-02-21,InventoryNet,2026-08-27
GIS,liabilities,2010-11-28,12493700000,2011-02-21,Liabilities,2026-08-27
GIS,netIncome,2010-11-28,613900000,2011-02-21,NetIncomeLoss,2026-08-27
GIS,operatingIncome,2010-11-28,822900000,2011-02-21,OperatingIncomeLoss,2026-08-27
GL,assets,2010-12-31,15622973000,2011-03-26,Assets,2026-08-27
GL,cash,2010-12-31,365679000,2011-03-26,CashAndCashEquivalentsAtCarryingValue,2026-08-27
GL,debt,2010-12-31,789643000,2011-03-26,LongTermDebtNoncurrent,2026-08-27
GL,equity,2010-12-31,3667329000,2011-03-26,StockholdersEquity,2026-08-27
GL,liabilities,2010-12-31,11955644000,2011-03-26,Liabilities,2026-08-27
GL,netIncome,2010-12-31,154808000,2011-03-26,NetIncomeLoss,2026-08-27
GL,revenue,2010-12-31,847171000,2011-03-26,Revenues,2026-08-27
GLW,assets,2010-12-31,25833000000,2011-03-26,Assets,2026-08-27
GLW,cash,2010-12-31,4598000000,2011-03-26,CashAndCashEquivalentsAtCarryingValue,2026-08-27
GLW,debt,2010-12-31,2319000000,2011-03-26,LongTermDebt,2026-08-27
GLW,equity,2010-12-31,19375000000,2011-03-26,StockholdersEquity,2026-08-27
GLW,inventory,2010-12-31,738000000,2011-03-26,InventoryNet,2026-08-27
GLW,liabilities,2010-12-31,6407000000,2011-03-26,Liabilities,2026-08-27
GLW,receivables,2010-12-31,973000000,2011-03-26,AccountsReceivableNetCurrent,2026-08-27
GM,assets,2010-12-31,138898000000,2011-03-26,Assets,2026-08-27
GM,cash,2010-12-31,21256000000,2011-03-26,CashAndCashEquivalentsAtCarryingValue,2026-08-27
GM,equity,2010-12-31,36180000000,2011-03-26,StockholdersEquity,2026-08-27
GM,grossProfit,2010-12-31,3582000000,2011-03-26,GrossProfit,2026-08-27
GM,liabilities,2010-12-31,101739000000,2011-03-26,Liabilities,2026-08-27
GM,netIncome,2010-12-31,1406000000,2011-03-26,NetIncomeLoss,2026-08-27
GM,revenue,2010-12-31,36882000000,2011-03-26,Revenues,2026-08-27
GM,shares,2010-12-31,1500136998,2011-03-26,CommonStockSharesOutstanding,2026-08-27
GNRC,assets,2010-12-31,1209883000,2011-03-26,Assets,2026-08-27
GNRC,cash,2010-12-31,78583000,2011-03-26,CashAndCashEquivalentsAtCarryingValue,2026-08-27
GNRC,debt,2010-12-31,657229000,2011-03-26,LongTermDebtNoncurrent,2026-08-27
GNRC,equity,2010-12-31,441067000,2011-03-26,StockholdersEquity,2026-08-27
GNRC,inventory,2010-12-31,127137000,2011-03-26,InventoryNet,2026-08-27
GNRC,liabilities,2010-12-31,768816000,2011-03-26,Liabilities,2026-08-27
GPC,assets,2010-12-31,5788227000,2011-03-26,Assets,2026-08-27
GPC,cash,2010-12-31,529968000,2011-03-26,CashAndCashEquivalentsAtCarryingValue,2026-08-27
GPC,debt,2010-12-31,250000000,2011-03-26,LongTermDebtNoncurrent,2026-08-27
GPC,equity,2010-12-31,2793819000,2011-03-26,StockholdersEquity,2026-08-27
GPC,inventory,2010-12-31,2224717000,2011-03-26,InventoryNet,2026-08-27
GPC,shares,2010-12-31,157636261,2011-03-26,CommonStockSharesOutstanding,2026-08-27
GPN,assets,2010-11-30,2056590000,2011-02-23,Assets,2026-08-27
GPN,cash,2010-11-30,663660000,2011-02-23,CashAndCashEquivalentsAtCarryingValue,2026-08-27
GPN,equity,2010-11-30,988529000,2011-02-23,StockholdersEquity,2026-08-27
GPN,inventory,2010-11-30,7737000,2011-02-23,InventoryNet,2026-08-27
GPN,liabilities,2010-11-30,942846000,2011-02-23,Liabilities,2026-08-27
GPN,netIncome,2010-11-30,53505000,2011-02-23,NetIncomeLoss,2026-08-27
GPN,operatingIncome,2010-11-30,83143000,2011-02-23,OperatingIncomeLoss,2026-08-27
GPN,receivables,2010-11-30,149366000,2011-02-23,AccountsReceivableNetCurrent,2026-08-27
GPN,revenue,2010-11-30,443526000,2011-02-23,Revenues,2026-08-27
GPN,shares,2010-11-30,79745066,2011-02-23,CommonStockSharesOutstanding,2026-08-27
GRMN,assets,2010-12-25,3988688000,2011-03-20,Assets,2026-08-27
GRMN,cash,2010-12-25,1260936000,2011-03-20,CashAndCashEquivalentsAtCarryingValue,2026-08-27
GRMN,equity,2010-12-25,3049562000,2011-03-20,StockholdersEquity,2026-08-27
GRMN,grossProfit,2010-12-25,379793000,2011-03-20,GrossProfit,2026-08-27
GRMN,inventory,2010-12-25,387577000,2011-03-20,InventoryNet,2026-08-27
GRMN,netIncome,2010-12-25,132906000,2011-03-20,NetIncomeLoss,2026-08-27
GRMN,receivables,2010-12-25,747249000,2011-03-20,AccountsReceivableNetCurrent,2026-08-27
GRMN,revenue,2010-12-25,837715000,2011-03-20,SalesRevenueNet,2026-08-27
GRMN,shares,2010-12-25,194358038,2011-03-20,CommonStockSharesOutstanding,2026-08-27
GS,assets,2010-12-31,911332000000,2011-03-26,Assets,2026-08-27
GS,cash,2010-12-31,39788000000,2011-03-26,CashAndCashEquivalentsAtCarryingValue,2026-08-27
GS,debt,2010-12-31,188247000000,2011-03-26,LongTermDebtNoncurrent,2026-08-27
GS,equity,2010-12-31,77356000000,2011-03-26,StockholdersEquity,2026-08-27
GS,liabilities,2010-12-31,833976000000,2011-03-26,Liabilities,2026-08-27
GS,shares,2010-12-31,507530772,2011-03-26,CommonStockSharesOutstanding,2026-08-27
GWW,assets,2010-12-31,3904377000,2011-03-26,Assets,2026-08-27
GWW,cash,2010-12-31,313454000,2011-03-26,CashAndCashEquivalentsAtCarryingValue,2026-08-27
GWW,debt,2010-12-31,420446000,2011-03-26,LongTermDebtNoncurrent,2026-08-27
GWW,equity,2010-12-31,2205216000,2011-03-26,StockholdersEquity,2026-08-27
GWW,grossProfit,2010-12-31,763132000,2011-03-26,GrossProfit,2026-08-27
GWW,inventory,2010-12-31,991577000,2011-03-26,InventoryNet,2026-08-27
GWW,netIncome,2010-12-31,132210000,2011-03-26,NetIncomeLoss,2026-08-27
GWW,operatingIncome,2010-12-31,211402000,2011-03-26,OperatingIncomeLoss,2026-08-27
GWW,receivables,2010-12-31,762895000,2011-03-26,AccountsReceivableNetCurrent,2026-08-27
GWW,revenue,2010-12-31,1826696000,2011-03-26,SalesRevenueNet,2026-08-27
HAL,assets,2010-12-31,18297000000,2011-03-26,Assets,2026-08-27
HAL,cash,2010-12-31,1398000000,2011-03-26,CashAndCashEquivalentsAtCarryingValue,2026-08-27
HAL,debt,2010-12-31,3824000000,2011-03-26,LongTermDebtNoncurrent,2026-08-27
HAL,equity,2010-12-31,10373000000,2011-03-26,StockholdersEquity,2026-08-27
HAL,inventory,2010-12-31,1940000000,2011-03-26,InventoryNet,2026-08-27
HAL,liabilities,2010-12-31,7910000000,2011-03-26,Liabilities,2026-08-27
HAL,shares,2010-12-31,910000000,2011-03-26,CommonStockSharesOutstanding,2026-08-27
HAS,assets,2010-12-26,4093226000,2011-03-21,Assets,2026-08-27
HAS,cash,2010-12-26,727796000,2011-03-21,CashAndCashEquivalentsAtCarryingValue,2026-08-27
HAS,debt,2010-12-26,1397681000,2011-03-21,LongTermDebtNoncurrent,2026-08-27
HAS,equity,2010-12-26,1615420000,2011-03-21,StockholdersEquity,2026-08-27
HAS,inventory,2010-12-26,364194000,2011-03-21,InventoryNet,2026-08-27
HAS,liabilities,2010-12-26,2477806000,2011-03-21,Liabilities,2026-08-27
HAS,netIncome,2010-12-26,140014000,2011-03-21,NetIncomeLoss,2026-08-27
HAS,operatingIncome,2010-12-26,201049000,2011-03-21,OperatingIncomeLoss,2026-08-27
HAS,receivables,2010-12-26,961252000,2011-03-21,AccountsReceivableNetCurrent,2026-08-27
HAS,revenue,2010-12-26,1278697000,2011-03-21,SalesRevenueNet,2026-08-27
HBAN,assets,2010-12-31,53819642000,2011-03-26,Assets,2026-08-27
HBAN,cash,2010-12-31,1115968000,2011-03-26,CashAndCashEquivalentsAtCarryingValue,2026-08-27
HBAN,equity,2010-12-31,5416121000,2011-03-26,StockholdersEquity,2026-08-27
HBAN,liabilities,2010-12-31,48839100000,2011-03-26,Liabilities,2026-08-27
HBAN,netIncome,2010-12-31,122900000,2011-03-26,NetIncomeLoss,2026-08-27
HBAN,shares,2010-12-31,863319435,2011-03-26,CommonStockSharesOutstanding,2026-08-27
HCA,assets,2010-12-31,23852000000,2011-03-26,Assets,2026-08-27
HCA,cash,2010-12-31,411000000,2011-03-26,CashAndCashEquivalentsAtCarryingValue,2026-08-27
HCA,debt,2010-12-31,27633000000,2011-03-26,LongTermDebtNoncurrent,2026-08-27
HCA,equity,2010-12-31,11926000000,2011-03-26,StockholdersEquity,2026-08-27
HCA,inventory,2010-12-31,897000000,2011-03-26,InventoryNet,2026-08-27
HCA,netIncome,2010-12-31,283000000,2011-03-26,NetIncomeLoss,2026-08-27
HCA,receivables,2010-12-31,3832000000,2011-03-26,AccountsReceivableNetCurrent,2026-08-27
HCA,shares,2010-12-31,427458800,2011-03-26,CommonStockSharesOutstanding,2026-08-27
HD,assets,2010-10-31,41741000000,2010-12-20,Assets,2026-08-27
HD,cash,2010-10-31,1425000000,2010-12-20,CashAndCashEquivalentsAtCarryingValue,2026-08-27
HD,equity,2010-10-31,19115000000,2010-12-20,StockholdersEquity,2026-08-27
HD,grossProfit,2010-10-31,5685000000,2010-12-20,GrossProfit,2026-08-27
HD,liabilities,2010-10-31,22626000000,2010-12-20,Liabilities,2026-08-27
HD,netIncome,2010-10-31,834000000,2010-12-20,NetIncomeLoss,2026-08-27
HD,operatingIncome,2010-10-31,1448000000,2010-12-20,OperatingIncomeLoss,2026-08-27
HD,receivables,2010-10-31,1295000000,2010-12-20,AccountsReceivableNetCurrent,2026-08-27
HD,revenue,2010-10-31,16598000000,2010-12-20,Revenues,2026-08-27
HD,shares,2010-10-31,1642000000,2010-12-20,CommonStockSharesOutstanding,2026-08-27
HIG,assets,2010-12-31,318346000000,2011-03-26,Assets,2026-08-27
HIG,debt,2010-12-31,6207000000,2011-03-26,LongTermDebtNoncurrent,2026-08-27
HIG,equity,2010-12-31,18754000000,2011-03-26,StockholdersEquity,2026-08-27
HIG,liabilities,2010-12-31,298035000000,2011-03-26,Liabilities,2026-08-27
HIG,netIncome,2010-12-31,619000000,2011-03-26,NetIncomeLoss,2026-08-27
HIG,revenue,2010-12-31,5930000000,2011-03-26,Revenues,2026-08-27
HII,assets,2010-12-31,5240000000,2011-03-26,Assets,2026-08-27
HII,cash,2010-12-31,0,2011-03-26,CashAndCashEquivalentsAtCarryingValue,2026-08-27
HII,debt,2010-12-31,105000000,2011-03-26,LongTermDebtNoncurrent,2026-08-27
HII,equity,2010-12-31,1407000000,2011-03-26,StockholdersEquity,2026-08-27
HII,inventory,2010-12-31,293000000,2011-03-26,InventoryNet,2026-08-27
HII,liabilities,2010-12-31,3833000000,2011-03-26,Liabilities,2026-08-27
HII,receivables,2010-12-31,728000000,2011-03-26,AccountsReceivableNetCurrent,2026-08-27
HII,shares,2010-12-31,0,2011-03-26,CommonStockSharesOutstanding,2026-08-27
HON,assets,2010-12-31,37834000000,2011-03-26,Assets,2026-08-27
HON,cash,2010-12-31,2650000000,2011-03-26,CashAndCashEquivalentsAtCarryingValue,2026-08-27
HON,debt,2010-12-31,6278000000,2011-03-26,LongTermDebt,2026-08-27
HON,equity,2010-12-31,10666000000,2011-03-26,StockholdersEquity,2026-08-27
HON,grossProfit,2010-12-31,1832000000,2011-03-26,GrossProfit,2026-08-27
HON,inventory,2010-12-31,3822000000,2011-03-26,InventoryNet,2026-08-27
HON,netIncome,2010-12-31,369000000,2011-03-26,NetIncomeLoss,2026-08-27
HON,receivables,2010-12-31,6841000000,2011-03-26,AccountsReceivableNetCurrent,2026-08-27
HON,revenue,2010-12-31,8749000000,2011-03-26,Revenues,2026-08-27
HON,shares,2010-12-31,783000000,2011-03-26,CommonStockSharesOutstanding,2026-08-27
HPQ,assets,2010-10-31,124503000000,2010-12-20,Assets,2026-08-27
HPQ,cash,2010-10-31,10929000000,2010-12-20,CashAndCashEquivalentsAtCarryingValue,2026-08-27
HPQ,debt,2010-10-31,16777000000,2010-12-20,LongTermDebt,2026-08-27
HPQ,equity,2010-10-31,40449000000,2010-12-20,StockholdersEquity,2026-08-27
HPQ,inventory,2010-10-31,6466000000,2010-12-20,InventoryNet,2026-08-27
HPQ,receivables,2010-10-31,18481000000,2010-12-20,AccountsReceivableNetCurrent,2026-08-27
HPQ,shares,2010-10-31,2204000000,2010-12-20,CommonStockSharesOutstanding,2026-08-27
HRL,assets,2010-10-31,4053918000,2010-12-20,Assets,2026-08-27
HRL,cash,2010-10-31,467845000,2010-12-20,CashAndCashEquivalentsAtCarryingValue,2026-08-27
HRL,debt,2010-10-31,0,2010-12-20,LongTermDebtNoncurrent,2026-08-27
HRL,equity,2010-10-31,2400657000,2010-12-20,StockholdersEquity,2026-08-27
HRL,grossProfit,2010-10-31,354973000,2010-12-20,GrossProfit,2026-08-27
HRL,inventory,2010-10-31,793771000,2010-12-20,InventoryNet,2026-08-27
HRL,receivables,2010-10-31,430939000,2010-12-20,AccountsReceivableNetCurrent,2026-08-27
HRL,revenue,2010-10-31,2063039000,2010-12-20,SalesRevenueNet,2026-08-27
HSIC,assets,2010-12-25,4547471000,2011-03-20,Assets,2026-08-27
HSIC,cash,2010-12-25,150348000,2011-03-20,CashAndCashEquivalentsAtCarryingValue,2026-08-27
HSIC,debt,2010-12-25,395309000,2011-03-20,LongTermDebtNoncurrent,2026-08-27
HSIC,equity,2010-12-25,2411625000,2011-03-20,StockholdersEquity,2026-08-27
HSIC,grossProfit,2010-12-25,574743000,2011-03-20,GrossProfit,2026-08-27
HSIC,inventory,2010-12-25,870206000,2011-03-20,InventoryNet,2026-08-27
HSIC,liabilities,2010-12-25,1830374000,2011-03-20,Liabilities,2026-08-27
HSIC,netIncome,2010-12-25,92995000,2011-03-20,NetIncomeLoss,2026-08-27
HSIC,operatingIncome,2010-12-25,141998000,2011-03-20,OperatingIncomeLoss,2026-08-27
HSIC,receivables,2010-12-25,885784000,2011-03-20,AccountsReceivableNetCurrent,2026-08-27
HSIC,shares,2010-12-25,91939477,2011-03-20,CommonStockSharesOutstanding,2026-08-27
HST,cash,2010-12-31,1113000000,2011-03-26,CashAndCashEquivalentsAtCarryingValue,2026-08-27
HST,shares,2010-12-31,675600000,2011-03-26,CommonStockSharesOutstanding,2026-08-27
HSY,assets,2010-12-31,4272732000,2011-03-26,Assets,2026-08-27
HSY,cash,2010-12-31,884642000,2011-03-26,CashAndCashEquivalentsAtCarryingValue,2026-08-27
HSY,debt,2010-12-31,1803217000,2011-03-26,LongTermDebt,2026-08-27
HSY,equity,2010-12-31,902316000,2011-03-26,StockholdersEquity,2026-08-27
HSY,grossProfit,2010-12-31,619470000,2011-03-26,GrossProfit,2026-08-27
HSY,inventory,2010-12-31,533622000,2011-03-26,InventoryNet,2026-08-27
HSY,liabilities,2010-12-31,3335131000,2011-03-26,Liabilities,2026-08-27
HSY,netIncome,2010-12-31,135513000,2011-03-26,NetIncomeLoss,2026-08-27
HSY,receivables,2010-12-31,390061000,2011-03-26,AccountsReceivableNetCurrent,2026-08-27
HSY,revenue,2010-12-31,1482809000,2011-03-26,SalesRevenueNet,2026-08-27
HSY,shares,2010-12-31,227030232,2011-03-26,CommonStockSharesOutstanding,2026-08-27
HUBB,assets,2010-12-31,2705800000,2011-03-26,Assets,2026-08-27
HUBB,cash,2010-12-31,520700000,2011-03-26,CashAndCashEquivalentsAtCarryingValue,2026-08-27
HUBB,debt,2010-12-31,595900000,2011-03-26,LongTermDebtNoncurrent,2026-08-27
HUBB,equity,2010-12-31,1459200000,2011-03-26,StockholdersEquity,2026-08-27
HUBB,grossProfit,2010-12-31,206800000,2011-03-26,GrossProfit,2026-08-27
HUBB,inventory,2010-12-31,298400000,2011-03-26,InventoryNet,2026-08-27
HUBB,liabilities,2010-12-31,1242300000,2011-03-26,Liabilities,2026-08-27
HUBB,netIncome,2010-12-31,49700000,2011-03-26,NetIncomeLoss,2026-08-27
HUBB,revenue,2010-12-31,639300000,2011-03-26,SalesRevenueNet,2026-08-27
HUM,assets,2010-12-31,16103000000,2011-03-26,Assets,2026-08-27
HUM,cash,2010-12-31,1673000000,2011-03-26,CashAndCashEquivalentsAtCarryingValue,2026-08-27
HUM,debt,2010-12-31,1669000000,2011-03-26,LongTermDebtNoncurrent,2026-08-27
HUM,equity,2010-12-31,6924000000,2011-03-26,StockholdersEquity,2026-08-27
HUM,liabilities,2010-12-31,9179000000,2011-03-26,Liabilities,2026-08-27
HUM,netIncome,2010-12-31,107000000,2011-03-26,NetIncomeLoss,2026-08-27
HUM,revenue,2010-12-31,8276000000,2011-03-26,Revenues,2026-08-27
HWM,assets,2010-12-31,39293000000,2011-03-26,Assets,2026-08-27
HWM,cash,2010-12-31,1543000000,2011-03-26,CashAndCashEquivalentsAtCarryingValue,2026-08-27
HWM,debt,2010-12-31,8842000000,2011-03-26,LongTermDebtNoncurrent,2026-08-27
HWM,equity,2010-12-31,13611000000,2011-03-26,StockholdersEquity,2026-08-27
HWM,inventory,2010-12-31,2584000000,2011-03-26,InventoryNet,2026-08-27
HWM,liabilities,2010-12-31,22207000000,2011-03-26,Liabilities,2026-08-27
HWM,netIncome,2010-12-31,258000000,2011-03-26,NetIncomeLoss,2026-08-27
HWM,receivables,2010-12-31,1591000000,2011-03-26,AccountsReceivableNetCurrent,2026-08-27
HWM,shares,2010-12-31,1022025965,2011-03-26,CommonStockSharesOutstanding,2026-08-27
IBKR,assets,2010-12-31,28500039000,2011-03-26,Assets,2026-08-27
IBKR,cash,2010-12-31,1023816000,2011-03-26,CashAndCashEquivalentsAtCarryingValue,2026-08-27
IBKR,equity,2010-12-31,-2029222000,2011-03-26,StockholdersEquity,2026-08-27
IBKR,liabilities,2010-12-31,24206954000,2011-03-26,Liabilities,2026-08-27
IBM,assets,2010-12-31,113452000000,2011-03-26,Assets,2026-08-27
IBM,cash,2010-12-31,10661000000,2011-03-26,CashAndCashEquivalentsAtCarryingValue,2026-08-27
IBM,debt,2010-12-31,21846000000,2011-03-26,LongTermDebtNoncurrent,2026-08-27
IBM,equity,2010-12-31,23046000000,2011-03-26,StockholdersEquity,2026-08-27
IBM,inventory,2010-12-31,2450000000,2011-03-26,InventoryNet,2026-08-27
IBM,liabilities,2010-12-31,90279000000,2011-03-26,Liabilities,2026-08-27
IBM,receivables,2010-12-31,10834000000,2011-03-26,AccountsReceivableNetCurrent,2026-08-27
IBM,shares,2010-12-31,1227993544,2011-03-26,CommonStockSharesOutstanding,2026-08-27
ICE,cash,2010-12-31,961000000,2011-03-26,CashAndCashEquivalentsAtCarryingValue,2026-08-27
IDXX,assets,2010-12-31,897144000,2011-03-26,Assets,2026-08-27
IDXX,cash,2010-12-31,156915000,2011-03-26,CashAndCashEquivalentsAtCarryingValue,2026-08-27
IDXX,equity,2010-12-31,574235000,2011-03-26,StockholdersEquity,2026-08-27
IDXX,grossProfit,2010-12-31,144771000,2011-03-26,GrossProfit,2026-08-27
IDXX,inventory,2010-12-31,127885000,2011-03-26,InventoryNet,2026-08-27
IDXX,liabilities,2010-12-31,322863000,2011-03-26,Liabilities,2026-08-27
IDXX,netIncome,2010-12-31,36371000,2011-03-26,NetIncomeLoss,2026-08-27
IDXX,operatingIncome,2010-12-31,50804000,2011-03-26,OperatingIncomeLoss,2026-08-27
IDXX,receivables,2010-12-31,120080000,2011-03-26,AccountsReceivableNetCurrent,2026-08-27
IDXX,revenue,2010-12-31,283757000,2011-03-26,SalesRevenueNet,2026-08-27
IEX,assets,2010-12-31,2381695000,2011-03-26,Assets,2026-08-27
IEX,cash,2010-12-31,235136000,2011-03-26,CashAndCashEquivalentsAtCarryingValue,2026-08-27
IEX,debt,2010-12-31,408450000,2011-03-26,LongTermDebtNoncurrent,2026-08-27
IEX,equity,2010-12-31,1375660000,2011-03-26,StockholdersEquity,2026-08-27
IEX,grossProfit,2010-12-31,161988000,2011-03-26,GrossProfit,2026-08-27
IEX,inventory,2010-12-31,196546000,2011-03-26,InventoryNet,2026-08-27
IEX,liabilities,2010-12-31,1006035000,2011-03-26,Liabilities,2026-08-27
IEX,netIncome,2010-12-31,41513000,2011-03-26,NetIncomeLoss,2026-08-27
IEX,operatingIncome,2010-12-31,66004000,2011-03-26,OperatingIncomeLoss,2026-08-27
IEX,revenue,2010-12-31,405218000,2011-03-26,SalesRevenueNet,2026-08-27
IFF,assets,2010-12-31,2872455000,2011-03-26,Assets,2026-08-27
IFF,cash,2010-12-31,88279000,2011-03-26,CashAndCashEquivalentsAtCarryingValue,2026-08-27
IFF,debt,2010-12-31,787668000,2011-03-26,LongTermDebtNoncurrent,2026-08-27
IFF,equity,2010-12-31,999422000,2011-03-26,StockholdersEquity,2026-08-27
IFF,inventory,2010-12-31,531675000,2011-03-26,InventoryNet,2026-08-27
IFF,shares,2010-12-31,80210365,2011-03-26,CommonStockSharesOutstanding,2026-08-27
INCY,assets,2010-12-31,489581000,2011-03-26,Assets,2026-08-27
INCY,cash,2010-12-31,417912000,2011-03-26,CashAndCashEquivalentsAtCarryingValue,2026-08-27
INCY,debt,2010-12-31,293432000,2011-03-26,LongTermDebtNoncurrent,2026-08-27
INCY,equity,2010-12-31,-88644000,2011-03-26,StockholdersEquity,2026-08-27
INCY,liabilities,2010-12-31,578225000,2011-03-26,Liabilities,2026-08-27
INCY,revenue,2010-12-31,85870000,2011-03-26,Revenues,2026-08-27
INCY,shares,2010-12-31,123280474,2011-03-26,CommonStockSharesOutstanding,2026-08-27
INTC,assets,2010-12-25,63186000000,2011-03-20,Assets,2026-08-27
INTC,cash,2010-12-25,5498000000,2011-03-20,CashAndCashEquivalentsAtCarryingValue,2026-08-27
INTC,debt,2010-12-25,2077000000,2011-03-20,LongTermDebtNoncurrent,2026-08-27
INTC,equity,2010-12-25,49430000000,2011-03-20,StockholdersEquity,2026-08-27
INTC,inventory,2010-12-25,3757000000,2011-03-20,InventoryNet,2026-08-27
INTC,receivables,2010-12-25,2867000000,2011-03-20,AccountsReceivableNetCurrent,2026-08-27
INTC,shares,2010-12-25,5511000000,2011-03-20,CommonStockSharesOutstanding,2026-08-27
INTU,assets,2010-10-31,4943000000,2010-12-20,Assets,2026-08-27
INTU,buybacks,2010-10-31,330000000,2010-12-20,PaymentsForRepurchaseOfCommonStock,2026-08-27
INTU,capex,2010-10-31,51000000,2010-12-20,PaymentsToAcquirePropertyPlantAndEquipment,2026-08-27
INTU,cash,2010-10-31,112000000,2010-12-20,CashAndCashEquivalentsAtCarryingValue,2026-08-27
INTU,equity,2010-10-31,2615000000,2010-12-20,StockholdersEquity,2026-08-27
INTU,liabilities,2010-10-31,2328000000,2010-12-20,Liabilities,2026-08-27
INTU,netIncome,2010-10-31,-64000000,2010-12-20,NetIncomeLoss,2026-08-27
INTU,operatingCashFlow,2010-10-31,-211000000,2010-12-20,NetCashProvidedByUsedInOperatingActivities,2026-08-27
INTU,operatingIncome,2010-10-31,-80000000,2010-12-20,OperatingIncomeLoss,2026-08-27
INTU,receivables,2010-10-31,147000000,2010-12-20,AccountsReceivableNetCurrent,2026-08-27
INTU,revenue,2010-10-31,491000000,2010-12-20,SalesRevenueNet,2026-08-27
INTU,rnd,2010-10-31,156000000,2010-12-20,ResearchAndDevelopmentExpense,2026-08-27
IP,assets,2010-12-31,25409000000,2011-03-26,Assets,2026-08-27
IP,cash,2010-12-31,2073000000,2011-03-26,CashAndCashEquivalentsAtCarryingValue,2026-08-27
IP,debt,2010-12-31,8358000000,2011-03-26,LongTermDebtNoncurrent,2026-08-27
IP,equity,2010-12-31,6875000000,2011-03-26,StockholdersEquity,2026-08-27
IP,grossProfit,2010-12-31,1761000000,2011-03-26,GrossProfit,2026-08-27
IP,inventory,2010-12-31,2347000000,2011-03-26,InventoryNet,2026-08-27
IP,netIncome,2010-12-31,330000000,2011-03-26,NetIncomeLoss,2026-08-27
IP,revenue,2010-12-31,6531000000,2011-03-26,SalesRevenueNet,2026-08-27
IP,shares,2010-12-31,438900000,2011-03-26,CommonStockSharesOutstanding,2026-08-27
IQV,cash,2010-12-31,646615000,2011-03-26,CashAndCashEquivalentsAtCarryingValue,2026-08-27
IQV,shares,2010-12-31,116399585,2011-03-26,CommonStockSharesOutstanding,2026-08-27
IRM,assets,2010-12-31,6416393000,2011-03-26,Assets,2026-08-27
IRM,cash,2010-12-31,258693000,2011-03-26,CashAndCashEquivalentsAtCarryingValue,2026-08-27
IRM,equity,2010-12-31,1945448000,2011-03-26,StockholdersEquity,2026-08-27
IRM,operatingIncome,2010-12-31,146243000,2011-03-26,OperatingIncomeLoss,2026-08-27
IRM,receivables,2010-12-31,524326000,2011-03-26,AccountsReceivableNetCurrent,2026-08-27
IRM,shares,2010-12-31,200064066,2011-03-26,CommonStockSharesOutstanding,2026-08-27
ISRG,assets,2010-12-31,2390400000,2011-03-26,Assets,2026-08-27
ISRG,cash,2010-12-31,279800000,2011-03-26,CashAndCashEquivalentsAtCarryingValue,2026-08-27
ISRG,equity,2010-12-31,2037400000,2011-03-26,StockholdersEquity,2026-08-27
ISRG,grossProfit,2010-12-31,282100000,2011-03-26,GrossProfit,2026-08-27
ISRG,inventory,2010-12-31,86800000,2011-03-26,InventoryNet,2026-08-27
ISRG,liabilities,2010-12-31,353000000,2011-03-26,Liabilities,2026-08-27
ISRG,netIncome,2010-12-31,121200000,2011-03-26,NetIncomeLoss,2026-08-27
ISRG,receivables,2010-12-31,246800000,2011-03-26,AccountsReceivableNetCurrent,2026-08-27
ISRG,revenue,2010-12-31,389300000,2011-03-26,SalesRevenueNet,2026-08-27
ISRG,shares,2010-12-31,38900000,2011-03-26,CommonStockSharesOutstanding,2026-08-27
IT,assets,2010-12-31,1285658000,2011-03-26,Assets,2026-08-27
IT,cash,2010-12-31,120181000,2011-03-26,CashAndCashEquivalentsAtCarryingValue,2026-08-27
IT,debt,2010-12-31,180000000,2011-03-26,LongTermDebtNoncurrent,2026-08-27
IT,equity,2010-12-31,187056000,2011-03-26,StockholdersEquity,2026-08-27
IT,liabilities,2010-12-31,1098602000,2011-03-26,Liabilities,2026-08-27
IT,receivables,2010-12-31,364818000,2011-03-26,AccountsReceivableNetCurrent,2026-08-27
ITW,assets,2010-12-31,16412311000,2011-03-26,Assets,2026-08-27
ITW,cash,2010-12-31,1186000000,2011-03-26,CashAndCashEquivalentsAtCarryingValue,2026-08-27
ITW,debt,2010-12-31,2542087000,2011-03-26,LongTermDebtNoncurrent,2026-08-27
ITW,inventory,2010-12-31,1634856000,2011-03-26,InventoryNet,2026-08-27
IVZ,assets,2010-12-31,20444100000,2011-03-26,Assets,2026-08-27
IVZ,cash,2010-12-31,740500000,2011-03-26,CashAndCashEquivalentsAtCarryingValue,2026-08-27
IVZ,debt,2010-12-31,1315700000,2011-03-26,LongTermDebtNoncurrent,2026-08-27
IVZ,equity,2010-12-31,8264600000,2011-03-26,StockholdersEquity,2026-08-27
IVZ,liabilities,2010-12-31,11083200000,2011-03-26,Liabilities,2026-08-27
IVZ,receivables,2010-12-31,424700000,2011-03-26,AccountsReceivableNetCurrent,2026-08-27
IVZ,shares,2010-12-31,460100000,2011-03-26,CommonStockSharesOutstanding,2026-08-27
J,assets,2010-12-31,4906636000,2011-03-26,Assets,2026-08-27
J,capex,2010-12-31,6664000,2011-03-26,PaymentsToAcquirePropertyPlantAndEquipment,2026-08-27
J,cash,2010-12-31,1039683000,2011-03-26,CashAndCashEquivalentsAtCarryingValue,2026-08-27
J,debt,2010-12-31,11837000,2011-03-26,LongTermDebtNoncurrent,2026-08-27
J,equity,2010-12-31,2947359000,2011-03-26,StockholdersEquity,2026-08-27
J,netIncome,2010-12-31,65823000,2011-03-26,NetIncomeLoss,2026-08-27
J,operatingCashFlow,2010-12-31,145770000,2011-03-26,NetCashProvidedByUsedInOperatingActivities,2026-08-27
J,operatingIncome,2010-12-31,103619000,2011-03-26,OperatingIncomeLoss,2026-08-27
J,revenue,2010-12-31,2356175000,2011-03-26,Revenues,2026-08-27
J,shares,2010-12-31,126265045,2011-03-26,CommonStockSharesOutstanding,2026-08-27
JBHT,assets,2010-12-31,1962000000,2011-03-26,Assets,2026-08-27
JBHT,cash,2010-12-31,7651000,2011-03-26,CashAndCashEquivalentsAtCarryingValue,2026-08-27
JBHT,debt,2010-12-31,454207000,2011-03-26,LongTermDebtNoncurrent,2026-08-27
JBHT,equity,2010-12-31,573021000,2011-03-26,StockholdersEquity,2026-08-27
JBHT,inventory,2010-12-31,17336000,2011-03-26,InventoryNet,2026-08-27
JBHT,liabilities,2010-12-31,1388639000,2011-03-26,Liabilities,2026-08-27
JBHT,receivables,2010-12-31,351187000,2011-03-26,AccountsReceivableNetCurrent,2026-08-27
JBHT,shares,2010-12-31,121490168,2011-03-26,CommonStockSharesOutstanding,2026-08-27
JBL,assets,2010-11-30,6384454000,2011-02-23,Assets,2026-08-27
JBL,buybacks,2010-11-30,9633000,2011-02-23,PaymentsForRepurchaseOfCommonStock,2026-08-27
JBL,capex,2010-11-30,101269000,2011-02-23,PaymentsToAcquirePropertyPlantAndEquipment,2026-08-27
JBL,cash,2010-11-30,630154000,2011-02-23,CashAndCashEquivalentsAtCarryingValue,2026-08-27
JBL,equity,2010-11-30,1691411000,2011-02-23,StockholdersEquity,2026-08-27
JBL,grossProfit,2010-11-30,310591000,2011-02-23,GrossProfit,2026-08-27
JBL,inventory,2010-11-30,2158235000,2011-02-23,InventoryNet,2026-08-27
JBL,liabilities,2010-11-30,4677327000,2011-02-23,Liabilities,2026-08-27
JBL,netIncome,2010-11-30,106677000,2011-02-23,NetIncomeLoss,2026-08-27
JBL,operatingCashFlow,2010-11-30,-82728000,2011-02-23,NetCashProvidedByUsedInOperatingActivities,2026-08-27
JBL,operatingIncome,2010-11-30,156000000,2011-02-23,OperatingIncomeLoss,2026-08-27
JBL,receivables,2010-11-30,1183949000,2011-02-23,AccountsReceivableNetCurrent,2026-08-27
JBL,revenue,2010-11-30,4082181000,2011-02-23,SalesRevenueNet,2026-08-27
JBL,rnd,2010-11-30,5741000,2011-02-23,ResearchAndDevelopmentExpense,2026-08-27
JBL,shares,2010-11-30,212603364,2011-02-23,CommonStockSharesOutstanding,2026-08-27
JCI,assets,2010-12-24,26382000000,2011-03-19,Assets,2026-08-27
JCI,buybacks,2010-12-24,500000000,2011-03-19,PaymentsForRepurchaseOfCommonStock,2026-08-27
JCI,capex,2010-12-24,179000000,2011-03-19,PaymentsToAcquireProductiveAssets,2026-08-27
JCI,cash,2010-12-24,2062000000,2011-03-19,CashAndCashEquivalentsAtCarryingValue,2026-08-27
JCI,debt,2010-12-24,4153000000,2011-03-19,LongTermDebt,2026-08-27
JCI,equity,2010-12-24,14189000000,2011-03-19,StockholdersEquity,2026-08-27
JCI,grossProfit,2010-12-24,1629000000,2011-03-19,GrossProfit,2026-08-27
JCI,inventory,2010-12-24,1253000000,2011-03-19,InventoryNet,2026-08-27
JCI,liabilities,2010-12-24,12186000000,2011-03-19,Liabilities,2026-08-27
JCI,netIncome,2010-12-24,659000000,2011-03-19,NetIncomeLoss,2026-08-27
JCI,operatingCashFlow,2010-12-24,246000000,2011-03-19,NetCashProvidedByUsedInOperatingActivitiesContinuingOperations,2026-08-27
JCI,operatingIncome,2010-12-24,706000000,2011-03-19,OperatingIncomeLoss,2026-08-27
JCI,receivables,2010-12-24,2220000000,2011-03-19,AccountsReceivableNetCurrent,2026-08-27
JCI,revenue,2010-12-24,4379000000,2011-03-19,Revenues,2026-08-27
JKHY,assets,2010-12-31,1397646000,2011-03-26,Assets,2026-08-27
JKHY,cash,2010-12-31,46871000,2011-03-26,CashAndCashEquivalentsAtCarryingValue,2026-08-27
JKHY,equity,2010-12-31,819147000,2011-03-26,StockholdersEquity,2026-08-27
JKHY,grossProfit,2010-12-31,102819000,2011-03-26,GrossProfit,2026-08-27
JKHY,liabilities,2010-12-31,578499000,2011-03-26,Liabilities,2026-08-27
JKHY,netIncome,2010-12-31,36045000,2011-03-26,NetIncomeLoss,2026-08-27
JKHY,operatingIncome,2010-12-31,54989000,2011-03-26,OperatingIncomeLoss,2026-08-27
JKHY,revenue,2010-12-31,242635000,2011-03-26,Revenues,2026-08-27
JKHY,rnd,2010-12-31,15837000,2011-03-26,ResearchAndDevelopmentExpense,2026-08-27
JNJ,assets,2010-10-03,98247000000,2010-11-22,Assets,2026-08-27
JNJ,cash,2010-10-03,14338000000,2010-11-22,CashAndCashEquivalentsAtCarryingValue,2026-08-27
JNJ,debt,2010-10-03,9182000000,2010-11-22,LongTermDebtNoncurrent,2026-08-27
JNJ,grossProfit,2010-10-03,10388000000,2010-11-22,GrossProfit,2026-08-27
JNJ,inventory,2010-10-03,5409000000,2010-11-22,InventoryNet,2026-08-27
JNJ,liabilities,2010-10-03,40956000000,2010-11-22,Liabilities,2026-08-27
JNJ,netIncome,2010-10-03,3417000000,2010-11-22,NetIncomeLoss,2026-08-27
JNJ,operatingIncome,2010-10-03,4361000000,2010-11-22,OperatingIncomeLoss,2026-08-27
JNJ,receivables,2010-10-03,10290000000,2010-11-22,AccountsReceivableNetCurrent,2026-08-27
JPM,assets,2010-12-31,2117605000000,2011-03-26,Assets,2026-08-27
JPM,debt,2010-12-31,270653000000,2011-03-26,LongTermDebt,2026-08-27
JPM,equity,2010-12-31,176106000000,2011-03-26,StockholdersEquity,2026-08-27
JPM,liabilities,2010-12-31,1941499000000,2011-03-26,Liabilities,2026-08-27
JPM,shares,2010-12-31,3910300000,2011-03-26,CommonStockSharesOutstanding,2026-08-27
KDP,assets,2010-12-31,8859000000,2011-03-26,Assets,2026-08-27
KDP,cash,2010-12-31,315000000,2011-03-26,CashAndCashEquivalentsAtCarryingValue,2026-08-27
KDP,debt,2010-12-31,1677000000,2011-03-26,LongTermDebtNoncurrent,2026-08-27
KDP,equity,2010-12-31,2459000000,2011-03-26,StockholdersEquity,2026-08-27
KDP,grossProfit,2010-12-31,858000000,2011-03-26,GrossProfit,2026-08-27
KDP,inventory,2010-12-31,244000000,2011-03-26,InventoryNet,2026-08-27
KDP,liabilities,2010-12-31,6400000000,2011-03-26,Liabilities,2026-08-27
KDP,netIncome,2010-12-31,112000000,2011-03-26,NetIncomeLoss,2026-08-27
KDP,receivables,2010-12-31,536000000,2011-03-26,AccountsReceivableNetCurrent,2026-08-27
KDP,revenue,2010-12-31,1412000000,2011-03-26,SalesRevenueNet,2026-08-27
KDP,shares,2010-12-31,223936156,2011-03-26,CommonStockSharesOutstanding,2026-08-27
KEY,assets,2010-12-31,91843000000,2011-03-26,Assets,2026-08-27
KEY,debt,2010-12-31,10592000000,2011-03-26,LongTermDebt,2026-08-27
KEY,equity,2010-12-31,11117000000,2011-03-26,StockholdersEquity,2026-08-27
KEY,liabilities,2010-12-31,80469000000,2011-03-26,Liabilities,2026-08-27
KIM,assets,2010-12-31,9833875000,2011-03-26,Assets,2026-08-27
KIM,cash,2010-12-31,125154000,2011-03-26,CashAndCashEquivalentsAtCarryingValue,2026-08-27
KIM,equity,2010-12-31,4935842000,2011-03-26,StockholdersEquity,2026-08-27
KIM,liabilities,2010-12-31,4577529000,2011-03-26,Liabilities,2026-08-27
KIM,netIncome,2010-12-31,37088000,2011-03-26,NetIncomeLoss,2026-08-27
KIM,shares,2010-12-31,406423514,2011-03-26,CommonStockSharesOutstanding,2026-08-27
KKR,assets,2010-12-31,38391157000,2011-03-26,Assets,2026-08-27
KKR,cash,2010-12-31,738693000,2011-03-26,CashAndCashEquivalentsAtCarryingValue,2026-08-27
KKR,liabilities,2010-12-31,2391115000,2011-03-26,Liabilities,2026-08-27
KKR,netIncome,2010-12-31,180579000,2011-03-26,NetIncomeLoss,2026-08-27
KLAC,assets,2010-12-31,4168461000,2011-03-26,Assets,2026-08-27
KLAC,cash,2010-12-31,596104000,2011-03-26,CashAndCashEquivalentsAtCarryingValue,2026-08-27
KLAC,equity,2010-12-31,2466234000,2011-03-26,StockholdersEquity,2026-08-27
KLAC,grossProfit,2010-12-31,454929000,2011-03-26,GrossProfit,2026-08-27
KLAC,inventory,2010-12-31,504697000,2011-03-26,InventoryNet,2026-08-27
KLAC,liabilities,2010-12-31,1702227000,2011-03-26,Liabilities,2026-08-27
KLAC,netIncome,2010-12-31,185492000,2011-03-26,NetIncomeLoss,2026-08-27
KLAC,operatingIncome,2010-12-31,268866000,2011-03-26,OperatingIncomeLoss,2026-08-27
KLAC,receivables,2010-12-31,531453000,2011-03-26,AccountsReceivableNetCurrent,2026-08-27
KLAC,revenue,2010-12-31,766327000,2011-03-26,Revenues,2026-08-27
KLAC,rnd,2010-12-31,94897000,2011-03-26,ResearchAndDevelopmentExpense,2026-08-27
KMB,assets,2010-12-31,19864000000,2011-03-26,Assets,2026-08-27
KMB,cash,2010-12-31,876000000,2011-03-26,CashAndCashEquivalentsAtCarryingValue,2026-08-27
KMB,debt,2010-12-31,5385000000,2011-03-26,LongTermDebt,2026-08-27
KMB,equity,2010-12-31,5917000000,2011-03-26,StockholdersEquity,2026-08-27
KMB,grossProfit,2010-12-31,1645000000,2011-03-26,GrossProfit,2026-08-27
KMB,inventory,2010-12-31,2373000000,2011-03-26,InventoryNet,2026-08-27
KMB,netIncome,2010-12-31,492000000,2011-03-26,NetIncomeLoss,2026-08-27
KMB,operatingIncome,2010-12-31,699000000,2011-03-26,OperatingIncomeLoss,2026-08-27
KMB,receivables,2010-12-31,2472000000,2011-03-26,AccountsReceivableNetCurrent,2026-08-27
KMB,revenue,2010-12-31,5075000000,2011-03-26,SalesRevenueNet,2026-08-27
KMB,shares,2010-12-31,406900000,2011-03-26,CommonStockSharesOutstanding,2026-08-27
KMI,assets,2010-12-31,28908100000,2011-03-26,Assets,2026-08-27
KMI,cash,2010-12-31,502000000,2011-03-26,CashAndCashEquivalentsAtCarryingValue,2026-08-27
KMI,debt,2010-12-31,13812900000,2011-03-26,LongTermDebtNoncurrent,2026-08-27
KMI,equity,2010-12-31,8539000000,2011-03-26,StockholdersEquity,2026-08-27
KMI,inventory,2010-12-31,92000000,2011-03-26,InventoryNet,2026-08-27
KMI,liabilities,2010-12-31,20369100000,2011-03-26,Liabilities,2026-08-27
KO,assets,2010-12-31,72921000000,2011-03-26,Assets,2026-08-27
KO,cash,2010-12-31,8517000000,2011-03-26,CashAndCashEquivalentsAtCarryingValue,2026-08-27
KO,debt,2010-12-31,14041000000,2011-03-26,LongTermDebtNoncurrent,2026-08-27
KO,equity,2010-12-31,31003000000,2011-03-26,StockholdersEquity,2026-08-27
KO,grossProfit,2010-10-01,5508000000,2010-11-20,GrossProfit,2026-08-27
KO,inventory,2010-12-31,2650000000,2011-03-26,InventoryNet,2026-08-27
KO,netIncome,2010-10-01,2055000000,2010-11-20,NetIncomeLoss,2026-08-27
KO,operatingIncome,2010-10-01,2344000000,2010-11-20,OperatingIncomeLoss,2026-08-27
KO,receivables,2010-12-31,4430000000,2011-03-26,AccountsReceivableNetCurrent,2026-08-27
KR,assets,2010-11-06,23755000000,2010-12-26,Assets,2026-08-27
KR,cash,2010-11-06,758000000,2010-12-26,CashAndCashEquivalentsAtCarryingValue,2026-08-27
KR,debt,2010-11-06,6817000000,2010-12-26,LongTermDebtNoncurrent,2026-08-27
KR,equity,2010-11-06,5264000000,2010-12-26,StockholdersEquity,2026-08-27
KR,inventory,2010-11-06,5256000000,2010-12-26,InventoryNet,2026-08-27
KR,liabilities,2010-11-06,18494000000,2010-12-26,Liabilities,2026-08-27
KR,netIncome,2010-11-06,202000000,2010-12-26,NetIncomeLoss,2026-08-27
KR,operatingIncome,2010-11-06,406000000,2010-12-26,OperatingIncomeLoss,2026-08-27
L,assets,2010-12-31,76277000000,2011-03-26,Assets,2026-08-27
L,debt,2010-12-31,8830000000,2011-03-26,LongTermDebtNoncurrent,2026-08-27
L,equity,2010-12-31,18450000000,2011-03-26,StockholdersEquity,2026-08-27
L,liabilities,2010-12-31,53171000000,2011-03-26,Liabilities,2026-08-27
L,netIncome,2010-12-31,466000000,2011-03-26,NetIncomeLoss,2026-08-27
L,revenue,2010-12-31,3715000000,2011-03-26,Revenues,2026-08-27
LDOS,assets,2010-10-31,5538000000,2010-12-20,Assets,2026-08-27
LDOS,cash,2010-10-31,644000000,2010-12-20,CashAndCashEquivalentsAtCarryingValue,2026-08-27
LDOS,equity,2010-10-31,2485000000,2010-12-20,StockholdersEquity,2026-08-27
LDOS,netIncome,2010-10-31,173000000,2010-12-20,NetIncomeLoss,2026-08-27
LDOS,operatingIncome,2010-10-31,252000000,2010-12-20,OperatingIncomeLoss,2026-08-27
LDOS,revenue,2010-10-31,2821000000,2010-12-20,Revenues,2026-08-27
LDOS,shares,2010-10-31,372000000,2010-12-20,CommonStockSharesOutstanding,2026-08-27
LEN,assets,2010-11-30,8787851000,2011-02-23,Assets,2026-08-27
LEN,cash,2010-11-30,1394135000,2011-02-23,CashAndCashEquivalentsAtCarryingValue,2026-08-27
LEN,equity,2010-11-30,2608949000,2011-02-23,StockholdersEquity,2026-08-27
LEN,liabilities,2010-11-30,5593468000,2011-02-23,Liabilities,2026-08-27
LEN,netIncome,2010-11-30,32030000,2011-02-23,NetIncomeLoss,2026-08-27
LEN,revenue,2010-11-30,860124000,2011-02-23,Revenues,2026-08-27
LH,assets,2010-12-31,6187800000,2011-03-26,Assets,2026-08-27
LH,cash,2010-12-31,159300000,2011-03-26,CashAndCashEquivalentsAtCarryingValue,2026-08-27
LH,debt,2010-12-31,1826700000,2011-03-26,LongTermDebtNoncurrent,2026-08-27
LH,equity,2010-12-31,2466300000,2011-03-26,StockholdersEquity,2026-08-27
LH,grossProfit,2010-12-31,529600000,2011-03-26,GrossProfit,2026-08-27
LH,inventory,2010-12-31,103400000,2011-03-26,InventoryNet,2026-08-27
LH,liabilities,2010-12-31,3700900000,2011-03-26,Liabilities,2026-08-27
LH,netIncome,2010-12-31,131800000,2011-03-26,NetIncomeLoss,2026-08-27
LH,receivables,2010-12-31,655600000,2011-03-26,AccountsReceivableNetCurrent,2026-08-27
LH,revenue,2010-12-31,1295400000,2011-03-26,SalesRevenueNet,2026-08-27
LH,shares,2010-12-31,102400000,2011-03-26,CommonStockSharesOutstanding,2026-08-27
LHX,assets,2010-12-31,5667400000,2011-03-26,Assets,2026-08-27
LHX,buybacks,2010-10-01,55500000,2010-11-20,PaymentsForRepurchaseOfCommonStock,2026-08-27
LHX,capex,2010-10-01,37100000,2010-11-20,PaymentsToAcquirePropertyPlantAndEquipment,2026-08-27
LHX,cash,2010-12-31,740800000,2011-03-26,CashAndCashEquivalentsAtCarryingValue,2026-08-27
LHX,debt,2010-12-31,1876300000,2011-03-26,LongTermDebtNoncurrent,2026-08-27
LHX,equity,2010-12-31,2387900000,2011-03-26,StockholdersEquity,2026-08-27
LHX,inventory,2010-12-31,651900000,2011-03-26,InventoryNet,2026-08-27
LHX,netIncome,2010-12-31,151100000,2011-03-26,NetIncomeLoss,2026-08-27
LHX,operatingCashFlow,2010-10-01,294900000,2010-11-20,NetCashProvidedByUsedInOperatingActivities,2026-08-27
LHX,revenue,2010-12-31,1438500000,2011-03-26,SalesRevenueNet,2026-08-27
LHX,shares,2010-12-31,125770033,2011-03-26,CommonStockSharesOutstanding,2026-08-27
LII,assets,2010-12-31,1692000000,2011-03-26,Assets,2026-08-27
LII,cash,2010-12-31,160000000,2011-03-26,CashAndCashEquivalentsAtCarryingValue,2026-08-27
LII,equity,2010-12-31,590900000,2011-03-26,StockholdersEquity,2026-08-27
LII,grossProfit,2010-12-31,220000000,2011-03-26,GrossProfit,2026-08-27
LII,inventory,2010-12-31,286200000,2011-03-26,InventoryNet,2026-08-27
LII,liabilities,2010-12-31,1102300000,2011-03-26,Liabilities,2026-08-27
LII,netIncome,2010-12-31,27700000,2011-03-26,NetIncomeLoss,2026-08-27
LII,revenue,2010-12-31,762000000,2011-03-26,SalesRevenueNet,2026-08-27
LLY,assets,2010-12-31,31001400000,2011-03-26,Assets,2026-08-27
LLY,cash,2010-12-31,5993200000,2011-03-26,CashAndCashEquivalentsAtCarryingValue,2026-08-27
LLY,debt,2010-12-31,6770500000,2011-03-26,LongTermDebtNoncurrent,2026-08-27
LLY,equity,2010-12-31,12420300000,2011-03-26,StockholdersEquity,2026-08-27
LLY,inventory,2010-12-31,2517700000,2011-03-26,InventoryNet,2026-08-27
LLY,receivables,2010-12-31,3493800000,2011-03-26,AccountsReceivableNetCurrent,2026-08-27
LMT,assets,2010-12-31,35113000000,2011-03-26,Assets,2026-08-27
LMT,cash,2010-12-31,2261000000,2011-03-26,CashAndCashEquivalentsAtCarryingValue,2026-08-27
LMT,debt,2010-12-31,5019000000,2011-03-26,LongTermDebtNoncurrent,2026-08-27
LMT,equity,2010-12-31,3497000000,2011-03-26,StockholdersEquity,2026-08-27
LMT,inventory,2010-12-31,2363000000,2011-03-26,InventoryNet,2026-08-27
LMT,liabilities,2010-12-31,31616000000,2011-03-26,Liabilities,2026-08-27
LMT,netIncome,2010-12-31,983000000,2011-03-26,NetIncomeLoss,2026-08-27
LMT,operatingIncome,2010-12-31,1128000000,2011-03-26,OperatingIncomeLoss,2026-08-27
LMT,revenue,2010-12-31,12794000000,2011-03-26,SalesRevenueNet,2026-08-27
LMT,shares,2010-12-31,346000000,2011-03-26,CommonStockSharesOutstanding,2026-08-27
LNT,assets,2010-12-31,9282900000,2011-03-26,Assets,2026-08-27
LNT,cash,2010-12-31,159300000,2011-03-26,CashAndCashEquivalentsAtCarryingValue,2026-08-27
LNT,debt,2010-12-31,2703400000,2011-03-26,LongTermDebtNoncurrent,2026-08-27
LNT,equity,2010-12-31,2893600000,2011-03-26,StockholdersEquity,2026-08-27
LNT,operatingIncome,2010-12-31,99800000,2011-03-26,OperatingIncomeLoss,2026-08-27
LNT,receivables,2010-12-31,120500000,2011-03-26,AccountsReceivableNetCurrent,2026-08-27
LNT,revenue,2010-12-31,832600000,2011-03-26,Revenues,2026-08-27
LNT,shares,2010-12-31,110893901,2011-03-26,CommonStockSharesOutstanding,2026-08-27
LOW,assets,2010-10-29,34341000000,2010-12-18,Assets,2026-08-27
LOW,cash,2010-10-29,1078000000,2010-12-18,CashAndCashEquivalentsAtCarryingValue,2026-08-27
LOW,grossProfit,2010-10-29,4061000000,2010-12-18,GrossProfit,2026-08-27
LOW,inventory,2010-10-29,8543000000,2010-12-18,InventoryNet,2026-08-27
LOW,liabilities,2010-10-29,15449000000,2010-12-18,Liabilities,2026-08-27
LOW,revenue,2010-10-29,11587000000,2010-12-18,SalesRevenueNet,2026-08-27
LOW,shares,2010-10-29,1394000000,2010-12-18,CommonStockSharesOutstanding,2026-08-27
LRCX,assets,2010-12-26,2933217000,2011-03-21,Assets,2026-08-27
LRCX,cash,2010-12-26,729060000,2011-03-21,CashAndCashEquivalentsAtCarryingValue,2026-08-27
LRCX,equity,2010-12-26,2084779000,2011-03-21,StockholdersEquity,2026-08-27
LRCX,grossProfit,2010-12-26,407433000,2011-03-21,GrossProfit,2026-08-27
LRCX,inventory,2010-12-26,333874000,2011-03-21,InventoryNet,2026-08-27
LRCX,liabilities,2010-12-26,848438000,2011-03-21,Liabilities,2026-08-27
LRCX,netIncome,2010-12-26,221856000,2011-03-21,NetIncomeLoss,2026-08-27
LRCX,operatingIncome,2010-12-26,241104000,2011-03-21,OperatingIncomeLoss,2026-08-27
LRCX,receivables,2010-12-26,689400000,2011-03-21,AccountsReceivableNetCurrent,2026-08-27
LRCX,revenue,2010-12-26,870714000,2011-03-21,Revenues,2026-08-27
LRCX,rnd,2010-12-26,90477000,2011-03-21,ResearchAndDevelopmentExpense,2026-08-27
LRCX,shares,2010-12-26,123254000,2011-03-21,CommonStockSharesOutstanding,2026-08-27
LULU,assets,2010-10-31,418972000,2010-12-20,Assets,2026-08-27
LULU,capex,2010-10-31,10380000,2010-12-20,PaymentsToAcquirePropertyPlantAndEquipment,2026-08-27
LULU,cash,2010-10-31,224775000,2010-12-20,CashAndCashEquivalentsAtCarryingValue,2026-08-27
LULU,equity,2010-10-31,322149000,2010-12-20,StockholdersEquity,2026-08-27
LULU,grossProfit,2010-10-31,96832000,2010-12-20,GrossProfit,2026-08-27
LULU,inventory,2010-10-31,73023000,2010-12-20,InventoryNet,2026-08-27
LULU,liabilities,2010-10-31,92299000,2010-12-20,Liabilities,2026-08-27
LULU,netIncome,2010-10-31,25701000,2010-12-20,NetIncomeLoss,2026-08-27
LULU,operatingIncome,2010-10-31,42376000,2010-12-20,OperatingIncomeLoss,2026-08-27
LULU,revenue,2010-10-31,175800000,2010-12-20,SalesRevenueNet,2026-08-27
LULU,shares,2010-10-31,52840000,2010-12-20,CommonStockSharesOutstanding,2026-08-27
LUV,assets,2010-12-31,15463000000,2011-03-26,Assets,2026-08-27
LUV,cash,2010-12-31,1261000000,2011-03-26,CashAndCashEquivalentsAtCarryingValue,2026-08-27
LUV,debt,2010-12-31,2875000000,2011-03-26,LongTermDebtNoncurrent,2026-08-27
LUV,equity,2010-12-31,6237000000,2011-03-26,StockholdersEquity,2026-08-27
LUV,netIncome,2010-12-31,131000000,2011-03-26,NetIncomeLoss,2026-08-27
LUV,operatingIncome,2010-12-31,216000000,2011-03-26,OperatingIncomeLoss,2026-08-27
LUV,revenue,2010-12-31,3114000000,2011-03-26,Revenues,2026-08-27
LVS,assets,2010-12-31,21044308000,2011-03-26,Assets,2026-08-27
LVS,cash,2010-12-31,3037081000,2011-03-26,CashAndCashEquivalentsAtCarryingValue,2026-08-27
LVS,equity,2010-12-31,6662991000,2011-03-26,StockholdersEquity,2026-08-27
LVS,inventory,2010-12-31,32260000,2011-03-26,InventoryNet,2026-08-27
LVS,liabilities,2010-12-31,12609741000,2011-03-26,Liabilities,2026-08-27
LVS,netIncome,2010-12-31,325509000,2011-03-26,NetIncomeLoss,2026-08-27
LVS,operatingIncome,2010-12-31,488686000,2011-03-26,OperatingIncomeLoss,2026-08-27
LVS,receivables,2010-12-31,716919000,2011-03-26,AccountsReceivableNetCurrent,2026-08-27
LVS,revenue,2010-12-31,2015046000,2011-03-26,SalesRevenueNet,2026-08-27
LVS,shares,2010-12-31,707507982,2011-03-26,CommonStockSharesOutstanding,2026-08-27
LYB,assets,2010-12-31,25302000000,2011-03-26,Assets,2026-08-27
LYB,cash,2010-12-31,4222000000,2011-03-26,CashAndCashEquivalentsAtCarryingValue,2026-08-27
LYB,debt,2010-12-31,6036000000,2011-03-26,LongTermDebtNoncurrent,2026-08-27
LYB,equity,2010-12-31,11535000000,2011-03-26,StockholdersEquity,2026-08-27
LYB,inventory,2010-12-31,4824000000,2011-03-26,InventoryNet,2026-08-27
LYB,receivables,2010-12-31,3482000000,2011-03-26,AccountsReceivableNetCurrent,2026-08-27
LYV,assets,2010-12-31,5195560000,2011-03-26,Assets,2026-08-27
LYV,cash,2010-12-31,892758000,2011-03-26,CashAndCashEquivalentsAtCarryingValue,2026-08-27
LYV,debt,2010-12-31,1731864000,2011-03-26,LongTermDebt,2026-08-27
LYV,equity,2010-12-31,1364416000,2011-03-26,StockholdersEquity,2026-08-27
LYV,inventory,2010-12-31,18522000,2011-03-26,InventoryNet,2026-08-27
LYV,netIncome,2010-12-31,-124397000,2011-03-26,NetIncomeLoss,2026-08-27
LYV,operatingIncome,2010-12-31,-86076000,2011-03-26,OperatingIncomeLoss,2026-08-27
LYV,receivables,2010-12-31,329947000,2011-03-26,AccountsReceivableNetCurrent,2026-08-27
LYV,revenue,2010-12-31,1237846000,2011-03-26,Revenues,2026-08-27
LYV,shares,2010-12-31,175418857,2011-03-26,CommonStockSharesOutstanding,2026-08-27
MA,assets,2010-12-31,8837000000,2011-03-26,Assets,2026-08-27
MA,cash,2010-12-31,3067000000,2011-03-26,CashAndCashEquivalentsAtCarryingValue,2026-08-27
MA,debt,2010-12-31,20000000,2011-03-26,LongTermDebt,2026-08-27
MA,equity,2010-12-31,5205000000,2011-03-26,StockholdersEquity,2026-08-27
MA,liabilities,2010-12-31,3621000000,2011-03-26,Liabilities,2026-08-27
MA,netIncome,2010-12-31,415000000,2011-03-26,NetIncomeLoss,2026-08-27
MA,operatingIncome,2010-12-31,569000000,2011-03-26,OperatingIncomeLoss,2026-08-27
MA,receivables,2010-12-31,650000000,2011-03-26,AccountsReceivableNetCurrent,2026-08-27
MA,revenue,2010-12-31,1438000000,2011-03-26,Revenues,2026-08-27
MAA,assets,2010-12-31,2176048000,2011-03-26,Assets,2026-08-27
MAA,cash,2010-12-31,45794000,2011-03-26,CashAndCashEquivalentsAtCarryingValue,2026-08-27
MAA,equity,2010-12-31,518503000,2011-03-26,StockholdersEquity,2026-08-27
MAA,liabilities,2010-12-31,1631656000,2011-03-26,Liabilities,2026-08-27
MAA,netIncome,2010-12-31,6940000,2011-03-26,NetIncomeLoss,2026-08-27
MAA,operatingIncome,2010-12-31,22123000,2011-03-26,OperatingIncomeLoss,2026-08-27
MAA,revenue,2010-12-31,103431000,2011-03-26,Revenues,2026-08-27
MAA,shares,2010-12-31,34871399,2011-03-26,CommonStockSharesOutstanding,2026-08-27
MAR,assets,2010-12-31,8983000000,2011-03-26,Assets,2026-08-27
MAR,cash,2010-12-31,505000000,2011-03-26,CashAndCashEquivalentsAtCarryingValue,2026-08-27
MAR,debt,2010-12-31,2691000000,2011-03-26,LongTermDebtNoncurrent,2026-08-27
MAR,equity,2010-12-31,1585000000,2011-03-26,StockholdersEquity,2026-08-27
MAR,inventory,2010-12-31,1489000000,2011-03-26,InventoryNet,2026-08-27
MAR,shares,2010-12-31,366900000,2011-03-26,CommonStockSharesOutstanding,2026-08-27
MAS,assets,2010-12-31,8140000000,2011-03-26,Assets,2026-08-27
MAS,cash,2010-12-31,1425000000,2011-03-26,CashAndCashEquivalentsAtCarryingValue,2026-08-27
MAS,debt,2010-12-31,4032000000,2011-03-26,LongTermDebtNoncurrent,2026-08-27
MAS,equity,2010-12-31,1384000000,2011-03-26,StockholdersEquity,2026-08-27
MAS,grossProfit,2010-12-31,309000000,2011-03-26,GrossProfit,2026-08-27
MAS,inventory,2010-12-31,732000000,2011-03-26,InventoryNet,2026-08-27
MAS,liabilities,2010-12-31,6558000000,2011-03-26,Liabilities,2026-08-27
MAS,netIncome,2010-12-31,-1034000000,2011-03-26,NetIncomeLoss,2026-08-27
MAS,receivables,2010-12-31,65000000,2011-03-26,AccountsReceivableNetCurrent,2026-08-27
MAS,revenue,2010-12-31,1716000000,2011-03-26,SalesRevenueNet,2026-08-27
MAS,shares,2010-12-31,348600000,2011-03-26,CommonStockSharesOutstanding,2026-08-27
MCD,assets,2010-12-31,31975200000,2011-03-26,Assets,2026-08-27
MCD,cash,2010-12-31,2387000000,2011-03-26,CashAndCashEquivalentsAtCarryingValue,2026-08-27
MCD,debt,2010-12-31,11497000000,2011-03-26,LongTermDebtNoncurrent,2026-08-27
MCD,equity,2010-12-31,14634200000,2011-03-26,StockholdersEquity,2026-08-27
MCD,inventory,2010-12-31,109900000,2011-03-26,InventoryNet,2026-08-27
MCD,netIncome,2010-12-31,1242300000,2011-03-26,NetIncomeLoss,2026-08-27
MCD,operatingIncome,2010-12-31,1857200000,2011-03-26,OperatingIncomeLoss,2026-08-27
MCD,revenue,2010-12-31,6214100000,2011-03-26,Revenues,2026-08-27
MCHP,assets,2010-12-31,2828726000,2011-03-26,Assets,2026-08-27
MCHP,cash,2010-12-31,500616000,2011-03-26,CashAndCashEquivalentsAtCarryingValue,2026-08-27
MCHP,equity,2010-12-31,1649945000,2011-03-26,StockholdersEquity,2026-08-27
MCHP,grossProfit,2010-12-31,216397000,2011-03-26,GrossProfit,2026-08-27
MCHP,inventory,2010-12-31,177705000,2011-03-26,InventoryNet,2026-08-27
MCHP,netIncome,2010-12-31,100776000,2011-03-26,NetIncomeLoss,2026-08-27
MCHP,operatingIncome,2010-12-31,117453000,2011-03-26,OperatingIncomeLoss,2026-08-27
MCHP,receivables,2010-12-31,187267000,2011-03-26,AccountsReceivableNetCurrent,2026-08-27
MCHP,revenue,2010-12-31,367824000,2011-03-26,SalesRevenueNet,2026-08-27
MCHP,rnd,2010-12-31,42198000,2011-03-26,ResearchAndDevelopmentExpense,2026-08-27
MCK,assets,2010-12-31,30396000000,2011-03-26,Assets,2026-08-27
MCK,cash,2010-12-31,3213000000,2011-03-26,CashAndCashEquivalentsAtCarryingValue,2026-08-27
MCK,grossProfit,2010-12-31,1461000000,2011-03-26,GrossProfit,2026-08-27
MCK,inventory,2010-12-31,9547000000,2011-03-26,InventoryNet,2026-08-27
MCK,netIncome,2010-12-31,155000000,2011-03-26,NetIncomeLoss,2026-08-27
MCK,operatingIncome,2010-12-31,307000000,2011-03-26,OperatingIncomeLoss,2026-08-27
MCK,revenue,2010-12-31,28247000000,2011-03-26,Revenues,2026-08-27
MCO,assets,2010-12-31,2540300000,2011-03-26,Assets,2026-08-27
MCO,cash,2010-12-31,659600000,2011-03-26,CashAndCashEquivalentsAtCarryingValue,2026-08-27
MCO,debt,2010-12-31,1228300000,2011-03-26,LongTermDebtNoncurrent,2026-08-27
MCO,equity,2010-12-31,-309600000,2011-03-26,StockholdersEquity,2026-08-27
MCO,liabilities,2010-12-31,2838700000,2011-03-26,Liabilities,2026-08-27
MCO,netIncome,2010-12-31,137400000,2011-03-26,NetIncomeLoss,2026-08-27
MCO,operatingIncome,2010-12-31,196600000,2011-03-26,OperatingIncomeLoss,2026-08-27
MCO,receivables,2010-12-31,497500000,2011-03-26,AccountsReceivableNetCurrent,2026-08-27
MCO,revenue,2010-12-31,564300000,2011-03-26,Revenues,2026-08-27
MDLZ,assets,2010-12-31,95289000000,2011-03-26,Assets,2026-08-27
MDLZ,cash,2010-12-31,2481000000,2011-03-26,CashAndCashEquivalentsAtCarryingValue,2026-08-27
MDLZ,debt,2010-12-31,26859000000,2011-03-26,LongTermDebtNoncurrent,2026-08-27
MDLZ,equity,2010-12-31,35834000000,2011-03-26,StockholdersEquity,2026-08-27
MDLZ,grossProfit,2010-12-31,4798000000,2011-03-26,GrossProfit,2026-08-27
MDLZ,inventory,2010-12-31,5310000000,2011-03-26,InventoryNet,2026-08-27
MDLZ,liabilities,2010-12-31,59347000000,2011-03-26,Liabilities,2026-08-27
MDLZ,netIncome,2010-12-31,540000000,2011-03-26,NetIncomeLoss,2026-08-27
MDLZ,revenue,2010-12-31,13773000000,2011-03-26,Revenues,2026-08-27
MET,assets,2010-12-31,728249000000,2011-03-26,Assets,2026-08-27
MET,cash,2010-12-31,12957000000,2011-03-26,CashAndCashEquivalentsAtCarryingValue,2026-08-27
MET,debt,2010-12-31,27586000000,2011-03-26,LongTermDebt,2026-08-27
MET,equity,2010-12-31,46853000000,2011-03-26,StockholdersEquity,2026-08-27
MET,liabilities,2010-12-31,680914000000,2011-03-26,Liabilities,2026-08-27
MET,netIncome,2010-12-31,7000000,2011-03-26,NetIncomeLoss,2026-08-27
MET,revenue,2010-12-31,12680000000,2011-03-26,Revenues,2026-08-27
MET,shares,2010-12-31,985837817,2011-03-26,CommonStockSharesOutstanding,2026-08-27
META,cash,2010-12-31,1785000000,2011-03-26,CashAndCashEquivalentsAtCarryingValue,2026-08-27
MGM,assets,2010-12-31,18951848000,2011-03-26,Assets,2026-08-27
MGM,cash,2010-12-31,498964000,2011-03-26,CashAndCashEquivalentsAtCarryingValue,2026-08-27
MGM,debt,2010-12-31,12047698000,2011-03-26,LongTermDebtNoncurrent,2026-08-27
MGM,equity,2010-12-31,2932162000,2011-03-26,StockholdersEquity,2026-08-27
MGM,inventory,2010-12-31,96392000,2011-03-26,InventoryNet,2026-08-27
MGM,operatingIncome,2010-12-31,107210000,2011-03-26,OperatingIncomeLoss,2026-08-27
MGM,revenue,2010-12-31,1475302000,2011-03-26,Revenues,2026-08-27
MGM,shares,2010-12-31,488513351,2011-03-26,CommonStockSharesOutstanding,2026-08-27
MKC,assets,2010-11-30,3419700000,2011-02-23,Assets,2026-08-27
MKC,cash,2010-11-30,50800000,2011-02-23,CashAndCashEquivalentsAtCarryingValue,2026-08-27
MKC,debt,2010-11-30,779900000,2011-02-23,LongTermDebtNoncurrent,2026-08-27
MKC,grossProfit,2010-11-30,446000000,2011-02-23,GrossProfit,2026-08-27
MKC,liabilities,2010-11-30,1957000000,2011-02-23,Liabilities,2026-08-27
MKC,netIncome,2010-11-30,133600000,2011-02-23,NetIncomeLoss,2026-08-27
MKC,operatingIncome,2010-11-30,185400000,2011-02-23,OperatingIncomeLoss,2026-08-27
MKC,receivables,2010-11-30,386700000,2011-02-23,AccountsReceivableNetCurrent,2026-08-27
MKC,revenue,2010-11-30,979500000,2011-02-23,SalesRevenueNet,2026-08-27
MLM,assets,2010-12-31,3074743000,2011-03-26,Assets,2026-08-27
MLM,cash,2010-12-31,70323000,2011-03-26,CashAndCashEquivalentsAtCarryingValue,2026-08-27
MLM,debt,2010-12-31,782045000,2011-03-26,LongTermDebtNoncurrent,2026-08-27
MLM,equity,2010-12-31,1425440000,2011-03-26,StockholdersEquity,2026-08-27
MLM,inventory,2010-12-31,331894000,2011-03-26,InventoryNet,2026-08-27
MLM,liabilities,2010-12-31,1606484000,2011-03-26,Liabilities,2026-08-27
MLM,receivables,2010-12-31,183361000,2011-03-26,AccountsReceivableNetCurrent,2026-08-27
MLM,shares,2010-12-31,45579000,2011-03-26,CommonStockSharesOutstanding,2026-08-27
MMM,assets,2010-12-31,30156000000,2011-03-26,Assets,2026-08-27
MMM,cash,2010-12-31,3377000000,2011-03-26,CashAndCashEquivalentsAtCarryingValue,2026-08-27
MMM,debt,2010-12-31,4183000000,2011-03-26,LongTermDebtNoncurrent,2026-08-27
MMM,equity,2010-12-31,15663000000,2011-03-26,StockholdersEquity,2026-08-27
MMM,inventory,2010-12-31,3155000000,2011-03-26,InventoryNet,2026-08-27
MMM,liabilities,2010-12-31,14139000000,2011-03-26,Liabilities,2026-08-27
MMM,netIncome,2010-12-31,928000000,2011-03-26,NetIncomeLoss,2026-08-27
MMM,receivables,2010-12-31,3615000000,2011-03-26,AccountsReceivableNetCurrent,2026-08-27
MMM,revenue,2010-12-31,6709000000,2011-03-26,SalesRevenueNet,2026-08-27
MMM,shares,2010-12-31,711977608,2011-03-26,CommonStockSharesOutstanding,2026-08-27
MNST,assets,2010-12-31,1146950000,2011-03-26,Assets,2026-08-27
MNST,cash,2010-12-31,354842000,2011-03-26,CashAndCashEquivalentsAtCarryingValue,2026-08-27
MNST,equity,2010-12-31,828398000,2011-03-26,StockholdersEquity,2026-08-27
MNST,grossProfit,2010-12-31,164410000,2011-03-26,GrossProfit,2026-08-27
MNST,inventory,2010-12-31,153241000,2011-03-26,InventoryNet,2026-08-27
MNST,receivables,2010-12-31,166041000,2011-03-26,AccountsReceivableNetCurrent,2026-08-27
MNST,shares,2010-12-31,177960000,2011-03-26,CommonStockSharesOutstanding,2026-08-27
MO,assets,2010-12-31,37402000000,2011-03-26,Assets,2026-08-27
MO,cash,2010-12-31,2314000000,2011-03-26,CashAndCashEquivalentsAtCarryingValue,2026-08-27
MO,debt,2010-12-31,12194000000,2011-03-26,LongTermDebtNoncurrent,2026-08-27
MO,equity,2010-12-31,5192000000,2011-03-26,StockholdersEquity,2026-08-27
MO,grossProfit,2010-12-31,2254000000,2011-03-26,GrossProfit,2026-08-27
MO,inventory,2010-12-31,1803000000,2011-03-26,InventoryNet,2026-08-27
MO,liabilities,2010-12-31,32175000000,2011-03-26,Liabilities,2026-08-27
MO,netIncome,2010-12-31,919000000,2011-03-26,NetIncomeLoss,2026-08-27
MO,revenue,2010-12-31,5927000000,2011-03-26,SalesRevenueNet,2026-08-27
MO,shares,2010-12-31,2088739666,2011-03-26,CommonStockSharesOutstanding,2026-08-27
MOS,assets,2010-11-30,14199400000,2011-02-23,Assets,2026-08-27
MOS,capex,2010-11-30,291000000,2011-02-23,PaymentsToAcquirePropertyPlantAndEquipment,2026-08-27
MOS,cash,2010-11-30,3659400000,2011-02-23,CashAndCashEquivalentsAtCarryingValue,2026-08-27
MOS,debt,2010-11-30,1254700000,2011-02-23,LongTermDebt,2026-08-27
MOS,equity,2010-11-30,10241200000,2011-02-23,StockholdersEquity,2026-08-27
MOS,grossProfit,2010-11-30,768300000,2011-02-23,GrossProfit,2026-08-27
MOS,inventory,2010-11-30,816900000,2011-02-23,InventoryNet,2026-08-27
MOS,netIncome,2010-11-30,1025600000,2011-02-23,NetIncomeLoss,2026-08-27
MOS,operatingIncome,2010-11-30,658200000,2011-02-23,OperatingIncomeLoss,2026-08-27
MOS,revenue,2010-11-30,2674800000,2011-02-23,Revenues,2026-08-27
MOS,shares,2010-11-30,446100000,2011-02-23,CommonStockSharesOutstanding,2026-08-27
MPC,assets,2010-12-31,23232000000,2011-03-26,Assets,2026-08-27
MPC,cash,2010-12-31,118000000,2011-03-26,CashAndCashEquivalentsAtCarryingValue,2026-08-27
MPC,debt,2010-12-31,268000000,2011-03-26,LongTermDebtNoncurrent,2026-08-27
MPC,equity,2010-12-31,8244000000,2011-03-26,StockholdersEquity,2026-08-27
MPC,inventory,2010-12-31,3071000000,2011-03-26,InventoryNet,2026-08-27
MPC,liabilities,2010-12-31,14988000000,2011-03-26,Liabilities,2026-08-27
MPC,netIncome,2010-12-31,230000000,2011-03-26,NetIncomeLoss,2026-08-27
MPC,receivables,2010-12-31,4393000000,2011-03-26,AccountsReceivableNetCurrent,2026-08-27
MPC,revenue,2010-12-31,17433000000,2011-03-26,Revenues,2026-08-27
MPWR,assets,2010-12-31,281603000,2011-03-26,Assets,2026-08-27
MPWR,cash,2010-12-31,48010000,2011-03-26,CashAndCashEquivalentsAtCarryingValue,2026-08-27
MPWR,equity,2010-12-31,246895000,2011-03-26,StockholdersEquity,2026-08-27
MPWR,inventory,2010-12-31,25789000,2011-03-26,InventoryNet,2026-08-27
MPWR,liabilities,2010-12-31,34708000,2011-03-26,Liabilities,2026-08-27
MPWR,receivables,2010-12-31,18347000,2011-03-26,AccountsReceivableNetCurrent,2026-08-27
MPWR,shares,2010-12-31,35063033,2011-03-26,CommonStockSharesOutstanding,2026-08-27
MRK,assets,2010-12-31,105781000000,2011-03-26,Assets,2026-08-27
MRK,cash,2010-12-31,10900000000,2011-03-26,CashAndCashEquivalentsAtCarryingValue,2026-08-27
MRK,debt,2010-12-31,15482000000,2011-03-26,LongTermDebtNoncurrent,2026-08-27
MRK,equity,2010-12-31,54376000000,2011-03-26,StockholdersEquity,2026-08-27
MRK,inventory,2010-12-31,5868000000,2011-03-26,InventoryNet,2026-08-27
MRK,receivables,2010-12-31,7344000000,2011-03-26,AccountsReceivableNetCurrent,2026-08-27
MRSH,assets,2010-12-31,15310000000,2011-03-26,Assets,2026-08-27
MRSH,cash,2010-12-31,1894000000,2011-03-26,CashAndCashEquivalentsAtCarryingValue,2026-08-27
MRSH,shares,2010-12-31,541000000,2011-03-26,CommonStockSharesOutstanding,2026-08-27
MS,assets,2010-12-31,807698000000,2011-03-26,Assets,2026-08-27
MS,cash,2010-12-31,47615000000,2011-03-26,CashAndCashEquivalentsAtCarryingValue,2026-08-27
MS,debt,2010-12-31,192457000000,2011-03-26,LongTermDebt,2026-08-27
MS,equity,2010-12-31,57211000000,2011-03-26,StockholdersEquity,2026-08-27
MS,liabilities,2010-12-31,742291000000,2011-03-26,Liabilities,2026-08-27
MS,netIncome,2010-12-31,836000000,2011-03-26,NetIncomeLoss,2026-08-27
MS,revenue,2010-12-31,7743000000,2011-03-26,Revenues,2026-08-27
MS,shares,2010-12-31,1512000000,2011-03-26,CommonStockSharesOutstanding,2026-08-27
MSCI,assets,2010-12-31,3057481000,2011-03-26,Assets,2026-08-27
MSCI,cash,2010-12-31,269423000,2011-03-26,CashAndCashEquivalentsAtCarryingValue,2026-08-27
MSCI,debt,2010-12-31,1207966000,2011-03-26,LongTermDebtNoncurrent,2026-08-27
MSCI,equity,2010-12-31,1102170000,2011-03-26,StockholdersEquity,2026-08-27
MSCI,liabilities,2010-12-31,1955311000,2011-03-26,Liabilities,2026-08-27
MSCI,netIncome,2010-11-30,30266000,2011-02-23,NetIncomeLoss,2026-08-27
MSCI,operatingIncome,2010-11-30,70720000,2011-02-23,OperatingIncomeLoss,2026-08-27
MSCI,receivables,2010-12-31,137988000,2011-03-26,AccountsReceivableNetCurrent,2026-08-27
MSCI,revenue,2010-11-30,213318000,2011-02-23,Revenues,2026-08-27
MSFT,assets,2010-12-31,92306000000,2011-03-26,Assets,2026-08-27
MSFT,buybacks,2010-12-31,5052000000,2011-03-26,PaymentsForRepurchaseOfCommonStock,2026-08-27
MSFT,capex,2010-12-31,491000000,2011-03-26,PaymentsToAcquirePropertyPlantAndEquipment,2026-08-27
MSFT,cash,2010-12-31,4023000000,2011-03-26,CashAndCashEquivalentsAtCarryingValue,2026-08-27
MSFT,debt,2010-12-31,9671000000,2011-03-26,LongTermDebtNoncurrent,2026-08-27
MSFT,equity,2010-12-31,48481000000,2011-03-26,StockholdersEquity,2026-08-27
MSFT,grossProfit,2010-12-31,15120000000,2011-03-26,GrossProfit,2026-08-27
MSFT,inventory,2010-12-31,861000000,2011-03-26,InventoryNet,2026-08-27
MSFT,liabilities,2010-12-31,43825000000,2011-03-26,Liabilities,2026-08-27
MSFT,netIncome,2010-12-31,6634000000,2011-03-26,NetIncomeLoss,2026-08-27
MSFT,operatingCashFlow,2010-12-31,4186000000,2011-03-26,NetCashProvidedByUsedInOperatingActivities,2026-08-27
MSFT,operatingIncome,2010-12-31,8165000000,2011-03-26,OperatingIncomeLoss,2026-08-27
MSFT,receivables,2010-12-31,12874000000,2011-03-26,AccountsReceivableNetCurrent,2026-08-27
MSFT,revenue,2010-12-31,19953000000,2011-03-26,Revenues,2026-08-27
MSFT,rnd,2010-12-31,2185000000,2011-03-26,ResearchAndDevelopmentExpense,2026-08-27
MSFT,shares,2010-12-31,8403000000,2011-03-26,CommonStockSharesOutstanding,2026-08-27
MSI,assets,2010-12-31,25577000000,2011-03-26,Assets,2026-08-27
MSI,cash,2010-12-31,4208000000,2011-03-26,CashAndCashEquivalentsAtCarryingValue,2026-08-27
MSI,debt,2010-12-31,2098000000,2011-03-26,LongTermDebtNoncurrent,2026-08-27
MSI,equity,2010-12-31,10885000000,2011-03-26,StockholdersEquity,2026-08-27
MSI,grossProfit,2010-12-31,1114000000,2011-03-26,GrossProfit,2026-08-27
MSI,inventory,2010-12-31,521000000,2011-03-26,InventoryNet,2026-08-27
MSI,netIncome,2010-12-31,292000000,2011-03-26,NetIncomeLoss,2026-08-27
MSI,operatingIncome,2010-12-31,278000000,2011-03-26,OperatingIncomeLoss,2026-08-27
MSI,receivables,2010-12-31,1547000000,2011-03-26,AccountsReceivableNetCurrent,2026-08-27
MSI,revenue,2010-12-31,2246000000,2011-03-26,Revenues,2026-08-27
MSI,rnd,2010-12-31,282000000,2011-03-26,ResearchAndDevelopmentExpense,2026-08-27
MSI,shares,2010-12-31,336300000,2011-03-26,CommonStockSharesOutstanding,2026-08-27
MTB,assets,2010-12-31,68021263000,2011-03-26,Assets,2026-08-27
MTB,cash,2010-12-31,933755000,2011-03-26,CashAndCashEquivalentsAtCarryingValue,2026-08-27
MTB,debt,2010-12-31,7840151000,2011-03-26,LongTermDebt,2026-08-27
MTB,equity,2010-12-31,8357695000,2011-03-26,StockholdersEquity,2026-08-27
MTB,liabilities,2010-12-31,59663568000,2011-03-26,Liabilities,2026-08-27
MTD,assets,2010-12-31,2283063000,2011-03-26,Assets,2026-08-27
MTD,cash,2010-12-31,447577000,2011-03-26,CashAndCashEquivalentsAtCarryingValue,2026-08-27
MTD,debt,2010-12-31,670301000,2011-03-26,LongTermDebtNoncurrent,2026-08-27
MTD,equity,2010-12-31,771584000,2011-03-26,StockholdersEquity,2026-08-27
MTD,grossProfit,2010-12-31,316590000,2011-03-26,GrossProfit,2026-08-27
MTD,inventory,2010-12-31,217104000,2011-03-26,InventoryNet,2026-08-27
MTD,liabilities,2010-12-31,1511479000,2011-03-26,Liabilities,2026-08-27
MTD,netIncome,2010-12-31,80852000,2011-03-26,NetIncomeLoss,2026-08-27
MTD,receivables,2010-12-31,368936000,2011-03-26,AccountsReceivableNetCurrent,2026-08-27
MTD,revenue,2010-12-31,592765000,2011-03-26,SalesRevenueNet,2026-08-27
MTD,shares,2010-12-31,32425315,2011-03-26,CommonStockSharesOutstanding,2026-08-27
MU,assets,2010-12-02,14617000000,2011-02-25,Assets,2026-08-27
MU,capex,2010-12-02,465000000,2011-02-25,PaymentsToAcquirePropertyPlantAndEquipment,2026-08-27
MU,cash,2010-12-02,2411000000,2011-02-25,CashAndCashEquivalentsAtCarryingValue,2026-08-27
MU,debt,2010-12-02,1348000000,2011-02-25,LongTermDebtNoncurrent,2026-08-27
MU,equity,2010-12-02,8226000000,2011-02-25,StockholdersEquity,2026-08-27
MU,equityStakes,2010-12-02,7000000,2011-02-25,PaymentsToAcquireEquityMethodInvestments,2026-08-27
MU,grossProfit,2010-12-02,524000000,2011-02-25,GrossProfit,2026-08-27
MU,inventory,2010-12-02,1892000000,2011-02-25,InventoryNet,2026-08-27
MU,liabilities,2010-12-02,4623000000,2011-02-25,Liabilities,2026-08-27
MU,netIncome,2010-12-02,155000000,2011-02-25,NetIncomeLoss,2026-08-27
MU,operatingCashFlow,2010-12-02,732000000,2011-02-25,NetCashProvidedByUsedInOperatingActivities,2026-08-27
MU,operatingIncome,2010-12-02,390000000,2011-02-25,OperatingIncomeLoss,2026-08-27
MU,receivables,2010-12-02,1086000000,2011-02-25,AccountsReceivableNetCurrent,2026-08-27
MU,revenue,2010-12-02,2252000000,2011-02-25,SalesRevenueNet,2026-08-27
MU,rnd,2010-12-02,185000000,2011-02-25,ResearchAndDevelopmentExpense,2026-08-27
MU,shares,2010-12-02,996800000,2011-02-25,CommonStockSharesOutstanding,2026-08-27
NCLH,cash,2010-12-31,55047000,2011-03-26,CashAndCashEquivalentsAtCarryingValue,2026-08-27
NDAQ,assets,2010-12-31,16207000000,2011-03-26,Assets,2026-08-27
NDAQ,cash,2010-12-31,315000000,2011-03-26,CashAndCashEquivalentsAtCarryingValue,2026-08-27
NDAQ,debt,2010-12-31,2181000000,2011-03-26,LongTermDebtNoncurrent,2026-08-27
NDAQ,equity,2010-12-31,4718000000,2011-03-26,StockholdersEquity,2026-08-27
NDAQ,liabilities,2010-12-31,11478000000,2011-03-26,Liabilities,2026-08-27
NDAQ,shares,2010-12-31,175782683,2011-03-26,CommonStockSharesOutstanding,2026-08-27
NDSN,assets,2010-10-31,986354000,2010-12-20,Assets,2026-08-27
NDSN,cash,2010-10-31,42329000,2010-12-20,CashAndCashEquivalentsAtCarryingValue,2026-08-27
NDSN,debt,2010-10-31,110260000,2010-12-20,LongTermDebt,2026-08-27
NDSN,equity,2010-10-31,505072000,2010-12-20,StockholdersEquity,2026-08-27
NDSN,grossProfit,2010-10-31,170271000,2010-12-20,GrossProfit,2026-08-27
NDSN,inventory,2010-10-31,117721000,2010-12-20,InventoryNet,2026-08-27
NDSN,netIncome,2010-10-31,53556000,2010-12-20,NetIncomeLoss,2026-08-27
NDSN,revenue,2010-10-31,290182000,2010-12-20,SalesRevenueNet,2026-08-27
NDSN,shares,2010-10-31,67871000,2010-12-20,CommonStockSharesOutstanding,2026-08-27
NEE,assets,2010-12-31,52994000000,2011-03-26,Assets,2026-08-27
NEE,cash,2010-12-31,377000000,2011-03-26,CashAndCashEquivalentsAtCarryingValue,2026-08-27
NEE,debt,2010-12-31,18013000000,2011-03-26,LongTermDebtNoncurrent,2026-08-27
NEE,equity,2010-12-31,14461000000,2011-03-26,StockholdersEquity,2026-08-27
NEE,inventory,2010-12-31,857000000,2011-03-26,InventoryNet,2026-08-27
NEE,netIncome,2010-12-31,263000000,2011-03-26,NetIncomeLoss,2026-08-27
NEE,operatingIncome,2010-12-31,469000000,2011-03-26,OperatingIncomeLoss,2026-08-27
NEE,receivables,2010-12-31,1509000000,2011-03-26,AccountsReceivableNetCurrent,2026-08-27
NEE,revenue,2010-12-31,3413000000,2011-03-26,Revenues,2026-08-27
NEE,shares,2010-12-31,421000000,2011-03-26,CommonStockSharesOutstanding,2026-08-27
NEM,assets,2010-12-31,25663000000,2011-03-26,Assets,2026-08-27
NEM,cash,2010-12-31,4056000000,2011-03-26,CashAndCashEquivalentsAtCarryingValue,2026-08-27
NEM,debt,2010-12-31,4182000000,2011-03-26,LongTermDebtNoncurrent,2026-08-27
NEM,equity,2010-12-31,13345000000,2011-03-26,StockholdersEquity,2026-08-27
NEM,grossProfit,2010-12-31,1402000000,2011-03-26,GrossProfit,2026-08-27
NEM,inventory,2010-12-31,658000000,2011-03-26,InventoryNet,2026-08-27
NEM,liabilities,2010-12-31,9947000000,2011-03-26,Liabilities,2026-08-27
NEM,netIncome,2010-12-31,812000000,2011-03-26,NetIncomeLoss,2026-08-27
NEM,receivables,2010-12-31,582000000,2011-03-26,AccountsReceivableNetCurrent,2026-08-27
NFLX,assets,2010-12-31,982067000,2011-03-26,Assets,2026-08-27
NFLX,cash,2010-12-31,194499000,2011-03-26,CashAndCashEquivalentsAtCarryingValue,2026-08-27
NFLX,equity,2010-12-31,290164000,2011-03-26,StockholdersEquity,2026-08-27
NFLX,grossProfit,2010-12-31,205132000,2011-03-26,GrossProfit,2026-08-27
NFLX,liabilities,2010-12-31,691903000,2011-03-26,Liabilities,2026-08-27
NFLX,netIncome,2010-12-31,47095000,2011-03-26,NetIncomeLoss,2026-08-27
NFLX,revenue,2010-12-31,595922000,2011-03-26,Revenues,2026-08-27
NFLX,shares,2010-12-31,52781949,2011-03-26,CommonStockSharesOutstanding,2026-08-27
NI,assets,2010-12-31,19913400000,2011-03-26,Assets,2026-08-27
NI,cash,2010-12-31,9200000,2011-03-26,CashAndCashEquivalentsAtCarryingValue,2026-08-27
NI,debt,2010-12-31,5970300000,2011-03-26,LongTermDebt,2026-08-27
NI,equity,2010-12-31,4897500000,2011-03-26,StockholdersEquity,2026-08-27
NI,netIncome,2010-12-31,31800000,2011-03-26,NetIncomeLoss,2026-08-27
NI,operatingIncome,2010-12-31,252700000,2011-03-26,OperatingIncomeLoss,2026-08-27
NI,receivables,2010-12-31,1079300000,2011-03-26,AccountsReceivableNetCurrent,2026-08-27
NI,revenue,2010-12-31,1752000000,2011-03-26,SalesRevenueNet,2026-08-27
NI,shares,2010-12-31,278855291,2011-03-26,CommonStockSharesOutstanding,2026-08-27
NKE,assets,2010-11-30,14464000000,2011-02-23,Assets,2026-08-27
NKE,cash,2010-11-30,1768000000,2011-02-23,CashAndCashEquivalentsAtCarryingValue,2026-08-27
NKE,debt,2010-11-30,338000000,2011-02-23,LongTermDebtNoncurrent,2026-08-27
NKE,equity,2010-11-30,9949000000,2011-02-23,StockholdersEquity,2026-08-27
NKE,grossProfit,2010-11-30,2193000000,2011-02-23,GrossProfit,2026-08-27
NKE,inventory,2010-11-30,2348000000,2011-02-23,InventoryNet,2026-08-27
NKE,netIncome,2010-11-30,457000000,2011-02-23,NetIncomeLoss,2026-08-27
NKE,receivables,2010-11-30,2792000000,2011-02-23,AccountsReceivableNetCurrent,2026-08-27
NKE,revenue,2010-11-30,4842000000,2011-02-23,SalesRevenueNet,2026-08-27
NOC,assets,2010-12-31,31410000000,2011-03-26,Assets,2026-08-27
NOC,cash,2010-12-31,3701000000,2011-03-26,CashAndCashEquivalentsAtCarryingValue,2026-08-27
NOC,debt,2010-12-31,4703000000,2011-03-26,LongTermDebt,2026-08-27
NOC,equity,2010-12-31,13436000000,2011-03-26,StockholdersEquity,2026-08-27
NOC,liabilities,2010-12-31,17974000000,2011-03-26,Liabilities,2026-08-27
NOC,netIncome,2010-12-31,376000000,2011-03-26,NetIncomeLoss,2026-08-27
NOC,operatingIncome,2010-12-31,675000000,2011-03-26,OperatingIncomeLoss,2026-08-27
NOC,revenue,2010-12-31,6903000000,2011-03-26,SalesRevenueNet,2026-08-27
NOC,shares,2010-12-31,290956752,2011-03-26,CommonStockSharesOutstanding,2026-08-27
NOW,cash,2010-12-31,38457000,2011-03-26,CashAndCashEquivalentsAtCarryingValue,2026-08-27
NRG,assets,2010-12-31,26896000000,2011-03-26,Assets,2026-08-27
NRG,cash,2010-12-31,2951000000,2011-03-26,CashAndCashEquivalentsAtCarryingValue,2026-08-27
NRG,debt,2010-12-31,9104000000,2011-03-26,LongTermDebt,2026-08-27
NRG,inventory,2010-12-31,453000000,2011-03-26,InventoryNet,2026-08-27
NRG,liabilities,2010-12-31,18576000000,2011-03-26,Liabilities,2026-08-27
NRG,netIncome,2010-12-31,-15000000,2011-03-26,NetIncomeLoss,2026-08-27
NRG,operatingIncome,2010-12-31,152000000,2011-03-26,OperatingIncomeLoss,2026-08-27
NRG,receivables,2010-12-31,734000000,2011-03-26,AccountsReceivableNetCurrent,2026-08-27
NRG,revenue,2010-12-31,1816000000,2011-03-26,Revenues,2026-08-27
NRG,shares,2010-12-31,247197335,2011-03-26,CommonStockSharesOutstanding,2026-08-27
NSC,assets,2010-12-31,28199000000,2011-03-26,Assets,2026-08-27
NSC,cash,2010-12-31,827000000,2011-03-26,CashAndCashEquivalentsAtCarryingValue,2026-08-27
NSC,debt,2010-12-31,6925000000,2011-03-26,LongTermDebt,2026-08-27
NSC,liabilities,2010-12-31,17530000000,2011-03-26,Liabilities,2026-08-27
NSC,operatingIncome,2010-12-31,642000000,2011-03-26,OperatingIncomeLoss,2026-08-27
NSC,receivables,2010-12-31,807000000,2011-03-26,AccountsReceivableNetCurrent,2026-08-27
NSC,revenue,2010-12-31,2392000000,2011-03-26,Revenues,2026-08-27
NSC,shares,2010-12-31,357362604,2011-03-26,CommonStockSharesOutstanding,2026-08-27
NTAP,assets,2010-10-29,7237800000,2010-12-18,Assets,2026-08-27
NTAP,cash,2010-10-29,1771100000,2010-12-18,CashAndCashEquivalentsAtCarryingValue,2026-08-27
NTAP,equity,2010-10-29,3207400000,2010-12-18,StockholdersEquity,2026-08-27
NTAP,grossProfit,2010-10-29,816500000,2010-12-18,GrossProfit,2026-08-27
NTAP,inventory,2010-10-29,84700000,2010-12-18,InventoryNet,2026-08-27
NTAP,liabilities,2010-10-29,4030400000,2010-12-18,Liabilities,2026-08-27
NTAP,netIncome,2010-10-29,175400000,2010-12-18,NetIncomeLoss,2026-08-27
NTAP,operatingIncome,2010-10-29,212800000,2010-12-18,OperatingIncomeLoss,2026-08-27
NTAP,receivables,2010-10-29,446600000,2010-12-18,AccountsReceivableNetCurrent,2026-08-27
NTAP,revenue,2010-10-29,1251000000,2010-12-18,Revenues,2026-08-27
NTAP,rnd,2010-10-29,156600000,2010-12-18,ResearchAndDevelopmentExpense,2026-08-27
NTRS,assets,2010-12-31,83843900000,2011-03-26,Assets,2026-08-27
NTRS,debt,2010-12-31,2729300000,2011-03-26,LongTermDebt,2026-08-27
NTRS,equity,2010-12-31,6830300000,2011-03-26,StockholdersEquity,2026-08-27
NTRS,liabilities,2010-12-31,77013600000,2011-03-26,Liabilities,2026-08-27
NTRS,shares,2010-12-31,242268903,2011-03-26,CommonStockSharesOutstanding,2026-08-27
NUE,assets,2010-12-31,13921910000,2011-03-26,Assets,2026-08-27
NUE,cash,2010-12-31,1325406000,2011-03-26,CashAndCashEquivalentsAtCarryingValue,2026-08-27
NUE,debt,2010-12-31,4280200000,2011-03-26,LongTermDebtNoncurrent,2026-08-27
NUE,equity,2010-12-31,7120070000,2011-03-26,StockholdersEquity,2026-08-27
NUE,grossProfit,2010-12-31,132543000,2011-03-26,GrossProfit,2026-08-27
NUE,inventory,2010-12-31,1557574000,2011-03-26,InventoryNet,2026-08-27
NUE,liabilities,2010-12-31,6591216000,2011-03-26,Liabilities,2026-08-27
NUE,netIncome,2010-12-31,-11359000,2011-03-26,NetIncomeLoss,2026-08-27
NUE,receivables,2010-12-31,1439828000,2011-03-26,AccountsReceivableNetCurrent,2026-08-27
NUE,revenue,2010-12-31,3853750000,2011-03-26,SalesRevenueNet,2026-08-27
NVDA,assets,2010-10-31,3915579000,2010-12-20,Assets,2026-08-27
NVDA,cash,2010-10-31,451174000,2010-12-20,CashAndCashEquivalentsAtCarryingValue,2026-08-27
NVDA,equity,2010-10-31,2897880000,2010-12-20,StockholdersEquity,2026-08-27
NVDA,grossProfit,2010-10-31,392062000,2010-12-20,GrossProfit,2026-08-27
NVDA,inventory,2010-10-31,377812000,2010-12-20,InventoryNet,2026-08-27
NVDA,netIncome,2010-10-31,84862000,2010-12-20,NetIncomeLoss,2026-08-27
NVDA,operatingIncome,2010-10-31,103783000,2010-12-20,OperatingIncomeLoss,2026-08-27
NVDA,receivables,2010-10-31,399502000,2010-12-20,AccountsReceivableNetCurrent,2026-08-27
NVDA,revenue,2010-10-31,843912000,2010-12-20,Revenues,2026-08-27
NVDA,rnd,2010-10-31,204527000,2010-12-20,ResearchAndDevelopmentExpense,2026-08-27
NVR,assets,2010-12-31,2260061000,2011-03-26,Assets,2026-08-27
NVR,cash,2010-12-31,1193750000,2011-03-26,CashAndCashEquivalentsAtCarryingValue,2026-08-27
NVR,equity,2010-12-31,1740374000,2011-03-26,StockholdersEquity,2026-08-27
NVR,liabilities,2010-12-31,519687000,2011-03-26,Liabilities,2026-08-27
NVR,netIncome,2010-12-31,58698000,2011-03-26,NetIncomeLoss,2026-08-27
NVR,shares,2010-12-31,5663556,2011-03-26,CommonStockSharesOutstanding,2026-08-27
NXPI,assets,2010-12-31,7637000000,2011-03-26,Assets,2026-08-27
NXPI,cash,2010-12-31,898000000,2011-03-26,CashAndCashEquivalentsAtCarryingValue,2026-08-27
NXPI,debt,2010-12-31,4128000000,2011-03-26,LongTermDebtNoncurrent,2026-08-27
NXPI,equity,2010-12-31,986000000,2011-03-26,StockholdersEquity,2026-08-27
NXPI,inventory,2010-12-31,513000000,2011-03-26,InventoryNet,2026-08-27
NXPI,receivables,2010-12-31,396000000,2011-03-26,AccountsReceivableNetCurrent,2026-08-27
O,assets,2010-12-31,3535590000,2011-03-26,Assets,2026-08-27
O,equity,2010-12-31,1846965000,2011-03-26,StockholdersEquity,2026-08-27
O,liabilities,2010-12-31,1688625000,2011-03-26,Liabilities,2026-08-27
O,shares,2010-12-31,118058988,2011-03-26,CommonStockSharesOutstanding,2026-08-27
ODFL,assets,2010-12-31,1239881000,2011-03-26,Assets,2026-08-27
ODFL,cash,2010-12-31,5450000,2011-03-26,CashAndCashEquivalentsAtCarryingValue,2026-08-27
ODFL,equity,2010-12-31,668649000,2011-03-26,StockholdersEquity,2026-08-27
ODFL,liabilities,2010-12-31,571232000,2011-03-26,Liabilities,2026-08-27
ODFL,netIncome,2010-12-31,22056000,2011-03-26,NetIncomeLoss,2026-08-27
ODFL,operatingIncome,2010-12-31,37969000,2011-03-26,OperatingIncomeLoss,2026-08-27
ODFL,receivables,2010-12-31,172989000,2011-03-26,AccountsReceivableNetCurrent,2026-08-27
ODFL,shares,2010-12-31,55926945,2011-03-26,CommonStockSharesOutstanding,2026-08-27
OKE,assets,2010-12-31,12499175000,2011-03-26,Assets,2026-08-27
OKE,cash,2010-12-31,26190000,2011-03-26,CashAndCashEquivalentsAtCarryingValue,2026-08-27
OKE,debt,2010-12-31,3686542000,2011-03-26,LongTermDebtNoncurrent,2026-08-27
OKE,equity,2010-12-31,2448623000,2011-03-26,StockholdersEquity,2026-08-27
OKE,grossProfit,2010-12-31,542009000,2011-03-26,GrossProfit,2026-08-27
OKE,inventory,2010-12-31,706912000,2011-03-26,InventoryNet,2026-08-27
OKE,netIncome,2010-12-31,83074000,2011-03-26,NetIncomeLoss,2026-08-27
OKE,revenue,2010-12-31,3280050000,2011-03-26,Revenues,2026-08-27
OKE,shares,2010-12-31,106815582,2011-03-26,CommonStockSharesOutstanding,2026-08-27
OMC,assets,2010-12-31,19566100000,2011-03-26,Assets,2026-08-27
OMC,cash,2010-12-31,2288700000,2011-03-26,CashAndCashEquivalentsAtCarryingValue,2026-08-27
OMC,equity,2010-12-31,3580500000,2011-03-26,StockholdersEquity,2026-08-27
OMC,netIncome,2010-12-31,246400000,2011-03-26,NetIncomeLoss,2026-08-27
OMC,operatingIncome,2010-12-31,439700000,2011-03-26,OperatingIncomeLoss,2026-08-27
OMC,receivables,2010-12-31,5977200000,2011-03-26,AccountsReceivableNetCurrent,2026-08-27
OMC,revenue,2010-12-31,3586700000,2011-03-26,Revenues,2026-08-27
OMC,shares,2010-12-31,285500000,2011-03-26,CommonStockSharesOutstanding,2026-08-27
ON,assets,2010-12-31,2919200000,2011-03-26,Assets,2026-08-27
ON,cash,2010-12-31,623300000,2011-03-26,CashAndCashEquivalentsAtCarryingValue,2026-08-27
ON,debt,2010-12-31,752800000,2011-03-26,LongTermDebtNoncurrent,2026-08-27
ON,equity,2010-12-31,1366000000,2011-03-26,StockholdersEquity,2026-08-27
ON,grossProfit,2010-12-31,237600000,2011-03-26,GrossProfit,2026-08-27
ON,inventory,2010-12-31,360800000,2011-03-26,InventoryNet,2026-08-27
ON,liabilities,2010-12-31,1531200000,2011-03-26,Liabilities,2026-08-27
ON,netIncome,2010-12-31,61000000,2011-03-26,NetIncomeLoss,2026-08-27
ON,operatingIncome,2010-10-01,107700000,2010-11-20,OperatingIncomeLoss,2026-08-27
ON,revenue,2010-12-31,579200000,2011-03-26,Revenues,2026-08-27
ON,shares,2010-12-31,436774177,2011-03-26,CommonStockSharesOutstanding,2026-08-27
ORCL,assets,2010-11-30,67243000000,2011-02-23,Assets,2026-08-27
ORCL,cash,2010-11-30,10420000000,2011-02-23,CashAndCashEquivalentsAtCarryingValue,2026-08-27
ORCL,equity,2010-11-30,34412000000,2011-02-23,StockholdersEquity,2026-08-27
ORCL,inventory,2010-11-30,236000000,2011-02-23,InventoryNet,2026-08-27
ORCL,operatingIncome,2010-11-30,2770000000,2011-02-23,OperatingIncomeLoss,2026-08-27
ORCL,receivables,2010-11-30,4406000000,2011-02-23,AccountsReceivableNetCurrent,2026-08-27
ORCL,revenue,2010-11-30,8582000000,2011-02-23,Revenues,2026-08-27
ORCL,rnd,2010-11-30,1119000000,2011-02-23,ResearchAndDevelopmentExpense,2026-08-27
ORCL,shares,2010-11-30,5051000000,2011-02-23,CommonStockSharesOutstanding,2026-08-27
ORLY,assets,2010-12-31,5047827000,2011-03-26,Assets,2026-08-27
ORLY,cash,2010-12-31,29721000,2011-03-26,CashAndCashEquivalentsAtCarryingValue,2026-08-27
ORLY,debt,2010-12-31,357273000,2011-03-26,LongTermDebtNoncurrent,2026-08-27
ORLY,equity,2010-12-31,3209685000,2011-03-26,StockholdersEquity,2026-08-27
ORLY,grossProfit,2010-12-31,636597000,2011-03-26,GrossProfit,2026-08-27
ORLY,inventory,2010-12-31,2023488000,2011-03-26,InventoryNet,2026-08-27
ORLY,netIncome,2010-12-31,105760000,2011-03-26,NetIncomeLoss,2026-08-27
ORLY,operatingIncome,2010-12-31,164136000,2011-03-26,OperatingIncomeLoss,2026-08-27
ORLY,receivables,2010-12-31,121807000,2011-03-26,AccountsReceivableNetCurrent,2026-08-27
ORLY,revenue,2010-12-31,1310330000,2011-03-26,SalesRevenueNet,2026-08-27
ORLY,shares,2010-12-31,141025544,2011-03-26,CommonStockSharesOutstanding,2026-08-27
OXY,assets,2010-12-31,52432000000,2011-03-26,Assets,2026-08-27
OXY,cash,2010-12-31,2578000000,2011-03-26,CashAndCashEquivalentsAtCarryingValue,2026-08-27
OXY,debt,2010-12-31,5111000000,2011-03-26,LongTermDebtNoncurrent,2026-08-27
OXY,equity,2010-12-31,32484000000,2011-03-26,StockholdersEquity,2026-08-27
OXY,inventory,2010-12-31,1041000000,2011-03-26,InventoryNet,2026-08-27
OXY,receivables,2010-12-31,5032000000,2011-03-26,AccountsReceivableNetCurrent,2026-08-27
OXY,shares,2010-12-31,885275000,2011-03-26,CommonStockSharesOutstanding,2026-08-27
PAYX,assets,2010-11-30,5022700000,2011-02-23,Assets,2026-08-27
PAYX,cash,2010-11-30,233200000,2011-02-23,CashAndCashEquivalentsAtCarryingValue,2026-08-27
PAYX,equity,2010-11-30,1449500000,2011-02-23,StockholdersEquity,2026-08-27
PAYX,liabilities,2010-11-30,3573200000,2011-02-23,Liabilities,2026-08-27
PAYX,netIncome,2010-11-30,133900000,2011-02-23,NetIncomeLoss,2026-08-27
PAYX,operatingIncome,2010-11-30,203900000,2011-02-23,OperatingIncomeLoss,2026-08-27
PAYX,receivables,2010-11-30,224600000,2011-02-23,AccountsReceivableNetCurrent,2026-08-27
PAYX,revenue,2010-11-30,512000000,2011-02-23,Revenues,2026-08-27
PAYX,shares,2010-11-30,361700000,2011-02-23,CommonStockSharesOutstanding,2026-08-27
PCAR,assets,2010-12-31,14234100000,2011-03-26,Assets,2026-08-27
PCAR,cash,2010-12-31,2040800000,2011-03-26,CashAndCashEquivalentsAtCarryingValue,2026-08-27
PCAR,equity,2010-12-31,5357800000,2011-03-26,StockholdersEquity,2026-08-27
PCAR,inventory,2010-12-31,534000000,2011-03-26,InventoryNet,2026-08-27
PCG,assets,2010-12-31,46025000000,2011-03-26,Assets,2026-08-27
PCG,cash,2010-12-31,291000000,2011-03-26,CashAndCashEquivalentsAtCarryingValue,2026-08-27
PCG,debt,2010-12-31,10906000000,2011-03-26,LongTermDebtNoncurrent,2026-08-27
PCG,equity,2010-12-31,11282000000,2011-03-26,StockholdersEquity,2026-08-27
PCG,inventory,2010-12-31,152000000,2011-03-26,InventoryNet,2026-08-27
PCG,receivables,2010-12-31,944000000,2011-03-26,AccountsReceivableNetCurrent,2026-08-27
PCG,shares,2010-12-31,395227205,2011-03-26,CommonStockSharesOutstanding,2026-08-27
PEG,assets,2010-12-31,29909000000,2011-03-26,Assets,2026-08-27
PEG,cash,2010-12-31,280000000,2011-03-26,CashAndCashEquivalentsAtCarryingValue,2026-08-27
PEG,debt,2010-12-31,7819000000,2011-03-26,LongTermDebtNoncurrent,2026-08-27
PEG,equity,2010-12-31,9633000000,2011-03-26,StockholdersEquity,2026-08-27
PEG,netIncome,2010-12-31,282000000,2011-03-26,NetIncomeLoss,2026-08-27
PEG,operatingIncome,2010-12-31,589000000,2011-03-26,OperatingIncomeLoss,2026-08-27
PEG,receivables,2010-12-31,1387000000,2011-03-26,AccountsReceivableNetCurrent,2026-08-27
PEG,revenue,2010-12-31,2745000000,2011-03-26,Revenues,2026-08-27
PEG,shares,2010-12-31,505974223,2011-03-26,CommonStockSharesOutstanding,2026-08-27
PEP,assets,2010-12-25,68153000000,2011-03-20,Assets,2026-08-27
PEP,cash,2010-12-25,5943000000,2011-03-20,CashAndCashEquivalentsAtCarryingValue,2026-08-27
PEP,debt,2010-12-25,19999000000,2011-03-20,LongTermDebtNoncurrent,2026-08-27
PEP,equity,2010-12-25,21273000000,2011-03-20,StockholdersEquity,2026-08-27
PEP,inventory,2010-12-25,3372000000,2011-03-20,InventoryNet,2026-08-27
PEP,liabilities,2010-12-25,46677000000,2011-03-20,Liabilities,2026-08-27
PFE,assets,2010-12-31,195014000000,2011-03-26,Assets,2026-08-27
PFE,cash,2010-12-31,1735000000,2011-03-26,CashAndCashEquivalentsAtCarryingValue,2026-08-27
PFE,debt,2010-12-31,38410000000,2011-03-26,LongTermDebtNoncurrent,2026-08-27
PFE,equity,2010-12-31,87813000000,2011-03-26,StockholdersEquity,2026-08-27
PFE,inventory,2010-12-31,8275000000,2011-03-26,InventoryNet,2026-08-27
PFE,liabilities,2010-12-31,106749000000,2011-03-26,Liabilities,2026-08-27
PFE,netIncome,2010-10-03,866000000,2010-11-22,NetIncomeLoss,2026-08-27
PFE,receivables,2010-12-31,13380000000,2011-03-26,AccountsReceivableNetCurrent,2026-08-27
PFE,revenue,2010-10-03,15995000000,2010-11-22,SalesRevenueNet,2026-08-27
PFG,assets,2010-12-31,145631100000,2011-03-26,Assets,2026-08-27
PFG,cash,2010-12-31,1877400000,2011-03-26,CashAndCashEquivalentsAtCarryingValue,2026-08-27
PFG,debt,2010-12-31,1583700000,2011-03-26,LongTermDebt,2026-08-27
PFG,equity,2010-12-31,9727800000,2011-03-26,StockholdersEquity,2026-08-27
PFG,liabilities,2010-12-31,135746100000,2011-03-26,Liabilities,2026-08-27
PFG,revenue,2010-12-31,2372500000,2011-03-26,Revenues,2026-08-27
PFG,shares,2010-12-31,320400000,2011-03-26,CommonStockSharesOutstanding,2026-08-27
PG,assets,2010-12-31,134273000000,2011-03-26,Assets,2026-08-27
PG,cash,2010-12-31,3249000000,2011-03-26,CashAndCashEquivalentsAtCarryingValue,2026-08-27
PG,debt,2010-12-31,21317000000,2011-03-26,LongTermDebtNoncurrent,2026-08-27
PG,inventory,2010-12-31,7423000000,2011-03-26,InventoryNet,2026-08-27
PG,liabilities,2010-12-31,69560000000,2011-03-26,Liabilities,2026-08-27
PG,netIncome,2010-12-31,3333000000,2011-03-26,NetIncomeLoss,2026-08-27
PG,operatingIncome,2010-12-31,4186000000,2011-03-26,OperatingIncomeLoss,2026-08-27
PG,receivables,2010-12-31,6551000000,2011-03-26,AccountsReceivableNetCurrent,2026-08-27
PG,revenue,2010-12-31,20976000000,2011-03-26,SalesRevenueNet,2026-08-27
PGR,assets,2010-12-31,21150300000,2011-03-26,Assets,2026-08-27
PGR,debt,2010-12-31,1958200000,2011-03-26,LongTermDebt,2026-08-27
PGR,equity,2010-12-31,6048900000,2011-03-26,StockholdersEquity,2026-08-27
PGR,liabilities,2010-12-31,15101400000,2011-03-26,Liabilities,2026-08-27
PH,assets,2010-12-31,10618844000,2011-03-26,Assets,2026-08-27
PH,cash,2010-12-31,808736000,2011-03-26,CashAndCashEquivalentsAtCarryingValue,2026-08-27
PH,debt,2010-12-31,1742464000,2011-03-26,LongTermDebtNoncurrent,2026-08-27
PH,equity,2010-12-31,5113261000,2011-03-26,StockholdersEquity,2026-08-27
PH,grossProfit,2010-12-31,670936000,2011-03-26,GrossProfit,2026-08-27
PH,inventory,2010-12-31,1361457000,2011-03-26,InventoryNet,2026-08-27
PH,liabilities,2010-12-31,5404251000,2011-03-26,Liabilities,2026-08-27
PH,netIncome,2010-12-31,230180000,2011-03-26,NetIncomeLoss,2026-08-27
PH,operatingIncome,2010-12-31,400350000,2011-03-26,OperatingIncomeLoss,2026-08-27
PH,revenue,2010-12-31,2866664000,2011-03-26,SalesRevenueNet,2026-08-27
PHM,assets,2010-12-31,7699376000,2011-03-26,Assets,2026-08-27
PHM,cash,2010-12-31,1483390000,2011-03-26,CashAndCashEquivalentsAtCarryingValue,2026-08-27
PHM,equity,2010-12-31,2135167000,2011-03-26,StockholdersEquity,2026-08-27
PHM,liabilities,2010-12-31,5564209000,2011-03-26,Liabilities,2026-08-27
PHM,netIncome,2010-12-31,-165428000,2011-03-26,NetIncomeLoss,2026-08-27
PHM,receivables,2010-12-31,12800000,2011-03-26,AccountsReceivableNetCurrent,2026-08-27
PHM,revenue,2010-12-31,1185270000,2011-03-26,Revenues,2026-08-27
PHM,shares,2010-12-31,382027940,2011-03-26,CommonStockSharesOutstanding,2026-08-27
PKG,assets,2010-12-31,2225910000,2011-03-26,Assets,2026-08-27
PKG,cash,2010-12-31,196556000,2011-03-26,CashAndCashEquivalentsAtCarryingValue,2026-08-27
PKG,debt,2010-12-31,549099000,2011-03-26,LongTermDebtNoncurrent,2026-08-27
PKG,equity,2010-12-31,1050562000,2011-03-26,StockholdersEquity,2026-08-27
PKG,grossProfit,2010-12-31,147284000,2011-03-26,GrossProfit,2026-08-27
PKG,inventory,2010-12-31,241142000,2011-03-26,InventoryNet,2026-08-27
PKG,netIncome,2010-12-31,54891000,2011-03-26,NetIncomeLoss,2026-08-27
PKG,operatingIncome,2010-12-31,96362000,2011-03-26,OperatingIncomeLoss,2026-08-27
PKG,receivables,2010-12-31,294192000,2011-03-26,AccountsReceivableNetCurrent,2026-08-27
PKG,revenue,2010-12-31,626651000,2011-03-26,SalesRevenueNet,2026-08-27
PLD,assets,2010-12-31,14902667000,2011-03-26,Assets,2026-08-27
PLD,cash,2010-12-31,37634000,2011-03-26,CashAndCashEquivalentsAtCarryingValue,2026-08-27
PLD,equity,2010-12-31,7505223000,2011-03-26,StockholdersEquity,2026-08-27
PLD,liabilities,2010-12-31,7382312000,2011-03-26,Liabilities,2026-08-27
PLD,operatingIncome,2010-12-31,-694092000,2011-03-26,OperatingIncomeLoss,2026-08-27
PLD,shares,2010-12-31,254482000,2011-03-26,CommonStockSharesOutstanding,2026-08-27
PM,assets,2010-12-31,35050000000,2011-03-26,Assets,2026-08-27
PM,cash,2010-12-31,1703000000,2011-03-26,CashAndCashEquivalentsAtCarryingValue,2026-08-27
PM,debt,2010-12-31,13370000000,2011-03-26,LongTermDebtNoncurrent,2026-08-27
PM,equity,2010-12-31,3506000000,2011-03-26,StockholdersEquity,2026-08-27
PM,grossProfit,2010-12-31,4536000000,2011-03-26,GrossProfit,2026-08-27
PM,inventory,2010-12-31,8317000000,2011-03-26,InventoryNet,2026-08-27
PM,liabilities,2010-12-31,29929000000,2011-03-26,Liabilities,2026-08-27
PM,netIncome,2010-12-31,1752000000,2011-03-26,NetIncomeLoss,2026-08-27
PM,receivables,2010-12-31,3009000000,2011-03-26,AccountsReceivableNetCurrent,2026-08-27
PM,revenue,2010-12-31,17807000000,2011-03-26,SalesRevenueNet,2026-08-27
PM,shares,2010-12-31,1801783490,2011-03-26,CommonStockSharesOutstanding,2026-08-27
PNC,assets,2010-12-31,264284000000,2011-03-26,Assets,2026-08-27
PNC,equity,2010-12-31,30242000000,2011-03-26,StockholdersEquity,2026-08-27
PNC,liabilities,2010-12-31,231446000000,2011-03-26,Liabilities,2026-08-27
PNR,assets,2010-12-31,3973533000,2011-03-26,Assets,2026-08-27
PNR,cash,2010-12-31,46100000,2011-03-26,CashAndCashEquivalentsAtCarryingValue,2026-08-27
PNR,debt,2010-12-31,702521000,2011-03-26,LongTermDebtNoncurrent,2026-08-27
PNR,equity,2010-12-31,2093153000,2011-03-26,StockholdersEquity,2026-08-27
PNR,grossProfit,2010-12-31,232228000,2011-03-26,GrossProfit,2026-08-27
PNR,inventory,2010-12-31,405356000,2011-03-26,InventoryNet,2026-08-27
PNR,liabilities,2010-12-31,1768501000,2011-03-26,Liabilities,2026-08-27
PNR,netIncome,2010-10-02,55050000,2010-11-21,NetIncomeLoss,2026-08-27
PNR,operatingIncome,2010-12-31,79605000,2011-03-26,OperatingIncomeLoss,2026-08-27
PNR,revenue,2010-12-31,753858000,2011-03-26,SalesRevenueNet,2026-08-27
PNR,rnd,2010-10-02,16865000,2010-11-21,ResearchAndDevelopmentExpense,2026-08-27
PNR,shares,2010-12-31,98409192,2011-03-26,CommonStockSharesOutstanding,2026-08-27
PNW,assets,2010-12-31,12393000000,2011-03-26,Assets,2026-08-27
PNW,cash,2010-12-31,110188000,2011-03-26,CashAndCashEquivalentsAtCarryingValue,2026-08-27
PNW,debt,2010-12-31,3045794000,2011-03-26,LongTermDebtNoncurrent,2026-08-27
PNW,equity,2010-12-31,3683327000,2011-03-26,StockholdersEquity,2026-08-27
PODD,assets,2010-12-31,156233000,2011-03-26,Assets,2026-08-27
PODD,cash,2010-12-31,113274000,2011-03-26,CashAndCashEquivalentsAtCarryingValue,2026-08-27
PODD,debt,2010-12-31,69433000,2011-03-26,LongTermDebtNoncurrent,2026-08-27
PODD,equity,2010-12-31,66231000,2011-03-26,StockholdersEquity,2026-08-27
PODD,grossProfit,2010-12-31,13826000,2011-03-26,GrossProfit,2026-08-27
PODD,inventory,2010-12-31,11430000,2011-03-26,InventoryNet,2026-08-27
PODD,liabilities,2010-12-31,90002000,2011-03-26,Liabilities,2026-08-27
PODD,netIncome,2010-12-31,-20858000,2011-03-26,NetIncomeLoss,2026-08-27
PODD,receivables,2010-12-31,16841000,2011-03-26,AccountsReceivableNetCurrent,2026-08-27
PODD,revenue,2010-12-31,27767000,2011-03-26,SalesRevenueNet,2026-08-27
PODD,shares,2010-12-31,45440839,2011-03-26,CommonStockSharesOutstanding,2026-08-27
PPG,assets,2010-12-31,14975000000,2011-03-26,Assets,2026-08-27
PPG,cash,2010-12-31,1341000000,2011-03-26,CashAndCashEquivalentsAtCarryingValue,2026-08-27
PPG,debt,2010-12-31,4043000000,2011-03-26,LongTermDebtNoncurrent,2026-08-27
PPG,equity,2010-12-31,3638000000,2011-03-26,StockholdersEquity,2026-08-27
PPG,inventory,2010-12-31,1573000000,2011-03-26,InventoryNet,2026-08-27
PPG,liabilities,2010-12-31,11142000000,2011-03-26,Liabilities,2026-08-27
PPG,netIncome,2010-12-31,205000000,2011-03-26,NetIncomeLoss,2026-08-27
PPG,receivables,2010-12-31,2447000000,2011-03-26,AccountsReceivableNetCurrent,2026-08-27
PPG,revenue,2010-12-31,3379000000,2011-03-26,SalesRevenueNet,2026-08-27
PPG,shares,2010-12-31,160381815,2011-03-26,CommonStockSharesOutstanding,2026-08-27
PPL,assets,2010-12-31,32837000000,2011-03-26,Assets,2026-08-27
PPL,cash,2010-12-31,925000000,2011-03-26,CashAndCashEquivalentsAtCarryingValue,2026-08-27
PPL,debt,2010-12-31,12161000000,2011-03-26,LongTermDebtNoncurrent,2026-08-27
PPL,equity,2010-12-31,8210000000,2011-03-26,StockholdersEquity,2026-08-27
PPL,inventory,2010-12-31,643000000,2011-03-26,InventoryNet,2026-08-27
PPL,netIncome,2010-12-31,355000000,2011-03-26,NetIncomeLoss,2026-08-27
PPL,operatingIncome,2010-12-31,642000000,2011-03-26,OperatingIncomeLoss,2026-08-27
PPL,receivables,2010-12-31,652000000,2011-03-26,AccountsReceivableNetCurrent,2026-08-27
PPL,shares,2010-12-31,483391000,2011-03-26,CommonStockSharesOutstanding,2026-08-27
PRU,assets,2010-12-31,539854000000,2011-03-26,Assets,2026-08-27
PRU,cash,2010-12-31,12915000000,2011-03-26,CashAndCashEquivalentsAtCarryingValue,2026-08-27
PRU,debt,2010-12-31,23653000000,2011-03-26,LongTermDebtNoncurrent,2026-08-27
PRU,equity,2010-12-31,32415000000,2011-03-26,StockholdersEquity,2026-08-27
PRU,liabilities,2010-12-31,506926000000,2011-03-26,Liabilities,2026-08-27
PRU,netIncome,2010-12-31,177000000,2011-03-26,NetIncomeLoss,2026-08-27
PRU,revenue,2010-12-31,8049000000,2011-03-26,Revenues,2026-08-27
PSA,assets,2010-12-31,9495333000,2011-03-26,Assets,2026-08-27
PSA,cash,2010-12-31,456252000,2011-03-26,CashAndCashEquivalentsAtCarryingValue,2026-08-27
PSA,equity,2010-12-31,8676598000,2011-03-26,StockholdersEquity,2026-08-27
PSA,liabilities,2010-12-31,774186000,2011-03-26,Liabilities,2026-08-27
PSA,revenue,2010-12-31,417780000,2011-03-26,Revenues,2026-08-27
PSA,shares,2010-12-31,169252819,2011-03-26,CommonStockSharesOutstanding,2026-08-27
PSX,assets,2010-12-31,44955000000,2011-03-26,Assets,2026-08-27
PSX,cash,2010-12-31,0,2011-03-26,CashAndCashEquivalentsAtCarryingValue,2026-08-27
PWR,assets,2010-12-31,4341212000,2011-03-26,Assets,2026-08-27
PWR,cash,2010-12-31,539221000,2011-03-26,CashAndCashEquivalentsAtCarryingValue,2026-08-27
PWR,equity,2010-12-31,3365555000,2011-03-26,StockholdersEquity,2026-08-27
PWR,grossProfit,2010-12-31,159250000,2011-03-26,GrossProfit,2026-08-27
PWR,inventory,2010-12-31,51754000,2011-03-26,InventoryNet,2026-08-27
PWR,liabilities,2010-12-31,974293000,2011-03-26,Liabilities,2026-08-27
PWR,receivables,2010-12-31,766387000,2011-03-26,AccountsReceivableNetCurrent,2026-08-27
PWR,shares,2010-12-31,211138091,2011-03-26,CommonStockSharesOutstanding,2026-08-27
QCOM,assets,2010-12-26,31291000000,2011-03-21,Assets,2026-08-27
QCOM,buybacks,2010-12-26,0,2011-03-21,PaymentsForRepurchaseOfCommonStock,2026-08-27
QCOM,capex,2010-12-26,102000000,2011-03-21,PaymentsToAcquireProductiveAssets,2026-08-27
QCOM,cash,2010-12-26,4711000000,2011-03-21,CashAndCashEquivalentsAtCarryingValue,2026-08-27
QCOM,equity,2010-12-26,22736000000,2011-03-21,StockholdersEquity,2026-08-27
QCOM,inventory,2010-12-26,574000000,2011-03-21,InventoryNet,2026-08-27
QCOM,liabilities,2010-12-26,8555000000,2011-03-21,Liabilities,2026-08-27
QCOM,netIncome,2010-12-26,1170000000,2011-03-21,NetIncomeLoss,2026-08-27
QCOM,operatingCashFlow,2010-12-26,48000000,2011-03-21,NetCashProvidedByUsedInOperatingActivities,2026-08-27
QCOM,operatingIncome,2010-12-26,1247000000,2011-03-21,OperatingIncomeLoss,2026-08-27
QCOM,receivables,2010-12-26,657000000,2011-03-21,AccountsReceivableNetCurrent,2026-08-27
QCOM,revenue,2010-12-26,3348000000,2011-03-21,Revenues,2026-08-27
QCOM,rnd,2010-12-26,649000000,2011-03-21,ResearchAndDevelopmentExpense,2026-08-27
QCOM,shares,2010-12-26,1634000000,2011-03-21,CommonStockSharesOutstanding,2026-08-27
RCL,assets,2010-12-31,19653829000,2011-03-26,Assets,2026-08-27
RCL,cash,2010-12-31,419929000,2011-03-26,CashAndCashEquivalentsAtCarryingValue,2026-08-27
RCL,debt,2010-12-31,7951187000,2011-03-26,LongTermDebtNoncurrent,2026-08-27
RCL,equity,2010-12-31,7900752000,2011-03-26,StockholdersEquity,2026-08-27
RCL,inventory,2010-12-31,126797000,2011-03-26,InventoryNet,2026-08-27
RCL,netIncome,2010-12-31,31900000,2011-03-26,NetIncomeLoss,2026-08-27
RCL,operatingIncome,2010-12-31,121695000,2011-03-26,OperatingIncomeLoss,2026-08-27
RCL,revenue,2010-12-31,1604498000,2011-03-26,Revenues,2026-08-27
REG,debt,2010-12-31,2094469000,2011-03-26,LongTermDebt,2026-08-27
REG,revenue,2010-12-31,117584000,2011-03-26,Revenues,2026-08-27
REGN,assets,2010-12-31,1089432000,2011-03-26,Assets,2026-08-27
REGN,cash,2010-12-31,112572000,2011-03-26,CashAndCashEquivalentsAtCarryingValue,2026-08-27
REGN,equity,2010-12-31,527815000,2011-03-26,StockholdersEquity,2026-08-27
REGN,liabilities,2010-12-31,561617000,2011-03-26,Liabilities,2026-08-27
REGN,netIncome,2010-12-31,-14597000,2011-03-26,NetIncomeLoss,2026-08-27
REGN,receivables,2010-12-31,2314000,2011-03-26,AccountsReceivableNetCurrent,2026-08-27
REGN,revenue,2010-12-31,133675000,2011-03-26,Revenues,2026-08-27
REGN,shares,2010-12-31,87238301,2011-03-26,CommonStockSharesOutstanding,2026-08-27
RF,assets,2010-12-31,132351000000,2011-03-26,Assets,2026-08-27
RF,cash,2010-12-31,6919000000,2011-03-26,CashAndCashEquivalentsAtCarryingValue,2026-08-27
RF,debt,2010-12-31,13190000000,2011-03-26,LongTermDebt,2026-08-27
RF,equity,2010-12-31,16734000000,2011-03-26,StockholdersEquity,2026-08-27
RF,liabilities,2010-12-31,115617000000,2011-03-26,Liabilities,2026-08-27
RJF,assets,2010-12-31,14849838000,2011-03-26,Assets,2026-08-27
RJF,buybacks,2010-12-31,5261000,2011-03-26,PaymentsForRepurchaseOfCommonStock,2026-08-27
RJF,capex,2010-12-31,9500000,2011-03-26,PaymentsToAcquirePropertyPlantAndEquipment,2026-08-27
RJF,cash,2010-12-31,1204883000,2011-03-26,CashAndCashEquivalentsAtCarryingValue,2026-08-27
RJF,equity,2010-12-31,2406742000,2011-03-26,StockholdersEquity,2026-08-27
RJF,liabilities,2010-12-31,12131905000,2011-03-26,Liabilities,2026-08-27
RJF,netIncome,2010-12-31,81723000,2011-03-26,NetIncomeLoss,2026-08-27
RJF,operatingCashFlow,2010-12-31,1212449000,2011-03-26,NetCashProvidedByUsedInOperatingActivities,2026-08-27
RJF,revenue,2010-12-31,830333000,2011-03-26,Revenues,2026-08-27
RL,assets,2010-10-02,4875000000,2010-11-21,Assets,2026-08-27
RL,cash,2010-10-02,435900000,2010-11-21,CashAndCashEquivalentsAtCarryingValue,2026-08-27
RL,debt,2010-10-02,285200000,2010-11-21,LongTermDebtNoncurrent,2026-08-27
RL,equity,2010-10-02,3172500000,2010-11-21,StockholdersEquity,2026-08-27
RL,grossProfit,2010-10-02,887900000,2010-11-21,GrossProfit,2026-08-27
RL,inventory,2010-10-02,732500000,2010-11-21,InventoryNet,2026-08-27
RL,liabilities,2010-10-02,1702500000,2010-11-21,Liabilities,2026-08-27
RL,netIncome,2010-10-02,205200000,2010-11-21,NetIncomeLoss,2026-08-27
RL,operatingIncome,2010-10-02,307400000,2010-11-21,OperatingIncomeLoss,2026-08-27
RL,receivables,2010-10-02,523300000,2010-11-21,AccountsReceivableNetCurrent,2026-08-27
RL,revenue,2010-10-02,1532100000,2010-11-21,SalesRevenueNet,2026-08-27
RMD,assets,2010-12-31,1884211000,2011-03-26,Assets,2026-08-27
RMD,cash,2010-12-31,616201000,2011-03-26,CashAndCashEquivalentsAtCarryingValue,2026-08-27
RMD,grossProfit,2010-12-31,185999000,2011-03-26,GrossProfit,2026-08-27
RMD,inventory,2010-12-31,214886000,2011-03-26,InventoryNet,2026-08-27
RMD,liabilities,2010-12-31,273409000,2011-03-26,Liabilities,2026-08-27
RMD,netIncome,2010-12-31,58456000,2011-03-26,NetIncomeLoss,2026-08-27
RMD,operatingIncome,2010-12-31,69873000,2011-03-26,OperatingIncomeLoss,2026-08-27
RMD,revenue,2010-12-31,305986000,2011-03-26,SalesRevenueNet,2026-08-27
RMD,rnd,2010-12-31,21972000,2011-03-26,ResearchAndDevelopmentExpense,2026-08-27
RMD,shares,2010-12-31,153467673,2011-03-26,CommonStockSharesOutstanding,2026-08-27
ROK,assets,2010-12-31,4778900000,2011-03-26,Assets,2026-08-27
ROK,buybacks,2010-12-31,43600000,2011-03-26,PaymentsForRepurchaseOfCommonStock,2026-08-27
ROK,capex,2010-12-31,20300000,2011-03-26,PaymentsToAcquirePropertyPlantAndEquipment,2026-08-27
ROK,cash,2010-12-31,769300000,2011-03-26,CashAndCashEquivalentsAtCarryingValue,2026-08-27
ROK,debt,2010-12-31,904900000,2011-03-26,LongTermDebtNoncurrent,2026-08-27
ROK,equity,2010-12-31,1586100000,2011-03-26,StockholdersEquity,2026-08-27
ROK,grossProfit,2010-12-31,543900000,2011-03-26,GrossProfit,2026-08-27
ROK,inventory,2010-12-31,612600000,2011-03-26,InventoryNet,2026-08-27
ROK,netIncome,2010-12-31,150100000,2011-03-26,NetIncomeLoss,2026-08-27
ROK,operatingCashFlow,2010-12-31,12600000,2011-03-26,NetCashProvidedByUsedInOperatingActivitiesContinuingOperations,2026-08-27
ROK,revenue,2010-12-31,1365800000,2011-03-26,SalesRevenueNet,2026-08-27
ROL,assets,2010-12-31,619014000,2011-03-26,Assets,2026-08-27
ROL,cash,2010-12-31,20913000,2011-03-26,CashAndCashEquivalentsAtCarryingValue,2026-08-27
ROL,equity,2010-12-31,297970000,2011-03-26,StockholdersEquity,2026-08-27
ROL,grossProfit,2010-12-31,132306000,2011-03-26,GrossProfit,2026-08-27
ROL,inventory,2010-12-31,11899000,2011-03-26,InventoryNet,2026-08-27
ROL,liabilities,2010-12-31,321044000,2011-03-26,Liabilities,2026-08-27
ROL,receivables,2010-12-31,59389000,2011-03-26,AccountsReceivableNetCurrent,2026-08-27
ROP,assets,2010-12-31,5069524000,2011-03-26,Assets,2026-08-27
ROP,cash,2010-12-31,270394000,2011-03-26,CashAndCashEquivalentsAtCarryingValue,2026-08-27
ROP,debt,2010-12-31,1247703000,2011-03-26,LongTermDebtNoncurrent,2026-08-27
ROP,grossProfit,2010-12-31,371865000,2011-03-26,GrossProfit,2026-08-27
ROP,inventory,2010-12-31,178559000,2011-03-26,InventoryNet,2026-08-27
ROP,liabilities,2010-12-31,2318617000,2011-03-26,Liabilities,2026-08-27
ROP,netIncome,2010-12-31,107311000,2011-03-26,NetIncomeLoss,2026-08-27
ROP,operatingIncome,2010-12-31,166158000,2011-03-26,OperatingIncomeLoss,2026-08-27
ROP,receivables,2010-12-31,403337000,2011-03-26,AccountsReceivableNetCurrent,2026-08-27
ROP,revenue,2010-12-31,679479000,2011-03-26,SalesRevenueNet,2026-08-27
ROP,shares,2010-12-31,95088000,2011-03-26,CommonStockSharesOutstanding,2026-08-27
ROST,assets,2010-10-30,2962589000,2010-12-19,Assets,2026-08-27
ROST,cash,2010-10-30,732798000,2010-12-19,CashAndCashEquivalentsAtCarryingValue,2026-08-27
ROST,debt,2010-10-30,150000000,2010-12-19,LongTermDebtNoncurrent,2026-08-27
ROST,equity,2010-10-30,1285011000,2010-12-19,StockholdersEquity,2026-08-27
ROST,inventory,2010-10-30,1048130000,2010-12-19,InventoryNet,2026-08-27
ROST,netIncome,2010-10-30,121378000,2010-12-19,NetIncomeLoss,2026-08-27
ROST,revenue,2010-10-30,1874320000,2010-12-19,SalesRevenueNet,2026-08-27
RSG,assets,2010-12-31,19461900000,2011-03-26,Assets,2026-08-27
RSG,cash,2010-12-31,88300000,2011-03-26,CashAndCashEquivalentsAtCarryingValue,2026-08-27
RSG,debt,2010-12-31,7043100000,2011-03-26,LongTermDebt,2026-08-27
RSG,equity,2010-12-31,7846500000,2011-03-26,StockholdersEquity,2026-08-27
RSG,inventory,2010-12-31,31300000,2011-03-26,InventoryNet,2026-08-27
RSG,netIncome,2010-12-31,147600000,2011-03-26,NetIncomeLoss,2026-08-27
RSG,operatingIncome,2010-12-31,389400000,2011-03-26,OperatingIncomeLoss,2026-08-27
RSG,receivables,2010-12-31,828900000,2011-03-26,AccountsReceivableNetCurrent,2026-08-27
RSG,revenue,2010-12-31,2020800000,2011-03-26,SalesRevenueNet,2026-08-27
RTX,assets,2010-12-31,58493000000,2011-03-26,Assets,2026-08-27
RTX,debt,2010-12-31,10173000000,2011-03-26,LongTermDebt,2026-08-27
RTX,equity,2010-12-31,21385000000,2011-03-26,StockholdersEquity,2026-08-27
RTX,grossProfit,2010-12-31,3864000000,2011-03-26,GrossProfit,2026-08-27
RTX,inventory,2010-12-31,7766000000,2011-03-26,InventoryNet,2026-08-27
RTX,liabilities,2010-12-31,35844000000,2011-03-26,Liabilities,2026-08-27
RTX,netIncome,2010-12-31,1199000000,2011-03-26,NetIncomeLoss,2026-08-27
RTX,revenue,2010-12-31,14864000000,2011-03-26,SalesRevenueNet,2026-08-27
RVTY,assets,2010-10-03,3248011000,2010-11-22,Assets,2026-08-27
RVTY,cash,2010-10-03,250988000,2010-11-22,CashAndCashEquivalentsAtCarryingValue,2026-08-27
RVTY,debt,2010-10-03,670131000,2010-11-22,LongTermDebtNoncurrent,2026-08-27
RVTY,equity,2010-10-03,1707035000,2010-11-22,StockholdersEquity,2026-08-27
RVTY,grossProfit,2010-10-03,186485000,2010-11-22,GrossProfit,2026-08-27
RVTY,inventory,2010-10-03,210158000,2010-11-22,InventoryNet,2026-08-27
RVTY,liabilities,2010-10-03,1540976000,2010-11-22,Liabilities,2026-08-27
RVTY,netIncome,2010-10-03,14290000,2010-11-22,NetIncomeLoss,2026-08-27
RVTY,operatingIncome,2010-10-03,42513000,2010-11-22,OperatingIncomeLoss,2026-08-27
RVTY,receivables,2010-10-03,323536000,2010-11-22,AccountsReceivableNetCurrent,2026-08-27
RVTY,revenue,2010-10-03,419143000,2010-11-22,Revenues,2026-08-27
RVTY,rnd,2010-10-03,23814000,2010-11-22,ResearchAndDevelopmentExpense,2026-08-27
RVTY,shares,2010-10-03,118034000,2010-11-22,CommonStockSharesOutstanding,2026-08-27
SBAC,assets,2010-12-31,3400175000,2011-03-26,Assets,2026-08-27
SBAC,cash,2010-12-31,64254000,2011-03-26,CashAndCashEquivalentsAtCarryingValue,2026-08-27
SBAC,debt,2010-12-31,2827450000,2011-03-26,LongTermDebtNoncurrent,2026-08-27
SBAC,equity,2010-12-31,317110000,2011-03-26,StockholdersEquity,2026-08-27
SBAC,netIncome,2010-12-31,-39161000,2011-03-26,NetIncomeLoss,2026-08-27
SBAC,operatingIncome,2010-12-31,16695000,2011-03-26,OperatingIncomeLoss,2026-08-27
SBAC,receivables,2010-12-31,18784000,2011-03-26,AccountsReceivableNetCurrent,2026-08-27
SBAC,revenue,2010-12-31,165497000,2011-03-26,Revenues,2026-08-27
SBAC,shares,2010-12-31,114832000,2011-03-26,CommonStockSharesOutstanding,2026-08-27
SBUX,assets,2010-10-03,6385900000,2010-11-22,Assets,2026-08-27
SBUX,cash,2010-10-03,1164000000,2010-11-22,CashAndCashEquivalentsAtCarryingValue,2026-08-27
SBUX,debt,2010-10-03,549400000,2010-11-22,LongTermDebtNoncurrent,2026-08-27
SBUX,equity,2010-10-03,3674700000,2010-11-22,StockholdersEquity,2026-08-27
SBUX,inventory,2010-10-03,543300000,2010-11-22,InventoryNet,2026-08-27
SBUX,liabilities,2010-10-03,2703600000,2010-11-22,Liabilities,2026-08-27
SBUX,receivables,2010-10-03,302700000,2010-11-22,AccountsReceivableNetCurrent,2026-08-27
SBUX,shares,2010-10-03,742600000,2010-11-22,CommonStockSharesOutstanding,2026-08-27
SCHW,assets,2010-12-31,92568000000,2011-03-26,Assets,2026-08-27
SCHW,cash,2010-12-31,4931000000,2011-03-26,CashAndCashEquivalentsAtCarryingValue,2026-08-27
SCHW,debt,2010-12-31,2006000000,2011-03-26,LongTermDebt,2026-08-27
SCHW,equity,2010-12-31,6226000000,2011-03-26,StockholdersEquity,2026-08-27
SCHW,liabilities,2010-12-31,86342000000,2011-03-26,Liabilities,2026-08-27
SCHW,netIncome,2010-12-31,119000000,2011-03-26,NetIncomeLoss,2026-08-27
SCHW,revenue,2010-12-31,1127000000,2011-03-26,Revenues,2026-08-27
SHW,assets,2010-12-31,5169235000,2011-03-26,Assets,2026-08-27
SHW,cash,2010-12-31,58585000,2011-03-26,CashAndCashEquivalentsAtCarryingValue,2026-08-27
SHW,debt,2010-12-31,648326000,2011-03-26,LongTermDebtNoncurrent,2026-08-27
SHW,equity,2010-12-31,1609440000,2011-03-26,StockholdersEquity,2026-08-27
SHW,grossProfit,2010-12-31,845632000,2011-03-26,GrossProfit,2026-08-27
SHW,inventory,2010-12-31,917701000,2011-03-26,InventoryNet,2026-08-27
SHW,netIncome,2010-12-31,72918000,2011-03-26,NetIncomeLoss,2026-08-27
SHW,receivables,2010-12-31,916661000,2011-03-26,AccountsReceivableNetCurrent,2026-08-27
SHW,revenue,2010-12-31,1895619000,2011-03-26,Revenues,2026-08-27
SHW,shares,2010-12-31,107020728,2011-03-26,CommonStockSharesOutstanding,2026-08-27
SJM,assets,2010-10-31,8553350000,2010-12-20,Assets,2026-08-27
SJM,cash,2010-10-31,487463000,2010-12-20,CashAndCashEquivalentsAtCarryingValue,2026-08-27
SJM,debt,2010-10-31,1300000000,2010-12-20,LongTermDebtNoncurrent,2026-08-27
SJM,equity,2010-10-31,5504009000,2010-12-20,StockholdersEquity,2026-08-27
SJM,grossProfit,2010-10-31,494670000,2010-12-20,GrossProfit,2026-08-27
SJM,inventory,2010-10-31,822614000,2010-12-20,InventoryNet,2026-08-27
SJM,netIncome,2010-10-31,149726000,2010-12-20,NetIncomeLoss,2026-08-27
SJM,operatingIncome,2010-10-31,240036000,2010-12-20,OperatingIncomeLoss,2026-08-27
SJM,receivables,2010-10-31,415826000,2010-12-20,AccountsReceivableNetCurrent,2026-08-27
SJM,shares,2010-10-31,119529429,2010-12-20,CommonStockSharesOutstanding,2026-08-27
SLB,assets,2010-12-31,51767000000,2011-03-26,Assets,2026-08-27
SLB,cash,2010-12-31,1764000000,2011-03-26,CashAndCashEquivalentsAtCarryingValue,2026-08-27
SLB,equity,2010-12-31,31226000000,2011-03-26,StockholdersEquity,2026-08-27
SLB,inventory,2010-12-31,3804000000,2011-03-26,InventoryNet,2026-08-27
SLB,liabilities,2010-12-31,20323000000,2011-03-26,Liabilities,2026-08-27
SLB,shares,2010-12-31,1361171428,2011-03-26,CommonStockSharesOutstanding,2026-08-27
SMCI,cash,2010-12-31,87216000,2011-03-26,CashAndCashEquivalentsAtCarryingValue,2026-08-27
SMCI,grossProfit,2010-12-31,40179000,2011-03-26,GrossProfit,2026-08-27
SMCI,netIncome,2010-12-31,11569000,2011-03-26,NetIncomeLoss,2026-08-27
SMCI,operatingIncome,2010-12-31,16924000,2011-03-26,OperatingIncomeLoss,2026-08-27
SMCI,revenue,2010-12-31,240813000,2011-03-26,SalesRevenueNet,2026-08-27
SMCI,rnd,2010-12-31,12297000,2011-03-26,ResearchAndDevelopmentExpense,2026-08-27
SNA,assets,2010-10-02,3457800000,2010-11-21,Assets,2026-08-27
SNA,cash,2010-12-31,572200000,2011-03-26,CashAndCashEquivalentsAtCarryingValue,2026-08-27
SNA,debt,2010-10-02,712300000,2010-11-21,LongTermDebtNoncurrent,2026-08-27
SNA,equity,2010-10-02,1381300000,2010-11-21,StockholdersEquity,2026-08-27
SNA,grossProfit,2010-10-02,301200000,2010-11-21,GrossProfit,2026-08-27
SNA,inventory,2010-10-02,324800000,2010-11-21,InventoryNet,2026-08-27
SNA,liabilities,2010-10-02,2060900000,2010-11-21,Liabilities,2026-08-27
SNA,netIncome,2010-10-02,46500000,2010-11-21,NetIncomeLoss,2026-08-27
SNA,operatingIncome,2010-10-02,83800000,2010-11-21,OperatingIncomeLoss,2026-08-27
SNA,receivables,2010-10-02,435000000,2010-11-21,AccountsReceivableNetCurrent,2026-08-27
SNA,revenue,2010-10-02,653100000,2010-11-21,SalesRevenueNet,2026-08-27
SNPS,assets,2010-10-31,3286541000,2010-12-20,Assets,2026-08-27
SNPS,cash,2010-10-31,775407000,2010-12-20,CashAndCashEquivalentsAtCarryingValue,2026-08-27
SNPS,equity,2010-10-31,2100182000,2010-12-20,StockholdersEquity,2026-08-27
SNPS,liabilities,2010-10-31,1186359000,2010-12-20,Liabilities,2026-08-27
SNPS,receivables,2010-10-31,181102000,2010-12-20,AccountsReceivableNetCurrent,2026-08-27
SNPS,shares,2010-10-31,148479000,2010-12-20,CommonStockSharesOutstanding,2026-08-27
SO,assets,2010-12-31,55032000000,2011-03-26,Assets,2026-08-27
SO,cash,2010-12-31,447000000,2011-03-26,CashAndCashEquivalentsAtCarryingValue,2026-08-27
SO,liabilities,2010-12-31,37748000000,2011-03-26,Liabilities,2026-08-27
SO,operatingIncome,2010-12-31,470000000,2011-03-26,OperatingIncomeLoss,2026-08-27
SO,revenue,2010-12-31,3771000000,2011-03-26,Revenues,2026-08-27
SPG,assets,2010-12-31,24857429000,2011-03-26,Assets,2026-08-27
SPG,cash,2010-12-31,796718000,2011-03-26,CashAndCashEquivalentsAtCarryingValue,2026-08-27
SPG,debt,2010-12-31,17468732000,2011-03-26,LongTermDebt,2026-08-27
SPG,equity,2010-12-31,4830780000,2011-03-26,StockholdersEquity,2026-08-27
SPG,liabilities,2010-12-31,19138208000,2011-03-26,Liabilities,2026-08-27
SPG,operatingIncome,2010-12-31,504062000,2011-03-26,OperatingIncomeLoss,2026-08-27
SPG,revenue,2010-12-31,1119718000,2011-03-26,Revenues,2026-08-27
SPGI,assets,2010-12-31,7047000000,2011-03-26,Assets,2026-08-27
SPGI,cash,2010-12-31,1416000000,2011-03-26,CashAndCashEquivalentsAtCarryingValue,2026-08-27
SPGI,debt,2010-12-31,1198000000,2011-03-26,LongTermDebtNoncurrent,2026-08-27
SPGI,equity,2010-12-31,2211000000,2011-03-26,StockholdersEquity,2026-08-27
SPGI,inventory,2010-12-31,275000000,2011-03-26,InventoryNet,2026-08-27
SPGI,liabilities,2010-12-31,4755000000,2011-03-26,Liabilities,2026-08-27
SPGI,netIncome,2010-12-31,154000000,2011-03-26,NetIncomeLoss,2026-08-27
SPGI,receivables,2010-12-31,973000000,2011-03-26,AccountsReceivableNetCurrent,2026-08-27
SPGI,revenue,2010-12-31,1496000000,2011-03-26,Revenues,2026-08-27
SRE,assets,2010-12-31,30231000000,2011-03-26,Assets,2026-08-27
SRE,cash,2010-12-31,912000000,2011-03-26,CashAndCashEquivalentsAtCarryingValue,2026-08-27
SRE,equity,2010-12-31,8990000000,2011-03-26,StockholdersEquity,2026-08-27
SRE,inventory,2010-12-31,258000000,2011-03-26,InventoryNet,2026-08-27
SRE,receivables,2010-12-31,891000000,2011-03-26,AccountsReceivableNetCurrent,2026-08-27
SRE,shares,2010-12-31,240447416,2011-03-26,CommonStockSharesOutstanding,2026-08-27
STLD,assets,2010-12-31,5589934000,2011-03-26,Assets,2026-08-27
STLD,cash,2010-12-31,186513000,2011-03-26,CashAndCashEquivalentsAtCarryingValue,2026-08-27
STLD,debt,2010-12-31,2377897000,2011-03-26,LongTermDebtNoncurrent,2026-08-27
STLD,equity,2010-12-31,2076835000,2011-03-26,StockholdersEquity,2026-08-27
STLD,grossProfit,2010-12-31,133668000,2011-03-26,GrossProfit,2026-08-27
STLD,inventory,2010-12-31,1114063000,2011-03-26,InventoryNet,2026-08-27
STLD,liabilities,2010-12-31,3458804000,2011-03-26,Liabilities,2026-08-27
STLD,operatingIncome,2010-12-31,46821000,2011-03-26,OperatingIncomeLoss,2026-08-27
STLD,receivables,2010-12-31,584068000,2011-03-26,AccountsReceivableNetCurrent,2026-08-27
STLD,revenue,2010-12-31,1528134000,2011-03-26,SalesRevenueNet,2026-08-27
STLD,shares,2010-12-31,217574826,2011-03-26,CommonStockSharesOutstanding,2026-08-27
STT,assets,2010-12-31,160505000000,2011-03-26,Assets,2026-08-27
STT,debt,2010-12-31,8550000000,2011-03-26,LongTermDebt,2026-08-27
STT,equity,2010-12-31,17787000000,2011-03-26,StockholdersEquity,2026-08-27
STT,liabilities,2010-12-31,142718000000,2011-03-26,Liabilities,2026-08-27
STX,assets,2010-12-31,8658000000,2011-03-26,Assets,2026-08-27
STX,capex,2010-10-01,358000000,2010-11-20,PaymentsToAcquirePropertyPlantAndEquipment,2026-08-27
STX,cash,2010-12-31,2528000000,2011-03-26,CashAndCashEquivalentsAtCarryingValue,2026-08-27
STX,debt,2010-12-31,2365000000,2011-03-26,LongTermDebtNoncurrent,2026-08-27
STX,equity,2010-12-31,2776000000,2011-03-26,StockholdersEquity,2026-08-27
STX,inventory,2010-12-31,808000000,2011-03-26,InventoryNet,2026-08-27
STX,liabilities,2010-12-31,5882000000,2011-03-26,Liabilities,2026-08-27
STX,netIncome,2010-12-31,150000000,2011-03-26,NetIncomeLoss,2026-08-27
STX,operatingCashFlow,2010-10-01,245000000,2010-11-20,NetCashProvidedByUsedInOperatingActivities,2026-08-27
STX,operatingIncome,2010-12-31,206000000,2011-03-26,OperatingIncomeLoss,2026-08-27
STX,receivables,2010-12-31,1392000000,2011-03-26,AccountsReceivableNetCurrent,2026-08-27
STX,revenue,2010-12-31,2719000000,2011-03-26,SalesRevenueNet,2026-08-27
STX,rnd,2010-12-31,213000000,2011-03-26,ResearchAndDevelopmentExpense,2026-08-27
STX,shares,2010-12-31,452842628,2011-03-26,CommonStockSharesOutstanding,2026-08-27
STZ,assets,2010-11-30,8257800000,2011-02-23,Assets,2026-08-27
STZ,capex,2010-11-30,26900000,2011-02-23,PaymentsToAcquirePropertyPlantAndEquipment,2026-08-27
STZ,cash,2010-11-30,16000000,2011-02-23,CashAndCashEquivalentsAtCarryingValue,2026-08-27
STZ,debt,2010-11-30,3133000000,2011-02-23,LongTermDebtNoncurrent,2026-08-27
STZ,equity,2010-11-30,2719000000,2011-02-23,StockholdersEquity,2026-08-27
STZ,grossProfit,2010-11-30,351900000,2011-02-23,GrossProfit,2026-08-27
STZ,inventory,2010-11-30,1866600000,2011-02-23,InventoryNet,2026-08-27
STZ,netIncome,2010-11-30,139300000,2011-02-23,NetIncomeLoss,2026-08-27
STZ,operatingIncome,2010-11-30,170100000,2011-02-23,OperatingIncomeLoss,2026-08-27
STZ,receivables,2010-11-30,868900000,2011-02-23,AccountsReceivableNetCurrent,2026-08-27
SWK,assets,2010-10-02,14872700000,2010-11-21,Assets,2026-08-27
SWK,capex,2010-10-02,45900000,2010-11-21,PaymentsToAcquireProductiveAssets,2026-08-27
SWK,cash,2010-10-02,1635900000,2010-11-21,CashAndCashEquivalentsAtCarryingValue,2026-08-27
SWK,debt,2010-10-02,2719200000,2010-11-21,LongTermDebtNoncurrent,2026-08-27
SWK,equity,2010-10-02,6909200000,2010-11-21,StockholdersEquity,2026-08-27
SWK,inventory,2010-10-02,1396800000,2010-11-21,InventoryNet,2026-08-27
SWK,netIncome,2010-10-02,123200000,2010-11-21,NetIncomeLoss,2026-08-27
SWK,operatingCashFlow,2010-10-02,199100000,2010-11-21,NetCashProvidedByUsedInOperatingActivities,2026-08-27
SWK,operatingIncome,2010-10-02,326700000,2010-11-21,OperatingIncomeLoss,2026-08-27
SWK,revenue,2010-10-02,2369100000,2010-11-21,SalesRevenueNet,2026-08-27
SWKS,assets,2010-12-31,1614076000,2011-03-26,Assets,2026-08-27
SWKS,buybacks,2010-12-31,18214000,2011-03-26,PaymentsForRepurchaseOfCommonStock,2026-08-27
SWKS,capex,2010-12-31,33039000,2011-03-26,PaymentsToAcquireProductiveAssets,2026-08-27
SWKS,cash,2010-12-31,450054000,2011-03-26,CashAndCashEquivalentsAtCarryingValue,2026-08-27
SWKS,equity,2010-12-31,1411407000,2011-03-26,StockholdersEquity,2026-08-27
SWKS,grossProfit,2010-12-31,148538000,2011-03-26,GrossProfit,2026-08-27
SWKS,inventory,2010-12-31,142463000,2011-03-26,InventoryNet,2026-08-27
SWKS,liabilities,2010-12-31,202669000,2011-03-26,Liabilities,2026-08-27
SWKS,netIncome,2010-12-31,60868000,2011-03-26,NetIncomeLoss,2026-08-27
SWKS,operatingCashFlow,2010-12-31,64822000,2011-03-26,NetCashProvidedByUsedInOperatingActivities,2026-08-27
SWKS,operatingIncome,2010-12-31,77342000,2011-03-26,OperatingIncomeLoss,2026-08-27
SWKS,revenue,2010-12-31,335120000,2011-03-26,SalesRevenueNet,2026-08-27
SWKS,rnd,2010-12-31,38543000,2011-03-26,ResearchAndDevelopmentExpense,2026-08-27
SWKS,shares,2010-12-31,184966000,2011-03-26,CommonStockSharesOutstanding,2026-08-27
SYK,assets,2010-12-31,10658000000,2011-03-26,Assets,2026-08-27
SYK,cash,2010-12-31,1758000000,2011-03-26,CashAndCashEquivalentsAtCarryingValue,2026-08-27
SYK,debt,2010-12-31,996000000,2011-03-26,LongTermDebtNoncurrent,2026-08-27
SYK,equity,2010-12-31,7174000000,2011-03-26,StockholdersEquity,2026-08-27
SYK,grossProfit,2010-12-31,1371000000,2011-03-26,GrossProfit,2026-08-27
SYK,inventory,2010-12-31,1057000000,2011-03-26,InventoryNet,2026-08-27
SYK,netIncome,2010-12-31,295000000,2011-03-26,NetIncomeLoss,2026-08-27
SYK,receivables,2010-12-31,1252000000,2011-03-26,AccountsReceivableNetCurrent,2026-08-27
SYK,revenue,2010-12-31,1995000000,2011-03-26,SalesRevenueNet,2026-08-27
SYK,shares,2010-12-31,381,2011-03-26,CommonStockSharesOutstanding,2026-08-27
SYY,assets,2010-10-02,10655410000,2010-11-21,Assets,2026-08-27
SYY,buybacks,2010-10-02,116699000,2010-11-21,PaymentsForRepurchaseOfCommonStock,2026-08-27
SYY,capex,2010-10-02,142924000,2010-11-21,PaymentsToAcquireProductiveAssets,2026-08-27
SYY,cash,2010-10-02,448374000,2010-11-21,CashAndCashEquivalentsAtCarryingValue,2026-08-27
SYY,equity,2010-10-02,3980995000,2010-11-21,StockholdersEquity,2026-08-27
SYY,grossProfit,2010-10-02,1846104000,2010-11-21,GrossProfit,2026-08-27
SYY,inventory,2010-10-02,1875242000,2010-11-21,InventoryNet,2026-08-27
SYY,netIncome,2010-10-02,299069000,2010-11-21,NetIncomeLoss,2026-08-27
SYY,operatingCashFlow,2010-10-02,226782000,2010-11-21,NetCashProvidedByUsedInOperatingActivities,2026-08-27
SYY,operatingIncome,2010-10-02,506240000,2010-11-21,OperatingIncomeLoss,2026-08-27
SYY,revenue,2010-10-02,9751274000,2010-11-21,SalesRevenueNet,2026-08-27
T,assets,2010-12-31,269391000000,2011-03-26,Assets,2026-08-27
T,cash,2010-12-31,1201000000,2011-03-26,CashAndCashEquivalentsAtCarryingValue,2026-08-27
T,debt,2010-12-31,58971000000,2011-03-26,LongTermDebtNoncurrent,2026-08-27
T,inventory,2010-12-31,1303000000,2011-03-26,InventoryNet,2026-08-27
T,netIncome,2010-12-31,1089000000,2011-03-26,NetIncomeLoss,2026-08-27
T,operatingIncome,2010-12-31,2088000000,2011-03-26,OperatingIncomeLoss,2026-08-27
T,receivables,2010-12-31,13610000000,2011-03-26,AccountsReceivableNetCurrent,2026-08-27
T,revenue,2010-12-31,31361000000,2011-03-26,Revenues,2026-08-27
TAP,assets,2010-12-31,12697600000,2011-03-26,Assets,2026-08-27
TAP,cash,2010-12-31,1217600000,2011-03-26,CashAndCashEquivalentsAtCarryingValue,2026-08-27
TAP,debt,2010-12-31,1959600000,2011-03-26,LongTermDebtNoncurrent,2026-08-27
TAP,equity,2010-12-31,7798800000,2011-03-26,StockholdersEquity,2026-08-27
TAP,grossProfit,2010-12-31,359500000,2011-03-26,GrossProfit,2026-08-27
TAP,inventory,2010-12-31,195000000,2011-03-26,InventoryNet,2026-08-27
TAP,liabilities,2010-12-31,4855000000,2011-03-26,Liabilities,2026-08-27
TAP,netIncome,2010-12-31,109800000,2011-03-26,NetIncomeLoss,2026-08-27
TAP,receivables,2010-12-31,503800000,2011-03-26,AccountsReceivableNetCurrent,2026-08-27
TDY,assets,2010-10-03,1527900000,2010-11-22,Assets,2026-08-27
TDY,cash,2010-10-03,27100000,2010-11-22,CashAndCashEquivalentsAtCarryingValue,2026-08-27
TDY,equity,2010-10-03,758400000,2010-11-22,StockholdersEquity,2026-08-27
TDY,grossProfit,2010-10-03,124900000,2010-11-22,GrossProfit,2026-08-27
TDY,inventory,2010-10-03,208500000,2010-11-22,InventoryNet,2026-08-27
TDY,liabilities,2010-10-03,768500000,2010-11-22,Liabilities,2026-08-27
TDY,operatingIncome,2010-10-03,45900000,2010-11-22,OperatingIncomeLoss,2026-08-27
TDY,receivables,2010-10-03,277500000,2010-11-22,AccountsReceivableNetCurrent,2026-08-27
TDY,revenue,2010-10-03,409800000,2010-11-22,SalesRevenueNet,2026-08-27
TDY,shares,2010-10-03,36288891,2010-11-22,CommonStockSharesOutstanding,2026-08-27
TECH,assets,2010-12-31,555608000,2011-03-26,Assets,2026-08-27
TECH,cash,2010-12-31,135875000,2011-03-26,CashAndCashEquivalentsAtCarryingValue,2026-08-27
TECH,equity,2010-12-31,541936000,2011-03-26,StockholdersEquity,2026-08-27
TECH,grossProfit,2010-12-31,52381000,2011-03-26,GrossProfit,2026-08-27
TECH,inventory,2010-12-31,13736000,2011-03-26,InventoryNet,2026-08-27
TECH,netIncome,2010-12-31,26534000,2011-03-26,NetIncomeLoss,2026-08-27
TECH,operatingIncome,2010-12-31,37351000,2011-03-26,OperatingIncomeLoss,2026-08-27
TECH,receivables,2010-12-31,28228000,2011-03-26,AccountsReceivableNetCurrent,2026-08-27
TECH,revenue,2010-12-31,67708000,2011-03-26,SalesRevenueNet,2026-08-27
TECH,shares,2010-12-31,37119243,2011-03-26,CommonStockSharesOutstanding,2026-08-27
TEL,assets,2010-12-24,18102000000,2011-03-19,Assets,2026-08-27
TEL,buybacks,2010-12-24,45000000,2011-03-19,PaymentsForRepurchaseOfCommonStock,2026-08-27
TEL,capex,2010-12-24,117000000,2011-03-19,PaymentsToAcquirePropertyPlantAndEquipment,2026-08-27
TEL,cash,2010-12-24,1407000000,2011-03-19,CashAndCashEquivalentsAtCarryingValue,2026-08-27
TEL,debt,2010-12-24,2555000000,2011-03-19,LongTermDebtNoncurrent,2026-08-27
TEL,equity,2010-12-24,7339000000,2011-03-19,StockholdersEquity,2026-08-27
TEL,grossProfit,2010-12-24,991000000,2011-03-19,GrossProfit,2026-08-27
TEL,inventory,2010-12-24,1836000000,2011-03-19,InventoryNet,2026-08-27
TEL,liabilities,2010-12-24,10756000000,2011-03-19,Liabilities,2026-08-27
TEL,netIncome,2010-12-24,265000000,2011-03-19,NetIncomeLoss,2026-08-27
TEL,operatingCashFlow,2010-12-24,154000000,2011-03-19,NetCashProvidedByUsedInOperatingActivities,2026-08-27
TEL,operatingIncome,2010-12-24,400000000,2011-03-19,OperatingIncomeLoss,2026-08-27
TEL,receivables,2010-12-24,2421000000,2011-03-19,AccountsReceivableNetCurrent,2026-08-27
TEL,revenue,2010-12-24,3107000000,2011-03-19,SalesRevenueNet,2026-08-27
TER,assets,2010-12-31,1810355000,2011-03-26,Assets,2026-08-27
TER,cash,2010-12-31,397737000,2011-03-26,CashAndCashEquivalentsAtCarryingValue,2026-08-27
TER,debt,2010-12-31,150182000,2011-03-26,LongTermDebtNoncurrent,2026-08-27
TER,equity,2010-12-31,1122188000,2011-03-26,StockholdersEquity,2026-08-27
TER,grossProfit,2010-10-03,271799000,2010-11-22,GrossProfit,2026-08-27
TER,inventory,2010-12-31,116841000,2011-03-26,InventoryNet,2026-08-27
TER,liabilities,2010-12-31,688167000,2011-03-26,Liabilities,2026-08-27
TER,netIncome,2010-10-03,147340000,2010-11-22,NetIncomeLoss,2026-08-27
TER,operatingIncome,2010-10-03,156877000,2010-11-22,OperatingIncomeLoss,2026-08-27
TER,receivables,2010-12-31,168756000,2011-03-26,AccountsReceivableNetCurrent,2026-08-27
TER,revenue,2010-10-03,491391000,2010-11-22,Revenues,2026-08-27
TER,shares,2010-12-31,182035000,2011-03-26,CommonStockSharesOutstanding,2026-08-27
TFC,assets,2010-12-31,157081000000,2011-03-26,Assets,2026-08-27
TFC,cash,2010-12-31,2087000000,2011-03-26,CashAndCashEquivalentsAtCarryingValue,2026-08-27
TFC,debt,2010-12-31,21730000000,2011-03-26,LongTermDebt,2026-08-27
TFC,liabilities,2010-12-31,140583000000,2011-03-26,Liabilities,2026-08-27
TFC,shares,2010-12-31,694381000,2011-03-26,CommonStockSharesOutstanding,2026-08-27
TGT,assets,2010-10-30,44949000000,2010-12-19,Assets,2026-08-27
TGT,equity,2010-10-30,14879000000,2010-12-19,StockholdersEquity,2026-08-27
TGT,inventory,2010-10-30,9550000000,2010-12-19,InventoryNet,2026-08-27
TGT,operatingIncome,2010-10-30,947000000,2010-12-19,OperatingIncomeLoss,2026-08-27
TGT,revenue,2010-10-30,15605000000,2010-12-19,Revenues,2026-08-27
TGT,shares,2010-10-30,707900000,2010-12-19,CommonStockSharesOutstanding,2026-08-27
TJX,assets,2010-10-30,8182148000,2010-12-19,Assets,2026-08-27
TJX,cash,2010-10-30,1339065000,2010-12-19,CashAndCashEquivalentsAtCarryingValue,2026-08-27
TJX,debt,2010-10-30,774381000,2010-12-19,LongTermDebtNoncurrent,2026-08-27
TJX,grossProfit,2010-10-30,1519443000,2010-12-19,GrossProfit,2026-08-27
TJX,inventory,2010-10-30,3272960000,2010-12-19,InventoryNet,2026-08-27
TJX,receivables,2010-10-30,229318000,2010-12-19,AccountsReceivableNetCurrent,2026-08-27
TJX,revenue,2010-10-30,5525847000,2010-12-19,Revenues,2026-08-27
TJX,shares,2010-10-30,395802044,2010-12-19,CommonStockSharesOutstanding,2026-08-27
TMO,assets,2010-12-31,21349400000,2011-03-26,Assets,2026-08-27
TMO,cash,2010-12-31,917100000,2011-03-26,CashAndCashEquivalentsAtCarryingValue,2026-08-27
TMO,equity,2010-12-31,15361000000,2011-03-26,StockholdersEquity,2026-08-27
TMO,grossProfit,2010-12-31,1112400000,2011-03-26,GrossProfit,2026-08-27
TMO,inventory,2010-12-31,1153000000,2011-03-26,InventoryNet,2026-08-27
TMO,netIncome,2010-12-31,297500000,2011-03-26,NetIncomeLoss,2026-08-27
TMO,operatingIncome,2010-10-02,302700000,2010-11-21,OperatingIncomeLoss,2026-08-27
TMO,receivables,2010-12-31,1440100000,2011-03-26,AccountsReceivableNetCurrent,2026-08-27
TMO,revenue,2010-12-31,2675100000,2011-03-26,Revenues,2026-08-27
TMUS,assets,2010-12-31,7918580000,2011-03-26,Assets,2026-08-27
TMUS,cash,2010-12-31,109000000,2011-03-26,CashAndCashEquivalentsAtCarryingValue,2026-08-27
TMUS,debt,2010-12-31,3779283000,2011-03-26,LongTermDebt,2026-08-27
TMUS,equity,2010-12-31,20492000000,2011-03-26,StockholdersEquity,2026-08-27
TMUS,liabilities,2010-12-31,5377004000,2011-03-26,Liabilities,2026-08-27
TMUS,netIncome,2010-12-31,13552000,2011-03-26,NetIncomeLoss,2026-08-27
TMUS,operatingIncome,2010-12-31,207321000,2011-03-26,OperatingIncomeLoss,2026-08-27
TMUS,receivables,2010-12-31,58056000,2011-03-26,AccountsReceivableNetCurrent,2026-08-27
TMUS,revenue,2010-12-31,1065525000,2011-03-26,SalesRevenueNet,2026-08-27
TMUS,shares,2010-12-31,355318666,2011-03-26,CommonStockSharesOutstanding,2026-08-27
TPR,assets,2010-10-02,2609830000,2010-11-21,Assets,2026-08-27
TPR,buybacks,2010-10-02,137500000,2010-11-21,PaymentsForRepurchaseOfCommonStock,2026-08-27
TPR,capex,2010-10-02,23080000,2010-11-21,PaymentsToAcquirePropertyPlantAndEquipment,2026-08-27
TPR,cash,2010-10-02,621371000,2010-11-21,CashAndCashEquivalentsAtCarryingValue,2026-08-27
TPR,debt,2010-10-02,24064000,2010-11-21,LongTermDebtNoncurrent,2026-08-27
TPR,equity,2010-10-02,1582673000,2010-11-21,StockholdersEquity,2026-08-27
TPR,equityStakes,2010-10-02,776000,2010-11-21,PaymentsToAcquireEquityMethodInvestments,2026-08-27
TPR,grossProfit,2010-10-02,676171000,2010-11-21,GrossProfit,2026-08-27
TPR,inventory,2010-10-02,458920000,2010-11-21,InventoryNet,2026-08-27
TPR,liabilities,2010-10-02,1027157000,2010-11-21,Liabilities,2026-08-27
TPR,netIncome,2010-10-02,188876000,2010-11-21,NetIncomeLoss,2026-08-27
TPR,operatingCashFlow,2010-10-02,177456000,2010-11-21,NetCashProvidedByUsedInOperatingActivities,2026-08-27
TPR,operatingIncome,2010-10-02,285660000,2010-11-21,OperatingIncomeLoss,2026-08-27
TPR,receivables,2010-10-02,133173000,2010-11-21,AccountsReceivableNetCurrent,2026-08-27
TPR,revenue,2010-10-02,911669000,2010-11-21,SalesRevenueNet,2026-08-27
TPR,shares,2010-10-02,295677161,2010-11-21,CommonStockSharesOutstanding,2026-08-27
TRGP,assets,2010-12-31,3393800000,2011-03-26,Assets,2026-08-27
TRGP,cash,2010-12-31,188400000,2011-03-26,CashAndCashEquivalentsAtCarryingValue,2026-08-27
TRGP,debt,2010-12-31,1534700000,2011-03-26,LongTermDebtNoncurrent,2026-08-27
TRGP,equity,2010-12-31,144300000,2011-03-26,StockholdersEquity,2026-08-27
TRGP,inventory,2010-12-31,50400000,2011-03-26,InventoryNet,2026-08-27
TRGP,netIncome,2010-12-31,-7800000,2011-03-26,NetIncomeLoss,2026-08-27
TRGP,operatingIncome,2010-12-31,49600000,2011-03-26,OperatingIncomeLoss,2026-08-27
TRGP,receivables,2010-12-31,466600000,2011-03-26,AccountsReceivableNetCurrent,2026-08-27
TRGP,shares,2010-12-31,42292348,2011-03-26,CommonStockSharesOutstanding,2026-08-27
TRMB,assets,2010-12-31,1866892000,2011-03-26,Assets,2026-08-27
TRMB,cash,2010-12-31,220788000,2011-03-26,CashAndCashEquivalentsAtCarryingValue,2026-08-27
TRMB,debt,2010-12-31,151160000,2011-03-26,LongTermDebtNoncurrent,2026-08-27
TRMB,equity,2010-12-31,1366156000,2011-03-26,StockholdersEquity,2026-08-27
TRMB,grossProfit,2010-12-31,163330000,2011-03-26,GrossProfit,2026-08-27
TRMB,inventory,2010-12-31,192852000,2011-03-26,InventoryNet,2026-08-27
TRMB,liabilities,2010-12-31,481193000,2011-03-26,Liabilities,2026-08-27
TRMB,netIncome,2010-12-31,36564000,2011-03-26,NetIncomeLoss,2026-08-27
TRMB,operatingIncome,2010-10-01,31670000,2010-11-20,OperatingIncomeLoss,2026-08-27
TRMB,receivables,2010-12-31,222820000,2011-03-26,AccountsReceivableNetCurrent,2026-08-27
TRMB,revenue,2010-12-31,323349000,2011-03-26,Revenues,2026-08-27
TRMB,rnd,2010-10-01,36897000,2010-11-20,ResearchAndDevelopmentExpense,2026-08-27
TRMB,shares,2010-12-31,120939000,2011-03-26,CommonStockSharesOutstanding,2026-08-27
TROW,assets,2010-12-31,3642000000,2011-03-26,Assets,2026-08-27
TROW,cash,2010-12-31,813100000,2011-03-26,CashAndCashEquivalentsAtCarryingValue,2026-08-27
TROW,equity,2010-12-31,3296500000,2011-03-26,StockholdersEquity,2026-08-27
TROW,grossProfit,2010-12-31,647500000,2011-03-26,GrossProfit,2026-08-27
TROW,liabilities,2010-12-31,345500000,2011-03-26,Liabilities,2026-08-27
TROW,netIncome,2010-12-31,191600000,2011-03-26,NetIncomeLoss,2026-08-27
TROW,shares,2010-12-31,258760000,2011-03-26,CommonStockSharesOutstanding,2026-08-27
TRV,assets,2010-12-31,105656000000,2011-03-26,Assets,2026-08-27
TRV,debt,2010-12-31,6519000000,2011-03-26,LongTermDebtNoncurrent,2026-08-27
TRV,liabilities,2010-12-31,80181000000,2011-03-26,Liabilities,2026-08-27
TRV,revenue,2010-12-31,6332000000,2011-03-26,Revenues,2026-08-27
TRV,shares,2010-12-31,434600000,2011-03-26,CommonStockSharesOutstanding,2026-08-27
TSCO,assets,2010-12-25,1463474000,2011-03-20,Assets,2026-08-27
TSCO,cash,2010-12-26,257339000,2011-03-21,CashAndCashEquivalentsAtCarryingValue,2026-08-27
TSCO,equity,2010-12-25,933242000,2011-03-20,StockholdersEquity,2026-08-27
TSCO,inventory,2010-12-25,736520000,2011-03-20,InventoryNet,2026-08-27
TSCO,liabilities,2010-12-25,530232000,2011-03-20,Liabilities,2026-08-27
TSCO,shares,2010-12-25,72775862,2011-03-20,CommonStockSharesOutstanding,2026-08-27
TSLA,assets,2010-12-31,386082000,2011-03-26,Assets,2026-08-27
TSLA,cash,2010-12-31,99558000,2011-03-26,CashAndCashEquivalentsAtCarryingValue,2026-08-27
TSLA,debt,2010-12-31,71828000,2011-03-26,LongTermDebtNoncurrent,2026-08-27
TSLA,equity,2010-12-31,207048000,2011-03-26,StockholdersEquity,2026-08-27
TSLA,grossProfit,2010-12-31,11321000,2011-03-26,GrossProfit,2026-08-27
TSLA,inventory,2010-12-31,45182000,2011-03-26,InventoryNet,2026-08-27
TSLA,liabilities,2010-12-31,179034000,2011-03-26,Liabilities,2026-08-27
TSLA,netIncome,2010-12-31,-51358000,2011-03-26,NetIncomeLoss,2026-08-27
TSLA,receivables,2010-12-31,6710000,2011-03-26,AccountsReceivableNetCurrent,2026-08-27
TSLA,revenue,2010-12-31,36286000,2011-03-26,Revenues,2026-08-27
TSLA,shares,2010-12-31,94908370,2011-03-26,CommonStockSharesOutstanding,2026-08-27
TT,assets,2010-12-31,19990900000,2011-03-26,Assets,2026-08-27
TT,cash,2010-12-31,840600000,2011-03-26,CashAndCashEquivalentsAtCarryingValue,2026-08-27
TT,debt,2010-12-31,2922300000,2011-03-26,LongTermDebtNoncurrent,2026-08-27
TT,equity,2010-12-31,7964300000,2011-03-26,StockholdersEquity,2026-08-27
TT,inventory,2010-12-31,1288500000,2011-03-26,InventoryNet,2026-08-27
TT,liabilities,2010-12-31,11915100000,2011-03-26,Liabilities,2026-08-27
TT,shares,2010-12-31,328200000,2011-03-26,CommonStockSharesOutstanding,2026-08-27
TTWO,assets,2010-12-31,976599000,2011-03-26,Assets,2026-08-27
TTWO,cash,2010-12-31,297118000,2011-03-26,CashAndCashEquivalentsAtCarryingValue,2026-08-27
TTWO,debt,2010-12-31,105305000,2011-03-26,LongTermDebtNoncurrent,2026-08-27
TTWO,grossProfit,2010-12-31,145609000,2011-03-26,GrossProfit,2026-08-27
TTWO,inventory,2010-12-31,28592000,2011-03-26,InventoryNet,2026-08-27
TTWO,liabilities,2010-12-31,357509000,2011-03-26,Liabilities,2026-08-27
TTWO,netIncome,2010-12-31,40859000,2011-03-26,NetIncomeLoss,2026-08-27
TTWO,operatingIncome,2010-12-31,48682000,2011-03-26,OperatingIncomeLoss,2026-08-27
TTWO,receivables,2010-12-31,83845000,2011-03-26,AccountsReceivableNetCurrent,2026-08-27
TTWO,revenue,2010-12-31,334259000,2011-03-26,SalesRevenueNet,2026-08-27
TTWO,rnd,2010-12-31,18073000,2011-03-26,ResearchAndDevelopmentExpense,2026-08-27
TTWO,shares,2010-12-31,84612,2011-03-26,CommonStockSharesOutstanding,2026-08-27
TXN,assets,2010-12-31,13401000000,2011-03-26,Assets,2026-08-27
TXN,cash,2010-12-31,1319000000,2011-03-26,CashAndCashEquivalentsAtCarryingValue,2026-08-27
TXN,debt,2010-12-31,0,2011-03-26,LongTermDebt,2026-08-27
TXN,equity,2010-12-31,10437000000,2011-03-26,StockholdersEquity,2026-08-27
TXN,inventory,2010-12-31,1520000000,2011-03-26,InventoryNet,2026-08-27
TXN,liabilities,2010-12-31,2964000000,2011-03-26,Liabilities,2026-08-27
TXN,receivables,2010-12-31,1518000000,2011-03-26,AccountsReceivableNetCurrent,2026-08-27
TXT,cash,2010-10-02,991000000,2010-11-21,CashAndCashEquivalentsAtCarryingValue,2026-08-27
TXT,netIncome,2010-10-02,-48000000,2010-11-21,NetIncomeLoss,2026-08-27
TXT,revenue,2010-10-02,2479000000,2010-11-21,Revenues,2026-08-27
TYL,assets,2010-12-31,264032000,2011-03-26,Assets,2026-08-27
TYL,cash,2010-12-31,2114000,2011-03-26,CashAndCashEquivalentsAtCarryingValue,2026-08-27
TYL,equity,2010-12-31,106972000,2011-03-26,StockholdersEquity,2026-08-27
TYL,grossProfit,2010-12-31,32616000,2011-03-26,GrossProfit,2026-08-27
TYL,netIncome,2010-12-31,7210000,2011-03-26,NetIncomeLoss,2026-08-27
TYL,receivables,2010-12-31,81860000,2011-03-26,AccountsReceivableNetCurrent,2026-08-27
TYL,revenue,2010-12-31,72439000,2011-03-26,Revenues,2026-08-27
UAL,assets,2010-12-31,39598000000,2011-03-26,Assets,2026-08-27
UAL,cash,2010-12-31,8069000000,2011-03-26,CashAndCashEquivalentsAtCarryingValue,2026-08-27
UAL,debt,2010-12-31,11434000000,2011-03-26,LongTermDebtNoncurrent,2026-08-27
UAL,equity,2010-12-31,1727000000,2011-03-26,StockholdersEquity,2026-08-27
UAL,netIncome,2010-12-31,-325000000,2011-03-26,NetIncomeLoss,2026-08-27
UAL,operatingIncome,2010-12-31,-82000000,2011-03-26,OperatingIncomeLoss,2026-08-27
UAL,revenue,2010-12-31,8464000000,2011-03-26,Revenues,2026-08-27
UAL,shares,2010-12-31,327922565,2011-03-26,CommonStockSharesOutstanding,2026-08-27
UDR,assets,2010-12-31,5529540000,2011-03-26,Assets,2026-08-27
UDR,cash,2010-12-31,9486000,2011-03-26,CashAndCashEquivalentsAtCarryingValue,2026-08-27
UDR,equity,2010-12-31,1606343000,2011-03-26,StockholdersEquity,2026-08-27
UDR,liabilities,2010-12-31,3800453000,2011-03-26,Liabilities,2026-08-27
UDR,shares,2010-12-31,182496330,2011-03-26,CommonStockSharesOutstanding,2026-08-27
UHS,assets,2010-12-31,7527936000,2011-03-26,Assets,2026-08-27
UHS,cash,2010-12-31,29474000,2011-03-26,CashAndCashEquivalentsAtCarryingValue,2026-08-27
UHS,debt,2010-12-31,3912102000,2011-03-26,LongTermDebtNoncurrent,2026-08-27
UHS,equity,2010-12-31,1978772000,2011-03-26,StockholdersEquity,2026-08-27
UHS,netIncome,2010-12-31,37182000,2011-03-26,NetIncomeLoss,2026-08-27
UHS,receivables,2010-12-31,837820000,2011-03-26,AccountsReceivableNetCurrent,2026-08-27
UHS,revenue,2010-12-31,1559453000,2011-03-26,SalesRevenueNet,2026-08-27
ULTA,assets,2010-10-30,709422000,2010-12-19,Assets,2026-08-27
ULTA,cash,2010-10-30,8351000,2010-12-19,CashAndCashEquivalentsAtCarryingValue,2026-08-27
ULTA,equity,2010-10-30,349539000,2010-12-19,StockholdersEquity,2026-08-27
ULTA,grossProfit,2010-10-30,118906000,2010-12-19,GrossProfit,2026-08-27
ULTA,liabilities,2010-10-30,359883000,2010-12-19,Liabilities,2026-08-27
ULTA,netIncome,2010-10-30,14203000,2010-12-19,NetIncomeLoss,2026-08-27
ULTA,operatingIncome,2010-10-30,24292000,2010-12-19,OperatingIncomeLoss,2026-08-27
ULTA,revenue,2010-10-30,339179000,2010-12-19,SalesRevenueNet,2026-08-27
ULTA,shares,2010-10-30,59337000,2010-12-19,CommonStockSharesOutstanding,2026-08-27
UNH,assets,2010-12-31,63063000000,2011-03-26,Assets,2026-08-27
UNH,cash,2010-12-31,9123000000,2011-03-26,CashAndCashEquivalentsAtCarryingValue,2026-08-27
UNH,debt,2010-12-31,8662000000,2011-03-26,LongTermDebtNoncurrent,2026-08-27
UNH,equity,2010-12-31,25825000000,2011-03-26,StockholdersEquity,2026-08-27
UNH,liabilities,2010-12-31,37238000000,2011-03-26,Liabilities,2026-08-27
UNH,netIncome,2010-12-31,1043000000,2011-03-26,NetIncomeLoss,2026-08-27
UNH,operatingIncome,2010-12-31,1802000000,2011-03-26,OperatingIncomeLoss,2026-08-27
UNH,receivables,2010-12-31,2061000000,2011-03-26,AccountsReceivableNetCurrent,2026-08-27
UNH,revenue,2010-12-31,24030000000,2011-03-26,Revenues,2026-08-27
UNH,shares,2010-12-31,1086000000,2011-03-26,CommonStockSharesOutstanding,2026-08-27
UNP,assets,2010-12-31,43088000000,2011-03-26,Assets,2026-08-27
UNP,cash,2010-12-31,1086000000,2011-03-26,CashAndCashEquivalentsAtCarryingValue,2026-08-27
UNP,debt,2010-12-31,9242000000,2011-03-26,LongTermDebt,2026-08-27
UNP,equity,2010-12-31,17763000000,2011-03-26,StockholdersEquity,2026-08-27
UNP,liabilities,2010-12-31,25325000000,2011-03-26,Liabilities,2026-08-27
UNP,netIncome,2010-12-31,775000000,2011-03-26,NetIncomeLoss,2026-08-27
UNP,operatingIncome,2010-12-31,1313000000,2011-03-26,OperatingIncomeLoss,2026-08-27
UNP,receivables,2010-12-31,1184000000,2011-03-26,AccountsReceivableNetCurrent,2026-08-27
UNP,revenue,2010-12-31,4410000000,2011-03-26,Revenues,2026-08-27
UNP,shares,2010-12-31,491565880,2011-03-26,CommonStockSharesOutstanding,2026-08-27
UPS,assets,2010-12-31,33597000000,2011-03-26,Assets,2026-08-27
UPS,cash,2010-12-31,3034000000,2011-03-26,CashAndCashEquivalentsAtCarryingValue,2026-08-27
UPS,debt,2010-12-31,10491000000,2011-03-26,LongTermDebtNoncurrent,2026-08-27
UPS,equity,2010-12-31,7979000000,2011-03-26,StockholdersEquity,2026-08-27
UPS,inventory,2010-12-31,319000000,2011-03-26,InventoryNet,2026-08-27
UPS,netIncome,2010-12-31,1025000000,2011-03-26,NetIncomeLoss,2026-08-27
UPS,operatingIncome,2010-12-31,1672000000,2011-03-26,OperatingIncomeLoss,2026-08-27
UPS,receivables,2010-12-31,5627000000,2011-03-26,AccountsReceivableNetCurrent,2026-08-27
UPS,revenue,2010-12-31,13421000000,2011-03-26,Revenues,2026-08-27
URI,assets,2010-12-31,3693000000,2011-03-26,Assets,2026-08-27
URI,cash,2010-12-31,203000000,2011-03-26,CashAndCashEquivalentsAtCarryingValue,2026-08-27
URI,equity,2010-12-31,-20000000,2011-03-26,StockholdersEquity,2026-08-27
URI,grossProfit,2010-12-31,175000000,2011-03-26,GrossProfit,2026-08-27
URI,inventory,2010-12-31,39000000,2011-03-26,InventoryNet,2026-08-27
URI,liabilities,2010-12-31,3713000000,2011-03-26,Liabilities,2026-08-27
URI,netIncome,2010-12-31,-21000000,2011-03-26,NetIncomeLoss,2026-08-27
URI,operatingIncome,2010-12-31,47000000,2011-03-26,OperatingIncomeLoss,2026-08-27
URI,receivables,2010-12-31,377000000,2011-03-26,AccountsReceivableNetCurrent,2026-08-27
URI,revenue,2010-12-31,597000000,2011-03-26,Revenues,2026-08-27
URI,shares,2010-12-31,60621338,2011-03-26,CommonStockSharesOutstanding,2026-08-27
USB,assets,2010-12-31,307786000000,2011-03-26,Assets,2026-08-27
USB,cash,2010-12-31,14487000000,2011-03-26,CashAndCashEquivalentsAtCarryingValue,2026-08-27
USB,debt,2010-12-31,31537000000,2011-03-26,LongTermDebt,2026-08-27
USB,equity,2010-12-31,29519000000,2011-03-26,StockholdersEquity,2026-08-27
USB,liabilities,2010-12-31,277464000000,2011-03-26,Liabilities,2026-08-27
USB,shares,2010-12-31,1900000000,2011-03-26,CommonStockSharesOutstanding,2026-08-27
V,assets,2010-12-31,33989000000,2011-03-26,Assets,2026-08-27
V,buybacks,2010-12-31,306000000,2011-03-26,PaymentsForRepurchaseOfCommonStock,2026-08-27
V,capex,2010-12-31,75000000,2011-03-26,PaymentsToAcquireProductiveAssets,2026-08-27
V,cash,2010-12-31,3684000000,2011-03-26,CashAndCashEquivalentsAtCarryingValue,2026-08-27
V,debt,2010-12-31,29000000,2011-03-26,LongTermDebtNoncurrent,2026-08-27
V,equity,2010-12-31,25541000000,2011-03-26,StockholdersEquity,2026-08-27
V,liabilities,2010-12-31,8445000000,2011-03-26,Liabilities,2026-08-27
V,netIncome,2010-12-31,884000000,2011-03-26,NetIncomeLoss,2026-08-27
V,operatingCashFlow,2010-12-31,1006000000,2011-03-26,NetCashProvidedByUsedInOperatingActivities,2026-08-27
V,operatingIncome,2010-12-31,1366000000,2011-03-26,OperatingIncomeLoss,2026-08-27
V,receivables,2010-12-31,527000000,2011-03-26,AccountsReceivableNetCurrent,2026-08-27
V,revenue,2010-12-31,2238000000,2011-03-26,Revenues,2026-08-27
VLO,assets,2010-12-31,37621000000,2011-03-26,Assets,2026-08-27
VLO,cash,2010-12-31,3334000000,2011-03-26,CashAndCashEquivalentsAtCarryingValue,2026-08-27
VLO,debt,2010-12-31,8300000000,2011-03-26,LongTermDebt,2026-08-27
VLO,equity,2010-12-31,15025000000,2011-03-26,StockholdersEquity,2026-08-27
VLO,inventory,2010-12-31,4947000000,2011-03-26,InventoryNet,2026-08-27
VLO,netIncome,2010-12-31,-438000000,2011-03-26,NetIncomeLoss,2026-08-27
VLO,operatingIncome,2010-12-31,378000000,2011-03-26,OperatingIncomeLoss,2026-08-27
VMC,assets,2010-12-31,8339500000,2011-03-26,Assets,2026-08-27
VMC,cash,2010-12-31,47541000,2011-03-26,CashAndCashEquivalentsAtCarryingValue,2026-08-27
VMC,debt,2010-12-31,2427516000,2011-03-26,LongTermDebtNoncurrent,2026-08-27
VMC,equity,2010-12-31,3955798000,2011-03-26,StockholdersEquity,2026-08-27
VMC,grossProfit,2010-12-31,50750000,2011-03-26,GrossProfit,2026-08-27
VMC,inventory,2010-12-31,319845000,2011-03-26,InventoryNet,2026-08-27
VMC,liabilities,2010-12-31,4383738000,2011-03-26,Liabilities,2026-08-27
VMC,netIncome,2010-12-31,-46997000,2011-03-26,NetIncomeLoss,2026-08-27
VMC,operatingIncome,2010-12-31,-29412000,2011-03-26,OperatingIncomeLoss,2026-08-27
VMC,receivables,2010-12-31,260814000,2011-03-26,AccountsReceivableNetCurrent,2026-08-27
VMC,revenue,2010-12-31,586242000,2011-03-26,SalesRevenueNet,2026-08-27
VMRK,assets,2010-12-31,16184194000,2011-03-26,Assets,2026-08-27
VMRK,cash,2010-12-31,431408000,2011-03-26,CashAndCashEquivalentsAtCarryingValue,2026-08-27
VMRK,equity,2010-12-31,5090186000,2011-03-26,StockholdersEquity,2026-08-27
VMRK,liabilities,2010-12-31,10592078000,2011-03-26,Liabilities,2026-08-27
VMRK,operatingIncome,2010-12-31,74578000,2011-03-26,OperatingIncomeLoss,2026-08-27
VMRK,revenue,2010-12-31,455967000,2011-03-26,SalesRevenueNet,2026-08-27
VMRK,shares,2010-12-31,290197242,2011-03-26,CommonStockSharesOutstanding,2026-08-27
VRSK,assets,2010-12-31,1217090000,2011-03-26,Assets,2026-08-27
VRSK,cash,2010-12-31,54974000,2011-03-26,CashAndCashEquivalentsAtCarryingValue,2026-08-27
VRSK,equity,2010-12-31,-114442000,2011-03-26,StockholdersEquity,2026-08-27
VRSK,liabilities,2010-12-31,1331532000,2011-03-26,Liabilities,2026-08-27
VRSK,receivables,2010-12-31,126564000,2011-03-26,AccountsReceivableNetCurrent,2026-08-27
VRSN,assets,2010-12-31,2444006000,2011-03-26,Assets,2026-08-27
VRSN,cash,2010-12-31,1559628000,2011-03-26,CashAndCashEquivalentsAtCarryingValue,2026-08-27
VRSN,equity,2010-12-31,676430000,2011-03-26,StockholdersEquity,2026-08-27
VRSN,liabilities,2010-12-31,1767576000,2011-03-26,Liabilities,2026-08-27
VRSN,receivables,2010-12-31,14874000,2011-03-26,AccountsReceivableNetCurrent,2026-08-27
VRSN,shares,2010-12-31,172736000,2011-03-26,CommonStockSharesOutstanding,2026-08-27
VRTX,assets,2010-12-31,1725446000,2011-03-26,Assets,2026-08-27
VRTX,cash,2010-12-31,243197000,2011-03-26,CashAndCashEquivalentsAtCarryingValue,2026-08-27
VRTX,equity,2010-12-31,503973000,2011-03-26,StockholdersEquity,2026-08-27
VRTX,liabilities,2010-12-31,1221473000,2011-03-26,Liabilities,2026-08-27
VRTX,netIncome,2010-12-31,-180392000,2011-03-26,NetIncomeLoss,2026-08-27
VRTX,operatingIncome,2010-12-31,-166634000,2011-03-26,OperatingIncomeLoss,2026-08-27
VRTX,receivables,2010-12-31,12529000,2011-03-26,AccountsReceivableNetCurrent,2026-08-27
VRTX,revenue,2010-12-31,65524000,2011-03-26,Revenues,2026-08-27
VRTX,rnd,2010-12-31,168888000,2011-03-26,ResearchAndDevelopmentExpense,2026-08-27
VRTX,shares,2010-12-31,203522976,2011-03-26,CommonStockSharesOutstanding,2026-08-27
VTR,assets,2010-12-31,5758021000,2011-03-26,Assets,2026-08-27
VTR,cash,2010-12-31,21812000,2011-03-26,CashAndCashEquivalentsAtCarryingValue,2026-08-27
VTR,debt,2010-12-31,2900044000,2011-03-26,LongTermDebt,2026-08-27
VTR,equity,2010-12-31,2386726000,2011-03-26,StockholdersEquity,2026-08-27
VTR,liabilities,2010-12-31,3367816000,2011-03-26,Liabilities,2026-08-27
VTR,netIncome,2010-12-31,77583000,2011-03-26,NetIncomeLoss,2026-08-27
VTR,revenue,2010-12-31,265965000,2011-03-26,Revenues,2026-08-27
VZ,assets,2010-12-31,220005000000,2011-03-26,Assets,2026-08-27
VZ,cash,2010-12-31,6668000000,2011-03-26,CashAndCashEquivalentsAtCarryingValue,2026-08-27
VZ,debt,2010-12-31,45252000000,2011-03-26,LongTermDebtNoncurrent,2026-08-27
VZ,inventory,2010-12-31,1131000000,2011-03-26,InventoryNet,2026-08-27
VZ,netIncome,2010-12-31,2639000000,2011-03-26,NetIncomeLoss,2026-08-27
VZ,operatingIncome,2010-12-31,6411000000,2011-03-26,OperatingIncomeLoss,2026-08-27
VZ,receivables,2010-12-31,11781000000,2011-03-26,AccountsReceivableNetCurrent,2026-08-27
VZ,revenue,2010-12-31,26395000000,2011-03-26,Revenues,2026-08-27
WAB,assets,2010-12-31,1803081000,2011-03-26,Assets,2026-08-27
WAB,cash,2010-12-31,236941000,2011-03-26,CashAndCashEquivalentsAtCarryingValue,2026-08-27
WAB,debt,2010-12-31,382007000,2011-03-26,LongTermDebtNoncurrent,2026-08-27
WAB,equity,2010-12-31,899771000,2011-03-26,StockholdersEquity,2026-08-27
WAB,grossProfit,2010-12-31,117988000,2011-03-26,GrossProfit,2026-08-27
WAB,inventory,2010-12-31,253491000,2011-03-26,InventoryNet,2026-08-27
WAB,liabilities,2010-12-31,899694000,2011-03-26,Liabilities,2026-08-27
WAB,netIncome,2010-12-31,30980000,2011-03-26,NetIncomeLoss,2026-08-27
WAB,operatingIncome,2010-12-31,51349000,2011-03-26,OperatingIncomeLoss,2026-08-27
WAB,receivables,2010-12-31,258149000,2011-03-26,AccountsReceivableNetCurrent,2026-08-27
WAB,revenue,2010-12-31,393241000,2011-03-26,SalesRevenueNet,2026-08-27
WAB,shares,2010-12-31,47954085,2011-03-26,CommonStockSharesOutstanding,2026-08-27
WAT,assets,2010-12-31,2327670000,2011-03-26,Assets,2026-08-27
WAT,cash,2010-12-31,308498000,2011-03-26,CashAndCashEquivalentsAtCarryingValue,2026-08-27
WAT,debt,2010-12-31,700000000,2011-03-26,LongTermDebtNoncurrent,2026-08-27
WAT,equity,2010-12-31,1068797000,2011-03-26,StockholdersEquity,2026-08-27
WAT,grossProfit,2010-12-31,294325000,2011-03-26,GrossProfit,2026-08-27
WAT,inventory,2010-12-31,204300000,2011-03-26,InventoryNet,2026-08-27
WAT,liabilities,2010-12-31,1258873000,2011-03-26,Liabilities,2026-08-27
WAT,operatingIncome,2010-12-31,148176000,2011-03-26,OperatingIncomeLoss,2026-08-27
WAT,receivables,2010-12-31,358237000,2011-03-26,AccountsReceivableNetCurrent,2026-08-27
WAT,revenue,2010-12-31,483578000,2011-03-26,SalesRevenueNet,2026-08-27
WAT,rnd,2010-12-31,22867000,2011-03-26,ResearchAndDevelopmentExpense,2026-08-27
WAT,shares,2010-12-31,91848000,2011-03-26,CommonStockSharesOutstanding,2026-08-27
WBD,assets,2010-12-31,11019000000,2011-03-26,Assets,2026-08-27
WBD,cash,2010-12-31,466000000,2011-03-26,CashAndCashEquivalentsAtCarryingValue,2026-08-27
WBD,debt,2010-12-31,3618000000,2011-03-26,LongTermDebt,2026-08-27
WBD,equity,2010-12-31,6225000000,2011-03-26,StockholdersEquity,2026-08-27
WBD,liabilities,2010-12-31,4786000000,2011-03-26,Liabilities,2026-08-27
WBD,netIncome,2010-12-31,191000000,2011-03-26,NetIncomeLoss,2026-08-27
WBD,operatingIncome,2010-12-31,394000000,2011-03-26,OperatingIncomeLoss,2026-08-27
WBD,revenue,2010-12-31,1015000000,2011-03-26,SalesRevenueNet,2026-08-27
WDAY,cash,2010-12-31,30887000,2011-03-26,CashAndCashEquivalentsAtCarryingValue,2026-08-27
WDAY,equity,2010-12-31,-97639000,2011-03-26,StockholdersEquity,2026-08-27
WDC,assets,2010-12-31,7843000000,2011-03-26,Assets,2026-08-27
WDC,buybacks,2010-10-01,50000000,2010-11-20,PaymentsForRepurchaseOfCommonStock,2026-08-27
WDC,capex,2010-10-01,200000000,2010-11-20,PaymentsToAcquirePropertyPlantAndEquipment,2026-08-27
WDC,cash,2010-12-31,3110000000,2011-03-26,CashAndCashEquivalentsAtCarryingValue,2026-08-27
WDC,debt,2010-12-31,231000000,2011-03-26,LongTermDebtNoncurrent,2026-08-27
WDC,equity,2010-12-31,5159000000,2011-03-26,StockholdersEquity,2026-08-27
WDC,grossProfit,2010-12-31,475000000,2011-03-26,GrossProfit,2026-08-27
WDC,inventory,2010-12-31,568000000,2011-03-26,InventoryNet,2026-08-27
WDC,liabilities,2010-12-31,2684000000,2011-03-26,Liabilities,2026-08-27
WDC,netIncome,2010-12-31,225000000,2011-03-26,NetIncomeLoss,2026-08-27
WDC,operatingCashFlow,2010-10-01,390000000,2010-11-20,NetCashProvidedByUsedInOperatingActivities,2026-08-27
WDC,operatingIncome,2010-12-31,240000000,2011-03-26,OperatingIncomeLoss,2026-08-27
WDC,receivables,2010-12-31,1250000000,2011-03-26,AccountsReceivableNetCurrent,2026-08-27
WDC,shares,2010-12-31,232000000,2011-03-26,CommonStockSharesOutstanding,2026-08-27
WEC,assets,2010-12-31,13059800000,2011-03-26,Assets,2026-08-27
WEC,cash,2010-12-31,24500000,2011-03-26,CashAndCashEquivalentsAtCarryingValue,2026-08-27
WEC,debt,2010-12-31,3932000000,2011-03-26,LongTermDebtNoncurrent,2026-08-27
WEC,equity,2010-12-31,3802100000,2011-03-26,StockholdersEquity,2026-08-27
WEC,receivables,2010-12-31,344600000,2011-03-26,AccountsReceivableNetCurrent,2026-08-27
WEC,shares,2010-12-31,233771194,2011-03-26,CommonStockSharesOutstanding,2026-08-27
WELL,assets,2010-12-31,9451734000,2011-03-26,Assets,2026-08-27
WELL,cash,2010-12-31,131570000,2011-03-26,CashAndCashEquivalentsAtCarryingValue,2026-08-27
WELL,debt,2010-12-31,4198645000,2011-03-26,LongTermDebt,2026-08-27
WELL,equity,2010-12-31,4602851000,2011-03-26,StockholdersEquity,2026-08-27
WELL,liabilities,2010-12-31,4714081000,2011-03-26,Liabilities,2026-08-27
WELL,shares,2010-12-31,147097381,2011-03-26,CommonStockSharesOutstanding,2026-08-27
WFC,assets,2010-12-31,1258128000000,2011-03-26,Assets,2026-08-27
WFC,debt,2010-12-31,156983000000,2011-03-26,LongTermDebt,2026-08-27
WFC,equity,2010-12-31,126408000000,2011-03-26,StockholdersEquity,2026-08-27
WFC,liabilities,2010-12-31,1130239000000,2011-03-26,Liabilities,2026-08-27
WM,assets,2010-12-31,21476000000,2011-03-26,Assets,2026-08-27
WM,cash,2010-12-31,539000000,2011-03-26,CashAndCashEquivalentsAtCarryingValue,2026-08-27
WM,equity,2010-12-31,6260000000,2011-03-26,StockholdersEquity,2026-08-27
WM,liabilities,2010-12-31,14885000000,2011-03-26,Liabilities,2026-08-27
WM,netIncome,2010-12-31,281000000,2011-03-26,NetIncomeLoss,2026-08-27
WM,operatingIncome,2010-12-31,574000000,2011-03-26,OperatingIncomeLoss,2026-08-27
WM,receivables,2010-12-31,1510000000,2011-03-26,AccountsReceivableNetCurrent,2026-08-27
WM,revenue,2010-12-31,3187000000,2011-03-26,Revenues,2026-08-27
WM,shares,2010-12-31,475000000,2011-03-26,CommonStockSharesOutstanding,2026-08-27
WMB,assets,2010-12-31,24972000000,2011-03-26,Assets,2026-08-27
WMB,cash,2010-12-31,795000000,2011-03-26,CashAndCashEquivalentsAtCarryingValue,2026-08-27
WMB,equity,2010-12-31,6803000000,2011-03-26,StockholdersEquity,2026-08-27
WMB,inventory,2010-12-31,225000000,2011-03-26,InventoryNet,2026-08-27
WMT,assets,2010-10-31,186890000000,2010-12-20,Assets,2026-08-27
WMT,cash,2010-10-31,10616000000,2010-12-20,CashAndCashEquivalentsAtCarryingValue,2026-08-27
WMT,debt,2010-10-31,40803000000,2010-12-20,LongTermDebtNoncurrent,2026-08-27
WMT,equity,2010-10-31,65525000000,2010-12-20,StockholdersEquity,2026-08-27
WMT,inventory,2010-10-31,41059000000,2010-12-20,InventoryNet,2026-08-27
WMT,netIncome,2010-10-31,3436000000,2010-12-20,NetIncomeLoss,2026-08-27
WMT,operatingIncome,2010-10-31,5611000000,2010-12-20,OperatingIncomeLoss,2026-08-27
WMT,revenue,2010-10-31,101952000000,2010-12-20,Revenues,2026-08-27
WRB,assets,2010-12-31,17528547000,2011-03-26,Assets,2026-08-27
WRB,cash,2010-12-31,642952000,2011-03-26,CashAndCashEquivalentsAtCarryingValue,2026-08-27
WRB,equity,2010-12-31,3702876000,2011-03-26,StockholdersEquity,2026-08-27
WRB,liabilities,2010-12-31,13818691000,2011-03-26,Liabilities,2026-08-27
WRB,netIncome,2010-12-31,126851000,2011-03-26,NetIncomeLoss,2026-08-27
WRB,revenue,2010-12-31,1231342000,2011-03-26,Revenues,2026-08-27
WRB,shares,2010-12-31,141009834,2011-03-26,CommonStockSharesOutstanding,2026-08-27
WSM,assets,2010-10-31,2035172000,2010-12-20,Assets,2026-08-27
WSM,capex,2010-10-31,15533000,2010-12-20,PaymentsToAcquirePropertyPlantAndEquipment,2026-08-27
WSM,cash,2010-10-31,389627000,2010-12-20,CashAndCashEquivalentsAtCarryingValue,2026-08-27
WSM,equity,2010-10-31,1199288000,2010-12-20,StockholdersEquity,2026-08-27
WSM,grossProfit,2010-10-31,311281000,2010-12-20,GrossProfit,2026-08-27
WSM,inventory,2010-10-31,586256000,2010-12-20,InventoryNet,2026-08-27
WSM,liabilities,2010-10-31,835884000,2010-12-20,Liabilities,2026-08-27
WSM,netIncome,2010-10-31,36530000,2010-12-20,NetIncomeLoss,2026-08-27
WSM,operatingIncome,2010-10-31,56162000,2010-12-20,OperatingIncomeLoss,2026-08-27
WSM,revenue,2010-10-31,815516000,2010-12-20,SalesRevenueNet,2026-08-27
WSM,shares,2010-10-31,105422000,2010-12-20,CommonStockSharesOutstanding,2026-08-27
WST,assets,2010-12-31,1294300000,2011-03-26,Assets,2026-08-27
WST,cash,2010-12-31,110200000,2011-03-26,CashAndCashEquivalentsAtCarryingValue,2026-08-27
WST,debt,2010-12-31,358100000,2011-03-26,LongTermDebtNoncurrent,2026-08-27
WST,inventory,2010-12-31,147000000,2011-03-26,InventoryNet,2026-08-27
WST,liabilities,2010-12-31,668600000,2011-03-26,Liabilities,2026-08-27
WST,receivables,2010-12-31,126400000,2011-03-26,AccountsReceivableNetCurrent,2026-08-27
WST,shares,2010-12-31,33300000,2011-03-26,CommonStockSharesOutstanding,2026-08-27
WTW,assets,2010-12-31,15850000000,2011-03-26,Assets,2026-08-27
WTW,cash,2010-12-31,316000000,2011-03-26,CashAndCashEquivalentsAtCarryingValue,2026-08-27
WTW,debt,2010-12-31,2157000000,2011-03-26,LongTermDebtNoncurrent,2026-08-27
WTW,equity,2010-12-31,2577000000,2011-03-26,StockholdersEquity,2026-08-27
WTW,liabilities,2010-12-31,13242000000,2011-03-26,Liabilities,2026-08-27
WTW,netIncome,2010-12-31,98000000,2011-03-26,NetIncomeLoss,2026-08-27
WTW,receivables,2010-12-31,839000000,2011-03-26,AccountsReceivableNetCurrent,2026-08-27
WTW,revenue,2010-12-31,833000000,2011-03-26,Revenues,2026-08-27
WY,assets,2010-12-31,13464000000,2011-03-26,Assets,2026-08-27
WY,cash,2010-12-31,1467000000,2011-03-26,CashAndCashEquivalentsAtCarryingValue,2026-08-27
WY,equity,2010-12-31,4612000000,2011-03-26,StockholdersEquity,2026-08-27
WY,liabilities,2010-12-31,8815000000,2011-03-26,Liabilities,2026-08-27
WY,netIncome,2010-12-31,171000000,2011-03-26,NetIncomeLoss,2026-08-27
WY,operatingIncome,2010-12-31,54000000,2011-03-26,OperatingIncomeLoss,2026-08-27
WY,revenue,2010-12-31,1516000000,2011-03-26,SalesRevenueNet,2026-08-27
WY,shares,2010-12-31,535976000,2011-03-26,CommonStockSharesOutstanding,2026-08-27
WYNN,assets,2010-12-31,6674497000,2011-03-26,Assets,2026-08-27
WYNN,cash,2010-12-31,1258499000,2011-03-26,CashAndCashEquivalentsAtCarryingValue,2026-08-27
WYNN,debt,2010-12-31,3264854000,2011-03-26,LongTermDebtNoncurrent,2026-08-27
WYNN,equity,2010-12-31,2237948000,2011-03-26,StockholdersEquity,2026-08-27
WYNN,inventory,2010-12-31,86847000,2011-03-26,InventoryNet,2026-08-27
WYNN,liabilities,2010-12-31,4293912000,2011-03-26,Liabilities,2026-08-27
WYNN,netIncome,2010-12-31,114242000,2011-03-26,NetIncomeLoss,2026-08-27
WYNN,operatingIncome,2010-12-31,230309000,2011-03-26,OperatingIncomeLoss,2026-08-27
WYNN,revenue,2010-12-31,1237188000,2011-03-26,Revenues,2026-08-27
WYNN,shares,2010-12-31,124599508,2011-03-26,CommonStockSharesOutstanding,2026-08-27
XEL,assets,2010-12-31,27387690000,2011-03-26,Assets,2026-08-27
XEL,cash,2010-12-31,108437000,2011-03-26,CashAndCashEquivalentsAtCarryingValue,2026-08-27
XEL,debt,2010-12-31,9263144000,2011-03-26,LongTermDebtNoncurrent,2026-08-27
XEL,inventory,2010-12-31,560800000,2011-03-26,InventoryNet,2026-08-27
XEL,netIncome,2010-12-31,136634000,2011-03-26,NetIncomeLoss,2026-08-27
XEL,operatingIncome,2010-12-31,322370000,2011-03-26,OperatingIncomeLoss,2026-08-27
XEL,receivables,2010-12-31,718474000,2011-03-26,AccountsReceivableNetCurrent,2026-08-27
XEL,revenue,2010-12-31,2566934000,2011-03-26,Revenues,2026-08-27
XEL,shares,2010-12-31,482333750,2011-03-26,CommonStockSharesOutstanding,2026-08-27
XYL,assets,2010-12-31,3735000000,2011-03-26,Assets,2026-08-27
XYL,cash,2010-12-31,131000000,2011-03-26,CashAndCashEquivalentsAtCarryingValue,2026-08-27
XYL,debt,2010-12-31,4000000,2011-03-26,LongTermDebtNoncurrent,2026-08-27
XYL,equity,2010-12-31,2723000000,2011-03-26,StockholdersEquity,2026-08-27
XYL,inventory,2010-12-31,389000000,2011-03-26,InventoryNet,2026-08-27
XYL,liabilities,2010-12-31,1016000000,2011-03-26,Liabilities,2026-08-27
XYL,receivables,2010-12-31,690000000,2011-03-26,AccountsReceivableNetCurrent,2026-08-27
XYL,shares,2010-12-31,0,2011-03-26,CommonStockSharesOutstanding,2026-08-27
YUM,assets,2010-12-25,8316000000,2011-03-20,Assets,2026-08-27
YUM,cash,2010-12-25,1426000000,2011-03-20,CashAndCashEquivalentsAtCarryingValue,2026-08-27
YUM,debt,2010-12-25,2884000000,2011-03-20,LongTermDebtNoncurrent,2026-08-27
YUM,equity,2010-12-25,1576000000,2011-03-20,StockholdersEquity,2026-08-27
YUM,inventory,2010-12-25,189000000,2011-03-20,InventoryNet,2026-08-27
YUM,liabilities,2010-12-25,6647000000,2011-03-20,Liabilities,2026-08-27
YUM,netIncome,2010-12-25,274000000,2011-03-20,NetIncomeLoss,2026-08-27
YUM,operatingIncome,2010-12-25,440000000,2011-03-20,OperatingIncomeLoss,2026-08-27
YUM,revenue,2010-12-25,3562000000,2011-03-20,Revenues,2026-08-27
ZBH,assets,2010-12-31,7999900000,2011-03-26,Assets,2026-08-27
ZBH,cash,2010-12-31,668900000,2011-03-26,CashAndCashEquivalentsAtCarryingValue,2026-08-27
ZBH,debt,2010-12-31,1142100000,2011-03-26,LongTermDebtNoncurrent,2026-08-27
ZBH,equity,2010-12-31,5771300000,2011-03-26,StockholdersEquity,2026-08-27
ZBH,grossProfit,2010-12-31,860500000,2011-03-26,GrossProfit,2026-08-27
ZBH,inventory,2010-12-31,936400000,2011-03-26,InventoryNet,2026-08-27
ZBH,liabilities,2010-12-31,2228600000,2011-03-26,Liabilities,2026-08-27
ZBH,netIncome,2010-12-31,34900000,2011-03-26,NetIncomeLoss,2026-08-27
ZBH,receivables,2010-12-31,775900000,2011-03-26,AccountsReceivableNetCurrent,2026-08-27
ZBH,revenue,2010-12-31,1134700000,2011-03-26,SalesRevenueNet,2026-08-27
ZBRA,assets,2010-12-31,878864000,2011-03-26,Assets,2026-08-27
ZBRA,cash,2010-12-31,47553000,2011-03-26,CashAndCashEquivalentsAtCarryingValue,2026-08-27
ZBRA,equity,2010-12-31,730032000,2011-03-26,StockholdersEquity,2026-08-27
ZBRA,grossProfit,2010-12-31,114356000,2011-03-26,GrossProfit,2026-08-27
ZBRA,inventory,2010-12-31,112970000,2011-03-26,InventoryNet,2026-08-27
ZBRA,liabilities,2010-12-31,148832000,2011-03-26,Liabilities,2026-08-27
ZBRA,netIncome,2010-12-31,28217000,2011-03-26,NetIncomeLoss,2026-08-27
ZBRA,operatingIncome,2010-12-31,43030000,2011-03-26,OperatingIncomeLoss,2026-08-27
ZBRA,receivables,2010-12-31,130143000,2011-03-26,AccountsReceivableNetCurrent,2026-08-27
ZBRA,revenue,2010-12-31,234019000,2011-03-26,SalesRevenueNet,2026-08-27
ZBRA,rnd,2010-12-31,21736000,2011-03-26,ResearchAndDevelopmentExpense,2026-08-27
ZBRA,shares,2010-12-31,55711325,2011-03-26,CommonStockSharesOutstanding,2026-08-27
ZTS,cash,2010-12-31,63000000,2011-03-26,CashAndCashEquivalentsAtCarryingValue,2026-08-27
