symbol,role,period_end,value,available_from,tag,seen
A,assets,2011-10-31,9057000000,2011-12-20,Assets,2026-08-25
A,cash,2011-10-31,3527000000,2011-12-20,CashAndCashEquivalentsAtCarryingValue,2026-08-25
A,debt,2011-10-31,1932000000,2011-12-20,LongTermDebtNoncurrent,2026-08-25
A,equity,2011-10-31,4308000000,2011-12-20,StockholdersEquity,2026-08-25
A,inventory,2011-10-31,898000000,2011-12-20,InventoryNet,2026-08-25
A,liabilities,2011-10-31,4741000000,2011-12-20,Liabilities,2026-08-25
A,receivables,2011-10-31,860000000,2011-12-20,AccountsReceivableNetCurrent,2026-08-25
A,shares,2011-10-31,591000000,2011-12-20,CommonStockSharesOutstanding,2026-08-25
AAPL,assets,2011-12-31,138681000000,2012-03-25,Assets,2026-08-25
AAPL,buybacks,2011-12-31,0,2012-03-25,PaymentsForRepurchaseOfCommonStock,2026-08-25
AAPL,capex,2011-12-31,1321000000,2012-03-25,PaymentsToAcquireProductiveAssets,2026-08-25
AAPL,cash,2011-12-31,10310000000,2012-03-25,CashAndCashEquivalentsAtCarryingValue,2026-08-25
AAPL,equity,2011-12-31,90054000000,2012-03-25,StockholdersEquity,2026-08-25
AAPL,grossProfit,2011-12-31,20703000000,2012-03-25,GrossProfit,2026-08-25
AAPL,inventory,2011-12-31,1236000000,2012-03-25,InventoryNet,2026-08-25
AAPL,liabilities,2011-12-31,48627000000,2012-03-25,Liabilities,2026-08-25
AAPL,netIncome,2011-12-31,13064000000,2012-03-25,NetIncomeLoss,2026-08-25
AAPL,operatingCashFlow,2011-12-31,17554000000,2012-03-25,NetCashProvidedByUsedInOperatingActivities,2026-08-25
AAPL,operatingIncome,2011-12-31,17340000000,2012-03-25,OperatingIncomeLoss,2026-08-25
AAPL,receivables,2011-12-31,8930000000,2012-03-25,AccountsReceivableNetCurrent,2026-08-25
AAPL,revenue,2011-12-31,46333000000,2012-03-25,SalesRevenueNet,2026-08-25
AAPL,rnd,2011-12-31,758000000,2012-03-25,ResearchAndDevelopmentExpense,2026-08-25
AAPL,shares,2011-12-31,932214000,2012-03-25,CommonStockSharesOutstanding,2026-08-25
ABBV,cash,2011-12-31,27000000,2012-03-25,CashAndCashEquivalentsAtCarryingValue,2026-08-25
ABT,assets,2011-12-31,60277000000,2012-03-25,Assets,2026-08-25
ABT,cash,2011-12-31,6813000000,2012-03-25,CashAndCashEquivalentsAtCarryingValue,2026-08-25
ABT,debt,2011-12-31,12039822000,2012-03-25,LongTermDebtNoncurrent,2026-08-25
ABT,equity,2011-12-31,24439833000,2012-03-25,StockholdersEquity,2026-08-25
ABT,grossProfit,2011-12-31,6539600000,2012-03-25,GrossProfit,2026-08-25
ABT,inventory,2011-12-31,3284249000,2012-03-25,InventoryNet,2026-08-25
ABT,receivables,2011-12-31,7683920000,2012-03-25,AccountsReceivableNetCurrent,2026-08-25
ABT,revenue,2011-12-31,10377400000,2012-03-25,SalesRevenueNet,2026-08-25
ACGL,assets,2011-12-31,17105357000,2012-03-25,Assets,2026-08-25
ACGL,cash,2011-12-31,351699000,2012-03-25,CashAndCashEquivalentsAtCarryingValue,2026-08-25
ACGL,equity,2011-12-31,4592074000,2012-03-25,StockholdersEquity,2026-08-25
ACGL,liabilities,2011-12-31,12513283000,2012-03-25,Liabilities,2026-08-25
ACGL,netIncome,2011-12-31,145332000,2012-03-25,NetIncomeLoss,2026-08-25
ACGL,shares,2011-12-31,134358345,2012-03-25,CommonStockSharesOutstanding,2026-08-25
ACN,assets,2011-11-30,15290845000,2012-02-23,Assets,2026-08-25
ACN,buybacks,2011-11-30,285105000,2012-02-23,PaymentsForRepurchaseOfCommonStock,2026-08-25
ACN,capex,2011-11-30,80875000,2012-02-23,PaymentsToAcquirePropertyPlantAndEquipment,2026-08-25
ACN,cash,2011-11-30,5091906000,2012-02-23,CashAndCashEquivalentsAtCarryingValue,2026-08-25
ACN,equity,2011-11-30,3766360000,2012-02-23,StockholdersEquity,2026-08-25
ACN,netIncome,2011-11-30,642086000,2012-02-23,NetIncomeLoss,2026-08-25
ACN,operatingCashFlow,2011-11-30,475258000,2012-02-23,NetCashProvidedByUsedInOperatingActivities,2026-08-25
ACN,operatingIncome,2011-11-30,981138000,2012-02-23,OperatingIncomeLoss,2026-08-25
ACN,receivables,2011-11-30,3325556000,2012-02-23,AccountsReceivableNetCurrent,2026-08-25
ACN,revenue,2011-11-30,7589108000,2012-02-23,Revenues,2026-08-25
ADBE,assets,2011-12-02,8991183000,2012-02-25,Assets,2026-08-25
ADBE,cash,2011-12-02,989500000,2012-02-25,CashAndCashEquivalentsAtCarryingValue,2026-08-25
ADBE,equity,2011-12-02,5783113000,2012-02-25,StockholdersEquity,2026-08-25
ADBE,grossProfit,2011-12-02,1035782000,2012-02-25,GrossProfit,2026-08-25
ADBE,liabilities,2011-12-02,3208070000,2012-02-25,Liabilities,2026-08-25
ADBE,netIncome,2011-12-02,173719000,2012-02-25,NetIncomeLoss,2026-08-25
ADBE,receivables,2011-12-02,634373000,2012-02-25,AccountsReceivableNetCurrent,2026-08-25
ADBE,revenue,2011-12-02,1152161000,2012-02-25,Revenues,2026-08-25
ADBE,shares,2011-12-02,491540000,2012-02-25,CommonStockSharesOutstanding,2026-08-25
ADI,assets,2011-10-29,5277635000,2011-12-18,Assets,2026-08-25
ADI,cash,2011-10-29,1405100000,2011-12-18,CashAndCashEquivalentsAtCarryingValue,2026-08-25
ADI,equity,2011-10-29,3795413000,2011-12-18,StockholdersEquity,2026-08-25
ADI,grossProfit,2011-10-29,460514000,2011-12-18,GrossProfit,2026-08-25
ADI,inventory,2011-10-29,295081000,2011-12-18,InventoryNet,2026-08-25
ADI,operatingIncome,2011-10-29,235292000,2011-12-18,OperatingIncomeLoss,2026-08-25
ADI,receivables,2011-10-29,348416000,2011-12-18,AccountsReceivableNetCurrent,2026-08-25
ADI,revenue,2011-10-29,716134000,2011-12-18,SalesRevenueNet,2026-08-25
ADI,rnd,2011-10-29,123889000,2011-12-18,ResearchAndDevelopmentExpense,2026-08-25
ADI,shares,2011-10-29,297960718,2011-12-18,CommonStockSharesOutstanding,2026-08-25
ADM,assets,2011-12-31,41516000000,2012-03-25,Assets,2026-08-25
ADM,cash,2011-12-31,864000000,2012-03-25,CashAndCashEquivalentsAtCarryingValue,2026-08-25
ADM,debt,2011-12-31,6762000000,2012-03-25,LongTermDebtNoncurrent,2026-08-25
ADM,grossProfit,2011-12-31,813000000,2012-03-25,GrossProfit,2026-08-25
ADM,netIncome,2011-12-31,80000000,2012-03-25,NetIncomeLoss,2026-08-25
ADM,receivables,2011-12-31,5093000000,2012-03-25,AccountsReceivableNetCurrent,2026-08-25
ADM,revenue,2011-12-31,23306000000,2012-03-25,Revenues,2026-08-25
ADP,assets,2011-12-31,32484400000,2012-03-25,Assets,2026-08-25
ADP,cash,2011-12-31,1331300000,2012-03-25,CashAndCashEquivalentsAtCarryingValue,2026-08-25
ADP,debt,2011-12-31,36000000,2012-03-25,LongTermDebt,2026-08-25
ADP,equity,2011-12-31,6182400000,2012-03-25,StockholdersEquity,2026-08-25
ADP,grossProfit,2011-12-31,1057000000,2012-03-25,GrossProfit,2026-08-25
ADP,liabilities,2011-12-31,26302000000,2012-03-25,Liabilities,2026-08-25
ADP,netIncome,2011-12-31,375000000,2012-03-25,NetIncomeLoss,2026-08-25
ADP,receivables,2011-12-31,1353900000,2012-03-25,AccountsReceivableNetCurrent,2026-08-25
ADP,revenue,2011-12-31,2570700000,2012-03-25,Revenues,2026-08-25
ADP,shares,2011-12-31,489100000,2012-03-25,CommonStockSharesOutstanding,2026-08-25
ADSK,assets,2011-10-31,3005000000,2011-12-20,Assets,2026-08-25
ADSK,cash,2011-10-31,1103300000,2011-12-20,CashAndCashEquivalentsAtCarryingValue,2026-08-25
ADSK,equity,2011-10-31,1827500000,2011-12-20,StockholdersEquity,2026-08-25
ADSK,grossProfit,2011-10-31,489000000,2011-12-20,GrossProfit,2026-08-25
ADSK,netIncome,2011-10-31,72800000,2011-12-20,NetIncomeLoss,2026-08-25
ADSK,operatingIncome,2011-10-31,90200000,2011-12-20,OperatingIncomeLoss,2026-08-25
ADSK,receivables,2011-10-31,259200000,2011-12-20,AccountsReceivableNetCurrent,2026-08-25
ADSK,revenue,2011-10-31,548600000,2011-12-20,SalesRevenueNet,2026-08-25
ADSK,rnd,2011-10-31,141200000,2011-12-20,ResearchAndDevelopmentExpense,2026-08-25
AEE,assets,2011-12-31,23723000000,2012-03-25,Assets,2026-08-25
AEE,cash,2011-12-31,248000000,2012-03-25,CashAndCashEquivalentsAtCarryingValue,2026-08-25
AEE,debt,2011-12-31,5853000000,2012-03-25,LongTermDebtNoncurrent,2026-08-25
AEE,equity,2011-12-31,7919000000,2012-03-25,StockholdersEquity,2026-08-25
AEE,inventory,2011-12-31,550000000,2012-03-25,InventoryNet,2026-08-25
AEE,netIncome,2011-12-31,25000000,2012-03-25,NetIncomeLoss,2026-08-25
AEE,operatingIncome,2011-12-31,91000000,2012-03-25,OperatingIncomeLoss,2026-08-25
AEE,receivables,2011-12-31,424000000,2012-03-25,AccountsReceivableNetCurrent,2026-08-25
AEE,revenue,2011-12-31,1296000000,2012-03-25,Revenues,2026-08-25
AEE,shares,2011-12-31,242600000,2012-03-25,CommonStockSharesOutstanding,2026-08-25
AEP,assets,2011-12-31,52223000000,2012-03-25,Assets,2026-08-25
AEP,cash,2011-12-31,221000000,2012-03-25,CashAndCashEquivalentsAtCarryingValue,2026-08-25
AEP,debt,2011-12-31,15083000000,2012-03-25,LongTermDebtNoncurrent,2026-08-25
AEP,equity,2011-12-31,14664000000,2012-03-25,StockholdersEquity,2026-08-25
AEP,liabilities,2011-12-31,37558000000,2012-03-25,Liabilities,2026-08-25
AEP,operatingIncome,2011-12-31,343000000,2012-03-25,OperatingIncomeLoss,2026-08-25
AEP,receivables,2011-12-31,1834000000,2012-03-25,AccountsReceivableNetCurrent,2026-08-25
AEP,revenue,2011-12-31,3444000000,2012-03-25,Revenues,2026-08-25
AES,assets,2011-12-31,45346000000,2012-03-25,Assets,2026-08-25
AES,cash,2011-12-31,1624000000,2012-03-25,CashAndCashEquivalentsAtCarryingValue,2026-08-25
AES,equity,2011-12-31,5946000000,2012-03-25,StockholdersEquity,2026-08-25
AES,grossProfit,2011-12-31,1079000000,2012-03-25,GrossProfit,2026-08-25
AES,inventory,2011-12-31,775000000,2012-03-25,InventoryNet,2026-08-25
AES,netIncome,2011-12-31,-209000000,2012-03-25,NetIncomeLoss,2026-08-25
AES,receivables,2011-12-31,2522000000,2012-03-25,AccountsReceivableNetCurrent,2026-08-25
AES,shares,2011-12-31,765186316,2012-03-25,CommonStockSharesOutstanding,2026-08-25
AFL,assets,2011-12-31,116237000000,2012-03-25,Assets,2026-08-25
AFL,cash,2011-12-31,2249000000,2012-03-25,CashAndCashEquivalentsAtCarryingValue,2026-08-25
AFL,equity,2011-12-31,12946000000,2012-03-25,StockholdersEquity,2026-08-25
AFL,liabilities,2011-12-31,103291000000,2012-03-25,Liabilities,2026-08-25
AFL,revenue,2011-12-31,5979000000,2012-03-25,Revenues,2026-08-25
AFL,shares,2011-12-31,466310000,2012-03-25,CommonStockSharesOutstanding,2026-08-25
AIG,assets,2011-12-31,553054000000,2012-03-25,Assets,2026-08-25
AIG,debt,2011-12-31,75253000000,2012-03-25,LongTermDebt,2026-08-25
AIG,equity,2011-12-31,101538000000,2012-03-25,StockholdersEquity,2026-08-25
AIG,liabilities,2011-12-31,442138000000,2012-03-25,Liabilities,2026-08-25
AIG,netIncome,2011-12-31,21479000000,2012-03-25,NetIncomeLoss,2026-08-25
AIG,revenue,2011-12-31,16376000000,2012-03-25,Revenues,2026-08-25
AIZ,assets,2011-12-31,27019862000,2012-03-25,Assets,2026-08-25
AIZ,cash,2011-12-31,1166713000,2012-03-25,CashAndCashEquivalentsAtCarryingValue,2026-08-25
AIZ,equity,2011-12-31,4873950000,2012-03-25,StockholdersEquity,2026-08-25
AIZ,liabilities,2011-12-31,22145912000,2012-03-25,Liabilities,2026-08-25
AIZ,netIncome,2011-12-31,159152000,2012-03-25,NetIncomeLoss,2026-08-25
AIZ,revenue,2011-12-31,2111531000,2012-03-25,Revenues,2026-08-25
AIZ,shares,2011-12-31,88524374,2012-03-25,CommonStockSharesOutstanding,2026-08-25
AJG,assets,2011-12-31,4483500000,2012-03-25,Assets,2026-08-25
AJG,cash,2011-12-31,291200000,2012-03-25,CashAndCashEquivalentsAtCarryingValue,2026-08-25
AJG,debt,2011-12-31,675000000,2012-03-25,LongTermDebtNoncurrent,2026-08-25
AJG,equity,2011-12-31,1243600000,2012-03-25,StockholdersEquity,2026-08-25
AJG,liabilities,2011-12-31,3239900000,2012-03-25,Liabilities,2026-08-25
AJG,netIncome,2011-12-31,40500000,2012-03-25,NetIncomeLoss,2026-08-25
AJG,revenue,2011-12-31,578400000,2012-03-25,Revenues,2026-08-25
AJG,shares,2011-12-31,114700000,2012-03-25,CommonStockSharesOutstanding,2026-08-25
AKAM,assets,2011-12-31,2345501000,2012-03-25,Assets,2026-08-25
AKAM,cash,2011-12-31,559197000,2012-03-25,CashAndCashEquivalentsAtCarryingValue,2026-08-25
AKAM,equity,2011-12-31,2156250000,2012-03-25,StockholdersEquity,2026-08-25
AKAM,liabilities,2011-12-31,189251000,2012-03-25,Liabilities,2026-08-25
AKAM,netIncome,2011-12-31,60081000,2012-03-25,NetIncomeLoss,2026-08-25
AKAM,receivables,2011-12-31,210936000,2012-03-25,AccountsReceivableNetCurrent,2026-08-25
AKAM,revenue,2011-12-31,323740000,2012-03-25,Revenues,2026-08-25
AKAM,shares,2011-12-31,177504624,2012-03-25,CommonStockSharesOutstanding,2026-08-25
ALB,assets,2011-12-31,3203824000,2012-03-25,Assets,2026-08-25
ALB,cash,2011-12-31,469416000,2012-03-25,CashAndCashEquivalentsAtCarryingValue,2026-08-25
ALB,debt,2011-12-31,749257000,2012-03-25,LongTermDebtNoncurrent,2026-08-25
ALB,equity,2011-12-31,1591277000,2012-03-25,StockholdersEquity,2026-08-25
ALB,grossProfit,2011-12-31,206810000,2012-03-25,GrossProfit,2026-08-25
ALB,inventory,2011-12-31,431495000,2012-03-25,InventoryNet,2026-08-25
ALB,netIncome,2011-12-31,45548000,2012-03-25,NetIncomeLoss,2026-08-25
ALB,receivables,2011-12-31,355372000,2012-03-25,AccountsReceivableNetCurrent,2026-08-25
ALB,revenue,2011-12-31,707390000,2012-03-25,SalesRevenueNet,2026-08-25
ALB,shares,2011-12-31,88841000,2012-03-25,CommonStockSharesOutstanding,2026-08-25
ALGN,assets,2011-12-31,649264000,2012-03-25,Assets,2026-08-25
ALGN,cash,2011-12-31,306386000,2012-03-25,CashAndCashEquivalentsAtCarryingValue,2026-08-25
ALGN,equity,2011-12-31,490781000,2012-03-25,StockholdersEquity,2026-08-25
ALGN,inventory,2011-12-31,9402000,2012-03-25,InventoryNet,2026-08-25
ALGN,liabilities,2011-12-31,158483000,2012-03-25,Liabilities,2026-08-25
ALGN,receivables,2011-12-31,91537000,2012-03-25,AccountsReceivableNetCurrent,2026-08-25
ALGN,shares,2011-12-31,78776000,2012-03-25,CommonStockSharesOutstanding,2026-08-25
ALL,assets,2011-12-31,125193000000,2012-03-25,Assets,2026-08-25
ALL,debt,2011-12-31,5908000000,2012-03-25,LongTermDebt,2026-08-25
ALL,equity,2011-12-31,18298000000,2012-03-25,StockholdersEquity,2026-08-25
ALL,liabilities,2011-12-31,106867000000,2012-03-25,Liabilities,2026-08-25
ALL,netIncome,2011-12-31,712000000,2012-03-25,NetIncomeLoss,2026-08-25
ALL,revenue,2011-12-31,8236000000,2012-03-25,Revenues,2026-08-25
ALL,shares,2011-12-31,501000000,2012-03-25,CommonStockSharesOutstanding,2026-08-25
ALLE,cash,2011-12-31,376800000,2012-03-25,CashAndCashEquivalentsAtCarryingValue,2026-08-25
AMAT,assets,2011-10-30,13861000000,2011-12-19,Assets,2026-08-25
AMAT,cash,2011-10-30,5960000000,2011-12-19,CashAndCashEquivalentsAtCarryingValue,2026-08-25
AMAT,debt,2011-10-30,1947000000,2011-12-19,LongTermDebtNoncurrent,2026-08-25
AMAT,equity,2011-10-30,8800000000,2011-12-19,StockholdersEquity,2026-08-25
AMAT,grossProfit,2011-10-30,852000000,2011-12-19,GrossProfit,2026-08-25
AMAT,inventory,2011-10-30,1701000000,2011-12-19,InventoryNet,2026-08-25
AMAT,liabilities,2011-10-30,5061000000,2011-12-19,Liabilities,2026-08-25
AMAT,netIncome,2011-10-30,456000000,2011-12-19,NetIncomeLoss,2026-08-25
AMAT,receivables,2011-10-30,1532000000,2011-12-19,AccountsReceivableNetCurrent,2026-08-25
AMAT,revenue,2011-10-30,2182000000,2011-12-19,SalesRevenueNet,2026-08-25
AMAT,shares,2011-10-30,1306000000,2011-12-19,CommonStockSharesOutstanding,2026-08-25
AMD,assets,2011-12-31,4954000000,2012-03-25,Assets,2026-08-25
AMD,cash,2011-12-31,869000000,2012-03-25,CashAndCashEquivalentsAtCarryingValue,2026-08-25
AMD,debt,2011-12-31,2065000000,2012-03-25,LongTermDebt,2026-08-25
AMD,equity,2011-12-31,1590000000,2012-03-25,StockholdersEquity,2026-08-25
AMD,grossProfit,2011-12-31,773000000,2012-03-25,GrossProfit,2026-08-25
AMD,inventory,2011-12-31,476000000,2012-03-25,InventoryNet,2026-08-25
AMD,netIncome,2011-12-31,-177000000,2012-03-25,NetIncomeLoss,2026-08-25
AMD,operatingIncome,2011-12-31,71000000,2012-03-25,OperatingIncomeLoss,2026-08-25
AMD,receivables,2011-12-31,919000000,2012-03-25,AccountsReceivableNetCurrent,2026-08-25
AMD,rnd,2011-12-31,358000000,2012-03-25,ResearchAndDevelopmentExpense,2026-08-25
AMD,shares,2011-12-31,698000000,2012-03-25,CommonStockSharesOutstanding,2026-08-25
AME,assets,2011-12-31,4319490000,2012-03-25,Assets,2026-08-25
AME,cash,2011-12-31,170392000,2012-03-25,CashAndCashEquivalentsAtCarryingValue,2026-08-25
AME,debt,2011-12-31,1123416000,2012-03-25,LongTermDebtNoncurrent,2026-08-25
AME,equity,2011-12-31,2052805000,2012-03-25,StockholdersEquity,2026-08-25
AME,inventory,2011-12-31,380471000,2012-03-25,InventoryNet,2026-08-25
AME,liabilities,2011-12-31,2266685000,2012-03-25,Liabilities,2026-08-25
AME,netIncome,2011-12-31,101907000,2012-03-25,NetIncomeLoss,2026-08-25
AME,operatingIncome,2011-12-31,167380000,2012-03-25,OperatingIncomeLoss,2026-08-25
AME,revenue,2011-12-31,762751000,2012-03-25,SalesRevenueNet,2026-08-25
AME,shares,2011-12-31,240600000,2012-03-25,CommonStockSharesOutstanding,2026-08-25
AMGN,assets,2011-12-31,48871000000,2012-03-25,Assets,2026-08-25
AMGN,cash,2011-12-31,6946000000,2012-03-25,CashAndCashEquivalentsAtCarryingValue,2026-08-25
AMGN,debt,2011-12-31,21428000000,2012-03-25,LongTermDebt,2026-08-25
AMGN,equity,2011-12-31,19029000000,2012-03-25,StockholdersEquity,2026-08-25
AMGN,grossProfit,2011-12-31,3251000000,2012-03-25,GrossProfit,2026-08-25
AMGN,inventory,2011-12-31,2484000000,2012-03-25,InventoryNet,2026-08-25
AMGN,netIncome,2011-12-31,934000000,2012-03-25,NetIncomeLoss,2026-08-25
AMGN,receivables,2011-12-31,2896000000,2012-03-25,AccountsReceivableNetCurrent,2026-08-25
AMGN,shares,2011-12-31,795600000,2012-03-25,CommonStockSharesOutstanding,2026-08-25
AMP,assets,2011-12-31,132307000000,2012-03-25,Assets,2026-08-25
AMP,cash,2011-12-31,2781000000,2012-03-25,CashAndCashEquivalentsAtCarryingValue,2026-08-25
AMP,equity,2011-12-31,8988000000,2012-03-25,StockholdersEquity,2026-08-25
AMP,liabilities,2011-12-31,122613000000,2012-03-25,Liabilities,2026-08-25
AMT,assets,2011-12-31,12242395000,2012-03-25,Assets,2026-08-25
AMT,cash,2011-12-31,330191000,2012-03-25,CashAndCashEquivalentsAtCarryingValue,2026-08-25
AMT,debt,2011-12-31,7134492000,2012-03-25,LongTermDebtNoncurrent,2026-08-25
AMT,equity,2011-12-31,3287220000,2012-03-25,StockholdersEquity,2026-08-25
AMT,liabilities,2011-12-31,8832253000,2012-03-25,Liabilities,2026-08-25
AMT,netIncome,2011-12-31,205110000,2012-03-25,NetIncomeLoss,2026-08-25
AMT,operatingIncome,2011-12-31,247738000,2012-03-25,OperatingIncomeLoss,2026-08-25
AMT,receivables,2011-12-31,100610000,2012-03-25,AccountsReceivableNetCurrent,2026-08-25
AMT,revenue,2011-12-31,653199000,2012-03-25,SalesRevenueNet,2026-08-25
AMT,shares,2011-12-31,393642079,2012-03-25,CommonStockSharesOutstanding,2026-08-25
AMZN,assets,2011-12-31,25278000000,2012-03-25,Assets,2026-08-25
AMZN,cash,2011-12-31,5269000000,2012-03-25,CashAndCashEquivalentsAtCarryingValue,2026-08-25
AMZN,debt,2011-12-31,255000000,2012-03-25,LongTermDebtNoncurrent,2026-08-25
AMZN,equity,2011-12-31,7757000000,2012-03-25,StockholdersEquity,2026-08-25
AMZN,inventory,2011-12-31,4992000000,2012-03-25,InventoryNet,2026-08-25
AMZN,netIncome,2011-12-31,97000000,2012-03-25,NetIncomeLoss,2026-08-25
AMZN,receivables,2011-12-31,2571000000,2012-03-25,AccountsReceivableNetCurrent,2026-08-25
AMZN,revenue,2011-12-31,21268000000,2012-03-25,SalesRevenueNet,2026-08-25
AMZN,shares,2011-12-31,455000000,2012-03-25,CommonStockSharesOutstanding,2026-08-25
ANET,cash,2011-12-31,70725000,2012-03-25,CashAndCashEquivalentsAtCarryingValue,2026-08-25
ANET,equity,2011-12-31,-8194000,2012-03-25,StockholdersEquity,2026-08-25
AON,assets,2011-12-31,29552000000,2012-03-25,Assets,2026-08-25
AON,cash,2011-12-31,272000000,2012-03-25,CashAndCashEquivalentsAtCarryingValue,2026-08-25
AON,debt,2011-12-31,4155000000,2012-03-25,LongTermDebtNoncurrent,2026-08-25
AON,equity,2011-12-31,8078000000,2012-03-25,StockholdersEquity,2026-08-25
AON,liabilities,2011-12-31,21432000000,2012-03-25,Liabilities,2026-08-25
AON,operatingIncome,2011-12-31,430000000,2012-03-25,OperatingIncomeLoss,2026-08-25
AON,receivables,2011-12-31,3183000000,2012-03-25,AccountsReceivableNetCurrent,2026-08-25
AON,revenue,2011-12-31,2994000000,2012-03-25,Revenues,2026-08-25
AON,shares,2011-12-31,324400000,2012-03-25,CommonStockSharesOutstanding,2026-08-25
AOS,assets,2011-12-31,2349000000,2012-03-25,Assets,2026-08-25
AOS,cash,2011-12-31,463400000,2012-03-25,CashAndCashEquivalentsAtCarryingValue,2026-08-25
AOS,debt,2011-12-31,443000000,2012-03-25,LongTermDebtNoncurrent,2026-08-25
AOS,grossProfit,2011-12-31,155000000,2012-03-25,GrossProfit,2026-08-25
AOS,inventory,2011-12-31,168400000,2012-03-25,InventoryNet,2026-08-25
AOS,liabilities,2011-12-31,1263200000,2012-03-25,Liabilities,2026-08-25
AOS,netIncome,2011-12-31,32100000,2012-03-25,NetIncomeLoss,2026-08-25
APD,assets,2011-12-31,14391300000,2012-03-25,Assets,2026-08-25
APD,buybacks,2011-12-31,0,2012-03-25,PaymentsForRepurchaseOfCommonStock,2026-08-25
APD,capex,2011-12-31,342300000,2012-03-25,PaymentsToAcquirePropertyPlantAndEquipment,2026-08-25
APD,cash,2011-12-31,406200000,2012-03-25,CashAndCashEquivalentsAtCarryingValue,2026-08-25
APD,debt,2011-12-31,3884200000,2012-03-25,LongTermDebtNoncurrent,2026-08-25
APD,equity,2011-12-31,5909000000,2012-03-25,StockholdersEquity,2026-08-25
APD,equityStakes,2011-12-31,21200000,2012-03-25,PaymentsToAcquireEquityMethodInvestments,2026-08-25
APD,grossProfit,2011-12-31,599200000,2012-03-25,GrossProfit,2026-08-25
APD,inventory,2011-12-31,704100000,2012-03-25,InventoryNet,2026-08-25
APD,liabilities,2011-12-31,8334200000,2012-03-25,Liabilities,2026-08-25
APD,netIncome,2011-12-31,248100000,2012-03-25,NetIncomeLoss,2026-08-25
APD,operatingCashFlow,2011-12-31,430700000,2012-03-25,NetCashProvidedByUsedInOperatingActivities,2026-08-25
APD,operatingIncome,2011-12-31,353800000,2012-03-25,OperatingIncomeLoss,2026-08-25
APD,receivables,2011-12-31,1529500000,2012-03-25,AccountsReceivableNetCurrent,2026-08-25
APD,revenue,2011-12-31,2321500000,2012-03-25,SalesRevenueNet,2026-08-25
APD,rnd,2011-12-31,28100000,2012-03-25,ResearchAndDevelopmentExpense,2026-08-25
APH,assets,2011-12-31,4445225000,2012-03-25,Assets,2026-08-25
APH,cash,2011-12-31,515100000,2012-03-25,CashAndCashEquivalentsAtCarryingValue,2026-08-25
APH,debt,2011-12-31,1376831000,2012-03-25,LongTermDebtNoncurrent,2026-08-25
APH,equity,2011-12-31,2171769000,2012-03-25,StockholdersEquity,2026-08-25
APH,grossProfit,2011-12-31,294837000,2012-03-25,GrossProfit,2026-08-25
APH,inventory,2011-12-31,649862000,2012-03-25,InventoryNet,2026-08-25
APH,operatingIncome,2011-12-31,164660000,2012-03-25,OperatingIncomeLoss,2026-08-25
APH,receivables,2011-12-31,767181000,2012-03-25,AccountsReceivableNetCurrent,2026-08-25
APH,shares,2011-12-31,163122474,2012-03-25,CommonStockSharesOutstanding,2026-08-25
APTV,assets,2011-12-31,9128000000,2012-03-25,Assets,2026-08-25
APTV,cash,2011-12-31,1363000000,2012-03-25,CashAndCashEquivalentsAtCarryingValue,2026-08-25
APTV,debt,2011-12-31,1996000000,2012-03-25,LongTermDebtNoncurrent,2026-08-25
APTV,equity,2011-12-31,1688000000,2012-03-25,StockholdersEquity,2026-08-25
APTV,grossProfit,2011-12-31,679000000,2012-03-25,GrossProfit,2026-08-25
APTV,inventory,2011-12-31,1054000000,2012-03-25,InventoryNet,2026-08-25
APTV,liabilities,2011-12-31,6957000000,2012-03-25,Liabilities,2026-08-25
APTV,netIncome,2011-12-31,290000000,2012-03-25,NetIncomeLoss,2026-08-25
APTV,operatingIncome,2011-12-31,411000000,2012-03-25,OperatingIncomeLoss,2026-08-25
APTV,receivables,2011-12-31,2459000000,2012-03-25,AccountsReceivableNetCurrent,2026-08-25
APTV,shares,2011-12-31,328244510,2012-03-25,CommonStockSharesOutstanding,2026-08-25
ARE,assets,2011-12-31,6574129000,2012-03-25,Assets,2026-08-25
ARE,cash,2011-12-31,78539000,2012-03-25,CashAndCashEquivalentsAtCarryingValue,2026-08-25
ARE,debt,2011-12-31,2779264000,2012-03-25,LongTermDebt,2026-08-25
ARE,equity,2011-12-31,3374301000,2012-03-25,StockholdersEquity,2026-08-25
ARE,liabilities,2011-12-31,3141236000,2012-03-25,Liabilities,2026-08-25
ARE,shares,2011-12-31,61560472,2012-03-25,CommonStockSharesOutstanding,2026-08-25
ATO,assets,2011-12-31,7635632000,2012-03-25,Assets,2026-08-25
ATO,buybacks,2011-12-31,12535000,2012-03-25,PaymentsForRepurchaseOfCommonStock,2026-08-25
ATO,capex,2011-12-31,154394000,2012-03-25,PaymentsToAcquireProductiveAssets,2026-08-25
ATO,cash,2011-12-31,85160000,2012-03-25,CashAndCashEquivalentsAtCarryingValue,2026-08-25
ATO,debt,2011-12-31,2206193000,2012-03-25,LongTermDebtNoncurrent,2026-08-25
ATO,equity,2011-12-31,2267762000,2012-03-25,StockholdersEquity,2026-08-25
ATO,grossProfit,2011-12-31,355392000,2012-03-25,GrossProfit,2026-08-25
ATO,netIncome,2011-12-31,68507000,2012-03-25,NetIncomeLoss,2026-08-25
ATO,operatingCashFlow,2011-12-31,-15291000,2012-03-25,NetCashProvidedByUsedInOperatingActivities,2026-08-25
ATO,operatingIncome,2011-12-31,139471000,2012-03-25,OperatingIncomeLoss,2026-08-25
ATO,receivables,2011-12-31,489797000,2012-03-25,AccountsReceivableNetCurrent,2026-08-25
AVY,assets,2011-12-31,4972700000,2012-03-25,Assets,2026-08-25
AVY,cash,2011-12-31,178000000,2012-03-25,CashAndCashEquivalentsAtCarryingValue,2026-08-25
AVY,debt,2011-12-31,954200000,2012-03-25,LongTermDebtNoncurrent,2026-08-25
AVY,equity,2011-12-31,1658500000,2012-03-25,StockholdersEquity,2026-08-25
AVY,grossProfit,2011-12-31,358600000,2012-03-25,GrossProfit,2026-08-25
AVY,inventory,2011-12-31,475100000,2012-03-25,InventoryNet,2026-08-25
AVY,netIncome,2011-12-31,22200000,2012-03-25,NetIncomeLoss,2026-08-25
AVY,receivables,2011-12-31,877100000,2012-03-25,AccountsReceivableNetCurrent,2026-08-25
AVY,revenue,2011-12-31,1454600000,2012-03-25,SalesRevenueNet,2026-08-25
AVY,rnd,2011-10-01,24300000,2011-11-20,ResearchAndDevelopmentExpense,2026-08-25
AVY,shares,2011-12-31,106269919,2012-03-25,CommonStockSharesOutstanding,2026-08-25
AWK,assets,2011-12-31,14776391000,2012-03-25,Assets,2026-08-25
AWK,cash,2011-12-31,14207000,2012-03-25,CashAndCashEquivalentsAtCarryingValue,2026-08-25
AWK,debt,2011-12-31,5339947000,2012-03-25,LongTermDebtNoncurrent,2026-08-25
AWK,equity,2011-12-31,4235837000,2012-03-25,StockholdersEquity,2026-08-25
AWK,netIncome,2011-12-31,64848000,2012-03-25,NetIncomeLoss,2026-08-25
AWK,operatingIncome,2011-12-31,177083000,2012-03-25,OperatingIncomeLoss,2026-08-25
AWK,revenue,2011-12-31,639779000,2012-03-25,Revenues,2026-08-25
AWK,shares,2011-12-31,175664000,2012-03-25,CommonStockSharesOutstanding,2026-08-25
AXON,assets,2011-12-31,104962751,2012-03-25,Assets,2026-08-25
AXON,cash,2011-12-31,21301000,2012-03-25,CashAndCashEquivalentsAtCarryingValue,2026-08-25
AXON,equity,2011-12-31,82455000,2012-03-25,StockholdersEquity,2026-08-25
AXON,grossProfit,2011-12-31,6976273,2012-03-25,GrossProfit,2026-08-25
AXON,inventory,2011-12-31,11484761,2012-03-25,InventoryNet,2026-08-25
AXON,liabilities,2011-12-31,22507197,2012-03-25,Liabilities,2026-08-25
AXON,netIncome,2011-12-31,-5901051,2012-03-25,NetIncomeLoss,2026-08-25
AXON,receivables,2011-12-31,11780135,2012-03-25,AccountsReceivableNetCurrent,2026-08-25
AXON,shares,2011-12-31,55696608,2012-03-25,CommonStockSharesOutstanding,2026-08-25
AXP,assets,2011-12-31,153337000000,2012-03-25,Assets,2026-08-25
AXP,debt,2011-12-31,59570000000,2012-03-25,LongTermDebt,2026-08-25
AXP,equity,2011-12-31,18794000000,2012-03-25,StockholdersEquity,2026-08-25
AXP,liabilities,2011-12-31,134543000000,2012-03-25,Liabilities,2026-08-25
AXP,netIncome,2011-12-31,1192000000,2012-03-25,NetIncomeLoss,2026-08-25
AXP,shares,2011-12-31,1164000000,2012-03-25,CommonStockSharesOutstanding,2026-08-25
AZO,buybacks,2011-11-19,309765000,2012-02-12,PaymentsForRepurchaseOfCommonStock,2026-08-25
AZO,capex,2011-11-19,61924000,2012-02-12,PaymentsToAcquirePropertyPlantAndEquipment,2026-08-25
AZO,grossProfit,2011-11-19,983627000,2012-02-12,GrossProfit,2026-08-25
AZO,operatingCashFlow,2011-11-19,342294000,2012-02-12,NetCashProvidedByUsedInOperatingActivities,2026-08-25
AZO,operatingIncome,2011-11-19,340934000,2012-02-12,OperatingIncomeLoss,2026-08-25
AZO,revenue,2011-11-19,1924341000,2012-02-12,SalesRevenueNet,2026-08-25
BA,assets,2011-12-31,79986000000,2012-03-25,Assets,2026-08-25
BA,cash,2011-12-31,10049000000,2012-03-25,CashAndCashEquivalentsAtCarryingValue,2026-08-25
BA,equity,2011-12-31,3515000000,2012-03-25,StockholdersEquity,2026-08-25
BA,liabilities,2011-12-31,76378000000,2012-03-25,Liabilities,2026-08-25
BA,netIncome,2011-12-31,1393000000,2012-03-25,NetIncomeLoss,2026-08-25
BA,operatingIncome,2011-12-31,1597000000,2012-03-25,OperatingIncomeLoss,2026-08-25
BA,receivables,2011-12-31,5793000000,2012-03-25,AccountsReceivableNetCurrent,2026-08-25
BA,revenue,2011-12-31,19555000000,2012-03-25,Revenues,2026-08-25
BA,shares,2011-12-31,1012261159,2012-03-25,CommonStockSharesOutstanding,2026-08-25
BAC,assets,2011-12-31,2129046000000,2012-03-25,Assets,2026-08-25
BAC,cash,2011-12-31,120102000000,2012-03-25,CashAndCashEquivalentsAtCarryingValue,2026-08-25
BAC,debt,2011-12-31,372265000000,2012-03-25,LongTermDebt,2026-08-25
BAC,equity,2011-12-31,230101000000,2012-03-25,StockholdersEquity,2026-08-25
BAC,liabilities,2011-12-31,1898945000000,2012-03-25,Liabilities,2026-08-25
BAC,shares,2011-12-31,10535937957,2012-03-25,CommonStockSharesOutstanding,2026-08-25
BALL,assets,2011-12-31,7284600000,2012-03-25,Assets,2026-08-25
BALL,cash,2011-12-31,165800000,2012-03-25,CashAndCashEquivalentsAtCarryingValue,2026-08-25
BALL,debt,2011-12-31,2696700000,2012-03-25,LongTermDebtNoncurrent,2026-08-25
BALL,equity,2011-12-31,1219100000,2012-03-25,StockholdersEquity,2026-08-25
BALL,grossProfit,2011-12-31,278900000,2012-03-25,GrossProfit,2026-08-25
BALL,inventory,2011-12-31,1072500000,2012-03-25,InventoryNet,2026-08-25
BALL,liabilities,2011-12-31,5906600000,2012-03-25,Liabilities,2026-08-25
BALL,operatingIncome,2011-10-02,228600000,2011-11-21,OperatingIncomeLoss,2026-08-25
BALL,receivables,2011-12-31,840600000,2012-03-25,AccountsReceivableNetCurrent,2026-08-25
BALL,revenue,2011-12-31,2051700000,2012-03-25,SalesRevenueNet,2026-08-25
BAX,assets,2011-12-31,19073000000,2012-03-25,Assets,2026-08-25
BAX,cash,2011-12-31,2905000000,2012-03-25,CashAndCashEquivalentsAtCarryingValue,2026-08-25
BAX,equity,2011-12-31,6585000000,2012-03-25,StockholdersEquity,2026-08-25
BAX,grossProfit,2011-12-31,1765000000,2012-03-25,GrossProfit,2026-08-25
BAX,inventory,2011-12-31,2628000000,2012-03-25,InventoryNet,2026-08-25
BAX,netIncome,2011-12-31,463000000,2012-03-25,NetIncomeLoss,2026-08-25
BAX,revenue,2011-12-31,3594000000,2012-03-25,SalesRevenueNet,2026-08-25
BBY,assets,2011-11-26,22748000000,2012-02-19,Assets,2026-08-25
BBY,cash,2011-10-29,2073000000,2011-12-18,CashAndCashEquivalentsAtCarryingValue,2026-08-25
BBY,debt,2011-11-26,2114000000,2012-02-19,LongTermDebt,2026-08-25
BBY,equity,2011-11-26,5710000000,2012-02-19,StockholdersEquity,2026-08-25
BBY,grossProfit,2011-11-26,2528000000,2012-02-19,GrossProfit,2026-08-25
BBY,inventory,2011-11-26,9220000000,2012-02-19,InventoryNet,2026-08-25
BBY,netIncome,2011-11-26,154000000,2012-02-19,NetIncomeLoss,2026-08-25
BBY,operatingIncome,2011-11-26,309000000,2012-02-19,OperatingIncomeLoss,2026-08-25
BBY,revenue,2011-11-26,10749000000,2012-02-19,SalesRevenueNet,2026-08-25
BBY,shares,2011-11-26,353991000,2012-02-19,CommonStockSharesOutstanding,2026-08-25
BDX,assets,2011-12-31,11413363000,2012-03-25,Assets,2026-08-25
BDX,buybacks,2011-12-31,399873000,2012-03-25,PaymentsForRepurchaseOfCommonStock,2026-08-25
BDX,capex,2011-12-31,102413000,2012-03-25,PaymentsToAcquirePropertyPlantAndEquipment,2026-08-25
BDX,cash,2011-12-31,2196278000,2012-03-25,CashAndCashEquivalentsAtCarryingValue,2026-08-25
BDX,equity,2011-12-31,4727554000,2012-03-25,StockholdersEquity,2026-08-25
BDX,inventory,2011-12-31,1261730000,2012-03-25,InventoryNet,2026-08-25
BDX,operatingCashFlow,2011-12-31,297562000,2012-03-25,NetCashProvidedByUsedInOperatingActivitiesContinuingOperations,2026-08-25
BDX,operatingIncome,2011-12-31,336757000,2012-03-25,OperatingIncomeLoss,2026-08-25
BDX,revenue,2011-12-31,1831720000,2012-03-25,SalesRevenueNet,2026-08-25
BDX,rnd,2011-12-31,112227000,2012-03-25,ResearchAndDevelopmentExpense,2026-08-25
BEN,assets,2011-12-31,13405487000,2012-03-25,Assets,2026-08-25
BEN,buybacks,2011-12-31,-290900000,2012-03-25,PaymentsForRepurchaseOfCommonStock,2026-08-25
BEN,capex,2011-12-31,26800000,2012-03-25,PaymentsToAcquirePropertyPlantAndEquipment,2026-08-25
BEN,cash,2011-12-31,4248837000,2012-03-25,CashAndCashEquivalentsAtCarryingValue,2026-08-25
BEN,debt,2011-12-31,1798088000,2012-03-25,LongTermDebtNoncurrent,2026-08-25
BEN,equity,2011-12-31,8273643000,2012-03-25,StockholdersEquity,2026-08-25
BEN,liabilities,2011-12-31,4445586000,2012-03-25,Liabilities,2026-08-25
BEN,netIncome,2011-12-31,480800000,2012-03-25,NetIncomeLoss,2026-08-25
BEN,operatingCashFlow,2011-12-31,167700000,2012-03-25,NetCashProvidedByUsedInOperatingActivities,2026-08-25
BEN,operatingIncome,2011-12-31,632400000,2012-03-25,OperatingIncomeLoss,2026-08-25
BEN,revenue,2011-12-31,1701900000,2012-03-25,Revenues,2026-08-25
BEN,shares,2011-12-31,215948381,2012-03-25,CommonStockSharesOutstanding,2026-08-25
BF-B,assets,2011-10-31,3673600000,2011-12-20,Assets,2026-08-25
BF-B,cash,2011-10-31,380100000,2011-12-20,CashAndCashEquivalentsAtCarryingValue,2026-08-25
BF-B,debt,2011-10-31,504200000,2011-12-20,LongTermDebtNoncurrent,2026-08-25
BF-B,equity,2011-10-31,2006200000,2011-12-20,StockholdersEquity,2026-08-25
BF-B,grossProfit,2011-10-31,501900000,2011-12-20,GrossProfit,2026-08-25
BF-B,inventory,2011-10-31,694500000,2011-12-20,InventoryNet,2026-08-25
BF-B,liabilities,2011-10-31,1667400000,2011-12-20,Liabilities,2026-08-25
BF-B,netIncome,2011-10-31,157600000,2011-12-20,NetIncomeLoss,2026-08-25
BF-B,operatingIncome,2011-10-31,246300000,2011-12-20,OperatingIncomeLoss,2026-08-25
BF-B,receivables,2011-10-31,641900000,2011-12-20,AccountsReceivableNetCurrent,2026-08-25
BIIB,assets,2011-12-31,9049604000,2012-03-25,Assets,2026-08-25
BIIB,cash,2011-12-31,514542000,2012-03-25,CashAndCashEquivalentsAtCarryingValue,2026-08-25
BIIB,debt,2011-12-31,1023700000,2012-03-25,LongTermDebt,2026-08-25
BIIB,equity,2011-12-31,6425499000,2012-03-25,StockholdersEquity,2026-08-25
BIIB,grossProfit,2011-12-31,1187100000,2012-03-25,GrossProfit,2026-08-25
BIIB,inventory,2011-12-31,326843000,2012-03-25,InventoryNet,2026-08-25
BIIB,liabilities,2011-12-31,2622617000,2012-03-25,Liabilities,2026-08-25
BIIB,netIncome,2011-12-31,300200000,2012-03-25,NetIncomeLoss,2026-08-25
BIIB,receivables,2011-12-31,584603000,2012-03-25,AccountsReceivableNetCurrent,2026-08-25
BIIB,revenue,2011-12-31,1326700000,2012-03-25,Revenues,2026-08-25
BIIB,shares,2011-12-31,242115000,2012-03-25,CommonStockSharesOutstanding,2026-08-25
BKNG,assets,2011-12-31,3970671000,2012-03-25,Assets,2026-08-25
BKNG,cash,2011-12-31,632836000,2012-03-25,CashAndCashEquivalentsAtCarryingValue,2026-08-25
BKNG,equity,2011-12-31,2574295000,2012-03-25,StockholdersEquity,2026-08-25
BKNG,grossProfit,2011-12-31,724697000,2012-03-25,GrossProfit,2026-08-25
BKNG,liabilities,2011-12-31,1191971000,2012-03-25,Liabilities,2026-08-25
BKNG,netIncome,2011-12-31,225715000,2012-03-25,NetIncomeLoss,2026-08-25
BKNG,receivables,2011-12-31,264453000,2012-03-25,AccountsReceivableNetCurrent,2026-08-25
BKNG,revenue,2011-12-31,990770000,2012-03-25,SalesRevenueNet,2026-08-25
BLDR,assets,2011-12-31,493794000,2012-03-25,Assets,2026-08-25
BLDR,cash,2011-12-31,146833000,2012-03-25,CashAndCashEquivalentsAtCarryingValue,2026-08-25
BLDR,debt,2011-12-31,297455000,2012-03-25,LongTermDebtNoncurrent,2026-08-25
BLDR,equity,2011-12-31,101224000,2012-03-25,StockholdersEquity,2026-08-25
BLDR,grossProfit,2011-12-31,39270000,2012-03-25,GrossProfit,2026-08-25
BLDR,inventory,2011-12-31,77085000,2012-03-25,InventoryNet,2026-08-25
BLDR,liabilities,2011-12-31,392570000,2012-03-25,Liabilities,2026-08-25
BLDR,netIncome,2011-12-31,-16698000,2012-03-25,NetIncomeLoss,2026-08-25
BLDR,receivables,2011-12-31,76429000,2012-03-25,AccountsReceivableNetCurrent,2026-08-25
BLDR,revenue,2011-12-31,192677000,2012-03-25,SalesRevenueNet,2026-08-25
BLDR,shares,2011-12-31,96806000,2012-03-25,CommonStockSharesOutstanding,2026-08-25
BMY,assets,2011-12-31,32970000000,2012-03-25,Assets,2026-08-25
BMY,cash,2011-12-31,5776000000,2012-03-25,CashAndCashEquivalentsAtCarryingValue,2026-08-25
BMY,debt,2011-12-31,5376000000,2012-03-25,LongTermDebtNoncurrent,2026-08-25
BMY,equity,2011-12-31,15956000000,2012-03-25,StockholdersEquity,2026-08-25
BMY,grossProfit,2011-12-31,4087000000,2012-03-25,GrossProfit,2026-08-25
BMY,inventory,2011-12-31,1384000000,2012-03-25,InventoryNet,2026-08-25
BMY,liabilities,2011-12-31,17103000000,2012-03-25,Liabilities,2026-08-25
BMY,netIncome,2011-12-31,852000000,2012-03-25,NetIncomeLoss,2026-08-25
BMY,receivables,2011-12-31,2250000000,2012-03-25,AccountsReceivableNetCurrent,2026-08-25
BMY,revenue,2011-12-31,5454000000,2012-03-25,SalesRevenueNet,2026-08-25
BNY,assets,2011-12-31,325266000000,2012-03-25,Assets,2026-08-25
BNY,cash,2011-12-31,4175000000,2012-03-25,CashAndCashEquivalentsAtCarryingValue,2026-08-25
BNY,debt,2011-12-31,19933000000,2012-03-25,LongTermDebt,2026-08-25
BNY,equity,2011-12-31,33417000000,2012-03-25,StockholdersEquity,2026-08-25
BNY,liabilities,2011-12-31,291065000000,2012-03-25,Liabilities,2026-08-25
BNY,revenue,2011-12-31,3568000000,2012-03-25,Revenues,2026-08-25
BNY,shares,2011-12-31,1209674607,2012-03-25,CommonStockSharesOutstanding,2026-08-25
BR,assets,2011-12-31,1896900000,2012-03-25,Assets,2026-08-25
BR,cash,2011-12-31,238200000,2012-03-25,CashAndCashEquivalentsAtCarryingValue,2026-08-25
BR,debt,2011-12-31,594300000,2012-03-25,LongTermDebt,2026-08-25
BR,equity,2011-12-31,783800000,2012-03-25,StockholdersEquity,2026-08-25
BR,grossProfit,2011-12-31,97200000,2012-03-25,GrossProfit,2026-08-25
BR,liabilities,2011-12-31,1113100000,2012-03-25,Liabilities,2026-08-25
BR,netIncome,2011-12-31,6800000,2012-03-25,NetIncomeLoss,2026-08-25
BR,operatingIncome,2011-12-31,10600000,2012-03-25,OperatingIncomeLoss,2026-08-25
BR,revenue,2011-12-31,479800000,2012-03-25,Revenues,2026-08-25
BR,shares,2011-12-31,123800000,2012-03-25,CommonStockSharesOutstanding,2026-08-25
BRK-B,assets,2011-12-31,392647000000,2012-03-25,Assets,2026-08-25
BRK-B,cash,2011-12-31,37299000000,2012-03-25,CashAndCashEquivalentsAtCarryingValue,2026-08-25
BRK-B,equity,2011-12-31,164850000000,2012-03-25,StockholdersEquity,2026-08-25
BRK-B,inventory,2011-12-31,8975000000,2012-03-25,InventoryNet,2026-08-25
BRK-B,liabilities,2011-12-31,223686000000,2012-03-25,Liabilities,2026-08-25
BRK-B,netIncome,2011-12-31,3048000000,2012-03-25,NetIncomeLoss,2026-08-25
BRK-B,revenue,2011-12-31,37955000000,2012-03-25,Revenues,2026-08-25
BRO,assets,2011-12-31,2607011000,2012-03-25,Assets,2026-08-25
BRO,cash,2011-12-31,286305000,2012-03-25,CashAndCashEquivalentsAtCarryingValue,2026-08-25
BRO,debt,2011-12-31,250033000,2012-03-25,LongTermDebtNoncurrent,2026-08-25
BRO,equity,2011-12-31,1643963000,2012-03-25,StockholdersEquity,2026-08-25
BRO,netIncome,2011-12-31,36494000,2012-03-25,NetIncomeLoss,2026-08-25
BRO,revenue,2011-12-31,244097000,2012-03-25,Revenues,2026-08-25
BRO,shares,2011-12-31,143352000,2012-03-25,CommonStockSharesOutstanding,2026-08-25
BSX,assets,2011-12-31,21290000000,2012-03-25,Assets,2026-08-25
BSX,cash,2011-12-31,267000000,2012-03-25,CashAndCashEquivalentsAtCarryingValue,2026-08-25
BSX,debt,2011-12-31,4200000000,2012-03-25,LongTermDebt,2026-08-25
BSX,inventory,2011-12-31,931000000,2012-03-25,InventoryNet,2026-08-25
BSX,shares,2011-12-31,1449055674,2012-03-25,CommonStockSharesOutstanding,2026-08-25
BX,assets,2011-12-31,21909129000,2012-03-25,Assets,2026-08-25
BX,cash,2011-12-31,754744000,2012-03-25,CashAndCashEquivalentsAtCarryingValue,2026-08-25
BX,liabilities,2011-12-31,12656843000,2012-03-25,Liabilities,2026-08-25
BX,netIncome,2011-12-31,-22677000,2012-03-25,NetIncomeLoss,2026-08-25
BX,revenue,2011-12-31,915105000,2012-03-25,Revenues,2026-08-25
BXP,assets,2011-12-31,14782966000,2012-03-25,Assets,2026-08-25
BXP,cash,2011-12-31,1823208000,2012-03-25,CashAndCashEquivalentsAtCarryingValue,2026-08-25
BXP,debt,2011-12-31,3099473000,2012-03-25,LongTermDebt,2026-08-25
BXP,equity,2011-12-31,4865998000,2012-03-25,StockholdersEquity,2026-08-25
BXP,liabilities,2011-12-31,9313798000,2012-03-25,Liabilities,2026-08-25
BXP,netIncome,2011-12-31,101644000,2012-03-25,NetIncomeLoss,2026-08-25
BXP,revenue,2011-12-31,452787000,2012-03-25,Revenues,2026-08-25
BXP,shares,2011-12-31,148107611,2012-03-25,CommonStockSharesOutstanding,2026-08-25
C,assets,2011-12-31,1873878000000,2012-03-25,Assets,2026-08-25
C,debt,2011-12-31,323505000000,2012-03-25,LongTermDebt,2026-08-25
C,equity,2011-12-31,177806000000,2012-03-25,StockholdersEquity,2026-08-25
C,liabilities,2011-12-31,1694305000000,2012-03-25,Liabilities,2026-08-25
C,netIncome,2011-12-31,956000000,2012-03-25,NetIncomeLoss,2026-08-25
C,revenue,2011-12-31,16918000000,2012-03-25,Revenues,2026-08-25
CAH,assets,2011-12-31,24263200000,2012-03-25,Assets,2026-08-25
CAH,cash,2011-12-31,1798000000,2012-03-25,CashAndCashEquivalentsAtCarryingValue,2026-08-25
CAH,equity,2011-12-31,5927700000,2012-03-25,StockholdersEquity,2026-08-25
CAH,grossProfit,2011-12-31,1114000000,2012-03-25,GrossProfit,2026-08-25
CAH,inventory,2011-12-31,8888900000,2012-03-25,InventoryNet,2026-08-25
CAH,netIncome,2011-12-31,262000000,2012-03-25,NetIncomeLoss,2026-08-25
CAH,operatingIncome,2011-12-31,449000000,2012-03-25,OperatingIncomeLoss,2026-08-25
CAH,revenue,2011-12-31,27078000000,2012-03-25,Revenues,2026-08-25
CASY,assets,2011-10-31,1698390000,2011-12-20,Assets,2026-08-25
CASY,cash,2011-10-31,86200000,2011-12-20,CashAndCashEquivalentsAtCarryingValue,2026-08-25
CASY,debt,2011-10-31,673466000,2011-12-20,LongTermDebtNoncurrent,2026-08-25
CASY,equity,2011-10-31,473058000,2011-12-20,StockholdersEquity,2026-08-25
CASY,grossProfit,2011-10-31,262918000,2011-12-20,GrossProfit,2026-08-25
CASY,inventory,2011-10-31,159868000,2011-12-20,InventoryNet,2026-08-25
CASY,liabilities,2011-10-31,1225332000,2011-12-20,Liabilities,2026-08-25
CASY,netIncome,2011-10-31,37632000,2011-12-20,NetIncomeLoss,2026-08-25
CASY,revenue,2011-10-31,1782518000,2011-12-20,SalesRevenueNet,2026-08-25
CAT,assets,2011-12-31,81218000000,2012-03-25,Assets,2026-08-25
CAT,debt,2011-12-31,24944000000,2012-03-25,LongTermDebtNoncurrent,2026-08-25
CAT,grossProfit,2011-12-31,3794000000,2012-03-25,GrossProfit,2026-08-25
CAT,inventory,2011-12-31,14544000000,2012-03-25,InventoryNet,2026-08-25
CAT,liabilities,2011-12-31,67816000000,2012-03-25,Liabilities,2026-08-25
CAT,receivables,2011-12-31,10057000000,2012-03-25,AccountsReceivableNetCurrent,2026-08-25
CAT,revenue,2011-12-31,17243000000,2012-03-25,Revenues,2026-08-25
CAT,shares,2011-12-31,647500000,2012-03-25,CommonStockSharesOutstanding,2026-08-25
CB,assets,2011-12-31,87321000000,2012-03-25,Assets,2026-08-25
CB,cash,2011-12-31,614000000,2012-03-25,CashAndCashEquivalentsAtCarryingValue,2026-08-25
CB,debt,2011-12-31,3360000000,2012-03-25,LongTermDebt,2026-08-25
CB,liabilities,2011-12-31,62989000000,2012-03-25,Liabilities,2026-08-25
CB,netIncome,2011-12-31,735000000,2012-03-25,NetIncomeLoss,2026-08-25
CB,revenue,2011-12-31,4479000000,2012-03-25,Revenues,2026-08-25
CB,shares,2011-12-31,336927276,2012-03-25,CommonStockSharesOutstanding,2026-08-25
CBOE,assets,2011-12-31,327868000,2012-03-25,Assets,2026-08-25
CBOE,cash,2011-12-31,134936000,2012-03-25,CashAndCashEquivalentsAtCarryingValue,2026-08-25
CBOE,liabilities,2011-12-31,91598000,2012-03-25,Liabilities,2026-08-25
CBOE,operatingIncome,2011-12-31,52679000,2012-03-25,OperatingIncomeLoss,2026-08-25
CBOE,receivables,2011-12-31,37578000,2012-03-25,AccountsReceivableNetCurrent,2026-08-25
CBOE,revenue,2011-12-31,120208000,2012-03-25,Revenues,2026-08-25
CBRE,assets,2011-12-31,7219143000,2012-03-25,Assets,2026-08-25
CBRE,cash,2011-12-31,1093182000,2012-03-25,CashAndCashEquivalentsAtCarryingValue,2026-08-25
CBRE,debt,2011-12-31,2404848000,2012-03-25,LongTermDebtNoncurrent,2026-08-25
CBRE,equity,2011-12-31,1151481000,2012-03-25,StockholdersEquity,2026-08-25
CBRE,liabilities,2011-12-31,5801980000,2012-03-25,Liabilities,2026-08-25
CBRE,netIncome,2011-12-31,79763000,2012-03-25,NetIncomeLoss,2026-08-25
CBRE,operatingIncome,2011-12-31,116556000,2012-03-25,OperatingIncomeLoss,2026-08-25
CBRE,revenue,2011-12-31,1763625000,2012-03-25,Revenues,2026-08-25
CBRE,shares,2011-12-31,327972156,2012-03-25,CommonStockSharesOutstanding,2026-08-25
CCI,assets,2011-12-31,10545096000,2012-03-25,Assets,2026-08-25
CCI,cash,2011-12-31,80120000,2012-03-25,CashAndCashEquivalentsAtCarryingValue,2026-08-25
CCI,debt,2011-12-31,6885699000,2012-03-25,LongTermDebt,2026-08-25
CCI,equity,2011-12-31,2386245000,2012-03-25,StockholdersEquity,2026-08-25
CCI,liabilities,2011-12-31,7853200000,2012-03-25,Liabilities,2026-08-25
CCI,netIncome,2011-12-31,48911000,2012-03-25,NetIncomeLoss,2026-08-25
CCI,operatingIncome,2011-12-31,176846000,2012-03-25,OperatingIncomeLoss,2026-08-25
CCI,receivables,2011-12-31,77258000,2012-03-25,AccountsReceivableNetCurrent,2026-08-25
CCI,revenue,2011-12-31,519471000,2012-03-25,SalesRevenueNet,2026-08-25
CCI,shares,2011-12-31,284449372,2012-03-25,CommonStockSharesOutstanding,2026-08-25
CCL,assets,2011-11-30,38637000000,2012-02-23,Assets,2026-08-25
CCL,cash,2011-11-30,450000000,2012-02-23,CashAndCashEquivalentsAtCarryingValue,2026-08-25
CCL,debt,2011-11-30,8053000000,2012-02-23,LongTermDebtNoncurrent,2026-08-25
CCL,equity,2011-11-30,23832000000,2012-02-23,StockholdersEquity,2026-08-25
CCL,inventory,2011-11-30,374000000,2012-02-23,InventoryNet,2026-08-25
CDNS,assets,2011-12-31,1761269000,2012-03-25,Assets,2026-08-25
CDNS,cash,2011-12-31,601602000,2012-03-25,CashAndCashEquivalentsAtCarryingValue,2026-08-25
CDNS,equity,2011-12-31,411130000,2012-03-25,StockholdersEquity,2026-08-25
CDNS,inventory,2011-12-31,43243000,2012-03-25,InventoryNet,2026-08-25
CDNS,netIncome,2011-10-01,28106000,2011-11-20,NetIncomeLoss,2026-08-25
CDNS,operatingIncome,2011-10-01,32177000,2011-11-20,OperatingIncomeLoss,2026-08-25
CDNS,revenue,2011-10-01,292457000,2011-11-20,SalesRevenueNet,2026-08-25
CDNS,shares,2011-12-31,272680000,2012-03-25,CommonStockSharesOutstanding,2026-08-25
CDW,assets,2011-12-31,5967700000,2012-03-25,Assets,2026-08-25
CDW,cash,2011-12-31,99900000,2012-03-25,CashAndCashEquivalentsAtCarryingValue,2026-08-25
CDW,debt,2011-12-31,3865000000,2012-03-25,LongTermDebtNoncurrent,2026-08-25
CDW,equity,2011-12-31,-7300000,2012-03-25,StockholdersEquity,2026-08-25
CDW,grossProfit,2011-12-31,412300000,2012-03-25,GrossProfit,2026-08-25
CDW,inventory,2011-12-31,321700000,2012-03-25,InventoryNet,2026-08-25
CDW,netIncome,2011-12-31,19000000,2012-03-25,NetIncomeLoss,2026-08-25
CDW,operatingIncome,2011-12-31,111100000,2012-03-25,OperatingIncomeLoss,2026-08-25
CDW,receivables,2011-12-31,1273000000,2012-03-25,AccountsReceivableNetCurrent,2026-08-25
CDW,revenue,2011-12-31,2479300000,2012-03-25,Revenues,2026-08-25
CDW,shares,2011-12-31,144800000,2012-03-25,CommonStockSharesOutstanding,2026-08-25
CF,assets,2011-12-31,8974500000,2012-03-25,Assets,2026-08-25
CF,cash,2011-12-31,1207000000,2012-03-25,CashAndCashEquivalentsAtCarryingValue,2026-08-25
CF,debt,2011-12-31,1613000000,2012-03-25,LongTermDebtNoncurrent,2026-08-25
CF,equity,2011-12-31,4547000000,2012-03-25,StockholdersEquity,2026-08-25
CF,grossProfit,2011-12-31,865200000,2012-03-25,GrossProfit,2026-08-25
CF,inventory,2011-12-31,304200000,2012-03-25,InventoryNet,2026-08-25
CF,revenue,2011-12-31,1718400000,2012-03-25,SalesRevenueNet,2026-08-25
CF,shares,2011-12-31,65419989,2012-03-25,CommonStockSharesOutstanding,2026-08-25
CFG,cash,2011-12-31,3694000000,2012-03-25,CashAndCashEquivalentsAtCarryingValue,2026-08-25
CHD,assets,2011-12-31,3117600000,2012-03-25,Assets,2026-08-25
CHD,cash,2011-12-31,251400000,2012-03-25,CashAndCashEquivalentsAtCarryingValue,2026-08-25
CHD,debt,2011-12-31,249700000,2012-03-25,LongTermDebtNoncurrent,2026-08-25
CHD,equity,2011-12-31,2040600000,2012-03-25,StockholdersEquity,2026-08-25
CHD,grossProfit,2011-12-31,316500000,2012-03-25,GrossProfit,2026-08-25
CHD,inventory,2011-12-31,200700000,2012-03-25,InventoryNet,2026-08-25
CHD,liabilities,2011-12-31,1076800000,2012-03-25,Liabilities,2026-08-25
CHD,netIncome,2011-12-31,63800000,2012-03-25,NetIncomeLoss,2026-08-25
CHD,operatingIncome,2011-12-31,117400000,2012-03-25,OperatingIncomeLoss,2026-08-25
CHD,receivables,2011-12-31,264600000,2012-03-25,AccountsReceivableNetCurrent,2026-08-25
CHRW,assets,2011-12-31,2138041000,2012-03-25,Assets,2026-08-25
CHRW,cash,2011-12-31,373669000,2012-03-25,CashAndCashEquivalentsAtCarryingValue,2026-08-25
CHRW,equity,2011-12-31,1248474000,2012-03-25,StockholdersEquity,2026-08-25
CHRW,liabilities,2011-12-31,889567000,2012-03-25,Liabilities,2026-08-25
CHRW,netIncome,2011-12-31,109214000,2012-03-25,NetIncomeLoss,2026-08-25
CHRW,operatingIncome,2011-12-31,171955000,2012-03-25,OperatingIncomeLoss,2026-08-25
CHRW,revenue,2011-12-31,2568284000,2012-03-25,Revenues,2026-08-25
CHRW,shares,2011-12-31,163441000,2012-03-25,CommonStockSharesOutstanding,2026-08-25
CHTR,assets,2011-12-31,15601000000,2012-03-25,Assets,2026-08-25
CHTR,cash,2011-12-31,2000000,2012-03-25,CashAndCashEquivalentsAtCarryingValue,2026-08-25
CHTR,debt,2011-12-31,12856000000,2012-03-25,LongTermDebtNoncurrent,2026-08-25
CHTR,equity,2011-12-31,409000000,2012-03-25,StockholdersEquity,2026-08-25
CHTR,operatingIncome,2011-12-31,265000000,2012-03-25,OperatingIncomeLoss,2026-08-25
CHTR,receivables,2011-12-31,268000000,2012-03-25,AccountsReceivableNetCurrent,2026-08-25
CHTR,revenue,2011-12-31,1834000000,2012-03-25,Revenues,2026-08-25
CIEN,assets,2011-10-31,1951418000,2011-12-20,Assets,2026-08-25
CIEN,cash,2011-10-31,541896000,2011-12-20,CashAndCashEquivalentsAtCarryingValue,2026-08-25
CIEN,equity,2011-10-31,13873000,2011-12-20,StockholdersEquity,2026-08-25
CIEN,inventory,2011-10-31,230076000,2011-12-20,InventoryNet,2026-08-25
CIEN,liabilities,2011-10-31,1937545000,2011-12-20,Liabilities,2026-08-25
CIEN,receivables,2011-10-31,417509000,2011-12-20,AccountsReceivableNetCurrent,2026-08-25
CIEN,shares,2011-10-31,97440436,2011-12-20,CommonStockSharesOutstanding,2026-08-25
CINF,assets,2011-12-31,15635000000,2012-03-25,Assets,2026-08-25
CINF,cash,2011-12-31,438000000,2012-03-25,CashAndCashEquivalentsAtCarryingValue,2026-08-25
CINF,debt,2011-12-31,790000000,2012-03-25,LongTermDebt,2026-08-25
CINF,equity,2011-12-31,5033000000,2012-03-25,StockholdersEquity,2026-08-25
CINF,liabilities,2011-12-31,10602000000,2012-03-25,Liabilities,2026-08-25
CINF,netIncome,2011-12-31,134000000,2012-03-25,NetIncomeLoss,2026-08-25
CINF,revenue,2011-12-31,955000000,2012-03-25,Revenues,2026-08-25
CINF,shares,2011-12-31,196000000,2012-03-25,CommonStockSharesOutstanding,2026-08-25
CL,assets,2011-12-31,12724000000,2012-03-25,Assets,2026-08-25
CL,cash,2011-12-31,878000000,2012-03-25,CashAndCashEquivalentsAtCarryingValue,2026-08-25
CL,debt,2011-12-31,4430000000,2012-03-25,LongTermDebtNoncurrent,2026-08-25
CL,equity,2011-12-31,2375000000,2012-03-25,StockholdersEquity,2026-08-25
CL,grossProfit,2011-12-31,2393000000,2012-03-25,GrossProfit,2026-08-25
CL,inventory,2011-12-31,1327000000,2012-03-25,InventoryNet,2026-08-25
CL,liabilities,2011-12-31,10183000000,2012-03-25,Liabilities,2026-08-25
CL,netIncome,2011-12-31,590000000,2012-03-25,NetIncomeLoss,2026-08-25
CL,receivables,2011-12-31,1675000000,2012-03-25,AccountsReceivableNetCurrent,2026-08-25
CL,revenue,2011-12-31,4172000000,2012-03-25,SalesRevenueNet,2026-08-25
CL,shares,2011-12-31,960036150,2012-03-25,CommonStockSharesOutstanding,2026-08-25
CLX,assets,2011-12-31,4290000000,2012-03-25,Assets,2026-08-25
CLX,cash,2011-12-31,297000000,2012-03-25,CashAndCashEquivalentsAtCarryingValue,2026-08-25
CLX,debt,2011-12-31,2070000000,2012-03-25,LongTermDebtNoncurrent,2026-08-25
CLX,equity,2011-12-31,-199000000,2012-03-25,StockholdersEquity,2026-08-25
CLX,grossProfit,2011-12-31,507000000,2012-03-25,GrossProfit,2026-08-25
CLX,inventory,2011-12-31,451000000,2012-03-25,InventoryNet,2026-08-25
CLX,liabilities,2011-12-31,4489000000,2012-03-25,Liabilities,2026-08-25
CLX,netIncome,2011-12-31,105000000,2012-03-25,NetIncomeLoss,2026-08-25
CLX,revenue,2011-12-31,1221000000,2012-03-25,SalesRevenueNet,2026-08-25
CLX,rnd,2011-12-31,29000000,2012-03-25,ResearchAndDevelopmentExpense,2026-08-25
CLX,shares,2011-12-31,129694049,2012-03-25,CommonStockSharesOutstanding,2026-08-25
CMCSA,assets,2011-12-31,157818000000,2012-03-25,Assets,2026-08-25
CMCSA,cash,2011-12-31,1620000000,2012-03-25,CashAndCashEquivalentsAtCarryingValue,2026-08-25
CMCSA,equity,2011-12-31,47274000000,2012-03-25,StockholdersEquity,2026-08-25
CMCSA,netIncome,2011-12-31,1287000000,2012-03-25,NetIncomeLoss,2026-08-25
CMCSA,operatingIncome,2011-12-31,2918000000,2012-03-25,OperatingIncomeLoss,2026-08-25
CMCSA,receivables,2011-12-31,4652000000,2012-03-25,AccountsReceivableNetCurrent,2026-08-25
CMCSA,revenue,2011-12-31,15042000000,2012-03-25,Revenues,2026-08-25
CME,assets,2011-12-31,40758700000,2012-03-25,Assets,2026-08-25
CME,cash,2011-12-31,1042300000,2012-03-25,CashAndCashEquivalentsAtCarryingValue,2026-08-25
CME,equity,2011-12-31,21552000000,2012-03-25,StockholdersEquity,2026-08-25
CME,liabilities,2011-12-31,19136400000,2012-03-25,Liabilities,2026-08-25
CME,netIncome,2011-12-31,745900000,2012-03-25,NetIncomeLoss,2026-08-25
CME,operatingIncome,2011-12-31,390400000,2012-03-25,OperatingIncomeLoss,2026-08-25
CME,receivables,2011-12-31,289400000,2012-03-25,AccountsReceivableNetCurrent,2026-08-25
CME,revenue,2011-12-31,736500000,2012-03-25,Revenues,2026-08-25
CMG,assets,2011-12-31,1425308000,2012-03-25,Assets,2026-08-25
CMG,cash,2011-12-31,401243000,2012-03-25,CashAndCashEquivalentsAtCarryingValue,2026-08-25
CMG,equity,2011-12-31,1044226000,2012-03-25,StockholdersEquity,2026-08-25
CMG,inventory,2011-12-31,8913000,2012-03-25,InventoryNet,2026-08-25
CMG,liabilities,2011-12-31,381082000,2012-03-25,Liabilities,2026-08-25
CMG,netIncome,2011-12-31,57473000,2012-03-25,NetIncomeLoss,2026-08-25
CMG,operatingIncome,2011-12-31,93868000,2012-03-25,OperatingIncomeLoss,2026-08-25
CMG,receivables,2011-12-31,8389000,2012-03-25,AccountsReceivableNetCurrent,2026-08-25
CMI,assets,2011-12-31,11668000000,2012-03-25,Assets,2026-08-25
CMI,cash,2011-12-31,1484000000,2012-03-25,CashAndCashEquivalentsAtCarryingValue,2026-08-25
CMI,debt,2011-12-31,638000000,2012-03-25,LongTermDebt,2026-08-25
CMI,equity,2011-12-31,5492000000,2012-03-25,StockholdersEquity,2026-08-25
CMI,inventory,2011-12-31,2141000000,2012-03-25,InventoryNet,2026-08-25
CMI,liabilities,2011-12-31,5837000000,2012-03-25,Liabilities,2026-08-25
CMS,assets,2011-12-31,16452000000,2012-03-25,Assets,2026-08-25
CMS,cash,2011-12-31,161000000,2012-03-25,CashAndCashEquivalentsAtCarryingValue,2026-08-25
CMS,debt,2011-12-31,6040000000,2012-03-25,LongTermDebtNoncurrent,2026-08-25
CMS,equity,2011-12-31,3028000000,2012-03-25,StockholdersEquity,2026-08-25
CMS,netIncome,2011-12-31,41000000,2012-03-25,NetIncomeLoss,2026-08-25
CMS,operatingIncome,2011-12-31,174000000,2012-03-25,OperatingIncomeLoss,2026-08-25
CMS,receivables,2011-12-31,869000000,2012-03-25,AccountsReceivableNetCurrent,2026-08-25
CMS,revenue,2011-12-31,1620000000,2012-03-25,Revenues,2026-08-25
CMS,shares,2011-12-31,254100000,2012-03-25,CommonStockSharesOutstanding,2026-08-25
CNC,assets,2011-12-31,2190336000,2012-03-25,Assets,2026-08-25
CNC,cash,2011-12-31,573698000,2012-03-25,CashAndCashEquivalentsAtCarryingValue,2026-08-25
CNC,debt,2011-12-31,348344000,2012-03-25,LongTermDebtNoncurrent,2026-08-25
CNC,equity,2011-12-31,935634000,2012-03-25,StockholdersEquity,2026-08-25
CNC,liabilities,2011-12-31,1253917000,2012-03-25,Liabilities,2026-08-25
CNC,netIncome,2011-12-31,30112000,2012-03-25,NetIncomeLoss,2026-08-25
CNC,revenue,2011-12-31,1507176000,2012-03-25,Revenues,2026-08-25
CNC,shares,2011-12-31,50864618,2012-03-25,CommonStockSharesOutstanding,2026-08-25
CNP,assets,2011-12-31,21703000000,2012-03-25,Assets,2026-08-25
CNP,cash,2011-12-31,220000000,2012-03-25,CashAndCashEquivalentsAtCarryingValue,2026-08-25
CNP,debt,2011-12-31,8641000000,2012-03-25,LongTermDebtNoncurrent,2026-08-25
CNP,equity,2011-12-31,4222000000,2012-03-25,StockholdersEquity,2026-08-25
CNP,inventory,2011-12-31,353000000,2012-03-25,InventoryNet,2026-08-25
CNP,netIncome,2011-12-31,117000000,2012-03-25,NetIncomeLoss,2026-08-25
CNP,operatingIncome,2011-12-31,274000000,2012-03-25,OperatingIncomeLoss,2026-08-25
CNP,receivables,2011-12-31,773000000,2012-03-25,AccountsReceivableNetCurrent,2026-08-25
CNP,revenue,2011-12-31,2145000000,2012-03-25,Revenues,2026-08-25
CNP,shares,2011-12-31,426030345,2012-03-25,CommonStockSharesOutstanding,2026-08-25
COF,assets,2011-12-31,206019000000,2012-03-25,Assets,2026-08-25
COF,debt,2011-12-31,32262000000,2012-03-25,LongTermDebt,2026-08-25
COF,equity,2011-12-31,29617000000,2012-03-25,StockholdersEquity,2026-08-25
COF,liabilities,2011-12-31,176353000000,2012-03-25,Liabilities,2026-08-25
COF,shares,2011-12-31,459947217,2012-03-25,CommonStockSharesOutstanding,2026-08-25
COHR,assets,2011-12-31,678497000,2012-03-25,Assets,2026-08-25
COHR,capex,2011-12-31,10356000,2012-03-25,PaymentsToAcquirePropertyPlantAndEquipment,2026-08-25
COHR,cash,2011-12-31,123833000,2012-03-25,CashAndCashEquivalentsAtCarryingValue,2026-08-25
COHR,debt,2011-12-31,17000000,2012-03-25,LongTermDebtNoncurrent,2026-08-25
COHR,equity,2011-12-31,562587000,2012-03-25,StockholdersEquity,2026-08-25
COHR,inventory,2011-12-31,142578000,2012-03-25,InventoryNet,2026-08-25
COHR,liabilities,2011-12-31,115016000,2012-03-25,Liabilities,2026-08-25
COHR,netIncome,2011-12-31,13287000,2012-03-25,NetIncomeLoss,2026-08-25
COHR,receivables,2011-12-31,87608000,2012-03-25,AccountsReceivableNetCurrent,2026-08-25
COHR,revenue,2011-12-31,126757000,2012-03-25,Revenues,2026-08-25
COHR,rnd,2011-12-31,5016000,2012-03-25,ResearchAndDevelopmentExpense,2026-08-25
COO,assets,2011-10-31,2624518000,2011-12-20,Assets,2026-08-25
COO,cash,2011-10-31,5175000,2011-12-20,CashAndCashEquivalentsAtCarryingValue,2026-08-25
COO,debt,2011-10-31,327453000,2011-12-20,LongTermDebtNoncurrent,2026-08-25
COO,equity,2011-10-31,1937488000,2011-12-20,StockholdersEquity,2026-08-25
COO,grossProfit,2011-10-31,223634000,2011-12-20,GrossProfit,2026-08-25
COO,inventory,2011-10-31,253584000,2011-12-20,InventoryNet,2026-08-25
COO,liabilities,2011-10-31,687030000,2011-12-20,Liabilities,2026-08-25
COO,netIncome,2011-10-31,56638000,2011-12-20,NetIncomeLoss,2026-08-25
COO,receivables,2011-10-31,214779000,2011-12-20,AccountsReceivableNetCurrent,2026-08-25
COO,revenue,2011-10-31,360909000,2011-12-20,SalesRevenueNet,2026-08-25
COP,assets,2011-12-31,153230000000,2012-03-25,Assets,2026-08-25
COP,cash,2011-12-31,5780000000,2012-03-25,CashAndCashEquivalentsAtCarryingValue,2026-08-25
COP,equity,2011-12-31,65239000000,2012-03-25,StockholdersEquity,2026-08-25
COP,inventory,2011-12-31,4631000000,2012-03-25,InventoryNet,2026-08-25
COP,liabilities,2011-12-31,87481000000,2012-03-25,Liabilities,2026-08-25
COR,assets,2011-12-31,15978266000,2012-03-25,Assets,2026-08-25
COR,buybacks,2011-12-31,128042000,2012-03-25,PaymentsForRepurchaseOfCommonStock,2026-08-25
COR,capex,2011-12-31,45531000,2012-03-25,PaymentsToAcquirePropertyPlantAndEquipment,2026-08-25
COR,cash,2011-12-31,2370335000,2012-03-25,CashAndCashEquivalentsAtCarryingValue,2026-08-25
COR,debt,2011-12-31,1481939000,2012-03-25,LongTermDebtNoncurrent,2026-08-25
COR,equity,2011-12-31,2904599000,2012-03-25,StockholdersEquity,2026-08-25
COR,grossProfit,2011-12-31,573262000,2012-03-25,GrossProfit,2026-08-25
COR,inventory,2011-12-31,5824358000,2012-03-25,InventoryNet,2026-08-25
COR,netIncome,2011-12-31,162116000,2012-03-25,NetIncomeLoss,2026-08-25
COR,operatingCashFlow,2011-12-31,431703000,2012-03-25,NetCashProvidedByUsedInOperatingActivities,2026-08-25
COR,operatingIncome,2011-12-31,283403000,2012-03-25,OperatingIncomeLoss,2026-08-25
COR,receivables,2011-12-31,3724456000,2012-03-25,AccountsReceivableNetCurrent,2026-08-25
COR,revenue,2011-12-31,19981185000,2012-03-25,Revenues,2026-08-25
COR,shares,2011-12-31,258393461,2012-03-25,CommonStockSharesOutstanding,2026-08-25
COST,assets,2011-11-20,28004000000,2012-02-13,Assets,2026-08-25
COST,buybacks,2011-11-20,163000000,2012-02-13,PaymentsForRepurchaseOfCommonStock,2026-08-25
COST,capex,2011-11-20,343000000,2012-02-13,PaymentsToAcquirePropertyPlantAndEquipment,2026-08-25
COST,cash,2011-11-20,4319000000,2012-02-13,CashAndCashEquivalentsAtCarryingValue,2026-08-25
COST,debt,2011-11-20,1330000000,2012-02-13,LongTermDebtNoncurrent,2026-08-25
COST,equity,2011-11-20,11909000000,2012-02-13,StockholdersEquity,2026-08-25
COST,inventory,2011-11-20,7618000000,2012-02-13,InventoryNet,2026-08-25
COST,liabilities,2011-11-20,15557000000,2012-02-13,Liabilities,2026-08-25
COST,netIncome,2011-11-20,320000000,2012-02-13,NetIncomeLoss,2026-08-25
COST,operatingCashFlow,2011-11-20,664000000,2012-02-13,NetCashProvidedByUsedInOperatingActivities,2026-08-25
COST,operatingIncome,2011-11-20,543000000,2012-02-13,OperatingIncomeLoss,2026-08-25
COST,revenue,2011-11-20,21628000000,2012-02-13,Revenues,2026-08-25
COST,shares,2011-11-20,435254000,2012-02-13,CommonStockSharesOutstanding,2026-08-25
CPAY,assets,2011-12-31,2349169000,2012-03-25,Assets,2026-08-25
CPAY,cash,2011-12-31,285159000,2012-03-25,CashAndCashEquivalentsAtCarryingValue,2026-08-25
CPAY,debt,2011-12-31,278429000,2012-03-25,LongTermDebtNoncurrent,2026-08-25
CPAY,equity,2011-12-31,811436000,2012-03-25,StockholdersEquity,2026-08-25
CPAY,netIncome,2011-12-31,37771000,2012-03-25,NetIncomeLoss,2026-08-25
CPAY,operatingIncome,2011-12-31,54232000,2012-03-25,OperatingIncomeLoss,2026-08-25
CPAY,receivables,2011-12-31,481791000,2012-03-25,AccountsReceivableNetCurrent,2026-08-25
CPAY,revenue,2011-12-31,140160000,2012-03-25,SalesRevenueNet,2026-08-25
CPAY,shares,2011-12-31,81860213,2012-03-25,CommonStockSharesOutstanding,2026-08-25
CPRT,assets,2011-10-31,1225884000,2011-12-20,Assets,2026-08-25
CPRT,buybacks,2011-10-31,43983000,2011-12-20,PaymentsForRepurchaseOfCommonStock,2026-08-25
CPRT,capex,2011-10-31,7274000,2011-12-20,PaymentsToAcquirePropertyPlantAndEquipment,2026-08-25
CPRT,cash,2011-10-31,212677000,2011-12-20,CashAndCashEquivalentsAtCarryingValue,2026-08-25
CPRT,debt,2011-10-31,425337000,2011-12-20,LongTermDebtNoncurrent,2026-08-25
CPRT,equity,2011-10-31,554845000,2011-12-20,StockholdersEquity,2026-08-25
CPRT,liabilities,2011-10-31,671039000,2011-12-20,Liabilities,2026-08-25
CPRT,netIncome,2011-10-31,41149000,2011-12-20,NetIncomeLoss,2026-08-25
CPRT,operatingCashFlow,2011-10-31,64187000,2011-12-20,NetCashProvidedByUsedInOperatingActivitiesContinuingOperations,2026-08-25
CPRT,operatingIncome,2011-10-31,65376000,2011-12-20,OperatingIncomeLoss,2026-08-25
CPRT,receivables,2011-10-31,136284000,2011-12-20,AccountsReceivableNetCurrent,2026-08-25
CPRT,revenue,2011-10-31,225626000,2011-12-20,SalesRevenueNet,2026-08-25
CPRT,shares,2011-10-31,65054811,2011-12-20,CommonStockSharesOutstanding,2026-08-25
CPT,assets,2011-12-31,4622075000,2012-03-25,Assets,2026-08-25
CPT,cash,2011-12-31,55159000,2012-03-25,CashAndCashEquivalentsAtCarryingValue,2026-08-25
CPT,debt,2011-12-31,2432100000,2012-03-25,LongTermDebt,2026-08-25
CPT,equity,2011-12-31,1758717000,2012-03-25,StockholdersEquity,2026-08-25
CPT,liabilities,2011-12-31,2696382000,2012-03-25,Liabilities,2026-08-25
CPT,netIncome,2011-12-31,46850000,2012-03-25,NetIncomeLoss,2026-08-25
CPT,shares,2011-12-31,72000000,2012-03-25,CommonStockSharesOutstanding,2026-08-25
CRL,assets,2011-12-31,1558320000,2012-03-25,Assets,2026-08-25
CRL,cash,2011-12-31,68905000,2012-03-25,CashAndCashEquivalentsAtCarryingValue,2026-08-25
CRL,debt,2011-12-31,703170000,2012-03-25,LongTermDebtNoncurrent,2026-08-25
CRL,equity,2011-12-31,525583000,2012-03-25,StockholdersEquity,2026-08-25
CRL,inventory,2011-12-31,92969000,2012-03-25,InventoryNet,2026-08-25
CRL,liabilities,2011-12-31,1030957000,2012-03-25,Liabilities,2026-08-25
CRL,receivables,2011-12-31,184810000,2012-03-25,AccountsReceivableNetCurrent,2026-08-25
CRL,shares,2011-12-31,48875715,2012-03-25,CommonStockSharesOutstanding,2026-08-25
CRM,assets,2011-10-31,3511278000,2011-12-20,Assets,2026-08-25
CRM,capex,2011-10-31,34678000,2011-12-20,PaymentsToAcquirePropertyPlantAndEquipment,2026-08-25
CRM,cash,2011-10-31,502987000,2011-12-20,CashAndCashEquivalentsAtCarryingValue,2026-08-25
CRM,equity,2011-10-31,1498389000,2011-12-20,StockholdersEquity,2026-08-25
CRM,grossProfit,2011-10-31,455695000,2011-12-20,GrossProfit,2026-08-25
CRM,liabilities,2011-10-31,1928118000,2011-12-20,Liabilities,2026-08-25
CRM,netIncome,2011-10-31,-3756000,2011-12-20,NetIncomeLoss,2026-08-25
CRM,operatingCashFlow,2011-10-31,128709000,2011-12-20,NetCashProvidedByUsedInOperatingActivities,2026-08-25
CRM,operatingIncome,2011-10-31,-10157000,2011-12-20,OperatingIncomeLoss,2026-08-25
CRM,receivables,2011-10-31,312331000,2011-12-20,AccountsReceivableNetCurrent,2026-08-25
CRM,revenue,2011-10-31,584260000,2011-12-20,Revenues,2026-08-25
CRM,rnd,2011-10-31,76049000,2011-12-20,ResearchAndDevelopmentExpense,2026-08-25
CSCO,assets,2011-10-29,86964000000,2011-12-18,Assets,2026-08-25
CSCO,buybacks,2011-10-29,1744000000,2011-12-18,PaymentsForRepurchaseOfCommonStock,2026-08-25
CSCO,capex,2011-10-29,265000000,2011-12-18,PaymentsToAcquirePropertyPlantAndEquipment,2026-08-25
CSCO,cash,2011-10-29,4747000000,2011-12-18,CashAndCashEquivalentsAtCarryingValue,2026-08-25
CSCO,debt,2011-10-29,16264000000,2011-12-18,LongTermDebtNoncurrent,2026-08-25
CSCO,equity,2011-10-29,47188000000,2011-12-18,StockholdersEquity,2026-08-25
CSCO,grossProfit,2011-10-29,6890000000,2011-12-18,GrossProfit,2026-08-25
CSCO,inventory,2011-10-29,1622000000,2011-12-18,InventoryNet,2026-08-25
CSCO,liabilities,2011-10-29,39750000000,2011-12-18,Liabilities,2026-08-25
CSCO,netIncome,2011-10-29,1777000000,2011-12-18,NetIncomeLoss,2026-08-25
CSCO,operatingCashFlow,2011-10-29,2333000000,2011-12-18,NetCashProvidedByUsedInOperatingActivities,2026-08-25
CSCO,operatingIncome,2011-10-29,2210000000,2011-12-18,OperatingIncomeLoss,2026-08-25
CSCO,receivables,2011-10-29,4300000000,2011-12-18,AccountsReceivableNetCurrent,2026-08-25
CSCO,revenue,2011-10-29,11256000000,2011-12-18,Revenues,2026-08-25
CSCO,shares,2011-10-29,5371000000,2011-12-18,CommonStockSharesOutstanding,2026-08-25
CSGP,assets,2011-12-31,771035000,2012-03-25,Assets,2026-08-25
CSGP,cash,2011-12-31,545280000,2012-03-25,CashAndCashEquivalentsAtCarryingValue,2026-08-25
CSGP,debt,2011-12-31,0,2012-03-25,LongTermDebtNoncurrent,2026-08-25
CSGP,equity,2011-12-31,659177000,2012-03-25,StockholdersEquity,2026-08-25
CSGP,liabilities,2011-12-31,111858000,2012-03-25,Liabilities,2026-08-25
CSGP,receivables,2011-12-31,16589000,2012-03-25,AccountsReceivableNetCurrent,2026-08-25
CSGP,shares,2011-12-31,25426000,2012-03-25,CommonStockSharesOutstanding,2026-08-25
CSX,assets,2011-12-30,29491000000,2012-03-24,Assets,2026-08-25
CSX,cash,2011-12-30,783000000,2012-03-24,CashAndCashEquivalentsAtCarryingValue,2026-08-25
CSX,debt,2011-12-30,9241000000,2012-03-24,LongTermDebt,2026-08-25
CSX,liabilities,2011-12-30,20893000000,2012-03-24,Liabilities,2026-08-25
CSX,netIncome,2011-12-30,483000000,2012-03-24,NetIncomeLoss,2026-08-25
CSX,operatingIncome,2011-12-30,883000000,2012-03-24,OperatingIncomeLoss,2026-08-25
CSX,receivables,2011-12-30,1147000000,2012-03-24,AccountsReceivableNetCurrent,2026-08-25
CSX,revenue,2011-12-30,2993000000,2012-03-24,SalesRevenueNet,2026-08-25
CTAS,assets,2011-11-30,4215312000,2012-02-23,Assets,2026-08-25
CTAS,cash,2011-11-30,207772000,2012-02-23,CashAndCashEquivalentsAtCarryingValue,2026-08-25
CTAS,debt,2011-11-30,1059490000,2012-02-23,LongTermDebtNoncurrent,2026-08-25
CTAS,equity,2011-11-30,2102619000,2012-02-23,StockholdersEquity,2026-08-25
CTAS,grossProfit,2011-11-30,429797000,2012-02-23,GrossProfit,2026-08-25
CTAS,inventory,2011-11-30,287950000,2012-02-23,InventoryNet,2026-08-25
CTAS,netIncome,2011-11-30,74350000,2012-02-23,NetIncomeLoss,2026-08-25
CTAS,operatingIncome,2011-11-30,132685000,2012-02-23,OperatingIncomeLoss,2026-08-25
CTAS,receivables,2011-11-30,447350000,2012-02-23,AccountsReceivableNetCurrent,2026-08-25
CTAS,revenue,2011-11-30,1019126000,2012-02-23,Revenues,2026-08-25
CTAS,shares,2011-11-30,129732048,2012-02-23,CommonStockSharesOutstanding,2026-08-25
CTSH,assets,2011-12-31,5507933000,2012-03-25,Assets,2026-08-25
CTSH,cash,2011-12-31,1310906000,2012-03-25,CashAndCashEquivalentsAtCarryingValue,2026-08-25
CTSH,equity,2011-12-31,3952886000,2012-03-25,StockholdersEquity,2026-08-25
CTSH,liabilities,2011-12-31,1555047000,2012-03-25,Liabilities,2026-08-25
CTSH,netIncome,2011-12-31,240127000,2012-03-25,NetIncomeLoss,2026-08-25
CTSH,operatingIncome,2011-12-31,308143000,2012-03-25,OperatingIncomeLoss,2026-08-25
CTSH,receivables,2011-12-31,1179043000,2012-03-25,AccountsReceivableNetCurrent,2026-08-25
CTSH,revenue,2011-12-31,1663707000,2012-03-25,SalesRevenueNet,2026-08-25
CTSH,shares,2011-12-31,303106000,2012-03-25,CommonStockSharesOutstanding,2026-08-25
CVS,assets,2011-12-31,64852000000,2012-03-25,Assets,2026-08-25
CVS,cash,2011-12-31,1413000000,2012-03-25,CashAndCashEquivalentsAtCarryingValue,2026-08-25
CVS,debt,2011-12-31,9208000000,2012-03-25,LongTermDebtNoncurrent,2026-08-25
CVS,grossProfit,2011-12-31,5555000000,2012-03-25,GrossProfit,2026-08-25
CVS,inventory,2011-12-31,10046000000,2012-03-25,InventoryNet,2026-08-25
CVS,operatingIncome,2011-12-31,1957000000,2012-03-25,OperatingIncomeLoss,2026-08-25
CVS,receivables,2011-12-31,6047000000,2012-03-25,AccountsReceivableNetCurrent,2026-08-25
CVS,revenue,2011-12-31,28317000000,2012-03-25,Revenues,2026-08-25
CVS,shares,2011-12-31,1298000000,2012-03-25,CommonStockSharesOutstanding,2026-08-25
CVX,assets,2011-12-31,209474000000,2012-03-25,Assets,2026-08-25
CVX,cash,2011-12-31,15864000000,2012-03-25,CashAndCashEquivalentsAtCarryingValue,2026-08-25
CVX,debt,2011-12-31,9684000000,2012-03-25,LongTermDebtNoncurrent,2026-08-25
CVX,equity,2011-12-31,121382000000,2012-03-25,StockholdersEquity,2026-08-25
CVX,inventory,2011-12-31,5543000000,2012-03-25,InventoryNet,2026-08-25
CVX,liabilities,2011-12-31,87293000000,2012-03-25,Liabilities,2026-08-25
D,assets,2011-12-31,45614000000,2012-03-25,Assets,2026-08-25
D,cash,2011-12-31,102000000,2012-03-25,CashAndCashEquivalentsAtCarryingValue,2026-08-25
D,debt,2011-12-31,17394000000,2012-03-25,LongTermDebtNoncurrent,2026-08-25
D,equity,2011-12-31,11446000000,2012-03-25,StockholdersEquity,2026-08-25
D,inventory,2011-12-31,1348000000,2012-03-25,InventoryNet,2026-08-25
D,liabilities,2011-12-31,33854000000,2012-03-25,Liabilities,2026-08-25
D,netIncome,2011-12-31,201000000,2012-03-25,NetIncomeLoss,2026-08-25
D,operatingIncome,2011-12-31,340000000,2012-03-25,OperatingIncomeLoss,2026-08-25
D,receivables,2011-12-31,1780000000,2012-03-25,AccountsReceivableNetCurrent,2026-08-25
D,revenue,2011-12-31,3129000000,2012-03-25,SalesRevenueNet,2026-08-25
D,shares,2011-12-31,570000000,2012-03-25,CommonStockSharesOutstanding,2026-08-25
DAL,assets,2011-12-31,43499000000,2012-03-25,Assets,2026-08-25
DAL,cash,2011-12-31,2657000000,2012-03-25,CashAndCashEquivalentsAtCarryingValue,2026-08-25
DAL,debt,2011-12-31,11233000000,2012-03-25,LongTermDebtNoncurrent,2026-08-25
DAL,equity,2011-12-31,-1396000000,2012-03-25,StockholdersEquity,2026-08-25
DAL,netIncome,2011-12-31,425000000,2012-03-25,NetIncomeLoss,2026-08-25
DAL,operatingIncome,2011-12-31,726000000,2012-03-25,OperatingIncomeLoss,2026-08-25
DAL,revenue,2011-12-31,8399000000,2012-03-25,Revenues,2026-08-25
DE,assets,2011-10-31,48207000000,2011-12-20,Assets,2026-08-25
DE,cash,2011-10-31,3647200000,2011-12-20,CashAndCashEquivalentsAtCarryingValue,2026-08-25
DE,debt,2011-10-31,16959900000,2011-12-20,LongTermDebtNoncurrent,2026-08-25
DE,equity,2011-10-31,6800300000,2011-12-20,StockholdersEquity,2026-08-25
DE,grossProfit,2011-10-31,1977000000,2011-12-20,GrossProfit,2026-08-25
DE,inventory,2011-10-31,4370600000,2011-12-20,InventoryNet,2026-08-25
DE,liabilities,2011-10-31,41392500000,2011-12-20,Liabilities,2026-08-25
DE,netIncome,2011-10-31,670000000,2011-12-20,NetIncomeLoss,2026-08-25
DE,revenue,2011-10-31,8612000000,2011-12-20,Revenues,2026-08-25
DECK,assets,2011-12-31,1146196000,2012-03-25,Assets,2026-08-25
DECK,cash,2011-12-31,263606000,2012-03-25,CashAndCashEquivalentsAtCarryingValue,2026-08-25
DECK,equity,2011-12-31,835936000,2012-03-25,StockholdersEquity,2026-08-25
DECK,grossProfit,2011-12-31,307752000,2012-03-25,GrossProfit,2026-08-25
DECK,inventory,2011-12-31,253270000,2012-03-25,InventoryNet,2026-08-25
DECK,receivables,2011-12-31,193375000,2012-03-25,AccountsReceivableNetCurrent,2026-08-25
DECK,shares,2011-12-31,38692000,2012-03-25,CommonStockSharesOutstanding,2026-08-25
DG,assets,2011-10-28,9735882000,2011-12-17,Assets,2026-08-25
DG,cash,2011-10-28,118580000,2011-12-17,CashAndCashEquivalentsAtCarryingValue,2026-08-25
DG,equity,2011-10-28,4554012000,2011-12-17,StockholdersEquity,2026-08-25
DG,grossProfit,2011-10-28,1115802000,2011-12-17,GrossProfit,2026-08-25
DG,inventory,2011-10-28,2089722000,2011-12-17,InventoryNet,2026-08-25
DG,operatingIncome,2011-10-28,310917000,2011-12-17,OperatingIncomeLoss,2026-08-25
DGX,assets,2011-12-31,9313379000,2012-03-25,Assets,2026-08-25
DGX,cash,2011-12-31,165000000,2012-03-25,CashAndCashEquivalentsAtCarryingValue,2026-08-25
DGX,debt,2011-12-31,3939917000,2012-03-25,LongTermDebt,2026-08-25
DGX,equity,2011-12-31,3692872000,2012-03-25,StockholdersEquity,2026-08-25
DGX,grossProfit,2011-12-31,779415000,2012-03-25,GrossProfit,2026-08-25
DGX,inventory,2011-12-31,89132000,2012-03-25,InventoryNet,2026-08-25
DGX,netIncome,2011-12-31,189437000,2012-03-25,NetIncomeLoss,2026-08-25
DGX,receivables,2011-12-31,906455000,2012-03-25,AccountsReceivableNetCurrent,2026-08-25
DGX,revenue,2011-12-31,1848222000,2012-03-25,SalesRevenueNet,2026-08-25
DHI,assets,2011-12-31,5363400000,2012-03-25,Assets,2026-08-25
DHI,capex,2011-12-31,2400000,2012-03-25,PaymentsToAcquirePropertyPlantAndEquipment,2026-08-25
DHI,cash,2011-12-31,738100000,2012-03-25,CashAndCashEquivalentsAtCarryingValue,2026-08-25
DHI,equity,2011-12-31,2649400000,2012-03-25,StockholdersEquity,2026-08-25
DHI,liabilities,2011-12-31,2711100000,2012-03-25,Liabilities,2026-08-25
DHI,operatingCashFlow,2011-12-31,-1700000,2012-03-25,NetCashProvidedByUsedInOperatingActivities,2026-08-25
DHI,revenue,2011-12-31,906600000,2012-03-25,Revenues,2026-08-25
DHI,shares,2011-12-31,316737691,2012-03-25,CommonStockSharesOutstanding,2026-08-25
DHR,assets,2011-12-31,29949500000,2012-03-25,Assets,2026-08-25
DHR,cash,2011-12-31,537000000,2012-03-25,CashAndCashEquivalentsAtCarryingValue,2026-08-25
DHR,debt,2011-12-31,5206800000,2012-03-25,LongTermDebtNoncurrent,2026-08-25
DHR,equity,2011-12-31,16904800000,2012-03-25,StockholdersEquity,2026-08-25
DHR,grossProfit,2011-12-31,2327100000,2012-03-25,GrossProfit,2026-08-25
DHR,inventory,2011-12-31,1781400000,2012-03-25,InventoryNet,2026-08-25
DHR,netIncome,2011-12-31,570700000,2012-03-25,NetIncomeLoss,2026-08-25
DHR,operatingIncome,2011-12-31,779200000,2012-03-25,OperatingIncomeLoss,2026-08-25
DHR,receivables,2011-12-31,3049900000,2012-03-25,AccountsReceivableNetCurrent,2026-08-25
DHR,revenue,2011-12-31,4716600000,2012-03-25,SalesRevenueNet,2026-08-25
DHR,shares,2011-12-31,687700000,2012-03-25,CommonStockSharesOutstanding,2026-08-25
DLR,assets,2011-12-31,6098566000,2012-03-25,Assets,2026-08-25
DLR,cash,2011-12-31,40631000,2012-03-25,CashAndCashEquivalentsAtCarryingValue,2026-08-25
DLR,debt,2011-12-31,2940210000,2012-03-25,LongTermDebt,2026-08-25
DLR,equity,2011-12-31,2522917000,2012-03-25,StockholdersEquity,2026-08-25
DLR,liabilities,2011-12-31,3518155000,2012-03-25,Liabilities,2026-08-25
DLR,netIncome,2011-12-31,45716000,2012-03-25,NetIncomeLoss,2026-08-25
DLR,revenue,2011-12-31,270612000,2012-03-25,Revenues,2026-08-25
DLR,shares,2011-12-31,106039279,2012-03-25,CommonStockSharesOutstanding,2026-08-25
DLTR,assets,2011-10-29,2431200000,2011-12-18,Assets,2026-08-25
DLTR,cash,2011-10-29,280200000,2011-12-18,CashAndCashEquivalentsAtCarryingValue,2026-08-25
DLTR,debt,2011-10-29,250000000,2011-12-18,LongTermDebtNoncurrent,2026-08-25
DLTR,equity,2011-10-29,1446900000,2011-12-18,StockholdersEquity,2026-08-25
DLTR,grossProfit,2011-10-29,560600000,2011-12-18,GrossProfit,2026-08-25
DLTR,liabilities,2011-10-29,984300000,2011-12-18,Liabilities,2026-08-25
DLTR,netIncome,2011-10-29,104500000,2011-12-18,NetIncomeLoss,2026-08-25
DLTR,operatingIncome,2011-10-29,164900000,2011-12-18,OperatingIncomeLoss,2026-08-25
DLTR,shares,2011-10-29,238000000,2011-12-18,CommonStockSharesOutstanding,2026-08-25
DOC,assets,2011-12-31,17408475000,2012-03-25,Assets,2026-08-25
DOC,cash,2011-12-31,33506000,2012-03-25,CashAndCashEquivalentsAtCarryingValue,2026-08-25
DOC,debt,2011-12-31,7634634000,2012-03-25,LongTermDebt,2026-08-25
DOC,equity,2011-12-31,9033482000,2012-03-25,StockholdersEquity,2026-08-25
DOC,liabilities,2011-12-31,8187853000,2012-03-25,Liabilities,2026-08-25
DOC,netIncome,2011-12-31,67844000,2012-03-25,NetIncomeLoss,2026-08-25
DOC,revenue,2011-12-31,458281000,2012-03-25,Revenues,2026-08-25
DOC,shares,2011-12-31,408629444,2012-03-25,CommonStockSharesOutstanding,2026-08-25
DOV,assets,2011-12-31,9500552000,2012-03-25,Assets,2026-08-25
DOV,cash,2011-12-31,1206755000,2012-03-25,CashAndCashEquivalentsAtCarryingValue,2026-08-25
DOV,debt,2011-12-31,2186230000,2012-03-25,LongTermDebtNoncurrent,2026-08-25
DOV,equity,2011-12-31,4930555000,2012-03-25,StockholdersEquity,2026-08-25
DOV,grossProfit,2011-12-31,718333000,2012-03-25,GrossProfit,2026-08-25
DOV,inventory,2011-12-31,733807000,2012-03-25,InventoryNet,2026-08-25
DOV,netIncome,2011-12-31,278289000,2012-03-25,NetIncomeLoss,2026-08-25
DOV,receivables,2011-12-31,1118848000,2012-03-25,AccountsReceivableNetCurrent,2026-08-25
DOV,revenue,2011-12-31,1890962000,2012-03-25,SalesRevenueNet,2026-08-25
DRI,assets,2011-11-27,5864600000,2012-02-20,Assets,2026-08-25
DRI,cash,2011-11-27,50200000,2012-02-20,CashAndCashEquivalentsAtCarryingValue,2026-08-25
DRI,debt,2011-11-27,1453300000,2012-02-20,LongTermDebtNoncurrent,2026-08-25
DRI,equity,2011-11-27,1713900000,2012-02-20,StockholdersEquity,2026-08-25
DRI,inventory,2011-11-27,396600000,2012-02-20,InventoryNet,2026-08-25
DRI,liabilities,2011-11-27,4150700000,2012-02-20,Liabilities,2026-08-25
DRI,netIncome,2011-11-27,53700000,2012-02-20,NetIncomeLoss,2026-08-25
DRI,revenue,2011-11-27,1831500000,2012-02-20,SalesRevenueNet,2026-08-25
DTE,assets,2011-12-31,26009000000,2012-03-25,Assets,2026-08-25
DTE,cash,2011-12-31,68000000,2012-03-25,CashAndCashEquivalentsAtCarryingValue,2026-08-25
DTE,debt,2011-12-31,6405000000,2012-03-25,LongTermDebtNoncurrent,2026-08-25
DTE,equity,2011-12-31,7009000000,2012-03-25,StockholdersEquity,2026-08-25
DTE,netIncome,2011-12-31,150000000,2012-03-25,NetIncomeLoss,2026-08-25
DTE,operatingIncome,2011-12-31,346000000,2012-03-25,OperatingIncomeLoss,2026-08-25
DTE,receivables,2011-12-31,1317000000,2012-03-25,AccountsReceivableNetCurrent,2026-08-25
DTE,revenue,2011-12-31,2163000000,2012-03-25,SalesRevenueNet,2026-08-25
DTE,shares,2011-12-31,169247282,2012-03-25,CommonStockSharesOutstanding,2026-08-25
DUK,assets,2011-12-31,62526000000,2012-03-25,Assets,2026-08-25
DUK,cash,2011-12-31,2110000000,2012-03-25,CashAndCashEquivalentsAtCarryingValue,2026-08-25
DUK,debt,2011-12-31,17730000000,2012-03-25,LongTermDebtNoncurrent,2026-08-25
DUK,equity,2011-12-31,22772000000,2012-03-25,StockholdersEquity,2026-08-25
DUK,inventory,2011-12-31,1588000000,2012-03-25,InventoryNet,2026-08-25
DUK,netIncome,2011-12-31,288000000,2012-03-25,NetIncomeLoss,2026-08-25
DUK,operatingIncome,2011-12-31,517000000,2012-03-25,OperatingIncomeLoss,2026-08-25
DUK,revenue,2011-12-31,3368000000,2012-03-25,Revenues,2026-08-25
DUK,shares,2011-12-31,445000000,2012-03-25,CommonStockSharesOutstanding,2026-08-25
DVA,assets,2011-12-31,8903808000,2012-03-25,Assets,2026-08-25
DVA,cash,2011-12-31,393752000,2012-03-25,CashAndCashEquivalentsAtCarryingValue,2026-08-25
DVA,debt,2011-12-31,4417624000,2012-03-25,LongTermDebtNoncurrent,2026-08-25
DVA,equity,2011-12-31,2141075000,2012-03-25,StockholdersEquity,2026-08-25
DVA,inventory,2011-12-31,75731000,2012-03-25,InventoryNet,2026-08-25
DVA,liabilities,2011-12-31,6157467000,2012-03-25,Liabilities,2026-08-25
DVA,netIncome,2011-12-31,148123000,2012-03-25,NetIncomeLoss,2026-08-25
DVA,operatingIncome,2011-12-31,329734000,2012-03-25,OperatingIncomeLoss,2026-08-25
DVA,receivables,2011-12-31,1195163000,2012-03-25,AccountsReceivableNetCurrent,2026-08-25
DVA,shares,2011-12-31,93641363,2012-03-25,CommonStockSharesOutstanding,2026-08-25
DVN,assets,2011-12-31,40964000000,2012-03-25,Assets,2026-08-25
DVN,cash,2011-12-31,5555000000,2012-03-25,CashAndCashEquivalentsAtCarryingValue,2026-08-25
DVN,debt,2011-12-31,5969000000,2012-03-25,LongTermDebtNoncurrent,2026-08-25
DVN,equity,2011-12-31,21430000000,2012-03-25,StockholdersEquity,2026-08-25
DVN,inventory,2011-12-31,102000000,2012-03-25,InventoryNet,2026-08-25
DVN,netIncome,2011-12-31,507000000,2012-03-25,NetIncomeLoss,2026-08-25
DVN,receivables,2011-12-31,1379000000,2012-03-25,AccountsReceivableNetCurrent,2026-08-25
DVN,revenue,2011-12-31,2585000000,2012-03-25,Revenues,2026-08-25
DXCM,assets,2011-12-31,120500000,2012-03-25,Assets,2026-08-25
DXCM,cash,2011-12-31,2600000,2012-03-25,CashAndCashEquivalentsAtCarryingValue,2026-08-25
DXCM,grossProfit,2011-12-31,10700000,2012-03-25,GrossProfit,2026-08-25
DXCM,inventory,2011-12-31,8200000,2012-03-25,InventoryNet,2026-08-25
DXCM,liabilities,2011-12-31,16000000,2012-03-25,Liabilities,2026-08-25
DXCM,netIncome,2011-12-31,-12200000,2012-03-25,NetIncomeLoss,2026-08-25
DXCM,revenue,2011-12-31,22400000,2012-03-25,Revenues,2026-08-25
DXCM,shares,2011-12-31,67500000,2012-03-25,CommonStockSharesOutstanding,2026-08-25
EBAY,assets,2011-12-31,27320000000,2012-03-25,Assets,2026-08-25
EBAY,cash,2011-12-31,4691000000,2012-03-25,CashAndCashEquivalentsAtCarryingValue,2026-08-25
EBAY,debt,2011-12-31,1525000000,2012-03-25,LongTermDebtNoncurrent,2026-08-25
EBAY,equity,2011-12-31,17930000000,2012-03-25,StockholdersEquity,2026-08-25
EBAY,grossProfit,2011-12-31,2346000000,2012-03-25,GrossProfit,2026-08-25
EBAY,liabilities,2011-12-31,9390000000,2012-03-25,Liabilities,2026-08-25
EBAY,netIncome,2011-12-31,1980000000,2012-03-25,NetIncomeLoss,2026-08-25
EBAY,receivables,2011-12-31,682000000,2012-03-25,AccountsReceivableNetCurrent,2026-08-25
EBAY,revenue,2011-12-31,3380000000,2012-03-25,SalesRevenueNet,2026-08-25
EBAY,shares,2011-12-31,1286000000,2012-03-25,CommonStockSharesOutstanding,2026-08-25
ECHO,assets,2011-12-31,6543737000,2012-03-25,Assets,2026-08-25
ECHO,cash,2011-12-31,614035000,2012-03-25,CashAndCashEquivalentsAtCarryingValue,2026-08-25
ECHO,equity,2011-12-31,3042516000,2012-03-25,StockholdersEquity,2026-08-25
ECHO,inventory,2011-12-31,68707000,2012-03-25,InventoryNet,2026-08-25
ECHO,liabilities,2011-12-31,3492111000,2012-03-25,Liabilities,2026-08-25
ECHO,operatingIncome,2011-12-31,1903000,2012-03-25,OperatingIncomeLoss,2026-08-25
ECHO,receivables,2011-12-31,212960000,2012-03-25,AccountsReceivableNetCurrent,2026-08-25
ECHO,revenue,2011-12-31,834209000,2012-03-25,SalesRevenueNet,2026-08-25
ECL,assets,2011-12-31,18184700000,2012-03-25,Assets,2026-08-25
ECL,cash,2011-12-31,1843600000,2012-03-25,CashAndCashEquivalentsAtCarryingValue,2026-08-25
ECL,debt,2011-12-31,6613200000,2012-03-25,LongTermDebtNoncurrent,2026-08-25
ECL,equity,2011-12-31,5666700000,2012-03-25,StockholdersEquity,2026-08-25
ECL,inventory,2011-12-31,1069600000,2012-03-25,InventoryNet,2026-08-25
ECL,liabilities,2011-12-31,12443600000,2012-03-25,Liabilities,2026-08-25
ECL,operatingIncome,2011-12-31,164200000,2012-03-25,OperatingIncomeLoss,2026-08-25
ECL,receivables,2011-12-31,2095300000,2012-03-25,AccountsReceivableNetCurrent,2026-08-25
ECL,revenue,2011-12-31,1845300000,2012-03-25,SalesRevenueNet,2026-08-25
ECL,shares,2011-12-31,292000000,2012-03-25,CommonStockSharesOutstanding,2026-08-25
ED,assets,2011-12-31,39214000000,2012-03-25,Assets,2026-08-25
ED,cash,2011-12-31,648000000,2012-03-25,CashAndCashEquivalentsAtCarryingValue,2026-08-25
ED,debt,2011-12-31,10143000000,2012-03-25,LongTermDebtNoncurrent,2026-08-25
ED,equity,2011-12-31,11649000000,2012-03-25,StockholdersEquity,2026-08-25
ED,receivables,2011-12-31,1123000000,2012-03-25,AccountsReceivableNetCurrent,2026-08-25
ED,shares,2011-12-31,21976200,2012-03-25,CommonStockSharesOutstanding,2026-08-25
EFX,assets,2011-12-31,3518700000,2012-03-25,Assets,2026-08-25
EFX,cash,2011-12-31,127700000,2012-03-25,CashAndCashEquivalentsAtCarryingValue,2026-08-25
EFX,debt,2011-12-31,966000000,2012-03-25,LongTermDebtNoncurrent,2026-08-25
EFX,equity,2011-12-31,1702400000,2012-03-25,StockholdersEquity,2026-08-25
EFX,liabilities,2011-12-31,1796600000,2012-03-25,Liabilities,2026-08-25
EFX,netIncome,2011-12-31,74400000,2012-03-25,NetIncomeLoss,2026-08-25
EFX,operatingIncome,2011-12-31,124300000,2012-03-25,OperatingIncomeLoss,2026-08-25
EFX,receivables,2011-12-31,284400000,2012-03-25,AccountsReceivableNetCurrent,2026-08-25
EFX,shares,2011-12-31,119600000,2012-03-25,CommonStockSharesOutstanding,2026-08-25
EG,assets,2011-12-31,18893555000,2012-03-25,Assets,2026-08-25
EG,cash,2011-12-31,448651000,2012-03-25,CashAndCashEquivalentsAtCarryingValue,2026-08-25
EG,equity,2011-12-31,6071375000,2012-03-25,StockholdersEquity,2026-08-25
EG,liabilities,2011-12-31,12822180000,2012-03-25,Liabilities,2026-08-25
EG,netIncome,2011-12-31,41042000,2012-03-25,NetIncomeLoss,2026-08-25
EG,shares,2011-12-31,66455000,2012-03-25,CommonStockSharesOutstanding,2026-08-25
EIX,assets,2011-12-31,48039000000,2012-03-25,Assets,2026-08-25
EIX,cash,2011-12-31,1469000000,2012-03-25,CashAndCashEquivalentsAtCarryingValue,2026-08-25
EIX,debt,2011-12-31,8834000000,2012-03-25,LongTermDebtNoncurrent,2026-08-25
EIX,inventory,2011-12-31,350000000,2012-03-25,InventoryNet,2026-08-25
EIX,liabilities,2011-12-31,36953000000,2012-03-25,Liabilities,2026-08-25
EIX,netIncome,2011-12-31,-839000000,2012-03-25,NetIncomeLoss,2026-08-25
EIX,operatingIncome,2011-12-31,440000000,2012-03-25,OperatingIncomeLoss,2026-08-25
EIX,revenue,2011-12-31,2517000000,2012-03-25,Revenues,2026-08-25
EIX,shares,2011-12-31,325811206,2012-03-25,CommonStockSharesOutstanding,2026-08-25
EL,assets,2011-12-31,6342200000,2012-03-25,Assets,2026-08-25
EL,cash,2011-12-31,999100000,2012-03-25,CashAndCashEquivalentsAtCarryingValue,2026-08-25
EL,debt,2011-12-31,1068700000,2012-03-25,LongTermDebtNoncurrent,2026-08-25
EL,equity,2011-12-31,2625900000,2012-03-25,StockholdersEquity,2026-08-25
EL,grossProfit,2011-12-31,2186500000,2012-03-25,GrossProfit,2026-08-25
EL,inventory,2011-12-31,898900000,2012-03-25,InventoryNet,2026-08-25
EL,netIncome,2011-12-31,396700000,2012-03-25,NetIncomeLoss,2026-08-25
EL,operatingIncome,2011-12-31,597000000,2012-03-25,OperatingIncomeLoss,2026-08-25
EL,receivables,2011-12-31,1383700000,2012-03-25,AccountsReceivableNetCurrent,2026-08-25
EL,revenue,2011-12-31,2737500000,2012-03-25,SalesRevenueNet,2026-08-25
ELV,assets,2011-12-31,52163200000,2012-03-25,Assets,2026-08-25
ELV,cash,2011-12-31,2201600000,2012-03-25,CashAndCashEquivalentsAtCarryingValue,2026-08-25
ELV,debt,2011-12-31,8465700000,2012-03-25,LongTermDebtNoncurrent,2026-08-25
ELV,equity,2011-12-31,23288200000,2012-03-25,StockholdersEquity,2026-08-25
ELV,liabilities,2011-12-31,28875000000,2012-03-25,Liabilities,2026-08-25
ELV,netIncome,2011-12-31,335300000,2012-03-25,NetIncomeLoss,2026-08-25
ELV,revenue,2011-12-31,15317700000,2012-03-25,Revenues,2026-08-25
ELV,shares,2011-12-31,339372680,2012-03-25,CommonStockSharesOutstanding,2026-08-25
EME,assets,2011-12-31,3014054000,2012-03-25,Assets,2026-08-25
EME,cash,2011-12-31,511322000,2012-03-25,CashAndCashEquivalentsAtCarryingValue,2026-08-25
EME,equity,2011-12-31,1234734000,2012-03-25,StockholdersEquity,2026-08-25
EME,grossProfit,2011-12-31,214317000,2012-03-25,GrossProfit,2026-08-25
EME,liabilities,2011-12-31,1768945000,2012-03-25,Liabilities,2026-08-25
EME,netIncome,2011-12-31,36665000,2012-03-25,NetIncomeLoss,2026-08-25
EME,receivables,2011-12-31,1187832000,2012-03-25,AccountsReceivableNetCurrent,2026-08-25
EME,revenue,2011-12-31,1517962000,2012-03-25,SalesRevenueNet,2026-08-25
EME,shares,2011-12-31,66444400,2012-03-25,CommonStockSharesOutstanding,2026-08-25
EMR,assets,2011-12-31,23444000000,2012-03-25,Assets,2026-08-25
EMR,buybacks,2011-12-31,244000000,2012-03-25,PaymentsForRepurchaseOfCommonStock,2026-08-25
EMR,capex,2011-12-31,130000000,2012-03-25,PaymentsToAcquirePropertyPlantAndEquipment,2026-08-25
EMR,cash,2011-12-31,2076000000,2012-03-25,CashAndCashEquivalentsAtCarryingValue,2026-08-25
EMR,debt,2011-12-31,4041000000,2012-03-25,LongTermDebtNoncurrent,2026-08-25
EMR,equity,2011-12-31,10190000000,2012-03-25,StockholdersEquity,2026-08-25
EMR,grossProfit,2011-12-31,2055000000,2012-03-25,GrossProfit,2026-08-25
EMR,inventory,2011-12-31,2317000000,2012-03-25,InventoryNet,2026-08-25
EMR,netIncome,2011-12-31,371000000,2012-03-25,NetIncomeLoss,2026-08-25
EMR,operatingCashFlow,2011-12-31,334000000,2012-03-25,NetCashProvidedByUsedInOperatingActivities,2026-08-25
EMR,receivables,2011-12-31,4040000000,2012-03-25,AccountsReceivableNetCurrent,2026-08-25
EMR,revenue,2011-12-31,5309000000,2012-03-25,SalesRevenueNet,2026-08-25
EMR,shares,2011-12-31,734739727,2012-03-25,CommonStockSharesOutstanding,2026-08-25
EOG,assets,2011-12-31,24838797000,2012-03-25,Assets,2026-08-25
EOG,cash,2011-12-31,615726000,2012-03-25,CashAndCashEquivalentsAtCarryingValue,2026-08-25
EOG,debt,2011-12-31,5009166000,2012-03-25,LongTermDebtNoncurrent,2026-08-25
EOG,receivables,2011-12-31,1451227000,2012-03-25,AccountsReceivableNetCurrent,2026-08-25
EOG,shares,2011-12-31,269019000,2012-03-25,CommonStockSharesOutstanding,2026-08-25
EQIX,assets,2011-12-31,5785324000,2012-03-25,Assets,2026-08-25
EQIX,cash,2011-12-31,278823000,2012-03-25,CashAndCashEquivalentsAtCarryingValue,2026-08-25
EQIX,debt,2011-12-31,2697319000,2012-03-25,LongTermDebt,2026-08-25
EQIX,equity,2011-12-31,1936151000,2012-03-25,StockholdersEquity,2026-08-25
EQIX,grossProfit,2011-12-31,200845000,2012-03-25,GrossProfit,2026-08-25
EQIX,liabilities,2011-12-31,3765511000,2012-03-25,Liabilities,2026-08-25
EQIX,netIncome,2011-12-31,17810000,2012-03-25,NetIncomeLoss,2026-08-25
EQIX,receivables,2011-12-31,139057000,2012-03-25,AccountsReceivableNetCurrent,2026-08-25
EQIX,revenue,2011-12-31,422116000,2012-03-25,SalesRevenueNet,2026-08-25
EQIX,shares,2011-12-31,46671199,2012-03-25,CommonStockSharesOutstanding,2026-08-25
EQT,assets,2011-12-31,8772719000,2012-03-25,Assets,2026-08-25
EQT,cash,2011-12-31,831251000,2012-03-25,CashAndCashEquivalentsAtCarryingValue,2026-08-25
EQT,debt,2011-12-31,2527627000,2012-03-25,LongTermDebtNoncurrent,2026-08-25
EQT,equity,2011-12-31,3593830000,2012-03-25,StockholdersEquity,2026-08-25
EQT,liabilities,2011-12-31,5178889000,2012-03-25,Liabilities,2026-08-25
EQT,operatingIncome,2011-12-31,172753000,2012-03-25,OperatingIncomeLoss,2026-08-25
EQT,receivables,2011-12-31,153321000,2012-03-25,AccountsReceivableNetCurrent,2026-08-25
ERIE,assets,2011-12-31,14348000000,2012-03-25,Assets,2026-08-25
ERIE,cash,2011-12-31,185000000,2012-03-25,CashAndCashEquivalentsAtCarryingValue,2026-08-25
ERIE,equity,2011-12-31,781000000,2012-03-25,StockholdersEquity,2026-08-25
ERIE,liabilities,2011-12-31,8055000000,2012-03-25,Liabilities,2026-08-25
ERIE,netIncome,2011-12-31,26000000,2012-03-25,NetIncomeLoss,2026-08-25
ERIE,revenue,2011-12-31,1418000000,2012-03-25,Revenues,2026-08-25
ES,assets,2011-12-31,15647066000,2012-03-25,Assets,2026-08-25
ES,debt,2011-12-31,4614913000,2012-03-25,LongTermDebtNoncurrent,2026-08-25
ES,equity,2011-12-31,4012670000,2012-03-25,StockholdersEquity,2026-08-25
ES,netIncome,2011-12-31,114800000,2012-03-25,NetIncomeLoss,2026-08-25
ES,operatingIncome,2011-12-31,184900000,2012-03-25,OperatingIncomeLoss,2026-08-25
ES,receivables,2011-12-31,488002000,2012-03-25,AccountsReceivableNetCurrent,2026-08-25
ES,revenue,2011-12-31,1068000000,2012-03-25,Revenues,2026-08-25
ESS,assets,2011-12-31,4036964000,2012-03-25,Assets,2026-08-25
ESS,cash,2011-12-31,12889000,2012-03-25,CashAndCashEquivalentsAtCarryingValue,2026-08-25
ESS,debt,2011-12-31,1745858000,2012-03-25,LongTermDebt,2026-08-25
ESS,equity,2011-12-31,1437527000,2012-03-25,StockholdersEquity,2026-08-25
ESS,liabilities,2011-12-31,2478887000,2012-03-25,Liabilities,2026-08-25
ESS,shares,2011-12-31,33888082,2012-03-25,CommonStockSharesOutstanding,2026-08-25
ETN,assets,2011-12-31,17873000000,2012-03-25,Assets,2026-08-25
ETN,cash,2011-12-31,385000000,2012-03-25,CashAndCashEquivalentsAtCarryingValue,2026-08-25
ETN,debt,2011-12-31,3366000000,2012-03-25,LongTermDebtNoncurrent,2026-08-25
ETN,equity,2011-12-31,7469000000,2012-03-25,StockholdersEquity,2026-08-25
ETN,inventory,2011-12-31,1701000000,2012-03-25,InventoryNet,2026-08-25
ETN,shares,2011-12-31,334400000,2012-03-25,CommonStockSharesOutstanding,2026-08-25
ETR,assets,2011-12-31,40701699000,2012-03-25,Assets,2026-08-25
ETR,cash,2011-12-31,694438000,2012-03-25,CashAndCashEquivalentsAtCarryingValue,2026-08-25
ETR,debt,2011-12-31,10043713000,2012-03-25,LongTermDebtNoncurrent,2026-08-25
ETR,equity,2011-12-31,8961270000,2012-03-25,StockholdersEquity,2026-08-25
ETR,netIncome,2011-12-31,154139000,2012-03-25,NetIncomeLoss,2026-08-25
ETR,operatingIncome,2011-12-31,342696000,2012-03-25,OperatingIncomeLoss,2026-08-25
ETR,receivables,2011-12-31,1001868000,2012-03-25,AccountsReceivableNetCurrent,2026-08-25
EW,assets,2011-12-31,1980500000,2012-03-25,Assets,2026-08-25
EW,cash,2011-12-31,171200000,2012-03-25,CashAndCashEquivalentsAtCarryingValue,2026-08-25
EW,equity,2011-12-31,1327400000,2012-03-25,StockholdersEquity,2026-08-25
EW,grossProfit,2011-12-31,310600000,2012-03-25,GrossProfit,2026-08-25
EW,inventory,2011-12-31,261300000,2012-03-25,InventoryNet,2026-08-25
EW,receivables,2011-12-31,283800000,2012-03-25,AccountsReceivableNetCurrent,2026-08-25
EW,revenue,2011-12-31,430200000,2012-03-25,SalesRevenueNet,2026-08-25
EW,shares,2011-12-31,114100000,2012-03-25,CommonStockSharesOutstanding,2026-08-25
EXC,assets,2011-12-31,54995000000,2012-03-25,Assets,2026-08-25
EXC,cash,2011-12-31,1016000000,2012-03-25,CashAndCashEquivalentsAtCarryingValue,2026-08-25
EXC,debt,2011-12-31,11799000000,2012-03-25,LongTermDebtNoncurrent,2026-08-25
EXC,equity,2011-12-31,14385000000,2012-03-25,StockholdersEquity,2026-08-25
EXC,liabilities,2011-12-31,40520000000,2012-03-25,Liabilities,2026-08-25
EXC,netIncome,2011-12-31,606000000,2012-03-25,NetIncomeLoss,2026-08-25
EXC,operatingIncome,2011-12-31,1062000000,2012-03-25,OperatingIncomeLoss,2026-08-25
EXC,receivables,2011-12-31,1613000000,2012-03-25,AccountsReceivableNetCurrent,2026-08-25
EXC,revenue,2011-12-31,4357000000,2012-03-25,Revenues,2026-08-25
EXC,shares,2011-12-31,663368958,2012-03-25,CommonStockSharesOutstanding,2026-08-25
EXE,assets,2011-12-31,41835000000,2012-03-25,Assets,2026-08-25
EXE,cash,2011-12-31,351000000,2012-03-25,CashAndCashEquivalentsAtCarryingValue,2026-08-25
EXE,debt,2011-12-31,10626000000,2012-03-25,LongTermDebtNoncurrent,2026-08-25
EXE,equity,2011-12-31,16624000000,2012-03-25,StockholdersEquity,2026-08-25
EXE,grossProfit,2011-12-31,737000000,2012-03-25,GrossProfit,2026-08-25
EXE,netIncome,2011-12-31,472000000,2012-03-25,NetIncomeLoss,2026-08-25
EXE,receivables,2011-12-31,2505000000,2012-03-25,AccountsReceivableNetCurrent,2026-08-25
EXE,revenue,2011-12-31,2728000000,2012-03-25,Revenues,2026-08-25
EXPD,assets,2011-12-31,2866827000,2012-03-25,Assets,2026-08-25
EXPD,cash,2011-12-31,1294356000,2012-03-25,CashAndCashEquivalentsAtCarryingValue,2026-08-25
EXPD,equity,2011-12-31,2003638000,2012-03-25,StockholdersEquity,2026-08-25
EXPD,grossProfit,2011-12-31,476155000,2012-03-25,GrossProfit,2026-08-25
EXPD,netIncome,2011-12-31,92843000,2012-03-25,NetIncomeLoss,2026-08-25
EXPD,receivables,2011-12-31,934752000,2012-03-25,AccountsReceivableNetCurrent,2026-08-25
EXPD,revenue,2011-12-31,1501914000,2012-03-25,Revenues,2026-08-25
EXPD,shares,2011-12-31,212003662,2012-03-25,CommonStockSharesOutstanding,2026-08-25
EXPE,assets,2011-12-31,6505258000,2012-03-25,Assets,2026-08-25
EXPE,cash,2011-12-31,689134000,2012-03-25,CashAndCashEquivalentsAtCarryingValue,2026-08-25
EXPE,debt,2011-12-31,1249281000,2012-03-25,LongTermDebtNoncurrent,2026-08-25
EXPE,equity,2011-12-31,2199864000,2012-03-25,StockholdersEquity,2026-08-25
EXPE,netIncome,2011-12-31,70328000,2012-03-25,NetIncomeLoss,2026-08-25
EXPE,operatingIncome,2011-12-31,91645000,2012-03-25,OperatingIncomeLoss,2026-08-25
EXPE,receivables,2011-12-31,339427000,2012-03-25,AccountsReceivableNetCurrent,2026-08-25
EXPE,revenue,2011-12-31,787133000,2012-03-25,SalesRevenueNet,2026-08-25
EXR,assets,2011-12-31,2517524000,2012-03-25,Assets,2026-08-25
EXR,cash,2011-12-31,26484000,2012-03-25,CashAndCashEquivalentsAtCarryingValue,2026-08-25
EXR,equity,2011-12-31,1018947000,2012-03-25,StockholdersEquity,2026-08-25
EXR,liabilities,2011-12-31,1443763000,2012-03-25,Liabilities,2026-08-25
EXR,operatingIncome,2011-12-31,34379000,2012-03-25,OperatingIncomeLoss,2026-08-25
EXR,shares,2011-12-31,94783590,2012-03-25,CommonStockSharesOutstanding,2026-08-25
F,assets,2011-12-31,177386000000,2012-03-25,Assets,2026-08-25
F,cash,2011-12-31,17148000000,2012-03-25,CashAndCashEquivalentsAtCarryingValue,2026-08-25
F,equity,2011-12-31,14778000000,2012-03-25,StockholdersEquity,2026-08-25
F,inventory,2011-12-31,5901000000,2012-03-25,InventoryNet,2026-08-25
F,liabilities,2011-12-31,163277000000,2012-03-25,Liabilities,2026-08-25
F,netIncome,2011-12-31,13615000000,2012-03-25,NetIncomeLoss,2026-08-25
FANG,assets,2011-12-31,263578000,2012-03-25,Assets,2026-08-25
FANG,cash,2011-12-31,6959000,2012-03-25,CashAndCashEquivalentsAtCarryingValue,2026-08-25
FANG,inventory,2011-12-31,6007000,2012-03-25,InventoryNet,2026-08-25
FANG,liabilities,2011-12-31,134541000,2012-03-25,Liabilities,2026-08-25
FANG,netIncome,2011-12-31,-8868000,2012-03-25,NetIncomeLoss,2026-08-25
FANG,operatingIncome,2011-12-31,4824000,2012-03-25,OperatingIncomeLoss,2026-08-25
FANG,shares,2011-12-31,0,2012-03-25,CommonStockSharesOutstanding,2026-08-25
FAST,assets,2011-12-31,1684948000,2012-03-25,Assets,2026-08-25
FAST,cash,2011-12-31,117676000,2012-03-25,CashAndCashEquivalentsAtCarryingValue,2026-08-25
FAST,equity,2011-12-31,1458976000,2012-03-25,StockholdersEquity,2026-08-25
FAST,grossProfit,2011-12-31,357178000,2012-03-25,GrossProfit,2026-08-25
FAST,inventory,2011-12-31,646152000,2012-03-25,InventoryNet,2026-08-25
FAST,netIncome,2011-12-31,87472000,2012-03-25,NetIncomeLoss,2026-08-25
FAST,receivables,2011-12-31,338594000,2012-03-25,AccountsReceivableNetCurrent,2026-08-25
FAST,revenue,2011-12-31,697804000,2012-03-25,SalesRevenueNet,2026-08-25
FAST,shares,2011-12-31,295258674,2012-03-25,CommonStockSharesOutstanding,2026-08-25
FCX,assets,2011-12-31,32070000000,2012-03-25,Assets,2026-08-25
FCX,cash,2011-12-31,4822000000,2012-03-25,CashAndCashEquivalentsAtCarryingValue,2026-08-25
FCX,debt,2011-12-31,3533000000,2012-03-25,LongTermDebtNoncurrent,2026-08-25
FCX,equity,2011-12-31,15642000000,2012-03-25,StockholdersEquity,2026-08-25
FCX,liabilities,2011-12-31,13517000000,2012-03-25,Liabilities,2026-08-25
FCX,operatingIncome,2011-12-31,1297000000,2012-03-25,OperatingIncomeLoss,2026-08-25
FCX,receivables,2011-12-31,892000000,2012-03-25,AccountsReceivableNetCurrent,2026-08-25
FCX,shares,2011-12-31,945000000,2012-03-25,CommonStockSharesOutstanding,2026-08-25
FDS,assets,2011-11-30,663506000,2012-02-23,Assets,2026-08-25
FDS,buybacks,2011-11-30,14732000,2012-02-23,PaymentsForRepurchaseOfCommonStock,2026-08-25
FDS,capex,2011-11-30,6054000,2012-02-23,PaymentsToAcquirePropertyPlantAndEquipment,2026-08-25
FDS,cash,2011-11-30,193754000,2012-02-23,CashAndCashEquivalentsAtCarryingValue,2026-08-25
FDS,equity,2011-11-30,536365000,2012-02-23,StockholdersEquity,2026-08-25
FDS,liabilities,2011-11-30,127141000,2012-02-23,Liabilities,2026-08-25
FDS,netIncome,2011-11-30,45544000,2012-02-23,NetIncomeLoss,2026-08-25
FDS,operatingCashFlow,2011-11-30,54754000,2012-02-23,NetCashProvidedByUsedInOperatingActivities,2026-08-25
FDS,operatingIncome,2011-11-30,66753000,2012-02-23,OperatingIncomeLoss,2026-08-25
FDS,receivables,2011-11-30,64833000,2012-02-23,AccountsReceivableNetCurrent,2026-08-25
FDS,revenue,2011-11-30,196448000,2012-02-23,Revenues,2026-08-25
FDS,shares,2011-11-30,45114000,2012-02-23,CommonStockSharesOutstanding,2026-08-25
FDX,assets,2011-11-30,28452000000,2012-02-23,Assets,2026-08-25
FDX,cash,2011-11-30,1896000000,2012-02-23,CashAndCashEquivalentsAtCarryingValue,2026-08-25
FDX,equity,2011-11-30,15917000000,2012-02-23,StockholdersEquity,2026-08-25
FDX,netIncome,2011-11-30,497000000,2012-02-23,NetIncomeLoss,2026-08-25
FDX,operatingIncome,2011-11-30,780000000,2012-02-23,OperatingIncomeLoss,2026-08-25
FDX,revenue,2011-11-30,10587000000,2012-02-23,Revenues,2026-08-25
FE,assets,2011-12-31,47410000000,2012-03-25,Assets,2026-08-25
FE,cash,2011-12-31,202000000,2012-03-25,CashAndCashEquivalentsAtCarryingValue,2026-08-25
FE,equity,2011-12-31,13280000000,2012-03-25,StockholdersEquity,2026-08-25
FE,inventory,2011-12-31,811000000,2012-03-25,InventoryNet,2026-08-25
FE,netIncome,2011-12-31,98000000,2012-03-25,NetIncomeLoss,2026-08-25
FE,operatingIncome,2011-12-31,-230000000,2012-03-25,OperatingIncomeLoss,2026-08-25
FE,receivables,2011-12-31,1525000000,2012-03-25,AccountsReceivableNetCurrent,2026-08-25
FE,shares,2011-12-31,418216437,2012-03-25,CommonStockSharesOutstanding,2026-08-25
FFIV,assets,2011-12-31,1698689000,2012-03-25,Assets,2026-08-25
FFIV,buybacks,2011-12-31,34473000,2012-03-25,PaymentsForRepurchaseOfCommonStock,2026-08-25
FFIV,capex,2011-12-31,5857000,2012-03-25,PaymentsToAcquirePropertyPlantAndEquipment,2026-08-25
FFIV,cash,2011-12-31,257488000,2012-03-25,CashAndCashEquivalentsAtCarryingValue,2026-08-25
FFIV,grossProfit,2011-12-31,266826000,2012-03-25,GrossProfit,2026-08-25
FFIV,inventory,2011-12-31,17493000,2012-03-25,InventoryNet,2026-08-25
FFIV,netIncome,2011-12-31,66492000,2012-03-25,NetIncomeLoss,2026-08-25
FFIV,operatingCashFlow,2011-12-31,131879000,2012-03-25,NetCashProvidedByUsedInOperatingActivities,2026-08-25
FFIV,operatingIncome,2011-12-31,99789000,2012-03-25,OperatingIncomeLoss,2026-08-25
FFIV,receivables,2011-12-31,187862000,2012-03-25,AccountsReceivableNetCurrent,2026-08-25
FFIV,revenue,2011-12-31,322432000,2012-03-25,SalesRevenueNet,2026-08-25
FFIV,rnd,2011-12-31,39122000,2012-03-25,ResearchAndDevelopmentExpense,2026-08-25
FFIV,shares,2011-12-31,79169000,2012-03-25,CommonStockSharesOutstanding,2026-08-25
FICO,assets,2011-12-31,1125680000,2012-03-25,Assets,2026-08-25
FICO,buybacks,2011-12-31,57685000,2012-03-25,PaymentsForRepurchaseOfCommonStock,2026-08-25
FICO,capex,2011-12-31,7757000,2012-03-25,PaymentsToAcquirePropertyPlantAndEquipment,2026-08-25
FICO,cash,2011-12-31,175375000,2012-03-25,CashAndCashEquivalentsAtCarryingValue,2026-08-25
FICO,equity,2011-12-31,462258000,2012-03-25,StockholdersEquity,2026-08-25
FICO,grossProfit,2011-12-31,124375000,2012-03-25,GrossProfit,2026-08-25
FICO,liabilities,2011-12-31,663422000,2012-03-25,Liabilities,2026-08-25
FICO,netIncome,2011-12-31,29997000,2012-03-25,NetIncomeLoss,2026-08-25
FICO,operatingCashFlow,2011-12-31,41149000,2012-03-25,NetCashProvidedByUsedInOperatingActivities,2026-08-25
FICO,operatingIncome,2011-12-31,52072000,2012-03-25,OperatingIncomeLoss,2026-08-25
FICO,receivables,2011-12-31,117301000,2012-03-25,AccountsReceivableNetCurrent,2026-08-25
FICO,revenue,2011-12-31,170349000,2012-03-25,SalesRevenueNet,2026-08-25
FICO,rnd,2011-12-31,13049000,2012-03-25,ResearchAndDevelopmentExpense,2026-08-25
FICO,shares,2011-12-31,35993000,2012-03-25,CommonStockSharesOutstanding,2026-08-25
FIS,assets,2011-12-31,13873200000,2012-03-25,Assets,2026-08-25
FIS,cash,2011-12-31,415500000,2012-03-25,CashAndCashEquivalentsAtCarryingValue,2026-08-25
FIS,debt,2011-12-31,4550600000,2012-03-25,LongTermDebtNoncurrent,2026-08-25
FIS,equity,2011-12-31,6503000000,2012-03-25,StockholdersEquity,2026-08-25
FIS,liabilities,2011-12-31,7222000000,2012-03-25,Liabilities,2026-08-25
FIS,receivables,2011-12-31,858500000,2012-03-25,AccountsReceivableNetCurrent,2026-08-25
FISV,assets,2011-12-31,8548000000,2012-03-25,Assets,2026-08-25
FISV,cash,2011-12-31,337000000,2012-03-25,CashAndCashEquivalentsAtCarryingValue,2026-08-25
FISV,debt,2011-12-31,3216000000,2012-03-25,LongTermDebtNoncurrent,2026-08-25
FISV,equity,2011-12-31,3258000000,2012-03-25,StockholdersEquity,2026-08-25
FISV,liabilities,2011-12-31,5290000000,2012-03-25,Liabilities,2026-08-25
FISV,netIncome,2011-12-31,143000000,2012-03-25,NetIncomeLoss,2026-08-25
FISV,operatingIncome,2011-12-31,281000000,2012-03-25,OperatingIncomeLoss,2026-08-25
FISV,receivables,2011-12-31,666000000,2012-03-25,AccountsReceivableNetCurrent,2026-08-25
FISV,revenue,2011-12-31,1161000000,2012-03-25,Revenues,2026-08-25
FITB,assets,2011-12-31,116967000000,2012-03-25,Assets,2026-08-25
FITB,debt,2011-12-31,9682000000,2012-03-25,LongTermDebt,2026-08-25
FITB,equity,2011-12-31,13201000000,2012-03-25,StockholdersEquity,2026-08-25
FITB,liabilities,2011-12-31,103716000000,2012-03-25,Liabilities,2026-08-25
FITB,shares,2011-12-31,919804436,2012-03-25,CommonStockSharesOutstanding,2026-08-25
FIX,assets,2011-12-31,593980000,2012-03-25,Assets,2026-08-25
FIX,cash,2011-12-31,51237000,2012-03-25,CashAndCashEquivalentsAtCarryingValue,2026-08-25
FIX,debt,2011-12-31,2400000,2012-03-25,LongTermDebtNoncurrent,2026-08-25
FIX,equity,2011-12-31,264591000,2012-03-25,StockholdersEquity,2026-08-25
FIX,grossProfit,2011-12-31,50465000,2012-03-25,GrossProfit,2026-08-25
FIX,inventory,2011-12-31,10349000,2012-03-25,InventoryNet,2026-08-25
FIX,liabilities,2011-12-31,310874000,2012-03-25,Liabilities,2026-08-25
FIX,operatingCashFlow,2011-12-31,51645000,2012-03-25,NetCashProvidedByUsedInOperatingActivities,2026-08-25
FIX,operatingIncome,2011-12-31,4745000,2012-03-25,OperatingIncomeLoss,2026-08-25
FIX,receivables,2011-12-31,260145000,2012-03-25,AccountsReceivableNetCurrent,2026-08-25
FIX,revenue,2011-12-31,313851000,2012-03-25,SalesRevenueNet,2026-08-25
FLEX,assets,2011-12-31,11528211000,2012-03-25,Assets,2026-08-25
FLEX,cash,2011-12-31,1545765000,2012-03-25,CashAndCashEquivalentsAtCarryingValue,2026-08-25
FLEX,equity,2011-12-31,2221114000,2012-03-25,StockholdersEquity,2026-08-25
FLEX,grossProfit,2011-12-31,385747000,2012-03-25,GrossProfit,2026-08-25
FLEX,inventory,2011-12-31,3594339000,2012-03-25,InventoryNet,2026-08-25
FLEX,netIncome,2011-12-31,102177000,2012-03-25,NetIncomeLoss,2026-08-25
FLEX,receivables,2011-12-31,2500316000,2012-03-25,AccountsReceivableNetCurrent,2026-08-25
FLEX,revenue,2011-12-31,7469347000,2012-03-25,SalesRevenueNet,2026-08-25
FLEX,shares,2011-12-31,695012119,2012-03-25,CommonStockSharesOutstanding,2026-08-25
FRT,assets,2011-12-31,3666210000,2012-03-25,Assets,2026-08-25
FRT,cash,2011-12-31,67806000,2012-03-25,CashAndCashEquivalentsAtCarryingValue,2026-08-25
FRT,debt,2011-12-31,2036782000,2012-03-25,LongTermDebt,2026-08-25
FRT,equity,2011-12-31,1216092000,2012-03-25,StockholdersEquity,2026-08-25
FRT,liabilities,2011-12-31,2340281000,2012-03-25,Liabilities,2026-08-25
FRT,netIncome,2011-12-31,30921000,2012-03-25,NetIncomeLoss,2026-08-25
FRT,operatingIncome,2011-12-31,57233000,2012-03-25,OperatingIncomeLoss,2026-08-25
FRT,revenue,2011-12-31,141466000,2012-03-25,Revenues,2026-08-25
FRT,shares,2011-12-31,63544150,2012-03-25,CommonStockSharesOutstanding,2026-08-25
FSLR,assets,2011-12-31,5777614000,2012-03-25,Assets,2026-08-25
FSLR,cash,2011-12-31,605619000,2012-03-25,CashAndCashEquivalentsAtCarryingValue,2026-08-25
FSLR,debt,2011-12-31,663648000,2012-03-25,LongTermDebt,2026-08-25
FSLR,equity,2011-12-31,3643863000,2012-03-25,StockholdersEquity,2026-08-25
FSLR,inventory,2011-12-31,475867000,2012-03-25,InventoryNet,2026-08-25
FSLR,liabilities,2011-12-31,2133751000,2012-03-25,Liabilities,2026-08-25
FSLR,receivables,2011-12-31,310568000,2012-03-25,AccountsReceivableNetCurrent,2026-08-25
FSLR,shares,2011-12-31,86467873,2012-03-25,CommonStockSharesOutstanding,2026-08-25
FTNT,assets,2011-12-31,734747000,2012-03-25,Assets,2026-08-25
FTNT,cash,2011-12-31,71990000,2012-03-25,CashAndCashEquivalentsAtCarryingValue,2026-08-25
FTNT,equity,2011-12-31,358354000,2012-03-25,StockholdersEquity,2026-08-25
FTNT,inventory,2011-12-31,16249000,2012-03-25,InventoryNet,2026-08-25
FTNT,liabilities,2011-12-31,376393000,2012-03-25,Liabilities,2026-08-25
FTNT,receivables,2011-12-31,95522000,2012-03-25,AccountsReceivableNetCurrent,2026-08-25
FTNT,shares,2011-12-31,154992000,2012-03-25,CommonStockSharesOutstanding,2026-08-25
GD,assets,2011-12-31,34883000000,2012-03-25,Assets,2026-08-25
GD,cash,2011-12-31,2649000000,2012-03-25,CashAndCashEquivalentsAtCarryingValue,2026-08-25
GD,debt,2011-12-31,3907000000,2012-03-25,LongTermDebtNoncurrent,2026-08-25
GD,equity,2011-12-31,13232000000,2012-03-25,StockholdersEquity,2026-08-25
GD,inventory,2011-12-31,2310000000,2012-03-25,InventoryNet,2026-08-25
GD,netIncome,2011-10-02,652000000,2011-11-21,NetIncomeLoss,2026-08-25
GD,operatingIncome,2011-10-02,998000000,2011-11-21,OperatingIncomeLoss,2026-08-25
GD,receivables,2011-12-31,4429000000,2012-03-25,AccountsReceivableNetCurrent,2026-08-25
GD,revenue,2011-10-02,7853000000,2011-11-21,Revenues,2026-08-25
GD,shares,2011-12-31,356437880,2012-03-25,CommonStockSharesOutstanding,2026-08-25
GE,assets,2011-12-31,718003000000,2012-03-25,Assets,2026-08-25
GE,cash,2011-12-31,84501000000,2012-03-25,CashAndCashEquivalentsAtCarryingValue,2026-08-25
GE,equity,2011-12-31,116438000000,2012-03-25,StockholdersEquity,2026-08-25
GE,grossProfit,2011-12-31,9095000000,2012-03-25,GrossProfit,2026-08-25
GE,inventory,2011-12-31,13792000000,2012-03-25,InventoryNet,2026-08-25
GE,liabilities,2011-12-31,600055000000,2012-03-25,Liabilities,2026-08-25
GE,netIncome,2011-12-31,3730000000,2012-03-25,NetIncomeLoss,2026-08-25
GE,receivables,2011-12-31,20478000000,2012-03-25,AccountsReceivableNetCurrent,2026-08-25
GE,revenue,2011-12-31,11577000000,2012-03-25,Revenues,2026-08-25
GE,shares,2011-12-31,10573017000,2012-03-25,CommonStockSharesOutstanding,2026-08-25
GEN,assets,2011-12-30,12183000000,2012-03-24,Assets,2026-08-25
GEN,cash,2011-12-30,2327000000,2012-03-24,CashAndCashEquivalentsAtCarryingValue,2026-08-25
GEN,debt,2011-12-30,2025000000,2012-03-24,LongTermDebtNoncurrent,2026-08-25
GEN,equity,2011-12-30,4649000000,2012-03-24,StockholdersEquity,2026-08-25
GEN,grossProfit,2011-12-30,1444000000,2012-03-24,GrossProfit,2026-08-25
GEN,inventory,2011-12-30,32000000,2012-03-24,InventoryNet,2026-08-25
GEN,liabilities,2011-12-30,7448000000,2012-03-24,Liabilities,2026-08-25
GEN,netIncome,2011-12-30,240000000,2012-03-24,NetIncomeLoss,2026-08-25
GEN,operatingIncome,2011-12-30,300000000,2012-03-24,OperatingIncomeLoss,2026-08-25
GEN,receivables,2011-12-30,1009000000,2012-03-24,AccountsReceivableNetCurrent,2026-08-25
GEN,revenue,2011-12-30,1715000000,2012-03-24,Revenues,2026-08-25
GEN,rnd,2011-12-30,242000000,2012-03-24,ResearchAndDevelopmentExpense,2026-08-25
GILD,assets,2011-12-31,17303134000,2012-03-25,Assets,2026-08-25
GILD,cash,2011-12-31,9884000000,2012-03-25,CashAndCashEquivalentsAtCarryingValue,2026-08-25
GILD,debt,2011-12-31,7605734000,2012-03-25,LongTermDebtNoncurrent,2026-08-25
GILD,equity,2011-12-31,6738856000,2012-03-25,StockholdersEquity,2026-08-25
GILD,grossProfit,2011-12-31,1548887000,2012-03-25,GrossProfit,2026-08-25
GILD,inventory,2011-12-31,1389983000,2012-03-25,InventoryNet,2026-08-25
GILD,netIncome,2011-12-31,665145000,2012-03-25,NetIncomeLoss,2026-08-25
GILD,receivables,2011-12-31,1951167000,2012-03-25,AccountsReceivableNetCurrent,2026-08-25
GILD,revenue,2011-12-31,2200378000,2012-03-25,Revenues,2026-08-25
GILD,shares,2011-12-31,1506212000,2012-03-25,CommonStockSharesOutstanding,2026-08-25
GIS,assets,2011-11-27,21466800000,2012-02-20,Assets,2026-08-25
GIS,debt,2011-11-27,5247600000,2012-02-20,LongTermDebtNoncurrent,2026-08-25
GIS,equity,2011-11-27,6577300000,2012-02-20,StockholdersEquity,2026-08-25
GIS,grossProfit,2011-11-27,1594700000,2012-02-20,GrossProfit,2026-08-25
GIS,inventory,2011-11-27,1628700000,2012-02-20,InventoryNet,2026-08-25
GIS,liabilities,2011-11-27,13582100000,2012-02-20,Liabilities,2026-08-25
GIS,netIncome,2011-11-27,444800000,2012-02-20,NetIncomeLoss,2026-08-25
GIS,operatingIncome,2011-11-27,716900000,2012-02-20,OperatingIncomeLoss,2026-08-25
GL,assets,2011-12-31,16588272000,2012-03-25,Assets,2026-08-25
GL,cash,2011-12-31,84113000,2012-03-25,CashAndCashEquivalentsAtCarryingValue,2026-08-25
GL,debt,2011-12-31,790571000,2012-03-25,LongTermDebtNoncurrent,2026-08-25
GL,equity,2011-12-31,3859631000,2012-03-25,StockholdersEquity,2026-08-25
GL,liabilities,2011-12-31,12728641000,2012-03-25,Liabilities,2026-08-25
GL,netIncome,2011-12-31,122839000,2012-03-25,NetIncomeLoss,2026-08-25
GL,revenue,2011-12-31,833554000,2012-03-25,Revenues,2026-08-25
GLW,assets,2011-12-31,27848000000,2012-03-25,Assets,2026-08-25
GLW,cash,2011-12-31,4661000000,2012-03-25,CashAndCashEquivalentsAtCarryingValue,2026-08-25
GLW,debt,2011-12-31,2391000000,2012-03-25,LongTermDebt,2026-08-25
GLW,equity,2011-12-31,21078000000,2012-03-25,StockholdersEquity,2026-08-25
GLW,inventory,2011-12-31,975000000,2012-03-25,InventoryNet,2026-08-25
GLW,liabilities,2011-12-31,6719000000,2012-03-25,Liabilities,2026-08-25
GLW,receivables,2011-12-31,1082000000,2012-03-25,AccountsReceivableNetCurrent,2026-08-25
GM,assets,2011-12-31,144603000000,2012-03-25,Assets,2026-08-25
GM,cash,2011-12-31,16071000000,2012-03-25,CashAndCashEquivalentsAtCarryingValue,2026-08-25
GM,equity,2011-12-31,38120000000,2012-03-25,StockholdersEquity,2026-08-25
GM,grossProfit,2011-12-31,4422000000,2012-03-25,GrossProfit,2026-08-25
GM,inventory,2011-12-31,14324000000,2012-03-25,InventoryNet,2026-08-25
GM,liabilities,2011-12-31,105612000000,2012-03-25,Liabilities,2026-08-25
GM,netIncome,2011-12-31,725000000,2012-03-25,NetIncomeLoss,2026-08-25
GM,revenue,2011-12-31,37990000000,2012-03-25,Revenues,2026-08-25
GM,shares,2011-12-31,1564727289,2012-03-25,CommonStockSharesOutstanding,2026-08-25
GNRC,assets,2011-12-31,1552793000,2012-03-25,Assets,2026-08-25
GNRC,cash,2011-12-31,93126000,2012-03-25,CashAndCashEquivalentsAtCarryingValue,2026-08-25
GNRC,debt,2011-12-31,575000000,2012-03-25,LongTermDebtNoncurrent,2026-08-25
GNRC,equity,2011-12-31,768889000,2012-03-25,StockholdersEquity,2026-08-25
GNRC,grossProfit,2011-12-31,98465000,2012-03-25,GrossProfit,2026-08-25
GNRC,inventory,2011-12-31,162124000,2012-03-25,InventoryNet,2026-08-25
GNRC,liabilities,2011-12-31,783904000,2012-03-25,Liabilities,2026-08-25
GNRC,netIncome,2011-12-31,267131000,2012-03-25,NetIncomeLoss,2026-08-25
GNRC,operatingIncome,2011-12-31,35860000,2012-03-25,OperatingIncomeLoss,2026-08-25
GNRC,shares,2011-12-31,67652812,2012-03-25,CommonStockSharesOutstanding,2026-08-25
GPC,assets,2011-12-31,6202774000,2012-03-25,Assets,2026-08-25
GPC,cash,2011-12-31,525054000,2012-03-25,CashAndCashEquivalentsAtCarryingValue,2026-08-25
GPC,debt,2011-12-31,500000000,2012-03-25,LongTermDebtNoncurrent,2026-08-25
GPC,equity,2011-12-31,2744007000,2012-03-25,StockholdersEquity,2026-08-25
GPC,inventory,2011-12-31,2440111000,2012-03-25,InventoryNet,2026-08-25
GPC,shares,2011-12-31,155651116,2012-03-25,CommonStockSharesOutstanding,2026-08-25
GPN,assets,2011-11-30,2614339000,2012-02-23,Assets,2026-08-25
GPN,cash,2011-11-30,770860000,2012-02-23,CashAndCashEquivalentsAtCarryingValue,2026-08-25
GPN,debt,2011-11-30,203222000,2012-02-23,LongTermDebtNoncurrent,2026-08-25
GPN,equity,2011-11-30,1146355000,2012-02-23,StockholdersEquity,2026-08-25
GPN,inventory,2011-11-30,11790000,2012-02-23,InventoryNet,2026-08-25
GPN,liabilities,2011-11-30,1180591000,2012-02-23,Liabilities,2026-08-25
GPN,netIncome,2011-11-30,61181000,2012-02-23,NetIncomeLoss,2026-08-25
GPN,operatingIncome,2011-11-30,96580000,2012-02-23,OperatingIncomeLoss,2026-08-25
GPN,receivables,2011-11-30,162643000,2012-02-23,AccountsReceivableNetCurrent,2026-08-25
GPN,revenue,2011-11-30,530505000,2012-02-23,Revenues,2026-08-25
GPN,shares,2011-11-30,78355001,2012-02-23,CommonStockSharesOutstanding,2026-08-25
GRMN,assets,2011-12-31,4471338000,2012-03-25,Assets,2026-08-25
GRMN,cash,2011-12-31,1287160000,2012-03-25,CashAndCashEquivalentsAtCarryingValue,2026-08-25
GRMN,equity,2011-12-31,3256581000,2012-03-25,StockholdersEquity,2026-08-25
GRMN,grossProfit,2011-12-31,433787000,2012-03-25,GrossProfit,2026-08-25
GRMN,inventory,2011-12-31,397741000,2012-03-25,InventoryNet,2026-08-25
GRMN,netIncome,2011-12-31,165556000,2012-03-25,NetIncomeLoss,2026-08-25
GRMN,receivables,2011-12-31,607450000,2012-03-25,AccountsReceivableNetCurrent,2026-08-25
GRMN,revenue,2011-12-31,909643000,2012-03-25,SalesRevenueNet,2026-08-25
GRMN,shares,2011-12-31,194662617,2012-03-25,CommonStockSharesOutstanding,2026-08-25
GS,assets,2011-12-31,923225000000,2012-03-25,Assets,2026-08-25
GS,cash,2011-12-31,56008000000,2012-03-25,CashAndCashEquivalentsAtCarryingValue,2026-08-25
GS,debt,2011-12-31,181724000000,2012-03-25,LongTermDebtNoncurrent,2026-08-25
GS,equity,2011-12-31,70379000000,2012-03-25,StockholdersEquity,2026-08-25
GS,liabilities,2011-12-31,852846000000,2012-03-25,Liabilities,2026-08-25
GS,shares,2011-12-31,485467565,2012-03-25,CommonStockSharesOutstanding,2026-08-25
GWW,assets,2011-12-31,4716062000,2012-03-25,Assets,2026-08-25
GWW,cash,2011-12-31,335491000,2012-03-25,CashAndCashEquivalentsAtCarryingValue,2026-08-25
GWW,debt,2011-12-31,175055000,2012-03-25,LongTermDebtNoncurrent,2026-08-25
GWW,equity,2011-12-31,2628785000,2012-03-25,StockholdersEquity,2026-08-25
GWW,grossProfit,2011-12-31,905785000,2012-03-25,GrossProfit,2026-08-25
GWW,inventory,2011-12-31,1268647000,2012-03-25,InventoryNet,2026-08-25
GWW,netIncome,2011-12-31,148484000,2012-03-25,NetIncomeLoss,2026-08-25
GWW,operatingIncome,2011-12-31,221493000,2012-03-25,OperatingIncomeLoss,2026-08-25
GWW,receivables,2011-12-31,888697000,2012-03-25,AccountsReceivableNetCurrent,2026-08-25
GWW,revenue,2011-12-31,2076904000,2012-03-25,SalesRevenueNet,2026-08-25
HAL,assets,2011-12-31,23677000000,2012-03-25,Assets,2026-08-25
HAL,cash,2011-12-31,2698000000,2012-03-25,CashAndCashEquivalentsAtCarryingValue,2026-08-25
HAL,debt,2011-12-31,4820000000,2012-03-25,LongTermDebtNoncurrent,2026-08-25
HAL,equity,2011-12-31,13198000000,2012-03-25,StockholdersEquity,2026-08-25
HAL,inventory,2011-12-31,2570000000,2012-03-25,InventoryNet,2026-08-25
HAL,liabilities,2011-12-31,10461000000,2012-03-25,Liabilities,2026-08-25
HAL,shares,2011-12-31,921000000,2012-03-25,CommonStockSharesOutstanding,2026-08-25
HAS,assets,2011-12-25,4130774000,2012-03-19,Assets,2026-08-25
HAS,cash,2011-12-25,641688000,2012-03-19,CashAndCashEquivalentsAtCarryingValue,2026-08-25
HAS,debt,2011-12-25,1400872000,2012-03-19,LongTermDebtNoncurrent,2026-08-25
HAS,equity,2011-12-25,1417515000,2012-03-19,StockholdersEquity,2026-08-25
HAS,inventory,2011-12-25,333993000,2012-03-19,InventoryNet,2026-08-25
HAS,liabilities,2011-12-25,2713259000,2012-03-19,Liabilities,2026-08-25
HAS,netIncome,2011-12-25,139130000,2012-03-19,NetIncomeLoss,2026-08-25
HAS,operatingIncome,2011-12-25,216579000,2012-03-19,OperatingIncomeLoss,2026-08-25
HAS,receivables,2011-12-25,1034580000,2012-03-19,AccountsReceivableNetCurrent,2026-08-25
HAS,revenue,2011-12-25,1329338000,2012-03-19,SalesRevenueNet,2026-08-25
HBAN,assets,2011-12-31,54450652000,2012-03-25,Assets,2026-08-25
HBAN,cash,2011-12-31,1262806000,2012-03-25,CashAndCashEquivalentsAtCarryingValue,2026-08-25
HBAN,equity,2011-12-31,5778500000,2012-03-25,StockholdersEquity,2026-08-25
HBAN,liabilities,2011-12-31,49032552000,2012-03-25,Liabilities,2026-08-25
HBAN,netIncome,2011-12-31,126858000,2012-03-25,NetIncomeLoss,2026-08-25
HBAN,shares,2011-12-31,864406152,2012-03-25,CommonStockSharesOutstanding,2026-08-25
HCA,assets,2011-12-31,26898000000,2012-03-25,Assets,2026-08-25
HCA,cash,2011-12-31,373000000,2012-03-25,CashAndCashEquivalentsAtCarryingValue,2026-08-25
HCA,debt,2011-12-31,25645000000,2012-03-25,LongTermDebtNoncurrent,2026-08-25
HCA,equity,2011-12-31,-8258000000,2012-03-25,StockholdersEquity,2026-08-25
HCA,inventory,2011-12-31,1054000000,2012-03-25,InventoryNet,2026-08-25
HCA,liabilities,2011-12-31,33912000000,2012-03-25,Liabilities,2026-08-25
HCA,netIncome,2011-12-31,1935000000,2012-03-25,NetIncomeLoss,2026-08-25
HCA,receivables,2011-12-31,4533000000,2012-03-25,AccountsReceivableNetCurrent,2026-08-25
HCA,shares,2011-12-31,437477900,2012-03-25,CommonStockSharesOutstanding,2026-08-25
HD,assets,2011-10-30,41499000000,2011-12-19,Assets,2026-08-25
HD,cash,2011-10-30,2234000000,2011-12-19,CashAndCashEquivalentsAtCarryingValue,2026-08-25
HD,equity,2011-10-30,17769000000,2011-12-19,StockholdersEquity,2026-08-25
HD,grossProfit,2011-10-30,5961000000,2011-12-19,GrossProfit,2026-08-25
HD,liabilities,2011-10-30,23730000000,2011-12-19,Liabilities,2026-08-25
HD,netIncome,2011-10-30,934000000,2011-12-19,NetIncomeLoss,2026-08-25
HD,operatingIncome,2011-10-30,1615000000,2011-12-19,OperatingIncomeLoss,2026-08-25
HD,receivables,2011-10-30,1384000000,2011-12-19,AccountsReceivableNetCurrent,2026-08-25
HD,revenue,2011-10-30,17326000000,2011-12-19,SalesRevenueNet,2026-08-25
HD,shares,2011-10-30,1222000000,2011-12-19,CommonStockSharesOutstanding,2026-08-25
HIG,assets,2011-12-31,302609000000,2012-03-25,Assets,2026-08-25
HIG,debt,2011-12-31,6216000000,2012-03-25,LongTermDebtNoncurrent,2026-08-25
HIG,equity,2011-12-31,21486000000,2012-03-25,StockholdersEquity,2026-08-25
HIG,liabilities,2011-12-31,281123000000,2012-03-25,Liabilities,2026-08-25
HIG,netIncome,2011-12-31,118000000,2012-03-25,NetIncomeLoss,2026-08-25
HIG,revenue,2011-12-31,5531000000,2012-03-25,Revenues,2026-08-25
HII,assets,2011-12-31,6069000000,2012-03-25,Assets,2026-08-25
HII,cash,2011-12-31,915000000,2012-03-25,CashAndCashEquivalentsAtCarryingValue,2026-08-25
HII,debt,2011-12-31,1830000000,2012-03-25,LongTermDebtNoncurrent,2026-08-25
HII,equity,2011-12-31,859000000,2012-03-25,StockholdersEquity,2026-08-25
HII,liabilities,2011-12-31,5210000000,2012-03-25,Liabilities,2026-08-25
HII,netIncome,2011-12-31,67000000,2012-03-25,NetIncomeLoss,2026-08-25
HII,operatingIncome,2011-12-31,121000000,2012-03-25,OperatingIncomeLoss,2026-08-25
HII,receivables,2011-12-31,711000000,2012-03-25,AccountsReceivableNetCurrent,2026-08-25
HII,revenue,2011-12-31,1735000000,2012-03-25,SalesRevenueNet,2026-08-25
HII,shares,2011-12-31,48800000,2012-03-25,CommonStockSharesOutstanding,2026-08-25
HLT,cash,2011-12-31,781000000,2012-03-25,CashAndCashEquivalentsAtCarryingValue,2026-08-25
HON,assets,2011-12-31,39808000000,2012-03-25,Assets,2026-08-25
HON,cash,2011-12-31,3698000000,2012-03-25,CashAndCashEquivalentsAtCarryingValue,2026-08-25
HON,debt,2011-12-31,6896000000,2012-03-25,LongTermDebt,2026-08-25
HON,equity,2011-12-31,10806000000,2012-03-25,StockholdersEquity,2026-08-25
HON,grossProfit,2011-12-31,1038000000,2012-03-25,GrossProfit,2026-08-25
HON,inventory,2011-12-31,4264000000,2012-03-25,InventoryNet,2026-08-25
HON,netIncome,2011-12-31,-310000000,2012-03-25,NetIncomeLoss,2026-08-25
HON,receivables,2011-12-31,7228000000,2012-03-25,AccountsReceivableNetCurrent,2026-08-25
HON,revenue,2011-12-31,9473000000,2012-03-25,Revenues,2026-08-25
HON,shares,2011-12-31,774700000,2012-03-25,CommonStockSharesOutstanding,2026-08-25
HPQ,assets,2011-10-31,129517000000,2011-12-20,Assets,2026-08-25
HPQ,cash,2011-10-31,8043000000,2011-12-20,CashAndCashEquivalentsAtCarryingValue,2026-08-25
HPQ,debt,2011-10-31,26339000000,2011-12-20,LongTermDebt,2026-08-25
HPQ,equity,2011-10-31,38625000000,2011-12-20,StockholdersEquity,2026-08-25
HPQ,inventory,2011-10-31,7490000000,2011-12-20,InventoryNet,2026-08-25
HPQ,receivables,2011-10-31,18224000000,2011-12-20,AccountsReceivableNetCurrent,2026-08-25
HPQ,shares,2011-10-31,1991000000,2011-12-20,CommonStockSharesOutstanding,2026-08-25
HRL,assets,2011-10-30,4244391000,2011-12-19,Assets,2026-08-25
HRL,cash,2011-10-30,463130000,2011-12-19,CashAndCashEquivalentsAtCarryingValue,2026-08-25
HRL,debt,2011-10-30,250000000,2011-12-19,LongTermDebtNoncurrent,2026-08-25
HRL,equity,2011-10-30,2656582000,2011-12-19,StockholdersEquity,2026-08-25
HRL,grossProfit,2011-10-30,336026000,2011-12-19,GrossProfit,2026-08-25
HRL,inventory,2011-10-30,885823000,2011-12-19,InventoryNet,2026-08-25
HRL,netIncome,2011-10-30,117309000,2011-12-19,NetIncomeLoss,2026-08-25
HRL,receivables,2011-10-30,461110000,2011-12-19,AccountsReceivableNetCurrent,2026-08-25
HRL,revenue,2011-10-30,2103898000,2011-12-19,SalesRevenueNet,2026-08-25
HSIC,assets,2011-12-31,4740144000,2012-03-25,Assets,2026-08-25
HSIC,cash,2011-12-31,147284000,2012-03-25,CashAndCashEquivalentsAtCarryingValue,2026-08-25
HSIC,debt,2011-12-31,363524000,2012-03-25,LongTermDebtNoncurrent,2026-08-25
HSIC,equity,2011-12-31,2432222000,2012-03-25,StockholdersEquity,2026-08-25
HSIC,grossProfit,2011-12-31,652589000,2012-03-25,GrossProfit,2026-08-25
HSIC,inventory,2011-12-31,947849000,2012-03-25,InventoryNet,2026-08-25
HSIC,liabilities,2011-12-31,1904471000,2012-03-25,Liabilities,2026-08-25
HSIC,netIncome,2011-12-31,104730000,2012-03-25,NetIncomeLoss,2026-08-25
HSIC,operatingIncome,2011-12-31,163373000,2012-03-25,OperatingIncomeLoss,2026-08-25
HSIC,receivables,2011-12-31,888248000,2012-03-25,AccountsReceivableNetCurrent,2026-08-25
HSIC,shares,2011-12-31,89928082,2012-03-25,CommonStockSharesOutstanding,2026-08-25
HST,cash,2011-12-31,826000000,2012-03-25,CashAndCashEquivalentsAtCarryingValue,2026-08-25
HST,debt,2011-12-31,328000000,2012-03-25,LongTermDebt,2026-08-25
HST,shares,2011-12-31,705100000,2012-03-25,CommonStockSharesOutstanding,2026-08-25
HSY,assets,2011-12-31,4407094000,2012-03-25,Assets,2026-08-25
HSY,cash,2011-12-31,693686000,2012-03-25,CashAndCashEquivalentsAtCarryingValue,2026-08-25
HSY,debt,2011-12-31,1748500000,2012-03-25,LongTermDebtNoncurrent,2026-08-25
HSY,equity,2011-12-31,857317000,2012-03-25,StockholdersEquity,2026-08-25
HSY,grossProfit,2011-12-31,631206000,2012-03-25,GrossProfit,2026-08-25
HSY,inventory,2011-12-31,648953000,2012-03-25,InventoryNet,2026-08-25
HSY,liabilities,2011-12-31,3526151000,2012-03-25,Liabilities,2026-08-25
HSY,receivables,2011-12-31,399499000,2012-03-25,AccountsReceivableNetCurrent,2026-08-25
HSY,revenue,2011-12-31,1567145000,2012-03-25,SalesRevenueNet,2026-08-25
HSY,shares,2011-12-31,225205918,2012-03-25,CommonStockSharesOutstanding,2026-08-25
HUBB,assets,2011-12-31,2846500000,2012-03-25,Assets,2026-08-25
HUBB,cash,2011-12-31,569600000,2012-03-25,CashAndCashEquivalentsAtCarryingValue,2026-08-25
HUBB,debt,2011-12-31,596300000,2012-03-25,LongTermDebtNoncurrent,2026-08-25
HUBB,equity,2011-12-31,1467800000,2012-03-25,StockholdersEquity,2026-08-25
HUBB,grossProfit,2011-12-31,236300000,2012-03-25,GrossProfit,2026-08-25
HUBB,inventory,2011-12-31,318300000,2012-03-25,InventoryNet,2026-08-25
HUBB,liabilities,2011-12-31,1373000000,2012-03-25,Liabilities,2026-08-25
HUBB,netIncome,2011-12-31,70000000,2012-03-25,NetIncomeLoss,2026-08-25
HUBB,revenue,2011-12-31,740000000,2012-03-25,SalesRevenueNet,2026-08-25
HUM,assets,2011-12-31,17708000000,2012-03-25,Assets,2026-08-25
HUM,cash,2011-12-31,1377000000,2012-03-25,CashAndCashEquivalentsAtCarryingValue,2026-08-25
HUM,debt,2011-12-31,1659000000,2012-03-25,LongTermDebtNoncurrent,2026-08-25
HUM,equity,2011-12-31,8063000000,2012-03-25,StockholdersEquity,2026-08-25
HUM,liabilities,2011-12-31,9645000000,2012-03-25,Liabilities,2026-08-25
HUM,netIncome,2011-12-31,199000000,2012-03-25,NetIncomeLoss,2026-08-25
HUM,revenue,2011-12-31,9056000000,2012-03-25,Revenues,2026-08-25
HWM,assets,2011-12-31,40120000000,2012-03-25,Assets,2026-08-25
HWM,cash,2011-12-31,1939000000,2012-03-25,CashAndCashEquivalentsAtCarryingValue,2026-08-25
HWM,debt,2011-12-31,8640000000,2012-03-25,LongTermDebtNoncurrent,2026-08-25
HWM,equity,2011-12-31,13844000000,2012-03-25,StockholdersEquity,2026-08-25
HWM,inventory,2011-12-31,2899000000,2012-03-25,InventoryNet,2026-08-25
HWM,liabilities,2011-12-31,22925000000,2012-03-25,Liabilities,2026-08-25
HWM,netIncome,2011-12-31,-191000000,2012-03-25,NetIncomeLoss,2026-08-25
HWM,receivables,2011-12-31,1571000000,2012-03-25,AccountsReceivableNetCurrent,2026-08-25
HWM,shares,2011-12-31,1064412066,2012-03-25,CommonStockSharesOutstanding,2026-08-25
IBKR,assets,2011-12-31,30404365000,2012-03-25,Assets,2026-08-25
IBKR,cash,2011-12-31,1284542000,2012-03-25,CashAndCashEquivalentsAtCarryingValue,2026-08-25
IBKR,equity,2011-12-31,-459501000,2012-03-25,StockholdersEquity,2026-08-25
IBKR,liabilities,2011-12-31,25592410000,2012-03-25,Liabilities,2026-08-25
IBM,assets,2011-12-31,116433000000,2012-03-25,Assets,2026-08-25
IBM,cash,2011-12-31,11922000000,2012-03-25,CashAndCashEquivalentsAtCarryingValue,2026-08-25
IBM,debt,2011-12-31,22857000000,2012-03-25,LongTermDebtNoncurrent,2026-08-25
IBM,equity,2011-12-31,20138000000,2012-03-25,StockholdersEquity,2026-08-25
IBM,inventory,2011-12-31,2595000000,2012-03-25,InventoryNet,2026-08-25
IBM,liabilities,2011-12-31,96197000000,2012-03-25,Liabilities,2026-08-25
IBM,receivables,2011-12-31,11179000000,2012-03-25,AccountsReceivableNetCurrent,2026-08-25
IBM,shares,2011-12-31,1163182565,2012-03-25,CommonStockSharesOutstanding,2026-08-25
ICE,cash,2011-12-31,823000000,2012-03-25,CashAndCashEquivalentsAtCarryingValue,2026-08-25
IDXX,assets,2011-12-31,1030814000,2012-03-25,Assets,2026-08-25
IDXX,cash,2011-12-31,183895000,2012-03-25,CashAndCashEquivalentsAtCarryingValue,2026-08-25
IDXX,debt,2011-12-31,3418000,2012-03-25,LongTermDebt,2026-08-25
IDXX,equity,2011-12-31,539579000,2012-03-25,StockholdersEquity,2026-08-25
IDXX,grossProfit,2011-12-31,158881000,2012-03-25,GrossProfit,2026-08-25
IDXX,inventory,2011-12-31,133099000,2012-03-25,InventoryNet,2026-08-25
IDXX,liabilities,2011-12-31,491221000,2012-03-25,Liabilities,2026-08-25
IDXX,netIncome,2011-12-31,38010000,2012-03-25,NetIncomeLoss,2026-08-25
IDXX,operatingIncome,2011-12-31,55299000,2012-03-25,OperatingIncomeLoss,2026-08-25
IDXX,receivables,2011-12-31,141275000,2012-03-25,AccountsReceivableNetCurrent,2026-08-25
IDXX,revenue,2011-12-31,307201000,2012-03-25,SalesRevenueNet,2026-08-25
IEX,assets,2011-12-31,2836107000,2012-03-25,Assets,2026-08-25
IEX,cash,2011-12-31,230259000,2012-03-25,CashAndCashEquivalentsAtCarryingValue,2026-08-25
IEX,debt,2011-12-31,806366000,2012-03-25,LongTermDebtNoncurrent,2026-08-25
IEX,equity,2011-12-31,1513135000,2012-03-25,StockholdersEquity,2026-08-25
IEX,grossProfit,2011-12-31,193602000,2012-03-25,GrossProfit,2026-08-25
IEX,inventory,2011-12-31,254258000,2012-03-25,InventoryNet,2026-08-25
IEX,liabilities,2011-12-31,1322972000,2012-03-25,Liabilities,2026-08-25
IEX,netIncome,2011-12-31,47388000,2012-03-25,NetIncomeLoss,2026-08-25
IEX,operatingIncome,2011-12-31,76001000,2012-03-25,OperatingIncomeLoss,2026-08-25
IEX,revenue,2011-12-31,480683000,2012-03-25,SalesRevenueNet,2026-08-25
IFF,assets,2011-12-31,2965581000,2012-03-25,Assets,2026-08-25
IFF,cash,2011-12-31,88279000,2012-03-25,CashAndCashEquivalentsAtCarryingValue,2026-08-25
IFF,debt,2011-12-31,778248000,2012-03-25,LongTermDebtNoncurrent,2026-08-25
IFF,equity,2011-12-31,1104412000,2012-03-25,StockholdersEquity,2026-08-25
IFF,inventory,2011-12-31,544439000,2012-03-25,InventoryNet,2026-08-25
IFF,shares,2011-12-31,80921208,2012-03-25,CommonStockSharesOutstanding,2026-08-25
INCY,assets,2011-12-31,328962000,2012-03-25,Assets,2026-08-25
INCY,cash,2011-12-31,273164000,2012-03-25,CashAndCashEquivalentsAtCarryingValue,2026-08-25
INCY,debt,2011-12-31,316153000,2012-03-25,LongTermDebtNoncurrent,2026-08-25
INCY,equity,2011-12-31,-227077000,2012-03-25,StockholdersEquity,2026-08-25
INCY,liabilities,2011-12-31,556039000,2012-03-25,Liabilities,2026-08-25
INCY,revenue,2011-12-31,28889000,2012-03-25,Revenues,2026-08-25
INCY,shares,2011-12-31,126471999,2012-03-25,CommonStockSharesOutstanding,2026-08-25
INTC,assets,2011-12-31,71119000000,2012-03-25,Assets,2026-08-25
INTC,cash,2011-12-31,5065000000,2012-03-25,CashAndCashEquivalentsAtCarryingValue,2026-08-25
INTC,debt,2011-12-31,7084000000,2012-03-25,LongTermDebtNoncurrent,2026-08-25
INTC,equity,2011-12-31,45911000000,2012-03-25,StockholdersEquity,2026-08-25
INTC,grossProfit,2011-10-01,9018000000,2011-11-20,GrossProfit,2026-08-25
INTC,inventory,2011-12-31,4096000000,2012-03-25,InventoryNet,2026-08-25
INTC,netIncome,2011-10-01,3468000000,2011-11-20,NetIncomeLoss,2026-08-25
INTC,operatingIncome,2011-10-01,4785000000,2011-11-20,OperatingIncomeLoss,2026-08-25
INTC,receivables,2011-12-31,3650000000,2012-03-25,AccountsReceivableNetCurrent,2026-08-25
INTC,revenue,2011-10-01,14233000000,2011-11-20,SalesRevenueNet,2026-08-25
INTC,rnd,2011-10-01,2140000000,2011-11-20,ResearchAndDevelopmentExpense,2026-08-25
INTC,shares,2011-12-31,5000000000,2012-03-25,CommonStockSharesOutstanding,2026-08-25
INTU,assets,2011-10-31,4683000000,2011-12-20,Assets,2026-08-25
INTU,buybacks,2011-10-31,255000000,2011-12-20,PaymentsForRepurchaseOfCommonStock,2026-08-25
INTU,capex,2011-10-31,44000000,2011-12-20,PaymentsToAcquirePropertyPlantAndEquipment,2026-08-25
INTU,cash,2011-10-31,333000000,2011-12-20,CashAndCashEquivalentsAtCarryingValue,2026-08-25
INTU,equity,2011-10-31,2361000000,2011-12-20,StockholdersEquity,2026-08-25
INTU,liabilities,2011-10-31,2322000000,2011-12-20,Liabilities,2026-08-25
INTU,netIncome,2011-10-31,-19000000,2011-12-20,NetIncomeLoss,2026-08-25
INTU,operatingCashFlow,2011-10-31,-110000000,2011-12-20,NetCashProvidedByUsedInOperatingActivities,2026-08-25
INTU,operatingIncome,2011-10-31,-73000000,2011-12-20,OperatingIncomeLoss,2026-08-25
INTU,receivables,2011-10-31,166000000,2011-12-20,AccountsReceivableNetCurrent,2026-08-25
INTU,revenue,2011-10-31,562000000,2011-12-20,SalesRevenueNet,2026-08-25
INTU,rnd,2011-10-31,163000000,2011-12-20,ResearchAndDevelopmentExpense,2026-08-25
IP,assets,2011-12-31,27018000000,2012-03-25,Assets,2026-08-25
IP,cash,2011-12-31,3994000000,2012-03-25,CashAndCashEquivalentsAtCarryingValue,2026-08-25
IP,debt,2011-12-31,9189000000,2012-03-25,LongTermDebtNoncurrent,2026-08-25
IP,equity,2011-12-31,6645000000,2012-03-25,StockholdersEquity,2026-08-25
IP,grossProfit,2011-12-31,1705000000,2012-03-25,GrossProfit,2026-08-25
IP,inventory,2011-12-31,2320000000,2012-03-25,InventoryNet,2026-08-25
IP,netIncome,2011-12-31,281000000,2012-03-25,NetIncomeLoss,2026-08-25
IP,revenue,2011-12-31,6367000000,2012-03-25,SalesRevenueNet,2026-08-25
IP,shares,2011-12-31,438900000,2012-03-25,CommonStockSharesOutstanding,2026-08-25
IQV,assets,2011-12-31,2322917000,2012-03-25,Assets,2026-08-25
IQV,cash,2011-12-31,516299000,2012-03-25,CashAndCashEquivalentsAtCarryingValue,2026-08-25
IQV,shares,2011-12-31,115966141,2012-03-25,CommonStockSharesOutstanding,2026-08-25
IRM,assets,2011-12-31,6041258000,2012-03-25,Assets,2026-08-25
IRM,cash,2011-12-31,179845000,2012-03-25,CashAndCashEquivalentsAtCarryingValue,2026-08-25
IRM,debt,2011-12-31,3353588000,2012-03-25,LongTermDebt,2026-08-25
IRM,equity,2011-12-31,1245688000,2012-03-25,StockholdersEquity,2026-08-25
IRM,operatingIncome,2011-12-31,149463000,2012-03-25,OperatingIncomeLoss,2026-08-25
IRM,receivables,2011-12-31,543467000,2012-03-25,AccountsReceivableNetCurrent,2026-08-25
IRM,shares,2011-12-31,172140966,2012-03-25,CommonStockSharesOutstanding,2026-08-25
ISRG,assets,2011-12-31,3063100000,2012-03-25,Assets,2026-08-25
ISRG,cash,2011-12-31,465800000,2012-03-25,CashAndCashEquivalentsAtCarryingValue,2026-08-25
ISRG,equity,2011-12-31,2645600000,2012-03-25,StockholdersEquity,2026-08-25
ISRG,grossProfit,2011-12-31,362900000,2012-03-25,GrossProfit,2026-08-25
ISRG,inventory,2011-12-31,112100000,2012-03-25,InventoryNet,2026-08-25
ISRG,liabilities,2011-12-31,417500000,2012-03-25,Liabilities,2026-08-25
ISRG,netIncome,2011-12-31,151200000,2012-03-25,NetIncomeLoss,2026-08-25
ISRG,receivables,2011-12-31,297900000,2012-03-25,AccountsReceivableNetCurrent,2026-08-25
ISRG,revenue,2011-12-31,496800000,2012-03-25,SalesRevenueNet,2026-08-25
ISRG,shares,2011-12-31,39300000,2012-03-25,CommonStockSharesOutstanding,2026-08-25
IT,assets,2011-12-31,1379872000,2012-03-25,Assets,2026-08-25
IT,cash,2011-12-31,142739000,2012-03-25,CashAndCashEquivalentsAtCarryingValue,2026-08-25
IT,debt,2011-12-31,150000000,2012-03-25,LongTermDebtNoncurrent,2026-08-25
IT,equity,2011-12-31,181784000,2012-03-25,StockholdersEquity,2026-08-25
IT,liabilities,2011-12-31,1198088000,2012-03-25,Liabilities,2026-08-25
IT,receivables,2011-12-31,421033000,2012-03-25,AccountsReceivableNetCurrent,2026-08-25
ITW,assets,2011-12-31,17984000000,2012-03-25,Assets,2026-08-25
ITW,cash,2011-12-31,1178000000,2012-03-25,CashAndCashEquivalentsAtCarryingValue,2026-08-25
ITW,debt,2011-12-31,3488000000,2012-03-25,LongTermDebtNoncurrent,2026-08-25
ITW,inventory,2011-12-31,1716000000,2012-03-25,InventoryNet,2026-08-25
IVZ,assets,2011-12-31,19347000000,2012-03-25,Assets,2026-08-25
IVZ,cash,2011-12-31,727400000,2012-03-25,CashAndCashEquivalentsAtCarryingValue,2026-08-25
IVZ,debt,2011-12-31,1069600000,2012-03-25,LongTermDebtNoncurrent,2026-08-25
IVZ,equity,2011-12-31,8119100000,2012-03-25,StockholdersEquity,2026-08-25
IVZ,liabilities,2011-12-31,10209400000,2012-03-25,Liabilities,2026-08-25
IVZ,receivables,2011-12-31,424400000,2012-03-25,AccountsReceivableNetCurrent,2026-08-25
IVZ,shares,2011-12-31,446000000,2012-03-25,CommonStockSharesOutstanding,2026-08-25
J,assets,2011-12-30,6126275000,2012-03-24,Assets,2026-08-25
J,capex,2011-12-30,20102000,2012-03-24,PaymentsToAcquirePropertyPlantAndEquipment,2026-08-25
J,cash,2011-12-30,959237000,2012-03-24,CashAndCashEquivalentsAtCarryingValue,2026-08-25
J,debt,2011-12-30,0,2012-03-24,LongTermDebtNoncurrent,2026-08-25
J,equity,2011-12-30,3439179000,2012-03-24,StockholdersEquity,2026-08-25
J,netIncome,2011-12-30,89710000,2012-03-24,NetIncomeLoss,2026-08-25
J,operatingCashFlow,2011-12-30,146182000,2012-03-24,NetCashProvidedByUsedInOperatingActivities,2026-08-25
J,operatingIncome,2011-12-30,141952000,2012-03-24,OperatingIncomeLoss,2026-08-25
J,revenue,2011-12-30,2631768000,2012-03-24,Revenues,2026-08-25
J,shares,2011-12-30,128384400,2012-03-24,CommonStockSharesOutstanding,2026-08-25
JBHT,assets,2011-12-31,2267000000,2012-03-25,Assets,2026-08-25
JBHT,cash,2011-12-31,5450000,2012-03-25,CashAndCashEquivalentsAtCarryingValue,2026-08-25
JBHT,debt,2011-12-31,699177000,2012-03-25,LongTermDebtNoncurrent,2026-08-25
JBHT,equity,2011-12-31,567543000,2012-03-25,StockholdersEquity,2026-08-25
JBHT,inventory,2011-12-31,20932000,2012-03-25,InventoryNet,2026-08-25
JBHT,liabilities,2011-12-31,1699789000,2012-03-25,Liabilities,2026-08-25
JBHT,netIncome,2011-12-31,72565000,2012-03-25,NetIncomeLoss,2026-08-25
JBHT,operatingIncome,2011-12-31,122287000,2012-03-25,OperatingIncomeLoss,2026-08-25
JBHT,receivables,2011-12-31,411479000,2012-03-25,AccountsReceivableNetCurrent,2026-08-25
JBHT,revenue,2011-12-31,1204937000,2012-03-25,Revenues,2026-08-25
JBHT,shares,2011-12-31,116932448,2012-03-25,CommonStockSharesOutstanding,2026-08-25
JBL,assets,2011-11-30,7199374000,2012-02-23,Assets,2026-08-25
JBL,capex,2011-11-30,103234000,2012-02-23,PaymentsToAcquirePropertyPlantAndEquipment,2026-08-25
JBL,cash,2011-11-30,861904000,2012-02-23,CashAndCashEquivalentsAtCarryingValue,2026-08-25
JBL,equity,2011-11-30,1898499000,2012-02-23,StockholdersEquity,2026-08-25
JBL,grossProfit,2011-11-30,340010000,2012-02-23,GrossProfit,2026-08-25
JBL,inventory,2011-11-30,2384555000,2012-02-23,InventoryNet,2026-08-25
JBL,liabilities,2011-11-30,5283661000,2012-02-23,Liabilities,2026-08-25
JBL,netIncome,2011-11-30,112872000,2012-02-23,NetIncomeLoss,2026-08-25
JBL,operatingCashFlow,2011-11-30,114573000,2012-02-23,NetCashProvidedByUsedInOperatingActivities,2026-08-25
JBL,operatingIncome,2011-11-30,170842000,2012-02-23,OperatingIncomeLoss,2026-08-25
JBL,receivables,2011-11-30,1112721000,2012-02-23,AccountsReceivableNetCurrent,2026-08-25
JBL,revenue,2011-11-30,4326769000,2012-02-23,SalesRevenueNet,2026-08-25
JBL,rnd,2011-11-30,6271000,2012-02-23,ResearchAndDevelopmentExpense,2026-08-25
JBL,shares,2011-11-30,207612936,2012-02-23,CommonStockSharesOutstanding,2026-08-25
JCI,assets,2011-12-30,26498000000,2012-03-24,Assets,2026-08-25
JCI,buybacks,2011-12-30,200000000,2012-03-24,PaymentsForRepurchaseOfCommonStock,2026-08-25
JCI,capex,2011-12-30,90000000,2012-03-24,PaymentsToAcquireProductiveAssets,2026-08-25
JCI,cash,2011-12-30,799000000,2012-03-24,CashAndCashEquivalentsAtCarryingValue,2026-08-25
JCI,debt,2011-12-30,4174000000,2012-03-24,LongTermDebt,2026-08-25
JCI,equity,2011-12-30,14279000000,2012-03-24,StockholdersEquity,2026-08-25
JCI,inventory,2011-12-30,1465000000,2012-03-24,InventoryNet,2026-08-25
JCI,liabilities,2011-12-30,12120000000,2012-03-24,Liabilities,2026-08-25
JCI,netIncome,2011-12-30,322000000,2012-03-24,NetIncomeLoss,2026-08-25
JCI,operatingCashFlow,2011-12-30,-76000000,2012-03-24,NetCashProvidedByUsedInOperatingActivitiesContinuingOperations,2026-08-25
JCI,operatingIncome,2011-12-30,186000000,2012-03-24,OperatingIncomeLoss,2026-08-25
JCI,receivables,2011-12-30,2293000000,2012-03-24,AccountsReceivableNetCurrent,2026-08-25
JCI,revenue,2011-12-30,2478000000,2012-03-24,Revenues,2026-08-25
JKHY,assets,2011-12-31,1463602000,2012-03-25,Assets,2026-08-25
JKHY,cash,2011-12-31,95202000,2012-03-25,CashAndCashEquivalentsAtCarryingValue,2026-08-25
JKHY,debt,2011-12-31,145515000,2012-03-25,LongTermDebt,2026-08-25
JKHY,equity,2011-12-31,944447000,2012-03-25,StockholdersEquity,2026-08-25
JKHY,grossProfit,2011-12-31,107409000,2012-03-25,GrossProfit,2026-08-25
JKHY,liabilities,2011-12-31,519155000,2012-03-25,Liabilities,2026-08-25
JKHY,netIncome,2011-12-31,38525000,2012-03-25,NetIncomeLoss,2026-08-25
JKHY,operatingIncome,2011-12-31,60788000,2012-03-25,OperatingIncomeLoss,2026-08-25
JKHY,revenue,2011-12-31,255858000,2012-03-25,Revenues,2026-08-25
JKHY,rnd,2011-12-31,15075000,2012-03-25,ResearchAndDevelopmentExpense,2026-08-25
JNJ,assets,2011-10-02,111821000000,2011-11-21,Assets,2026-08-25
JNJ,cash,2011-10-02,15617000000,2011-11-21,CashAndCashEquivalentsAtCarryingValue,2026-08-25
JNJ,debt,2011-10-02,13031000000,2011-11-21,LongTermDebtNoncurrent,2026-08-25
JNJ,grossProfit,2011-10-02,10933000000,2011-11-21,GrossProfit,2026-08-25
JNJ,inventory,2011-10-02,6428000000,2011-11-21,InventoryNet,2026-08-25
JNJ,liabilities,2011-10-02,50294000000,2011-11-21,Liabilities,2026-08-25
JNJ,netIncome,2011-10-02,3202000000,2011-11-21,NetIncomeLoss,2026-08-25
JNJ,operatingIncome,2011-10-02,4649000000,2011-11-21,OperatingIncomeLoss,2026-08-25
JNJ,receivables,2011-10-02,10552000000,2011-11-21,AccountsReceivableNetCurrent,2026-08-25
JPM,assets,2011-12-31,2265792000000,2012-03-25,Assets,2026-08-25
JPM,debt,2011-12-31,256775000000,2012-03-25,LongTermDebt,2026-08-25
JPM,equity,2011-12-31,183573000000,2012-03-25,StockholdersEquity,2026-08-25
JPM,liabilities,2011-12-31,2082219000000,2012-03-25,Liabilities,2026-08-25
JPM,shares,2011-12-31,3772700000,2012-03-25,CommonStockSharesOutstanding,2026-08-25
KDP,assets,2011-12-31,9283000000,2012-03-25,Assets,2026-08-25
KDP,cash,2011-12-31,701000000,2012-03-25,CashAndCashEquivalentsAtCarryingValue,2026-08-25
KDP,debt,2011-12-31,2249000000,2012-03-25,LongTermDebtNoncurrent,2026-08-25
KDP,equity,2011-12-31,2263000000,2012-03-25,StockholdersEquity,2026-08-25
KDP,grossProfit,2011-12-31,857000000,2012-03-25,GrossProfit,2026-08-25
KDP,inventory,2011-12-31,212000000,2012-03-25,InventoryNet,2026-08-25
KDP,liabilities,2011-12-31,7020000000,2012-03-25,Liabilities,2026-08-25
KDP,netIncome,2011-12-31,166000000,2012-03-25,NetIncomeLoss,2026-08-25
KDP,receivables,2011-12-31,585000000,2012-03-25,AccountsReceivableNetCurrent,2026-08-25
KDP,revenue,2011-12-31,1461000000,2012-03-25,SalesRevenueNet,2026-08-25
KDP,shares,2011-12-31,212130239,2012-03-25,CommonStockSharesOutstanding,2026-08-25
KEY,assets,2011-12-31,88785000000,2012-03-25,Assets,2026-08-25
KEY,debt,2011-12-31,9520000000,2012-03-25,LongTermDebt,2026-08-25
KEY,equity,2011-12-31,9905000000,2012-03-25,StockholdersEquity,2026-08-25
KEY,liabilities,2011-12-31,78863000000,2012-03-25,Liabilities,2026-08-25
KHC,cash,2011-12-31,0,2012-03-25,CashAndCashEquivalentsAtCarryingValue,2026-08-25
KHC,equity,2011-12-31,16588000000,2012-03-25,StockholdersEquity,2026-08-25
KIM,assets,2011-12-31,9628762000,2012-03-25,Assets,2026-08-25
KIM,cash,2011-12-31,112882000,2012-03-25,CashAndCashEquivalentsAtCarryingValue,2026-08-25
KIM,equity,2011-12-31,4686386000,2012-03-25,StockholdersEquity,2026-08-25
KIM,liabilities,2011-12-31,4653545000,2012-03-25,Liabilities,2026-08-25
KIM,netIncome,2011-12-31,46398000,2012-03-25,NetIncomeLoss,2026-08-25
KIM,shares,2011-12-31,406937830,2012-03-25,CommonStockSharesOutstanding,2026-08-25
KKR,assets,2011-12-31,40377645000,2012-03-25,Assets,2026-08-25
KKR,cash,2011-12-31,843261000,2012-03-25,CashAndCashEquivalentsAtCarryingValue,2026-08-25
KKR,debt,2011-12-31,1566500,2012-03-25,LongTermDebt,2026-08-25
KKR,liabilities,2011-12-31,2692995000,2012-03-25,Liabilities,2026-08-25
KKR,netIncome,2011-12-31,46137000,2012-03-25,NetIncomeLoss,2026-08-25
KLAC,assets,2011-12-31,4700988000,2012-03-25,Assets,2026-08-25
KLAC,cash,2011-12-31,824986000,2012-03-25,CashAndCashEquivalentsAtCarryingValue,2026-08-25
KLAC,equity,2011-12-31,2968472000,2012-03-25,StockholdersEquity,2026-08-25
KLAC,grossProfit,2011-12-31,369627000,2012-03-25,GrossProfit,2026-08-25
KLAC,inventory,2011-12-31,639641000,2012-03-25,InventoryNet,2026-08-25
KLAC,liabilities,2011-12-31,1732516000,2012-03-25,Liabilities,2026-08-25
KLAC,netIncome,2011-12-31,110797000,2012-03-25,NetIncomeLoss,2026-08-25
KLAC,operatingIncome,2011-12-31,159463000,2012-03-25,OperatingIncomeLoss,2026-08-25
KLAC,receivables,2011-12-31,544098000,2012-03-25,AccountsReceivableNetCurrent,2026-08-25
KLAC,revenue,2011-12-31,642482000,2012-03-25,SalesRevenueNet,2026-08-25
KLAC,rnd,2011-12-31,116363000,2012-03-25,ResearchAndDevelopmentExpense,2026-08-25
KMB,assets,2011-12-31,19373000000,2012-03-25,Assets,2026-08-25
KMB,cash,2011-12-31,764000000,2012-03-25,CashAndCashEquivalentsAtCarryingValue,2026-08-25
KMB,debt,2011-12-31,6045000000,2012-03-25,LongTermDebt,2026-08-25
KMB,equity,2011-12-31,5249000000,2012-03-25,StockholdersEquity,2026-08-25
KMB,grossProfit,2011-12-31,1544000000,2012-03-25,GrossProfit,2026-08-25
KMB,inventory,2011-12-31,2356000000,2012-03-25,InventoryNet,2026-08-25
KMB,netIncome,2011-12-31,401000000,2012-03-25,NetIncomeLoss,2026-08-25
KMB,operatingIncome,2011-12-31,611000000,2012-03-25,OperatingIncomeLoss,2026-08-25
KMB,receivables,2011-12-31,2602000000,2012-03-25,AccountsReceivableNetCurrent,2026-08-25
KMB,revenue,2011-12-31,5176000000,2012-03-25,SalesRevenueNet,2026-08-25
KMB,shares,2011-12-31,395700000,2012-03-25,CommonStockSharesOutstanding,2026-08-25
KMI,assets,2011-12-31,30717000000,2012-03-25,Assets,2026-08-25
KMI,cash,2011-12-31,411000000,2012-03-25,CashAndCashEquivalentsAtCarryingValue,2026-08-25
KMI,debt,2011-12-31,14356000000,2012-03-25,LongTermDebtNoncurrent,2026-08-25
KMI,equity,2011-12-31,8568000000,2012-03-25,StockholdersEquity,2026-08-25
KMI,inventory,2011-12-31,172000000,2012-03-25,InventoryNet,2026-08-25
KMI,liabilities,2011-12-31,22149000000,2012-03-25,Liabilities,2026-08-25
KO,assets,2011-12-31,79974000000,2012-03-25,Assets,2026-08-25
KO,cash,2011-12-31,12803000000,2012-03-25,CashAndCashEquivalentsAtCarryingValue,2026-08-25
KO,debt,2011-12-31,13656000000,2012-03-25,LongTermDebtNoncurrent,2026-08-25
KO,equity,2011-12-31,31635000000,2012-03-25,StockholdersEquity,2026-08-25
KO,inventory,2011-12-31,3092000000,2012-03-25,InventoryNet,2026-08-25
KO,receivables,2011-12-31,4920000000,2012-03-25,AccountsReceivableNetCurrent,2026-08-25
KR,assets,2011-11-05,23960000000,2011-12-25,Assets,2026-08-25
KR,cash,2011-11-05,216000000,2011-12-25,CashAndCashEquivalentsAtCarryingValue,2026-08-25
KR,debt,2011-11-05,6026000000,2011-12-25,LongTermDebtNoncurrent,2026-08-25
KR,equity,2011-11-05,4907000000,2011-12-25,StockholdersEquity,2026-08-25
KR,liabilities,2011-11-05,19061000000,2011-12-25,Liabilities,2026-08-25
KR,netIncome,2011-11-05,196000000,2011-12-25,NetIncomeLoss,2026-08-25
KR,operatingIncome,2011-11-05,405000000,2011-12-25,OperatingIncomeLoss,2026-08-25
L,assets,2011-12-31,75268000000,2012-03-25,Assets,2026-08-25
L,debt,2011-12-31,8913000000,2012-03-25,LongTermDebtNoncurrent,2026-08-25
L,equity,2011-12-31,18772000000,2012-03-25,StockholdersEquity,2026-08-25
L,liabilities,2011-12-31,52065000000,2012-03-25,Liabilities,2026-08-25
L,netIncome,2011-12-31,271000000,2012-03-25,NetIncomeLoss,2026-08-25
L,revenue,2011-12-31,3481000000,2012-03-25,Revenues,2026-08-25
LDOS,assets,2011-10-31,6463000000,2011-12-20,Assets,2026-08-25
LDOS,cash,2011-10-31,1463000000,2011-12-20,CashAndCashEquivalentsAtCarryingValue,2026-08-25
LDOS,debt,2011-10-31,1299000000,2011-12-20,LongTermDebtNoncurrent,2026-08-25
LDOS,equity,2011-10-31,2326000000,2011-12-20,StockholdersEquity,2026-08-25
LDOS,netIncome,2011-10-31,-89000000,2011-12-20,NetIncomeLoss,2026-08-25
LDOS,operatingIncome,2011-10-31,-20000000,2011-12-20,OperatingIncomeLoss,2026-08-25
LDOS,revenue,2011-10-31,2790000000,2011-12-20,Revenues,2026-08-25
LDOS,shares,2011-10-31,341000000,2011-12-20,CommonStockSharesOutstanding,2026-08-25
LEN,assets,2011-11-30,9154671000,2012-02-23,Assets,2026-08-25
LEN,cash,2011-11-30,1163604000,2012-02-23,CashAndCashEquivalentsAtCarryingValue,2026-08-25
LEN,equity,2011-11-30,2696468000,2012-02-23,StockholdersEquity,2026-08-25
LEN,liabilities,2011-11-30,5851146000,2012-02-23,Liabilities,2026-08-25
LEN,netIncome,2011-11-30,30278000,2012-02-23,NetIncomeLoss,2026-08-25
LEN,revenue,2011-11-30,952654000,2012-02-23,Revenues,2026-08-25
LH,assets,2011-12-31,6111800000,2012-03-25,Assets,2026-08-25
LH,cash,2011-12-31,466800000,2012-03-25,CashAndCashEquivalentsAtCarryingValue,2026-08-25
LH,debt,2011-12-31,2085500000,2012-03-25,LongTermDebtNoncurrent,2026-08-25
LH,equity,2011-12-31,2503500000,2012-03-25,StockholdersEquity,2026-08-25
LH,grossProfit,2011-12-31,549600000,2012-03-25,GrossProfit,2026-08-25
LH,inventory,2011-12-31,110800000,2012-03-25,InventoryNet,2026-08-25
LH,liabilities,2011-12-31,3588100000,2012-03-25,Liabilities,2026-08-25
LH,netIncome,2011-12-31,135400000,2012-03-25,NetIncomeLoss,2026-08-25
LH,receivables,2011-12-31,699800000,2012-03-25,AccountsReceivableNetCurrent,2026-08-25
LH,revenue,2011-12-31,1366100000,2012-03-25,SalesRevenueNet,2026-08-25
LH,shares,2011-12-31,97800000,2012-03-25,CommonStockSharesOutstanding,2026-08-25
LHX,assets,2011-12-30,6172200000,2012-03-24,Assets,2026-08-25
LHX,cash,2011-12-30,387000000,2012-03-24,CashAndCashEquivalentsAtCarryingValue,2026-08-25
LHX,equity,2011-12-30,2243800000,2012-03-24,StockholdersEquity,2026-08-25
LHX,inventory,2011-12-30,701300000,2012-03-24,InventoryNet,2026-08-25
LHX,netIncome,2011-12-30,133100000,2012-03-24,NetIncomeLoss,2026-08-25
LHX,revenue,2011-12-30,1310200000,2012-03-24,SalesRevenueNet,2026-08-25
LHX,shares,2011-12-30,112630523,2012-03-24,CommonStockSharesOutstanding,2026-08-25
LII,assets,2011-12-31,1705700000,2012-03-25,Assets,2026-08-25
LII,cash,2011-12-31,45000000,2012-03-25,CashAndCashEquivalentsAtCarryingValue,2026-08-25
LII,equity,2011-12-31,469000000,2012-03-25,StockholdersEquity,2026-08-25
LII,grossProfit,2011-12-31,153400000,2012-03-25,GrossProfit,2026-08-25
LII,inventory,2011-12-31,317900000,2012-03-25,InventoryNet,2026-08-25
LII,liabilities,2011-12-31,1237900000,2012-03-25,Liabilities,2026-08-25
LII,netIncome,2011-12-31,16700000,2012-03-25,NetIncomeLoss,2026-08-25
LII,revenue,2011-12-31,648500000,2012-03-25,SalesRevenueNet,2026-08-25
LLY,assets,2011-12-31,33659800000,2012-03-25,Assets,2026-08-25
LLY,cash,2011-12-31,5922500000,2012-03-25,CashAndCashEquivalentsAtCarryingValue,2026-08-25
LLY,debt,2011-12-31,5464700000,2012-03-25,LongTermDebtNoncurrent,2026-08-25
LLY,equity,2011-12-31,13541700000,2012-03-25,StockholdersEquity,2026-08-25
LLY,inventory,2011-12-31,2299800000,2012-03-25,InventoryNet,2026-08-25
LLY,receivables,2011-12-31,3597700000,2012-03-25,AccountsReceivableNetCurrent,2026-08-25
LMT,assets,2011-12-31,37908000000,2012-03-25,Assets,2026-08-25
LMT,cash,2011-12-31,3582000000,2012-03-25,CashAndCashEquivalentsAtCarryingValue,2026-08-25
LMT,debt,2011-12-31,6460000000,2012-03-25,LongTermDebtNoncurrent,2026-08-25
LMT,equity,2011-12-31,1001000000,2012-03-25,StockholdersEquity,2026-08-25
LMT,inventory,2011-12-31,2481000000,2012-03-25,InventoryNet,2026-08-25
LMT,liabilities,2011-12-31,36907000000,2012-03-25,Liabilities,2026-08-25
LMT,netIncome,2011-12-31,683000000,2012-03-25,NetIncomeLoss,2026-08-25
LMT,operatingIncome,2011-12-31,1106000000,2012-03-25,OperatingIncomeLoss,2026-08-25
LMT,revenue,2011-12-31,12211000000,2012-03-25,SalesRevenueNet,2026-08-25
LNT,assets,2011-12-31,9687900000,2012-03-25,Assets,2026-08-25
LNT,cash,2011-12-31,11400000,2012-03-25,CashAndCashEquivalentsAtCarryingValue,2026-08-25
LNT,debt,2011-12-31,2703100000,2012-03-25,LongTermDebtNoncurrent,2026-08-25
LNT,equity,2011-12-31,3013000000,2012-03-25,StockholdersEquity,2026-08-25
LNT,operatingIncome,2011-12-31,106000000,2012-03-25,OperatingIncomeLoss,2026-08-25
LNT,receivables,2011-12-31,88100000,2012-03-25,AccountsReceivableNetCurrent,2026-08-25
LNT,revenue,2011-12-31,760800000,2012-03-25,Revenues,2026-08-25
LNT,shares,2011-12-31,111018821,2012-03-25,CommonStockSharesOutstanding,2026-08-25
LOW,assets,2011-10-28,33866000000,2011-12-17,Assets,2026-08-25
LOW,cash,2011-10-28,675000000,2011-12-17,CashAndCashEquivalentsAtCarryingValue,2026-08-25
LOW,grossProfit,2011-10-28,4037000000,2011-12-17,GrossProfit,2026-08-25
LOW,inventory,2011-10-28,8990000000,2011-12-17,InventoryNet,2026-08-25
LOW,liabilities,2011-10-28,17057000000,2011-12-17,Liabilities,2026-08-25
LOW,revenue,2011-10-28,11852000000,2011-12-17,SalesRevenueNet,2026-08-25
LOW,shares,2011-10-28,1260000000,2011-12-17,CommonStockSharesOutstanding,2026-08-25
LRCX,assets,2011-12-25,3978147000,2012-03-19,Assets,2026-08-25
LRCX,cash,2011-12-25,1506928000,2012-03-19,CashAndCashEquivalentsAtCarryingValue,2026-08-25
LRCX,debt,2011-12-25,900000000,2012-03-19,LongTermDebtNoncurrent,2026-08-25
LRCX,equity,2011-12-25,2462744000,2012-03-19,StockholdersEquity,2026-08-25
LRCX,grossProfit,2011-12-25,234826000,2012-03-19,GrossProfit,2026-08-25
LRCX,inventory,2011-12-25,373130000,2012-03-19,InventoryNet,2026-08-25
LRCX,liabilities,2011-12-25,1515403000,2012-03-19,Liabilities,2026-08-25
LRCX,netIncome,2011-12-25,33212000,2012-03-19,NetIncomeLoss,2026-08-25
LRCX,operatingIncome,2011-12-25,47546000,2012-03-19,OperatingIncomeLoss,2026-08-25
LRCX,receivables,2011-12-25,462243000,2012-03-19,AccountsReceivableNetCurrent,2026-08-25
LRCX,revenue,2011-12-25,583981000,2012-03-19,Revenues,2026-08-25
LRCX,rnd,2011-12-25,104024000,2012-03-19,ResearchAndDevelopmentExpense,2026-08-25
LRCX,shares,2011-12-25,119540000,2012-03-19,CommonStockSharesOutstanding,2026-08-25
LULU,assets,2011-10-30,636070000,2011-12-19,Assets,2026-08-25
LULU,capex,2011-10-30,13606000,2011-12-19,PaymentsToAcquirePropertyPlantAndEquipment,2026-08-25
LULU,cash,2011-10-30,276946000,2011-12-19,CashAndCashEquivalentsAtCarryingValue,2026-08-25
LULU,equity,2011-10-30,524655000,2011-12-19,StockholdersEquity,2026-08-25
LULU,grossProfit,2011-10-30,128513000,2011-12-19,GrossProfit,2026-08-25
LULU,inventory,2011-10-30,129169000,2011-12-19,InventoryNet,2026-08-25
LULU,liabilities,2011-10-30,106980000,2011-12-19,Liabilities,2026-08-25
LULU,netIncome,2011-10-30,38794000,2011-12-19,NetIncomeLoss,2026-08-25
LULU,operatingIncome,2011-10-30,59721000,2011-12-19,OperatingIncomeLoss,2026-08-25
LULU,revenue,2011-10-30,230216000,2011-12-19,SalesRevenueNet,2026-08-25
LULU,shares,2011-10-30,109359000,2011-12-19,CommonStockSharesOutstanding,2026-08-25
LUV,assets,2011-12-31,18068000000,2012-03-25,Assets,2026-08-25
LUV,cash,2011-12-31,829000000,2012-03-25,CashAndCashEquivalentsAtCarryingValue,2026-08-25
LUV,debt,2011-12-31,3107000000,2012-03-25,LongTermDebtNoncurrent,2026-08-25
LUV,equity,2011-12-31,6877000000,2012-03-25,StockholdersEquity,2026-08-25
LUV,netIncome,2011-12-31,152000000,2012-03-25,NetIncomeLoss,2026-08-25
LUV,operatingIncome,2011-12-31,147000000,2012-03-25,OperatingIncomeLoss,2026-08-25
LUV,revenue,2011-12-31,4108000000,2012-03-25,SalesRevenueNet,2026-08-25
LVS,assets,2011-12-31,22244123000,2012-03-25,Assets,2026-08-25
LVS,cash,2011-12-31,3902718000,2012-03-25,CashAndCashEquivalentsAtCarryingValue,2026-08-25
LVS,debt,2011-12-31,10032977000,2012-03-25,LongTermDebt,2026-08-25
LVS,equity,2011-12-31,7850689000,2012-03-25,StockholdersEquity,2026-08-25
LVS,inventory,2011-12-31,34990000,2012-03-25,InventoryNet,2026-08-25
LVS,liabilities,2011-12-31,12804971000,2012-03-25,Liabilities,2026-08-25
LVS,netIncome,2011-12-31,435284000,2012-03-25,NetIncomeLoss,2026-08-25
LVS,operatingIncome,2011-12-31,663282000,2012-03-25,OperatingIncomeLoss,2026-08-25
LVS,revenue,2011-12-31,2544355000,2012-03-25,SalesRevenueNet,2026-08-25
LVS,shares,2011-12-31,733249698,2012-03-25,CommonStockSharesOutstanding,2026-08-25
LYB,assets,2011-12-31,22839000000,2012-03-25,Assets,2026-08-25
LYB,cash,2011-12-31,1065000000,2012-03-25,CashAndCashEquivalentsAtCarryingValue,2026-08-25
LYB,debt,2011-12-31,3980000000,2012-03-25,LongTermDebtNoncurrent,2026-08-25
LYB,equity,2011-12-31,10593000000,2012-03-25,StockholdersEquity,2026-08-25
LYB,inventory,2011-12-31,5499000000,2012-03-25,InventoryNet,2026-08-25
LYB,operatingIncome,2011-12-31,439000000,2012-03-25,OperatingIncomeLoss,2026-08-25
LYB,receivables,2011-12-31,3582000000,2012-03-25,AccountsReceivableNetCurrent,2026-08-25
LYB,revenue,2011-12-31,10981000000,2012-03-25,SalesRevenueNet,2026-08-25
LYB,shares,2011-12-31,573390514,2012-03-25,CommonStockSharesOutstanding,2026-08-25
LYV,assets,2011-12-31,5077344000,2012-03-25,Assets,2026-08-25
LYV,cash,2011-12-31,844253000,2012-03-25,CashAndCashEquivalentsAtCarryingValue,2026-08-25
LYV,debt,2011-12-31,1715688000,2012-03-25,LongTermDebt,2026-08-25
LYV,equity,2011-12-31,1461103000,2012-03-25,StockholdersEquity,2026-08-25
LYV,inventory,2011-12-31,12947000,2012-03-25,InventoryNet,2026-08-25
LYV,netIncome,2011-12-31,-99525000,2012-03-25,NetIncomeLoss,2026-08-25
LYV,operatingIncome,2011-12-31,-66684000,2012-03-25,OperatingIncomeLoss,2026-08-25
LYV,receivables,2011-12-31,389346000,2012-03-25,AccountsReceivableNetCurrent,2026-08-25
LYV,revenue,2011-12-31,1185682000,2012-03-25,Revenues,2026-08-25
LYV,shares,2011-12-31,189536279,2012-03-25,CommonStockSharesOutstanding,2026-08-25
MA,assets,2011-12-31,10693000000,2012-03-25,Assets,2026-08-25
MA,cash,2011-12-31,3734000000,2012-03-25,CashAndCashEquivalentsAtCarryingValue,2026-08-25
MA,equity,2011-12-31,5868000000,2012-03-25,StockholdersEquity,2026-08-25
MA,liabilities,2011-12-31,4816000000,2012-03-25,Liabilities,2026-08-25
MA,netIncome,2011-12-31,19000000,2012-03-25,NetIncomeLoss,2026-08-25
MA,operatingIncome,2011-12-31,-10000000,2012-03-25,OperatingIncomeLoss,2026-08-25
MA,receivables,2011-12-31,808000000,2012-03-25,AccountsReceivableNetCurrent,2026-08-25
MA,revenue,2011-12-31,1728000000,2012-03-25,Revenues,2026-08-25
MAA,assets,2011-12-31,2321535000,2012-03-25,Assets,2026-08-25
MAA,cash,2011-12-31,57317000,2012-03-25,CashAndCashEquivalentsAtCarryingValue,2026-08-25
MAA,equity,2011-12-31,718331000,2012-03-25,StockholdersEquity,2026-08-25
MAA,liabilities,2011-12-31,1775363000,2012-03-25,Liabilities,2026-08-25
MAA,netIncome,2011-12-31,18758000,2012-03-25,NetIncomeLoss,2026-08-25
MAA,operatingIncome,2011-12-31,24431000,2012-03-25,OperatingIncomeLoss,2026-08-25
MAA,revenue,2011-12-31,101477000,2012-03-25,Revenues,2026-08-25
MAA,shares,2011-12-31,38959338,2012-03-25,CommonStockSharesOutstanding,2026-08-25
MAR,assets,2011-12-30,5910000000,2012-03-24,Assets,2026-08-25
MAR,cash,2011-12-30,102000000,2012-03-24,CashAndCashEquivalentsAtCarryingValue,2026-08-25
MAR,debt,2011-12-30,1816000000,2012-03-24,LongTermDebtNoncurrent,2026-08-25
MAR,equity,2011-12-30,-781000000,2012-03-24,StockholdersEquity,2026-08-25
MAR,inventory,2011-12-30,11000000,2012-03-24,InventoryNet,2026-08-25
MAR,shares,2011-12-30,333000000,2012-03-24,CommonStockSharesOutstanding,2026-08-25
MAS,assets,2011-12-31,7297000000,2012-03-25,Assets,2026-08-25
MAS,cash,2011-12-31,1353000000,2012-03-25,CashAndCashEquivalentsAtCarryingValue,2026-08-25
MAS,debt,2011-12-31,3222000000,2012-03-25,LongTermDebtNoncurrent,2026-08-25
MAS,equity,2011-12-31,527000000,2012-03-25,StockholdersEquity,2026-08-25
MAS,grossProfit,2011-12-31,342000000,2012-03-25,GrossProfit,2026-08-25
MAS,inventory,2011-12-31,706000000,2012-03-25,InventoryNet,2026-08-25
MAS,liabilities,2011-12-31,6555000000,2012-03-25,Liabilities,2026-08-25
MAS,netIncome,2011-12-31,-573000000,2012-03-25,NetIncomeLoss,2026-08-25
MAS,receivables,2011-12-31,59000000,2012-03-25,AccountsReceivableNetCurrent,2026-08-25
MAS,revenue,2011-12-31,1657000000,2012-03-25,SalesRevenueNet,2026-08-25
MAS,shares,2011-12-31,347900000,2012-03-25,CommonStockSharesOutstanding,2026-08-25
MCD,assets,2011-12-31,32989900000,2012-03-25,Assets,2026-08-25
MCD,cash,2011-12-31,2335700000,2012-03-25,CashAndCashEquivalentsAtCarryingValue,2026-08-25
MCD,debt,2011-12-31,12133800000,2012-03-25,LongTermDebtNoncurrent,2026-08-25
MCD,equity,2011-12-31,14390200000,2012-03-25,StockholdersEquity,2026-08-25
MCD,inventory,2011-12-31,116800000,2012-03-25,InventoryNet,2026-08-25
MCD,netIncome,2011-12-31,1376600000,2012-03-25,NetIncomeLoss,2026-08-25
MCD,operatingIncome,2011-12-31,2120000000,2012-03-25,OperatingIncomeLoss,2026-08-25
MCD,revenue,2011-12-31,6822700000,2012-03-25,Revenues,2026-08-25
MCHP,assets,2011-12-31,3021151000,2012-03-25,Assets,2026-08-25
MCHP,cash,2011-12-31,605725000,2012-03-25,CashAndCashEquivalentsAtCarryingValue,2026-08-25
MCHP,equity,2011-12-31,1941305000,2012-03-25,StockholdersEquity,2026-08-25
MCHP,grossProfit,2011-12-31,185488000,2012-03-25,GrossProfit,2026-08-25
MCHP,inventory,2011-12-31,217853000,2012-03-25,InventoryNet,2026-08-25
MCHP,netIncome,2011-12-31,77489000,2012-03-25,NetIncomeLoss,2026-08-25
MCHP,operatingIncome,2011-12-31,88127000,2012-03-25,OperatingIncomeLoss,2026-08-25
MCHP,receivables,2011-12-31,149277000,2012-03-25,AccountsReceivableNetCurrent,2026-08-25
MCHP,revenue,2011-12-31,329156000,2012-03-25,SalesRevenueNet,2026-08-25
MCHP,rnd,2011-12-31,44256000,2012-03-25,ResearchAndDevelopmentExpense,2026-08-25
MCHP,shares,2011-12-31,192053849,2012-03-25,CommonStockSharesOutstanding,2026-08-25
MCK,assets,2011-12-31,33157000000,2012-03-25,Assets,2026-08-25
MCK,cash,2011-12-31,4191000000,2012-03-25,CashAndCashEquivalentsAtCarryingValue,2026-08-25
MCK,debt,2011-12-31,3578000000,2012-03-25,LongTermDebtNoncurrent,2026-08-25
MCK,equity,2011-12-31,7456000000,2012-03-25,StockholdersEquity,2026-08-25
MCK,grossProfit,2011-12-31,1566000000,2012-03-25,GrossProfit,2026-08-25
MCK,inventory,2011-12-31,10376000000,2012-03-25,InventoryNet,2026-08-25
MCK,netIncome,2011-12-31,300000000,2012-03-25,NetIncomeLoss,2026-08-25
MCK,operatingIncome,2011-12-31,492000000,2012-03-25,OperatingIncomeLoss,2026-08-25
MCK,revenue,2011-12-31,30839000000,2012-03-25,SalesRevenueNet,2026-08-25
MCO,assets,2011-12-31,2876100000,2012-03-25,Assets,2026-08-25
MCO,cash,2011-12-31,760000000,2012-03-25,CashAndCashEquivalentsAtCarryingValue,2026-08-25
MCO,debt,2011-12-31,1172500000,2012-03-25,LongTermDebtNoncurrent,2026-08-25
MCO,equity,2011-12-31,-169000000,2012-03-25,StockholdersEquity,2026-08-25
MCO,liabilities,2011-12-31,2974000000,2012-03-25,Liabilities,2026-08-25
MCO,netIncome,2011-12-31,96200000,2012-03-25,NetIncomeLoss,2026-08-25
MCO,operatingIncome,2011-12-31,172100000,2012-03-25,OperatingIncomeLoss,2026-08-25
MCO,receivables,2011-12-31,489800000,2012-03-25,AccountsReceivableNetCurrent,2026-08-25
MCO,revenue,2011-12-31,567100000,2012-03-25,Revenues,2026-08-25
MDLZ,assets,2011-12-31,93837000000,2012-03-25,Assets,2026-08-25
MDLZ,cash,2011-12-31,1974000000,2012-03-25,CashAndCashEquivalentsAtCarryingValue,2026-08-25
MDLZ,debt,2011-12-31,23095000000,2012-03-25,LongTermDebtNoncurrent,2026-08-25
MDLZ,equity,2011-12-31,35217000000,2012-03-25,StockholdersEquity,2026-08-25
MDLZ,grossProfit,2011-12-31,3425000000,2012-03-25,GrossProfit,2026-08-25
MDLZ,inventory,2011-12-31,5706000000,2012-03-25,InventoryNet,2026-08-25
MDLZ,liabilities,2011-12-31,58509000000,2012-03-25,Liabilities,2026-08-25
MDLZ,netIncome,2011-12-31,830000000,2012-03-25,NetIncomeLoss,2026-08-25
MDLZ,revenue,2011-12-31,9679000000,2012-03-25,Revenues,2026-08-25
MET,assets,2011-12-31,796226000000,2012-03-25,Assets,2026-08-25
MET,cash,2011-12-31,10461000000,2012-03-25,CashAndCashEquivalentsAtCarryingValue,2026-08-25
MET,debt,2011-12-31,23692000000,2012-03-25,LongTermDebt,2026-08-25
MET,equity,2011-12-31,57519000000,2012-03-25,StockholdersEquity,2026-08-25
MET,liabilities,2011-12-31,738232000000,2012-03-25,Liabilities,2026-08-25
MET,netIncome,2011-12-31,990000000,2012-03-25,NetIncomeLoss,2026-08-25
MET,revenue,2011-12-31,16735000000,2012-03-25,Revenues,2026-08-25
MET,shares,2011-12-31,1057957028,2012-03-25,CommonStockSharesOutstanding,2026-08-25
META,assets,2011-12-31,6331000000,2012-03-25,Assets,2026-08-25
META,cash,2011-12-31,1512000000,2012-03-25,CashAndCashEquivalentsAtCarryingValue,2026-08-25
META,debt,2011-12-31,0,2012-03-25,LongTermDebtNoncurrent,2026-08-25
META,equity,2011-12-31,4899000000,2012-03-25,StockholdersEquity,2026-08-25
META,liabilities,2011-12-31,1432000000,2012-03-25,Liabilities,2026-08-25
META,receivables,2011-12-31,547000000,2012-03-25,AccountsReceivableNetCurrent,2026-08-25
MGM,assets,2011-12-31,27766276000,2012-03-25,Assets,2026-08-25
MGM,cash,2011-12-31,1865913000,2012-03-25,CashAndCashEquivalentsAtCarryingValue,2026-08-25
MGM,debt,2011-12-31,13470167000,2012-03-25,LongTermDebtNoncurrent,2026-08-25
MGM,equity,2011-12-31,6086578000,2012-03-25,StockholdersEquity,2026-08-25
MGM,inventory,2011-12-31,112735000,2012-03-25,InventoryNet,2026-08-25
MGM,liabilities,2011-12-31,17884054000,2012-03-25,Liabilities,2026-08-25
MGM,operatingIncome,2011-12-31,91107000,2012-03-25,OperatingIncomeLoss,2026-08-25
MGM,revenue,2011-12-31,2296889000,2012-03-25,Revenues,2026-08-25
MGM,shares,2011-12-31,488834773,2012-03-25,CommonStockSharesOutstanding,2026-08-25
MKC,assets,2011-11-30,4087800000,2012-02-23,Assets,2026-08-25
MKC,cash,2011-11-30,53900000,2012-02-23,CashAndCashEquivalentsAtCarryingValue,2026-08-25
MKC,debt,2011-11-30,1029700000,2012-02-23,LongTermDebtNoncurrent,2026-08-25
MKC,grossProfit,2011-11-30,479100000,2012-02-23,GrossProfit,2026-08-25
MKC,liabilities,2011-11-30,2469300000,2012-02-23,Liabilities,2026-08-25
MKC,netIncome,2011-11-30,131700000,2012-02-23,NetIncomeLoss,2026-08-25
MKC,operatingIncome,2011-11-30,192000000,2012-02-23,OperatingIncomeLoss,2026-08-25
MKC,receivables,2011-11-30,427000000,2012-02-23,AccountsReceivableNetCurrent,2026-08-25
MKC,revenue,2011-11-30,1110700000,2012-02-23,SalesRevenueNet,2026-08-25
MLM,assets,2011-12-31,3147822000,2012-03-25,Assets,2026-08-25
MLM,cash,2011-12-31,26022000,2012-03-25,CashAndCashEquivalentsAtCarryingValue,2026-08-25
MLM,debt,2011-12-31,1052902000,2012-03-25,LongTermDebtNoncurrent,2026-08-25
MLM,equity,2011-12-31,1409321000,2012-03-25,StockholdersEquity,2026-08-25
MLM,inventory,2011-12-31,322607000,2012-03-25,InventoryNet,2026-08-25
MLM,liabilities,2011-12-31,1698958000,2012-03-25,Liabilities,2026-08-25
MLM,receivables,2011-12-31,203748000,2012-03-25,AccountsReceivableNetCurrent,2026-08-25
MLM,shares,2011-12-31,45726000,2012-03-25,CommonStockSharesOutstanding,2026-08-25
MMM,assets,2011-12-31,31616000000,2012-03-25,Assets,2026-08-25
MMM,cash,2011-12-31,2219000000,2012-03-25,CashAndCashEquivalentsAtCarryingValue,2026-08-25
MMM,debt,2011-12-31,4484000000,2012-03-25,LongTermDebtNoncurrent,2026-08-25
MMM,equity,2011-12-31,15420000000,2012-03-25,StockholdersEquity,2026-08-25
MMM,inventory,2011-12-31,3416000000,2012-03-25,InventoryNet,2026-08-25
MMM,liabilities,2011-12-31,15754000000,2012-03-25,Liabilities,2026-08-25
MMM,netIncome,2011-12-31,954000000,2012-03-25,NetIncomeLoss,2026-08-25
MMM,receivables,2011-12-31,3867000000,2012-03-25,AccountsReceivableNetCurrent,2026-08-25
MMM,revenue,2011-12-31,7089000000,2012-03-25,SalesRevenueNet,2026-08-25
MMM,shares,2011-12-31,694970041,2012-03-25,CommonStockSharesOutstanding,2026-08-25
MNST,assets,2011-12-31,1362399000,2012-03-25,Assets,2026-08-25
MNST,cash,2011-12-31,359331000,2012-03-25,CashAndCashEquivalentsAtCarryingValue,2026-08-25
MNST,equity,2011-12-31,979158000,2012-03-25,StockholdersEquity,2026-08-25
MNST,grossProfit,2011-12-31,214244000,2012-03-25,GrossProfit,2026-08-25
MNST,inventory,2011-12-31,155613000,2012-03-25,InventoryNet,2026-08-25
MNST,receivables,2011-12-31,218072000,2012-03-25,AccountsReceivableNetCurrent,2026-08-25
MNST,shares,2011-12-31,174277000,2012-03-25,CommonStockSharesOutstanding,2026-08-25
MO,assets,2011-12-31,36751000000,2012-03-25,Assets,2026-08-25
MO,cash,2011-12-31,3270000000,2012-03-25,CashAndCashEquivalentsAtCarryingValue,2026-08-25
MO,debt,2011-12-31,13089000000,2012-03-25,LongTermDebtNoncurrent,2026-08-25
MO,equity,2011-12-31,3680000000,2012-03-25,StockholdersEquity,2026-08-25
MO,grossProfit,2011-12-31,2374000000,2012-03-25,GrossProfit,2026-08-25
MO,inventory,2011-12-31,1779000000,2012-03-25,InventoryNet,2026-08-25
MO,liabilities,2011-12-31,33036000000,2012-03-25,Liabilities,2026-08-25
MO,netIncome,2011-12-31,836000000,2012-03-25,NetIncomeLoss,2026-08-25
MO,revenue,2011-12-31,6129000000,2012-03-25,SalesRevenueNet,2026-08-25
MO,shares,2011-12-31,2044419285,2012-03-25,CommonStockSharesOutstanding,2026-08-25
MOS,assets,2011-11-30,15802300000,2012-02-23,Assets,2026-08-25
MOS,capex,2011-11-30,387100000,2012-02-23,PaymentsToAcquirePropertyPlantAndEquipment,2026-08-25
MOS,cash,2011-11-30,3627600000,2012-02-23,CashAndCashEquivalentsAtCarryingValue,2026-08-25
MOS,debt,2011-11-30,1522400000,2012-02-23,LongTermDebt,2026-08-25
MOS,equity,2011-11-30,11300100000,2012-02-23,StockholdersEquity,2026-08-25
MOS,grossProfit,2011-11-30,881200000,2012-02-23,GrossProfit,2026-08-25
MOS,inventory,2011-11-30,1206700000,2012-02-23,InventoryNet,2026-08-25
MOS,netIncome,2011-11-30,623600000,2012-02-23,NetIncomeLoss,2026-08-25
MOS,operatingIncome,2011-11-30,797000000,2012-02-23,OperatingIncomeLoss,2026-08-25
MOS,revenue,2011-11-30,3014500000,2012-02-23,Revenues,2026-08-25
MPC,assets,2011-12-31,25745000000,2012-03-25,Assets,2026-08-25
MPC,cash,2011-12-31,3079000000,2012-03-25,CashAndCashEquivalentsAtCarryingValue,2026-08-25
MPC,debt,2011-12-31,3292000000,2012-03-25,LongTermDebtNoncurrent,2026-08-25
MPC,equity,2011-12-31,9505000000,2012-03-25,StockholdersEquity,2026-08-25
MPC,inventory,2011-12-31,3320000000,2012-03-25,InventoryNet,2026-08-25
MPC,liabilities,2011-12-31,16240000000,2012-03-25,Liabilities,2026-08-25
MPC,netIncome,2011-12-31,-75000000,2012-03-25,NetIncomeLoss,2026-08-25
MPC,receivables,2011-12-31,5461000000,2012-03-25,AccountsReceivableNetCurrent,2026-08-25
MPC,revenue,2011-12-31,19420000000,2012-03-25,Revenues,2026-08-25
MPC,shares,2011-12-31,357000000,2012-03-25,CommonStockSharesOutstanding,2026-08-25
MPWR,assets,2011-12-31,273867000,2012-03-25,Assets,2026-08-25
MPWR,cash,2011-12-31,96371000,2012-03-25,CashAndCashEquivalentsAtCarryingValue,2026-08-25
MPWR,equity,2011-12-31,242877000,2012-03-25,StockholdersEquity,2026-08-25
MPWR,grossProfit,2011-12-31,24917000,2012-03-25,GrossProfit,2026-08-25
MPWR,inventory,2011-12-31,20104000,2012-03-25,InventoryNet,2026-08-25
MPWR,liabilities,2011-12-31,30990000,2012-03-25,Liabilities,2026-08-25
MPWR,netIncome,2011-12-31,2453000,2012-03-25,NetIncomeLoss,2026-08-25
MPWR,operatingIncome,2011-12-31,2411000,2012-03-25,OperatingIncomeLoss,2026-08-25
MPWR,receivables,2011-12-31,15097000,2012-03-25,AccountsReceivableNetCurrent,2026-08-25
MPWR,revenue,2011-12-31,47461000,2012-03-25,SalesRevenueNet,2026-08-25
MPWR,shares,2011-12-31,33826032,2012-03-25,CommonStockSharesOutstanding,2026-08-25
MRK,assets,2011-12-31,105128000000,2012-03-25,Assets,2026-08-25
MRK,cash,2011-12-31,13531000000,2012-03-25,CashAndCashEquivalentsAtCarryingValue,2026-08-25
MRK,debt,2011-12-31,15525000000,2012-03-25,LongTermDebtNoncurrent,2026-08-25
MRK,equity,2011-12-31,54517000000,2012-03-25,StockholdersEquity,2026-08-25
MRK,inventory,2011-12-31,6254000000,2012-03-25,InventoryNet,2026-08-25
MRK,receivables,2011-12-31,8261000000,2012-03-25,AccountsReceivableNetCurrent,2026-08-25
MRSH,assets,2011-12-31,15454000000,2012-03-25,Assets,2026-08-25
MRSH,cash,2011-12-31,2113000000,2012-03-25,CashAndCashEquivalentsAtCarryingValue,2026-08-25
MRSH,shares,2011-12-31,539000000,2012-03-25,CommonStockSharesOutstanding,2026-08-25
MS,assets,2011-12-31,749898000000,2012-03-25,Assets,2026-08-25
MS,cash,2011-12-31,47312000000,2012-03-25,CashAndCashEquivalentsAtCarryingValue,2026-08-25
MS,debt,2011-12-31,184234000000,2012-03-25,LongTermDebt,2026-08-25
MS,equity,2011-12-31,62049000000,2012-03-25,StockholdersEquity,2026-08-25
MS,liabilities,2011-12-31,679820000000,2012-03-25,Liabilities,2026-08-25
MS,netIncome,2011-12-31,-250000000,2012-03-25,NetIncomeLoss,2026-08-25
MS,revenue,2011-12-31,5675000000,2012-03-25,Revenues,2026-08-25
MS,shares,2011-12-31,1927000000,2012-03-25,CommonStockSharesOutstanding,2026-08-25
MSCI,assets,2011-12-31,3092996000,2012-03-25,Assets,2026-08-25
MSCI,cash,2011-12-31,252211000,2012-03-25,CashAndCashEquivalentsAtCarryingValue,2026-08-25
MSCI,debt,2011-12-31,1066548000,2012-03-25,LongTermDebtNoncurrent,2026-08-25
MSCI,equity,2011-12-31,1294151000,2012-03-25,StockholdersEquity,2026-08-25
MSCI,liabilities,2011-12-31,1787564000,2012-03-25,Liabilities,2026-08-25
MSCI,netIncome,2011-12-31,44486000,2012-03-25,NetIncomeLoss,2026-08-25
MSCI,operatingIncome,2011-12-31,81633000,2012-03-25,OperatingIncomeLoss,2026-08-25
MSCI,receivables,2011-12-31,180566000,2012-03-25,AccountsReceivableNetCurrent,2026-08-25
MSCI,revenue,2011-12-31,226134000,2012-03-25,Revenues,2026-08-25
MSFT,assets,2011-12-31,112243000000,2012-03-25,Assets,2026-08-25
MSFT,buybacks,2011-12-31,1042000000,2012-03-25,PaymentsForRepurchaseOfCommonStock,2026-08-25
MSFT,capex,2011-12-31,498000000,2012-03-25,PaymentsToAcquirePropertyPlantAndEquipment,2026-08-25
MSFT,cash,2011-12-31,10610000000,2012-03-25,CashAndCashEquivalentsAtCarryingValue,2026-08-25
MSFT,debt,2011-12-31,11932000000,2012-03-25,LongTermDebtNoncurrent,2026-08-25
MSFT,equity,2011-12-31,64121000000,2012-03-25,StockholdersEquity,2026-08-25
MSFT,grossProfit,2011-12-31,15247000000,2012-03-25,GrossProfit,2026-08-25
MSFT,inventory,2011-12-31,1351000000,2012-03-25,InventoryNet,2026-08-25
MSFT,liabilities,2011-12-31,48122000000,2012-03-25,Liabilities,2026-08-25
MSFT,netIncome,2011-12-31,6624000000,2012-03-25,NetIncomeLoss,2026-08-25
MSFT,operatingCashFlow,2011-12-31,5862000000,2012-03-25,NetCashProvidedByUsedInOperatingActivities,2026-08-25
MSFT,operatingIncome,2011-12-31,7994000000,2012-03-25,OperatingIncomeLoss,2026-08-25
MSFT,receivables,2011-12-31,13643000000,2012-03-25,AccountsReceivableNetCurrent,2026-08-25
MSFT,revenue,2011-12-31,20885000000,2012-03-25,SalesRevenueNet,2026-08-25
MSFT,rnd,2011-12-31,2371000000,2012-03-25,ResearchAndDevelopmentExpense,2026-08-25
MSFT,shares,2011-12-31,8382000000,2012-03-25,CommonStockSharesOutstanding,2026-08-25
MSI,assets,2011-12-31,13929000000,2012-03-25,Assets,2026-08-25
MSI,cash,2011-12-31,1881000000,2012-03-25,CashAndCashEquivalentsAtCarryingValue,2026-08-25
MSI,debt,2011-12-31,1130000000,2012-03-25,LongTermDebtNoncurrent,2026-08-25
MSI,equity,2011-12-31,5214000000,2012-03-25,StockholdersEquity,2026-08-25
MSI,grossProfit,2011-12-31,1160000000,2012-03-25,GrossProfit,2026-08-25
MSI,inventory,2011-12-31,512000000,2012-03-25,InventoryNet,2026-08-25
MSI,netIncome,2011-12-31,184000000,2012-03-25,NetIncomeLoss,2026-08-25
MSI,operatingIncome,2011-12-31,276000000,2012-03-25,OperatingIncomeLoss,2026-08-25
MSI,receivables,2011-12-31,1866000000,2012-03-25,AccountsReceivableNetCurrent,2026-08-25
MSI,revenue,2011-12-31,2300000000,2012-03-25,Revenues,2026-08-25
MSI,rnd,2011-12-31,266000000,2012-03-25,ResearchAndDevelopmentExpense,2026-08-25
MSI,shares,2011-12-31,318800000,2012-03-25,CommonStockSharesOutstanding,2026-08-25
MTB,assets,2011-12-31,77924287000,2012-03-25,Assets,2026-08-25
MTB,cash,2011-12-31,1452397000,2012-03-25,CashAndCashEquivalentsAtCarryingValue,2026-08-25
MTB,debt,2011-12-31,6686226000,2012-03-25,LongTermDebt,2026-08-25
MTB,equity,2011-12-31,9271209000,2012-03-25,StockholdersEquity,2026-08-25
MTB,liabilities,2011-12-31,68653078000,2012-03-25,Liabilities,2026-08-25
MTD,assets,2011-12-31,2114910000,2012-03-25,Assets,2026-08-25
MTD,cash,2011-12-31,235601000,2012-03-25,CashAndCashEquivalentsAtCarryingValue,2026-08-25
MTD,debt,2011-12-31,476715000,2012-03-25,LongTermDebtNoncurrent,2026-08-25
MTD,equity,2011-12-31,781137000,2012-03-25,StockholdersEquity,2026-08-25
MTD,grossProfit,2011-12-31,346159000,2012-03-25,GrossProfit,2026-08-25
MTD,inventory,2011-12-31,241421000,2012-03-25,InventoryNet,2026-08-25
MTD,liabilities,2011-12-31,1422337000,2012-03-25,Liabilities,2026-08-25
MTD,netIncome,2011-12-31,94282000,2012-03-25,NetIncomeLoss,2026-08-25
MTD,receivables,2011-12-31,425147000,2012-03-25,AccountsReceivableNetCurrent,2026-08-25
MTD,revenue,2011-12-31,648360000,2012-03-25,SalesRevenueNet,2026-08-25
MTD,shares,2011-12-31,31590101,2012-03-25,CommonStockSharesOutstanding,2026-08-25
MU,assets,2011-12-01,14211000000,2012-02-24,Assets,2026-08-25
MU,capex,2011-12-01,697000000,2012-02-24,PaymentsToAcquirePropertyPlantAndEquipment,2026-08-25
MU,cash,2011-12-01,1915000000,2012-02-24,CashAndCashEquivalentsAtCarryingValue,2026-08-25
MU,debt,2011-12-01,1973000000,2012-02-24,LongTermDebtNoncurrent,2026-08-25
MU,equity,2011-12-01,8271000000,2012-02-24,StockholdersEquity,2026-08-25
MU,grossProfit,2011-12-01,305000000,2012-02-24,GrossProfit,2026-08-25
MU,inventory,2011-12-01,2097000000,2012-02-24,InventoryNet,2026-08-25
MU,liabilities,2011-12-01,4502000000,2012-02-24,Liabilities,2026-08-25
MU,netIncome,2011-12-01,-187000000,2012-02-24,NetIncomeLoss,2026-08-25
MU,operatingCashFlow,2011-12-01,404000000,2012-02-24,NetCashProvidedByUsedInOperatingActivities,2026-08-25
MU,operatingIncome,2011-12-01,-71000000,2012-02-24,OperatingIncomeLoss,2026-08-25
MU,receivables,2011-12-01,1046000000,2012-02-24,AccountsReceivableNetCurrent,2026-08-25
MU,revenue,2011-12-01,2090000000,2012-02-24,SalesRevenueNet,2026-08-25
MU,rnd,2011-12-01,230000000,2012-02-24,ResearchAndDevelopmentExpense,2026-08-25
MU,shares,2011-12-01,987700000,2012-02-24,CommonStockSharesOutstanding,2026-08-25
NCLH,cash,2011-12-31,58926000,2012-03-25,CashAndCashEquivalentsAtCarryingValue,2026-08-25
NDAQ,assets,2011-12-31,14091000000,2012-03-25,Assets,2026-08-25
NDAQ,cash,2011-12-31,506000000,2012-03-25,CashAndCashEquivalentsAtCarryingValue,2026-08-25
NDAQ,debt,2011-12-31,2072000000,2012-03-25,LongTermDebtNoncurrent,2026-08-25
NDAQ,equity,2011-12-31,4976000000,2012-03-25,StockholdersEquity,2026-08-25
NDAQ,liabilities,2011-12-31,9105000000,2012-03-25,Liabilities,2026-08-25
NDAQ,shares,2011-12-31,173552939,2012-03-25,CommonStockSharesOutstanding,2026-08-25
NDSN,assets,2011-10-31,1304450000,2011-12-20,Assets,2026-08-25
NDSN,cash,2011-10-31,37408000,2011-12-20,CashAndCashEquivalentsAtCarryingValue,2026-08-25
NDSN,debt,2011-10-31,313459000,2011-12-20,LongTermDebtNoncurrent,2026-08-25
NDSN,equity,2011-10-31,571323000,2011-12-20,StockholdersEquity,2026-08-25
NDSN,grossProfit,2011-10-31,196459000,2011-12-20,GrossProfit,2026-08-25
NDSN,inventory,2011-10-31,141912000,2011-12-20,InventoryNet,2026-08-25
NDSN,netIncome,2011-10-31,54675000,2011-12-20,NetIncomeLoss,2026-08-25
NDSN,revenue,2011-10-31,331018000,2011-12-20,SalesRevenueNet,2026-08-25
NDSN,shares,2011-10-31,65601000,2011-12-20,CommonStockSharesOutstanding,2026-08-25
NEE,assets,2011-12-31,57188000000,2012-03-25,Assets,2026-08-25
NEE,cash,2011-12-31,329000000,2012-03-25,CashAndCashEquivalentsAtCarryingValue,2026-08-25
NEE,debt,2011-12-31,20810000000,2012-03-25,LongTermDebtNoncurrent,2026-08-25
NEE,equity,2011-12-31,14943000000,2012-03-25,StockholdersEquity,2026-08-25
NEE,inventory,2011-12-31,1074000000,2012-03-25,InventoryNet,2026-08-25
NEE,netIncome,2011-12-31,667000000,2012-03-25,NetIncomeLoss,2026-08-25
NEE,operatingIncome,2011-12-31,1086000000,2012-03-25,OperatingIncomeLoss,2026-08-25
NEE,receivables,2011-12-31,1372000000,2012-03-25,AccountsReceivableNetCurrent,2026-08-25
NEE,revenue,2011-12-31,3864000000,2012-03-25,Revenues,2026-08-25
NEE,shares,2011-12-31,416000000,2012-03-25,CommonStockSharesOutstanding,2026-08-25
NEM,assets,2011-12-31,26041000000,2012-03-25,Assets,2026-08-25
NEM,cash,2011-12-31,1760000000,2012-03-25,CashAndCashEquivalentsAtCarryingValue,2026-08-25
NEM,debt,2011-12-31,3624000000,2012-03-25,LongTermDebtNoncurrent,2026-08-25
NEM,equity,2011-12-31,12896000000,2012-03-25,StockholdersEquity,2026-08-25
NEM,grossProfit,2011-12-31,1423000000,2012-03-25,GrossProfit,2026-08-25
NEM,inventory,2011-12-31,714000000,2012-03-25,InventoryNet,2026-08-25
NEM,liabilities,2011-12-31,10340000000,2012-03-25,Liabilities,2026-08-25
NEM,netIncome,2011-12-31,-1028000000,2012-03-25,NetIncomeLoss,2026-08-25
NEM,receivables,2011-12-31,300000000,2012-03-25,AccountsReceivableNetCurrent,2026-08-25
NFLX,assets,2011-12-31,3069196000,2012-03-25,Assets,2026-08-25
NFLX,cash,2011-12-31,508053000,2012-03-25,CashAndCashEquivalentsAtCarryingValue,2026-08-25
NFLX,equity,2011-12-31,642810000,2012-03-25,StockholdersEquity,2026-08-25
NFLX,grossProfit,2011-12-31,300420000,2012-03-25,GrossProfit,2026-08-25
NFLX,liabilities,2011-12-31,2426386000,2012-03-25,Liabilities,2026-08-25
NFLX,netIncome,2011-12-31,35219000,2012-03-25,NetIncomeLoss,2026-08-25
NFLX,operatingIncome,2011-12-31,61872000,2012-03-25,OperatingIncomeLoss,2026-08-25
NFLX,revenue,2011-12-31,875575000,2012-03-25,Revenues,2026-08-25
NFLX,shares,2011-12-31,55398615,2012-03-25,CommonStockSharesOutstanding,2026-08-25
NI,assets,2011-12-31,20708300000,2012-03-25,Assets,2026-08-25
NI,cash,2011-12-31,11500000,2012-03-25,CashAndCashEquivalentsAtCarryingValue,2026-08-25
NI,debt,2011-12-31,6631800000,2012-03-25,LongTermDebt,2026-08-25
NI,equity,2011-12-31,4997300000,2012-03-25,StockholdersEquity,2026-08-25
NI,netIncome,2011-12-31,14700000,2012-03-25,NetIncomeLoss,2026-08-25
NI,operatingIncome,2011-12-31,182200000,2012-03-25,OperatingIncomeLoss,2026-08-25
NI,receivables,2011-12-31,850600000,2012-03-25,AccountsReceivableNetCurrent,2026-08-25
NI,revenue,2011-12-31,1479100000,2012-03-25,SalesRevenueNet,2026-08-25
NI,shares,2011-12-31,281853571,2012-03-25,CommonStockSharesOutstanding,2026-08-25
NKE,assets,2011-11-30,14565000000,2012-02-23,Assets,2026-08-25
NKE,cash,2011-11-30,1929000000,2012-02-23,CashAndCashEquivalentsAtCarryingValue,2026-08-25
NKE,debt,2011-11-30,234000000,2012-02-23,LongTermDebtNoncurrent,2026-08-25
NKE,equity,2011-11-30,9843000000,2012-02-23,StockholdersEquity,2026-08-25
NKE,grossProfit,2011-11-30,2376000000,2012-02-23,GrossProfit,2026-08-25
NKE,netIncome,2011-11-30,469000000,2012-02-23,NetIncomeLoss,2026-08-25
NKE,receivables,2011-11-30,3103000000,2012-02-23,AccountsReceivableNetCurrent,2026-08-25
NKE,revenue,2011-11-30,5546000000,2012-02-23,SalesRevenueNet,2026-08-25
NOC,assets,2011-12-31,25411000000,2012-03-25,Assets,2026-08-25
NOC,cash,2011-12-31,3002000000,2012-03-25,CashAndCashEquivalentsAtCarryingValue,2026-08-25
NOC,debt,2011-12-31,3929000000,2012-03-25,LongTermDebt,2026-08-25
NOC,equity,2011-12-31,10336000000,2012-03-25,StockholdersEquity,2026-08-25
NOC,liabilities,2011-12-31,15075000000,2012-03-25,Liabilities,2026-08-25
NOC,netIncome,2011-12-31,548000000,2012-03-25,NetIncomeLoss,2026-08-25
NOC,operatingIncome,2011-12-31,799000000,2012-03-25,OperatingIncomeLoss,2026-08-25
NOC,revenue,2011-12-31,6506000000,2012-03-25,SalesRevenueNet,2026-08-25
NOC,shares,2011-12-31,253889622,2012-03-25,CommonStockSharesOutstanding,2026-08-25
NOW,assets,2011-12-31,156323000,2012-03-25,Assets,2026-08-25
NOW,cash,2011-12-31,68088000,2012-03-25,CashAndCashEquivalentsAtCarryingValue,2026-08-25
NOW,equity,2011-12-31,-57426000,2012-03-25,StockholdersEquity,2026-08-25
NOW,liabilities,2011-12-31,145577000,2012-03-25,Liabilities,2026-08-25
NOW,receivables,2011-12-31,44860000,2012-03-25,AccountsReceivableNetCurrent,2026-08-25
NOW,shares,2011-12-31,22229978,2012-03-25,CommonStockSharesOutstanding,2026-08-25
NRG,assets,2011-12-31,26900000000,2012-03-25,Assets,2026-08-25
NRG,cash,2011-12-31,1105000000,2012-03-25,CashAndCashEquivalentsAtCarryingValue,2026-08-25
NRG,debt,2011-12-31,9729000000,2012-03-25,LongTermDebt,2026-08-25
NRG,inventory,2011-12-31,308000000,2012-03-25,InventoryNet,2026-08-25
NRG,liabilities,2011-12-31,18982000000,2012-03-25,Liabilities,2026-08-25
NRG,netIncome,2011-12-31,-109000000,2012-03-25,NetIncomeLoss,2026-08-25
NRG,operatingIncome,2011-12-31,9000000,2012-03-25,OperatingIncomeLoss,2026-08-25
NRG,receivables,2011-12-31,834000000,2012-03-25,AccountsReceivableNetCurrent,2026-08-25
NRG,revenue,2011-12-31,2132000000,2012-03-25,Revenues,2026-08-25
NRG,shares,2011-12-31,227519521,2012-03-25,CommonStockSharesOutstanding,2026-08-25
NSC,assets,2011-12-31,28538000000,2012-03-25,Assets,2026-08-25
NSC,cash,2011-12-31,276000000,2012-03-25,CashAndCashEquivalentsAtCarryingValue,2026-08-25
NSC,debt,2011-12-31,7440000000,2012-03-25,LongTermDebt,2026-08-25
NSC,liabilities,2011-12-31,18627000000,2012-03-25,Liabilities,2026-08-25
NSC,operatingIncome,2011-12-31,800000000,2012-03-25,OperatingIncomeLoss,2026-08-25
NSC,receivables,2011-12-31,1022000000,2012-03-25,AccountsReceivableNetCurrent,2026-08-25
NSC,revenue,2011-12-31,2797000000,2012-03-25,Revenues,2026-08-25
NSC,shares,2011-12-31,330386089,2012-03-25,CommonStockSharesOutstanding,2026-08-25
NTAP,assets,2011-10-28,8504100000,2011-12-17,Assets,2026-08-25
NTAP,cash,2011-10-28,2269000000,2011-12-17,CashAndCashEquivalentsAtCarryingValue,2026-08-25
NTAP,equity,2011-10-28,3803000000,2011-12-17,StockholdersEquity,2026-08-25
NTAP,grossProfit,2011-10-28,913000000,2011-12-17,GrossProfit,2026-08-25
NTAP,inventory,2011-10-28,163300000,2011-12-17,InventoryNet,2026-08-25
NTAP,liabilities,2011-10-28,4701100000,2011-12-17,Liabilities,2026-08-25
NTAP,netIncome,2011-10-28,165600000,2011-12-17,NetIncomeLoss,2026-08-25
NTAP,operatingIncome,2011-10-28,192400000,2011-12-17,OperatingIncomeLoss,2026-08-25
NTAP,receivables,2011-10-28,625200000,2011-12-17,AccountsReceivableNetCurrent,2026-08-25
NTAP,revenue,2011-10-28,1507000000,2011-12-17,Revenues,2026-08-25
NTAP,rnd,2011-10-28,199700000,2011-12-17,ResearchAndDevelopmentExpense,2026-08-25
NTRS,assets,2011-12-31,100223700000,2012-03-25,Assets,2026-08-25
NTRS,debt,2011-12-31,2133300000,2012-03-25,LongTermDebt,2026-08-25
NTRS,equity,2011-12-31,7117300000,2012-03-25,StockholdersEquity,2026-08-25
NTRS,liabilities,2011-12-31,93106400000,2012-03-25,Liabilities,2026-08-25
NTRS,shares,2011-12-31,241008509,2012-03-25,CommonStockSharesOutstanding,2026-08-25
NUE,assets,2011-12-31,14570350000,2012-03-25,Assets,2026-08-25
NUE,cash,2011-12-31,1200645000,2012-03-25,CashAndCashEquivalentsAtCarryingValue,2026-08-25
NUE,debt,2011-12-31,3630200000,2012-03-25,LongTermDebtNoncurrent,2026-08-25
NUE,equity,2011-12-31,7474885000,2012-03-25,StockholdersEquity,2026-08-25
NUE,grossProfit,2011-12-31,350105000,2012-03-25,GrossProfit,2026-08-25
NUE,inventory,2011-12-31,1987257000,2012-03-25,InventoryNet,2026-08-25
NUE,liabilities,2011-12-31,6863770000,2012-03-25,Liabilities,2026-08-25
NUE,netIncome,2011-12-31,137056000,2012-03-25,NetIncomeLoss,2026-08-25
NUE,receivables,2011-12-31,1710773000,2012-03-25,AccountsReceivableNetCurrent,2026-08-25
NUE,revenue,2011-12-31,4829677000,2012-03-25,SalesRevenueNet,2026-08-25
NVDA,assets,2011-10-30,5089043000,2011-12-19,Assets,2026-08-25
NVDA,cash,2011-10-30,566816000,2011-12-19,CashAndCashEquivalentsAtCarryingValue,2026-08-25
NVDA,equity,2011-10-30,3973450000,2011-12-19,StockholdersEquity,2026-08-25
NVDA,grossProfit,2011-10-30,556717000,2011-12-19,GrossProfit,2026-08-25
NVDA,inventory,2011-10-30,319602000,2011-12-19,InventoryNet,2026-08-25
NVDA,netIncome,2011-10-30,178273000,2011-12-19,NetIncomeLoss,2026-08-25
NVDA,operatingIncome,2011-10-30,197090000,2011-12-19,OperatingIncomeLoss,2026-08-25
NVDA,receivables,2011-10-30,371261000,2011-12-19,AccountsReceivableNetCurrent,2026-08-25
NVDA,revenue,2011-10-30,1066180000,2011-12-19,Revenues,2026-08-25
NVDA,rnd,2011-10-30,256498000,2011-12-19,ResearchAndDevelopmentExpense,2026-08-25
NVR,assets,2011-12-31,1779485000,2012-03-25,Assets,2026-08-25
NVR,cash,2011-12-31,480794000,2012-03-25,CashAndCashEquivalentsAtCarryingValue,2026-08-25
NVR,equity,2011-12-31,1374799000,2012-03-25,StockholdersEquity,2026-08-25
NVR,liabilities,2011-12-31,404686000,2012-03-25,Liabilities,2026-08-25
NVR,netIncome,2011-12-31,32392000,2012-03-25,NetIncomeLoss,2026-08-25
NVR,shares,2011-12-31,4977633,2012-03-25,CommonStockSharesOutstanding,2026-08-25
NXPI,assets,2011-12-31,6612000000,2012-03-25,Assets,2026-08-25
NXPI,cash,2011-12-31,743000000,2012-03-25,CashAndCashEquivalentsAtCarryingValue,2026-08-25
NXPI,debt,2011-12-31,3747000000,2012-03-25,LongTermDebtNoncurrent,2026-08-25
NXPI,equity,2011-12-31,1145000000,2012-03-25,StockholdersEquity,2026-08-25
NXPI,inventory,2011-12-31,618000000,2012-03-25,InventoryNet,2026-08-25
NXPI,receivables,2011-12-31,441000000,2012-03-25,AccountsReceivableNetCurrent,2026-08-25
O,assets,2011-12-31,4419389000,2012-03-25,Assets,2026-08-25
O,debt,2011-12-31,1750000000,2012-03-25,LongTermDebt,2026-08-25
O,equity,2011-12-31,2254854000,2012-03-25,StockholdersEquity,2026-08-25
O,liabilities,2011-12-31,2164535000,2012-03-25,Liabilities,2026-08-25
O,shares,2011-12-31,133223338,2012-03-25,CommonStockSharesOutstanding,2026-08-25
ODFL,assets,2011-12-31,1513074000,2012-03-25,Assets,2026-08-25
ODFL,cash,2011-12-31,75850000,2012-03-25,CashAndCashEquivalentsAtCarryingValue,2026-08-25
ODFL,debt,2011-12-31,269185000,2012-03-25,LongTermDebt,2026-08-25
ODFL,equity,2011-12-31,856519000,2012-03-25,StockholdersEquity,2026-08-25
ODFL,liabilities,2011-12-31,656555000,2012-03-25,Liabilities,2026-08-25
ODFL,netIncome,2011-12-31,39883000,2012-03-25,NetIncomeLoss,2026-08-25
ODFL,operatingIncome,2011-12-31,63312000,2012-03-25,OperatingIncomeLoss,2026-08-25
ODFL,receivables,2011-12-31,213481000,2012-03-25,AccountsReceivableNetCurrent,2026-08-25
ODFL,shares,2011-12-31,86164986,2012-03-25,CommonStockSharesOutstanding,2026-08-25
OKE,assets,2011-12-31,13707539000,2012-03-25,Assets,2026-08-25
OKE,cash,2011-12-31,56684000,2012-03-25,CashAndCashEquivalentsAtCarryingValue,2026-08-25
OKE,debt,2011-12-31,4529551000,2012-03-25,LongTermDebtNoncurrent,2026-08-25
OKE,equity,2011-12-31,2238573000,2012-03-25,StockholdersEquity,2026-08-25
OKE,grossProfit,2011-12-31,699025000,2012-03-25,GrossProfit,2026-08-25
OKE,inventory,2011-12-31,549915000,2012-03-25,InventoryNet,2026-08-25
OKE,netIncome,2011-12-31,115001000,2012-03-25,NetIncomeLoss,2026-08-25
OKE,revenue,2011-12-31,4071037000,2012-03-25,Revenues,2026-08-25
OKE,shares,2011-12-31,206509960,2012-03-25,CommonStockSharesOutstanding,2026-08-25
OMC,assets,2011-12-31,20505400000,2012-03-25,Assets,2026-08-25
OMC,cash,2011-12-31,1781200000,2012-03-25,CashAndCashEquivalentsAtCarryingValue,2026-08-25
OMC,debt,2011-12-31,3160700000,2012-03-25,LongTermDebt,2026-08-25
OMC,equity,2011-12-31,3504300000,2012-03-25,StockholdersEquity,2026-08-25
OMC,netIncome,2011-12-31,271900000,2012-03-25,NetIncomeLoss,2026-08-25
OMC,operatingIncome,2011-12-31,487400000,2012-03-25,OperatingIncomeLoss,2026-08-25
OMC,receivables,2011-12-31,6632000000,2012-03-25,AccountsReceivableNetCurrent,2026-08-25
OMC,revenue,2011-12-31,3852900000,2012-03-25,Revenues,2026-08-25
OMC,shares,2011-12-31,273400000,2012-03-25,CommonStockSharesOutstanding,2026-08-25
ON,assets,2011-12-31,3883500000,2012-03-25,Assets,2026-08-25
ON,cash,2011-12-31,652900000,2012-03-25,CashAndCashEquivalentsAtCarryingValue,2026-08-25
ON,debt,2011-12-31,836900000,2012-03-25,LongTermDebtNoncurrent,2026-08-25
ON,equity,2011-12-31,1468200000,2012-03-25,StockholdersEquity,2026-08-25
ON,grossProfit,2011-12-31,239200000,2012-03-25,GrossProfit,2026-08-25
ON,inventory,2011-12-31,637400000,2012-03-25,InventoryNet,2026-08-25
ON,liabilities,2011-12-31,2390000000,2012-03-25,Liabilities,2026-08-25
ON,netIncome,2011-12-31,-8800000,2012-03-25,NetIncomeLoss,2026-08-25
ON,revenue,2011-12-31,767900000,2012-03-25,Revenues,2026-08-25
ON,shares,2011-12-31,451284220,2012-03-25,CommonStockSharesOutstanding,2026-08-25
ORCL,assets,2011-11-30,72910000000,2012-02-23,Assets,2026-08-25
ORCL,cash,2011-11-30,13286000000,2012-02-23,CashAndCashEquivalentsAtCarryingValue,2026-08-25
ORCL,equity,2011-11-30,41920000000,2012-02-23,StockholdersEquity,2026-08-25
ORCL,inventory,2011-11-30,218000000,2012-02-23,InventoryNet,2026-08-25
ORCL,netIncome,2011-11-30,2192000000,2012-02-23,NetIncomeLoss,2026-08-25
ORCL,operatingIncome,2011-11-30,3111000000,2012-02-23,OperatingIncomeLoss,2026-08-25
ORCL,receivables,2011-11-30,4434000000,2012-02-23,AccountsReceivableNetCurrent,2026-08-25
ORCL,revenue,2011-11-30,8792000000,2012-02-23,Revenues,2026-08-25
ORCL,rnd,2011-11-30,1102000000,2012-02-23,ResearchAndDevelopmentExpense,2026-08-25
ORCL,shares,2011-11-30,5032000000,2012-02-23,CommonStockSharesOutstanding,2026-08-25
ORLY,assets,2011-12-31,5500501000,2012-03-25,Assets,2026-08-25
ORLY,cash,2011-12-31,361552000,2012-03-25,CashAndCashEquivalentsAtCarryingValue,2026-08-25
ORLY,debt,2011-12-31,797574000,2012-03-25,LongTermDebt,2026-08-25
ORLY,equity,2011-12-31,2844851000,2012-03-25,StockholdersEquity,2026-08-25
ORLY,grossProfit,2011-12-31,694697000,2012-03-25,GrossProfit,2026-08-25
ORLY,inventory,2011-12-31,1985748000,2012-03-25,InventoryNet,2026-08-25
ORLY,netIncome,2011-12-31,122988000,2012-03-25,NetIncomeLoss,2026-08-25
ORLY,operatingIncome,2011-12-31,206911000,2012-03-25,OperatingIncomeLoss,2026-08-25
ORLY,receivables,2011-12-31,135149000,2012-03-25,AccountsReceivableNetCurrent,2026-08-25
ORLY,revenue,2011-12-31,1391307000,2012-03-25,SalesRevenueNet,2026-08-25
ORLY,shares,2011-12-31,127179792,2012-03-25,CommonStockSharesOutstanding,2026-08-25
OXY,assets,2011-12-31,60044000000,2012-03-25,Assets,2026-08-25
OXY,cash,2011-12-31,3781000000,2012-03-25,CashAndCashEquivalentsAtCarryingValue,2026-08-25
OXY,debt,2011-12-31,5871000000,2012-03-25,LongTermDebtNoncurrent,2026-08-25
OXY,equity,2011-12-31,37620000000,2012-03-25,StockholdersEquity,2026-08-25
OXY,inventory,2011-12-31,1069000000,2012-03-25,InventoryNet,2026-08-25
OXY,receivables,2011-12-31,5395000000,2012-03-25,AccountsReceivableNetCurrent,2026-08-25
OXY,shares,2011-12-31,886809000,2012-03-25,CommonStockSharesOutstanding,2026-08-25
PANW,buybacks,2011-10-31,59000,2011-12-20,PaymentsForRepurchaseOfCommonStock,2026-08-25
PANW,capex,2011-10-31,2732000,2011-12-20,PaymentsToAcquireProductiveAssets,2026-08-25
PANW,cash,2011-10-31,59826000,2011-12-20,CashAndCashEquivalentsAtCarryingValue,2026-08-25
PANW,grossProfit,2011-10-31,42273000,2011-12-20,GrossProfit,2026-08-25
PANW,netIncome,2011-10-31,4116000,2011-12-20,NetIncomeLoss,2026-08-25
PANW,operatingCashFlow,2011-10-31,20592000,2011-12-20,NetCashProvidedByUsedInOperatingActivitiesContinuingOperations,2026-08-25
PANW,operatingIncome,2011-10-31,6900000,2011-12-20,OperatingIncomeLoss,2026-08-25
PANW,revenue,2011-10-31,57113000,2011-12-20,SalesRevenueNet,2026-08-25
PANW,rnd,2011-10-31,7848000,2011-12-20,ResearchAndDevelopmentExpense,2026-08-25
PAYX,assets,2011-11-30,4932000000,2012-02-23,Assets,2026-08-25
PAYX,cash,2011-11-30,96100000,2012-02-23,CashAndCashEquivalentsAtCarryingValue,2026-08-25
PAYX,equity,2011-11-30,1558700000,2012-02-23,StockholdersEquity,2026-08-25
PAYX,liabilities,2011-11-30,3373300000,2012-02-23,Liabilities,2026-08-25
PAYX,netIncome,2011-11-30,140400000,2012-02-23,NetIncomeLoss,2026-08-25
PAYX,operatingIncome,2011-11-30,217900000,2012-02-23,OperatingIncomeLoss,2026-08-25
PAYX,receivables,2011-11-30,221500000,2012-02-23,AccountsReceivableNetCurrent,2026-08-25
PAYX,revenue,2011-11-30,545700000,2012-02-23,Revenues,2026-08-25
PAYX,shares,2011-11-30,362400000,2012-02-23,CommonStockSharesOutstanding,2026-08-25
PCAR,assets,2011-12-31,17172700000,2012-03-25,Assets,2026-08-25
PCAR,cash,2011-12-31,2106700000,2012-03-25,CashAndCashEquivalentsAtCarryingValue,2026-08-25
PCAR,equity,2011-12-31,5364400000,2012-03-25,StockholdersEquity,2026-08-25
PCG,assets,2011-12-31,49750000000,2012-03-25,Assets,2026-08-25
PCG,cash,2011-12-31,513000000,2012-03-25,CashAndCashEquivalentsAtCarryingValue,2026-08-25
PCG,debt,2011-12-31,11766000000,2012-03-25,LongTermDebtNoncurrent,2026-08-25
PCG,equity,2011-12-31,12101000000,2012-03-25,StockholdersEquity,2026-08-25
PCG,inventory,2011-12-31,159000000,2012-03-25,InventoryNet,2026-08-25
PCG,receivables,2011-12-31,992000000,2012-03-25,AccountsReceivableNetCurrent,2026-08-25
PCG,shares,2011-12-31,412257082,2012-03-25,CommonStockSharesOutstanding,2026-08-25
PEG,assets,2011-12-31,29821000000,2012-03-25,Assets,2026-08-25
PEG,cash,2011-12-31,834000000,2012-03-25,CashAndCashEquivalentsAtCarryingValue,2026-08-25
PEG,debt,2011-12-31,7461000000,2012-03-25,LongTermDebtNoncurrent,2026-08-25
PEG,equity,2011-12-31,10270000000,2012-03-25,StockholdersEquity,2026-08-25
PEG,netIncome,2011-12-31,360000000,2012-03-25,NetIncomeLoss,2026-08-25
PEG,operatingIncome,2011-12-31,709000000,2012-03-25,OperatingIncomeLoss,2026-08-25
PEG,receivables,2011-12-31,967000000,2012-03-25,AccountsReceivableNetCurrent,2026-08-25
PEG,revenue,2011-12-31,2636000000,2012-03-25,Revenues,2026-08-25
PEG,shares,2011-12-31,505945286,2012-03-25,CommonStockSharesOutstanding,2026-08-25
PEP,assets,2011-12-31,72882000000,2012-03-25,Assets,2026-08-25
PEP,cash,2011-12-31,4067000000,2012-03-25,CashAndCashEquivalentsAtCarryingValue,2026-08-25
PEP,debt,2011-12-31,20568000000,2012-03-25,LongTermDebtNoncurrent,2026-08-25
PEP,equity,2011-12-31,20704000000,2012-03-25,StockholdersEquity,2026-08-25
PEP,inventory,2011-12-31,3827000000,2012-03-25,InventoryNet,2026-08-25
PEP,liabilities,2011-12-31,51983000000,2012-03-25,Liabilities,2026-08-25
PFE,assets,2011-12-31,188002000000,2012-03-25,Assets,2026-08-25
PFE,cash,2011-12-31,3182000000,2012-03-25,CashAndCashEquivalentsAtCarryingValue,2026-08-25
PFE,debt,2011-12-31,34926000000,2012-03-25,LongTermDebtNoncurrent,2026-08-25
PFE,equity,2011-12-31,82190000000,2012-03-25,StockholdersEquity,2026-08-25
PFE,inventory,2011-12-31,6610000000,2012-03-25,InventoryNet,2026-08-25
PFE,liabilities,2011-12-31,105381000000,2012-03-25,Liabilities,2026-08-25
PFE,netIncome,2011-10-02,3738000000,2011-11-21,NetIncomeLoss,2026-08-25
PFE,receivables,2011-12-31,13058000000,2012-03-25,AccountsReceivableNetCurrent,2026-08-25
PFE,revenue,2011-10-02,16609000000,2011-11-21,SalesRevenueNet,2026-08-25
PFG,assets,2011-12-31,147361700000,2012-03-25,Assets,2026-08-25
PFG,cash,2011-12-31,2833900000,2012-03-25,CashAndCashEquivalentsAtCarryingValue,2026-08-25
PFG,debt,2011-12-31,1564800000,2012-03-25,LongTermDebt,2026-08-25
PFG,equity,2011-12-31,9017900000,2012-03-25,StockholdersEquity,2026-08-25
PFG,liabilities,2011-12-31,137967800000,2012-03-25,Liabilities,2026-08-25
PFG,revenue,2011-12-31,2058800000,2012-03-25,Revenues,2026-08-25
PFG,shares,2011-12-31,301100000,2012-03-25,CommonStockSharesOutstanding,2026-08-25
PG,assets,2011-12-31,134311000000,2012-03-25,Assets,2026-08-25
PG,cash,2011-12-31,4414000000,2012-03-25,CashAndCashEquivalentsAtCarryingValue,2026-08-25
PG,debt,2011-12-31,19270000000,2012-03-25,LongTermDebtNoncurrent,2026-08-25
PG,inventory,2011-12-31,7444000000,2012-03-25,InventoryNet,2026-08-25
PG,liabilities,2011-12-31,69411000000,2012-03-25,Liabilities,2026-08-25
PG,netIncome,2011-12-31,1690000000,2012-03-25,NetIncomeLoss,2026-08-25
PG,operatingIncome,2011-12-31,2680000000,2012-03-25,OperatingIncomeLoss,2026-08-25
PG,receivables,2011-12-31,6905000000,2012-03-25,AccountsReceivableNetCurrent,2026-08-25
PG,revenue,2011-12-31,21744000000,2012-03-25,SalesRevenueNet,2026-08-25
PGR,assets,2011-12-31,21844800000,2012-03-25,Assets,2026-08-25
PGR,debt,2011-12-31,2442100000,2012-03-25,LongTermDebt,2026-08-25
PGR,equity,2011-12-31,5806700000,2012-03-25,StockholdersEquity,2026-08-25
PGR,liabilities,2011-12-31,16038100000,2012-03-25,Liabilities,2026-08-25
PH,assets,2011-12-31,10327584000,2012-03-25,Assets,2026-08-25
PH,cash,2011-12-31,487984000,2012-03-25,CashAndCashEquivalentsAtCarryingValue,2026-08-25
PH,debt,2011-12-31,1659434000,2012-03-25,LongTermDebtNoncurrent,2026-08-25
PH,equity,2011-12-31,5158126000,2012-03-25,StockholdersEquity,2026-08-25
PH,grossProfit,2011-12-31,725510000,2012-03-25,GrossProfit,2026-08-25
PH,inventory,2011-12-31,1452664000,2012-03-25,InventoryNet,2026-08-25
PH,liabilities,2011-12-31,5071681000,2012-03-25,Liabilities,2026-08-25
PH,netIncome,2011-12-31,240766000,2012-03-25,NetIncomeLoss,2026-08-25
PH,operatingIncome,2011-12-31,441763000,2012-03-25,OperatingIncomeLoss,2026-08-25
PH,revenue,2011-12-31,3106832000,2012-03-25,SalesRevenueNet,2026-08-25
PHM,assets,2011-12-31,6885620000,2012-03-25,Assets,2026-08-25
PHM,cash,2011-12-31,1083071000,2012-03-25,CashAndCashEquivalentsAtCarryingValue,2026-08-25
PHM,equity,2011-12-31,1938615000,2012-03-25,StockholdersEquity,2026-08-25
PHM,liabilities,2011-12-31,4947005000,2012-03-25,Liabilities,2026-08-25
PHM,netIncome,2011-12-31,13821000,2012-03-25,NetIncomeLoss,2026-08-25
PHM,receivables,2011-12-31,13000000,2012-03-25,AccountsReceivableNetCurrent,2026-08-25
PHM,revenue,2011-12-31,1262345000,2012-03-25,Revenues,2026-08-25
PHM,shares,2011-12-31,382607543,2012-03-25,CommonStockSharesOutstanding,2026-08-25
PKG,assets,2011-12-31,2454800000,2012-03-25,Assets,2026-08-25
PKG,cash,2011-12-31,156300000,2012-03-25,CashAndCashEquivalentsAtCarryingValue,2026-08-25
PKG,debt,2011-12-31,793448000,2012-03-25,LongTermDebtNoncurrent,2026-08-25
PKG,equity,2011-12-31,971300000,2012-03-25,StockholdersEquity,2026-08-25
PKG,grossProfit,2011-12-31,134157000,2012-03-25,GrossProfit,2026-08-25
PKG,inventory,2011-12-31,254675000,2012-03-25,InventoryNet,2026-08-25
PKG,netIncome,2011-12-31,39465000,2012-03-25,NetIncomeLoss,2026-08-25
PKG,operatingIncome,2011-12-31,67807000,2012-03-25,OperatingIncomeLoss,2026-08-25
PKG,receivables,2011-12-31,319988000,2012-03-25,AccountsReceivableNetCurrent,2026-08-25
PKG,revenue,2011-12-31,654306000,2012-03-25,SalesRevenueNet,2026-08-25
PLD,assets,2011-12-31,27723912000,2012-03-25,Assets,2026-08-25
PLD,cash,2011-12-31,176072000,2012-03-25,CashAndCashEquivalentsAtCarryingValue,2026-08-25
PLD,debt,2011-12-31,11382000,2012-03-25,LongTermDebt,2026-08-25
PLD,equity,2011-12-31,13661639000,2012-03-25,StockholdersEquity,2026-08-25
PLD,liabilities,2011-12-31,13268438000,2012-03-25,Liabilities,2026-08-25
PLD,operatingIncome,2011-12-31,49651000,2012-03-25,OperatingIncomeLoss,2026-08-25
PLD,shares,2011-12-31,459401000,2012-03-25,CommonStockSharesOutstanding,2026-08-25
PM,assets,2011-12-31,35488000000,2012-03-25,Assets,2026-08-25
PM,cash,2011-12-31,2550000000,2012-03-25,CashAndCashEquivalentsAtCarryingValue,2026-08-25
PM,debt,2011-12-31,14828000000,2012-03-25,LongTermDebtNoncurrent,2026-08-25
PM,equity,2011-12-31,229000000,2012-03-25,StockholdersEquity,2026-08-25
PM,grossProfit,2011-12-31,4979000000,2012-03-25,GrossProfit,2026-08-25
PM,inventory,2011-12-31,8120000000,2012-03-25,InventoryNet,2026-08-25
PM,liabilities,2011-12-31,33725000000,2012-03-25,Liabilities,2026-08-25
PM,netIncome,2011-12-31,1886000000,2012-03-25,NetIncomeLoss,2026-08-25
PM,receivables,2011-12-31,3201000000,2012-03-25,AccountsReceivableNetCurrent,2026-08-25
PM,revenue,2011-12-31,18876000000,2012-03-25,SalesRevenueNet,2026-08-25
PNC,assets,2011-12-31,271205000000,2012-03-25,Assets,2026-08-25
PNC,equity,2011-12-31,34053000000,2012-03-25,StockholdersEquity,2026-08-25
PNC,liabilities,2011-12-31,233959000000,2012-03-25,Liabilities,2026-08-25
PNR,assets,2011-12-31,4586300000,2012-03-25,Assets,2026-08-25
PNR,cash,2011-12-31,50100000,2012-03-25,CashAndCashEquivalentsAtCarryingValue,2026-08-25
PNR,debt,2011-12-31,1304225000,2012-03-25,LongTermDebtNoncurrent,2026-08-25
PNR,equity,2011-12-31,1933329000,2012-03-25,StockholdersEquity,2026-08-25
PNR,grossProfit,2011-12-31,264865000,2012-03-25,GrossProfit,2026-08-25
PNR,inventory,2011-12-31,449863000,2012-03-25,InventoryNet,2026-08-25
PNR,liabilities,2011-12-31,2538921000,2012-03-25,Liabilities,2026-08-25
PNR,netIncome,2011-12-31,-174487000,2012-03-25,NetIncomeLoss,2026-08-25
PNR,operatingIncome,2011-12-31,-186175000,2012-03-25,OperatingIncomeLoss,2026-08-25
PNR,revenue,2011-12-31,865692000,2012-03-25,SalesRevenueNet,2026-08-25
PNR,rnd,2011-10-01,20091000,2011-11-20,ResearchAndDevelopmentExpense,2026-08-25
PNR,shares,2011-12-31,98622564,2012-03-25,CommonStockSharesOutstanding,2026-08-25
PNW,assets,2011-12-31,13111018000,2012-03-25,Assets,2026-08-25
PNW,cash,2011-12-31,33583000,2012-03-25,CashAndCashEquivalentsAtCarryingValue,2026-08-25
PNW,debt,2011-12-31,3019054000,2012-03-25,LongTermDebtNoncurrent,2026-08-25
PNW,equity,2011-12-31,3821850000,2012-03-25,StockholdersEquity,2026-08-25
PNW,operatingIncome,2011-12-31,78715000,2012-03-25,OperatingIncomeLoss,2026-08-25
PNW,revenue,2011-12-31,667892000,2012-03-25,SalesRevenueNet,2026-08-25
PODD,assets,2011-12-31,221322000,2012-03-25,Assets,2026-08-25
PODD,cash,2011-12-31,93955000,2012-03-25,CashAndCashEquivalentsAtCarryingValue,2026-08-25
PODD,debt,2011-12-31,108540000,2012-03-25,LongTermDebtNoncurrent,2026-08-25
PODD,equity,2011-12-31,82735000,2012-03-25,StockholdersEquity,2026-08-25
PODD,grossProfit,2011-12-31,20080000,2012-03-25,GrossProfit,2026-08-25
PODD,inventory,2011-12-31,11838000,2012-03-25,InventoryNet,2026-08-25
PODD,liabilities,2011-12-31,138587000,2012-03-25,Liabilities,2026-08-25
PODD,netIncome,2011-12-31,-14337000,2012-03-25,NetIncomeLoss,2026-08-25
PODD,receivables,2011-12-31,23190000,2012-03-25,AccountsReceivableNetCurrent,2026-08-25
PODD,revenue,2011-12-31,47192000,2012-03-25,SalesRevenueNet,2026-08-25
PODD,shares,2011-12-31,47504131,2012-03-25,CommonStockSharesOutstanding,2026-08-25
PPG,assets,2011-12-31,14382000000,2012-03-25,Assets,2026-08-25
PPG,cash,2011-12-31,1306000000,2012-03-25,CashAndCashEquivalentsAtCarryingValue,2026-08-25
PPG,debt,2011-12-31,3574000000,2012-03-25,LongTermDebtNoncurrent,2026-08-25
PPG,equity,2011-12-31,3249000000,2012-03-25,StockholdersEquity,2026-08-25
PPG,inventory,2011-12-31,1607000000,2012-03-25,InventoryNet,2026-08-25
PPG,liabilities,2011-12-31,10936000000,2012-03-25,Liabilities,2026-08-25
PPG,netIncome,2011-12-31,216000000,2012-03-25,NetIncomeLoss,2026-08-25
PPG,receivables,2011-12-31,2512000000,2012-03-25,AccountsReceivableNetCurrent,2026-08-25
PPG,revenue,2011-12-31,3119000000,2012-03-25,SalesRevenueNet,2026-08-25
PPG,shares,2011-12-31,151888780,2012-03-25,CommonStockSharesOutstanding,2026-08-25
PPL,assets,2011-12-31,42648000000,2012-03-25,Assets,2026-08-25
PPL,cash,2011-12-31,1202000000,2012-03-25,CashAndCashEquivalentsAtCarryingValue,2026-08-25
PPL,debt,2011-12-31,17993000000,2012-03-25,LongTermDebtNoncurrent,2026-08-25
PPL,equity,2011-12-31,10828000000,2012-03-25,StockholdersEquity,2026-08-25
PPL,inventory,2011-12-31,654000000,2012-03-25,InventoryNet,2026-08-25
PPL,netIncome,2011-12-31,454000000,2012-03-25,NetIncomeLoss,2026-08-25
PPL,operatingIncome,2011-12-31,934000000,2012-03-25,OperatingIncomeLoss,2026-08-25
PPL,receivables,2011-12-31,732000000,2012-03-25,AccountsReceivableNetCurrent,2026-08-25
PPL,shares,2011-12-31,578405000,2012-03-25,CommonStockSharesOutstanding,2026-08-25
PRU,assets,2011-12-31,620244000000,2012-03-25,Assets,2026-08-25
PRU,cash,2011-12-31,14251000000,2012-03-25,CashAndCashEquivalentsAtCarryingValue,2026-08-25
PRU,debt,2011-12-31,24622000000,2012-03-25,LongTermDebtNoncurrent,2026-08-25
PRU,equity,2011-12-31,34253000000,2012-03-25,StockholdersEquity,2026-08-25
PRU,liabilities,2011-12-31,585403000000,2012-03-25,Liabilities,2026-08-25
PRU,netIncome,2011-12-31,604000000,2012-03-25,NetIncomeLoss,2026-08-25
PRU,revenue,2011-12-31,11685000000,2012-03-25,Revenues,2026-08-25
PSA,assets,2011-12-31,8932562000,2012-03-25,Assets,2026-08-25
PSA,cash,2011-12-31,139008000,2012-03-25,CashAndCashEquivalentsAtCarryingValue,2026-08-25
PSA,equity,2011-12-31,8288209000,2012-03-25,StockholdersEquity,2026-08-25
PSA,liabilities,2011-12-31,609280000,2012-03-25,Liabilities,2026-08-25
PSA,revenue,2011-12-31,444715000,2012-03-25,Revenues,2026-08-25
PSA,shares,2011-12-31,170238805,2012-03-25,CommonStockSharesOutstanding,2026-08-25
PSX,assets,2011-12-31,43211000000,2012-03-25,Assets,2026-08-25
PSX,cash,2011-12-31,0,2012-03-25,CashAndCashEquivalentsAtCarryingValue,2026-08-25
PSX,equity,2011-12-31,23264000000,2012-03-25,StockholdersEquity,2026-08-25
PSX,inventory,2011-12-31,3466000000,2012-03-25,InventoryNet,2026-08-25
PSX,liabilities,2011-12-31,19918000000,2012-03-25,Liabilities,2026-08-25
PTC,assets,2011-12-31,1613385000,2012-03-25,Assets,2026-08-25
PTC,buybacks,2011-12-31,0,2012-03-25,PaymentsForRepurchaseOfCommonStock,2026-08-25
PTC,capex,2011-12-31,7570000,2012-03-25,PaymentsToAcquirePropertyPlantAndEquipment,2026-08-25
PTC,cash,2011-12-31,187351000,2012-03-25,CashAndCashEquivalentsAtCarryingValue,2026-08-25
PTC,equity,2011-12-31,847729000,2012-03-25,StockholdersEquity,2026-08-25
PTC,grossProfit,2011-12-31,220057000,2012-03-25,GrossProfit,2026-08-25
PTC,liabilities,2011-12-31,765656000,2012-03-25,Liabilities,2026-08-25
PTC,netIncome,2011-12-31,22123000,2012-03-25,NetIncomeLoss,2026-08-25
PTC,operatingCashFlow,2011-12-31,36485000,2012-03-25,NetCashProvidedByUsedInOperatingActivities,2026-08-25
PTC,operatingIncome,2011-12-31,32505000,2012-03-25,OperatingIncomeLoss,2026-08-25
PTC,receivables,2011-12-31,221436000,2012-03-25,AccountsReceivableNetCurrent,2026-08-25
PTC,revenue,2011-12-31,318276000,2012-03-25,SalesRevenueNet,2026-08-25
PTC,rnd,2011-12-31,54993000,2012-03-25,ResearchAndDevelopmentExpense,2026-08-25
PTC,shares,2011-12-31,118620000,2012-03-25,CommonStockSharesOutstanding,2026-08-25
PWR,assets,2011-12-31,4699114000,2012-03-25,Assets,2026-08-25
PWR,cash,2011-12-31,315349000,2012-03-25,CashAndCashEquivalentsAtCarryingValue,2026-08-25
PWR,equity,2011-12-31,3381952000,2012-03-25,StockholdersEquity,2026-08-25
PWR,grossProfit,2011-12-31,179291000,2012-03-25,GrossProfit,2026-08-25
PWR,inventory,2011-12-31,62519000,2012-03-25,InventoryNet,2026-08-25
PWR,liabilities,2011-12-31,1309851000,2012-03-25,Liabilities,2026-08-25
PWR,operatingIncome,2011-12-31,81606000,2012-03-25,OperatingIncomeLoss,2026-08-25
PWR,receivables,2011-12-31,959887000,2012-03-25,AccountsReceivableNetCurrent,2026-08-25
PWR,shares,2011-12-31,206203005,2012-03-25,CommonStockSharesOutstanding,2026-08-25
QCOM,assets,2011-12-25,37606000000,2012-03-19,Assets,2026-08-25
QCOM,buybacks,2011-12-25,99000000,2012-03-19,PaymentsForRepurchaseOfCommonStock,2026-08-25
QCOM,capex,2011-12-25,359000000,2012-03-19,PaymentsToAcquireProductiveAssets,2026-08-25
QCOM,cash,2011-12-25,4964000000,2012-03-19,CashAndCashEquivalentsAtCarryingValue,2026-08-25
QCOM,equity,2011-12-25,28481000000,2012-03-19,StockholdersEquity,2026-08-25
QCOM,inventory,2011-12-25,714000000,2012-03-19,InventoryNet,2026-08-25
QCOM,liabilities,2011-12-25,9109000000,2012-03-19,Liabilities,2026-08-25
QCOM,netIncome,2011-12-25,1401000000,2012-03-19,NetIncomeLoss,2026-08-25
QCOM,operatingCashFlow,2011-12-25,1779000000,2012-03-19,NetCashProvidedByUsedInOperatingActivities,2026-08-25
QCOM,operatingIncome,2011-12-25,1551000000,2012-03-19,OperatingIncomeLoss,2026-08-25
QCOM,receivables,2011-12-25,1035000000,2012-03-19,AccountsReceivableNetCurrent,2026-08-25
QCOM,revenue,2011-12-25,4681000000,2012-03-19,Revenues,2026-08-25
QCOM,rnd,2011-12-25,873000000,2012-03-19,ResearchAndDevelopmentExpense,2026-08-25
QCOM,shares,2011-12-25,1687000000,2012-03-19,CommonStockSharesOutstanding,2026-08-25
RCL,assets,2011-12-31,19804405000,2012-03-25,Assets,2026-08-25
RCL,cash,2011-12-31,262186000,2012-03-25,CashAndCashEquivalentsAtCarryingValue,2026-08-25
RCL,debt,2011-12-31,7856962000,2012-03-25,LongTermDebtNoncurrent,2026-08-25
RCL,equity,2011-12-31,8407823000,2012-03-25,StockholdersEquity,2026-08-25
RCL,inventory,2011-12-31,144553000,2012-03-25,InventoryNet,2026-08-25
RCL,netIncome,2011-12-31,36562000,2012-03-25,NetIncomeLoss,2026-08-25
RCL,operatingIncome,2011-12-31,106162000,2012-03-25,OperatingIncomeLoss,2026-08-25
RCL,revenue,2011-12-31,1775401000,2012-03-25,Revenues,2026-08-25
REG,debt,2011-12-31,1982440000,2012-03-25,LongTermDebt,2026-08-25
REG,revenue,2011-12-31,123596000,2012-03-25,Revenues,2026-08-25
REGN,assets,2011-12-31,1323583000,2012-03-25,Assets,2026-08-25
REGN,cash,2011-12-31,483610000,2012-03-25,CashAndCashEquivalentsAtCarryingValue,2026-08-25
REGN,equity,2011-12-31,485732000,2012-03-25,StockholdersEquity,2026-08-25
REGN,inventory,2011-12-31,16614000,2012-03-25,InventoryNet,2026-08-25
REGN,liabilities,2011-12-31,837851000,2012-03-25,Liabilities,2026-08-25
REGN,netIncome,2011-12-31,-53443000,2012-03-25,NetIncomeLoss,2026-08-25
REGN,receivables,2011-12-31,28254000,2012-03-25,AccountsReceivableNetCurrent,2026-08-25
REGN,revenue,2011-12-31,122977000,2012-03-25,Revenues,2026-08-25
REGN,shares,2011-12-31,90692071,2012-03-25,CommonStockSharesOutstanding,2026-08-25
RF,assets,2011-12-31,127050000000,2012-03-25,Assets,2026-08-25
RF,cash,2011-12-31,7245000000,2012-03-25,CashAndCashEquivalentsAtCarryingValue,2026-08-25
RF,debt,2011-12-31,8110000000,2012-03-25,LongTermDebt,2026-08-25
RF,equity,2011-12-31,16499000000,2012-03-25,StockholdersEquity,2026-08-25
RF,liabilities,2011-12-31,110551000000,2012-03-25,Liabilities,2026-08-25
RJF,assets,2011-12-31,17891566000,2012-03-25,Assets,2026-08-25
RJF,buybacks,2011-12-31,17054000,2012-03-25,PaymentsForRepurchaseOfCommonStock,2026-08-25
RJF,capex,2011-12-31,13647000,2012-03-25,PaymentsToAcquirePropertyPlantAndEquipment,2026-08-25
RJF,cash,2011-12-31,1916954000,2012-03-25,CashAndCashEquivalentsAtCarryingValue,2026-08-25
RJF,equity,2011-12-31,2636669000,2012-03-25,StockholdersEquity,2026-08-25
RJF,liabilities,2011-12-31,14928612000,2012-03-25,Liabilities,2026-08-25
RJF,netIncome,2011-12-31,67325000,2012-03-25,NetIncomeLoss,2026-08-25
RJF,operatingCashFlow,2011-12-31,-19991000,2012-03-25,NetCashProvidedByUsedInOperatingActivities,2026-08-25
RJF,revenue,2011-12-31,798817000,2012-03-25,Revenues,2026-08-25
RL,assets,2011-12-31,5326500000,2012-03-25,Assets,2026-08-25
RL,cash,2011-12-31,815800000,2012-03-25,CashAndCashEquivalentsAtCarryingValue,2026-08-25
RL,debt,2011-12-31,265600000,2012-03-25,LongTermDebtNoncurrent,2026-08-25
RL,equity,2011-12-31,3529700000,2012-03-25,StockholdersEquity,2026-08-25
RL,grossProfit,2011-12-31,1031600000,2012-03-25,GrossProfit,2026-08-25
RL,inventory,2011-12-31,894700000,2012-03-25,InventoryNet,2026-08-25
RL,liabilities,2011-12-31,1796800000,2012-03-25,Liabilities,2026-08-25
RL,netIncome,2011-12-31,169000000,2012-03-25,NetIncomeLoss,2026-08-25
RL,operatingIncome,2011-12-31,270100000,2012-03-25,OperatingIncomeLoss,2026-08-25
RL,receivables,2011-12-31,440200000,2012-03-25,AccountsReceivableNetCurrent,2026-08-25
RL,revenue,2011-12-31,1805600000,2012-03-25,SalesRevenueNet,2026-08-25
RMD,assets,2011-12-31,2041478000,2012-03-25,Assets,2026-08-25
RMD,cash,2011-12-31,723233000,2012-03-25,CashAndCashEquivalentsAtCarryingValue,2026-08-25
RMD,debt,2011-12-31,225000000,2012-03-25,LongTermDebtNoncurrent,2026-08-25
RMD,grossProfit,2011-12-31,198715000,2012-03-25,GrossProfit,2026-08-25
RMD,inventory,2011-12-31,184420000,2012-03-25,InventoryNet,2026-08-25
RMD,liabilities,2011-12-31,480403000,2012-03-25,Liabilities,2026-08-25
RMD,netIncome,2011-12-31,62872000,2012-03-25,NetIncomeLoss,2026-08-25
RMD,operatingIncome,2011-12-31,67254000,2012-03-25,OperatingIncomeLoss,2026-08-25
RMD,revenue,2011-12-31,332738000,2012-03-25,SalesRevenueNet,2026-08-25
RMD,rnd,2011-12-31,27218000,2012-03-25,ResearchAndDevelopmentExpense,2026-08-25
RMD,shares,2011-12-31,144679214,2012-03-25,CommonStockSharesOutstanding,2026-08-25
ROK,assets,2011-12-31,5279100000,2012-03-25,Assets,2026-08-25
ROK,buybacks,2011-12-31,9700000,2012-03-25,PaymentsForRepurchaseOfCommonStock,2026-08-25
ROK,capex,2011-12-31,31600000,2012-03-25,PaymentsToAcquirePropertyPlantAndEquipment,2026-08-25
ROK,cash,2011-12-31,884000000,2012-03-25,CashAndCashEquivalentsAtCarryingValue,2026-08-25
ROK,debt,2011-12-31,905000000,2012-03-25,LongTermDebtNoncurrent,2026-08-25
ROK,equity,2011-12-31,1854800000,2012-03-25,StockholdersEquity,2026-08-25
ROK,grossProfit,2011-12-31,618700000,2012-03-25,GrossProfit,2026-08-25
ROK,inventory,2011-12-31,677300000,2012-03-25,InventoryNet,2026-08-25
ROK,netIncome,2011-12-31,183300000,2012-03-25,NetIncomeLoss,2026-08-25
ROK,operatingCashFlow,2011-12-31,-189000000,2012-03-25,NetCashProvidedByUsedInOperatingActivitiesContinuingOperations,2026-08-25
ROK,revenue,2011-12-31,1473900000,2012-03-25,SalesRevenueNet,2026-08-25
ROL,assets,2011-12-31,645650000,2012-03-25,Assets,2026-08-25
ROL,cash,2011-12-31,46275000,2012-03-25,CashAndCashEquivalentsAtCarryingValue,2026-08-25
ROL,equity,2011-12-31,323997000,2012-03-25,StockholdersEquity,2026-08-25
ROL,grossProfit,2011-12-31,137854000,2012-03-25,GrossProfit,2026-08-25
ROL,inventory,2011-12-31,11125000,2012-03-25,InventoryNet,2026-08-25
ROL,liabilities,2011-12-31,321653000,2012-03-25,Liabilities,2026-08-25
ROL,receivables,2011-12-31,61687000,2012-03-25,AccountsReceivableNetCurrent,2026-08-25
ROL,shares,2011-12-31,146250934,2012-03-25,CommonStockSharesOutstanding,2026-08-25
ROP,assets,2011-12-31,5319417000,2012-03-25,Assets,2026-08-25
ROP,cash,2011-12-31,338101000,2012-03-25,CashAndCashEquivalentsAtCarryingValue,2026-08-25
ROP,debt,2011-12-31,1015110000,2012-03-25,LongTermDebtNoncurrent,2026-08-25
ROP,grossProfit,2011-12-31,405849000,2012-03-25,GrossProfit,2026-08-25
ROP,inventory,2011-12-31,204758000,2012-03-25,InventoryNet,2026-08-25
ROP,liabilities,2011-12-31,2124321000,2012-03-25,Liabilities,2026-08-25
ROP,netIncome,2011-12-31,121676000,2012-03-25,NetIncomeLoss,2026-08-25
ROP,operatingIncome,2011-12-31,187354000,2012-03-25,OperatingIncomeLoss,2026-08-25
ROP,receivables,2011-12-31,439134000,2012-03-25,AccountsReceivableNetCurrent,2026-08-25
ROP,revenue,2011-12-31,739204000,2012-03-25,SalesRevenueNet,2026-08-25
ROP,shares,2011-12-31,96679000,2012-03-25,CommonStockSharesOutstanding,2026-08-25
ROST,assets,2011-10-29,3181944000,2011-12-18,Assets,2026-08-25
ROST,cash,2011-10-29,552924000,2011-12-18,CashAndCashEquivalentsAtCarryingValue,2026-08-25
ROST,debt,2011-10-29,150000000,2011-12-18,LongTermDebtNoncurrent,2026-08-25
ROST,equity,2011-10-29,1447251000,2011-12-18,StockholdersEquity,2026-08-25
ROST,inventory,2011-10-29,1233616000,2011-12-18,InventoryNet,2026-08-25
ROST,netIncome,2011-10-29,143969000,2011-12-18,NetIncomeLoss,2026-08-25
ROST,revenue,2011-10-29,2046427000,2011-12-18,SalesRevenueNet,2026-08-25
RSG,assets,2011-12-31,19551500000,2012-03-25,Assets,2026-08-25
RSG,cash,2011-12-31,66300000,2012-03-25,CashAndCashEquivalentsAtCarryingValue,2026-08-25
RSG,debt,2011-12-31,6921800000,2012-03-25,LongTermDebt,2026-08-25
RSG,equity,2011-12-31,7681300000,2012-03-25,StockholdersEquity,2026-08-25
RSG,inventory,2011-12-31,35200000,2012-03-25,InventoryNet,2026-08-25
RSG,netIncome,2011-12-31,191000000,2012-03-25,NetIncomeLoss,2026-08-25
RSG,operatingIncome,2011-12-31,366700000,2012-03-25,OperatingIncomeLoss,2026-08-25
RSG,receivables,2011-12-31,825800000,2012-03-25,AccountsReceivableNetCurrent,2026-08-25
RSG,revenue,2011-12-31,2025200000,2012-03-25,SalesRevenueNet,2026-08-25
RTX,assets,2011-12-31,61452000000,2012-03-25,Assets,2026-08-25
RTX,debt,2011-12-31,9630000000,2012-03-25,LongTermDebt,2026-08-25
RTX,equity,2011-12-31,21880000000,2012-03-25,StockholdersEquity,2026-08-25
RTX,grossProfit,2011-12-31,3966000000,2012-03-25,GrossProfit,2026-08-25
RTX,inventory,2011-12-31,7797000000,2012-03-25,InventoryNet,2026-08-25
RTX,liabilities,2011-12-31,38274000000,2012-03-25,Liabilities,2026-08-25
RTX,netIncome,2011-12-31,1325000000,2012-03-25,NetIncomeLoss,2026-08-25
RTX,revenue,2011-12-31,14377000000,2012-03-25,SalesRevenueNet,2026-08-25
RVTY,assets,2011-10-02,3401938000,2011-11-21,Assets,2026-08-25
RVTY,cash,2011-10-02,248102000,2011-11-21,CashAndCashEquivalentsAtCarryingValue,2026-08-25
RVTY,debt,2011-10-02,150000000,2011-11-21,LongTermDebtNoncurrent,2026-08-25
RVTY,equity,2011-10-02,1945140000,2011-11-21,StockholdersEquity,2026-08-25
RVTY,grossProfit,2011-10-02,199356000,2011-11-21,GrossProfit,2026-08-25
RVTY,inventory,2011-10-02,228549000,2011-11-21,InventoryNet,2026-08-25
RVTY,liabilities,2011-10-02,1456798000,2011-11-21,Liabilities,2026-08-25
RVTY,netIncome,2011-10-02,36622000,2011-11-21,NetIncomeLoss,2026-08-25
RVTY,operatingIncome,2011-10-02,36135000,2011-11-21,OperatingIncomeLoss,2026-08-25
RVTY,receivables,2011-10-02,359672000,2011-11-21,AccountsReceivableNetCurrent,2026-08-25
RVTY,revenue,2011-10-02,452935000,2011-11-21,Revenues,2026-08-25
RVTY,rnd,2011-10-02,30102000,2011-11-21,ResearchAndDevelopmentExpense,2026-08-25
RVTY,shares,2011-10-02,113085000,2011-11-21,CommonStockSharesOutstanding,2026-08-25
SBAC,assets,2011-12-31,3606399000,2012-03-25,Assets,2026-08-25
SBAC,cash,2011-12-31,47316000,2012-03-25,CashAndCashEquivalentsAtCarryingValue,2026-08-25
SBAC,debt,2011-12-31,3349485000,2012-03-25,LongTermDebtNoncurrent,2026-08-25
SBAC,equity,2011-12-31,-11313000,2012-03-25,StockholdersEquity,2026-08-25
SBAC,netIncome,2011-12-31,-29081000,2012-03-25,NetIncomeLoss,2026-08-25
SBAC,operatingIncome,2011-12-31,31980000,2012-03-25,OperatingIncomeLoss,2026-08-25
SBAC,receivables,2011-12-31,22100000,2012-03-25,AccountsReceivableNetCurrent,2026-08-25
SBAC,revenue,2011-12-31,183819000,2012-03-25,Revenues,2026-08-25
SBAC,shares,2011-12-31,109675000,2012-03-25,CommonStockSharesOutstanding,2026-08-25
SBUX,assets,2011-10-02,7360400000,2011-11-21,Assets,2026-08-25
SBUX,cash,2011-10-02,1148100000,2011-11-21,CashAndCashEquivalentsAtCarryingValue,2026-08-25
SBUX,debt,2011-10-02,549500000,2011-11-21,LongTermDebtNoncurrent,2026-08-25
SBUX,equity,2011-10-02,4384900000,2011-11-21,StockholdersEquity,2026-08-25
SBUX,inventory,2011-10-02,965800000,2011-11-21,InventoryNet,2026-08-25
SBUX,liabilities,2011-10-02,2973100000,2011-11-21,Liabilities,2026-08-25
SBUX,receivables,2011-10-02,386500000,2011-11-21,AccountsReceivableNetCurrent,2026-08-25
SBUX,shares,2011-10-02,744800000,2011-11-21,CommonStockSharesOutstanding,2026-08-25
SCHW,assets,2011-12-31,108553000000,2012-03-25,Assets,2026-08-25
SCHW,cash,2011-12-31,8679000000,2012-03-25,CashAndCashEquivalentsAtCarryingValue,2026-08-25
SCHW,debt,2011-12-31,2001000000,2012-03-25,LongTermDebt,2026-08-25
SCHW,equity,2011-12-31,7714000000,2012-03-25,StockholdersEquity,2026-08-25
SCHW,liabilities,2011-12-31,100839000000,2012-03-25,Liabilities,2026-08-25
SCHW,netIncome,2011-12-31,163000000,2012-03-25,NetIncomeLoss,2026-08-25
SCHW,revenue,2011-12-31,1113000000,2012-03-25,Revenues,2026-08-25
SHW,assets,2011-12-31,5229252000,2012-03-25,Assets,2026-08-25
SHW,cash,2011-12-31,32696000,2012-03-25,CashAndCashEquivalentsAtCarryingValue,2026-08-25
SHW,debt,2011-12-31,639231000,2012-03-25,LongTermDebtNoncurrent,2026-08-25
SHW,equity,2011-12-31,1516919000,2012-03-25,StockholdersEquity,2026-08-25
SHW,grossProfit,2011-12-31,886100000,2012-03-25,GrossProfit,2026-08-25
SHW,inventory,2011-12-31,926809000,2012-03-25,InventoryNet,2026-08-25
SHW,netIncome,2011-12-31,14552000,2012-03-25,NetIncomeLoss,2026-08-25
SHW,receivables,2011-12-31,989873000,2012-03-25,AccountsReceivableNetCurrent,2026-08-25
SHW,revenue,2011-12-31,2070442000,2012-03-25,SalesRevenueNet,2026-08-25
SHW,shares,2011-12-31,103854234,2012-03-25,CommonStockSharesOutstanding,2026-08-25
SJM,assets,2011-10-31,9215420000,2011-12-20,Assets,2026-08-25
SJM,cash,2011-10-31,496288000,2011-12-20,CashAndCashEquivalentsAtCarryingValue,2026-08-25
SJM,debt,2011-10-31,2071852000,2011-12-20,LongTermDebtNoncurrent,2026-08-25
SJM,equity,2011-10-31,5363349000,2011-12-20,StockholdersEquity,2026-08-25
SJM,grossProfit,2011-10-31,498669000,2011-12-20,GrossProfit,2026-08-25
SJM,inventory,2011-10-31,1143951000,2011-12-20,InventoryNet,2026-08-25
SJM,netIncome,2011-10-31,127247000,2011-12-20,NetIncomeLoss,2026-08-25
SJM,operatingIncome,2011-10-31,211614000,2011-12-20,OperatingIncomeLoss,2026-08-25
SJM,receivables,2011-10-31,462169000,2011-12-20,AccountsReceivableNetCurrent,2026-08-25
SJM,shares,2011-10-31,113851792,2011-12-20,CommonStockSharesOutstanding,2026-08-25
SLB,assets,2011-12-31,55201000000,2012-03-25,Assets,2026-08-25
SLB,cash,2011-12-31,1705000000,2012-03-25,CashAndCashEquivalentsAtCarryingValue,2026-08-25
SLB,equity,2011-12-31,31263000000,2012-03-25,StockholdersEquity,2026-08-25
SLB,inventory,2011-12-31,4700000000,2012-03-25,InventoryNet,2026-08-25
SLB,liabilities,2011-12-31,23809000000,2012-03-25,Liabilities,2026-08-25
SLB,shares,2011-12-31,1333775406,2012-03-25,CommonStockSharesOutstanding,2026-08-25
SMCI,assets,2011-12-31,499997000,2012-03-25,Assets,2026-08-25
SMCI,cash,2011-12-31,102377000,2012-03-25,CashAndCashEquivalentsAtCarryingValue,2026-08-25
SMCI,debt,2011-12-31,22003000,2012-03-25,LongTermDebtNoncurrent,2026-08-25
SMCI,equity,2011-12-31,311477000,2012-03-25,StockholdersEquity,2026-08-25
SMCI,grossProfit,2011-12-31,42614000,2012-03-25,GrossProfit,2026-08-25
SMCI,inventory,2011-12-31,193360000,2012-03-25,InventoryNet,2026-08-25
SMCI,liabilities,2011-12-31,188520000,2012-03-25,Liabilities,2026-08-25
SMCI,netIncome,2011-12-31,8774000,2012-03-25,NetIncomeLoss,2026-08-25
SMCI,operatingIncome,2011-12-31,13718000,2012-03-25,OperatingIncomeLoss,2026-08-25
SMCI,receivables,2011-12-31,80100000,2012-03-25,AccountsReceivableNetCurrent,2026-08-25
SMCI,revenue,2011-12-31,249915000,2012-03-25,SalesRevenueNet,2026-08-25
SMCI,rnd,2011-12-31,15657000,2012-03-25,ResearchAndDevelopmentExpense,2026-08-25
SNA,assets,2011-12-31,3672900000,2012-03-25,Assets,2026-08-25
SNA,cash,2011-12-31,185600000,2012-03-25,CashAndCashEquivalentsAtCarryingValue,2026-08-25
SNA,debt,2011-12-31,967900000,2012-03-25,LongTermDebtNoncurrent,2026-08-25
SNA,equity,2011-12-31,1530900000,2012-03-25,StockholdersEquity,2026-08-25
SNA,grossProfit,2011-12-31,335800000,2012-03-25,GrossProfit,2026-08-25
SNA,inventory,2011-12-31,386400000,2012-03-25,InventoryNet,2026-08-25
SNA,liabilities,2011-12-31,2125600000,2012-03-25,Liabilities,2026-08-25
SNA,netIncome,2011-12-31,74300000,2012-03-25,NetIncomeLoss,2026-08-25
SNA,operatingIncome,2011-10-01,115100000,2011-11-20,OperatingIncomeLoss,2026-08-25
SNA,receivables,2011-12-31,463500000,2012-03-25,AccountsReceivableNetCurrent,2026-08-25
SNA,revenue,2011-12-31,736600000,2012-03-25,SalesRevenueNet,2026-08-25
SNPS,assets,2011-10-31,3368844000,2011-12-20,Assets,2026-08-25
SNPS,cash,2011-10-31,855077000,2011-12-20,CashAndCashEquivalentsAtCarryingValue,2026-08-25
SNPS,equity,2011-10-31,2101300000,2011-12-20,StockholdersEquity,2026-08-25
SNPS,liabilities,2011-10-31,1267544000,2011-12-20,Liabilities,2026-08-25
SNPS,receivables,2011-10-31,203124000,2011-12-20,AccountsReceivableNetCurrent,2026-08-25
SNPS,shares,2011-10-31,143308000,2011-12-20,CommonStockSharesOutstanding,2026-08-25
SO,assets,2011-12-31,59267000000,2012-03-25,Assets,2026-08-25
SO,cash,2011-12-31,1315000000,2012-03-25,CashAndCashEquivalentsAtCarryingValue,2026-08-25
SO,liabilities,2011-12-31,40607000000,2012-03-25,Liabilities,2026-08-25
SO,operatingIncome,2011-12-31,589000000,2012-03-25,OperatingIncomeLoss,2026-08-25
SO,revenue,2011-12-31,3696000000,2012-03-25,Revenues,2026-08-25
SPG,assets,2011-12-31,26216925000,2012-03-25,Assets,2026-08-25
SPG,cash,2011-12-31,798650000,2012-03-25,CashAndCashEquivalentsAtCarryingValue,2026-08-25
SPG,debt,2011-12-31,18421368000,2012-03-25,LongTermDebt,2026-08-25
SPG,equity,2011-12-31,4649666000,2012-03-25,StockholdersEquity,2026-08-25
SPG,liabilities,2011-12-31,20404692000,2012-03-25,Liabilities,2026-08-25
SPG,operatingIncome,2011-12-31,536389000,2012-03-25,OperatingIncomeLoss,2026-08-25
SPG,revenue,2011-12-31,1171337000,2012-03-25,Revenues,2026-08-25
SPG,shares,2011-12-31,8000,2012-03-25,CommonStockSharesOutstanding,2026-08-25
SPGI,assets,2011-12-31,6620000000,2012-03-25,Assets,2026-08-25
SPGI,cash,2011-12-31,835000000,2012-03-25,CashAndCashEquivalentsAtCarryingValue,2026-08-25
SPGI,debt,2011-12-31,798000000,2012-03-25,LongTermDebtNoncurrent,2026-08-25
SPGI,equity,2011-12-31,1508000000,2012-03-25,StockholdersEquity,2026-08-25
SPGI,inventory,2011-12-31,263000000,2012-03-25,InventoryNet,2026-08-25
SPGI,liabilities,2011-12-31,5036000000,2012-03-25,Liabilities,2026-08-25
SPGI,netIncome,2011-12-31,214000000,2012-03-25,NetIncomeLoss,2026-08-25
SPGI,receivables,2011-12-31,702000000,2012-03-25,AccountsReceivableNetCurrent,2026-08-25
SPGI,revenue,2011-12-31,1004000000,2012-03-25,Revenues,2026-08-25
SRE,assets,2011-12-31,33249000000,2012-03-25,Assets,2026-08-25
SRE,cash,2011-12-31,252000000,2012-03-25,CashAndCashEquivalentsAtCarryingValue,2026-08-25
SRE,equity,2011-12-31,9775000000,2012-03-25,StockholdersEquity,2026-08-25
SRE,inventory,2011-12-31,346000000,2012-03-25,InventoryNet,2026-08-25
SRE,netIncome,2011-12-31,285000000,2012-03-25,NetIncomeLoss,2026-08-25
SRE,receivables,2011-12-31,1198000000,2012-03-25,AccountsReceivableNetCurrent,2026-08-25
SRE,revenue,2011-12-31,2604000000,2012-03-25,SalesRevenueNet,2026-08-25
SRE,shares,2011-12-31,239934681,2012-03-25,CommonStockSharesOutstanding,2026-08-25
STLD,assets,2011-12-31,5979226000,2012-03-25,Assets,2026-08-25
STLD,cash,2011-12-31,390761000,2012-03-25,CashAndCashEquivalentsAtCarryingValue,2026-08-25
STLD,debt,2011-12-31,1936022000,2012-03-25,LongTermDebtNoncurrent,2026-08-25
STLD,equity,2011-12-31,2299900000,2012-03-25,StockholdersEquity,2026-08-25
STLD,grossProfit,2011-12-31,160135000,2012-03-25,GrossProfit,2026-08-25
STLD,inventory,2011-12-31,1199584000,2012-03-25,InventoryNet,2026-08-25
STLD,liabilities,2011-12-31,3608632000,2012-03-25,Liabilities,2026-08-25
STLD,operatingIncome,2011-12-31,82490000,2012-03-25,OperatingIncomeLoss,2026-08-25
STLD,receivables,2011-12-31,679898000,2012-03-25,AccountsReceivableNetCurrent,2026-08-25
STLD,revenue,2011-12-31,1858345000,2012-03-25,SalesRevenueNet,2026-08-25
STLD,shares,2011-12-31,218873720,2012-03-25,CommonStockSharesOutstanding,2026-08-25
STT,assets,2011-12-31,216827000000,2012-03-25,Assets,2026-08-25
STT,debt,2011-12-31,8131000000,2012-03-25,LongTermDebt,2026-08-25
STT,equity,2011-12-31,19398000000,2012-03-25,StockholdersEquity,2026-08-25
STT,liabilities,2011-12-31,197429000000,2012-03-25,Liabilities,2026-08-25
STX,assets,2011-12-30,9171000000,2012-03-24,Assets,2026-08-25
STX,cash,2011-12-30,1825000000,2012-03-24,CashAndCashEquivalentsAtCarryingValue,2026-08-25
STX,debt,2011-12-30,2925000000,2012-03-24,LongTermDebtNoncurrent,2026-08-25
STX,equity,2011-12-30,3465000000,2012-03-24,StockholdersEquity,2026-08-25
STX,inventory,2011-12-30,827000000,2012-03-24,InventoryNet,2026-08-25
STX,liabilities,2011-12-30,5706000000,2012-03-24,Liabilities,2026-08-25
STX,netIncome,2011-12-30,563000000,2012-03-24,NetIncomeLoss,2026-08-25
STX,operatingIncome,2011-12-30,605000000,2012-03-24,OperatingIncomeLoss,2026-08-25
STX,receivables,2011-12-30,1627000000,2012-03-24,AccountsReceivableNetCurrent,2026-08-25
STX,revenue,2011-12-30,3195000000,2012-03-24,SalesRevenueNet,2026-08-25
STX,rnd,2011-12-30,259000000,2012-03-24,ResearchAndDevelopmentExpense,2026-08-25
STX,shares,2011-12-30,464862182,2012-03-24,CommonStockSharesOutstanding,2026-08-25
STZ,assets,2011-11-30,7225200000,2012-02-23,Assets,2026-08-25
STZ,capex,2011-11-30,14900000,2012-02-23,PaymentsToAcquirePropertyPlantAndEquipment,2026-08-25
STZ,cash,2011-11-30,55800000,2012-02-23,CashAndCashEquivalentsAtCarryingValue,2026-08-25
STZ,debt,2011-11-30,2577900000,2012-02-23,LongTermDebtNoncurrent,2026-08-25
STZ,equity,2011-11-30,2638000000,2012-02-23,StockholdersEquity,2026-08-25
STZ,grossProfit,2011-11-30,282900000,2012-02-23,GrossProfit,2026-08-25
STZ,inventory,2011-11-30,1463500000,2012-02-23,InventoryNet,2026-08-25
STZ,netIncome,2011-11-30,104800000,2012-02-23,NetIncomeLoss,2026-08-25
STZ,operatingIncome,2011-11-30,160300000,2012-02-23,OperatingIncomeLoss,2026-08-25
STZ,receivables,2011-11-30,567200000,2012-02-23,AccountsReceivableNetCurrent,2026-08-25
SWK,assets,2011-12-31,15949000000,2012-03-25,Assets,2026-08-25
SWK,buybacks,2011-10-01,100000,2011-11-20,PaymentsForRepurchaseOfCommonStock,2026-08-25
SWK,capex,2011-10-01,58400000,2011-11-20,PaymentsToAcquirePropertyPlantAndEquipment,2026-08-25
SWK,cash,2011-12-31,906900000,2012-03-25,CashAndCashEquivalentsAtCarryingValue,2026-08-25
SWK,debt,2011-12-31,2925800000,2012-03-25,LongTermDebtNoncurrent,2026-08-25
SWK,equity,2011-12-31,7003600000,2012-03-25,StockholdersEquity,2026-08-25
SWK,inventory,2011-12-31,1270900000,2012-03-25,InventoryNet,2026-08-25
SWK,netIncome,2011-10-01,154600000,2011-11-20,NetIncomeLoss,2026-08-25
SWK,operatingCashFlow,2011-10-01,155900000,2011-11-20,NetCashProvidedByUsedInOperatingActivities,2026-08-25
SWK,operatingIncome,2011-10-01,383900000,2011-11-20,OperatingIncomeLoss,2026-08-25
SWK,revenue,2011-10-01,2619700000,2011-11-20,SalesRevenueNet,2026-08-25
SWK,shares,2011-12-31,169046961,2012-03-25,CommonStockSharesOutstanding,2026-08-25
SWKS,assets,2011-12-30,1914633000,2012-03-24,Assets,2026-08-25
SWKS,buybacks,2011-12-30,12405000,2012-03-24,PaymentsForRepurchaseOfCommonStock,2026-08-25
SWKS,capex,2011-12-30,6424000,2012-03-24,PaymentsToAcquireProductiveAssets,2026-08-25
SWKS,cash,2011-12-30,445636000,2012-03-24,CashAndCashEquivalentsAtCarryingValue,2026-08-25
SWKS,equity,2011-12-30,1663665000,2012-03-24,StockholdersEquity,2026-08-25
SWKS,grossProfit,2011-12-30,171800000,2012-03-24,GrossProfit,2026-08-25
SWKS,inventory,2011-12-30,177520000,2012-03-24,InventoryNet,2026-08-25
SWKS,liabilities,2011-12-30,250968000,2012-03-24,Liabilities,2026-08-25
SWKS,netIncome,2011-12-30,57100000,2012-03-24,NetIncomeLoss,2026-08-25
SWKS,operatingCashFlow,2011-12-30,77232000,2012-03-24,NetCashProvidedByUsedInOperatingActivities,2026-08-25
SWKS,operatingIncome,2011-12-30,74968000,2012-03-24,OperatingIncomeLoss,2026-08-25
SWKS,revenue,2011-12-30,393800000,2012-03-24,SalesRevenueNet,2026-08-25
SWKS,rnd,2011-12-30,46941000,2012-03-24,ResearchAndDevelopmentExpense,2026-08-25
SWKS,shares,2011-12-30,187916962,2012-03-24,CommonStockSharesOutstanding,2026-08-25
SYF,cash,2011-12-31,1187000000,2012-03-25,CashAndCashEquivalentsAtCarryingValue,2026-08-25
SYF,equity,2011-12-31,4328000000,2012-03-25,StockholdersEquity,2026-08-25
SYK,assets,2011-12-31,12146000000,2012-03-25,Assets,2026-08-25
SYK,cash,2011-12-31,905000000,2012-03-25,CashAndCashEquivalentsAtCarryingValue,2026-08-25
SYK,debt,2011-12-31,1751000000,2012-03-25,LongTermDebtNoncurrent,2026-08-25
SYK,equity,2011-12-31,7683000000,2012-03-25,StockholdersEquity,2026-08-25
SYK,grossProfit,2011-12-31,1475000000,2012-03-25,GrossProfit,2026-08-25
SYK,inventory,2011-12-31,1283000000,2012-03-25,InventoryNet,2026-08-25
SYK,netIncome,2011-12-31,401000000,2012-03-25,NetIncomeLoss,2026-08-25
SYK,receivables,2011-12-31,1417000000,2012-03-25,AccountsReceivableNetCurrent,2026-08-25
SYK,revenue,2011-12-31,2215000000,2012-03-25,SalesRevenueNet,2026-08-25
SYK,shares,2011-12-31,381,2012-03-25,CommonStockSharesOutstanding,2026-08-25
SYY,assets,2011-12-31,11454027000,2012-03-25,Assets,2026-08-25
SYY,buybacks,2011-10-01,133370000,2011-11-20,PaymentsForRepurchaseOfCommonStock,2026-08-25
SYY,capex,2011-10-01,226547000,2011-11-20,PaymentsToAcquireProductiveAssets,2026-08-25
SYY,cash,2011-12-31,336531000,2012-03-25,CashAndCashEquivalentsAtCarryingValue,2026-08-25
SYY,equity,2011-12-31,4687615000,2012-03-25,StockholdersEquity,2026-08-25
SYY,grossProfit,2011-12-31,1845650000,2012-03-25,GrossProfit,2026-08-25
SYY,netIncome,2011-10-01,302653000,2011-11-20,NetIncomeLoss,2026-08-25
SYY,operatingCashFlow,2011-10-01,255343000,2011-11-20,NetCashProvidedByUsedInOperatingActivities,2026-08-25
SYY,operatingIncome,2011-12-31,426998000,2012-03-25,OperatingIncomeLoss,2026-08-25
T,assets,2011-12-31,270442000000,2012-03-25,Assets,2026-08-25
T,cash,2011-12-31,3045000000,2012-03-25,CashAndCashEquivalentsAtCarryingValue,2026-08-25
T,debt,2011-12-31,61300000000,2012-03-25,LongTermDebtNoncurrent,2026-08-25
T,inventory,2011-12-31,1188000000,2012-03-25,InventoryNet,2026-08-25
T,netIncome,2011-12-31,-6678000000,2012-03-25,NetIncomeLoss,2026-08-25
T,operatingIncome,2011-12-31,-8990000000,2012-03-25,OperatingIncomeLoss,2026-08-25
T,receivables,2011-12-31,13231000000,2012-03-25,AccountsReceivableNetCurrent,2026-08-25
T,revenue,2011-12-31,32503000000,2012-03-25,Revenues,2026-08-25
TAP,assets,2011-12-31,12423800000,2012-03-25,Assets,2026-08-25
TAP,cash,2011-12-31,1078900000,2012-03-25,CashAndCashEquivalentsAtCarryingValue,2026-08-25
TAP,debt,2011-12-31,1914900000,2012-03-25,LongTermDebtNoncurrent,2026-08-25
TAP,equity,2011-12-31,7647900000,2012-03-25,StockholdersEquity,2026-08-25
TAP,grossProfit,2011-12-31,389800000,2012-03-25,GrossProfit,2026-08-25
TAP,inventory,2011-12-31,207200000,2012-03-25,InventoryNet,2026-08-25
TAP,liabilities,2011-12-31,4733600000,2012-03-25,Liabilities,2026-08-25
TAP,netIncome,2011-12-31,173200000,2012-03-25,NetIncomeLoss,2026-08-25
TAP,receivables,2011-12-31,529900000,2012-03-25,AccountsReceivableNetCurrent,2026-08-25
TDG,assets,2011-12-31,4545336000,2012-03-25,Assets,2026-08-25
TDG,buybacks,2011-12-31,846000,2012-03-25,PaymentsForRepurchaseOfCommonStock,2026-08-25
TDG,capex,2011-12-31,4703000,2012-03-25,PaymentsToAcquirePropertyPlantAndEquipment,2026-08-25
TDG,cash,2011-12-31,359900000,2012-03-25,CashAndCashEquivalentsAtCarryingValue,2026-08-25
TDG,debt,2011-12-31,3119000000,2012-03-25,LongTermDebtNoncurrent,2026-08-25
TDG,equity,2011-12-31,887068000,2012-03-25,StockholdersEquity,2026-08-25
TDG,grossProfit,2011-12-31,199555000,2012-03-25,GrossProfit,2026-08-25
TDG,inventory,2011-12-31,274173000,2012-03-25,InventoryNet,2026-08-25
TDG,liabilities,2011-12-31,3658268000,2012-03-25,Liabilities,2026-08-25
TDG,netIncome,2011-12-31,65105000,2012-03-25,NetIncomeLoss,2026-08-25
TDG,operatingCashFlow,2011-12-31,68094000,2012-03-25,NetCashProvidedByUsedInOperatingActivities,2026-08-25
TDG,operatingIncome,2011-12-31,145266000,2012-03-25,OperatingIncomeLoss,2026-08-25
TDG,receivables,2011-12-31,174698000,2012-03-25,AccountsReceivableNetCurrent,2026-08-25
TDG,revenue,2011-12-31,352473000,2012-03-25,SalesRevenueNet,2026-08-25
TDY,assets,2011-10-02,1844300000,2011-11-21,Assets,2026-08-25
TDY,cash,2011-10-02,37900000,2011-11-21,CashAndCashEquivalentsAtCarryingValue,2026-08-25
TDY,debt,2011-10-02,274000000,2011-11-21,LongTermDebt,2026-08-25
TDY,equity,2011-10-02,1027400000,2011-11-21,StockholdersEquity,2026-08-25
TDY,grossProfit,2011-10-02,165100000,2011-11-21,GrossProfit,2026-08-25
TDY,inventory,2011-10-02,229800000,2011-11-21,InventoryNet,2026-08-25
TDY,liabilities,2011-10-02,810900000,2011-11-21,Liabilities,2026-08-25
TDY,netIncome,2011-10-02,34100000,2011-11-21,NetIncomeLoss,2026-08-25
TDY,operatingIncome,2011-10-02,56800000,2011-11-21,OperatingIncomeLoss,2026-08-25
TDY,receivables,2011-10-02,281000000,2011-11-21,AccountsReceivableNetCurrent,2026-08-25
TDY,revenue,2011-10-02,496400000,2011-11-21,SalesRevenueNet,2026-08-25
TDY,shares,2011-10-02,36942982,2011-11-21,CommonStockSharesOutstanding,2026-08-25
TECH,assets,2011-12-31,624248000,2012-03-25,Assets,2026-08-25
TECH,cash,2011-12-31,80994000,2012-03-25,CashAndCashEquivalentsAtCarryingValue,2026-08-25
TECH,equity,2011-12-31,597506000,2012-03-25,StockholdersEquity,2026-08-25
TECH,grossProfit,2011-12-31,55170000,2012-03-25,GrossProfit,2026-08-25
TECH,inventory,2011-12-31,40978000,2012-03-25,InventoryNet,2026-08-25
TECH,netIncome,2011-12-31,25813000,2012-03-25,NetIncomeLoss,2026-08-25
TECH,operatingIncome,2011-12-31,37682000,2012-03-25,OperatingIncomeLoss,2026-08-25
TECH,receivables,2011-12-31,32351000,2012-03-25,AccountsReceivableNetCurrent,2026-08-25
TECH,revenue,2011-12-31,74662000,2012-03-25,SalesRevenueNet,2026-08-25
TECH,shares,2011-12-31,36891490,2012-03-25,CommonStockSharesOutstanding,2026-08-25
TEL,assets,2011-12-30,17523000000,2012-03-24,Assets,2026-08-25
TEL,buybacks,2011-12-30,17000000,2012-03-24,PaymentsForRepurchaseOfCommonStock,2026-08-25
TEL,capex,2011-12-30,130000000,2012-03-24,PaymentsToAcquirePropertyPlantAndEquipment,2026-08-25
TEL,cash,2011-12-30,1389000000,2012-03-24,CashAndCashEquivalentsAtCarryingValue,2026-08-25
TEL,debt,2011-12-30,1950000000,2012-03-24,LongTermDebtNoncurrent,2026-08-25
TEL,equity,2011-12-30,7581000000,2012-03-24,StockholdersEquity,2026-08-25
TEL,grossProfit,2011-12-30,943000000,2012-03-24,GrossProfit,2026-08-25
TEL,inventory,2011-12-30,1918000000,2012-03-24,InventoryNet,2026-08-25
TEL,liabilities,2011-12-30,9933000000,2012-03-24,Liabilities,2026-08-25
TEL,operatingCashFlow,2011-12-30,207000000,2012-03-24,NetCashProvidedByUsedInOperatingActivities,2026-08-25
TEL,operatingIncome,2011-12-30,361000000,2012-03-24,OperatingIncomeLoss,2026-08-25
TEL,receivables,2011-12-30,2241000000,2012-03-24,AccountsReceivableNetCurrent,2026-08-25
TEL,revenue,2011-12-30,3170000000,2012-03-24,SalesRevenueNet,2026-08-25
TER,assets,2011-12-31,2188639000,2012-03-25,Assets,2026-08-25
TER,cash,2011-12-31,573736000,2012-03-25,CashAndCashEquivalentsAtCarryingValue,2026-08-25
TER,debt,2011-12-31,159956000,2012-03-25,LongTermDebtNoncurrent,2026-08-25
TER,equity,2011-12-31,1505060000,2012-03-25,StockholdersEquity,2026-08-25
TER,grossProfit,2011-12-31,133967000,2012-03-25,GrossProfit,2026-08-25
TER,inventory,2011-12-31,160063000,2012-03-25,InventoryNet,2026-08-25
TER,liabilities,2011-12-31,683579000,2012-03-25,Liabilities,2026-08-25
TER,netIncome,2011-12-31,129071000,2012-03-25,NetIncomeLoss,2026-08-25
TER,operatingIncome,2011-12-31,-10293000,2012-03-25,OperatingIncomeLoss,2026-08-25
TER,receivables,2011-12-31,129330000,2012-03-25,AccountsReceivableNetCurrent,2026-08-25
TER,revenue,2011-12-31,296992000,2012-03-25,Revenues,2026-08-25
TER,shares,2011-12-31,183587000,2012-03-25,CommonStockSharesOutstanding,2026-08-25
TFC,assets,2011-12-31,174579000000,2012-03-25,Assets,2026-08-25
TFC,cash,2011-12-31,3576000000,2012-03-25,CashAndCashEquivalentsAtCarryingValue,2026-08-25
TFC,debt,2011-12-31,21803000000,2012-03-25,LongTermDebt,2026-08-25
TFC,liabilities,2011-12-31,157099000000,2012-03-25,Liabilities,2026-08-25
TFC,shares,2011-12-31,697143000,2012-03-25,CommonStockSharesOutstanding,2026-08-25
TGT,assets,2011-10-29,48447000000,2011-12-18,Assets,2026-08-25
TGT,equity,2011-10-29,15264000000,2011-12-18,StockholdersEquity,2026-08-25
TGT,inventory,2011-10-29,9890000000,2011-12-18,InventoryNet,2026-08-25
TGT,operatingIncome,2011-10-29,1039000000,2011-12-18,OperatingIncomeLoss,2026-08-25
TGT,revenue,2011-10-29,16402000000,2011-12-18,Revenues,2026-08-25
TGT,shares,2011-10-29,671400000,2011-12-18,CommonStockSharesOutstanding,2026-08-25
TJX,assets,2011-10-29,8530980000,2011-12-18,Assets,2026-08-25
TJX,cash,2011-10-29,956932000,2011-12-18,CashAndCashEquivalentsAtCarryingValue,2026-08-25
TJX,debt,2011-10-29,774457000,2011-12-18,LongTermDebtNoncurrent,2026-08-25
TJX,grossProfit,2011-10-29,1626541000,2011-12-18,GrossProfit,2026-08-25
TJX,inventory,2011-10-29,3706022000,2011-12-18,InventoryNet,2026-08-25
TJX,receivables,2011-10-29,235975000,2011-12-18,AccountsReceivableNetCurrent,2026-08-25
TJX,revenue,2011-10-29,5793128000,2011-12-18,Revenues,2026-08-25
TJX,shares,2011-10-29,754280240,2011-12-18,CommonStockSharesOutstanding,2026-08-25
TMO,assets,2011-12-31,26833700000,2012-03-25,Assets,2026-08-25
TMO,cash,2011-12-31,1016300000,2012-03-25,CashAndCashEquivalentsAtCarryingValue,2026-08-25
TMO,equity,2011-12-31,15038100000,2012-03-25,StockholdersEquity,2026-08-25
TMO,grossProfit,2011-12-31,1297800000,2012-03-25,GrossProfit,2026-08-25
TMO,inventory,2011-12-31,1330100000,2012-03-25,InventoryNet,2026-08-25
TMO,netIncome,2011-12-31,288900000,2012-03-25,NetIncomeLoss,2026-08-25
TMO,operatingIncome,2011-10-01,316000000,2011-11-20,OperatingIncomeLoss,2026-08-25
TMO,receivables,2011-12-31,1763700000,2012-03-25,AccountsReceivableNetCurrent,2026-08-25
TMO,revenue,2011-12-31,3089300000,2012-03-25,Revenues,2026-08-25
TMO,rnd,2011-10-01,86800000,2011-11-20,ResearchAndDevelopmentExpense,2026-08-25
TMUS,assets,2011-12-31,9482931000,2012-03-25,Assets,2026-08-25
TMUS,cash,2011-12-31,390000000,2012-03-25,CashAndCashEquivalentsAtCarryingValue,2026-08-25
TMUS,debt,2011-12-31,4471916000,2012-03-25,LongTermDebt,2026-08-25
TMUS,equity,2011-12-31,15785000000,2012-03-25,StockholdersEquity,2026-08-25
TMUS,liabilities,2011-12-31,6555331000,2012-03-25,Liabilities,2026-08-25
TMUS,netIncome,2011-12-31,91271000,2012-03-25,NetIncomeLoss,2026-08-25
TMUS,operatingIncome,2011-12-31,215115000,2012-03-25,OperatingIncomeLoss,2026-08-25
TMUS,revenue,2011-12-31,1238164000,2012-03-25,SalesRevenueNet,2026-08-25
TMUS,shares,2011-12-31,362460395,2012-03-25,CommonStockSharesOutstanding,2026-08-25
TPR,assets,2011-12-31,3100885000,2012-03-25,Assets,2026-08-25
TPR,buybacks,2011-10-01,59000000,2011-11-20,PaymentsForRepurchaseOfCommonStock,2026-08-25
TPR,capex,2011-10-01,30895000,2011-11-20,PaymentsToAcquirePropertyPlantAndEquipment,2026-08-25
TPR,cash,2011-12-31,1085595000,2012-03-25,CashAndCashEquivalentsAtCarryingValue,2026-08-25
TPR,debt,2011-12-31,23165000,2012-03-25,LongTermDebtNoncurrent,2026-08-25
TPR,equity,2011-12-31,1868726000,2012-03-25,StockholdersEquity,2026-08-25
TPR,grossProfit,2011-12-31,1045211000,2012-03-25,GrossProfit,2026-08-25
TPR,inventory,2011-12-31,429031000,2012-03-25,InventoryNet,2026-08-25
TPR,liabilities,2011-12-31,1232159000,2012-03-25,Liabilities,2026-08-25
TPR,netIncome,2011-12-31,347495000,2012-03-25,NetIncomeLoss,2026-08-25
TPR,operatingCashFlow,2011-10-01,224966000,2011-11-20,NetCashProvidedByUsedInOperatingActivities,2026-08-25
TPR,operatingIncome,2011-12-31,500901000,2012-03-25,OperatingIncomeLoss,2026-08-25
TPR,receivables,2011-12-31,212041000,2012-03-25,AccountsReceivableNetCurrent,2026-08-25
TPR,revenue,2011-12-31,1448649000,2012-03-25,SalesRevenueNet,2026-08-25
TPR,shares,2011-12-31,287516482,2012-03-25,CommonStockSharesOutstanding,2026-08-25
TRGP,assets,2011-12-31,3831000000,2012-03-25,Assets,2026-08-25
TRGP,cash,2011-12-31,145800000,2012-03-25,CashAndCashEquivalentsAtCarryingValue,2026-08-25
TRGP,debt,2011-12-31,1567000000,2012-03-25,LongTermDebtNoncurrent,2026-08-25
TRGP,equity,2011-12-31,158100000,2012-03-25,StockholdersEquity,2026-08-25
TRGP,grossProfit,2011-12-31,259500000,2012-03-25,GrossProfit,2026-08-25
TRGP,inventory,2011-12-31,92200000,2012-03-25,InventoryNet,2026-08-25
TRGP,netIncome,2011-12-31,8500000,2012-03-25,NetIncomeLoss,2026-08-25
TRGP,operatingIncome,2011-12-31,108300000,2012-03-25,OperatingIncomeLoss,2026-08-25
TRGP,receivables,2011-12-31,575700000,2012-03-25,AccountsReceivableNetCurrent,2026-08-25
TRGP,shares,2011-12-31,42398148,2012-03-25,CommonStockSharesOutstanding,2026-08-25
TRMB,assets,2011-12-30,2652475000,2012-03-24,Assets,2026-08-25
TRMB,cash,2011-12-30,154621000,2012-03-24,CashAndCashEquivalentsAtCarryingValue,2026-08-25
TRMB,debt,2011-12-30,498518000,2012-03-24,LongTermDebtNoncurrent,2026-08-25
TRMB,equity,2011-12-30,1569293000,2012-03-24,StockholdersEquity,2026-08-25
TRMB,grossProfit,2011-12-30,217758000,2012-03-24,GrossProfit,2026-08-25
TRMB,inventory,2011-12-30,232063000,2012-03-24,InventoryNet,2026-08-25
TRMB,liabilities,2011-12-30,1063573000,2012-03-24,Liabilities,2026-08-25
TRMB,netIncome,2011-12-30,29403000,2012-03-24,NetIncomeLoss,2026-08-25
TRMB,receivables,2011-12-30,275201000,2012-03-24,AccountsReceivableNetCurrent,2026-08-25
TRMB,revenue,2011-12-30,435170000,2012-03-24,Revenues,2026-08-25
TRMB,shares,2011-12-30,123663000,2012-03-24,CommonStockSharesOutstanding,2026-08-25
TROW,assets,2011-12-31,3770300000,2012-03-25,Assets,2026-08-25
TROW,cash,2011-12-31,897900000,2012-03-25,CashAndCashEquivalentsAtCarryingValue,2026-08-25
TROW,equity,2011-12-31,3420700000,2012-03-25,StockholdersEquity,2026-08-25
TROW,grossProfit,2011-12-31,671600000,2012-03-25,GrossProfit,2026-08-25
TROW,liabilities,2011-12-31,349600000,2012-03-25,Liabilities,2026-08-25
TROW,netIncome,2011-12-31,188400000,2012-03-25,NetIncomeLoss,2026-08-25
TROW,shares,2011-12-31,253272000,2012-03-25,CommonStockSharesOutstanding,2026-08-25
TRV,assets,2011-12-31,104575000000,2012-03-25,Assets,2026-08-25
TRV,debt,2011-12-31,6269000000,2012-03-25,LongTermDebtNoncurrent,2026-08-25
TRV,liabilities,2011-12-31,80098000000,2012-03-25,Liabilities,2026-08-25
TRV,revenue,2011-12-31,6373000000,2012-03-25,Revenues,2026-08-25
TRV,shares,2011-12-31,392800000,2012-03-25,CommonStockSharesOutstanding,2026-08-25
TSCO,assets,2011-12-31,1594832000,2012-03-25,Assets,2026-08-25
TSCO,cash,2011-12-31,176965000,2012-03-25,CashAndCashEquivalentsAtCarryingValue,2026-08-25
TSCO,equity,2011-12-31,1008290000,2012-03-25,StockholdersEquity,2026-08-25
TSCO,inventory,2011-12-31,830819000,2012-03-25,InventoryNet,2026-08-25
TSCO,liabilities,2011-12-31,586542000,2012-03-25,Liabilities,2026-08-25
TSCO,shares,2011-12-31,71265000,2012-03-25,CommonStockSharesOutstanding,2026-08-25
TSLA,assets,2011-12-31,713448000,2012-03-25,Assets,2026-08-25
TSLA,cash,2011-12-31,255266000,2012-03-25,CashAndCashEquivalentsAtCarryingValue,2026-08-25
TSLA,debt,2011-12-31,268335000,2012-03-25,LongTermDebtNoncurrent,2026-08-25
TSLA,equity,2011-12-31,224045000,2012-03-25,StockholdersEquity,2026-08-25
TSLA,grossProfit,2011-12-31,7835000,2012-03-25,GrossProfit,2026-08-25
TSLA,inventory,2011-12-31,50082000,2012-03-25,InventoryNet,2026-08-25
TSLA,liabilities,2011-12-31,489403000,2012-03-25,Liabilities,2026-08-25
TSLA,netIncome,2011-12-31,-81488000,2012-03-25,NetIncomeLoss,2026-08-25
TSLA,receivables,2011-12-31,9539000,2012-03-25,AccountsReceivableNetCurrent,2026-08-25
TSLA,revenue,2011-12-31,39375000,2012-03-25,Revenues,2026-08-25
TSLA,shares,2011-12-31,104530305,2012-03-25,CommonStockSharesOutstanding,2026-08-25
TSN,assets,2011-12-31,11227000000,2012-03-25,Assets,2026-08-25
TSN,buybacks,2011-12-31,50000000,2012-03-25,PaymentsForRepurchaseOfCommonStock,2026-08-25
TSN,capex,2011-12-31,182000000,2012-03-25,PaymentsToAcquirePropertyPlantAndEquipment,2026-08-25
TSN,cash,2011-12-31,857000000,2012-03-25,CashAndCashEquivalentsAtCarryingValue,2026-08-25
TSN,equity,2011-12-31,5781000000,2012-03-25,StockholdersEquity,2026-08-25
TSN,grossProfit,2011-12-31,497000000,2012-03-25,GrossProfit,2026-08-25
TSN,inventory,2011-12-31,2598000000,2012-03-25,InventoryNet,2026-08-25
TSN,netIncome,2011-12-31,156000000,2012-03-25,NetIncomeLoss,2026-08-25
TSN,operatingCashFlow,2011-12-31,338000000,2012-03-25,NetCashProvidedByUsedInOperatingActivities,2026-08-25
TSN,operatingIncome,2011-12-31,284000000,2012-03-25,OperatingIncomeLoss,2026-08-25
TSN,receivables,2011-12-31,1281000000,2012-03-25,AccountsReceivableNetCurrent,2026-08-25
TSN,revenue,2011-12-31,8258000000,2012-03-25,SalesRevenueNet,2026-08-25
TT,assets,2011-12-31,18844100000,2012-03-25,Assets,2026-08-25
TT,cash,2011-12-31,987000000,2012-03-25,CashAndCashEquivalentsAtCarryingValue,2026-08-25
TT,debt,2011-12-31,2879300000,2012-03-25,LongTermDebtNoncurrent,2026-08-25
TT,equity,2011-12-31,6924300000,2012-03-25,StockholdersEquity,2026-08-25
TT,inventory,2011-12-31,1278300000,2012-03-25,InventoryNet,2026-08-25
TT,liabilities,2011-12-31,11828400000,2012-03-25,Liabilities,2026-08-25
TTWO,assets,2011-12-31,1140596000,2012-03-25,Assets,2026-08-25
TTWO,cash,2011-12-31,453316000,2012-03-25,CashAndCashEquivalentsAtCarryingValue,2026-08-25
TTWO,debt,2011-12-31,311906000,2012-03-25,LongTermDebtNoncurrent,2026-08-25
TTWO,equity,2011-12-31,641485000,2012-03-25,StockholdersEquity,2026-08-25
TTWO,grossProfit,2011-12-31,109858000,2012-03-25,GrossProfit,2026-08-25
TTWO,inventory,2011-12-31,22516000,2012-03-25,InventoryNet,2026-08-25
TTWO,liabilities,2011-12-31,499111000,2012-03-25,Liabilities,2026-08-25
TTWO,netIncome,2011-12-31,14104000,2012-03-25,NetIncomeLoss,2026-08-25
TTWO,operatingIncome,2011-12-31,20248000,2012-03-25,OperatingIncomeLoss,2026-08-25
TTWO,receivables,2011-12-31,53274000,2012-03-25,AccountsReceivableNetCurrent,2026-08-25
TTWO,revenue,2011-12-31,236325000,2012-03-25,SalesRevenueNet,2026-08-25
TTWO,shares,2011-12-31,90035000,2012-03-25,CommonStockSharesOutstanding,2026-08-25
TXN,assets,2011-12-31,20497000000,2012-03-25,Assets,2026-08-25
TXN,cash,2011-12-31,992000000,2012-03-25,CashAndCashEquivalentsAtCarryingValue,2026-08-25
TXN,debt,2011-12-31,4211000000,2012-03-25,LongTermDebtNoncurrent,2026-08-25
TXN,equity,2011-12-31,10952000000,2012-03-25,StockholdersEquity,2026-08-25
TXN,inventory,2011-12-31,1788000000,2012-03-25,InventoryNet,2026-08-25
TXN,liabilities,2011-12-31,9545000000,2012-03-25,Liabilities,2026-08-25
TXN,receivables,2011-12-31,1545000000,2012-03-25,AccountsReceivableNetCurrent,2026-08-25
TXT,assets,2011-12-31,13615000000,2012-03-25,Assets,2026-08-25
TXT,cash,2011-12-31,885000000,2012-03-25,CashAndCashEquivalentsAtCarryingValue,2026-08-25
TXT,equity,2011-12-31,2745000000,2012-03-25,StockholdersEquity,2026-08-25
TXT,inventory,2011-12-31,2402000000,2012-03-25,InventoryNet,2026-08-25
TXT,liabilities,2011-12-31,10870000000,2012-03-25,Liabilities,2026-08-25
TXT,netIncome,2011-12-31,-19000000,2012-03-25,NetIncomeLoss,2026-08-25
TXT,revenue,2011-12-31,3254000000,2012-03-25,Revenues,2026-08-25
TXT,shares,2011-12-31,278873000,2012-03-25,CommonStockSharesOutstanding,2026-08-25
TYL,assets,2011-12-31,295391000,2012-03-25,Assets,2026-08-25
TYL,cash,2011-12-31,1326000,2012-03-25,CashAndCashEquivalentsAtCarryingValue,2026-08-25
TYL,equity,2011-12-31,78110000,2012-03-25,StockholdersEquity,2026-08-25
TYL,grossProfit,2011-12-31,39020000,2012-03-25,GrossProfit,2026-08-25
TYL,netIncome,2011-12-31,8699000,2012-03-25,NetIncomeLoss,2026-08-25
TYL,receivables,2011-12-31,90012000,2012-03-25,AccountsReceivableNetCurrent,2026-08-25
TYL,revenue,2011-12-31,82079000,2012-03-25,Revenues,2026-08-25
UAL,assets,2011-12-31,37988000000,2012-03-25,Assets,2026-08-25
UAL,cash,2011-12-31,6246000000,2012-03-25,CashAndCashEquivalentsAtCarryingValue,2026-08-25
UAL,debt,2011-12-31,10496000000,2012-03-25,LongTermDebtNoncurrent,2026-08-25
UAL,equity,2011-12-31,1806000000,2012-03-25,StockholdersEquity,2026-08-25
UAL,netIncome,2011-12-31,-138000000,2012-03-25,NetIncomeLoss,2026-08-25
UAL,operatingIncome,2011-12-31,45000000,2012-03-25,OperatingIncomeLoss,2026-08-25
UAL,revenue,2011-12-31,8928000000,2012-03-25,Revenues,2026-08-25
UAL,shares,2011-12-31,330906192,2012-03-25,CommonStockSharesOutstanding,2026-08-25
UDR,assets,2011-12-31,6721354000,2012-03-25,Assets,2026-08-25
UDR,cash,2011-12-31,12503000,2012-03-25,CashAndCashEquivalentsAtCarryingValue,2026-08-25
UDR,debt,2011-12-31,3918370000,2012-03-25,LongTermDebt,2026-08-25
UDR,equity,2011-12-31,2314050000,2012-03-25,StockholdersEquity,2026-08-25
UDR,liabilities,2011-12-31,4166095000,2012-03-25,Liabilities,2026-08-25
UDR,shares,2011-12-31,219650225,2012-03-25,CommonStockSharesOutstanding,2026-08-25
UHS,assets,2011-12-31,7665245000,2012-03-25,Assets,2026-08-25
UHS,cash,2011-12-31,41229000,2012-03-25,CashAndCashEquivalentsAtCarryingValue,2026-08-25
UHS,debt,2011-12-31,3651428000,2012-03-25,LongTermDebtNoncurrent,2026-08-25
UHS,equity,2011-12-31,2296352000,2012-03-25,StockholdersEquity,2026-08-25
UHS,netIncome,2011-12-31,95271000,2012-03-25,NetIncomeLoss,2026-08-25
UHS,receivables,2011-12-31,969802000,2012-03-25,AccountsReceivableNetCurrent,2026-08-25
UHS,revenue,2011-12-31,1662996000,2012-03-25,SalesRevenueNet,2026-08-25
ULTA,assets,2011-10-29,930072000,2011-12-18,Assets,2026-08-25
ULTA,cash,2011-10-29,130657000,2011-12-18,CashAndCashEquivalentsAtCarryingValue,2026-08-25
ULTA,equity,2011-10-29,524432000,2011-12-18,StockholdersEquity,2026-08-25
ULTA,grossProfit,2011-10-29,149183000,2011-12-18,GrossProfit,2026-08-25
ULTA,liabilities,2011-10-29,405640000,2011-12-18,Liabilities,2026-08-25
ULTA,netIncome,2011-10-29,26768000,2011-12-18,NetIncomeLoss,2026-08-25
ULTA,operatingIncome,2011-10-29,44228000,2011-12-18,OperatingIncomeLoss,2026-08-25
ULTA,revenue,2011-10-29,413067000,2011-12-18,SalesRevenueNet,2026-08-25
ULTA,shares,2011-10-29,61772000,2011-12-18,CommonStockSharesOutstanding,2026-08-25
UNH,assets,2011-12-31,67889000000,2012-03-25,Assets,2026-08-25
UNH,cash,2011-12-31,9429000000,2012-03-25,CashAndCashEquivalentsAtCarryingValue,2026-08-25
UNH,debt,2011-12-31,10656000000,2012-03-25,LongTermDebtNoncurrent,2026-08-25
UNH,equity,2011-12-31,28292000000,2012-03-25,StockholdersEquity,2026-08-25
UNH,liabilities,2011-12-31,39597000000,2012-03-25,Liabilities,2026-08-25
UNH,netIncome,2011-12-31,1258000000,2012-03-25,NetIncomeLoss,2026-08-25
UNH,operatingIncome,2011-12-31,2074000000,2012-03-25,OperatingIncomeLoss,2026-08-25
UNH,receivables,2011-12-31,2294000000,2012-03-25,AccountsReceivableNetCurrent,2026-08-25
UNH,revenue,2011-12-31,25916000000,2012-03-25,Revenues,2026-08-25
UNH,shares,2011-12-31,1039000000,2012-03-25,CommonStockSharesOutstanding,2026-08-25
UNP,assets,2011-12-31,45096000000,2012-03-25,Assets,2026-08-25
UNP,cash,2011-12-31,1217000000,2012-03-25,CashAndCashEquivalentsAtCarryingValue,2026-08-25
UNP,debt,2011-12-31,8906000000,2012-03-25,LongTermDebt,2026-08-25
UNP,equity,2011-12-31,18578000000,2012-03-25,StockholdersEquity,2026-08-25
UNP,liabilities,2011-12-31,26518000000,2012-03-25,Liabilities,2026-08-25
UNP,netIncome,2011-12-31,964000000,2012-03-25,NetIncomeLoss,2026-08-25
UNP,operatingIncome,2011-12-31,1617000000,2012-03-25,OperatingIncomeLoss,2026-08-25
UNP,receivables,2011-12-31,1401000000,2012-03-25,AccountsReceivableNetCurrent,2026-08-25
UNP,revenue,2011-12-31,5108000000,2012-03-25,Revenues,2026-08-25
UNP,shares,2011-12-31,479929530,2012-03-25,CommonStockSharesOutstanding,2026-08-25
UPS,assets,2011-12-31,34701000000,2012-03-25,Assets,2026-08-25
UPS,cash,2011-12-31,3034000000,2012-03-25,CashAndCashEquivalentsAtCarryingValue,2026-08-25
UPS,debt,2011-12-31,11095000000,2012-03-25,LongTermDebtNoncurrent,2026-08-25
UPS,equity,2011-12-31,7035000000,2012-03-25,StockholdersEquity,2026-08-25
UPS,inventory,2011-12-31,345000000,2012-03-25,InventoryNet,2026-08-25
UPS,netIncome,2011-12-31,725000000,2012-03-25,NetIncomeLoss,2026-08-25
UPS,operatingIncome,2011-12-31,1197000000,2012-03-25,OperatingIncomeLoss,2026-08-25
UPS,receivables,2011-12-31,6246000000,2012-03-25,AccountsReceivableNetCurrent,2026-08-25
UPS,revenue,2011-12-31,14166000000,2012-03-25,Revenues,2026-08-25
URI,assets,2011-12-31,4143000000,2012-03-25,Assets,2026-08-25
URI,cash,2011-12-31,36000000,2012-03-25,CashAndCashEquivalentsAtCarryingValue,2026-08-25
URI,equity,2011-12-31,64000000,2012-03-25,StockholdersEquity,2026-08-25
URI,grossProfit,2011-12-31,275000000,2012-03-25,GrossProfit,2026-08-25
URI,inventory,2011-12-31,44000000,2012-03-25,InventoryNet,2026-08-25
URI,liabilities,2011-12-31,4040000000,2012-03-25,Liabilities,2026-08-25
URI,netIncome,2011-12-31,29000000,2012-03-25,NetIncomeLoss,2026-08-25
URI,operatingIncome,2011-12-31,115000000,2012-03-25,OperatingIncomeLoss,2026-08-25
URI,receivables,2011-12-31,464000000,2012-03-25,AccountsReceivableNetCurrent,2026-08-25
URI,revenue,2011-12-31,746000000,2012-03-25,Revenues,2026-08-25
URI,shares,2011-12-31,62877530,2012-03-25,CommonStockSharesOutstanding,2026-08-25
USB,assets,2011-12-31,340122000000,2012-03-25,Assets,2026-08-25
USB,cash,2011-12-31,13962000000,2012-03-25,CashAndCashEquivalentsAtCarryingValue,2026-08-25
USB,debt,2011-12-31,31953000000,2012-03-25,LongTermDebt,2026-08-25
USB,equity,2011-12-31,33978000000,2012-03-25,StockholdersEquity,2026-08-25
USB,liabilities,2011-12-31,305151000000,2012-03-25,Liabilities,2026-08-25
USB,shares,2011-12-31,1900000000,2012-03-25,CommonStockSharesOutstanding,2026-08-25
V,assets,2011-12-31,35768000000,2012-03-25,Assets,2026-08-25
V,buybacks,2011-12-31,75000000,2012-03-25,PaymentsForRepurchaseOfCommonStock,2026-08-25
V,capex,2011-12-31,101000000,2012-03-25,PaymentsToAcquireProductiveAssets,2026-08-25
V,cash,2011-12-31,1942000000,2012-03-25,CashAndCashEquivalentsAtCarryingValue,2026-08-25
V,liabilities,2011-12-31,8467000000,2012-03-25,Liabilities,2026-08-25
V,netIncome,2011-12-31,1029000000,2012-03-25,NetIncomeLoss,2026-08-25
V,operatingCashFlow,2011-12-31,1286000000,2012-03-25,NetCashProvidedByUsedInOperatingActivities,2026-08-25
V,operatingIncome,2011-12-31,1618000000,2012-03-25,OperatingIncomeLoss,2026-08-25
V,receivables,2011-12-31,629000000,2012-03-25,AccountsReceivableNetCurrent,2026-08-25
V,revenue,2011-12-31,2547000000,2012-03-25,Revenues,2026-08-25
VLO,assets,2011-12-31,42783000000,2012-03-25,Assets,2026-08-25
VLO,cash,2011-12-31,1024000000,2012-03-25,CashAndCashEquivalentsAtCarryingValue,2026-08-25
VLO,debt,2011-12-31,7690000000,2012-03-25,LongTermDebt,2026-08-25
VLO,equity,2011-12-31,16423000000,2012-03-25,StockholdersEquity,2026-08-25
VLO,inventory,2011-12-31,5623000000,2012-03-25,InventoryNet,2026-08-25
VLO,netIncome,2011-12-31,45000000,2012-03-25,NetIncomeLoss,2026-08-25
VLO,operatingIncome,2011-12-31,167000000,2012-03-25,OperatingIncomeLoss,2026-08-25
VMC,assets,2011-12-31,8229300000,2012-03-25,Assets,2026-08-25
VMC,cash,2011-12-31,155839000,2012-03-25,CashAndCashEquivalentsAtCarryingValue,2026-08-25
VMC,debt,2011-12-31,2680677000,2012-03-25,LongTermDebtNoncurrent,2026-08-25
VMC,equity,2011-12-31,3791617000,2012-03-25,StockholdersEquity,2026-08-25
VMC,grossProfit,2011-12-31,74355000,2012-03-25,GrossProfit,2026-08-25
VMC,inventory,2011-12-31,327657000,2012-03-25,InventoryNet,2026-08-25
VMC,liabilities,2011-12-31,4437697000,2012-03-25,Liabilities,2026-08-25
VMC,netIncome,2011-12-31,-27865000,2012-03-25,NetIncomeLoss,2026-08-25
VMC,operatingIncome,2011-12-31,-5528000,2012-03-25,OperatingIncomeLoss,2026-08-25
VMC,receivables,2011-12-31,299166000,2012-03-25,AccountsReceivableNetCurrent,2026-08-25
VMC,revenue,2011-12-31,614627000,2012-03-25,SalesRevenueNet,2026-08-25
VMRK,assets,2011-12-31,16659303000,2012-03-25,Assets,2026-08-25
VMRK,cash,2011-12-31,383921000,2012-03-25,CashAndCashEquivalentsAtCarryingValue,2026-08-25
VMRK,equity,2011-12-31,5669015000,2012-03-25,StockholdersEquity,2026-08-25
VMRK,liabilities,2011-12-31,10380042000,2012-03-25,Liabilities,2026-08-25
VMRK,operatingIncome,2011-12-31,128994000,2012-03-25,OperatingIncomeLoss,2026-08-25
VMRK,revenue,2011-12-31,433685000,2012-03-25,Revenues,2026-08-25
VMRK,shares,2011-12-31,297508185,2012-03-25,CommonStockSharesOutstanding,2026-08-25
VRSK,assets,2011-12-31,1541106000,2012-03-25,Assets,2026-08-25
VRSK,cash,2011-12-31,191603000,2012-03-25,CashAndCashEquivalentsAtCarryingValue,2026-08-25
VRSK,equity,2011-12-31,-98490000,2012-03-25,StockholdersEquity,2026-08-25
VRSK,liabilities,2011-12-31,1639596000,2012-03-25,Liabilities,2026-08-25
VRSK,receivables,2011-12-31,153339000,2012-03-25,AccountsReceivableNetCurrent,2026-08-25
VRSK,shares,2011-12-31,164285227,2012-03-25,CommonStockSharesOutstanding,2026-08-25
VRSN,assets,2011-12-31,1856179000,2012-03-25,Assets,2026-08-25
VRSN,cash,2011-12-31,1313349000,2012-03-25,CashAndCashEquivalentsAtCarryingValue,2026-08-25
VRSN,debt,2011-12-31,100000000,2012-03-25,LongTermDebt,2026-08-25
VRSN,equity,2011-12-31,-88107000,2012-03-25,StockholdersEquity,2026-08-25
VRSN,liabilities,2011-12-31,1944286000,2012-03-25,Liabilities,2026-08-25
VRSN,receivables,2011-12-31,14974000,2012-03-25,AccountsReceivableNetCurrent,2026-08-25
VRSN,shares,2011-12-31,159422000,2012-03-25,CommonStockSharesOutstanding,2026-08-25
VRTX,assets,2011-12-31,2204280000,2012-03-25,Assets,2026-08-25
VRTX,cash,2011-12-31,475320000,2012-03-25,CashAndCashEquivalentsAtCarryingValue,2026-08-25
VRTX,equity,2011-12-31,786843000,2012-03-25,StockholdersEquity,2026-08-25
VRTX,inventory,2011-12-31,112430000,2012-03-25,InventoryNet,2026-08-25
VRTX,liabilities,2011-12-31,1238768000,2012-03-25,Liabilities,2026-08-25
VRTX,netIncome,2011-12-31,158629000,2012-03-25,NetIncomeLoss,2026-08-25
VRTX,operatingIncome,2011-12-31,223902000,2012-03-25,OperatingIncomeLoss,2026-08-25
VRTX,receivables,2011-12-31,183135000,2012-03-25,AccountsReceivableNetCurrent,2026-08-25
VRTX,revenue,2011-12-31,563340000,2012-03-25,Revenues,2026-08-25
VRTX,rnd,2011-12-31,186438000,2012-03-25,ResearchAndDevelopmentExpense,2026-08-25
VRTX,shares,2011-12-31,209303995,2012-03-25,CommonStockSharesOutstanding,2026-08-25
VTR,assets,2011-12-31,17271910000,2012-03-25,Assets,2026-08-25
VTR,cash,2011-12-31,45807000,2012-03-25,CashAndCashEquivalentsAtCarryingValue,2026-08-25
VTR,debt,2011-12-31,6429116000,2012-03-25,LongTermDebt,2026-08-25
VTR,equity,2011-12-31,9274957000,2012-03-25,StockholdersEquity,2026-08-25
VTR,liabilities,2011-12-31,7813129000,2012-03-25,Liabilities,2026-08-25
VTR,revenue,2011-12-31,563145000,2012-03-25,Revenues,2026-08-25
VZ,assets,2011-12-31,230461000000,2012-03-25,Assets,2026-08-25
VZ,cash,2011-12-31,13362000000,2012-03-25,CashAndCashEquivalentsAtCarryingValue,2026-08-25
VZ,debt,2011-12-31,50303000000,2012-03-25,LongTermDebtNoncurrent,2026-08-25
VZ,inventory,2011-12-31,940000000,2012-03-25,InventoryNet,2026-08-25
VZ,netIncome,2011-12-31,-2023000000,2012-03-25,NetIncomeLoss,2026-08-25
VZ,operatingIncome,2011-12-31,-1112000000,2012-03-25,OperatingIncomeLoss,2026-08-25
VZ,receivables,2011-12-31,11776000000,2012-03-25,AccountsReceivableNetCurrent,2026-08-25
VZ,revenue,2011-12-31,28436000000,2012-03-25,Revenues,2026-08-25
WAB,assets,2011-12-31,2158953000,2012-03-25,Assets,2026-08-25
WAB,cash,2011-12-31,285615000,2012-03-25,CashAndCashEquivalentsAtCarryingValue,2026-08-25
WAB,debt,2011-12-31,395805000,2012-03-25,LongTermDebtNoncurrent,2026-08-25
WAB,equity,2011-12-31,1045189000,2012-03-25,StockholdersEquity,2026-08-25
WAB,grossProfit,2011-12-31,147334000,2012-03-25,GrossProfit,2026-08-25
WAB,inventory,2011-12-31,348174000,2012-03-25,InventoryNet,2026-08-25
WAB,liabilities,2011-12-31,1111309000,2012-03-25,Liabilities,2026-08-25
WAB,netIncome,2011-12-31,46263000,2012-03-25,NetIncomeLoss,2026-08-25
WAB,operatingIncome,2011-12-31,72509000,2012-03-25,OperatingIncomeLoss,2026-08-25
WAB,receivables,2011-12-31,346281000,2012-03-25,AccountsReceivableNetCurrent,2026-08-25
WAB,revenue,2011-12-31,534639000,2012-03-25,SalesRevenueNet,2026-08-25
WAB,shares,2011-12-31,47946360,2012-03-25,CommonStockSharesOutstanding,2026-08-25
WAT,assets,2011-12-31,2723234000,2012-03-25,Assets,2026-08-25
WAT,cash,2011-12-31,383990000,2012-03-25,CashAndCashEquivalentsAtCarryingValue,2026-08-25
WAT,debt,2011-12-31,700000000,2012-03-25,LongTermDebtNoncurrent,2026-08-25
WAT,equity,2011-12-31,1226578000,2012-03-25,StockholdersEquity,2026-08-25
WAT,grossProfit,2011-12-31,317177000,2012-03-25,GrossProfit,2026-08-25
WAT,inventory,2011-12-31,212864000,2012-03-25,InventoryNet,2026-08-25
WAT,liabilities,2011-12-31,1496656000,2012-03-25,Liabilities,2026-08-25
WAT,operatingIncome,2011-12-31,164874000,2012-03-25,OperatingIncomeLoss,2026-08-25
WAT,receivables,2011-12-31,367085000,2012-03-25,AccountsReceivableNetCurrent,2026-08-25
WAT,revenue,2011-12-31,521420000,2012-03-25,SalesRevenueNet,2026-08-25
WAT,rnd,2011-12-31,23707000,2012-03-25,ResearchAndDevelopmentExpense,2026-08-25
WAT,shares,2011-12-31,88996000,2012-03-25,CommonStockSharesOutstanding,2026-08-25
WBD,assets,2011-12-31,11913000000,2012-03-25,Assets,2026-08-25
WBD,cash,2011-12-31,1048000000,2012-03-25,CashAndCashEquivalentsAtCarryingValue,2026-08-25
WBD,debt,2011-12-31,4245000000,2012-03-25,LongTermDebt,2026-08-25
WBD,equity,2011-12-31,6517000000,2012-03-25,StockholdersEquity,2026-08-25
WBD,liabilities,2011-12-31,5394000000,2012-03-25,Liabilities,2026-08-25
WBD,operatingIncome,2011-12-31,422000000,2012-03-25,OperatingIncomeLoss,2026-08-25
WBD,revenue,2011-12-31,1106000000,2012-03-25,SalesRevenueNet,2026-08-25
WDAY,capex,2011-10-31,2663000,2011-12-20,PaymentsToAcquireProductiveAssets,2026-08-25
WDAY,cash,2011-10-31,98051000,2011-12-20,CashAndCashEquivalentsAtCarryingValue,2026-08-25
WDAY,netIncome,2011-10-31,-19803000,2011-12-20,NetIncomeLoss,2026-08-25
WDAY,operatingCashFlow,2011-10-31,-5511000,2011-12-20,NetCashProvidedByUsedInOperatingActivities,2026-08-25
WDAY,operatingIncome,2011-10-31,-19442000,2011-12-20,OperatingIncomeLoss,2026-08-25
WDAY,revenue,2011-10-31,36450000,2011-12-20,Revenues,2026-08-25
WDAY,rnd,2011-10-31,16404000,2011-12-20,ResearchAndDevelopmentExpense,2026-08-25
WDC,assets,2011-12-30,7807000000,2012-03-24,Assets,2026-08-25
WDC,cash,2011-12-30,3924000000,2012-03-24,CashAndCashEquivalentsAtCarryingValue,2026-08-25
WDC,debt,2011-12-30,50000000,2012-03-24,LongTermDebtNoncurrent,2026-08-25
WDC,equity,2011-12-30,5923000000,2012-03-24,StockholdersEquity,2026-08-25
WDC,grossProfit,2011-12-30,648000000,2012-03-24,GrossProfit,2026-08-25
WDC,inventory,2011-12-30,466000000,2012-03-24,InventoryNet,2026-08-25
WDC,liabilities,2011-12-30,1884000000,2012-03-24,Liabilities,2026-08-25
WDC,netIncome,2011-12-30,145000000,2012-03-24,NetIncomeLoss,2026-08-25
WDC,operatingIncome,2011-12-30,162000000,2012-03-24,OperatingIncomeLoss,2026-08-25
WDC,receivables,2011-12-30,747000000,2012-03-24,AccountsReceivableNetCurrent,2026-08-25
WDC,shares,2011-12-30,235000000,2012-03-24,CommonStockSharesOutstanding,2026-08-25
WEC,assets,2011-12-31,13862100000,2012-03-25,Assets,2026-08-25
WEC,cash,2011-12-31,14100000,2012-03-25,CashAndCashEquivalentsAtCarryingValue,2026-08-25
WEC,debt,2011-12-31,4614300000,2012-03-25,LongTermDebtNoncurrent,2026-08-25
WEC,equity,2011-12-31,3963300000,2012-03-25,StockholdersEquity,2026-08-25
WEC,receivables,2011-12-31,349400000,2012-03-25,AccountsReceivableNetCurrent,2026-08-25
WEC,shares,2011-12-31,230486804,2012-03-25,CommonStockSharesOutstanding,2026-08-25
WELL,assets,2011-12-31,14924606000,2012-03-25,Assets,2026-08-25
WELL,cash,2011-12-31,163482000,2012-03-25,CashAndCashEquivalentsAtCarryingValue,2026-08-25
WELL,debt,2011-12-31,6573311000,2012-03-25,LongTermDebt,2026-08-25
WELL,equity,2011-12-31,7124764000,2012-03-25,StockholdersEquity,2026-08-25
WELL,liabilities,2011-12-31,7612309000,2012-03-25,Liabilities,2026-08-25
WELL,shares,2011-12-31,192275248,2012-03-25,CommonStockSharesOutstanding,2026-08-25
WFC,assets,2011-12-31,1313867000000,2012-03-25,Assets,2026-08-25
WFC,debt,2011-12-31,125354000000,2012-03-25,LongTermDebt,2026-08-25
WFC,equity,2011-12-31,140241000000,2012-03-25,StockholdersEquity,2026-08-25
WFC,liabilities,2011-12-31,1172180000000,2012-03-25,Liabilities,2026-08-25
WM,assets,2011-12-31,22569000000,2012-03-25,Assets,2026-08-25
WM,cash,2011-12-31,258000000,2012-03-25,CashAndCashEquivalentsAtCarryingValue,2026-08-25
WM,equity,2011-12-31,6070000000,2012-03-25,StockholdersEquity,2026-08-25
WM,liabilities,2011-12-31,16179000000,2012-03-25,Liabilities,2026-08-25
WM,netIncome,2011-12-31,266000000,2012-03-25,NetIncomeLoss,2026-08-25
WM,operatingIncome,2011-12-31,552000000,2012-03-25,OperatingIncomeLoss,2026-08-25
WM,receivables,2011-12-31,1631000000,2012-03-25,AccountsReceivableNetCurrent,2026-08-25
WM,revenue,2011-12-31,3406000000,2012-03-25,Revenues,2026-08-25
WM,shares,2011-12-31,460500000,2012-03-25,CommonStockSharesOutstanding,2026-08-25
WMB,assets,2011-12-31,16502000000,2012-03-25,Assets,2026-08-25
WMB,cash,2011-12-31,889000000,2012-03-25,CashAndCashEquivalentsAtCarryingValue,2026-08-25
WMB,equity,2011-12-31,1296000000,2012-03-25,StockholdersEquity,2026-08-25
WMB,inventory,2011-12-31,169000000,2012-03-25,InventoryNet,2026-08-25
WMT,assets,2011-10-31,195244000000,2011-12-20,Assets,2026-08-25
WMT,cash,2011-10-31,7063000000,2011-12-20,CashAndCashEquivalentsAtCarryingValue,2026-08-25
WMT,debt,2011-10-31,44872000000,2011-12-20,LongTermDebtNoncurrent,2026-08-25
WMT,equity,2011-10-31,67163000000,2011-12-20,StockholdersEquity,2026-08-25
WMT,inventory,2011-10-31,44340000000,2011-12-20,InventoryNet,2026-08-25
WMT,netIncome,2011-10-31,3336000000,2011-12-20,NetIncomeLoss,2026-08-25
WMT,operatingIncome,2011-10-31,5878000000,2011-12-20,OperatingIncomeLoss,2026-08-25
WMT,revenue,2011-10-31,110226000000,2011-12-20,Revenues,2026-08-25
WRB,assets,2011-12-31,18403873000,2012-03-25,Assets,2026-08-25
WRB,cash,2011-12-31,911742000,2012-03-25,CashAndCashEquivalentsAtCarryingValue,2026-08-25
WRB,equity,2011-12-31,3953356000,2012-03-25,StockholdersEquity,2026-08-25
WRB,liabilities,2011-12-31,14442991000,2012-03-25,Liabilities,2026-08-25
WRB,netIncome,2011-12-31,117027000,2012-03-25,NetIncomeLoss,2026-08-25
WRB,revenue,2011-12-31,1370953000,2012-03-25,Revenues,2026-08-25
WRB,shares,2011-12-31,137520019,2012-03-25,CommonStockSharesOutstanding,2026-08-25
WSM,assets,2011-10-30,2051164000,2011-12-19,Assets,2026-08-25
WSM,buybacks,2011-10-30,31490000,2011-12-19,PaymentsForRepurchaseOfCommonStock,2026-08-25
WSM,capex,2011-10-30,39730000,2011-12-19,PaymentsToAcquirePropertyPlantAndEquipment,2026-08-25
WSM,cash,2011-10-30,379393000,2011-12-19,CashAndCashEquivalentsAtCarryingValue,2026-08-25
WSM,debt,2011-10-30,7309000,2011-12-19,LongTermDebt,2026-08-25
WSM,equity,2011-10-30,1247784000,2011-12-19,StockholdersEquity,2026-08-25
WSM,grossProfit,2011-10-30,331963000,2011-12-19,GrossProfit,2026-08-25
WSM,inventory,2011-10-30,626583000,2011-12-19,InventoryNet,2026-08-25
WSM,liabilities,2011-10-30,803380000,2011-12-19,Liabilities,2026-08-25
WSM,netIncome,2011-10-30,43421000,2011-12-19,NetIncomeLoss,2026-08-25
WSM,operatingIncome,2011-10-30,68744000,2011-12-19,OperatingIncomeLoss,2026-08-25
WSM,revenue,2011-10-30,867176000,2011-12-19,SalesRevenueNet,2026-08-25
WSM,shares,2011-10-30,103049000,2011-12-19,CommonStockSharesOutstanding,2026-08-25
WST,assets,2011-12-31,1399100000,2012-03-25,Assets,2026-08-25
WST,cash,2011-12-31,91800000,2012-03-25,CashAndCashEquivalentsAtCarryingValue,2026-08-25
WST,debt,2011-12-31,299300000,2012-03-25,LongTermDebtNoncurrent,2026-08-25
WST,inventory,2011-12-31,151800000,2012-03-25,InventoryNet,2026-08-25
WST,liabilities,2011-12-31,744200000,2012-03-25,Liabilities,2026-08-25
WST,receivables,2011-12-31,147200000,2012-03-25,AccountsReceivableNetCurrent,2026-08-25
WST,shares,2011-12-31,33700000,2012-03-25,CommonStockSharesOutstanding,2026-08-25
WTW,assets,2011-12-31,15728000000,2012-03-25,Assets,2026-08-25
WTW,cash,2011-12-31,436000000,2012-03-25,CashAndCashEquivalentsAtCarryingValue,2026-08-25
WTW,debt,2011-12-31,2354000000,2012-03-25,LongTermDebtNoncurrent,2026-08-25
WTW,equity,2011-12-31,2486000000,2012-03-25,StockholdersEquity,2026-08-25
WTW,liabilities,2011-12-31,13211000000,2012-03-25,Liabilities,2026-08-25
WTW,netIncome,2011-12-31,25000000,2012-03-25,NetIncomeLoss,2026-08-25
WTW,receivables,2011-12-31,910000000,2012-03-25,AccountsReceivableNetCurrent,2026-08-25
WTW,revenue,2011-12-31,819000000,2012-03-25,Revenues,2026-08-25
WY,assets,2011-12-31,12634000000,2012-03-25,Assets,2026-08-25
WY,cash,2011-12-31,953000000,2012-03-25,CashAndCashEquivalentsAtCarryingValue,2026-08-25
WY,equity,2011-12-31,4263000000,2012-03-25,StockholdersEquity,2026-08-25
WY,inventory,2011-12-31,476000000,2012-03-25,InventoryNet,2026-08-25
WY,liabilities,2011-12-31,8367000000,2012-03-25,Liabilities,2026-08-25
WY,netIncome,2011-12-31,65000000,2012-03-25,NetIncomeLoss,2026-08-25
WY,operatingIncome,2011-12-31,131000000,2012-03-25,OperatingIncomeLoss,2026-08-25
WY,revenue,2011-12-31,1615000000,2012-03-25,SalesRevenueNet,2026-08-25
WY,shares,2011-12-31,536425000,2012-03-25,CommonStockSharesOutstanding,2026-08-25
WYNN,assets,2011-12-31,6899496000,2012-03-25,Assets,2026-08-25
WYNN,cash,2011-12-31,1262587000,2012-03-25,CashAndCashEquivalentsAtCarryingValue,2026-08-25
WYNN,debt,2011-12-31,2809785000,2012-03-25,LongTermDebtNoncurrent,2026-08-25
WYNN,equity,2011-12-31,2089022000,2012-03-25,StockholdersEquity,2026-08-25
WYNN,inventory,2011-12-31,72061000,2012-03-25,InventoryNet,2026-08-25
WYNN,liabilities,2011-12-31,4676042000,2012-03-25,Liabilities,2026-08-25
WYNN,netIncome,2011-12-31,190473000,2012-03-25,NetIncomeLoss,2026-08-25
WYNN,operatingIncome,2011-12-31,274806000,2012-03-25,OperatingIncomeLoss,2026-08-25
WYNN,revenue,2011-12-31,1343863000,2012-03-25,SalesRevenueNet,2026-08-25
WYNN,shares,2011-12-31,125080998,2012-03-25,CommonStockSharesOutstanding,2026-08-25
XEL,assets,2011-12-31,29497267000,2012-03-25,Assets,2026-08-25
XEL,cash,2011-12-31,60684000,2012-03-25,CashAndCashEquivalentsAtCarryingValue,2026-08-25
XEL,inventory,2011-12-31,618232000,2012-03-25,InventoryNet,2026-08-25
XEL,netIncome,2011-12-31,140509000,2012-03-25,NetIncomeLoss,2026-08-25
XEL,operatingIncome,2011-12-31,344001000,2012-03-25,OperatingIncomeLoss,2026-08-25
XEL,receivables,2011-12-31,753120000,2012-03-25,AccountsReceivableNetCurrent,2026-08-25
XEL,revenue,2011-12-31,2568410000,2012-03-25,Revenues,2026-08-25
XEL,shares,2011-12-31,486493933,2012-03-25,CommonStockSharesOutstanding,2026-08-25
XYL,assets,2011-12-31,4400000000,2012-03-25,Assets,2026-08-25
XYL,cash,2011-12-31,318000000,2012-03-25,CashAndCashEquivalentsAtCarryingValue,2026-08-25
XYL,debt,2011-12-31,1201000000,2012-03-25,LongTermDebtNoncurrent,2026-08-25
XYL,equity,2011-12-31,1831000000,2012-03-25,StockholdersEquity,2026-08-25
XYL,grossProfit,2011-12-31,380000000,2012-03-25,GrossProfit,2026-08-25
XYL,inventory,2011-12-31,433000000,2012-03-25,InventoryNet,2026-08-25
XYL,liabilities,2011-12-31,2569000000,2012-03-25,Liabilities,2026-08-25
XYL,netIncome,2011-12-31,52000000,2012-03-25,NetIncomeLoss,2026-08-25
XYL,operatingIncome,2011-12-31,100000000,2012-03-25,OperatingIncomeLoss,2026-08-25
XYL,receivables,2011-12-31,756000000,2012-03-25,AccountsReceivableNetCurrent,2026-08-25
XYL,revenue,2011-12-31,1003000000,2012-03-25,SalesRevenueNet,2026-08-25
XYL,shares,2011-12-31,184641000,2012-03-25,CommonStockSharesOutstanding,2026-08-25
YUM,assets,2011-12-31,8834000000,2012-03-25,Assets,2026-08-25
YUM,cash,2011-12-31,1198000000,2012-03-25,CashAndCashEquivalentsAtCarryingValue,2026-08-25
YUM,debt,2011-12-31,3000000000,2012-03-25,LongTermDebt,2026-08-25
YUM,equity,2011-12-31,1823000000,2012-03-25,StockholdersEquity,2026-08-25
YUM,inventory,2011-12-31,273000000,2012-03-25,InventoryNet,2026-08-25
YUM,liabilities,2011-12-31,6918000000,2012-03-25,Liabilities,2026-08-25
YUM,netIncome,2011-12-31,356000000,2012-03-25,NetIncomeLoss,2026-08-25
YUM,operatingIncome,2011-12-31,507000000,2012-03-25,OperatingIncomeLoss,2026-08-25
YUM,revenue,2011-12-31,4111000000,2012-03-25,Revenues,2026-08-25
ZBH,assets,2011-12-31,8515300000,2012-03-25,Assets,2026-08-25
ZBH,cash,2011-12-31,768300000,2012-03-25,CashAndCashEquivalentsAtCarryingValue,2026-08-25
ZBH,debt,2011-12-31,1576000000,2012-03-25,LongTermDebtNoncurrent,2026-08-25
ZBH,equity,2011-12-31,5507200000,2012-03-25,StockholdersEquity,2026-08-25
ZBH,grossProfit,2011-12-31,864100000,2012-03-25,GrossProfit,2026-08-25
ZBH,inventory,2011-12-31,929800000,2012-03-25,InventoryNet,2026-08-25
ZBH,liabilities,2011-12-31,3000500000,2012-03-25,Liabilities,2026-08-25
ZBH,netIncome,2011-12-31,156600000,2012-03-25,NetIncomeLoss,2026-08-25
ZBH,receivables,2011-12-31,838800000,2012-03-25,AccountsReceivableNetCurrent,2026-08-25
ZBRA,assets,2011-12-31,899006000,2012-03-25,Assets,2026-08-25
ZBRA,cash,2011-12-31,36418000,2012-03-25,CashAndCashEquivalentsAtCarryingValue,2026-08-25
ZBRA,equity,2011-12-31,776925000,2012-03-25,StockholdersEquity,2026-08-25
ZBRA,grossProfit,2011-12-31,121520000,2012-03-25,GrossProfit,2026-08-25
ZBRA,inventory,2011-12-31,133288000,2012-03-25,InventoryNet,2026-08-25
ZBRA,liabilities,2011-12-31,122081000,2012-03-25,Liabilities,2026-08-25
ZBRA,netIncome,2011-12-31,35044000,2012-03-25,NetIncomeLoss,2026-08-25
ZBRA,operatingIncome,2011-12-31,42123000,2012-03-25,OperatingIncomeLoss,2026-08-25
ZBRA,receivables,2011-12-31,155230000,2012-03-25,AccountsReceivableNetCurrent,2026-08-25
ZBRA,revenue,2011-12-31,247308000,2012-03-25,SalesRevenueNet,2026-08-25
ZBRA,rnd,2011-12-31,23174000,2012-03-25,ResearchAndDevelopmentExpense,2026-08-25
ZBRA,shares,2011-12-31,52095166,2012-03-25,CommonStockSharesOutstanding,2026-08-25
ZTS,cash,2011-12-31,79000000,2012-03-25,CashAndCashEquivalentsAtCarryingValue,2026-08-25
