symbol,role,period_end,value,available_from,tag,seen
A,assets,2013-04-30,10587000000,2013-06-19,Assets,2026-08-25
A,cash,2013-04-30,2519000000,2013-06-19,CashAndCashEquivalentsAtCarryingValue,2026-08-25
A,debt,2013-04-30,2106000000,2013-06-19,LongTermDebtNoncurrent,2026-08-25
A,equity,2013-04-30,5305000000,2013-06-19,StockholdersEquity,2026-08-25
A,inventory,2013-04-30,1042000000,2013-06-19,InventoryNet,2026-08-25
A,liabilities,2013-04-30,5279000000,2013-06-19,Liabilities,2026-08-25
A,operatingIncome,2013-04-30,213000000,2013-06-19,OperatingIncomeLoss,2026-08-25
A,receivables,2013-04-30,916000000,2013-06-19,AccountsReceivableNetCurrent,2026-08-25
A,revenue,2013-04-30,1732000000,2013-06-19,SalesRevenueNet,2026-08-25
A,rnd,2013-04-30,181000000,2013-06-19,ResearchAndDevelopmentExpense,2026-08-25
A,shares,2013-04-30,599000000,2013-06-19,CommonStockSharesOutstanding,2026-08-25
AAPL,assets,2013-06-29,199856000000,2013-08-18,Assets,2026-08-25
AAPL,cash,2013-06-29,11248000000,2013-08-18,CashAndCashEquivalentsAtCarryingValue,2026-08-25
AAPL,debt,2013-06-29,16958000000,2013-08-18,LongTermDebt,2026-08-25
AAPL,equity,2013-06-29,123354000000,2013-08-18,StockholdersEquity,2026-08-25
AAPL,grossProfit,2013-06-29,13024000000,2013-08-18,GrossProfit,2026-08-25
AAPL,inventory,2013-06-29,1697000000,2013-08-18,InventoryNet,2026-08-25
AAPL,liabilities,2013-06-29,76502000000,2013-08-18,Liabilities,2026-08-25
AAPL,netIncome,2013-06-29,6900000000,2013-08-18,NetIncomeLoss,2026-08-25
AAPL,operatingIncome,2013-06-29,9201000000,2013-08-18,OperatingIncomeLoss,2026-08-25
AAPL,receivables,2013-06-29,8839000000,2013-08-18,AccountsReceivableNetCurrent,2026-08-25
AAPL,revenue,2013-06-29,35323000000,2013-08-18,SalesRevenueNet,2026-08-25
AAPL,rnd,2013-06-29,1178000000,2013-08-18,ResearchAndDevelopmentExpense,2026-08-25
AAPL,shares,2013-06-29,908442000,2013-08-18,CommonStockSharesOutstanding,2026-08-25
ABBV,assets,2013-06-30,27910000000,2013-08-19,Assets,2026-08-25
ABBV,cash,2013-06-30,8743000000,2013-08-19,CashAndCashEquivalentsAtCarryingValue,2026-08-25
ABBV,equity,2013-06-30,3558000000,2013-08-19,StockholdersEquity,2026-08-25
ABBV,grossProfit,2013-06-30,3638000000,2013-08-19,GrossProfit,2026-08-25
ABBV,inventory,2013-06-30,1085000000,2013-08-19,InventoryNet,2026-08-25
ABBV,operatingIncome,2013-06-30,1453000000,2013-08-19,OperatingIncomeLoss,2026-08-25
ABBV,revenue,2013-06-30,4692000000,2013-08-19,SalesRevenueNet,2026-08-25
ABT,assets,2013-06-30,42903346000,2013-08-19,Assets,2026-08-25
ABT,cash,2013-06-30,5572000000,2013-08-19,CashAndCashEquivalentsAtCarryingValue,2026-08-25
ABT,debt,2013-06-30,3410759000,2013-08-19,LongTermDebtNoncurrent,2026-08-25
ABT,equity,2013-06-30,22336064000,2013-08-19,StockholdersEquity,2026-08-25
ABT,grossProfit,2013-06-30,2429000000,2013-08-19,GrossProfit,2026-08-25
ABT,inventory,2013-06-30,2725179000,2013-08-19,InventoryNet,2026-08-25
ABT,netIncome,2013-06-30,476000000,2013-08-19,NetIncomeLoss,2026-08-25
ABT,operatingIncome,2013-06-30,627000000,2013-08-19,OperatingIncomeLoss,2026-08-25
ABT,receivables,2013-06-30,3938998000,2013-08-19,AccountsReceivableNetCurrent,2026-08-25
ABT,revenue,2013-06-30,4933000000,2013-08-19,SalesRevenueNet,2026-08-25
ACGL,assets,2013-06-30,18917683000,2013-08-19,Assets,2026-08-25
ACGL,cash,2013-06-30,375119000,2013-08-19,CashAndCashEquivalentsAtCarryingValue,2026-08-25
ACGL,equity,2013-06-30,5234318000,2013-08-19,StockholdersEquity,2026-08-25
ACGL,liabilities,2013-06-30,13683365000,2013-08-19,Liabilities,2026-08-25
ACGL,netIncome,2013-06-30,176940000,2013-08-19,NetIncomeLoss,2026-08-25
ACGL,revenue,2013-06-30,851790000,2013-08-19,Revenues,2026-08-25
ACN,assets,2013-05-31,16523758000,2013-07-20,Assets,2026-08-25
ACN,cash,2013-05-31,5938085000,2013-07-20,CashAndCashEquivalentsAtCarryingValue,2026-08-25
ACN,equity,2013-05-31,5324867000,2013-07-20,StockholdersEquity,2026-08-25
ACN,netIncome,2013-05-31,810258000,2013-07-20,NetIncomeLoss,2026-08-25
ACN,operatingIncome,2013-05-31,1141971000,2013-07-20,OperatingIncomeLoss,2026-08-25
ACN,receivables,2013-05-31,3375047000,2013-07-20,AccountsReceivableNetCurrent,2026-08-25
ACN,revenue,2013-05-31,7707935000,2013-07-20,Revenues,2026-08-25
ADBE,assets,2013-05-31,10280369000,2013-07-20,Assets,2026-08-25
ADBE,cash,2013-05-31,1246410000,2013-07-20,CashAndCashEquivalentsAtCarryingValue,2026-08-25
ADBE,equity,2013-05-31,6927302000,2013-07-20,StockholdersEquity,2026-08-25
ADBE,grossProfit,2013-05-31,875268000,2013-07-20,GrossProfit,2026-08-25
ADBE,liabilities,2013-05-31,3353067000,2013-07-20,Liabilities,2026-08-25
ADBE,netIncome,2013-05-31,76546000,2013-07-20,NetIncomeLoss,2026-08-25
ADBE,operatingIncome,2013-05-31,111309000,2013-07-20,OperatingIncomeLoss,2026-08-25
ADBE,receivables,2013-05-31,470052000,2013-07-20,AccountsReceivableNetCurrent,2026-08-25
ADBE,revenue,2013-05-31,1010549000,2013-07-20,Revenues,2026-08-25
ADBE,shares,2013-05-31,503052000,2013-07-20,CommonStockSharesOutstanding,2026-08-25
ADI,assets,2013-05-04,5841036000,2013-06-23,Assets,2026-08-25
ADI,cash,2013-05-04,595631000,2013-06-23,CashAndCashEquivalentsAtCarryingValue,2026-08-25
ADI,equity,2013-05-04,4460590000,2013-06-23,StockholdersEquity,2026-08-25
ADI,grossProfit,2013-05-04,422195000,2013-06-23,GrossProfit,2026-08-25
ADI,inventory,2013-05-04,298967000,2013-06-23,InventoryNet,2026-08-25
ADI,netIncome,2013-05-04,164472000,2013-06-23,NetIncomeLoss,2026-08-25
ADI,operatingIncome,2013-05-04,191382000,2013-06-23,OperatingIncomeLoss,2026-08-25
ADI,receivables,2013-05-04,333924000,2013-06-23,AccountsReceivableNetCurrent,2026-08-25
ADI,revenue,2013-05-04,659250000,2013-06-23,SalesRevenueNet,2026-08-25
ADI,rnd,2013-05-04,128055000,2013-06-23,ResearchAndDevelopmentExpense,2026-08-25
ADI,shares,2013-05-04,308165416,2013-06-23,CommonStockSharesOutstanding,2026-08-25
ADM,assets,2013-06-30,40238000000,2013-08-19,Assets,2026-08-25
ADM,cash,2013-06-30,1848000000,2013-08-19,CashAndCashEquivalentsAtCarryingValue,2026-08-25
ADM,debt,2013-06-30,5366000000,2013-08-19,LongTermDebtNoncurrent,2026-08-25
ADM,grossProfit,2013-06-30,807000000,2013-08-19,GrossProfit,2026-08-25
ADM,netIncome,2013-06-30,223000000,2013-08-19,NetIncomeLoss,2026-08-25
ADM,receivables,2013-06-30,3520000000,2013-08-19,AccountsReceivableNetCurrent,2026-08-25
ADM,revenue,2013-06-30,22541000000,2013-08-19,Revenues,2026-08-25
ADP,assets,2013-06-30,32268100000,2013-08-19,Assets,2026-08-25
ADP,cash,2013-06-30,1404200000,2013-08-19,CashAndCashEquivalentsAtCarryingValue,2026-08-25
ADP,equity,2013-06-30,6189900000,2013-08-19,StockholdersEquity,2026-08-25
ADP,grossProfit,2013-06-30,1112900000,2013-08-19,GrossProfit,2026-08-25
ADP,liabilities,2013-06-30,26078200000,2013-08-19,Liabilities,2026-08-25
ADP,receivables,2013-06-30,1595300000,2013-08-19,AccountsReceivableNetCurrent,2026-08-25
ADP,revenue,2013-06-30,2802800000,2013-08-19,Revenues,2026-08-25
ADP,shares,2013-06-30,482600000,2013-08-19,CommonStockSharesOutstanding,2026-08-25
ADSK,assets,2013-04-30,4289700000,2013-06-19,Assets,2026-08-25
ADSK,buybacks,2013-04-30,129200000,2013-06-19,PaymentsForRepurchaseOfCommonStock,2026-08-25
ADSK,capex,2013-04-30,25800000,2013-06-19,PaymentsToAcquirePropertyPlantAndEquipment,2026-08-25
ADSK,cash,2013-04-30,1655800000,2013-06-19,CashAndCashEquivalentsAtCarryingValue,2026-08-25
ADSK,debt,2013-04-30,745800000,2013-06-19,LongTermDebt,2026-08-25
ADSK,equity,2013-04-30,2084500000,2013-06-19,StockholdersEquity,2026-08-25
ADSK,grossProfit,2013-04-30,502900000,2013-06-19,GrossProfit,2026-08-25
ADSK,netIncome,2013-04-30,55600000,2013-06-19,NetIncomeLoss,2026-08-25
ADSK,operatingCashFlow,2013-04-30,224100000,2013-06-19,NetCashProvidedByUsedInOperatingActivities,2026-08-25
ADSK,operatingIncome,2013-04-30,81400000,2013-06-19,OperatingIncomeLoss,2026-08-25
ADSK,receivables,2013-04-30,285800000,2013-06-19,AccountsReceivableNetCurrent,2026-08-25
ADSK,revenue,2013-04-30,570400000,2013-06-19,SalesRevenueNet,2026-08-25
ADSK,rnd,2013-04-30,150800000,2013-06-19,ResearchAndDevelopmentExpense,2026-08-25
AEE,assets,2013-06-30,22276000000,2013-08-19,Assets,2026-08-25
AEE,cash,2013-06-30,150000000,2013-08-19,CashAndCashEquivalentsAtCarryingValue,2026-08-25
AEE,debt,2013-06-30,5274000000,2013-08-19,LongTermDebtNoncurrent,2026-08-25
AEE,equity,2013-06-30,6374000000,2013-08-19,StockholdersEquity,2026-08-25
AEE,inventory,2013-06-30,511000000,2013-08-19,InventoryNet,2026-08-25
AEE,netIncome,2013-06-30,95000000,2013-08-19,NetIncomeLoss,2026-08-25
AEE,operatingIncome,2013-06-30,261000000,2013-08-19,OperatingIncomeLoss,2026-08-25
AEE,receivables,2013-06-30,425000000,2013-08-19,AccountsReceivableNetCurrent,2026-08-25
AEE,revenue,2013-06-30,1403000000,2013-08-19,Revenues,2026-08-25
AEE,shares,2013-06-30,242600000,2013-08-19,CommonStockSharesOutstanding,2026-08-25
AEP,assets,2013-06-30,54979000000,2013-08-19,Assets,2026-08-25
AEP,cash,2013-06-30,117000000,2013-08-19,CashAndCashEquivalentsAtCarryingValue,2026-08-25
AEP,debt,2013-06-30,15799000000,2013-08-19,LongTermDebtNoncurrent,2026-08-25
AEP,equity,2013-06-30,15537000000,2013-08-19,StockholdersEquity,2026-08-25
AEP,liabilities,2013-06-30,39442000000,2013-08-19,Liabilities,2026-08-25
AEP,operatingIncome,2013-06-30,547000000,2013-08-19,OperatingIncomeLoss,2026-08-25
AEP,receivables,2013-06-30,1931000000,2013-08-19,AccountsReceivableNetCurrent,2026-08-25
AEP,revenue,2013-06-30,3582000000,2013-08-19,Revenues,2026-08-25
AES,assets,2013-06-30,40836000000,2013-08-19,Assets,2026-08-25
AES,cash,2013-06-30,1549000000,2013-08-19,CashAndCashEquivalentsAtCarryingValue,2026-08-25
AES,equity,2013-06-30,4749000000,2013-08-19,StockholdersEquity,2026-08-25
AES,grossProfit,2013-06-30,901000000,2013-08-19,GrossProfit,2026-08-25
AES,inventory,2013-06-30,763000000,2013-08-19,InventoryNet,2026-08-25
AES,netIncome,2013-06-30,167000000,2013-08-19,NetIncomeLoss,2026-08-25
AES,receivables,2013-06-30,2417000000,2013-08-19,AccountsReceivableNetCurrent,2026-08-25
AES,revenue,2013-06-30,4068000000,2013-08-19,Revenues,2026-08-25
AES,shares,2013-06-30,745144098,2013-08-19,CommonStockSharesOutstanding,2026-08-25
AFL,assets,2013-06-30,116313000000,2013-08-19,Assets,2026-08-25
AFL,cash,2013-06-30,2388000000,2013-08-19,CashAndCashEquivalentsAtCarryingValue,2026-08-25
AFL,equity,2013-06-30,13696000000,2013-08-19,StockholdersEquity,2026-08-25
AFL,liabilities,2013-06-30,102617000000,2013-08-19,Liabilities,2026-08-25
AFL,netIncome,2013-06-30,889000000,2013-08-19,NetIncomeLoss,2026-08-25
AFL,operatingIncome,2013-06-30,1157000000,2013-08-19,OperatingIncomeLoss,2026-08-25
AFL,revenue,2013-06-30,6044000000,2013-08-19,Revenues,2026-08-25
AFL,shares,2013-06-30,464820000,2013-08-19,CommonStockSharesOutstanding,2026-08-25
AIG,assets,2013-06-30,537438000000,2013-08-19,Assets,2026-08-25
AIG,equity,2013-06-30,97463000000,2013-08-19,StockholdersEquity,2026-08-25
AIG,liabilities,2013-06-30,439203000000,2013-08-19,Liabilities,2026-08-25
AIG,netIncome,2013-06-30,2731000000,2013-08-19,NetIncomeLoss,2026-08-25
AIG,revenue,2013-06-30,17315000000,2013-08-19,Revenues,2026-08-25
AIZ,assets,2013-06-30,28728795000,2013-08-19,Assets,2026-08-25
AIZ,cash,2013-06-30,1270395000,2013-08-19,CashAndCashEquivalentsAtCarryingValue,2026-08-25
AIZ,equity,2013-06-30,4795886000,2013-08-19,StockholdersEquity,2026-08-25
AIZ,liabilities,2013-06-30,23932909000,2013-08-19,Liabilities,2026-08-25
AIZ,netIncome,2013-06-30,133523000,2013-08-19,NetIncomeLoss,2026-08-25
AIZ,revenue,2013-06-30,2237766000,2013-08-19,Revenues,2026-08-25
AIZ,shares,2013-06-30,75085172,2013-08-19,CommonStockSharesOutstanding,2026-08-25
AJG,assets,2013-06-30,5562100000,2013-08-19,Assets,2026-08-25
AJG,cash,2013-06-30,240000000,2013-08-19,CashAndCashEquivalentsAtCarryingValue,2026-08-25
AJG,debt,2013-06-30,925000000,2013-08-19,LongTermDebtNoncurrent,2026-08-25
AJG,equity,2013-06-30,1702000000,2013-08-19,StockholdersEquity,2026-08-25
AJG,liabilities,2013-06-30,3860100000,2013-08-19,Liabilities,2026-08-25
AJG,netIncome,2013-06-30,93500000,2013-08-19,NetIncomeLoss,2026-08-25
AJG,revenue,2013-06-30,779500000,2013-08-19,Revenues,2026-08-25
AJG,shares,2013-06-30,127700000,2013-08-19,CommonStockSharesOutstanding,2026-08-25
AKAM,assets,2013-06-30,2725270000,2013-08-19,Assets,2026-08-25
AKAM,cash,2013-06-30,204865000,2013-08-19,CashAndCashEquivalentsAtCarryingValue,2026-08-25
AKAM,equity,2013-06-30,2447873000,2013-08-19,StockholdersEquity,2026-08-25
AKAM,liabilities,2013-06-30,277397000,2013-08-19,Liabilities,2026-08-25
AKAM,netIncome,2013-06-30,61895000,2013-08-19,NetIncomeLoss,2026-08-25
AKAM,operatingIncome,2013-06-30,97503000,2013-08-19,OperatingIncomeLoss,2026-08-25
AKAM,receivables,2013-06-30,237286000,2013-08-19,AccountsReceivableNetCurrent,2026-08-25
AKAM,revenue,2013-06-30,378106000,2013-08-19,Revenues,2026-08-25
AKAM,rnd,2013-06-30,20597000,2013-08-19,ResearchAndDevelopmentExpense,2026-08-25
AKAM,shares,2013-06-30,178115006,2013-08-19,CommonStockSharesOutstanding,2026-08-25
ALB,assets,2013-06-30,3335949000,2013-08-19,Assets,2026-08-25
ALB,cash,2013-06-30,314659000,2013-08-19,CashAndCashEquivalentsAtCarryingValue,2026-08-25
ALB,debt,2013-06-30,1067852000,2013-08-19,LongTermDebtNoncurrent,2026-08-25
ALB,equity,2013-06-30,1352994000,2013-08-19,StockholdersEquity,2026-08-25
ALB,grossProfit,2013-06-30,191670000,2013-08-19,GrossProfit,2026-08-25
ALB,inventory,2013-06-30,451998000,2013-08-19,InventoryNet,2026-08-25
ALB,netIncome,2013-06-30,82739000,2013-08-19,NetIncomeLoss,2026-08-25
ALB,operatingIncome,2013-06-30,108380000,2013-08-19,OperatingIncomeLoss,2026-08-25
ALB,receivables,2013-06-30,407842000,2013-08-19,AccountsReceivableNetCurrent,2026-08-25
ALB,revenue,2013-06-30,576842000,2013-08-19,SalesRevenueNet,2026-08-25
ALB,rnd,2013-06-30,21565000,2013-08-19,ResearchAndDevelopmentExpense,2026-08-25
ALB,shares,2013-06-30,81365000,2013-08-19,CommonStockSharesOutstanding,2026-08-25
ALGN,assets,2013-06-30,703894000,2013-08-19,Assets,2026-08-25
ALGN,cash,2013-06-30,164497000,2013-08-19,CashAndCashEquivalentsAtCarryingValue,2026-08-25
ALGN,equity,2013-06-30,520198000,2013-08-19,StockholdersEquity,2026-08-25
ALGN,grossProfit,2013-06-30,123691000,2013-08-19,GrossProfit,2026-08-25
ALGN,inventory,2013-06-30,15704000,2013-08-19,InventoryNet,2026-08-25
ALGN,liabilities,2013-06-30,183696000,2013-08-19,Liabilities,2026-08-25
ALGN,netIncome,2013-06-30,29320000,2013-08-19,NetIncomeLoss,2026-08-25
ALGN,operatingIncome,2013-06-30,37901000,2013-08-19,OperatingIncomeLoss,2026-08-25
ALGN,receivables,2013-06-30,112367000,2013-08-19,AccountsReceivableNetCurrent,2026-08-25
ALGN,revenue,2013-06-30,163828000,2013-08-19,SalesRevenueNet,2026-08-25
ALGN,rnd,2013-06-30,10916000,2013-08-19,ResearchAndDevelopmentExpense,2026-08-25
ALGN,shares,2013-06-30,79699000,2013-08-19,CommonStockSharesOutstanding,2026-08-25
ALL,assets,2013-06-30,121480000000,2013-08-19,Assets,2026-08-25
ALL,debt,2013-06-30,5475000000,2013-08-19,LongTermDebt,2026-08-25
ALL,equity,2013-06-30,19869000000,2013-08-19,StockholdersEquity,2026-08-25
ALL,liabilities,2013-06-30,101611000000,2013-08-19,Liabilities,2026-08-25
ALL,netIncome,2013-06-30,434000000,2013-08-19,NetIncomeLoss,2026-08-25
ALL,revenue,2013-06-30,8787000000,2013-08-19,Revenues,2026-08-25
ALL,shares,2013-06-30,465000000,2013-08-19,CommonStockSharesOutstanding,2026-08-25
ALLE,cash,2013-06-30,322200000,2013-08-19,CashAndCashEquivalentsAtCarryingValue,2026-08-25
ALLE,netIncome,2013-06-30,60300000,2013-08-19,NetIncomeLoss,2026-08-25
ALLE,operatingIncome,2013-06-30,100000000,2013-08-19,OperatingIncomeLoss,2026-08-25
ALLE,revenue,2013-06-30,528700000,2013-08-19,SalesRevenueNet,2026-08-25
AMAT,assets,2013-04-28,11695000000,2013-06-17,Assets,2026-08-25
AMAT,cash,2013-04-28,1545000000,2013-06-17,CashAndCashEquivalentsAtCarryingValue,2026-08-25
AMAT,debt,2013-04-28,1946000000,2013-06-17,LongTermDebtNoncurrent,2026-08-25
AMAT,equity,2013-04-28,6898000000,2013-06-17,StockholdersEquity,2026-08-25
AMAT,grossProfit,2013-04-28,808000000,2013-06-17,GrossProfit,2026-08-25
AMAT,inventory,2013-04-28,1318000000,2013-06-17,InventoryNet,2026-08-25
AMAT,liabilities,2013-04-28,4797000000,2013-06-17,Liabilities,2026-08-25
AMAT,netIncome,2013-04-28,-129000000,2013-06-17,NetIncomeLoss,2026-08-25
AMAT,operatingIncome,2013-04-28,-68000000,2013-06-17,OperatingIncomeLoss,2026-08-25
AMAT,receivables,2013-04-28,1275000000,2013-06-17,AccountsReceivableNetCurrent,2026-08-25
AMAT,revenue,2013-04-28,1973000000,2013-06-17,SalesRevenueNet,2026-08-25
AMAT,rnd,2013-04-28,344000000,2013-06-17,ResearchAndDevelopmentExpense,2026-08-25
AMD,assets,2013-06-29,3897000000,2013-08-18,Assets,2026-08-25
AMD,cash,2013-06-29,334000000,2013-08-18,CashAndCashEquivalentsAtCarryingValue,2026-08-25
AMD,debt,2013-06-29,2027000000,2013-08-18,LongTermDebtNoncurrent,2026-08-25
AMD,equity,2013-06-29,359000000,2013-08-18,StockholdersEquity,2026-08-25
AMD,grossProfit,2013-06-29,459000000,2013-08-18,GrossProfit,2026-08-25
AMD,inventory,2013-06-29,711000000,2013-08-18,InventoryNet,2026-08-25
AMD,netIncome,2013-06-29,-74000000,2013-08-18,NetIncomeLoss,2026-08-25
AMD,operatingIncome,2013-06-29,-29000000,2013-08-18,OperatingIncomeLoss,2026-08-25
AMD,receivables,2013-06-29,670000000,2013-08-18,AccountsReceivableNetCurrent,2026-08-25
AMD,revenue,2013-06-29,1161000000,2013-08-18,SalesRevenueNet,2026-08-25
AMD,rnd,2013-06-29,308000000,2013-08-18,ResearchAndDevelopmentExpense,2026-08-25
AMD,shares,2013-06-29,720000000,2013-08-18,CommonStockSharesOutstanding,2026-08-25
AME,assets,2013-06-30,5192534000,2013-08-19,Assets,2026-08-25
AME,cash,2013-06-30,207614000,2013-08-19,CashAndCashEquivalentsAtCarryingValue,2026-08-25
AME,debt,2013-06-30,1118086000,2013-08-19,LongTermDebtNoncurrent,2026-08-25
AME,equity,2013-06-30,2757143000,2013-08-19,StockholdersEquity,2026-08-25
AME,inventory,2013-06-30,438912000,2013-08-19,InventoryNet,2026-08-25
AME,liabilities,2013-06-30,2435391000,2013-08-19,Liabilities,2026-08-25
AME,netIncome,2013-06-30,128321000,2013-08-19,NetIncomeLoss,2026-08-25
AME,operatingIncome,2013-06-30,202613000,2013-08-19,OperatingIncomeLoss,2026-08-25
AME,revenue,2013-06-30,878809000,2013-08-19,SalesRevenueNet,2026-08-25
AMGN,assets,2013-06-30,52610000000,2013-08-19,Assets,2026-08-25
AMGN,cash,2013-06-30,5806000000,2013-08-19,CashAndCashEquivalentsAtCarryingValue,2026-08-25
AMGN,debt,2013-06-30,23915000000,2013-08-19,LongTermDebt,2026-08-25
AMGN,equity,2013-06-30,20594000000,2013-08-19,StockholdersEquity,2026-08-25
AMGN,grossProfit,2013-06-30,3810000000,2013-08-19,GrossProfit,2026-08-25
AMGN,inventory,2013-06-30,2773000000,2013-08-19,InventoryNet,2026-08-25
AMGN,netIncome,2013-06-30,1258000000,2013-08-19,NetIncomeLoss,2026-08-25
AMGN,operatingIncome,2013-06-30,1550000000,2013-08-19,OperatingIncomeLoss,2026-08-25
AMGN,receivables,2013-06-30,2674000000,2013-08-19,AccountsReceivableNetCurrent,2026-08-25
AMGN,revenue,2013-06-30,4679000000,2013-08-19,Revenues,2026-08-25
AMGN,shares,2013-06-30,752900000,2013-08-19,CommonStockSharesOutstanding,2026-08-25
AMP,assets,2013-06-30,137258000000,2013-08-19,Assets,2026-08-25
AMP,cash,2013-06-30,2331000000,2013-08-19,CashAndCashEquivalentsAtCarryingValue,2026-08-25
AMP,equity,2013-06-30,8340000000,2013-08-19,StockholdersEquity,2026-08-25
AMP,liabilities,2013-06-30,128276000000,2013-08-19,Liabilities,2026-08-25
AMP,netIncome,2013-06-30,321000000,2013-08-19,NetIncomeLoss,2026-08-25
AMP,revenue,2013-06-30,2757000000,2013-08-19,Revenues,2026-08-25
AMT,assets,2013-06-30,14339394000,2013-08-19,Assets,2026-08-25
AMT,cash,2013-06-30,448447000,2013-08-19,CashAndCashEquivalentsAtCarryingValue,2026-08-25
AMT,equity,2013-06-30,3518323000,2013-08-19,StockholdersEquity,2026-08-25
AMT,liabilities,2013-06-30,10719527000,2013-08-19,Liabilities,2026-08-25
AMT,netIncome,2013-06-30,99821000,2013-08-19,NetIncomeLoss,2026-08-25
AMT,operatingIncome,2013-06-30,312812000,2013-08-19,OperatingIncomeLoss,2026-08-25
AMT,receivables,2013-06-30,130861000,2013-08-19,AccountsReceivableNetCurrent,2026-08-25
AMT,revenue,2013-06-30,808830000,2013-08-19,SalesRevenueNet,2026-08-25
AMT,shares,2013-06-30,395129882,2013-08-19,CommonStockSharesOutstanding,2026-08-25
AMZN,assets,2013-06-30,29623000000,2013-08-19,Assets,2026-08-25
AMZN,capex,2013-06-30,855000000,2013-08-19,PaymentsToAcquirePropertyPlantAndEquipment,2026-08-25
AMZN,cash,2013-06-30,3704000000,2013-08-19,CashAndCashEquivalentsAtCarryingValue,2026-08-25
AMZN,debt,2013-06-30,3042000000,2013-08-19,LongTermDebtNoncurrent,2026-08-25
AMZN,equity,2013-06-30,8733000000,2013-08-19,StockholdersEquity,2026-08-25
AMZN,inventory,2013-06-30,5420000000,2013-08-19,InventoryNet,2026-08-25
AMZN,netIncome,2013-06-30,-7000000,2013-08-19,NetIncomeLoss,2026-08-25
AMZN,operatingCashFlow,2013-06-30,880000000,2013-08-19,NetCashProvidedByUsedInOperatingActivities,2026-08-25
AMZN,operatingIncome,2013-06-30,79000000,2013-08-19,OperatingIncomeLoss,2026-08-25
AMZN,receivables,2013-06-30,2861000000,2013-08-19,AccountsReceivableNetCurrent,2026-08-25
AMZN,revenue,2013-06-30,15704000000,2013-08-19,SalesRevenueNet,2026-08-25
AMZN,shares,2013-06-30,457000000,2013-08-19,CommonStockSharesOutstanding,2026-08-25
ANET,cash,2013-06-30,90632000,2013-08-19,CashAndCashEquivalentsAtCarryingValue,2026-08-25
ANET,grossProfit,2013-06-30,53901000,2013-08-19,GrossProfit,2026-08-25
ANET,netIncome,2013-06-30,10251000,2013-08-19,NetIncomeLoss,2026-08-25
ANET,operatingIncome,2013-06-30,16264000,2013-08-19,OperatingIncomeLoss,2026-08-25
ANET,revenue,2013-06-30,83485000,2013-08-19,SalesRevenueNet,2026-08-25
ANET,rnd,2013-06-30,21086000,2013-08-19,ResearchAndDevelopmentExpense,2026-08-25
AON,assets,2013-06-30,30062000000,2013-08-19,Assets,2026-08-25
AON,cash,2013-06-30,266000000,2013-08-19,CashAndCashEquivalentsAtCarryingValue,2026-08-25
AON,debt,2013-06-30,4012000000,2013-08-19,LongTermDebtNoncurrent,2026-08-25
AON,equity,2013-06-30,7559000000,2013-08-19,StockholdersEquity,2026-08-25
AON,liabilities,2013-06-30,22444000000,2013-08-19,Liabilities,2026-08-25
AON,operatingIncome,2013-06-30,382000000,2013-08-19,OperatingIncomeLoss,2026-08-25
AON,receivables,2013-06-30,2838000000,2013-08-19,AccountsReceivableNetCurrent,2026-08-25
AON,revenue,2013-06-30,2897000000,2013-08-19,Revenues,2026-08-25
AON,shares,2013-06-30,307500000,2013-08-19,CommonStockSharesOutstanding,2026-08-25
AOS,assets,2013-06-30,2295200000,2013-08-19,Assets,2026-08-25
AOS,cash,2013-06-30,366100000,2013-08-19,CashAndCashEquivalentsAtCarryingValue,2026-08-25
AOS,debt,2013-06-30,200700000,2013-08-19,LongTermDebtNoncurrent,2026-08-25
AOS,grossProfit,2013-06-30,198000000,2013-08-19,GrossProfit,2026-08-25
AOS,inventory,2013-06-30,178900000,2013-08-19,InventoryNet,2026-08-25
AOS,liabilities,2013-06-30,1038700000,2013-08-19,Liabilities,2026-08-25
AOS,operatingIncome,2013-06-30,77400000,2013-08-19,OperatingIncomeLoss,2026-08-25
APD,assets,2013-06-30,17491300000,2013-08-19,Assets,2026-08-25
APD,cash,2013-06-30,418800000,2013-08-19,CashAndCashEquivalentsAtCarryingValue,2026-08-25
APD,debt,2013-06-30,4648200000,2013-08-19,LongTermDebtNoncurrent,2026-08-25
APD,equity,2013-06-30,6540800000,2013-08-19,StockholdersEquity,2026-08-25
APD,grossProfit,2013-06-30,671800000,2013-08-19,GrossProfit,2026-08-25
APD,inventory,2013-06-30,705900000,2013-08-19,InventoryNet,2026-08-25
APD,liabilities,2013-06-30,10428100000,2013-08-19,Liabilities,2026-08-25
APD,netIncome,2013-06-30,288400000,2013-08-19,NetIncomeLoss,2026-08-25
APD,operatingIncome,2013-06-30,383100000,2013-08-19,OperatingIncomeLoss,2026-08-25
APD,receivables,2013-06-30,1616000000,2013-08-19,AccountsReceivableNetCurrent,2026-08-25
APD,revenue,2013-06-30,2547300000,2013-08-19,SalesRevenueNet,2026-08-25
APD,rnd,2013-06-30,33500000,2013-08-19,ResearchAndDevelopmentExpense,2026-08-25
APH,assets,2013-06-30,5404301000,2013-08-19,Assets,2026-08-25
APH,cash,2013-06-30,723659000,2013-08-19,CashAndCashEquivalentsAtCarryingValue,2026-08-25
APH,debt,2013-06-30,1698951000,2013-08-19,LongTermDebtNoncurrent,2026-08-25
APH,equity,2013-06-30,2585139000,2013-08-19,StockholdersEquity,2026-08-25
APH,grossProfit,2013-06-30,359800000,2013-08-19,GrossProfit,2026-08-25
APH,inventory,2013-06-30,703489000,2013-08-19,InventoryNet,2026-08-25
APH,operatingIncome,2013-06-30,224000000,2013-08-19,OperatingIncomeLoss,2026-08-25
APH,receivables,2013-06-30,905823000,2013-08-19,AccountsReceivableNetCurrent,2026-08-25
APTV,assets,2013-06-30,10551000000,2013-08-19,Assets,2026-08-25
APTV,cash,2013-06-30,1001000000,2013-08-19,CashAndCashEquivalentsAtCarryingValue,2026-08-25
APTV,debt,2013-06-30,2367000000,2013-08-19,LongTermDebtNoncurrent,2026-08-25
APTV,equity,2013-06-30,2521000000,2013-08-19,StockholdersEquity,2026-08-25
APTV,grossProfit,2013-06-30,743000000,2013-08-19,GrossProfit,2026-08-25
APTV,inventory,2013-06-30,1162000000,2013-08-19,InventoryNet,2026-08-25
APTV,liabilities,2013-06-30,7509000000,2013-08-19,Liabilities,2026-08-25
APTV,netIncome,2013-06-30,367000000,2013-08-19,NetIncomeLoss,2026-08-25
APTV,operatingIncome,2013-06-30,464000000,2013-08-19,OperatingIncomeLoss,2026-08-25
APTV,receivables,2013-06-30,2868000000,2013-08-19,AccountsReceivableNetCurrent,2026-08-25
APTV,shares,2013-06-30,310200000,2013-08-19,CommonStockSharesOutstanding,2026-08-25
ARE,assets,2013-06-30,7379289000,2013-08-19,Assets,2026-08-25
ARE,cash,2013-06-30,302205000,2013-08-19,CashAndCashEquivalentsAtCarryingValue,2026-08-25
ARE,debt,2013-06-30,2959424000,2013-08-19,LongTermDebt,2026-08-25
ARE,equity,2013-06-30,3937622000,2013-08-19,StockholdersEquity,2026-08-25
ARE,liabilities,2013-06-30,3379814000,2013-08-19,Liabilities,2026-08-25
ARE,netIncome,2013-06-30,32108000,2013-08-19,NetIncomeLoss,2026-08-25
ARES,assets,2013-06-30,24521607000,2013-08-19,Assets,2026-08-25
ARES,revenue,2013-06-30,89302000,2013-08-19,Revenues,2026-08-25
ATO,assets,2013-06-30,7802798000,2013-08-19,Assets,2026-08-25
ATO,capex,2013-06-30,193356000,2013-08-19,PaymentsToAcquireProductiveAssets,2026-08-25
ATO,cash,2013-06-30,31979000,2013-08-19,CashAndCashEquivalentsAtCarryingValue,2026-08-25
ATO,debt,2013-06-30,2455593000,2013-08-19,LongTermDebtNoncurrent,2026-08-25
ATO,equity,2013-06-30,2581444000,2013-08-19,StockholdersEquity,2026-08-25
ATO,grossProfit,2013-06-30,316497000,2013-08-19,GrossProfit,2026-08-25
ATO,netIncome,2013-06-30,38768000,2013-08-19,NetIncomeLoss,2026-08-25
ATO,operatingIncome,2013-06-30,86396000,2013-08-19,OperatingIncomeLoss,2026-08-25
ATO,receivables,2013-06-30,350237000,2013-08-19,AccountsReceivableNetCurrent,2026-08-25
AVY,assets,2013-06-29,5191000000,2013-08-18,Assets,2026-08-25
AVY,cash,2013-06-29,211600000,2013-08-18,CashAndCashEquivalentsAtCarryingValue,2026-08-25
AVY,equity,2013-06-29,1514600000,2013-08-18,StockholdersEquity,2026-08-25
AVY,grossProfit,2013-06-29,417500000,2013-08-18,GrossProfit,2026-08-25
AVY,inventory,2013-06-29,508000000,2013-08-18,InventoryNet,2026-08-25
AVY,receivables,2013-06-29,1009500000,2013-08-18,AccountsReceivableNetCurrent,2026-08-25
AVY,revenue,2013-06-29,1552300000,2013-08-18,SalesRevenueNet,2026-08-25
AVY,rnd,2013-06-29,25100000,2013-08-18,ResearchAndDevelopmentExpense,2026-08-25
AVY,shares,2013-06-29,98484345,2013-08-18,CommonStockSharesOutstanding,2026-08-25
AWK,assets,2013-06-30,14994487000,2013-08-19,Assets,2026-08-25
AWK,capex,2013-06-30,216744000,2013-08-19,PaymentsToAcquirePropertyPlantAndEquipment,2026-08-25
AWK,cash,2013-06-30,20366000,2013-08-19,CashAndCashEquivalentsAtCarryingValue,2026-08-25
AWK,debt,2013-06-30,5180682000,2013-08-19,LongTermDebtNoncurrent,2026-08-25
AWK,equity,2013-06-30,4572126000,2013-08-19,StockholdersEquity,2026-08-25
AWK,netIncome,2013-06-30,101263000,2013-08-19,NetIncomeLoss,2026-08-25
AWK,operatingIncome,2013-06-30,242031000,2013-08-19,OperatingIncomeLoss,2026-08-25
AWK,revenue,2013-06-30,718565000,2013-08-19,Revenues,2026-08-25
AWK,shares,2013-06-30,177943000,2013-08-19,CommonStockSharesOutstanding,2026-08-25
AXON,assets,2013-06-30,113008186,2013-08-19,Assets,2026-08-25
AXON,capex,2013-06-30,456000,2013-08-19,PaymentsToAcquirePropertyPlantAndEquipment,2026-08-25
AXON,cash,2013-06-30,19080000,2013-08-19,CashAndCashEquivalentsAtCarryingValue,2026-08-25
AXON,equity,2013-06-30,79664846,2013-08-19,StockholdersEquity,2026-08-25
AXON,grossProfit,2013-06-30,19742000,2013-08-19,GrossProfit,2026-08-25
AXON,inventory,2013-06-30,13200436,2013-08-19,InventoryNet,2026-08-25
AXON,liabilities,2013-06-30,33343340,2013-08-19,Liabilities,2026-08-25
AXON,netIncome,2013-06-30,4457000,2013-08-19,NetIncomeLoss,2026-08-25
AXON,operatingIncome,2013-06-30,6809000,2013-08-19,OperatingIncomeLoss,2026-08-25
AXON,receivables,2013-06-30,16889785,2013-08-19,AccountsReceivableNetCurrent,2026-08-25
AXON,revenue,2013-06-30,32175000,2013-08-19,SalesRevenueNet,2026-08-25
AXON,rnd,2013-06-30,1992000,2013-08-19,ResearchAndDevelopmentExpense,2026-08-25
AXON,shares,2013-06-30,50748873,2013-08-19,CommonStockSharesOutstanding,2026-08-25
AXP,assets,2013-06-30,151933000000,2013-08-19,Assets,2026-08-25
AXP,debt,2013-06-30,52675000000,2013-08-19,LongTermDebt,2026-08-25
AXP,equity,2013-06-30,19034000000,2013-08-19,StockholdersEquity,2026-08-25
AXP,liabilities,2013-06-30,132899000000,2013-08-19,Liabilities,2026-08-25
AXP,netIncome,2013-06-30,1405000000,2013-08-19,NetIncomeLoss,2026-08-25
AXP,shares,2013-06-30,1084000000,2013-08-19,CommonStockSharesOutstanding,2026-08-25
AZO,assets,2013-05-04,6783041000,2013-06-23,Assets,2026-08-25
AZO,cash,2013-05-04,133685000,2013-06-23,CashAndCashEquivalentsAtCarryingValue,2026-08-25
AZO,debt,2013-05-04,4001100000,2013-06-23,LongTermDebtNoncurrent,2026-08-25
AZO,equity,2013-05-04,-1532342000,2013-06-23,StockholdersEquity,2026-08-25
AZO,grossProfit,2013-05-04,1142713000,2013-06-23,GrossProfit,2026-08-25
AZO,netIncome,2013-05-04,265583000,2013-06-23,NetIncomeLoss,2026-08-25
AZO,operatingIncome,2013-05-04,456030000,2013-06-23,OperatingIncomeLoss,2026-08-25
AZO,receivables,2013-05-04,155550000,2013-06-23,AccountsReceivableNetCurrent,2026-08-25
AZO,revenue,2013-05-04,2205878000,2013-06-23,SalesRevenueNet,2026-08-25
AZO,shares,2013-05-04,35471000,2013-06-23,CommonStockSharesOutstanding,2026-08-25
BA,assets,2013-06-30,92091000000,2013-08-19,Assets,2026-08-25
BA,cash,2013-06-30,8694000000,2013-08-19,CashAndCashEquivalentsAtCarryingValue,2026-08-25
BA,equity,2013-06-30,7526000000,2013-08-19,StockholdersEquity,2026-08-25
BA,grossProfit,2013-06-30,3365000000,2013-08-19,GrossProfit,2026-08-25
BA,netIncome,2013-06-30,1088000000,2013-08-19,NetIncomeLoss,2026-08-25
BA,operatingIncome,2013-06-30,1716000000,2013-08-19,OperatingIncomeLoss,2026-08-25
BA,receivables,2013-06-30,6406000000,2013-08-19,AccountsReceivableNetCurrent,2026-08-25
BA,revenue,2013-06-30,21815000000,2013-08-19,Revenues,2026-08-25
BA,rnd,2013-06-30,763000000,2013-08-19,ResearchAndDevelopmentExpense,2026-08-25
BAC,assets,2013-06-30,2123320000000,2013-08-19,Assets,2026-08-25
BAC,cash,2013-06-30,98828000000,2013-08-19,CashAndCashEquivalentsAtCarryingValue,2026-08-25
BAC,debt,2013-06-30,262480000000,2013-08-19,LongTermDebt,2026-08-25
BAC,equity,2013-06-30,232282000000,2013-08-19,StockholdersEquity,2026-08-25
BAC,liabilities,2013-06-30,1892288000000,2013-08-19,Liabilities,2026-08-25
BAC,netIncome,2013-06-30,4012000000,2013-08-19,NetIncomeLoss,2026-08-25
BAC,revenue,2013-06-30,22727000000,2013-08-19,Revenues,2026-08-25
BAC,shares,2013-06-30,10743097956,2013-08-19,CommonStockSharesOutstanding,2026-08-25
BALL,assets,2013-06-30,7815600000,2013-08-19,Assets,2026-08-25
BALL,cash,2013-06-30,169500000,2013-08-19,CashAndCashEquivalentsAtCarryingValue,2026-08-25
BALL,debt,2013-06-30,3472600000,2013-08-19,LongTermDebtNoncurrent,2026-08-25
BALL,equity,2013-06-30,1026600000,2013-08-19,StockholdersEquity,2026-08-25
BALL,grossProfit,2013-06-30,342000000,2013-08-19,GrossProfit,2026-08-25
BALL,inventory,2013-06-30,1100400000,2013-08-19,InventoryNet,2026-08-25
BALL,liabilities,2013-06-30,6608200000,2013-08-19,Liabilities,2026-08-25
BALL,operatingIncome,2013-06-30,203500000,2013-08-19,OperatingIncomeLoss,2026-08-25
BALL,receivables,2013-06-30,1051200000,2013-08-19,AccountsReceivableNetCurrent,2026-08-25
BALL,revenue,2013-06-30,2202400000,2013-08-19,SalesRevenueNet,2026-08-25
BAX,assets,2013-06-30,23751000000,2013-08-19,Assets,2026-08-25
BAX,cash,2013-06-30,5989000000,2013-08-19,CashAndCashEquivalentsAtCarryingValue,2026-08-25
BAX,equity,2013-06-30,7282000000,2013-08-19,StockholdersEquity,2026-08-25
BAX,grossProfit,2013-06-30,1874000000,2013-08-19,GrossProfit,2026-08-25
BAX,inventory,2013-06-30,3069000000,2013-08-19,InventoryNet,2026-08-25
BAX,netIncome,2013-06-30,590000000,2013-08-19,NetIncomeLoss,2026-08-25
BAX,revenue,2013-06-30,3571000000,2013-08-19,SalesRevenueNet,2026-08-25
BAX,rnd,2013-06-30,273000000,2013-08-19,ResearchAndDevelopmentExpense,2026-08-25
BBY,assets,2013-05-04,14331000000,2013-06-23,Assets,2026-08-25
BBY,buybacks,2013-05-04,0,2013-06-23,PaymentsForRepurchaseOfCommonStock,2026-08-25
BBY,capex,2013-05-04,174000000,2013-06-23,PaymentsToAcquirePropertyPlantAndEquipment,2026-08-25
BBY,cash,2013-05-04,908000000,2013-06-23,CashAndCashEquivalentsAtCarryingValue,2026-08-25
BBY,debt,2013-05-04,1686000000,2013-06-23,LongTermDebt,2026-08-25
BBY,equity,2013-05-04,2916000000,2013-06-23,StockholdersEquity,2026-08-25
BBY,grossProfit,2013-05-04,2105000000,2013-06-23,GrossProfit,2026-08-25
BBY,inventory,2013-05-04,5461000000,2013-06-23,InventoryNet,2026-08-25
BBY,netIncome,2013-05-04,-81000000,2013-06-23,NetIncomeLoss,2026-08-25
BBY,operatingCashFlow,2013-05-04,-5000000,2013-06-23,NetCashProvidedByUsedInOperatingActivities,2026-08-25
BBY,operatingIncome,2013-05-04,187000000,2013-06-23,OperatingIncomeLoss,2026-08-25
BBY,revenue,2013-05-04,8928000000,2013-06-23,SalesRevenueNet,2026-08-25
BBY,shares,2013-05-04,339737000,2013-06-23,CommonStockSharesOutstanding,2026-08-25
BDX,assets,2013-06-30,11587047000,2013-08-19,Assets,2026-08-25
BDX,cash,2013-06-30,1962000000,2013-08-19,CashAndCashEquivalentsAtCarryingValue,2026-08-25
BDX,equity,2013-06-30,4716520000,2013-08-19,StockholdersEquity,2026-08-25
BDX,inventory,2013-06-30,1409108000,2013-08-19,InventoryNet,2026-08-25
BDX,netIncome,2013-06-30,302000000,2013-08-19,NetIncomeLoss,2026-08-25
BDX,operatingIncome,2013-06-30,405000000,2013-08-19,OperatingIncomeLoss,2026-08-25
BDX,revenue,2013-06-30,2053000000,2013-08-19,SalesRevenueNet,2026-08-25
BDX,rnd,2013-06-30,121000000,2013-08-19,ResearchAndDevelopmentExpense,2026-08-25
BEN,assets,2013-06-30,15317200000,2013-08-19,Assets,2026-08-25
BEN,cash,2013-06-30,6069000000,2013-08-19,CashAndCashEquivalentsAtCarryingValue,2026-08-25
BEN,debt,2013-06-30,1252100000,2013-08-19,LongTermDebt,2026-08-25
BEN,equity,2013-06-30,9779800000,2013-08-19,StockholdersEquity,2026-08-25
BEN,liabilities,2013-06-30,4794100000,2013-08-19,Liabilities,2026-08-25
BEN,netIncome,2013-06-30,552300000,2013-08-19,NetIncomeLoss,2026-08-25
BEN,operatingIncome,2013-06-30,771700000,2013-08-19,OperatingIncomeLoss,2026-08-25
BEN,revenue,2013-06-30,2084800000,2013-08-19,Revenues,2026-08-25
BEN,shares,2013-06-30,635717838,2013-08-19,CommonStockSharesOutstanding,2026-08-25
BF-B,assets,2013-04-30,3626000000,2013-06-19,Assets,2026-08-25
BF-B,cash,2013-04-30,204000000,2013-06-19,CashAndCashEquivalentsAtCarryingValue,2026-08-25
BF-B,debt,2013-04-30,997000000,2013-06-19,LongTermDebtNoncurrent,2026-08-25
BF-B,equity,2013-04-30,1628000000,2013-06-19,StockholdersEquity,2026-08-25
BF-B,inventory,2013-04-30,827000000,2013-06-19,InventoryNet,2026-08-25
BF-B,liabilities,2013-04-30,1998000000,2013-06-19,Liabilities,2026-08-25
BF-B,receivables,2013-04-30,548000000,2013-06-19,AccountsReceivableNetCurrent,2026-08-25
BF-B,shares,2013-04-30,213707000,2013-06-19,CommonStockSharesOutstanding,2026-08-25
BIIB,assets,2013-06-30,10841590000,2013-08-19,Assets,2026-08-25
BIIB,cash,2013-06-30,392507000,2013-08-19,CashAndCashEquivalentsAtCarryingValue,2026-08-25
BIIB,debt,2013-06-30,726388000,2013-08-19,LongTermDebt,2026-08-25
BIIB,equity,2013-06-30,7901549000,2013-08-19,StockholdersEquity,2026-08-25
BIIB,grossProfit,2013-06-30,1492800000,2013-08-19,GrossProfit,2026-08-25
BIIB,inventory,2013-06-30,570390000,2013-08-19,InventoryNet,2026-08-25
BIIB,liabilities,2013-06-30,2939445000,2013-08-19,Liabilities,2026-08-25
BIIB,netIncome,2013-06-30,490700000,2013-08-19,NetIncomeLoss,2026-08-25
BIIB,operatingIncome,2013-06-30,662527000,2013-08-19,OperatingIncomeLoss,2026-08-25
BIIB,receivables,2013-06-30,861457000,2013-08-19,AccountsReceivableNetCurrent,2026-08-25
BIIB,revenue,2013-06-30,1723500000,2013-08-19,Revenues,2026-08-25
BKNG,assets,2013-06-30,9867371000,2013-08-19,Assets,2026-08-25
BKNG,cash,2013-06-30,1762214000,2013-08-19,CashAndCashEquivalentsAtCarryingValue,2026-08-25
BKNG,equity,2013-06-30,5857660000,2013-08-19,StockholdersEquity,2026-08-25
BKNG,grossProfit,2013-06-30,1383855000,2013-08-19,GrossProfit,2026-08-25
BKNG,liabilities,2013-06-30,3966918000,2013-08-19,Liabilities,2026-08-25
BKNG,operatingIncome,2013-06-30,554831000,2013-08-19,OperatingIncomeLoss,2026-08-25
BKNG,receivables,2013-06-30,649250000,2013-08-19,AccountsReceivableNetCurrent,2026-08-25
BKNG,revenue,2013-06-30,1680238000,2013-08-19,SalesRevenueNet,2026-08-25
BLDR,assets,2013-06-30,505507000,2013-08-19,Assets,2026-08-25
BLDR,cash,2013-06-30,25511000,2013-08-19,CashAndCashEquivalentsAtCarryingValue,2026-08-25
BLDR,debt,2013-06-30,353939000,2013-08-19,LongTermDebtNoncurrent,2026-08-25
BLDR,equity,2013-06-30,-8452000,2013-08-19,StockholdersEquity,2026-08-25
BLDR,grossProfit,2013-06-30,82232000,2013-08-19,GrossProfit,2026-08-25
BLDR,inventory,2013-06-30,129172000,2013-08-19,InventoryNet,2026-08-25
BLDR,liabilities,2013-06-30,513959000,2013-08-19,Liabilities,2026-08-25
BLDR,netIncome,2013-06-30,-48206000,2013-08-19,NetIncomeLoss,2026-08-25
BLDR,operatingIncome,2013-06-30,13169000,2013-08-19,OperatingIncomeLoss,2026-08-25
BLDR,receivables,2013-06-30,157877000,2013-08-19,AccountsReceivableNetCurrent,2026-08-25
BLDR,revenue,2013-06-30,398148000,2013-08-19,SalesRevenueNet,2026-08-25
BLDR,shares,2013-06-30,97189000,2013-08-19,CommonStockSharesOutstanding,2026-08-25
BMY,assets,2013-06-30,36252000000,2013-08-19,Assets,2026-08-25
BMY,cash,2013-06-30,1821000000,2013-08-19,CashAndCashEquivalentsAtCarryingValue,2026-08-25
BMY,debt,2013-06-30,6442000000,2013-08-19,LongTermDebtNoncurrent,2026-08-25
BMY,equity,2013-06-30,14371000000,2013-08-19,StockholdersEquity,2026-08-25
BMY,grossProfit,2013-06-30,2940000000,2013-08-19,GrossProfit,2026-08-25
BMY,inventory,2013-06-30,1785000000,2013-08-19,InventoryNet,2026-08-25
BMY,liabilities,2013-06-30,21879000000,2013-08-19,Liabilities,2026-08-25
BMY,netIncome,2013-06-30,536000000,2013-08-19,NetIncomeLoss,2026-08-25
BMY,receivables,2013-06-30,1851000000,2013-08-19,AccountsReceivableNetCurrent,2026-08-25
BMY,revenue,2013-06-30,4048000000,2013-08-19,SalesRevenueNet,2026-08-25
BMY,rnd,2013-06-30,951000000,2013-08-19,ResearchAndDevelopmentExpense,2026-08-25
BNY,assets,2013-06-30,360505000000,2013-08-19,Assets,2026-08-25
BNY,cash,2013-06-30,6940000000,2013-08-19,CashAndCashEquivalentsAtCarryingValue,2026-08-25
BNY,equity,2013-06-30,35882000000,2013-08-19,StockholdersEquity,2026-08-25
BNY,liabilities,2013-06-30,323574000000,2013-08-19,Liabilities,2026-08-25
BNY,netIncome,2013-06-30,843000000,2013-08-19,NetIncomeLoss,2026-08-25
BNY,revenue,2013-06-30,3986000000,2013-08-19,Revenues,2026-08-25
BR,assets,2013-06-30,2018200000,2013-08-19,Assets,2026-08-25
BR,cash,2013-06-30,266000000,2013-08-19,CashAndCashEquivalentsAtCarryingValue,2026-08-25
BR,debt,2013-06-30,524500000,2013-08-19,LongTermDebt,2026-08-25
BR,equity,2013-06-30,816000000,2013-08-19,StockholdersEquity,2026-08-25
BR,grossProfit,2013-06-30,301100000,2013-08-19,GrossProfit,2026-08-25
BR,inventory,2013-06-30,8400000,2013-08-19,InventoryNet,2026-08-25
BR,liabilities,2013-06-30,1202200000,2013-08-19,Liabilities,2026-08-25
BR,revenue,2013-06-30,865100000,2013-08-19,Revenues,2026-08-25
BR,shares,2013-06-30,119000000,2013-08-19,CommonStockSharesOutstanding,2026-08-25
BRK-B,assets,2013-06-30,446563000000,2013-08-19,Assets,2026-08-25
BRK-B,cash,2013-06-30,35695000000,2013-08-19,CashAndCashEquivalentsAtCarryingValue,2026-08-25
BRK-B,equity,2013-06-30,202016000000,2013-08-19,StockholdersEquity,2026-08-25
BRK-B,inventory,2013-06-30,9877000000,2013-08-19,InventoryNet,2026-08-25
BRK-B,liabilities,2013-06-30,241575000000,2013-08-19,Liabilities,2026-08-25
BRK-B,netIncome,2013-06-30,4541000000,2013-08-19,NetIncomeLoss,2026-08-25
BRK-B,revenue,2013-06-30,44693000000,2013-08-19,Revenues,2026-08-25
BRO,assets,2013-06-30,3326320000,2013-08-19,Assets,2026-08-25
BRO,capex,2013-06-30,4176000,2013-08-19,PaymentsToAcquirePropertyPlantAndEquipment,2026-08-25
BRO,cash,2013-06-30,385525000,2013-08-19,CashAndCashEquivalentsAtCarryingValue,2026-08-25
BRO,debt,2013-06-30,450000000,2013-08-19,LongTermDebtNoncurrent,2026-08-25
BRO,equity,2013-06-30,1902058000,2013-08-19,StockholdersEquity,2026-08-25
BRO,netIncome,2013-06-30,52007000,2013-08-19,NetIncomeLoss,2026-08-25
BRO,revenue,2013-06-30,325792000,2013-08-19,Revenues,2026-08-25
BRO,shares,2013-06-30,144045000,2013-08-19,CommonStockSharesOutstanding,2026-08-25
BSX,assets,2013-06-30,16996000000,2013-08-19,Assets,2026-08-25
BSX,buybacks,2013-06-30,100000000,2013-08-19,PaymentsForRepurchaseOfCommonStock,2026-08-25
BSX,cash,2013-06-30,530000000,2013-08-19,CashAndCashEquivalentsAtCarryingValue,2026-08-25
BSX,debt,2013-06-30,4200000000,2013-08-19,LongTermDebt,2026-08-25
BSX,grossProfit,2013-06-30,1279000000,2013-08-19,GrossProfit,2026-08-25
BSX,inventory,2013-06-30,842000000,2013-08-19,InventoryNet,2026-08-25
BSX,operatingIncome,2013-06-30,220000000,2013-08-19,OperatingIncomeLoss,2026-08-25
BSX,revenue,2013-06-30,1792000000,2013-08-19,Revenues,2026-08-25
BSX,shares,2013-06-30,1339348764,2013-08-19,CommonStockSharesOutstanding,2026-08-25
BX,assets,2013-06-30,27742878000,2013-08-19,Assets,2026-08-25
BX,cash,2013-06-30,660977000,2013-08-19,CashAndCashEquivalentsAtCarryingValue,2026-08-25
BX,liabilities,2013-06-30,15742167000,2013-08-19,Liabilities,2026-08-25
BX,netIncome,2013-06-30,211148000,2013-08-19,NetIncomeLoss,2026-08-25
BX,revenue,2013-06-30,1440470000,2013-08-19,Revenues,2026-08-25
BXP,assets,2013-06-30,19462784000,2013-08-19,Assets,2026-08-25
BXP,cash,2013-06-30,1608731000,2013-08-19,CashAndCashEquivalentsAtCarryingValue,2026-08-25
BXP,equity,2013-06-30,5624848000,2013-08-19,StockholdersEquity,2026-08-25
BXP,liabilities,2013-06-30,12569374000,2013-08-19,Liabilities,2026-08-25
BXP,netIncome,2013-06-30,455035000,2013-08-19,NetIncomeLoss,2026-08-25
BXP,operatingIncome,2013-06-30,168373000,2013-08-19,OperatingIncomeLoss,2026-08-25
BXP,revenue,2013-06-30,510033000,2013-08-19,Revenues,2026-08-25
BXP,shares,2013-06-30,152384740,2013-08-19,CommonStockSharesOutstanding,2026-08-25
C,assets,2013-06-30,1883988000000,2013-08-19,Assets,2026-08-25
C,debt,2013-06-30,220959000000,2013-08-19,LongTermDebt,2026-08-25
C,equity,2013-06-30,195926000000,2013-08-19,StockholdersEquity,2026-08-25
C,liabilities,2013-06-30,1686162000000,2013-08-19,Liabilities,2026-08-25
C,netIncome,2013-06-30,4188000000,2013-08-19,NetIncomeLoss,2026-08-25
C,revenue,2013-06-30,20592000000,2013-08-19,Revenues,2026-08-25
CAH,assets,2013-06-30,25819000000,2013-08-19,Assets,2026-08-25
CAH,cash,2013-06-30,1901000000,2013-08-19,CashAndCashEquivalentsAtCarryingValue,2026-08-25
CAH,equity,2013-06-30,5975000000,2013-08-19,StockholdersEquity,2026-08-25
CAH,grossProfit,2013-06-30,1247000000,2013-08-19,GrossProfit,2026-08-25
CAH,inventory,2013-06-30,8373000000,2013-08-19,InventoryNet,2026-08-25
CAH,netIncome,2013-06-30,-586000000,2013-08-19,NetIncomeLoss,2026-08-25
CAH,revenue,2013-06-30,25420000000,2013-08-19,Revenues,2026-08-25
CASY,assets,2013-04-30,1990168000,2013-06-19,Assets,2026-08-25
CASY,cash,2013-04-30,41271000,2013-06-19,CashAndCashEquivalentsAtCarryingValue,2026-08-25
CASY,debt,2013-04-30,653081000,2013-06-19,LongTermDebtNoncurrent,2026-08-25
CASY,equity,2013-04-30,593387000,2013-06-19,StockholdersEquity,2026-08-25
CASY,grossProfit,2013-04-30,263666000,2013-06-19,GrossProfit,2026-08-25
CASY,inventory,2013-04-30,189514000,2013-06-19,InventoryNet,2026-08-25
CASY,liabilities,2013-04-30,1396781000,2013-06-19,Liabilities,2026-08-25
CASY,netIncome,2013-04-30,21604000,2013-06-19,NetIncomeLoss,2026-08-25
CASY,revenue,2013-04-30,1808529000,2013-06-19,SalesRevenueNet,2026-08-25
CASY,shares,2013-04-30,38352509,2013-06-19,CommonStockSharesOutstanding,2026-08-25
CAT,assets,2013-06-30,87375000000,2013-08-19,Assets,2026-08-25
CAT,buybacks,2013-06-30,1000000000,2013-08-19,PaymentsForRepurchaseOfCommonStock,2026-08-25
CAT,grossProfit,2013-06-30,3113000000,2013-08-19,GrossProfit,2026-08-25
CAT,inventory,2013-06-30,13889000000,2013-08-19,InventoryNet,2026-08-25
CAT,liabilities,2013-06-30,69697000000,2013-08-19,Liabilities,2026-08-25
CAT,operatingIncome,2013-06-30,1557000000,2013-08-19,OperatingIncomeLoss,2026-08-25
CAT,receivables,2013-06-30,9396000000,2013-08-19,AccountsReceivableNetCurrent,2026-08-25
CAT,revenue,2013-06-30,14621000000,2013-08-19,Revenues,2026-08-25
CAT,rnd,2013-06-30,548000000,2013-08-19,ResearchAndDevelopmentExpense,2026-08-25
CAT,shares,2013-06-30,647600000,2013-08-19,CommonStockSharesOutstanding,2026-08-25
CB,assets,2013-06-30,93688000000,2013-08-19,Assets,2026-08-25
CB,cash,2013-06-30,679000000,2013-08-19,CashAndCashEquivalentsAtCarryingValue,2026-08-25
CB,debt,2013-06-30,3807000000,2013-08-19,LongTermDebt,2026-08-25
CB,liabilities,2013-06-30,66393000000,2013-08-19,Liabilities,2026-08-25
CB,netIncome,2013-06-30,779000000,2013-08-19,NetIncomeLoss,2026-08-25
CB,revenue,2013-06-30,4815000000,2013-08-19,Revenues,2026-08-25
CB,shares,2013-06-30,340086269,2013-08-19,CommonStockSharesOutstanding,2026-08-25
CBOE,assets,2013-06-30,429862000,2013-08-19,Assets,2026-08-25
CBOE,cash,2013-06-30,207766000,2013-08-19,CashAndCashEquivalentsAtCarryingValue,2026-08-25
CBOE,liabilities,2013-06-30,119956000,2013-08-19,Liabilities,2026-08-25
CBOE,operatingIncome,2013-06-30,75358000,2013-08-19,OperatingIncomeLoss,2026-08-25
CBOE,receivables,2013-06-30,55733000,2013-08-19,AccountsReceivableNetCurrent,2026-08-25
CBOE,revenue,2013-06-30,150772000,2013-08-19,Revenues,2026-08-25
CBOE,shares,2013-06-30,87700964,2013-08-19,CommonStockSharesOutstanding,2026-08-25
CBRE,assets,2013-06-30,6348288000,2013-08-19,Assets,2026-08-25
CBRE,cash,2013-06-30,485495000,2013-08-19,CashAndCashEquivalentsAtCarryingValue,2026-08-25
CBRE,debt,2013-06-30,1821010000,2013-08-19,LongTermDebtNoncurrent,2026-08-25
CBRE,equity,2013-06-30,1620100000,2013-08-19,StockholdersEquity,2026-08-25
CBRE,liabilities,2013-06-30,4636839000,2013-08-19,Liabilities,2026-08-25
CBRE,netIncome,2013-06-30,69902000,2013-08-19,NetIncomeLoss,2026-08-25
CBRE,operatingIncome,2013-06-30,187624000,2013-08-19,OperatingIncomeLoss,2026-08-25
CBRE,revenue,2013-06-30,1742014000,2013-08-19,Revenues,2026-08-25
CBRE,shares,2013-06-30,331302183,2013-08-19,CommonStockSharesOutstanding,2026-08-25
CCI,assets,2013-06-30,15392585000,2013-08-19,Assets,2026-08-25
CCI,capex,2013-06-30,138467000,2013-08-19,PaymentsToAcquireProductiveAssets,2026-08-25
CCI,cash,2013-06-30,126886000,2013-08-19,CashAndCashEquivalentsAtCarryingValue,2026-08-25
CCI,equity,2013-06-30,2911472000,2013-08-19,StockholdersEquity,2026-08-25
CCI,liabilities,2013-06-30,12467693000,2013-08-19,Liabilities,2026-08-25
CCI,netIncome,2013-06-30,52359000,2013-08-19,NetIncomeLoss,2026-08-25
CCI,operatingIncome,2013-06-30,229961000,2013-08-19,OperatingIncomeLoss,2026-08-25
CCI,receivables,2013-06-30,201028000,2013-08-19,AccountsReceivableNetCurrent,2026-08-25
CCI,revenue,2013-06-30,734928000,2013-08-19,SalesRevenueNet,2026-08-25
CCI,shares,2013-06-30,292685462,2013-08-19,CommonStockSharesOutstanding,2026-08-25
CCL,assets,2013-05-31,39979000000,2013-07-20,Assets,2026-08-25
CCL,cash,2013-05-31,711000000,2013-07-20,CashAndCashEquivalentsAtCarryingValue,2026-08-25
CCL,debt,2013-05-31,7848000000,2013-07-20,LongTermDebtNoncurrent,2026-08-25
CCL,equity,2013-05-31,23280000000,2013-07-20,StockholdersEquity,2026-08-25
CCL,inventory,2013-05-31,381000000,2013-07-20,InventoryNet,2026-08-25
CCL,netIncome,2013-05-31,41000000,2013-07-20,NetIncomeLoss,2026-08-25
CCL,operatingIncome,2013-05-31,152000000,2013-07-20,OperatingIncomeLoss,2026-08-25
CDNS,assets,2013-06-29,2563089000,2013-08-18,Assets,2026-08-25
CDNS,cash,2013-06-29,577233000,2013-08-18,CashAndCashEquivalentsAtCarryingValue,2026-08-25
CDNS,equity,2013-06-29,1040260000,2013-08-18,StockholdersEquity,2026-08-25
CDNS,inventory,2013-06-29,38705000,2013-08-18,InventoryNet,2026-08-25
CDNS,netIncome,2013-06-29,9429000,2013-08-18,NetIncomeLoss,2026-08-25
CDNS,operatingIncome,2013-06-29,45142000,2013-08-18,OperatingIncomeLoss,2026-08-25
CDNS,revenue,2013-06-29,362481000,2013-08-18,SalesRevenueNet,2026-08-25
CDW,assets,2013-06-30,6020500000,2013-08-19,Assets,2026-08-25
CDW,cash,2013-06-30,179300000,2013-08-19,CashAndCashEquivalentsAtCarryingValue,2026-08-25
CDW,debt,2013-06-30,3710900000,2013-08-19,LongTermDebtNoncurrent,2026-08-25
CDW,equity,2013-06-30,209000000,2013-08-19,StockholdersEquity,2026-08-25
CDW,grossProfit,2013-06-30,451600000,2013-08-19,GrossProfit,2026-08-25
CDW,inventory,2013-06-30,378500000,2013-08-19,InventoryNet,2026-08-25
CDW,netIncome,2013-06-30,46700000,2013-08-19,NetIncomeLoss,2026-08-25
CDW,operatingIncome,2013-06-30,153600000,2013-08-19,OperatingIncomeLoss,2026-08-25
CDW,receivables,2013-06-30,1390500000,2013-08-19,AccountsReceivableNetCurrent,2026-08-25
CDW,revenue,2013-06-30,2779300000,2013-08-19,Revenues,2026-08-25
CDW,shares,2013-06-30,145200000,2013-08-19,CommonStockSharesOutstanding,2026-08-25
CF,assets,2013-06-30,10251600000,2013-08-19,Assets,2026-08-25
CF,cash,2013-06-30,1934100000,2013-08-19,CashAndCashEquivalentsAtCarryingValue,2026-08-25
CF,debt,2013-06-30,3098000000,2013-08-19,LongTermDebtNoncurrent,2026-08-25
CF,equity,2013-06-30,4978600000,2013-08-19,StockholdersEquity,2026-08-25
CF,grossProfit,2013-06-30,865200000,2013-08-19,GrossProfit,2026-08-25
CF,inventory,2013-06-30,321000000,2013-08-19,InventoryNet,2026-08-25
CF,operatingIncome,2013-06-30,833700000,2013-08-19,OperatingIncomeLoss,2026-08-25
CF,revenue,2013-06-30,1714900000,2013-08-19,SalesRevenueNet,2026-08-25
CHD,assets,2013-06-30,4047700000,2013-08-19,Assets,2026-08-25
CHD,cash,2013-06-30,274100000,2013-08-19,CashAndCashEquivalentsAtCarryingValue,2026-08-25
CHD,debt,2013-06-30,649500000,2013-08-19,LongTermDebtNoncurrent,2026-08-25
CHD,equity,2013-06-30,2146500000,2013-08-19,StockholdersEquity,2026-08-25
CHD,grossProfit,2013-06-30,351000000,2013-08-19,GrossProfit,2026-08-25
CHD,inventory,2013-06-30,255500000,2013-08-19,InventoryNet,2026-08-25
CHD,liabilities,2013-06-30,1901000000,2013-08-19,Liabilities,2026-08-25
CHD,netIncome,2013-06-30,86600000,2013-08-19,NetIncomeLoss,2026-08-25
CHD,operatingIncome,2013-06-30,140500000,2013-08-19,OperatingIncomeLoss,2026-08-25
CHD,receivables,2013-06-30,327400000,2013-08-19,AccountsReceivableNetCurrent,2026-08-25
CHD,rnd,2013-06-30,14300000,2013-08-19,ResearchAndDevelopmentExpense,2026-08-25
CHRW,assets,2013-06-30,2921545000,2013-08-19,Assets,2026-08-25
CHRW,cash,2013-06-30,150017000,2013-08-19,CashAndCashEquivalentsAtCarryingValue,2026-08-25
CHRW,equity,2013-06-30,1499065000,2013-08-19,StockholdersEquity,2026-08-25
CHRW,liabilities,2013-06-30,1422480000,2013-08-19,Liabilities,2026-08-25
CHRW,netIncome,2013-06-30,111872000,2013-08-19,NetIncomeLoss,2026-08-25
CHRW,operatingIncome,2013-06-30,182476000,2013-08-19,OperatingIncomeLoss,2026-08-25
CHRW,revenue,2013-06-30,3288262000,2013-08-19,Revenues,2026-08-25
CHRW,shares,2013-06-30,159737000,2013-08-19,CommonStockSharesOutstanding,2026-08-25
CHTR,assets,2013-06-30,15589000000,2013-08-19,Assets,2026-08-25
CHTR,cash,2013-06-30,44000000,2013-08-19,CashAndCashEquivalentsAtCarryingValue,2026-08-25
CHTR,debt,2013-06-30,12812000000,2013-08-19,LongTermDebtNoncurrent,2026-08-25
CHTR,equity,2013-06-30,61000000,2013-08-19,StockholdersEquity,2026-08-25
CHTR,operatingIncome,2013-06-30,234000000,2013-08-19,OperatingIncomeLoss,2026-08-25
CHTR,receivables,2013-06-30,223000000,2013-08-19,AccountsReceivableNetCurrent,2026-08-25
CHTR,revenue,2013-06-30,1972000000,2013-08-19,Revenues,2026-08-25
CIEN,assets,2013-04-30,1693344000,2013-06-19,Assets,2026-08-25
CIEN,cash,2013-04-30,356498000,2013-06-19,CashAndCashEquivalentsAtCarryingValue,2026-08-25
CIEN,equity,2013-04-30,-97937000,2013-06-19,StockholdersEquity,2026-08-25
CIEN,grossProfit,2013-04-30,209513000,2013-06-19,GrossProfit,2026-08-25
CIEN,inventory,2013-04-30,248096000,2013-06-19,InventoryNet,2026-08-25
CIEN,liabilities,2013-04-30,1791281000,2013-06-19,Liabilities,2026-08-25
CIEN,netIncome,2013-04-30,-27079000,2013-06-19,NetIncomeLoss,2026-08-25
CIEN,operatingIncome,2013-04-30,-10580000,2013-06-19,OperatingIncomeLoss,2026-08-25
CIEN,receivables,2013-04-30,421014000,2013-06-19,AccountsReceivableNetCurrent,2026-08-25
CIEN,revenue,2013-04-30,507712000,2013-06-19,SalesRevenueNet,2026-08-25
CIEN,rnd,2013-04-30,100787000,2013-06-19,ResearchAndDevelopmentExpense,2026-08-25
CIEN,shares,2013-04-30,102035119,2013-06-19,CommonStockSharesOutstanding,2026-08-25
CINF,assets,2013-06-30,17034000000,2013-08-19,Assets,2026-08-25
CINF,cash,2013-06-30,382000000,2013-08-19,CashAndCashEquivalentsAtCarryingValue,2026-08-25
CINF,debt,2013-06-30,790000000,2013-08-19,LongTermDebt,2026-08-25
CINF,equity,2013-06-30,5699000000,2013-08-19,StockholdersEquity,2026-08-25
CINF,liabilities,2013-06-30,11335000000,2013-08-19,Liabilities,2026-08-25
CINF,netIncome,2013-06-30,110000000,2013-08-19,NetIncomeLoss,2026-08-25
CINF,revenue,2013-06-30,1104000000,2013-08-19,Revenues,2026-08-25
CINF,shares,2013-06-30,198000000,2013-08-19,CommonStockSharesOutstanding,2026-08-25
CL,assets,2013-06-30,13487000000,2013-08-19,Assets,2026-08-25
CL,cash,2013-06-30,884000000,2013-08-19,CashAndCashEquivalentsAtCarryingValue,2026-08-25
CL,debt,2013-06-30,5032000000,2013-08-19,LongTermDebtNoncurrent,2026-08-25
CL,equity,2013-06-30,1531000000,2013-08-19,StockholdersEquity,2026-08-25
CL,grossProfit,2013-06-30,2534000000,2013-08-19,GrossProfit,2026-08-25
CL,inventory,2013-06-30,1440000000,2013-08-19,InventoryNet,2026-08-25
CL,netIncome,2013-06-30,561000000,2013-08-19,NetIncomeLoss,2026-08-25
CL,operatingIncome,2013-06-30,906000000,2013-08-19,OperatingIncomeLoss,2026-08-25
CL,receivables,2013-06-30,1778000000,2013-08-19,AccountsReceivableNetCurrent,2026-08-25
CL,revenue,2013-06-30,4346000000,2013-08-19,Revenues,2026-08-25
CLX,assets,2013-06-30,4302000000,2013-08-19,Assets,2026-08-25
CLX,cash,2013-06-30,299000000,2013-08-19,CashAndCashEquivalentsAtCarryingValue,2026-08-25
CLX,debt,2013-06-30,2161000000,2013-08-19,LongTermDebtNoncurrent,2026-08-25
CLX,equity,2013-06-30,146000000,2013-08-19,StockholdersEquity,2026-08-25
CLX,inventory,2013-06-30,394000000,2013-08-19,InventoryNet,2026-08-25
CLX,liabilities,2013-06-30,4165000000,2013-08-19,Liabilities,2026-08-25
CLX,netIncome,2013-06-30,183000000,2013-08-19,NetIncomeLoss,2026-08-25
CLX,shares,2013-06-30,130366911,2013-08-19,CommonStockSharesOutstanding,2026-08-25
CMCSA,assets,2013-06-30,156819000000,2013-08-19,Assets,2026-08-25
CMCSA,capex,2013-06-30,1506000000,2013-08-19,PaymentsToAcquirePropertyPlantAndEquipment,2026-08-25
CMCSA,cash,2013-06-30,1389000000,2013-08-19,CashAndCashEquivalentsAtCarryingValue,2026-08-25
CMCSA,equity,2013-06-30,49091000000,2013-08-19,StockholdersEquity,2026-08-25
CMCSA,netIncome,2013-06-30,1734000000,2013-08-19,NetIncomeLoss,2026-08-25
CMCSA,operatingIncome,2013-06-30,3435000000,2013-08-19,OperatingIncomeLoss,2026-08-25
CMCSA,receivables,2013-06-30,5507000000,2013-08-19,AccountsReceivableNetCurrent,2026-08-25
CMCSA,revenue,2013-06-30,16270000000,2013-08-19,Revenues,2026-08-25
CME,assets,2013-06-30,46882700000,2013-08-19,Assets,2026-08-25
CME,cash,2013-06-30,1968000000,2013-08-19,CashAndCashEquivalentsAtCarryingValue,2026-08-25
CME,equity,2013-06-30,21848600000,2013-08-19,StockholdersEquity,2026-08-25
CME,liabilities,2013-06-30,25028100000,2013-08-19,Liabilities,2026-08-25
CME,netIncome,2013-06-30,311200000,2013-08-19,NetIncomeLoss,2026-08-25
CME,operatingIncome,2013-06-30,507800000,2013-08-19,OperatingIncomeLoss,2026-08-25
CME,receivables,2013-06-30,359100000,2013-08-19,AccountsReceivableNetCurrent,2026-08-25
CME,revenue,2013-06-30,816100000,2013-08-19,Revenues,2026-08-25
CMG,assets,2013-06-30,1808931000,2013-08-19,Assets,2026-08-25
CMG,cash,2013-06-30,281632000,2013-08-19,CashAndCashEquivalentsAtCarryingValue,2026-08-25
CMG,equity,2013-06-30,1367443000,2013-08-19,StockholdersEquity,2026-08-25
CMG,inventory,2013-06-30,11270000,2013-08-19,InventoryNet,2026-08-25
CMG,liabilities,2013-06-30,441488000,2013-08-19,Liabilities,2026-08-25
CMG,netIncome,2013-06-30,87853000,2013-08-19,NetIncomeLoss,2026-08-25
CMG,operatingIncome,2013-06-30,146418000,2013-08-19,OperatingIncomeLoss,2026-08-25
CMG,receivables,2013-06-30,14961000,2013-08-19,AccountsReceivableNetCurrent,2026-08-25
CMI,assets,2013-06-30,13048000000,2013-08-19,Assets,2026-08-25
CMI,cash,2013-06-30,1382000000,2013-08-19,CashAndCashEquivalentsAtCarryingValue,2026-08-25
CMI,debt,2013-06-30,673000000,2013-08-19,LongTermDebt,2026-08-25
CMI,equity,2013-06-30,6704000000,2013-08-19,StockholdersEquity,2026-08-25
CMI,grossProfit,2013-06-30,1153000000,2013-08-19,GrossProfit,2026-08-25
CMI,inventory,2013-06-30,2475000000,2013-08-19,InventoryNet,2026-08-25
CMI,liabilities,2013-06-30,5955000000,2013-08-19,Liabilities,2026-08-25
CMI,operatingIncome,2013-06-30,610000000,2013-08-19,OperatingIncomeLoss,2026-08-25
CMI,revenue,2013-06-30,4525000000,2013-08-19,SalesRevenueNet,2026-08-25
CMI,rnd,2013-06-30,177000000,2013-08-19,ResearchAndDevelopmentExpense,2026-08-25
CMS,assets,2013-06-30,17429000000,2013-08-19,Assets,2026-08-25
CMS,cash,2013-06-30,537000000,2013-08-19,CashAndCashEquivalentsAtCarryingValue,2026-08-25
CMS,debt,2013-06-30,6695000000,2013-08-19,LongTermDebtNoncurrent,2026-08-25
CMS,equity,2013-06-30,3323000000,2013-08-19,StockholdersEquity,2026-08-25
CMS,netIncome,2013-06-30,80000000,2013-08-19,NetIncomeLoss,2026-08-25
CMS,operatingIncome,2013-06-30,232000000,2013-08-19,OperatingIncomeLoss,2026-08-25
CMS,receivables,2013-06-30,728000000,2013-08-19,AccountsReceivableNetCurrent,2026-08-25
CMS,revenue,2013-06-30,1406000000,2013-08-19,Revenues,2026-08-25
CMS,shares,2013-06-30,265900000,2013-08-19,CommonStockSharesOutstanding,2026-08-25
CNC,assets,2013-06-30,3045235000,2013-08-19,Assets,2026-08-25
CNC,cash,2013-06-30,688712000,2013-08-19,CashAndCashEquivalentsAtCarryingValue,2026-08-25
CNC,debt,2013-06-30,548473000,2013-08-19,LongTermDebtNoncurrent,2026-08-25
CNC,equity,2013-06-30,1118207000,2013-08-19,StockholdersEquity,2026-08-25
CNC,liabilities,2013-06-30,1922961000,2013-08-19,Liabilities,2026-08-25
CNC,netIncome,2013-06-30,40000000,2013-08-19,NetIncomeLoss,2026-08-25
CNC,operatingIncome,2013-06-30,68737000,2013-08-19,OperatingIncomeLoss,2026-08-25
CNC,revenue,2013-06-30,2611000000,2013-08-19,Revenues,2026-08-25
CNC,shares,2013-06-30,54627735,2013-08-19,CommonStockSharesOutstanding,2026-08-25
CNP,assets,2013-06-30,21658000000,2013-08-19,Assets,2026-08-25
CNP,cash,2013-06-30,497000000,2013-08-19,CashAndCashEquivalentsAtCarryingValue,2026-08-25
CNP,debt,2013-06-30,7919000000,2013-08-19,LongTermDebtNoncurrent,2026-08-25
CNP,equity,2013-06-30,4191000000,2013-08-19,StockholdersEquity,2026-08-25
CNP,netIncome,2013-06-30,-100000000,2013-08-19,NetIncomeLoss,2026-08-25
CNP,operatingIncome,2013-06-30,223000000,2013-08-19,OperatingIncomeLoss,2026-08-25
CNP,receivables,2013-06-30,694000000,2013-08-19,AccountsReceivableNetCurrent,2026-08-25
CNP,revenue,2013-06-30,1894000000,2013-08-19,Revenues,2026-08-25
CNP,shares,2013-06-30,428607467,2013-08-19,CommonStockSharesOutstanding,2026-08-25
COF,assets,2013-06-30,296542000000,2013-08-19,Assets,2026-08-25
COF,debt,2013-06-30,24264000000,2013-08-19,LongTermDebt,2026-08-25
COF,equity,2013-06-30,41041000000,2013-08-19,StockholdersEquity,2026-08-25
COF,liabilities,2013-06-30,255501000000,2013-08-19,Liabilities,2026-08-25
COF,netIncome,2013-06-30,1108000000,2013-08-19,NetIncomeLoss,2026-08-25
COF,revenue,2013-06-30,5638000000,2013-08-19,Revenues,2026-08-25
COF,shares,2013-06-30,584862301,2013-08-19,CommonStockSharesOutstanding,2026-08-25
COHR,assets,2013-06-30,863802000,2013-08-19,Assets,2026-08-25
COHR,cash,2013-06-30,185433000,2013-08-19,CashAndCashEquivalentsAtCarryingValue,2026-08-25
COHR,debt,2013-06-30,114036000,2013-08-19,LongTermDebtNoncurrent,2026-08-25
COHR,equity,2013-06-30,636108000,2013-08-19,StockholdersEquity,2026-08-25
COHR,inventory,2013-06-30,141859000,2013-08-19,InventoryNet,2026-08-25
COHR,liabilities,2013-06-30,227694000,2013-08-19,Liabilities,2026-08-25
COHR,netIncome,2013-06-30,10026000,2013-08-19,NetIncomeLoss,2026-08-25
COHR,receivables,2013-06-30,107173000,2013-08-19,AccountsReceivableNetCurrent,2026-08-25
COHR,revenue,2013-06-30,154030000,2013-08-19,Revenues,2026-08-25
COHR,rnd,2013-06-30,5697000,2013-08-19,ResearchAndDevelopmentExpense,2026-08-25
COO,assets,2013-04-30,2966732000,2013-06-19,Assets,2026-08-25
COO,cash,2013-04-30,14441000,2013-06-19,CashAndCashEquivalentsAtCarryingValue,2026-08-25
COO,debt,2013-04-30,291549000,2013-06-19,LongTermDebtNoncurrent,2026-08-25
COO,equity,2013-04-30,2314197000,2013-06-19,StockholdersEquity,2026-08-25
COO,grossProfit,2013-04-30,254179000,2013-06-19,GrossProfit,2026-08-25
COO,inventory,2013-04-30,339323000,2013-06-19,InventoryNet,2026-08-25
COO,liabilities,2013-04-30,630236000,2013-06-19,Liabilities,2026-08-25
COO,netIncome,2013-04-30,75136000,2013-06-19,NetIncomeLoss,2026-08-25
COO,operatingIncome,2013-04-30,81473000,2013-06-19,OperatingIncomeLoss,2026-08-25
COO,receivables,2013-04-30,224489000,2013-06-19,AccountsReceivableNetCurrent,2026-08-25
COO,revenue,2013-04-30,384041000,2013-06-19,SalesRevenueNet,2026-08-25
COO,rnd,2013-04-30,14490000,2013-06-19,ResearchAndDevelopmentExpense,2026-08-25
COP,assets,2013-06-30,116947000000,2013-08-19,Assets,2026-08-25
COP,cash,2013-06-30,3909000000,2013-08-19,CashAndCashEquivalentsAtCarryingValue,2026-08-25
COP,equity,2013-06-30,48508000000,2013-08-19,StockholdersEquity,2026-08-25
COP,inventory,2013-06-30,1134000000,2013-08-19,InventoryNet,2026-08-25
COP,liabilities,2013-06-30,68015000000,2013-08-19,Liabilities,2026-08-25
COP,netIncome,2013-06-30,2050000000,2013-08-19,NetIncomeLoss,2026-08-25
COP,revenue,2013-06-30,14142000000,2013-08-19,Revenues,2026-08-25
COR,assets,2013-06-30,16579332000,2013-08-19,Assets,2026-08-25
COR,cash,2013-06-30,1567585000,2013-08-19,CashAndCashEquivalentsAtCarryingValue,2026-08-25
COR,debt,2013-06-30,1396439000,2013-08-19,LongTermDebtNoncurrent,2026-08-25
COR,equity,2013-06-30,2418194000,2013-08-19,StockholdersEquity,2026-08-25
COR,grossProfit,2013-06-30,562450000,2013-08-19,GrossProfit,2026-08-25
COR,inventory,2013-06-30,5895089000,2013-08-19,InventoryNet,2026-08-25
COR,netIncome,2013-06-30,168439000,2013-08-19,NetIncomeLoss,2026-08-25
COR,operatingIncome,2013-06-30,134646000,2013-08-19,OperatingIncomeLoss,2026-08-25
COR,receivables,2013-06-30,4585488000,2013-08-19,AccountsReceivableNetCurrent,2026-08-25
COR,revenue,2013-06-30,21906648000,2013-08-19,Revenues,2026-08-25
COR,shares,2013-06-30,230795299,2013-08-19,CommonStockSharesOutstanding,2026-08-25
COST,assets,2013-05-12,30006000000,2013-07-01,Assets,2026-08-25
COST,capex,2013-05-12,436000000,2013-07-01,PaymentsToAcquirePropertyPlantAndEquipment,2026-08-25
COST,cash,2013-05-12,5448000000,2013-07-01,CashAndCashEquivalentsAtCarryingValue,2026-08-25
COST,debt,2013-05-12,4887000000,2013-07-01,LongTermDebtNoncurrent,2026-08-25
COST,equity,2013-05-12,10472000000,2013-07-01,StockholdersEquity,2026-08-25
COST,inventory,2013-05-12,7635000000,2013-07-01,InventoryNet,2026-08-25
COST,liabilities,2013-05-12,19359000000,2013-07-01,Liabilities,2026-08-25
COST,shares,2013-05-12,436682983,2013-07-01,CommonStockSharesOutstanding,2026-08-25
CPAY,assets,2013-06-30,3013089000,2013-08-19,Assets,2026-08-25
CPAY,capex,2013-06-30,5346000,2013-08-19,PaymentsToAcquirePropertyPlantAndEquipment,2026-08-25
CPAY,cash,2013-06-30,292905000,2013-08-19,CashAndCashEquivalentsAtCarryingValue,2026-08-25
CPAY,debt,2013-06-30,485997000,2013-08-19,LongTermDebtNoncurrent,2026-08-25
CPAY,equity,2013-06-30,1050014000,2013-08-19,StockholdersEquity,2026-08-25
CPAY,netIncome,2013-06-30,73099000,2013-08-19,NetIncomeLoss,2026-08-25
CPAY,operatingIncome,2013-06-30,109074000,2013-08-19,OperatingIncomeLoss,2026-08-25
CPAY,receivables,2013-06-30,627675000,2013-08-19,AccountsReceivableNetCurrent,2026-08-25
CPAY,revenue,2013-06-30,220869000,2013-08-19,SalesRevenueNet,2026-08-25
CPAY,shares,2013-06-30,81709804,2013-08-19,CommonStockSharesOutstanding,2026-08-25
CPRT,assets,2013-04-30,1298682000,2013-06-19,Assets,2026-08-25
CPRT,cash,2013-04-30,139331000,2013-06-19,CashAndCashEquivalentsAtCarryingValue,2026-08-25
CPRT,equity,2013-04-30,724394000,2013-06-19,StockholdersEquity,2026-08-25
CPRT,grossProfit,2013-04-30,115597000,2013-06-19,GrossProfit,2026-08-25
CPRT,inventory,2013-04-30,10524000,2013-06-19,InventoryNet,2026-08-25
CPRT,liabilities,2013-04-30,574288000,2013-06-19,Liabilities,2026-08-25
CPRT,netIncome,2013-04-30,53236000,2013-06-19,NetIncomeLoss,2026-08-25
CPRT,operatingIncome,2013-04-30,82813000,2013-06-19,OperatingIncomeLoss,2026-08-25
CPRT,receivables,2013-04-30,164155000,2013-06-19,AccountsReceivableNetCurrent,2026-08-25
CPRT,revenue,2013-04-30,277638000,2013-06-19,SalesRevenueNet,2026-08-25
CPRT,shares,2013-04-30,125436992,2013-06-19,CommonStockSharesOutstanding,2026-08-25
CPT,assets,2013-06-30,5486282000,2013-08-19,Assets,2026-08-25
CPT,cash,2013-06-30,6506000,2013-08-19,CashAndCashEquivalentsAtCarryingValue,2026-08-25
CPT,debt,2013-06-30,2523800000,2013-08-19,LongTermDebt,2026-08-25
CPT,equity,2013-06-30,2640264000,2013-08-19,StockholdersEquity,2026-08-25
CPT,liabilities,2013-06-30,2781152000,2013-08-19,Liabilities,2026-08-25
CPT,netIncome,2013-06-30,72172000,2013-08-19,NetIncomeLoss,2026-08-25
CRL,assets,2013-06-29,1621598000,2013-08-18,Assets,2026-08-25
CRL,cash,2013-06-29,113521000,2013-08-18,CashAndCashEquivalentsAtCarryingValue,2026-08-25
CRL,debt,2013-06-29,619250000,2013-08-18,LongTermDebtNoncurrent,2026-08-25
CRL,equity,2013-06-29,647951000,2013-08-18,StockholdersEquity,2026-08-25
CRL,grossProfit,2013-06-29,102570000,2013-08-18,GrossProfit,2026-08-25
CRL,inventory,2013-06-29,88405000,2013-08-18,InventoryNet,2026-08-25
CRL,liabilities,2013-06-29,959208000,2013-08-18,Liabilities,2026-08-25
CRL,operatingIncome,2013-06-29,43188000,2013-08-18,OperatingIncomeLoss,2026-08-25
CRL,receivables,2013-06-29,224030000,2013-08-18,AccountsReceivableNetCurrent,2026-08-25
CRL,revenue,2013-06-29,292933000,2013-08-18,Revenues,2026-08-25
CRL,shares,2013-06-29,49040927000,2013-08-18,CommonStockSharesOutstanding,2026-08-25
CRM,assets,2013-04-30,6513709000,2013-06-19,Assets,2026-08-25
CRM,capex,2013-04-30,54010000,2013-06-19,PaymentsToAcquirePropertyPlantAndEquipment,2026-08-25
CRM,cash,2013-04-30,1927990000,2013-06-19,CashAndCashEquivalentsAtCarryingValue,2026-08-25
CRM,equity,2013-04-30,2462796000,2013-06-19,StockholdersEquity,2026-08-25
CRM,grossProfit,2013-04-30,683639000,2013-06-19,GrossProfit,2026-08-25
CRM,liabilities,2013-04-30,4003833000,2013-06-19,Liabilities,2026-08-25
CRM,netIncome,2013-04-30,-67721000,2013-06-19,NetIncomeLoss,2026-08-25
CRM,operatingCashFlow,2013-04-30,283189000,2013-06-19,NetCashProvidedByUsedInOperatingActivities,2026-08-25
CRM,operatingIncome,2013-04-30,-44540000,2013-06-19,OperatingIncomeLoss,2026-08-25
CRM,receivables,2013-04-30,502609000,2013-06-19,AccountsReceivableNetCurrent,2026-08-25
CRM,revenue,2013-04-30,892633000,2013-06-19,Revenues,2026-08-25
CRM,rnd,2013-04-30,131939000,2013-06-19,ResearchAndDevelopmentExpense,2026-08-25
CSCO,assets,2013-04-27,97084000000,2013-06-16,Assets,2026-08-25
CSCO,cash,2013-04-27,5122000000,2013-06-16,CashAndCashEquivalentsAtCarryingValue,2026-08-25
CSCO,debt,2013-04-27,12956000000,2013-06-16,LongTermDebtNoncurrent,2026-08-25
CSCO,equity,2013-04-27,56788000000,2013-06-16,StockholdersEquity,2026-08-25
CSCO,grossProfit,2013-04-27,7511000000,2013-06-16,GrossProfit,2026-08-25
CSCO,inventory,2013-04-27,1469000000,2013-06-16,InventoryNet,2026-08-25
CSCO,liabilities,2013-04-27,40286000000,2013-06-16,Liabilities,2026-08-25
CSCO,netIncome,2013-04-27,2478000000,2013-06-16,NetIncomeLoss,2026-08-25
CSCO,operatingIncome,2013-04-27,2942000000,2013-06-16,OperatingIncomeLoss,2026-08-25
CSCO,receivables,2013-04-27,4942000000,2013-06-16,AccountsReceivableNetCurrent,2026-08-25
CSCO,revenue,2013-04-27,12216000000,2013-06-16,Revenues,2026-08-25
CSCO,shares,2013-04-27,5315000000,2013-06-16,CommonStockSharesOutstanding,2026-08-25
CSGP,assets,2013-06-30,1197018000,2013-08-19,Assets,2026-08-25
CSGP,cash,2013-06-30,190101000,2013-08-19,CashAndCashEquivalentsAtCarryingValue,2026-08-25
CSGP,debt,2013-06-30,142187000,2013-08-19,LongTermDebtNoncurrent,2026-08-25
CSGP,equity,2013-06-30,866596000,2013-08-19,StockholdersEquity,2026-08-25
CSGP,grossProfit,2013-06-30,76898000,2013-08-19,GrossProfit,2026-08-25
CSGP,liabilities,2013-06-30,330422000,2013-08-19,Liabilities,2026-08-25
CSGP,netIncome,2013-06-30,8293000,2013-08-19,NetIncomeLoss,2026-08-25
CSGP,operatingIncome,2013-06-30,15283000,2013-08-19,OperatingIncomeLoss,2026-08-25
CSGP,receivables,2013-06-30,24808000,2013-08-19,AccountsReceivableNetCurrent,2026-08-25
CSGP,revenue,2013-06-30,108999000,2013-08-19,Revenues,2026-08-25
CSX,assets,2013-06-28,30881000000,2013-08-17,Assets,2026-08-25
CSX,cash,2013-06-28,614000000,2013-08-17,CashAndCashEquivalentsAtCarryingValue,2026-08-25
CSX,liabilities,2013-06-28,21219000000,2013-08-17,Liabilities,2026-08-25
CSX,netIncome,2013-06-28,521000000,2013-08-17,NetIncomeLoss,2026-08-25
CSX,operatingIncome,2013-06-28,940000000,2013-08-17,OperatingIncomeLoss,2026-08-25
CSX,receivables,2013-06-28,946000000,2013-08-17,AccountsReceivableNetCurrent,2026-08-25
CSX,revenue,2013-06-28,3046000000,2013-08-17,SalesRevenueNet,2026-08-25
CTAS,assets,2013-05-31,4345632000,2013-07-20,Assets,2026-08-25
CTAS,cash,2013-05-31,352273000,2013-07-20,CashAndCashEquivalentsAtCarryingValue,2026-08-25
CTAS,debt,2013-05-31,1300979000,2013-07-20,LongTermDebtNoncurrent,2026-08-25
CTAS,equity,2013-05-31,2201492000,2013-07-20,StockholdersEquity,2026-08-25
CTAS,grossProfit,2013-05-31,467215000,2013-07-20,GrossProfit,2026-08-25
CTAS,inventory,2013-05-31,240440000,2013-07-20,InventoryNet,2026-08-25
CTAS,netIncome,2013-05-31,85977000,2013-07-20,NetIncomeLoss,2026-08-25
CTAS,receivables,2013-05-31,496049000,2013-07-20,AccountsReceivableNetCurrent,2026-08-25
CTAS,revenue,2013-05-31,1129086000,2013-07-20,Revenues,2026-08-25
CTAS,shares,2013-05-31,122281507,2013-07-20,CommonStockSharesOutstanding,2026-08-25
CTSH,assets,2013-06-30,7012320000,2013-08-19,Assets,2026-08-25
CTSH,cash,2013-06-30,1678205000,2013-08-19,CashAndCashEquivalentsAtCarryingValue,2026-08-25
CTSH,equity,2013-06-30,5323748000,2013-08-19,StockholdersEquity,2026-08-25
CTSH,liabilities,2013-06-30,1688572000,2013-08-19,Liabilities,2026-08-25
CTSH,netIncome,2013-06-30,300410000,2013-08-19,NetIncomeLoss,2026-08-25
CTSH,operatingIncome,2013-06-30,426803000,2013-08-19,OperatingIncomeLoss,2026-08-25
CTSH,receivables,2013-06-30,1560856000,2013-08-19,AccountsReceivableNetCurrent,2026-08-25
CTSH,revenue,2013-06-30,2161240000,2013-08-19,SalesRevenueNet,2026-08-25
CTSH,shares,2013-06-30,301322000,2013-08-19,CommonStockSharesOutstanding,2026-08-25
CVS,assets,2013-06-30,66284000000,2013-08-19,Assets,2026-08-25
CVS,cash,2013-06-30,1174000000,2013-08-19,CashAndCashEquivalentsAtCarryingValue,2026-08-25
CVS,debt,2013-06-30,9358000000,2013-08-19,LongTermDebtNoncurrent,2026-08-25
CVS,grossProfit,2013-06-30,5841000000,2013-08-19,GrossProfit,2026-08-25
CVS,inventory,2013-06-30,10578000000,2013-08-19,InventoryNet,2026-08-25
CVS,operatingIncome,2013-06-30,1972000000,2013-08-19,OperatingIncomeLoss,2026-08-25
CVS,receivables,2013-06-30,7093000000,2013-08-19,AccountsReceivableNetCurrent,2026-08-25
CVS,revenue,2013-06-30,31248000000,2013-08-19,Revenues,2026-08-25
CVS,shares,2013-06-30,1227000000,2013-08-19,CommonStockSharesOutstanding,2026-08-25
CVX,assets,2013-06-30,244048000000,2013-08-19,Assets,2026-08-25
CVX,cash,2013-06-30,20630000000,2013-08-19,CashAndCashEquivalentsAtCarryingValue,2026-08-25
CVX,debt,2013-06-30,17960000000,2013-08-19,LongTermDebtNoncurrent,2026-08-25
CVX,equity,2013-06-30,142841000000,2013-08-19,StockholdersEquity,2026-08-25
CVX,inventory,2013-06-30,7423000000,2013-08-19,InventoryNet,2026-08-25
CVX,liabilities,2013-06-30,99884000000,2013-08-19,Liabilities,2026-08-25
CVX,netIncome,2013-06-30,5365000000,2013-08-19,NetIncomeLoss,2026-08-25
CVX,revenue,2013-06-30,57369000000,2013-08-19,Revenues,2026-08-25
D,assets,2013-06-30,48426000000,2013-08-19,Assets,2026-08-25
D,cash,2013-06-30,190000000,2013-08-19,CashAndCashEquivalentsAtCarryingValue,2026-08-25
D,debt,2013-06-30,18043000000,2013-08-19,LongTermDebtNoncurrent,2026-08-25
D,equity,2013-06-30,11003000000,2013-08-19,StockholdersEquity,2026-08-25
D,inventory,2013-06-30,1154000000,2013-08-19,InventoryNet,2026-08-25
D,liabilities,2013-06-30,37109000000,2013-08-19,Liabilities,2026-08-25
D,netIncome,2013-06-30,202000000,2013-08-19,NetIncomeLoss,2026-08-25
D,operatingIncome,2013-06-30,548000000,2013-08-19,OperatingIncomeLoss,2026-08-25
D,receivables,2013-06-30,1514000000,2013-08-19,AccountsReceivableNetCurrent,2026-08-25
D,revenue,2013-06-30,2980000000,2013-08-19,Revenues,2026-08-25
D,shares,2013-06-30,579000000,2013-08-19,CommonStockSharesOutstanding,2026-08-25
DAL,assets,2013-06-30,45772000000,2013-08-19,Assets,2026-08-25
DAL,capex,2013-06-30,338000000,2013-08-19,PaymentsToAcquireProductiveAssets,2026-08-25
DAL,cash,2013-06-30,2965000000,2013-08-19,CashAndCashEquivalentsAtCarryingValue,2026-08-25
DAL,equity,2013-06-30,-1184000000,2013-08-19,StockholdersEquity,2026-08-25
DAL,netIncome,2013-06-30,685000000,2013-08-19,NetIncomeLoss,2026-08-25
DAL,operatingIncome,2013-06-30,914000000,2013-08-19,OperatingIncomeLoss,2026-08-25
DAL,revenue,2013-06-30,9707000000,2013-08-19,Revenues,2026-08-25
DE,assets,2013-04-30,58155100000,2013-06-19,Assets,2026-08-25
DE,cash,2013-04-30,3651400000,2013-06-19,CashAndCashEquivalentsAtCarryingValue,2026-08-25
DE,debt,2013-04-30,21752900000,2013-06-19,LongTermDebtNoncurrent,2026-08-25
DE,equity,2013-04-30,8264900000,2013-06-19,StockholdersEquity,2026-08-25
DE,grossProfit,2013-04-30,2783000000,2013-06-19,GrossProfit,2026-08-25
DE,inventory,2013-04-30,6173000000,2013-06-19,InventoryNet,2026-08-25
DE,liabilities,2013-04-30,49888300000,2013-06-19,Liabilities,2026-08-25
DE,netIncome,2013-04-30,1084000000,2013-06-19,NetIncomeLoss,2026-08-25
DE,operatingIncome,2013-04-30,1861000000,2013-06-19,OperatingIncomeLoss,2026-08-25
DE,revenue,2013-04-30,10913000000,2013-06-19,Revenues,2026-08-25
DE,rnd,2013-04-30,376800000,2013-06-19,ResearchAndDevelopmentExpense,2026-08-25
DECK,assets,2013-06-30,1022115000,2013-08-19,Assets,2026-08-25
DECK,capex,2013-06-30,16714000,2013-08-19,PaymentsToAcquirePropertyPlantAndEquipment,2026-08-25
DECK,cash,2013-06-30,49126000,2013-08-19,CashAndCashEquivalentsAtCarryingValue,2026-08-25
DECK,equity,2013-06-30,718232000,2013-08-19,StockholdersEquity,2026-08-25
DECK,grossProfit,2013-06-30,69832000,2013-08-19,GrossProfit,2026-08-25
DECK,inventory,2013-06-30,362060000,2013-08-19,InventoryNet,2026-08-25
DECK,operatingCashFlow,2013-06-30,-13189000,2013-08-19,NetCashProvidedByUsedInOperatingActivitiesContinuingOperations,2026-08-25
DECK,operatingIncome,2013-06-30,-42751000,2013-08-19,OperatingIncomeLoss,2026-08-25
DECK,receivables,2013-06-30,109877000,2013-08-19,AccountsReceivableNetCurrent,2026-08-25
DECK,shares,2013-06-30,34493000,2013-08-19,CommonStockSharesOutstanding,2026-08-25
DG,assets,2013-05-03,10493697000,2013-06-22,Assets,2026-08-25
DG,buybacks,2013-05-03,20000000,2013-06-22,PaymentsForRepurchaseOfCommonStock,2026-08-25
DG,capex,2013-05-03,149652000,2013-06-22,PaymentsToAcquireProductiveAssets,2026-08-25
DG,cash,2013-05-03,155526000,2013-06-22,CashAndCashEquivalentsAtCarryingValue,2026-08-25
DG,equity,2013-05-03,5178899000,2013-06-22,StockholdersEquity,2026-08-25
DG,grossProfit,2013-05-03,1295148000,2013-06-22,GrossProfit,2026-08-25
DG,inventory,2013-05-03,2414411000,2013-06-22,InventoryNet,2026-08-25
DG,operatingCashFlow,2013-05-03,147226000,2013-06-22,NetCashProvidedByUsedInOperatingActivitiesContinuingOperations,2026-08-25
DG,operatingIncome,2013-05-03,395000000,2013-06-22,OperatingIncomeLoss,2026-08-25
DGX,assets,2013-06-30,9036185000,2013-08-19,Assets,2026-08-25
DGX,cash,2013-06-30,148000000,2013-08-19,CashAndCashEquivalentsAtCarryingValue,2026-08-25
DGX,equity,2013-06-30,3911956000,2013-08-19,StockholdersEquity,2026-08-25
DGX,grossProfit,2013-06-30,721000000,2013-08-19,GrossProfit,2026-08-25
DGX,inventory,2013-06-30,89442000,2013-08-19,InventoryNet,2026-08-25
DGX,netIncome,2013-06-30,165000000,2013-08-19,NetIncomeLoss,2026-08-25
DGX,operatingIncome,2013-06-30,289000000,2013-08-19,OperatingIncomeLoss,2026-08-25
DGX,receivables,2013-06-30,946753000,2013-08-19,AccountsReceivableNetCurrent,2026-08-25
DGX,revenue,2013-06-30,1815000000,2013-08-19,SalesRevenueNet,2026-08-25
DHI,assets,2013-06-30,8287000000,2013-08-19,Assets,2026-08-25
DHI,cash,2013-06-30,638000000,2013-08-19,CashAndCashEquivalentsAtCarryingValue,2026-08-25
DHI,equity,2013-06-30,3904700000,2013-08-19,StockholdersEquity,2026-08-25
DHI,liabilities,2013-06-30,4379500000,2013-08-19,Liabilities,2026-08-25
DHI,revenue,2013-06-30,1692800000,2013-08-19,Revenues,2026-08-25
DHI,shares,2013-06-30,322800660,2013-08-19,CommonStockSharesOutstanding,2026-08-25
DHR,assets,2013-06-28,33109000000,2013-08-17,Assets,2026-08-25
DHR,cash,2013-06-28,2324900000,2013-08-17,CashAndCashEquivalentsAtCarryingValue,2026-08-25
DHR,debt,2013-06-28,4100900000,2013-08-17,LongTermDebtNoncurrent,2026-08-25
DHR,equity,2013-06-28,20296100000,2013-08-17,StockholdersEquity,2026-08-25
DHR,grossProfit,2013-06-28,2346000000,2013-08-17,GrossProfit,2026-08-25
DHR,inventory,2013-06-28,1911000000,2013-08-17,InventoryNet,2026-08-25
DHR,netIncome,2013-06-28,616800000,2013-08-17,NetIncomeLoss,2026-08-25
DHR,operatingIncome,2013-06-28,804800000,2013-08-17,OperatingIncomeLoss,2026-08-25
DHR,receivables,2013-06-28,3281400000,2013-08-17,AccountsReceivableNetCurrent,2026-08-25
DHR,revenue,2013-06-28,4534100000,2013-08-17,SalesRevenueNet,2026-08-25
DHR,rnd,2013-06-28,312200000,2013-08-17,ResearchAndDevelopmentExpense,2026-08-25
DLR,assets,2013-06-30,9184859000,2013-08-19,Assets,2026-08-25
DLR,cash,2013-06-30,24260000,2013-08-19,CashAndCashEquivalentsAtCarryingValue,2026-08-25
DLR,equity,2013-06-30,3547111000,2013-08-19,StockholdersEquity,2026-08-25
DLR,liabilities,2013-06-30,5601589000,2013-08-19,Liabilities,2026-08-25
DLR,netIncome,2013-06-30,58476000,2013-08-19,NetIncomeLoss,2026-08-25
DLR,operatingIncome,2013-06-30,99994000,2013-08-19,OperatingIncomeLoss,2026-08-25
DLR,revenue,2013-06-30,363502000,2013-08-19,Revenues,2026-08-25
DLR,shares,2013-06-30,128421888,2013-08-19,CommonStockSharesOutstanding,2026-08-25
DLTR,assets,2013-05-04,2811800000,2013-06-23,Assets,2026-08-25
DLTR,buybacks,2013-05-04,68400000,2013-06-23,PaymentsForRepurchaseOfCommonStock,2026-08-25
DLTR,capex,2013-05-04,103200000,2013-06-23,PaymentsToAcquirePropertyPlantAndEquipment,2026-08-25
DLTR,cash,2013-05-04,383300000,2013-06-23,CashAndCashEquivalentsAtCarryingValue,2026-08-25
DLTR,debt,2013-05-04,257000000,2013-06-23,LongTermDebtNoncurrent,2026-08-25
DLTR,grossProfit,2013-05-04,656000000,2013-06-23,GrossProfit,2026-08-25
DLTR,liabilities,2013-05-04,1072100000,2013-06-23,Liabilities,2026-08-25
DLTR,netIncome,2013-05-04,133500000,2013-06-23,NetIncomeLoss,2026-08-25
DLTR,operatingCashFlow,2013-05-04,129300000,2013-06-23,NetCashProvidedByUsedInOperatingActivities,2026-08-25
DLTR,operatingIncome,2013-05-04,216600000,2013-06-23,OperatingIncomeLoss,2026-08-25
DLTR,shares,2013-05-04,223800000,2013-06-23,CommonStockSharesOutstanding,2026-08-25
DOC,assets,2013-06-30,20051793000,2013-08-19,Assets,2026-08-25
DOC,cash,2013-06-30,53114000,2013-08-19,CashAndCashEquivalentsAtCarryingValue,2026-08-25
DOC,debt,2013-06-30,8688268000,2013-08-19,LongTermDebt,2026-08-25
DOC,equity,2013-06-30,10596558000,2013-08-19,StockholdersEquity,2026-08-25
DOC,liabilities,2013-06-30,9253534000,2013-08-19,Liabilities,2026-08-25
DOC,netIncome,2013-06-30,213401000,2013-08-19,NetIncomeLoss,2026-08-25
DOC,revenue,2013-06-30,512239000,2013-08-19,Revenues,2026-08-25
DOC,shares,2013-06-30,455094411,2013-08-19,CommonStockSharesOutstanding,2026-08-25
DOV,assets,2013-06-30,10349256000,2013-08-19,Assets,2026-08-25
DOV,cash,2013-06-30,605950000,2013-08-19,CashAndCashEquivalentsAtCarryingValue,2026-08-25
DOV,debt,2013-06-30,2189811000,2013-08-19,LongTermDebtNoncurrent,2026-08-25
DOV,grossProfit,2013-06-30,720994000,2013-08-19,GrossProfit,2026-08-25
DOV,inventory,2013-06-30,917217000,2013-08-19,InventoryNet,2026-08-25
DOV,netIncome,2013-06-30,330049000,2013-08-19,NetIncomeLoss,2026-08-25
DOV,operatingIncome,2013-06-30,320198000,2013-08-19,OperatingIncomeLoss,2026-08-25
DOV,receivables,2013-06-30,1398829000,2013-08-19,AccountsReceivableNetCurrent,2026-08-25
DOV,revenue,2013-06-30,1836981000,2013-08-19,SalesRevenueNet,2026-08-25
DPZ,assets,2013-06-16,468799000,2013-08-05,Assets,2026-08-25
DPZ,buybacks,2013-06-16,38000000,2013-08-05,PaymentsForRepurchaseOfCommonStock,2026-08-25
DPZ,cash,2013-06-16,40838000,2013-08-05,CashAndCashEquivalentsAtCarryingValue,2026-08-25
DPZ,equity,2013-06-16,-1328791000,2013-08-05,StockholdersEquity,2026-08-25
DPZ,grossProfit,2013-06-16,125987000,2013-08-05,GrossProfit,2026-08-25
DPZ,inventory,2013-06-16,27996000,2013-08-05,InventoryNet,2026-08-25
DPZ,netIncome,2013-06-16,33270000,2013-08-05,NetIncomeLoss,2026-08-25
DPZ,operatingIncome,2013-06-16,73841000,2013-08-05,OperatingIncomeLoss,2026-08-25
DPZ,receivables,2013-06-16,93987000,2013-08-05,AccountsReceivableNetCurrent,2026-08-25
DPZ,revenue,2013-06-16,414009000,2013-08-05,Revenues,2026-08-25
DRI,assets,2013-05-26,6936900000,2013-07-15,Assets,2026-08-25
DRI,cash,2013-05-26,88200000,2013-07-15,CashAndCashEquivalentsAtCarryingValue,2026-08-25
DRI,debt,2013-05-26,2496200000,2013-07-15,LongTermDebtNoncurrent,2026-08-25
DRI,equity,2013-05-26,2059500000,2013-07-15,StockholdersEquity,2026-08-25
DRI,inventory,2013-05-26,356900000,2013-07-15,InventoryNet,2026-08-25
DRI,liabilities,2013-05-26,4877400000,2013-07-15,Liabilities,2026-08-25
DRI,netIncome,2013-05-26,133200000,2013-07-15,NetIncomeLoss,2026-08-25
DRI,revenue,2013-05-26,1592400000,2013-07-15,SalesRevenueNet,2026-08-25
DRI,shares,2013-05-26,130300000,2013-07-15,CommonStockSharesOutstanding,2026-08-25
DTE,assets,2013-06-30,25944000000,2013-08-19,Assets,2026-08-25
DTE,cash,2013-06-30,46000000,2013-08-19,CashAndCashEquivalentsAtCarryingValue,2026-08-25
DTE,debt,2013-06-30,6116000000,2013-08-19,LongTermDebtNoncurrent,2026-08-25
DTE,equity,2013-06-30,7552000000,2013-08-19,StockholdersEquity,2026-08-25
DTE,netIncome,2013-06-30,105000000,2013-08-19,NetIncomeLoss,2026-08-25
DTE,operatingIncome,2013-06-30,223000000,2013-08-19,OperatingIncomeLoss,2026-08-25
DTE,receivables,2013-06-30,1314000000,2013-08-19,AccountsReceivableNetCurrent,2026-08-25
DTE,revenue,2013-06-30,2225000000,2013-08-19,Revenues,2026-08-25
DTE,shares,2013-06-30,174960000,2013-08-19,CommonStockSharesOutstanding,2026-08-25
DUK,assets,2013-06-30,114100000000,2013-08-19,Assets,2026-08-25
DUK,cash,2013-06-30,1571000000,2013-08-19,CashAndCashEquivalentsAtCarryingValue,2026-08-25
DUK,debt,2013-06-30,36100000000,2013-08-19,LongTermDebtNoncurrent,2026-08-25
DUK,equity,2013-06-30,40132000000,2013-08-19,StockholdersEquity,2026-08-25
DUK,netIncome,2013-06-30,339000000,2013-08-19,NetIncomeLoss,2026-08-25
DUK,operatingIncome,2013-06-30,742000000,2013-08-19,OperatingIncomeLoss,2026-08-25
DUK,revenue,2013-06-30,5393000000,2013-08-19,SalesRevenueNet,2026-08-25
DUK,shares,2013-06-30,706000000,2013-08-19,CommonStockSharesOutstanding,2026-08-25
DVA,assets,2013-06-30,16455509000,2013-08-19,Assets,2026-08-25
DVA,cash,2013-06-30,617904000,2013-08-19,CashAndCashEquivalentsAtCarryingValue,2026-08-25
DVA,equity,2013-06-30,4124881000,2013-08-19,StockholdersEquity,2026-08-25
DVA,inventory,2013-06-30,77997000,2013-08-19,InventoryNet,2026-08-25
DVA,liabilities,2013-06-30,11572726000,2013-08-19,Liabilities,2026-08-25
DVA,netIncome,2013-06-30,254376000,2013-08-19,NetIncomeLoss,2026-08-25
DVA,operatingIncome,2013-06-30,522020000,2013-08-19,OperatingIncomeLoss,2026-08-25
DVA,receivables,2013-06-30,1445099000,2013-08-19,AccountsReceivableNetCurrent,2026-08-25
DVA,shares,2013-06-30,106239986,2013-08-19,CommonStockSharesOutstanding,2026-08-25
DVN,assets,2013-06-30,40020000000,2013-08-19,Assets,2026-08-25
DVN,cash,2013-06-30,3363000000,2013-08-19,CashAndCashEquivalentsAtCarryingValue,2026-08-25
DVN,debt,2013-06-30,7956000000,2013-08-19,LongTermDebtNoncurrent,2026-08-25
DVN,equity,2013-06-30,20066000000,2013-08-19,StockholdersEquity,2026-08-25
DVN,netIncome,2013-06-30,683000000,2013-08-19,NetIncomeLoss,2026-08-25
DVN,operatingIncome,2013-06-30,1100000000,2013-08-19,OperatingIncomeLoss,2026-08-25
DVN,receivables,2013-06-30,1538000000,2013-08-19,AccountsReceivableNetCurrent,2026-08-25
DVN,revenue,2013-06-30,3088000000,2013-08-19,Revenues,2026-08-25
DXCM,assets,2013-06-30,102300000,2013-08-19,Assets,2026-08-25
DXCM,cash,2013-06-30,28200000,2013-08-19,CashAndCashEquivalentsAtCarryingValue,2026-08-25
DXCM,debt,2013-06-30,7000000,2013-08-19,LongTermDebt,2026-08-25
DXCM,grossProfit,2013-06-30,21900000,2013-08-19,GrossProfit,2026-08-25
DXCM,inventory,2013-06-30,7300000,2013-08-19,InventoryNet,2026-08-25
DXCM,liabilities,2013-06-30,30000000,2013-08-19,Liabilities,2026-08-25
DXCM,netIncome,2013-06-30,-10100000,2013-08-19,NetIncomeLoss,2026-08-25
DXCM,operatingIncome,2013-06-30,-9900000,2013-08-19,OperatingIncomeLoss,2026-08-25
DXCM,revenue,2013-06-30,35800000,2013-08-19,Revenues,2026-08-25
DXCM,rnd,2013-06-30,11100000,2013-08-19,ResearchAndDevelopmentExpense,2026-08-25
DXCM,shares,2013-06-30,71200000,2013-08-19,CommonStockSharesOutstanding,2026-08-25
EBAY,assets,2013-06-30,38550000000,2013-08-19,Assets,2026-08-25
EBAY,cash,2013-06-30,6855000000,2013-08-19,CashAndCashEquivalentsAtCarryingValue,2026-08-25
EBAY,equity,2013-06-30,21651000000,2013-08-19,StockholdersEquity,2026-08-25
EBAY,grossProfit,2013-06-30,2666000000,2013-08-19,GrossProfit,2026-08-25
EBAY,liabilities,2013-06-30,16899000000,2013-08-19,Liabilities,2026-08-25
EBAY,netIncome,2013-06-30,640000000,2013-08-19,NetIncomeLoss,2026-08-25
EBAY,operatingIncome,2013-06-30,750000000,2013-08-19,OperatingIncomeLoss,2026-08-25
EBAY,receivables,2013-06-30,743000000,2013-08-19,AccountsReceivableNetCurrent,2026-08-25
EBAY,revenue,2013-06-30,3877000000,2013-08-19,SalesRevenueNet,2026-08-25
EBAY,rnd,2013-06-30,451000000,2013-08-19,ResearchAndDevelopmentExpense,2026-08-25
EBAY,shares,2013-06-30,1294000000,2013-08-19,CommonStockSharesOutstanding,2026-08-25
ECHO,assets,2013-06-30,6506327000,2013-08-19,Assets,2026-08-25
ECHO,capex,2013-06-30,85652000,2013-08-19,PaymentsToAcquirePropertyPlantAndEquipment,2026-08-25
ECHO,cash,2013-06-30,700134000,2013-08-19,CashAndCashEquivalentsAtCarryingValue,2026-08-25
ECHO,equity,2013-06-30,3166629000,2013-08-19,StockholdersEquity,2026-08-25
ECHO,inventory,2013-06-30,77390000,2013-08-19,InventoryNet,2026-08-25
ECHO,liabilities,2013-06-30,3331236000,2013-08-19,Liabilities,2026-08-25
ECHO,netIncome,2013-06-30,-9759000,2013-08-19,NetIncomeLoss,2026-08-25
ECHO,operatingIncome,2013-06-30,6088000,2013-08-19,OperatingIncomeLoss,2026-08-25
ECHO,receivables,2013-06-30,179522000,2013-08-19,AccountsReceivableNetCurrent,2026-08-25
ECHO,revenue,2013-06-30,830003000,2013-08-19,SalesRevenueNet,2026-08-25
ECHO,rnd,2013-06-30,16354000,2013-08-19,ResearchAndDevelopmentExpense,2026-08-25
ECL,assets,2013-06-30,19654300000,2013-08-19,Assets,2026-08-25
ECL,cash,2013-06-30,375200000,2013-08-19,CashAndCashEquivalentsAtCarryingValue,2026-08-25
ECL,equity,2013-06-30,6667500000,2013-08-19,StockholdersEquity,2026-08-25
ECL,inventory,2013-06-30,1373300000,2013-08-19,InventoryNet,2026-08-25
ECL,liabilities,2013-06-30,12915600000,2013-08-19,Liabilities,2026-08-25
ECL,operatingIncome,2013-06-30,352300000,2013-08-19,OperatingIncomeLoss,2026-08-25
ECL,receivables,2013-06-30,2436300000,2013-08-19,AccountsReceivableNetCurrent,2026-08-25
ECL,revenue,2013-06-30,3337800000,2013-08-19,SalesRevenueNet,2026-08-25
ECL,shares,2013-06-30,301400000,2013-08-19,CommonStockSharesOutstanding,2026-08-25
ED,assets,2013-06-30,41922000000,2013-08-19,Assets,2026-08-25
ED,cash,2013-06-30,747000000,2013-08-19,CashAndCashEquivalentsAtCarryingValue,2026-08-25
ED,debt,2013-06-30,10494000000,2013-08-19,LongTermDebtNoncurrent,2026-08-25
ED,equity,2013-06-30,11883000000,2013-08-19,StockholdersEquity,2026-08-25
ED,netIncome,2013-06-30,172000000,2013-08-19,NetIncomeLoss,2026-08-25
ED,operatingIncome,2013-06-30,386000000,2013-08-19,OperatingIncomeLoss,2026-08-25
ED,receivables,2013-06-30,1211000000,2013-08-19,AccountsReceivableNetCurrent,2026-08-25
ED,revenue,2013-06-30,2818000000,2013-08-19,Revenues,2026-08-25
EFX,assets,2013-06-30,4373600000,2013-08-19,Assets,2026-08-25
EFX,cash,2013-06-30,104900000,2013-08-19,CashAndCashEquivalentsAtCarryingValue,2026-08-25
EFX,debt,2013-06-30,1429100000,2013-08-19,LongTermDebtNoncurrent,2026-08-25
EFX,equity,2013-06-30,2096300000,2013-08-19,StockholdersEquity,2026-08-25
EFX,liabilities,2013-06-30,2253600000,2013-08-19,Liabilities,2026-08-25
EFX,netIncome,2013-06-30,90500000,2013-08-19,NetIncomeLoss,2026-08-25
EFX,operatingIncome,2013-06-30,158100000,2013-08-19,OperatingIncomeLoss,2026-08-25
EFX,receivables,2013-06-30,318500000,2013-08-19,AccountsReceivableNetCurrent,2026-08-25
EFX,shares,2013-06-30,121300000,2013-08-19,CommonStockSharesOutstanding,2026-08-25
EG,assets,2013-06-30,19559048000,2013-08-19,Assets,2026-08-25
EG,buybacks,2013-06-30,211323000,2013-08-19,PaymentsForRepurchaseOfCommonStock,2026-08-25
EG,cash,2013-06-30,439136000,2013-08-19,CashAndCashEquivalentsAtCarryingValue,2026-08-25
EG,equity,2013-06-30,6622800000,2013-08-19,StockholdersEquity,2026-08-25
EG,liabilities,2013-06-30,12936248000,2013-08-19,Liabilities,2026-08-25
EG,netIncome,2013-06-30,275642000,2013-08-19,NetIncomeLoss,2026-08-25
EG,operatingCashFlow,2013-06-30,170175000,2013-08-19,NetCashProvidedByUsedInOperatingActivities,2026-08-25
EG,revenue,2013-06-30,1354543000,2013-08-19,Revenues,2026-08-25
EG,shares,2013-06-30,67812000,2013-08-19,CommonStockSharesOutstanding,2026-08-25
EIX,assets,2013-06-30,45027000000,2013-08-19,Assets,2026-08-25
EIX,cash,2013-06-30,148000000,2013-08-19,CashAndCashEquivalentsAtCarryingValue,2026-08-25
EIX,debt,2013-06-30,8830000000,2013-08-19,LongTermDebtNoncurrent,2026-08-25
EIX,inventory,2013-06-30,267000000,2013-08-19,InventoryNet,2026-08-25
EIX,liabilities,2013-06-30,33919000000,2013-08-19,Liabilities,2026-08-25
EIX,netIncome,2013-06-30,-94000000,2013-08-19,NetIncomeLoss,2026-08-25
EIX,operatingIncome,2013-06-30,-71000000,2013-08-19,OperatingIncomeLoss,2026-08-25
EIX,revenue,2013-06-30,3046000000,2013-08-19,Revenues,2026-08-25
EIX,shares,2013-06-30,325811206,2013-08-19,CommonStockSharesOutstanding,2026-08-25
EL,assets,2013-06-30,7145200000,2013-08-19,Assets,2026-08-25
EL,cash,2013-06-30,1495700000,2013-08-19,CashAndCashEquivalentsAtCarryingValue,2026-08-25
EL,equity,2013-06-30,3286900000,2013-08-19,StockholdersEquity,2026-08-25
EL,grossProfit,2013-06-30,1931800000,2013-08-19,GrossProfit,2026-08-25
EL,inventory,2013-06-30,1113900000,2013-08-19,InventoryNet,2026-08-25
EL,netIncome,2013-06-30,94000000,2013-08-19,NetIncomeLoss,2026-08-25
EL,operatingIncome,2013-06-30,145800000,2013-08-19,OperatingIncomeLoss,2026-08-25
EL,receivables,2013-06-30,1171700000,2013-08-19,AccountsReceivableNetCurrent,2026-08-25
EL,revenue,2013-06-30,2407400000,2013-08-19,SalesRevenueNet,2026-08-25
ELV,assets,2013-06-30,59612300000,2013-08-19,Assets,2026-08-25
ELV,cash,2013-06-30,1342600000,2013-08-19,CashAndCashEquivalentsAtCarryingValue,2026-08-25
ELV,debt,2013-06-30,14091500000,2013-08-19,LongTermDebtNoncurrent,2026-08-25
ELV,equity,2013-06-30,24532500000,2013-08-19,StockholdersEquity,2026-08-25
ELV,liabilities,2013-06-30,35079800000,2013-08-19,Liabilities,2026-08-25
ELV,netIncome,2013-06-30,800100000,2013-08-19,NetIncomeLoss,2026-08-25
ELV,operatingIncome,2013-06-30,1223700000,2013-08-19,OperatingIncomeLoss,2026-08-25
ELV,revenue,2013-06-30,17690300000,2013-08-19,Revenues,2026-08-25
ELV,shares,2013-06-30,299346446,2013-08-19,CommonStockSharesOutstanding,2026-08-25
EME,assets,2013-06-30,3105336000,2013-08-19,Assets,2026-08-25
EME,cash,2013-06-30,530385000,2013-08-19,CashAndCashEquivalentsAtCarryingValue,2026-08-25
EME,equity,2013-06-30,1396400000,2013-08-19,StockholdersEquity,2026-08-25
EME,grossProfit,2013-06-30,186338000,2013-08-19,GrossProfit,2026-08-25
EME,liabilities,2013-06-30,1697876000,2013-08-19,Liabilities,2026-08-25
EME,netIncome,2013-06-30,21014000,2013-08-19,NetIncomeLoss,2026-08-25
EME,operatingIncome,2013-06-30,36099000,2013-08-19,OperatingIncomeLoss,2026-08-25
EME,receivables,2013-06-30,1293160000,2013-08-19,AccountsReceivableNetCurrent,2026-08-25
EME,revenue,2013-06-30,1556753000,2013-08-19,Revenues,2026-08-25
EME,shares,2013-06-30,67077160,2013-08-19,CommonStockSharesOutstanding,2026-08-25
EMR,assets,2013-06-30,23513000000,2013-08-19,Assets,2026-08-25
EMR,cash,2013-06-30,2810000000,2013-08-19,CashAndCashEquivalentsAtCarryingValue,2026-08-25
EMR,debt,2013-06-30,4059000000,2013-08-19,LongTermDebtNoncurrent,2026-08-25
EMR,equity,2013-06-30,10116000000,2013-08-19,StockholdersEquity,2026-08-25
EMR,grossProfit,2013-06-30,2568000000,2013-08-19,GrossProfit,2026-08-25
EMR,inventory,2013-06-30,2304000000,2013-08-19,InventoryNet,2026-08-25
EMR,netIncome,2013-06-30,194000000,2013-08-19,NetIncomeLoss,2026-08-25
EMR,receivables,2013-06-30,4725000000,2013-08-19,AccountsReceivableNetCurrent,2026-08-25
EMR,revenue,2013-06-30,6344000000,2013-08-19,SalesRevenueNet,2026-08-25
EMR,shares,2013-06-30,715829171,2013-08-19,CommonStockSharesOutstanding,2026-08-25
EOG,assets,2013-06-30,29077152000,2013-08-19,Assets,2026-08-25
EOG,cash,2013-06-30,1228016000,2013-08-19,CashAndCashEquivalentsAtCarryingValue,2026-08-25
EOG,debt,2013-06-30,5906210000,2013-08-19,LongTermDebtNoncurrent,2026-08-25
EOG,netIncome,2013-06-30,659692000,2013-08-19,NetIncomeLoss,2026-08-25
EOG,operatingIncome,2013-06-30,1092044000,2013-08-19,OperatingIncomeLoss,2026-08-25
EOG,receivables,2013-06-30,1808954000,2013-08-19,AccountsReceivableNetCurrent,2026-08-25
EOG,revenue,2013-06-30,3840185000,2013-08-19,Revenues,2026-08-25
EQIX,assets,2013-06-30,7077849000,2013-08-19,Assets,2026-08-25
EQIX,capex,2013-06-30,125823000,2013-08-19,PaymentsToAcquireProductiveAssets,2026-08-25
EQIX,cash,2013-06-30,517496000,2013-08-19,CashAndCashEquivalentsAtCarryingValue,2026-08-25
EQIX,debt,2013-06-30,3171544000,2013-08-19,LongTermDebt,2026-08-25
EQIX,equity,2013-06-30,2311875000,2013-08-19,StockholdersEquity,2026-08-25
EQIX,grossProfit,2013-06-30,261762000,2013-08-19,GrossProfit,2026-08-25
EQIX,liabilities,2013-06-30,4669360000,2013-08-19,Liabilities,2026-08-25
EQIX,netIncome,2013-06-30,-25816000,2013-08-19,NetIncomeLoss,2026-08-25
EQIX,operatingIncome,2013-06-30,115963000,2013-08-19,OperatingIncomeLoss,2026-08-25
EQIX,receivables,2013-06-30,201336000,2013-08-19,AccountsReceivableNetCurrent,2026-08-25
EQIX,revenue,2013-06-30,528871000,2013-08-19,Revenues,2026-08-25
EQT,assets,2013-06-30,9054275000,2013-08-19,Assets,2026-08-25
EQT,capex,2013-06-30,485323000,2013-08-19,PaymentsToAcquireProductiveAssets,2026-08-25
EQT,cash,2013-06-30,16700000,2013-08-19,CashAndCashEquivalentsAtCarryingValue,2026-08-25
EQT,debt,2013-06-30,2499074000,2013-08-19,LongTermDebtNoncurrent,2026-08-25
EQT,equity,2013-06-30,3811076000,2013-08-19,StockholdersEquity,2026-08-25
EQT,liabilities,2013-06-30,4952050000,2013-08-19,Liabilities,2026-08-25
EQT,operatingIncome,2013-06-30,161980000,2013-08-19,OperatingIncomeLoss,2026-08-25
EQT,receivables,2013-06-30,237372000,2013-08-19,AccountsReceivableNetCurrent,2026-08-25
ERIE,assets,2013-06-30,15879000000,2013-08-19,Assets,2026-08-25
ERIE,cash,2013-06-30,365000000,2013-08-19,CashAndCashEquivalentsAtCarryingValue,2026-08-25
ERIE,equity,2013-06-30,647000000,2013-08-19,StockholdersEquity,2026-08-25
ERIE,liabilities,2013-06-30,8911000000,2013-08-19,Liabilities,2026-08-25
ERIE,netIncome,2013-06-30,44000000,2013-08-19,NetIncomeLoss,2026-08-25
ERIE,revenue,2013-06-30,1426000000,2013-08-19,Revenues,2026-08-25
ES,assets,2013-06-30,28196892000,2013-08-19,Assets,2026-08-25
ES,debt,2013-06-30,7651396000,2013-08-19,LongTermDebtNoncurrent,2026-08-25
ES,equity,2013-06-30,9406612000,2013-08-19,StockholdersEquity,2026-08-25
ES,netIncome,2013-06-30,173100000,2013-08-19,NetIncomeLoss,2026-08-25
ES,operatingIncome,2013-06-30,350600000,2013-08-19,OperatingIncomeLoss,2026-08-25
ES,receivables,2013-06-30,789410000,2013-08-19,AccountsReceivableNetCurrent,2026-08-25
ES,revenue,2013-06-30,1635900000,2013-08-19,Revenues,2026-08-25
ESS,assets,2013-06-30,5058998000,2013-08-19,Assets,2026-08-25
ESS,cash,2013-06-30,20217000,2013-08-19,CashAndCashEquivalentsAtCarryingValue,2026-08-25
ESS,equity,2013-06-30,1858155000,2013-08-19,StockholdersEquity,2026-08-25
ESS,liabilities,2013-06-30,3084605000,2013-08-19,Liabilities,2026-08-25
ESS,netIncome,2013-06-30,26314000,2013-08-19,NetIncomeLoss,2026-08-25
ESS,operatingIncome,2013-06-30,48089000,2013-08-19,OperatingIncomeLoss,2026-08-25
ESS,revenue,2013-06-30,150815000,2013-08-19,SalesRevenueNet,2026-08-25
ESS,shares,2013-06-30,37317622000,2013-08-19,CommonStockSharesOutstanding,2026-08-25
ETN,assets,2013-06-30,35257000000,2013-08-19,Assets,2026-08-25
ETN,cash,2013-06-30,628000000,2013-08-19,CashAndCashEquivalentsAtCarryingValue,2026-08-25
ETN,debt,2013-06-30,9644000000,2013-08-19,LongTermDebt,2026-08-25
ETN,equity,2013-06-30,15388000000,2013-08-19,StockholdersEquity,2026-08-25
ETN,inventory,2013-06-30,2405000000,2013-08-19,InventoryNet,2026-08-25
ETN,operatingIncome,2013-06-30,842000000,2013-08-19,OperatingIncomeLoss,2026-08-25
ETN,revenue,2013-06-30,5602000000,2013-08-19,SalesRevenueNet,2026-08-25
ETN,rnd,2013-06-30,161000000,2013-08-19,ResearchAndDevelopmentExpense,2026-08-25
ETR,assets,2013-06-30,43262285000,2013-08-19,Assets,2026-08-25
ETR,cash,2013-06-30,311372000,2013-08-19,CashAndCashEquivalentsAtCarryingValue,2026-08-25
ETR,debt,2013-06-30,12094752000,2013-08-19,LongTermDebtNoncurrent,2026-08-25
ETR,equity,2013-06-30,9274517000,2013-08-19,StockholdersEquity,2026-08-25
ETR,netIncome,2013-06-30,163723000,2013-08-19,NetIncomeLoss,2026-08-25
ETR,operatingIncome,2013-06-30,346512000,2013-08-19,OperatingIncomeLoss,2026-08-25
ETR,receivables,2013-06-30,1222433000,2013-08-19,AccountsReceivableNetCurrent,2026-08-25
ETR,revenue,2013-06-30,2738208000,2013-08-19,Revenues,2026-08-25
EW,assets,2013-06-30,2339700000,2013-08-19,Assets,2026-08-25
EW,cash,2013-06-30,372700000,2013-08-19,CashAndCashEquivalentsAtCarryingValue,2026-08-25
EW,equity,2013-06-30,1579800000,2013-08-19,StockholdersEquity,2026-08-25
EW,grossProfit,2013-06-30,393600000,2013-08-19,GrossProfit,2026-08-25
EW,inventory,2013-06-30,299500000,2013-08-19,InventoryNet,2026-08-25
EW,revenue,2013-06-30,517200000,2013-08-19,SalesRevenueNet,2026-08-25
EW,rnd,2013-06-30,80500000,2013-08-19,ResearchAndDevelopmentExpense,2026-08-25
EW,shares,2013-06-30,112200000,2013-08-19,CommonStockSharesOutstanding,2026-08-25
EXC,assets,2013-06-30,78420000000,2013-08-19,Assets,2026-08-25
EXC,cash,2013-06-30,991000000,2013-08-19,CashAndCashEquivalentsAtCarryingValue,2026-08-25
EXC,debt,2013-06-30,16121000000,2013-08-19,LongTermDebtNoncurrent,2026-08-25
EXC,equity,2013-06-30,21353000000,2013-08-19,StockholdersEquity,2026-08-25
EXC,liabilities,2013-06-30,56832000000,2013-08-19,Liabilities,2026-08-25
EXC,operatingIncome,2013-06-30,1005000000,2013-08-19,OperatingIncomeLoss,2026-08-25
EXC,receivables,2013-06-30,2609000000,2013-08-19,AccountsReceivableNetCurrent,2026-08-25
EXC,revenue,2013-06-30,6141000000,2013-08-19,Revenues,2026-08-25
EXC,shares,2013-06-30,856563385,2013-08-19,CommonStockSharesOutstanding,2026-08-25
EXE,assets,2013-06-30,42145000000,2013-08-19,Assets,2026-08-25
EXE,cash,2013-06-30,677000000,2013-08-19,CashAndCashEquivalentsAtCarryingValue,2026-08-25
EXE,debt,2013-06-30,13057000000,2013-08-19,LongTermDebtNoncurrent,2026-08-25
EXE,equity,2013-06-30,16035000000,2013-08-19,StockholdersEquity,2026-08-25
EXE,netIncome,2013-06-30,580000000,2013-08-19,NetIncomeLoss,2026-08-25
EXE,operatingIncome,2013-06-30,1167000000,2013-08-19,OperatingIncomeLoss,2026-08-25
EXE,receivables,2013-06-30,2417000000,2013-08-19,AccountsReceivableNetCurrent,2026-08-25
EXE,revenue,2013-06-30,4675000000,2013-08-19,Revenues,2026-08-25
EXPD,assets,2013-06-30,3063665000,2013-08-19,Assets,2026-08-25
EXPD,buybacks,2013-06-30,21600000,2013-08-19,PaymentsForRepurchaseOfCommonStock,2026-08-25
EXPD,capex,2013-06-30,17141000,2013-08-19,PaymentsToAcquireProductiveAssets,2026-08-25
EXPD,cash,2013-06-30,1286109000,2013-08-19,CashAndCashEquivalentsAtCarryingValue,2026-08-25
EXPD,equity,2013-06-30,2119841000,2013-08-19,StockholdersEquity,2026-08-25
EXPD,netIncome,2013-06-30,92315000,2013-08-19,NetIncomeLoss,2026-08-25
EXPD,operatingCashFlow,2013-06-30,84026000,2013-08-19,NetCashProvidedByUsedInOperatingActivities,2026-08-25
EXPD,operatingIncome,2013-06-30,143579000,2013-08-19,OperatingIncomeLoss,2026-08-25
EXPD,receivables,2013-06-30,1018337000,2013-08-19,AccountsReceivableNetCurrent,2026-08-25
EXPD,revenue,2013-06-30,1503224000,2013-08-19,Revenues,2026-08-25
EXPD,shares,2013-06-30,206321425,2013-08-19,CommonStockSharesOutstanding,2026-08-25
EXPE,assets,2013-06-30,8744096000,2013-08-19,Assets,2026-08-25
EXPE,cash,2013-06-30,1311817000,2013-08-19,CashAndCashEquivalentsAtCarryingValue,2026-08-25
EXPE,debt,2013-06-30,1249378000,2013-08-19,LongTermDebtNoncurrent,2026-08-25
EXPE,equity,2013-06-30,2227804000,2013-08-19,StockholdersEquity,2026-08-25
EXPE,netIncome,2013-06-30,71500000,2013-08-19,NetIncomeLoss,2026-08-25
EXPE,operatingIncome,2013-06-30,94286000,2013-08-19,OperatingIncomeLoss,2026-08-25
EXPE,receivables,2013-06-30,684875000,2013-08-19,AccountsReceivableNetCurrent,2026-08-25
EXPE,revenue,2013-06-30,1205017000,2013-08-19,SalesRevenueNet,2026-08-25
EXR,assets,2013-06-30,3432616000,2013-08-19,Assets,2026-08-25
EXR,cash,2013-06-30,206932000,2013-08-19,CashAndCashEquivalentsAtCarryingValue,2026-08-25
EXR,equity,2013-06-30,1530406000,2013-08-19,StockholdersEquity,2026-08-25
EXR,liabilities,2013-06-30,1842825000,2013-08-19,Liabilities,2026-08-25
EXR,netIncome,2013-06-30,34466000,2013-08-19,NetIncomeLoss,2026-08-25
EXR,operatingIncome,2013-06-30,53375000,2013-08-19,OperatingIncomeLoss,2026-08-25
EXR,shares,2013-06-30,111223460,2013-08-19,CommonStockSharesOutstanding,2026-08-25
F,assets,2013-06-30,195004000000,2013-08-19,Assets,2026-08-25
F,cash,2013-06-30,13362000000,2013-08-19,CashAndCashEquivalentsAtCarryingValue,2026-08-25
F,equity,2013-06-30,18880000000,2013-08-19,StockholdersEquity,2026-08-25
F,inventory,2013-06-30,8192000000,2013-08-19,InventoryNet,2026-08-25
F,liabilities,2013-06-30,176661000000,2013-08-19,Liabilities,2026-08-25
F,netIncome,2013-06-30,1233000000,2013-08-19,NetIncomeLoss,2026-08-25
F,revenue,2013-06-30,37923000000,2013-08-19,Revenues,2026-08-25
FANG,assets,2013-06-30,798639000,2013-08-19,Assets,2026-08-25
FANG,cash,2013-06-30,81898000,2013-08-19,CashAndCashEquivalentsAtCarryingValue,2026-08-25
FANG,equity,2013-06-30,627609000,2013-08-19,StockholdersEquity,2026-08-25
FANG,inventory,2013-06-30,6271000,2013-08-19,InventoryNet,2026-08-25
FANG,liabilities,2013-06-30,171030000,2013-08-19,Liabilities,2026-08-25
FANG,netIncome,2013-06-30,14471000,2013-08-19,NetIncomeLoss,2026-08-25
FANG,operatingIncome,2013-06-30,19383000,2013-08-19,OperatingIncomeLoss,2026-08-25
FANG,shares,2013-06-30,42161532,2013-08-19,CommonStockSharesOutstanding,2026-08-25
FAST,assets,2013-06-30,1993443000,2013-08-19,Assets,2026-08-25
FAST,cash,2013-06-30,122853000,2013-08-19,CashAndCashEquivalentsAtCarryingValue,2026-08-25
FAST,equity,2013-06-30,1706052000,2013-08-19,StockholdersEquity,2026-08-25
FAST,grossProfit,2013-06-30,442721000,2013-08-19,GrossProfit,2026-08-25
FAST,inventory,2013-06-30,725107000,2013-08-19,InventoryNet,2026-08-25
FAST,netIncome,2013-06-30,121009000,2013-08-19,NetIncomeLoss,2026-08-25
FAST,operatingIncome,2013-06-30,192214000,2013-08-19,OperatingIncomeLoss,2026-08-25
FAST,receivables,2013-06-30,436452000,2013-08-19,AccountsReceivableNetCurrent,2026-08-25
FAST,revenue,2013-06-30,847596000,2013-08-19,SalesRevenueNet,2026-08-25
FAST,shares,2013-06-30,296860119,2013-08-19,CommonStockSharesOutstanding,2026-08-25
FCX,assets,2013-06-30,63157000000,2013-08-19,Assets,2026-08-25
FCX,capex,2013-06-30,1173000000,2013-08-19,PaymentsToAcquireProductiveAssets,2026-08-25
FCX,cash,2013-06-30,3294000000,2013-08-19,CashAndCashEquivalentsAtCarryingValue,2026-08-25
FCX,debt,2013-06-30,21142000000,2013-08-19,LongTermDebtNoncurrent,2026-08-25
FCX,equity,2013-06-30,19878000000,2013-08-19,StockholdersEquity,2026-08-25
FCX,inventory,2013-06-30,4946000000,2013-08-19,InventoryNet,2026-08-25
FCX,liabilities,2013-06-30,38508000000,2013-08-19,Liabilities,2026-08-25
FCX,operatingIncome,2013-06-30,639000000,2013-08-19,OperatingIncomeLoss,2026-08-25
FCX,receivables,2013-06-30,1244000000,2013-08-19,AccountsReceivableNetCurrent,2026-08-25
FCX,revenue,2013-06-30,4288000000,2013-08-19,SalesRevenueNet,2026-08-25
FDS,assets,2013-05-31,735330000,2013-07-20,Assets,2026-08-25
FDS,capex,2013-05-31,4204000,2013-07-20,PaymentsToAcquirePropertyPlantAndEquipment,2026-08-25
FDS,cash,2013-05-31,242839000,2013-07-20,CashAndCashEquivalentsAtCarryingValue,2026-08-25
FDS,equity,2013-05-31,603289000,2013-07-20,StockholdersEquity,2026-08-25
FDS,liabilities,2013-05-31,132041000,2013-07-20,Liabilities,2026-08-25
FDS,netIncome,2013-05-31,53367000,2013-07-20,NetIncomeLoss,2026-08-25
FDS,operatingIncome,2013-05-31,71637000,2013-07-20,OperatingIncomeLoss,2026-08-25
FDS,receivables,2013-05-31,69143000,2013-07-20,AccountsReceivableNetCurrent,2026-08-25
FDS,revenue,2013-05-31,214613000,2013-07-20,Revenues,2026-08-25
FDS,shares,2013-05-31,44038000,2013-07-20,CommonStockSharesOutstanding,2026-08-25
FDX,assets,2013-05-31,33567000000,2013-07-20,Assets,2026-08-25
FDX,cash,2013-05-31,4917000000,2013-07-20,CashAndCashEquivalentsAtCarryingValue,2026-08-25
FDX,debt,2013-05-31,3000000000,2013-07-20,LongTermDebt,2026-08-25
FDX,equity,2013-05-31,17398000000,2013-07-20,StockholdersEquity,2026-08-25
FDX,netIncome,2013-05-31,303000000,2013-07-20,NetIncomeLoss,2026-08-25
FDX,operatingIncome,2013-05-31,502000000,2013-07-20,OperatingIncomeLoss,2026-08-25
FDX,revenue,2013-05-31,11435000000,2013-07-20,Revenues,2026-08-25
FE,assets,2013-06-30,50157000000,2013-08-19,Assets,2026-08-25
FE,capex,2013-06-30,586000000,2013-08-19,PaymentsToAcquireProductiveAssets,2026-08-25
FE,cash,2013-06-30,71000000,2013-08-19,CashAndCashEquivalentsAtCarryingValue,2026-08-25
FE,equity,2013-06-30,12799000000,2013-08-19,StockholdersEquity,2026-08-25
FE,inventory,2013-06-30,806000000,2013-08-19,InventoryNet,2026-08-25
FE,netIncome,2013-06-30,-164000000,2013-08-19,NetIncomeLoss,2026-08-25
FE,operatingIncome,2013-06-30,54000000,2013-08-19,OperatingIncomeLoss,2026-08-25
FE,receivables,2013-06-30,1646000000,2013-08-19,AccountsReceivableNetCurrent,2026-08-25
FE,revenue,2013-06-30,3507000000,2013-08-19,Revenues,2026-08-25
FE,shares,2013-06-30,418216437,2013-08-19,CommonStockSharesOutstanding,2026-08-25
FFIV,assets,2013-06-30,2147803000,2013-08-19,Assets,2026-08-25
FFIV,cash,2013-06-30,198280000,2013-08-19,CashAndCashEquivalentsAtCarryingValue,2026-08-25
FFIV,grossProfit,2013-06-30,305385000,2013-08-19,GrossProfit,2026-08-25
FFIV,inventory,2013-06-30,18260000,2013-08-19,InventoryNet,2026-08-25
FFIV,netIncome,2013-06-30,68178000,2013-08-19,NetIncomeLoss,2026-08-25
FFIV,operatingIncome,2013-06-30,104077000,2013-08-19,OperatingIncomeLoss,2026-08-25
FFIV,receivables,2013-06-30,205138000,2013-08-19,AccountsReceivableNetCurrent,2026-08-25
FFIV,revenue,2013-06-30,370302000,2013-08-19,SalesRevenueNet,2026-08-25
FFIV,rnd,2013-06-30,54075000,2013-08-19,ResearchAndDevelopmentExpense,2026-08-25
FFIV,shares,2013-06-30,78305000,2013-08-19,CommonStockSharesOutstanding,2026-08-25
FICO,assets,2013-06-30,1164143000,2013-08-19,Assets,2026-08-25
FICO,cash,2013-06-30,93019000,2013-08-19,CashAndCashEquivalentsAtCarryingValue,2026-08-25
FICO,equity,2013-06-30,515237000,2013-08-19,StockholdersEquity,2026-08-25
FICO,grossProfit,2013-06-30,126117000,2013-08-19,GrossProfit,2026-08-25
FICO,liabilities,2013-06-30,648906000,2013-08-19,Liabilities,2026-08-25
FICO,netIncome,2013-06-30,19622000,2013-08-19,NetIncomeLoss,2026-08-25
FICO,operatingIncome,2013-06-30,35208000,2013-08-19,OperatingIncomeLoss,2026-08-25
FICO,receivables,2013-06-30,132717000,2013-08-19,AccountsReceivableNetCurrent,2026-08-25
FICO,revenue,2013-06-30,183772000,2013-08-19,SalesRevenueNet,2026-08-25
FICO,rnd,2013-06-30,18570000,2013-08-19,ResearchAndDevelopmentExpense,2026-08-25
FICO,shares,2013-06-30,35178000,2013-08-19,CommonStockSharesOutstanding,2026-08-25
FIS,assets,2013-06-30,13750100000,2013-08-19,Assets,2026-08-25
FIS,capex,2013-06-30,83500000,2013-08-19,PaymentsToAcquireProductiveAssets,2026-08-25
FIS,cash,2013-06-30,653100000,2013-08-19,CashAndCashEquivalentsAtCarryingValue,2026-08-25
FIS,debt,2013-06-30,4672700000,2013-08-19,LongTermDebtNoncurrent,2026-08-25
FIS,equity,2013-06-30,6598600000,2013-08-19,StockholdersEquity,2026-08-25
FIS,grossProfit,2013-06-30,481300000,2013-08-19,GrossProfit,2026-08-25
FIS,liabilities,2013-06-30,6999900000,2013-08-19,Liabilities,2026-08-25
FIS,netIncome,2013-06-30,104800000,2013-08-19,NetIncomeLoss,2026-08-25
FIS,operatingIncome,2013-06-30,248700000,2013-08-19,OperatingIncomeLoss,2026-08-25
FIS,receivables,2013-06-30,948500000,2013-08-19,AccountsReceivableNetCurrent,2026-08-25
FISV,assets,2013-06-30,9434000000,2013-08-19,Assets,2026-08-25
FISV,cash,2013-06-30,320000000,2013-08-19,CashAndCashEquivalentsAtCarryingValue,2026-08-25
FISV,equity,2013-06-30,3463000000,2013-08-19,StockholdersEquity,2026-08-25
FISV,liabilities,2013-06-30,5971000000,2013-08-19,Liabilities,2026-08-25
FISV,netIncome,2013-06-30,151000000,2013-08-19,NetIncomeLoss,2026-08-25
FISV,operatingIncome,2013-06-30,273000000,2013-08-19,OperatingIncomeLoss,2026-08-25
FISV,receivables,2013-06-30,691000000,2013-08-19,AccountsReceivableNetCurrent,2026-08-25
FISV,revenue,2013-06-30,1198000000,2013-08-19,Revenues,2026-08-25
FITB,assets,2013-06-30,123360000000,2013-08-19,Assets,2026-08-25
FITB,debt,2013-06-30,6940000000,2013-08-19,LongTermDebt,2026-08-25
FITB,equity,2013-06-30,14239000000,2013-08-19,StockholdersEquity,2026-08-25
FITB,liabilities,2013-06-30,109083000000,2013-08-19,Liabilities,2026-08-25
FITB,netIncome,2013-06-30,591000000,2013-08-19,NetIncomeLoss,2026-08-25
FITB,shares,2013-06-30,851473955.42,2013-08-19,CommonStockSharesOutstanding,2026-08-25
FIX,assets,2013-06-30,595246000,2013-08-19,Assets,2026-08-25
FIX,buybacks,2013-06-30,510000,2013-08-19,PaymentsForRepurchaseOfCommonStock,2026-08-25
FIX,capex,2013-06-30,4029000,2013-08-19,PaymentsToAcquirePropertyPlantAndEquipment,2026-08-25
FIX,cash,2013-06-30,23346000,2013-08-19,CashAndCashEquivalentsAtCarryingValue,2026-08-25
FIX,debt,2013-06-30,2100000,2013-08-19,LongTermDebtNoncurrent,2026-08-25
FIX,equity,2013-06-30,278538000,2013-08-19,StockholdersEquity,2026-08-25
FIX,grossProfit,2013-06-30,59967000,2013-08-19,GrossProfit,2026-08-25
FIX,inventory,2013-06-30,9651000,2013-08-19,InventoryNet,2026-08-25
FIX,liabilities,2013-06-30,299092000,2013-08-19,Liabilities,2026-08-25
FIX,operatingCashFlow,2013-06-30,6700000,2013-08-19,NetCashProvidedByUsedInOperatingActivities,2026-08-25
FIX,operatingIncome,2013-06-30,14379000,2013-08-19,OperatingIncomeLoss,2026-08-25
FIX,receivables,2013-06-30,291828000,2013-08-19,AccountsReceivableNetCurrent,2026-08-25
FIX,revenue,2013-06-30,351053000,2013-08-19,SalesRevenueNet,2026-08-25
FLEX,assets,2013-06-28,11168924000,2013-08-17,Assets,2026-08-25
FLEX,buybacks,2013-06-28,215210000,2013-08-17,PaymentsForRepurchaseOfCommonStock,2026-08-25
FLEX,capex,2013-06-28,144737000,2013-08-17,PaymentsToAcquirePropertyPlantAndEquipment,2026-08-25
FLEX,cash,2013-06-28,1279574000,2013-08-17,CashAndCashEquivalentsAtCarryingValue,2026-08-25
FLEX,debt,2013-06-28,1650536000,2013-08-17,LongTermDebtNoncurrent,2026-08-25
FLEX,equity,2013-06-28,2088608000,2013-08-17,StockholdersEquity,2026-08-25
FLEX,grossProfit,2013-06-29,311035000,2013-08-18,GrossProfit,2026-08-25
FLEX,inventory,2013-06-28,3152397000,2013-08-17,InventoryNet,2026-08-25
FLEX,netIncome,2013-06-29,59257000,2013-08-18,NetIncomeLoss,2026-08-25
FLEX,operatingCashFlow,2013-06-28,198576000,2013-08-17,NetCashProvidedByUsedInOperatingActivities,2026-08-25
FLEX,receivables,2013-06-28,2480022000,2013-08-17,AccountsReceivableNetCurrent,2026-08-25
FLEX,revenue,2013-06-29,5791125000,2013-08-18,SalesRevenueNet,2026-08-25
FLEX,shares,2013-06-28,617359055,2013-08-17,CommonStockSharesOutstanding,2026-08-25
FRT,assets,2013-06-30,4085203000,2013-08-19,Assets,2026-08-25
FRT,cash,2013-06-30,108366000,2013-08-19,CashAndCashEquivalentsAtCarryingValue,2026-08-25
FRT,equity,2013-06-30,1360717000,2013-08-19,StockholdersEquity,2026-08-25
FRT,liabilities,2013-06-30,2607266000,2013-08-19,Liabilities,2026-08-25
FRT,netIncome,2013-06-30,37539000,2013-08-19,NetIncomeLoss,2026-08-25
FRT,operatingIncome,2013-06-30,63488000,2013-08-19,OperatingIncomeLoss,2026-08-25
FRT,revenue,2013-06-30,157388000,2013-08-19,Revenues,2026-08-25
FRT,shares,2013-06-30,65687234,2013-08-19,CommonStockSharesOutstanding,2026-08-25
FSLR,assets,2013-06-30,6868126000,2013-08-19,Assets,2026-08-25
FSLR,cash,2013-06-30,928657000,2013-08-19,CashAndCashEquivalentsAtCarryingValue,2026-08-25
FSLR,debt,2013-06-30,255764000,2013-08-19,LongTermDebt,2026-08-25
FSLR,grossProfit,2013-06-30,140098000,2013-08-19,GrossProfit,2026-08-25
FSLR,inventory,2013-06-30,334261000,2013-08-19,InventoryNet,2026-08-25
FSLR,liabilities,2013-06-30,2711388000,2013-08-19,Liabilities,2026-08-25
FSLR,netIncome,2013-06-30,33598000,2013-08-19,NetIncomeLoss,2026-08-25
FSLR,operatingIncome,2013-06-30,39096000,2013-08-19,OperatingIncomeLoss,2026-08-25
FSLR,receivables,2013-06-30,192580000,2013-08-19,AccountsReceivableNetCurrent,2026-08-25
FSLR,revenue,2013-06-30,519760000,2013-08-19,SalesRevenueNet,2026-08-25
FSLR,rnd,2013-06-30,30964000,2013-08-19,ResearchAndDevelopmentExpense,2026-08-25
FSLR,shares,2013-06-30,97629891,2013-08-19,CommonStockSharesOutstanding,2026-08-25
FTNT,assets,2013-06-30,1085746000,2013-08-19,Assets,2026-08-25
FTNT,cash,2013-06-30,123468000,2013-08-19,CashAndCashEquivalentsAtCarryingValue,2026-08-25
FTNT,equity,2013-06-30,567185000,2013-08-19,StockholdersEquity,2026-08-25
FTNT,grossProfit,2013-06-30,103720000,2013-08-19,GrossProfit,2026-08-25
FTNT,inventory,2013-06-30,33317000,2013-08-19,InventoryNet,2026-08-25
FTNT,liabilities,2013-06-30,518561000,2013-08-19,Liabilities,2026-08-25
FTNT,netIncome,2013-06-30,8979000,2013-08-19,NetIncomeLoss,2026-08-25
FTNT,operatingIncome,2013-06-30,13777000,2013-08-19,OperatingIncomeLoss,2026-08-25
FTNT,receivables,2013-06-30,108907000,2013-08-19,AccountsReceivableNetCurrent,2026-08-25
FTNT,revenue,2013-06-30,147428000,2013-08-19,SalesRevenueNet,2026-08-25
FTNT,rnd,2013-06-30,25158000,2013-08-19,ResearchAndDevelopmentExpense,2026-08-25
FTNT,shares,2013-06-30,162364000,2013-08-19,CommonStockSharesOutstanding,2026-08-25
GD,assets,2013-06-30,34731000000,2013-08-19,Assets,2026-08-25
GD,cash,2013-06-30,3757000000,2013-08-19,CashAndCashEquivalentsAtCarryingValue,2026-08-25
GD,debt,2013-06-30,3907000000,2013-08-19,LongTermDebtNoncurrent,2026-08-25
GD,equity,2013-06-30,11756000000,2013-08-19,StockholdersEquity,2026-08-25
GD,inventory,2013-06-30,2935000000,2013-08-19,InventoryNet,2026-08-25
GD,netIncome,2013-06-30,640000000,2013-08-19,NetIncomeLoss,2026-08-25
GD,operatingIncome,2013-06-30,961000000,2013-08-19,OperatingIncomeLoss,2026-08-25
GD,receivables,2013-06-30,4289000000,2013-08-19,AccountsReceivableNetCurrent,2026-08-25
GD,revenue,2013-06-30,7834000000,2013-08-19,Revenues,2026-08-25
GE,assets,2013-06-30,660541000000,2013-08-19,Assets,2026-08-25
GE,equity,2013-06-30,122509000000,2013-08-19,StockholdersEquity,2026-08-25
GE,inventory,2013-06-30,16762000000,2013-08-19,InventoryNet,2026-08-25
GE,liabilities,2013-06-30,531730000000,2013-08-19,Liabilities,2026-08-25
GE,netIncome,2013-06-30,3133000000,2013-08-19,NetIncomeLoss,2026-08-25
GE,operatingIncome,2013-06-30,5628000000,2013-08-19,OperatingIncomeLoss,2026-08-25
GE,receivables,2013-06-30,20181000000,2013-08-19,AccountsReceivableNetCurrent,2026-08-25
GE,revenue,2013-06-30,35059000000,2013-08-19,Revenues,2026-08-25
GE,shares,2013-06-30,10183781000,2013-08-19,CommonStockSharesOutstanding,2026-08-25
GEN,assets,2013-06-28,13151000000,2013-08-17,Assets,2026-08-25
GEN,buybacks,2013-06-28,125000000,2013-08-17,PaymentsForRepurchaseOfCommonStock,2026-08-25
GEN,capex,2013-06-28,61000000,2013-08-17,PaymentsToAcquirePropertyPlantAndEquipment,2026-08-25
GEN,cash,2013-06-28,3749000000,2013-08-17,CashAndCashEquivalentsAtCarryingValue,2026-08-25
GEN,debt,2013-06-28,2094000000,2013-08-17,LongTermDebtNoncurrent,2026-08-25
GEN,grossProfit,2013-06-28,1409000000,2013-08-17,GrossProfit,2026-08-25
GEN,inventory,2013-06-28,17000000,2013-08-17,InventoryNet,2026-08-25
GEN,liabilities,2013-06-28,7654000000,2013-08-17,Liabilities,2026-08-25
GEN,netIncome,2013-06-28,157000000,2013-08-17,NetIncomeLoss,2026-08-25
GEN,operatingCashFlow,2013-06-28,312000000,2013-08-17,NetCashProvidedByUsedInOperatingActivities,2026-08-25
GEN,operatingIncome,2013-06-28,224000000,2013-08-17,OperatingIncomeLoss,2026-08-25
GEN,receivables,2013-06-28,744000000,2013-08-17,AccountsReceivableNetCurrent,2026-08-25
GEN,revenue,2013-06-28,1709000000,2013-08-17,Revenues,2026-08-25
GEN,rnd,2013-06-28,262000000,2013-08-17,ResearchAndDevelopmentExpense,2026-08-25
GILD,assets,2013-06-30,22624374000,2013-08-19,Assets,2026-08-25
GILD,cash,2013-06-30,2202176000,2013-08-19,CashAndCashEquivalentsAtCarryingValue,2026-08-25
GILD,debt,2013-06-30,5849552000,2013-08-19,LongTermDebtNoncurrent,2026-08-25
GILD,equity,2013-06-30,11092000000,2013-08-19,StockholdersEquity,2026-08-25
GILD,grossProfit,2013-06-30,1973000000,2013-08-19,GrossProfit,2026-08-25
GILD,inventory,2013-06-30,1935147000,2013-08-19,InventoryNet,2026-08-25
GILD,netIncome,2013-06-30,773000000,2013-08-19,NetIncomeLoss,2026-08-25
GILD,operatingIncome,2013-06-30,1153838000,2013-08-19,OperatingIncomeLoss,2026-08-25
GILD,receivables,2013-06-30,1895913000,2013-08-19,AccountsReceivableNetCurrent,2026-08-25
GILD,revenue,2013-06-30,2767394000,2013-08-19,Revenues,2026-08-25
GILD,rnd,2013-06-30,523902000,2013-08-19,ResearchAndDevelopmentExpense,2026-08-25
GILD,shares,2013-06-30,1528890000,2013-08-19,CommonStockSharesOutstanding,2026-08-25
GIS,assets,2013-05-26,22658000000,2013-07-15,Assets,2026-08-25
GIS,cash,2013-05-26,741400000,2013-07-15,CashAndCashEquivalentsAtCarryingValue,2026-08-25
GIS,debt,2013-05-26,5926100000,2013-07-15,LongTermDebtNoncurrent,2026-08-25
GIS,equity,2013-05-26,6672200000,2013-07-15,StockholdersEquity,2026-08-25
GIS,grossProfit,2013-05-26,1530600000,2013-07-15,GrossProfit,2026-08-25
GIS,inventory,2013-05-26,1545500000,2013-07-15,InventoryNet,2026-08-25
GIS,liabilities,2013-05-26,14562000000,2013-07-15,Liabilities,2026-08-25
GIS,netIncome,2013-05-26,366300000,2013-07-15,NetIncomeLoss,2026-08-25
GL,assets,2013-06-30,18141273000,2013-08-19,Assets,2026-08-25
GL,cash,2013-06-30,44937000,2013-08-19,CashAndCashEquivalentsAtCarryingValue,2026-08-25
GL,debt,2013-06-30,990270000,2013-08-19,LongTermDebtNoncurrent,2026-08-25
GL,equity,2013-06-30,3822286000,2013-08-19,StockholdersEquity,2026-08-25
GL,liabilities,2013-06-30,14318987000,2013-08-19,Liabilities,2026-08-25
GL,netIncome,2013-06-30,133901000,2013-08-19,NetIncomeLoss,2026-08-25
GL,revenue,2013-06-30,950339000,2013-08-19,Revenues,2026-08-25
GLW,assets,2013-06-30,28389000000,2013-08-19,Assets,2026-08-25
GLW,cash,2013-06-30,4601000000,2013-08-19,CashAndCashEquivalentsAtCarryingValue,2026-08-25
GLW,equity,2013-06-30,21378000000,2013-08-19,StockholdersEquity,2026-08-25
GLW,grossProfit,2013-06-30,883000000,2013-08-19,GrossProfit,2026-08-25
GLW,inventory,2013-06-30,1240000000,2013-08-19,InventoryNet,2026-08-25
GLW,liabilities,2013-06-30,6935000000,2013-08-19,Liabilities,2026-08-25
GLW,netIncome,2013-06-30,638000000,2013-08-19,NetIncomeLoss,2026-08-25
GLW,operatingIncome,2013-06-30,424000000,2013-08-19,OperatingIncomeLoss,2026-08-25
GLW,receivables,2013-06-30,1296000000,2013-08-19,AccountsReceivableNetCurrent,2026-08-25
GLW,rnd,2013-06-30,62000000,2013-08-19,ResearchAndDevelopmentExpense,2026-08-25
GM,assets,2013-06-30,163110000000,2013-08-19,Assets,2026-08-25
GM,cash,2013-06-30,19697000000,2013-08-19,CashAndCashEquivalentsAtCarryingValue,2026-08-25
GM,equity,2013-06-30,38374000000,2013-08-19,StockholdersEquity,2026-08-25
GM,inventory,2013-06-30,14777000000,2013-08-19,InventoryNet,2026-08-25
GM,liabilities,2013-06-30,124106000000,2013-08-19,Liabilities,2026-08-25
GM,netIncome,2013-06-30,1414000000,2013-08-19,NetIncomeLoss,2026-08-25
GM,operatingIncome,2013-06-30,1751000000,2013-08-19,OperatingIncomeLoss,2026-08-25
GM,revenue,2013-06-30,39075000000,2013-08-19,Revenues,2026-08-25
GM,shares,2013-06-30,1400000000,2013-08-19,CommonStockSharesOutstanding,2026-08-25
GNRC,assets,2013-06-30,1675367000,2013-08-19,Assets,2026-08-25
GNRC,cash,2013-06-30,126598000,2013-08-19,CashAndCashEquivalentsAtCarryingValue,2026-08-25
GNRC,debt,2013-06-30,1177329000,2013-08-19,LongTermDebtNoncurrent,2026-08-25
GNRC,equity,2013-06-30,205941000,2013-08-19,StockholdersEquity,2026-08-25
GNRC,grossProfit,2013-06-30,130953000,2013-08-19,GrossProfit,2026-08-25
GNRC,inventory,2013-06-30,287258000,2013-08-19,InventoryNet,2026-08-25
GNRC,liabilities,2013-06-30,1469426000,2013-08-19,Liabilities,2026-08-25
GNRC,netIncome,2013-06-30,28254000,2013-08-19,NetIncomeLoss,2026-08-25
GNRC,operatingIncome,2013-06-30,76433000,2013-08-19,OperatingIncomeLoss,2026-08-25
GNRC,revenue,2013-06-30,346688000,2013-08-19,SalesRevenueNet,2026-08-25
GNRC,rnd,2013-06-30,7064000,2013-08-19,ResearchAndDevelopmentExpense,2026-08-25
GPC,assets,2013-06-30,7660313000,2013-08-19,Assets,2026-08-25
GPC,cash,2013-06-30,196770000,2013-08-19,CashAndCashEquivalentsAtCarryingValue,2026-08-25
GPC,equity,2013-06-30,3076371000,2013-08-19,StockholdersEquity,2026-08-25
GPC,grossProfit,2013-06-30,1105108000,2013-08-19,GrossProfit,2026-08-25
GPC,inventory,2013-06-30,2799150000,2013-08-19,InventoryNet,2026-08-25
GPC,operatingIncome,2013-06-30,317262000,2013-08-19,OperatingIncomeLoss,2026-08-25
GPN,assets,2013-05-31,3125056000,2013-07-20,Assets,2026-08-25
GPN,cash,2013-05-31,680470000,2013-07-20,CashAndCashEquivalentsAtCarryingValue,2026-08-25
GPN,debt,2013-05-31,891134000,2013-07-20,LongTermDebtNoncurrent,2026-08-25
GPN,equity,2013-05-31,1146085000,2013-07-20,StockholdersEquity,2026-08-25
GPN,inventory,2013-05-31,11057000,2013-07-20,InventoryNet,2026-08-25
GPN,liabilities,2013-05-31,1838449000,2013-07-20,Liabilities,2026-08-25
GPN,netIncome,2013-05-31,40805000,2013-07-20,NetIncomeLoss,2026-08-25
GPN,operatingIncome,2013-05-31,69369000,2013-07-20,OperatingIncomeLoss,2026-08-25
GPN,receivables,2013-05-31,189435000,2013-07-20,AccountsReceivableNetCurrent,2026-08-25
GPN,revenue,2013-05-31,618352000,2013-07-20,Revenues,2026-08-25
GPN,shares,2013-05-31,75426099,2013-07-20,CommonStockSharesOutstanding,2026-08-25
GRMN,assets,2013-06-29,4599181000,2013-08-18,Assets,2026-08-25
GRMN,cash,2013-06-29,1083490000,2013-08-18,CashAndCashEquivalentsAtCarryingValue,2026-08-25
GRMN,equity,2013-06-29,3366357000,2013-08-18,StockholdersEquity,2026-08-25
GRMN,grossProfit,2013-06-29,383640000,2013-08-18,GrossProfit,2026-08-25
GRMN,inventory,2013-06-29,383492000,2013-08-18,InventoryNet,2026-08-25
GRMN,netIncome,2013-06-29,172491000,2013-08-18,NetIncomeLoss,2026-08-25
GRMN,operatingIncome,2013-06-29,169886000,2013-08-18,OperatingIncomeLoss,2026-08-25
GRMN,receivables,2013-06-29,484246000,2013-08-18,AccountsReceivableNetCurrent,2026-08-25
GRMN,revenue,2013-06-29,696563000,2013-08-18,SalesRevenueNet,2026-08-25
GRMN,rnd,2013-06-29,96232000,2013-08-18,ResearchAndDevelopmentExpense,2026-08-25
GRMN,shares,2013-06-29,195317390,2013-08-18,CommonStockSharesOutstanding,2026-08-25
GS,assets,2013-06-30,938456000000,2013-08-19,Assets,2026-08-25
GS,cash,2013-06-30,72398000000,2013-08-19,CashAndCashEquivalentsAtCarryingValue,2026-08-25
GS,debt,2013-06-30,169717000000,2013-08-19,LongTermDebtNoncurrent,2026-08-25
GS,equity,2013-06-30,78043000000,2013-08-19,StockholdersEquity,2026-08-25
GS,liabilities,2013-06-30,860413000000,2013-08-19,Liabilities,2026-08-25
GS,netIncome,2013-06-30,1931000000,2013-08-19,NetIncomeLoss,2026-08-25
GS,shares,2013-06-30,450480540,2013-08-19,CommonStockSharesOutstanding,2026-08-25
GWW,assets,2013-06-30,5030135000,2013-08-19,Assets,2026-08-25
GWW,cash,2013-06-30,488741000,2013-08-19,CashAndCashEquivalentsAtCarryingValue,2026-08-25
GWW,debt,2013-06-30,452449000,2013-08-19,LongTermDebtNoncurrent,2026-08-25
GWW,equity,2013-06-30,3164535000,2013-08-19,StockholdersEquity,2026-08-25
GWW,grossProfit,2013-06-30,1046984000,2013-08-19,GrossProfit,2026-08-25
GWW,inventory,2013-06-30,1221888000,2013-08-19,InventoryNet,2026-08-25
GWW,netIncome,2013-06-30,217660000,2013-08-19,NetIncomeLoss,2026-08-25
GWW,operatingIncome,2013-06-30,350072000,2013-08-19,OperatingIncomeLoss,2026-08-25
GWW,receivables,2013-06-30,1075592000,2013-08-19,AccountsReceivableNetCurrent,2026-08-25
GWW,revenue,2013-06-30,2381561000,2013-08-19,SalesRevenueNet,2026-08-25
HAL,assets,2013-06-30,27418000000,2013-08-19,Assets,2026-08-25
HAL,cash,2013-06-30,1412000000,2013-08-19,CashAndCashEquivalentsAtCarryingValue,2026-08-25
HAL,debt,2013-06-30,4820000000,2013-08-19,LongTermDebtNoncurrent,2026-08-25
HAL,equity,2013-06-30,15337000000,2013-08-19,StockholdersEquity,2026-08-25
HAL,inventory,2013-06-30,3341000000,2013-08-19,InventoryNet,2026-08-25
HAL,liabilities,2013-06-30,12053000000,2013-08-19,Liabilities,2026-08-25
HAL,netIncome,2013-06-30,644000000,2013-08-19,NetIncomeLoss,2026-08-25
HAL,operatingIncome,2013-06-30,984000000,2013-08-19,OperatingIncomeLoss,2026-08-25
HAL,revenue,2013-06-30,7317000000,2013-08-19,SalesRevenueNet,2026-08-25
HAS,assets,2013-06-30,4178299000,2013-08-19,Assets,2026-08-25
HAS,cash,2013-06-30,1022345000,2013-08-19,CashAndCashEquivalentsAtCarryingValue,2026-08-25
HAS,equity,2013-06-30,1456026000,2013-08-19,StockholdersEquity,2026-08-25
HAS,inventory,2013-06-30,359969000,2013-08-19,InventoryNet,2026-08-25
HAS,liabilities,2013-06-30,2722273000,2013-08-19,Liabilities,2026-08-25
HAS,netIncome,2013-06-30,36480000,2013-08-19,NetIncomeLoss,2026-08-25
HAS,operatingIncome,2013-06-30,74088000,2013-08-19,OperatingIncomeLoss,2026-08-25
HAS,receivables,2013-06-30,640503000,2013-08-19,AccountsReceivableNetCurrent,2026-08-25
HAS,revenue,2013-06-30,340176000,2013-08-19,Revenues,2026-08-25
HAS,rnd,2013-06-30,47904000,2013-08-19,ResearchAndDevelopmentExpense,2026-08-25
HBAN,assets,2013-06-30,56113687000,2013-08-19,Assets,2026-08-25
HBAN,cash,2013-06-30,993906000,2013-08-19,CashAndCashEquivalentsAtCarryingValue,2026-08-25
HBAN,equity,2013-06-30,5773647000,2013-08-19,StockholdersEquity,2026-08-25
HBAN,liabilities,2013-06-30,50330172000,2013-08-19,Liabilities,2026-08-25
HBAN,netIncome,2013-06-30,151000000,2013-08-19,NetIncomeLoss,2026-08-25
HBAN,shares,2013-06-30,829674914,2013-08-19,CommonStockSharesOutstanding,2026-08-25
HCA,assets,2013-06-30,27934000000,2013-08-19,Assets,2026-08-25
HCA,cash,2013-06-30,462000000,2013-08-19,CashAndCashEquivalentsAtCarryingValue,2026-08-25
HCA,debt,2013-06-30,26744000000,2013-08-19,LongTermDebtNoncurrent,2026-08-25
HCA,equity,2013-06-30,-8823000000,2013-08-19,StockholdersEquity,2026-08-25
HCA,inventory,2013-06-30,1152000000,2013-08-19,InventoryNet,2026-08-25
HCA,liabilities,2013-06-30,35419000000,2013-08-19,Liabilities,2026-08-25
HCA,netIncome,2013-06-30,423000000,2013-08-19,NetIncomeLoss,2026-08-25
HCA,receivables,2013-06-30,4915000000,2013-08-19,AccountsReceivableNetCurrent,2026-08-25
HCA,shares,2013-06-30,447066900,2013-08-19,CommonStockSharesOutstanding,2026-08-25
HD,assets,2013-05-05,44195000000,2013-06-24,Assets,2026-08-25
HD,buybacks,2013-05-05,2196000000,2013-06-24,PaymentsForRepurchaseOfCommonStock,2026-08-25
HD,capex,2013-05-05,278000000,2013-06-24,PaymentsToAcquireProductiveAssets,2026-08-25
HD,cash,2013-05-05,4337000000,2013-06-24,CashAndCashEquivalentsAtCarryingValue,2026-08-25
HD,equity,2013-05-05,16393000000,2013-06-24,StockholdersEquity,2026-08-25
HD,grossProfit,2013-05-05,6567000000,2013-06-24,GrossProfit,2026-08-25
HD,liabilities,2013-05-05,27802000000,2013-06-24,Liabilities,2026-08-25
HD,netIncome,2013-05-05,1226000000,2013-06-24,NetIncomeLoss,2026-08-25
HD,operatingCashFlow,2013-05-05,2697000000,2013-06-24,NetCashProvidedByUsedInOperatingActivities,2026-08-25
HD,operatingIncome,2013-05-05,2094000000,2013-06-24,OperatingIncomeLoss,2026-08-25
HD,receivables,2013-05-05,1658000000,2013-06-24,AccountsReceivableNetCurrent,2026-08-25
HD,revenue,2013-05-05,19124000000,2013-06-24,SalesRevenueNet,2026-08-25
HD,shares,2013-05-05,1461000000,2013-06-24,CommonStockSharesOutstanding,2026-08-25
HIG,assets,2013-06-30,294833000000,2013-08-19,Assets,2026-08-25
HIG,debt,2013-06-30,6105000000,2013-08-19,LongTermDebtNoncurrent,2026-08-25
HIG,equity,2013-06-30,19013000000,2013-08-19,StockholdersEquity,2026-08-25
HIG,liabilities,2013-06-30,275820000000,2013-08-19,Liabilities,2026-08-25
HIG,netIncome,2013-06-30,-190000000,2013-08-19,NetIncomeLoss,2026-08-25
HIG,revenue,2013-06-30,4734000000,2013-08-19,Revenues,2026-08-25
HII,assets,2013-06-30,6047000000,2013-08-19,Assets,2026-08-25
HII,cash,2013-06-30,623000000,2013-08-19,CashAndCashEquivalentsAtCarryingValue,2026-08-25
HII,debt,2013-06-30,1765000000,2013-08-19,LongTermDebtNoncurrent,2026-08-25
HII,equity,2013-06-30,873000000,2013-08-19,StockholdersEquity,2026-08-25
HII,liabilities,2013-06-30,5174000000,2013-08-19,Liabilities,2026-08-25
HII,netIncome,2013-06-30,57000000,2013-08-19,NetIncomeLoss,2026-08-25
HII,operatingIncome,2013-06-30,116000000,2013-08-19,OperatingIncomeLoss,2026-08-25
HII,receivables,2013-06-30,1101000000,2013-08-19,AccountsReceivableNetCurrent,2026-08-25
HII,revenue,2013-06-30,1683000000,2013-08-19,SalesRevenueNet,2026-08-25
HII,shares,2013-06-30,49800000,2013-08-19,CommonStockSharesOutstanding,2026-08-25
HLT,cash,2013-06-30,661000000,2013-08-19,CashAndCashEquivalentsAtCarryingValue,2026-08-25
HLT,netIncome,2013-06-30,155000000,2013-08-19,NetIncomeLoss,2026-08-25
HLT,operatingIncome,2013-06-30,404000000,2013-08-19,OperatingIncomeLoss,2026-08-25
HLT,revenue,2013-06-30,2380000000,2013-08-19,Revenues,2026-08-25
HON,assets,2013-06-30,42166000000,2013-08-19,Assets,2026-08-25
HON,cash,2013-06-30,4549000000,2013-08-19,CashAndCashEquivalentsAtCarryingValue,2026-08-25
HON,debt,2013-06-30,6411000000,2013-08-19,LongTermDebt,2026-08-25
HON,equity,2013-06-30,13777000000,2013-08-19,StockholdersEquity,2026-08-25
HON,grossProfit,2013-06-30,2666000000,2013-08-19,GrossProfit,2026-08-25
HON,inventory,2013-06-30,4295000000,2013-08-19,InventoryNet,2026-08-25
HON,netIncome,2013-06-30,1021000000,2013-08-19,NetIncomeLoss,2026-08-25
HON,revenue,2013-06-30,9693000000,2013-08-19,SalesRevenueNet,2026-08-25
HPQ,assets,2013-04-30,106254000000,2013-06-19,Assets,2026-08-25
HPQ,buybacks,2013-04-30,797000000,2013-06-19,PaymentsForRepurchaseOfCommonStock,2026-08-25
HPQ,cash,2013-04-30,13240000000,2013-06-19,CashAndCashEquivalentsAtCarryingValue,2026-08-25
HPQ,equity,2013-04-30,23533000000,2013-06-19,StockholdersEquity,2026-08-25
HPQ,inventory,2013-04-30,5999000000,2013-06-19,InventoryNet,2026-08-25
HPQ,operatingIncome,2013-04-30,1601000000,2013-06-19,OperatingIncomeLoss,2026-08-25
HPQ,receivables,2013-04-30,14606000000,2013-06-19,AccountsReceivableNetCurrent,2026-08-25
HPQ,revenue,2013-04-30,27582000000,2013-06-19,Revenues,2026-08-25
HPQ,rnd,2013-04-30,815000000,2013-06-19,ResearchAndDevelopmentExpense,2026-08-25
HPQ,shares,2013-04-30,1925000000,2013-06-19,CommonStockSharesOutstanding,2026-08-25
HRL,assets,2013-04-28,4667641000,2013-06-17,Assets,2026-08-25
HRL,cash,2013-04-28,262748000,2013-06-17,CashAndCashEquivalentsAtCarryingValue,2026-08-25
HRL,debt,2013-04-28,250000000,2013-06-17,LongTermDebtNoncurrent,2026-08-25
HRL,equity,2013-04-28,3009859000,2013-06-17,StockholdersEquity,2026-08-25
HRL,grossProfit,2013-04-28,352801000,2013-06-17,GrossProfit,2026-08-25
HRL,inventory,2013-04-28,998931000,2013-06-17,InventoryNet,2026-08-25
HRL,netIncome,2013-04-28,125520000,2013-06-17,NetIncomeLoss,2026-08-25
HRL,operatingIncome,2013-04-28,195559000,2013-06-17,OperatingIncomeLoss,2026-08-25
HRL,receivables,2013-04-28,462239000,2013-06-17,AccountsReceivableNetCurrent,2026-08-25
HRL,revenue,2013-04-28,2152686000,2013-06-17,SalesRevenueNet,2026-08-25
HSIC,assets,2013-06-29,5164506000,2013-08-18,Assets,2026-08-25
HSIC,cash,2013-06-29,78839000,2013-08-18,CashAndCashEquivalentsAtCarryingValue,2026-08-25
HSIC,equity,2013-06-29,2615379000,2013-08-18,StockholdersEquity,2026-08-25
HSIC,grossProfit,2013-06-29,669856000,2013-08-18,GrossProfit,2026-08-25
HSIC,inventory,2013-06-29,1099012000,2013-08-18,InventoryNet,2026-08-25
HSIC,liabilities,2013-06-29,2081044000,2013-08-18,Liabilities,2026-08-25
HSIC,netIncome,2013-06-29,108430000,2013-08-18,NetIncomeLoss,2026-08-25
HSIC,operatingIncome,2013-06-29,176065000,2013-08-18,OperatingIncomeLoss,2026-08-25
HSIC,receivables,2013-06-29,1039914000,2013-08-18,AccountsReceivableNetCurrent,2026-08-25
HSIC,revenue,2013-06-29,2391810000,2013-08-18,SalesRevenueNet,2026-08-25
HSIC,shares,2013-06-29,86726281,2013-08-18,CommonStockSharesOutstanding,2026-08-25
HST,cash,2013-06-30,393000000,2013-08-19,CashAndCashEquivalentsAtCarryingValue,2026-08-25
HST,netIncome,2013-06-30,119000000,2013-08-19,NetIncomeLoss,2026-08-25
HST,operatingIncome,2013-06-30,205000000,2013-08-19,OperatingIncomeLoss,2026-08-25
HST,revenue,2013-06-30,1399000000,2013-08-19,Revenues,2026-08-25
HSY,assets,2013-06-30,4696868000,2013-08-19,Assets,2026-08-25
HSY,cash,2013-06-30,568360000,2013-08-19,CashAndCashEquivalentsAtCarryingValue,2026-08-25
HSY,debt,2013-06-30,1797800000,2013-08-19,LongTermDebt,2026-08-25
HSY,equity,2013-06-30,1111822000,2013-08-19,StockholdersEquity,2026-08-25
HSY,grossProfit,2013-06-30,718574000,2013-08-19,GrossProfit,2026-08-25
HSY,inventory,2013-06-30,778988000,2013-08-19,InventoryNet,2026-08-25
HSY,liabilities,2013-06-30,3575141000,2013-08-19,Liabilities,2026-08-25
HSY,netIncome,2013-06-30,159504000,2013-08-19,NetIncomeLoss,2026-08-25
HSY,receivables,2013-06-30,366288000,2013-08-19,AccountsReceivableNetCurrent,2026-08-25
HSY,revenue,2013-06-30,1508514000,2013-08-19,SalesRevenueNet,2026-08-25
HUBB,assets,2013-06-30,3041000000,2013-08-19,Assets,2026-08-25
HUBB,cash,2013-06-30,586600000,2013-08-19,CashAndCashEquivalentsAtCarryingValue,2026-08-25
HUBB,debt,2013-06-30,596900000,2013-08-19,LongTermDebtNoncurrent,2026-08-25
HUBB,equity,2013-06-30,1735700000,2013-08-19,StockholdersEquity,2026-08-25
HUBB,grossProfit,2013-06-30,272000000,2013-08-19,GrossProfit,2026-08-25
HUBB,inventory,2013-06-30,384700000,2013-08-19,InventoryNet,2026-08-25
HUBB,liabilities,2013-06-30,1297500000,2013-08-19,Liabilities,2026-08-25
HUBB,netIncome,2013-06-30,82100000,2013-08-19,NetIncomeLoss,2026-08-25
HUBB,operatingIncome,2013-06-30,132100000,2013-08-19,OperatingIncomeLoss,2026-08-25
HUBB,revenue,2013-06-30,801300000,2013-08-19,SalesRevenueNet,2026-08-25
HUM,assets,2013-06-30,20848000000,2013-08-19,Assets,2026-08-25
HUM,cash,2013-06-30,1519000000,2013-08-19,CashAndCashEquivalentsAtCarryingValue,2026-08-25
HUM,debt,2013-06-30,2606000000,2013-08-19,LongTermDebtNoncurrent,2026-08-25
HUM,equity,2013-06-30,9335000000,2013-08-19,StockholdersEquity,2026-08-25
HUM,liabilities,2013-06-30,11513000000,2013-08-19,Liabilities,2026-08-25
HUM,netIncome,2013-06-30,420000000,2013-08-19,NetIncomeLoss,2026-08-25
HUM,operatingIncome,2013-06-30,689000000,2013-08-19,OperatingIncomeLoss,2026-08-25
HUM,revenue,2013-06-30,10321000000,2013-08-19,Revenues,2026-08-25
HWM,assets,2013-06-30,38551000000,2013-08-19,Assets,2026-08-25
HWM,cash,2013-06-30,1202000000,2013-08-19,CashAndCashEquivalentsAtCarryingValue,2026-08-25
HWM,equity,2013-06-30,12815000000,2013-08-19,StockholdersEquity,2026-08-25
HWM,inventory,2013-06-30,2905000000,2013-08-19,InventoryNet,2026-08-25
HWM,liabilities,2013-06-30,22693000000,2013-08-19,Liabilities,2026-08-25
HWM,netIncome,2013-06-30,-119000000,2013-08-19,NetIncomeLoss,2026-08-25
HWM,receivables,2013-06-30,1354000000,2013-08-19,AccountsReceivableNetCurrent,2026-08-25
HWM,rnd,2013-06-30,46000000,2013-08-19,ResearchAndDevelopmentExpense,2026-08-25
IBKR,assets,2013-06-30,35056554000,2013-08-19,Assets,2026-08-25
IBKR,cash,2013-06-30,1003656000,2013-08-19,CashAndCashEquivalentsAtCarryingValue,2026-08-25
IBKR,equity,2013-06-30,626316000,2013-08-19,StockholdersEquity,2026-08-25
IBKR,liabilities,2013-06-30,30161426000,2013-08-19,Liabilities,2026-08-25
IBKR,netIncome,2013-06-30,10378000,2013-08-19,NetIncomeLoss,2026-08-25
IBKR,revenue,2013-06-30,297530000,2013-08-19,Revenues,2026-08-25
IBM,assets,2013-06-30,115153000000,2013-08-19,Assets,2026-08-25
IBM,cash,2013-06-30,9561000000,2013-08-19,CashAndCashEquivalentsAtCarryingValue,2026-08-25
IBM,debt,2013-06-30,26292000000,2013-08-19,LongTermDebtNoncurrent,2026-08-25
IBM,equity,2013-06-30,17756000000,2013-08-19,StockholdersEquity,2026-08-25
IBM,grossProfit,2013-06-30,12132000000,2013-08-19,GrossProfit,2026-08-25
IBM,inventory,2013-06-30,2389000000,2013-08-19,InventoryNet,2026-08-25
IBM,liabilities,2013-06-30,97269000000,2013-08-19,Liabilities,2026-08-25
IBM,receivables,2013-06-30,10277000000,2013-08-19,AccountsReceivableNetCurrent,2026-08-25
IBM,revenue,2013-06-30,24924000000,2013-08-19,Revenues,2026-08-25
IBM,rnd,2013-06-30,1548000000,2013-08-19,ResearchAndDevelopmentExpense,2026-08-25
ICE,assets,2013-06-30,10,2013-08-19,Assets,2026-08-25
ICE,cash,2013-06-30,1457000000,2013-08-19,CashAndCashEquivalentsAtCarryingValue,2026-08-25
ICE,equity,2013-06-30,10,2013-08-19,StockholdersEquity,2026-08-25
ICE,netIncome,2013-06-30,154000000,2013-08-19,NetIncomeLoss,2026-08-25
ICE,operatingIncome,2013-06-30,225000000,2013-08-19,OperatingIncomeLoss,2026-08-25
ICE,revenue,2013-06-30,372000000,2013-08-19,Revenues,2026-08-25
ICE,shares,2013-06-30,1,2013-08-19,CommonStockSharesOutstanding,2026-08-25
IDXX,assets,2013-06-30,1164071000,2013-08-19,Assets,2026-08-25
IDXX,cash,2013-06-30,251013000,2013-08-19,CashAndCashEquivalentsAtCarryingValue,2026-08-25
IDXX,equity,2013-06-30,549546000,2013-08-19,StockholdersEquity,2026-08-25
IDXX,grossProfit,2013-06-30,197698000,2013-08-19,GrossProfit,2026-08-25
IDXX,inventory,2013-06-30,140938000,2013-08-19,InventoryNet,2026-08-25
IDXX,liabilities,2013-06-30,614480000,2013-08-19,Liabilities,2026-08-25
IDXX,netIncome,2013-06-30,53995000,2013-08-19,NetIncomeLoss,2026-08-25
IDXX,operatingIncome,2013-06-30,78763000,2013-08-19,OperatingIncomeLoss,2026-08-25
IDXX,receivables,2013-06-30,159119000,2013-08-19,AccountsReceivableNetCurrent,2026-08-25
IDXX,revenue,2013-06-30,352583000,2013-08-19,SalesRevenueNet,2026-08-25
IDXX,rnd,2013-06-30,22181000,2013-08-19,ResearchAndDevelopmentExpense,2026-08-25
IEX,assets,2013-06-30,2827652000,2013-08-19,Assets,2026-08-25
IEX,cash,2013-06-30,374489000,2013-08-19,CashAndCashEquivalentsAtCarryingValue,2026-08-25
IEX,debt,2013-06-30,811007000,2013-08-19,LongTermDebtNoncurrent,2026-08-25
IEX,equity,2013-06-30,1479492000,2013-08-19,StockholdersEquity,2026-08-25
IEX,grossProfit,2013-06-30,222849000,2013-08-19,GrossProfit,2026-08-25
IEX,inventory,2013-06-30,231504000,2013-08-19,InventoryNet,2026-08-25
IEX,liabilities,2013-06-30,1348160000,2013-08-19,Liabilities,2026-08-25
IEX,netIncome,2013-06-30,62561000,2013-08-19,NetIncomeLoss,2026-08-25
IEX,operatingIncome,2013-06-30,99559000,2013-08-19,OperatingIncomeLoss,2026-08-25
IEX,revenue,2013-06-30,518445000,2013-08-19,SalesRevenueNet,2026-08-25
IFF,assets,2013-06-30,3308921000,2013-08-19,Assets,2026-08-25
IFF,cash,2013-06-30,343149000,2013-08-19,CashAndCashEquivalentsAtCarryingValue,2026-08-25
IFF,debt,2013-06-30,932796000,2013-08-19,LongTermDebtNoncurrent,2026-08-25
IFF,equity,2013-06-30,1369686000,2013-08-19,StockholdersEquity,2026-08-25
IFF,inventory,2013-06-30,512784000,2013-08-19,InventoryNet,2026-08-25
IFF,netIncome,2013-06-30,102322000,2013-08-19,NetIncomeLoss,2026-08-25
IFF,operatingIncome,2013-06-30,142396000,2013-08-19,OperatingIncomeLoss,2026-08-25
IFF,rnd,2013-06-30,64672000,2013-08-19,ResearchAndDevelopmentExpense,2026-08-25
IFF,shares,2013-06-30,81741180,2013-08-19,CommonStockSharesOutstanding,2026-08-25
INCY,assets,2013-06-30,334219000,2013-08-19,Assets,2026-08-25
INCY,cash,2013-06-30,258202000,2013-08-19,CashAndCashEquivalentsAtCarryingValue,2026-08-25
INCY,equity,2013-06-30,-27786000,2013-08-19,StockholdersEquity,2026-08-25
INCY,inventory,2013-06-30,133000,2013-08-19,InventoryNet,2026-08-25
INCY,liabilities,2013-06-30,362005000,2013-08-19,Liabilities,2026-08-25
INCY,operatingIncome,2013-06-30,17319000,2013-08-19,OperatingIncomeLoss,2026-08-25
INCY,revenue,2013-06-30,101675000,2013-08-19,Revenues,2026-08-25
INCY,rnd,2013-06-30,60950000,2013-08-19,ResearchAndDevelopmentExpense,2026-08-25
INCY,shares,2013-06-30,152915117,2013-08-19,CommonStockSharesOutstanding,2026-08-25
INTC,assets,2013-06-29,85661000000,2013-08-18,Assets,2026-08-25
INTC,cash,2013-06-29,3778000000,2013-08-18,CashAndCashEquivalentsAtCarryingValue,2026-08-25
INTC,debt,2013-06-29,13150000000,2013-08-18,LongTermDebtNoncurrent,2026-08-25
INTC,equity,2013-06-29,53840000000,2013-08-18,StockholdersEquity,2026-08-25
INTC,grossProfit,2013-06-29,7470000000,2013-08-18,GrossProfit,2026-08-25
INTC,inventory,2013-06-29,4542000000,2013-08-18,InventoryNet,2026-08-25
INTC,netIncome,2013-06-29,2000000000,2013-08-18,NetIncomeLoss,2026-08-25
INTC,operatingIncome,2013-06-29,2719000000,2013-08-18,OperatingIncomeLoss,2026-08-25
INTC,receivables,2013-06-29,3474000000,2013-08-18,AccountsReceivableNetCurrent,2026-08-25
INTC,revenue,2013-06-29,12811000000,2013-08-18,SalesRevenueNet,2026-08-25
INTC,rnd,2013-06-29,2516000000,2013-08-18,ResearchAndDevelopmentExpense,2026-08-25
INTC,shares,2013-06-29,4981000000,2013-08-18,CommonStockSharesOutstanding,2026-08-25
INTU,assets,2013-04-30,5810000000,2013-06-19,Assets,2026-08-25
INTU,buybacks,2013-04-30,92000000,2013-06-19,PaymentsForRepurchaseOfCommonStock,2026-08-25
INTU,capex,2013-04-30,32000000,2013-06-19,PaymentsToAcquirePropertyPlantAndEquipment,2026-08-25
INTU,cash,2013-04-30,1412000000,2013-06-19,CashAndCashEquivalentsAtCarryingValue,2026-08-25
INTU,debt,2013-04-30,499000000,2013-06-19,LongTermDebt,2026-08-25
INTU,equity,2013-04-30,3570000000,2013-06-19,StockholdersEquity,2026-08-25
INTU,liabilities,2013-04-30,2240000000,2013-06-19,Liabilities,2026-08-25
INTU,netIncome,2013-04-30,822000000,2013-06-19,NetIncomeLoss,2026-08-25
INTU,operatingCashFlow,2013-04-30,1449000000,2013-06-19,NetCashProvidedByUsedInOperatingActivities,2026-08-25
INTU,operatingIncome,2013-04-30,1282000000,2013-06-19,OperatingIncomeLoss,2026-08-25
INTU,receivables,2013-04-30,312000000,2013-06-19,AccountsReceivableNetCurrent,2026-08-25
INTU,revenue,2013-04-30,2091000000,2013-06-19,SalesRevenueNet,2026-08-25
INTU,rnd,2013-04-30,166000000,2013-06-19,ResearchAndDevelopmentExpense,2026-08-25
IP,assets,2013-06-30,32545000000,2013-08-19,Assets,2026-08-25
IP,cash,2013-06-30,1205000000,2013-08-19,CashAndCashEquivalentsAtCarryingValue,2026-08-25
IP,debt,2013-06-30,9057000000,2013-08-19,LongTermDebtNoncurrent,2026-08-25
IP,equity,2013-06-30,6707000000,2013-08-19,StockholdersEquity,2026-08-25
IP,grossProfit,2013-06-30,1757000000,2013-08-19,GrossProfit,2026-08-25
IP,inventory,2013-06-30,2745000000,2013-08-19,InventoryNet,2026-08-25
IP,netIncome,2013-06-30,259000000,2013-08-19,NetIncomeLoss,2026-08-25
IP,operatingIncome,2013-06-30,601000000,2013-08-19,OperatingIncomeLoss,2026-08-25
IP,revenue,2013-06-30,5944000000,2013-08-19,SalesRevenueNet,2026-08-25
IP,shares,2013-06-30,445900000,2013-08-19,CommonStockSharesOutstanding,2026-08-25
IQV,assets,2013-06-30,2648167000,2013-08-19,Assets,2026-08-25
IQV,cash,2013-06-30,585722000,2013-08-19,CashAndCashEquivalentsAtCarryingValue,2026-08-25
IQV,equity,2013-06-30,-798058000,2013-08-19,StockholdersEquity,2026-08-25
IQV,liabilities,2013-06-30,3446055000,2013-08-19,Liabilities,2026-08-25
IQV,netIncome,2013-06-30,38517000,2013-08-19,NetIncomeLoss,2026-08-25
IQV,operatingIncome,2013-06-30,94897000,2013-08-19,OperatingIncomeLoss,2026-08-25
IQV,revenue,2013-06-30,1295680000,2013-08-19,Revenues,2026-08-25
IQV,shares,2013-06-30,128921000,2013-08-19,CommonStockSharesOutstanding,2026-08-25
IRM,assets,2013-06-30,6334819000,2013-08-19,Assets,2026-08-25
IRM,capex,2013-06-30,62822000,2013-08-19,PaymentsToAcquirePropertyPlantAndEquipment,2026-08-25
IRM,cash,2013-06-30,258866000,2013-08-19,CashAndCashEquivalentsAtCarryingValue,2026-08-25
IRM,equity,2013-06-30,1080273000,2013-08-19,StockholdersEquity,2026-08-25
IRM,operatingIncome,2013-06-30,129697000,2013-08-19,OperatingIncomeLoss,2026-08-25
IRM,receivables,2013-06-30,581481000,2013-08-19,AccountsReceivableNetCurrent,2026-08-25
IRM,shares,2013-06-30,191109705,2013-08-19,CommonStockSharesOutstanding,2026-08-25
ISRG,assets,2013-06-30,4201300000,2013-08-19,Assets,2026-08-25
ISRG,buybacks,2013-06-30,269600000,2013-08-19,PaymentsForRepurchaseOfCommonStock,2026-08-25
ISRG,cash,2013-06-30,432700000,2013-08-19,CashAndCashEquivalentsAtCarryingValue,2026-08-25
ISRG,equity,2013-06-30,3718800000,2013-08-19,StockholdersEquity,2026-08-25
ISRG,grossProfit,2013-06-30,405200000,2013-08-19,GrossProfit,2026-08-25
ISRG,inventory,2013-06-30,169300000,2013-08-19,InventoryNet,2026-08-25
ISRG,liabilities,2013-06-30,482500000,2013-08-19,Liabilities,2026-08-25
ISRG,netIncome,2013-06-30,159100000,2013-08-19,NetIncomeLoss,2026-08-25
ISRG,operatingIncome,2013-06-30,218500000,2013-08-19,OperatingIncomeLoss,2026-08-25
ISRG,receivables,2013-06-30,358600000,2013-08-19,AccountsReceivableNetCurrent,2026-08-25
ISRG,revenue,2013-06-30,578500000,2013-08-19,SalesRevenueNet,2026-08-25
ISRG,rnd,2013-06-30,41200000,2013-08-19,ResearchAndDevelopmentExpense,2026-08-25
ISRG,shares,2013-06-30,39700000,2013-08-19,CommonStockSharesOutstanding,2026-08-25
IT,assets,2013-06-30,1613787000,2013-08-19,Assets,2026-08-25
IT,cash,2013-06-30,333363000,2013-08-19,CashAndCashEquivalentsAtCarryingValue,2026-08-25
IT,debt,2013-06-30,143750000,2013-08-19,LongTermDebtNoncurrent,2026-08-25
IT,equity,2013-06-30,328694000,2013-08-19,StockholdersEquity,2026-08-25
IT,grossProfit,2013-06-30,269710000,2013-08-19,GrossProfit,2026-08-25
IT,liabilities,2013-06-30,1285093000,2013-08-19,Liabilities,2026-08-25
IT,netIncome,2013-06-30,46514000,2013-08-19,NetIncomeLoss,2026-08-25
IT,operatingIncome,2013-06-30,73987000,2013-08-19,OperatingIncomeLoss,2026-08-25
IT,receivables,2013-06-30,432011000,2013-08-19,AccountsReceivableNetCurrent,2026-08-25
IT,revenue,2013-06-30,446047000,2013-08-19,Revenues,2026-08-25
ITW,assets,2013-06-30,19199000000,2013-08-19,Assets,2026-08-25
ITW,cash,2013-06-30,2768000000,2013-08-19,CashAndCashEquivalentsAtCarryingValue,2026-08-25
ITW,debt,2013-06-30,3771000000,2013-08-19,LongTermDebtNoncurrent,2026-08-25
ITW,inventory,2013-06-30,1490000000,2013-08-19,InventoryNet,2026-08-25
ITW,operatingIncome,2013-06-30,630000000,2013-08-19,OperatingIncomeLoss,2026-08-25
ITW,revenue,2013-06-30,3593000000,2013-08-19,SalesRevenueNet,2026-08-25
IVZ,assets,2013-06-30,18138600000,2013-08-19,Assets,2026-08-25
IVZ,cash,2013-06-30,916200000,2013-08-19,CashAndCashEquivalentsAtCarryingValue,2026-08-25
IVZ,debt,2013-06-30,1445600000,2013-08-19,LongTermDebtNoncurrent,2026-08-25
IVZ,equity,2013-06-30,8164500000,2013-08-19,StockholdersEquity,2026-08-25
IVZ,liabilities,2013-06-30,9384600000,2013-08-19,Liabilities,2026-08-25
IVZ,netIncome,2013-06-30,202600000,2013-08-19,NetIncomeLoss,2026-08-25
IVZ,operatingIncome,2013-06-30,273900000,2013-08-19,OperatingIncomeLoss,2026-08-25
IVZ,receivables,2013-06-30,457600000,2013-08-19,AccountsReceivableNetCurrent,2026-08-25
IVZ,revenue,2013-06-30,1135500000,2013-08-19,Revenues,2026-08-25
IVZ,shares,2013-06-30,442800000,2013-08-19,CommonStockSharesOutstanding,2026-08-25
J,assets,2013-06-28,7049749000,2013-08-17,Assets,2026-08-25
J,cash,2013-06-28,1295517000,2013-08-17,CashAndCashEquivalentsAtCarryingValue,2026-08-25
J,debt,2013-06-28,432701000,2013-08-17,LongTermDebtNoncurrent,2026-08-25
J,equity,2013-06-28,4091606000,2013-08-17,StockholdersEquity,2026-08-25
J,netIncome,2013-06-28,108871000,2013-08-17,NetIncomeLoss,2026-08-25
J,operatingIncome,2013-06-28,168359000,2013-08-17,OperatingIncomeLoss,2026-08-25
J,revenue,2013-06-28,3080995000,2013-08-17,Revenues,2026-08-25
J,shares,2013-06-28,131409781,2013-08-17,CommonStockSharesOutstanding,2026-08-25
JBHT,assets,2013-06-30,2656316000,2013-08-19,Assets,2026-08-25
JBHT,cash,2013-06-30,5923000,2013-08-19,CashAndCashEquivalentsAtCarryingValue,2026-08-25
JBHT,debt,2013-06-30,474132000,2013-08-19,LongTermDebtNoncurrent,2026-08-25
JBHT,equity,2013-06-30,902239000,2013-08-19,StockholdersEquity,2026-08-25
JBHT,netIncome,2013-06-30,87697000,2013-08-19,NetIncomeLoss,2026-08-25
JBHT,operatingIncome,2013-06-30,147407000,2013-08-19,OperatingIncomeLoss,2026-08-25
JBHT,receivables,2013-06-30,579643000,2013-08-19,AccountsReceivableNetCurrent,2026-08-25
JBHT,revenue,2013-06-30,1382858000,2013-08-19,Revenues,2026-08-25
JBL,assets,2013-05-31,8133484000,2013-07-20,Assets,2026-08-25
JBL,cash,2013-05-31,1351726000,2013-07-20,CashAndCashEquivalentsAtCarryingValue,2026-08-25
JBL,equity,2013-05-31,2205587000,2013-07-20,StockholdersEquity,2026-08-25
JBL,grossProfit,2013-05-31,297572000,2013-07-20,GrossProfit,2026-08-25
JBL,inventory,2013-05-31,2356304000,2013-07-20,InventoryNet,2026-08-25
JBL,liabilities,2013-05-31,5926465000,2013-07-20,Liabilities,2026-08-25
JBL,netIncome,2013-05-31,50083000,2013-07-20,NetIncomeLoss,2026-08-25
JBL,operatingIncome,2013-05-31,93128000,2013-07-20,OperatingIncomeLoss,2026-08-25
JBL,revenue,2013-05-31,4196224000,2013-07-20,SalesRevenueNet,2026-08-25
JBL,rnd,2013-05-31,6475000,2013-07-20,ResearchAndDevelopmentExpense,2026-08-25
JBL,shares,2013-05-31,202651388,2013-07-20,CommonStockSharesOutstanding,2026-08-25
JCI,assets,2013-06-28,11870000000,2013-08-17,Assets,2026-08-25
JCI,cash,2013-06-28,455000000,2013-08-17,CashAndCashEquivalentsAtCarryingValue,2026-08-25
JCI,debt,2013-06-28,1481000000,2013-08-17,LongTermDebt,2026-08-25
JCI,equity,2013-06-28,4707000000,2013-08-17,StockholdersEquity,2026-08-25
JCI,inventory,2013-06-28,685000000,2013-08-17,InventoryNet,2026-08-25
JCI,liabilities,2013-06-28,7136000000,2013-08-17,Liabilities,2026-08-25
JCI,netIncome,2013-06-28,135000000,2013-08-17,NetIncomeLoss,2026-08-25
JCI,operatingIncome,2013-06-28,162000000,2013-08-17,OperatingIncomeLoss,2026-08-25
JCI,receivables,2013-06-28,1678000000,2013-08-17,AccountsReceivableNetCurrent,2026-08-25
JCI,revenue,2013-06-28,2537000000,2013-08-17,Revenues,2026-08-25
JKHY,assets,2013-06-30,1672386000,2013-08-19,Assets,2026-08-25
JKHY,cash,2013-06-30,127905000,2013-08-19,CashAndCashEquivalentsAtCarryingValue,2026-08-25
JKHY,debt,2013-06-30,14281000,2013-08-19,LongTermDebt,2026-08-25
JKHY,equity,2013-06-30,1015816000,2013-08-19,StockholdersEquity,2026-08-25
JKHY,grossProfit,2013-06-30,134082000,2013-08-19,GrossProfit,2026-08-25
JKHY,liabilities,2013-06-30,656570000,2013-08-19,Liabilities,2026-08-25
JKHY,netIncome,2013-06-30,53248000,2013-08-19,NetIncomeLoss,2026-08-25
JKHY,operatingIncome,2013-06-30,81849000,2013-08-19,OperatingIncomeLoss,2026-08-25
JKHY,revenue,2013-06-30,311326000,2013-08-19,Revenues,2026-08-25
JKHY,rnd,2013-06-30,16870000,2013-08-19,ResearchAndDevelopmentExpense,2026-08-25
JNJ,assets,2013-06-30,124325000000,2013-08-19,Assets,2026-08-25
JNJ,cash,2013-06-30,17307000000,2013-08-19,CashAndCashEquivalentsAtCarryingValue,2026-08-25
JNJ,debt,2013-06-30,9643000000,2013-08-19,LongTermDebtNoncurrent,2026-08-25
JNJ,grossProfit,2013-06-30,12388000000,2013-08-19,GrossProfit,2026-08-25
JNJ,inventory,2013-06-30,7822000000,2013-08-19,InventoryNet,2026-08-25
JNJ,liabilities,2013-06-30,54660000000,2013-08-19,Liabilities,2026-08-25
JNJ,netIncome,2013-06-30,3833000000,2013-08-19,NetIncomeLoss,2026-08-25
JNJ,operatingIncome,2013-06-30,5020000000,2013-08-19,OperatingIncomeLoss,2026-08-25
JNJ,receivables,2013-06-30,11614000000,2013-08-19,AccountsReceivableNetCurrent,2026-08-25
JNJ,revenue,2013-06-30,17877000000,2013-08-19,Revenues,2026-08-25
JPM,assets,2013-06-30,2439494000000,2013-08-19,Assets,2026-08-25
JPM,debt,2013-06-30,266212000000,2013-08-19,LongTermDebt,2026-08-25
JPM,equity,2013-06-30,209239000000,2013-08-19,StockholdersEquity,2026-08-25
JPM,liabilities,2013-06-30,2230255000000,2013-08-19,Liabilities,2026-08-25
JPM,netIncome,2013-06-30,6496000000,2013-08-19,NetIncomeLoss,2026-08-25
JPM,revenue,2013-06-30,25211000000,2013-08-19,Revenues,2026-08-25
KDP,assets,2013-06-30,8709000000,2013-08-19,Assets,2026-08-25
KDP,cash,2013-06-30,119000000,2013-08-19,CashAndCashEquivalentsAtCarryingValue,2026-08-25
KDP,debt,2013-06-30,2521000000,2013-08-19,LongTermDebtNoncurrent,2026-08-25
KDP,equity,2013-06-30,2304000000,2013-08-19,StockholdersEquity,2026-08-25
KDP,grossProfit,2013-06-30,935000000,2013-08-19,GrossProfit,2026-08-25
KDP,inventory,2013-06-30,222000000,2013-08-19,InventoryNet,2026-08-25
KDP,liabilities,2013-06-30,6405000000,2013-08-19,Liabilities,2026-08-25
KDP,netIncome,2013-06-30,155000000,2013-08-19,NetIncomeLoss,2026-08-25
KDP,operatingIncome,2013-06-30,285000000,2013-08-19,OperatingIncomeLoss,2026-08-25
KDP,receivables,2013-06-30,625000000,2013-08-19,AccountsReceivableNetCurrent,2026-08-25
KDP,revenue,2013-06-30,1611000000,2013-08-19,SalesRevenueNet,2026-08-25
KDP,shares,2013-06-30,203809137,2013-08-19,CommonStockSharesOutstanding,2026-08-25
KEY,assets,2013-06-30,90639000000,2013-08-19,Assets,2026-08-25
KEY,debt,2013-06-30,6666000000,2013-08-19,LongTermDebt,2026-08-25
KEY,equity,2013-06-30,10229000000,2013-08-19,StockholdersEquity,2026-08-25
KEY,liabilities,2013-06-30,80378000000,2013-08-19,Liabilities,2026-08-25
KEY,netIncome,2013-06-30,204000000,2013-08-19,NetIncomeLoss,2026-08-25
KHC,grossProfit,2013-06-29,1936000000,2013-08-18,GrossProfit,2026-08-25
KHC,netIncome,2013-06-29,829000000,2013-08-18,NetIncomeLoss,2026-08-25
KHC,revenue,2013-06-29,4716000000,2013-08-18,Revenues,2026-08-25
KIM,assets,2013-06-30,9988471000,2013-08-19,Assets,2026-08-25
KIM,cash,2013-06-30,156450000,2013-08-19,CashAndCashEquivalentsAtCarryingValue,2026-08-25
KIM,equity,2013-06-30,4722273000,2013-08-19,StockholdersEquity,2026-08-25
KIM,liabilities,2013-06-30,5036704000,2013-08-19,Liabilities,2026-08-25
KIM,netIncome,2013-06-30,51139000,2013-08-19,NetIncomeLoss,2026-08-25
KIM,operatingIncome,2013-06-30,51179000,2013-08-19,OperatingIncomeLoss,2026-08-25
KIM,revenue,2013-06-30,227119000,2013-08-19,Revenues,2026-08-25
KIM,shares,2013-06-30,409616877,2013-08-19,CommonStockSharesOutstanding,2026-08-25
KKR,assets,2013-06-30,44807645000,2013-08-19,Assets,2026-08-25
KKR,cash,2013-06-30,1167413000,2013-08-19,CashAndCashEquivalentsAtCarryingValue,2026-08-25
KKR,liabilities,2013-06-30,3903067000,2013-08-19,Liabilities,2026-08-25
KKR,netIncome,2013-06-30,15134000,2013-08-19,NetIncomeLoss,2026-08-25
KLAC,assets,2013-06-30,5287357000,2013-08-19,Assets,2026-08-25
KLAC,cash,2013-06-30,985390000,2013-08-19,CashAndCashEquivalentsAtCarryingValue,2026-08-25
KLAC,equity,2013-06-30,3482152000,2013-08-19,StockholdersEquity,2026-08-25
KLAC,grossProfit,2013-06-30,413228000,2013-08-19,GrossProfit,2026-08-25
KLAC,inventory,2013-06-30,634448000,2013-08-19,InventoryNet,2026-08-25
KLAC,liabilities,2013-06-30,1805205000,2013-08-19,Liabilities,2026-08-25
KLAC,netIncome,2013-06-30,134770000,2013-08-19,NetIncomeLoss,2026-08-25
KLAC,operatingIncome,2013-06-30,187635000,2013-08-19,OperatingIncomeLoss,2026-08-25
KLAC,receivables,2013-06-30,524610000,2013-08-19,AccountsReceivableNetCurrent,2026-08-25
KLAC,revenue,2013-06-30,720032000,2013-08-19,SalesRevenueNet,2026-08-25
KLAC,shares,2013-06-30,165435000,2013-08-19,CommonStockSharesOutstanding,2026-08-25
KMB,assets,2013-06-30,19514000000,2013-08-19,Assets,2026-08-25
KMB,cash,2013-06-30,1160000000,2013-08-19,CashAndCashEquivalentsAtCarryingValue,2026-08-25
KMB,equity,2013-06-30,4373000000,2013-08-19,StockholdersEquity,2026-08-25
KMB,grossProfit,2013-06-30,1800000000,2013-08-19,GrossProfit,2026-08-25
KMB,inventory,2013-06-30,2327000000,2013-08-19,InventoryNet,2026-08-25
KMB,netIncome,2013-06-30,526000000,2013-08-19,NetIncomeLoss,2026-08-25
KMB,operatingIncome,2013-06-30,796000000,2013-08-19,OperatingIncomeLoss,2026-08-25
KMB,receivables,2013-06-30,2490000000,2013-08-19,AccountsReceivableNetCurrent,2026-08-25
KMB,revenue,2013-06-30,5267000000,2013-08-19,SalesRevenueNet,2026-08-25
KMB,shares,2013-06-30,383400000,2013-08-19,CommonStockSharesOutstanding,2026-08-25
KMI,assets,2013-06-30,74120000000,2013-08-19,Assets,2026-08-25
KMI,cash,2013-06-30,1017000000,2013-08-19,CashAndCashEquivalentsAtCarryingValue,2026-08-25
KMI,debt,2013-06-30,31582000000,2013-08-19,LongTermDebtNoncurrent,2026-08-25
KMI,equity,2013-06-30,13654000000,2013-08-19,StockholdersEquity,2026-08-25
KMI,inventory,2013-06-30,428000000,2013-08-19,InventoryNet,2026-08-25
KMI,liabilities,2013-06-30,45581000000,2013-08-19,Liabilities,2026-08-25
KMI,netIncome,2013-06-30,277000000,2013-08-19,NetIncomeLoss,2026-08-25
KMI,operatingIncome,2013-06-30,775000000,2013-08-19,OperatingIncomeLoss,2026-08-25
KMI,receivables,2013-06-30,1488000000,2013-08-19,AccountsReceivableNetCurrent,2026-08-25
KMI,revenue,2013-06-30,3382000000,2013-08-19,Revenues,2026-08-25
KO,assets,2013-06-28,89511000000,2013-08-17,Assets,2026-08-25
KO,cash,2013-06-28,9406000000,2013-08-17,CashAndCashEquivalentsAtCarryingValue,2026-08-25
KO,debt,2013-06-28,14179000000,2013-08-17,LongTermDebtNoncurrent,2026-08-25
KO,equity,2013-06-28,32223000000,2013-08-17,StockholdersEquity,2026-08-25
KO,grossProfit,2013-06-28,7760000000,2013-08-17,GrossProfit,2026-08-25
KO,inventory,2013-06-28,3643000000,2013-08-17,InventoryNet,2026-08-25
KO,netIncome,2013-06-28,2676000000,2013-08-17,NetIncomeLoss,2026-08-25
KO,operatingIncome,2013-06-28,3243000000,2013-08-17,OperatingIncomeLoss,2026-08-25
KO,receivables,2013-06-28,5516000000,2013-08-17,AccountsReceivableNetCurrent,2026-08-25
KR,assets,2013-05-25,24227000000,2013-07-14,Assets,2026-08-25
KR,buybacks,2013-05-25,146000000,2013-07-14,PaymentsForRepurchaseOfCommonStock,2026-08-25
KR,capex,2013-05-25,618000000,2013-07-14,PaymentsToAcquireProductiveAssets,2026-08-25
KR,cash,2013-05-25,247000000,2013-07-14,CashAndCashEquivalentsAtCarryingValue,2026-08-25
KR,debt,2013-05-25,5786000000,2013-07-14,LongTermDebtNoncurrent,2026-08-25
KR,equity,2013-05-25,4590000000,2013-07-14,StockholdersEquity,2026-08-25
KR,liabilities,2013-05-25,19631000000,2013-07-14,Liabilities,2026-08-25
KR,netIncome,2013-05-25,481000000,2013-07-14,NetIncomeLoss,2026-08-25
KR,operatingCashFlow,2013-05-25,1617000000,2013-07-14,NetCashProvidedByUsedInOperatingActivitiesContinuingOperations,2026-08-25
KR,operatingIncome,2013-05-25,879000000,2013-07-14,OperatingIncomeLoss,2026-08-25
L,assets,2013-06-30,80046000000,2013-08-19,Assets,2026-08-25
L,debt,2013-06-30,10039000000,2013-08-19,LongTermDebtNoncurrent,2026-08-25
L,equity,2013-06-30,19151000000,2013-08-19,StockholdersEquity,2026-08-25
L,liabilities,2013-06-30,55404000000,2013-08-19,Liabilities,2026-08-25
L,netIncome,2013-06-30,269000000,2013-08-19,NetIncomeLoss,2026-08-25
L,revenue,2013-06-30,3616000000,2013-08-19,Revenues,2026-08-25
LDOS,assets,2013-05-03,5790000000,2013-06-22,Assets,2026-08-25
LDOS,capex,2013-05-03,18000000,2013-06-22,PaymentsToAcquirePropertyPlantAndEquipment,2026-08-25
LDOS,cash,2013-05-03,562000000,2013-06-22,CashAndCashEquivalentsAtCarryingValue,2026-08-25
LDOS,debt,2013-05-03,1297000000,2013-06-22,LongTermDebtNoncurrent,2026-08-25
LDOS,equity,2013-05-03,2304000000,2013-06-22,StockholdersEquity,2026-08-25
LDOS,netIncome,2013-05-03,81000000,2013-06-22,NetIncomeLoss,2026-08-25
LDOS,operatingCashFlow,2013-05-03,-102000000,2013-06-22,NetCashProvidedByUsedInOperatingActivitiesContinuingOperations,2026-08-25
LDOS,operatingIncome,2013-05-03,77000000,2013-06-22,OperatingIncomeLoss,2026-08-25
LDOS,revenue,2013-05-03,1593000000,2013-06-22,Revenues,2026-08-25
LDOS,shares,2013-05-03,342000000,2013-06-22,CommonStockSharesOutstanding,2026-08-25
LEN,assets,2013-05-31,10494157000,2013-07-20,Assets,2026-08-25
LEN,cash,2013-05-31,891677000,2013-07-20,CashAndCashEquivalentsAtCarryingValue,2026-08-25
LEN,equity,2013-05-31,3585602000,2013-07-20,StockholdersEquity,2026-08-25
LEN,liabilities,2013-05-31,6449318000,2013-07-20,Liabilities,2026-08-25
LEN,netIncome,2013-05-31,137436000,2013-07-20,NetIncomeLoss,2026-08-25
LEN,operatingIncome,2013-05-31,196142000,2013-07-20,OperatingIncomeLoss,2026-08-25
LEN,revenue,2013-05-31,1426881000,2013-07-20,Revenues,2026-08-25
LH,assets,2013-06-30,6591900000,2013-08-19,Assets,2026-08-25
LH,cash,2013-06-30,111300000,2013-08-19,CashAndCashEquivalentsAtCarryingValue,2026-08-25
LH,debt,2013-06-30,2390000000,2013-08-19,LongTermDebtNoncurrent,2026-08-25
LH,equity,2013-06-30,2663400000,2013-08-19,StockholdersEquity,2026-08-25
LH,grossProfit,2013-06-30,577300000,2013-08-19,GrossProfit,2026-08-25
LH,inventory,2013-06-30,126400000,2013-08-19,InventoryNet,2026-08-25
LH,liabilities,2013-06-30,3908100000,2013-08-19,Liabilities,2026-08-25
LH,netIncome,2013-06-30,151900000,2013-08-19,NetIncomeLoss,2026-08-25
LH,operatingIncome,2013-06-30,269300000,2013-08-19,OperatingIncomeLoss,2026-08-25
LH,receivables,2013-06-30,815700000,2013-08-19,AccountsReceivableNetCurrent,2026-08-25
LH,revenue,2013-06-30,1468200000,2013-08-19,SalesRevenueNet,2026-08-25
LH,shares,2013-06-30,90500000,2013-08-19,CommonStockSharesOutstanding,2026-08-25
LHX,assets,2013-06-28,4845000000,2013-08-17,Assets,2026-08-25
LHX,cash,2013-06-28,321000000,2013-08-17,CashAndCashEquivalentsAtCarryingValue,2026-08-25
LHX,debt,2013-06-28,1577100000,2013-08-17,LongTermDebtNoncurrent,2026-08-25
LHX,equity,2013-06-28,1561300000,2013-08-17,StockholdersEquity,2026-08-25
LHX,inventory,2013-06-28,668700000,2013-08-17,InventoryNet,2026-08-25
LHX,shares,2013-06-28,106933188,2013-08-17,CommonStockSharesOutstanding,2026-08-25
LII,assets,2013-06-30,1849600000,2013-08-19,Assets,2026-08-25
LII,cash,2013-06-30,45300000,2013-08-19,CashAndCashEquivalentsAtCarryingValue,2026-08-25
LII,equity,2013-06-30,447200000,2013-08-19,StockholdersEquity,2026-08-25
LII,grossProfit,2013-06-30,254000000,2013-08-19,GrossProfit,2026-08-25
LII,inventory,2013-06-30,469200000,2013-08-19,InventoryNet,2026-08-25
LII,liabilities,2013-06-30,1402400000,2013-08-19,Liabilities,2026-08-25
LII,netIncome,2013-06-30,64300000,2013-08-19,NetIncomeLoss,2026-08-25
LII,operatingIncome,2013-06-30,102400000,2013-08-19,OperatingIncomeLoss,2026-08-25
LII,revenue,2013-06-30,913100000,2013-08-19,SalesRevenueNet,2026-08-25
LITE,cash,2013-06-29,7800000,2013-08-18,CashAndCashEquivalentsAtCarryingValue,2026-08-25
LITE,equity,2013-06-29,281800000,2013-08-18,StockholdersEquity,2026-08-25
LLY,assets,2013-06-30,33226000000,2013-08-19,Assets,2026-08-25
LLY,cash,2013-06-30,3786500000,2013-08-19,CashAndCashEquivalentsAtCarryingValue,2026-08-25
LLY,debt,2013-06-30,4290800000,2013-08-19,LongTermDebtNoncurrent,2026-08-25
LLY,inventory,2013-06-30,2725400000,2013-08-19,InventoryNet,2026-08-25
LLY,netIncome,2013-06-30,1206200000,2013-08-19,NetIncomeLoss,2026-08-25
LLY,receivables,2013-06-30,3579100000,2013-08-19,AccountsReceivableNetCurrent,2026-08-25
LLY,revenue,2013-06-30,5929700000,2013-08-19,Revenues,2026-08-25
LLY,rnd,2013-06-30,1330400000,2013-08-19,ResearchAndDevelopmentExpense,2026-08-25
LMT,assets,2013-06-30,38947000000,2013-08-19,Assets,2026-08-25
LMT,cash,2013-06-30,2845000000,2013-08-19,CashAndCashEquivalentsAtCarryingValue,2026-08-25
LMT,debt,2013-06-30,6140000000,2013-08-19,LongTermDebtNoncurrent,2026-08-25
LMT,equity,2013-06-30,694000000,2013-08-19,StockholdersEquity,2026-08-25
LMT,grossProfit,2013-06-30,1224000000,2013-08-19,GrossProfit,2026-08-25
LMT,liabilities,2013-06-30,38253000000,2013-08-19,Liabilities,2026-08-25
LMT,netIncome,2013-06-30,859000000,2013-08-19,NetIncomeLoss,2026-08-25
LMT,operatingIncome,2013-06-30,1298000000,2013-08-19,OperatingIncomeLoss,2026-08-25
LMT,revenue,2013-06-30,11408000000,2013-08-19,SalesRevenueNet,2026-08-25
LNT,assets,2013-06-30,10887600000,2013-08-19,Assets,2026-08-25
LNT,cash,2013-06-30,11500000,2013-08-19,CashAndCashEquivalentsAtCarryingValue,2026-08-25
LNT,debt,2013-06-30,3141400000,2013-08-19,LongTermDebtNoncurrent,2026-08-25
LNT,equity,2013-06-30,3160500000,2013-08-19,StockholdersEquity,2026-08-25
LNT,netIncome,2013-06-30,67800000,2013-08-19,NetIncomeLoss,2026-08-25
LNT,operatingIncome,2013-06-30,103200000,2013-08-19,OperatingIncomeLoss,2026-08-25
LNT,receivables,2013-06-30,85000000,2013-08-19,AccountsReceivableNetCurrent,2026-08-25
LNT,revenue,2013-06-30,718000000,2013-08-19,Revenues,2026-08-25
LNT,shares,2013-06-30,110943669,2013-08-19,CommonStockSharesOutstanding,2026-08-25
LOW,assets,2013-05-03,34731000000,2013-06-22,Assets,2026-08-25
LOW,buybacks,2013-05-03,1046000000,2013-06-22,PaymentsForRepurchaseOfCommonStock,2026-08-25
LOW,capex,2013-05-03,196000000,2013-06-22,PaymentsToAcquirePropertyPlantAndEquipment,2026-08-25
LOW,cash,2013-05-03,1081000000,2013-06-22,CashAndCashEquivalentsAtCarryingValue,2026-08-25
LOW,equityStakes,2013-05-03,73000000,2013-06-22,PaymentsToAcquireEquityMethodInvestments,2026-08-25
LOW,grossProfit,2013-05-03,4555000000,2013-06-22,GrossProfit,2026-08-25
LOW,inventory,2013-05-03,10274000000,2013-06-22,InventoryNet,2026-08-25
LOW,liabilities,2013-05-03,21479000000,2013-06-22,Liabilities,2026-08-25
LOW,operatingCashFlow,2013-05-03,1992000000,2013-06-22,NetCashProvidedByUsedInOperatingActivities,2026-08-25
LOW,revenue,2013-05-03,13088000000,2013-06-22,SalesRevenueNet,2026-08-25
LOW,shares,2013-05-03,1088000000,2013-06-22,CommonStockSharesOutstanding,2026-08-25
LRCX,assets,2013-06-30,7250315000,2013-08-19,Assets,2026-08-25
LRCX,cash,2013-06-30,1162473000,2013-08-19,CashAndCashEquivalentsAtCarryingValue,2026-08-25
LRCX,debt,2013-06-30,777400000,2013-08-19,LongTermDebtNoncurrent,2026-08-25
LRCX,equity,2013-06-30,4488872000,2013-08-19,StockholdersEquity,2026-08-25
LRCX,inventory,2013-06-30,559317000,2013-08-19,InventoryNet,2026-08-25
LRCX,liabilities,2013-06-30,2574523000,2013-08-19,Liabilities,2026-08-25
LRCX,receivables,2013-06-30,602624000,2013-08-19,AccountsReceivableNetCurrent,2026-08-25
LRCX,shares,2013-06-30,162873000,2013-08-19,CommonStockSharesOutstanding,2026-08-25
LULU,assets,2013-05-05,1053476000,2013-06-24,Assets,2026-08-25
LULU,capex,2013-05-05,20976000,2013-06-24,PaymentsToAcquirePropertyPlantAndEquipment,2026-08-25
LULU,cash,2013-05-05,588418000,2013-06-24,CashAndCashEquivalentsAtCarryingValue,2026-08-25
LULU,equity,2013-05-05,930060000,2013-06-24,StockholdersEquity,2026-08-25
LULU,grossProfit,2013-05-05,170725000,2013-06-24,GrossProfit,2026-08-25
LULU,liabilities,2013-05-05,123416000,2013-06-24,Liabilities,2026-08-25
LULU,netIncome,2013-05-05,47279000,2013-06-24,NetIncomeLoss,2026-08-25
LULU,operatingCashFlow,2013-05-05,25135000,2013-06-24,NetCashProvidedByUsedInOperatingActivities,2026-08-25
LULU,operatingIncome,2013-05-05,65889000,2013-06-24,OperatingIncomeLoss,2026-08-25
LULU,revenue,2013-05-05,345782000,2013-06-24,SalesRevenueNet,2026-08-25
LULU,shares,2013-05-05,112517000,2013-06-24,CommonStockSharesOutstanding,2026-08-25
LUV,assets,2013-06-30,19382000000,2013-08-19,Assets,2026-08-25
LUV,buybacks,2013-06-30,251000000,2013-08-19,PaymentsForRepurchaseOfCommonStock,2026-08-25
LUV,capex,2013-06-30,193000000,2013-08-19,PaymentsToAcquirePropertyPlantAndEquipment,2026-08-25
LUV,cash,2013-06-30,1489000000,2013-08-19,CashAndCashEquivalentsAtCarryingValue,2026-08-25
LUV,debt,2013-06-30,2671000000,2013-08-19,LongTermDebtNoncurrent,2026-08-25
LUV,equity,2013-06-30,6781000000,2013-08-19,StockholdersEquity,2026-08-25
LUV,netIncome,2013-06-30,224000000,2013-08-19,NetIncomeLoss,2026-08-25
LUV,operatingCashFlow,2013-06-30,778000000,2013-08-19,NetCashProvidedByUsedInOperatingActivities,2026-08-25
LUV,operatingIncome,2013-06-30,433000000,2013-08-19,OperatingIncomeLoss,2026-08-25
LUV,revenue,2013-06-30,4643000000,2013-08-19,Revenues,2026-08-25
LVS,assets,2013-06-30,21783824000,2013-08-19,Assets,2026-08-25
LVS,cash,2013-06-30,2514141000,2013-08-19,CashAndCashEquivalentsAtCarryingValue,2026-08-25
LVS,equity,2013-06-30,7500105000,2013-08-19,StockholdersEquity,2026-08-25
LVS,inventory,2013-06-30,41229000,2013-08-19,InventoryNet,2026-08-25
LVS,liabilities,2013-06-30,12826777000,2013-08-19,Liabilities,2026-08-25
LVS,netIncome,2013-06-30,529753000,2013-08-19,NetIncomeLoss,2026-08-25
LVS,operatingIncome,2013-06-30,780641000,2013-08-19,OperatingIncomeLoss,2026-08-25
LVS,revenue,2013-06-30,3242941000,2013-08-19,SalesRevenueNet,2026-08-25
LVS,shares,2013-06-30,824406713,2013-08-19,CommonStockSharesOutstanding,2026-08-25
LYB,assets,2013-06-30,25048000000,2013-08-19,Assets,2026-08-25
LYB,buybacks,2013-06-30,270000000,2013-08-19,PaymentsForRepurchaseOfCommonStock,2026-08-25
LYB,cash,2013-06-30,3233000000,2013-08-19,CashAndCashEquivalentsAtCarryingValue,2026-08-25
LYB,debt,2013-06-30,4302000000,2013-08-19,LongTermDebt,2026-08-25
LYB,equity,2013-06-30,12032000000,2013-08-19,StockholdersEquity,2026-08-25
LYB,grossProfit,2013-06-30,1607000000,2013-08-19,GrossProfit,2026-08-25
LYB,inventory,2013-06-30,5197000000,2013-08-19,InventoryNet,2026-08-25
LYB,netIncome,2013-06-30,929000000,2013-08-19,NetIncomeLoss,2026-08-25
LYB,operatingIncome,2013-06-30,1364000000,2013-08-19,OperatingIncomeLoss,2026-08-25
LYB,receivables,2013-06-30,3787000000,2013-08-19,AccountsReceivableNetCurrent,2026-08-25
LYB,revenue,2013-06-30,11103000000,2013-08-19,Revenues,2026-08-25
LYB,rnd,2013-06-30,35000000,2013-08-19,ResearchAndDevelopmentExpense,2026-08-25
LYB,shares,2013-06-30,570501290,2013-08-19,CommonStockSharesOutstanding,2026-08-25
LYV,assets,2013-06-30,6082811000,2013-08-19,Assets,2026-08-25
LYV,cash,2013-06-30,1385260000,2013-08-19,CashAndCashEquivalentsAtCarryingValue,2026-08-25
LYV,equity,2013-06-30,1392271000,2013-08-19,StockholdersEquity,2026-08-25
LYV,netIncome,2013-06-30,58130000,2013-08-19,NetIncomeLoss,2026-08-25
LYV,operatingIncome,2013-06-30,97806000,2013-08-19,OperatingIncomeLoss,2026-08-25
LYV,receivables,2013-06-30,634509000,2013-08-19,AccountsReceivableNetCurrent,2026-08-25
LYV,revenue,2013-06-30,1679513000,2013-08-19,Revenues,2026-08-25
MA,assets,2013-06-30,12021000000,2013-08-19,Assets,2026-08-25
MA,cash,2013-06-30,2348000000,2013-08-19,CashAndCashEquivalentsAtCarryingValue,2026-08-25
MA,equity,2013-06-30,7018000000,2013-08-19,StockholdersEquity,2026-08-25
MA,liabilities,2013-06-30,4992000000,2013-08-19,Liabilities,2026-08-25
MA,netIncome,2013-06-30,848000000,2013-08-19,NetIncomeLoss,2026-08-25
MA,operatingIncome,2013-06-30,1228000000,2013-08-19,OperatingIncomeLoss,2026-08-25
MA,receivables,2013-06-30,949000000,2013-08-19,AccountsReceivableNetCurrent,2026-08-25
MA,revenue,2013-06-30,2096000000,2013-08-19,Revenues,2026-08-25
MAA,assets,2013-06-30,2620720000,2013-08-19,Assets,2026-08-25
MAA,cash,2013-06-30,8743000,2013-08-19,CashAndCashEquivalentsAtCarryingValue,2026-08-25
MAA,equity,2013-06-30,980297000,2013-08-19,StockholdersEquity,2026-08-25
MAA,liabilities,2013-06-30,1835113000,2013-08-19,Liabilities,2026-08-25
MAA,netIncome,2013-06-30,47747000,2013-08-19,NetIncomeLoss,2026-08-25
MAA,operatingIncome,2013-06-30,29853000,2013-08-19,OperatingIncomeLoss,2026-08-25
MAA,revenue,2013-06-30,121265000,2013-08-19,Revenues,2026-08-25
MAA,shares,2013-06-30,42744978,2013-08-19,CommonStockSharesOutstanding,2026-08-25
MAR,assets,2013-06-30,6377000000,2013-08-19,Assets,2026-08-25
MAR,cash,2013-06-30,108000000,2013-08-19,CashAndCashEquivalentsAtCarryingValue,2026-08-25
MAR,equity,2013-06-30,-1493000000,2013-08-19,StockholdersEquity,2026-08-25
MAR,netIncome,2013-06-30,179000000,2013-08-19,NetIncomeLoss,2026-08-25
MAR,operatingIncome,2013-06-30,279000000,2013-08-19,OperatingIncomeLoss,2026-08-25
MAR,revenue,2013-06-30,3263000000,2013-08-19,Revenues,2026-08-25
MAS,assets,2013-06-30,7077000000,2013-08-19,Assets,2026-08-25
MAS,cash,2013-06-30,1028000000,2013-08-19,CashAndCashEquivalentsAtCarryingValue,2026-08-25
MAS,debt,2013-06-30,3421000000,2013-08-19,LongTermDebtNoncurrent,2026-08-25
MAS,equity,2013-06-30,356000000,2013-08-19,StockholdersEquity,2026-08-25
MAS,grossProfit,2013-06-30,609000000,2013-08-19,GrossProfit,2026-08-25
MAS,inventory,2013-06-30,791000000,2013-08-19,InventoryNet,2026-08-25
MAS,liabilities,2013-06-30,6513000000,2013-08-19,Liabilities,2026-08-25
MAS,netIncome,2013-06-30,78000000,2013-08-19,NetIncomeLoss,2026-08-25
MAS,operatingIncome,2013-06-30,188000000,2013-08-19,OperatingIncomeLoss,2026-08-25
MAS,revenue,2013-06-30,2149000000,2013-08-19,SalesRevenueNet,2026-08-25
MAS,shares,2013-06-30,349200000,2013-08-19,CommonStockSharesOutstanding,2026-08-25
MCD,assets,2013-06-30,34453400000,2013-08-19,Assets,2026-08-25
MCD,buybacks,2013-06-30,432600000,2013-08-19,PaymentsForRepurchaseOfCommonStock,2026-08-25
MCD,capex,2013-06-30,599400000,2013-08-19,PaymentsToAcquirePropertyPlantAndEquipment,2026-08-25
MCD,cash,2013-06-30,2278400000,2013-08-19,CashAndCashEquivalentsAtCarryingValue,2026-08-25
MCD,debt,2013-06-30,13369800000,2013-08-19,LongTermDebtNoncurrent,2026-08-25
MCD,equity,2013-06-30,15170700000,2013-08-19,StockholdersEquity,2026-08-25
MCD,inventory,2013-06-30,107800000,2013-08-19,InventoryNet,2026-08-25
MCD,netIncome,2013-06-30,1396500000,2013-08-19,NetIncomeLoss,2026-08-25
MCD,operatingCashFlow,2013-06-30,1509800000,2013-08-19,NetCashProvidedByUsedInOperatingActivities,2026-08-25
MCD,operatingIncome,2013-06-30,2197700000,2013-08-19,OperatingIncomeLoss,2026-08-25
MCD,revenue,2013-06-30,7083800000,2013-08-19,Revenues,2026-08-25
MCHP,assets,2013-06-30,3883575000,2013-08-19,Assets,2026-08-25
MCHP,capex,2013-06-30,1616000,2013-08-19,PaymentsToAcquireProductiveAssets,2026-08-25
MCHP,cash,2013-06-30,403231000,2013-08-19,CashAndCashEquivalentsAtCarryingValue,2026-08-25
MCHP,equity,2013-06-30,1954260000,2013-08-19,StockholdersEquity,2026-08-25
MCHP,grossProfit,2013-06-30,266574000,2013-08-19,GrossProfit,2026-08-25
MCHP,inventory,2013-06-30,256136000,2013-08-19,InventoryNet,2026-08-25
MCHP,netIncome,2013-06-30,78579000,2013-08-19,NetIncomeLoss,2026-08-25
MCHP,operatingCashFlow,2013-06-30,167372000,2013-08-19,NetCashProvidedByUsedInOperatingActivities,2026-08-25
MCHP,operatingIncome,2013-06-30,98401000,2013-08-19,OperatingIncomeLoss,2026-08-25
MCHP,receivables,2013-06-30,232262000,2013-08-19,AccountsReceivableNetCurrent,2026-08-25
MCHP,revenue,2013-06-30,462792000,2013-08-19,SalesRevenueNet,2026-08-25
MCHP,rnd,2013-06-30,73085000,2013-08-19,ResearchAndDevelopmentExpense,2026-08-25
MCHP,shares,2013-06-30,197300452,2013-08-19,CommonStockSharesOutstanding,2026-08-25
MCK,assets,2013-06-30,35491000000,2013-08-19,Assets,2026-08-25
MCK,buybacks,2013-06-30,127000000,2013-08-19,PaymentsForRepurchaseOfCommonStock,2026-08-25
MCK,capex,2013-06-30,69000000,2013-08-19,PaymentsToAcquirePropertyPlantAndEquipment,2026-08-25
MCK,cash,2013-06-30,2905000000,2013-08-19,CashAndCashEquivalentsAtCarryingValue,2026-08-25
MCK,grossProfit,2013-06-30,1930000000,2013-08-19,GrossProfit,2026-08-25
MCK,inventory,2013-06-30,10332000000,2013-08-19,InventoryNet,2026-08-25
MCK,netIncome,2013-06-30,424000000,2013-08-19,NetIncomeLoss,2026-08-25
MCK,operatingCashFlow,2013-06-30,716000000,2013-08-19,NetCashProvidedByUsedInOperatingActivities,2026-08-25
MCK,operatingIncome,2013-06-30,655000000,2013-08-19,OperatingIncomeLoss,2026-08-25
MCK,revenue,2013-06-30,32239000000,2013-08-19,SalesRevenueNet,2026-08-25
MCO,assets,2013-06-30,3794300000,2013-08-19,Assets,2026-08-25
MCO,cash,2013-06-30,1633000000,2013-08-19,CashAndCashEquivalentsAtCarryingValue,2026-08-25
MCO,debt,2013-06-30,1605000000,2013-08-19,LongTermDebtNoncurrent,2026-08-25
MCO,equity,2013-06-30,447600000,2013-08-19,StockholdersEquity,2026-08-25
MCO,liabilities,2013-06-30,3258800000,2013-08-19,Liabilities,2026-08-25
MCO,netIncome,2013-06-30,225500000,2013-08-19,NetIncomeLoss,2026-08-25
MCO,operatingIncome,2013-06-30,350800000,2013-08-19,OperatingIncomeLoss,2026-08-25
MCO,receivables,2013-06-30,607700000,2013-08-19,AccountsReceivableNetCurrent,2026-08-25
MCO,revenue,2013-06-30,756000000,2013-08-19,Revenues,2026-08-25
MDLZ,assets,2013-06-30,71823000000,2013-08-19,Assets,2026-08-25
MDLZ,cash,2013-06-30,2476000000,2013-08-19,CashAndCashEquivalentsAtCarryingValue,2026-08-25
MDLZ,equity,2013-06-30,31407000000,2013-08-19,StockholdersEquity,2026-08-25
MDLZ,grossProfit,2013-06-30,3231000000,2013-08-19,GrossProfit,2026-08-25
MDLZ,inventory,2013-06-30,3937000000,2013-08-19,InventoryNet,2026-08-25
MDLZ,liabilities,2013-06-30,40274000000,2013-08-19,Liabilities,2026-08-25
MDLZ,netIncome,2013-06-30,601000000,2013-08-19,NetIncomeLoss,2026-08-25
MDLZ,operatingIncome,2013-06-30,865000000,2013-08-19,OperatingIncomeLoss,2026-08-25
MDLZ,revenue,2013-06-30,8595000000,2013-08-19,Revenues,2026-08-25
MDT,cash,2013-04-26,919000000,2013-06-15,CashAndCashEquivalentsAtCarryingValue,2026-08-25
MDT,equity,2013-04-26,18671000000,2013-06-15,StockholdersEquity,2026-08-25
MET,assets,2013-06-30,815662000000,2013-08-19,Assets,2026-08-25
MET,cash,2013-06-30,9184000000,2013-08-19,CashAndCashEquivalentsAtCarryingValue,2026-08-25
MET,equity,2013-06-30,60003000000,2013-08-19,StockholdersEquity,2026-08-25
MET,liabilities,2013-06-30,755124000000,2013-08-19,Liabilities,2026-08-25
MET,netIncome,2013-06-30,502000000,2013-08-19,NetIncomeLoss,2026-08-25
MET,revenue,2013-06-30,15721000000,2013-08-19,Revenues,2026-08-25
MET,shares,2013-06-30,1096601549,2013-08-19,CommonStockSharesOutstanding,2026-08-25
META,assets,2013-06-30,15724000000,2013-08-19,Assets,2026-08-25
META,cash,2013-06-30,3001000000,2013-08-19,CashAndCashEquivalentsAtCarryingValue,2026-08-25
META,debt,2013-06-30,1500000000,2013-08-19,LongTermDebtNoncurrent,2026-08-25
META,equity,2013-06-30,12349000000,2013-08-19,StockholdersEquity,2026-08-25
META,liabilities,2013-06-30,3375000000,2013-08-19,Liabilities,2026-08-25
META,netIncome,2013-06-30,333000000,2013-08-19,NetIncomeLoss,2026-08-25
META,operatingIncome,2013-06-30,562000000,2013-08-19,OperatingIncomeLoss,2026-08-25
META,receivables,2013-06-30,775000000,2013-08-19,AccountsReceivableNetCurrent,2026-08-25
META,revenue,2013-06-30,1813000000,2013-08-19,Revenues,2026-08-25
META,rnd,2013-06-30,344000000,2013-08-19,ResearchAndDevelopmentExpense,2026-08-25
MGM,assets,2013-06-30,25722137000,2013-08-19,Assets,2026-08-25
MGM,cash,2013-06-30,1278673000,2013-08-19,CashAndCashEquivalentsAtCarryingValue,2026-08-25
MGM,debt,2013-06-30,13111961000,2013-08-19,LongTermDebtNoncurrent,2026-08-25
MGM,equity,2013-06-30,4289061000,2013-08-19,StockholdersEquity,2026-08-25
MGM,inventory,2013-06-30,101110000,2013-08-19,InventoryNet,2026-08-25
MGM,liabilities,2013-06-30,17864971000,2013-08-19,Liabilities,2026-08-25
MGM,netIncome,2013-06-30,-98781000,2013-08-19,NetIncomeLoss,2026-08-25
MGM,operatingIncome,2013-06-30,235753000,2013-08-19,OperatingIncomeLoss,2026-08-25
MGM,revenue,2013-06-30,2481265000,2013-08-19,Revenues,2026-08-25
MGM,shares,2013-06-30,489596581,2013-08-19,CommonStockSharesOutstanding,2026-08-25
MKC,assets,2013-05-31,4208800000,2013-07-20,Assets,2026-08-25
MKC,cash,2013-05-31,72100000,2013-07-20,CashAndCashEquivalentsAtCarryingValue,2026-08-25
MKC,debt,2013-05-31,774400000,2013-07-20,LongTermDebtNoncurrent,2026-08-25
MKC,grossProfit,2013-05-31,394400000,2013-07-20,GrossProfit,2026-08-25
MKC,liabilities,2013-05-31,2475100000,2013-07-20,Liabilities,2026-08-25
MKC,netIncome,2013-05-31,78600000,2013-07-20,NetIncomeLoss,2026-08-25
MKC,operatingIncome,2013-05-31,116000000,2013-07-20,OperatingIncomeLoss,2026-08-25
MKC,receivables,2013-05-31,399900000,2013-07-20,AccountsReceivableNetCurrent,2026-08-25
MKC,revenue,2013-05-31,1002600000,2013-07-20,SalesRevenueNet,2026-08-25
MLM,assets,2013-06-30,3231119000,2013-08-19,Assets,2026-08-25
MLM,cash,2013-06-30,43712000,2013-08-19,CashAndCashEquivalentsAtCarryingValue,2026-08-25
MLM,debt,2013-06-30,1087150000,2013-08-19,LongTermDebtNoncurrent,2026-08-25
MLM,equity,2013-06-30,1402138000,2013-08-19,StockholdersEquity,2026-08-25
MLM,grossProfit,2013-06-30,106996000,2013-08-19,GrossProfit,2026-08-25
MLM,inventory,2013-06-30,348873000,2013-08-19,InventoryNet,2026-08-25
MLM,liabilities,2013-06-30,1790452000,2013-08-19,Liabilities,2026-08-25
MLM,netIncome,2013-06-30,41308000,2013-08-19,NetIncomeLoss,2026-08-25
MLM,operatingIncome,2013-06-30,69635000,2013-08-19,OperatingIncomeLoss,2026-08-25
MLM,receivables,2013-06-30,287521000,2013-08-19,AccountsReceivableNetCurrent,2026-08-25
MLM,revenue,2013-06-30,561326000,2013-08-19,SalesRevenueNet,2026-08-25
MMM,assets,2013-06-30,34130000000,2013-08-19,Assets,2026-08-25
MMM,cash,2013-06-30,2942000000,2013-08-19,CashAndCashEquivalentsAtCarryingValue,2026-08-25
MMM,debt,2013-06-30,4884000000,2013-08-19,LongTermDebtNoncurrent,2026-08-25
MMM,equity,2013-06-30,17876000000,2013-08-19,StockholdersEquity,2026-08-25
MMM,inventory,2013-06-30,3919000000,2013-08-19,InventoryNet,2026-08-25
MMM,liabilities,2013-06-30,15811000000,2013-08-19,Liabilities,2026-08-25
MMM,netIncome,2013-06-30,1197000000,2013-08-19,NetIncomeLoss,2026-08-25
MMM,operatingIncome,2013-06-30,1702000000,2013-08-19,OperatingIncomeLoss,2026-08-25
MMM,receivables,2013-06-30,4542000000,2013-08-19,AccountsReceivableNetCurrent,2026-08-25
MMM,revenue,2013-06-30,7752000000,2013-08-19,SalesRevenueNet,2026-08-25
MNST,assets,2013-06-30,1317842000,2013-08-19,Assets,2026-08-25
MNST,cash,2013-06-30,283839000,2013-08-19,CashAndCashEquivalentsAtCarryingValue,2026-08-25
MNST,equity,2013-06-30,856021000,2013-08-19,StockholdersEquity,2026-08-25
MNST,grossProfit,2013-06-30,336262000,2013-08-19,GrossProfit,2026-08-25
MNST,inventory,2013-06-30,233549000,2013-08-19,InventoryNet,2026-08-25
MNST,operatingIncome,2013-06-30,179427000,2013-08-19,OperatingIncomeLoss,2026-08-25
MNST,receivables,2013-06-30,342221000,2013-08-19,AccountsReceivableNetCurrent,2026-08-25
MNST,shares,2013-06-30,167365000,2013-08-19,CommonStockSharesOutstanding,2026-08-25
MO,assets,2013-06-30,34440000000,2013-08-19,Assets,2026-08-25
MO,cash,2013-06-30,2571000000,2013-08-19,CashAndCashEquivalentsAtCarryingValue,2026-08-25
MO,debt,2013-06-30,12890000000,2013-08-19,LongTermDebtNoncurrent,2026-08-25
MO,equity,2013-06-30,3565000000,2013-08-19,StockholdersEquity,2026-08-25
MO,grossProfit,2013-06-30,2554000000,2013-08-19,GrossProfit,2026-08-25
MO,inventory,2013-06-30,1701000000,2013-08-19,InventoryNet,2026-08-25
MO,liabilities,2013-06-30,30841000000,2013-08-19,Liabilities,2026-08-25
MO,netIncome,2013-06-30,1266000000,2013-08-19,NetIncomeLoss,2026-08-25
MO,operatingIncome,2013-06-30,2001000000,2013-08-19,OperatingIncomeLoss,2026-08-25
MO,revenue,2013-06-30,6305000000,2013-08-19,SalesRevenueNet,2026-08-25
MOS,assets,2013-05-31,18086000000,2013-07-20,Assets,2026-08-25
MOS,capex,2013-06-30,374000000,2013-08-19,PaymentsToAcquirePropertyPlantAndEquipment,2026-08-25
MOS,cash,2013-06-30,3915500000,2013-08-19,CashAndCashEquivalentsAtCarryingValue,2026-08-25
MOS,debt,2013-05-31,1010500000,2013-07-20,LongTermDebt,2026-08-25
MOS,equity,2013-05-31,13425400000,2013-07-20,StockholdersEquity,2026-08-25
MOS,grossProfit,2013-06-30,665300000,2013-08-19,GrossProfit,2026-08-25
MOS,inventory,2013-05-31,1557300000,2013-07-20,InventoryNet,2026-08-25
MOS,netIncome,2013-06-30,429800000,2013-08-19,NetIncomeLoss,2026-08-25
MOS,operatingIncome,2013-06-30,525700000,2013-08-19,OperatingIncomeLoss,2026-08-25
MPC,assets,2013-06-30,29695000000,2013-08-19,Assets,2026-08-25
MPC,buybacks,2013-06-30,882000000,2013-08-19,PaymentsForRepurchaseOfCommonStock,2026-08-25
MPC,cash,2013-06-30,3069000000,2013-08-19,CashAndCashEquivalentsAtCarryingValue,2026-08-25
MPC,equity,2013-06-30,11784000000,2013-08-19,StockholdersEquity,2026-08-25
MPC,inventory,2013-06-30,4830000000,2013-08-19,InventoryNet,2026-08-25
MPC,liabilities,2013-06-30,17498000000,2013-08-19,Liabilities,2026-08-25
MPC,netIncome,2013-06-30,593000000,2013-08-19,NetIncomeLoss,2026-08-25
MPC,operatingIncome,2013-06-30,960000000,2013-08-19,OperatingIncomeLoss,2026-08-25
MPC,receivables,2013-06-30,6163000000,2013-08-19,AccountsReceivableNetCurrent,2026-08-25
MPC,revenue,2013-06-30,25677000000,2013-08-19,Revenues,2026-08-25
MPWR,assets,2013-06-30,332594000,2013-08-19,Assets,2026-08-25
MPWR,cash,2013-06-30,101735000,2013-08-19,CashAndCashEquivalentsAtCarryingValue,2026-08-25
MPWR,equity,2013-06-30,293962000,2013-08-19,StockholdersEquity,2026-08-25
MPWR,grossProfit,2013-06-30,30928000,2013-08-19,GrossProfit,2026-08-25
MPWR,inventory,2013-06-30,40268000,2013-08-19,InventoryNet,2026-08-25
MPWR,liabilities,2013-06-30,38632000,2013-08-19,Liabilities,2026-08-25
MPWR,netIncome,2013-06-30,5489000,2013-08-19,NetIncomeLoss,2026-08-25
MPWR,operatingIncome,2013-06-30,4914000,2013-08-19,OperatingIncomeLoss,2026-08-25
MPWR,receivables,2013-06-30,20319000,2013-08-19,AccountsReceivableNetCurrent,2026-08-25
MPWR,revenue,2013-06-30,57714000,2013-08-19,Revenues,2026-08-25
MPWR,shares,2013-06-30,37336000,2013-08-19,CommonStockSharesOutstanding,2026-08-25
MRK,assets,2013-06-30,106876000000,2013-08-19,Assets,2026-08-25
MRK,cash,2013-06-30,15090000000,2013-08-19,CashAndCashEquivalentsAtCarryingValue,2026-08-25
MRK,debt,2013-06-30,22526000000,2013-08-19,LongTermDebtNoncurrent,2026-08-25
MRK,equity,2013-06-30,47500000000,2013-08-19,StockholdersEquity,2026-08-25
MRK,inventory,2013-06-30,6766000000,2013-08-19,InventoryNet,2026-08-25
MRK,netIncome,2013-06-30,906000000,2013-08-19,NetIncomeLoss,2026-08-25
MRK,receivables,2013-06-30,7779000000,2013-08-19,AccountsReceivableNetCurrent,2026-08-25
MRK,rnd,2013-06-30,2101000000,2013-08-19,ResearchAndDevelopmentExpense,2026-08-25
MRSH,assets,2013-06-30,15838000000,2013-08-19,Assets,2026-08-25
MRSH,cash,2013-06-30,1230000000,2013-08-19,CashAndCashEquivalentsAtCarryingValue,2026-08-25
MRSH,netIncome,2013-06-30,388000000,2013-08-19,NetIncomeLoss,2026-08-25
MRSH,operatingIncome,2013-06-30,577000000,2013-08-19,OperatingIncomeLoss,2026-08-25
MRSH,shares,2013-06-30,549000000,2013-08-19,CommonStockSharesOutstanding,2026-08-25
MS,assets,2013-06-30,802691000000,2013-08-19,Assets,2026-08-25
MS,cash,2013-06-30,47199000000,2013-08-19,CashAndCashEquivalentsAtCarryingValue,2026-08-25
MS,debt,2013-06-30,161098000000,2013-08-19,LongTermDebt,2026-08-25
MS,equity,2013-06-30,63181000000,2013-08-19,StockholdersEquity,2026-08-25
MS,liabilities,2013-06-30,736577000000,2013-08-19,Liabilities,2026-08-25
MS,netIncome,2013-06-30,980000000,2013-08-19,NetIncomeLoss,2026-08-25
MS,revenue,2013-06-30,8520000000,2013-08-19,Revenues,2026-08-25
MS,shares,2013-06-30,1959326270,2013-08-19,CommonStockSharesOutstanding,2026-08-25
MSCI,assets,2013-06-30,3105098000,2013-08-19,Assets,2026-08-25
MSCI,cash,2013-06-30,334701000,2013-08-19,CashAndCashEquivalentsAtCarryingValue,2026-08-25
MSCI,debt,2013-06-30,775072000,2013-08-19,LongTermDebtNoncurrent,2026-08-25
MSCI,equity,2013-06-30,1555828000,2013-08-19,StockholdersEquity,2026-08-25
MSCI,liabilities,2013-06-30,1549270000,2013-08-19,Liabilities,2026-08-25
MSCI,netIncome,2013-06-30,61053000,2013-08-19,NetIncomeLoss,2026-08-25
MSCI,operatingIncome,2013-06-30,89889000,2013-08-19,OperatingIncomeLoss,2026-08-25
MSCI,receivables,2013-06-30,160101000,2013-08-19,AccountsReceivableNetCurrent,2026-08-25
MSCI,revenue,2013-06-30,228423000,2013-08-19,Revenues,2026-08-25
MSCI,shares,2013-06-30,120930933,2013-08-19,CommonStockSharesOutstanding,2026-08-25
MSFT,assets,2013-06-30,142431000000,2013-08-19,Assets,2026-08-25
MSFT,cash,2013-06-30,3804000000,2013-08-19,CashAndCashEquivalentsAtCarryingValue,2026-08-25
MSFT,debt,2013-06-30,12601000000,2013-08-19,LongTermDebtNoncurrent,2026-08-25
MSFT,equity,2013-06-30,78944000000,2013-08-19,StockholdersEquity,2026-08-25
MSFT,grossProfit,2013-06-30,14294000000,2013-08-19,GrossProfit,2026-08-25
MSFT,inventory,2013-06-30,1938000000,2013-08-19,InventoryNet,2026-08-25
MSFT,liabilities,2013-06-30,63487000000,2013-08-19,Liabilities,2026-08-25
MSFT,netIncome,2013-06-30,4965000000,2013-08-19,NetIncomeLoss,2026-08-25
MSFT,receivables,2013-06-30,17486000000,2013-08-19,AccountsReceivableNetCurrent,2026-08-25
MSFT,revenue,2013-06-30,19896000000,2013-08-19,SalesRevenueNet,2026-08-25
MSFT,shares,2013-06-30,8328000000,2013-08-19,CommonStockSharesOutstanding,2026-08-25
MSI,assets,2013-06-29,12160000000,2013-08-18,Assets,2026-08-25
MSI,cash,2013-06-29,1457000000,2013-08-18,CashAndCashEquivalentsAtCarryingValue,2026-08-25
MSI,debt,2013-06-29,2452000000,2013-08-18,LongTermDebtNoncurrent,2026-08-25
MSI,equity,2013-06-29,2791000000,2013-08-18,StockholdersEquity,2026-08-25
MSI,grossProfit,2013-06-29,750000000,2013-08-18,GrossProfit,2026-08-25
MSI,inventory,2013-06-29,498000000,2013-08-18,InventoryNet,2026-08-25
MSI,netIncome,2013-06-29,258000000,2013-08-18,NetIncomeLoss,2026-08-25
MSI,operatingIncome,2013-06-29,203000000,2013-08-18,OperatingIncomeLoss,2026-08-25
MSI,receivables,2013-06-29,1707000000,2013-08-18,AccountsReceivableNetCurrent,2026-08-25
MSI,revenue,2013-06-29,1497000000,2013-08-18,Revenues,2026-08-25
MSI,rnd,2013-06-29,195000000,2013-08-18,ResearchAndDevelopmentExpense,2026-08-25
MSI,shares,2013-06-29,265900000,2013-08-18,CommonStockSharesOutstanding,2026-08-25
MTB,assets,2013-06-30,83229005000,2013-08-19,Assets,2026-08-25
MTB,cash,2013-06-30,1474502000,2013-08-19,CashAndCashEquivalentsAtCarryingValue,2026-08-25
MTB,debt,2013-06-30,5122398000,2013-08-19,LongTermDebt,2026-08-25
MTB,equity,2013-06-30,10716330000,2013-08-19,StockholdersEquity,2026-08-25
MTB,liabilities,2013-06-30,72512675000,2013-08-19,Liabilities,2026-08-25
MTB,netIncome,2013-06-30,348466000,2013-08-19,NetIncomeLoss,2026-08-25
MTD,assets,2013-06-30,2133437000,2013-08-19,Assets,2026-08-25
MTD,cash,2013-06-30,120217000,2013-08-19,CashAndCashEquivalentsAtCarryingValue,2026-08-25
MTD,debt,2013-06-30,443727000,2013-08-19,LongTermDebtNoncurrent,2026-08-25
MTD,equity,2013-06-30,811102000,2013-08-19,StockholdersEquity,2026-08-25
MTD,grossProfit,2013-06-30,308843000,2013-08-19,GrossProfit,2026-08-25
MTD,inventory,2013-06-30,203288000,2013-08-19,InventoryNet,2026-08-25
MTD,liabilities,2013-06-30,1322335000,2013-08-19,Liabilities,2026-08-25
MTD,netIncome,2013-06-30,69062000,2013-08-19,NetIncomeLoss,2026-08-25
MTD,receivables,2013-06-30,418031000,2013-08-19,AccountsReceivableNetCurrent,2026-08-25
MTD,revenue,2013-06-30,578680000,2013-08-19,Revenues,2026-08-25
MTD,rnd,2013-06-30,29003000,2013-08-19,ResearchAndDevelopmentExpense,2026-08-25
MTD,shares,2013-06-30,29945248,2013-08-19,CommonStockSharesOutstanding,2026-08-25
MU,assets,2013-05-30,14055000000,2013-07-19,Assets,2026-08-25
MU,cash,2013-05-30,2440000000,2013-07-19,CashAndCashEquivalentsAtCarryingValue,2026-08-25
MU,debt,2013-05-30,3267000000,2013-07-19,LongTermDebtNoncurrent,2026-08-25
MU,equity,2013-05-30,7328000000,2013-07-19,StockholdersEquity,2026-08-25
MU,grossProfit,2013-05-30,556000000,2013-07-19,GrossProfit,2026-08-25
MU,inventory,2013-05-30,1732000000,2013-07-19,InventoryNet,2026-08-25
MU,liabilities,2013-05-30,6029000000,2013-07-19,Liabilities,2026-08-25
MU,netIncome,2013-05-30,43000000,2013-07-19,NetIncomeLoss,2026-08-25
MU,operatingIncome,2013-05-30,149000000,2013-07-19,OperatingIncomeLoss,2026-08-25
MU,receivables,2013-05-30,1250000000,2013-07-19,AccountsReceivableNetCurrent,2026-08-25
MU,revenue,2013-05-30,2318000000,2013-07-19,SalesRevenueNet,2026-08-25
MU,rnd,2013-05-30,226000000,2013-07-19,ResearchAndDevelopmentExpense,2026-08-25
MU,shares,2013-05-30,1034700000,2013-07-19,CommonStockSharesOutstanding,2026-08-25
NCLH,assets,2013-06-30,6588633000,2013-08-19,Assets,2026-08-25
NCLH,cash,2013-06-30,82840000,2013-08-19,CashAndCashEquivalentsAtCarryingValue,2026-08-25
NCLH,equity,2013-06-30,2353653000,2013-08-19,StockholdersEquity,2026-08-25
NCLH,inventory,2013-06-30,45429000,2013-08-19,InventoryNet,2026-08-25
NCLH,liabilities,2013-06-30,4204340000,2013-08-19,Liabilities,2026-08-25
NCLH,netIncome,2013-06-30,-8841000,2013-08-19,NetIncomeLoss,2026-08-25
NCLH,operatingIncome,2013-06-30,95389000,2013-08-19,OperatingIncomeLoss,2026-08-25
NCLH,receivables,2013-06-30,16370000,2013-08-19,AccountsReceivableNetCurrent,2026-08-25
NCLH,revenue,2013-06-30,644433000,2013-08-19,Revenues,2026-08-25
NCLH,shares,2013-06-30,204014702,2013-08-19,CommonStockSharesOutstanding,2026-08-25
NDAQ,assets,2013-06-30,11953000000,2013-08-19,Assets,2026-08-25
NDAQ,cash,2013-06-30,379000000,2013-08-19,CashAndCashEquivalentsAtCarryingValue,2026-08-25
NDAQ,debt,2013-06-30,2647000000,2013-08-19,LongTermDebtNoncurrent,2026-08-25
NDAQ,equity,2013-06-30,5862000000,2013-08-19,StockholdersEquity,2026-08-25
NDAQ,grossProfit,2013-06-30,451000000,2013-08-19,GrossProfit,2026-08-25
NDAQ,liabilities,2013-06-30,6090000000,2013-08-19,Liabilities,2026-08-25
NDAQ,netIncome,2013-06-30,88000000,2013-08-19,NetIncomeLoss,2026-08-25
NDAQ,operatingIncome,2013-06-30,159000000,2013-08-19,OperatingIncomeLoss,2026-08-25
NDAQ,revenue,2013-06-30,814000000,2013-08-19,Revenues,2026-08-25
NDAQ,shares,2013-06-30,167221434,2013-08-19,CommonStockSharesOutstanding,2026-08-25
NDSN,assets,2013-04-30,1857337000,2013-06-19,Assets,2026-08-25
NDSN,cash,2013-04-30,62792000,2013-06-19,CashAndCashEquivalentsAtCarryingValue,2026-08-25
NDSN,debt,2013-04-30,551560000,2013-06-19,LongTermDebtNoncurrent,2026-08-25
NDSN,equity,2013-04-30,735595000,2013-06-19,StockholdersEquity,2026-08-25
NDSN,grossProfit,2013-04-30,216938000,2013-06-19,GrossProfit,2026-08-25
NDSN,inventory,2013-04-30,188520000,2013-06-19,InventoryNet,2026-08-25
NDSN,netIncome,2013-04-30,54605000,2013-06-19,NetIncomeLoss,2026-08-25
NDSN,operatingIncome,2013-04-30,82202000,2013-06-19,OperatingIncomeLoss,2026-08-25
NDSN,revenue,2013-04-30,382100000,2013-06-19,SalesRevenueNet,2026-08-25
NEE,assets,2013-06-30,65217000000,2013-08-19,Assets,2026-08-25
NEE,cash,2013-06-30,411000000,2013-08-19,CashAndCashEquivalentsAtCarryingValue,2026-08-25
NEE,debt,2013-06-30,23514000000,2013-08-19,LongTermDebtNoncurrent,2026-08-25
NEE,inventory,2013-06-30,1120000000,2013-08-19,InventoryNet,2026-08-25
NEE,netIncome,2013-06-30,610000000,2013-08-19,NetIncomeLoss,2026-08-25
NEE,operatingIncome,2013-06-30,981000000,2013-08-19,OperatingIncomeLoss,2026-08-25
NEE,receivables,2013-06-30,1809000000,2013-08-19,AccountsReceivableNetCurrent,2026-08-25
NEE,revenue,2013-06-30,3833000000,2013-08-19,Revenues,2026-08-25
NEE,shares,2013-06-30,425000000,2013-08-19,CommonStockSharesOutstanding,2026-08-25
NEM,assets,2013-06-30,26476000000,2013-08-19,Assets,2026-08-25
NEM,cash,2013-06-30,1248000000,2013-08-19,CashAndCashEquivalentsAtCarryingValue,2026-08-25
NEM,debt,2013-06-30,6726000000,2013-08-19,LongTermDebtNoncurrent,2026-08-25
NEM,equity,2013-06-30,11226000000,2013-08-19,StockholdersEquity,2026-08-25
NEM,grossProfit,2013-06-30,-97000000,2013-08-19,GrossProfit,2026-08-25
NEM,inventory,2013-06-30,803000000,2013-08-19,InventoryNet,2026-08-25
NEM,liabilities,2013-06-30,12238000000,2013-08-19,Liabilities,2026-08-25
NEM,netIncome,2013-06-30,-2059000000,2013-08-19,NetIncomeLoss,2026-08-25
NEM,receivables,2013-06-30,257000000,2013-08-19,AccountsReceivableNetCurrent,2026-08-25
NEM,rnd,2013-06-30,46000000,2013-08-19,ResearchAndDevelopmentExpense,2026-08-25
NFLX,assets,2013-06-30,4480751000,2013-08-19,Assets,2026-08-25
NFLX,capex,2013-06-30,8088000,2013-08-19,PaymentsToAcquirePropertyPlantAndEquipment,2026-08-25
NFLX,cash,2013-06-30,370678000,2013-08-19,CashAndCashEquivalentsAtCarryingValue,2026-08-25
NFLX,debt,2013-06-30,500000000,2013-08-19,LongTermDebtNoncurrent,2026-08-25
NFLX,equity,2013-06-30,1105622000,2013-08-19,StockholdersEquity,2026-08-25
NFLX,grossProfit,2013-06-30,308698000,2013-08-19,GrossProfit,2026-08-25
NFLX,liabilities,2013-06-30,3375129000,2013-08-19,Liabilities,2026-08-25
NFLX,netIncome,2013-06-30,29471000,2013-08-19,NetIncomeLoss,2026-08-25
NFLX,operatingCashFlow,2013-06-30,33943000,2013-08-19,NetCashProvidedByUsedInOperatingActivities,2026-08-25
NFLX,operatingIncome,2013-06-30,57117000,2013-08-19,OperatingIncomeLoss,2026-08-25
NFLX,revenue,2013-06-30,1069372000,2013-08-19,Revenues,2026-08-25
NFLX,rnd,2013-06-30,93126000,2013-08-19,ResearchAndDevelopmentExpense,2026-08-25
NFLX,shares,2013-06-30,58922493,2013-08-19,CommonStockSharesOutstanding,2026-08-25
NI,assets,2013-06-30,21621600000,2013-08-19,Assets,2026-08-25
NI,cash,2013-06-30,44500000,2013-08-19,CashAndCashEquivalentsAtCarryingValue,2026-08-25
NI,equity,2013-06-30,5702700000,2013-08-19,StockholdersEquity,2026-08-25
NI,grossProfit,2013-06-30,852200000,2013-08-19,GrossProfit,2026-08-25
NI,netIncome,2013-06-30,71700000,2013-08-19,NetIncomeLoss,2026-08-25
NI,operatingIncome,2013-06-30,194000000,2013-08-19,OperatingIncomeLoss,2026-08-25
NI,receivables,2013-06-30,716500000,2013-08-19,AccountsReceivableNetCurrent,2026-08-25
NI,revenue,2013-06-30,1201500000,2013-08-19,Revenues,2026-08-25
NI,shares,2013-06-30,312420078,2013-08-19,CommonStockSharesOutstanding,2026-08-25
NKE,assets,2013-05-31,17545000000,2013-07-20,Assets,2026-08-25
NKE,cash,2013-05-31,3337000000,2013-07-20,CashAndCashEquivalentsAtCarryingValue,2026-08-25
NKE,debt,2013-05-31,1210000000,2013-07-20,LongTermDebtNoncurrent,2026-08-25
NKE,equity,2013-05-31,11081000000,2013-07-20,StockholdersEquity,2026-08-25
NKE,receivables,2013-05-31,3117000000,2013-07-20,AccountsReceivableNetCurrent,2026-08-25
NOC,assets,2013-06-30,27508000000,2013-08-19,Assets,2026-08-25
NOC,cash,2013-06-30,4904000000,2013-08-19,CashAndCashEquivalentsAtCarryingValue,2026-08-25
NOC,equity,2013-06-30,9558000000,2013-08-19,StockholdersEquity,2026-08-25
NOC,liabilities,2013-06-30,17950000000,2013-08-19,Liabilities,2026-08-25
NOC,netIncome,2013-06-30,488000000,2013-08-19,NetIncomeLoss,2026-08-25
NOC,operatingIncome,2013-06-30,806000000,2013-08-19,OperatingIncomeLoss,2026-08-25
NOC,revenue,2013-06-30,6294000000,2013-08-19,Revenues,2026-08-25
NOC,shares,2013-06-30,230801552,2013-08-19,CommonStockSharesOutstanding,2026-08-25
NOW,assets,2013-06-30,542333000,2013-08-19,Assets,2026-08-25
NOW,cash,2013-06-30,120233000,2013-08-19,CashAndCashEquivalentsAtCarryingValue,2026-08-25
NOW,equity,2013-06-30,267895000,2013-08-19,StockholdersEquity,2026-08-25
NOW,grossProfit,2013-06-30,66224000,2013-08-19,GrossProfit,2026-08-25
NOW,liabilities,2013-06-30,274438000,2013-08-19,Liabilities,2026-08-25
NOW,netIncome,2013-06-30,-21405000,2013-08-19,NetIncomeLoss,2026-08-25
NOW,operatingIncome,2013-06-30,-19343000,2013-08-19,OperatingIncomeLoss,2026-08-25
NOW,revenue,2013-06-30,102222000,2013-08-19,Revenues,2026-08-25
NOW,rnd,2013-06-30,17951000,2013-08-19,ResearchAndDevelopmentExpense,2026-08-25
NRG,assets,2013-06-30,34492000000,2013-08-19,Assets,2026-08-25
NRG,cash,2013-06-30,1368000000,2013-08-19,CashAndCashEquivalentsAtCarryingValue,2026-08-25
NRG,debt,2013-06-30,16610000000,2013-08-19,LongTermDebt,2026-08-25
NRG,inventory,2013-06-30,874000000,2013-08-19,InventoryNet,2026-08-25
NRG,liabilities,2013-06-30,23940000000,2013-08-19,Liabilities,2026-08-25
NRG,netIncome,2013-06-30,124000000,2013-08-19,NetIncomeLoss,2026-08-25
NRG,operatingIncome,2013-06-30,287000000,2013-08-19,OperatingIncomeLoss,2026-08-25
NRG,receivables,2013-06-30,1290000000,2013-08-19,AccountsReceivableNetCurrent,2026-08-25
NRG,revenue,2013-06-30,2929000000,2013-08-19,Revenues,2026-08-25
NRG,rnd,2013-06-30,21000000,2013-08-19,ResearchAndDevelopmentExpense,2026-08-25
NRG,shares,2013-06-30,322568398,2013-08-19,CommonStockSharesOutstanding,2026-08-25
NSC,assets,2013-06-30,30605000000,2013-08-19,Assets,2026-08-25
NSC,cash,2013-06-30,587000000,2013-08-19,CashAndCashEquivalentsAtCarryingValue,2026-08-25
NSC,debt,2013-06-30,8477000000,2013-08-19,LongTermDebt,2026-08-25
NSC,liabilities,2013-06-30,20417000000,2013-08-19,Liabilities,2026-08-25
NSC,operatingIncome,2013-06-30,836000000,2013-08-19,OperatingIncomeLoss,2026-08-25
NSC,receivables,2013-06-30,1072000000,2013-08-19,AccountsReceivableNetCurrent,2026-08-25
NSC,revenue,2013-06-30,2802000000,2013-08-19,Revenues,2026-08-25
NSC,shares,2013-06-30,311952780,2013-08-19,CommonStockSharesOutstanding,2026-08-25
NTAP,assets,2013-04-26,11242400000,2013-06-15,Assets,2026-08-25
NTAP,cash,2013-04-26,3277000000,2013-06-15,CashAndCashEquivalentsAtCarryingValue,2026-08-25
NTAP,debt,2013-04-26,994600000,2013-06-15,LongTermDebtNoncurrent,2026-08-25
NTAP,equity,2013-04-26,4718000000,2013-06-15,StockholdersEquity,2026-08-25
NTAP,grossProfit,2013-04-26,1032200000,2013-06-15,GrossProfit,2026-08-25
NTAP,inventory,2013-04-26,139500000,2013-06-15,InventoryNet,2026-08-25
NTAP,liabilities,2013-04-26,6524900000,2013-06-15,Liabilities,2026-08-25
NTAP,netIncome,2013-04-26,173800000,2013-06-15,NetIncomeLoss,2026-08-25
NTAP,receivables,2013-04-26,800900000,2013-06-15,AccountsReceivableNetCurrent,2026-08-25
NTAP,revenue,2013-04-26,1716500000,2013-06-15,SalesRevenueNet,2026-08-25
NTRS,assets,2013-06-30,97236000000,2013-08-19,Assets,2026-08-25
NTRS,equity,2013-06-30,7724600000,2013-08-19,StockholdersEquity,2026-08-25
NTRS,liabilities,2013-06-30,89511400000,2013-08-19,Liabilities,2026-08-25
NTRS,netIncome,2013-06-30,191100000,2013-08-19,NetIncomeLoss,2026-08-25
NTRS,shares,2013-06-30,240137628,2013-08-19,CommonStockSharesOutstanding,2026-08-25
NUE,assets,2013-06-29,13766651000,2013-08-18,Assets,2026-08-25
NUE,cash,2013-06-29,630467000,2013-08-18,CashAndCashEquivalentsAtCarryingValue,2026-08-25
NUE,debt,2013-06-29,3380200000,2013-08-18,LongTermDebtNoncurrent,2026-08-25
NUE,equity,2013-06-29,7537629000,2013-08-18,StockholdersEquity,2026-08-25
NUE,grossProfit,2013-06-29,313125000,2013-08-18,GrossProfit,2026-08-25
NUE,inventory,2013-06-29,2279744000,2013-08-18,InventoryNet,2026-08-25
NUE,liabilities,2013-06-29,5995421000,2013-08-18,Liabilities,2026-08-25
NUE,netIncome,2013-06-29,85145000,2013-08-18,NetIncomeLoss,2026-08-25
NUE,receivables,2013-06-29,1767177000,2013-08-18,AccountsReceivableNetCurrent,2026-08-25
NUE,revenue,2013-06-29,4665588000,2013-08-18,SalesRevenueNet,2026-08-25
NVDA,assets,2013-04-28,6279527000,2013-06-17,Assets,2026-08-25
NVDA,buybacks,2013-04-28,100000000,2013-06-17,PaymentsForRepurchaseOfCommonStock,2026-08-25
NVDA,capex,2013-04-28,65667000,2013-06-17,PaymentsToAcquirePropertyPlantAndEquipment,2026-08-25
NVDA,cash,2013-04-28,561423000,2013-06-17,CashAndCashEquivalentsAtCarryingValue,2026-08-25
NVDA,equity,2013-04-28,4824936000,2013-06-17,StockholdersEquity,2026-08-25
NVDA,grossProfit,2013-04-28,518568000,2013-06-17,GrossProfit,2026-08-25
NVDA,inventory,2013-04-28,377597000,2013-06-17,InventoryNet,2026-08-25
NVDA,netIncome,2013-04-28,77891000,2013-06-17,NetIncomeLoss,2026-08-25
NVDA,operatingCashFlow,2013-04-28,175650000,2013-06-17,NetCashProvidedByUsedInOperatingActivities,2026-08-25
NVDA,operatingIncome,2013-04-28,82781000,2013-06-17,OperatingIncomeLoss,2026-08-25
NVDA,receivables,2013-04-28,346998000,2013-06-17,AccountsReceivableNetCurrent,2026-08-25
NVDA,revenue,2013-04-28,954739000,2013-06-17,Revenues,2026-08-25
NVDA,rnd,2013-04-28,327161000,2013-06-17,ResearchAndDevelopmentExpense,2026-08-25
NVR,assets,2013-06-30,2531167000,2013-08-19,Assets,2026-08-25
NVR,cash,2013-06-30,778424000,2013-08-19,CashAndCashEquivalentsAtCarryingValue,2026-08-25
NVR,equity,2013-06-30,1320279000,2013-08-19,StockholdersEquity,2026-08-25
NVR,liabilities,2013-06-30,1210888000,2013-08-19,Liabilities,2026-08-25
NVR,netIncome,2013-06-30,50690000,2013-08-19,NetIncomeLoss,2026-08-25
NVR,revenue,2013-06-30,1009892000,2013-08-19,Revenues,2026-08-25
NWS,assets,2013-06-30,15643000000,2013-08-19,Assets,2026-08-25
NWS,cash,2013-06-30,2381000000,2013-08-19,CashAndCashEquivalentsAtCarryingValue,2026-08-25
NWS,equity,2013-06-30,12558000000,2013-08-19,StockholdersEquity,2026-08-25
NWS,inventory,2013-06-30,301000000,2013-08-19,InventoryNet,2026-08-25
NWS,netIncome,2013-06-30,-1124000000,2013-08-19,NetIncomeLoss,2026-08-25
NWS,receivables,2013-06-30,1335000000,2013-08-19,AccountsReceivableNetCurrent,2026-08-25
NWS,revenue,2013-06-30,2257000000,2013-08-19,Revenues,2026-08-25
NWS,shares,2013-06-30,579000000,2013-08-19,CommonStockSharesOutstanding,2026-08-25
O,assets,2013-06-30,9415533000,2013-08-19,Assets,2026-08-25
O,equity,2013-06-30,5068879000,2013-08-19,StockholdersEquity,2026-08-25
O,liabilities,2013-06-30,4310447000,2013-08-19,Liabilities,2026-08-25
O,netIncome,2013-06-30,56439000,2013-08-19,NetIncomeLoss,2026-08-25
O,shares,2013-06-30,196265884,2013-08-19,CommonStockSharesOutstanding,2026-08-25
ODFL,assets,2013-06-30,1854730000,2013-08-19,Assets,2026-08-25
ODFL,cash,2013-06-30,7370000,2013-08-19,CashAndCashEquivalentsAtCarryingValue,2026-08-25
ODFL,equity,2013-06-30,1124777000,2013-08-19,StockholdersEquity,2026-08-25
ODFL,liabilities,2013-06-30,729953000,2013-08-19,Liabilities,2026-08-25
ODFL,netIncome,2013-06-30,58255000,2013-08-19,NetIncomeLoss,2026-08-25
ODFL,operatingIncome,2013-06-30,97573000,2013-08-19,OperatingIncomeLoss,2026-08-25
ODFL,receivables,2013-06-30,267690000,2013-08-19,AccountsReceivableNetCurrent,2026-08-25
ODFL,shares,2013-06-30,86164917,2013-08-19,CommonStockSharesOutstanding,2026-08-25
OKE,assets,2013-06-30,15842274000,2013-08-19,Assets,2026-08-25
OKE,capex,2013-06-30,559268000,2013-08-19,PaymentsToAcquirePropertyPlantAndEquipment,2026-08-25
OKE,cash,2013-06-30,29888000,2013-08-19,CashAndCashEquivalentsAtCarryingValue,2026-08-25
OKE,debt,2013-06-30,6511359000,2013-08-19,LongTermDebtNoncurrent,2026-08-25
OKE,equity,2013-06-30,2085349000,2013-08-19,StockholdersEquity,2026-08-25
OKE,grossProfit,2013-06-30,412758000,2013-08-19,GrossProfit,2026-08-25
OKE,inventory,2013-06-30,434996000,2013-08-19,InventoryNet,2026-08-25
OKE,netIncome,2013-06-30,919000,2013-08-19,NetIncomeLoss,2026-08-25
OKE,operatingIncome,2013-06-30,228389000,2013-08-19,OperatingIncomeLoss,2026-08-25
OKE,revenue,2013-06-30,2768984000,2013-08-19,Revenues,2026-08-25
OKE,shares,2013-06-30,206190506,2013-08-19,CommonStockSharesOutstanding,2026-08-25
OMC,assets,2013-06-30,20525000000,2013-08-19,Assets,2026-08-25
OMC,cash,2013-06-30,1399900000,2013-08-19,CashAndCashEquivalentsAtCarryingValue,2026-08-25
OMC,equity,2013-06-30,3055700000,2013-08-19,StockholdersEquity,2026-08-25
OMC,netIncome,2013-06-30,289500000,2013-08-19,NetIncomeLoss,2026-08-25
OMC,operatingIncome,2013-06-30,523000000,2013-08-19,OperatingIncomeLoss,2026-08-25
OMC,receivables,2013-06-30,6637000000,2013-08-19,AccountsReceivableNetCurrent,2026-08-25
OMC,revenue,2013-06-30,3637000000,2013-08-19,Revenues,2026-08-25
ON,assets,2013-06-28,3241400000,2013-08-17,Assets,2026-08-25
ON,cash,2013-06-28,396100000,2013-08-17,CashAndCashEquivalentsAtCarryingValue,2026-08-25
ON,debt,2013-06-28,686300000,2013-08-17,LongTermDebtNoncurrent,2026-08-25
ON,equity,2013-06-28,1434000000,2013-08-17,StockholdersEquity,2026-08-25
ON,grossProfit,2013-06-28,231900000,2013-08-17,GrossProfit,2026-08-25
ON,inventory,2013-06-28,559700000,2013-08-17,InventoryNet,2026-08-25
ON,liabilities,2013-06-28,1776100000,2013-08-17,Liabilities,2026-08-25
ON,netIncome,2013-06-28,45800000,2013-08-17,NetIncomeLoss,2026-08-25
ON,operatingIncome,2013-06-28,50900000,2013-08-17,OperatingIncomeLoss,2026-08-25
ON,revenue,2013-06-28,688300000,2013-08-17,Revenues,2026-08-25
ON,shares,2013-06-28,449812626,2013-08-17,CommonStockSharesOutstanding,2026-08-25
ORCL,assets,2013-05-31,81812000000,2013-07-20,Assets,2026-08-25
ORCL,cash,2013-05-31,14613000000,2013-07-20,CashAndCashEquivalentsAtCarryingValue,2026-08-25
ORCL,equity,2013-05-31,44648000000,2013-07-20,StockholdersEquity,2026-08-25
ORCL,inventory,2013-05-31,240000000,2013-07-20,InventoryNet,2026-08-25
ORCL,receivables,2013-05-31,6049000000,2013-07-20,AccountsReceivableNetCurrent,2026-08-25
ORCL,shares,2013-05-31,4646000000,2013-07-20,CommonStockSharesOutstanding,2026-08-25
ORLY,assets,2013-06-30,6123646000,2013-08-19,Assets,2026-08-25
ORLY,cash,2013-06-30,365930000,2013-08-19,CashAndCashEquivalentsAtCarryingValue,2026-08-25
ORLY,equity,2013-06-30,2006143000,2013-08-19,StockholdersEquity,2026-08-25
ORLY,grossProfit,2013-06-30,871875000,2013-08-19,GrossProfit,2026-08-25
ORLY,inventory,2013-06-30,2345377000,2013-08-19,InventoryNet,2026-08-25
ORLY,netIncome,2013-06-30,177127000,2013-08-19,NetIncomeLoss,2026-08-25
ORLY,operatingIncome,2013-06-30,296261000,2013-08-19,OperatingIncomeLoss,2026-08-25
ORLY,receivables,2013-06-30,175877000,2013-08-19,AccountsReceivableNetCurrent,2026-08-25
ORLY,revenue,2013-06-30,1714969000,2013-08-19,SalesRevenueNet,2026-08-25
ORLY,shares,2013-06-30,108886775,2013-08-19,CommonStockSharesOutstanding,2026-08-25
OXY,assets,2013-06-30,67422000000,2013-08-19,Assets,2026-08-25
OXY,cash,2013-06-30,3069000000,2013-08-19,CashAndCashEquivalentsAtCarryingValue,2026-08-25
OXY,debt,2013-06-30,7026000000,2013-08-19,LongTermDebtNoncurrent,2026-08-25
OXY,equity,2013-06-30,41753000000,2013-08-19,StockholdersEquity,2026-08-25
OXY,inventory,2013-06-30,1340000000,2013-08-19,InventoryNet,2026-08-25
OXY,netIncome,2013-06-30,1322000000,2013-08-19,NetIncomeLoss,2026-08-25
OXY,receivables,2013-06-30,5221000000,2013-08-19,AccountsReceivableNetCurrent,2026-08-25
OXY,revenue,2013-06-30,5962000000,2013-08-19,SalesRevenueNet,2026-08-25
PANW,assets,2013-04-30,538777000,2013-06-19,Assets,2026-08-25
PANW,cash,2013-04-30,213664000,2013-06-19,CashAndCashEquivalentsAtCarryingValue,2026-08-25
PANW,equity,2013-04-30,263881000,2013-06-19,StockholdersEquity,2026-08-25
PANW,grossProfit,2013-04-30,73599000,2013-06-19,GrossProfit,2026-08-25
PANW,netIncome,2013-04-30,-7282000,2013-06-19,NetIncomeLoss,2026-08-25
PANW,operatingIncome,2013-04-30,-6450000,2013-06-19,OperatingIncomeLoss,2026-08-25
PANW,receivables,2013-04-30,91489000,2013-06-19,AccountsReceivableNetCurrent,2026-08-25
PANW,revenue,2013-04-30,101289000,2013-06-19,SalesRevenueNet,2026-08-25
PANW,rnd,2013-04-30,16048000,2013-06-19,ResearchAndDevelopmentExpense,2026-08-25
PANW,shares,2013-04-30,71103000,2013-06-19,CommonStockSharesOutstanding,2026-08-25
PAYX,assets,2013-05-31,6163700000,2013-07-20,Assets,2026-08-25
PAYX,cash,2013-05-31,107300000,2013-07-20,CashAndCashEquivalentsAtCarryingValue,2026-08-25
PAYX,equity,2013-05-31,1773700000,2013-07-20,StockholdersEquity,2026-08-25
PAYX,liabilities,2013-05-31,4390000000,2013-07-20,Liabilities,2026-08-25
PAYX,netIncome,2013-05-31,123500000,2013-07-20,NetIncomeLoss,2026-08-25
PAYX,operatingIncome,2013-05-31,211800000,2013-07-20,OperatingIncomeLoss,2026-08-25
PAYX,receivables,2013-05-31,133400000,2013-07-20,AccountsReceivableNetCurrent,2026-08-25
PAYX,revenue,2013-05-31,585300000,2013-07-20,Revenues,2026-08-25
PAYX,shares,2013-05-31,365400000,2013-07-20,CommonStockSharesOutstanding,2026-08-25
PCAR,assets,2013-06-30,19202000000,2013-08-19,Assets,2026-08-25
PCAR,cash,2013-06-30,1441900000,2013-08-19,CashAndCashEquivalentsAtCarryingValue,2026-08-25
PCAR,equity,2013-06-30,6111600000,2013-08-19,StockholdersEquity,2026-08-25
PCAR,netIncome,2013-06-30,291600000,2013-08-19,NetIncomeLoss,2026-08-25
PCAR,revenue,2013-06-30,4300500000,2013-08-19,SalesRevenueNet,2026-08-25
PCG,assets,2013-06-30,54324000000,2013-08-19,Assets,2026-08-25
PCG,cash,2013-06-30,281000000,2013-08-19,CashAndCashEquivalentsAtCarryingValue,2026-08-25
PCG,debt,2013-06-30,11917000000,2013-08-19,LongTermDebtNoncurrent,2026-08-25
PCG,equity,2013-06-30,13870000000,2013-08-19,StockholdersEquity,2026-08-25
PCG,inventory,2013-06-30,148000000,2013-08-19,InventoryNet,2026-08-25
PCG,operatingIncome,2013-06-30,636000000,2013-08-19,OperatingIncomeLoss,2026-08-25
PCG,receivables,2013-06-30,1034000000,2013-08-19,AccountsReceivableNetCurrent,2026-08-25
PCG,revenue,2013-06-30,3776000000,2013-08-19,Revenues,2026-08-25
PCG,shares,2013-06-30,444717704,2013-08-19,CommonStockSharesOutstanding,2026-08-25
PEG,assets,2013-06-30,32059000000,2013-08-19,Assets,2026-08-25
PEG,cash,2013-06-30,164000000,2013-08-19,CashAndCashEquivalentsAtCarryingValue,2026-08-25
PEG,debt,2013-06-30,7442000000,2013-08-19,LongTermDebtNoncurrent,2026-08-25
PEG,equity,2013-06-30,11096000000,2013-08-19,StockholdersEquity,2026-08-25
PEG,netIncome,2013-06-30,333000000,2013-08-19,NetIncomeLoss,2026-08-25
PEG,operatingIncome,2013-06-30,612000000,2013-08-19,OperatingIncomeLoss,2026-08-25
PEG,receivables,2013-06-30,1133000000,2013-08-19,AccountsReceivableNetCurrent,2026-08-25
PEG,revenue,2013-06-30,2310000000,2013-08-19,Revenues,2026-08-25
PEP,assets,2013-06-15,76653000000,2013-08-04,Assets,2026-08-25
PEP,cash,2013-06-15,7793000000,2013-08-04,CashAndCashEquivalentsAtCarryingValue,2026-08-25
PEP,equity,2013-06-15,22786000000,2013-08-04,StockholdersEquity,2026-08-25
PEP,inventory,2013-06-15,4131000000,2013-08-04,InventoryNet,2026-08-25
PEP,liabilities,2013-06-15,53888000000,2013-08-04,Liabilities,2026-08-25
PEP,netIncome,2013-06-15,2010000000,2013-08-04,NetIncomeLoss,2026-08-25
PEP,operatingIncome,2013-06-15,2869000000,2013-08-04,OperatingIncomeLoss,2026-08-25
PEP,revenue,2013-06-15,16807000000,2013-08-04,SalesRevenueNet,2026-08-25
PFE,assets,2013-06-30,179335000000,2013-08-19,Assets,2026-08-25
PFE,cash,2013-06-30,2436000000,2013-08-19,CashAndCashEquivalentsAtCarryingValue,2026-08-25
PFE,debt,2013-06-30,31532000000,2013-08-19,LongTermDebtNoncurrent,2026-08-25
PFE,equity,2013-06-30,78547000000,2013-08-19,StockholdersEquity,2026-08-25
PFE,inventory,2013-06-30,6282000000,2013-08-19,InventoryNet,2026-08-25
PFE,liabilities,2013-06-30,100358000000,2013-08-19,Liabilities,2026-08-25
PFE,netIncome,2013-06-30,14095000000,2013-08-19,NetIncomeLoss,2026-08-25
PFE,receivables,2013-06-30,11523000000,2013-08-19,AccountsReceivableNetCurrent,2026-08-25
PFE,revenue,2013-06-30,12973000000,2013-08-19,SalesRevenueNet,2026-08-25
PFG,assets,2013-06-30,196512700000,2013-08-19,Assets,2026-08-25
PFG,cash,2013-06-30,1110500000,2013-08-19,CashAndCashEquivalentsAtCarryingValue,2026-08-25
PFG,debt,2013-06-30,2578600000,2013-08-19,LongTermDebt,2026-08-25
PFG,equity,2013-06-30,9303400000,2013-08-19,StockholdersEquity,2026-08-25
PFG,liabilities,2013-06-30,187050200000,2013-08-19,Liabilities,2026-08-25
PFG,netIncome,2013-06-30,230600000,2013-08-19,NetIncomeLoss,2026-08-25
PFG,revenue,2013-06-30,2210600000,2013-08-19,Revenues,2026-08-25
PFG,shares,2013-06-30,293900000,2013-08-19,CommonStockSharesOutstanding,2026-08-25
PG,assets,2013-06-30,139263000000,2013-08-19,Assets,2026-08-25
PG,cash,2013-06-30,5930000000,2013-08-19,CashAndCashEquivalentsAtCarryingValue,2026-08-25
PG,debt,2013-06-30,19111000000,2013-08-19,LongTermDebtNoncurrent,2026-08-25
PG,inventory,2013-06-30,6909000000,2013-08-19,InventoryNet,2026-08-25
PG,liabilities,2013-06-30,70554000000,2013-08-19,Liabilities,2026-08-25
PG,netIncome,2013-06-30,1875000000,2013-08-19,NetIncomeLoss,2026-08-25
PG,operatingIncome,2013-06-30,2651000000,2013-08-19,OperatingIncomeLoss,2026-08-25
PG,receivables,2013-06-30,6508000000,2013-08-19,AccountsReceivableNetCurrent,2026-08-25
PG,revenue,2013-06-30,20297000000,2013-08-19,SalesRevenueNet,2026-08-25
PGR,assets,2013-06-30,23841800000,2013-08-19,Assets,2026-08-25
PGR,debt,2013-06-30,2063900000,2013-08-19,LongTermDebt,2026-08-25
PGR,equity,2013-06-30,6523900000,2013-08-19,StockholdersEquity,2026-08-25
PGR,liabilities,2013-06-30,17317900000,2013-08-19,Liabilities,2026-08-25
PGR,netIncome,2013-06-30,324600000,2013-08-19,NetIncomeLoss,2026-08-25
PGR,revenue,2013-06-30,4593600000,2013-08-19,Revenues,2026-08-25
PH,assets,2013-06-30,12540898000,2013-08-19,Assets,2026-08-25
PH,cash,2013-06-30,1781412000,2013-08-19,CashAndCashEquivalentsAtCarryingValue,2026-08-25
PH,debt,2013-06-30,1495960000,2013-08-19,LongTermDebtNoncurrent,2026-08-25
PH,equity,2013-06-30,5738426000,2013-08-19,StockholdersEquity,2026-08-25
PH,grossProfit,2013-06-30,810166000,2013-08-19,GrossProfit,2026-08-25
PH,inventory,2013-06-30,1377405000,2013-08-19,InventoryNet,2026-08-25
PH,liabilities,2013-06-30,6799417000,2013-08-19,Liabilities,2026-08-25
PH,netIncome,2013-06-30,271164000,2013-08-19,NetIncomeLoss,2026-08-25
PH,revenue,2013-06-30,3428233000,2013-08-19,SalesRevenueNet,2026-08-25
PHM,assets,2013-06-30,6452271000,2013-08-19,Assets,2026-08-25
PHM,cash,2013-06-30,1212668000,2013-08-19,CashAndCashEquivalentsAtCarryingValue,2026-08-25
PHM,equity,2013-06-30,2328215000,2013-08-19,StockholdersEquity,2026-08-25
PHM,liabilities,2013-06-30,4124056000,2013-08-19,Liabilities,2026-08-25
PHM,netIncome,2013-06-30,36417000,2013-08-19,NetIncomeLoss,2026-08-25
PHM,receivables,2013-06-30,8200000,2013-08-19,AccountsReceivableNetCurrent,2026-08-25
PHM,revenue,2013-06-30,1279422000,2013-08-19,Revenues,2026-08-25
PKG,assets,2013-06-30,2614821000,2013-08-19,Assets,2026-08-25
PKG,cash,2013-06-30,370057000,2013-08-19,CashAndCashEquivalentsAtCarryingValue,2026-08-25
PKG,debt,2013-06-30,771151000,2013-08-19,LongTermDebtNoncurrent,2026-08-25
PKG,equity,2013-06-30,1051286000,2013-08-19,StockholdersEquity,2026-08-25
PKG,grossProfit,2013-06-30,195300000,2013-08-19,GrossProfit,2026-08-25
PKG,inventory,2013-06-30,263008000,2013-08-19,InventoryNet,2026-08-25
PKG,netIncome,2013-06-30,66200000,2013-08-19,NetIncomeLoss,2026-08-25
PKG,operatingIncome,2013-06-30,110200000,2013-08-19,OperatingIncomeLoss,2026-08-25
PKG,receivables,2013-06-30,403367000,2013-08-19,AccountsReceivableNetCurrent,2026-08-25
PKG,revenue,2013-06-30,800200000,2013-08-19,SalesRevenueNet,2026-08-25
PLD,assets,2013-06-30,24037568000,2013-08-19,Assets,2026-08-25
PLD,cash,2013-06-30,385424000,2013-08-19,CashAndCashEquivalentsAtCarryingValue,2026-08-25
PLD,debt,2013-06-30,8417000000,2013-08-19,LongTermDebt,2026-08-25
PLD,equity,2013-06-30,13799426000,2013-08-19,StockholdersEquity,2026-08-25
PLD,liabilities,2013-06-30,9715066000,2013-08-19,Liabilities,2026-08-25
PLD,netIncome,2013-06-30,2299000,2013-08-19,NetIncomeLoss,2026-08-25
PLD,operatingIncome,2013-06-30,58514000,2013-08-19,OperatingIncomeLoss,2026-08-25
PLD,shares,2013-06-30,498597000,2013-08-19,CommonStockSharesOutstanding,2026-08-25
PM,assets,2013-06-30,37140000000,2013-08-19,Assets,2026-08-25
PM,cash,2013-06-30,3586000000,2013-08-19,CashAndCashEquivalentsAtCarryingValue,2026-08-25
PM,equity,2013-06-30,-5466000000,2013-08-19,StockholdersEquity,2026-08-25
PM,grossProfit,2013-06-30,5216000000,2013-08-19,GrossProfit,2026-08-25
PM,inventory,2013-06-30,8217000000,2013-08-19,InventoryNet,2026-08-25
PM,liabilities,2013-06-30,41069000000,2013-08-19,Liabilities,2026-08-25
PM,netIncome,2013-06-30,2124000000,2013-08-19,NetIncomeLoss,2026-08-25
PM,operatingIncome,2013-06-30,3337000000,2013-08-19,OperatingIncomeLoss,2026-08-25
PM,receivables,2013-06-30,3964000000,2013-08-19,AccountsReceivableNetCurrent,2026-08-25
PM,revenue,2013-06-30,20483000000,2013-08-19,SalesRevenueNet,2026-08-25
PNC,assets,2013-06-30,304415000000,2013-08-19,Assets,2026-08-25
PNC,equity,2013-06-30,40286000000,2013-08-19,StockholdersEquity,2026-08-25
PNC,liabilities,2013-06-30,262474000000,2013-08-19,Liabilities,2026-08-25
PNC,revenue,2013-06-30,4064000000,2013-08-19,Revenues,2026-08-25
PNR,assets,2013-06-29,11666600000,2013-08-18,Assets,2026-08-25
PNR,cash,2013-06-29,253100000,2013-08-18,CashAndCashEquivalentsAtCarryingValue,2026-08-25
PNR,debt,2013-06-29,2737400000,2013-08-18,LongTermDebtNoncurrent,2026-08-25
PNR,equity,2013-06-29,5826000000,2013-08-18,StockholdersEquity,2026-08-25
PNR,grossProfit,2013-06-29,627400000,2013-08-18,GrossProfit,2026-08-25
PNR,inventory,2013-06-29,1318300000,2013-08-18,InventoryNet,2026-08-25
PNR,liabilities,2013-06-29,5723700000,2013-08-18,Liabilities,2026-08-25
PNR,netIncome,2013-06-29,154100000,2013-08-18,NetIncomeLoss,2026-08-25
PNR,operatingIncome,2013-06-29,204900000,2013-08-18,OperatingIncomeLoss,2026-08-25
PNR,revenue,2013-06-29,1791700000,2013-08-18,SalesRevenueNet,2026-08-25
PNR,rnd,2013-06-29,32100000,2013-08-18,ResearchAndDevelopmentExpense,2026-08-25
PNW,assets,2013-06-30,13562694000,2013-08-19,Assets,2026-08-25
PNW,cash,2013-06-30,27803000,2013-08-19,CashAndCashEquivalentsAtCarryingValue,2026-08-25
PNW,debt,2013-06-30,2820172000,2013-08-19,LongTermDebtNoncurrent,2026-08-25
PNW,equity,2013-06-30,4032165000,2013-08-19,StockholdersEquity,2026-08-25
PNW,operatingIncome,2013-06-30,259812000,2013-08-19,OperatingIncomeLoss,2026-08-25
PNW,revenue,2013-06-30,915822000,2013-08-19,SalesRevenueNet,2026-08-25
PODD,assets,2013-06-30,286152000,2013-08-19,Assets,2026-08-25
PODD,cash,2013-06-30,150944000,2013-08-19,CashAndCashEquivalentsAtCarryingValue,2026-08-25
PODD,debt,2013-06-30,108670000,2013-08-19,LongTermDebtNoncurrent,2026-08-25
PODD,equity,2013-06-30,138335000,2013-08-19,StockholdersEquity,2026-08-25
PODD,grossProfit,2013-06-30,26833000,2013-08-19,GrossProfit,2026-08-25
PODD,inventory,2013-06-30,5979000,2013-08-19,InventoryNet,2026-08-25
PODD,liabilities,2013-06-30,147817000,2013-08-19,Liabilities,2026-08-25
PODD,netIncome,2013-06-30,-10519000,2013-08-19,NetIncomeLoss,2026-08-25
PODD,operatingIncome,2013-06-30,-5822000,2013-08-19,OperatingIncomeLoss,2026-08-25
PODD,receivables,2013-06-30,33650000,2013-08-19,AccountsReceivableNetCurrent,2026-08-25
PODD,revenue,2013-06-30,60092000,2013-08-19,SalesRevenueNet,2026-08-25
PODD,rnd,2013-06-30,5174000,2013-08-19,ResearchAndDevelopmentExpense,2026-08-25
PODD,shares,2013-06-30,54329612,2013-08-19,CommonStockSharesOutstanding,2026-08-25
PPG,assets,2013-06-30,16066000000,2013-08-19,Assets,2026-08-25
PPG,cash,2013-06-30,1562000000,2013-08-19,CashAndCashEquivalentsAtCarryingValue,2026-08-25
PPG,debt,2013-06-30,3355000000,2013-08-19,LongTermDebtNoncurrent,2026-08-25
PPG,equity,2013-06-30,5042000000,2013-08-19,StockholdersEquity,2026-08-25
PPG,inventory,2013-06-30,1862000000,2013-08-19,InventoryNet,2026-08-25
PPG,liabilities,2013-06-30,10765000000,2013-08-19,Liabilities,2026-08-25
PPG,netIncome,2013-06-30,341000000,2013-08-19,NetIncomeLoss,2026-08-25
PPG,operatingIncome,2013-06-30,550000000,2013-08-19,OperatingIncomeLoss,2026-08-25
PPG,revenue,2013-06-30,3883000000,2013-08-19,Revenues,2026-08-25
PPL,assets,2013-06-30,43746000000,2013-08-19,Assets,2026-08-25
PPL,cash,2013-06-30,711000000,2013-08-19,CashAndCashEquivalentsAtCarryingValue,2026-08-25
PPL,debt,2013-06-30,18875000000,2013-08-19,LongTermDebtNoncurrent,2026-08-25
PPL,equity,2013-06-30,10936000000,2013-08-19,StockholdersEquity,2026-08-25
PPL,inventory,2013-06-30,642000000,2013-08-19,InventoryNet,2026-08-25
PPL,netIncome,2013-06-30,405000000,2013-08-19,NetIncomeLoss,2026-08-25
PPL,operatingIncome,2013-06-30,732000000,2013-08-19,OperatingIncomeLoss,2026-08-25
PPL,receivables,2013-06-30,879000000,2013-08-19,AccountsReceivableNetCurrent,2026-08-25
PPL,revenue,2013-06-30,3450000000,2013-08-19,Revenues,2026-08-25
PPL,shares,2013-06-30,591622000,2013-08-19,CommonStockSharesOutstanding,2026-08-25
PRU,assets,2013-06-30,705615000000,2013-08-19,Assets,2026-08-25
PRU,cash,2013-06-30,13045000000,2013-08-19,CashAndCashEquivalentsAtCarryingValue,2026-08-25
PRU,debt,2013-06-30,23642000000,2013-08-19,LongTermDebtNoncurrent,2026-08-25
PRU,equity,2013-06-30,35148000000,2013-08-19,StockholdersEquity,2026-08-25
PRU,liabilities,2013-06-30,669707000000,2013-08-19,Liabilities,2026-08-25
PRU,netIncome,2013-06-30,-514000000,2013-08-19,NetIncomeLoss,2026-08-25
PRU,revenue,2013-06-30,10041000000,2013-08-19,Revenues,2026-08-25
PSA,assets,2013-06-30,9094598000,2013-08-19,Assets,2026-08-25
PSA,cash,2013-06-30,410910000,2013-08-19,CashAndCashEquivalentsAtCarryingValue,2026-08-25
PSA,equity,2013-06-30,8736106000,2013-08-19,StockholdersEquity,2026-08-25
PSA,liabilities,2013-06-30,330391000,2013-08-19,Liabilities,2026-08-25
PSA,netIncome,2013-06-30,260463000,2013-08-19,NetIncomeLoss,2026-08-25
PSA,operatingIncome,2013-06-30,237785000,2013-08-19,OperatingIncomeLoss,2026-08-25
PSA,revenue,2013-06-30,485378000,2013-08-19,Revenues,2026-08-25
PSA,shares,2013-06-30,171705912,2013-08-19,CommonStockSharesOutstanding,2026-08-25
PSX,assets,2013-06-30,49929000000,2013-08-19,Assets,2026-08-25
PSX,cash,2013-06-30,4220000000,2013-08-19,CashAndCashEquivalentsAtCarryingValue,2026-08-25
PSX,equity,2013-06-30,21655000000,2013-08-19,StockholdersEquity,2026-08-25
PSX,inventory,2013-06-30,5033000000,2013-08-19,InventoryNet,2026-08-25
PSX,liabilities,2013-06-30,28239000000,2013-08-19,Liabilities,2026-08-25
PSX,netIncome,2013-06-30,958000000,2013-08-19,NetIncomeLoss,2026-08-25
PSX,revenue,2013-06-30,43190000000,2013-08-19,SalesRevenueNet,2026-08-25
PTC,assets,2013-06-29,1756777000,2013-08-18,Assets,2026-08-25
PTC,cash,2013-06-29,257031000,2013-08-18,CashAndCashEquivalentsAtCarryingValue,2026-08-25
PTC,equity,2013-06-29,850705000,2013-08-18,StockholdersEquity,2026-08-25
PTC,grossProfit,2013-06-29,223828000,2013-08-18,GrossProfit,2026-08-25
PTC,liabilities,2013-06-29,906072000,2013-08-18,Liabilities,2026-08-25
PTC,netIncome,2013-06-29,34455000,2013-08-18,NetIncomeLoss,2026-08-25
PTC,operatingIncome,2013-06-29,43215000,2013-08-18,OperatingIncomeLoss,2026-08-25
PTC,receivables,2013-06-29,200883000,2013-08-18,AccountsReceivableNetCurrent,2026-08-25
PTC,revenue,2013-06-29,314996000,2013-08-18,SalesRevenueNet,2026-08-25
PTC,rnd,2013-06-29,53834000,2013-08-18,ResearchAndDevelopmentExpense,2026-08-25
PTC,shares,2013-06-29,119018000,2013-08-18,CommonStockSharesOutstanding,2026-08-25
PWR,assets,2013-06-30,5187931000,2013-08-19,Assets,2026-08-25
PWR,capex,2013-06-30,104529000,2013-08-19,PaymentsToAcquirePropertyPlantAndEquipment,2026-08-25
PWR,cash,2013-06-30,363113000,2013-08-19,CashAndCashEquivalentsAtCarryingValue,2026-08-25
PWR,equity,2013-06-30,3882518000,2013-08-19,StockholdersEquity,2026-08-25
PWR,equityStakes,2013-06-30,925000,2013-08-19,PaymentsToAcquireEquityMethodInvestments,2026-08-25
PWR,grossProfit,2013-06-30,223886000,2013-08-19,GrossProfit,2026-08-25
PWR,inventory,2013-06-30,40852000,2013-08-19,InventoryNet,2026-08-25
PWR,liabilities,2013-06-30,1300092000,2013-08-19,Liabilities,2026-08-25
PWR,operatingCashFlow,2013-06-30,117776000,2013-08-19,NetCashProvidedByUsedInOperatingActivitiesContinuingOperations,2026-08-25
PWR,operatingIncome,2013-06-30,104056000,2013-08-19,OperatingIncomeLoss,2026-08-25
PWR,receivables,2013-06-30,1282949000,2013-08-19,AccountsReceivableNetCurrent,2026-08-25
PWR,shares,2013-06-30,209478759,2013-08-19,CommonStockSharesOutstanding,2026-08-25
QCOM,assets,2013-06-30,46809000000,2013-08-19,Assets,2026-08-25
QCOM,cash,2013-06-30,2533000000,2013-08-19,CashAndCashEquivalentsAtCarryingValue,2026-08-25
QCOM,equity,2013-06-30,37578000000,2013-08-19,StockholdersEquity,2026-08-25
QCOM,inventory,2013-06-30,1727000000,2013-08-19,InventoryNet,2026-08-25
QCOM,liabilities,2013-06-30,9226000000,2013-08-19,Liabilities,2026-08-25
QCOM,netIncome,2013-06-30,1580000000,2013-08-19,NetIncomeLoss,2026-08-25
QCOM,operatingIncome,2013-06-30,1677000000,2013-08-19,OperatingIncomeLoss,2026-08-25
QCOM,receivables,2013-06-30,1949000000,2013-08-19,AccountsReceivableNetCurrent,2026-08-25
QCOM,revenue,2013-06-30,6243000000,2013-08-19,Revenues,2026-08-25
QCOM,rnd,2013-06-30,1298000000,2013-08-19,ResearchAndDevelopmentExpense,2026-08-25
QCOM,shares,2013-06-30,1722000000,2013-08-19,CommonStockSharesOutstanding,2026-08-25
RCL,assets,2013-06-30,19950794000,2013-08-19,Assets,2026-08-25
RCL,cash,2013-06-30,205174000,2013-08-19,CashAndCashEquivalentsAtCarryingValue,2026-08-25
RCL,equity,2013-06-30,8366259000,2013-08-19,StockholdersEquity,2026-08-25
RCL,inventory,2013-06-30,141440000,2013-08-19,InventoryNet,2026-08-25
RCL,netIncome,2013-06-30,24747000,2013-08-19,NetIncomeLoss,2026-08-25
RCL,operatingIncome,2013-06-30,113338000,2013-08-19,OperatingIncomeLoss,2026-08-25
RCL,revenue,2013-06-30,1882767000,2013-08-19,Revenues,2026-08-25
REG,debt,2013-06-30,1892124000,2013-08-19,LongTermDebt,2026-08-25
REG,revenue,2013-06-30,122307000,2013-08-19,Revenues,2026-08-25
REGN,assets,2013-06-30,2378259000,2013-08-19,Assets,2026-08-25
REGN,cash,2013-06-30,381675000,2013-08-19,CashAndCashEquivalentsAtCarryingValue,2026-08-25
REGN,equity,2013-06-30,1493337000,2013-08-19,StockholdersEquity,2026-08-25
REGN,inventory,2013-06-30,57159000,2013-08-19,InventoryNet,2026-08-25
REGN,liabilities,2013-06-30,884922000,2013-08-19,Liabilities,2026-08-25
REGN,netIncome,2013-06-30,87376000,2013-08-19,NetIncomeLoss,2026-08-25
REGN,operatingIncome,2013-06-30,158103000,2013-08-19,OperatingIncomeLoss,2026-08-25
REGN,receivables,2013-06-30,767865000,2013-08-19,AccountsReceivableNetCurrent,2026-08-25
REGN,revenue,2013-06-30,457642000,2013-08-19,Revenues,2026-08-25
REGN,rnd,2013-06-30,187463000,2013-08-19,ResearchAndDevelopmentExpense,2026-08-25
RF,assets,2013-06-30,118707000000,2013-08-19,Assets,2026-08-25
RF,buybacks,2013-06-30,173000000,2013-08-19,PaymentsForRepurchaseOfCommonStock,2026-08-25
RF,cash,2013-06-30,4280000000,2013-08-19,CashAndCashEquivalentsAtCarryingValue,2026-08-25
RF,debt,2013-06-30,4856000000,2013-08-19,LongTermDebt,2026-08-25
RF,equity,2013-06-30,15329000000,2013-08-19,StockholdersEquity,2026-08-25
RF,liabilities,2013-06-30,103378000000,2013-08-19,Liabilities,2026-08-25
RF,netIncome,2013-06-30,267000000,2013-08-19,NetIncomeLoss,2026-08-25
RJF,assets,2013-06-30,22214191000,2013-08-19,Assets,2026-08-25
RJF,cash,2013-06-30,2585545000,2013-08-19,CashAndCashEquivalentsAtCarryingValue,2026-08-25
RJF,equity,2013-06-30,3544195000,2013-08-19,StockholdersEquity,2026-08-25
RJF,liabilities,2013-06-30,18339049000,2013-08-19,Liabilities,2026-08-25
RJF,netIncome,2013-06-30,83862000,2013-08-19,NetIncomeLoss,2026-08-25
RJF,revenue,2013-06-30,1137728000,2013-08-19,Revenues,2026-08-25
RL,assets,2013-06-29,5460000000,2013-08-18,Assets,2026-08-25
RL,buybacks,2013-06-29,151000000,2013-08-18,PaymentsForRepurchaseOfCommonStock,2026-08-25
RL,capex,2013-06-29,66000000,2013-08-18,PaymentsToAcquireProductiveAssets,2026-08-25
RL,cash,2013-06-29,940000000,2013-08-18,CashAndCashEquivalentsAtCarryingValue,2026-08-25
RL,equity,2013-06-29,3761000000,2013-08-18,StockholdersEquity,2026-08-25
RL,grossProfit,2013-06-29,1004000000,2013-08-18,GrossProfit,2026-08-25
RL,inventory,2013-06-29,1053000000,2013-08-18,InventoryNet,2026-08-25
RL,liabilities,2013-06-29,1699000000,2013-08-18,Liabilities,2026-08-25
RL,netIncome,2013-06-29,181000000,2013-08-18,NetIncomeLoss,2026-08-25
RL,operatingCashFlow,2013-06-29,295000000,2013-08-18,NetCashProvidedByUsedInOperatingActivities,2026-08-25
RL,operatingIncome,2013-06-29,276000000,2013-08-18,OperatingIncomeLoss,2026-08-25
RL,receivables,2013-06-29,349000000,2013-08-18,AccountsReceivableNetCurrent,2026-08-25
RL,revenue,2013-06-29,1653000000,2013-08-18,SalesRevenueNet,2026-08-25
RMD,assets,2013-06-30,2210721000,2013-08-19,Assets,2026-08-25
RMD,cash,2013-06-30,876048000,2013-08-19,CashAndCashEquivalentsAtCarryingValue,2026-08-25
RMD,debt,2013-06-30,769000,2013-08-19,LongTermDebtNoncurrent,2026-08-25
RMD,equity,2013-06-30,1610516000,2013-08-19,StockholdersEquity,2026-08-25
RMD,inventory,2013-06-30,145847000,2013-08-19,InventoryNet,2026-08-25
RMD,liabilities,2013-06-30,600205000,2013-08-19,Liabilities,2026-08-25
RMD,receivables,2013-06-30,318349000,2013-08-19,AccountsReceivableNetCurrent,2026-08-25
RMD,shares,2013-06-30,142013753,2013-08-19,CommonStockSharesOutstanding,2026-08-25
ROK,assets,2013-06-30,5771300000,2013-08-19,Assets,2026-08-25
ROK,cash,2013-06-30,1024700000,2013-08-19,CashAndCashEquivalentsAtCarryingValue,2026-08-25
ROK,debt,2013-06-30,905100000,2013-08-19,LongTermDebtNoncurrent,2026-08-25
ROK,equity,2013-06-30,2007800000,2013-08-19,StockholdersEquity,2026-08-25
ROK,grossProfit,2013-06-30,652900000,2013-08-19,GrossProfit,2026-08-25
ROK,inventory,2013-06-30,619000000,2013-08-19,InventoryNet,2026-08-25
ROK,netIncome,2013-06-30,203700000,2013-08-19,NetIncomeLoss,2026-08-25
ROK,revenue,2013-06-30,1624200000,2013-08-19,SalesRevenueNet,2026-08-25
ROL,assets,2013-06-30,737069000,2013-08-19,Assets,2026-08-25
ROL,cash,2013-06-30,91597000,2013-08-19,CashAndCashEquivalentsAtCarryingValue,2026-08-25
ROL,equity,2013-06-30,384807000,2013-08-19,StockholdersEquity,2026-08-25
ROL,grossProfit,2013-06-30,176437000,2013-08-19,GrossProfit,2026-08-25
ROL,inventory,2013-06-30,12117000,2013-08-19,InventoryNet,2026-08-25
ROL,liabilities,2013-06-30,352262000,2013-08-19,Liabilities,2026-08-25
ROL,receivables,2013-06-30,79015000,2013-08-19,AccountsReceivableNetCurrent,2026-08-25
ROL,shares,2013-06-30,146078156,2013-08-19,CommonStockSharesOutstanding,2026-08-25
ROP,assets,2013-06-30,8213742000,2013-08-19,Assets,2026-08-25
ROP,cash,2013-06-30,374571000,2013-08-19,CashAndCashEquivalentsAtCarryingValue,2026-08-25
ROP,debt,2013-06-30,2245424000,2013-08-19,LongTermDebtNoncurrent,2026-08-25
ROP,grossProfit,2013-06-30,445507000,2013-08-19,GrossProfit,2026-08-25
ROP,inventory,2013-06-30,197458000,2013-08-19,InventoryNet,2026-08-25
ROP,liabilities,2013-06-30,4324194000,2013-08-19,Liabilities,2026-08-25
ROP,netIncome,2013-06-30,111353000,2013-08-19,NetIncomeLoss,2026-08-25
ROP,operatingIncome,2013-06-30,179746000,2013-08-19,OperatingIncomeLoss,2026-08-25
ROP,receivables,2013-06-30,547572000,2013-08-19,AccountsReceivableNetCurrent,2026-08-25
ROP,revenue,2013-06-30,784010000,2013-08-19,SalesRevenueNet,2026-08-25
ROST,assets,2013-05-04,3842761000,2013-06-23,Assets,2026-08-25
ROST,buybacks,2013-05-04,138304000,2013-06-23,PaymentsForRepurchaseOfCommonStock,2026-08-25
ROST,capex,2013-05-04,97552000,2013-06-23,PaymentsToAcquirePropertyPlantAndEquipment,2026-08-25
ROST,cash,2013-05-04,714174000,2013-06-23,CashAndCashEquivalentsAtCarryingValue,2026-08-25
ROST,debt,2013-05-04,150000000,2013-06-23,LongTermDebtNoncurrent,2026-08-25
ROST,equity,2013-05-04,1875261000,2013-06-23,StockholdersEquity,2026-08-25
ROST,inventory,2013-05-04,1226449000,2013-06-23,InventoryNet,2026-08-25
ROST,netIncome,2013-05-04,234612000,2013-06-23,NetIncomeLoss,2026-08-25
ROST,operatingCashFlow,2013-05-04,352859000,2013-06-23,NetCashProvidedByUsedInOperatingActivities,2026-08-25
ROST,revenue,2013-05-04,2539914000,2013-06-23,SalesRevenueNet,2026-08-25
RSG,assets,2013-06-30,19774200000,2013-08-19,Assets,2026-08-25
RSG,capex,2013-06-30,247000000,2013-08-19,PaymentsToAcquireProductiveAssets,2026-08-25
RSG,cash,2013-06-30,96700000,2013-08-19,CashAndCashEquivalentsAtCarryingValue,2026-08-25
RSG,debt,2013-06-30,7028600000,2013-08-19,LongTermDebt,2026-08-25
RSG,equity,2013-06-30,7710400000,2013-08-19,StockholdersEquity,2026-08-25
RSG,inventory,2013-06-30,36000000,2013-08-19,InventoryNet,2026-08-25
RSG,netIncome,2013-06-30,56300000,2013-08-19,NetIncomeLoss,2026-08-25
RSG,operatingIncome,2013-06-30,181200000,2013-08-19,OperatingIncomeLoss,2026-08-25
RSG,receivables,2013-06-30,876500000,2013-08-19,AccountsReceivableNetCurrent,2026-08-25
RSG,revenue,2013-06-30,2559800000,2013-08-19,Revenues,2026-08-25
RTX,assets,2013-06-30,88744000000,2013-08-19,Assets,2026-08-25
RTX,debt,2013-06-30,21460000000,2013-08-19,LongTermDebt,2026-08-25
RTX,equity,2013-06-30,26987000000,2013-08-19,StockholdersEquity,2026-08-25
RTX,grossProfit,2013-06-30,4454000000,2013-08-19,GrossProfit,2026-08-25
RTX,inventory,2013-06-30,10232000000,2013-08-19,InventoryNet,2026-08-25
RTX,liabilities,2013-06-30,60201000000,2013-08-19,Liabilities,2026-08-25
RTX,netIncome,2013-06-30,1560000000,2013-08-19,NetIncomeLoss,2026-08-25
RTX,operatingIncome,2013-06-30,2507000000,2013-08-19,OperatingIncomeLoss,2026-08-25
RTX,revenue,2013-06-30,16006000000,2013-08-19,SalesRevenueNet,2026-08-25
RTX,rnd,2013-06-30,631000000,2013-08-19,ResearchAndDevelopmentExpense,2026-08-25
RVTY,assets,2013-06-30,3811284000,2013-08-19,Assets,2026-08-25
RVTY,cash,2013-06-30,112470000,2013-08-19,CashAndCashEquivalentsAtCarryingValue,2026-08-25
RVTY,debt,2013-06-30,1001858000,2013-08-19,LongTermDebtNoncurrent,2026-08-25
RVTY,equity,2013-06-30,1859852000,2013-08-19,StockholdersEquity,2026-08-25
RVTY,grossProfit,2013-06-30,241662000,2013-08-19,GrossProfit,2026-08-25
RVTY,inventory,2013-06-30,259470000,2013-08-19,InventoryNet,2026-08-25
RVTY,liabilities,2013-06-30,1951432000,2013-08-19,Liabilities,2026-08-25
RVTY,netIncome,2013-06-30,27925000,2013-08-19,NetIncomeLoss,2026-08-25
RVTY,operatingIncome,2013-06-30,40216000,2013-08-19,OperatingIncomeLoss,2026-08-25
RVTY,receivables,2013-06-30,434798000,2013-08-19,AccountsReceivableNetCurrent,2026-08-25
RVTY,revenue,2013-06-30,540673000,2013-08-19,Revenues,2026-08-25
RVTY,rnd,2013-06-30,34404000,2013-08-19,ResearchAndDevelopmentExpense,2026-08-25
RVTY,shares,2013-06-30,111999000,2013-08-19,CommonStockSharesOutstanding,2026-08-25
SBAC,assets,2013-06-30,6484506000,2013-08-19,Assets,2026-08-25
SBAC,capex,2013-06-30,80301000,2013-08-19,PaymentsToAcquireProductiveAssets,2026-08-25
SBAC,cash,2013-06-30,189442000,2013-08-19,CashAndCashEquivalentsAtCarryingValue,2026-08-25
SBAC,debt,2013-06-30,5631209000,2013-08-19,LongTermDebtNoncurrent,2026-08-25
SBAC,equity,2013-06-30,435737000,2013-08-19,StockholdersEquity,2026-08-25
SBAC,netIncome,2013-06-30,-35899000,2013-08-19,NetIncomeLoss,2026-08-25
SBAC,operatingIncome,2013-06-30,49534000,2013-08-19,OperatingIncomeLoss,2026-08-25
SBAC,receivables,2013-06-30,47783000,2013-08-19,AccountsReceivableNetCurrent,2026-08-25
SBAC,revenue,2013-06-30,324305000,2013-08-19,Revenues,2026-08-25
SBAC,shares,2013-06-30,127784000,2013-08-19,CommonStockSharesOutstanding,2026-08-25
SBUX,assets,2013-06-30,9062400000,2013-08-19,Assets,2026-08-25
SBUX,cash,2013-06-30,1430800000,2013-08-19,CashAndCashEquivalentsAtCarryingValue,2026-08-25
SBUX,debt,2013-06-30,549700000,2013-08-19,LongTermDebtNoncurrent,2026-08-25
SBUX,equity,2013-06-30,5741500000,2013-08-19,StockholdersEquity,2026-08-25
SBUX,inventory,2013-06-30,1173800000,2013-08-19,InventoryNet,2026-08-25
SBUX,liabilities,2013-06-30,3314800000,2013-08-19,Liabilities,2026-08-25
SBUX,netIncome,2013-06-30,417800000,2013-08-19,NetIncomeLoss,2026-08-25
SBUX,operatingIncome,2013-06-30,615200000,2013-08-19,OperatingIncomeLoss,2026-08-25
SBUX,receivables,2013-06-30,506800000,2013-08-19,AccountsReceivableNetCurrent,2026-08-25
SBUX,revenue,2013-06-30,3735300000,2013-08-19,Revenues,2026-08-25
SBUX,shares,2013-06-30,751100000,2013-08-19,CommonStockSharesOutstanding,2026-08-25
SCHW,assets,2013-06-30,135907000000,2013-08-19,Assets,2026-08-25
SCHW,cash,2013-06-30,6234000000,2013-08-19,CashAndCashEquivalentsAtCarryingValue,2026-08-25
SCHW,debt,2013-06-30,1630000000,2013-08-19,LongTermDebt,2026-08-25
SCHW,equity,2013-06-30,9720000000,2013-08-19,StockholdersEquity,2026-08-25
SCHW,liabilities,2013-06-30,126187000000,2013-08-19,Liabilities,2026-08-25
SCHW,netIncome,2013-06-30,256000000,2013-08-19,NetIncomeLoss,2026-08-25
SCHW,revenue,2013-06-30,1337000000,2013-08-19,Revenues,2026-08-25
SHW,assets,2013-06-30,6408504000,2013-08-19,Assets,2026-08-25
SHW,cash,2013-06-30,741084000,2013-08-19,CashAndCashEquivalentsAtCarryingValue,2026-08-25
SHW,debt,2013-06-30,1631951000,2013-08-19,LongTermDebtNoncurrent,2026-08-25
SHW,equity,2013-06-30,1867530000,2013-08-19,StockholdersEquity,2026-08-25
SHW,grossProfit,2013-06-30,1233579000,2013-08-19,GrossProfit,2026-08-25
SHW,inventory,2013-06-30,984844000,2013-08-19,InventoryNet,2026-08-25
SHW,netIncome,2013-06-30,257287000,2013-08-19,NetIncomeLoss,2026-08-25
SHW,operatingIncome,2013-06-30,467332000,2013-08-19,OperatingIncomeLoss,2026-08-25
SHW,receivables,2013-06-30,1299679000,2013-08-19,AccountsReceivableNetCurrent,2026-08-25
SHW,revenue,2013-06-30,2713889000,2013-08-19,Revenues,2026-08-25
SHW,shares,2013-06-30,102683128,2013-08-19,CommonStockSharesOutstanding,2026-08-25
SJM,assets,2013-04-30,9024100000,2013-06-19,Assets,2026-08-25
SJM,cash,2013-04-30,256400000,2013-06-19,CashAndCashEquivalentsAtCarryingValue,2026-08-25
SJM,debt,2013-04-30,1967800000,2013-06-19,LongTermDebtNoncurrent,2026-08-25
SJM,equity,2013-04-30,5148800000,2013-06-19,StockholdersEquity,2026-08-25
SJM,inventory,2013-04-30,945500000,2013-06-19,InventoryNet,2026-08-25
SJM,liabilities,2013-04-30,3883000000,2013-06-19,Liabilities,2026-08-25
SJM,receivables,2013-04-30,313700000,2013-06-19,AccountsReceivableNetCurrent,2026-08-25
SJM,shares,2013-04-30,106486935,2013-06-19,CommonStockSharesOutstanding,2026-08-25
SLB,assets,2013-06-30,63251000000,2013-08-19,Assets,2026-08-25
SLB,cash,2013-06-30,2586000000,2013-08-19,CashAndCashEquivalentsAtCarryingValue,2026-08-25
SLB,equity,2013-06-30,36909000000,2013-08-19,StockholdersEquity,2026-08-25
SLB,inventory,2013-06-30,4955000000,2013-08-19,InventoryNet,2026-08-25
SLB,liabilities,2013-06-30,26203000000,2013-08-19,Liabilities,2026-08-25
SLB,netIncome,2013-06-30,2095000000,2013-08-19,NetIncomeLoss,2026-08-25
SLB,revenue,2013-06-30,11182000000,2013-08-19,Revenues,2026-08-25
SLB,rnd,2013-06-30,293000000,2013-08-19,ResearchAndDevelopmentExpense,2026-08-25
SMCI,assets,2013-06-30,632257000,2013-08-19,Assets,2026-08-25
SMCI,cash,2013-06-30,93038000,2013-08-19,CashAndCashEquivalentsAtCarryingValue,2026-08-25
SMCI,debt,2013-06-30,6533000,2013-08-19,LongTermDebtNoncurrent,2026-08-25
SMCI,equity,2013-06-30,373543000,2013-08-19,StockholdersEquity,2026-08-25
SMCI,grossProfit,2013-06-30,46023000,2013-08-19,GrossProfit,2026-08-25
SMCI,inventory,2013-06-30,254170000,2013-08-19,InventoryNet,2026-08-25
SMCI,liabilities,2013-06-30,258533000,2013-08-19,Liabilities,2026-08-25
SMCI,netIncome,2013-06-30,8426000,2013-08-19,NetIncomeLoss,2026-08-25
SMCI,receivables,2013-06-30,149340000,2013-08-19,AccountsReceivableNetCurrent,2026-08-25
SMCI,revenue,2013-06-30,322333000,2013-08-19,SalesRevenueNet,2026-08-25
SNA,assets,2013-06-29,3961500000,2013-08-18,Assets,2026-08-25
SNA,cash,2013-06-29,174700000,2013-08-18,CashAndCashEquivalentsAtCarryingValue,2026-08-25
SNA,debt,2013-06-29,861400000,2013-08-18,LongTermDebtNoncurrent,2026-08-25
SNA,equity,2013-06-29,1878800000,2013-08-18,StockholdersEquity,2026-08-25
SNA,grossProfit,2013-06-29,373200000,2013-08-18,GrossProfit,2026-08-25
SNA,inventory,2013-06-29,418100000,2013-08-18,InventoryNet,2026-08-25
SNA,liabilities,2013-06-29,2065600000,2013-08-18,Liabilities,2026-08-25
SNA,netIncome,2013-06-29,88400000,2013-08-18,NetIncomeLoss,2026-08-25
SNA,operatingIncome,2013-06-29,148400000,2013-08-18,OperatingIncomeLoss,2026-08-25
SNA,receivables,2013-06-29,499900000,2013-08-18,AccountsReceivableNetCurrent,2026-08-25
SNA,revenue,2013-06-29,808600000,2013-08-18,Revenues,2026-08-25
SNPS,assets,2013-04-30,4098888000,2013-06-19,Assets,2026-08-25
SNPS,cash,2013-04-30,681018000,2013-06-19,CashAndCashEquivalentsAtCarryingValue,2026-08-25
SNPS,debt,2013-04-30,90000000,2013-06-19,LongTermDebtNoncurrent,2026-08-25
SNPS,equity,2013-04-30,2698932000,2013-06-19,StockholdersEquity,2026-08-25
SNPS,grossProfit,2013-04-30,391524000,2013-06-19,GrossProfit,2026-08-25
SNPS,liabilities,2013-04-30,1399956000,2013-06-19,Liabilities,2026-08-25
SNPS,netIncome,2013-04-30,68691000,2013-06-19,NetIncomeLoss,2026-08-25
SNPS,operatingIncome,2013-04-30,79503000,2013-06-19,OperatingIncomeLoss,2026-08-25
SNPS,receivables,2013-04-30,251682000,2013-06-19,AccountsReceivableNetCurrent,2026-08-25
SNPS,revenue,2013-04-30,499257000,2013-06-19,Revenues,2026-08-25
SNPS,rnd,2013-04-30,169962000,2013-06-19,ResearchAndDevelopmentExpense,2026-08-25
SNPS,shares,2013-04-30,153605000,2013-06-19,CommonStockSharesOutstanding,2026-08-25
SO,assets,2013-06-30,63961000000,2013-08-19,Assets,2026-08-25
SO,cash,2013-06-30,424000000,2013-08-19,CashAndCashEquivalentsAtCarryingValue,2026-08-25
SO,equity,2013-06-30,18040000000,2013-08-19,StockholdersEquity,2026-08-25
SO,liabilities,2013-06-30,44790000000,2013-08-19,Liabilities,2026-08-25
SO,operatingIncome,2013-06-30,640000000,2013-08-19,OperatingIncomeLoss,2026-08-25
SO,revenue,2013-06-30,4246000000,2013-08-19,Revenues,2026-08-25
SPG,assets,2013-06-30,32015137000,2013-08-19,Assets,2026-08-25
SPG,cash,2013-06-30,1095829000,2013-08-19,CashAndCashEquivalentsAtCarryingValue,2026-08-25
SPG,equity,2013-06-30,5834749000,2013-08-19,StockholdersEquity,2026-08-25
SPG,liabilities,2013-06-30,25028872000,2013-08-19,Liabilities,2026-08-25
SPG,operatingIncome,2013-06-30,509939000,2013-08-19,OperatingIncomeLoss,2026-08-25
SPG,revenue,2013-06-30,1084993000,2013-08-19,Revenues,2026-08-25
SPGI,assets,2013-06-30,6160000000,2013-08-19,Assets,2026-08-25
SPGI,cash,2013-06-30,1900000000,2013-08-19,CashAndCashEquivalentsAtCarryingValue,2026-08-25
SPGI,debt,2013-06-30,799000000,2013-08-19,LongTermDebtNoncurrent,2026-08-25
SPGI,equity,2013-06-30,1223000000,2013-08-19,StockholdersEquity,2026-08-25
SPGI,liabilities,2013-06-30,4079000000,2013-08-19,Liabilities,2026-08-25
SPGI,netIncome,2013-06-30,254000000,2013-08-19,NetIncomeLoss,2026-08-25
SPGI,operatingIncome,2013-06-30,423000000,2013-08-19,OperatingIncomeLoss,2026-08-25
SPGI,receivables,2013-06-30,957000000,2013-08-19,AccountsReceivableNetCurrent,2026-08-25
SPGI,revenue,2013-06-30,1205000000,2013-08-19,Revenues,2026-08-25
SRE,assets,2013-06-30,37020000000,2013-08-19,Assets,2026-08-25
SRE,cash,2013-06-30,954000000,2013-08-19,CashAndCashEquivalentsAtCarryingValue,2026-08-25
SRE,equity,2013-06-30,10704000000,2013-08-19,StockholdersEquity,2026-08-25
SRE,inventory,2013-06-30,357000000,2013-08-19,InventoryNet,2026-08-25
SRE,netIncome,2013-06-30,245000000,2013-08-19,NetIncomeLoss,2026-08-25
SRE,receivables,2013-06-30,1007000000,2013-08-19,AccountsReceivableNetCurrent,2026-08-25
SRE,revenue,2013-06-30,2651000000,2013-08-19,Revenues,2026-08-25
SRE,shares,2013-06-30,244000000,2013-08-19,CommonStockSharesOutstanding,2026-08-25
STLD,assets,2013-06-30,5735910000,2013-08-19,Assets,2026-08-25
STLD,capex,2013-06-30,49236000,2013-08-19,PaymentsToAcquirePropertyPlantAndEquipment,2026-08-25
STLD,cash,2013-06-30,243753000,2013-08-19,CashAndCashEquivalentsAtCarryingValue,2026-08-25
STLD,debt,2013-06-30,1774243000,2013-08-19,LongTermDebtNoncurrent,2026-08-25
STLD,equity,2013-06-30,2410737000,2013-08-19,StockholdersEquity,2026-08-25
STLD,grossProfit,2013-06-30,147692000,2013-08-19,GrossProfit,2026-08-25
STLD,inventory,2013-06-30,1168499000,2013-08-19,InventoryNet,2026-08-25
STLD,liabilities,2013-06-30,3220439000,2013-08-19,Liabilities,2026-08-25
STLD,operatingCashFlow,2013-06-30,32715000,2013-08-19,NetCashProvidedByUsedInOperatingActivitiesContinuingOperations,2026-08-25
STLD,operatingIncome,2013-06-30,69198000,2013-08-19,OperatingIncomeLoss,2026-08-25
STLD,receivables,2013-06-30,725105000,2013-08-19,AccountsReceivableNetCurrent,2026-08-25
STLD,revenue,2013-06-30,1801340000,2013-08-19,SalesRevenueNet,2026-08-25
STLD,shares,2013-06-30,220665831,2013-08-19,CommonStockSharesOutstanding,2026-08-25
STT,assets,2013-06-30,227300000000,2013-08-19,Assets,2026-08-25
STT,debt,2013-06-30,8841000000,2013-08-19,LongTermDebt,2026-08-25
STT,equity,2013-06-30,20081000000,2013-08-19,StockholdersEquity,2026-08-25
STT,liabilities,2013-06-30,207219000000,2013-08-19,Liabilities,2026-08-25
STT,netIncome,2013-06-30,579000000,2013-08-19,NetIncomeLoss,2026-08-25
STT,revenue,2013-06-30,2560000000,2013-08-19,Revenues,2026-08-25
STX,assets,2013-06-28,9243000000,2013-08-17,Assets,2026-08-25
STX,cash,2013-06-28,1708000000,2013-08-17,CashAndCashEquivalentsAtCarryingValue,2026-08-25
STX,equity,2013-06-28,3495000000,2013-08-17,StockholdersEquity,2026-08-25
STX,inventory,2013-06-28,854000000,2013-08-17,InventoryNet,2026-08-25
STX,liabilities,2013-06-28,5737000000,2013-08-17,Liabilities,2026-08-25
STX,receivables,2013-06-28,1670000000,2013-08-17,AccountsReceivableNetCurrent,2026-08-25
STX,shares,2013-06-28,359437036,2013-08-17,CommonStockSharesOutstanding,2026-08-25
STZ,assets,2013-05-31,9452400000,2013-07-20,Assets,2026-08-25
STZ,buybacks,2013-05-31,0,2013-07-20,PaymentsForRepurchaseOfCommonStock,2026-08-25
STZ,capex,2013-05-31,22000000,2013-07-20,PaymentsToAcquirePropertyPlantAndEquipment,2026-08-25
STZ,cash,2013-06-07,232000000,2013-07-27,CashAndCashEquivalentsAtCarryingValue,2026-08-25
STZ,debt,2013-05-31,4817700000,2013-07-20,LongTermDebtNoncurrent,2026-08-25
STZ,equity,2013-05-31,2997400000,2013-07-20,StockholdersEquity,2026-08-25
STZ,grossProfit,2013-05-31,256100000,2013-07-20,GrossProfit,2026-08-25
STZ,inventory,2013-05-31,1443800000,2013-07-20,InventoryNet,2026-08-25
STZ,netIncome,2013-05-31,52900000,2013-07-20,NetIncomeLoss,2026-08-25
STZ,operatingCashFlow,2013-05-31,3300000,2013-07-20,NetCashProvidedByUsedInOperatingActivities,2026-08-25
STZ,operatingIncome,2013-05-31,70500000,2013-07-20,OperatingIncomeLoss,2026-08-25
STZ,receivables,2013-05-31,453800000,2013-07-20,AccountsReceivableNetCurrent,2026-08-25
SWK,assets,2013-06-29,16702900000,2013-08-18,Assets,2026-08-25
SWK,buybacks,2013-06-29,3700000,2013-08-18,PaymentsForRepurchaseOfCommonStock,2026-08-25
SWK,capex,2013-06-29,80000000,2013-08-18,PaymentsToAcquirePropertyPlantAndEquipment,2026-08-25
SWK,cash,2013-06-29,561700000,2013-08-18,CashAndCashEquivalentsAtCarryingValue,2026-08-25
SWK,debt,2013-06-29,3428900000,2013-08-18,LongTermDebtNoncurrent,2026-08-25
SWK,equity,2013-06-29,6645900000,2013-08-18,StockholdersEquity,2026-08-25
SWK,grossProfit,2013-06-29,997300000,2013-08-18,GrossProfit,2026-08-25
SWK,inventory,2013-06-29,1475800000,2013-08-18,InventoryNet,2026-08-25
SWK,netIncome,2013-06-29,187100000,2013-08-18,NetIncomeLoss,2026-08-25
SWK,operatingCashFlow,2013-06-29,184200000,2013-08-18,NetCashProvidedByUsedInOperatingActivities,2026-08-25
SWK,operatingIncome,2013-06-29,382200000,2013-08-18,OperatingIncomeLoss,2026-08-25
SWK,revenue,2013-06-29,2830000000,2013-08-18,SalesRevenueNet,2026-08-25
SWKS,assets,2013-06-28,2217900000,2013-08-17,Assets,2026-08-25
SWKS,buybacks,2013-06-28,92000000,2013-08-17,PaymentsForRepurchaseOfCommonStock,2026-08-25
SWKS,cash,2013-06-28,400300000,2013-08-17,CashAndCashEquivalentsAtCarryingValue,2026-08-25
SWKS,equity,2013-06-28,2000100000,2013-08-17,StockholdersEquity,2026-08-25
SWKS,grossProfit,2013-06-28,188200000,2013-08-17,GrossProfit,2026-08-25
SWKS,inventory,2013-06-28,232300000,2013-08-17,InventoryNet,2026-08-25
SWKS,liabilities,2013-06-28,217800000,2013-08-17,Liabilities,2026-08-25
SWKS,netIncome,2013-06-28,65700000,2013-08-17,NetIncomeLoss,2026-08-25
SWKS,operatingIncome,2013-06-28,84300000,2013-08-17,OperatingIncomeLoss,2026-08-25
SWKS,revenue,2013-06-28,436100000,2013-08-17,SalesRevenueNet,2026-08-25
SWKS,rnd,2013-06-28,56600000,2013-08-17,ResearchAndDevelopmentExpense,2026-08-25
SWKS,shares,2013-06-28,187700000,2013-08-17,CommonStockSharesOutstanding,2026-08-25
SYF,cash,2013-06-30,3110000000,2013-08-19,CashAndCashEquivalentsAtCarryingValue,2026-08-25
SYF,equity,2013-06-30,5518000000,2013-08-19,StockholdersEquity,2026-08-25
SYF,netIncome,2013-06-30,536000000,2013-08-19,NetIncomeLoss,2026-08-25
SYK,assets,2013-06-30,14382000000,2013-08-19,Assets,2026-08-25
SYK,capex,2013-06-30,47000000,2013-08-19,PaymentsToAcquirePropertyPlantAndEquipment,2026-08-25
SYK,cash,2013-06-30,971000000,2013-08-19,CashAndCashEquivalentsAtCarryingValue,2026-08-25
SYK,debt,2013-06-30,2742000000,2013-08-19,LongTermDebtNoncurrent,2026-08-25
SYK,equity,2013-06-30,8603000000,2013-08-19,StockholdersEquity,2026-08-25
SYK,grossProfit,2013-06-30,1482000000,2013-08-19,GrossProfit,2026-08-25
SYK,inventory,2013-06-30,1345000000,2013-08-19,InventoryNet,2026-08-25
SYK,netIncome,2013-06-30,213000000,2013-08-19,NetIncomeLoss,2026-08-25
SYK,operatingCashFlow,2013-06-30,356000000,2013-08-19,NetCashProvidedByUsedInOperatingActivities,2026-08-25
SYK,operatingIncome,2013-06-30,290000000,2013-08-19,OperatingIncomeLoss,2026-08-25
SYK,receivables,2013-06-30,1413000000,2013-08-19,AccountsReceivableNetCurrent,2026-08-25
SYK,revenue,2013-06-30,2212000000,2013-08-19,SalesRevenueNet,2026-08-25
SYK,rnd,2013-06-30,132000000,2013-08-19,ResearchAndDevelopmentExpense,2026-08-25
SYK,shares,2013-06-30,378,2013-08-19,CommonStockSharesOutstanding,2026-08-25
SYY,assets,2013-06-29,12665766000,2013-08-18,Assets,2026-08-25
SYY,cash,2013-06-29,412285000,2013-08-18,CashAndCashEquivalentsAtCarryingValue,2026-08-25
SYY,equity,2013-06-29,5191810000,2013-08-18,StockholdersEquity,2026-08-25
SYY,grossProfit,2013-06-29,2072220000,2013-08-18,GrossProfit,2026-08-25
SYY,operatingIncome,2013-06-29,459843000,2013-08-18,OperatingIncomeLoss,2026-08-25
T,assets,2013-06-30,272093000000,2013-08-19,Assets,2026-08-25
T,cash,2013-06-30,4548000000,2013-08-19,CashAndCashEquivalentsAtCarryingValue,2026-08-25
T,netIncome,2013-06-30,3822000000,2013-08-19,NetIncomeLoss,2026-08-25
T,operatingIncome,2013-06-30,6113000000,2013-08-19,OperatingIncomeLoss,2026-08-25
T,receivables,2013-06-30,12508000000,2013-08-19,AccountsReceivableNetCurrent,2026-08-25
T,revenue,2013-06-30,32075000000,2013-08-19,Revenues,2026-08-25
TAP,assets,2013-06-29,16116900000,2013-08-18,Assets,2026-08-25
TAP,cash,2013-06-29,801600000,2013-08-18,CashAndCashEquivalentsAtCarryingValue,2026-08-25
TAP,debt,2013-06-29,3295700000,2013-08-18,LongTermDebtNoncurrent,2026-08-25
TAP,equity,2013-06-29,7984500000,2013-08-18,StockholdersEquity,2026-08-25
TAP,grossProfit,2013-06-29,493900000,2013-08-18,GrossProfit,2026-08-25
TAP,inventory,2013-06-29,265400000,2013-08-18,InventoryNet,2026-08-25
TAP,liabilities,2013-06-29,8106100000,2013-08-18,Liabilities,2026-08-25
TAP,netIncome,2013-06-29,267300000,2013-08-18,NetIncomeLoss,2026-08-25
TAP,operatingIncome,2013-06-29,345700000,2013-08-18,OperatingIncomeLoss,2026-08-25
TAP,receivables,2013-06-29,693400000,2013-08-18,AccountsReceivableNetCurrent,2026-08-25
TDG,assets,2013-06-29,5812660000,2013-08-18,Assets,2026-08-25
TDG,cash,2013-06-29,269172000,2013-08-18,CashAndCashEquivalentsAtCarryingValue,2026-08-25
TDG,debt,2013-06-29,4317000000,2013-08-18,LongTermDebtNoncurrent,2026-08-25
TDG,equity,2013-06-29,801726000,2013-08-18,StockholdersEquity,2026-08-25
TDG,grossProfit,2013-06-29,268986000,2013-08-18,GrossProfit,2026-08-25
TDG,inventory,2013-06-29,413950000,2013-08-18,InventoryNet,2026-08-25
TDG,liabilities,2013-06-29,5010934000,2013-08-18,Liabilities,2026-08-25
TDG,netIncome,2013-06-29,76655000,2013-08-18,NetIncomeLoss,2026-08-25
TDG,operatingIncome,2013-06-29,176724000,2013-08-18,OperatingIncomeLoss,2026-08-25
TDG,receivables,2013-06-29,287895000,2013-08-18,AccountsReceivableNetCurrent,2026-08-25
TDG,revenue,2013-06-29,488636000,2013-08-18,SalesRevenueNet,2026-08-25
TDY,assets,2013-06-30,2514100000,2013-08-19,Assets,2026-08-25
TDY,cash,2013-06-30,70100000,2013-08-19,CashAndCashEquivalentsAtCarryingValue,2026-08-25
TDY,debt,2013-06-30,614700000,2013-08-19,LongTermDebt,2026-08-25
TDY,equity,2013-06-30,1227900000,2013-08-19,StockholdersEquity,2026-08-25
TDY,grossProfit,2013-06-30,217400000,2013-08-19,GrossProfit,2026-08-25
TDY,inventory,2013-06-30,293700000,2013-08-19,InventoryNet,2026-08-25
TDY,liabilities,2013-06-30,1233500000,2013-08-19,Liabilities,2026-08-25
TDY,netIncome,2013-06-30,42900000,2013-08-19,NetIncomeLoss,2026-08-25
TDY,operatingIncome,2013-06-30,64900000,2013-08-19,OperatingIncomeLoss,2026-08-25
TDY,receivables,2013-06-30,346700000,2013-08-19,AccountsReceivableNetCurrent,2026-08-25
TDY,revenue,2013-06-30,601000000,2013-08-19,SalesRevenueNet,2026-08-25
TDY,shares,2013-06-30,37416824,2013-08-19,CommonStockSharesOutstanding,2026-08-25
TECH,assets,2013-06-30,778098000,2013-08-19,Assets,2026-08-25
TECH,cash,2013-06-30,163786000,2013-08-19,CashAndCashEquivalentsAtCarryingValue,2026-08-25
TECH,equity,2013-06-30,737541000,2013-08-19,StockholdersEquity,2026-08-25
TECH,inventory,2013-06-30,34877000,2013-08-19,InventoryNet,2026-08-25
TECH,receivables,2013-06-30,38183000,2013-08-19,AccountsReceivableNetCurrent,2026-08-25
TECH,shares,2013-06-30,36834678,2013-08-19,CommonStockSharesOutstanding,2026-08-25
TEL,assets,2013-06-28,18090000000,2013-08-17,Assets,2026-08-25
TEL,cash,2013-06-28,1262000000,2013-08-17,CashAndCashEquivalentsAtCarryingValue,2026-08-25
TEL,debt,2013-06-28,2307000000,2013-08-17,LongTermDebtNoncurrent,2026-08-25
TEL,equity,2013-06-28,7882000000,2013-08-17,StockholdersEquity,2026-08-25
TEL,grossProfit,2013-06-28,1132000000,2013-08-17,GrossProfit,2026-08-25
TEL,inventory,2013-06-28,1762000000,2013-08-17,InventoryNet,2026-08-25
TEL,liabilities,2013-06-28,10202000000,2013-08-17,Liabilities,2026-08-25
TEL,operatingIncome,2013-06-28,439000000,2013-08-17,OperatingIncomeLoss,2026-08-25
TEL,receivables,2013-06-28,2257000000,2013-08-17,AccountsReceivableNetCurrent,2026-08-25
TEL,revenue,2013-06-28,3449000000,2013-08-17,SalesRevenueNet,2026-08-25
TER,assets,2013-06-30,2506170000,2013-08-19,Assets,2026-08-25
TER,cash,2013-06-30,227601000,2013-08-19,CashAndCashEquivalentsAtCarryingValue,2026-08-25
TER,equity,2013-06-30,1866493000,2013-08-19,StockholdersEquity,2026-08-25
TER,grossProfit,2013-06-30,241233000,2013-08-19,GrossProfit,2026-08-25
TER,inventory,2013-06-30,128204000,2013-08-19,InventoryNet,2026-08-25
TER,liabilities,2013-06-30,639677000,2013-08-19,Liabilities,2026-08-25
TER,netIncome,2013-06-30,66556000,2013-08-19,NetIncomeLoss,2026-08-25
TER,operatingIncome,2013-06-30,85908000,2013-08-19,OperatingIncomeLoss,2026-08-25
TER,receivables,2013-06-30,228208000,2013-08-19,AccountsReceivableNetCurrent,2026-08-25
TER,revenue,2013-06-30,428889000,2013-08-19,Revenues,2026-08-25
TER,shares,2013-06-30,190721000,2013-08-19,CommonStockSharesOutstanding,2026-08-25
TFC,assets,2013-06-30,182735000000,2013-08-19,Assets,2026-08-25
TFC,cash,2013-06-30,2379000000,2013-08-19,CashAndCashEquivalentsAtCarryingValue,2026-08-25
TFC,debt,2013-06-30,19362000000,2013-08-19,LongTermDebt,2026-08-25
TFC,liabilities,2013-06-30,160739000000,2013-08-19,Liabilities,2026-08-25
TFC,shares,2013-06-30,702995000,2013-08-19,CommonStockSharesOutstanding,2026-08-25
TGT,assets,2013-05-04,44234000000,2013-06-23,Assets,2026-08-25
TGT,buybacks,2013-05-04,540000000,2013-06-23,PaymentsForRepurchaseOfCommonStock,2026-08-25
TGT,capex,2013-05-04,901000000,2013-06-23,PaymentsToAcquirePropertyPlantAndEquipment,2026-08-25
TGT,equity,2013-05-04,16520000000,2013-06-23,StockholdersEquity,2026-08-25
TGT,grossProfit,2013-05-04,5143000000,2013-06-23,GrossProfit,2026-08-25
TGT,inventory,2013-05-04,8099000000,2013-06-23,InventoryNet,2026-08-25
TGT,operatingCashFlow,2013-05-04,3230000000,2013-06-23,NetCashProvidedByUsedInOperatingActivitiesContinuingOperations,2026-08-25
TGT,operatingIncome,2013-05-04,1034000000,2013-06-23,OperatingIncomeLoss,2026-08-25
TGT,revenue,2013-05-04,16706000000,2013-06-23,Revenues,2026-08-25
TGT,shares,2013-05-04,641253199,2013-06-23,CommonStockSharesOutstanding,2026-08-25
TJX,assets,2013-05-04,9840364000,2013-06-23,Assets,2026-08-25
TJX,buybacks,2013-05-04,302635000,2013-06-23,PaymentsForRepurchaseOfCommonStock,2026-08-25
TJX,capex,2013-05-04,238515000,2013-06-23,PaymentsToAcquirePropertyPlantAndEquipment,2026-08-25
TJX,cash,2013-05-04,1989835000,2013-06-23,CashAndCashEquivalentsAtCarryingValue,2026-08-25
TJX,debt,2013-05-04,1274126000,2013-06-23,LongTermDebtNoncurrent,2026-08-25
TJX,grossProfit,2013-05-04,1756076000,2013-06-23,GrossProfit,2026-08-25
TJX,inventory,2013-05-04,3091473000,2013-06-23,InventoryNet,2026-08-25
TJX,netIncome,2013-05-04,452890000,2013-06-23,NetIncomeLoss,2026-08-25
TJX,operatingCashFlow,2013-05-04,280749000,2013-06-23,NetCashProvidedByUsedInOperatingActivities,2026-08-25
TJX,receivables,2013-05-04,257985000,2013-06-23,AccountsReceivableNetCurrent,2026-08-25
TJX,revenue,2013-05-04,6189609000,2013-06-23,Revenues,2026-08-25
TJX,shares,2013-05-04,719773253,2013-06-23,CommonStockSharesOutstanding,2026-08-25
TMO,assets,2013-06-29,27629500000,2013-08-18,Assets,2026-08-25
TMO,cash,2013-06-29,1362700000,2013-08-18,CashAndCashEquivalentsAtCarryingValue,2026-08-25
TMO,equity,2013-06-29,15802800000,2013-08-18,StockholdersEquity,2026-08-25
TMO,grossProfit,2013-06-29,1363200000,2013-08-18,GrossProfit,2026-08-25
TMO,inventory,2013-06-29,1487100000,2013-08-18,InventoryNet,2026-08-25
TMO,netIncome,2013-06-29,277400000,2013-08-18,NetIncomeLoss,2026-08-25
TMO,operatingIncome,2013-06-29,375400000,2013-08-18,OperatingIncomeLoss,2026-08-25
TMO,receivables,2013-06-29,1901500000,2013-08-18,AccountsReceivableNetCurrent,2026-08-25
TMO,revenue,2013-06-29,3240100000,2013-08-18,Revenues,2026-08-25
TMO,rnd,2013-06-29,96700000,2013-08-18,ResearchAndDevelopmentExpense,2026-08-25
TMUS,assets,2013-06-30,44734000000,2013-08-19,Assets,2026-08-25
TMUS,cash,2013-06-30,2362000000,2013-08-19,CashAndCashEquivalentsAtCarryingValue,2026-08-25
TMUS,debt,2013-06-30,6276000000,2013-08-19,LongTermDebtNoncurrent,2026-08-25
TMUS,equity,2013-06-30,12359000000,2013-08-19,StockholdersEquity,2026-08-25
TMUS,inventory,2013-06-30,819000000,2013-08-19,InventoryNet,2026-08-25
TMUS,netIncome,2013-06-30,-16000000,2013-08-19,NetIncomeLoss,2026-08-25
TMUS,operatingIncome,2013-06-30,181000000,2013-08-19,OperatingIncomeLoss,2026-08-25
TMUS,receivables,2013-06-30,3000000000,2013-08-19,AccountsReceivableNetCurrent,2026-08-25
TMUS,revenue,2013-06-30,6228000000,2013-08-19,Revenues,2026-08-25
TMUS,shares,2013-06-30,726019309,2013-08-19,CommonStockSharesOutstanding,2026-08-25
TPR,assets,2013-06-29,3531900000,2013-08-18,Assets,2026-08-25
TPR,cash,2013-06-29,1062800000,2013-08-18,CashAndCashEquivalentsAtCarryingValue,2026-08-25
TPR,debt,2013-06-29,485000,2013-08-18,LongTermDebtNoncurrent,2026-08-25
TPR,equity,2013-06-29,2409200000,2013-08-18,StockholdersEquity,2026-08-25
TPR,grossProfit,2013-06-29,887300000,2013-08-18,GrossProfit,2026-08-25
TPR,inventory,2013-06-29,524706000,2013-08-18,InventoryNet,2026-08-25
TPR,liabilities,2013-06-29,1122739000,2013-08-18,Liabilities,2026-08-25
TPR,netIncome,2013-06-29,221300000,2013-08-18,NetIncomeLoss,2026-08-25
TPR,receivables,2013-06-29,175477000,2013-08-18,AccountsReceivableNetCurrent,2026-08-25
TPR,revenue,2013-06-29,1222600000,2013-08-18,SalesRevenueNet,2026-08-25
TPR,shares,2013-06-29,281902000,2013-08-18,CommonStockSharesOutstanding,2026-08-25
TRGP,assets,2013-06-30,5407100000,2013-08-19,Assets,2026-08-25
TRGP,cash,2013-06-30,82900000,2013-08-19,CashAndCashEquivalentsAtCarryingValue,2026-08-25
TRGP,debt,2013-06-30,2728000000,2013-08-19,LongTermDebtNoncurrent,2026-08-25
TRGP,equity,2013-06-30,120100000,2013-08-19,StockholdersEquity,2026-08-25
TRGP,grossProfit,2013-06-30,265200000,2013-08-19,GrossProfit,2026-08-25
TRGP,inventory,2013-06-30,138300000,2013-08-19,InventoryNet,2026-08-25
TRGP,netIncome,2013-06-30,15000000,2013-08-19,NetIncomeLoss,2026-08-25
TRGP,operatingIncome,2013-06-30,60900000,2013-08-19,OperatingIncomeLoss,2026-08-25
TRGP,receivables,2013-06-30,435800000,2013-08-19,AccountsReceivableNetCurrent,2026-08-25
TRGP,shares,2013-06-30,42331487,2013-08-19,CommonStockSharesOutstanding,2026-08-25
TRMB,assets,2013-06-28,3633760000,2013-08-17,Assets,2026-08-25
TRMB,cash,2013-06-28,129072000,2013-08-17,CashAndCashEquivalentsAtCarryingValue,2026-08-25
TRMB,debt,2013-06-28,789626000,2013-08-17,LongTermDebtNoncurrent,2026-08-25
TRMB,equity,2013-06-28,2023873000,2013-08-17,StockholdersEquity,2026-08-25
TRMB,grossProfit,2013-06-28,302401000,2013-08-17,GrossProfit,2026-08-25
TRMB,inventory,2013-06-28,258709000,2013-08-17,InventoryNet,2026-08-25
TRMB,liabilities,2013-06-28,1592471000,2013-08-17,Liabilities,2026-08-25
TRMB,netIncome,2013-06-28,54581000,2013-08-17,NetIncomeLoss,2026-08-25
TRMB,operatingIncome,2013-06-28,64905000,2013-08-17,OperatingIncomeLoss,2026-08-25
TRMB,receivables,2013-06-28,356264000,2013-08-17,AccountsReceivableNetCurrent,2026-08-25
TRMB,revenue,2013-06-28,576293000,2013-08-17,Revenues,2026-08-25
TRMB,rnd,2013-06-28,76555000,2013-08-17,ResearchAndDevelopmentExpense,2026-08-25
TRMB,shares,2013-06-28,256566000,2013-08-17,CommonStockSharesOutstanding,2026-08-25
TROW,assets,2013-06-30,4798900000,2013-08-19,Assets,2026-08-25
TROW,cash,2013-06-30,1455900000,2013-08-19,CashAndCashEquivalentsAtCarryingValue,2026-08-25
TROW,equity,2013-06-30,4310500000,2013-08-19,StockholdersEquity,2026-08-25
TROW,liabilities,2013-06-30,488400000,2013-08-19,Liabilities,2026-08-25
TROW,netIncome,2013-06-30,247800000,2013-08-19,NetIncomeLoss,2026-08-25
TROW,operatingIncome,2013-06-30,398800000,2013-08-19,OperatingIncomeLoss,2026-08-25
TROW,shares,2013-06-30,260055000,2013-08-19,CommonStockSharesOutstanding,2026-08-25
TRV,assets,2013-06-30,101900000000,2013-08-19,Assets,2026-08-25
TRV,liabilities,2013-06-30,77010000000,2013-08-19,Liabilities,2026-08-25
TRV,operatingIncome,2013-06-30,816000000,2013-08-19,OperatingIncomeLoss,2026-08-25
TRV,revenue,2013-06-30,6674000000,2013-08-19,Revenues,2026-08-25
TRV,shares,2013-06-30,373500000,2013-08-19,CommonStockSharesOutstanding,2026-08-25
TSCO,assets,2013-06-29,1846424000,2013-08-18,Assets,2026-08-25
TSCO,buybacks,2013-06-29,19400000,2013-08-18,PaymentsForRepurchaseOfCommonStock,2026-08-25
TSCO,cash,2013-06-29,55698000,2013-08-18,CashAndCashEquivalentsAtCarryingValue,2026-08-25
TSCO,equity,2013-06-29,1143747000,2013-08-18,StockholdersEquity,2026-08-25
TSCO,grossProfit,2013-06-29,506140000,2013-08-18,GrossProfit,2026-08-25
TSCO,inventory,2013-06-29,1082861000,2013-08-18,InventoryNet,2026-08-25
TSCO,liabilities,2013-06-29,702677000,2013-08-18,Liabilities,2026-08-25
TSCO,netIncome,2013-06-29,123580000,2013-08-18,NetIncomeLoss,2026-08-25
TSCO,operatingIncome,2013-06-29,197979000,2013-08-18,OperatingIncomeLoss,2026-08-25
TSCO,shares,2013-06-29,139534000,2013-08-18,CommonStockSharesOutstanding,2026-08-25
TSLA,assets,2013-06-30,1887844000,2013-08-19,Assets,2026-08-25
TSLA,cash,2013-06-30,746057000,2013-08-19,CashAndCashEquivalentsAtCarryingValue,2026-08-25
TSLA,debt,2013-06-30,578740000,2013-08-19,LongTermDebtNoncurrent,2026-08-25
TSLA,equity,2013-06-30,629426000,2013-08-19,StockholdersEquity,2026-08-25
TSLA,grossProfit,2013-06-30,100483000,2013-08-19,GrossProfit,2026-08-25
TSLA,inventory,2013-06-30,254891000,2013-08-19,InventoryNet,2026-08-25
TSLA,liabilities,2013-06-30,1258418000,2013-08-19,Liabilities,2026-08-25
TSLA,netIncome,2013-06-30,-30502000,2013-08-19,NetIncomeLoss,2026-08-25
TSLA,operatingIncome,2013-06-30,-11792000,2013-08-19,OperatingIncomeLoss,2026-08-25
TSLA,receivables,2013-06-30,113544000,2013-08-19,AccountsReceivableNetCurrent,2026-08-25
TSLA,revenue,2013-06-30,405139000,2013-08-19,Revenues,2026-08-25
TSLA,rnd,2013-06-30,52312000,2013-08-19,ResearchAndDevelopmentExpense,2026-08-25
TSLA,shares,2013-06-30,121429665,2013-08-19,CommonStockSharesOutstanding,2026-08-25
TSN,assets,2013-06-29,12102000000,2013-08-18,Assets,2026-08-25
TSN,cash,2013-06-29,943000000,2013-08-18,CashAndCashEquivalentsAtCarryingValue,2026-08-25
TSN,equity,2013-06-29,6213000000,2013-08-18,StockholdersEquity,2026-08-25
TSN,grossProfit,2013-06-29,682000000,2013-08-18,GrossProfit,2026-08-25
TSN,inventory,2013-06-29,2901000000,2013-08-18,InventoryNet,2026-08-25
TSN,netIncome,2013-06-29,249000000,2013-08-18,NetIncomeLoss,2026-08-25
TSN,operatingIncome,2013-06-29,419000000,2013-08-18,OperatingIncomeLoss,2026-08-25
TSN,receivables,2013-06-29,1454000000,2013-08-18,AccountsReceivableNetCurrent,2026-08-25
TSN,revenue,2013-06-29,8731000000,2013-08-18,SalesRevenueNet,2026-08-25
TT,assets,2013-06-30,20273700000,2013-08-19,Assets,2026-08-25
TT,cash,2013-06-30,2026800000,2013-08-19,CashAndCashEquivalentsAtCarryingValue,2026-08-25
TT,debt,2013-06-30,3155100000,2013-08-19,LongTermDebtNoncurrent,2026-08-25
TT,equity,2013-06-30,7094100000,2013-08-19,StockholdersEquity,2026-08-25
TT,inventory,2013-06-30,1435000000,2013-08-19,InventoryNet,2026-08-25
TT,liabilities,2013-06-30,13097500000,2013-08-19,Liabilities,2026-08-25
TT,netIncome,2013-06-30,317200000,2013-08-19,NetIncomeLoss,2026-08-25
TT,operatingIncome,2013-06-30,387500000,2013-08-19,OperatingIncomeLoss,2026-08-25
TT,revenue,2013-06-30,3398400000,2013-08-19,SalesRevenueNet,2026-08-25
TTWO,assets,2013-06-30,1448105000,2013-08-19,Assets,2026-08-25
TTWO,capex,2013-06-30,7994000,2013-08-19,PaymentsToAcquirePropertyPlantAndEquipment,2026-08-25
TTWO,cash,2013-06-30,646315000,2013-08-19,CashAndCashEquivalentsAtCarryingValue,2026-08-25
TTWO,debt,2013-06-30,408925000,2013-08-19,LongTermDebtNoncurrent,2026-08-25
TTWO,equity,2013-06-30,606981000,2013-08-19,StockholdersEquity,2026-08-25
TTWO,grossProfit,2013-06-30,48825000,2013-08-19,GrossProfit,2026-08-25
TTWO,inventory,2013-06-30,27852000,2013-08-19,InventoryNet,2026-08-25
TTWO,liabilities,2013-06-30,841124000,2013-08-19,Liabilities,2026-08-25
TTWO,netIncome,2013-06-30,-61914000,2013-08-19,NetIncomeLoss,2026-08-25
TTWO,operatingCashFlow,2013-06-30,7201000,2013-08-19,NetCashProvidedByUsedInOperatingActivities,2026-08-25
TTWO,operatingIncome,2013-06-30,-49564000,2013-08-19,OperatingIncomeLoss,2026-08-25
TTWO,receivables,2013-06-30,35202000,2013-08-19,AccountsReceivableNetCurrent,2026-08-25
TTWO,revenue,2013-06-30,142667000,2013-08-19,SalesRevenueNet,2026-08-25
TTWO,shares,2013-06-30,94738000,2013-08-19,CommonStockSharesOutstanding,2026-08-25
TXN,assets,2013-06-30,19398000000,2013-08-19,Assets,2026-08-25
TXN,cash,2013-06-30,1180000000,2013-08-19,CashAndCashEquivalentsAtCarryingValue,2026-08-25
TXN,debt,2013-06-30,4165000000,2013-08-19,LongTermDebtNoncurrent,2026-08-25
TXN,equity,2013-06-30,11068000000,2013-08-19,StockholdersEquity,2026-08-25
TXN,grossProfit,2013-06-30,1570000000,2013-08-19,GrossProfit,2026-08-25
TXN,inventory,2013-06-30,1720000000,2013-08-19,InventoryNet,2026-08-25
TXN,liabilities,2013-06-30,8330000000,2013-08-19,Liabilities,2026-08-25
TXN,netIncome,2013-06-30,660000000,2013-08-19,NetIncomeLoss,2026-08-25
TXN,operatingIncome,2013-06-30,906000000,2013-08-19,OperatingIncomeLoss,2026-08-25
TXN,receivables,2013-06-30,1491000000,2013-08-19,AccountsReceivableNetCurrent,2026-08-25
TXN,revenue,2013-06-30,3047000000,2013-08-19,SalesRevenueNet,2026-08-25
TXN,rnd,2013-06-30,389000000,2013-08-19,ResearchAndDevelopmentExpense,2026-08-25
TXT,assets,2013-06-29,12440000000,2013-08-18,Assets,2026-08-25
TXT,cash,2013-06-29,571000000,2013-08-18,CashAndCashEquivalentsAtCarryingValue,2026-08-25
TXT,equity,2013-06-29,3380000000,2013-08-18,StockholdersEquity,2026-08-25
TXT,inventory,2013-06-29,3203000000,2013-08-18,InventoryNet,2026-08-25
TXT,liabilities,2013-06-29,9060000000,2013-08-18,Liabilities,2026-08-25
TXT,netIncome,2013-06-29,113000000,2013-08-18,NetIncomeLoss,2026-08-25
TXT,revenue,2013-06-29,2839000000,2013-08-18,Revenues,2026-08-25
TXT,shares,2013-06-29,280390000,2013-08-18,CommonStockSharesOutstanding,2026-08-25
TYL,assets,2013-06-30,368928000,2013-08-19,Assets,2026-08-25
TYL,cash,2013-06-30,3068000,2013-08-19,CashAndCashEquivalentsAtCarryingValue,2026-08-25
TYL,equity,2013-06-30,180155000,2013-08-19,StockholdersEquity,2026-08-25
TYL,grossProfit,2013-06-30,47042000,2013-08-19,GrossProfit,2026-08-25
TYL,netIncome,2013-06-30,9047000,2013-08-19,NetIncomeLoss,2026-08-25
TYL,operatingIncome,2013-06-30,15349000,2013-08-19,OperatingIncomeLoss,2026-08-25
TYL,receivables,2013-06-30,121256000,2013-08-19,AccountsReceivableNetCurrent,2026-08-25
TYL,revenue,2013-06-30,103088000,2013-08-19,Revenues,2026-08-25
UAL,assets,2013-06-30,37468000000,2013-08-19,Assets,2026-08-25
UAL,cash,2013-06-30,4143000000,2013-08-19,CashAndCashEquivalentsAtCarryingValue,2026-08-25
UAL,debt,2013-06-30,10214000000,2013-08-19,LongTermDebtNoncurrent,2026-08-25
UAL,equity,2013-06-30,1217000000,2013-08-19,StockholdersEquity,2026-08-25
UAL,netIncome,2013-06-30,469000000,2013-08-19,NetIncomeLoss,2026-08-25
UAL,operatingIncome,2013-06-30,770000000,2013-08-19,OperatingIncomeLoss,2026-08-25
UAL,revenue,2013-06-30,10001000000,2013-08-19,Revenues,2026-08-25
UAL,shares,2013-06-30,355889762,2013-08-19,CommonStockSharesOutstanding,2026-08-25
UDR,assets,2013-06-30,6743543000,2013-08-19,Assets,2026-08-25
UDR,cash,2013-06-30,9035000,2013-08-19,CashAndCashEquivalentsAtCarryingValue,2026-08-25
UDR,debt,2013-06-30,3394723000,2013-08-19,LongTermDebt,2026-08-25
UDR,equity,2013-06-30,2866372000,2013-08-19,StockholdersEquity,2026-08-25
UDR,liabilities,2013-06-30,3638595000,2013-08-19,Liabilities,2026-08-25
UDR,netIncome,2013-06-30,5192000,2013-08-19,NetIncomeLoss,2026-08-25
UDR,operatingIncome,2013-06-30,30683000,2013-08-19,OperatingIncomeLoss,2026-08-25
UDR,revenue,2013-06-30,189502000,2013-08-19,Revenues,2026-08-25
UDR,shares,2013-06-30,250742325,2013-08-19,CommonStockSharesOutstanding,2026-08-25
UHS,assets,2013-06-30,8317253000,2013-08-19,Assets,2026-08-25
UHS,cash,2013-06-30,12558000,2013-08-19,CashAndCashEquivalentsAtCarryingValue,2026-08-25
UHS,debt,2013-06-30,3473106000,2013-08-19,LongTermDebtNoncurrent,2026-08-25
UHS,equity,2013-06-30,2991457000,2013-08-19,StockholdersEquity,2026-08-25
UHS,netIncome,2013-06-30,151841000,2013-08-19,NetIncomeLoss,2026-08-25
UHS,operatingIncome,2013-06-30,304054000,2013-08-19,OperatingIncomeLoss,2026-08-25
UHS,receivables,2013-06-30,1149477000,2013-08-19,AccountsReceivableNetCurrent,2026-08-25
UHS,revenue,2013-06-30,1834975000,2013-08-19,SalesRevenueNet,2026-08-25
ULTA,assets,2013-05-04,1331577000,2013-06-23,Assets,2026-08-25
ULTA,buybacks,2013-05-04,37337000,2013-06-23,PaymentsForRepurchaseOfCommonStock,2026-08-25
ULTA,capex,2013-05-04,42004000,2013-06-23,PaymentsToAcquirePropertyPlantAndEquipment,2026-08-25
ULTA,cash,2013-05-04,293214000,2013-06-23,CashAndCashEquivalentsAtCarryingValue,2026-08-25
ULTA,equity,2013-05-04,803724000,2013-06-23,StockholdersEquity,2026-08-25
ULTA,grossProfit,2013-05-04,203949000,2013-06-23,GrossProfit,2026-08-25
ULTA,liabilities,2013-05-04,527853000,2013-06-23,Liabilities,2026-08-25
ULTA,netIncome,2013-05-04,41826000,2013-06-23,NetIncomeLoss,2026-08-25
ULTA,operatingCashFlow,2013-05-04,42835000,2013-06-23,NetCashProvidedByUsedInOperatingActivities,2026-08-25
ULTA,operatingIncome,2013-05-04,67695000,2013-06-23,OperatingIncomeLoss,2026-08-25
ULTA,revenue,2013-05-04,582712000,2013-06-23,SalesRevenueNet,2026-08-25
ULTA,shares,2013-05-04,63758000,2013-06-23,CommonStockSharesOutstanding,2026-08-25
UNH,assets,2013-06-30,80201000000,2013-08-19,Assets,2026-08-25
UNH,cash,2013-06-30,7654000000,2013-08-19,CashAndCashEquivalentsAtCarryingValue,2026-08-25
UNH,debt,2013-06-30,15543000000,2013-08-19,LongTermDebtNoncurrent,2026-08-25
UNH,equity,2013-06-30,31381000000,2013-08-19,StockholdersEquity,2026-08-25
UNH,liabilities,2013-06-30,48051000000,2013-08-19,Liabilities,2026-08-25
UNH,netIncome,2013-06-30,1436000000,2013-08-19,NetIncomeLoss,2026-08-25
UNH,operatingIncome,2013-06-30,2401000000,2013-08-19,OperatingIncomeLoss,2026-08-25
UNH,receivables,2013-06-30,3674000000,2013-08-19,AccountsReceivableNetCurrent,2026-08-25
UNH,revenue,2013-06-30,30408000000,2013-08-19,Revenues,2026-08-25
UNH,shares,2013-06-30,1006000000,2013-08-19,CommonStockSharesOutstanding,2026-08-25
UNP,assets,2013-06-30,49026000000,2013-08-19,Assets,2026-08-25
UNP,cash,2013-06-30,1845000000,2013-08-19,CashAndCashEquivalentsAtCarryingValue,2026-08-25
UNP,equity,2013-06-30,20524000000,2013-08-19,StockholdersEquity,2026-08-25
UNP,liabilities,2013-06-30,28502000000,2013-08-19,Liabilities,2026-08-25
UNP,netIncome,2013-06-30,1106000000,2013-08-19,NetIncomeLoss,2026-08-25
UNP,operatingIncome,2013-06-30,1878000000,2013-08-19,OperatingIncomeLoss,2026-08-25
UNP,receivables,2013-06-30,1468000000,2013-08-19,AccountsReceivableNetCurrent,2026-08-25
UNP,revenue,2013-06-30,5470000000,2013-08-19,Revenues,2026-08-25
UNP,shares,2013-06-30,464363763,2013-08-19,CommonStockSharesOutstanding,2026-08-25
UPS,assets,2013-06-30,36703000000,2013-08-19,Assets,2026-08-25
UPS,cash,2013-06-30,4808000000,2013-08-19,CashAndCashEquivalentsAtCarryingValue,2026-08-25
UPS,debt,2013-06-30,10837000000,2013-08-19,LongTermDebtNoncurrent,2026-08-25
UPS,equity,2013-06-30,3617000000,2013-08-19,StockholdersEquity,2026-08-25
UPS,netIncome,2013-06-30,1071000000,2013-08-19,NetIncomeLoss,2026-08-25
UPS,operatingIncome,2013-06-30,1742000000,2013-08-19,OperatingIncomeLoss,2026-08-25
UPS,receivables,2013-06-30,5438000000,2013-08-19,AccountsReceivableNetCurrent,2026-08-25
UPS,revenue,2013-06-30,13507000000,2013-08-19,Revenues,2026-08-25
URI,assets,2013-06-30,11326000000,2013-08-19,Assets,2026-08-25
URI,cash,2013-06-30,133000000,2013-08-19,CashAndCashEquivalentsAtCarryingValue,2026-08-25
URI,equity,2013-06-30,1583000000,2013-08-19,StockholdersEquity,2026-08-25
URI,grossProfit,2013-06-30,471000000,2013-08-19,GrossProfit,2026-08-25
URI,inventory,2013-06-30,111000000,2013-08-19,InventoryNet,2026-08-25
URI,liabilities,2013-06-30,9717000000,2013-08-19,Liabilities,2026-08-25
URI,netIncome,2013-06-30,83000000,2013-08-19,NetIncomeLoss,2026-08-25
URI,operatingIncome,2013-06-30,250000000,2013-08-19,OperatingIncomeLoss,2026-08-25
URI,receivables,2013-06-30,751000000,2013-08-19,AccountsReceivableNetCurrent,2026-08-25
URI,revenue,2013-06-30,1206000000,2013-08-19,Revenues,2026-08-25
URI,shares,2013-06-30,93454763,2013-08-19,CommonStockSharesOutstanding,2026-08-25
USB,assets,2013-06-30,353415000000,2013-08-19,Assets,2026-08-25
USB,debt,2013-06-30,19724000000,2013-08-19,LongTermDebt,2026-08-25
USB,equity,2013-06-30,39683000000,2013-08-19,StockholdersEquity,2026-08-25
USB,liabilities,2013-06-30,312365000000,2013-08-19,Liabilities,2026-08-25
USB,netIncome,2013-06-30,1484000000,2013-08-19,NetIncomeLoss,2026-08-25
USB,revenue,2013-06-30,4948000000,2013-08-19,Revenues,2026-08-25
V,assets,2013-06-30,35285000000,2013-08-19,Assets,2026-08-25
V,cash,2013-06-30,1453000000,2013-08-19,CashAndCashEquivalentsAtCarryingValue,2026-08-25
V,liabilities,2013-06-30,8282000000,2013-08-19,Liabilities,2026-08-25
V,netIncome,2013-06-30,1225000000,2013-08-19,NetIncomeLoss,2026-08-25
V,operatingIncome,2013-06-30,1828000000,2013-08-19,OperatingIncomeLoss,2026-08-25
V,receivables,2013-06-30,779000000,2013-08-19,AccountsReceivableNetCurrent,2026-08-25
V,revenue,2013-06-30,3001000000,2013-08-19,Revenues,2026-08-25
VEEV,capex,2013-04-30,217000,2013-06-19,PaymentsToAcquirePropertyPlantAndEquipment,2026-08-25
VEEV,cash,2013-04-30,44354000,2013-06-19,CashAndCashEquivalentsAtCarryingValue,2026-08-25
VEEV,grossProfit,2013-04-30,25079000,2013-06-19,GrossProfit,2026-08-25
VEEV,netIncome,2013-04-30,4845000,2013-06-19,NetIncomeLoss,2026-08-25
VEEV,operatingCashFlow,2013-04-30,13023000,2013-06-19,NetCashProvidedByUsedInOperatingActivitiesContinuingOperations,2026-08-25
VEEV,operatingIncome,2013-04-30,8173000,2013-06-19,OperatingIncomeLoss,2026-08-25
VEEV,revenue,2013-04-30,42788000,2013-06-19,Revenues,2026-08-25
VEEV,rnd,2013-04-30,5527000,2013-06-19,ResearchAndDevelopmentExpense,2026-08-25
VLO,assets,2013-06-30,44177000000,2013-08-19,Assets,2026-08-25
VLO,cash,2013-06-30,2398000000,2013-08-19,CashAndCashEquivalentsAtCarryingValue,2026-08-25
VLO,debt,2013-06-30,6522000000,2013-08-19,LongTermDebt,2026-08-25
VLO,equity,2013-06-30,17920000000,2013-08-19,StockholdersEquity,2026-08-25
VLO,inventory,2013-06-30,6446000000,2013-08-19,InventoryNet,2026-08-25
VLO,netIncome,2013-06-30,466000000,2013-08-19,NetIncomeLoss,2026-08-25
VLO,operatingIncome,2013-06-30,805000000,2013-08-19,OperatingIncomeLoss,2026-08-25
VMC,assets,2013-06-30,8120224000,2013-08-19,Assets,2026-08-25
VMC,cash,2013-06-30,86979000,2013-08-19,CashAndCashEquivalentsAtCarryingValue,2026-08-25
VMC,debt,2013-06-30,2524420000,2013-08-19,LongTermDebtNoncurrent,2026-08-25
VMC,grossProfit,2013-06-30,132895000,2013-08-19,GrossProfit,2026-08-25
VMC,inventory,2013-06-30,340487000,2013-08-19,InventoryNet,2026-08-25
VMC,liabilities,2013-06-30,4306704000,2013-08-19,Liabilities,2026-08-25
VMC,netIncome,2013-06-30,28772000,2013-08-19,NetIncomeLoss,2026-08-25
VMC,operatingIncome,2013-06-30,86866000,2013-08-19,OperatingIncomeLoss,2026-08-25
VMC,revenue,2013-06-30,738733000,2013-08-19,SalesRevenueNet,2026-08-25
VMRK,assets,2013-06-30,23482383000,2013-08-19,Assets,2026-08-25
VMRK,cash,2013-06-30,152564000,2013-08-19,CashAndCashEquivalentsAtCarryingValue,2026-08-25
VMRK,equity,2013-06-30,10322384000,2013-08-19,StockholdersEquity,2026-08-25
VMRK,liabilities,2013-06-30,12435577000,2013-08-19,Liabilities,2026-08-25
VMRK,netIncome,2013-06-30,324759000,2013-08-19,NetIncomeLoss,2026-08-25
VMRK,operatingIncome,2013-06-30,63977000,2013-08-19,OperatingIncomeLoss,2026-08-25
VMRK,revenue,2013-06-30,617217000,2013-08-19,Revenues,2026-08-25
VMRK,shares,2013-06-30,360312049,2013-08-19,CommonStockSharesOutstanding,2026-08-25
VRSK,assets,2013-06-30,2439351000,2013-08-19,Assets,2026-08-25
VRSK,cash,2013-06-30,172587000,2013-08-19,CashAndCashEquivalentsAtCarryingValue,2026-08-25
VRSK,debt,2013-06-30,1399769000,2013-08-19,LongTermDebt,2026-08-25
VRSK,equity,2013-06-30,365505000,2013-08-19,StockholdersEquity,2026-08-25
VRSK,liabilities,2013-06-30,2073846000,2013-08-19,Liabilities,2026-08-25
VRSK,netIncome,2013-06-30,84205000,2013-08-19,NetIncomeLoss,2026-08-25
VRSK,operatingIncome,2013-06-30,146857000,2013-08-19,OperatingIncomeLoss,2026-08-25
VRSK,receivables,2013-06-30,186549000,2013-08-19,AccountsReceivableNetCurrent,2026-08-25
VRSN,assets,2013-06-30,2524841000,2013-08-19,Assets,2026-08-25
VRSN,cash,2013-06-30,578301000,2013-08-19,CashAndCashEquivalentsAtCarryingValue,2026-08-25
VRSN,debt,2013-06-30,0,2013-08-19,LongTermDebt,2026-08-25
VRSN,equity,2013-06-30,-273932000,2013-08-19,StockholdersEquity,2026-08-25
VRSN,liabilities,2013-06-30,2798773000,2013-08-19,Liabilities,2026-08-25
VRSN,netIncome,2013-06-30,86890000,2013-08-19,NetIncomeLoss,2026-08-25
VRSN,operatingIncome,2013-06-30,132081000,2013-08-19,OperatingIncomeLoss,2026-08-25
VRSN,receivables,2013-06-30,13556000,2013-08-19,AccountsReceivableNetCurrent,2026-08-25
VRSN,revenue,2013-06-30,239332000,2013-08-19,Revenues,2026-08-25
VRSN,rnd,2013-06-30,16899000,2013-08-19,ResearchAndDevelopmentExpense,2026-08-25
VRSN,shares,2013-06-30,144121000,2013-08-19,CommonStockSharesOutstanding,2026-08-25
VRTX,assets,2013-06-30,2584329000,2013-08-19,Assets,2026-08-25
VRTX,cash,2013-06-30,531247000,2013-08-19,CashAndCashEquivalentsAtCarryingValue,2026-08-25
VRTX,equity,2013-06-30,1322453000,2013-08-19,StockholdersEquity,2026-08-25
VRTX,inventory,2013-06-30,19509000,2013-08-19,InventoryNet,2026-08-25
VRTX,liabilities,2013-06-30,1035666000,2013-08-19,Liabilities,2026-08-25
VRTX,netIncome,2013-06-30,-57165000,2013-08-19,NetIncomeLoss,2026-08-25
VRTX,operatingIncome,2013-06-30,-47032000,2013-08-19,OperatingIncomeLoss,2026-08-25
VRTX,receivables,2013-06-30,164866000,2013-08-19,AccountsReceivableNetCurrent,2026-08-25
VRTX,revenue,2013-06-30,310750000,2013-08-19,Revenues,2026-08-25
VRTX,rnd,2013-06-30,213994000,2013-08-19,ResearchAndDevelopmentExpense,2026-08-25
VTR,assets,2013-06-30,18796582000,2013-08-19,Assets,2026-08-25
VTR,capex,2013-06-30,266807000,2013-08-19,PaymentsToAcquireProductiveAssets,2026-08-25
VTR,cash,2013-06-30,54672000,2013-08-19,CashAndCashEquivalentsAtCarryingValue,2026-08-25
VTR,debt,2013-06-30,8420073000,2013-08-19,LongTermDebt,2026-08-25
VTR,equity,2013-06-30,8925582000,2013-08-19,StockholdersEquity,2026-08-25
VTR,liabilities,2013-06-30,9605838000,2013-08-19,Liabilities,2026-08-25
VTR,revenue,2013-06-30,684109000,2013-08-19,Revenues,2026-08-25
VZ,assets,2013-06-30,223346000000,2013-08-19,Assets,2026-08-25
VZ,cash,2013-06-30,1788000000,2013-08-19,CashAndCashEquivalentsAtCarryingValue,2026-08-25
VZ,inventory,2013-06-30,1040000000,2013-08-19,InventoryNet,2026-08-25
VZ,netIncome,2013-06-30,2246000000,2013-08-19,NetIncomeLoss,2026-08-25
VZ,operatingIncome,2013-06-30,6555000000,2013-08-19,OperatingIncomeLoss,2026-08-25
VZ,receivables,2013-06-30,12216000000,2013-08-19,AccountsReceivableNetCurrent,2026-08-25
VZ,revenue,2013-06-30,29786000000,2013-08-19,Revenues,2026-08-25
WAB,assets,2013-06-30,2516390000,2013-08-19,Assets,2026-08-25
WAB,cash,2013-06-30,214505000,2013-08-19,CashAndCashEquivalentsAtCarryingValue,2026-08-25
WAB,debt,2013-06-30,396915000,2013-08-19,LongTermDebtNoncurrent,2026-08-25
WAB,equity,2013-06-30,1401260000,2013-08-19,StockholdersEquity,2026-08-25
WAB,grossProfit,2013-06-30,192881000,2013-08-19,GrossProfit,2026-08-25
WAB,inventory,2013-06-30,405938000,2013-08-19,InventoryNet,2026-08-25
WAB,liabilities,2013-06-30,1110684000,2013-08-19,Liabilities,2026-08-25
WAB,netIncome,2013-06-30,74638000,2013-08-19,NetIncomeLoss,2026-08-25
WAB,operatingIncome,2013-06-30,112554000,2013-08-19,OperatingIncomeLoss,2026-08-25
WAB,receivables,2013-06-30,488449000,2013-08-19,AccountsReceivableNetCurrent,2026-08-25
WAB,revenue,2013-06-30,638002000,2013-08-19,Revenues,2026-08-25
WAB,rnd,2013-06-30,11280000,2013-08-19,ResearchAndDevelopmentExpense,2026-08-25
WAB,shares,2013-06-30,96270889,2013-08-19,CommonStockSharesOutstanding,2026-08-25
WAT,assets,2013-06-29,3285529000,2013-08-18,Assets,2026-08-25
WAT,cash,2013-06-29,455045000,2013-08-18,CashAndCashEquivalentsAtCarryingValue,2026-08-25
WAT,debt,2013-06-29,1135000000,2013-08-18,LongTermDebtNoncurrent,2026-08-25
WAT,equity,2013-06-29,1520112000,2013-08-18,StockholdersEquity,2026-08-25
WAT,grossProfit,2013-06-29,262786000,2013-08-18,GrossProfit,2026-08-25
WAT,inventory,2013-06-29,242641000,2013-08-18,InventoryNet,2026-08-25
WAT,liabilities,2013-06-29,1765417000,2013-08-18,Liabilities,2026-08-25
WAT,operatingIncome,2013-06-29,112692000,2013-08-18,OperatingIncomeLoss,2026-08-25
WAT,receivables,2013-06-29,365222000,2013-08-18,AccountsReceivableNetCurrent,2026-08-25
WAT,revenue,2013-06-29,451115000,2013-08-18,SalesRevenueNet,2026-08-25
WAT,rnd,2013-06-29,24650000,2013-08-18,ResearchAndDevelopmentExpense,2026-08-25
WAT,shares,2013-06-29,85197000,2013-08-18,CommonStockSharesOutstanding,2026-08-25
WBD,assets,2013-06-30,14687000000,2013-08-19,Assets,2026-08-25
WBD,buybacks,2013-06-30,265000000,2013-08-19,PaymentsForRepurchaseOfCommonStock,2026-08-25
WBD,cash,2013-06-30,375000000,2013-08-19,CashAndCashEquivalentsAtCarryingValue,2026-08-25
WBD,debt,2013-06-30,6478000000,2013-08-19,LongTermDebt,2026-08-25
WBD,equity,2013-06-30,6269000000,2013-08-19,StockholdersEquity,2026-08-25
WBD,liabilities,2013-06-30,8383000000,2013-08-19,Liabilities,2026-08-25
WBD,netIncome,2013-06-30,300000000,2013-08-19,NetIncomeLoss,2026-08-25
WBD,operatingIncome,2013-06-30,549000000,2013-08-19,OperatingIncomeLoss,2026-08-25
WBD,revenue,2013-06-30,1467000000,2013-08-19,SalesRevenueNet,2026-08-25
WDAY,assets,2013-04-30,981255000,2013-06-19,Assets,2026-08-25
WDAY,capex,2013-04-30,1895000,2013-06-19,PaymentsToAcquireProductiveAssets,2026-08-25
WDAY,cash,2013-04-30,219264000,2013-06-19,CashAndCashEquivalentsAtCarryingValue,2026-08-25
WDAY,equity,2013-04-30,571785000,2013-06-19,StockholdersEquity,2026-08-25
WDAY,liabilities,2013-04-30,409470000,2013-06-19,Liabilities,2026-08-25
WDAY,netIncome,2013-04-30,-33015000,2013-06-19,NetIncomeLoss,2026-08-25
WDAY,operatingCashFlow,2013-04-30,17310000,2013-06-19,NetCashProvidedByUsedInOperatingActivities,2026-08-25
WDAY,operatingIncome,2013-04-30,-32624000,2013-06-19,OperatingIncomeLoss,2026-08-25
WDAY,receivables,2013-04-30,60345000,2013-06-19,AccountsReceivableNetCurrent,2026-08-25
WDAY,revenue,2013-04-30,91645000,2013-06-19,Revenues,2026-08-25
WDAY,rnd,2013-04-30,36282000,2013-06-19,ResearchAndDevelopmentExpense,2026-08-25
WDC,assets,2013-06-28,14036000000,2013-08-17,Assets,2026-08-25
WDC,cash,2013-06-29,4309000000,2013-08-18,CashAndCashEquivalentsAtCarryingValue,2026-08-25
WDC,debt,2013-06-28,1725000000,2013-08-17,LongTermDebtNoncurrent,2026-08-25
WDC,equity,2013-06-28,7893000000,2013-08-17,StockholdersEquity,2026-08-25
WDC,grossProfit,2013-06-28,1050000000,2013-08-17,GrossProfit,2026-08-25
WDC,inventory,2013-06-28,1188000000,2013-08-17,InventoryNet,2026-08-25
WDC,liabilities,2013-06-28,6143000000,2013-08-17,Liabilities,2026-08-25
WDC,netIncome,2013-06-28,-265000000,2013-08-17,NetIncomeLoss,2026-08-25
WDC,operatingIncome,2013-06-28,-221000000,2013-08-17,OperatingIncomeLoss,2026-08-25
WDC,receivables,2013-06-28,1793000000,2013-08-17,AccountsReceivableNetCurrent,2026-08-25
WDC,shares,2013-06-28,237000000,2013-08-17,CommonStockSharesOutstanding,2026-08-25
WEC,assets,2013-06-30,14317000000,2013-08-19,Assets,2026-08-25
WEC,capex,2013-06-30,173700000,2013-08-19,PaymentsToAcquirePropertyPlantAndEquipment,2026-08-25
WEC,cash,2013-06-30,21000000,2013-08-19,CashAndCashEquivalentsAtCarryingValue,2026-08-25
WEC,debt,2013-06-30,4383200000,2013-08-19,LongTermDebtNoncurrent,2026-08-25
WEC,netIncome,2013-06-30,119000000,2013-08-19,NetIncomeLoss,2026-08-25
WEC,operatingIncome,2013-06-30,229500000,2013-08-19,OperatingIncomeLoss,2026-08-25
WEC,receivables,2013-06-30,327300000,2013-08-19,AccountsReceivableNetCurrent,2026-08-25
WEC,revenue,2013-06-30,1012300000,2013-08-19,Revenues,2026-08-25
WELL,assets,2013-06-30,22196393000,2013-08-19,Assets,2026-08-25
WELL,cash,2013-06-30,512472000,2013-08-19,CashAndCashEquivalentsAtCarryingValue,2026-08-25
WELL,debt,2013-06-30,9471226000,2013-08-19,LongTermDebt,2026-08-25
WELL,equity,2013-06-30,11644161000,2013-08-19,StockholdersEquity,2026-08-25
WELL,liabilities,2013-06-30,10099427000,2013-08-19,Liabilities,2026-08-25
WELL,revenue,2013-06-30,678533000,2013-08-19,Revenues,2026-08-25
WELL,shares,2013-06-30,285232381,2013-08-19,CommonStockSharesOutstanding,2026-08-25
WFC,assets,2013-06-30,1440563000000,2013-08-19,Assets,2026-08-25
WFC,debt,2013-06-30,123375000000,2013-08-19,LongTermDebt,2026-08-25
WFC,equity,2013-06-30,162421000000,2013-08-19,StockholdersEquity,2026-08-25
WFC,liabilities,2013-06-30,1276786000000,2013-08-19,Liabilities,2026-08-25
WFC,netIncome,2013-06-30,5519000000,2013-08-19,NetIncomeLoss,2026-08-25
WM,assets,2013-06-30,23012000000,2013-08-19,Assets,2026-08-25
WM,cash,2013-06-30,154000000,2013-08-19,CashAndCashEquivalentsAtCarryingValue,2026-08-25
WM,equity,2013-06-30,6509000000,2013-08-19,StockholdersEquity,2026-08-25
WM,liabilities,2013-06-30,16194000000,2013-08-19,Liabilities,2026-08-25
WM,netIncome,2013-06-30,244000000,2013-08-19,NetIncomeLoss,2026-08-25
WM,operatingIncome,2013-06-30,510000000,2013-08-19,OperatingIncomeLoss,2026-08-25
WM,receivables,2013-06-30,1730000000,2013-08-19,AccountsReceivableNetCurrent,2026-08-25
WM,revenue,2013-06-30,3526000000,2013-08-19,Revenues,2026-08-25
WM,shares,2013-06-30,468100000,2013-08-19,CommonStockSharesOutstanding,2026-08-25
WMB,assets,2013-06-30,25657000000,2013-08-19,Assets,2026-08-25
WMB,cash,2013-06-30,824000000,2013-08-19,CashAndCashEquivalentsAtCarryingValue,2026-08-25
WMB,equity,2013-06-30,4694000000,2013-08-19,StockholdersEquity,2026-08-25
WMB,inventory,2013-06-30,174000000,2013-08-19,InventoryNet,2026-08-25
WMB,netIncome,2013-06-30,142000000,2013-08-19,NetIncomeLoss,2026-08-25
WMB,operatingIncome,2013-06-30,350000000,2013-08-19,OperatingIncomeLoss,2026-08-25
WMB,revenue,2013-06-30,1767000000,2013-08-19,Revenues,2026-08-25
WMT,assets,2013-04-30,202187000000,2013-06-19,Assets,2026-08-25
WMT,buybacks,2013-04-30,2246000000,2013-06-19,PaymentsForRepurchaseOfCommonStock,2026-08-25
WMT,capex,2013-04-30,2968000000,2013-06-19,PaymentsToAcquirePropertyPlantAndEquipment,2026-08-25
WMT,cash,2013-04-30,8855000000,2013-06-19,CashAndCashEquivalentsAtCarryingValue,2026-08-25
WMT,debt,2013-04-30,41536000000,2013-06-19,LongTermDebtNoncurrent,2026-08-25
WMT,equity,2013-04-30,70249000000,2013-06-19,StockholdersEquity,2026-08-25
WMT,inventory,2013-04-30,43138000000,2013-06-19,InventoryNet,2026-08-25
WMT,netIncome,2013-04-30,3784000000,2013-06-19,NetIncomeLoss,2026-08-25
WMT,operatingCashFlow,2013-04-30,4894000000,2013-06-19,NetCashProvidedByUsedInOperatingActivities,2026-08-25
WMT,operatingIncome,2013-04-30,6438000000,2013-06-19,OperatingIncomeLoss,2026-08-25
WMT,revenue,2013-04-30,114071000000,2013-06-19,Revenues,2026-08-25
WRB,assets,2013-06-30,20211542000,2013-08-19,Assets,2026-08-25
WRB,cash,2013-06-30,658839000,2013-08-19,CashAndCashEquivalentsAtCarryingValue,2026-08-25
WRB,equity,2013-06-30,4238604000,2013-08-19,StockholdersEquity,2026-08-25
WRB,liabilities,2013-06-30,15945887000,2013-08-19,Liabilities,2026-08-25
WRB,netIncome,2013-06-30,115957000,2013-08-19,NetIncomeLoss,2026-08-25
WRB,revenue,2013-06-30,1570962000,2013-08-19,Revenues,2026-08-25
WRB,shares,2013-06-30,135308430,2013-08-19,CommonStockSharesOutstanding,2026-08-25
WSM,assets,2013-05-05,2063219000,2013-06-24,Assets,2026-08-25
WSM,buybacks,2013-05-05,41174000,2013-06-24,PaymentsForRepurchaseOfCommonStock,2026-08-25
WSM,capex,2013-05-05,47444000,2013-06-24,PaymentsToAcquirePropertyPlantAndEquipment,2026-08-25
WSM,cash,2013-05-05,252536000,2013-06-24,CashAndCashEquivalentsAtCarryingValue,2026-08-25
WSM,equity,2013-05-05,1282218000,2013-06-24,StockholdersEquity,2026-08-25
WSM,grossProfit,2013-05-05,334185000,2013-06-24,GrossProfit,2026-08-25
WSM,inventory,2013-05-05,661541000,2013-06-24,InventoryNet,2026-08-25
WSM,liabilities,2013-05-05,781001000,2013-06-24,Liabilities,2026-08-25
WSM,netIncome,2013-05-05,39466000,2013-06-24,NetIncomeLoss,2026-08-25
WSM,operatingCashFlow,2013-05-05,-59822000,2013-06-24,NetCashProvidedByUsedInOperatingActivities,2026-08-25
WSM,operatingIncome,2013-05-05,63783000,2013-06-24,OperatingIncomeLoss,2026-08-25
WSM,revenue,2013-05-05,887808000,2013-06-24,SalesRevenueNet,2026-08-25
WSM,shares,2013-05-05,97309000,2013-06-24,CommonStockSharesOutstanding,2026-08-25
WST,assets,2013-06-30,1612700000,2013-08-19,Assets,2026-08-25
WST,cash,2013-06-30,190600000,2013-08-19,CashAndCashEquivalentsAtCarryingValue,2026-08-25
WST,debt,2013-06-30,394700000,2013-08-19,LongTermDebtNoncurrent,2026-08-25
WST,grossProfit,2013-06-30,110900000,2013-08-19,GrossProfit,2026-08-25
WST,inventory,2013-06-30,176500000,2013-08-19,InventoryNet,2026-08-25
WST,liabilities,2013-06-30,828500000,2013-08-19,Liabilities,2026-08-25
WST,operatingIncome,2013-06-30,42500000,2013-08-19,OperatingIncomeLoss,2026-08-25
WST,receivables,2013-06-30,195300000,2013-08-19,AccountsReceivableNetCurrent,2026-08-25
WST,revenue,2013-06-30,344500000,2013-08-19,SalesRevenueNet,2026-08-25
WST,rnd,2013-06-30,9500000,2013-08-19,ResearchAndDevelopmentExpense,2026-08-25
WTW,assets,2013-06-30,15938000000,2013-08-19,Assets,2026-08-25
WTW,cash,2013-06-30,503000000,2013-08-19,CashAndCashEquivalentsAtCarryingValue,2026-08-25
WTW,debt,2013-06-30,2326000000,2013-08-19,LongTermDebtNoncurrent,2026-08-25
WTW,equity,2013-06-30,1977000000,2013-08-19,StockholdersEquity,2026-08-25
WTW,liabilities,2013-06-30,13938000000,2013-08-19,Liabilities,2026-08-25
WTW,netIncome,2013-06-30,105000000,2013-08-19,NetIncomeLoss,2026-08-25
WTW,operatingIncome,2013-06-30,167000000,2013-08-19,OperatingIncomeLoss,2026-08-25
WTW,receivables,2013-06-30,1044000000,2013-08-19,AccountsReceivableNetCurrent,2026-08-25
WTW,revenue,2013-06-30,890000000,2013-08-19,Revenues,2026-08-25
WY,assets,2013-06-30,13908000000,2013-08-19,Assets,2026-08-25
WY,cash,2013-06-30,2362000000,2013-08-19,CashAndCashEquivalentsAtCarryingValue,2026-08-25
WY,equity,2013-06-30,5868000000,2013-08-19,StockholdersEquity,2026-08-25
WY,grossProfit,2013-06-30,421000000,2013-08-19,GrossProfit,2026-08-25
WY,liabilities,2013-06-30,8002000000,2013-08-19,Liabilities,2026-08-25
WY,netIncome,2013-06-30,198000000,2013-08-19,NetIncomeLoss,2026-08-25
WY,operatingIncome,2013-06-30,293000000,2013-08-19,OperatingIncomeLoss,2026-08-25
WY,revenue,2013-06-30,1874000000,2013-08-19,SalesRevenueNet,2026-08-25
WY,rnd,2013-06-30,8000000,2013-08-19,ResearchAndDevelopmentExpense,2026-08-25
WY,shares,2013-06-30,577873544,2013-08-19,CommonStockSharesOutstanding,2026-08-25
WYNN,assets,2013-06-30,7773339000,2013-08-19,Assets,2026-08-25
WYNN,cash,2013-06-30,2028229000,2013-08-19,CashAndCashEquivalentsAtCarryingValue,2026-08-25
WYNN,debt,2013-06-30,6010763000,2013-08-19,LongTermDebtNoncurrent,2026-08-25
WYNN,equity,2013-06-30,-88028000,2013-08-19,StockholdersEquity,2026-08-25
WYNN,inventory,2013-06-30,70153000,2013-08-19,InventoryNet,2026-08-25
WYNN,liabilities,2013-06-30,7595775000,2013-08-19,Liabilities,2026-08-25
WYNN,netIncome,2013-06-30,129785000,2013-08-19,NetIncomeLoss,2026-08-25
WYNN,operatingIncome,2013-06-30,274024000,2013-08-19,OperatingIncomeLoss,2026-08-25
WYNN,revenue,2013-06-30,1332273000,2013-08-19,SalesRevenueNet,2026-08-25
WYNN,shares,2013-06-30,101102388,2013-08-19,CommonStockSharesOutstanding,2026-08-25
XEL,assets,2013-06-30,32266262000,2013-08-19,Assets,2026-08-25
XEL,cash,2013-06-30,58821000,2013-08-19,CashAndCashEquivalentsAtCarryingValue,2026-08-25
XEL,equity,2013-06-30,9300245000,2013-08-19,StockholdersEquity,2026-08-25
XEL,inventory,2013-06-30,494890000,2013-08-19,InventoryNet,2026-08-25
XEL,netIncome,2013-06-30,196857000,2013-08-19,NetIncomeLoss,2026-08-25
XEL,operatingIncome,2013-06-30,402236000,2013-08-19,OperatingIncomeLoss,2026-08-25
XEL,receivables,2013-06-30,719069000,2013-08-19,AccountsReceivableNetCurrent,2026-08-25
XEL,revenue,2013-06-30,2578913000,2013-08-19,Revenues,2026-08-25
XEL,shares,2013-06-30,497295719,2013-08-19,CommonStockSharesOutstanding,2026-08-25
XYL,assets,2013-06-30,4611000000,2013-08-19,Assets,2026-08-25
XYL,capex,2013-06-30,31000000,2013-08-19,PaymentsToAcquireProductiveAssets,2026-08-25
XYL,cash,2013-06-30,360000000,2013-08-19,CashAndCashEquivalentsAtCarryingValue,2026-08-25
XYL,debt,2013-06-30,1199000000,2013-08-19,LongTermDebtNoncurrent,2026-08-25
XYL,grossProfit,2013-06-30,371000000,2013-08-19,GrossProfit,2026-08-25
XYL,inventory,2013-06-30,471000000,2013-08-19,InventoryNet,2026-08-25
XYL,liabilities,2013-06-30,2559000000,2013-08-19,Liabilities,2026-08-25
XYL,netIncome,2013-06-30,46000000,2013-08-19,NetIncomeLoss,2026-08-25
XYL,operatingIncome,2013-06-30,70000000,2013-08-19,OperatingIncomeLoss,2026-08-25
XYL,receivables,2013-06-30,792000000,2013-08-19,AccountsReceivableNetCurrent,2026-08-25
XYL,revenue,2013-06-30,960000000,2013-08-19,SalesRevenueNet,2026-08-25
XYL,rnd,2013-06-30,28000000,2013-08-19,ResearchAndDevelopmentExpense,2026-08-25
YUM,assets,2013-06-15,8764000000,2013-08-04,Assets,2026-08-25
YUM,cash,2013-06-15,500000000,2013-08-04,CashAndCashEquivalentsAtCarryingValue,2026-08-25
YUM,debt,2013-06-15,2800000000,2013-08-04,LongTermDebt,2026-08-25
YUM,equity,2013-06-15,2223000000,2013-08-04,StockholdersEquity,2026-08-25
YUM,inventory,2013-06-15,319000000,2013-08-04,InventoryNet,2026-08-25
YUM,liabilities,2013-06-15,6420000000,2013-08-04,Liabilities,2026-08-25
YUM,netIncome,2013-06-15,281000000,2013-08-04,NetIncomeLoss,2026-08-25
YUM,operatingIncome,2013-06-15,390000000,2013-08-04,OperatingIncomeLoss,2026-08-25
YUM,revenue,2013-06-15,2904000000,2013-08-04,Revenues,2026-08-25
ZBH,assets,2013-06-30,9097400000,2013-08-19,Assets,2026-08-25
ZBH,buybacks,2013-06-30,68800000,2013-08-19,PaymentsForRepurchaseOfCommonStock,2026-08-25
ZBH,cash,2013-06-30,709900000,2013-08-19,CashAndCashEquivalentsAtCarryingValue,2026-08-25
ZBH,debt,2013-06-30,1688100000,2013-08-19,LongTermDebtNoncurrent,2026-08-25
ZBH,equity,2013-06-30,5885900000,2013-08-19,StockholdersEquity,2026-08-25
ZBH,grossProfit,2013-06-30,845900000,2013-08-19,GrossProfit,2026-08-25
ZBH,inventory,2013-06-30,1052900000,2013-08-19,InventoryNet,2026-08-25
ZBH,liabilities,2013-06-30,3207800000,2013-08-19,Liabilities,2026-08-25
ZBH,netIncome,2013-06-30,152100000,2013-08-19,NetIncomeLoss,2026-08-25
ZBH,operatingIncome,2013-06-30,210400000,2013-08-19,OperatingIncomeLoss,2026-08-25
ZBH,receivables,2013-06-30,942500000,2013-08-19,AccountsReceivableNetCurrent,2026-08-25
ZBRA,assets,2013-06-29,1018555000,2013-08-18,Assets,2026-08-25
ZBRA,cash,2013-06-29,55886000,2013-08-18,CashAndCashEquivalentsAtCarryingValue,2026-08-25
ZBRA,equity,2013-06-29,896579000,2013-08-18,StockholdersEquity,2026-08-25
ZBRA,grossProfit,2013-06-29,120907000,2013-08-18,GrossProfit,2026-08-25
ZBRA,inventory,2013-06-29,109149000,2013-08-18,InventoryNet,2026-08-25
ZBRA,liabilities,2013-06-29,121976000,2013-08-18,Liabilities,2026-08-25
ZBRA,netIncome,2013-06-29,30566000,2013-08-18,NetIncomeLoss,2026-08-25
ZBRA,operatingIncome,2013-06-29,36241000,2013-08-18,OperatingIncomeLoss,2026-08-25
ZBRA,receivables,2013-06-29,170856000,2013-08-18,AccountsReceivableNetCurrent,2026-08-25
ZBRA,revenue,2013-06-29,253160000,2013-08-18,SalesRevenueNet,2026-08-25
ZBRA,rnd,2013-06-29,23201000,2013-08-18,ResearchAndDevelopmentExpense,2026-08-25
ZBRA,shares,2013-06-29,50782000,2013-08-18,CommonStockSharesOutstanding,2026-08-25
ZTS,assets,2013-06-30,6261000000,2013-08-19,Assets,2026-08-25
ZTS,cash,2013-06-30,369000000,2013-08-19,CashAndCashEquivalentsAtCarryingValue,2026-08-25
ZTS,debt,2013-06-30,3640000000,2013-08-19,LongTermDebtNoncurrent,2026-08-25
ZTS,equity,2013-06-30,800000000,2013-08-19,StockholdersEquity,2026-08-25
ZTS,inventory,2013-06-30,1257000000,2013-08-19,InventoryNet,2026-08-25
ZTS,liabilities,2013-06-30,5438000000,2013-08-19,Liabilities,2026-08-25
ZTS,netIncome,2013-06-30,128000000,2013-08-19,NetIncomeLoss,2026-08-25
ZTS,receivables,2013-06-30,1137000000,2013-08-19,AccountsReceivableNetCurrent,2026-08-25
ZTS,revenue,2013-06-30,1114000000,2013-08-19,SalesRevenueNet,2026-08-25
ZTS,shares,2013-06-30,500000000,2013-08-19,CommonStockSharesOutstanding,2026-08-25
A,assets,2013-04-30,10587000000,2013-06-19,Assets,2026-08-27
A,cash,2013-04-30,2519000000,2013-06-19,CashAndCashEquivalentsAtCarryingValue,2026-08-27
A,debt,2013-04-30,2106000000,2013-06-19,LongTermDebtNoncurrent,2026-08-27
A,equity,2013-04-30,5305000000,2013-06-19,StockholdersEquity,2026-08-27
A,inventory,2013-04-30,1042000000,2013-06-19,InventoryNet,2026-08-27
A,liabilities,2013-04-30,5279000000,2013-06-19,Liabilities,2026-08-27
A,operatingIncome,2013-04-30,213000000,2013-06-19,OperatingIncomeLoss,2026-08-27
A,receivables,2013-04-30,916000000,2013-06-19,AccountsReceivableNetCurrent,2026-08-27
A,revenue,2013-04-30,1732000000,2013-06-19,SalesRevenueNet,2026-08-27
A,rnd,2013-04-30,181000000,2013-06-19,ResearchAndDevelopmentExpense,2026-08-27
A,shares,2013-04-30,599000000,2013-06-19,CommonStockSharesOutstanding,2026-08-27
AAPL,assets,2013-06-29,199856000000,2013-08-18,Assets,2026-08-27
AAPL,cash,2013-06-29,11248000000,2013-08-18,CashAndCashEquivalentsAtCarryingValue,2026-08-27
AAPL,debt,2013-06-29,16958000000,2013-08-18,LongTermDebt,2026-08-27
AAPL,equity,2013-06-29,123354000000,2013-08-18,StockholdersEquity,2026-08-27
AAPL,grossProfit,2013-06-29,13024000000,2013-08-18,GrossProfit,2026-08-27
AAPL,inventory,2013-06-29,1697000000,2013-08-18,InventoryNet,2026-08-27
AAPL,liabilities,2013-06-29,76502000000,2013-08-18,Liabilities,2026-08-27
AAPL,netIncome,2013-06-29,6900000000,2013-08-18,NetIncomeLoss,2026-08-27
AAPL,operatingIncome,2013-06-29,9201000000,2013-08-18,OperatingIncomeLoss,2026-08-27
AAPL,receivables,2013-06-29,8839000000,2013-08-18,AccountsReceivableNetCurrent,2026-08-27
AAPL,revenue,2013-06-29,35323000000,2013-08-18,SalesRevenueNet,2026-08-27
AAPL,rnd,2013-06-29,1178000000,2013-08-18,ResearchAndDevelopmentExpense,2026-08-27
AAPL,shares,2013-06-29,908442000,2013-08-18,CommonStockSharesOutstanding,2026-08-27
ABBV,assets,2013-06-30,27910000000,2013-08-19,Assets,2026-08-27
ABBV,cash,2013-06-30,8743000000,2013-08-19,CashAndCashEquivalentsAtCarryingValue,2026-08-27
ABBV,equity,2013-06-30,3558000000,2013-08-19,StockholdersEquity,2026-08-27
ABBV,grossProfit,2013-06-30,3638000000,2013-08-19,GrossProfit,2026-08-27
ABBV,inventory,2013-06-30,1085000000,2013-08-19,InventoryNet,2026-08-27
ABBV,operatingIncome,2013-06-30,1453000000,2013-08-19,OperatingIncomeLoss,2026-08-27
ABBV,revenue,2013-06-30,4692000000,2013-08-19,SalesRevenueNet,2026-08-27
ABT,assets,2013-06-30,42903346000,2013-08-19,Assets,2026-08-27
ABT,cash,2013-06-30,5572000000,2013-08-19,CashAndCashEquivalentsAtCarryingValue,2026-08-27
ABT,debt,2013-06-30,3410759000,2013-08-19,LongTermDebtNoncurrent,2026-08-27
ABT,equity,2013-06-30,22336064000,2013-08-19,StockholdersEquity,2026-08-27
ABT,grossProfit,2013-06-30,2429000000,2013-08-19,GrossProfit,2026-08-27
ABT,inventory,2013-06-30,2725179000,2013-08-19,InventoryNet,2026-08-27
ABT,netIncome,2013-06-30,476000000,2013-08-19,NetIncomeLoss,2026-08-27
ABT,operatingIncome,2013-06-30,627000000,2013-08-19,OperatingIncomeLoss,2026-08-27
ABT,receivables,2013-06-30,3938998000,2013-08-19,AccountsReceivableNetCurrent,2026-08-27
ABT,revenue,2013-06-30,4933000000,2013-08-19,SalesRevenueNet,2026-08-27
ACGL,assets,2013-06-30,18917683000,2013-08-19,Assets,2026-08-27
ACGL,cash,2013-06-30,375119000,2013-08-19,CashAndCashEquivalentsAtCarryingValue,2026-08-27
ACGL,equity,2013-06-30,5234318000,2013-08-19,StockholdersEquity,2026-08-27
ACGL,liabilities,2013-06-30,13683365000,2013-08-19,Liabilities,2026-08-27
ACGL,netIncome,2013-06-30,176940000,2013-08-19,NetIncomeLoss,2026-08-27
ACGL,revenue,2013-06-30,851790000,2013-08-19,Revenues,2026-08-27
ACN,assets,2013-05-31,16523758000,2013-07-20,Assets,2026-08-27
ACN,cash,2013-05-31,5938085000,2013-07-20,CashAndCashEquivalentsAtCarryingValue,2026-08-27
ACN,equity,2013-05-31,5324867000,2013-07-20,StockholdersEquity,2026-08-27
ACN,netIncome,2013-05-31,810258000,2013-07-20,NetIncomeLoss,2026-08-27
ACN,operatingIncome,2013-05-31,1141971000,2013-07-20,OperatingIncomeLoss,2026-08-27
ACN,receivables,2013-05-31,3375047000,2013-07-20,AccountsReceivableNetCurrent,2026-08-27
ACN,revenue,2013-05-31,7707935000,2013-07-20,Revenues,2026-08-27
ADBE,assets,2013-05-31,10280369000,2013-07-20,Assets,2026-08-27
ADBE,cash,2013-05-31,1246410000,2013-07-20,CashAndCashEquivalentsAtCarryingValue,2026-08-27
ADBE,equity,2013-05-31,6927302000,2013-07-20,StockholdersEquity,2026-08-27
ADBE,grossProfit,2013-05-31,875268000,2013-07-20,GrossProfit,2026-08-27
ADBE,liabilities,2013-05-31,3353067000,2013-07-20,Liabilities,2026-08-27
ADBE,netIncome,2013-05-31,76546000,2013-07-20,NetIncomeLoss,2026-08-27
ADBE,operatingIncome,2013-05-31,111309000,2013-07-20,OperatingIncomeLoss,2026-08-27
ADBE,receivables,2013-05-31,470052000,2013-07-20,AccountsReceivableNetCurrent,2026-08-27
ADBE,revenue,2013-05-31,1010549000,2013-07-20,Revenues,2026-08-27
ADBE,shares,2013-05-31,503052000,2013-07-20,CommonStockSharesOutstanding,2026-08-27
ADI,assets,2013-05-04,5841036000,2013-06-23,Assets,2026-08-27
ADI,cash,2013-05-04,595631000,2013-06-23,CashAndCashEquivalentsAtCarryingValue,2026-08-27
ADI,equity,2013-05-04,4460590000,2013-06-23,StockholdersEquity,2026-08-27
ADI,grossProfit,2013-05-04,422195000,2013-06-23,GrossProfit,2026-08-27
ADI,inventory,2013-05-04,298967000,2013-06-23,InventoryNet,2026-08-27
ADI,netIncome,2013-05-04,164472000,2013-06-23,NetIncomeLoss,2026-08-27
ADI,operatingIncome,2013-05-04,191382000,2013-06-23,OperatingIncomeLoss,2026-08-27
ADI,receivables,2013-05-04,333924000,2013-06-23,AccountsReceivableNetCurrent,2026-08-27
ADI,revenue,2013-05-04,659250000,2013-06-23,SalesRevenueNet,2026-08-27
ADI,rnd,2013-05-04,128055000,2013-06-23,ResearchAndDevelopmentExpense,2026-08-27
ADI,shares,2013-05-04,308165416,2013-06-23,CommonStockSharesOutstanding,2026-08-27
ADM,assets,2013-06-30,40238000000,2013-08-19,Assets,2026-08-27
ADM,cash,2013-06-30,1848000000,2013-08-19,CashAndCashEquivalentsAtCarryingValue,2026-08-27
ADM,debt,2013-06-30,5366000000,2013-08-19,LongTermDebtNoncurrent,2026-08-27
ADM,grossProfit,2013-06-30,807000000,2013-08-19,GrossProfit,2026-08-27
ADM,netIncome,2013-06-30,223000000,2013-08-19,NetIncomeLoss,2026-08-27
ADM,receivables,2013-06-30,3520000000,2013-08-19,AccountsReceivableNetCurrent,2026-08-27
ADM,revenue,2013-06-30,22541000000,2013-08-19,Revenues,2026-08-27
ADP,assets,2013-06-30,32268100000,2013-08-19,Assets,2026-08-27
ADP,cash,2013-06-30,1404200000,2013-08-19,CashAndCashEquivalentsAtCarryingValue,2026-08-27
ADP,equity,2013-06-30,6189900000,2013-08-19,StockholdersEquity,2026-08-27
ADP,grossProfit,2013-06-30,1112900000,2013-08-19,GrossProfit,2026-08-27
ADP,liabilities,2013-06-30,26078200000,2013-08-19,Liabilities,2026-08-27
ADP,receivables,2013-06-30,1595300000,2013-08-19,AccountsReceivableNetCurrent,2026-08-27
ADP,revenue,2013-06-30,2802800000,2013-08-19,Revenues,2026-08-27
ADP,shares,2013-06-30,482600000,2013-08-19,CommonStockSharesOutstanding,2026-08-27
ADSK,assets,2013-04-30,4289700000,2013-06-19,Assets,2026-08-27
ADSK,buybacks,2013-04-30,129200000,2013-06-19,PaymentsForRepurchaseOfCommonStock,2026-08-27
ADSK,capex,2013-04-30,25800000,2013-06-19,PaymentsToAcquirePropertyPlantAndEquipment,2026-08-27
ADSK,cash,2013-04-30,1655800000,2013-06-19,CashAndCashEquivalentsAtCarryingValue,2026-08-27
ADSK,debt,2013-04-30,745800000,2013-06-19,LongTermDebt,2026-08-27
ADSK,equity,2013-04-30,2084500000,2013-06-19,StockholdersEquity,2026-08-27
ADSK,grossProfit,2013-04-30,502900000,2013-06-19,GrossProfit,2026-08-27
ADSK,netIncome,2013-04-30,55600000,2013-06-19,NetIncomeLoss,2026-08-27
ADSK,operatingCashFlow,2013-04-30,224100000,2013-06-19,NetCashProvidedByUsedInOperatingActivities,2026-08-27
ADSK,operatingIncome,2013-04-30,81400000,2013-06-19,OperatingIncomeLoss,2026-08-27
ADSK,receivables,2013-04-30,285800000,2013-06-19,AccountsReceivableNetCurrent,2026-08-27
ADSK,revenue,2013-04-30,570400000,2013-06-19,SalesRevenueNet,2026-08-27
ADSK,rnd,2013-04-30,150800000,2013-06-19,ResearchAndDevelopmentExpense,2026-08-27
AEE,assets,2013-06-30,22276000000,2013-08-19,Assets,2026-08-27
AEE,cash,2013-06-30,150000000,2013-08-19,CashAndCashEquivalentsAtCarryingValue,2026-08-27
AEE,debt,2013-06-30,5274000000,2013-08-19,LongTermDebtNoncurrent,2026-08-27
AEE,equity,2013-06-30,6374000000,2013-08-19,StockholdersEquity,2026-08-27
AEE,inventory,2013-06-30,511000000,2013-08-19,InventoryNet,2026-08-27
AEE,netIncome,2013-06-30,95000000,2013-08-19,NetIncomeLoss,2026-08-27
AEE,operatingIncome,2013-06-30,261000000,2013-08-19,OperatingIncomeLoss,2026-08-27
AEE,receivables,2013-06-30,425000000,2013-08-19,AccountsReceivableNetCurrent,2026-08-27
AEE,revenue,2013-06-30,1403000000,2013-08-19,Revenues,2026-08-27
AEE,shares,2013-06-30,242600000,2013-08-19,CommonStockSharesOutstanding,2026-08-27
AEP,assets,2013-06-30,54979000000,2013-08-19,Assets,2026-08-27
AEP,cash,2013-06-30,117000000,2013-08-19,CashAndCashEquivalentsAtCarryingValue,2026-08-27
AEP,debt,2013-06-30,15799000000,2013-08-19,LongTermDebtNoncurrent,2026-08-27
AEP,equity,2013-06-30,15537000000,2013-08-19,StockholdersEquity,2026-08-27
AEP,liabilities,2013-06-30,39442000000,2013-08-19,Liabilities,2026-08-27
AEP,operatingIncome,2013-06-30,547000000,2013-08-19,OperatingIncomeLoss,2026-08-27
AEP,receivables,2013-06-30,1931000000,2013-08-19,AccountsReceivableNetCurrent,2026-08-27
AEP,revenue,2013-06-30,3582000000,2013-08-19,Revenues,2026-08-27
AES,assets,2013-06-30,40836000000,2013-08-19,Assets,2026-08-27
AES,cash,2013-06-30,1549000000,2013-08-19,CashAndCashEquivalentsAtCarryingValue,2026-08-27
AES,equity,2013-06-30,4749000000,2013-08-19,StockholdersEquity,2026-08-27
AES,grossProfit,2013-06-30,901000000,2013-08-19,GrossProfit,2026-08-27
AES,inventory,2013-06-30,763000000,2013-08-19,InventoryNet,2026-08-27
AES,netIncome,2013-06-30,167000000,2013-08-19,NetIncomeLoss,2026-08-27
AES,receivables,2013-06-30,2417000000,2013-08-19,AccountsReceivableNetCurrent,2026-08-27
AES,revenue,2013-06-30,4068000000,2013-08-19,Revenues,2026-08-27
AES,shares,2013-06-30,745144098,2013-08-19,CommonStockSharesOutstanding,2026-08-27
AFL,assets,2013-06-30,116313000000,2013-08-19,Assets,2026-08-27
AFL,cash,2013-06-30,2388000000,2013-08-19,CashAndCashEquivalentsAtCarryingValue,2026-08-27
AFL,equity,2013-06-30,13696000000,2013-08-19,StockholdersEquity,2026-08-27
AFL,liabilities,2013-06-30,102617000000,2013-08-19,Liabilities,2026-08-27
AFL,netIncome,2013-06-30,889000000,2013-08-19,NetIncomeLoss,2026-08-27
AFL,operatingIncome,2013-06-30,1157000000,2013-08-19,OperatingIncomeLoss,2026-08-27
AFL,revenue,2013-06-30,6044000000,2013-08-19,Revenues,2026-08-27
AFL,shares,2013-06-30,464820000,2013-08-19,CommonStockSharesOutstanding,2026-08-27
AIG,assets,2013-06-30,537438000000,2013-08-19,Assets,2026-08-27
AIG,equity,2013-06-30,97463000000,2013-08-19,StockholdersEquity,2026-08-27
AIG,liabilities,2013-06-30,439203000000,2013-08-19,Liabilities,2026-08-27
AIG,netIncome,2013-06-30,2731000000,2013-08-19,NetIncomeLoss,2026-08-27
AIG,revenue,2013-06-30,17315000000,2013-08-19,Revenues,2026-08-27
AIZ,assets,2013-06-30,28728795000,2013-08-19,Assets,2026-08-27
AIZ,cash,2013-06-30,1270395000,2013-08-19,CashAndCashEquivalentsAtCarryingValue,2026-08-27
AIZ,equity,2013-06-30,4795886000,2013-08-19,StockholdersEquity,2026-08-27
AIZ,liabilities,2013-06-30,23932909000,2013-08-19,Liabilities,2026-08-27
AIZ,netIncome,2013-06-30,133523000,2013-08-19,NetIncomeLoss,2026-08-27
AIZ,revenue,2013-06-30,2237766000,2013-08-19,Revenues,2026-08-27
AIZ,shares,2013-06-30,75085172,2013-08-19,CommonStockSharesOutstanding,2026-08-27
AJG,assets,2013-06-30,5562100000,2013-08-19,Assets,2026-08-27
AJG,cash,2013-06-30,240000000,2013-08-19,CashAndCashEquivalentsAtCarryingValue,2026-08-27
AJG,debt,2013-06-30,925000000,2013-08-19,LongTermDebtNoncurrent,2026-08-27
AJG,equity,2013-06-30,1702000000,2013-08-19,StockholdersEquity,2026-08-27
AJG,liabilities,2013-06-30,3860100000,2013-08-19,Liabilities,2026-08-27
AJG,netIncome,2013-06-30,93500000,2013-08-19,NetIncomeLoss,2026-08-27
AJG,revenue,2013-06-30,779500000,2013-08-19,Revenues,2026-08-27
AJG,shares,2013-06-30,127700000,2013-08-19,CommonStockSharesOutstanding,2026-08-27
AKAM,assets,2013-06-30,2725270000,2013-08-19,Assets,2026-08-27
AKAM,cash,2013-06-30,204865000,2013-08-19,CashAndCashEquivalentsAtCarryingValue,2026-08-27
AKAM,equity,2013-06-30,2447873000,2013-08-19,StockholdersEquity,2026-08-27
AKAM,liabilities,2013-06-30,277397000,2013-08-19,Liabilities,2026-08-27
AKAM,netIncome,2013-06-30,61895000,2013-08-19,NetIncomeLoss,2026-08-27
AKAM,operatingIncome,2013-06-30,97503000,2013-08-19,OperatingIncomeLoss,2026-08-27
AKAM,receivables,2013-06-30,237286000,2013-08-19,AccountsReceivableNetCurrent,2026-08-27
AKAM,revenue,2013-06-30,378106000,2013-08-19,Revenues,2026-08-27
AKAM,rnd,2013-06-30,20597000,2013-08-19,ResearchAndDevelopmentExpense,2026-08-27
AKAM,shares,2013-06-30,178115006,2013-08-19,CommonStockSharesOutstanding,2026-08-27
ALB,assets,2013-06-30,3335949000,2013-08-19,Assets,2026-08-27
ALB,cash,2013-06-30,314659000,2013-08-19,CashAndCashEquivalentsAtCarryingValue,2026-08-27
ALB,debt,2013-06-30,1067852000,2013-08-19,LongTermDebtNoncurrent,2026-08-27
ALB,equity,2013-06-30,1352994000,2013-08-19,StockholdersEquity,2026-08-27
ALB,grossProfit,2013-06-30,191670000,2013-08-19,GrossProfit,2026-08-27
ALB,inventory,2013-06-30,451998000,2013-08-19,InventoryNet,2026-08-27
ALB,netIncome,2013-06-30,82739000,2013-08-19,NetIncomeLoss,2026-08-27
ALB,operatingIncome,2013-06-30,108380000,2013-08-19,OperatingIncomeLoss,2026-08-27
ALB,receivables,2013-06-30,407842000,2013-08-19,AccountsReceivableNetCurrent,2026-08-27
ALB,revenue,2013-06-30,576842000,2013-08-19,SalesRevenueNet,2026-08-27
ALB,rnd,2013-06-30,21565000,2013-08-19,ResearchAndDevelopmentExpense,2026-08-27
ALB,shares,2013-06-30,81365000,2013-08-19,CommonStockSharesOutstanding,2026-08-27
ALGN,assets,2013-06-30,703894000,2013-08-19,Assets,2026-08-27
ALGN,cash,2013-06-30,164497000,2013-08-19,CashAndCashEquivalentsAtCarryingValue,2026-08-27
ALGN,equity,2013-06-30,520198000,2013-08-19,StockholdersEquity,2026-08-27
ALGN,grossProfit,2013-06-30,123691000,2013-08-19,GrossProfit,2026-08-27
ALGN,inventory,2013-06-30,15704000,2013-08-19,InventoryNet,2026-08-27
ALGN,liabilities,2013-06-30,183696000,2013-08-19,Liabilities,2026-08-27
ALGN,netIncome,2013-06-30,29320000,2013-08-19,NetIncomeLoss,2026-08-27
ALGN,operatingIncome,2013-06-30,37901000,2013-08-19,OperatingIncomeLoss,2026-08-27
ALGN,receivables,2013-06-30,112367000,2013-08-19,AccountsReceivableNetCurrent,2026-08-27
ALGN,revenue,2013-06-30,163828000,2013-08-19,SalesRevenueNet,2026-08-27
ALGN,rnd,2013-06-30,10916000,2013-08-19,ResearchAndDevelopmentExpense,2026-08-27
ALGN,shares,2013-06-30,79699000,2013-08-19,CommonStockSharesOutstanding,2026-08-27
ALL,assets,2013-06-30,121480000000,2013-08-19,Assets,2026-08-27
ALL,debt,2013-06-30,5475000000,2013-08-19,LongTermDebt,2026-08-27
ALL,equity,2013-06-30,19869000000,2013-08-19,StockholdersEquity,2026-08-27
ALL,liabilities,2013-06-30,101611000000,2013-08-19,Liabilities,2026-08-27
ALL,netIncome,2013-06-30,434000000,2013-08-19,NetIncomeLoss,2026-08-27
ALL,revenue,2013-06-30,8787000000,2013-08-19,Revenues,2026-08-27
ALL,shares,2013-06-30,465000000,2013-08-19,CommonStockSharesOutstanding,2026-08-27
ALLE,cash,2013-06-30,322200000,2013-08-19,CashAndCashEquivalentsAtCarryingValue,2026-08-27
ALLE,netIncome,2013-06-30,60300000,2013-08-19,NetIncomeLoss,2026-08-27
ALLE,operatingIncome,2013-06-30,100000000,2013-08-19,OperatingIncomeLoss,2026-08-27
ALLE,revenue,2013-06-30,528700000,2013-08-19,SalesRevenueNet,2026-08-27
AMAT,assets,2013-04-28,11695000000,2013-06-17,Assets,2026-08-27
AMAT,cash,2013-04-28,1545000000,2013-06-17,CashAndCashEquivalentsAtCarryingValue,2026-08-27
AMAT,debt,2013-04-28,1946000000,2013-06-17,LongTermDebtNoncurrent,2026-08-27
AMAT,equity,2013-04-28,6898000000,2013-06-17,StockholdersEquity,2026-08-27
AMAT,grossProfit,2013-04-28,808000000,2013-06-17,GrossProfit,2026-08-27
AMAT,inventory,2013-04-28,1318000000,2013-06-17,InventoryNet,2026-08-27
AMAT,liabilities,2013-04-28,4797000000,2013-06-17,Liabilities,2026-08-27
AMAT,netIncome,2013-04-28,-129000000,2013-06-17,NetIncomeLoss,2026-08-27
AMAT,operatingIncome,2013-04-28,-68000000,2013-06-17,OperatingIncomeLoss,2026-08-27
AMAT,receivables,2013-04-28,1275000000,2013-06-17,AccountsReceivableNetCurrent,2026-08-27
AMAT,revenue,2013-04-28,1973000000,2013-06-17,SalesRevenueNet,2026-08-27
AMAT,rnd,2013-04-28,344000000,2013-06-17,ResearchAndDevelopmentExpense,2026-08-27
AMD,assets,2013-06-29,3897000000,2013-08-18,Assets,2026-08-27
AMD,cash,2013-06-29,334000000,2013-08-18,CashAndCashEquivalentsAtCarryingValue,2026-08-27
AMD,debt,2013-06-29,2027000000,2013-08-18,LongTermDebtNoncurrent,2026-08-27
AMD,equity,2013-06-29,359000000,2013-08-18,StockholdersEquity,2026-08-27
AMD,grossProfit,2013-06-29,459000000,2013-08-18,GrossProfit,2026-08-27
AMD,inventory,2013-06-29,711000000,2013-08-18,InventoryNet,2026-08-27
AMD,netIncome,2013-06-29,-74000000,2013-08-18,NetIncomeLoss,2026-08-27
AMD,operatingIncome,2013-06-29,-29000000,2013-08-18,OperatingIncomeLoss,2026-08-27
AMD,receivables,2013-06-29,670000000,2013-08-18,AccountsReceivableNetCurrent,2026-08-27
AMD,revenue,2013-06-29,1161000000,2013-08-18,SalesRevenueNet,2026-08-27
AMD,rnd,2013-06-29,308000000,2013-08-18,ResearchAndDevelopmentExpense,2026-08-27
AMD,shares,2013-06-29,720000000,2013-08-18,CommonStockSharesOutstanding,2026-08-27
AME,assets,2013-06-30,5192534000,2013-08-19,Assets,2026-08-27
AME,cash,2013-06-30,207614000,2013-08-19,CashAndCashEquivalentsAtCarryingValue,2026-08-27
AME,debt,2013-06-30,1118086000,2013-08-19,LongTermDebtNoncurrent,2026-08-27
AME,equity,2013-06-30,2757143000,2013-08-19,StockholdersEquity,2026-08-27
AME,inventory,2013-06-30,438912000,2013-08-19,InventoryNet,2026-08-27
AME,liabilities,2013-06-30,2435391000,2013-08-19,Liabilities,2026-08-27
AME,netIncome,2013-06-30,128321000,2013-08-19,NetIncomeLoss,2026-08-27
AME,operatingIncome,2013-06-30,202613000,2013-08-19,OperatingIncomeLoss,2026-08-27
AME,revenue,2013-06-30,878809000,2013-08-19,SalesRevenueNet,2026-08-27
AMGN,assets,2013-06-30,52610000000,2013-08-19,Assets,2026-08-27
AMGN,cash,2013-06-30,5806000000,2013-08-19,CashAndCashEquivalentsAtCarryingValue,2026-08-27
AMGN,debt,2013-06-30,23915000000,2013-08-19,LongTermDebt,2026-08-27
AMGN,equity,2013-06-30,20594000000,2013-08-19,StockholdersEquity,2026-08-27
AMGN,grossProfit,2013-06-30,3810000000,2013-08-19,GrossProfit,2026-08-27
AMGN,inventory,2013-06-30,2773000000,2013-08-19,InventoryNet,2026-08-27
AMGN,netIncome,2013-06-30,1258000000,2013-08-19,NetIncomeLoss,2026-08-27
AMGN,operatingIncome,2013-06-30,1550000000,2013-08-19,OperatingIncomeLoss,2026-08-27
AMGN,receivables,2013-06-30,2674000000,2013-08-19,AccountsReceivableNetCurrent,2026-08-27
AMGN,revenue,2013-06-30,4679000000,2013-08-19,Revenues,2026-08-27
AMGN,shares,2013-06-30,752900000,2013-08-19,CommonStockSharesOutstanding,2026-08-27
AMP,assets,2013-06-30,137258000000,2013-08-19,Assets,2026-08-27
AMP,cash,2013-06-30,2331000000,2013-08-19,CashAndCashEquivalentsAtCarryingValue,2026-08-27
AMP,equity,2013-06-30,8340000000,2013-08-19,StockholdersEquity,2026-08-27
AMP,liabilities,2013-06-30,128276000000,2013-08-19,Liabilities,2026-08-27
AMP,netIncome,2013-06-30,321000000,2013-08-19,NetIncomeLoss,2026-08-27
AMP,revenue,2013-06-30,2757000000,2013-08-19,Revenues,2026-08-27
AMT,assets,2013-06-30,14339394000,2013-08-19,Assets,2026-08-27
AMT,cash,2013-06-30,448447000,2013-08-19,CashAndCashEquivalentsAtCarryingValue,2026-08-27
AMT,equity,2013-06-30,3518323000,2013-08-19,StockholdersEquity,2026-08-27
AMT,liabilities,2013-06-30,10719527000,2013-08-19,Liabilities,2026-08-27
AMT,netIncome,2013-06-30,99821000,2013-08-19,NetIncomeLoss,2026-08-27
AMT,operatingIncome,2013-06-30,312812000,2013-08-19,OperatingIncomeLoss,2026-08-27
AMT,receivables,2013-06-30,130861000,2013-08-19,AccountsReceivableNetCurrent,2026-08-27
AMT,revenue,2013-06-30,808830000,2013-08-19,SalesRevenueNet,2026-08-27
AMT,shares,2013-06-30,395129882,2013-08-19,CommonStockSharesOutstanding,2026-08-27
AMZN,assets,2013-06-30,29623000000,2013-08-19,Assets,2026-08-27
AMZN,capex,2013-06-30,855000000,2013-08-19,PaymentsToAcquirePropertyPlantAndEquipment,2026-08-27
AMZN,cash,2013-06-30,3704000000,2013-08-19,CashAndCashEquivalentsAtCarryingValue,2026-08-27
AMZN,debt,2013-06-30,3042000000,2013-08-19,LongTermDebtNoncurrent,2026-08-27
AMZN,equity,2013-06-30,8733000000,2013-08-19,StockholdersEquity,2026-08-27
AMZN,inventory,2013-06-30,5420000000,2013-08-19,InventoryNet,2026-08-27
AMZN,netIncome,2013-06-30,-7000000,2013-08-19,NetIncomeLoss,2026-08-27
AMZN,operatingCashFlow,2013-06-30,880000000,2013-08-19,NetCashProvidedByUsedInOperatingActivities,2026-08-27
AMZN,operatingIncome,2013-06-30,79000000,2013-08-19,OperatingIncomeLoss,2026-08-27
AMZN,receivables,2013-06-30,2861000000,2013-08-19,AccountsReceivableNetCurrent,2026-08-27
AMZN,revenue,2013-06-30,15704000000,2013-08-19,SalesRevenueNet,2026-08-27
AMZN,shares,2013-06-30,457000000,2013-08-19,CommonStockSharesOutstanding,2026-08-27
ANET,cash,2013-06-30,90632000,2013-08-19,CashAndCashEquivalentsAtCarryingValue,2026-08-27
ANET,grossProfit,2013-06-30,53901000,2013-08-19,GrossProfit,2026-08-27
ANET,netIncome,2013-06-30,10251000,2013-08-19,NetIncomeLoss,2026-08-27
ANET,operatingIncome,2013-06-30,16264000,2013-08-19,OperatingIncomeLoss,2026-08-27
ANET,revenue,2013-06-30,83485000,2013-08-19,SalesRevenueNet,2026-08-27
ANET,rnd,2013-06-30,21086000,2013-08-19,ResearchAndDevelopmentExpense,2026-08-27
AON,assets,2013-06-30,30062000000,2013-08-19,Assets,2026-08-27
AON,cash,2013-06-30,266000000,2013-08-19,CashAndCashEquivalentsAtCarryingValue,2026-08-27
AON,debt,2013-06-30,4012000000,2013-08-19,LongTermDebtNoncurrent,2026-08-27
AON,equity,2013-06-30,7559000000,2013-08-19,StockholdersEquity,2026-08-27
AON,liabilities,2013-06-30,22444000000,2013-08-19,Liabilities,2026-08-27
AON,operatingIncome,2013-06-30,382000000,2013-08-19,OperatingIncomeLoss,2026-08-27
AON,receivables,2013-06-30,2838000000,2013-08-19,AccountsReceivableNetCurrent,2026-08-27
AON,revenue,2013-06-30,2897000000,2013-08-19,Revenues,2026-08-27
AON,shares,2013-06-30,307500000,2013-08-19,CommonStockSharesOutstanding,2026-08-27
AOS,assets,2013-06-30,2295200000,2013-08-19,Assets,2026-08-27
AOS,cash,2013-06-30,366100000,2013-08-19,CashAndCashEquivalentsAtCarryingValue,2026-08-27
AOS,debt,2013-06-30,200700000,2013-08-19,LongTermDebtNoncurrent,2026-08-27
AOS,grossProfit,2013-06-30,198000000,2013-08-19,GrossProfit,2026-08-27
AOS,inventory,2013-06-30,178900000,2013-08-19,InventoryNet,2026-08-27
AOS,liabilities,2013-06-30,1038700000,2013-08-19,Liabilities,2026-08-27
AOS,operatingIncome,2013-06-30,77400000,2013-08-19,OperatingIncomeLoss,2026-08-27
APD,assets,2013-06-30,17491300000,2013-08-19,Assets,2026-08-27
APD,cash,2013-06-30,418800000,2013-08-19,CashAndCashEquivalentsAtCarryingValue,2026-08-27
APD,debt,2013-06-30,4648200000,2013-08-19,LongTermDebtNoncurrent,2026-08-27
APD,equity,2013-06-30,6540800000,2013-08-19,StockholdersEquity,2026-08-27
APD,grossProfit,2013-06-30,671800000,2013-08-19,GrossProfit,2026-08-27
APD,inventory,2013-06-30,705900000,2013-08-19,InventoryNet,2026-08-27
APD,liabilities,2013-06-30,10428100000,2013-08-19,Liabilities,2026-08-27
APD,netIncome,2013-06-30,288400000,2013-08-19,NetIncomeLoss,2026-08-27
APD,operatingIncome,2013-06-30,383100000,2013-08-19,OperatingIncomeLoss,2026-08-27
APD,receivables,2013-06-30,1616000000,2013-08-19,AccountsReceivableNetCurrent,2026-08-27
APD,revenue,2013-06-30,2547300000,2013-08-19,SalesRevenueNet,2026-08-27
APD,rnd,2013-06-30,33500000,2013-08-19,ResearchAndDevelopmentExpense,2026-08-27
APH,assets,2013-06-30,5404301000,2013-08-19,Assets,2026-08-27
APH,cash,2013-06-30,723659000,2013-08-19,CashAndCashEquivalentsAtCarryingValue,2026-08-27
APH,debt,2013-06-30,1698951000,2013-08-19,LongTermDebtNoncurrent,2026-08-27
APH,equity,2013-06-30,2585139000,2013-08-19,StockholdersEquity,2026-08-27
APH,grossProfit,2013-06-30,359800000,2013-08-19,GrossProfit,2026-08-27
APH,inventory,2013-06-30,703489000,2013-08-19,InventoryNet,2026-08-27
APH,operatingIncome,2013-06-30,224000000,2013-08-19,OperatingIncomeLoss,2026-08-27
APH,receivables,2013-06-30,905823000,2013-08-19,AccountsReceivableNetCurrent,2026-08-27
APTV,assets,2013-06-30,10551000000,2013-08-19,Assets,2026-08-27
APTV,cash,2013-06-30,1001000000,2013-08-19,CashAndCashEquivalentsAtCarryingValue,2026-08-27
APTV,debt,2013-06-30,2367000000,2013-08-19,LongTermDebtNoncurrent,2026-08-27
APTV,equity,2013-06-30,2521000000,2013-08-19,StockholdersEquity,2026-08-27
APTV,grossProfit,2013-06-30,743000000,2013-08-19,GrossProfit,2026-08-27
APTV,inventory,2013-06-30,1162000000,2013-08-19,InventoryNet,2026-08-27
APTV,liabilities,2013-06-30,7509000000,2013-08-19,Liabilities,2026-08-27
APTV,netIncome,2013-06-30,367000000,2013-08-19,NetIncomeLoss,2026-08-27
APTV,operatingIncome,2013-06-30,464000000,2013-08-19,OperatingIncomeLoss,2026-08-27
APTV,receivables,2013-06-30,2868000000,2013-08-19,AccountsReceivableNetCurrent,2026-08-27
APTV,shares,2013-06-30,310200000,2013-08-19,CommonStockSharesOutstanding,2026-08-27
ARE,assets,2013-06-30,7379289000,2013-08-19,Assets,2026-08-27
ARE,cash,2013-06-30,302205000,2013-08-19,CashAndCashEquivalentsAtCarryingValue,2026-08-27
ARE,debt,2013-06-30,2959424000,2013-08-19,LongTermDebt,2026-08-27
ARE,equity,2013-06-30,3937622000,2013-08-19,StockholdersEquity,2026-08-27
ARE,liabilities,2013-06-30,3379814000,2013-08-19,Liabilities,2026-08-27
ARE,netIncome,2013-06-30,32108000,2013-08-19,NetIncomeLoss,2026-08-27
ARES,assets,2013-06-30,24521607000,2013-08-19,Assets,2026-08-27
ARES,revenue,2013-06-30,89302000,2013-08-19,Revenues,2026-08-27
ATO,assets,2013-06-30,7802798000,2013-08-19,Assets,2026-08-27
ATO,capex,2013-06-30,193356000,2013-08-19,PaymentsToAcquireProductiveAssets,2026-08-27
ATO,cash,2013-06-30,31979000,2013-08-19,CashAndCashEquivalentsAtCarryingValue,2026-08-27
ATO,debt,2013-06-30,2455593000,2013-08-19,LongTermDebtNoncurrent,2026-08-27
ATO,equity,2013-06-30,2581444000,2013-08-19,StockholdersEquity,2026-08-27
ATO,grossProfit,2013-06-30,316497000,2013-08-19,GrossProfit,2026-08-27
ATO,netIncome,2013-06-30,38768000,2013-08-19,NetIncomeLoss,2026-08-27
ATO,operatingIncome,2013-06-30,86396000,2013-08-19,OperatingIncomeLoss,2026-08-27
ATO,receivables,2013-06-30,350237000,2013-08-19,AccountsReceivableNetCurrent,2026-08-27
AVY,assets,2013-06-29,5191000000,2013-08-18,Assets,2026-08-27
AVY,cash,2013-06-29,211600000,2013-08-18,CashAndCashEquivalentsAtCarryingValue,2026-08-27
AVY,equity,2013-06-29,1514600000,2013-08-18,StockholdersEquity,2026-08-27
AVY,grossProfit,2013-06-29,417500000,2013-08-18,GrossProfit,2026-08-27
AVY,inventory,2013-06-29,508000000,2013-08-18,InventoryNet,2026-08-27
AVY,receivables,2013-06-29,1009500000,2013-08-18,AccountsReceivableNetCurrent,2026-08-27
AVY,revenue,2013-06-29,1552300000,2013-08-18,SalesRevenueNet,2026-08-27
AVY,rnd,2013-06-29,25100000,2013-08-18,ResearchAndDevelopmentExpense,2026-08-27
AVY,shares,2013-06-29,98484345,2013-08-18,CommonStockSharesOutstanding,2026-08-27
AWK,assets,2013-06-30,14994487000,2013-08-19,Assets,2026-08-27
AWK,capex,2013-06-30,216744000,2013-08-19,PaymentsToAcquirePropertyPlantAndEquipment,2026-08-27
AWK,cash,2013-06-30,20366000,2013-08-19,CashAndCashEquivalentsAtCarryingValue,2026-08-27
AWK,debt,2013-06-30,5180682000,2013-08-19,LongTermDebtNoncurrent,2026-08-27
AWK,equity,2013-06-30,4572126000,2013-08-19,StockholdersEquity,2026-08-27
AWK,netIncome,2013-06-30,101263000,2013-08-19,NetIncomeLoss,2026-08-27
AWK,operatingIncome,2013-06-30,242031000,2013-08-19,OperatingIncomeLoss,2026-08-27
AWK,revenue,2013-06-30,718565000,2013-08-19,Revenues,2026-08-27
AWK,shares,2013-06-30,177943000,2013-08-19,CommonStockSharesOutstanding,2026-08-27
AXON,assets,2013-06-30,113008186,2013-08-19,Assets,2026-08-27
AXON,capex,2013-06-30,456000,2013-08-19,PaymentsToAcquirePropertyPlantAndEquipment,2026-08-27
AXON,cash,2013-06-30,19080000,2013-08-19,CashAndCashEquivalentsAtCarryingValue,2026-08-27
AXON,equity,2013-06-30,79664846,2013-08-19,StockholdersEquity,2026-08-27
AXON,grossProfit,2013-06-30,19742000,2013-08-19,GrossProfit,2026-08-27
AXON,inventory,2013-06-30,13200436,2013-08-19,InventoryNet,2026-08-27
AXON,liabilities,2013-06-30,33343340,2013-08-19,Liabilities,2026-08-27
AXON,netIncome,2013-06-30,4457000,2013-08-19,NetIncomeLoss,2026-08-27
AXON,operatingIncome,2013-06-30,6809000,2013-08-19,OperatingIncomeLoss,2026-08-27
AXON,receivables,2013-06-30,16889785,2013-08-19,AccountsReceivableNetCurrent,2026-08-27
AXON,revenue,2013-06-30,32175000,2013-08-19,SalesRevenueNet,2026-08-27
AXON,rnd,2013-06-30,1992000,2013-08-19,ResearchAndDevelopmentExpense,2026-08-27
AXON,shares,2013-06-30,50748873,2013-08-19,CommonStockSharesOutstanding,2026-08-27
AXP,assets,2013-06-30,151933000000,2013-08-19,Assets,2026-08-27
AXP,debt,2013-06-30,52675000000,2013-08-19,LongTermDebt,2026-08-27
AXP,equity,2013-06-30,19034000000,2013-08-19,StockholdersEquity,2026-08-27
AXP,liabilities,2013-06-30,132899000000,2013-08-19,Liabilities,2026-08-27
AXP,netIncome,2013-06-30,1405000000,2013-08-19,NetIncomeLoss,2026-08-27
AXP,shares,2013-06-30,1084000000,2013-08-19,CommonStockSharesOutstanding,2026-08-27
AZO,assets,2013-05-04,6783041000,2013-06-23,Assets,2026-08-27
AZO,cash,2013-05-04,133685000,2013-06-23,CashAndCashEquivalentsAtCarryingValue,2026-08-27
AZO,debt,2013-05-04,4001100000,2013-06-23,LongTermDebtNoncurrent,2026-08-27
AZO,equity,2013-05-04,-1532342000,2013-06-23,StockholdersEquity,2026-08-27
AZO,grossProfit,2013-05-04,1142713000,2013-06-23,GrossProfit,2026-08-27
AZO,netIncome,2013-05-04,265583000,2013-06-23,NetIncomeLoss,2026-08-27
AZO,operatingIncome,2013-05-04,456030000,2013-06-23,OperatingIncomeLoss,2026-08-27
AZO,receivables,2013-05-04,155550000,2013-06-23,AccountsReceivableNetCurrent,2026-08-27
AZO,revenue,2013-05-04,2205878000,2013-06-23,SalesRevenueNet,2026-08-27
AZO,shares,2013-05-04,35471000,2013-06-23,CommonStockSharesOutstanding,2026-08-27
BA,assets,2013-06-30,92091000000,2013-08-19,Assets,2026-08-27
BA,cash,2013-06-30,8694000000,2013-08-19,CashAndCashEquivalentsAtCarryingValue,2026-08-27
BA,equity,2013-06-30,7526000000,2013-08-19,StockholdersEquity,2026-08-27
BA,grossProfit,2013-06-30,3365000000,2013-08-19,GrossProfit,2026-08-27
BA,netIncome,2013-06-30,1088000000,2013-08-19,NetIncomeLoss,2026-08-27
BA,operatingIncome,2013-06-30,1716000000,2013-08-19,OperatingIncomeLoss,2026-08-27
BA,receivables,2013-06-30,6406000000,2013-08-19,AccountsReceivableNetCurrent,2026-08-27
BA,revenue,2013-06-30,21815000000,2013-08-19,Revenues,2026-08-27
BA,rnd,2013-06-30,763000000,2013-08-19,ResearchAndDevelopmentExpense,2026-08-27
BAC,assets,2013-06-30,2123320000000,2013-08-19,Assets,2026-08-27
BAC,cash,2013-06-30,98828000000,2013-08-19,CashAndCashEquivalentsAtCarryingValue,2026-08-27
BAC,debt,2013-06-30,262480000000,2013-08-19,LongTermDebt,2026-08-27
BAC,equity,2013-06-30,232282000000,2013-08-19,StockholdersEquity,2026-08-27
BAC,liabilities,2013-06-30,1892288000000,2013-08-19,Liabilities,2026-08-27
BAC,netIncome,2013-06-30,4012000000,2013-08-19,NetIncomeLoss,2026-08-27
BAC,revenue,2013-06-30,22727000000,2013-08-19,Revenues,2026-08-27
BAC,shares,2013-06-30,10743097956,2013-08-19,CommonStockSharesOutstanding,2026-08-27
BALL,assets,2013-06-30,7815600000,2013-08-19,Assets,2026-08-27
BALL,cash,2013-06-30,169500000,2013-08-19,CashAndCashEquivalentsAtCarryingValue,2026-08-27
BALL,debt,2013-06-30,3472600000,2013-08-19,LongTermDebtNoncurrent,2026-08-27
BALL,equity,2013-06-30,1026600000,2013-08-19,StockholdersEquity,2026-08-27
BALL,grossProfit,2013-06-30,342000000,2013-08-19,GrossProfit,2026-08-27
BALL,inventory,2013-06-30,1100400000,2013-08-19,InventoryNet,2026-08-27
BALL,liabilities,2013-06-30,6608200000,2013-08-19,Liabilities,2026-08-27
BALL,operatingIncome,2013-06-30,203500000,2013-08-19,OperatingIncomeLoss,2026-08-27
BALL,receivables,2013-06-30,1051200000,2013-08-19,AccountsReceivableNetCurrent,2026-08-27
BALL,revenue,2013-06-30,2202400000,2013-08-19,SalesRevenueNet,2026-08-27
BAX,assets,2013-06-30,23751000000,2013-08-19,Assets,2026-08-27
BAX,cash,2013-06-30,5989000000,2013-08-19,CashAndCashEquivalentsAtCarryingValue,2026-08-27
BAX,equity,2013-06-30,7282000000,2013-08-19,StockholdersEquity,2026-08-27
BAX,grossProfit,2013-06-30,1874000000,2013-08-19,GrossProfit,2026-08-27
BAX,inventory,2013-06-30,3069000000,2013-08-19,InventoryNet,2026-08-27
BAX,netIncome,2013-06-30,590000000,2013-08-19,NetIncomeLoss,2026-08-27
BAX,revenue,2013-06-30,3571000000,2013-08-19,SalesRevenueNet,2026-08-27
BAX,rnd,2013-06-30,273000000,2013-08-19,ResearchAndDevelopmentExpense,2026-08-27
BBY,assets,2013-05-04,14331000000,2013-06-23,Assets,2026-08-27
BBY,buybacks,2013-05-04,0,2013-06-23,PaymentsForRepurchaseOfCommonStock,2026-08-27
BBY,capex,2013-05-04,174000000,2013-06-23,PaymentsToAcquirePropertyPlantAndEquipment,2026-08-27
BBY,cash,2013-05-04,908000000,2013-06-23,CashAndCashEquivalentsAtCarryingValue,2026-08-27
BBY,debt,2013-05-04,1686000000,2013-06-23,LongTermDebt,2026-08-27
BBY,equity,2013-05-04,2916000000,2013-06-23,StockholdersEquity,2026-08-27
BBY,grossProfit,2013-05-04,2105000000,2013-06-23,GrossProfit,2026-08-27
BBY,inventory,2013-05-04,5461000000,2013-06-23,InventoryNet,2026-08-27
BBY,netIncome,2013-05-04,-81000000,2013-06-23,NetIncomeLoss,2026-08-27
BBY,operatingCashFlow,2013-05-04,-5000000,2013-06-23,NetCashProvidedByUsedInOperatingActivities,2026-08-27
BBY,operatingIncome,2013-05-04,187000000,2013-06-23,OperatingIncomeLoss,2026-08-27
BBY,revenue,2013-05-04,8928000000,2013-06-23,SalesRevenueNet,2026-08-27
BBY,shares,2013-05-04,339737000,2013-06-23,CommonStockSharesOutstanding,2026-08-27
BDX,assets,2013-06-30,11587047000,2013-08-19,Assets,2026-08-27
BDX,cash,2013-06-30,1962000000,2013-08-19,CashAndCashEquivalentsAtCarryingValue,2026-08-27
BDX,equity,2013-06-30,4716520000,2013-08-19,StockholdersEquity,2026-08-27
BDX,inventory,2013-06-30,1409108000,2013-08-19,InventoryNet,2026-08-27
BDX,netIncome,2013-06-30,302000000,2013-08-19,NetIncomeLoss,2026-08-27
BDX,operatingIncome,2013-06-30,405000000,2013-08-19,OperatingIncomeLoss,2026-08-27
BDX,revenue,2013-06-30,2053000000,2013-08-19,SalesRevenueNet,2026-08-27
BDX,rnd,2013-06-30,121000000,2013-08-19,ResearchAndDevelopmentExpense,2026-08-27
BEN,assets,2013-06-30,15317200000,2013-08-19,Assets,2026-08-27
BEN,cash,2013-06-30,6069000000,2013-08-19,CashAndCashEquivalentsAtCarryingValue,2026-08-27
BEN,debt,2013-06-30,1252100000,2013-08-19,LongTermDebt,2026-08-27
BEN,equity,2013-06-30,9779800000,2013-08-19,StockholdersEquity,2026-08-27
BEN,liabilities,2013-06-30,4794100000,2013-08-19,Liabilities,2026-08-27
BEN,netIncome,2013-06-30,552300000,2013-08-19,NetIncomeLoss,2026-08-27
BEN,operatingIncome,2013-06-30,771700000,2013-08-19,OperatingIncomeLoss,2026-08-27
BEN,revenue,2013-06-30,2084800000,2013-08-19,Revenues,2026-08-27
BEN,shares,2013-06-30,635717838,2013-08-19,CommonStockSharesOutstanding,2026-08-27
BF-B,assets,2013-04-30,3626000000,2013-06-19,Assets,2026-08-27
BF-B,cash,2013-04-30,204000000,2013-06-19,CashAndCashEquivalentsAtCarryingValue,2026-08-27
BF-B,debt,2013-04-30,997000000,2013-06-19,LongTermDebtNoncurrent,2026-08-27
BF-B,equity,2013-04-30,1628000000,2013-06-19,StockholdersEquity,2026-08-27
BF-B,inventory,2013-04-30,827000000,2013-06-19,InventoryNet,2026-08-27
BF-B,liabilities,2013-04-30,1998000000,2013-06-19,Liabilities,2026-08-27
BF-B,receivables,2013-04-30,548000000,2013-06-19,AccountsReceivableNetCurrent,2026-08-27
BF-B,shares,2013-04-30,213707000,2013-06-19,CommonStockSharesOutstanding,2026-08-27
BIIB,assets,2013-06-30,10841590000,2013-08-19,Assets,2026-08-27
BIIB,cash,2013-06-30,392507000,2013-08-19,CashAndCashEquivalentsAtCarryingValue,2026-08-27
BIIB,debt,2013-06-30,726388000,2013-08-19,LongTermDebt,2026-08-27
BIIB,equity,2013-06-30,7901549000,2013-08-19,StockholdersEquity,2026-08-27
BIIB,grossProfit,2013-06-30,1492800000,2013-08-19,GrossProfit,2026-08-27
BIIB,inventory,2013-06-30,570390000,2013-08-19,InventoryNet,2026-08-27
BIIB,liabilities,2013-06-30,2939445000,2013-08-19,Liabilities,2026-08-27
BIIB,netIncome,2013-06-30,490700000,2013-08-19,NetIncomeLoss,2026-08-27
BIIB,operatingIncome,2013-06-30,662527000,2013-08-19,OperatingIncomeLoss,2026-08-27
BIIB,receivables,2013-06-30,861457000,2013-08-19,AccountsReceivableNetCurrent,2026-08-27
BIIB,revenue,2013-06-30,1723500000,2013-08-19,Revenues,2026-08-27
BKNG,assets,2013-06-30,9867371000,2013-08-19,Assets,2026-08-27
BKNG,cash,2013-06-30,1762214000,2013-08-19,CashAndCashEquivalentsAtCarryingValue,2026-08-27
BKNG,equity,2013-06-30,5857660000,2013-08-19,StockholdersEquity,2026-08-27
BKNG,grossProfit,2013-06-30,1383855000,2013-08-19,GrossProfit,2026-08-27
BKNG,liabilities,2013-06-30,3966918000,2013-08-19,Liabilities,2026-08-27
BKNG,operatingIncome,2013-06-30,554831000,2013-08-19,OperatingIncomeLoss,2026-08-27
BKNG,receivables,2013-06-30,649250000,2013-08-19,AccountsReceivableNetCurrent,2026-08-27
BKNG,revenue,2013-06-30,1680238000,2013-08-19,SalesRevenueNet,2026-08-27
BLDR,assets,2013-06-30,505507000,2013-08-19,Assets,2026-08-27
BLDR,cash,2013-06-30,25511000,2013-08-19,CashAndCashEquivalentsAtCarryingValue,2026-08-27
BLDR,debt,2013-06-30,353939000,2013-08-19,LongTermDebtNoncurrent,2026-08-27
BLDR,equity,2013-06-30,-8452000,2013-08-19,StockholdersEquity,2026-08-27
BLDR,grossProfit,2013-06-30,82232000,2013-08-19,GrossProfit,2026-08-27
BLDR,inventory,2013-06-30,129172000,2013-08-19,InventoryNet,2026-08-27
BLDR,liabilities,2013-06-30,513959000,2013-08-19,Liabilities,2026-08-27
BLDR,netIncome,2013-06-30,-48206000,2013-08-19,NetIncomeLoss,2026-08-27
BLDR,operatingIncome,2013-06-30,13169000,2013-08-19,OperatingIncomeLoss,2026-08-27
BLDR,receivables,2013-06-30,157877000,2013-08-19,AccountsReceivableNetCurrent,2026-08-27
BLDR,revenue,2013-06-30,398148000,2013-08-19,SalesRevenueNet,2026-08-27
BLDR,shares,2013-06-30,97189000,2013-08-19,CommonStockSharesOutstanding,2026-08-27
BMY,assets,2013-06-30,36252000000,2013-08-19,Assets,2026-08-27
BMY,cash,2013-06-30,1821000000,2013-08-19,CashAndCashEquivalentsAtCarryingValue,2026-08-27
BMY,debt,2013-06-30,6442000000,2013-08-19,LongTermDebtNoncurrent,2026-08-27
BMY,equity,2013-06-30,14371000000,2013-08-19,StockholdersEquity,2026-08-27
BMY,grossProfit,2013-06-30,2940000000,2013-08-19,GrossProfit,2026-08-27
BMY,inventory,2013-06-30,1785000000,2013-08-19,InventoryNet,2026-08-27
BMY,liabilities,2013-06-30,21879000000,2013-08-19,Liabilities,2026-08-27
BMY,netIncome,2013-06-30,536000000,2013-08-19,NetIncomeLoss,2026-08-27
BMY,receivables,2013-06-30,1851000000,2013-08-19,AccountsReceivableNetCurrent,2026-08-27
BMY,revenue,2013-06-30,4048000000,2013-08-19,SalesRevenueNet,2026-08-27
BMY,rnd,2013-06-30,951000000,2013-08-19,ResearchAndDevelopmentExpense,2026-08-27
BNY,assets,2013-06-30,360505000000,2013-08-19,Assets,2026-08-27
BNY,cash,2013-06-30,6940000000,2013-08-19,CashAndCashEquivalentsAtCarryingValue,2026-08-27
BNY,equity,2013-06-30,35882000000,2013-08-19,StockholdersEquity,2026-08-27
BNY,liabilities,2013-06-30,323574000000,2013-08-19,Liabilities,2026-08-27
BNY,netIncome,2013-06-30,843000000,2013-08-19,NetIncomeLoss,2026-08-27
BNY,revenue,2013-06-30,3986000000,2013-08-19,Revenues,2026-08-27
BR,assets,2013-06-30,2018200000,2013-08-19,Assets,2026-08-27
BR,cash,2013-06-30,266000000,2013-08-19,CashAndCashEquivalentsAtCarryingValue,2026-08-27
BR,debt,2013-06-30,524500000,2013-08-19,LongTermDebt,2026-08-27
BR,equity,2013-06-30,816000000,2013-08-19,StockholdersEquity,2026-08-27
BR,grossProfit,2013-06-30,301100000,2013-08-19,GrossProfit,2026-08-27
BR,inventory,2013-06-30,8400000,2013-08-19,InventoryNet,2026-08-27
BR,liabilities,2013-06-30,1202200000,2013-08-19,Liabilities,2026-08-27
BR,revenue,2013-06-30,865100000,2013-08-19,Revenues,2026-08-27
BR,shares,2013-06-30,119000000,2013-08-19,CommonStockSharesOutstanding,2026-08-27
BRK-B,assets,2013-06-30,446563000000,2013-08-19,Assets,2026-08-27
BRK-B,cash,2013-06-30,35695000000,2013-08-19,CashAndCashEquivalentsAtCarryingValue,2026-08-27
BRK-B,equity,2013-06-30,202016000000,2013-08-19,StockholdersEquity,2026-08-27
BRK-B,inventory,2013-06-30,9877000000,2013-08-19,InventoryNet,2026-08-27
BRK-B,liabilities,2013-06-30,241575000000,2013-08-19,Liabilities,2026-08-27
BRK-B,netIncome,2013-06-30,4541000000,2013-08-19,NetIncomeLoss,2026-08-27
BRK-B,revenue,2013-06-30,44693000000,2013-08-19,Revenues,2026-08-27
BRO,assets,2013-06-30,3326320000,2013-08-19,Assets,2026-08-27
BRO,capex,2013-06-30,4176000,2013-08-19,PaymentsToAcquirePropertyPlantAndEquipment,2026-08-27
BRO,cash,2013-06-30,385525000,2013-08-19,CashAndCashEquivalentsAtCarryingValue,2026-08-27
BRO,debt,2013-06-30,450000000,2013-08-19,LongTermDebtNoncurrent,2026-08-27
BRO,equity,2013-06-30,1902058000,2013-08-19,StockholdersEquity,2026-08-27
BRO,netIncome,2013-06-30,52007000,2013-08-19,NetIncomeLoss,2026-08-27
BRO,revenue,2013-06-30,325792000,2013-08-19,Revenues,2026-08-27
BRO,shares,2013-06-30,144045000,2013-08-19,CommonStockSharesOutstanding,2026-08-27
BSX,assets,2013-06-30,16996000000,2013-08-19,Assets,2026-08-27
BSX,buybacks,2013-06-30,100000000,2013-08-19,PaymentsForRepurchaseOfCommonStock,2026-08-27
BSX,cash,2013-06-30,530000000,2013-08-19,CashAndCashEquivalentsAtCarryingValue,2026-08-27
BSX,debt,2013-06-30,4200000000,2013-08-19,LongTermDebt,2026-08-27
BSX,grossProfit,2013-06-30,1279000000,2013-08-19,GrossProfit,2026-08-27
BSX,inventory,2013-06-30,842000000,2013-08-19,InventoryNet,2026-08-27
BSX,operatingIncome,2013-06-30,220000000,2013-08-19,OperatingIncomeLoss,2026-08-27
BSX,revenue,2013-06-30,1792000000,2013-08-19,Revenues,2026-08-27
BSX,shares,2013-06-30,1339348764,2013-08-19,CommonStockSharesOutstanding,2026-08-27
BX,assets,2013-06-30,27742878000,2013-08-19,Assets,2026-08-27
BX,cash,2013-06-30,660977000,2013-08-19,CashAndCashEquivalentsAtCarryingValue,2026-08-27
BX,liabilities,2013-06-30,15742167000,2013-08-19,Liabilities,2026-08-27
BX,netIncome,2013-06-30,211148000,2013-08-19,NetIncomeLoss,2026-08-27
BX,revenue,2013-06-30,1440470000,2013-08-19,Revenues,2026-08-27
BXP,assets,2013-06-30,19462784000,2013-08-19,Assets,2026-08-27
BXP,cash,2013-06-30,1608731000,2013-08-19,CashAndCashEquivalentsAtCarryingValue,2026-08-27
BXP,equity,2013-06-30,5624848000,2013-08-19,StockholdersEquity,2026-08-27
BXP,liabilities,2013-06-30,12569374000,2013-08-19,Liabilities,2026-08-27
BXP,netIncome,2013-06-30,455035000,2013-08-19,NetIncomeLoss,2026-08-27
BXP,operatingIncome,2013-06-30,168373000,2013-08-19,OperatingIncomeLoss,2026-08-27
BXP,revenue,2013-06-30,510033000,2013-08-19,Revenues,2026-08-27
BXP,shares,2013-06-30,152384740,2013-08-19,CommonStockSharesOutstanding,2026-08-27
C,assets,2013-06-30,1883988000000,2013-08-19,Assets,2026-08-27
C,debt,2013-06-30,220959000000,2013-08-19,LongTermDebt,2026-08-27
C,equity,2013-06-30,195926000000,2013-08-19,StockholdersEquity,2026-08-27
C,liabilities,2013-06-30,1686162000000,2013-08-19,Liabilities,2026-08-27
C,netIncome,2013-06-30,4188000000,2013-08-19,NetIncomeLoss,2026-08-27
C,revenue,2013-06-30,20592000000,2013-08-19,Revenues,2026-08-27
CAH,assets,2013-06-30,25819000000,2013-08-19,Assets,2026-08-27
CAH,cash,2013-06-30,1901000000,2013-08-19,CashAndCashEquivalentsAtCarryingValue,2026-08-27
CAH,equity,2013-06-30,5975000000,2013-08-19,StockholdersEquity,2026-08-27
CAH,grossProfit,2013-06-30,1247000000,2013-08-19,GrossProfit,2026-08-27
CAH,inventory,2013-06-30,8373000000,2013-08-19,InventoryNet,2026-08-27
CAH,netIncome,2013-06-30,-586000000,2013-08-19,NetIncomeLoss,2026-08-27
CAH,revenue,2013-06-30,25420000000,2013-08-19,Revenues,2026-08-27
CASY,assets,2013-04-30,1990168000,2013-06-19,Assets,2026-08-27
CASY,cash,2013-04-30,41271000,2013-06-19,CashAndCashEquivalentsAtCarryingValue,2026-08-27
CASY,debt,2013-04-30,653081000,2013-06-19,LongTermDebtNoncurrent,2026-08-27
CASY,equity,2013-04-30,593387000,2013-06-19,StockholdersEquity,2026-08-27
CASY,grossProfit,2013-04-30,263666000,2013-06-19,GrossProfit,2026-08-27
CASY,inventory,2013-04-30,189514000,2013-06-19,InventoryNet,2026-08-27
CASY,liabilities,2013-04-30,1396781000,2013-06-19,Liabilities,2026-08-27
CASY,netIncome,2013-04-30,21604000,2013-06-19,NetIncomeLoss,2026-08-27
CASY,revenue,2013-04-30,1808529000,2013-06-19,SalesRevenueNet,2026-08-27
CASY,shares,2013-04-30,38352509,2013-06-19,CommonStockSharesOutstanding,2026-08-27
CAT,assets,2013-06-30,87375000000,2013-08-19,Assets,2026-08-27
CAT,buybacks,2013-06-30,1000000000,2013-08-19,PaymentsForRepurchaseOfCommonStock,2026-08-27
CAT,grossProfit,2013-06-30,3113000000,2013-08-19,GrossProfit,2026-08-27
CAT,inventory,2013-06-30,13889000000,2013-08-19,InventoryNet,2026-08-27
CAT,liabilities,2013-06-30,69697000000,2013-08-19,Liabilities,2026-08-27
CAT,operatingIncome,2013-06-30,1557000000,2013-08-19,OperatingIncomeLoss,2026-08-27
CAT,receivables,2013-06-30,9396000000,2013-08-19,AccountsReceivableNetCurrent,2026-08-27
CAT,revenue,2013-06-30,14621000000,2013-08-19,Revenues,2026-08-27
CAT,rnd,2013-06-30,548000000,2013-08-19,ResearchAndDevelopmentExpense,2026-08-27
CAT,shares,2013-06-30,647600000,2013-08-19,CommonStockSharesOutstanding,2026-08-27
CB,assets,2013-06-30,93688000000,2013-08-19,Assets,2026-08-27
CB,cash,2013-06-30,679000000,2013-08-19,CashAndCashEquivalentsAtCarryingValue,2026-08-27
CB,debt,2013-06-30,3807000000,2013-08-19,LongTermDebt,2026-08-27
CB,liabilities,2013-06-30,66393000000,2013-08-19,Liabilities,2026-08-27
CB,netIncome,2013-06-30,779000000,2013-08-19,NetIncomeLoss,2026-08-27
CB,revenue,2013-06-30,4815000000,2013-08-19,Revenues,2026-08-27
CB,shares,2013-06-30,340086269,2013-08-19,CommonStockSharesOutstanding,2026-08-27
CBOE,assets,2013-06-30,429862000,2013-08-19,Assets,2026-08-27
CBOE,cash,2013-06-30,207766000,2013-08-19,CashAndCashEquivalentsAtCarryingValue,2026-08-27
CBOE,liabilities,2013-06-30,119956000,2013-08-19,Liabilities,2026-08-27
CBOE,operatingIncome,2013-06-30,75358000,2013-08-19,OperatingIncomeLoss,2026-08-27
CBOE,receivables,2013-06-30,55733000,2013-08-19,AccountsReceivableNetCurrent,2026-08-27
CBOE,revenue,2013-06-30,150772000,2013-08-19,Revenues,2026-08-27
CBOE,shares,2013-06-30,87700964,2013-08-19,CommonStockSharesOutstanding,2026-08-27
CBRE,assets,2013-06-30,6348288000,2013-08-19,Assets,2026-08-27
CBRE,cash,2013-06-30,485495000,2013-08-19,CashAndCashEquivalentsAtCarryingValue,2026-08-27
CBRE,debt,2013-06-30,1821010000,2013-08-19,LongTermDebtNoncurrent,2026-08-27
CBRE,equity,2013-06-30,1620100000,2013-08-19,StockholdersEquity,2026-08-27
CBRE,liabilities,2013-06-30,4636839000,2013-08-19,Liabilities,2026-08-27
CBRE,netIncome,2013-06-30,69902000,2013-08-19,NetIncomeLoss,2026-08-27
CBRE,operatingIncome,2013-06-30,187624000,2013-08-19,OperatingIncomeLoss,2026-08-27
CBRE,revenue,2013-06-30,1742014000,2013-08-19,Revenues,2026-08-27
CBRE,shares,2013-06-30,331302183,2013-08-19,CommonStockSharesOutstanding,2026-08-27
CCI,assets,2013-06-30,15392585000,2013-08-19,Assets,2026-08-27
CCI,capex,2013-06-30,138467000,2013-08-19,PaymentsToAcquireProductiveAssets,2026-08-27
CCI,cash,2013-06-30,126886000,2013-08-19,CashAndCashEquivalentsAtCarryingValue,2026-08-27
CCI,equity,2013-06-30,2911472000,2013-08-19,StockholdersEquity,2026-08-27
CCI,liabilities,2013-06-30,12467693000,2013-08-19,Liabilities,2026-08-27
CCI,netIncome,2013-06-30,52359000,2013-08-19,NetIncomeLoss,2026-08-27
CCI,operatingIncome,2013-06-30,229961000,2013-08-19,OperatingIncomeLoss,2026-08-27
CCI,receivables,2013-06-30,201028000,2013-08-19,AccountsReceivableNetCurrent,2026-08-27
CCI,revenue,2013-06-30,734928000,2013-08-19,SalesRevenueNet,2026-08-27
CCI,shares,2013-06-30,292685462,2013-08-19,CommonStockSharesOutstanding,2026-08-27
CCL,assets,2013-05-31,39979000000,2013-07-20,Assets,2026-08-27
CCL,cash,2013-05-31,711000000,2013-07-20,CashAndCashEquivalentsAtCarryingValue,2026-08-27
CCL,debt,2013-05-31,7848000000,2013-07-20,LongTermDebtNoncurrent,2026-08-27
CCL,equity,2013-05-31,23280000000,2013-07-20,StockholdersEquity,2026-08-27
CCL,inventory,2013-05-31,381000000,2013-07-20,InventoryNet,2026-08-27
CCL,netIncome,2013-05-31,41000000,2013-07-20,NetIncomeLoss,2026-08-27
CCL,operatingIncome,2013-05-31,152000000,2013-07-20,OperatingIncomeLoss,2026-08-27
CDNS,assets,2013-06-29,2563089000,2013-08-18,Assets,2026-08-27
CDNS,cash,2013-06-29,577233000,2013-08-18,CashAndCashEquivalentsAtCarryingValue,2026-08-27
CDNS,equity,2013-06-29,1040260000,2013-08-18,StockholdersEquity,2026-08-27
CDNS,inventory,2013-06-29,38705000,2013-08-18,InventoryNet,2026-08-27
CDNS,netIncome,2013-06-29,9429000,2013-08-18,NetIncomeLoss,2026-08-27
CDNS,operatingIncome,2013-06-29,45142000,2013-08-18,OperatingIncomeLoss,2026-08-27
CDNS,revenue,2013-06-29,362481000,2013-08-18,SalesRevenueNet,2026-08-27
CDW,assets,2013-06-30,6020500000,2013-08-19,Assets,2026-08-27
CDW,cash,2013-06-30,179300000,2013-08-19,CashAndCashEquivalentsAtCarryingValue,2026-08-27
CDW,debt,2013-06-30,3710900000,2013-08-19,LongTermDebtNoncurrent,2026-08-27
CDW,equity,2013-06-30,209000000,2013-08-19,StockholdersEquity,2026-08-27
CDW,grossProfit,2013-06-30,451600000,2013-08-19,GrossProfit,2026-08-27
CDW,inventory,2013-06-30,378500000,2013-08-19,InventoryNet,2026-08-27
CDW,netIncome,2013-06-30,46700000,2013-08-19,NetIncomeLoss,2026-08-27
CDW,operatingIncome,2013-06-30,153600000,2013-08-19,OperatingIncomeLoss,2026-08-27
CDW,receivables,2013-06-30,1390500000,2013-08-19,AccountsReceivableNetCurrent,2026-08-27
CDW,revenue,2013-06-30,2779300000,2013-08-19,Revenues,2026-08-27
CDW,shares,2013-06-30,145200000,2013-08-19,CommonStockSharesOutstanding,2026-08-27
CF,assets,2013-06-30,10251600000,2013-08-19,Assets,2026-08-27
CF,cash,2013-06-30,1934100000,2013-08-19,CashAndCashEquivalentsAtCarryingValue,2026-08-27
CF,debt,2013-06-30,3098000000,2013-08-19,LongTermDebtNoncurrent,2026-08-27
CF,equity,2013-06-30,4978600000,2013-08-19,StockholdersEquity,2026-08-27
CF,grossProfit,2013-06-30,865200000,2013-08-19,GrossProfit,2026-08-27
CF,inventory,2013-06-30,321000000,2013-08-19,InventoryNet,2026-08-27
CF,operatingIncome,2013-06-30,833700000,2013-08-19,OperatingIncomeLoss,2026-08-27
CF,revenue,2013-06-30,1714900000,2013-08-19,SalesRevenueNet,2026-08-27
CHD,assets,2013-06-30,4047700000,2013-08-19,Assets,2026-08-27
CHD,cash,2013-06-30,274100000,2013-08-19,CashAndCashEquivalentsAtCarryingValue,2026-08-27
CHD,debt,2013-06-30,649500000,2013-08-19,LongTermDebtNoncurrent,2026-08-27
CHD,equity,2013-06-30,2146500000,2013-08-19,StockholdersEquity,2026-08-27
CHD,grossProfit,2013-06-30,351000000,2013-08-19,GrossProfit,2026-08-27
CHD,inventory,2013-06-30,255500000,2013-08-19,InventoryNet,2026-08-27
CHD,liabilities,2013-06-30,1901000000,2013-08-19,Liabilities,2026-08-27
CHD,netIncome,2013-06-30,86600000,2013-08-19,NetIncomeLoss,2026-08-27
CHD,operatingIncome,2013-06-30,140500000,2013-08-19,OperatingIncomeLoss,2026-08-27
CHD,receivables,2013-06-30,327400000,2013-08-19,AccountsReceivableNetCurrent,2026-08-27
CHD,rnd,2013-06-30,14300000,2013-08-19,ResearchAndDevelopmentExpense,2026-08-27
CHRW,assets,2013-06-30,2921545000,2013-08-19,Assets,2026-08-27
CHRW,cash,2013-06-30,150017000,2013-08-19,CashAndCashEquivalentsAtCarryingValue,2026-08-27
CHRW,equity,2013-06-30,1499065000,2013-08-19,StockholdersEquity,2026-08-27
CHRW,liabilities,2013-06-30,1422480000,2013-08-19,Liabilities,2026-08-27
CHRW,netIncome,2013-06-30,111872000,2013-08-19,NetIncomeLoss,2026-08-27
CHRW,operatingIncome,2013-06-30,182476000,2013-08-19,OperatingIncomeLoss,2026-08-27
CHRW,revenue,2013-06-30,3288262000,2013-08-19,Revenues,2026-08-27
CHRW,shares,2013-06-30,159737000,2013-08-19,CommonStockSharesOutstanding,2026-08-27
CHTR,assets,2013-06-30,15589000000,2013-08-19,Assets,2026-08-27
CHTR,cash,2013-06-30,44000000,2013-08-19,CashAndCashEquivalentsAtCarryingValue,2026-08-27
CHTR,debt,2013-06-30,12812000000,2013-08-19,LongTermDebtNoncurrent,2026-08-27
CHTR,equity,2013-06-30,61000000,2013-08-19,StockholdersEquity,2026-08-27
CHTR,operatingIncome,2013-06-30,234000000,2013-08-19,OperatingIncomeLoss,2026-08-27
CHTR,receivables,2013-06-30,223000000,2013-08-19,AccountsReceivableNetCurrent,2026-08-27
CHTR,revenue,2013-06-30,1972000000,2013-08-19,Revenues,2026-08-27
CIEN,assets,2013-04-30,1693344000,2013-06-19,Assets,2026-08-27
CIEN,cash,2013-04-30,356498000,2013-06-19,CashAndCashEquivalentsAtCarryingValue,2026-08-27
CIEN,equity,2013-04-30,-97937000,2013-06-19,StockholdersEquity,2026-08-27
CIEN,grossProfit,2013-04-30,209513000,2013-06-19,GrossProfit,2026-08-27
CIEN,inventory,2013-04-30,248096000,2013-06-19,InventoryNet,2026-08-27
CIEN,liabilities,2013-04-30,1791281000,2013-06-19,Liabilities,2026-08-27
CIEN,netIncome,2013-04-30,-27079000,2013-06-19,NetIncomeLoss,2026-08-27
CIEN,operatingIncome,2013-04-30,-10580000,2013-06-19,OperatingIncomeLoss,2026-08-27
CIEN,receivables,2013-04-30,421014000,2013-06-19,AccountsReceivableNetCurrent,2026-08-27
CIEN,revenue,2013-04-30,507712000,2013-06-19,SalesRevenueNet,2026-08-27
CIEN,rnd,2013-04-30,100787000,2013-06-19,ResearchAndDevelopmentExpense,2026-08-27
CIEN,shares,2013-04-30,102035119,2013-06-19,CommonStockSharesOutstanding,2026-08-27
CINF,assets,2013-06-30,17034000000,2013-08-19,Assets,2026-08-27
CINF,cash,2013-06-30,382000000,2013-08-19,CashAndCashEquivalentsAtCarryingValue,2026-08-27
CINF,debt,2013-06-30,790000000,2013-08-19,LongTermDebt,2026-08-27
CINF,equity,2013-06-30,5699000000,2013-08-19,StockholdersEquity,2026-08-27
CINF,liabilities,2013-06-30,11335000000,2013-08-19,Liabilities,2026-08-27
CINF,netIncome,2013-06-30,110000000,2013-08-19,NetIncomeLoss,2026-08-27
CINF,revenue,2013-06-30,1104000000,2013-08-19,Revenues,2026-08-27
CINF,shares,2013-06-30,198000000,2013-08-19,CommonStockSharesOutstanding,2026-08-27
CL,assets,2013-06-30,13487000000,2013-08-19,Assets,2026-08-27
CL,cash,2013-06-30,884000000,2013-08-19,CashAndCashEquivalentsAtCarryingValue,2026-08-27
CL,debt,2013-06-30,5032000000,2013-08-19,LongTermDebtNoncurrent,2026-08-27
CL,equity,2013-06-30,1531000000,2013-08-19,StockholdersEquity,2026-08-27
CL,grossProfit,2013-06-30,2534000000,2013-08-19,GrossProfit,2026-08-27
CL,inventory,2013-06-30,1440000000,2013-08-19,InventoryNet,2026-08-27
CL,netIncome,2013-06-30,561000000,2013-08-19,NetIncomeLoss,2026-08-27
CL,operatingIncome,2013-06-30,906000000,2013-08-19,OperatingIncomeLoss,2026-08-27
CL,receivables,2013-06-30,1778000000,2013-08-19,AccountsReceivableNetCurrent,2026-08-27
CL,revenue,2013-06-30,4346000000,2013-08-19,Revenues,2026-08-27
CLX,assets,2013-06-30,4302000000,2013-08-19,Assets,2026-08-27
CLX,cash,2013-06-30,299000000,2013-08-19,CashAndCashEquivalentsAtCarryingValue,2026-08-27
CLX,debt,2013-06-30,2161000000,2013-08-19,LongTermDebtNoncurrent,2026-08-27
CLX,equity,2013-06-30,146000000,2013-08-19,StockholdersEquity,2026-08-27
CLX,inventory,2013-06-30,394000000,2013-08-19,InventoryNet,2026-08-27
CLX,liabilities,2013-06-30,4165000000,2013-08-19,Liabilities,2026-08-27
CLX,netIncome,2013-06-30,183000000,2013-08-19,NetIncomeLoss,2026-08-27
CLX,shares,2013-06-30,130366911,2013-08-19,CommonStockSharesOutstanding,2026-08-27
CMCSA,assets,2013-06-30,156819000000,2013-08-19,Assets,2026-08-27
CMCSA,capex,2013-06-30,1506000000,2013-08-19,PaymentsToAcquirePropertyPlantAndEquipment,2026-08-27
CMCSA,cash,2013-06-30,1389000000,2013-08-19,CashAndCashEquivalentsAtCarryingValue,2026-08-27
CMCSA,equity,2013-06-30,49091000000,2013-08-19,StockholdersEquity,2026-08-27
CMCSA,netIncome,2013-06-30,1734000000,2013-08-19,NetIncomeLoss,2026-08-27
CMCSA,operatingIncome,2013-06-30,3435000000,2013-08-19,OperatingIncomeLoss,2026-08-27
CMCSA,receivables,2013-06-30,5507000000,2013-08-19,AccountsReceivableNetCurrent,2026-08-27
CMCSA,revenue,2013-06-30,16270000000,2013-08-19,Revenues,2026-08-27
CME,assets,2013-06-30,46882700000,2013-08-19,Assets,2026-08-27
CME,cash,2013-06-30,1968000000,2013-08-19,CashAndCashEquivalentsAtCarryingValue,2026-08-27
CME,equity,2013-06-30,21848600000,2013-08-19,StockholdersEquity,2026-08-27
CME,liabilities,2013-06-30,25028100000,2013-08-19,Liabilities,2026-08-27
CME,netIncome,2013-06-30,311200000,2013-08-19,NetIncomeLoss,2026-08-27
CME,operatingIncome,2013-06-30,507800000,2013-08-19,OperatingIncomeLoss,2026-08-27
CME,receivables,2013-06-30,359100000,2013-08-19,AccountsReceivableNetCurrent,2026-08-27
CME,revenue,2013-06-30,816100000,2013-08-19,Revenues,2026-08-27
CMG,assets,2013-06-30,1808931000,2013-08-19,Assets,2026-08-27
CMG,cash,2013-06-30,281632000,2013-08-19,CashAndCashEquivalentsAtCarryingValue,2026-08-27
CMG,equity,2013-06-30,1367443000,2013-08-19,StockholdersEquity,2026-08-27
CMG,inventory,2013-06-30,11270000,2013-08-19,InventoryNet,2026-08-27
CMG,liabilities,2013-06-30,441488000,2013-08-19,Liabilities,2026-08-27
CMG,netIncome,2013-06-30,87853000,2013-08-19,NetIncomeLoss,2026-08-27
CMG,operatingIncome,2013-06-30,146418000,2013-08-19,OperatingIncomeLoss,2026-08-27
CMG,receivables,2013-06-30,14961000,2013-08-19,AccountsReceivableNetCurrent,2026-08-27
CMI,assets,2013-06-30,13048000000,2013-08-19,Assets,2026-08-27
CMI,cash,2013-06-30,1382000000,2013-08-19,CashAndCashEquivalentsAtCarryingValue,2026-08-27
CMI,debt,2013-06-30,673000000,2013-08-19,LongTermDebt,2026-08-27
CMI,equity,2013-06-30,6704000000,2013-08-19,StockholdersEquity,2026-08-27
CMI,grossProfit,2013-06-30,1153000000,2013-08-19,GrossProfit,2026-08-27
CMI,inventory,2013-06-30,2475000000,2013-08-19,InventoryNet,2026-08-27
CMI,liabilities,2013-06-30,5955000000,2013-08-19,Liabilities,2026-08-27
CMI,operatingIncome,2013-06-30,610000000,2013-08-19,OperatingIncomeLoss,2026-08-27
CMI,revenue,2013-06-30,4525000000,2013-08-19,SalesRevenueNet,2026-08-27
CMI,rnd,2013-06-30,177000000,2013-08-19,ResearchAndDevelopmentExpense,2026-08-27
CMS,assets,2013-06-30,17429000000,2013-08-19,Assets,2026-08-27
CMS,cash,2013-06-30,537000000,2013-08-19,CashAndCashEquivalentsAtCarryingValue,2026-08-27
CMS,debt,2013-06-30,6695000000,2013-08-19,LongTermDebtNoncurrent,2026-08-27
CMS,equity,2013-06-30,3323000000,2013-08-19,StockholdersEquity,2026-08-27
CMS,netIncome,2013-06-30,80000000,2013-08-19,NetIncomeLoss,2026-08-27
CMS,operatingIncome,2013-06-30,232000000,2013-08-19,OperatingIncomeLoss,2026-08-27
CMS,receivables,2013-06-30,728000000,2013-08-19,AccountsReceivableNetCurrent,2026-08-27
CMS,revenue,2013-06-30,1406000000,2013-08-19,Revenues,2026-08-27
CMS,shares,2013-06-30,265900000,2013-08-19,CommonStockSharesOutstanding,2026-08-27
CNC,assets,2013-06-30,3045235000,2013-08-19,Assets,2026-08-27
CNC,cash,2013-06-30,688712000,2013-08-19,CashAndCashEquivalentsAtCarryingValue,2026-08-27
CNC,debt,2013-06-30,548473000,2013-08-19,LongTermDebtNoncurrent,2026-08-27
CNC,equity,2013-06-30,1118207000,2013-08-19,StockholdersEquity,2026-08-27
CNC,liabilities,2013-06-30,1922961000,2013-08-19,Liabilities,2026-08-27
CNC,netIncome,2013-06-30,40000000,2013-08-19,NetIncomeLoss,2026-08-27
CNC,operatingIncome,2013-06-30,68737000,2013-08-19,OperatingIncomeLoss,2026-08-27
CNC,revenue,2013-06-30,2611000000,2013-08-19,Revenues,2026-08-27
CNC,shares,2013-06-30,54627735,2013-08-19,CommonStockSharesOutstanding,2026-08-27
CNP,assets,2013-06-30,21658000000,2013-08-19,Assets,2026-08-27
CNP,cash,2013-06-30,497000000,2013-08-19,CashAndCashEquivalentsAtCarryingValue,2026-08-27
CNP,debt,2013-06-30,7919000000,2013-08-19,LongTermDebtNoncurrent,2026-08-27
CNP,equity,2013-06-30,4191000000,2013-08-19,StockholdersEquity,2026-08-27
CNP,netIncome,2013-06-30,-100000000,2013-08-19,NetIncomeLoss,2026-08-27
CNP,operatingIncome,2013-06-30,223000000,2013-08-19,OperatingIncomeLoss,2026-08-27
CNP,receivables,2013-06-30,694000000,2013-08-19,AccountsReceivableNetCurrent,2026-08-27
CNP,revenue,2013-06-30,1894000000,2013-08-19,Revenues,2026-08-27
CNP,shares,2013-06-30,428607467,2013-08-19,CommonStockSharesOutstanding,2026-08-27
COF,assets,2013-06-30,296542000000,2013-08-19,Assets,2026-08-27
COF,debt,2013-06-30,24264000000,2013-08-19,LongTermDebt,2026-08-27
COF,equity,2013-06-30,41041000000,2013-08-19,StockholdersEquity,2026-08-27
COF,liabilities,2013-06-30,255501000000,2013-08-19,Liabilities,2026-08-27
COF,netIncome,2013-06-30,1108000000,2013-08-19,NetIncomeLoss,2026-08-27
COF,revenue,2013-06-30,5638000000,2013-08-19,Revenues,2026-08-27
COF,shares,2013-06-30,584862301,2013-08-19,CommonStockSharesOutstanding,2026-08-27
COHR,assets,2013-06-30,863802000,2013-08-19,Assets,2026-08-27
COHR,cash,2013-06-30,185433000,2013-08-19,CashAndCashEquivalentsAtCarryingValue,2026-08-27
COHR,debt,2013-06-30,114036000,2013-08-19,LongTermDebtNoncurrent,2026-08-27
COHR,equity,2013-06-30,636108000,2013-08-19,StockholdersEquity,2026-08-27
COHR,inventory,2013-06-30,141859000,2013-08-19,InventoryNet,2026-08-27
COHR,liabilities,2013-06-30,227694000,2013-08-19,Liabilities,2026-08-27
COHR,netIncome,2013-06-30,10026000,2013-08-19,NetIncomeLoss,2026-08-27
COHR,receivables,2013-06-30,107173000,2013-08-19,AccountsReceivableNetCurrent,2026-08-27
COHR,revenue,2013-06-30,154030000,2013-08-19,Revenues,2026-08-27
COHR,rnd,2013-06-30,5697000,2013-08-19,ResearchAndDevelopmentExpense,2026-08-27
COO,assets,2013-04-30,2966732000,2013-06-19,Assets,2026-08-27
COO,cash,2013-04-30,14441000,2013-06-19,CashAndCashEquivalentsAtCarryingValue,2026-08-27
COO,debt,2013-04-30,291549000,2013-06-19,LongTermDebtNoncurrent,2026-08-27
COO,equity,2013-04-30,2314197000,2013-06-19,StockholdersEquity,2026-08-27
COO,grossProfit,2013-04-30,254179000,2013-06-19,GrossProfit,2026-08-27
COO,inventory,2013-04-30,339323000,2013-06-19,InventoryNet,2026-08-27
COO,liabilities,2013-04-30,630236000,2013-06-19,Liabilities,2026-08-27
COO,netIncome,2013-04-30,75136000,2013-06-19,NetIncomeLoss,2026-08-27
COO,operatingIncome,2013-04-30,81473000,2013-06-19,OperatingIncomeLoss,2026-08-27
COO,receivables,2013-04-30,224489000,2013-06-19,AccountsReceivableNetCurrent,2026-08-27
COO,revenue,2013-04-30,384041000,2013-06-19,SalesRevenueNet,2026-08-27
COO,rnd,2013-04-30,14490000,2013-06-19,ResearchAndDevelopmentExpense,2026-08-27
COP,assets,2013-06-30,116947000000,2013-08-19,Assets,2026-08-27
COP,cash,2013-06-30,3909000000,2013-08-19,CashAndCashEquivalentsAtCarryingValue,2026-08-27
COP,equity,2013-06-30,48508000000,2013-08-19,StockholdersEquity,2026-08-27
COP,inventory,2013-06-30,1134000000,2013-08-19,InventoryNet,2026-08-27
COP,liabilities,2013-06-30,68015000000,2013-08-19,Liabilities,2026-08-27
COP,netIncome,2013-06-30,2050000000,2013-08-19,NetIncomeLoss,2026-08-27
COP,revenue,2013-06-30,14142000000,2013-08-19,Revenues,2026-08-27
COR,assets,2013-06-30,16579332000,2013-08-19,Assets,2026-08-27
COR,cash,2013-06-30,1567585000,2013-08-19,CashAndCashEquivalentsAtCarryingValue,2026-08-27
COR,debt,2013-06-30,1396439000,2013-08-19,LongTermDebtNoncurrent,2026-08-27
COR,equity,2013-06-30,2418194000,2013-08-19,StockholdersEquity,2026-08-27
COR,grossProfit,2013-06-30,562450000,2013-08-19,GrossProfit,2026-08-27
COR,inventory,2013-06-30,5895089000,2013-08-19,InventoryNet,2026-08-27
COR,netIncome,2013-06-30,168439000,2013-08-19,NetIncomeLoss,2026-08-27
COR,operatingIncome,2013-06-30,134646000,2013-08-19,OperatingIncomeLoss,2026-08-27
COR,receivables,2013-06-30,4585488000,2013-08-19,AccountsReceivableNetCurrent,2026-08-27
COR,revenue,2013-06-30,21906648000,2013-08-19,Revenues,2026-08-27
COR,shares,2013-06-30,230795299,2013-08-19,CommonStockSharesOutstanding,2026-08-27
COST,assets,2013-05-12,30006000000,2013-07-01,Assets,2026-08-27
COST,capex,2013-05-12,436000000,2013-07-01,PaymentsToAcquirePropertyPlantAndEquipment,2026-08-27
COST,cash,2013-05-12,5448000000,2013-07-01,CashAndCashEquivalentsAtCarryingValue,2026-08-27
COST,debt,2013-05-12,4887000000,2013-07-01,LongTermDebtNoncurrent,2026-08-27
COST,equity,2013-05-12,10472000000,2013-07-01,StockholdersEquity,2026-08-27
COST,inventory,2013-05-12,7635000000,2013-07-01,InventoryNet,2026-08-27
COST,liabilities,2013-05-12,19359000000,2013-07-01,Liabilities,2026-08-27
COST,shares,2013-05-12,436682983,2013-07-01,CommonStockSharesOutstanding,2026-08-27
CPAY,assets,2013-06-30,3013089000,2013-08-19,Assets,2026-08-27
CPAY,capex,2013-06-30,5346000,2013-08-19,PaymentsToAcquirePropertyPlantAndEquipment,2026-08-27
CPAY,cash,2013-06-30,292905000,2013-08-19,CashAndCashEquivalentsAtCarryingValue,2026-08-27
CPAY,debt,2013-06-30,485997000,2013-08-19,LongTermDebtNoncurrent,2026-08-27
CPAY,equity,2013-06-30,1050014000,2013-08-19,StockholdersEquity,2026-08-27
CPAY,netIncome,2013-06-30,73099000,2013-08-19,NetIncomeLoss,2026-08-27
CPAY,operatingIncome,2013-06-30,109074000,2013-08-19,OperatingIncomeLoss,2026-08-27
CPAY,receivables,2013-06-30,627675000,2013-08-19,AccountsReceivableNetCurrent,2026-08-27
CPAY,revenue,2013-06-30,220869000,2013-08-19,SalesRevenueNet,2026-08-27
CPAY,shares,2013-06-30,81709804,2013-08-19,CommonStockSharesOutstanding,2026-08-27
CPRT,assets,2013-04-30,1298682000,2013-06-19,Assets,2026-08-27
CPRT,cash,2013-04-30,139331000,2013-06-19,CashAndCashEquivalentsAtCarryingValue,2026-08-27
CPRT,equity,2013-04-30,724394000,2013-06-19,StockholdersEquity,2026-08-27
CPRT,grossProfit,2013-04-30,115597000,2013-06-19,GrossProfit,2026-08-27
CPRT,inventory,2013-04-30,10524000,2013-06-19,InventoryNet,2026-08-27
CPRT,liabilities,2013-04-30,574288000,2013-06-19,Liabilities,2026-08-27
CPRT,netIncome,2013-04-30,53236000,2013-06-19,NetIncomeLoss,2026-08-27
CPRT,operatingIncome,2013-04-30,82813000,2013-06-19,OperatingIncomeLoss,2026-08-27
CPRT,receivables,2013-04-30,164155000,2013-06-19,AccountsReceivableNetCurrent,2026-08-27
CPRT,revenue,2013-04-30,277638000,2013-06-19,SalesRevenueNet,2026-08-27
CPRT,shares,2013-04-30,125436992,2013-06-19,CommonStockSharesOutstanding,2026-08-27
CPT,assets,2013-06-30,5486282000,2013-08-19,Assets,2026-08-27
CPT,cash,2013-06-30,6506000,2013-08-19,CashAndCashEquivalentsAtCarryingValue,2026-08-27
CPT,debt,2013-06-30,2523800000,2013-08-19,LongTermDebt,2026-08-27
CPT,equity,2013-06-30,2640264000,2013-08-19,StockholdersEquity,2026-08-27
CPT,liabilities,2013-06-30,2781152000,2013-08-19,Liabilities,2026-08-27
CPT,netIncome,2013-06-30,72172000,2013-08-19,NetIncomeLoss,2026-08-27
CRL,assets,2013-06-29,1621598000,2013-08-18,Assets,2026-08-27
CRL,cash,2013-06-29,113521000,2013-08-18,CashAndCashEquivalentsAtCarryingValue,2026-08-27
CRL,debt,2013-06-29,619250000,2013-08-18,LongTermDebtNoncurrent,2026-08-27
CRL,equity,2013-06-29,647951000,2013-08-18,StockholdersEquity,2026-08-27
CRL,grossProfit,2013-06-29,102570000,2013-08-18,GrossProfit,2026-08-27
CRL,inventory,2013-06-29,88405000,2013-08-18,InventoryNet,2026-08-27
CRL,liabilities,2013-06-29,959208000,2013-08-18,Liabilities,2026-08-27
CRL,operatingIncome,2013-06-29,43188000,2013-08-18,OperatingIncomeLoss,2026-08-27
CRL,receivables,2013-06-29,224030000,2013-08-18,AccountsReceivableNetCurrent,2026-08-27
CRL,revenue,2013-06-29,292933000,2013-08-18,Revenues,2026-08-27
CRL,shares,2013-06-29,49040927000,2013-08-18,CommonStockSharesOutstanding,2026-08-27
CRM,assets,2013-04-30,6513709000,2013-06-19,Assets,2026-08-27
CRM,capex,2013-04-30,54010000,2013-06-19,PaymentsToAcquirePropertyPlantAndEquipment,2026-08-27
CRM,cash,2013-04-30,1927990000,2013-06-19,CashAndCashEquivalentsAtCarryingValue,2026-08-27
CRM,equity,2013-04-30,2462796000,2013-06-19,StockholdersEquity,2026-08-27
CRM,grossProfit,2013-04-30,683639000,2013-06-19,GrossProfit,2026-08-27
CRM,liabilities,2013-04-30,4003833000,2013-06-19,Liabilities,2026-08-27
CRM,netIncome,2013-04-30,-67721000,2013-06-19,NetIncomeLoss,2026-08-27
CRM,operatingCashFlow,2013-04-30,283189000,2013-06-19,NetCashProvidedByUsedInOperatingActivities,2026-08-27
CRM,operatingIncome,2013-04-30,-44540000,2013-06-19,OperatingIncomeLoss,2026-08-27
CRM,receivables,2013-04-30,502609000,2013-06-19,AccountsReceivableNetCurrent,2026-08-27
CRM,revenue,2013-04-30,892633000,2013-06-19,Revenues,2026-08-27
CRM,rnd,2013-04-30,131939000,2013-06-19,ResearchAndDevelopmentExpense,2026-08-27
CSCO,assets,2013-04-27,97084000000,2013-06-16,Assets,2026-08-27
CSCO,cash,2013-04-27,5122000000,2013-06-16,CashAndCashEquivalentsAtCarryingValue,2026-08-27
CSCO,debt,2013-04-27,12956000000,2013-06-16,LongTermDebtNoncurrent,2026-08-27
CSCO,equity,2013-04-27,56788000000,2013-06-16,StockholdersEquity,2026-08-27
CSCO,grossProfit,2013-04-27,7511000000,2013-06-16,GrossProfit,2026-08-27
CSCO,inventory,2013-04-27,1469000000,2013-06-16,InventoryNet,2026-08-27
CSCO,liabilities,2013-04-27,40286000000,2013-06-16,Liabilities,2026-08-27
CSCO,netIncome,2013-04-27,2478000000,2013-06-16,NetIncomeLoss,2026-08-27
CSCO,operatingIncome,2013-04-27,2942000000,2013-06-16,OperatingIncomeLoss,2026-08-27
CSCO,receivables,2013-04-27,4942000000,2013-06-16,AccountsReceivableNetCurrent,2026-08-27
CSCO,revenue,2013-04-27,12216000000,2013-06-16,Revenues,2026-08-27
CSCO,shares,2013-04-27,5315000000,2013-06-16,CommonStockSharesOutstanding,2026-08-27
CSGP,assets,2013-06-30,1197018000,2013-08-19,Assets,2026-08-27
CSGP,cash,2013-06-30,190101000,2013-08-19,CashAndCashEquivalentsAtCarryingValue,2026-08-27
CSGP,debt,2013-06-30,142187000,2013-08-19,LongTermDebtNoncurrent,2026-08-27
CSGP,equity,2013-06-30,866596000,2013-08-19,StockholdersEquity,2026-08-27
CSGP,grossProfit,2013-06-30,76898000,2013-08-19,GrossProfit,2026-08-27
CSGP,liabilities,2013-06-30,330422000,2013-08-19,Liabilities,2026-08-27
CSGP,netIncome,2013-06-30,8293000,2013-08-19,NetIncomeLoss,2026-08-27
CSGP,operatingIncome,2013-06-30,15283000,2013-08-19,OperatingIncomeLoss,2026-08-27
CSGP,receivables,2013-06-30,24808000,2013-08-19,AccountsReceivableNetCurrent,2026-08-27
CSGP,revenue,2013-06-30,108999000,2013-08-19,Revenues,2026-08-27
CSX,assets,2013-06-28,30881000000,2013-08-17,Assets,2026-08-27
CSX,cash,2013-06-28,614000000,2013-08-17,CashAndCashEquivalentsAtCarryingValue,2026-08-27
CSX,liabilities,2013-06-28,21219000000,2013-08-17,Liabilities,2026-08-27
CSX,netIncome,2013-06-28,521000000,2013-08-17,NetIncomeLoss,2026-08-27
CSX,operatingIncome,2013-06-28,940000000,2013-08-17,OperatingIncomeLoss,2026-08-27
CSX,receivables,2013-06-28,946000000,2013-08-17,AccountsReceivableNetCurrent,2026-08-27
CSX,revenue,2013-06-28,3046000000,2013-08-17,SalesRevenueNet,2026-08-27
CTAS,assets,2013-05-31,4345632000,2013-07-20,Assets,2026-08-27
CTAS,cash,2013-05-31,352273000,2013-07-20,CashAndCashEquivalentsAtCarryingValue,2026-08-27
CTAS,debt,2013-05-31,1300979000,2013-07-20,LongTermDebtNoncurrent,2026-08-27
CTAS,equity,2013-05-31,2201492000,2013-07-20,StockholdersEquity,2026-08-27
CTAS,grossProfit,2013-05-31,467215000,2013-07-20,GrossProfit,2026-08-27
CTAS,inventory,2013-05-31,240440000,2013-07-20,InventoryNet,2026-08-27
CTAS,netIncome,2013-05-31,85977000,2013-07-20,NetIncomeLoss,2026-08-27
CTAS,receivables,2013-05-31,496049000,2013-07-20,AccountsReceivableNetCurrent,2026-08-27
CTAS,revenue,2013-05-31,1129086000,2013-07-20,Revenues,2026-08-27
CTAS,shares,2013-05-31,122281507,2013-07-20,CommonStockSharesOutstanding,2026-08-27
CTSH,assets,2013-06-30,7012320000,2013-08-19,Assets,2026-08-27
CTSH,cash,2013-06-30,1678205000,2013-08-19,CashAndCashEquivalentsAtCarryingValue,2026-08-27
CTSH,equity,2013-06-30,5323748000,2013-08-19,StockholdersEquity,2026-08-27
CTSH,liabilities,2013-06-30,1688572000,2013-08-19,Liabilities,2026-08-27
CTSH,netIncome,2013-06-30,300410000,2013-08-19,NetIncomeLoss,2026-08-27
CTSH,operatingIncome,2013-06-30,426803000,2013-08-19,OperatingIncomeLoss,2026-08-27
CTSH,receivables,2013-06-30,1560856000,2013-08-19,AccountsReceivableNetCurrent,2026-08-27
CTSH,revenue,2013-06-30,2161240000,2013-08-19,SalesRevenueNet,2026-08-27
CTSH,shares,2013-06-30,301322000,2013-08-19,CommonStockSharesOutstanding,2026-08-27
CVS,assets,2013-06-30,66284000000,2013-08-19,Assets,2026-08-27
CVS,cash,2013-06-30,1174000000,2013-08-19,CashAndCashEquivalentsAtCarryingValue,2026-08-27
CVS,debt,2013-06-30,9358000000,2013-08-19,LongTermDebtNoncurrent,2026-08-27
CVS,grossProfit,2013-06-30,5841000000,2013-08-19,GrossProfit,2026-08-27
CVS,inventory,2013-06-30,10578000000,2013-08-19,InventoryNet,2026-08-27
CVS,operatingIncome,2013-06-30,1972000000,2013-08-19,OperatingIncomeLoss,2026-08-27
CVS,receivables,2013-06-30,7093000000,2013-08-19,AccountsReceivableNetCurrent,2026-08-27
CVS,revenue,2013-06-30,31248000000,2013-08-19,Revenues,2026-08-27
CVS,shares,2013-06-30,1227000000,2013-08-19,CommonStockSharesOutstanding,2026-08-27
CVX,assets,2013-06-30,244048000000,2013-08-19,Assets,2026-08-27
CVX,cash,2013-06-30,20630000000,2013-08-19,CashAndCashEquivalentsAtCarryingValue,2026-08-27
CVX,debt,2013-06-30,17960000000,2013-08-19,LongTermDebtNoncurrent,2026-08-27
CVX,equity,2013-06-30,142841000000,2013-08-19,StockholdersEquity,2026-08-27
CVX,inventory,2013-06-30,7423000000,2013-08-19,InventoryNet,2026-08-27
CVX,liabilities,2013-06-30,99884000000,2013-08-19,Liabilities,2026-08-27
CVX,netIncome,2013-06-30,5365000000,2013-08-19,NetIncomeLoss,2026-08-27
CVX,revenue,2013-06-30,57369000000,2013-08-19,Revenues,2026-08-27
D,assets,2013-06-30,48426000000,2013-08-19,Assets,2026-08-27
D,cash,2013-06-30,190000000,2013-08-19,CashAndCashEquivalentsAtCarryingValue,2026-08-27
D,debt,2013-06-30,18043000000,2013-08-19,LongTermDebtNoncurrent,2026-08-27
D,equity,2013-06-30,11003000000,2013-08-19,StockholdersEquity,2026-08-27
D,inventory,2013-06-30,1154000000,2013-08-19,InventoryNet,2026-08-27
D,liabilities,2013-06-30,37109000000,2013-08-19,Liabilities,2026-08-27
D,netIncome,2013-06-30,202000000,2013-08-19,NetIncomeLoss,2026-08-27
D,operatingIncome,2013-06-30,548000000,2013-08-19,OperatingIncomeLoss,2026-08-27
D,receivables,2013-06-30,1514000000,2013-08-19,AccountsReceivableNetCurrent,2026-08-27
D,revenue,2013-06-30,2980000000,2013-08-19,Revenues,2026-08-27
D,shares,2013-06-30,579000000,2013-08-19,CommonStockSharesOutstanding,2026-08-27
DAL,assets,2013-06-30,45772000000,2013-08-19,Assets,2026-08-27
DAL,capex,2013-06-30,338000000,2013-08-19,PaymentsToAcquireProductiveAssets,2026-08-27
DAL,cash,2013-06-30,2965000000,2013-08-19,CashAndCashEquivalentsAtCarryingValue,2026-08-27
DAL,equity,2013-06-30,-1184000000,2013-08-19,StockholdersEquity,2026-08-27
DAL,netIncome,2013-06-30,685000000,2013-08-19,NetIncomeLoss,2026-08-27
DAL,operatingIncome,2013-06-30,914000000,2013-08-19,OperatingIncomeLoss,2026-08-27
DAL,revenue,2013-06-30,9707000000,2013-08-19,Revenues,2026-08-27
DE,assets,2013-04-30,58155100000,2013-06-19,Assets,2026-08-27
DE,cash,2013-04-30,3651400000,2013-06-19,CashAndCashEquivalentsAtCarryingValue,2026-08-27
DE,debt,2013-04-30,21752900000,2013-06-19,LongTermDebtNoncurrent,2026-08-27
DE,equity,2013-04-30,8264900000,2013-06-19,StockholdersEquity,2026-08-27
DE,grossProfit,2013-04-30,2783000000,2013-06-19,GrossProfit,2026-08-27
DE,inventory,2013-04-30,6173000000,2013-06-19,InventoryNet,2026-08-27
DE,liabilities,2013-04-30,49888300000,2013-06-19,Liabilities,2026-08-27
DE,netIncome,2013-04-30,1084000000,2013-06-19,NetIncomeLoss,2026-08-27
DE,operatingIncome,2013-04-30,1861000000,2013-06-19,OperatingIncomeLoss,2026-08-27
DE,revenue,2013-04-30,10913000000,2013-06-19,Revenues,2026-08-27
DE,rnd,2013-04-30,376800000,2013-06-19,ResearchAndDevelopmentExpense,2026-08-27
DECK,assets,2013-06-30,1022115000,2013-08-19,Assets,2026-08-27
DECK,capex,2013-06-30,16714000,2013-08-19,PaymentsToAcquirePropertyPlantAndEquipment,2026-08-27
DECK,cash,2013-06-30,49126000,2013-08-19,CashAndCashEquivalentsAtCarryingValue,2026-08-27
DECK,equity,2013-06-30,718232000,2013-08-19,StockholdersEquity,2026-08-27
DECK,grossProfit,2013-06-30,69832000,2013-08-19,GrossProfit,2026-08-27
DECK,inventory,2013-06-30,362060000,2013-08-19,InventoryNet,2026-08-27
DECK,operatingCashFlow,2013-06-30,-13189000,2013-08-19,NetCashProvidedByUsedInOperatingActivitiesContinuingOperations,2026-08-27
DECK,operatingIncome,2013-06-30,-42751000,2013-08-19,OperatingIncomeLoss,2026-08-27
DECK,receivables,2013-06-30,109877000,2013-08-19,AccountsReceivableNetCurrent,2026-08-27
DECK,shares,2013-06-30,34493000,2013-08-19,CommonStockSharesOutstanding,2026-08-27
DG,assets,2013-05-03,10493697000,2013-06-22,Assets,2026-08-27
DG,buybacks,2013-05-03,20000000,2013-06-22,PaymentsForRepurchaseOfCommonStock,2026-08-27
DG,capex,2013-05-03,149652000,2013-06-22,PaymentsToAcquireProductiveAssets,2026-08-27
DG,cash,2013-05-03,155526000,2013-06-22,CashAndCashEquivalentsAtCarryingValue,2026-08-27
DG,equity,2013-05-03,5178899000,2013-06-22,StockholdersEquity,2026-08-27
DG,grossProfit,2013-05-03,1295148000,2013-06-22,GrossProfit,2026-08-27
DG,inventory,2013-05-03,2414411000,2013-06-22,InventoryNet,2026-08-27
DG,operatingCashFlow,2013-05-03,147226000,2013-06-22,NetCashProvidedByUsedInOperatingActivitiesContinuingOperations,2026-08-27
DG,operatingIncome,2013-05-03,395000000,2013-06-22,OperatingIncomeLoss,2026-08-27
DGX,assets,2013-06-30,9036185000,2013-08-19,Assets,2026-08-27
DGX,cash,2013-06-30,148000000,2013-08-19,CashAndCashEquivalentsAtCarryingValue,2026-08-27
DGX,equity,2013-06-30,3911956000,2013-08-19,StockholdersEquity,2026-08-27
DGX,grossProfit,2013-06-30,721000000,2013-08-19,GrossProfit,2026-08-27
DGX,inventory,2013-06-30,89442000,2013-08-19,InventoryNet,2026-08-27
DGX,netIncome,2013-06-30,165000000,2013-08-19,NetIncomeLoss,2026-08-27
DGX,operatingIncome,2013-06-30,289000000,2013-08-19,OperatingIncomeLoss,2026-08-27
DGX,receivables,2013-06-30,946753000,2013-08-19,AccountsReceivableNetCurrent,2026-08-27
DGX,revenue,2013-06-30,1815000000,2013-08-19,SalesRevenueNet,2026-08-27
DHI,assets,2013-06-30,8287000000,2013-08-19,Assets,2026-08-27
DHI,cash,2013-06-30,638000000,2013-08-19,CashAndCashEquivalentsAtCarryingValue,2026-08-27
DHI,equity,2013-06-30,3904700000,2013-08-19,StockholdersEquity,2026-08-27
DHI,liabilities,2013-06-30,4379500000,2013-08-19,Liabilities,2026-08-27
DHI,revenue,2013-06-30,1692800000,2013-08-19,Revenues,2026-08-27
DHI,shares,2013-06-30,322800660,2013-08-19,CommonStockSharesOutstanding,2026-08-27
DHR,assets,2013-06-28,33109000000,2013-08-17,Assets,2026-08-27
DHR,cash,2013-06-28,2324900000,2013-08-17,CashAndCashEquivalentsAtCarryingValue,2026-08-27
DHR,debt,2013-06-28,4100900000,2013-08-17,LongTermDebtNoncurrent,2026-08-27
DHR,equity,2013-06-28,20296100000,2013-08-17,StockholdersEquity,2026-08-27
DHR,grossProfit,2013-06-28,2346000000,2013-08-17,GrossProfit,2026-08-27
DHR,inventory,2013-06-28,1911000000,2013-08-17,InventoryNet,2026-08-27
DHR,netIncome,2013-06-28,616800000,2013-08-17,NetIncomeLoss,2026-08-27
DHR,operatingIncome,2013-06-28,804800000,2013-08-17,OperatingIncomeLoss,2026-08-27
DHR,receivables,2013-06-28,3281400000,2013-08-17,AccountsReceivableNetCurrent,2026-08-27
DHR,revenue,2013-06-28,4534100000,2013-08-17,SalesRevenueNet,2026-08-27
DHR,rnd,2013-06-28,312200000,2013-08-17,ResearchAndDevelopmentExpense,2026-08-27
DLR,assets,2013-06-30,9184859000,2013-08-19,Assets,2026-08-27
DLR,cash,2013-06-30,24260000,2013-08-19,CashAndCashEquivalentsAtCarryingValue,2026-08-27
DLR,equity,2013-06-30,3547111000,2013-08-19,StockholdersEquity,2026-08-27
DLR,liabilities,2013-06-30,5601589000,2013-08-19,Liabilities,2026-08-27
DLR,netIncome,2013-06-30,58476000,2013-08-19,NetIncomeLoss,2026-08-27
DLR,operatingIncome,2013-06-30,99994000,2013-08-19,OperatingIncomeLoss,2026-08-27
DLR,revenue,2013-06-30,363502000,2013-08-19,Revenues,2026-08-27
DLR,shares,2013-06-30,128421888,2013-08-19,CommonStockSharesOutstanding,2026-08-27
DLTR,assets,2013-05-04,2811800000,2013-06-23,Assets,2026-08-27
DLTR,buybacks,2013-05-04,68400000,2013-06-23,PaymentsForRepurchaseOfCommonStock,2026-08-27
DLTR,capex,2013-05-04,103200000,2013-06-23,PaymentsToAcquirePropertyPlantAndEquipment,2026-08-27
DLTR,cash,2013-05-04,383300000,2013-06-23,CashAndCashEquivalentsAtCarryingValue,2026-08-27
DLTR,debt,2013-05-04,257000000,2013-06-23,LongTermDebtNoncurrent,2026-08-27
DLTR,grossProfit,2013-05-04,656000000,2013-06-23,GrossProfit,2026-08-27
DLTR,liabilities,2013-05-04,1072100000,2013-06-23,Liabilities,2026-08-27
DLTR,netIncome,2013-05-04,133500000,2013-06-23,NetIncomeLoss,2026-08-27
DLTR,operatingCashFlow,2013-05-04,129300000,2013-06-23,NetCashProvidedByUsedInOperatingActivities,2026-08-27
DLTR,operatingIncome,2013-05-04,216600000,2013-06-23,OperatingIncomeLoss,2026-08-27
DLTR,shares,2013-05-04,223800000,2013-06-23,CommonStockSharesOutstanding,2026-08-27
DOC,assets,2013-06-30,20051793000,2013-08-19,Assets,2026-08-27
DOC,cash,2013-06-30,53114000,2013-08-19,CashAndCashEquivalentsAtCarryingValue,2026-08-27
DOC,debt,2013-06-30,8688268000,2013-08-19,LongTermDebt,2026-08-27
DOC,equity,2013-06-30,10596558000,2013-08-19,StockholdersEquity,2026-08-27
DOC,liabilities,2013-06-30,9253534000,2013-08-19,Liabilities,2026-08-27
DOC,netIncome,2013-06-30,213401000,2013-08-19,NetIncomeLoss,2026-08-27
DOC,revenue,2013-06-30,512239000,2013-08-19,Revenues,2026-08-27
DOC,shares,2013-06-30,455094411,2013-08-19,CommonStockSharesOutstanding,2026-08-27
DOV,assets,2013-06-30,10349256000,2013-08-19,Assets,2026-08-27
DOV,cash,2013-06-30,605950000,2013-08-19,CashAndCashEquivalentsAtCarryingValue,2026-08-27
DOV,debt,2013-06-30,2189811000,2013-08-19,LongTermDebtNoncurrent,2026-08-27
DOV,grossProfit,2013-06-30,720994000,2013-08-19,GrossProfit,2026-08-27
DOV,inventory,2013-06-30,917217000,2013-08-19,InventoryNet,2026-08-27
DOV,netIncome,2013-06-30,330049000,2013-08-19,NetIncomeLoss,2026-08-27
DOV,operatingIncome,2013-06-30,320198000,2013-08-19,OperatingIncomeLoss,2026-08-27
DOV,receivables,2013-06-30,1398829000,2013-08-19,AccountsReceivableNetCurrent,2026-08-27
DOV,revenue,2013-06-30,1836981000,2013-08-19,SalesRevenueNet,2026-08-27
DPZ,assets,2013-06-16,468799000,2013-08-05,Assets,2026-08-27
DPZ,buybacks,2013-06-16,38000000,2013-08-05,PaymentsForRepurchaseOfCommonStock,2026-08-27
DPZ,cash,2013-06-16,40838000,2013-08-05,CashAndCashEquivalentsAtCarryingValue,2026-08-27
DPZ,equity,2013-06-16,-1328791000,2013-08-05,StockholdersEquity,2026-08-27
DPZ,grossProfit,2013-06-16,125987000,2013-08-05,GrossProfit,2026-08-27
DPZ,inventory,2013-06-16,27996000,2013-08-05,InventoryNet,2026-08-27
DPZ,netIncome,2013-06-16,33270000,2013-08-05,NetIncomeLoss,2026-08-27
DPZ,operatingIncome,2013-06-16,73841000,2013-08-05,OperatingIncomeLoss,2026-08-27
DPZ,receivables,2013-06-16,93987000,2013-08-05,AccountsReceivableNetCurrent,2026-08-27
DPZ,revenue,2013-06-16,414009000,2013-08-05,Revenues,2026-08-27
DRI,assets,2013-05-26,6936900000,2013-07-15,Assets,2026-08-27
DRI,cash,2013-05-26,88200000,2013-07-15,CashAndCashEquivalentsAtCarryingValue,2026-08-27
DRI,debt,2013-05-26,2496200000,2013-07-15,LongTermDebtNoncurrent,2026-08-27
DRI,equity,2013-05-26,2059500000,2013-07-15,StockholdersEquity,2026-08-27
DRI,inventory,2013-05-26,356900000,2013-07-15,InventoryNet,2026-08-27
DRI,liabilities,2013-05-26,4877400000,2013-07-15,Liabilities,2026-08-27
DRI,netIncome,2013-05-26,133200000,2013-07-15,NetIncomeLoss,2026-08-27
DRI,revenue,2013-05-26,1592400000,2013-07-15,SalesRevenueNet,2026-08-27
DRI,shares,2013-05-26,130300000,2013-07-15,CommonStockSharesOutstanding,2026-08-27
DTE,assets,2013-06-30,25944000000,2013-08-19,Assets,2026-08-27
DTE,cash,2013-06-30,46000000,2013-08-19,CashAndCashEquivalentsAtCarryingValue,2026-08-27
DTE,debt,2013-06-30,6116000000,2013-08-19,LongTermDebtNoncurrent,2026-08-27
DTE,equity,2013-06-30,7552000000,2013-08-19,StockholdersEquity,2026-08-27
DTE,netIncome,2013-06-30,105000000,2013-08-19,NetIncomeLoss,2026-08-27
DTE,operatingIncome,2013-06-30,223000000,2013-08-19,OperatingIncomeLoss,2026-08-27
DTE,receivables,2013-06-30,1314000000,2013-08-19,AccountsReceivableNetCurrent,2026-08-27
DTE,revenue,2013-06-30,2225000000,2013-08-19,Revenues,2026-08-27
DTE,shares,2013-06-30,174960000,2013-08-19,CommonStockSharesOutstanding,2026-08-27
DUK,assets,2013-06-30,114100000000,2013-08-19,Assets,2026-08-27
DUK,cash,2013-06-30,1571000000,2013-08-19,CashAndCashEquivalentsAtCarryingValue,2026-08-27
DUK,debt,2013-06-30,36100000000,2013-08-19,LongTermDebtNoncurrent,2026-08-27
DUK,equity,2013-06-30,40132000000,2013-08-19,StockholdersEquity,2026-08-27
DUK,netIncome,2013-06-30,339000000,2013-08-19,NetIncomeLoss,2026-08-27
DUK,operatingIncome,2013-06-30,742000000,2013-08-19,OperatingIncomeLoss,2026-08-27
DUK,revenue,2013-06-30,5393000000,2013-08-19,SalesRevenueNet,2026-08-27
DUK,shares,2013-06-30,706000000,2013-08-19,CommonStockSharesOutstanding,2026-08-27
DVA,assets,2013-06-30,16455509000,2013-08-19,Assets,2026-08-27
DVA,cash,2013-06-30,617904000,2013-08-19,CashAndCashEquivalentsAtCarryingValue,2026-08-27
DVA,equity,2013-06-30,4124881000,2013-08-19,StockholdersEquity,2026-08-27
DVA,inventory,2013-06-30,77997000,2013-08-19,InventoryNet,2026-08-27
DVA,liabilities,2013-06-30,11572726000,2013-08-19,Liabilities,2026-08-27
DVA,netIncome,2013-06-30,254376000,2013-08-19,NetIncomeLoss,2026-08-27
DVA,operatingIncome,2013-06-30,522020000,2013-08-19,OperatingIncomeLoss,2026-08-27
DVA,receivables,2013-06-30,1445099000,2013-08-19,AccountsReceivableNetCurrent,2026-08-27
DVA,shares,2013-06-30,106239986,2013-08-19,CommonStockSharesOutstanding,2026-08-27
DVN,assets,2013-06-30,40020000000,2013-08-19,Assets,2026-08-27
DVN,cash,2013-06-30,3363000000,2013-08-19,CashAndCashEquivalentsAtCarryingValue,2026-08-27
DVN,debt,2013-06-30,7956000000,2013-08-19,LongTermDebtNoncurrent,2026-08-27
DVN,equity,2013-06-30,20066000000,2013-08-19,StockholdersEquity,2026-08-27
DVN,netIncome,2013-06-30,683000000,2013-08-19,NetIncomeLoss,2026-08-27
DVN,operatingIncome,2013-06-30,1100000000,2013-08-19,OperatingIncomeLoss,2026-08-27
DVN,receivables,2013-06-30,1538000000,2013-08-19,AccountsReceivableNetCurrent,2026-08-27
DVN,revenue,2013-06-30,3088000000,2013-08-19,Revenues,2026-08-27
DXCM,assets,2013-06-30,102300000,2013-08-19,Assets,2026-08-27
DXCM,cash,2013-06-30,28200000,2013-08-19,CashAndCashEquivalentsAtCarryingValue,2026-08-27
DXCM,debt,2013-06-30,7000000,2013-08-19,LongTermDebt,2026-08-27
DXCM,grossProfit,2013-06-30,21900000,2013-08-19,GrossProfit,2026-08-27
DXCM,inventory,2013-06-30,7300000,2013-08-19,InventoryNet,2026-08-27
DXCM,liabilities,2013-06-30,30000000,2013-08-19,Liabilities,2026-08-27
DXCM,netIncome,2013-06-30,-10100000,2013-08-19,NetIncomeLoss,2026-08-27
DXCM,operatingIncome,2013-06-30,-9900000,2013-08-19,OperatingIncomeLoss,2026-08-27
DXCM,revenue,2013-06-30,35800000,2013-08-19,Revenues,2026-08-27
DXCM,rnd,2013-06-30,11100000,2013-08-19,ResearchAndDevelopmentExpense,2026-08-27
DXCM,shares,2013-06-30,71200000,2013-08-19,CommonStockSharesOutstanding,2026-08-27
EBAY,assets,2013-06-30,38550000000,2013-08-19,Assets,2026-08-27
EBAY,cash,2013-06-30,6855000000,2013-08-19,CashAndCashEquivalentsAtCarryingValue,2026-08-27
EBAY,equity,2013-06-30,21651000000,2013-08-19,StockholdersEquity,2026-08-27
EBAY,grossProfit,2013-06-30,2666000000,2013-08-19,GrossProfit,2026-08-27
EBAY,liabilities,2013-06-30,16899000000,2013-08-19,Liabilities,2026-08-27
EBAY,netIncome,2013-06-30,640000000,2013-08-19,NetIncomeLoss,2026-08-27
EBAY,operatingIncome,2013-06-30,750000000,2013-08-19,OperatingIncomeLoss,2026-08-27
EBAY,receivables,2013-06-30,743000000,2013-08-19,AccountsReceivableNetCurrent,2026-08-27
EBAY,revenue,2013-06-30,3877000000,2013-08-19,SalesRevenueNet,2026-08-27
EBAY,rnd,2013-06-30,451000000,2013-08-19,ResearchAndDevelopmentExpense,2026-08-27
EBAY,shares,2013-06-30,1294000000,2013-08-19,CommonStockSharesOutstanding,2026-08-27
ECHO,assets,2013-06-30,6506327000,2013-08-19,Assets,2026-08-27
ECHO,capex,2013-06-30,85652000,2013-08-19,PaymentsToAcquirePropertyPlantAndEquipment,2026-08-27
ECHO,cash,2013-06-30,700134000,2013-08-19,CashAndCashEquivalentsAtCarryingValue,2026-08-27
ECHO,equity,2013-06-30,3166629000,2013-08-19,StockholdersEquity,2026-08-27
ECHO,inventory,2013-06-30,77390000,2013-08-19,InventoryNet,2026-08-27
ECHO,liabilities,2013-06-30,3331236000,2013-08-19,Liabilities,2026-08-27
ECHO,netIncome,2013-06-30,-9759000,2013-08-19,NetIncomeLoss,2026-08-27
ECHO,operatingIncome,2013-06-30,6088000,2013-08-19,OperatingIncomeLoss,2026-08-27
ECHO,receivables,2013-06-30,179522000,2013-08-19,AccountsReceivableNetCurrent,2026-08-27
ECHO,revenue,2013-06-30,830003000,2013-08-19,SalesRevenueNet,2026-08-27
ECHO,rnd,2013-06-30,16354000,2013-08-19,ResearchAndDevelopmentExpense,2026-08-27
ECL,assets,2013-06-30,19654300000,2013-08-19,Assets,2026-08-27
ECL,cash,2013-06-30,375200000,2013-08-19,CashAndCashEquivalentsAtCarryingValue,2026-08-27
ECL,equity,2013-06-30,6667500000,2013-08-19,StockholdersEquity,2026-08-27
ECL,inventory,2013-06-30,1373300000,2013-08-19,InventoryNet,2026-08-27
ECL,liabilities,2013-06-30,12915600000,2013-08-19,Liabilities,2026-08-27
ECL,operatingIncome,2013-06-30,352300000,2013-08-19,OperatingIncomeLoss,2026-08-27
ECL,receivables,2013-06-30,2436300000,2013-08-19,AccountsReceivableNetCurrent,2026-08-27
ECL,revenue,2013-06-30,3337800000,2013-08-19,SalesRevenueNet,2026-08-27
ECL,shares,2013-06-30,301400000,2013-08-19,CommonStockSharesOutstanding,2026-08-27
ED,assets,2013-06-30,41922000000,2013-08-19,Assets,2026-08-27
ED,cash,2013-06-30,747000000,2013-08-19,CashAndCashEquivalentsAtCarryingValue,2026-08-27
ED,debt,2013-06-30,10494000000,2013-08-19,LongTermDebtNoncurrent,2026-08-27
ED,equity,2013-06-30,11883000000,2013-08-19,StockholdersEquity,2026-08-27
ED,netIncome,2013-06-30,172000000,2013-08-19,NetIncomeLoss,2026-08-27
ED,operatingIncome,2013-06-30,386000000,2013-08-19,OperatingIncomeLoss,2026-08-27
ED,receivables,2013-06-30,1211000000,2013-08-19,AccountsReceivableNetCurrent,2026-08-27
ED,revenue,2013-06-30,2818000000,2013-08-19,Revenues,2026-08-27
EFX,assets,2013-06-30,4373600000,2013-08-19,Assets,2026-08-27
EFX,cash,2013-06-30,104900000,2013-08-19,CashAndCashEquivalentsAtCarryingValue,2026-08-27
EFX,debt,2013-06-30,1429100000,2013-08-19,LongTermDebtNoncurrent,2026-08-27
EFX,equity,2013-06-30,2096300000,2013-08-19,StockholdersEquity,2026-08-27
EFX,liabilities,2013-06-30,2253600000,2013-08-19,Liabilities,2026-08-27
EFX,netIncome,2013-06-30,90500000,2013-08-19,NetIncomeLoss,2026-08-27
EFX,operatingIncome,2013-06-30,158100000,2013-08-19,OperatingIncomeLoss,2026-08-27
EFX,receivables,2013-06-30,318500000,2013-08-19,AccountsReceivableNetCurrent,2026-08-27
EFX,shares,2013-06-30,121300000,2013-08-19,CommonStockSharesOutstanding,2026-08-27
EG,assets,2013-06-30,19559048000,2013-08-19,Assets,2026-08-27
EG,buybacks,2013-06-30,211323000,2013-08-19,PaymentsForRepurchaseOfCommonStock,2026-08-27
EG,cash,2013-06-30,439136000,2013-08-19,CashAndCashEquivalentsAtCarryingValue,2026-08-27
EG,equity,2013-06-30,6622800000,2013-08-19,StockholdersEquity,2026-08-27
EG,liabilities,2013-06-30,12936248000,2013-08-19,Liabilities,2026-08-27
EG,netIncome,2013-06-30,275642000,2013-08-19,NetIncomeLoss,2026-08-27
EG,operatingCashFlow,2013-06-30,170175000,2013-08-19,NetCashProvidedByUsedInOperatingActivities,2026-08-27
EG,revenue,2013-06-30,1354543000,2013-08-19,Revenues,2026-08-27
EG,shares,2013-06-30,67812000,2013-08-19,CommonStockSharesOutstanding,2026-08-27
EIX,assets,2013-06-30,45027000000,2013-08-19,Assets,2026-08-27
EIX,cash,2013-06-30,148000000,2013-08-19,CashAndCashEquivalentsAtCarryingValue,2026-08-27
EIX,debt,2013-06-30,8830000000,2013-08-19,LongTermDebtNoncurrent,2026-08-27
EIX,inventory,2013-06-30,267000000,2013-08-19,InventoryNet,2026-08-27
EIX,liabilities,2013-06-30,33919000000,2013-08-19,Liabilities,2026-08-27
EIX,netIncome,2013-06-30,-94000000,2013-08-19,NetIncomeLoss,2026-08-27
EIX,operatingIncome,2013-06-30,-71000000,2013-08-19,OperatingIncomeLoss,2026-08-27
EIX,revenue,2013-06-30,3046000000,2013-08-19,Revenues,2026-08-27
EIX,shares,2013-06-30,325811206,2013-08-19,CommonStockSharesOutstanding,2026-08-27
EL,assets,2013-06-30,7145200000,2013-08-19,Assets,2026-08-27
EL,cash,2013-06-30,1495700000,2013-08-19,CashAndCashEquivalentsAtCarryingValue,2026-08-27
EL,equity,2013-06-30,3286900000,2013-08-19,StockholdersEquity,2026-08-27
EL,grossProfit,2013-06-30,1931800000,2013-08-19,GrossProfit,2026-08-27
EL,inventory,2013-06-30,1113900000,2013-08-19,InventoryNet,2026-08-27
EL,netIncome,2013-06-30,94000000,2013-08-19,NetIncomeLoss,2026-08-27
EL,operatingIncome,2013-06-30,145800000,2013-08-19,OperatingIncomeLoss,2026-08-27
EL,receivables,2013-06-30,1171700000,2013-08-19,AccountsReceivableNetCurrent,2026-08-27
EL,revenue,2013-06-30,2407400000,2013-08-19,SalesRevenueNet,2026-08-27
ELV,assets,2013-06-30,59612300000,2013-08-19,Assets,2026-08-27
ELV,cash,2013-06-30,1342600000,2013-08-19,CashAndCashEquivalentsAtCarryingValue,2026-08-27
ELV,debt,2013-06-30,14091500000,2013-08-19,LongTermDebtNoncurrent,2026-08-27
ELV,equity,2013-06-30,24532500000,2013-08-19,StockholdersEquity,2026-08-27
ELV,liabilities,2013-06-30,35079800000,2013-08-19,Liabilities,2026-08-27
ELV,netIncome,2013-06-30,800100000,2013-08-19,NetIncomeLoss,2026-08-27
ELV,operatingIncome,2013-06-30,1223700000,2013-08-19,OperatingIncomeLoss,2026-08-27
ELV,revenue,2013-06-30,17690300000,2013-08-19,Revenues,2026-08-27
ELV,shares,2013-06-30,299346446,2013-08-19,CommonStockSharesOutstanding,2026-08-27
EME,assets,2013-06-30,3105336000,2013-08-19,Assets,2026-08-27
EME,cash,2013-06-30,530385000,2013-08-19,CashAndCashEquivalentsAtCarryingValue,2026-08-27
EME,equity,2013-06-30,1396400000,2013-08-19,StockholdersEquity,2026-08-27
EME,grossProfit,2013-06-30,186338000,2013-08-19,GrossProfit,2026-08-27
EME,liabilities,2013-06-30,1697876000,2013-08-19,Liabilities,2026-08-27
EME,netIncome,2013-06-30,21014000,2013-08-19,NetIncomeLoss,2026-08-27
EME,operatingIncome,2013-06-30,36099000,2013-08-19,OperatingIncomeLoss,2026-08-27
EME,receivables,2013-06-30,1293160000,2013-08-19,AccountsReceivableNetCurrent,2026-08-27
EME,revenue,2013-06-30,1556753000,2013-08-19,Revenues,2026-08-27
EME,shares,2013-06-30,67077160,2013-08-19,CommonStockSharesOutstanding,2026-08-27
EMR,assets,2013-06-30,23513000000,2013-08-19,Assets,2026-08-27
EMR,cash,2013-06-30,2810000000,2013-08-19,CashAndCashEquivalentsAtCarryingValue,2026-08-27
EMR,debt,2013-06-30,4059000000,2013-08-19,LongTermDebtNoncurrent,2026-08-27
EMR,equity,2013-06-30,10116000000,2013-08-19,StockholdersEquity,2026-08-27
EMR,grossProfit,2013-06-30,2568000000,2013-08-19,GrossProfit,2026-08-27
EMR,inventory,2013-06-30,2304000000,2013-08-19,InventoryNet,2026-08-27
EMR,netIncome,2013-06-30,194000000,2013-08-19,NetIncomeLoss,2026-08-27
EMR,receivables,2013-06-30,4725000000,2013-08-19,AccountsReceivableNetCurrent,2026-08-27
EMR,revenue,2013-06-30,6344000000,2013-08-19,SalesRevenueNet,2026-08-27
EMR,shares,2013-06-30,715829171,2013-08-19,CommonStockSharesOutstanding,2026-08-27
EOG,assets,2013-06-30,29077152000,2013-08-19,Assets,2026-08-27
EOG,cash,2013-06-30,1228016000,2013-08-19,CashAndCashEquivalentsAtCarryingValue,2026-08-27
EOG,debt,2013-06-30,5906210000,2013-08-19,LongTermDebtNoncurrent,2026-08-27
EOG,netIncome,2013-06-30,659692000,2013-08-19,NetIncomeLoss,2026-08-27
EOG,operatingIncome,2013-06-30,1092044000,2013-08-19,OperatingIncomeLoss,2026-08-27
EOG,receivables,2013-06-30,1808954000,2013-08-19,AccountsReceivableNetCurrent,2026-08-27
EOG,revenue,2013-06-30,3840185000,2013-08-19,Revenues,2026-08-27
EQIX,assets,2013-06-30,7077849000,2013-08-19,Assets,2026-08-27
EQIX,capex,2013-06-30,125823000,2013-08-19,PaymentsToAcquireProductiveAssets,2026-08-27
EQIX,cash,2013-06-30,517496000,2013-08-19,CashAndCashEquivalentsAtCarryingValue,2026-08-27
EQIX,debt,2013-06-30,3171544000,2013-08-19,LongTermDebt,2026-08-27
EQIX,equity,2013-06-30,2311875000,2013-08-19,StockholdersEquity,2026-08-27
EQIX,grossProfit,2013-06-30,261762000,2013-08-19,GrossProfit,2026-08-27
EQIX,liabilities,2013-06-30,4669360000,2013-08-19,Liabilities,2026-08-27
EQIX,netIncome,2013-06-30,-25816000,2013-08-19,NetIncomeLoss,2026-08-27
EQIX,operatingIncome,2013-06-30,115963000,2013-08-19,OperatingIncomeLoss,2026-08-27
EQIX,receivables,2013-06-30,201336000,2013-08-19,AccountsReceivableNetCurrent,2026-08-27
EQIX,revenue,2013-06-30,528871000,2013-08-19,Revenues,2026-08-27
EQT,assets,2013-06-30,9054275000,2013-08-19,Assets,2026-08-27
EQT,capex,2013-06-30,485323000,2013-08-19,PaymentsToAcquireProductiveAssets,2026-08-27
EQT,cash,2013-06-30,16700000,2013-08-19,CashAndCashEquivalentsAtCarryingValue,2026-08-27
EQT,debt,2013-06-30,2499074000,2013-08-19,LongTermDebtNoncurrent,2026-08-27
EQT,equity,2013-06-30,3811076000,2013-08-19,StockholdersEquity,2026-08-27
EQT,liabilities,2013-06-30,4952050000,2013-08-19,Liabilities,2026-08-27
EQT,operatingIncome,2013-06-30,161980000,2013-08-19,OperatingIncomeLoss,2026-08-27
EQT,receivables,2013-06-30,237372000,2013-08-19,AccountsReceivableNetCurrent,2026-08-27
ERIE,assets,2013-06-30,15879000000,2013-08-19,Assets,2026-08-27
ERIE,cash,2013-06-30,365000000,2013-08-19,CashAndCashEquivalentsAtCarryingValue,2026-08-27
ERIE,equity,2013-06-30,647000000,2013-08-19,StockholdersEquity,2026-08-27
ERIE,liabilities,2013-06-30,8911000000,2013-08-19,Liabilities,2026-08-27
ERIE,netIncome,2013-06-30,44000000,2013-08-19,NetIncomeLoss,2026-08-27
ERIE,revenue,2013-06-30,1426000000,2013-08-19,Revenues,2026-08-27
ES,assets,2013-06-30,28196892000,2013-08-19,Assets,2026-08-27
ES,debt,2013-06-30,7651396000,2013-08-19,LongTermDebtNoncurrent,2026-08-27
ES,equity,2013-06-30,9406612000,2013-08-19,StockholdersEquity,2026-08-27
ES,netIncome,2013-06-30,173100000,2013-08-19,NetIncomeLoss,2026-08-27
ES,operatingIncome,2013-06-30,350600000,2013-08-19,OperatingIncomeLoss,2026-08-27
ES,receivables,2013-06-30,789410000,2013-08-19,AccountsReceivableNetCurrent,2026-08-27
ES,revenue,2013-06-30,1635900000,2013-08-19,Revenues,2026-08-27
ESS,assets,2013-06-30,5058998000,2013-08-19,Assets,2026-08-27
ESS,cash,2013-06-30,20217000,2013-08-19,CashAndCashEquivalentsAtCarryingValue,2026-08-27
ESS,equity,2013-06-30,1858155000,2013-08-19,StockholdersEquity,2026-08-27
ESS,liabilities,2013-06-30,3084605000,2013-08-19,Liabilities,2026-08-27
ESS,netIncome,2013-06-30,26314000,2013-08-19,NetIncomeLoss,2026-08-27
ESS,operatingIncome,2013-06-30,48089000,2013-08-19,OperatingIncomeLoss,2026-08-27
ESS,revenue,2013-06-30,150815000,2013-08-19,SalesRevenueNet,2026-08-27
ESS,shares,2013-06-30,37317622000,2013-08-19,CommonStockSharesOutstanding,2026-08-27
ETN,assets,2013-06-30,35257000000,2013-08-19,Assets,2026-08-27
ETN,cash,2013-06-30,628000000,2013-08-19,CashAndCashEquivalentsAtCarryingValue,2026-08-27
ETN,debt,2013-06-30,9644000000,2013-08-19,LongTermDebt,2026-08-27
ETN,equity,2013-06-30,15388000000,2013-08-19,StockholdersEquity,2026-08-27
ETN,inventory,2013-06-30,2405000000,2013-08-19,InventoryNet,2026-08-27
ETN,operatingIncome,2013-06-30,842000000,2013-08-19,OperatingIncomeLoss,2026-08-27
ETN,revenue,2013-06-30,5602000000,2013-08-19,SalesRevenueNet,2026-08-27
ETN,rnd,2013-06-30,161000000,2013-08-19,ResearchAndDevelopmentExpense,2026-08-27
ETR,assets,2013-06-30,43262285000,2013-08-19,Assets,2026-08-27
ETR,cash,2013-06-30,311372000,2013-08-19,CashAndCashEquivalentsAtCarryingValue,2026-08-27
ETR,debt,2013-06-30,12094752000,2013-08-19,LongTermDebtNoncurrent,2026-08-27
ETR,equity,2013-06-30,9274517000,2013-08-19,StockholdersEquity,2026-08-27
ETR,netIncome,2013-06-30,163723000,2013-08-19,NetIncomeLoss,2026-08-27
ETR,operatingIncome,2013-06-30,346512000,2013-08-19,OperatingIncomeLoss,2026-08-27
ETR,receivables,2013-06-30,1222433000,2013-08-19,AccountsReceivableNetCurrent,2026-08-27
ETR,revenue,2013-06-30,2738208000,2013-08-19,Revenues,2026-08-27
EW,assets,2013-06-30,2339700000,2013-08-19,Assets,2026-08-27
EW,cash,2013-06-30,372700000,2013-08-19,CashAndCashEquivalentsAtCarryingValue,2026-08-27
EW,equity,2013-06-30,1579800000,2013-08-19,StockholdersEquity,2026-08-27
EW,grossProfit,2013-06-30,393600000,2013-08-19,GrossProfit,2026-08-27
EW,inventory,2013-06-30,299500000,2013-08-19,InventoryNet,2026-08-27
EW,revenue,2013-06-30,517200000,2013-08-19,SalesRevenueNet,2026-08-27
EW,rnd,2013-06-30,80500000,2013-08-19,ResearchAndDevelopmentExpense,2026-08-27
EW,shares,2013-06-30,112200000,2013-08-19,CommonStockSharesOutstanding,2026-08-27
EXC,assets,2013-06-30,78420000000,2013-08-19,Assets,2026-08-27
EXC,cash,2013-06-30,991000000,2013-08-19,CashAndCashEquivalentsAtCarryingValue,2026-08-27
EXC,debt,2013-06-30,16121000000,2013-08-19,LongTermDebtNoncurrent,2026-08-27
EXC,equity,2013-06-30,21353000000,2013-08-19,StockholdersEquity,2026-08-27
EXC,liabilities,2013-06-30,56832000000,2013-08-19,Liabilities,2026-08-27
EXC,operatingIncome,2013-06-30,1005000000,2013-08-19,OperatingIncomeLoss,2026-08-27
EXC,receivables,2013-06-30,2609000000,2013-08-19,AccountsReceivableNetCurrent,2026-08-27
EXC,revenue,2013-06-30,6141000000,2013-08-19,Revenues,2026-08-27
EXC,shares,2013-06-30,856563385,2013-08-19,CommonStockSharesOutstanding,2026-08-27
EXE,assets,2013-06-30,42145000000,2013-08-19,Assets,2026-08-27
EXE,cash,2013-06-30,677000000,2013-08-19,CashAndCashEquivalentsAtCarryingValue,2026-08-27
EXE,debt,2013-06-30,13057000000,2013-08-19,LongTermDebtNoncurrent,2026-08-27
EXE,equity,2013-06-30,16035000000,2013-08-19,StockholdersEquity,2026-08-27
EXE,netIncome,2013-06-30,580000000,2013-08-19,NetIncomeLoss,2026-08-27
EXE,operatingIncome,2013-06-30,1167000000,2013-08-19,OperatingIncomeLoss,2026-08-27
EXE,receivables,2013-06-30,2417000000,2013-08-19,AccountsReceivableNetCurrent,2026-08-27
EXE,revenue,2013-06-30,4675000000,2013-08-19,Revenues,2026-08-27
EXPD,assets,2013-06-30,3063665000,2013-08-19,Assets,2026-08-27
EXPD,buybacks,2013-06-30,21600000,2013-08-19,PaymentsForRepurchaseOfCommonStock,2026-08-27
EXPD,capex,2013-06-30,17141000,2013-08-19,PaymentsToAcquireProductiveAssets,2026-08-27
EXPD,cash,2013-06-30,1286109000,2013-08-19,CashAndCashEquivalentsAtCarryingValue,2026-08-27
EXPD,equity,2013-06-30,2119841000,2013-08-19,StockholdersEquity,2026-08-27
EXPD,netIncome,2013-06-30,92315000,2013-08-19,NetIncomeLoss,2026-08-27
EXPD,operatingCashFlow,2013-06-30,84026000,2013-08-19,NetCashProvidedByUsedInOperatingActivities,2026-08-27
EXPD,operatingIncome,2013-06-30,143579000,2013-08-19,OperatingIncomeLoss,2026-08-27
EXPD,receivables,2013-06-30,1018337000,2013-08-19,AccountsReceivableNetCurrent,2026-08-27
EXPD,revenue,2013-06-30,1503224000,2013-08-19,Revenues,2026-08-27
EXPD,shares,2013-06-30,206321425,2013-08-19,CommonStockSharesOutstanding,2026-08-27
EXPE,assets,2013-06-30,8744096000,2013-08-19,Assets,2026-08-27
EXPE,cash,2013-06-30,1311817000,2013-08-19,CashAndCashEquivalentsAtCarryingValue,2026-08-27
EXPE,debt,2013-06-30,1249378000,2013-08-19,LongTermDebtNoncurrent,2026-08-27
EXPE,equity,2013-06-30,2227804000,2013-08-19,StockholdersEquity,2026-08-27
EXPE,netIncome,2013-06-30,71500000,2013-08-19,NetIncomeLoss,2026-08-27
EXPE,operatingIncome,2013-06-30,94286000,2013-08-19,OperatingIncomeLoss,2026-08-27
EXPE,receivables,2013-06-30,684875000,2013-08-19,AccountsReceivableNetCurrent,2026-08-27
EXPE,revenue,2013-06-30,1205017000,2013-08-19,SalesRevenueNet,2026-08-27
EXR,assets,2013-06-30,3432616000,2013-08-19,Assets,2026-08-27
EXR,cash,2013-06-30,206932000,2013-08-19,CashAndCashEquivalentsAtCarryingValue,2026-08-27
EXR,equity,2013-06-30,1530406000,2013-08-19,StockholdersEquity,2026-08-27
EXR,liabilities,2013-06-30,1842825000,2013-08-19,Liabilities,2026-08-27
EXR,netIncome,2013-06-30,34466000,2013-08-19,NetIncomeLoss,2026-08-27
EXR,operatingIncome,2013-06-30,53375000,2013-08-19,OperatingIncomeLoss,2026-08-27
EXR,shares,2013-06-30,111223460,2013-08-19,CommonStockSharesOutstanding,2026-08-27
F,assets,2013-06-30,195004000000,2013-08-19,Assets,2026-08-27
F,cash,2013-06-30,13362000000,2013-08-19,CashAndCashEquivalentsAtCarryingValue,2026-08-27
F,equity,2013-06-30,18880000000,2013-08-19,StockholdersEquity,2026-08-27
F,inventory,2013-06-30,8192000000,2013-08-19,InventoryNet,2026-08-27
F,liabilities,2013-06-30,176661000000,2013-08-19,Liabilities,2026-08-27
F,netIncome,2013-06-30,1233000000,2013-08-19,NetIncomeLoss,2026-08-27
F,revenue,2013-06-30,37923000000,2013-08-19,Revenues,2026-08-27
FANG,assets,2013-06-30,798639000,2013-08-19,Assets,2026-08-27
FANG,cash,2013-06-30,81898000,2013-08-19,CashAndCashEquivalentsAtCarryingValue,2026-08-27
FANG,equity,2013-06-30,627609000,2013-08-19,StockholdersEquity,2026-08-27
FANG,inventory,2013-06-30,6271000,2013-08-19,InventoryNet,2026-08-27
FANG,liabilities,2013-06-30,171030000,2013-08-19,Liabilities,2026-08-27
FANG,netIncome,2013-06-30,14471000,2013-08-19,NetIncomeLoss,2026-08-27
FANG,operatingIncome,2013-06-30,19383000,2013-08-19,OperatingIncomeLoss,2026-08-27
FANG,shares,2013-06-30,42161532,2013-08-19,CommonStockSharesOutstanding,2026-08-27
FAST,assets,2013-06-30,1993443000,2013-08-19,Assets,2026-08-27
FAST,cash,2013-06-30,122853000,2013-08-19,CashAndCashEquivalentsAtCarryingValue,2026-08-27
FAST,equity,2013-06-30,1706052000,2013-08-19,StockholdersEquity,2026-08-27
FAST,grossProfit,2013-06-30,442721000,2013-08-19,GrossProfit,2026-08-27
FAST,inventory,2013-06-30,725107000,2013-08-19,InventoryNet,2026-08-27
FAST,netIncome,2013-06-30,121009000,2013-08-19,NetIncomeLoss,2026-08-27
FAST,operatingIncome,2013-06-30,192214000,2013-08-19,OperatingIncomeLoss,2026-08-27
FAST,receivables,2013-06-30,436452000,2013-08-19,AccountsReceivableNetCurrent,2026-08-27
FAST,revenue,2013-06-30,847596000,2013-08-19,SalesRevenueNet,2026-08-27
FAST,shares,2013-06-30,296860119,2013-08-19,CommonStockSharesOutstanding,2026-08-27
FCX,assets,2013-06-30,63157000000,2013-08-19,Assets,2026-08-27
FCX,capex,2013-06-30,1173000000,2013-08-19,PaymentsToAcquireProductiveAssets,2026-08-27
FCX,cash,2013-06-30,3294000000,2013-08-19,CashAndCashEquivalentsAtCarryingValue,2026-08-27
FCX,debt,2013-06-30,21142000000,2013-08-19,LongTermDebtNoncurrent,2026-08-27
FCX,equity,2013-06-30,19878000000,2013-08-19,StockholdersEquity,2026-08-27
FCX,inventory,2013-06-30,4946000000,2013-08-19,InventoryNet,2026-08-27
FCX,liabilities,2013-06-30,38508000000,2013-08-19,Liabilities,2026-08-27
FCX,operatingIncome,2013-06-30,639000000,2013-08-19,OperatingIncomeLoss,2026-08-27
FCX,receivables,2013-06-30,1244000000,2013-08-19,AccountsReceivableNetCurrent,2026-08-27
FCX,revenue,2013-06-30,4288000000,2013-08-19,SalesRevenueNet,2026-08-27
FDS,assets,2013-05-31,735330000,2013-07-20,Assets,2026-08-27
FDS,capex,2013-05-31,4204000,2013-07-20,PaymentsToAcquirePropertyPlantAndEquipment,2026-08-27
FDS,cash,2013-05-31,242839000,2013-07-20,CashAndCashEquivalentsAtCarryingValue,2026-08-27
FDS,equity,2013-05-31,603289000,2013-07-20,StockholdersEquity,2026-08-27
FDS,liabilities,2013-05-31,132041000,2013-07-20,Liabilities,2026-08-27
FDS,netIncome,2013-05-31,53367000,2013-07-20,NetIncomeLoss,2026-08-27
FDS,operatingIncome,2013-05-31,71637000,2013-07-20,OperatingIncomeLoss,2026-08-27
FDS,receivables,2013-05-31,69143000,2013-07-20,AccountsReceivableNetCurrent,2026-08-27
FDS,revenue,2013-05-31,214613000,2013-07-20,Revenues,2026-08-27
FDS,shares,2013-05-31,44038000,2013-07-20,CommonStockSharesOutstanding,2026-08-27
FDX,assets,2013-05-31,33567000000,2013-07-20,Assets,2026-08-27
FDX,cash,2013-05-31,4917000000,2013-07-20,CashAndCashEquivalentsAtCarryingValue,2026-08-27
FDX,debt,2013-05-31,3000000000,2013-07-20,LongTermDebt,2026-08-27
FDX,equity,2013-05-31,17398000000,2013-07-20,StockholdersEquity,2026-08-27
FDX,netIncome,2013-05-31,303000000,2013-07-20,NetIncomeLoss,2026-08-27
FDX,operatingIncome,2013-05-31,502000000,2013-07-20,OperatingIncomeLoss,2026-08-27
FDX,revenue,2013-05-31,11435000000,2013-07-20,Revenues,2026-08-27
FE,assets,2013-06-30,50157000000,2013-08-19,Assets,2026-08-27
FE,capex,2013-06-30,586000000,2013-08-19,PaymentsToAcquireProductiveAssets,2026-08-27
FE,cash,2013-06-30,71000000,2013-08-19,CashAndCashEquivalentsAtCarryingValue,2026-08-27
FE,equity,2013-06-30,12799000000,2013-08-19,StockholdersEquity,2026-08-27
FE,inventory,2013-06-30,806000000,2013-08-19,InventoryNet,2026-08-27
FE,netIncome,2013-06-30,-164000000,2013-08-19,NetIncomeLoss,2026-08-27
FE,operatingIncome,2013-06-30,54000000,2013-08-19,OperatingIncomeLoss,2026-08-27
FE,receivables,2013-06-30,1646000000,2013-08-19,AccountsReceivableNetCurrent,2026-08-27
FE,revenue,2013-06-30,3507000000,2013-08-19,Revenues,2026-08-27
FE,shares,2013-06-30,418216437,2013-08-19,CommonStockSharesOutstanding,2026-08-27
FFIV,assets,2013-06-30,2147803000,2013-08-19,Assets,2026-08-27
FFIV,cash,2013-06-30,198280000,2013-08-19,CashAndCashEquivalentsAtCarryingValue,2026-08-27
FFIV,grossProfit,2013-06-30,305385000,2013-08-19,GrossProfit,2026-08-27
FFIV,inventory,2013-06-30,18260000,2013-08-19,InventoryNet,2026-08-27
FFIV,netIncome,2013-06-30,68178000,2013-08-19,NetIncomeLoss,2026-08-27
FFIV,operatingIncome,2013-06-30,104077000,2013-08-19,OperatingIncomeLoss,2026-08-27
FFIV,receivables,2013-06-30,205138000,2013-08-19,AccountsReceivableNetCurrent,2026-08-27
FFIV,revenue,2013-06-30,370302000,2013-08-19,SalesRevenueNet,2026-08-27
FFIV,rnd,2013-06-30,54075000,2013-08-19,ResearchAndDevelopmentExpense,2026-08-27
FFIV,shares,2013-06-30,78305000,2013-08-19,CommonStockSharesOutstanding,2026-08-27
FICO,assets,2013-06-30,1164143000,2013-08-19,Assets,2026-08-27
FICO,cash,2013-06-30,93019000,2013-08-19,CashAndCashEquivalentsAtCarryingValue,2026-08-27
FICO,equity,2013-06-30,515237000,2013-08-19,StockholdersEquity,2026-08-27
FICO,grossProfit,2013-06-30,126117000,2013-08-19,GrossProfit,2026-08-27
FICO,liabilities,2013-06-30,648906000,2013-08-19,Liabilities,2026-08-27
FICO,netIncome,2013-06-30,19622000,2013-08-19,NetIncomeLoss,2026-08-27
FICO,operatingIncome,2013-06-30,35208000,2013-08-19,OperatingIncomeLoss,2026-08-27
FICO,receivables,2013-06-30,132717000,2013-08-19,AccountsReceivableNetCurrent,2026-08-27
FICO,revenue,2013-06-30,183772000,2013-08-19,SalesRevenueNet,2026-08-27
FICO,rnd,2013-06-30,18570000,2013-08-19,ResearchAndDevelopmentExpense,2026-08-27
FICO,shares,2013-06-30,35178000,2013-08-19,CommonStockSharesOutstanding,2026-08-27
FIS,assets,2013-06-30,13750100000,2013-08-19,Assets,2026-08-27
FIS,capex,2013-06-30,83500000,2013-08-19,PaymentsToAcquireProductiveAssets,2026-08-27
FIS,cash,2013-06-30,653100000,2013-08-19,CashAndCashEquivalentsAtCarryingValue,2026-08-27
FIS,debt,2013-06-30,4672700000,2013-08-19,LongTermDebtNoncurrent,2026-08-27
FIS,equity,2013-06-30,6598600000,2013-08-19,StockholdersEquity,2026-08-27
FIS,grossProfit,2013-06-30,481300000,2013-08-19,GrossProfit,2026-08-27
FIS,liabilities,2013-06-30,6999900000,2013-08-19,Liabilities,2026-08-27
FIS,netIncome,2013-06-30,104800000,2013-08-19,NetIncomeLoss,2026-08-27
FIS,operatingIncome,2013-06-30,248700000,2013-08-19,OperatingIncomeLoss,2026-08-27
FIS,receivables,2013-06-30,948500000,2013-08-19,AccountsReceivableNetCurrent,2026-08-27
FISV,assets,2013-06-30,9434000000,2013-08-19,Assets,2026-08-27
FISV,cash,2013-06-30,320000000,2013-08-19,CashAndCashEquivalentsAtCarryingValue,2026-08-27
FISV,equity,2013-06-30,3463000000,2013-08-19,StockholdersEquity,2026-08-27
FISV,liabilities,2013-06-30,5971000000,2013-08-19,Liabilities,2026-08-27
FISV,netIncome,2013-06-30,151000000,2013-08-19,NetIncomeLoss,2026-08-27
FISV,operatingIncome,2013-06-30,273000000,2013-08-19,OperatingIncomeLoss,2026-08-27
FISV,receivables,2013-06-30,691000000,2013-08-19,AccountsReceivableNetCurrent,2026-08-27
FISV,revenue,2013-06-30,1198000000,2013-08-19,Revenues,2026-08-27
FITB,assets,2013-06-30,123360000000,2013-08-19,Assets,2026-08-27
FITB,debt,2013-06-30,6940000000,2013-08-19,LongTermDebt,2026-08-27
FITB,equity,2013-06-30,14239000000,2013-08-19,StockholdersEquity,2026-08-27
FITB,liabilities,2013-06-30,109083000000,2013-08-19,Liabilities,2026-08-27
FITB,netIncome,2013-06-30,591000000,2013-08-19,NetIncomeLoss,2026-08-27
FITB,shares,2013-06-30,851473955.42,2013-08-19,CommonStockSharesOutstanding,2026-08-27
FIX,assets,2013-06-30,595246000,2013-08-19,Assets,2026-08-27
FIX,buybacks,2013-06-30,510000,2013-08-19,PaymentsForRepurchaseOfCommonStock,2026-08-27
FIX,capex,2013-06-30,4029000,2013-08-19,PaymentsToAcquirePropertyPlantAndEquipment,2026-08-27
FIX,cash,2013-06-30,23346000,2013-08-19,CashAndCashEquivalentsAtCarryingValue,2026-08-27
FIX,debt,2013-06-30,2100000,2013-08-19,LongTermDebtNoncurrent,2026-08-27
FIX,equity,2013-06-30,278538000,2013-08-19,StockholdersEquity,2026-08-27
FIX,grossProfit,2013-06-30,59967000,2013-08-19,GrossProfit,2026-08-27
FIX,inventory,2013-06-30,9651000,2013-08-19,InventoryNet,2026-08-27
FIX,liabilities,2013-06-30,299092000,2013-08-19,Liabilities,2026-08-27
FIX,operatingCashFlow,2013-06-30,6700000,2013-08-19,NetCashProvidedByUsedInOperatingActivities,2026-08-27
FIX,operatingIncome,2013-06-30,14379000,2013-08-19,OperatingIncomeLoss,2026-08-27
FIX,receivables,2013-06-30,291828000,2013-08-19,AccountsReceivableNetCurrent,2026-08-27
FIX,revenue,2013-06-30,351053000,2013-08-19,SalesRevenueNet,2026-08-27
FLEX,assets,2013-06-28,11168924000,2013-08-17,Assets,2026-08-27
FLEX,buybacks,2013-06-28,215210000,2013-08-17,PaymentsForRepurchaseOfCommonStock,2026-08-27
FLEX,capex,2013-06-28,144737000,2013-08-17,PaymentsToAcquirePropertyPlantAndEquipment,2026-08-27
FLEX,cash,2013-06-28,1279574000,2013-08-17,CashAndCashEquivalentsAtCarryingValue,2026-08-27
FLEX,debt,2013-06-28,1650536000,2013-08-17,LongTermDebtNoncurrent,2026-08-27
FLEX,equity,2013-06-28,2088608000,2013-08-17,StockholdersEquity,2026-08-27
FLEX,grossProfit,2013-06-29,311035000,2013-08-18,GrossProfit,2026-08-27
FLEX,inventory,2013-06-28,3152397000,2013-08-17,InventoryNet,2026-08-27
FLEX,netIncome,2013-06-29,59257000,2013-08-18,NetIncomeLoss,2026-08-27
FLEX,operatingCashFlow,2013-06-28,198576000,2013-08-17,NetCashProvidedByUsedInOperatingActivities,2026-08-27
FLEX,receivables,2013-06-28,2480022000,2013-08-17,AccountsReceivableNetCurrent,2026-08-27
FLEX,revenue,2013-06-29,5791125000,2013-08-18,SalesRevenueNet,2026-08-27
FLEX,shares,2013-06-28,617359055,2013-08-17,CommonStockSharesOutstanding,2026-08-27
FRT,assets,2013-06-30,4085203000,2013-08-19,Assets,2026-08-27
FRT,cash,2013-06-30,108366000,2013-08-19,CashAndCashEquivalentsAtCarryingValue,2026-08-27
FRT,equity,2013-06-30,1360717000,2013-08-19,StockholdersEquity,2026-08-27
FRT,liabilities,2013-06-30,2607266000,2013-08-19,Liabilities,2026-08-27
FRT,netIncome,2013-06-30,37539000,2013-08-19,NetIncomeLoss,2026-08-27
FRT,operatingIncome,2013-06-30,63488000,2013-08-19,OperatingIncomeLoss,2026-08-27
FRT,revenue,2013-06-30,157388000,2013-08-19,Revenues,2026-08-27
FRT,shares,2013-06-30,65687234,2013-08-19,CommonStockSharesOutstanding,2026-08-27
FSLR,assets,2013-06-30,6868126000,2013-08-19,Assets,2026-08-27
FSLR,cash,2013-06-30,928657000,2013-08-19,CashAndCashEquivalentsAtCarryingValue,2026-08-27
FSLR,debt,2013-06-30,255764000,2013-08-19,LongTermDebt,2026-08-27
FSLR,grossProfit,2013-06-30,140098000,2013-08-19,GrossProfit,2026-08-27
FSLR,inventory,2013-06-30,334261000,2013-08-19,InventoryNet,2026-08-27
FSLR,liabilities,2013-06-30,2711388000,2013-08-19,Liabilities,2026-08-27
FSLR,netIncome,2013-06-30,33598000,2013-08-19,NetIncomeLoss,2026-08-27
FSLR,operatingIncome,2013-06-30,39096000,2013-08-19,OperatingIncomeLoss,2026-08-27
FSLR,receivables,2013-06-30,192580000,2013-08-19,AccountsReceivableNetCurrent,2026-08-27
FSLR,revenue,2013-06-30,519760000,2013-08-19,SalesRevenueNet,2026-08-27
FSLR,rnd,2013-06-30,30964000,2013-08-19,ResearchAndDevelopmentExpense,2026-08-27
FSLR,shares,2013-06-30,97629891,2013-08-19,CommonStockSharesOutstanding,2026-08-27
FTNT,assets,2013-06-30,1085746000,2013-08-19,Assets,2026-08-27
FTNT,cash,2013-06-30,123468000,2013-08-19,CashAndCashEquivalentsAtCarryingValue,2026-08-27
FTNT,equity,2013-06-30,567185000,2013-08-19,StockholdersEquity,2026-08-27
FTNT,grossProfit,2013-06-30,103720000,2013-08-19,GrossProfit,2026-08-27
FTNT,inventory,2013-06-30,33317000,2013-08-19,InventoryNet,2026-08-27
FTNT,liabilities,2013-06-30,518561000,2013-08-19,Liabilities,2026-08-27
FTNT,netIncome,2013-06-30,8979000,2013-08-19,NetIncomeLoss,2026-08-27
FTNT,operatingIncome,2013-06-30,13777000,2013-08-19,OperatingIncomeLoss,2026-08-27
FTNT,receivables,2013-06-30,108907000,2013-08-19,AccountsReceivableNetCurrent,2026-08-27
FTNT,revenue,2013-06-30,147428000,2013-08-19,SalesRevenueNet,2026-08-27
FTNT,rnd,2013-06-30,25158000,2013-08-19,ResearchAndDevelopmentExpense,2026-08-27
FTNT,shares,2013-06-30,162364000,2013-08-19,CommonStockSharesOutstanding,2026-08-27
GD,assets,2013-06-30,34731000000,2013-08-19,Assets,2026-08-27
GD,cash,2013-06-30,3757000000,2013-08-19,CashAndCashEquivalentsAtCarryingValue,2026-08-27
GD,debt,2013-06-30,3907000000,2013-08-19,LongTermDebtNoncurrent,2026-08-27
GD,equity,2013-06-30,11756000000,2013-08-19,StockholdersEquity,2026-08-27
GD,inventory,2013-06-30,2935000000,2013-08-19,InventoryNet,2026-08-27
GD,netIncome,2013-06-30,640000000,2013-08-19,NetIncomeLoss,2026-08-27
GD,operatingIncome,2013-06-30,961000000,2013-08-19,OperatingIncomeLoss,2026-08-27
GD,receivables,2013-06-30,4289000000,2013-08-19,AccountsReceivableNetCurrent,2026-08-27
GD,revenue,2013-06-30,7834000000,2013-08-19,Revenues,2026-08-27
GE,assets,2013-06-30,660541000000,2013-08-19,Assets,2026-08-27
GE,equity,2013-06-30,122509000000,2013-08-19,StockholdersEquity,2026-08-27
GE,inventory,2013-06-30,16762000000,2013-08-19,InventoryNet,2026-08-27
GE,liabilities,2013-06-30,531730000000,2013-08-19,Liabilities,2026-08-27
GE,netIncome,2013-06-30,3133000000,2013-08-19,NetIncomeLoss,2026-08-27
GE,operatingIncome,2013-06-30,5628000000,2013-08-19,OperatingIncomeLoss,2026-08-27
GE,receivables,2013-06-30,20181000000,2013-08-19,AccountsReceivableNetCurrent,2026-08-27
GE,revenue,2013-06-30,35059000000,2013-08-19,Revenues,2026-08-27
GE,shares,2013-06-30,10183781000,2013-08-19,CommonStockSharesOutstanding,2026-08-27
GEN,assets,2013-06-28,13151000000,2013-08-17,Assets,2026-08-27
GEN,buybacks,2013-06-28,125000000,2013-08-17,PaymentsForRepurchaseOfCommonStock,2026-08-27
GEN,capex,2013-06-28,61000000,2013-08-17,PaymentsToAcquirePropertyPlantAndEquipment,2026-08-27
GEN,cash,2013-06-28,3749000000,2013-08-17,CashAndCashEquivalentsAtCarryingValue,2026-08-27
GEN,debt,2013-06-28,2094000000,2013-08-17,LongTermDebtNoncurrent,2026-08-27
GEN,grossProfit,2013-06-28,1409000000,2013-08-17,GrossProfit,2026-08-27
GEN,inventory,2013-06-28,17000000,2013-08-17,InventoryNet,2026-08-27
GEN,liabilities,2013-06-28,7654000000,2013-08-17,Liabilities,2026-08-27
GEN,netIncome,2013-06-28,157000000,2013-08-17,NetIncomeLoss,2026-08-27
GEN,operatingCashFlow,2013-06-28,312000000,2013-08-17,NetCashProvidedByUsedInOperatingActivities,2026-08-27
GEN,operatingIncome,2013-06-28,224000000,2013-08-17,OperatingIncomeLoss,2026-08-27
GEN,receivables,2013-06-28,744000000,2013-08-17,AccountsReceivableNetCurrent,2026-08-27
GEN,revenue,2013-06-28,1709000000,2013-08-17,Revenues,2026-08-27
GEN,rnd,2013-06-28,262000000,2013-08-17,ResearchAndDevelopmentExpense,2026-08-27
GILD,assets,2013-06-30,22624374000,2013-08-19,Assets,2026-08-27
GILD,cash,2013-06-30,2202176000,2013-08-19,CashAndCashEquivalentsAtCarryingValue,2026-08-27
GILD,debt,2013-06-30,5849552000,2013-08-19,LongTermDebtNoncurrent,2026-08-27
GILD,equity,2013-06-30,11092000000,2013-08-19,StockholdersEquity,2026-08-27
GILD,grossProfit,2013-06-30,1973000000,2013-08-19,GrossProfit,2026-08-27
GILD,inventory,2013-06-30,1935147000,2013-08-19,InventoryNet,2026-08-27
GILD,netIncome,2013-06-30,773000000,2013-08-19,NetIncomeLoss,2026-08-27
GILD,operatingIncome,2013-06-30,1153838000,2013-08-19,OperatingIncomeLoss,2026-08-27
GILD,receivables,2013-06-30,1895913000,2013-08-19,AccountsReceivableNetCurrent,2026-08-27
GILD,revenue,2013-06-30,2767394000,2013-08-19,Revenues,2026-08-27
GILD,rnd,2013-06-30,523902000,2013-08-19,ResearchAndDevelopmentExpense,2026-08-27
GILD,shares,2013-06-30,1528890000,2013-08-19,CommonStockSharesOutstanding,2026-08-27
GIS,assets,2013-05-26,22658000000,2013-07-15,Assets,2026-08-27
GIS,cash,2013-05-26,741400000,2013-07-15,CashAndCashEquivalentsAtCarryingValue,2026-08-27
GIS,debt,2013-05-26,5926100000,2013-07-15,LongTermDebtNoncurrent,2026-08-27
GIS,equity,2013-05-26,6672200000,2013-07-15,StockholdersEquity,2026-08-27
GIS,grossProfit,2013-05-26,1530600000,2013-07-15,GrossProfit,2026-08-27
GIS,inventory,2013-05-26,1545500000,2013-07-15,InventoryNet,2026-08-27
GIS,liabilities,2013-05-26,14562000000,2013-07-15,Liabilities,2026-08-27
GIS,netIncome,2013-05-26,366300000,2013-07-15,NetIncomeLoss,2026-08-27
GL,assets,2013-06-30,18141273000,2013-08-19,Assets,2026-08-27
GL,cash,2013-06-30,44937000,2013-08-19,CashAndCashEquivalentsAtCarryingValue,2026-08-27
GL,debt,2013-06-30,990270000,2013-08-19,LongTermDebtNoncurrent,2026-08-27
GL,equity,2013-06-30,3822286000,2013-08-19,StockholdersEquity,2026-08-27
GL,liabilities,2013-06-30,14318987000,2013-08-19,Liabilities,2026-08-27
GL,netIncome,2013-06-30,133901000,2013-08-19,NetIncomeLoss,2026-08-27
GL,revenue,2013-06-30,950339000,2013-08-19,Revenues,2026-08-27
GLW,assets,2013-06-30,28389000000,2013-08-19,Assets,2026-08-27
GLW,cash,2013-06-30,4601000000,2013-08-19,CashAndCashEquivalentsAtCarryingValue,2026-08-27
GLW,equity,2013-06-30,21378000000,2013-08-19,StockholdersEquity,2026-08-27
GLW,grossProfit,2013-06-30,883000000,2013-08-19,GrossProfit,2026-08-27
GLW,inventory,2013-06-30,1240000000,2013-08-19,InventoryNet,2026-08-27
GLW,liabilities,2013-06-30,6935000000,2013-08-19,Liabilities,2026-08-27
GLW,netIncome,2013-06-30,638000000,2013-08-19,NetIncomeLoss,2026-08-27
GLW,operatingIncome,2013-06-30,424000000,2013-08-19,OperatingIncomeLoss,2026-08-27
GLW,receivables,2013-06-30,1296000000,2013-08-19,AccountsReceivableNetCurrent,2026-08-27
GLW,rnd,2013-06-30,62000000,2013-08-19,ResearchAndDevelopmentExpense,2026-08-27
GM,assets,2013-06-30,163110000000,2013-08-19,Assets,2026-08-27
GM,cash,2013-06-30,19697000000,2013-08-19,CashAndCashEquivalentsAtCarryingValue,2026-08-27
GM,equity,2013-06-30,38374000000,2013-08-19,StockholdersEquity,2026-08-27
GM,inventory,2013-06-30,14777000000,2013-08-19,InventoryNet,2026-08-27
GM,liabilities,2013-06-30,124106000000,2013-08-19,Liabilities,2026-08-27
GM,netIncome,2013-06-30,1414000000,2013-08-19,NetIncomeLoss,2026-08-27
GM,operatingIncome,2013-06-30,1751000000,2013-08-19,OperatingIncomeLoss,2026-08-27
GM,revenue,2013-06-30,39075000000,2013-08-19,Revenues,2026-08-27
GM,shares,2013-06-30,1400000000,2013-08-19,CommonStockSharesOutstanding,2026-08-27
GNRC,assets,2013-06-30,1675367000,2013-08-19,Assets,2026-08-27
GNRC,cash,2013-06-30,126598000,2013-08-19,CashAndCashEquivalentsAtCarryingValue,2026-08-27
GNRC,debt,2013-06-30,1177329000,2013-08-19,LongTermDebtNoncurrent,2026-08-27
GNRC,equity,2013-06-30,205941000,2013-08-19,StockholdersEquity,2026-08-27
GNRC,grossProfit,2013-06-30,130953000,2013-08-19,GrossProfit,2026-08-27
GNRC,inventory,2013-06-30,287258000,2013-08-19,InventoryNet,2026-08-27
GNRC,liabilities,2013-06-30,1469426000,2013-08-19,Liabilities,2026-08-27
GNRC,netIncome,2013-06-30,28254000,2013-08-19,NetIncomeLoss,2026-08-27
GNRC,operatingIncome,2013-06-30,76433000,2013-08-19,OperatingIncomeLoss,2026-08-27
GNRC,revenue,2013-06-30,346688000,2013-08-19,SalesRevenueNet,2026-08-27
GNRC,rnd,2013-06-30,7064000,2013-08-19,ResearchAndDevelopmentExpense,2026-08-27
GPC,assets,2013-06-30,7660313000,2013-08-19,Assets,2026-08-27
GPC,cash,2013-06-30,196770000,2013-08-19,CashAndCashEquivalentsAtCarryingValue,2026-08-27
GPC,equity,2013-06-30,3076371000,2013-08-19,StockholdersEquity,2026-08-27
GPC,grossProfit,2013-06-30,1105108000,2013-08-19,GrossProfit,2026-08-27
GPC,inventory,2013-06-30,2799150000,2013-08-19,InventoryNet,2026-08-27
GPC,operatingIncome,2013-06-30,317262000,2013-08-19,OperatingIncomeLoss,2026-08-27
GPN,assets,2013-05-31,3125056000,2013-07-20,Assets,2026-08-27
GPN,cash,2013-05-31,680470000,2013-07-20,CashAndCashEquivalentsAtCarryingValue,2026-08-27
GPN,debt,2013-05-31,891134000,2013-07-20,LongTermDebtNoncurrent,2026-08-27
GPN,equity,2013-05-31,1146085000,2013-07-20,StockholdersEquity,2026-08-27
GPN,inventory,2013-05-31,11057000,2013-07-20,InventoryNet,2026-08-27
GPN,liabilities,2013-05-31,1838449000,2013-07-20,Liabilities,2026-08-27
GPN,netIncome,2013-05-31,40805000,2013-07-20,NetIncomeLoss,2026-08-27
GPN,operatingIncome,2013-05-31,69369000,2013-07-20,OperatingIncomeLoss,2026-08-27
GPN,receivables,2013-05-31,189435000,2013-07-20,AccountsReceivableNetCurrent,2026-08-27
GPN,revenue,2013-05-31,618352000,2013-07-20,Revenues,2026-08-27
GPN,shares,2013-05-31,75426099,2013-07-20,CommonStockSharesOutstanding,2026-08-27
GRMN,assets,2013-06-29,4599181000,2013-08-18,Assets,2026-08-27
GRMN,cash,2013-06-29,1083490000,2013-08-18,CashAndCashEquivalentsAtCarryingValue,2026-08-27
GRMN,equity,2013-06-29,3366357000,2013-08-18,StockholdersEquity,2026-08-27
GRMN,grossProfit,2013-06-29,383640000,2013-08-18,GrossProfit,2026-08-27
GRMN,inventory,2013-06-29,383492000,2013-08-18,InventoryNet,2026-08-27
GRMN,netIncome,2013-06-29,172491000,2013-08-18,NetIncomeLoss,2026-08-27
GRMN,operatingIncome,2013-06-29,169886000,2013-08-18,OperatingIncomeLoss,2026-08-27
GRMN,receivables,2013-06-29,484246000,2013-08-18,AccountsReceivableNetCurrent,2026-08-27
GRMN,revenue,2013-06-29,696563000,2013-08-18,SalesRevenueNet,2026-08-27
GRMN,rnd,2013-06-29,96232000,2013-08-18,ResearchAndDevelopmentExpense,2026-08-27
GRMN,shares,2013-06-29,195317390,2013-08-18,CommonStockSharesOutstanding,2026-08-27
GS,assets,2013-06-30,938456000000,2013-08-19,Assets,2026-08-27
GS,cash,2013-06-30,72398000000,2013-08-19,CashAndCashEquivalentsAtCarryingValue,2026-08-27
GS,debt,2013-06-30,169717000000,2013-08-19,LongTermDebtNoncurrent,2026-08-27
GS,equity,2013-06-30,78043000000,2013-08-19,StockholdersEquity,2026-08-27
GS,liabilities,2013-06-30,860413000000,2013-08-19,Liabilities,2026-08-27
GS,netIncome,2013-06-30,1931000000,2013-08-19,NetIncomeLoss,2026-08-27
GS,shares,2013-06-30,450480540,2013-08-19,CommonStockSharesOutstanding,2026-08-27
GWW,assets,2013-06-30,5030135000,2013-08-19,Assets,2026-08-27
GWW,cash,2013-06-30,488741000,2013-08-19,CashAndCashEquivalentsAtCarryingValue,2026-08-27
GWW,debt,2013-06-30,452449000,2013-08-19,LongTermDebtNoncurrent,2026-08-27
GWW,equity,2013-06-30,3164535000,2013-08-19,StockholdersEquity,2026-08-27
GWW,grossProfit,2013-06-30,1046984000,2013-08-19,GrossProfit,2026-08-27
GWW,inventory,2013-06-30,1221888000,2013-08-19,InventoryNet,2026-08-27
GWW,netIncome,2013-06-30,217660000,2013-08-19,NetIncomeLoss,2026-08-27
GWW,operatingIncome,2013-06-30,350072000,2013-08-19,OperatingIncomeLoss,2026-08-27
GWW,receivables,2013-06-30,1075592000,2013-08-19,AccountsReceivableNetCurrent,2026-08-27
GWW,revenue,2013-06-30,2381561000,2013-08-19,SalesRevenueNet,2026-08-27
HAL,assets,2013-06-30,27418000000,2013-08-19,Assets,2026-08-27
HAL,cash,2013-06-30,1412000000,2013-08-19,CashAndCashEquivalentsAtCarryingValue,2026-08-27
HAL,debt,2013-06-30,4820000000,2013-08-19,LongTermDebtNoncurrent,2026-08-27
HAL,equity,2013-06-30,15337000000,2013-08-19,StockholdersEquity,2026-08-27
HAL,inventory,2013-06-30,3341000000,2013-08-19,InventoryNet,2026-08-27
HAL,liabilities,2013-06-30,12053000000,2013-08-19,Liabilities,2026-08-27
HAL,netIncome,2013-06-30,644000000,2013-08-19,NetIncomeLoss,2026-08-27
HAL,operatingIncome,2013-06-30,984000000,2013-08-19,OperatingIncomeLoss,2026-08-27
HAL,revenue,2013-06-30,7317000000,2013-08-19,SalesRevenueNet,2026-08-27
HAS,assets,2013-06-30,4178299000,2013-08-19,Assets,2026-08-27
HAS,cash,2013-06-30,1022345000,2013-08-19,CashAndCashEquivalentsAtCarryingValue,2026-08-27
HAS,equity,2013-06-30,1456026000,2013-08-19,StockholdersEquity,2026-08-27
HAS,inventory,2013-06-30,359969000,2013-08-19,InventoryNet,2026-08-27
HAS,liabilities,2013-06-30,2722273000,2013-08-19,Liabilities,2026-08-27
HAS,netIncome,2013-06-30,36480000,2013-08-19,NetIncomeLoss,2026-08-27
HAS,operatingIncome,2013-06-30,74088000,2013-08-19,OperatingIncomeLoss,2026-08-27
HAS,receivables,2013-06-30,640503000,2013-08-19,AccountsReceivableNetCurrent,2026-08-27
HAS,revenue,2013-06-30,340176000,2013-08-19,Revenues,2026-08-27
HAS,rnd,2013-06-30,47904000,2013-08-19,ResearchAndDevelopmentExpense,2026-08-27
HBAN,assets,2013-06-30,56113687000,2013-08-19,Assets,2026-08-27
HBAN,cash,2013-06-30,993906000,2013-08-19,CashAndCashEquivalentsAtCarryingValue,2026-08-27
HBAN,equity,2013-06-30,5773647000,2013-08-19,StockholdersEquity,2026-08-27
HBAN,liabilities,2013-06-30,50330172000,2013-08-19,Liabilities,2026-08-27
HBAN,netIncome,2013-06-30,151000000,2013-08-19,NetIncomeLoss,2026-08-27
HBAN,shares,2013-06-30,829674914,2013-08-19,CommonStockSharesOutstanding,2026-08-27
HCA,assets,2013-06-30,27934000000,2013-08-19,Assets,2026-08-27
HCA,cash,2013-06-30,462000000,2013-08-19,CashAndCashEquivalentsAtCarryingValue,2026-08-27
HCA,debt,2013-06-30,26744000000,2013-08-19,LongTermDebtNoncurrent,2026-08-27
HCA,equity,2013-06-30,-8823000000,2013-08-19,StockholdersEquity,2026-08-27
HCA,inventory,2013-06-30,1152000000,2013-08-19,InventoryNet,2026-08-27
HCA,liabilities,2013-06-30,35419000000,2013-08-19,Liabilities,2026-08-27
HCA,netIncome,2013-06-30,423000000,2013-08-19,NetIncomeLoss,2026-08-27
HCA,receivables,2013-06-30,4915000000,2013-08-19,AccountsReceivableNetCurrent,2026-08-27
HCA,shares,2013-06-30,447066900,2013-08-19,CommonStockSharesOutstanding,2026-08-27
HD,assets,2013-05-05,44195000000,2013-06-24,Assets,2026-08-27
HD,buybacks,2013-05-05,2196000000,2013-06-24,PaymentsForRepurchaseOfCommonStock,2026-08-27
HD,capex,2013-05-05,278000000,2013-06-24,PaymentsToAcquireProductiveAssets,2026-08-27
HD,cash,2013-05-05,4337000000,2013-06-24,CashAndCashEquivalentsAtCarryingValue,2026-08-27
HD,equity,2013-05-05,16393000000,2013-06-24,StockholdersEquity,2026-08-27
HD,grossProfit,2013-05-05,6567000000,2013-06-24,GrossProfit,2026-08-27
HD,liabilities,2013-05-05,27802000000,2013-06-24,Liabilities,2026-08-27
HD,netIncome,2013-05-05,1226000000,2013-06-24,NetIncomeLoss,2026-08-27
HD,operatingCashFlow,2013-05-05,2697000000,2013-06-24,NetCashProvidedByUsedInOperatingActivities,2026-08-27
HD,operatingIncome,2013-05-05,2094000000,2013-06-24,OperatingIncomeLoss,2026-08-27
HD,receivables,2013-05-05,1658000000,2013-06-24,AccountsReceivableNetCurrent,2026-08-27
HD,revenue,2013-05-05,19124000000,2013-06-24,SalesRevenueNet,2026-08-27
HD,shares,2013-05-05,1461000000,2013-06-24,CommonStockSharesOutstanding,2026-08-27
HIG,assets,2013-06-30,294833000000,2013-08-19,Assets,2026-08-27
HIG,debt,2013-06-30,6105000000,2013-08-19,LongTermDebtNoncurrent,2026-08-27
HIG,equity,2013-06-30,19013000000,2013-08-19,StockholdersEquity,2026-08-27
HIG,liabilities,2013-06-30,275820000000,2013-08-19,Liabilities,2026-08-27
HIG,netIncome,2013-06-30,-190000000,2013-08-19,NetIncomeLoss,2026-08-27
HIG,revenue,2013-06-30,4734000000,2013-08-19,Revenues,2026-08-27
HII,assets,2013-06-30,6047000000,2013-08-19,Assets,2026-08-27
HII,cash,2013-06-30,623000000,2013-08-19,CashAndCashEquivalentsAtCarryingValue,2026-08-27
HII,debt,2013-06-30,1765000000,2013-08-19,LongTermDebtNoncurrent,2026-08-27
HII,equity,2013-06-30,873000000,2013-08-19,StockholdersEquity,2026-08-27
HII,liabilities,2013-06-30,5174000000,2013-08-19,Liabilities,2026-08-27
HII,netIncome,2013-06-30,57000000,2013-08-19,NetIncomeLoss,2026-08-27
HII,operatingIncome,2013-06-30,116000000,2013-08-19,OperatingIncomeLoss,2026-08-27
HII,receivables,2013-06-30,1101000000,2013-08-19,AccountsReceivableNetCurrent,2026-08-27
HII,revenue,2013-06-30,1683000000,2013-08-19,SalesRevenueNet,2026-08-27
HII,shares,2013-06-30,49800000,2013-08-19,CommonStockSharesOutstanding,2026-08-27
HLT,cash,2013-06-30,661000000,2013-08-19,CashAndCashEquivalentsAtCarryingValue,2026-08-27
HLT,netIncome,2013-06-30,155000000,2013-08-19,NetIncomeLoss,2026-08-27
HLT,operatingIncome,2013-06-30,404000000,2013-08-19,OperatingIncomeLoss,2026-08-27
HLT,revenue,2013-06-30,2380000000,2013-08-19,Revenues,2026-08-27
HON,assets,2013-06-30,42166000000,2013-08-19,Assets,2026-08-27
HON,cash,2013-06-30,4549000000,2013-08-19,CashAndCashEquivalentsAtCarryingValue,2026-08-27
HON,debt,2013-06-30,6411000000,2013-08-19,LongTermDebt,2026-08-27
HON,equity,2013-06-30,13777000000,2013-08-19,StockholdersEquity,2026-08-27
HON,grossProfit,2013-06-30,2666000000,2013-08-19,GrossProfit,2026-08-27
HON,inventory,2013-06-30,4295000000,2013-08-19,InventoryNet,2026-08-27
HON,netIncome,2013-06-30,1021000000,2013-08-19,NetIncomeLoss,2026-08-27
HON,revenue,2013-06-30,9693000000,2013-08-19,SalesRevenueNet,2026-08-27
HPQ,assets,2013-04-30,106254000000,2013-06-19,Assets,2026-08-27
HPQ,buybacks,2013-04-30,797000000,2013-06-19,PaymentsForRepurchaseOfCommonStock,2026-08-27
HPQ,cash,2013-04-30,13240000000,2013-06-19,CashAndCashEquivalentsAtCarryingValue,2026-08-27
HPQ,equity,2013-04-30,23533000000,2013-06-19,StockholdersEquity,2026-08-27
HPQ,inventory,2013-04-30,5999000000,2013-06-19,InventoryNet,2026-08-27
HPQ,operatingIncome,2013-04-30,1601000000,2013-06-19,OperatingIncomeLoss,2026-08-27
HPQ,receivables,2013-04-30,14606000000,2013-06-19,AccountsReceivableNetCurrent,2026-08-27
HPQ,revenue,2013-04-30,27582000000,2013-06-19,Revenues,2026-08-27
HPQ,rnd,2013-04-30,815000000,2013-06-19,ResearchAndDevelopmentExpense,2026-08-27
HPQ,shares,2013-04-30,1925000000,2013-06-19,CommonStockSharesOutstanding,2026-08-27
HRL,assets,2013-04-28,4667641000,2013-06-17,Assets,2026-08-27
HRL,cash,2013-04-28,262748000,2013-06-17,CashAndCashEquivalentsAtCarryingValue,2026-08-27
HRL,debt,2013-04-28,250000000,2013-06-17,LongTermDebtNoncurrent,2026-08-27
HRL,equity,2013-04-28,3009859000,2013-06-17,StockholdersEquity,2026-08-27
HRL,grossProfit,2013-04-28,352801000,2013-06-17,GrossProfit,2026-08-27
HRL,inventory,2013-04-28,998931000,2013-06-17,InventoryNet,2026-08-27
HRL,netIncome,2013-04-28,125520000,2013-06-17,NetIncomeLoss,2026-08-27
HRL,operatingIncome,2013-04-28,195559000,2013-06-17,OperatingIncomeLoss,2026-08-27
HRL,receivables,2013-04-28,462239000,2013-06-17,AccountsReceivableNetCurrent,2026-08-27
HRL,revenue,2013-04-28,2152686000,2013-06-17,SalesRevenueNet,2026-08-27
HSIC,assets,2013-06-29,5164506000,2013-08-18,Assets,2026-08-27
HSIC,cash,2013-06-29,78839000,2013-08-18,CashAndCashEquivalentsAtCarryingValue,2026-08-27
HSIC,equity,2013-06-29,2615379000,2013-08-18,StockholdersEquity,2026-08-27
HSIC,grossProfit,2013-06-29,669856000,2013-08-18,GrossProfit,2026-08-27
HSIC,inventory,2013-06-29,1099012000,2013-08-18,InventoryNet,2026-08-27
HSIC,liabilities,2013-06-29,2081044000,2013-08-18,Liabilities,2026-08-27
HSIC,netIncome,2013-06-29,108430000,2013-08-18,NetIncomeLoss,2026-08-27
HSIC,operatingIncome,2013-06-29,176065000,2013-08-18,OperatingIncomeLoss,2026-08-27
HSIC,receivables,2013-06-29,1039914000,2013-08-18,AccountsReceivableNetCurrent,2026-08-27
HSIC,revenue,2013-06-29,2391810000,2013-08-18,SalesRevenueNet,2026-08-27
HSIC,shares,2013-06-29,86726281,2013-08-18,CommonStockSharesOutstanding,2026-08-27
HST,cash,2013-06-30,393000000,2013-08-19,CashAndCashEquivalentsAtCarryingValue,2026-08-27
HST,netIncome,2013-06-30,119000000,2013-08-19,NetIncomeLoss,2026-08-27
HST,operatingIncome,2013-06-30,205000000,2013-08-19,OperatingIncomeLoss,2026-08-27
HST,revenue,2013-06-30,1399000000,2013-08-19,Revenues,2026-08-27
HSY,assets,2013-06-30,4696868000,2013-08-19,Assets,2026-08-27
HSY,cash,2013-06-30,568360000,2013-08-19,CashAndCashEquivalentsAtCarryingValue,2026-08-27
HSY,debt,2013-06-30,1797800000,2013-08-19,LongTermDebt,2026-08-27
HSY,equity,2013-06-30,1111822000,2013-08-19,StockholdersEquity,2026-08-27
HSY,grossProfit,2013-06-30,718574000,2013-08-19,GrossProfit,2026-08-27
HSY,inventory,2013-06-30,778988000,2013-08-19,InventoryNet,2026-08-27
HSY,liabilities,2013-06-30,3575141000,2013-08-19,Liabilities,2026-08-27
HSY,netIncome,2013-06-30,159504000,2013-08-19,NetIncomeLoss,2026-08-27
HSY,receivables,2013-06-30,366288000,2013-08-19,AccountsReceivableNetCurrent,2026-08-27
HSY,revenue,2013-06-30,1508514000,2013-08-19,SalesRevenueNet,2026-08-27
HUBB,assets,2013-06-30,3041000000,2013-08-19,Assets,2026-08-27
HUBB,cash,2013-06-30,586600000,2013-08-19,CashAndCashEquivalentsAtCarryingValue,2026-08-27
HUBB,debt,2013-06-30,596900000,2013-08-19,LongTermDebtNoncurrent,2026-08-27
HUBB,equity,2013-06-30,1735700000,2013-08-19,StockholdersEquity,2026-08-27
HUBB,grossProfit,2013-06-30,272000000,2013-08-19,GrossProfit,2026-08-27
HUBB,inventory,2013-06-30,384700000,2013-08-19,InventoryNet,2026-08-27
HUBB,liabilities,2013-06-30,1297500000,2013-08-19,Liabilities,2026-08-27
HUBB,netIncome,2013-06-30,82100000,2013-08-19,NetIncomeLoss,2026-08-27
HUBB,operatingIncome,2013-06-30,132100000,2013-08-19,OperatingIncomeLoss,2026-08-27
HUBB,revenue,2013-06-30,801300000,2013-08-19,SalesRevenueNet,2026-08-27
HUM,assets,2013-06-30,20848000000,2013-08-19,Assets,2026-08-27
HUM,cash,2013-06-30,1519000000,2013-08-19,CashAndCashEquivalentsAtCarryingValue,2026-08-27
HUM,debt,2013-06-30,2606000000,2013-08-19,LongTermDebtNoncurrent,2026-08-27
HUM,equity,2013-06-30,9335000000,2013-08-19,StockholdersEquity,2026-08-27
HUM,liabilities,2013-06-30,11513000000,2013-08-19,Liabilities,2026-08-27
HUM,netIncome,2013-06-30,420000000,2013-08-19,NetIncomeLoss,2026-08-27
HUM,operatingIncome,2013-06-30,689000000,2013-08-19,OperatingIncomeLoss,2026-08-27
HUM,revenue,2013-06-30,10321000000,2013-08-19,Revenues,2026-08-27
HWM,assets,2013-06-30,38551000000,2013-08-19,Assets,2026-08-27
HWM,cash,2013-06-30,1202000000,2013-08-19,CashAndCashEquivalentsAtCarryingValue,2026-08-27
HWM,equity,2013-06-30,12815000000,2013-08-19,StockholdersEquity,2026-08-27
HWM,inventory,2013-06-30,2905000000,2013-08-19,InventoryNet,2026-08-27
HWM,liabilities,2013-06-30,22693000000,2013-08-19,Liabilities,2026-08-27
HWM,netIncome,2013-06-30,-119000000,2013-08-19,NetIncomeLoss,2026-08-27
HWM,receivables,2013-06-30,1354000000,2013-08-19,AccountsReceivableNetCurrent,2026-08-27
HWM,rnd,2013-06-30,46000000,2013-08-19,ResearchAndDevelopmentExpense,2026-08-27
IBKR,assets,2013-06-30,35056554000,2013-08-19,Assets,2026-08-27
IBKR,cash,2013-06-30,1003656000,2013-08-19,CashAndCashEquivalentsAtCarryingValue,2026-08-27
IBKR,equity,2013-06-30,626316000,2013-08-19,StockholdersEquity,2026-08-27
IBKR,liabilities,2013-06-30,30161426000,2013-08-19,Liabilities,2026-08-27
IBKR,netIncome,2013-06-30,10378000,2013-08-19,NetIncomeLoss,2026-08-27
IBKR,revenue,2013-06-30,297530000,2013-08-19,Revenues,2026-08-27
IBM,assets,2013-06-30,115153000000,2013-08-19,Assets,2026-08-27
IBM,cash,2013-06-30,9561000000,2013-08-19,CashAndCashEquivalentsAtCarryingValue,2026-08-27
IBM,debt,2013-06-30,26292000000,2013-08-19,LongTermDebtNoncurrent,2026-08-27
IBM,equity,2013-06-30,17756000000,2013-08-19,StockholdersEquity,2026-08-27
IBM,grossProfit,2013-06-30,12132000000,2013-08-19,GrossProfit,2026-08-27
IBM,inventory,2013-06-30,2389000000,2013-08-19,InventoryNet,2026-08-27
IBM,liabilities,2013-06-30,97269000000,2013-08-19,Liabilities,2026-08-27
IBM,receivables,2013-06-30,10277000000,2013-08-19,AccountsReceivableNetCurrent,2026-08-27
IBM,revenue,2013-06-30,24924000000,2013-08-19,Revenues,2026-08-27
IBM,rnd,2013-06-30,1548000000,2013-08-19,ResearchAndDevelopmentExpense,2026-08-27
ICE,assets,2013-06-30,10,2013-08-19,Assets,2026-08-27
ICE,cash,2013-06-30,1457000000,2013-08-19,CashAndCashEquivalentsAtCarryingValue,2026-08-27
ICE,equity,2013-06-30,10,2013-08-19,StockholdersEquity,2026-08-27
ICE,netIncome,2013-06-30,154000000,2013-08-19,NetIncomeLoss,2026-08-27
ICE,operatingIncome,2013-06-30,225000000,2013-08-19,OperatingIncomeLoss,2026-08-27
ICE,revenue,2013-06-30,372000000,2013-08-19,Revenues,2026-08-27
ICE,shares,2013-06-30,1,2013-08-19,CommonStockSharesOutstanding,2026-08-27
IDXX,assets,2013-06-30,1164071000,2013-08-19,Assets,2026-08-27
IDXX,cash,2013-06-30,251013000,2013-08-19,CashAndCashEquivalentsAtCarryingValue,2026-08-27
IDXX,equity,2013-06-30,549546000,2013-08-19,StockholdersEquity,2026-08-27
IDXX,grossProfit,2013-06-30,197698000,2013-08-19,GrossProfit,2026-08-27
IDXX,inventory,2013-06-30,140938000,2013-08-19,InventoryNet,2026-08-27
IDXX,liabilities,2013-06-30,614480000,2013-08-19,Liabilities,2026-08-27
IDXX,netIncome,2013-06-30,53995000,2013-08-19,NetIncomeLoss,2026-08-27
IDXX,operatingIncome,2013-06-30,78763000,2013-08-19,OperatingIncomeLoss,2026-08-27
IDXX,receivables,2013-06-30,159119000,2013-08-19,AccountsReceivableNetCurrent,2026-08-27
IDXX,revenue,2013-06-30,352583000,2013-08-19,SalesRevenueNet,2026-08-27
IDXX,rnd,2013-06-30,22181000,2013-08-19,ResearchAndDevelopmentExpense,2026-08-27
IEX,assets,2013-06-30,2827652000,2013-08-19,Assets,2026-08-27
IEX,cash,2013-06-30,374489000,2013-08-19,CashAndCashEquivalentsAtCarryingValue,2026-08-27
IEX,debt,2013-06-30,811007000,2013-08-19,LongTermDebtNoncurrent,2026-08-27
IEX,equity,2013-06-30,1479492000,2013-08-19,StockholdersEquity,2026-08-27
IEX,grossProfit,2013-06-30,222849000,2013-08-19,GrossProfit,2026-08-27
IEX,inventory,2013-06-30,231504000,2013-08-19,InventoryNet,2026-08-27
IEX,liabilities,2013-06-30,1348160000,2013-08-19,Liabilities,2026-08-27
IEX,netIncome,2013-06-30,62561000,2013-08-19,NetIncomeLoss,2026-08-27
IEX,operatingIncome,2013-06-30,99559000,2013-08-19,OperatingIncomeLoss,2026-08-27
IEX,revenue,2013-06-30,518445000,2013-08-19,SalesRevenueNet,2026-08-27
IFF,assets,2013-06-30,3308921000,2013-08-19,Assets,2026-08-27
IFF,cash,2013-06-30,343149000,2013-08-19,CashAndCashEquivalentsAtCarryingValue,2026-08-27
IFF,debt,2013-06-30,932796000,2013-08-19,LongTermDebtNoncurrent,2026-08-27
IFF,equity,2013-06-30,1369686000,2013-08-19,StockholdersEquity,2026-08-27
IFF,inventory,2013-06-30,512784000,2013-08-19,InventoryNet,2026-08-27
IFF,netIncome,2013-06-30,102322000,2013-08-19,NetIncomeLoss,2026-08-27
IFF,operatingIncome,2013-06-30,142396000,2013-08-19,OperatingIncomeLoss,2026-08-27
IFF,rnd,2013-06-30,64672000,2013-08-19,ResearchAndDevelopmentExpense,2026-08-27
IFF,shares,2013-06-30,81741180,2013-08-19,CommonStockSharesOutstanding,2026-08-27
INCY,assets,2013-06-30,334219000,2013-08-19,Assets,2026-08-27
INCY,cash,2013-06-30,258202000,2013-08-19,CashAndCashEquivalentsAtCarryingValue,2026-08-27
INCY,equity,2013-06-30,-27786000,2013-08-19,StockholdersEquity,2026-08-27
INCY,inventory,2013-06-30,133000,2013-08-19,InventoryNet,2026-08-27
INCY,liabilities,2013-06-30,362005000,2013-08-19,Liabilities,2026-08-27
INCY,operatingIncome,2013-06-30,17319000,2013-08-19,OperatingIncomeLoss,2026-08-27
INCY,revenue,2013-06-30,101675000,2013-08-19,Revenues,2026-08-27
INCY,rnd,2013-06-30,60950000,2013-08-19,ResearchAndDevelopmentExpense,2026-08-27
INCY,shares,2013-06-30,152915117,2013-08-19,CommonStockSharesOutstanding,2026-08-27
INTC,assets,2013-06-29,85661000000,2013-08-18,Assets,2026-08-27
INTC,cash,2013-06-29,3778000000,2013-08-18,CashAndCashEquivalentsAtCarryingValue,2026-08-27
INTC,debt,2013-06-29,13150000000,2013-08-18,LongTermDebtNoncurrent,2026-08-27
INTC,equity,2013-06-29,53840000000,2013-08-18,StockholdersEquity,2026-08-27
INTC,grossProfit,2013-06-29,7470000000,2013-08-18,GrossProfit,2026-08-27
INTC,inventory,2013-06-29,4542000000,2013-08-18,InventoryNet,2026-08-27
INTC,netIncome,2013-06-29,2000000000,2013-08-18,NetIncomeLoss,2026-08-27
INTC,operatingIncome,2013-06-29,2719000000,2013-08-18,OperatingIncomeLoss,2026-08-27
INTC,receivables,2013-06-29,3474000000,2013-08-18,AccountsReceivableNetCurrent,2026-08-27
INTC,revenue,2013-06-29,12811000000,2013-08-18,SalesRevenueNet,2026-08-27
INTC,rnd,2013-06-29,2516000000,2013-08-18,ResearchAndDevelopmentExpense,2026-08-27
INTC,shares,2013-06-29,4981000000,2013-08-18,CommonStockSharesOutstanding,2026-08-27
INTU,assets,2013-04-30,5810000000,2013-06-19,Assets,2026-08-27
INTU,buybacks,2013-04-30,92000000,2013-06-19,PaymentsForRepurchaseOfCommonStock,2026-08-27
INTU,capex,2013-04-30,32000000,2013-06-19,PaymentsToAcquirePropertyPlantAndEquipment,2026-08-27
INTU,cash,2013-04-30,1412000000,2013-06-19,CashAndCashEquivalentsAtCarryingValue,2026-08-27
INTU,debt,2013-04-30,499000000,2013-06-19,LongTermDebt,2026-08-27
INTU,equity,2013-04-30,3570000000,2013-06-19,StockholdersEquity,2026-08-27
INTU,liabilities,2013-04-30,2240000000,2013-06-19,Liabilities,2026-08-27
INTU,netIncome,2013-04-30,822000000,2013-06-19,NetIncomeLoss,2026-08-27
INTU,operatingCashFlow,2013-04-30,1449000000,2013-06-19,NetCashProvidedByUsedInOperatingActivities,2026-08-27
INTU,operatingIncome,2013-04-30,1282000000,2013-06-19,OperatingIncomeLoss,2026-08-27
INTU,receivables,2013-04-30,312000000,2013-06-19,AccountsReceivableNetCurrent,2026-08-27
INTU,revenue,2013-04-30,2091000000,2013-06-19,SalesRevenueNet,2026-08-27
INTU,rnd,2013-04-30,166000000,2013-06-19,ResearchAndDevelopmentExpense,2026-08-27
IP,assets,2013-06-30,32545000000,2013-08-19,Assets,2026-08-27
IP,cash,2013-06-30,1205000000,2013-08-19,CashAndCashEquivalentsAtCarryingValue,2026-08-27
IP,debt,2013-06-30,9057000000,2013-08-19,LongTermDebtNoncurrent,2026-08-27
IP,equity,2013-06-30,6707000000,2013-08-19,StockholdersEquity,2026-08-27
IP,grossProfit,2013-06-30,1757000000,2013-08-19,GrossProfit,2026-08-27
IP,inventory,2013-06-30,2745000000,2013-08-19,InventoryNet,2026-08-27
IP,netIncome,2013-06-30,259000000,2013-08-19,NetIncomeLoss,2026-08-27
IP,operatingIncome,2013-06-30,601000000,2013-08-19,OperatingIncomeLoss,2026-08-27
IP,revenue,2013-06-30,5944000000,2013-08-19,SalesRevenueNet,2026-08-27
IP,shares,2013-06-30,445900000,2013-08-19,CommonStockSharesOutstanding,2026-08-27
IQV,assets,2013-06-30,2648167000,2013-08-19,Assets,2026-08-27
IQV,cash,2013-06-30,585722000,2013-08-19,CashAndCashEquivalentsAtCarryingValue,2026-08-27
IQV,equity,2013-06-30,-798058000,2013-08-19,StockholdersEquity,2026-08-27
IQV,liabilities,2013-06-30,3446055000,2013-08-19,Liabilities,2026-08-27
IQV,netIncome,2013-06-30,38517000,2013-08-19,NetIncomeLoss,2026-08-27
IQV,operatingIncome,2013-06-30,94897000,2013-08-19,OperatingIncomeLoss,2026-08-27
IQV,revenue,2013-06-30,1295680000,2013-08-19,Revenues,2026-08-27
IQV,shares,2013-06-30,128921000,2013-08-19,CommonStockSharesOutstanding,2026-08-27
IRM,assets,2013-06-30,6334819000,2013-08-19,Assets,2026-08-27
IRM,capex,2013-06-30,62822000,2013-08-19,PaymentsToAcquirePropertyPlantAndEquipment,2026-08-27
IRM,cash,2013-06-30,258866000,2013-08-19,CashAndCashEquivalentsAtCarryingValue,2026-08-27
IRM,equity,2013-06-30,1080273000,2013-08-19,StockholdersEquity,2026-08-27
IRM,operatingIncome,2013-06-30,129697000,2013-08-19,OperatingIncomeLoss,2026-08-27
IRM,receivables,2013-06-30,581481000,2013-08-19,AccountsReceivableNetCurrent,2026-08-27
IRM,shares,2013-06-30,191109705,2013-08-19,CommonStockSharesOutstanding,2026-08-27
ISRG,assets,2013-06-30,4201300000,2013-08-19,Assets,2026-08-27
ISRG,buybacks,2013-06-30,269600000,2013-08-19,PaymentsForRepurchaseOfCommonStock,2026-08-27
ISRG,cash,2013-06-30,432700000,2013-08-19,CashAndCashEquivalentsAtCarryingValue,2026-08-27
ISRG,equity,2013-06-30,3718800000,2013-08-19,StockholdersEquity,2026-08-27
ISRG,grossProfit,2013-06-30,405200000,2013-08-19,GrossProfit,2026-08-27
ISRG,inventory,2013-06-30,169300000,2013-08-19,InventoryNet,2026-08-27
ISRG,liabilities,2013-06-30,482500000,2013-08-19,Liabilities,2026-08-27
ISRG,netIncome,2013-06-30,159100000,2013-08-19,NetIncomeLoss,2026-08-27
ISRG,operatingIncome,2013-06-30,218500000,2013-08-19,OperatingIncomeLoss,2026-08-27
ISRG,receivables,2013-06-30,358600000,2013-08-19,AccountsReceivableNetCurrent,2026-08-27
ISRG,revenue,2013-06-30,578500000,2013-08-19,SalesRevenueNet,2026-08-27
ISRG,rnd,2013-06-30,41200000,2013-08-19,ResearchAndDevelopmentExpense,2026-08-27
ISRG,shares,2013-06-30,39700000,2013-08-19,CommonStockSharesOutstanding,2026-08-27
IT,assets,2013-06-30,1613787000,2013-08-19,Assets,2026-08-27
IT,cash,2013-06-30,333363000,2013-08-19,CashAndCashEquivalentsAtCarryingValue,2026-08-27
IT,debt,2013-06-30,143750000,2013-08-19,LongTermDebtNoncurrent,2026-08-27
IT,equity,2013-06-30,328694000,2013-08-19,StockholdersEquity,2026-08-27
IT,grossProfit,2013-06-30,269710000,2013-08-19,GrossProfit,2026-08-27
IT,liabilities,2013-06-30,1285093000,2013-08-19,Liabilities,2026-08-27
IT,netIncome,2013-06-30,46514000,2013-08-19,NetIncomeLoss,2026-08-27
IT,operatingIncome,2013-06-30,73987000,2013-08-19,OperatingIncomeLoss,2026-08-27
IT,receivables,2013-06-30,432011000,2013-08-19,AccountsReceivableNetCurrent,2026-08-27
IT,revenue,2013-06-30,446047000,2013-08-19,Revenues,2026-08-27
ITW,assets,2013-06-30,19199000000,2013-08-19,Assets,2026-08-27
ITW,cash,2013-06-30,2768000000,2013-08-19,CashAndCashEquivalentsAtCarryingValue,2026-08-27
ITW,debt,2013-06-30,3771000000,2013-08-19,LongTermDebtNoncurrent,2026-08-27
ITW,inventory,2013-06-30,1490000000,2013-08-19,InventoryNet,2026-08-27
ITW,operatingIncome,2013-06-30,630000000,2013-08-19,OperatingIncomeLoss,2026-08-27
ITW,revenue,2013-06-30,3593000000,2013-08-19,SalesRevenueNet,2026-08-27
IVZ,assets,2013-06-30,18138600000,2013-08-19,Assets,2026-08-27
IVZ,cash,2013-06-30,916200000,2013-08-19,CashAndCashEquivalentsAtCarryingValue,2026-08-27
IVZ,debt,2013-06-30,1445600000,2013-08-19,LongTermDebtNoncurrent,2026-08-27
IVZ,equity,2013-06-30,8164500000,2013-08-19,StockholdersEquity,2026-08-27
IVZ,liabilities,2013-06-30,9384600000,2013-08-19,Liabilities,2026-08-27
IVZ,netIncome,2013-06-30,202600000,2013-08-19,NetIncomeLoss,2026-08-27
IVZ,operatingIncome,2013-06-30,273900000,2013-08-19,OperatingIncomeLoss,2026-08-27
IVZ,receivables,2013-06-30,457600000,2013-08-19,AccountsReceivableNetCurrent,2026-08-27
IVZ,revenue,2013-06-30,1135500000,2013-08-19,Revenues,2026-08-27
IVZ,shares,2013-06-30,442800000,2013-08-19,CommonStockSharesOutstanding,2026-08-27
J,assets,2013-06-28,7049749000,2013-08-17,Assets,2026-08-27
J,cash,2013-06-28,1295517000,2013-08-17,CashAndCashEquivalentsAtCarryingValue,2026-08-27
J,debt,2013-06-28,432701000,2013-08-17,LongTermDebtNoncurrent,2026-08-27
J,equity,2013-06-28,4091606000,2013-08-17,StockholdersEquity,2026-08-27
J,netIncome,2013-06-28,108871000,2013-08-17,NetIncomeLoss,2026-08-27
J,operatingIncome,2013-06-28,168359000,2013-08-17,OperatingIncomeLoss,2026-08-27
J,revenue,2013-06-28,3080995000,2013-08-17,Revenues,2026-08-27
J,shares,2013-06-28,131409781,2013-08-17,CommonStockSharesOutstanding,2026-08-27
JBHT,assets,2013-06-30,2656316000,2013-08-19,Assets,2026-08-27
JBHT,cash,2013-06-30,5923000,2013-08-19,CashAndCashEquivalentsAtCarryingValue,2026-08-27
JBHT,debt,2013-06-30,474132000,2013-08-19,LongTermDebtNoncurrent,2026-08-27
JBHT,equity,2013-06-30,902239000,2013-08-19,StockholdersEquity,2026-08-27
JBHT,netIncome,2013-06-30,87697000,2013-08-19,NetIncomeLoss,2026-08-27
JBHT,operatingIncome,2013-06-30,147407000,2013-08-19,OperatingIncomeLoss,2026-08-27
JBHT,receivables,2013-06-30,579643000,2013-08-19,AccountsReceivableNetCurrent,2026-08-27
JBHT,revenue,2013-06-30,1382858000,2013-08-19,Revenues,2026-08-27
JBL,assets,2013-05-31,8133484000,2013-07-20,Assets,2026-08-27
JBL,cash,2013-05-31,1351726000,2013-07-20,CashAndCashEquivalentsAtCarryingValue,2026-08-27
JBL,equity,2013-05-31,2205587000,2013-07-20,StockholdersEquity,2026-08-27
JBL,grossProfit,2013-05-31,297572000,2013-07-20,GrossProfit,2026-08-27
JBL,inventory,2013-05-31,2356304000,2013-07-20,InventoryNet,2026-08-27
JBL,liabilities,2013-05-31,5926465000,2013-07-20,Liabilities,2026-08-27
JBL,netIncome,2013-05-31,50083000,2013-07-20,NetIncomeLoss,2026-08-27
JBL,operatingIncome,2013-05-31,93128000,2013-07-20,OperatingIncomeLoss,2026-08-27
JBL,revenue,2013-05-31,4196224000,2013-07-20,SalesRevenueNet,2026-08-27
JBL,rnd,2013-05-31,6475000,2013-07-20,ResearchAndDevelopmentExpense,2026-08-27
JBL,shares,2013-05-31,202651388,2013-07-20,CommonStockSharesOutstanding,2026-08-27
JCI,assets,2013-06-28,11870000000,2013-08-17,Assets,2026-08-27
JCI,cash,2013-06-28,455000000,2013-08-17,CashAndCashEquivalentsAtCarryingValue,2026-08-27
JCI,debt,2013-06-28,1481000000,2013-08-17,LongTermDebt,2026-08-27
JCI,equity,2013-06-28,4707000000,2013-08-17,StockholdersEquity,2026-08-27
JCI,inventory,2013-06-28,685000000,2013-08-17,InventoryNet,2026-08-27
JCI,liabilities,2013-06-28,7136000000,2013-08-17,Liabilities,2026-08-27
JCI,netIncome,2013-06-28,135000000,2013-08-17,NetIncomeLoss,2026-08-27
JCI,operatingIncome,2013-06-28,162000000,2013-08-17,OperatingIncomeLoss,2026-08-27
JCI,receivables,2013-06-28,1678000000,2013-08-17,AccountsReceivableNetCurrent,2026-08-27
JCI,revenue,2013-06-28,2537000000,2013-08-17,Revenues,2026-08-27
JKHY,assets,2013-06-30,1672386000,2013-08-19,Assets,2026-08-27
JKHY,cash,2013-06-30,127905000,2013-08-19,CashAndCashEquivalentsAtCarryingValue,2026-08-27
JKHY,debt,2013-06-30,14281000,2013-08-19,LongTermDebt,2026-08-27
JKHY,equity,2013-06-30,1015816000,2013-08-19,StockholdersEquity,2026-08-27
JKHY,grossProfit,2013-06-30,134082000,2013-08-19,GrossProfit,2026-08-27
JKHY,liabilities,2013-06-30,656570000,2013-08-19,Liabilities,2026-08-27
JKHY,netIncome,2013-06-30,53248000,2013-08-19,NetIncomeLoss,2026-08-27
JKHY,operatingIncome,2013-06-30,81849000,2013-08-19,OperatingIncomeLoss,2026-08-27
JKHY,revenue,2013-06-30,311326000,2013-08-19,Revenues,2026-08-27
JKHY,rnd,2013-06-30,16870000,2013-08-19,ResearchAndDevelopmentExpense,2026-08-27
JNJ,assets,2013-06-30,124325000000,2013-08-19,Assets,2026-08-27
JNJ,cash,2013-06-30,17307000000,2013-08-19,CashAndCashEquivalentsAtCarryingValue,2026-08-27
JNJ,debt,2013-06-30,9643000000,2013-08-19,LongTermDebtNoncurrent,2026-08-27
JNJ,grossProfit,2013-06-30,12388000000,2013-08-19,GrossProfit,2026-08-27
JNJ,inventory,2013-06-30,7822000000,2013-08-19,InventoryNet,2026-08-27
JNJ,liabilities,2013-06-30,54660000000,2013-08-19,Liabilities,2026-08-27
JNJ,netIncome,2013-06-30,3833000000,2013-08-19,NetIncomeLoss,2026-08-27
JNJ,operatingIncome,2013-06-30,5020000000,2013-08-19,OperatingIncomeLoss,2026-08-27
JNJ,receivables,2013-06-30,11614000000,2013-08-19,AccountsReceivableNetCurrent,2026-08-27
JNJ,revenue,2013-06-30,17877000000,2013-08-19,Revenues,2026-08-27
JPM,assets,2013-06-30,2439494000000,2013-08-19,Assets,2026-08-27
JPM,debt,2013-06-30,266212000000,2013-08-19,LongTermDebt,2026-08-27
JPM,equity,2013-06-30,209239000000,2013-08-19,StockholdersEquity,2026-08-27
JPM,liabilities,2013-06-30,2230255000000,2013-08-19,Liabilities,2026-08-27
JPM,netIncome,2013-06-30,6496000000,2013-08-19,NetIncomeLoss,2026-08-27
JPM,revenue,2013-06-30,25211000000,2013-08-19,Revenues,2026-08-27
KDP,assets,2013-06-30,8709000000,2013-08-19,Assets,2026-08-27
KDP,cash,2013-06-30,119000000,2013-08-19,CashAndCashEquivalentsAtCarryingValue,2026-08-27
KDP,debt,2013-06-30,2521000000,2013-08-19,LongTermDebtNoncurrent,2026-08-27
KDP,equity,2013-06-30,2304000000,2013-08-19,StockholdersEquity,2026-08-27
KDP,grossProfit,2013-06-30,935000000,2013-08-19,GrossProfit,2026-08-27
KDP,inventory,2013-06-30,222000000,2013-08-19,InventoryNet,2026-08-27
KDP,liabilities,2013-06-30,6405000000,2013-08-19,Liabilities,2026-08-27
KDP,netIncome,2013-06-30,155000000,2013-08-19,NetIncomeLoss,2026-08-27
KDP,operatingIncome,2013-06-30,285000000,2013-08-19,OperatingIncomeLoss,2026-08-27
KDP,receivables,2013-06-30,625000000,2013-08-19,AccountsReceivableNetCurrent,2026-08-27
KDP,revenue,2013-06-30,1611000000,2013-08-19,SalesRevenueNet,2026-08-27
KDP,shares,2013-06-30,203809137,2013-08-19,CommonStockSharesOutstanding,2026-08-27
KEY,assets,2013-06-30,90639000000,2013-08-19,Assets,2026-08-27
KEY,debt,2013-06-30,6666000000,2013-08-19,LongTermDebt,2026-08-27
KEY,equity,2013-06-30,10229000000,2013-08-19,StockholdersEquity,2026-08-27
KEY,liabilities,2013-06-30,80378000000,2013-08-19,Liabilities,2026-08-27
KEY,netIncome,2013-06-30,204000000,2013-08-19,NetIncomeLoss,2026-08-27
KHC,grossProfit,2013-06-29,1936000000,2013-08-18,GrossProfit,2026-08-27
KHC,netIncome,2013-06-29,829000000,2013-08-18,NetIncomeLoss,2026-08-27
KHC,revenue,2013-06-29,4716000000,2013-08-18,Revenues,2026-08-27
KIM,assets,2013-06-30,9988471000,2013-08-19,Assets,2026-08-27
KIM,cash,2013-06-30,156450000,2013-08-19,CashAndCashEquivalentsAtCarryingValue,2026-08-27
KIM,equity,2013-06-30,4722273000,2013-08-19,StockholdersEquity,2026-08-27
KIM,liabilities,2013-06-30,5036704000,2013-08-19,Liabilities,2026-08-27
KIM,netIncome,2013-06-30,51139000,2013-08-19,NetIncomeLoss,2026-08-27
KIM,operatingIncome,2013-06-30,51179000,2013-08-19,OperatingIncomeLoss,2026-08-27
KIM,revenue,2013-06-30,227119000,2013-08-19,Revenues,2026-08-27
KIM,shares,2013-06-30,409616877,2013-08-19,CommonStockSharesOutstanding,2026-08-27
KKR,assets,2013-06-30,44807645000,2013-08-19,Assets,2026-08-27
KKR,cash,2013-06-30,1167413000,2013-08-19,CashAndCashEquivalentsAtCarryingValue,2026-08-27
KKR,liabilities,2013-06-30,3903067000,2013-08-19,Liabilities,2026-08-27
KKR,netIncome,2013-06-30,15134000,2013-08-19,NetIncomeLoss,2026-08-27
KLAC,assets,2013-06-30,5287357000,2013-08-19,Assets,2026-08-27
KLAC,cash,2013-06-30,985390000,2013-08-19,CashAndCashEquivalentsAtCarryingValue,2026-08-27
KLAC,equity,2013-06-30,3482152000,2013-08-19,StockholdersEquity,2026-08-27
KLAC,grossProfit,2013-06-30,413228000,2013-08-19,GrossProfit,2026-08-27
KLAC,inventory,2013-06-30,634448000,2013-08-19,InventoryNet,2026-08-27
KLAC,liabilities,2013-06-30,1805205000,2013-08-19,Liabilities,2026-08-27
KLAC,netIncome,2013-06-30,134770000,2013-08-19,NetIncomeLoss,2026-08-27
KLAC,operatingIncome,2013-06-30,187635000,2013-08-19,OperatingIncomeLoss,2026-08-27
KLAC,receivables,2013-06-30,524610000,2013-08-19,AccountsReceivableNetCurrent,2026-08-27
KLAC,revenue,2013-06-30,720032000,2013-08-19,SalesRevenueNet,2026-08-27
KLAC,shares,2013-06-30,165435000,2013-08-19,CommonStockSharesOutstanding,2026-08-27
KMB,assets,2013-06-30,19514000000,2013-08-19,Assets,2026-08-27
KMB,cash,2013-06-30,1160000000,2013-08-19,CashAndCashEquivalentsAtCarryingValue,2026-08-27
KMB,equity,2013-06-30,4373000000,2013-08-19,StockholdersEquity,2026-08-27
KMB,grossProfit,2013-06-30,1800000000,2013-08-19,GrossProfit,2026-08-27
KMB,inventory,2013-06-30,2327000000,2013-08-19,InventoryNet,2026-08-27
KMB,netIncome,2013-06-30,526000000,2013-08-19,NetIncomeLoss,2026-08-27
KMB,operatingIncome,2013-06-30,796000000,2013-08-19,OperatingIncomeLoss,2026-08-27
KMB,receivables,2013-06-30,2490000000,2013-08-19,AccountsReceivableNetCurrent,2026-08-27
KMB,revenue,2013-06-30,5267000000,2013-08-19,SalesRevenueNet,2026-08-27
KMB,shares,2013-06-30,383400000,2013-08-19,CommonStockSharesOutstanding,2026-08-27
KMI,assets,2013-06-30,74120000000,2013-08-19,Assets,2026-08-27
KMI,cash,2013-06-30,1017000000,2013-08-19,CashAndCashEquivalentsAtCarryingValue,2026-08-27
KMI,debt,2013-06-30,31582000000,2013-08-19,LongTermDebtNoncurrent,2026-08-27
KMI,equity,2013-06-30,13654000000,2013-08-19,StockholdersEquity,2026-08-27
KMI,inventory,2013-06-30,428000000,2013-08-19,InventoryNet,2026-08-27
KMI,liabilities,2013-06-30,45581000000,2013-08-19,Liabilities,2026-08-27
KMI,netIncome,2013-06-30,277000000,2013-08-19,NetIncomeLoss,2026-08-27
KMI,operatingIncome,2013-06-30,775000000,2013-08-19,OperatingIncomeLoss,2026-08-27
KMI,receivables,2013-06-30,1488000000,2013-08-19,AccountsReceivableNetCurrent,2026-08-27
KMI,revenue,2013-06-30,3382000000,2013-08-19,Revenues,2026-08-27
KO,assets,2013-06-28,89511000000,2013-08-17,Assets,2026-08-27
KO,cash,2013-06-28,9406000000,2013-08-17,CashAndCashEquivalentsAtCarryingValue,2026-08-27
KO,debt,2013-06-28,14179000000,2013-08-17,LongTermDebtNoncurrent,2026-08-27
KO,equity,2013-06-28,32223000000,2013-08-17,StockholdersEquity,2026-08-27
KO,grossProfit,2013-06-28,7760000000,2013-08-17,GrossProfit,2026-08-27
KO,inventory,2013-06-28,3643000000,2013-08-17,InventoryNet,2026-08-27
KO,netIncome,2013-06-28,2676000000,2013-08-17,NetIncomeLoss,2026-08-27
KO,operatingIncome,2013-06-28,3243000000,2013-08-17,OperatingIncomeLoss,2026-08-27
KO,receivables,2013-06-28,5516000000,2013-08-17,AccountsReceivableNetCurrent,2026-08-27
KR,assets,2013-05-25,24227000000,2013-07-14,Assets,2026-08-27
KR,buybacks,2013-05-25,146000000,2013-07-14,PaymentsForRepurchaseOfCommonStock,2026-08-27
KR,capex,2013-05-25,618000000,2013-07-14,PaymentsToAcquireProductiveAssets,2026-08-27
KR,cash,2013-05-25,247000000,2013-07-14,CashAndCashEquivalentsAtCarryingValue,2026-08-27
KR,debt,2013-05-25,5786000000,2013-07-14,LongTermDebtNoncurrent,2026-08-27
KR,equity,2013-05-25,4590000000,2013-07-14,StockholdersEquity,2026-08-27
KR,liabilities,2013-05-25,19631000000,2013-07-14,Liabilities,2026-08-27
KR,netIncome,2013-05-25,481000000,2013-07-14,NetIncomeLoss,2026-08-27
KR,operatingCashFlow,2013-05-25,1617000000,2013-07-14,NetCashProvidedByUsedInOperatingActivitiesContinuingOperations,2026-08-27
KR,operatingIncome,2013-05-25,879000000,2013-07-14,OperatingIncomeLoss,2026-08-27
L,assets,2013-06-30,80046000000,2013-08-19,Assets,2026-08-27
L,debt,2013-06-30,10039000000,2013-08-19,LongTermDebtNoncurrent,2026-08-27
L,equity,2013-06-30,19151000000,2013-08-19,StockholdersEquity,2026-08-27
L,liabilities,2013-06-30,55404000000,2013-08-19,Liabilities,2026-08-27
L,netIncome,2013-06-30,269000000,2013-08-19,NetIncomeLoss,2026-08-27
L,revenue,2013-06-30,3616000000,2013-08-19,Revenues,2026-08-27
LDOS,assets,2013-05-03,5790000000,2013-06-22,Assets,2026-08-27
LDOS,capex,2013-05-03,18000000,2013-06-22,PaymentsToAcquirePropertyPlantAndEquipment,2026-08-27
LDOS,cash,2013-05-03,562000000,2013-06-22,CashAndCashEquivalentsAtCarryingValue,2026-08-27
LDOS,debt,2013-05-03,1297000000,2013-06-22,LongTermDebtNoncurrent,2026-08-27
LDOS,equity,2013-05-03,2304000000,2013-06-22,StockholdersEquity,2026-08-27
LDOS,netIncome,2013-05-03,81000000,2013-06-22,NetIncomeLoss,2026-08-27
LDOS,operatingCashFlow,2013-05-03,-102000000,2013-06-22,NetCashProvidedByUsedInOperatingActivitiesContinuingOperations,2026-08-27
LDOS,operatingIncome,2013-05-03,77000000,2013-06-22,OperatingIncomeLoss,2026-08-27
LDOS,revenue,2013-05-03,1593000000,2013-06-22,Revenues,2026-08-27
LDOS,shares,2013-05-03,342000000,2013-06-22,CommonStockSharesOutstanding,2026-08-27
LEN,assets,2013-05-31,10494157000,2013-07-20,Assets,2026-08-27
LEN,cash,2013-05-31,891677000,2013-07-20,CashAndCashEquivalentsAtCarryingValue,2026-08-27
LEN,equity,2013-05-31,3585602000,2013-07-20,StockholdersEquity,2026-08-27
LEN,liabilities,2013-05-31,6449318000,2013-07-20,Liabilities,2026-08-27
LEN,netIncome,2013-05-31,137436000,2013-07-20,NetIncomeLoss,2026-08-27
LEN,operatingIncome,2013-05-31,196142000,2013-07-20,OperatingIncomeLoss,2026-08-27
LEN,revenue,2013-05-31,1426881000,2013-07-20,Revenues,2026-08-27
LH,assets,2013-06-30,6591900000,2013-08-19,Assets,2026-08-27
LH,cash,2013-06-30,111300000,2013-08-19,CashAndCashEquivalentsAtCarryingValue,2026-08-27
LH,debt,2013-06-30,2390000000,2013-08-19,LongTermDebtNoncurrent,2026-08-27
LH,equity,2013-06-30,2663400000,2013-08-19,StockholdersEquity,2026-08-27
LH,grossProfit,2013-06-30,577300000,2013-08-19,GrossProfit,2026-08-27
LH,inventory,2013-06-30,126400000,2013-08-19,InventoryNet,2026-08-27
LH,liabilities,2013-06-30,3908100000,2013-08-19,Liabilities,2026-08-27
LH,netIncome,2013-06-30,151900000,2013-08-19,NetIncomeLoss,2026-08-27
LH,operatingIncome,2013-06-30,269300000,2013-08-19,OperatingIncomeLoss,2026-08-27
LH,receivables,2013-06-30,815700000,2013-08-19,AccountsReceivableNetCurrent,2026-08-27
LH,revenue,2013-06-30,1468200000,2013-08-19,SalesRevenueNet,2026-08-27
LH,shares,2013-06-30,90500000,2013-08-19,CommonStockSharesOutstanding,2026-08-27
LHX,assets,2013-06-28,4845000000,2013-08-17,Assets,2026-08-27
LHX,cash,2013-06-28,321000000,2013-08-17,CashAndCashEquivalentsAtCarryingValue,2026-08-27
LHX,debt,2013-06-28,1577100000,2013-08-17,LongTermDebtNoncurrent,2026-08-27
LHX,equity,2013-06-28,1561300000,2013-08-17,StockholdersEquity,2026-08-27
LHX,inventory,2013-06-28,668700000,2013-08-17,InventoryNet,2026-08-27
LHX,shares,2013-06-28,106933188,2013-08-17,CommonStockSharesOutstanding,2026-08-27
LII,assets,2013-06-30,1849600000,2013-08-19,Assets,2026-08-27
LII,cash,2013-06-30,45300000,2013-08-19,CashAndCashEquivalentsAtCarryingValue,2026-08-27
LII,equity,2013-06-30,447200000,2013-08-19,StockholdersEquity,2026-08-27
LII,grossProfit,2013-06-30,254000000,2013-08-19,GrossProfit,2026-08-27
LII,inventory,2013-06-30,469200000,2013-08-19,InventoryNet,2026-08-27
LII,liabilities,2013-06-30,1402400000,2013-08-19,Liabilities,2026-08-27
LII,netIncome,2013-06-30,64300000,2013-08-19,NetIncomeLoss,2026-08-27
LII,operatingIncome,2013-06-30,102400000,2013-08-19,OperatingIncomeLoss,2026-08-27
LII,revenue,2013-06-30,913100000,2013-08-19,SalesRevenueNet,2026-08-27
LITE,cash,2013-06-29,7800000,2013-08-18,CashAndCashEquivalentsAtCarryingValue,2026-08-27
LITE,equity,2013-06-29,281800000,2013-08-18,StockholdersEquity,2026-08-27
LLY,assets,2013-06-30,33226000000,2013-08-19,Assets,2026-08-27
LLY,cash,2013-06-30,3786500000,2013-08-19,CashAndCashEquivalentsAtCarryingValue,2026-08-27
LLY,debt,2013-06-30,4290800000,2013-08-19,LongTermDebtNoncurrent,2026-08-27
LLY,inventory,2013-06-30,2725400000,2013-08-19,InventoryNet,2026-08-27
LLY,netIncome,2013-06-30,1206200000,2013-08-19,NetIncomeLoss,2026-08-27
LLY,receivables,2013-06-30,3579100000,2013-08-19,AccountsReceivableNetCurrent,2026-08-27
LLY,revenue,2013-06-30,5929700000,2013-08-19,Revenues,2026-08-27
LLY,rnd,2013-06-30,1330400000,2013-08-19,ResearchAndDevelopmentExpense,2026-08-27
LMT,assets,2013-06-30,38947000000,2013-08-19,Assets,2026-08-27
LMT,cash,2013-06-30,2845000000,2013-08-19,CashAndCashEquivalentsAtCarryingValue,2026-08-27
LMT,debt,2013-06-30,6140000000,2013-08-19,LongTermDebtNoncurrent,2026-08-27
LMT,equity,2013-06-30,694000000,2013-08-19,StockholdersEquity,2026-08-27
LMT,grossProfit,2013-06-30,1224000000,2013-08-19,GrossProfit,2026-08-27
LMT,liabilities,2013-06-30,38253000000,2013-08-19,Liabilities,2026-08-27
LMT,netIncome,2013-06-30,859000000,2013-08-19,NetIncomeLoss,2026-08-27
LMT,operatingIncome,2013-06-30,1298000000,2013-08-19,OperatingIncomeLoss,2026-08-27
LMT,revenue,2013-06-30,11408000000,2013-08-19,SalesRevenueNet,2026-08-27
LNT,assets,2013-06-30,10887600000,2013-08-19,Assets,2026-08-27
LNT,cash,2013-06-30,11500000,2013-08-19,CashAndCashEquivalentsAtCarryingValue,2026-08-27
LNT,debt,2013-06-30,3141400000,2013-08-19,LongTermDebtNoncurrent,2026-08-27
LNT,equity,2013-06-30,3160500000,2013-08-19,StockholdersEquity,2026-08-27
LNT,netIncome,2013-06-30,67800000,2013-08-19,NetIncomeLoss,2026-08-27
LNT,operatingIncome,2013-06-30,103200000,2013-08-19,OperatingIncomeLoss,2026-08-27
LNT,receivables,2013-06-30,85000000,2013-08-19,AccountsReceivableNetCurrent,2026-08-27
LNT,revenue,2013-06-30,718000000,2013-08-19,Revenues,2026-08-27
LNT,shares,2013-06-30,110943669,2013-08-19,CommonStockSharesOutstanding,2026-08-27
LOW,assets,2013-05-03,34731000000,2013-06-22,Assets,2026-08-27
LOW,buybacks,2013-05-03,1046000000,2013-06-22,PaymentsForRepurchaseOfCommonStock,2026-08-27
LOW,capex,2013-05-03,196000000,2013-06-22,PaymentsToAcquirePropertyPlantAndEquipment,2026-08-27
LOW,cash,2013-05-03,1081000000,2013-06-22,CashAndCashEquivalentsAtCarryingValue,2026-08-27
LOW,equityStakes,2013-05-03,73000000,2013-06-22,PaymentsToAcquireEquityMethodInvestments,2026-08-27
LOW,grossProfit,2013-05-03,4555000000,2013-06-22,GrossProfit,2026-08-27
LOW,inventory,2013-05-03,10274000000,2013-06-22,InventoryNet,2026-08-27
LOW,liabilities,2013-05-03,21479000000,2013-06-22,Liabilities,2026-08-27
LOW,operatingCashFlow,2013-05-03,1992000000,2013-06-22,NetCashProvidedByUsedInOperatingActivities,2026-08-27
LOW,revenue,2013-05-03,13088000000,2013-06-22,SalesRevenueNet,2026-08-27
LOW,shares,2013-05-03,1088000000,2013-06-22,CommonStockSharesOutstanding,2026-08-27
LRCX,assets,2013-06-30,7250315000,2013-08-19,Assets,2026-08-27
LRCX,cash,2013-06-30,1162473000,2013-08-19,CashAndCashEquivalentsAtCarryingValue,2026-08-27
LRCX,debt,2013-06-30,777400000,2013-08-19,LongTermDebtNoncurrent,2026-08-27
LRCX,equity,2013-06-30,4488872000,2013-08-19,StockholdersEquity,2026-08-27
LRCX,inventory,2013-06-30,559317000,2013-08-19,InventoryNet,2026-08-27
LRCX,liabilities,2013-06-30,2574523000,2013-08-19,Liabilities,2026-08-27
LRCX,receivables,2013-06-30,602624000,2013-08-19,AccountsReceivableNetCurrent,2026-08-27
LRCX,shares,2013-06-30,162873000,2013-08-19,CommonStockSharesOutstanding,2026-08-27
LULU,assets,2013-05-05,1053476000,2013-06-24,Assets,2026-08-27
LULU,capex,2013-05-05,20976000,2013-06-24,PaymentsToAcquirePropertyPlantAndEquipment,2026-08-27
LULU,cash,2013-05-05,588418000,2013-06-24,CashAndCashEquivalentsAtCarryingValue,2026-08-27
LULU,equity,2013-05-05,930060000,2013-06-24,StockholdersEquity,2026-08-27
LULU,grossProfit,2013-05-05,170725000,2013-06-24,GrossProfit,2026-08-27
LULU,liabilities,2013-05-05,123416000,2013-06-24,Liabilities,2026-08-27
LULU,netIncome,2013-05-05,47279000,2013-06-24,NetIncomeLoss,2026-08-27
LULU,operatingCashFlow,2013-05-05,25135000,2013-06-24,NetCashProvidedByUsedInOperatingActivities,2026-08-27
LULU,operatingIncome,2013-05-05,65889000,2013-06-24,OperatingIncomeLoss,2026-08-27
LULU,revenue,2013-05-05,345782000,2013-06-24,SalesRevenueNet,2026-08-27
LULU,shares,2013-05-05,112517000,2013-06-24,CommonStockSharesOutstanding,2026-08-27
LUV,assets,2013-06-30,19382000000,2013-08-19,Assets,2026-08-27
LUV,buybacks,2013-06-30,251000000,2013-08-19,PaymentsForRepurchaseOfCommonStock,2026-08-27
LUV,capex,2013-06-30,193000000,2013-08-19,PaymentsToAcquirePropertyPlantAndEquipment,2026-08-27
LUV,cash,2013-06-30,1489000000,2013-08-19,CashAndCashEquivalentsAtCarryingValue,2026-08-27
LUV,debt,2013-06-30,2671000000,2013-08-19,LongTermDebtNoncurrent,2026-08-27
LUV,equity,2013-06-30,6781000000,2013-08-19,StockholdersEquity,2026-08-27
LUV,netIncome,2013-06-30,224000000,2013-08-19,NetIncomeLoss,2026-08-27
LUV,operatingCashFlow,2013-06-30,778000000,2013-08-19,NetCashProvidedByUsedInOperatingActivities,2026-08-27
LUV,operatingIncome,2013-06-30,433000000,2013-08-19,OperatingIncomeLoss,2026-08-27
LUV,revenue,2013-06-30,4643000000,2013-08-19,Revenues,2026-08-27
LVS,assets,2013-06-30,21783824000,2013-08-19,Assets,2026-08-27
LVS,cash,2013-06-30,2514141000,2013-08-19,CashAndCashEquivalentsAtCarryingValue,2026-08-27
LVS,equity,2013-06-30,7500105000,2013-08-19,StockholdersEquity,2026-08-27
LVS,inventory,2013-06-30,41229000,2013-08-19,InventoryNet,2026-08-27
LVS,liabilities,2013-06-30,12826777000,2013-08-19,Liabilities,2026-08-27
LVS,netIncome,2013-06-30,529753000,2013-08-19,NetIncomeLoss,2026-08-27
LVS,operatingIncome,2013-06-30,780641000,2013-08-19,OperatingIncomeLoss,2026-08-27
LVS,revenue,2013-06-30,3242941000,2013-08-19,SalesRevenueNet,2026-08-27
LVS,shares,2013-06-30,824406713,2013-08-19,CommonStockSharesOutstanding,2026-08-27
LYB,assets,2013-06-30,25048000000,2013-08-19,Assets,2026-08-27
LYB,buybacks,2013-06-30,270000000,2013-08-19,PaymentsForRepurchaseOfCommonStock,2026-08-27
LYB,cash,2013-06-30,3233000000,2013-08-19,CashAndCashEquivalentsAtCarryingValue,2026-08-27
LYB,debt,2013-06-30,4302000000,2013-08-19,LongTermDebt,2026-08-27
LYB,equity,2013-06-30,12032000000,2013-08-19,StockholdersEquity,2026-08-27
LYB,grossProfit,2013-06-30,1607000000,2013-08-19,GrossProfit,2026-08-27
LYB,inventory,2013-06-30,5197000000,2013-08-19,InventoryNet,2026-08-27
LYB,netIncome,2013-06-30,929000000,2013-08-19,NetIncomeLoss,2026-08-27
LYB,operatingIncome,2013-06-30,1364000000,2013-08-19,OperatingIncomeLoss,2026-08-27
LYB,receivables,2013-06-30,3787000000,2013-08-19,AccountsReceivableNetCurrent,2026-08-27
LYB,revenue,2013-06-30,11103000000,2013-08-19,Revenues,2026-08-27
LYB,rnd,2013-06-30,35000000,2013-08-19,ResearchAndDevelopmentExpense,2026-08-27
LYB,shares,2013-06-30,570501290,2013-08-19,CommonStockSharesOutstanding,2026-08-27
LYV,assets,2013-06-30,6082811000,2013-08-19,Assets,2026-08-27
LYV,cash,2013-06-30,1385260000,2013-08-19,CashAndCashEquivalentsAtCarryingValue,2026-08-27
LYV,equity,2013-06-30,1392271000,2013-08-19,StockholdersEquity,2026-08-27
LYV,netIncome,2013-06-30,58130000,2013-08-19,NetIncomeLoss,2026-08-27
LYV,operatingIncome,2013-06-30,97806000,2013-08-19,OperatingIncomeLoss,2026-08-27
LYV,receivables,2013-06-30,634509000,2013-08-19,AccountsReceivableNetCurrent,2026-08-27
LYV,revenue,2013-06-30,1679513000,2013-08-19,Revenues,2026-08-27
MA,assets,2013-06-30,12021000000,2013-08-19,Assets,2026-08-27
MA,cash,2013-06-30,2348000000,2013-08-19,CashAndCashEquivalentsAtCarryingValue,2026-08-27
MA,equity,2013-06-30,7018000000,2013-08-19,StockholdersEquity,2026-08-27
MA,liabilities,2013-06-30,4992000000,2013-08-19,Liabilities,2026-08-27
MA,netIncome,2013-06-30,848000000,2013-08-19,NetIncomeLoss,2026-08-27
MA,operatingIncome,2013-06-30,1228000000,2013-08-19,OperatingIncomeLoss,2026-08-27
MA,receivables,2013-06-30,949000000,2013-08-19,AccountsReceivableNetCurrent,2026-08-27
MA,revenue,2013-06-30,2096000000,2013-08-19,Revenues,2026-08-27
MAA,assets,2013-06-30,2620720000,2013-08-19,Assets,2026-08-27
MAA,cash,2013-06-30,8743000,2013-08-19,CashAndCashEquivalentsAtCarryingValue,2026-08-27
MAA,equity,2013-06-30,980297000,2013-08-19,StockholdersEquity,2026-08-27
MAA,liabilities,2013-06-30,1835113000,2013-08-19,Liabilities,2026-08-27
MAA,netIncome,2013-06-30,47747000,2013-08-19,NetIncomeLoss,2026-08-27
MAA,operatingIncome,2013-06-30,29853000,2013-08-19,OperatingIncomeLoss,2026-08-27
MAA,revenue,2013-06-30,121265000,2013-08-19,Revenues,2026-08-27
MAA,shares,2013-06-30,42744978,2013-08-19,CommonStockSharesOutstanding,2026-08-27
MAR,assets,2013-06-30,6377000000,2013-08-19,Assets,2026-08-27
MAR,cash,2013-06-30,108000000,2013-08-19,CashAndCashEquivalentsAtCarryingValue,2026-08-27
MAR,equity,2013-06-30,-1493000000,2013-08-19,StockholdersEquity,2026-08-27
MAR,netIncome,2013-06-30,179000000,2013-08-19,NetIncomeLoss,2026-08-27
MAR,operatingIncome,2013-06-30,279000000,2013-08-19,OperatingIncomeLoss,2026-08-27
MAR,revenue,2013-06-30,3263000000,2013-08-19,Revenues,2026-08-27
MAS,assets,2013-06-30,7077000000,2013-08-19,Assets,2026-08-27
MAS,cash,2013-06-30,1028000000,2013-08-19,CashAndCashEquivalentsAtCarryingValue,2026-08-27
MAS,debt,2013-06-30,3421000000,2013-08-19,LongTermDebtNoncurrent,2026-08-27
MAS,equity,2013-06-30,356000000,2013-08-19,StockholdersEquity,2026-08-27
MAS,grossProfit,2013-06-30,609000000,2013-08-19,GrossProfit,2026-08-27
MAS,inventory,2013-06-30,791000000,2013-08-19,InventoryNet,2026-08-27
MAS,liabilities,2013-06-30,6513000000,2013-08-19,Liabilities,2026-08-27
MAS,netIncome,2013-06-30,78000000,2013-08-19,NetIncomeLoss,2026-08-27
MAS,operatingIncome,2013-06-30,188000000,2013-08-19,OperatingIncomeLoss,2026-08-27
MAS,revenue,2013-06-30,2149000000,2013-08-19,SalesRevenueNet,2026-08-27
MAS,shares,2013-06-30,349200000,2013-08-19,CommonStockSharesOutstanding,2026-08-27
MCD,assets,2013-06-30,34453400000,2013-08-19,Assets,2026-08-27
MCD,buybacks,2013-06-30,432600000,2013-08-19,PaymentsForRepurchaseOfCommonStock,2026-08-27
MCD,capex,2013-06-30,599400000,2013-08-19,PaymentsToAcquirePropertyPlantAndEquipment,2026-08-27
MCD,cash,2013-06-30,2278400000,2013-08-19,CashAndCashEquivalentsAtCarryingValue,2026-08-27
MCD,debt,2013-06-30,13369800000,2013-08-19,LongTermDebtNoncurrent,2026-08-27
MCD,equity,2013-06-30,15170700000,2013-08-19,StockholdersEquity,2026-08-27
MCD,inventory,2013-06-30,107800000,2013-08-19,InventoryNet,2026-08-27
MCD,netIncome,2013-06-30,1396500000,2013-08-19,NetIncomeLoss,2026-08-27
MCD,operatingCashFlow,2013-06-30,1509800000,2013-08-19,NetCashProvidedByUsedInOperatingActivities,2026-08-27
MCD,operatingIncome,2013-06-30,2197700000,2013-08-19,OperatingIncomeLoss,2026-08-27
MCD,revenue,2013-06-30,7083800000,2013-08-19,Revenues,2026-08-27
MCHP,assets,2013-06-30,3883575000,2013-08-19,Assets,2026-08-27
MCHP,capex,2013-06-30,1616000,2013-08-19,PaymentsToAcquireProductiveAssets,2026-08-27
MCHP,cash,2013-06-30,403231000,2013-08-19,CashAndCashEquivalentsAtCarryingValue,2026-08-27
MCHP,equity,2013-06-30,1954260000,2013-08-19,StockholdersEquity,2026-08-27
MCHP,grossProfit,2013-06-30,266574000,2013-08-19,GrossProfit,2026-08-27
MCHP,inventory,2013-06-30,256136000,2013-08-19,InventoryNet,2026-08-27
MCHP,netIncome,2013-06-30,78579000,2013-08-19,NetIncomeLoss,2026-08-27
MCHP,operatingCashFlow,2013-06-30,167372000,2013-08-19,NetCashProvidedByUsedInOperatingActivities,2026-08-27
MCHP,operatingIncome,2013-06-30,98401000,2013-08-19,OperatingIncomeLoss,2026-08-27
MCHP,receivables,2013-06-30,232262000,2013-08-19,AccountsReceivableNetCurrent,2026-08-27
MCHP,revenue,2013-06-30,462792000,2013-08-19,SalesRevenueNet,2026-08-27
MCHP,rnd,2013-06-30,73085000,2013-08-19,ResearchAndDevelopmentExpense,2026-08-27
MCHP,shares,2013-06-30,197300452,2013-08-19,CommonStockSharesOutstanding,2026-08-27
MCK,assets,2013-06-30,35491000000,2013-08-19,Assets,2026-08-27
MCK,buybacks,2013-06-30,127000000,2013-08-19,PaymentsForRepurchaseOfCommonStock,2026-08-27
MCK,capex,2013-06-30,69000000,2013-08-19,PaymentsToAcquirePropertyPlantAndEquipment,2026-08-27
MCK,cash,2013-06-30,2905000000,2013-08-19,CashAndCashEquivalentsAtCarryingValue,2026-08-27
MCK,grossProfit,2013-06-30,1930000000,2013-08-19,GrossProfit,2026-08-27
MCK,inventory,2013-06-30,10332000000,2013-08-19,InventoryNet,2026-08-27
MCK,netIncome,2013-06-30,424000000,2013-08-19,NetIncomeLoss,2026-08-27
MCK,operatingCashFlow,2013-06-30,716000000,2013-08-19,NetCashProvidedByUsedInOperatingActivities,2026-08-27
MCK,operatingIncome,2013-06-30,655000000,2013-08-19,OperatingIncomeLoss,2026-08-27
MCK,revenue,2013-06-30,32239000000,2013-08-19,SalesRevenueNet,2026-08-27
MCO,assets,2013-06-30,3794300000,2013-08-19,Assets,2026-08-27
MCO,cash,2013-06-30,1633000000,2013-08-19,CashAndCashEquivalentsAtCarryingValue,2026-08-27
MCO,debt,2013-06-30,1605000000,2013-08-19,LongTermDebtNoncurrent,2026-08-27
MCO,equity,2013-06-30,447600000,2013-08-19,StockholdersEquity,2026-08-27
MCO,liabilities,2013-06-30,3258800000,2013-08-19,Liabilities,2026-08-27
MCO,netIncome,2013-06-30,225500000,2013-08-19,NetIncomeLoss,2026-08-27
MCO,operatingIncome,2013-06-30,350800000,2013-08-19,OperatingIncomeLoss,2026-08-27
MCO,receivables,2013-06-30,607700000,2013-08-19,AccountsReceivableNetCurrent,2026-08-27
MCO,revenue,2013-06-30,756000000,2013-08-19,Revenues,2026-08-27
MDLZ,assets,2013-06-30,71823000000,2013-08-19,Assets,2026-08-27
MDLZ,cash,2013-06-30,2476000000,2013-08-19,CashAndCashEquivalentsAtCarryingValue,2026-08-27
MDLZ,equity,2013-06-30,31407000000,2013-08-19,StockholdersEquity,2026-08-27
MDLZ,grossProfit,2013-06-30,3231000000,2013-08-19,GrossProfit,2026-08-27
MDLZ,inventory,2013-06-30,3937000000,2013-08-19,InventoryNet,2026-08-27
MDLZ,liabilities,2013-06-30,40274000000,2013-08-19,Liabilities,2026-08-27
MDLZ,netIncome,2013-06-30,601000000,2013-08-19,NetIncomeLoss,2026-08-27
MDLZ,operatingIncome,2013-06-30,865000000,2013-08-19,OperatingIncomeLoss,2026-08-27
MDLZ,revenue,2013-06-30,8595000000,2013-08-19,Revenues,2026-08-27
MDT,cash,2013-04-26,919000000,2013-06-15,CashAndCashEquivalentsAtCarryingValue,2026-08-27
MDT,equity,2013-04-26,18671000000,2013-06-15,StockholdersEquity,2026-08-27
MET,assets,2013-06-30,815662000000,2013-08-19,Assets,2026-08-27
MET,cash,2013-06-30,9184000000,2013-08-19,CashAndCashEquivalentsAtCarryingValue,2026-08-27
MET,equity,2013-06-30,60003000000,2013-08-19,StockholdersEquity,2026-08-27
MET,liabilities,2013-06-30,755124000000,2013-08-19,Liabilities,2026-08-27
MET,netIncome,2013-06-30,502000000,2013-08-19,NetIncomeLoss,2026-08-27
MET,revenue,2013-06-30,15721000000,2013-08-19,Revenues,2026-08-27
MET,shares,2013-06-30,1096601549,2013-08-19,CommonStockSharesOutstanding,2026-08-27
META,assets,2013-06-30,15724000000,2013-08-19,Assets,2026-08-27
META,cash,2013-06-30,3001000000,2013-08-19,CashAndCashEquivalentsAtCarryingValue,2026-08-27
META,debt,2013-06-30,1500000000,2013-08-19,LongTermDebtNoncurrent,2026-08-27
META,equity,2013-06-30,12349000000,2013-08-19,StockholdersEquity,2026-08-27
META,liabilities,2013-06-30,3375000000,2013-08-19,Liabilities,2026-08-27
META,netIncome,2013-06-30,333000000,2013-08-19,NetIncomeLoss,2026-08-27
META,operatingIncome,2013-06-30,562000000,2013-08-19,OperatingIncomeLoss,2026-08-27
META,receivables,2013-06-30,775000000,2013-08-19,AccountsReceivableNetCurrent,2026-08-27
META,revenue,2013-06-30,1813000000,2013-08-19,Revenues,2026-08-27
META,rnd,2013-06-30,344000000,2013-08-19,ResearchAndDevelopmentExpense,2026-08-27
MGM,assets,2013-06-30,25722137000,2013-08-19,Assets,2026-08-27
MGM,cash,2013-06-30,1278673000,2013-08-19,CashAndCashEquivalentsAtCarryingValue,2026-08-27
MGM,debt,2013-06-30,13111961000,2013-08-19,LongTermDebtNoncurrent,2026-08-27
MGM,equity,2013-06-30,4289061000,2013-08-19,StockholdersEquity,2026-08-27
MGM,inventory,2013-06-30,101110000,2013-08-19,InventoryNet,2026-08-27
MGM,liabilities,2013-06-30,17864971000,2013-08-19,Liabilities,2026-08-27
MGM,netIncome,2013-06-30,-98781000,2013-08-19,NetIncomeLoss,2026-08-27
MGM,operatingIncome,2013-06-30,235753000,2013-08-19,OperatingIncomeLoss,2026-08-27
MGM,revenue,2013-06-30,2481265000,2013-08-19,Revenues,2026-08-27
MGM,shares,2013-06-30,489596581,2013-08-19,CommonStockSharesOutstanding,2026-08-27
MKC,assets,2013-05-31,4208800000,2013-07-20,Assets,2026-08-27
MKC,cash,2013-05-31,72100000,2013-07-20,CashAndCashEquivalentsAtCarryingValue,2026-08-27
MKC,debt,2013-05-31,774400000,2013-07-20,LongTermDebtNoncurrent,2026-08-27
MKC,grossProfit,2013-05-31,394400000,2013-07-20,GrossProfit,2026-08-27
MKC,liabilities,2013-05-31,2475100000,2013-07-20,Liabilities,2026-08-27
MKC,netIncome,2013-05-31,78600000,2013-07-20,NetIncomeLoss,2026-08-27
MKC,operatingIncome,2013-05-31,116000000,2013-07-20,OperatingIncomeLoss,2026-08-27
MKC,receivables,2013-05-31,399900000,2013-07-20,AccountsReceivableNetCurrent,2026-08-27
MKC,revenue,2013-05-31,1002600000,2013-07-20,SalesRevenueNet,2026-08-27
MLM,assets,2013-06-30,3231119000,2013-08-19,Assets,2026-08-27
MLM,cash,2013-06-30,43712000,2013-08-19,CashAndCashEquivalentsAtCarryingValue,2026-08-27
MLM,debt,2013-06-30,1087150000,2013-08-19,LongTermDebtNoncurrent,2026-08-27
MLM,equity,2013-06-30,1402138000,2013-08-19,StockholdersEquity,2026-08-27
MLM,grossProfit,2013-06-30,106996000,2013-08-19,GrossProfit,2026-08-27
MLM,inventory,2013-06-30,348873000,2013-08-19,InventoryNet,2026-08-27
MLM,liabilities,2013-06-30,1790452000,2013-08-19,Liabilities,2026-08-27
MLM,netIncome,2013-06-30,41308000,2013-08-19,NetIncomeLoss,2026-08-27
MLM,operatingIncome,2013-06-30,69635000,2013-08-19,OperatingIncomeLoss,2026-08-27
MLM,receivables,2013-06-30,287521000,2013-08-19,AccountsReceivableNetCurrent,2026-08-27
MLM,revenue,2013-06-30,561326000,2013-08-19,SalesRevenueNet,2026-08-27
MMM,assets,2013-06-30,34130000000,2013-08-19,Assets,2026-08-27
MMM,cash,2013-06-30,2942000000,2013-08-19,CashAndCashEquivalentsAtCarryingValue,2026-08-27
MMM,debt,2013-06-30,4884000000,2013-08-19,LongTermDebtNoncurrent,2026-08-27
MMM,equity,2013-06-30,17876000000,2013-08-19,StockholdersEquity,2026-08-27
MMM,inventory,2013-06-30,3919000000,2013-08-19,InventoryNet,2026-08-27
MMM,liabilities,2013-06-30,15811000000,2013-08-19,Liabilities,2026-08-27
MMM,netIncome,2013-06-30,1197000000,2013-08-19,NetIncomeLoss,2026-08-27
MMM,operatingIncome,2013-06-30,1702000000,2013-08-19,OperatingIncomeLoss,2026-08-27
MMM,receivables,2013-06-30,4542000000,2013-08-19,AccountsReceivableNetCurrent,2026-08-27
MMM,revenue,2013-06-30,7752000000,2013-08-19,SalesRevenueNet,2026-08-27
MNST,assets,2013-06-30,1317842000,2013-08-19,Assets,2026-08-27
MNST,cash,2013-06-30,283839000,2013-08-19,CashAndCashEquivalentsAtCarryingValue,2026-08-27
MNST,equity,2013-06-30,856021000,2013-08-19,StockholdersEquity,2026-08-27
MNST,grossProfit,2013-06-30,336262000,2013-08-19,GrossProfit,2026-08-27
MNST,inventory,2013-06-30,233549000,2013-08-19,InventoryNet,2026-08-27
MNST,operatingIncome,2013-06-30,179427000,2013-08-19,OperatingIncomeLoss,2026-08-27
MNST,receivables,2013-06-30,342221000,2013-08-19,AccountsReceivableNetCurrent,2026-08-27
MNST,shares,2013-06-30,167365000,2013-08-19,CommonStockSharesOutstanding,2026-08-27
MO,assets,2013-06-30,34440000000,2013-08-19,Assets,2026-08-27
MO,cash,2013-06-30,2571000000,2013-08-19,CashAndCashEquivalentsAtCarryingValue,2026-08-27
MO,debt,2013-06-30,12890000000,2013-08-19,LongTermDebtNoncurrent,2026-08-27
MO,equity,2013-06-30,3565000000,2013-08-19,StockholdersEquity,2026-08-27
MO,grossProfit,2013-06-30,2554000000,2013-08-19,GrossProfit,2026-08-27
MO,inventory,2013-06-30,1701000000,2013-08-19,InventoryNet,2026-08-27
MO,liabilities,2013-06-30,30841000000,2013-08-19,Liabilities,2026-08-27
MO,netIncome,2013-06-30,1266000000,2013-08-19,NetIncomeLoss,2026-08-27
MO,operatingIncome,2013-06-30,2001000000,2013-08-19,OperatingIncomeLoss,2026-08-27
MO,revenue,2013-06-30,6305000000,2013-08-19,SalesRevenueNet,2026-08-27
MOS,assets,2013-05-31,18086000000,2013-07-20,Assets,2026-08-27
MOS,capex,2013-06-30,374000000,2013-08-19,PaymentsToAcquirePropertyPlantAndEquipment,2026-08-27
MOS,cash,2013-06-30,3915500000,2013-08-19,CashAndCashEquivalentsAtCarryingValue,2026-08-27
MOS,debt,2013-05-31,1010500000,2013-07-20,LongTermDebt,2026-08-27
MOS,equity,2013-05-31,13425400000,2013-07-20,StockholdersEquity,2026-08-27
MOS,grossProfit,2013-06-30,665300000,2013-08-19,GrossProfit,2026-08-27
MOS,inventory,2013-05-31,1557300000,2013-07-20,InventoryNet,2026-08-27
MOS,netIncome,2013-06-30,429800000,2013-08-19,NetIncomeLoss,2026-08-27
MOS,operatingIncome,2013-06-30,525700000,2013-08-19,OperatingIncomeLoss,2026-08-27
MPC,assets,2013-06-30,29695000000,2013-08-19,Assets,2026-08-27
MPC,buybacks,2013-06-30,882000000,2013-08-19,PaymentsForRepurchaseOfCommonStock,2026-08-27
MPC,cash,2013-06-30,3069000000,2013-08-19,CashAndCashEquivalentsAtCarryingValue,2026-08-27
MPC,equity,2013-06-30,11784000000,2013-08-19,StockholdersEquity,2026-08-27
MPC,inventory,2013-06-30,4830000000,2013-08-19,InventoryNet,2026-08-27
MPC,liabilities,2013-06-30,17498000000,2013-08-19,Liabilities,2026-08-27
MPC,netIncome,2013-06-30,593000000,2013-08-19,NetIncomeLoss,2026-08-27
MPC,operatingIncome,2013-06-30,960000000,2013-08-19,OperatingIncomeLoss,2026-08-27
MPC,receivables,2013-06-30,6163000000,2013-08-19,AccountsReceivableNetCurrent,2026-08-27
MPC,revenue,2013-06-30,25677000000,2013-08-19,Revenues,2026-08-27
MPWR,assets,2013-06-30,332594000,2013-08-19,Assets,2026-08-27
MPWR,cash,2013-06-30,101735000,2013-08-19,CashAndCashEquivalentsAtCarryingValue,2026-08-27
MPWR,equity,2013-06-30,293962000,2013-08-19,StockholdersEquity,2026-08-27
MPWR,grossProfit,2013-06-30,30928000,2013-08-19,GrossProfit,2026-08-27
MPWR,inventory,2013-06-30,40268000,2013-08-19,InventoryNet,2026-08-27
MPWR,liabilities,2013-06-30,38632000,2013-08-19,Liabilities,2026-08-27
MPWR,netIncome,2013-06-30,5489000,2013-08-19,NetIncomeLoss,2026-08-27
MPWR,operatingIncome,2013-06-30,4914000,2013-08-19,OperatingIncomeLoss,2026-08-27
MPWR,receivables,2013-06-30,20319000,2013-08-19,AccountsReceivableNetCurrent,2026-08-27
MPWR,revenue,2013-06-30,57714000,2013-08-19,Revenues,2026-08-27
MPWR,shares,2013-06-30,37336000,2013-08-19,CommonStockSharesOutstanding,2026-08-27
MRK,assets,2013-06-30,106876000000,2013-08-19,Assets,2026-08-27
MRK,cash,2013-06-30,15090000000,2013-08-19,CashAndCashEquivalentsAtCarryingValue,2026-08-27
MRK,debt,2013-06-30,22526000000,2013-08-19,LongTermDebtNoncurrent,2026-08-27
MRK,equity,2013-06-30,47500000000,2013-08-19,StockholdersEquity,2026-08-27
MRK,inventory,2013-06-30,6766000000,2013-08-19,InventoryNet,2026-08-27
MRK,netIncome,2013-06-30,906000000,2013-08-19,NetIncomeLoss,2026-08-27
MRK,receivables,2013-06-30,7779000000,2013-08-19,AccountsReceivableNetCurrent,2026-08-27
MRK,rnd,2013-06-30,2101000000,2013-08-19,ResearchAndDevelopmentExpense,2026-08-27
MRSH,assets,2013-06-30,15838000000,2013-08-19,Assets,2026-08-27
MRSH,cash,2013-06-30,1230000000,2013-08-19,CashAndCashEquivalentsAtCarryingValue,2026-08-27
MRSH,netIncome,2013-06-30,388000000,2013-08-19,NetIncomeLoss,2026-08-27
MRSH,operatingIncome,2013-06-30,577000000,2013-08-19,OperatingIncomeLoss,2026-08-27
MRSH,shares,2013-06-30,549000000,2013-08-19,CommonStockSharesOutstanding,2026-08-27
MS,assets,2013-06-30,802691000000,2013-08-19,Assets,2026-08-27
MS,cash,2013-06-30,47199000000,2013-08-19,CashAndCashEquivalentsAtCarryingValue,2026-08-27
MS,debt,2013-06-30,161098000000,2013-08-19,LongTermDebt,2026-08-27
MS,equity,2013-06-30,63181000000,2013-08-19,StockholdersEquity,2026-08-27
MS,liabilities,2013-06-30,736577000000,2013-08-19,Liabilities,2026-08-27
MS,netIncome,2013-06-30,980000000,2013-08-19,NetIncomeLoss,2026-08-27
MS,revenue,2013-06-30,8520000000,2013-08-19,Revenues,2026-08-27
MS,shares,2013-06-30,1959326270,2013-08-19,CommonStockSharesOutstanding,2026-08-27
MSCI,assets,2013-06-30,3105098000,2013-08-19,Assets,2026-08-27
MSCI,cash,2013-06-30,334701000,2013-08-19,CashAndCashEquivalentsAtCarryingValue,2026-08-27
MSCI,debt,2013-06-30,775072000,2013-08-19,LongTermDebtNoncurrent,2026-08-27
MSCI,equity,2013-06-30,1555828000,2013-08-19,StockholdersEquity,2026-08-27
MSCI,liabilities,2013-06-30,1549270000,2013-08-19,Liabilities,2026-08-27
MSCI,netIncome,2013-06-30,61053000,2013-08-19,NetIncomeLoss,2026-08-27
MSCI,operatingIncome,2013-06-30,89889000,2013-08-19,OperatingIncomeLoss,2026-08-27
MSCI,receivables,2013-06-30,160101000,2013-08-19,AccountsReceivableNetCurrent,2026-08-27
MSCI,revenue,2013-06-30,228423000,2013-08-19,Revenues,2026-08-27
MSCI,shares,2013-06-30,120930933,2013-08-19,CommonStockSharesOutstanding,2026-08-27
MSFT,assets,2013-06-30,142431000000,2013-08-19,Assets,2026-08-27
MSFT,cash,2013-06-30,3804000000,2013-08-19,CashAndCashEquivalentsAtCarryingValue,2026-08-27
MSFT,debt,2013-06-30,12601000000,2013-08-19,LongTermDebtNoncurrent,2026-08-27
MSFT,equity,2013-06-30,78944000000,2013-08-19,StockholdersEquity,2026-08-27
MSFT,grossProfit,2013-06-30,14294000000,2013-08-19,GrossProfit,2026-08-27
MSFT,inventory,2013-06-30,1938000000,2013-08-19,InventoryNet,2026-08-27
MSFT,liabilities,2013-06-30,63487000000,2013-08-19,Liabilities,2026-08-27
MSFT,netIncome,2013-06-30,4965000000,2013-08-19,NetIncomeLoss,2026-08-27
MSFT,receivables,2013-06-30,17486000000,2013-08-19,AccountsReceivableNetCurrent,2026-08-27
MSFT,revenue,2013-06-30,19896000000,2013-08-19,SalesRevenueNet,2026-08-27
MSFT,shares,2013-06-30,8328000000,2013-08-19,CommonStockSharesOutstanding,2026-08-27
MSI,assets,2013-06-29,12160000000,2013-08-18,Assets,2026-08-27
MSI,cash,2013-06-29,1457000000,2013-08-18,CashAndCashEquivalentsAtCarryingValue,2026-08-27
MSI,debt,2013-06-29,2452000000,2013-08-18,LongTermDebtNoncurrent,2026-08-27
MSI,equity,2013-06-29,2791000000,2013-08-18,StockholdersEquity,2026-08-27
MSI,grossProfit,2013-06-29,750000000,2013-08-18,GrossProfit,2026-08-27
MSI,inventory,2013-06-29,498000000,2013-08-18,InventoryNet,2026-08-27
MSI,netIncome,2013-06-29,258000000,2013-08-18,NetIncomeLoss,2026-08-27
MSI,operatingIncome,2013-06-29,203000000,2013-08-18,OperatingIncomeLoss,2026-08-27
MSI,receivables,2013-06-29,1707000000,2013-08-18,AccountsReceivableNetCurrent,2026-08-27
MSI,revenue,2013-06-29,1497000000,2013-08-18,Revenues,2026-08-27
MSI,rnd,2013-06-29,195000000,2013-08-18,ResearchAndDevelopmentExpense,2026-08-27
MSI,shares,2013-06-29,265900000,2013-08-18,CommonStockSharesOutstanding,2026-08-27
MTB,assets,2013-06-30,83229005000,2013-08-19,Assets,2026-08-27
MTB,cash,2013-06-30,1474502000,2013-08-19,CashAndCashEquivalentsAtCarryingValue,2026-08-27
MTB,debt,2013-06-30,5122398000,2013-08-19,LongTermDebt,2026-08-27
MTB,equity,2013-06-30,10716330000,2013-08-19,StockholdersEquity,2026-08-27
MTB,liabilities,2013-06-30,72512675000,2013-08-19,Liabilities,2026-08-27
MTB,netIncome,2013-06-30,348466000,2013-08-19,NetIncomeLoss,2026-08-27
MTD,assets,2013-06-30,2133437000,2013-08-19,Assets,2026-08-27
MTD,cash,2013-06-30,120217000,2013-08-19,CashAndCashEquivalentsAtCarryingValue,2026-08-27
MTD,debt,2013-06-30,443727000,2013-08-19,LongTermDebtNoncurrent,2026-08-27
MTD,equity,2013-06-30,811102000,2013-08-19,StockholdersEquity,2026-08-27
MTD,grossProfit,2013-06-30,308843000,2013-08-19,GrossProfit,2026-08-27
MTD,inventory,2013-06-30,203288000,2013-08-19,InventoryNet,2026-08-27
MTD,liabilities,2013-06-30,1322335000,2013-08-19,Liabilities,2026-08-27
MTD,netIncome,2013-06-30,69062000,2013-08-19,NetIncomeLoss,2026-08-27
MTD,receivables,2013-06-30,418031000,2013-08-19,AccountsReceivableNetCurrent,2026-08-27
MTD,revenue,2013-06-30,578680000,2013-08-19,Revenues,2026-08-27
MTD,rnd,2013-06-30,29003000,2013-08-19,ResearchAndDevelopmentExpense,2026-08-27
MTD,shares,2013-06-30,29945248,2013-08-19,CommonStockSharesOutstanding,2026-08-27
MU,assets,2013-05-30,14055000000,2013-07-19,Assets,2026-08-27
MU,cash,2013-05-30,2440000000,2013-07-19,CashAndCashEquivalentsAtCarryingValue,2026-08-27
MU,debt,2013-05-30,3267000000,2013-07-19,LongTermDebtNoncurrent,2026-08-27
MU,equity,2013-05-30,7328000000,2013-07-19,StockholdersEquity,2026-08-27
MU,grossProfit,2013-05-30,556000000,2013-07-19,GrossProfit,2026-08-27
MU,inventory,2013-05-30,1732000000,2013-07-19,InventoryNet,2026-08-27
MU,liabilities,2013-05-30,6029000000,2013-07-19,Liabilities,2026-08-27
MU,netIncome,2013-05-30,43000000,2013-07-19,NetIncomeLoss,2026-08-27
MU,operatingIncome,2013-05-30,149000000,2013-07-19,OperatingIncomeLoss,2026-08-27
MU,receivables,2013-05-30,1250000000,2013-07-19,AccountsReceivableNetCurrent,2026-08-27
MU,revenue,2013-05-30,2318000000,2013-07-19,SalesRevenueNet,2026-08-27
MU,rnd,2013-05-30,226000000,2013-07-19,ResearchAndDevelopmentExpense,2026-08-27
MU,shares,2013-05-30,1034700000,2013-07-19,CommonStockSharesOutstanding,2026-08-27
NCLH,assets,2013-06-30,6588633000,2013-08-19,Assets,2026-08-27
NCLH,cash,2013-06-30,82840000,2013-08-19,CashAndCashEquivalentsAtCarryingValue,2026-08-27
NCLH,equity,2013-06-30,2353653000,2013-08-19,StockholdersEquity,2026-08-27
NCLH,inventory,2013-06-30,45429000,2013-08-19,InventoryNet,2026-08-27
NCLH,liabilities,2013-06-30,4204340000,2013-08-19,Liabilities,2026-08-27
NCLH,netIncome,2013-06-30,-8841000,2013-08-19,NetIncomeLoss,2026-08-27
NCLH,operatingIncome,2013-06-30,95389000,2013-08-19,OperatingIncomeLoss,2026-08-27
NCLH,receivables,2013-06-30,16370000,2013-08-19,AccountsReceivableNetCurrent,2026-08-27
NCLH,revenue,2013-06-30,644433000,2013-08-19,Revenues,2026-08-27
NCLH,shares,2013-06-30,204014702,2013-08-19,CommonStockSharesOutstanding,2026-08-27
NDAQ,assets,2013-06-30,11953000000,2013-08-19,Assets,2026-08-27
NDAQ,cash,2013-06-30,379000000,2013-08-19,CashAndCashEquivalentsAtCarryingValue,2026-08-27
NDAQ,debt,2013-06-30,2647000000,2013-08-19,LongTermDebtNoncurrent,2026-08-27
NDAQ,equity,2013-06-30,5862000000,2013-08-19,StockholdersEquity,2026-08-27
NDAQ,grossProfit,2013-06-30,451000000,2013-08-19,GrossProfit,2026-08-27
NDAQ,liabilities,2013-06-30,6090000000,2013-08-19,Liabilities,2026-08-27
NDAQ,netIncome,2013-06-30,88000000,2013-08-19,NetIncomeLoss,2026-08-27
NDAQ,operatingIncome,2013-06-30,159000000,2013-08-19,OperatingIncomeLoss,2026-08-27
NDAQ,revenue,2013-06-30,814000000,2013-08-19,Revenues,2026-08-27
NDAQ,shares,2013-06-30,167221434,2013-08-19,CommonStockSharesOutstanding,2026-08-27
NDSN,assets,2013-04-30,1857337000,2013-06-19,Assets,2026-08-27
NDSN,cash,2013-04-30,62792000,2013-06-19,CashAndCashEquivalentsAtCarryingValue,2026-08-27
NDSN,debt,2013-04-30,551560000,2013-06-19,LongTermDebtNoncurrent,2026-08-27
NDSN,equity,2013-04-30,735595000,2013-06-19,StockholdersEquity,2026-08-27
NDSN,grossProfit,2013-04-30,216938000,2013-06-19,GrossProfit,2026-08-27
NDSN,inventory,2013-04-30,188520000,2013-06-19,InventoryNet,2026-08-27
NDSN,netIncome,2013-04-30,54605000,2013-06-19,NetIncomeLoss,2026-08-27
NDSN,operatingIncome,2013-04-30,82202000,2013-06-19,OperatingIncomeLoss,2026-08-27
NDSN,revenue,2013-04-30,382100000,2013-06-19,SalesRevenueNet,2026-08-27
NEE,assets,2013-06-30,65217000000,2013-08-19,Assets,2026-08-27
NEE,cash,2013-06-30,411000000,2013-08-19,CashAndCashEquivalentsAtCarryingValue,2026-08-27
NEE,debt,2013-06-30,23514000000,2013-08-19,LongTermDebtNoncurrent,2026-08-27
NEE,inventory,2013-06-30,1120000000,2013-08-19,InventoryNet,2026-08-27
NEE,netIncome,2013-06-30,610000000,2013-08-19,NetIncomeLoss,2026-08-27
NEE,operatingIncome,2013-06-30,981000000,2013-08-19,OperatingIncomeLoss,2026-08-27
NEE,receivables,2013-06-30,1809000000,2013-08-19,AccountsReceivableNetCurrent,2026-08-27
NEE,revenue,2013-06-30,3833000000,2013-08-19,Revenues,2026-08-27
NEE,shares,2013-06-30,425000000,2013-08-19,CommonStockSharesOutstanding,2026-08-27
NEM,assets,2013-06-30,26476000000,2013-08-19,Assets,2026-08-27
NEM,cash,2013-06-30,1248000000,2013-08-19,CashAndCashEquivalentsAtCarryingValue,2026-08-27
NEM,debt,2013-06-30,6726000000,2013-08-19,LongTermDebtNoncurrent,2026-08-27
NEM,equity,2013-06-30,11226000000,2013-08-19,StockholdersEquity,2026-08-27
NEM,grossProfit,2013-06-30,-97000000,2013-08-19,GrossProfit,2026-08-27
NEM,inventory,2013-06-30,803000000,2013-08-19,InventoryNet,2026-08-27
NEM,liabilities,2013-06-30,12238000000,2013-08-19,Liabilities,2026-08-27
NEM,netIncome,2013-06-30,-2059000000,2013-08-19,NetIncomeLoss,2026-08-27
NEM,receivables,2013-06-30,257000000,2013-08-19,AccountsReceivableNetCurrent,2026-08-27
NEM,rnd,2013-06-30,46000000,2013-08-19,ResearchAndDevelopmentExpense,2026-08-27
NFLX,assets,2013-06-30,4480751000,2013-08-19,Assets,2026-08-27
NFLX,capex,2013-06-30,8088000,2013-08-19,PaymentsToAcquirePropertyPlantAndEquipment,2026-08-27
NFLX,cash,2013-06-30,370678000,2013-08-19,CashAndCashEquivalentsAtCarryingValue,2026-08-27
NFLX,debt,2013-06-30,500000000,2013-08-19,LongTermDebtNoncurrent,2026-08-27
NFLX,equity,2013-06-30,1105622000,2013-08-19,StockholdersEquity,2026-08-27
NFLX,grossProfit,2013-06-30,308698000,2013-08-19,GrossProfit,2026-08-27
NFLX,liabilities,2013-06-30,3375129000,2013-08-19,Liabilities,2026-08-27
NFLX,netIncome,2013-06-30,29471000,2013-08-19,NetIncomeLoss,2026-08-27
NFLX,operatingCashFlow,2013-06-30,33943000,2013-08-19,NetCashProvidedByUsedInOperatingActivities,2026-08-27
NFLX,operatingIncome,2013-06-30,57117000,2013-08-19,OperatingIncomeLoss,2026-08-27
NFLX,revenue,2013-06-30,1069372000,2013-08-19,Revenues,2026-08-27
NFLX,rnd,2013-06-30,93126000,2013-08-19,ResearchAndDevelopmentExpense,2026-08-27
NFLX,shares,2013-06-30,58922493,2013-08-19,CommonStockSharesOutstanding,2026-08-27
NI,assets,2013-06-30,21621600000,2013-08-19,Assets,2026-08-27
NI,cash,2013-06-30,44500000,2013-08-19,CashAndCashEquivalentsAtCarryingValue,2026-08-27
NI,equity,2013-06-30,5702700000,2013-08-19,StockholdersEquity,2026-08-27
NI,grossProfit,2013-06-30,852200000,2013-08-19,GrossProfit,2026-08-27
NI,netIncome,2013-06-30,71700000,2013-08-19,NetIncomeLoss,2026-08-27
NI,operatingIncome,2013-06-30,194000000,2013-08-19,OperatingIncomeLoss,2026-08-27
NI,receivables,2013-06-30,716500000,2013-08-19,AccountsReceivableNetCurrent,2026-08-27
NI,revenue,2013-06-30,1201500000,2013-08-19,Revenues,2026-08-27
NI,shares,2013-06-30,312420078,2013-08-19,CommonStockSharesOutstanding,2026-08-27
NKE,assets,2013-05-31,17545000000,2013-07-20,Assets,2026-08-27
NKE,cash,2013-05-31,3337000000,2013-07-20,CashAndCashEquivalentsAtCarryingValue,2026-08-27
NKE,debt,2013-05-31,1210000000,2013-07-20,LongTermDebtNoncurrent,2026-08-27
NKE,equity,2013-05-31,11081000000,2013-07-20,StockholdersEquity,2026-08-27
NKE,receivables,2013-05-31,3117000000,2013-07-20,AccountsReceivableNetCurrent,2026-08-27
NOC,assets,2013-06-30,27508000000,2013-08-19,Assets,2026-08-27
NOC,cash,2013-06-30,4904000000,2013-08-19,CashAndCashEquivalentsAtCarryingValue,2026-08-27
NOC,equity,2013-06-30,9558000000,2013-08-19,StockholdersEquity,2026-08-27
NOC,liabilities,2013-06-30,17950000000,2013-08-19,Liabilities,2026-08-27
NOC,netIncome,2013-06-30,488000000,2013-08-19,NetIncomeLoss,2026-08-27
NOC,operatingIncome,2013-06-30,806000000,2013-08-19,OperatingIncomeLoss,2026-08-27
NOC,revenue,2013-06-30,6294000000,2013-08-19,Revenues,2026-08-27
NOC,shares,2013-06-30,230801552,2013-08-19,CommonStockSharesOutstanding,2026-08-27
NOW,assets,2013-06-30,542333000,2013-08-19,Assets,2026-08-27
NOW,cash,2013-06-30,120233000,2013-08-19,CashAndCashEquivalentsAtCarryingValue,2026-08-27
NOW,equity,2013-06-30,267895000,2013-08-19,StockholdersEquity,2026-08-27
NOW,grossProfit,2013-06-30,66224000,2013-08-19,GrossProfit,2026-08-27
NOW,liabilities,2013-06-30,274438000,2013-08-19,Liabilities,2026-08-27
NOW,netIncome,2013-06-30,-21405000,2013-08-19,NetIncomeLoss,2026-08-27
NOW,operatingIncome,2013-06-30,-19343000,2013-08-19,OperatingIncomeLoss,2026-08-27
NOW,revenue,2013-06-30,102222000,2013-08-19,Revenues,2026-08-27
NOW,rnd,2013-06-30,17951000,2013-08-19,ResearchAndDevelopmentExpense,2026-08-27
NRG,assets,2013-06-30,34492000000,2013-08-19,Assets,2026-08-27
NRG,cash,2013-06-30,1368000000,2013-08-19,CashAndCashEquivalentsAtCarryingValue,2026-08-27
NRG,debt,2013-06-30,16610000000,2013-08-19,LongTermDebt,2026-08-27
NRG,inventory,2013-06-30,874000000,2013-08-19,InventoryNet,2026-08-27
NRG,liabilities,2013-06-30,23940000000,2013-08-19,Liabilities,2026-08-27
NRG,netIncome,2013-06-30,124000000,2013-08-19,NetIncomeLoss,2026-08-27
NRG,operatingIncome,2013-06-30,287000000,2013-08-19,OperatingIncomeLoss,2026-08-27
NRG,receivables,2013-06-30,1290000000,2013-08-19,AccountsReceivableNetCurrent,2026-08-27
NRG,revenue,2013-06-30,2929000000,2013-08-19,Revenues,2026-08-27
NRG,rnd,2013-06-30,21000000,2013-08-19,ResearchAndDevelopmentExpense,2026-08-27
NRG,shares,2013-06-30,322568398,2013-08-19,CommonStockSharesOutstanding,2026-08-27
NSC,assets,2013-06-30,30605000000,2013-08-19,Assets,2026-08-27
NSC,cash,2013-06-30,587000000,2013-08-19,CashAndCashEquivalentsAtCarryingValue,2026-08-27
NSC,debt,2013-06-30,8477000000,2013-08-19,LongTermDebt,2026-08-27
NSC,liabilities,2013-06-30,20417000000,2013-08-19,Liabilities,2026-08-27
NSC,operatingIncome,2013-06-30,836000000,2013-08-19,OperatingIncomeLoss,2026-08-27
NSC,receivables,2013-06-30,1072000000,2013-08-19,AccountsReceivableNetCurrent,2026-08-27
NSC,revenue,2013-06-30,2802000000,2013-08-19,Revenues,2026-08-27
NSC,shares,2013-06-30,311952780,2013-08-19,CommonStockSharesOutstanding,2026-08-27
NTAP,assets,2013-04-26,11242400000,2013-06-15,Assets,2026-08-27
NTAP,cash,2013-04-26,3277000000,2013-06-15,CashAndCashEquivalentsAtCarryingValue,2026-08-27
NTAP,debt,2013-04-26,994600000,2013-06-15,LongTermDebtNoncurrent,2026-08-27
NTAP,equity,2013-04-26,4718000000,2013-06-15,StockholdersEquity,2026-08-27
NTAP,grossProfit,2013-04-26,1032200000,2013-06-15,GrossProfit,2026-08-27
NTAP,inventory,2013-04-26,139500000,2013-06-15,InventoryNet,2026-08-27
NTAP,liabilities,2013-04-26,6524900000,2013-06-15,Liabilities,2026-08-27
NTAP,netIncome,2013-04-26,173800000,2013-06-15,NetIncomeLoss,2026-08-27
NTAP,receivables,2013-04-26,800900000,2013-06-15,AccountsReceivableNetCurrent,2026-08-27
NTAP,revenue,2013-04-26,1716500000,2013-06-15,SalesRevenueNet,2026-08-27
NTRS,assets,2013-06-30,97236000000,2013-08-19,Assets,2026-08-27
NTRS,equity,2013-06-30,7724600000,2013-08-19,StockholdersEquity,2026-08-27
NTRS,liabilities,2013-06-30,89511400000,2013-08-19,Liabilities,2026-08-27
NTRS,netIncome,2013-06-30,191100000,2013-08-19,NetIncomeLoss,2026-08-27
NTRS,shares,2013-06-30,240137628,2013-08-19,CommonStockSharesOutstanding,2026-08-27
NUE,assets,2013-06-29,13766651000,2013-08-18,Assets,2026-08-27
NUE,cash,2013-06-29,630467000,2013-08-18,CashAndCashEquivalentsAtCarryingValue,2026-08-27
NUE,debt,2013-06-29,3380200000,2013-08-18,LongTermDebtNoncurrent,2026-08-27
NUE,equity,2013-06-29,7537629000,2013-08-18,StockholdersEquity,2026-08-27
NUE,grossProfit,2013-06-29,313125000,2013-08-18,GrossProfit,2026-08-27
NUE,inventory,2013-06-29,2279744000,2013-08-18,InventoryNet,2026-08-27
NUE,liabilities,2013-06-29,5995421000,2013-08-18,Liabilities,2026-08-27
NUE,netIncome,2013-06-29,85145000,2013-08-18,NetIncomeLoss,2026-08-27
NUE,receivables,2013-06-29,1767177000,2013-08-18,AccountsReceivableNetCurrent,2026-08-27
NUE,revenue,2013-06-29,4665588000,2013-08-18,SalesRevenueNet,2026-08-27
NVDA,assets,2013-04-28,6279527000,2013-06-17,Assets,2026-08-27
NVDA,buybacks,2013-04-28,100000000,2013-06-17,PaymentsForRepurchaseOfCommonStock,2026-08-27
NVDA,capex,2013-04-28,65667000,2013-06-17,PaymentsToAcquirePropertyPlantAndEquipment,2026-08-27
NVDA,cash,2013-04-28,561423000,2013-06-17,CashAndCashEquivalentsAtCarryingValue,2026-08-27
NVDA,equity,2013-04-28,4824936000,2013-06-17,StockholdersEquity,2026-08-27
NVDA,grossProfit,2013-04-28,518568000,2013-06-17,GrossProfit,2026-08-27
NVDA,inventory,2013-04-28,377597000,2013-06-17,InventoryNet,2026-08-27
NVDA,netIncome,2013-04-28,77891000,2013-06-17,NetIncomeLoss,2026-08-27
NVDA,operatingCashFlow,2013-04-28,175650000,2013-06-17,NetCashProvidedByUsedInOperatingActivities,2026-08-27
NVDA,operatingIncome,2013-04-28,82781000,2013-06-17,OperatingIncomeLoss,2026-08-27
NVDA,receivables,2013-04-28,346998000,2013-06-17,AccountsReceivableNetCurrent,2026-08-27
NVDA,revenue,2013-04-28,954739000,2013-06-17,Revenues,2026-08-27
NVDA,rnd,2013-04-28,327161000,2013-06-17,ResearchAndDevelopmentExpense,2026-08-27
NVR,assets,2013-06-30,2531167000,2013-08-19,Assets,2026-08-27
NVR,cash,2013-06-30,778424000,2013-08-19,CashAndCashEquivalentsAtCarryingValue,2026-08-27
NVR,equity,2013-06-30,1320279000,2013-08-19,StockholdersEquity,2026-08-27
NVR,liabilities,2013-06-30,1210888000,2013-08-19,Liabilities,2026-08-27
NVR,netIncome,2013-06-30,50690000,2013-08-19,NetIncomeLoss,2026-08-27
NVR,revenue,2013-06-30,1009892000,2013-08-19,Revenues,2026-08-27
NWS,assets,2013-06-30,15643000000,2013-08-19,Assets,2026-08-27
NWS,cash,2013-06-30,2381000000,2013-08-19,CashAndCashEquivalentsAtCarryingValue,2026-08-27
NWS,equity,2013-06-30,12558000000,2013-08-19,StockholdersEquity,2026-08-27
NWS,inventory,2013-06-30,301000000,2013-08-19,InventoryNet,2026-08-27
NWS,netIncome,2013-06-30,-1124000000,2013-08-19,NetIncomeLoss,2026-08-27
NWS,receivables,2013-06-30,1335000000,2013-08-19,AccountsReceivableNetCurrent,2026-08-27
NWS,revenue,2013-06-30,2257000000,2013-08-19,Revenues,2026-08-27
NWS,shares,2013-06-30,579000000,2013-08-19,CommonStockSharesOutstanding,2026-08-27
O,assets,2013-06-30,9415533000,2013-08-19,Assets,2026-08-27
O,equity,2013-06-30,5068879000,2013-08-19,StockholdersEquity,2026-08-27
O,liabilities,2013-06-30,4310447000,2013-08-19,Liabilities,2026-08-27
O,netIncome,2013-06-30,56439000,2013-08-19,NetIncomeLoss,2026-08-27
O,shares,2013-06-30,196265884,2013-08-19,CommonStockSharesOutstanding,2026-08-27
ODFL,assets,2013-06-30,1854730000,2013-08-19,Assets,2026-08-27
ODFL,cash,2013-06-30,7370000,2013-08-19,CashAndCashEquivalentsAtCarryingValue,2026-08-27
ODFL,equity,2013-06-30,1124777000,2013-08-19,StockholdersEquity,2026-08-27
ODFL,liabilities,2013-06-30,729953000,2013-08-19,Liabilities,2026-08-27
ODFL,netIncome,2013-06-30,58255000,2013-08-19,NetIncomeLoss,2026-08-27
ODFL,operatingIncome,2013-06-30,97573000,2013-08-19,OperatingIncomeLoss,2026-08-27
ODFL,receivables,2013-06-30,267690000,2013-08-19,AccountsReceivableNetCurrent,2026-08-27
ODFL,shares,2013-06-30,86164917,2013-08-19,CommonStockSharesOutstanding,2026-08-27
OKE,assets,2013-06-30,15842274000,2013-08-19,Assets,2026-08-27
OKE,capex,2013-06-30,559268000,2013-08-19,PaymentsToAcquirePropertyPlantAndEquipment,2026-08-27
OKE,cash,2013-06-30,29888000,2013-08-19,CashAndCashEquivalentsAtCarryingValue,2026-08-27
OKE,debt,2013-06-30,6511359000,2013-08-19,LongTermDebtNoncurrent,2026-08-27
OKE,equity,2013-06-30,2085349000,2013-08-19,StockholdersEquity,2026-08-27
OKE,grossProfit,2013-06-30,412758000,2013-08-19,GrossProfit,2026-08-27
OKE,inventory,2013-06-30,434996000,2013-08-19,InventoryNet,2026-08-27
OKE,netIncome,2013-06-30,919000,2013-08-19,NetIncomeLoss,2026-08-27
OKE,operatingIncome,2013-06-30,228389000,2013-08-19,OperatingIncomeLoss,2026-08-27
OKE,revenue,2013-06-30,2768984000,2013-08-19,Revenues,2026-08-27
OKE,shares,2013-06-30,206190506,2013-08-19,CommonStockSharesOutstanding,2026-08-27
OMC,assets,2013-06-30,20525000000,2013-08-19,Assets,2026-08-27
OMC,cash,2013-06-30,1399900000,2013-08-19,CashAndCashEquivalentsAtCarryingValue,2026-08-27
OMC,equity,2013-06-30,3055700000,2013-08-19,StockholdersEquity,2026-08-27
OMC,netIncome,2013-06-30,289500000,2013-08-19,NetIncomeLoss,2026-08-27
OMC,operatingIncome,2013-06-30,523000000,2013-08-19,OperatingIncomeLoss,2026-08-27
OMC,receivables,2013-06-30,6637000000,2013-08-19,AccountsReceivableNetCurrent,2026-08-27
OMC,revenue,2013-06-30,3637000000,2013-08-19,Revenues,2026-08-27
ON,assets,2013-06-28,3241400000,2013-08-17,Assets,2026-08-27
ON,cash,2013-06-28,396100000,2013-08-17,CashAndCashEquivalentsAtCarryingValue,2026-08-27
ON,debt,2013-06-28,686300000,2013-08-17,LongTermDebtNoncurrent,2026-08-27
ON,equity,2013-06-28,1434000000,2013-08-17,StockholdersEquity,2026-08-27
ON,grossProfit,2013-06-28,231900000,2013-08-17,GrossProfit,2026-08-27
ON,inventory,2013-06-28,559700000,2013-08-17,InventoryNet,2026-08-27
ON,liabilities,2013-06-28,1776100000,2013-08-17,Liabilities,2026-08-27
ON,netIncome,2013-06-28,45800000,2013-08-17,NetIncomeLoss,2026-08-27
ON,operatingIncome,2013-06-28,50900000,2013-08-17,OperatingIncomeLoss,2026-08-27
ON,revenue,2013-06-28,688300000,2013-08-17,Revenues,2026-08-27
ON,shares,2013-06-28,449812626,2013-08-17,CommonStockSharesOutstanding,2026-08-27
ORCL,assets,2013-05-31,81812000000,2013-07-20,Assets,2026-08-27
ORCL,cash,2013-05-31,14613000000,2013-07-20,CashAndCashEquivalentsAtCarryingValue,2026-08-27
ORCL,equity,2013-05-31,44648000000,2013-07-20,StockholdersEquity,2026-08-27
ORCL,inventory,2013-05-31,240000000,2013-07-20,InventoryNet,2026-08-27
ORCL,receivables,2013-05-31,6049000000,2013-07-20,AccountsReceivableNetCurrent,2026-08-27
ORCL,shares,2013-05-31,4646000000,2013-07-20,CommonStockSharesOutstanding,2026-08-27
ORLY,assets,2013-06-30,6123646000,2013-08-19,Assets,2026-08-27
ORLY,cash,2013-06-30,365930000,2013-08-19,CashAndCashEquivalentsAtCarryingValue,2026-08-27
ORLY,equity,2013-06-30,2006143000,2013-08-19,StockholdersEquity,2026-08-27
ORLY,grossProfit,2013-06-30,871875000,2013-08-19,GrossProfit,2026-08-27
ORLY,inventory,2013-06-30,2345377000,2013-08-19,InventoryNet,2026-08-27
ORLY,netIncome,2013-06-30,177127000,2013-08-19,NetIncomeLoss,2026-08-27
ORLY,operatingIncome,2013-06-30,296261000,2013-08-19,OperatingIncomeLoss,2026-08-27
ORLY,receivables,2013-06-30,175877000,2013-08-19,AccountsReceivableNetCurrent,2026-08-27
ORLY,revenue,2013-06-30,1714969000,2013-08-19,SalesRevenueNet,2026-08-27
ORLY,shares,2013-06-30,108886775,2013-08-19,CommonStockSharesOutstanding,2026-08-27
OXY,assets,2013-06-30,67422000000,2013-08-19,Assets,2026-08-27
OXY,cash,2013-06-30,3069000000,2013-08-19,CashAndCashEquivalentsAtCarryingValue,2026-08-27
OXY,debt,2013-06-30,7026000000,2013-08-19,LongTermDebtNoncurrent,2026-08-27
OXY,equity,2013-06-30,41753000000,2013-08-19,StockholdersEquity,2026-08-27
OXY,inventory,2013-06-30,1340000000,2013-08-19,InventoryNet,2026-08-27
OXY,netIncome,2013-06-30,1322000000,2013-08-19,NetIncomeLoss,2026-08-27
OXY,receivables,2013-06-30,5221000000,2013-08-19,AccountsReceivableNetCurrent,2026-08-27
OXY,revenue,2013-06-30,5962000000,2013-08-19,SalesRevenueNet,2026-08-27
PANW,assets,2013-04-30,538777000,2013-06-19,Assets,2026-08-27
PANW,cash,2013-04-30,213664000,2013-06-19,CashAndCashEquivalentsAtCarryingValue,2026-08-27
PANW,equity,2013-04-30,263881000,2013-06-19,StockholdersEquity,2026-08-27
PANW,grossProfit,2013-04-30,73599000,2013-06-19,GrossProfit,2026-08-27
PANW,netIncome,2013-04-30,-7282000,2013-06-19,NetIncomeLoss,2026-08-27
PANW,operatingIncome,2013-04-30,-6450000,2013-06-19,OperatingIncomeLoss,2026-08-27
PANW,receivables,2013-04-30,91489000,2013-06-19,AccountsReceivableNetCurrent,2026-08-27
PANW,revenue,2013-04-30,101289000,2013-06-19,SalesRevenueNet,2026-08-27
PANW,rnd,2013-04-30,16048000,2013-06-19,ResearchAndDevelopmentExpense,2026-08-27
PANW,shares,2013-04-30,71103000,2013-06-19,CommonStockSharesOutstanding,2026-08-27
PAYX,assets,2013-05-31,6163700000,2013-07-20,Assets,2026-08-27
PAYX,cash,2013-05-31,107300000,2013-07-20,CashAndCashEquivalentsAtCarryingValue,2026-08-27
PAYX,equity,2013-05-31,1773700000,2013-07-20,StockholdersEquity,2026-08-27
PAYX,liabilities,2013-05-31,4390000000,2013-07-20,Liabilities,2026-08-27
PAYX,netIncome,2013-05-31,123500000,2013-07-20,NetIncomeLoss,2026-08-27
PAYX,operatingIncome,2013-05-31,211800000,2013-07-20,OperatingIncomeLoss,2026-08-27
PAYX,receivables,2013-05-31,133400000,2013-07-20,AccountsReceivableNetCurrent,2026-08-27
PAYX,revenue,2013-05-31,585300000,2013-07-20,Revenues,2026-08-27
PAYX,shares,2013-05-31,365400000,2013-07-20,CommonStockSharesOutstanding,2026-08-27
PCAR,assets,2013-06-30,19202000000,2013-08-19,Assets,2026-08-27
PCAR,cash,2013-06-30,1441900000,2013-08-19,CashAndCashEquivalentsAtCarryingValue,2026-08-27
PCAR,equity,2013-06-30,6111600000,2013-08-19,StockholdersEquity,2026-08-27
PCAR,netIncome,2013-06-30,291600000,2013-08-19,NetIncomeLoss,2026-08-27
PCAR,revenue,2013-06-30,4300500000,2013-08-19,SalesRevenueNet,2026-08-27
PCG,assets,2013-06-30,54324000000,2013-08-19,Assets,2026-08-27
PCG,cash,2013-06-30,281000000,2013-08-19,CashAndCashEquivalentsAtCarryingValue,2026-08-27
PCG,debt,2013-06-30,11917000000,2013-08-19,LongTermDebtNoncurrent,2026-08-27
PCG,equity,2013-06-30,13870000000,2013-08-19,StockholdersEquity,2026-08-27
PCG,inventory,2013-06-30,148000000,2013-08-19,InventoryNet,2026-08-27
PCG,operatingIncome,2013-06-30,636000000,2013-08-19,OperatingIncomeLoss,2026-08-27
PCG,receivables,2013-06-30,1034000000,2013-08-19,AccountsReceivableNetCurrent,2026-08-27
PCG,revenue,2013-06-30,3776000000,2013-08-19,Revenues,2026-08-27
PCG,shares,2013-06-30,444717704,2013-08-19,CommonStockSharesOutstanding,2026-08-27
PEG,assets,2013-06-30,32059000000,2013-08-19,Assets,2026-08-27
PEG,cash,2013-06-30,164000000,2013-08-19,CashAndCashEquivalentsAtCarryingValue,2026-08-27
PEG,debt,2013-06-30,7442000000,2013-08-19,LongTermDebtNoncurrent,2026-08-27
PEG,equity,2013-06-30,11096000000,2013-08-19,StockholdersEquity,2026-08-27
PEG,netIncome,2013-06-30,333000000,2013-08-19,NetIncomeLoss,2026-08-27
PEG,operatingIncome,2013-06-30,612000000,2013-08-19,OperatingIncomeLoss,2026-08-27
PEG,receivables,2013-06-30,1133000000,2013-08-19,AccountsReceivableNetCurrent,2026-08-27
PEG,revenue,2013-06-30,2310000000,2013-08-19,Revenues,2026-08-27
PEP,assets,2013-06-15,76653000000,2013-08-04,Assets,2026-08-27
PEP,cash,2013-06-15,7793000000,2013-08-04,CashAndCashEquivalentsAtCarryingValue,2026-08-27
PEP,equity,2013-06-15,22786000000,2013-08-04,StockholdersEquity,2026-08-27
PEP,inventory,2013-06-15,4131000000,2013-08-04,InventoryNet,2026-08-27
PEP,liabilities,2013-06-15,53888000000,2013-08-04,Liabilities,2026-08-27
PEP,netIncome,2013-06-15,2010000000,2013-08-04,NetIncomeLoss,2026-08-27
PEP,operatingIncome,2013-06-15,2869000000,2013-08-04,OperatingIncomeLoss,2026-08-27
PEP,revenue,2013-06-15,16807000000,2013-08-04,SalesRevenueNet,2026-08-27
PFE,assets,2013-06-30,179335000000,2013-08-19,Assets,2026-08-27
PFE,cash,2013-06-30,2436000000,2013-08-19,CashAndCashEquivalentsAtCarryingValue,2026-08-27
PFE,debt,2013-06-30,31532000000,2013-08-19,LongTermDebtNoncurrent,2026-08-27
PFE,equity,2013-06-30,78547000000,2013-08-19,StockholdersEquity,2026-08-27
PFE,inventory,2013-06-30,6282000000,2013-08-19,InventoryNet,2026-08-27
PFE,liabilities,2013-06-30,100358000000,2013-08-19,Liabilities,2026-08-27
PFE,netIncome,2013-06-30,14095000000,2013-08-19,NetIncomeLoss,2026-08-27
PFE,receivables,2013-06-30,11523000000,2013-08-19,AccountsReceivableNetCurrent,2026-08-27
PFE,revenue,2013-06-30,12973000000,2013-08-19,SalesRevenueNet,2026-08-27
PFG,assets,2013-06-30,196512700000,2013-08-19,Assets,2026-08-27
PFG,cash,2013-06-30,1110500000,2013-08-19,CashAndCashEquivalentsAtCarryingValue,2026-08-27
PFG,debt,2013-06-30,2578600000,2013-08-19,LongTermDebt,2026-08-27
PFG,equity,2013-06-30,9303400000,2013-08-19,StockholdersEquity,2026-08-27
PFG,liabilities,2013-06-30,187050200000,2013-08-19,Liabilities,2026-08-27
PFG,netIncome,2013-06-30,230600000,2013-08-19,NetIncomeLoss,2026-08-27
PFG,revenue,2013-06-30,2210600000,2013-08-19,Revenues,2026-08-27
PFG,shares,2013-06-30,293900000,2013-08-19,CommonStockSharesOutstanding,2026-08-27
PG,assets,2013-06-30,139263000000,2013-08-19,Assets,2026-08-27
PG,cash,2013-06-30,5930000000,2013-08-19,CashAndCashEquivalentsAtCarryingValue,2026-08-27
PG,debt,2013-06-30,19111000000,2013-08-19,LongTermDebtNoncurrent,2026-08-27
PG,inventory,2013-06-30,6909000000,2013-08-19,InventoryNet,2026-08-27
PG,liabilities,2013-06-30,70554000000,2013-08-19,Liabilities,2026-08-27
PG,netIncome,2013-06-30,1875000000,2013-08-19,NetIncomeLoss,2026-08-27
PG,operatingIncome,2013-06-30,2651000000,2013-08-19,OperatingIncomeLoss,2026-08-27
PG,receivables,2013-06-30,6508000000,2013-08-19,AccountsReceivableNetCurrent,2026-08-27
PG,revenue,2013-06-30,20297000000,2013-08-19,SalesRevenueNet,2026-08-27
PGR,assets,2013-06-30,23841800000,2013-08-19,Assets,2026-08-27
PGR,debt,2013-06-30,2063900000,2013-08-19,LongTermDebt,2026-08-27
PGR,equity,2013-06-30,6523900000,2013-08-19,StockholdersEquity,2026-08-27
PGR,liabilities,2013-06-30,17317900000,2013-08-19,Liabilities,2026-08-27
PGR,netIncome,2013-06-30,324600000,2013-08-19,NetIncomeLoss,2026-08-27
PGR,revenue,2013-06-30,4593600000,2013-08-19,Revenues,2026-08-27
PH,assets,2013-06-30,12540898000,2013-08-19,Assets,2026-08-27
PH,cash,2013-06-30,1781412000,2013-08-19,CashAndCashEquivalentsAtCarryingValue,2026-08-27
PH,debt,2013-06-30,1495960000,2013-08-19,LongTermDebtNoncurrent,2026-08-27
PH,equity,2013-06-30,5738426000,2013-08-19,StockholdersEquity,2026-08-27
PH,grossProfit,2013-06-30,810166000,2013-08-19,GrossProfit,2026-08-27
PH,inventory,2013-06-30,1377405000,2013-08-19,InventoryNet,2026-08-27
PH,liabilities,2013-06-30,6799417000,2013-08-19,Liabilities,2026-08-27
PH,netIncome,2013-06-30,271164000,2013-08-19,NetIncomeLoss,2026-08-27
PH,revenue,2013-06-30,3428233000,2013-08-19,SalesRevenueNet,2026-08-27
PHM,assets,2013-06-30,6452271000,2013-08-19,Assets,2026-08-27
PHM,cash,2013-06-30,1212668000,2013-08-19,CashAndCashEquivalentsAtCarryingValue,2026-08-27
PHM,equity,2013-06-30,2328215000,2013-08-19,StockholdersEquity,2026-08-27
PHM,liabilities,2013-06-30,4124056000,2013-08-19,Liabilities,2026-08-27
PHM,netIncome,2013-06-30,36417000,2013-08-19,NetIncomeLoss,2026-08-27
PHM,receivables,2013-06-30,8200000,2013-08-19,AccountsReceivableNetCurrent,2026-08-27
PHM,revenue,2013-06-30,1279422000,2013-08-19,Revenues,2026-08-27
PKG,assets,2013-06-30,2614821000,2013-08-19,Assets,2026-08-27
PKG,cash,2013-06-30,370057000,2013-08-19,CashAndCashEquivalentsAtCarryingValue,2026-08-27
PKG,debt,2013-06-30,771151000,2013-08-19,LongTermDebtNoncurrent,2026-08-27
PKG,equity,2013-06-30,1051286000,2013-08-19,StockholdersEquity,2026-08-27
PKG,grossProfit,2013-06-30,195300000,2013-08-19,GrossProfit,2026-08-27
PKG,inventory,2013-06-30,263008000,2013-08-19,InventoryNet,2026-08-27
PKG,netIncome,2013-06-30,66200000,2013-08-19,NetIncomeLoss,2026-08-27
PKG,operatingIncome,2013-06-30,110200000,2013-08-19,OperatingIncomeLoss,2026-08-27
PKG,receivables,2013-06-30,403367000,2013-08-19,AccountsReceivableNetCurrent,2026-08-27
PKG,revenue,2013-06-30,800200000,2013-08-19,SalesRevenueNet,2026-08-27
PLD,assets,2013-06-30,24037568000,2013-08-19,Assets,2026-08-27
PLD,cash,2013-06-30,385424000,2013-08-19,CashAndCashEquivalentsAtCarryingValue,2026-08-27
PLD,debt,2013-06-30,8417000000,2013-08-19,LongTermDebt,2026-08-27
PLD,equity,2013-06-30,13799426000,2013-08-19,StockholdersEquity,2026-08-27
PLD,liabilities,2013-06-30,9715066000,2013-08-19,Liabilities,2026-08-27
PLD,netIncome,2013-06-30,2299000,2013-08-19,NetIncomeLoss,2026-08-27
PLD,operatingIncome,2013-06-30,58514000,2013-08-19,OperatingIncomeLoss,2026-08-27
PLD,shares,2013-06-30,498597000,2013-08-19,CommonStockSharesOutstanding,2026-08-27
PM,assets,2013-06-30,37140000000,2013-08-19,Assets,2026-08-27
PM,cash,2013-06-30,3586000000,2013-08-19,CashAndCashEquivalentsAtCarryingValue,2026-08-27
PM,equity,2013-06-30,-5466000000,2013-08-19,StockholdersEquity,2026-08-27
PM,grossProfit,2013-06-30,5216000000,2013-08-19,GrossProfit,2026-08-27
PM,inventory,2013-06-30,8217000000,2013-08-19,InventoryNet,2026-08-27
PM,liabilities,2013-06-30,41069000000,2013-08-19,Liabilities,2026-08-27
PM,netIncome,2013-06-30,2124000000,2013-08-19,NetIncomeLoss,2026-08-27
PM,operatingIncome,2013-06-30,3337000000,2013-08-19,OperatingIncomeLoss,2026-08-27
PM,receivables,2013-06-30,3964000000,2013-08-19,AccountsReceivableNetCurrent,2026-08-27
PM,revenue,2013-06-30,20483000000,2013-08-19,SalesRevenueNet,2026-08-27
PNC,assets,2013-06-30,304415000000,2013-08-19,Assets,2026-08-27
PNC,equity,2013-06-30,40286000000,2013-08-19,StockholdersEquity,2026-08-27
PNC,liabilities,2013-06-30,262474000000,2013-08-19,Liabilities,2026-08-27
PNC,revenue,2013-06-30,4064000000,2013-08-19,Revenues,2026-08-27
PNR,assets,2013-06-29,11666600000,2013-08-18,Assets,2026-08-27
PNR,cash,2013-06-29,253100000,2013-08-18,CashAndCashEquivalentsAtCarryingValue,2026-08-27
PNR,debt,2013-06-29,2737400000,2013-08-18,LongTermDebtNoncurrent,2026-08-27
PNR,equity,2013-06-29,5826000000,2013-08-18,StockholdersEquity,2026-08-27
PNR,grossProfit,2013-06-29,627400000,2013-08-18,GrossProfit,2026-08-27
PNR,inventory,2013-06-29,1318300000,2013-08-18,InventoryNet,2026-08-27
PNR,liabilities,2013-06-29,5723700000,2013-08-18,Liabilities,2026-08-27
PNR,netIncome,2013-06-29,154100000,2013-08-18,NetIncomeLoss,2026-08-27
PNR,operatingIncome,2013-06-29,204900000,2013-08-18,OperatingIncomeLoss,2026-08-27
PNR,revenue,2013-06-29,1791700000,2013-08-18,SalesRevenueNet,2026-08-27
PNR,rnd,2013-06-29,32100000,2013-08-18,ResearchAndDevelopmentExpense,2026-08-27
PNW,assets,2013-06-30,13562694000,2013-08-19,Assets,2026-08-27
PNW,cash,2013-06-30,27803000,2013-08-19,CashAndCashEquivalentsAtCarryingValue,2026-08-27
PNW,debt,2013-06-30,2820172000,2013-08-19,LongTermDebtNoncurrent,2026-08-27
PNW,equity,2013-06-30,4032165000,2013-08-19,StockholdersEquity,2026-08-27
PNW,operatingIncome,2013-06-30,259812000,2013-08-19,OperatingIncomeLoss,2026-08-27
PNW,revenue,2013-06-30,915822000,2013-08-19,SalesRevenueNet,2026-08-27
PODD,assets,2013-06-30,286152000,2013-08-19,Assets,2026-08-27
PODD,cash,2013-06-30,150944000,2013-08-19,CashAndCashEquivalentsAtCarryingValue,2026-08-27
PODD,debt,2013-06-30,108670000,2013-08-19,LongTermDebtNoncurrent,2026-08-27
PODD,equity,2013-06-30,138335000,2013-08-19,StockholdersEquity,2026-08-27
PODD,grossProfit,2013-06-30,26833000,2013-08-19,GrossProfit,2026-08-27
PODD,inventory,2013-06-30,5979000,2013-08-19,InventoryNet,2026-08-27
PODD,liabilities,2013-06-30,147817000,2013-08-19,Liabilities,2026-08-27
PODD,netIncome,2013-06-30,-10519000,2013-08-19,NetIncomeLoss,2026-08-27
PODD,operatingIncome,2013-06-30,-5822000,2013-08-19,OperatingIncomeLoss,2026-08-27
PODD,receivables,2013-06-30,33650000,2013-08-19,AccountsReceivableNetCurrent,2026-08-27
PODD,revenue,2013-06-30,60092000,2013-08-19,SalesRevenueNet,2026-08-27
PODD,rnd,2013-06-30,5174000,2013-08-19,ResearchAndDevelopmentExpense,2026-08-27
PODD,shares,2013-06-30,54329612,2013-08-19,CommonStockSharesOutstanding,2026-08-27
PPG,assets,2013-06-30,16066000000,2013-08-19,Assets,2026-08-27
PPG,cash,2013-06-30,1562000000,2013-08-19,CashAndCashEquivalentsAtCarryingValue,2026-08-27
PPG,debt,2013-06-30,3355000000,2013-08-19,LongTermDebtNoncurrent,2026-08-27
PPG,equity,2013-06-30,5042000000,2013-08-19,StockholdersEquity,2026-08-27
PPG,inventory,2013-06-30,1862000000,2013-08-19,InventoryNet,2026-08-27
PPG,liabilities,2013-06-30,10765000000,2013-08-19,Liabilities,2026-08-27
PPG,netIncome,2013-06-30,341000000,2013-08-19,NetIncomeLoss,2026-08-27
PPG,operatingIncome,2013-06-30,550000000,2013-08-19,OperatingIncomeLoss,2026-08-27
PPG,revenue,2013-06-30,3883000000,2013-08-19,Revenues,2026-08-27
PPL,assets,2013-06-30,43746000000,2013-08-19,Assets,2026-08-27
PPL,cash,2013-06-30,711000000,2013-08-19,CashAndCashEquivalentsAtCarryingValue,2026-08-27
PPL,debt,2013-06-30,18875000000,2013-08-19,LongTermDebtNoncurrent,2026-08-27
PPL,equity,2013-06-30,10936000000,2013-08-19,StockholdersEquity,2026-08-27
PPL,inventory,2013-06-30,642000000,2013-08-19,InventoryNet,2026-08-27
PPL,netIncome,2013-06-30,405000000,2013-08-19,NetIncomeLoss,2026-08-27
PPL,operatingIncome,2013-06-30,732000000,2013-08-19,OperatingIncomeLoss,2026-08-27
PPL,receivables,2013-06-30,879000000,2013-08-19,AccountsReceivableNetCurrent,2026-08-27
PPL,revenue,2013-06-30,3450000000,2013-08-19,Revenues,2026-08-27
PPL,shares,2013-06-30,591622000,2013-08-19,CommonStockSharesOutstanding,2026-08-27
PRU,assets,2013-06-30,705615000000,2013-08-19,Assets,2026-08-27
PRU,cash,2013-06-30,13045000000,2013-08-19,CashAndCashEquivalentsAtCarryingValue,2026-08-27
PRU,debt,2013-06-30,23642000000,2013-08-19,LongTermDebtNoncurrent,2026-08-27
PRU,equity,2013-06-30,35148000000,2013-08-19,StockholdersEquity,2026-08-27
PRU,liabilities,2013-06-30,669707000000,2013-08-19,Liabilities,2026-08-27
PRU,netIncome,2013-06-30,-514000000,2013-08-19,NetIncomeLoss,2026-08-27
PRU,revenue,2013-06-30,10041000000,2013-08-19,Revenues,2026-08-27
PSA,assets,2013-06-30,9094598000,2013-08-19,Assets,2026-08-27
PSA,cash,2013-06-30,410910000,2013-08-19,CashAndCashEquivalentsAtCarryingValue,2026-08-27
PSA,equity,2013-06-30,8736106000,2013-08-19,StockholdersEquity,2026-08-27
PSA,liabilities,2013-06-30,330391000,2013-08-19,Liabilities,2026-08-27
PSA,netIncome,2013-06-30,260463000,2013-08-19,NetIncomeLoss,2026-08-27
PSA,operatingIncome,2013-06-30,237785000,2013-08-19,OperatingIncomeLoss,2026-08-27
PSA,revenue,2013-06-30,485378000,2013-08-19,Revenues,2026-08-27
PSA,shares,2013-06-30,171705912,2013-08-19,CommonStockSharesOutstanding,2026-08-27
PSX,assets,2013-06-30,49929000000,2013-08-19,Assets,2026-08-27
PSX,cash,2013-06-30,4220000000,2013-08-19,CashAndCashEquivalentsAtCarryingValue,2026-08-27
PSX,equity,2013-06-30,21655000000,2013-08-19,StockholdersEquity,2026-08-27
PSX,inventory,2013-06-30,5033000000,2013-08-19,InventoryNet,2026-08-27
PSX,liabilities,2013-06-30,28239000000,2013-08-19,Liabilities,2026-08-27
PSX,netIncome,2013-06-30,958000000,2013-08-19,NetIncomeLoss,2026-08-27
PSX,revenue,2013-06-30,43190000000,2013-08-19,SalesRevenueNet,2026-08-27
PTC,assets,2013-06-29,1756777000,2013-08-18,Assets,2026-08-27
PTC,cash,2013-06-29,257031000,2013-08-18,CashAndCashEquivalentsAtCarryingValue,2026-08-27
PTC,equity,2013-06-29,850705000,2013-08-18,StockholdersEquity,2026-08-27
PTC,grossProfit,2013-06-29,223828000,2013-08-18,GrossProfit,2026-08-27
PTC,liabilities,2013-06-29,906072000,2013-08-18,Liabilities,2026-08-27
PTC,netIncome,2013-06-29,34455000,2013-08-18,NetIncomeLoss,2026-08-27
PTC,operatingIncome,2013-06-29,43215000,2013-08-18,OperatingIncomeLoss,2026-08-27
PTC,receivables,2013-06-29,200883000,2013-08-18,AccountsReceivableNetCurrent,2026-08-27
PTC,revenue,2013-06-29,314996000,2013-08-18,SalesRevenueNet,2026-08-27
PTC,rnd,2013-06-29,53834000,2013-08-18,ResearchAndDevelopmentExpense,2026-08-27
PTC,shares,2013-06-29,119018000,2013-08-18,CommonStockSharesOutstanding,2026-08-27
PWR,assets,2013-06-30,5187931000,2013-08-19,Assets,2026-08-27
PWR,capex,2013-06-30,104529000,2013-08-19,PaymentsToAcquirePropertyPlantAndEquipment,2026-08-27
PWR,cash,2013-06-30,363113000,2013-08-19,CashAndCashEquivalentsAtCarryingValue,2026-08-27
PWR,equity,2013-06-30,3882518000,2013-08-19,StockholdersEquity,2026-08-27
PWR,equityStakes,2013-06-30,925000,2013-08-19,PaymentsToAcquireEquityMethodInvestments,2026-08-27
PWR,grossProfit,2013-06-30,223886000,2013-08-19,GrossProfit,2026-08-27
PWR,inventory,2013-06-30,40852000,2013-08-19,InventoryNet,2026-08-27
PWR,liabilities,2013-06-30,1300092000,2013-08-19,Liabilities,2026-08-27
PWR,operatingCashFlow,2013-06-30,117776000,2013-08-19,NetCashProvidedByUsedInOperatingActivitiesContinuingOperations,2026-08-27
PWR,operatingIncome,2013-06-30,104056000,2013-08-19,OperatingIncomeLoss,2026-08-27
PWR,receivables,2013-06-30,1282949000,2013-08-19,AccountsReceivableNetCurrent,2026-08-27
PWR,shares,2013-06-30,209478759,2013-08-19,CommonStockSharesOutstanding,2026-08-27
QCOM,assets,2013-06-30,46809000000,2013-08-19,Assets,2026-08-27
QCOM,cash,2013-06-30,2533000000,2013-08-19,CashAndCashEquivalentsAtCarryingValue,2026-08-27
QCOM,equity,2013-06-30,37578000000,2013-08-19,StockholdersEquity,2026-08-27
QCOM,inventory,2013-06-30,1727000000,2013-08-19,InventoryNet,2026-08-27
QCOM,liabilities,2013-06-30,9226000000,2013-08-19,Liabilities,2026-08-27
QCOM,netIncome,2013-06-30,1580000000,2013-08-19,NetIncomeLoss,2026-08-27
QCOM,operatingIncome,2013-06-30,1677000000,2013-08-19,OperatingIncomeLoss,2026-08-27
QCOM,receivables,2013-06-30,1949000000,2013-08-19,AccountsReceivableNetCurrent,2026-08-27
QCOM,revenue,2013-06-30,6243000000,2013-08-19,Revenues,2026-08-27
QCOM,rnd,2013-06-30,1298000000,2013-08-19,ResearchAndDevelopmentExpense,2026-08-27
QCOM,shares,2013-06-30,1722000000,2013-08-19,CommonStockSharesOutstanding,2026-08-27
RCL,assets,2013-06-30,19950794000,2013-08-19,Assets,2026-08-27
RCL,cash,2013-06-30,205174000,2013-08-19,CashAndCashEquivalentsAtCarryingValue,2026-08-27
RCL,equity,2013-06-30,8366259000,2013-08-19,StockholdersEquity,2026-08-27
RCL,inventory,2013-06-30,141440000,2013-08-19,InventoryNet,2026-08-27
RCL,netIncome,2013-06-30,24747000,2013-08-19,NetIncomeLoss,2026-08-27
RCL,operatingIncome,2013-06-30,113338000,2013-08-19,OperatingIncomeLoss,2026-08-27
RCL,revenue,2013-06-30,1882767000,2013-08-19,Revenues,2026-08-27
REG,debt,2013-06-30,1892124000,2013-08-19,LongTermDebt,2026-08-27
REG,revenue,2013-06-30,122307000,2013-08-19,Revenues,2026-08-27
REGN,assets,2013-06-30,2378259000,2013-08-19,Assets,2026-08-27
REGN,cash,2013-06-30,381675000,2013-08-19,CashAndCashEquivalentsAtCarryingValue,2026-08-27
REGN,equity,2013-06-30,1493337000,2013-08-19,StockholdersEquity,2026-08-27
REGN,inventory,2013-06-30,57159000,2013-08-19,InventoryNet,2026-08-27
REGN,liabilities,2013-06-30,884922000,2013-08-19,Liabilities,2026-08-27
REGN,netIncome,2013-06-30,87376000,2013-08-19,NetIncomeLoss,2026-08-27
REGN,operatingIncome,2013-06-30,158103000,2013-08-19,OperatingIncomeLoss,2026-08-27
REGN,receivables,2013-06-30,767865000,2013-08-19,AccountsReceivableNetCurrent,2026-08-27
REGN,revenue,2013-06-30,457642000,2013-08-19,Revenues,2026-08-27
REGN,rnd,2013-06-30,187463000,2013-08-19,ResearchAndDevelopmentExpense,2026-08-27
RF,assets,2013-06-30,118707000000,2013-08-19,Assets,2026-08-27
RF,buybacks,2013-06-30,173000000,2013-08-19,PaymentsForRepurchaseOfCommonStock,2026-08-27
RF,cash,2013-06-30,4280000000,2013-08-19,CashAndCashEquivalentsAtCarryingValue,2026-08-27
RF,debt,2013-06-30,4856000000,2013-08-19,LongTermDebt,2026-08-27
RF,equity,2013-06-30,15329000000,2013-08-19,StockholdersEquity,2026-08-27
RF,liabilities,2013-06-30,103378000000,2013-08-19,Liabilities,2026-08-27
RF,netIncome,2013-06-30,267000000,2013-08-19,NetIncomeLoss,2026-08-27
RJF,assets,2013-06-30,22214191000,2013-08-19,Assets,2026-08-27
RJF,cash,2013-06-30,2585545000,2013-08-19,CashAndCashEquivalentsAtCarryingValue,2026-08-27
RJF,equity,2013-06-30,3544195000,2013-08-19,StockholdersEquity,2026-08-27
RJF,liabilities,2013-06-30,18339049000,2013-08-19,Liabilities,2026-08-27
RJF,netIncome,2013-06-30,83862000,2013-08-19,NetIncomeLoss,2026-08-27
RJF,revenue,2013-06-30,1137728000,2013-08-19,Revenues,2026-08-27
RL,assets,2013-06-29,5460000000,2013-08-18,Assets,2026-08-27
RL,buybacks,2013-06-29,151000000,2013-08-18,PaymentsForRepurchaseOfCommonStock,2026-08-27
RL,capex,2013-06-29,66000000,2013-08-18,PaymentsToAcquireProductiveAssets,2026-08-27
RL,cash,2013-06-29,940000000,2013-08-18,CashAndCashEquivalentsAtCarryingValue,2026-08-27
RL,equity,2013-06-29,3761000000,2013-08-18,StockholdersEquity,2026-08-27
RL,grossProfit,2013-06-29,1004000000,2013-08-18,GrossProfit,2026-08-27
RL,inventory,2013-06-29,1053000000,2013-08-18,InventoryNet,2026-08-27
RL,liabilities,2013-06-29,1699000000,2013-08-18,Liabilities,2026-08-27
RL,netIncome,2013-06-29,181000000,2013-08-18,NetIncomeLoss,2026-08-27
RL,operatingCashFlow,2013-06-29,295000000,2013-08-18,NetCashProvidedByUsedInOperatingActivities,2026-08-27
RL,operatingIncome,2013-06-29,276000000,2013-08-18,OperatingIncomeLoss,2026-08-27
RL,receivables,2013-06-29,349000000,2013-08-18,AccountsReceivableNetCurrent,2026-08-27
RL,revenue,2013-06-29,1653000000,2013-08-18,SalesRevenueNet,2026-08-27
RMD,assets,2013-06-30,2210721000,2013-08-19,Assets,2026-08-27
RMD,cash,2013-06-30,876048000,2013-08-19,CashAndCashEquivalentsAtCarryingValue,2026-08-27
RMD,debt,2013-06-30,769000,2013-08-19,LongTermDebtNoncurrent,2026-08-27
RMD,equity,2013-06-30,1610516000,2013-08-19,StockholdersEquity,2026-08-27
RMD,inventory,2013-06-30,145847000,2013-08-19,InventoryNet,2026-08-27
RMD,liabilities,2013-06-30,600205000,2013-08-19,Liabilities,2026-08-27
RMD,receivables,2013-06-30,318349000,2013-08-19,AccountsReceivableNetCurrent,2026-08-27
RMD,shares,2013-06-30,142013753,2013-08-19,CommonStockSharesOutstanding,2026-08-27
ROK,assets,2013-06-30,5771300000,2013-08-19,Assets,2026-08-27
ROK,cash,2013-06-30,1024700000,2013-08-19,CashAndCashEquivalentsAtCarryingValue,2026-08-27
ROK,debt,2013-06-30,905100000,2013-08-19,LongTermDebtNoncurrent,2026-08-27
ROK,equity,2013-06-30,2007800000,2013-08-19,StockholdersEquity,2026-08-27
ROK,grossProfit,2013-06-30,652900000,2013-08-19,GrossProfit,2026-08-27
ROK,inventory,2013-06-30,619000000,2013-08-19,InventoryNet,2026-08-27
ROK,netIncome,2013-06-30,203700000,2013-08-19,NetIncomeLoss,2026-08-27
ROK,revenue,2013-06-30,1624200000,2013-08-19,SalesRevenueNet,2026-08-27
ROL,assets,2013-06-30,737069000,2013-08-19,Assets,2026-08-27
ROL,cash,2013-06-30,91597000,2013-08-19,CashAndCashEquivalentsAtCarryingValue,2026-08-27
ROL,equity,2013-06-30,384807000,2013-08-19,StockholdersEquity,2026-08-27
ROL,grossProfit,2013-06-30,176437000,2013-08-19,GrossProfit,2026-08-27
ROL,inventory,2013-06-30,12117000,2013-08-19,InventoryNet,2026-08-27
ROL,liabilities,2013-06-30,352262000,2013-08-19,Liabilities,2026-08-27
ROL,receivables,2013-06-30,79015000,2013-08-19,AccountsReceivableNetCurrent,2026-08-27
ROL,shares,2013-06-30,146078156,2013-08-19,CommonStockSharesOutstanding,2026-08-27
ROP,assets,2013-06-30,8213742000,2013-08-19,Assets,2026-08-27
ROP,cash,2013-06-30,374571000,2013-08-19,CashAndCashEquivalentsAtCarryingValue,2026-08-27
ROP,debt,2013-06-30,2245424000,2013-08-19,LongTermDebtNoncurrent,2026-08-27
ROP,grossProfit,2013-06-30,445507000,2013-08-19,GrossProfit,2026-08-27
ROP,inventory,2013-06-30,197458000,2013-08-19,InventoryNet,2026-08-27
ROP,liabilities,2013-06-30,4324194000,2013-08-19,Liabilities,2026-08-27
ROP,netIncome,2013-06-30,111353000,2013-08-19,NetIncomeLoss,2026-08-27
ROP,operatingIncome,2013-06-30,179746000,2013-08-19,OperatingIncomeLoss,2026-08-27
ROP,receivables,2013-06-30,547572000,2013-08-19,AccountsReceivableNetCurrent,2026-08-27
ROP,revenue,2013-06-30,784010000,2013-08-19,SalesRevenueNet,2026-08-27
ROST,assets,2013-05-04,3842761000,2013-06-23,Assets,2026-08-27
ROST,buybacks,2013-05-04,138304000,2013-06-23,PaymentsForRepurchaseOfCommonStock,2026-08-27
ROST,capex,2013-05-04,97552000,2013-06-23,PaymentsToAcquirePropertyPlantAndEquipment,2026-08-27
ROST,cash,2013-05-04,714174000,2013-06-23,CashAndCashEquivalentsAtCarryingValue,2026-08-27
ROST,debt,2013-05-04,150000000,2013-06-23,LongTermDebtNoncurrent,2026-08-27
ROST,equity,2013-05-04,1875261000,2013-06-23,StockholdersEquity,2026-08-27
ROST,inventory,2013-05-04,1226449000,2013-06-23,InventoryNet,2026-08-27
ROST,netIncome,2013-05-04,234612000,2013-06-23,NetIncomeLoss,2026-08-27
ROST,operatingCashFlow,2013-05-04,352859000,2013-06-23,NetCashProvidedByUsedInOperatingActivities,2026-08-27
ROST,revenue,2013-05-04,2539914000,2013-06-23,SalesRevenueNet,2026-08-27
RSG,assets,2013-06-30,19774200000,2013-08-19,Assets,2026-08-27
RSG,capex,2013-06-30,247000000,2013-08-19,PaymentsToAcquireProductiveAssets,2026-08-27
RSG,cash,2013-06-30,96700000,2013-08-19,CashAndCashEquivalentsAtCarryingValue,2026-08-27
RSG,debt,2013-06-30,7028600000,2013-08-19,LongTermDebt,2026-08-27
RSG,equity,2013-06-30,7710400000,2013-08-19,StockholdersEquity,2026-08-27
RSG,inventory,2013-06-30,36000000,2013-08-19,InventoryNet,2026-08-27
RSG,netIncome,2013-06-30,56300000,2013-08-19,NetIncomeLoss,2026-08-27
RSG,operatingIncome,2013-06-30,181200000,2013-08-19,OperatingIncomeLoss,2026-08-27
RSG,receivables,2013-06-30,876500000,2013-08-19,AccountsReceivableNetCurrent,2026-08-27
RSG,revenue,2013-06-30,2559800000,2013-08-19,Revenues,2026-08-27
RTX,assets,2013-06-30,88744000000,2013-08-19,Assets,2026-08-27
RTX,debt,2013-06-30,21460000000,2013-08-19,LongTermDebt,2026-08-27
RTX,equity,2013-06-30,26987000000,2013-08-19,StockholdersEquity,2026-08-27
RTX,grossProfit,2013-06-30,4454000000,2013-08-19,GrossProfit,2026-08-27
RTX,inventory,2013-06-30,10232000000,2013-08-19,InventoryNet,2026-08-27
RTX,liabilities,2013-06-30,60201000000,2013-08-19,Liabilities,2026-08-27
RTX,netIncome,2013-06-30,1560000000,2013-08-19,NetIncomeLoss,2026-08-27
RTX,operatingIncome,2013-06-30,2507000000,2013-08-19,OperatingIncomeLoss,2026-08-27
RTX,revenue,2013-06-30,16006000000,2013-08-19,SalesRevenueNet,2026-08-27
RTX,rnd,2013-06-30,631000000,2013-08-19,ResearchAndDevelopmentExpense,2026-08-27
RVTY,assets,2013-06-30,3811284000,2013-08-19,Assets,2026-08-27
RVTY,cash,2013-06-30,112470000,2013-08-19,CashAndCashEquivalentsAtCarryingValue,2026-08-27
RVTY,debt,2013-06-30,1001858000,2013-08-19,LongTermDebtNoncurrent,2026-08-27
RVTY,equity,2013-06-30,1859852000,2013-08-19,StockholdersEquity,2026-08-27
RVTY,grossProfit,2013-06-30,241662000,2013-08-19,GrossProfit,2026-08-27
RVTY,inventory,2013-06-30,259470000,2013-08-19,InventoryNet,2026-08-27
RVTY,liabilities,2013-06-30,1951432000,2013-08-19,Liabilities,2026-08-27
RVTY,netIncome,2013-06-30,27925000,2013-08-19,NetIncomeLoss,2026-08-27
RVTY,operatingIncome,2013-06-30,40216000,2013-08-19,OperatingIncomeLoss,2026-08-27
RVTY,receivables,2013-06-30,434798000,2013-08-19,AccountsReceivableNetCurrent,2026-08-27
RVTY,revenue,2013-06-30,540673000,2013-08-19,Revenues,2026-08-27
RVTY,rnd,2013-06-30,34404000,2013-08-19,ResearchAndDevelopmentExpense,2026-08-27
RVTY,shares,2013-06-30,111999000,2013-08-19,CommonStockSharesOutstanding,2026-08-27
SBAC,assets,2013-06-30,6484506000,2013-08-19,Assets,2026-08-27
SBAC,capex,2013-06-30,80301000,2013-08-19,PaymentsToAcquireProductiveAssets,2026-08-27
SBAC,cash,2013-06-30,189442000,2013-08-19,CashAndCashEquivalentsAtCarryingValue,2026-08-27
SBAC,debt,2013-06-30,5631209000,2013-08-19,LongTermDebtNoncurrent,2026-08-27
SBAC,equity,2013-06-30,435737000,2013-08-19,StockholdersEquity,2026-08-27
SBAC,netIncome,2013-06-30,-35899000,2013-08-19,NetIncomeLoss,2026-08-27
SBAC,operatingIncome,2013-06-30,49534000,2013-08-19,OperatingIncomeLoss,2026-08-27
SBAC,receivables,2013-06-30,47783000,2013-08-19,AccountsReceivableNetCurrent,2026-08-27
SBAC,revenue,2013-06-30,324305000,2013-08-19,Revenues,2026-08-27
SBAC,shares,2013-06-30,127784000,2013-08-19,CommonStockSharesOutstanding,2026-08-27
SBUX,assets,2013-06-30,9062400000,2013-08-19,Assets,2026-08-27
SBUX,cash,2013-06-30,1430800000,2013-08-19,CashAndCashEquivalentsAtCarryingValue,2026-08-27
SBUX,debt,2013-06-30,549700000,2013-08-19,LongTermDebtNoncurrent,2026-08-27
SBUX,equity,2013-06-30,5741500000,2013-08-19,StockholdersEquity,2026-08-27
SBUX,inventory,2013-06-30,1173800000,2013-08-19,InventoryNet,2026-08-27
SBUX,liabilities,2013-06-30,3314800000,2013-08-19,Liabilities,2026-08-27
SBUX,netIncome,2013-06-30,417800000,2013-08-19,NetIncomeLoss,2026-08-27
SBUX,operatingIncome,2013-06-30,615200000,2013-08-19,OperatingIncomeLoss,2026-08-27
SBUX,receivables,2013-06-30,506800000,2013-08-19,AccountsReceivableNetCurrent,2026-08-27
SBUX,revenue,2013-06-30,3735300000,2013-08-19,Revenues,2026-08-27
SBUX,shares,2013-06-30,751100000,2013-08-19,CommonStockSharesOutstanding,2026-08-27
SCHW,assets,2013-06-30,135907000000,2013-08-19,Assets,2026-08-27
SCHW,cash,2013-06-30,6234000000,2013-08-19,CashAndCashEquivalentsAtCarryingValue,2026-08-27
SCHW,debt,2013-06-30,1630000000,2013-08-19,LongTermDebt,2026-08-27
SCHW,equity,2013-06-30,9720000000,2013-08-19,StockholdersEquity,2026-08-27
SCHW,liabilities,2013-06-30,126187000000,2013-08-19,Liabilities,2026-08-27
SCHW,netIncome,2013-06-30,256000000,2013-08-19,NetIncomeLoss,2026-08-27
SCHW,revenue,2013-06-30,1337000000,2013-08-19,Revenues,2026-08-27
SHW,assets,2013-06-30,6408504000,2013-08-19,Assets,2026-08-27
SHW,cash,2013-06-30,741084000,2013-08-19,CashAndCashEquivalentsAtCarryingValue,2026-08-27
SHW,debt,2013-06-30,1631951000,2013-08-19,LongTermDebtNoncurrent,2026-08-27
SHW,equity,2013-06-30,1867530000,2013-08-19,StockholdersEquity,2026-08-27
SHW,grossProfit,2013-06-30,1233579000,2013-08-19,GrossProfit,2026-08-27
SHW,inventory,2013-06-30,984844000,2013-08-19,InventoryNet,2026-08-27
SHW,netIncome,2013-06-30,257287000,2013-08-19,NetIncomeLoss,2026-08-27
SHW,operatingIncome,2013-06-30,467332000,2013-08-19,OperatingIncomeLoss,2026-08-27
SHW,receivables,2013-06-30,1299679000,2013-08-19,AccountsReceivableNetCurrent,2026-08-27
SHW,revenue,2013-06-30,2713889000,2013-08-19,Revenues,2026-08-27
SHW,shares,2013-06-30,102683128,2013-08-19,CommonStockSharesOutstanding,2026-08-27
SJM,assets,2013-04-30,9024100000,2013-06-19,Assets,2026-08-27
SJM,cash,2013-04-30,256400000,2013-06-19,CashAndCashEquivalentsAtCarryingValue,2026-08-27
SJM,debt,2013-04-30,1967800000,2013-06-19,LongTermDebtNoncurrent,2026-08-27
SJM,equity,2013-04-30,5148800000,2013-06-19,StockholdersEquity,2026-08-27
SJM,inventory,2013-04-30,945500000,2013-06-19,InventoryNet,2026-08-27
SJM,liabilities,2013-04-30,3883000000,2013-06-19,Liabilities,2026-08-27
SJM,receivables,2013-04-30,313700000,2013-06-19,AccountsReceivableNetCurrent,2026-08-27
SJM,shares,2013-04-30,106486935,2013-06-19,CommonStockSharesOutstanding,2026-08-27
SLB,assets,2013-06-30,63251000000,2013-08-19,Assets,2026-08-27
SLB,cash,2013-06-30,2586000000,2013-08-19,CashAndCashEquivalentsAtCarryingValue,2026-08-27
SLB,equity,2013-06-30,36909000000,2013-08-19,StockholdersEquity,2026-08-27
SLB,inventory,2013-06-30,4955000000,2013-08-19,InventoryNet,2026-08-27
SLB,liabilities,2013-06-30,26203000000,2013-08-19,Liabilities,2026-08-27
SLB,netIncome,2013-06-30,2095000000,2013-08-19,NetIncomeLoss,2026-08-27
SLB,revenue,2013-06-30,11182000000,2013-08-19,Revenues,2026-08-27
SLB,rnd,2013-06-30,293000000,2013-08-19,ResearchAndDevelopmentExpense,2026-08-27
SMCI,assets,2013-06-30,632257000,2013-08-19,Assets,2026-08-27
SMCI,cash,2013-06-30,93038000,2013-08-19,CashAndCashEquivalentsAtCarryingValue,2026-08-27
SMCI,debt,2013-06-30,6533000,2013-08-19,LongTermDebtNoncurrent,2026-08-27
SMCI,equity,2013-06-30,373543000,2013-08-19,StockholdersEquity,2026-08-27
SMCI,grossProfit,2013-06-30,46023000,2013-08-19,GrossProfit,2026-08-27
SMCI,inventory,2013-06-30,254170000,2013-08-19,InventoryNet,2026-08-27
SMCI,liabilities,2013-06-30,258533000,2013-08-19,Liabilities,2026-08-27
SMCI,netIncome,2013-06-30,8426000,2013-08-19,NetIncomeLoss,2026-08-27
SMCI,receivables,2013-06-30,149340000,2013-08-19,AccountsReceivableNetCurrent,2026-08-27
SMCI,revenue,2013-06-30,322333000,2013-08-19,SalesRevenueNet,2026-08-27
SNA,assets,2013-06-29,3961500000,2013-08-18,Assets,2026-08-27
SNA,cash,2013-06-29,174700000,2013-08-18,CashAndCashEquivalentsAtCarryingValue,2026-08-27
SNA,debt,2013-06-29,861400000,2013-08-18,LongTermDebtNoncurrent,2026-08-27
SNA,equity,2013-06-29,1878800000,2013-08-18,StockholdersEquity,2026-08-27
SNA,grossProfit,2013-06-29,373200000,2013-08-18,GrossProfit,2026-08-27
SNA,inventory,2013-06-29,418100000,2013-08-18,InventoryNet,2026-08-27
SNA,liabilities,2013-06-29,2065600000,2013-08-18,Liabilities,2026-08-27
SNA,netIncome,2013-06-29,88400000,2013-08-18,NetIncomeLoss,2026-08-27
SNA,operatingIncome,2013-06-29,148400000,2013-08-18,OperatingIncomeLoss,2026-08-27
SNA,receivables,2013-06-29,499900000,2013-08-18,AccountsReceivableNetCurrent,2026-08-27
SNA,revenue,2013-06-29,808600000,2013-08-18,Revenues,2026-08-27
SNPS,assets,2013-04-30,4098888000,2013-06-19,Assets,2026-08-27
SNPS,cash,2013-04-30,681018000,2013-06-19,CashAndCashEquivalentsAtCarryingValue,2026-08-27
SNPS,debt,2013-04-30,90000000,2013-06-19,LongTermDebtNoncurrent,2026-08-27
SNPS,equity,2013-04-30,2698932000,2013-06-19,StockholdersEquity,2026-08-27
SNPS,grossProfit,2013-04-30,391524000,2013-06-19,GrossProfit,2026-08-27
SNPS,liabilities,2013-04-30,1399956000,2013-06-19,Liabilities,2026-08-27
SNPS,netIncome,2013-04-30,68691000,2013-06-19,NetIncomeLoss,2026-08-27
SNPS,operatingIncome,2013-04-30,79503000,2013-06-19,OperatingIncomeLoss,2026-08-27
SNPS,receivables,2013-04-30,251682000,2013-06-19,AccountsReceivableNetCurrent,2026-08-27
SNPS,revenue,2013-04-30,499257000,2013-06-19,Revenues,2026-08-27
SNPS,rnd,2013-04-30,169962000,2013-06-19,ResearchAndDevelopmentExpense,2026-08-27
SNPS,shares,2013-04-30,153605000,2013-06-19,CommonStockSharesOutstanding,2026-08-27
SO,assets,2013-06-30,63961000000,2013-08-19,Assets,2026-08-27
SO,cash,2013-06-30,424000000,2013-08-19,CashAndCashEquivalentsAtCarryingValue,2026-08-27
SO,equity,2013-06-30,18040000000,2013-08-19,StockholdersEquity,2026-08-27
SO,liabilities,2013-06-30,44790000000,2013-08-19,Liabilities,2026-08-27
SO,operatingIncome,2013-06-30,640000000,2013-08-19,OperatingIncomeLoss,2026-08-27
SO,revenue,2013-06-30,4246000000,2013-08-19,Revenues,2026-08-27
SPG,assets,2013-06-30,32015137000,2013-08-19,Assets,2026-08-27
SPG,cash,2013-06-30,1095829000,2013-08-19,CashAndCashEquivalentsAtCarryingValue,2026-08-27
SPG,equity,2013-06-30,5834749000,2013-08-19,StockholdersEquity,2026-08-27
SPG,liabilities,2013-06-30,25028872000,2013-08-19,Liabilities,2026-08-27
SPG,operatingIncome,2013-06-30,509939000,2013-08-19,OperatingIncomeLoss,2026-08-27
SPG,revenue,2013-06-30,1084993000,2013-08-19,Revenues,2026-08-27
SPGI,assets,2013-06-30,6160000000,2013-08-19,Assets,2026-08-27
SPGI,cash,2013-06-30,1900000000,2013-08-19,CashAndCashEquivalentsAtCarryingValue,2026-08-27
SPGI,debt,2013-06-30,799000000,2013-08-19,LongTermDebtNoncurrent,2026-08-27
SPGI,equity,2013-06-30,1223000000,2013-08-19,StockholdersEquity,2026-08-27
SPGI,liabilities,2013-06-30,4079000000,2013-08-19,Liabilities,2026-08-27
SPGI,netIncome,2013-06-30,254000000,2013-08-19,NetIncomeLoss,2026-08-27
SPGI,operatingIncome,2013-06-30,423000000,2013-08-19,OperatingIncomeLoss,2026-08-27
SPGI,receivables,2013-06-30,957000000,2013-08-19,AccountsReceivableNetCurrent,2026-08-27
SPGI,revenue,2013-06-30,1205000000,2013-08-19,Revenues,2026-08-27
SRE,assets,2013-06-30,37020000000,2013-08-19,Assets,2026-08-27
SRE,cash,2013-06-30,954000000,2013-08-19,CashAndCashEquivalentsAtCarryingValue,2026-08-27
SRE,equity,2013-06-30,10704000000,2013-08-19,StockholdersEquity,2026-08-27
SRE,inventory,2013-06-30,357000000,2013-08-19,InventoryNet,2026-08-27
SRE,netIncome,2013-06-30,245000000,2013-08-19,NetIncomeLoss,2026-08-27
SRE,receivables,2013-06-30,1007000000,2013-08-19,AccountsReceivableNetCurrent,2026-08-27
SRE,revenue,2013-06-30,2651000000,2013-08-19,Revenues,2026-08-27
SRE,shares,2013-06-30,244000000,2013-08-19,CommonStockSharesOutstanding,2026-08-27
STLD,assets,2013-06-30,5735910000,2013-08-19,Assets,2026-08-27
STLD,capex,2013-06-30,49236000,2013-08-19,PaymentsToAcquirePropertyPlantAndEquipment,2026-08-27
STLD,cash,2013-06-30,243753000,2013-08-19,CashAndCashEquivalentsAtCarryingValue,2026-08-27
STLD,debt,2013-06-30,1774243000,2013-08-19,LongTermDebtNoncurrent,2026-08-27
STLD,equity,2013-06-30,2410737000,2013-08-19,StockholdersEquity,2026-08-27
STLD,grossProfit,2013-06-30,147692000,2013-08-19,GrossProfit,2026-08-27
STLD,inventory,2013-06-30,1168499000,2013-08-19,InventoryNet,2026-08-27
STLD,liabilities,2013-06-30,3220439000,2013-08-19,Liabilities,2026-08-27
STLD,operatingCashFlow,2013-06-30,32715000,2013-08-19,NetCashProvidedByUsedInOperatingActivitiesContinuingOperations,2026-08-27
STLD,operatingIncome,2013-06-30,69198000,2013-08-19,OperatingIncomeLoss,2026-08-27
STLD,receivables,2013-06-30,725105000,2013-08-19,AccountsReceivableNetCurrent,2026-08-27
STLD,revenue,2013-06-30,1801340000,2013-08-19,SalesRevenueNet,2026-08-27
STLD,shares,2013-06-30,220665831,2013-08-19,CommonStockSharesOutstanding,2026-08-27
STT,assets,2013-06-30,227300000000,2013-08-19,Assets,2026-08-27
STT,debt,2013-06-30,8841000000,2013-08-19,LongTermDebt,2026-08-27
STT,equity,2013-06-30,20081000000,2013-08-19,StockholdersEquity,2026-08-27
STT,liabilities,2013-06-30,207219000000,2013-08-19,Liabilities,2026-08-27
STT,netIncome,2013-06-30,579000000,2013-08-19,NetIncomeLoss,2026-08-27
STT,revenue,2013-06-30,2560000000,2013-08-19,Revenues,2026-08-27
STX,assets,2013-06-28,9243000000,2013-08-17,Assets,2026-08-27
STX,cash,2013-06-28,1708000000,2013-08-17,CashAndCashEquivalentsAtCarryingValue,2026-08-27
STX,equity,2013-06-28,3495000000,2013-08-17,StockholdersEquity,2026-08-27
STX,inventory,2013-06-28,854000000,2013-08-17,InventoryNet,2026-08-27
STX,liabilities,2013-06-28,5737000000,2013-08-17,Liabilities,2026-08-27
STX,receivables,2013-06-28,1670000000,2013-08-17,AccountsReceivableNetCurrent,2026-08-27
STX,shares,2013-06-28,359437036,2013-08-17,CommonStockSharesOutstanding,2026-08-27
STZ,assets,2013-05-31,9452400000,2013-07-20,Assets,2026-08-27
STZ,buybacks,2013-05-31,0,2013-07-20,PaymentsForRepurchaseOfCommonStock,2026-08-27
STZ,capex,2013-05-31,22000000,2013-07-20,PaymentsToAcquirePropertyPlantAndEquipment,2026-08-27
STZ,cash,2013-06-07,232000000,2013-07-27,CashAndCashEquivalentsAtCarryingValue,2026-08-27
STZ,debt,2013-05-31,4817700000,2013-07-20,LongTermDebtNoncurrent,2026-08-27
STZ,equity,2013-05-31,2997400000,2013-07-20,StockholdersEquity,2026-08-27
STZ,grossProfit,2013-05-31,256100000,2013-07-20,GrossProfit,2026-08-27
STZ,inventory,2013-05-31,1443800000,2013-07-20,InventoryNet,2026-08-27
STZ,netIncome,2013-05-31,52900000,2013-07-20,NetIncomeLoss,2026-08-27
STZ,operatingCashFlow,2013-05-31,3300000,2013-07-20,NetCashProvidedByUsedInOperatingActivities,2026-08-27
STZ,operatingIncome,2013-05-31,70500000,2013-07-20,OperatingIncomeLoss,2026-08-27
STZ,receivables,2013-05-31,453800000,2013-07-20,AccountsReceivableNetCurrent,2026-08-27
SWK,assets,2013-06-29,16702900000,2013-08-18,Assets,2026-08-27
SWK,buybacks,2013-06-29,3700000,2013-08-18,PaymentsForRepurchaseOfCommonStock,2026-08-27
SWK,capex,2013-06-29,80000000,2013-08-18,PaymentsToAcquirePropertyPlantAndEquipment,2026-08-27
SWK,cash,2013-06-29,561700000,2013-08-18,CashAndCashEquivalentsAtCarryingValue,2026-08-27
SWK,debt,2013-06-29,3428900000,2013-08-18,LongTermDebtNoncurrent,2026-08-27
SWK,equity,2013-06-29,6645900000,2013-08-18,StockholdersEquity,2026-08-27
SWK,grossProfit,2013-06-29,997300000,2013-08-18,GrossProfit,2026-08-27
SWK,inventory,2013-06-29,1475800000,2013-08-18,InventoryNet,2026-08-27
SWK,netIncome,2013-06-29,187100000,2013-08-18,NetIncomeLoss,2026-08-27
SWK,operatingCashFlow,2013-06-29,184200000,2013-08-18,NetCashProvidedByUsedInOperatingActivities,2026-08-27
SWK,operatingIncome,2013-06-29,382200000,2013-08-18,OperatingIncomeLoss,2026-08-27
SWK,revenue,2013-06-29,2830000000,2013-08-18,SalesRevenueNet,2026-08-27
SWKS,assets,2013-06-28,2217900000,2013-08-17,Assets,2026-08-27
SWKS,buybacks,2013-06-28,92000000,2013-08-17,PaymentsForRepurchaseOfCommonStock,2026-08-27
SWKS,cash,2013-06-28,400300000,2013-08-17,CashAndCashEquivalentsAtCarryingValue,2026-08-27
SWKS,equity,2013-06-28,2000100000,2013-08-17,StockholdersEquity,2026-08-27
SWKS,grossProfit,2013-06-28,188200000,2013-08-17,GrossProfit,2026-08-27
SWKS,inventory,2013-06-28,232300000,2013-08-17,InventoryNet,2026-08-27
SWKS,liabilities,2013-06-28,217800000,2013-08-17,Liabilities,2026-08-27
SWKS,netIncome,2013-06-28,65700000,2013-08-17,NetIncomeLoss,2026-08-27
SWKS,operatingIncome,2013-06-28,84300000,2013-08-17,OperatingIncomeLoss,2026-08-27
SWKS,revenue,2013-06-28,436100000,2013-08-17,SalesRevenueNet,2026-08-27
SWKS,rnd,2013-06-28,56600000,2013-08-17,ResearchAndDevelopmentExpense,2026-08-27
SWKS,shares,2013-06-28,187700000,2013-08-17,CommonStockSharesOutstanding,2026-08-27
SYF,cash,2013-06-30,3110000000,2013-08-19,CashAndCashEquivalentsAtCarryingValue,2026-08-27
SYF,equity,2013-06-30,5518000000,2013-08-19,StockholdersEquity,2026-08-27
SYF,netIncome,2013-06-30,536000000,2013-08-19,NetIncomeLoss,2026-08-27
SYK,assets,2013-06-30,14382000000,2013-08-19,Assets,2026-08-27
SYK,capex,2013-06-30,47000000,2013-08-19,PaymentsToAcquirePropertyPlantAndEquipment,2026-08-27
SYK,cash,2013-06-30,971000000,2013-08-19,CashAndCashEquivalentsAtCarryingValue,2026-08-27
SYK,debt,2013-06-30,2742000000,2013-08-19,LongTermDebtNoncurrent,2026-08-27
SYK,equity,2013-06-30,8603000000,2013-08-19,StockholdersEquity,2026-08-27
SYK,grossProfit,2013-06-30,1482000000,2013-08-19,GrossProfit,2026-08-27
SYK,inventory,2013-06-30,1345000000,2013-08-19,InventoryNet,2026-08-27
SYK,netIncome,2013-06-30,213000000,2013-08-19,NetIncomeLoss,2026-08-27
SYK,operatingCashFlow,2013-06-30,356000000,2013-08-19,NetCashProvidedByUsedInOperatingActivities,2026-08-27
SYK,operatingIncome,2013-06-30,290000000,2013-08-19,OperatingIncomeLoss,2026-08-27
SYK,receivables,2013-06-30,1413000000,2013-08-19,AccountsReceivableNetCurrent,2026-08-27
SYK,revenue,2013-06-30,2212000000,2013-08-19,SalesRevenueNet,2026-08-27
SYK,rnd,2013-06-30,132000000,2013-08-19,ResearchAndDevelopmentExpense,2026-08-27
SYK,shares,2013-06-30,378,2013-08-19,CommonStockSharesOutstanding,2026-08-27
SYY,assets,2013-06-29,12665766000,2013-08-18,Assets,2026-08-27
SYY,cash,2013-06-29,412285000,2013-08-18,CashAndCashEquivalentsAtCarryingValue,2026-08-27
SYY,equity,2013-06-29,5191810000,2013-08-18,StockholdersEquity,2026-08-27
SYY,grossProfit,2013-06-29,2072220000,2013-08-18,GrossProfit,2026-08-27
SYY,operatingIncome,2013-06-29,459843000,2013-08-18,OperatingIncomeLoss,2026-08-27
T,assets,2013-06-30,272093000000,2013-08-19,Assets,2026-08-27
T,cash,2013-06-30,4548000000,2013-08-19,CashAndCashEquivalentsAtCarryingValue,2026-08-27
T,netIncome,2013-06-30,3822000000,2013-08-19,NetIncomeLoss,2026-08-27
T,operatingIncome,2013-06-30,6113000000,2013-08-19,OperatingIncomeLoss,2026-08-27
T,receivables,2013-06-30,12508000000,2013-08-19,AccountsReceivableNetCurrent,2026-08-27
T,revenue,2013-06-30,32075000000,2013-08-19,Revenues,2026-08-27
TAP,assets,2013-06-29,16116900000,2013-08-18,Assets,2026-08-27
TAP,cash,2013-06-29,801600000,2013-08-18,CashAndCashEquivalentsAtCarryingValue,2026-08-27
TAP,debt,2013-06-29,3295700000,2013-08-18,LongTermDebtNoncurrent,2026-08-27
TAP,equity,2013-06-29,7984500000,2013-08-18,StockholdersEquity,2026-08-27
TAP,grossProfit,2013-06-29,493900000,2013-08-18,GrossProfit,2026-08-27
TAP,inventory,2013-06-29,265400000,2013-08-18,InventoryNet,2026-08-27
TAP,liabilities,2013-06-29,8106100000,2013-08-18,Liabilities,2026-08-27
TAP,netIncome,2013-06-29,267300000,2013-08-18,NetIncomeLoss,2026-08-27
TAP,operatingIncome,2013-06-29,345700000,2013-08-18,OperatingIncomeLoss,2026-08-27
TAP,receivables,2013-06-29,693400000,2013-08-18,AccountsReceivableNetCurrent,2026-08-27
TDG,assets,2013-06-29,5812660000,2013-08-18,Assets,2026-08-27
TDG,cash,2013-06-29,269172000,2013-08-18,CashAndCashEquivalentsAtCarryingValue,2026-08-27
TDG,debt,2013-06-29,4317000000,2013-08-18,LongTermDebtNoncurrent,2026-08-27
TDG,equity,2013-06-29,801726000,2013-08-18,StockholdersEquity,2026-08-27
TDG,grossProfit,2013-06-29,268986000,2013-08-18,GrossProfit,2026-08-27
TDG,inventory,2013-06-29,413950000,2013-08-18,InventoryNet,2026-08-27
TDG,liabilities,2013-06-29,5010934000,2013-08-18,Liabilities,2026-08-27
TDG,netIncome,2013-06-29,76655000,2013-08-18,NetIncomeLoss,2026-08-27
TDG,operatingIncome,2013-06-29,176724000,2013-08-18,OperatingIncomeLoss,2026-08-27
TDG,receivables,2013-06-29,287895000,2013-08-18,AccountsReceivableNetCurrent,2026-08-27
TDG,revenue,2013-06-29,488636000,2013-08-18,SalesRevenueNet,2026-08-27
TDY,assets,2013-06-30,2514100000,2013-08-19,Assets,2026-08-27
TDY,cash,2013-06-30,70100000,2013-08-19,CashAndCashEquivalentsAtCarryingValue,2026-08-27
TDY,debt,2013-06-30,614700000,2013-08-19,LongTermDebt,2026-08-27
TDY,equity,2013-06-30,1227900000,2013-08-19,StockholdersEquity,2026-08-27
TDY,grossProfit,2013-06-30,217400000,2013-08-19,GrossProfit,2026-08-27
TDY,inventory,2013-06-30,293700000,2013-08-19,InventoryNet,2026-08-27
TDY,liabilities,2013-06-30,1233500000,2013-08-19,Liabilities,2026-08-27
TDY,netIncome,2013-06-30,42900000,2013-08-19,NetIncomeLoss,2026-08-27
TDY,operatingIncome,2013-06-30,64900000,2013-08-19,OperatingIncomeLoss,2026-08-27
TDY,receivables,2013-06-30,346700000,2013-08-19,AccountsReceivableNetCurrent,2026-08-27
TDY,revenue,2013-06-30,601000000,2013-08-19,SalesRevenueNet,2026-08-27
TDY,shares,2013-06-30,37416824,2013-08-19,CommonStockSharesOutstanding,2026-08-27
TECH,assets,2013-06-30,778098000,2013-08-19,Assets,2026-08-27
TECH,cash,2013-06-30,163786000,2013-08-19,CashAndCashEquivalentsAtCarryingValue,2026-08-27
TECH,equity,2013-06-30,737541000,2013-08-19,StockholdersEquity,2026-08-27
TECH,inventory,2013-06-30,34877000,2013-08-19,InventoryNet,2026-08-27
TECH,receivables,2013-06-30,38183000,2013-08-19,AccountsReceivableNetCurrent,2026-08-27
TECH,shares,2013-06-30,36834678,2013-08-19,CommonStockSharesOutstanding,2026-08-27
TEL,assets,2013-06-28,18090000000,2013-08-17,Assets,2026-08-27
TEL,cash,2013-06-28,1262000000,2013-08-17,CashAndCashEquivalentsAtCarryingValue,2026-08-27
TEL,debt,2013-06-28,2307000000,2013-08-17,LongTermDebtNoncurrent,2026-08-27
TEL,equity,2013-06-28,7882000000,2013-08-17,StockholdersEquity,2026-08-27
TEL,grossProfit,2013-06-28,1132000000,2013-08-17,GrossProfit,2026-08-27
TEL,inventory,2013-06-28,1762000000,2013-08-17,InventoryNet,2026-08-27
TEL,liabilities,2013-06-28,10202000000,2013-08-17,Liabilities,2026-08-27
TEL,operatingIncome,2013-06-28,439000000,2013-08-17,OperatingIncomeLoss,2026-08-27
TEL,receivables,2013-06-28,2257000000,2013-08-17,AccountsReceivableNetCurrent,2026-08-27
TEL,revenue,2013-06-28,3449000000,2013-08-17,SalesRevenueNet,2026-08-27
TER,assets,2013-06-30,2506170000,2013-08-19,Assets,2026-08-27
TER,cash,2013-06-30,227601000,2013-08-19,CashAndCashEquivalentsAtCarryingValue,2026-08-27
TER,equity,2013-06-30,1866493000,2013-08-19,StockholdersEquity,2026-08-27
TER,grossProfit,2013-06-30,241233000,2013-08-19,GrossProfit,2026-08-27
TER,inventory,2013-06-30,128204000,2013-08-19,InventoryNet,2026-08-27
TER,liabilities,2013-06-30,639677000,2013-08-19,Liabilities,2026-08-27
TER,netIncome,2013-06-30,66556000,2013-08-19,NetIncomeLoss,2026-08-27
TER,operatingIncome,2013-06-30,85908000,2013-08-19,OperatingIncomeLoss,2026-08-27
TER,receivables,2013-06-30,228208000,2013-08-19,AccountsReceivableNetCurrent,2026-08-27
TER,revenue,2013-06-30,428889000,2013-08-19,Revenues,2026-08-27
TER,shares,2013-06-30,190721000,2013-08-19,CommonStockSharesOutstanding,2026-08-27
TFC,assets,2013-06-30,182735000000,2013-08-19,Assets,2026-08-27
TFC,cash,2013-06-30,2379000000,2013-08-19,CashAndCashEquivalentsAtCarryingValue,2026-08-27
TFC,debt,2013-06-30,19362000000,2013-08-19,LongTermDebt,2026-08-27
TFC,liabilities,2013-06-30,160739000000,2013-08-19,Liabilities,2026-08-27
TFC,shares,2013-06-30,702995000,2013-08-19,CommonStockSharesOutstanding,2026-08-27
TGT,assets,2013-05-04,44234000000,2013-06-23,Assets,2026-08-27
TGT,buybacks,2013-05-04,540000000,2013-06-23,PaymentsForRepurchaseOfCommonStock,2026-08-27
TGT,capex,2013-05-04,901000000,2013-06-23,PaymentsToAcquirePropertyPlantAndEquipment,2026-08-27
TGT,equity,2013-05-04,16520000000,2013-06-23,StockholdersEquity,2026-08-27
TGT,grossProfit,2013-05-04,5143000000,2013-06-23,GrossProfit,2026-08-27
TGT,inventory,2013-05-04,8099000000,2013-06-23,InventoryNet,2026-08-27
TGT,operatingCashFlow,2013-05-04,3230000000,2013-06-23,NetCashProvidedByUsedInOperatingActivitiesContinuingOperations,2026-08-27
TGT,operatingIncome,2013-05-04,1034000000,2013-06-23,OperatingIncomeLoss,2026-08-27
TGT,revenue,2013-05-04,16706000000,2013-06-23,Revenues,2026-08-27
TGT,shares,2013-05-04,641253199,2013-06-23,CommonStockSharesOutstanding,2026-08-27
TJX,assets,2013-05-04,9840364000,2013-06-23,Assets,2026-08-27
TJX,buybacks,2013-05-04,302635000,2013-06-23,PaymentsForRepurchaseOfCommonStock,2026-08-27
TJX,capex,2013-05-04,238515000,2013-06-23,PaymentsToAcquirePropertyPlantAndEquipment,2026-08-27
TJX,cash,2013-05-04,1989835000,2013-06-23,CashAndCashEquivalentsAtCarryingValue,2026-08-27
TJX,debt,2013-05-04,1274126000,2013-06-23,LongTermDebtNoncurrent,2026-08-27
TJX,grossProfit,2013-05-04,1756076000,2013-06-23,GrossProfit,2026-08-27
TJX,inventory,2013-05-04,3091473000,2013-06-23,InventoryNet,2026-08-27
TJX,netIncome,2013-05-04,452890000,2013-06-23,NetIncomeLoss,2026-08-27
TJX,operatingCashFlow,2013-05-04,280749000,2013-06-23,NetCashProvidedByUsedInOperatingActivities,2026-08-27
TJX,receivables,2013-05-04,257985000,2013-06-23,AccountsReceivableNetCurrent,2026-08-27
TJX,revenue,2013-05-04,6189609000,2013-06-23,Revenues,2026-08-27
TJX,shares,2013-05-04,719773253,2013-06-23,CommonStockSharesOutstanding,2026-08-27
TMO,assets,2013-06-29,27629500000,2013-08-18,Assets,2026-08-27
TMO,cash,2013-06-29,1362700000,2013-08-18,CashAndCashEquivalentsAtCarryingValue,2026-08-27
TMO,equity,2013-06-29,15802800000,2013-08-18,StockholdersEquity,2026-08-27
TMO,grossProfit,2013-06-29,1363200000,2013-08-18,GrossProfit,2026-08-27
TMO,inventory,2013-06-29,1487100000,2013-08-18,InventoryNet,2026-08-27
TMO,netIncome,2013-06-29,277400000,2013-08-18,NetIncomeLoss,2026-08-27
TMO,operatingIncome,2013-06-29,375400000,2013-08-18,OperatingIncomeLoss,2026-08-27
TMO,receivables,2013-06-29,1901500000,2013-08-18,AccountsReceivableNetCurrent,2026-08-27
TMO,revenue,2013-06-29,3240100000,2013-08-18,Revenues,2026-08-27
TMO,rnd,2013-06-29,96700000,2013-08-18,ResearchAndDevelopmentExpense,2026-08-27
TMUS,assets,2013-06-30,44734000000,2013-08-19,Assets,2026-08-27
TMUS,cash,2013-06-30,2362000000,2013-08-19,CashAndCashEquivalentsAtCarryingValue,2026-08-27
TMUS,debt,2013-06-30,6276000000,2013-08-19,LongTermDebtNoncurrent,2026-08-27
TMUS,equity,2013-06-30,12359000000,2013-08-19,StockholdersEquity,2026-08-27
TMUS,inventory,2013-06-30,819000000,2013-08-19,InventoryNet,2026-08-27
TMUS,netIncome,2013-06-30,-16000000,2013-08-19,NetIncomeLoss,2026-08-27
TMUS,operatingIncome,2013-06-30,181000000,2013-08-19,OperatingIncomeLoss,2026-08-27
TMUS,receivables,2013-06-30,3000000000,2013-08-19,AccountsReceivableNetCurrent,2026-08-27
TMUS,revenue,2013-06-30,6228000000,2013-08-19,Revenues,2026-08-27
TMUS,shares,2013-06-30,726019309,2013-08-19,CommonStockSharesOutstanding,2026-08-27
TPR,assets,2013-06-29,3531900000,2013-08-18,Assets,2026-08-27
TPR,cash,2013-06-29,1062800000,2013-08-18,CashAndCashEquivalentsAtCarryingValue,2026-08-27
TPR,debt,2013-06-29,485000,2013-08-18,LongTermDebtNoncurrent,2026-08-27
TPR,equity,2013-06-29,2409200000,2013-08-18,StockholdersEquity,2026-08-27
TPR,grossProfit,2013-06-29,887300000,2013-08-18,GrossProfit,2026-08-27
TPR,inventory,2013-06-29,524706000,2013-08-18,InventoryNet,2026-08-27
TPR,liabilities,2013-06-29,1122739000,2013-08-18,Liabilities,2026-08-27
TPR,netIncome,2013-06-29,221300000,2013-08-18,NetIncomeLoss,2026-08-27
TPR,receivables,2013-06-29,175477000,2013-08-18,AccountsReceivableNetCurrent,2026-08-27
TPR,revenue,2013-06-29,1222600000,2013-08-18,SalesRevenueNet,2026-08-27
TPR,shares,2013-06-29,281902000,2013-08-18,CommonStockSharesOutstanding,2026-08-27
TRGP,assets,2013-06-30,5407100000,2013-08-19,Assets,2026-08-27
TRGP,cash,2013-06-30,82900000,2013-08-19,CashAndCashEquivalentsAtCarryingValue,2026-08-27
TRGP,debt,2013-06-30,2728000000,2013-08-19,LongTermDebtNoncurrent,2026-08-27
TRGP,equity,2013-06-30,120100000,2013-08-19,StockholdersEquity,2026-08-27
TRGP,grossProfit,2013-06-30,265200000,2013-08-19,GrossProfit,2026-08-27
TRGP,inventory,2013-06-30,138300000,2013-08-19,InventoryNet,2026-08-27
TRGP,netIncome,2013-06-30,15000000,2013-08-19,NetIncomeLoss,2026-08-27
TRGP,operatingIncome,2013-06-30,60900000,2013-08-19,OperatingIncomeLoss,2026-08-27
TRGP,receivables,2013-06-30,435800000,2013-08-19,AccountsReceivableNetCurrent,2026-08-27
TRGP,shares,2013-06-30,42331487,2013-08-19,CommonStockSharesOutstanding,2026-08-27
TRMB,assets,2013-06-28,3633760000,2013-08-17,Assets,2026-08-27
TRMB,cash,2013-06-28,129072000,2013-08-17,CashAndCashEquivalentsAtCarryingValue,2026-08-27
TRMB,debt,2013-06-28,789626000,2013-08-17,LongTermDebtNoncurrent,2026-08-27
TRMB,equity,2013-06-28,2023873000,2013-08-17,StockholdersEquity,2026-08-27
TRMB,grossProfit,2013-06-28,302401000,2013-08-17,GrossProfit,2026-08-27
TRMB,inventory,2013-06-28,258709000,2013-08-17,InventoryNet,2026-08-27
TRMB,liabilities,2013-06-28,1592471000,2013-08-17,Liabilities,2026-08-27
TRMB,netIncome,2013-06-28,54581000,2013-08-17,NetIncomeLoss,2026-08-27
TRMB,operatingIncome,2013-06-28,64905000,2013-08-17,OperatingIncomeLoss,2026-08-27
TRMB,receivables,2013-06-28,356264000,2013-08-17,AccountsReceivableNetCurrent,2026-08-27
TRMB,revenue,2013-06-28,576293000,2013-08-17,Revenues,2026-08-27
TRMB,rnd,2013-06-28,76555000,2013-08-17,ResearchAndDevelopmentExpense,2026-08-27
TRMB,shares,2013-06-28,256566000,2013-08-17,CommonStockSharesOutstanding,2026-08-27
TROW,assets,2013-06-30,4798900000,2013-08-19,Assets,2026-08-27
TROW,cash,2013-06-30,1455900000,2013-08-19,CashAndCashEquivalentsAtCarryingValue,2026-08-27
TROW,equity,2013-06-30,4310500000,2013-08-19,StockholdersEquity,2026-08-27
TROW,liabilities,2013-06-30,488400000,2013-08-19,Liabilities,2026-08-27
TROW,netIncome,2013-06-30,247800000,2013-08-19,NetIncomeLoss,2026-08-27
TROW,operatingIncome,2013-06-30,398800000,2013-08-19,OperatingIncomeLoss,2026-08-27
TROW,shares,2013-06-30,260055000,2013-08-19,CommonStockSharesOutstanding,2026-08-27
TRV,assets,2013-06-30,101900000000,2013-08-19,Assets,2026-08-27
TRV,liabilities,2013-06-30,77010000000,2013-08-19,Liabilities,2026-08-27
TRV,operatingIncome,2013-06-30,816000000,2013-08-19,OperatingIncomeLoss,2026-08-27
TRV,revenue,2013-06-30,6674000000,2013-08-19,Revenues,2026-08-27
TRV,shares,2013-06-30,373500000,2013-08-19,CommonStockSharesOutstanding,2026-08-27
TSCO,assets,2013-06-29,1846424000,2013-08-18,Assets,2026-08-27
TSCO,buybacks,2013-06-29,19400000,2013-08-18,PaymentsForRepurchaseOfCommonStock,2026-08-27
TSCO,cash,2013-06-29,55698000,2013-08-18,CashAndCashEquivalentsAtCarryingValue,2026-08-27
TSCO,equity,2013-06-29,1143747000,2013-08-18,StockholdersEquity,2026-08-27
TSCO,grossProfit,2013-06-29,506140000,2013-08-18,GrossProfit,2026-08-27
TSCO,inventory,2013-06-29,1082861000,2013-08-18,InventoryNet,2026-08-27
TSCO,liabilities,2013-06-29,702677000,2013-08-18,Liabilities,2026-08-27
TSCO,netIncome,2013-06-29,123580000,2013-08-18,NetIncomeLoss,2026-08-27
TSCO,operatingIncome,2013-06-29,197979000,2013-08-18,OperatingIncomeLoss,2026-08-27
TSCO,shares,2013-06-29,139534000,2013-08-18,CommonStockSharesOutstanding,2026-08-27
TSLA,assets,2013-06-30,1887844000,2013-08-19,Assets,2026-08-27
TSLA,cash,2013-06-30,746057000,2013-08-19,CashAndCashEquivalentsAtCarryingValue,2026-08-27
TSLA,debt,2013-06-30,578740000,2013-08-19,LongTermDebtNoncurrent,2026-08-27
TSLA,equity,2013-06-30,629426000,2013-08-19,StockholdersEquity,2026-08-27
TSLA,grossProfit,2013-06-30,100483000,2013-08-19,GrossProfit,2026-08-27
TSLA,inventory,2013-06-30,254891000,2013-08-19,InventoryNet,2026-08-27
TSLA,liabilities,2013-06-30,1258418000,2013-08-19,Liabilities,2026-08-27
TSLA,netIncome,2013-06-30,-30502000,2013-08-19,NetIncomeLoss,2026-08-27
TSLA,operatingIncome,2013-06-30,-11792000,2013-08-19,OperatingIncomeLoss,2026-08-27
TSLA,receivables,2013-06-30,113544000,2013-08-19,AccountsReceivableNetCurrent,2026-08-27
TSLA,revenue,2013-06-30,405139000,2013-08-19,Revenues,2026-08-27
TSLA,rnd,2013-06-30,52312000,2013-08-19,ResearchAndDevelopmentExpense,2026-08-27
TSLA,shares,2013-06-30,121429665,2013-08-19,CommonStockSharesOutstanding,2026-08-27
TSN,assets,2013-06-29,12102000000,2013-08-18,Assets,2026-08-27
TSN,cash,2013-06-29,943000000,2013-08-18,CashAndCashEquivalentsAtCarryingValue,2026-08-27
TSN,equity,2013-06-29,6213000000,2013-08-18,StockholdersEquity,2026-08-27
TSN,grossProfit,2013-06-29,682000000,2013-08-18,GrossProfit,2026-08-27
TSN,inventory,2013-06-29,2901000000,2013-08-18,InventoryNet,2026-08-27
TSN,netIncome,2013-06-29,249000000,2013-08-18,NetIncomeLoss,2026-08-27
TSN,operatingIncome,2013-06-29,419000000,2013-08-18,OperatingIncomeLoss,2026-08-27
TSN,receivables,2013-06-29,1454000000,2013-08-18,AccountsReceivableNetCurrent,2026-08-27
TSN,revenue,2013-06-29,8731000000,2013-08-18,SalesRevenueNet,2026-08-27
TT,assets,2013-06-30,20273700000,2013-08-19,Assets,2026-08-27
TT,cash,2013-06-30,2026800000,2013-08-19,CashAndCashEquivalentsAtCarryingValue,2026-08-27
TT,debt,2013-06-30,3155100000,2013-08-19,LongTermDebtNoncurrent,2026-08-27
TT,equity,2013-06-30,7094100000,2013-08-19,StockholdersEquity,2026-08-27
TT,inventory,2013-06-30,1435000000,2013-08-19,InventoryNet,2026-08-27
TT,liabilities,2013-06-30,13097500000,2013-08-19,Liabilities,2026-08-27
TT,netIncome,2013-06-30,317200000,2013-08-19,NetIncomeLoss,2026-08-27
TT,operatingIncome,2013-06-30,387500000,2013-08-19,OperatingIncomeLoss,2026-08-27
TT,revenue,2013-06-30,3398400000,2013-08-19,SalesRevenueNet,2026-08-27
TTWO,assets,2013-06-30,1448105000,2013-08-19,Assets,2026-08-27
TTWO,capex,2013-06-30,7994000,2013-08-19,PaymentsToAcquirePropertyPlantAndEquipment,2026-08-27
TTWO,cash,2013-06-30,646315000,2013-08-19,CashAndCashEquivalentsAtCarryingValue,2026-08-27
TTWO,debt,2013-06-30,408925000,2013-08-19,LongTermDebtNoncurrent,2026-08-27
TTWO,equity,2013-06-30,606981000,2013-08-19,StockholdersEquity,2026-08-27
TTWO,grossProfit,2013-06-30,48825000,2013-08-19,GrossProfit,2026-08-27
TTWO,inventory,2013-06-30,27852000,2013-08-19,InventoryNet,2026-08-27
TTWO,liabilities,2013-06-30,841124000,2013-08-19,Liabilities,2026-08-27
TTWO,netIncome,2013-06-30,-61914000,2013-08-19,NetIncomeLoss,2026-08-27
TTWO,operatingCashFlow,2013-06-30,7201000,2013-08-19,NetCashProvidedByUsedInOperatingActivities,2026-08-27
TTWO,operatingIncome,2013-06-30,-49564000,2013-08-19,OperatingIncomeLoss,2026-08-27
TTWO,receivables,2013-06-30,35202000,2013-08-19,AccountsReceivableNetCurrent,2026-08-27
TTWO,revenue,2013-06-30,142667000,2013-08-19,SalesRevenueNet,2026-08-27
TTWO,shares,2013-06-30,94738000,2013-08-19,CommonStockSharesOutstanding,2026-08-27
TXN,assets,2013-06-30,19398000000,2013-08-19,Assets,2026-08-27
TXN,cash,2013-06-30,1180000000,2013-08-19,CashAndCashEquivalentsAtCarryingValue,2026-08-27
TXN,debt,2013-06-30,4165000000,2013-08-19,LongTermDebtNoncurrent,2026-08-27
TXN,equity,2013-06-30,11068000000,2013-08-19,StockholdersEquity,2026-08-27
TXN,grossProfit,2013-06-30,1570000000,2013-08-19,GrossProfit,2026-08-27
TXN,inventory,2013-06-30,1720000000,2013-08-19,InventoryNet,2026-08-27
TXN,liabilities,2013-06-30,8330000000,2013-08-19,Liabilities,2026-08-27
TXN,netIncome,2013-06-30,660000000,2013-08-19,NetIncomeLoss,2026-08-27
TXN,operatingIncome,2013-06-30,906000000,2013-08-19,OperatingIncomeLoss,2026-08-27
TXN,receivables,2013-06-30,1491000000,2013-08-19,AccountsReceivableNetCurrent,2026-08-27
TXN,revenue,2013-06-30,3047000000,2013-08-19,SalesRevenueNet,2026-08-27
TXN,rnd,2013-06-30,389000000,2013-08-19,ResearchAndDevelopmentExpense,2026-08-27
TXT,assets,2013-06-29,12440000000,2013-08-18,Assets,2026-08-27
TXT,cash,2013-06-29,571000000,2013-08-18,CashAndCashEquivalentsAtCarryingValue,2026-08-27
TXT,equity,2013-06-29,3380000000,2013-08-18,StockholdersEquity,2026-08-27
TXT,inventory,2013-06-29,3203000000,2013-08-18,InventoryNet,2026-08-27
TXT,liabilities,2013-06-29,9060000000,2013-08-18,Liabilities,2026-08-27
TXT,netIncome,2013-06-29,113000000,2013-08-18,NetIncomeLoss,2026-08-27
TXT,revenue,2013-06-29,2839000000,2013-08-18,Revenues,2026-08-27
TXT,shares,2013-06-29,280390000,2013-08-18,CommonStockSharesOutstanding,2026-08-27
TYL,assets,2013-06-30,368928000,2013-08-19,Assets,2026-08-27
TYL,cash,2013-06-30,3068000,2013-08-19,CashAndCashEquivalentsAtCarryingValue,2026-08-27
TYL,equity,2013-06-30,180155000,2013-08-19,StockholdersEquity,2026-08-27
TYL,grossProfit,2013-06-30,47042000,2013-08-19,GrossProfit,2026-08-27
TYL,netIncome,2013-06-30,9047000,2013-08-19,NetIncomeLoss,2026-08-27
TYL,operatingIncome,2013-06-30,15349000,2013-08-19,OperatingIncomeLoss,2026-08-27
TYL,receivables,2013-06-30,121256000,2013-08-19,AccountsReceivableNetCurrent,2026-08-27
TYL,revenue,2013-06-30,103088000,2013-08-19,Revenues,2026-08-27
UAL,assets,2013-06-30,37468000000,2013-08-19,Assets,2026-08-27
UAL,cash,2013-06-30,4143000000,2013-08-19,CashAndCashEquivalentsAtCarryingValue,2026-08-27
UAL,debt,2013-06-30,10214000000,2013-08-19,LongTermDebtNoncurrent,2026-08-27
UAL,equity,2013-06-30,1217000000,2013-08-19,StockholdersEquity,2026-08-27
UAL,netIncome,2013-06-30,469000000,2013-08-19,NetIncomeLoss,2026-08-27
UAL,operatingIncome,2013-06-30,770000000,2013-08-19,OperatingIncomeLoss,2026-08-27
UAL,revenue,2013-06-30,10001000000,2013-08-19,Revenues,2026-08-27
UAL,shares,2013-06-30,355889762,2013-08-19,CommonStockSharesOutstanding,2026-08-27
UDR,assets,2013-06-30,6743543000,2013-08-19,Assets,2026-08-27
UDR,cash,2013-06-30,9035000,2013-08-19,CashAndCashEquivalentsAtCarryingValue,2026-08-27
UDR,debt,2013-06-30,3394723000,2013-08-19,LongTermDebt,2026-08-27
UDR,equity,2013-06-30,2866372000,2013-08-19,StockholdersEquity,2026-08-27
UDR,liabilities,2013-06-30,3638595000,2013-08-19,Liabilities,2026-08-27
UDR,netIncome,2013-06-30,5192000,2013-08-19,NetIncomeLoss,2026-08-27
UDR,operatingIncome,2013-06-30,30683000,2013-08-19,OperatingIncomeLoss,2026-08-27
UDR,revenue,2013-06-30,189502000,2013-08-19,Revenues,2026-08-27
UDR,shares,2013-06-30,250742325,2013-08-19,CommonStockSharesOutstanding,2026-08-27
UHS,assets,2013-06-30,8317253000,2013-08-19,Assets,2026-08-27
UHS,cash,2013-06-30,12558000,2013-08-19,CashAndCashEquivalentsAtCarryingValue,2026-08-27
UHS,debt,2013-06-30,3473106000,2013-08-19,LongTermDebtNoncurrent,2026-08-27
UHS,equity,2013-06-30,2991457000,2013-08-19,StockholdersEquity,2026-08-27
UHS,netIncome,2013-06-30,151841000,2013-08-19,NetIncomeLoss,2026-08-27
UHS,operatingIncome,2013-06-30,304054000,2013-08-19,OperatingIncomeLoss,2026-08-27
UHS,receivables,2013-06-30,1149477000,2013-08-19,AccountsReceivableNetCurrent,2026-08-27
UHS,revenue,2013-06-30,1834975000,2013-08-19,SalesRevenueNet,2026-08-27
ULTA,assets,2013-05-04,1331577000,2013-06-23,Assets,2026-08-27
ULTA,buybacks,2013-05-04,37337000,2013-06-23,PaymentsForRepurchaseOfCommonStock,2026-08-27
ULTA,capex,2013-05-04,42004000,2013-06-23,PaymentsToAcquirePropertyPlantAndEquipment,2026-08-27
ULTA,cash,2013-05-04,293214000,2013-06-23,CashAndCashEquivalentsAtCarryingValue,2026-08-27
ULTA,equity,2013-05-04,803724000,2013-06-23,StockholdersEquity,2026-08-27
ULTA,grossProfit,2013-05-04,203949000,2013-06-23,GrossProfit,2026-08-27
ULTA,liabilities,2013-05-04,527853000,2013-06-23,Liabilities,2026-08-27
ULTA,netIncome,2013-05-04,41826000,2013-06-23,NetIncomeLoss,2026-08-27
ULTA,operatingCashFlow,2013-05-04,42835000,2013-06-23,NetCashProvidedByUsedInOperatingActivities,2026-08-27
ULTA,operatingIncome,2013-05-04,67695000,2013-06-23,OperatingIncomeLoss,2026-08-27
ULTA,revenue,2013-05-04,582712000,2013-06-23,SalesRevenueNet,2026-08-27
ULTA,shares,2013-05-04,63758000,2013-06-23,CommonStockSharesOutstanding,2026-08-27
UNH,assets,2013-06-30,80201000000,2013-08-19,Assets,2026-08-27
UNH,cash,2013-06-30,7654000000,2013-08-19,CashAndCashEquivalentsAtCarryingValue,2026-08-27
UNH,debt,2013-06-30,15543000000,2013-08-19,LongTermDebtNoncurrent,2026-08-27
UNH,equity,2013-06-30,31381000000,2013-08-19,StockholdersEquity,2026-08-27
UNH,liabilities,2013-06-30,48051000000,2013-08-19,Liabilities,2026-08-27
UNH,netIncome,2013-06-30,1436000000,2013-08-19,NetIncomeLoss,2026-08-27
UNH,operatingIncome,2013-06-30,2401000000,2013-08-19,OperatingIncomeLoss,2026-08-27
UNH,receivables,2013-06-30,3674000000,2013-08-19,AccountsReceivableNetCurrent,2026-08-27
UNH,revenue,2013-06-30,30408000000,2013-08-19,Revenues,2026-08-27
UNH,shares,2013-06-30,1006000000,2013-08-19,CommonStockSharesOutstanding,2026-08-27
UNP,assets,2013-06-30,49026000000,2013-08-19,Assets,2026-08-27
UNP,cash,2013-06-30,1845000000,2013-08-19,CashAndCashEquivalentsAtCarryingValue,2026-08-27
UNP,equity,2013-06-30,20524000000,2013-08-19,StockholdersEquity,2026-08-27
UNP,liabilities,2013-06-30,28502000000,2013-08-19,Liabilities,2026-08-27
UNP,netIncome,2013-06-30,1106000000,2013-08-19,NetIncomeLoss,2026-08-27
UNP,operatingIncome,2013-06-30,1878000000,2013-08-19,OperatingIncomeLoss,2026-08-27
UNP,receivables,2013-06-30,1468000000,2013-08-19,AccountsReceivableNetCurrent,2026-08-27
UNP,revenue,2013-06-30,5470000000,2013-08-19,Revenues,2026-08-27
UNP,shares,2013-06-30,464363763,2013-08-19,CommonStockSharesOutstanding,2026-08-27
UPS,assets,2013-06-30,36703000000,2013-08-19,Assets,2026-08-27
UPS,cash,2013-06-30,4808000000,2013-08-19,CashAndCashEquivalentsAtCarryingValue,2026-08-27
UPS,debt,2013-06-30,10837000000,2013-08-19,LongTermDebtNoncurrent,2026-08-27
UPS,equity,2013-06-30,3617000000,2013-08-19,StockholdersEquity,2026-08-27
UPS,netIncome,2013-06-30,1071000000,2013-08-19,NetIncomeLoss,2026-08-27
UPS,operatingIncome,2013-06-30,1742000000,2013-08-19,OperatingIncomeLoss,2026-08-27
UPS,receivables,2013-06-30,5438000000,2013-08-19,AccountsReceivableNetCurrent,2026-08-27
UPS,revenue,2013-06-30,13507000000,2013-08-19,Revenues,2026-08-27
URI,assets,2013-06-30,11326000000,2013-08-19,Assets,2026-08-27
URI,cash,2013-06-30,133000000,2013-08-19,CashAndCashEquivalentsAtCarryingValue,2026-08-27
URI,equity,2013-06-30,1583000000,2013-08-19,StockholdersEquity,2026-08-27
URI,grossProfit,2013-06-30,471000000,2013-08-19,GrossProfit,2026-08-27
URI,inventory,2013-06-30,111000000,2013-08-19,InventoryNet,2026-08-27
URI,liabilities,2013-06-30,9717000000,2013-08-19,Liabilities,2026-08-27
URI,netIncome,2013-06-30,83000000,2013-08-19,NetIncomeLoss,2026-08-27
URI,operatingIncome,2013-06-30,250000000,2013-08-19,OperatingIncomeLoss,2026-08-27
URI,receivables,2013-06-30,751000000,2013-08-19,AccountsReceivableNetCurrent,2026-08-27
URI,revenue,2013-06-30,1206000000,2013-08-19,Revenues,2026-08-27
URI,shares,2013-06-30,93454763,2013-08-19,CommonStockSharesOutstanding,2026-08-27
USB,assets,2013-06-30,353415000000,2013-08-19,Assets,2026-08-27
USB,debt,2013-06-30,19724000000,2013-08-19,LongTermDebt,2026-08-27
USB,equity,2013-06-30,39683000000,2013-08-19,StockholdersEquity,2026-08-27
USB,liabilities,2013-06-30,312365000000,2013-08-19,Liabilities,2026-08-27
USB,netIncome,2013-06-30,1484000000,2013-08-19,NetIncomeLoss,2026-08-27
USB,revenue,2013-06-30,4948000000,2013-08-19,Revenues,2026-08-27
V,assets,2013-06-30,35285000000,2013-08-19,Assets,2026-08-27
V,cash,2013-06-30,1453000000,2013-08-19,CashAndCashEquivalentsAtCarryingValue,2026-08-27
V,liabilities,2013-06-30,8282000000,2013-08-19,Liabilities,2026-08-27
V,netIncome,2013-06-30,1225000000,2013-08-19,NetIncomeLoss,2026-08-27
V,operatingIncome,2013-06-30,1828000000,2013-08-19,OperatingIncomeLoss,2026-08-27
V,receivables,2013-06-30,779000000,2013-08-19,AccountsReceivableNetCurrent,2026-08-27
V,revenue,2013-06-30,3001000000,2013-08-19,Revenues,2026-08-27
VEEV,capex,2013-04-30,217000,2013-06-19,PaymentsToAcquirePropertyPlantAndEquipment,2026-08-27
VEEV,cash,2013-04-30,44354000,2013-06-19,CashAndCashEquivalentsAtCarryingValue,2026-08-27
VEEV,grossProfit,2013-04-30,25079000,2013-06-19,GrossProfit,2026-08-27
VEEV,netIncome,2013-04-30,4845000,2013-06-19,NetIncomeLoss,2026-08-27
VEEV,operatingCashFlow,2013-04-30,13023000,2013-06-19,NetCashProvidedByUsedInOperatingActivitiesContinuingOperations,2026-08-27
VEEV,operatingIncome,2013-04-30,8173000,2013-06-19,OperatingIncomeLoss,2026-08-27
VEEV,revenue,2013-04-30,42788000,2013-06-19,Revenues,2026-08-27
VEEV,rnd,2013-04-30,5527000,2013-06-19,ResearchAndDevelopmentExpense,2026-08-27
VLO,assets,2013-06-30,44177000000,2013-08-19,Assets,2026-08-27
VLO,cash,2013-06-30,2398000000,2013-08-19,CashAndCashEquivalentsAtCarryingValue,2026-08-27
VLO,debt,2013-06-30,6522000000,2013-08-19,LongTermDebt,2026-08-27
VLO,equity,2013-06-30,17920000000,2013-08-19,StockholdersEquity,2026-08-27
VLO,inventory,2013-06-30,6446000000,2013-08-19,InventoryNet,2026-08-27
VLO,netIncome,2013-06-30,466000000,2013-08-19,NetIncomeLoss,2026-08-27
VLO,operatingIncome,2013-06-30,805000000,2013-08-19,OperatingIncomeLoss,2026-08-27
VMC,assets,2013-06-30,8120224000,2013-08-19,Assets,2026-08-27
VMC,cash,2013-06-30,86979000,2013-08-19,CashAndCashEquivalentsAtCarryingValue,2026-08-27
VMC,debt,2013-06-30,2524420000,2013-08-19,LongTermDebtNoncurrent,2026-08-27
VMC,grossProfit,2013-06-30,132895000,2013-08-19,GrossProfit,2026-08-27
VMC,inventory,2013-06-30,340487000,2013-08-19,InventoryNet,2026-08-27
VMC,liabilities,2013-06-30,4306704000,2013-08-19,Liabilities,2026-08-27
VMC,netIncome,2013-06-30,28772000,2013-08-19,NetIncomeLoss,2026-08-27
VMC,operatingIncome,2013-06-30,86866000,2013-08-19,OperatingIncomeLoss,2026-08-27
VMC,revenue,2013-06-30,738733000,2013-08-19,SalesRevenueNet,2026-08-27
VMRK,assets,2013-06-30,23482383000,2013-08-19,Assets,2026-08-27
VMRK,cash,2013-06-30,152564000,2013-08-19,CashAndCashEquivalentsAtCarryingValue,2026-08-27
VMRK,equity,2013-06-30,10322384000,2013-08-19,StockholdersEquity,2026-08-27
VMRK,liabilities,2013-06-30,12435577000,2013-08-19,Liabilities,2026-08-27
VMRK,netIncome,2013-06-30,324759000,2013-08-19,NetIncomeLoss,2026-08-27
VMRK,operatingIncome,2013-06-30,63977000,2013-08-19,OperatingIncomeLoss,2026-08-27
VMRK,revenue,2013-06-30,617217000,2013-08-19,Revenues,2026-08-27
VMRK,shares,2013-06-30,360312049,2013-08-19,CommonStockSharesOutstanding,2026-08-27
VRSK,assets,2013-06-30,2439351000,2013-08-19,Assets,2026-08-27
VRSK,cash,2013-06-30,172587000,2013-08-19,CashAndCashEquivalentsAtCarryingValue,2026-08-27
VRSK,debt,2013-06-30,1399769000,2013-08-19,LongTermDebt,2026-08-27
VRSK,equity,2013-06-30,365505000,2013-08-19,StockholdersEquity,2026-08-27
VRSK,liabilities,2013-06-30,2073846000,2013-08-19,Liabilities,2026-08-27
VRSK,netIncome,2013-06-30,84205000,2013-08-19,NetIncomeLoss,2026-08-27
VRSK,operatingIncome,2013-06-30,146857000,2013-08-19,OperatingIncomeLoss,2026-08-27
VRSK,receivables,2013-06-30,186549000,2013-08-19,AccountsReceivableNetCurrent,2026-08-27
VRSN,assets,2013-06-30,2524841000,2013-08-19,Assets,2026-08-27
VRSN,cash,2013-06-30,578301000,2013-08-19,CashAndCashEquivalentsAtCarryingValue,2026-08-27
VRSN,debt,2013-06-30,0,2013-08-19,LongTermDebt,2026-08-27
VRSN,equity,2013-06-30,-273932000,2013-08-19,StockholdersEquity,2026-08-27
VRSN,liabilities,2013-06-30,2798773000,2013-08-19,Liabilities,2026-08-27
VRSN,netIncome,2013-06-30,86890000,2013-08-19,NetIncomeLoss,2026-08-27
VRSN,operatingIncome,2013-06-30,132081000,2013-08-19,OperatingIncomeLoss,2026-08-27
VRSN,receivables,2013-06-30,13556000,2013-08-19,AccountsReceivableNetCurrent,2026-08-27
VRSN,revenue,2013-06-30,239332000,2013-08-19,Revenues,2026-08-27
VRSN,rnd,2013-06-30,16899000,2013-08-19,ResearchAndDevelopmentExpense,2026-08-27
VRSN,shares,2013-06-30,144121000,2013-08-19,CommonStockSharesOutstanding,2026-08-27
VRTX,assets,2013-06-30,2584329000,2013-08-19,Assets,2026-08-27
VRTX,cash,2013-06-30,531247000,2013-08-19,CashAndCashEquivalentsAtCarryingValue,2026-08-27
VRTX,equity,2013-06-30,1322453000,2013-08-19,StockholdersEquity,2026-08-27
VRTX,inventory,2013-06-30,19509000,2013-08-19,InventoryNet,2026-08-27
VRTX,liabilities,2013-06-30,1035666000,2013-08-19,Liabilities,2026-08-27
VRTX,netIncome,2013-06-30,-57165000,2013-08-19,NetIncomeLoss,2026-08-27
VRTX,operatingIncome,2013-06-30,-47032000,2013-08-19,OperatingIncomeLoss,2026-08-27
VRTX,receivables,2013-06-30,164866000,2013-08-19,AccountsReceivableNetCurrent,2026-08-27
VRTX,revenue,2013-06-30,310750000,2013-08-19,Revenues,2026-08-27
VRTX,rnd,2013-06-30,213994000,2013-08-19,ResearchAndDevelopmentExpense,2026-08-27
VTR,assets,2013-06-30,18796582000,2013-08-19,Assets,2026-08-27
VTR,capex,2013-06-30,266807000,2013-08-19,PaymentsToAcquireProductiveAssets,2026-08-27
VTR,cash,2013-06-30,54672000,2013-08-19,CashAndCashEquivalentsAtCarryingValue,2026-08-27
VTR,debt,2013-06-30,8420073000,2013-08-19,LongTermDebt,2026-08-27
VTR,equity,2013-06-30,8925582000,2013-08-19,StockholdersEquity,2026-08-27
VTR,liabilities,2013-06-30,9605838000,2013-08-19,Liabilities,2026-08-27
VTR,revenue,2013-06-30,684109000,2013-08-19,Revenues,2026-08-27
VZ,assets,2013-06-30,223346000000,2013-08-19,Assets,2026-08-27
VZ,cash,2013-06-30,1788000000,2013-08-19,CashAndCashEquivalentsAtCarryingValue,2026-08-27
VZ,inventory,2013-06-30,1040000000,2013-08-19,InventoryNet,2026-08-27
VZ,netIncome,2013-06-30,2246000000,2013-08-19,NetIncomeLoss,2026-08-27
VZ,operatingIncome,2013-06-30,6555000000,2013-08-19,OperatingIncomeLoss,2026-08-27
VZ,receivables,2013-06-30,12216000000,2013-08-19,AccountsReceivableNetCurrent,2026-08-27
VZ,revenue,2013-06-30,29786000000,2013-08-19,Revenues,2026-08-27
WAB,assets,2013-06-30,2516390000,2013-08-19,Assets,2026-08-27
WAB,cash,2013-06-30,214505000,2013-08-19,CashAndCashEquivalentsAtCarryingValue,2026-08-27
WAB,debt,2013-06-30,396915000,2013-08-19,LongTermDebtNoncurrent,2026-08-27
WAB,equity,2013-06-30,1401260000,2013-08-19,StockholdersEquity,2026-08-27
WAB,grossProfit,2013-06-30,192881000,2013-08-19,GrossProfit,2026-08-27
WAB,inventory,2013-06-30,405938000,2013-08-19,InventoryNet,2026-08-27
WAB,liabilities,2013-06-30,1110684000,2013-08-19,Liabilities,2026-08-27
WAB,netIncome,2013-06-30,74638000,2013-08-19,NetIncomeLoss,2026-08-27
WAB,operatingIncome,2013-06-30,112554000,2013-08-19,OperatingIncomeLoss,2026-08-27
WAB,receivables,2013-06-30,488449000,2013-08-19,AccountsReceivableNetCurrent,2026-08-27
WAB,revenue,2013-06-30,638002000,2013-08-19,Revenues,2026-08-27
WAB,rnd,2013-06-30,11280000,2013-08-19,ResearchAndDevelopmentExpense,2026-08-27
WAB,shares,2013-06-30,96270889,2013-08-19,CommonStockSharesOutstanding,2026-08-27
WAT,assets,2013-06-29,3285529000,2013-08-18,Assets,2026-08-27
WAT,cash,2013-06-29,455045000,2013-08-18,CashAndCashEquivalentsAtCarryingValue,2026-08-27
WAT,debt,2013-06-29,1135000000,2013-08-18,LongTermDebtNoncurrent,2026-08-27
WAT,equity,2013-06-29,1520112000,2013-08-18,StockholdersEquity,2026-08-27
WAT,grossProfit,2013-06-29,262786000,2013-08-18,GrossProfit,2026-08-27
WAT,inventory,2013-06-29,242641000,2013-08-18,InventoryNet,2026-08-27
WAT,liabilities,2013-06-29,1765417000,2013-08-18,Liabilities,2026-08-27
WAT,operatingIncome,2013-06-29,112692000,2013-08-18,OperatingIncomeLoss,2026-08-27
WAT,receivables,2013-06-29,365222000,2013-08-18,AccountsReceivableNetCurrent,2026-08-27
WAT,revenue,2013-06-29,451115000,2013-08-18,SalesRevenueNet,2026-08-27
WAT,rnd,2013-06-29,24650000,2013-08-18,ResearchAndDevelopmentExpense,2026-08-27
WAT,shares,2013-06-29,85197000,2013-08-18,CommonStockSharesOutstanding,2026-08-27
WBD,assets,2013-06-30,14687000000,2013-08-19,Assets,2026-08-27
WBD,buybacks,2013-06-30,265000000,2013-08-19,PaymentsForRepurchaseOfCommonStock,2026-08-27
WBD,cash,2013-06-30,375000000,2013-08-19,CashAndCashEquivalentsAtCarryingValue,2026-08-27
WBD,debt,2013-06-30,6478000000,2013-08-19,LongTermDebt,2026-08-27
WBD,equity,2013-06-30,6269000000,2013-08-19,StockholdersEquity,2026-08-27
WBD,liabilities,2013-06-30,8383000000,2013-08-19,Liabilities,2026-08-27
WBD,netIncome,2013-06-30,300000000,2013-08-19,NetIncomeLoss,2026-08-27
WBD,operatingIncome,2013-06-30,549000000,2013-08-19,OperatingIncomeLoss,2026-08-27
WBD,revenue,2013-06-30,1467000000,2013-08-19,SalesRevenueNet,2026-08-27
WDAY,assets,2013-04-30,981255000,2013-06-19,Assets,2026-08-27
WDAY,capex,2013-04-30,1895000,2013-06-19,PaymentsToAcquireProductiveAssets,2026-08-27
WDAY,cash,2013-04-30,219264000,2013-06-19,CashAndCashEquivalentsAtCarryingValue,2026-08-27
WDAY,equity,2013-04-30,571785000,2013-06-19,StockholdersEquity,2026-08-27
WDAY,liabilities,2013-04-30,409470000,2013-06-19,Liabilities,2026-08-27
WDAY,netIncome,2013-04-30,-33015000,2013-06-19,NetIncomeLoss,2026-08-27
WDAY,operatingCashFlow,2013-04-30,17310000,2013-06-19,NetCashProvidedByUsedInOperatingActivities,2026-08-27
WDAY,operatingIncome,2013-04-30,-32624000,2013-06-19,OperatingIncomeLoss,2026-08-27
WDAY,receivables,2013-04-30,60345000,2013-06-19,AccountsReceivableNetCurrent,2026-08-27
WDAY,revenue,2013-04-30,91645000,2013-06-19,Revenues,2026-08-27
WDAY,rnd,2013-04-30,36282000,2013-06-19,ResearchAndDevelopmentExpense,2026-08-27
WDC,assets,2013-06-28,14036000000,2013-08-17,Assets,2026-08-27
WDC,cash,2013-06-29,4309000000,2013-08-18,CashAndCashEquivalentsAtCarryingValue,2026-08-27
WDC,debt,2013-06-28,1725000000,2013-08-17,LongTermDebtNoncurrent,2026-08-27
WDC,equity,2013-06-28,7893000000,2013-08-17,StockholdersEquity,2026-08-27
WDC,grossProfit,2013-06-28,1050000000,2013-08-17,GrossProfit,2026-08-27
WDC,inventory,2013-06-28,1188000000,2013-08-17,InventoryNet,2026-08-27
WDC,liabilities,2013-06-28,6143000000,2013-08-17,Liabilities,2026-08-27
WDC,netIncome,2013-06-28,-265000000,2013-08-17,NetIncomeLoss,2026-08-27
WDC,operatingIncome,2013-06-28,-221000000,2013-08-17,OperatingIncomeLoss,2026-08-27
WDC,receivables,2013-06-28,1793000000,2013-08-17,AccountsReceivableNetCurrent,2026-08-27
WDC,shares,2013-06-28,237000000,2013-08-17,CommonStockSharesOutstanding,2026-08-27
WEC,assets,2013-06-30,14317000000,2013-08-19,Assets,2026-08-27
WEC,capex,2013-06-30,173700000,2013-08-19,PaymentsToAcquirePropertyPlantAndEquipment,2026-08-27
WEC,cash,2013-06-30,21000000,2013-08-19,CashAndCashEquivalentsAtCarryingValue,2026-08-27
WEC,debt,2013-06-30,4383200000,2013-08-19,LongTermDebtNoncurrent,2026-08-27
WEC,netIncome,2013-06-30,119000000,2013-08-19,NetIncomeLoss,2026-08-27
WEC,operatingIncome,2013-06-30,229500000,2013-08-19,OperatingIncomeLoss,2026-08-27
WEC,receivables,2013-06-30,327300000,2013-08-19,AccountsReceivableNetCurrent,2026-08-27
WEC,revenue,2013-06-30,1012300000,2013-08-19,Revenues,2026-08-27
WELL,assets,2013-06-30,22196393000,2013-08-19,Assets,2026-08-27
WELL,cash,2013-06-30,512472000,2013-08-19,CashAndCashEquivalentsAtCarryingValue,2026-08-27
WELL,debt,2013-06-30,9471226000,2013-08-19,LongTermDebt,2026-08-27
WELL,equity,2013-06-30,11644161000,2013-08-19,StockholdersEquity,2026-08-27
WELL,liabilities,2013-06-30,10099427000,2013-08-19,Liabilities,2026-08-27
WELL,revenue,2013-06-30,678533000,2013-08-19,Revenues,2026-08-27
WELL,shares,2013-06-30,285232381,2013-08-19,CommonStockSharesOutstanding,2026-08-27
WFC,assets,2013-06-30,1440563000000,2013-08-19,Assets,2026-08-27
WFC,debt,2013-06-30,123375000000,2013-08-19,LongTermDebt,2026-08-27
WFC,equity,2013-06-30,162421000000,2013-08-19,StockholdersEquity,2026-08-27
WFC,liabilities,2013-06-30,1276786000000,2013-08-19,Liabilities,2026-08-27
WFC,netIncome,2013-06-30,5519000000,2013-08-19,NetIncomeLoss,2026-08-27
WM,assets,2013-06-30,23012000000,2013-08-19,Assets,2026-08-27
WM,cash,2013-06-30,154000000,2013-08-19,CashAndCashEquivalentsAtCarryingValue,2026-08-27
WM,equity,2013-06-30,6509000000,2013-08-19,StockholdersEquity,2026-08-27
WM,liabilities,2013-06-30,16194000000,2013-08-19,Liabilities,2026-08-27
WM,netIncome,2013-06-30,244000000,2013-08-19,NetIncomeLoss,2026-08-27
WM,operatingIncome,2013-06-30,510000000,2013-08-19,OperatingIncomeLoss,2026-08-27
WM,receivables,2013-06-30,1730000000,2013-08-19,AccountsReceivableNetCurrent,2026-08-27
WM,revenue,2013-06-30,3526000000,2013-08-19,Revenues,2026-08-27
WM,shares,2013-06-30,468100000,2013-08-19,CommonStockSharesOutstanding,2026-08-27
WMB,assets,2013-06-30,25657000000,2013-08-19,Assets,2026-08-27
WMB,cash,2013-06-30,824000000,2013-08-19,CashAndCashEquivalentsAtCarryingValue,2026-08-27
WMB,equity,2013-06-30,4694000000,2013-08-19,StockholdersEquity,2026-08-27
WMB,inventory,2013-06-30,174000000,2013-08-19,InventoryNet,2026-08-27
WMB,netIncome,2013-06-30,142000000,2013-08-19,NetIncomeLoss,2026-08-27
WMB,operatingIncome,2013-06-30,350000000,2013-08-19,OperatingIncomeLoss,2026-08-27
WMB,revenue,2013-06-30,1767000000,2013-08-19,Revenues,2026-08-27
WMT,assets,2013-04-30,202187000000,2013-06-19,Assets,2026-08-27
WMT,buybacks,2013-04-30,2246000000,2013-06-19,PaymentsForRepurchaseOfCommonStock,2026-08-27
WMT,capex,2013-04-30,2968000000,2013-06-19,PaymentsToAcquirePropertyPlantAndEquipment,2026-08-27
WMT,cash,2013-04-30,8855000000,2013-06-19,CashAndCashEquivalentsAtCarryingValue,2026-08-27
WMT,debt,2013-04-30,41536000000,2013-06-19,LongTermDebtNoncurrent,2026-08-27
WMT,equity,2013-04-30,70249000000,2013-06-19,StockholdersEquity,2026-08-27
WMT,inventory,2013-04-30,43138000000,2013-06-19,InventoryNet,2026-08-27
WMT,netIncome,2013-04-30,3784000000,2013-06-19,NetIncomeLoss,2026-08-27
WMT,operatingCashFlow,2013-04-30,4894000000,2013-06-19,NetCashProvidedByUsedInOperatingActivities,2026-08-27
WMT,operatingIncome,2013-04-30,6438000000,2013-06-19,OperatingIncomeLoss,2026-08-27
WMT,revenue,2013-04-30,114071000000,2013-06-19,Revenues,2026-08-27
WRB,assets,2013-06-30,20211542000,2013-08-19,Assets,2026-08-27
WRB,cash,2013-06-30,658839000,2013-08-19,CashAndCashEquivalentsAtCarryingValue,2026-08-27
WRB,equity,2013-06-30,4238604000,2013-08-19,StockholdersEquity,2026-08-27
WRB,liabilities,2013-06-30,15945887000,2013-08-19,Liabilities,2026-08-27
WRB,netIncome,2013-06-30,115957000,2013-08-19,NetIncomeLoss,2026-08-27
WRB,revenue,2013-06-30,1570962000,2013-08-19,Revenues,2026-08-27
WRB,shares,2013-06-30,135308430,2013-08-19,CommonStockSharesOutstanding,2026-08-27
WSM,assets,2013-05-05,2063219000,2013-06-24,Assets,2026-08-27
WSM,buybacks,2013-05-05,41174000,2013-06-24,PaymentsForRepurchaseOfCommonStock,2026-08-27
WSM,capex,2013-05-05,47444000,2013-06-24,PaymentsToAcquirePropertyPlantAndEquipment,2026-08-27
WSM,cash,2013-05-05,252536000,2013-06-24,CashAndCashEquivalentsAtCarryingValue,2026-08-27
WSM,equity,2013-05-05,1282218000,2013-06-24,StockholdersEquity,2026-08-27
WSM,grossProfit,2013-05-05,334185000,2013-06-24,GrossProfit,2026-08-27
WSM,inventory,2013-05-05,661541000,2013-06-24,InventoryNet,2026-08-27
WSM,liabilities,2013-05-05,781001000,2013-06-24,Liabilities,2026-08-27
WSM,netIncome,2013-05-05,39466000,2013-06-24,NetIncomeLoss,2026-08-27
WSM,operatingCashFlow,2013-05-05,-59822000,2013-06-24,NetCashProvidedByUsedInOperatingActivities,2026-08-27
WSM,operatingIncome,2013-05-05,63783000,2013-06-24,OperatingIncomeLoss,2026-08-27
WSM,revenue,2013-05-05,887808000,2013-06-24,SalesRevenueNet,2026-08-27
WSM,shares,2013-05-05,97309000,2013-06-24,CommonStockSharesOutstanding,2026-08-27
WST,assets,2013-06-30,1612700000,2013-08-19,Assets,2026-08-27
WST,cash,2013-06-30,190600000,2013-08-19,CashAndCashEquivalentsAtCarryingValue,2026-08-27
WST,debt,2013-06-30,394700000,2013-08-19,LongTermDebtNoncurrent,2026-08-27
WST,grossProfit,2013-06-30,110900000,2013-08-19,GrossProfit,2026-08-27
WST,inventory,2013-06-30,176500000,2013-08-19,InventoryNet,2026-08-27
WST,liabilities,2013-06-30,828500000,2013-08-19,Liabilities,2026-08-27
WST,operatingIncome,2013-06-30,42500000,2013-08-19,OperatingIncomeLoss,2026-08-27
WST,receivables,2013-06-30,195300000,2013-08-19,AccountsReceivableNetCurrent,2026-08-27
WST,revenue,2013-06-30,344500000,2013-08-19,SalesRevenueNet,2026-08-27
WST,rnd,2013-06-30,9500000,2013-08-19,ResearchAndDevelopmentExpense,2026-08-27
WTW,assets,2013-06-30,15938000000,2013-08-19,Assets,2026-08-27
WTW,cash,2013-06-30,503000000,2013-08-19,CashAndCashEquivalentsAtCarryingValue,2026-08-27
WTW,debt,2013-06-30,2326000000,2013-08-19,LongTermDebtNoncurrent,2026-08-27
WTW,equity,2013-06-30,1977000000,2013-08-19,StockholdersEquity,2026-08-27
WTW,liabilities,2013-06-30,13938000000,2013-08-19,Liabilities,2026-08-27
WTW,netIncome,2013-06-30,105000000,2013-08-19,NetIncomeLoss,2026-08-27
WTW,operatingIncome,2013-06-30,167000000,2013-08-19,OperatingIncomeLoss,2026-08-27
WTW,receivables,2013-06-30,1044000000,2013-08-19,AccountsReceivableNetCurrent,2026-08-27
WTW,revenue,2013-06-30,890000000,2013-08-19,Revenues,2026-08-27
WY,assets,2013-06-30,13908000000,2013-08-19,Assets,2026-08-27
WY,cash,2013-06-30,2362000000,2013-08-19,CashAndCashEquivalentsAtCarryingValue,2026-08-27
WY,equity,2013-06-30,5868000000,2013-08-19,StockholdersEquity,2026-08-27
WY,grossProfit,2013-06-30,421000000,2013-08-19,GrossProfit,2026-08-27
WY,liabilities,2013-06-30,8002000000,2013-08-19,Liabilities,2026-08-27
WY,netIncome,2013-06-30,198000000,2013-08-19,NetIncomeLoss,2026-08-27
WY,operatingIncome,2013-06-30,293000000,2013-08-19,OperatingIncomeLoss,2026-08-27
WY,revenue,2013-06-30,1874000000,2013-08-19,SalesRevenueNet,2026-08-27
WY,rnd,2013-06-30,8000000,2013-08-19,ResearchAndDevelopmentExpense,2026-08-27
WY,shares,2013-06-30,577873544,2013-08-19,CommonStockSharesOutstanding,2026-08-27
WYNN,assets,2013-06-30,7773339000,2013-08-19,Assets,2026-08-27
WYNN,cash,2013-06-30,2028229000,2013-08-19,CashAndCashEquivalentsAtCarryingValue,2026-08-27
WYNN,debt,2013-06-30,6010763000,2013-08-19,LongTermDebtNoncurrent,2026-08-27
WYNN,equity,2013-06-30,-88028000,2013-08-19,StockholdersEquity,2026-08-27
WYNN,inventory,2013-06-30,70153000,2013-08-19,InventoryNet,2026-08-27
WYNN,liabilities,2013-06-30,7595775000,2013-08-19,Liabilities,2026-08-27
WYNN,netIncome,2013-06-30,129785000,2013-08-19,NetIncomeLoss,2026-08-27
WYNN,operatingIncome,2013-06-30,274024000,2013-08-19,OperatingIncomeLoss,2026-08-27
WYNN,revenue,2013-06-30,1332273000,2013-08-19,SalesRevenueNet,2026-08-27
WYNN,shares,2013-06-30,101102388,2013-08-19,CommonStockSharesOutstanding,2026-08-27
XEL,assets,2013-06-30,32266262000,2013-08-19,Assets,2026-08-27
XEL,cash,2013-06-30,58821000,2013-08-19,CashAndCashEquivalentsAtCarryingValue,2026-08-27
XEL,equity,2013-06-30,9300245000,2013-08-19,StockholdersEquity,2026-08-27
XEL,inventory,2013-06-30,494890000,2013-08-19,InventoryNet,2026-08-27
XEL,netIncome,2013-06-30,196857000,2013-08-19,NetIncomeLoss,2026-08-27
XEL,operatingIncome,2013-06-30,402236000,2013-08-19,OperatingIncomeLoss,2026-08-27
XEL,receivables,2013-06-30,719069000,2013-08-19,AccountsReceivableNetCurrent,2026-08-27
XEL,revenue,2013-06-30,2578913000,2013-08-19,Revenues,2026-08-27
XEL,shares,2013-06-30,497295719,2013-08-19,CommonStockSharesOutstanding,2026-08-27
XYL,assets,2013-06-30,4611000000,2013-08-19,Assets,2026-08-27
XYL,capex,2013-06-30,31000000,2013-08-19,PaymentsToAcquireProductiveAssets,2026-08-27
XYL,cash,2013-06-30,360000000,2013-08-19,CashAndCashEquivalentsAtCarryingValue,2026-08-27
XYL,debt,2013-06-30,1199000000,2013-08-19,LongTermDebtNoncurrent,2026-08-27
XYL,grossProfit,2013-06-30,371000000,2013-08-19,GrossProfit,2026-08-27
XYL,inventory,2013-06-30,471000000,2013-08-19,InventoryNet,2026-08-27
XYL,liabilities,2013-06-30,2559000000,2013-08-19,Liabilities,2026-08-27
XYL,netIncome,2013-06-30,46000000,2013-08-19,NetIncomeLoss,2026-08-27
XYL,operatingIncome,2013-06-30,70000000,2013-08-19,OperatingIncomeLoss,2026-08-27
XYL,receivables,2013-06-30,792000000,2013-08-19,AccountsReceivableNetCurrent,2026-08-27
XYL,revenue,2013-06-30,960000000,2013-08-19,SalesRevenueNet,2026-08-27
XYL,rnd,2013-06-30,28000000,2013-08-19,ResearchAndDevelopmentExpense,2026-08-27
YUM,assets,2013-06-15,8764000000,2013-08-04,Assets,2026-08-27
YUM,cash,2013-06-15,500000000,2013-08-04,CashAndCashEquivalentsAtCarryingValue,2026-08-27
YUM,debt,2013-06-15,2800000000,2013-08-04,LongTermDebt,2026-08-27
YUM,equity,2013-06-15,2223000000,2013-08-04,StockholdersEquity,2026-08-27
YUM,inventory,2013-06-15,319000000,2013-08-04,InventoryNet,2026-08-27
YUM,liabilities,2013-06-15,6420000000,2013-08-04,Liabilities,2026-08-27
YUM,netIncome,2013-06-15,281000000,2013-08-04,NetIncomeLoss,2026-08-27
YUM,operatingIncome,2013-06-15,390000000,2013-08-04,OperatingIncomeLoss,2026-08-27
YUM,revenue,2013-06-15,2904000000,2013-08-04,Revenues,2026-08-27
ZBH,assets,2013-06-30,9097400000,2013-08-19,Assets,2026-08-27
ZBH,buybacks,2013-06-30,68800000,2013-08-19,PaymentsForRepurchaseOfCommonStock,2026-08-27
ZBH,cash,2013-06-30,709900000,2013-08-19,CashAndCashEquivalentsAtCarryingValue,2026-08-27
ZBH,debt,2013-06-30,1688100000,2013-08-19,LongTermDebtNoncurrent,2026-08-27
ZBH,equity,2013-06-30,5885900000,2013-08-19,StockholdersEquity,2026-08-27
ZBH,grossProfit,2013-06-30,845900000,2013-08-19,GrossProfit,2026-08-27
ZBH,inventory,2013-06-30,1052900000,2013-08-19,InventoryNet,2026-08-27
ZBH,liabilities,2013-06-30,3207800000,2013-08-19,Liabilities,2026-08-27
ZBH,netIncome,2013-06-30,152100000,2013-08-19,NetIncomeLoss,2026-08-27
ZBH,operatingIncome,2013-06-30,210400000,2013-08-19,OperatingIncomeLoss,2026-08-27
ZBH,receivables,2013-06-30,942500000,2013-08-19,AccountsReceivableNetCurrent,2026-08-27
ZBRA,assets,2013-06-29,1018555000,2013-08-18,Assets,2026-08-27
ZBRA,cash,2013-06-29,55886000,2013-08-18,CashAndCashEquivalentsAtCarryingValue,2026-08-27
ZBRA,equity,2013-06-29,896579000,2013-08-18,StockholdersEquity,2026-08-27
ZBRA,grossProfit,2013-06-29,120907000,2013-08-18,GrossProfit,2026-08-27
ZBRA,inventory,2013-06-29,109149000,2013-08-18,InventoryNet,2026-08-27
ZBRA,liabilities,2013-06-29,121976000,2013-08-18,Liabilities,2026-08-27
ZBRA,netIncome,2013-06-29,30566000,2013-08-18,NetIncomeLoss,2026-08-27
ZBRA,operatingIncome,2013-06-29,36241000,2013-08-18,OperatingIncomeLoss,2026-08-27
ZBRA,receivables,2013-06-29,170856000,2013-08-18,AccountsReceivableNetCurrent,2026-08-27
ZBRA,revenue,2013-06-29,253160000,2013-08-18,SalesRevenueNet,2026-08-27
ZBRA,rnd,2013-06-29,23201000,2013-08-18,ResearchAndDevelopmentExpense,2026-08-27
ZBRA,shares,2013-06-29,50782000,2013-08-18,CommonStockSharesOutstanding,2026-08-27
ZTS,assets,2013-06-30,6261000000,2013-08-19,Assets,2026-08-27
ZTS,cash,2013-06-30,369000000,2013-08-19,CashAndCashEquivalentsAtCarryingValue,2026-08-27
ZTS,debt,2013-06-30,3640000000,2013-08-19,LongTermDebtNoncurrent,2026-08-27
ZTS,equity,2013-06-30,800000000,2013-08-19,StockholdersEquity,2026-08-27
ZTS,inventory,2013-06-30,1257000000,2013-08-19,InventoryNet,2026-08-27
ZTS,liabilities,2013-06-30,5438000000,2013-08-19,Liabilities,2026-08-27
ZTS,netIncome,2013-06-30,128000000,2013-08-19,NetIncomeLoss,2026-08-27
ZTS,receivables,2013-06-30,1137000000,2013-08-19,AccountsReceivableNetCurrent,2026-08-27
ZTS,revenue,2013-06-30,1114000000,2013-08-19,SalesRevenueNet,2026-08-27
ZTS,shares,2013-06-30,500000000,2013-08-19,CommonStockSharesOutstanding,2026-08-27
