symbol,role,period_end,value,available_from,tag,seen
A,assets,2017-07-31,8261000000,2017-09-19,Assets,2026-08-25
A,cash,2017-07-31,2563000000,2017-09-19,CashAndCashEquivalentsAtCarryingValue,2026-08-25
A,debt,2017-07-31,1801000000,2017-09-19,LongTermDebtNoncurrent,2026-08-25
A,equity,2017-07-31,4608000000,2017-09-19,StockholdersEquity,2026-08-25
A,inventory,2017-07-31,566000000,2017-09-19,InventoryNet,2026-08-25
A,liabilities,2017-07-31,3650000000,2017-09-19,Liabilities,2026-08-25
A,netIncome,2017-07-31,175000000,2017-09-19,NetIncomeLoss,2026-08-25
A,operatingIncome,2017-07-31,201000000,2017-09-19,OperatingIncomeLoss,2026-08-25
A,receivables,2017-07-31,678000000,2017-09-19,AccountsReceivableNetCurrent,2026-08-25
A,revenue,2017-07-31,1114000000,2017-09-19,RevenueFromContractWithCustomerExcludingAssessedTax,2026-08-25
A,rnd,2017-07-31,87000000,2017-09-19,ResearchAndDevelopmentExpense,2026-08-25
A,shares,2017-07-31,322000000,2017-09-19,CommonStockSharesOutstanding,2026-08-25
AAPL,assets,2017-09-30,375319000000,2017-11-19,Assets,2026-08-25
AAPL,cash,2017-09-30,20289000000,2017-11-19,CashAndCashEquivalentsAtCarryingValue,2026-08-25
AAPL,debt,2017-09-30,97207000000,2017-11-19,LongTermDebtNoncurrent,2026-08-25
AAPL,equity,2017-09-30,134047000000,2017-11-19,StockholdersEquity,2026-08-25
AAPL,grossProfit,2017-09-30,19931000000,2017-11-19,GrossProfit,2026-08-25
AAPL,inventory,2017-09-30,4855000000,2017-11-19,InventoryNet,2026-08-25
AAPL,liabilities,2017-09-30,241272000000,2017-11-19,Liabilities,2026-08-25
AAPL,netIncome,2017-09-30,10714000000,2017-11-19,NetIncomeLoss,2026-08-25
AAPL,operatingIncome,2017-07-01,10768000000,2017-08-20,OperatingIncomeLoss,2026-08-25
AAPL,receivables,2017-09-30,17874000000,2017-11-19,AccountsReceivableNetCurrent,2026-08-25
AAPL,revenue,2017-09-30,52579000000,2017-11-19,Revenues,2026-08-25
AAPL,rnd,2017-07-01,2937000000,2017-08-20,ResearchAndDevelopmentExpense,2026-08-25
AAPL,shares,2017-09-30,5126201000,2017-11-19,CommonStockSharesOutstanding,2026-08-25
ABBV,assets,2017-09-30,68840000000,2017-11-19,Assets,2026-08-25
ABBV,cash,2017-09-30,8446000000,2017-11-19,CashAndCashEquivalentsAtCarryingValue,2026-08-25
ABBV,equity,2017-09-30,6687000000,2017-11-19,StockholdersEquity,2026-08-25
ABBV,grossProfit,2017-09-30,5379000000,2017-11-19,GrossProfit,2026-08-25
ABBV,inventory,2017-09-30,1785000000,2017-11-19,InventoryNet,2026-08-25
ABBV,netIncome,2017-09-30,1631000000,2017-11-19,NetIncomeLoss,2026-08-25
ABBV,operatingIncome,2017-09-30,2694000000,2017-11-19,OperatingIncomeLoss,2026-08-25
ABBV,receivables,2017-09-30,4891000000,2017-11-19,AccountsReceivableNetCurrent,2026-08-25
ABBV,revenue,2017-09-30,6995000000,2017-11-19,Revenues,2026-08-25
ABT,assets,2017-09-30,72248000000,2017-11-19,Assets,2026-08-25
ABT,cash,2017-09-30,11012000000,2017-11-19,CashAndCashEquivalentsAtCarryingValue,2026-08-25
ABT,debt,2017-09-30,23310000000,2017-11-19,LongTermDebtNoncurrent,2026-08-25
ABT,equity,2017-09-30,32032000000,2017-11-19,StockholdersEquity,2026-08-25
ABT,grossProfit,2017-09-30,3452000000,2017-11-19,GrossProfit,2026-08-25
ABT,inventory,2017-09-30,3483000000,2017-11-19,InventoryNet,2026-08-25
ABT,netIncome,2017-09-30,603000000,2017-11-19,NetIncomeLoss,2026-08-25
ABT,operatingIncome,2017-09-30,769000000,2017-11-19,OperatingIncomeLoss,2026-08-25
ABT,receivables,2017-09-30,4800000000,2017-11-19,AccountsReceivableNetCurrent,2026-08-25
ABT,revenue,2017-09-30,6829000000,2017-11-19,RevenueFromContractWithCustomerExcludingAssessedTax,2026-08-25
ACGL,assets,2017-09-30,32624797000,2017-11-19,Assets,2026-08-25
ACGL,cash,2017-09-30,862361000,2017-11-19,CashAndCashEquivalentsAtCarryingValue,2026-08-25
ACGL,equity,2017-09-30,8911144000,2017-11-19,StockholdersEquity,2026-08-25
ACGL,liabilities,2017-09-30,22646926000,2017-11-19,Liabilities,2026-08-25
ACGL,netIncome,2017-09-30,-33656000,2017-11-19,NetIncomeLoss,2026-08-25
ACGL,revenue,2017-09-30,1479554000,2017-11-19,Revenues,2026-08-25
ACN,assets,2017-08-31,22689890000,2017-10-20,Assets,2026-08-25
ACN,cash,2017-08-31,4126860000,2017-10-20,CashAndCashEquivalentsAtCarryingValue,2026-08-25
ACN,equity,2017-08-31,8949477000,2017-10-20,StockholdersEquity,2026-08-25
ACN,netIncome,2017-08-31,932453000,2017-10-20,NetIncomeLoss,2026-08-25
ACN,operatingIncome,2017-08-31,1296562000,2017-10-20,OperatingIncomeLoss,2026-08-25
ACN,receivables,2017-08-31,4569214000,2017-10-20,AccountsReceivableNetCurrent,2026-08-25
ACN,revenue,2017-08-31,9640906000,2017-10-20,Revenues,2026-08-25
ADBE,assets,2017-09-01,13906815000,2017-10-21,Assets,2026-08-25
ADBE,cash,2017-09-01,1774550000,2017-10-21,CashAndCashEquivalentsAtCarryingValue,2026-08-25
ADBE,debt,2017-09-01,1889218000,2017-10-21,LongTermDebt,2026-08-25
ADBE,equity,2017-09-01,8170434000,2017-10-21,StockholdersEquity,2026-08-25
ADBE,grossProfit,2017-09-01,1578152000,2017-10-21,GrossProfit,2026-08-25
ADBE,liabilities,2017-09-01,5736381000,2017-10-21,Liabilities,2026-08-25
ADBE,netIncome,2017-09-01,419569000,2017-10-21,NetIncomeLoss,2026-08-25
ADBE,operatingIncome,2017-09-01,545674000,2017-10-21,OperatingIncomeLoss,2026-08-25
ADBE,receivables,2017-09-01,1006187000,2017-10-21,AccountsReceivableNetCurrent,2026-08-25
ADBE,revenue,2017-09-01,1841074000,2017-10-21,Revenues,2026-08-25
ADBE,shares,2017-09-01,492874000,2017-10-21,CommonStockSharesOutstanding,2026-08-25
ADI,assets,2017-07-29,21114995000,2017-09-17,Assets,2026-08-25
ADI,cash,2017-07-29,908569000,2017-09-17,CashAndCashEquivalentsAtCarryingValue,2026-08-25
ADI,equity,2017-07-29,9922900000,2017-09-17,StockholdersEquity,2026-08-25
ADI,grossProfit,2017-07-29,766624000,2017-09-17,GrossProfit,2026-08-25
ADI,inventory,2017-07-29,519695000,2017-09-17,InventoryNet,2026-08-25
ADI,netIncome,2017-07-29,68916000,2017-09-17,NetIncomeLoss,2026-08-25
ADI,operatingIncome,2017-07-29,194821000,2017-09-17,OperatingIncomeLoss,2026-08-25
ADI,receivables,2017-07-29,692552000,2017-09-17,AccountsReceivableNetCurrent,2026-08-25
ADI,revenue,2017-07-29,1433902000,2017-09-17,Revenues,2026-08-25
ADI,rnd,2017-07-29,275670000,2017-09-17,ResearchAndDevelopmentExpense,2026-08-25
ADI,shares,2017-07-29,367667745,2017-09-17,CommonStockSharesOutstanding,2026-08-25
ADM,assets,2017-09-30,38969000000,2017-11-19,Assets,2026-08-25
ADM,cash,2017-09-30,518000000,2017-11-19,CashAndCashEquivalentsAtCarryingValue,2026-08-25
ADM,debt,2017-09-30,6595000000,2017-11-19,LongTermDebtNoncurrent,2026-08-25
ADM,grossProfit,2017-09-30,812000000,2017-11-19,GrossProfit,2026-08-25
ADM,inventory,2017-09-30,8326000000,2017-11-19,InventoryNet,2026-08-25
ADM,netIncome,2017-09-30,192000000,2017-11-19,NetIncomeLoss,2026-08-25
ADM,receivables,2017-09-30,1911000000,2017-11-19,AccountsReceivableNetCurrent,2026-08-25
ADM,revenue,2017-09-30,14827000000,2017-11-19,Revenues,2026-08-25
ADP,assets,2017-09-30,35661100000,2017-11-19,Assets,2026-08-25
ADP,buybacks,2017-09-30,250100000,2017-11-19,PaymentsForRepurchaseOfCommonStock,2026-08-25
ADP,cash,2017-09-30,2363600000,2017-11-19,CashAndCashEquivalentsAtCarryingValue,2026-08-25
ADP,debt,2017-09-30,2002100000,2017-11-19,LongTermDebtNoncurrent,2026-08-25
ADP,equity,2017-09-30,3953400000,2017-11-19,StockholdersEquity,2026-08-25
ADP,grossProfit,2017-09-30,1225700000,2017-11-19,GrossProfit,2026-08-25
ADP,liabilities,2017-09-30,31707700000,2017-11-19,Liabilities,2026-08-25
ADP,netIncome,2017-09-30,412600000,2017-11-19,NetIncomeLoss,2026-08-25
ADP,operatingCashFlow,2017-09-30,244700000,2017-11-19,NetCashProvidedByUsedInOperatingActivities,2026-08-25
ADP,receivables,2017-09-30,1788700000,2017-11-19,AccountsReceivableNetCurrent,2026-08-25
ADP,revenue,2017-09-30,3077200000,2017-11-19,Revenues,2026-08-25
ADP,shares,2017-09-30,444000000,2017-11-19,CommonStockSharesOutstanding,2026-08-25
ADSK,assets,2017-07-31,4354000000,2017-09-19,Assets,2026-08-25
ADSK,cash,2017-07-31,1174100000,2017-09-19,CashAndCashEquivalentsAtCarryingValue,2026-08-25
ADSK,equity,2017-07-31,315500000,2017-09-19,StockholdersEquity,2026-08-25
ADSK,grossProfit,2017-07-31,427200000,2017-09-19,GrossProfit,2026-08-25
ADSK,netIncome,2017-07-31,-144000000,2017-09-19,NetIncomeLoss,2026-08-25
ADSK,operatingIncome,2017-07-31,-107600000,2017-09-19,OperatingIncomeLoss,2026-08-25
ADSK,receivables,2017-07-31,265600000,2017-09-19,AccountsReceivableNetCurrent,2026-08-25
ADSK,revenue,2017-07-31,501800000,2017-09-19,RevenueFromContractWithCustomerExcludingAssessedTax,2026-08-25
ADSK,rnd,2017-07-31,193800000,2017-09-19,ResearchAndDevelopmentExpense,2026-08-25
AEE,assets,2017-09-30,25617000000,2017-11-19,Assets,2026-08-25
AEE,capex,2017-09-30,525000000,2017-11-19,PaymentsToAcquirePropertyPlantAndEquipment,2026-08-25
AEE,cash,2017-09-30,9000000,2017-11-19,CashAndCashEquivalentsAtCarryingValue,2026-08-25
AEE,debt,2017-09-30,6922000000,2017-11-19,LongTermDebtNoncurrent,2026-08-25
AEE,equity,2017-09-30,7345000000,2017-11-19,StockholdersEquity,2026-08-25
AEE,inventory,2017-09-30,547000000,2017-11-19,InventoryNet,2026-08-25
AEE,netIncome,2017-09-30,288000000,2017-11-19,NetIncomeLoss,2026-08-25
AEE,operatingIncome,2017-09-30,569000000,2017-11-19,OperatingIncomeLoss,2026-08-25
AEE,receivables,2017-09-30,507000000,2017-11-19,AccountsReceivableNetCurrent,2026-08-25
AEE,revenue,2017-09-30,1723000000,2017-11-19,Revenues,2026-08-25
AEE,shares,2017-09-30,242600000,2017-11-19,CommonStockSharesOutstanding,2026-08-25
AEP,assets,2017-09-30,63964900000,2017-11-19,Assets,2026-08-25
AEP,cash,2017-09-30,343900000,2017-11-19,CashAndCashEquivalentsAtCarryingValue,2026-08-25
AEP,debt,2017-09-30,18362400000,2017-11-19,LongTermDebtNoncurrent,2026-08-25
AEP,equity,2017-09-30,18069100000,2017-11-19,StockholdersEquity,2026-08-25
AEP,liabilities,2017-09-30,45850100000,2017-11-19,Liabilities,2026-08-25
AEP,operatingIncome,2017-09-30,975100000,2017-11-19,OperatingIncomeLoss,2026-08-25
AEP,receivables,2017-09-30,1740900000,2017-11-19,AccountsReceivableNetCurrent,2026-08-25
AEP,revenue,2017-09-30,4104700000,2017-11-19,Revenues,2026-08-25
AES,assets,2017-09-30,38834000000,2017-11-19,Assets,2026-08-25
AES,cash,2017-09-30,1398000000,2017-11-19,CashAndCashEquivalentsAtCarryingValue,2026-08-25
AES,equity,2017-09-30,3186000000,2017-11-19,StockholdersEquity,2026-08-25
AES,grossProfit,2017-09-30,640000000,2017-11-19,GrossProfit,2026-08-25
AES,inventory,2017-09-30,660000000,2017-11-19,InventoryNet,2026-08-25
AES,netIncome,2017-09-30,152000000,2017-11-19,NetIncomeLoss,2026-08-25
AES,receivables,2017-09-30,2357000000,2017-11-19,AccountsReceivableNetCurrent,2026-08-25
AES,revenue,2017-09-30,2693000000,2017-11-19,Revenues,2026-08-25
AES,shares,2017-09-30,660386566,2017-11-19,CommonStockSharesOutstanding,2026-08-25
AFL,assets,2017-09-30,136083000000,2017-11-19,Assets,2026-08-25
AFL,cash,2017-09-30,4927000000,2017-11-19,CashAndCashEquivalentsAtCarryingValue,2026-08-25
AFL,equity,2017-09-30,21977000000,2017-11-19,StockholdersEquity,2026-08-25
AFL,liabilities,2017-09-30,114106000000,2017-11-19,Liabilities,2026-08-25
AFL,netIncome,2017-09-30,716000000,2017-11-19,NetIncomeLoss,2026-08-25
AFL,operatingIncome,2017-09-30,1014000000,2017-11-19,OperatingIncomeLoss,2026-08-25
AFL,revenue,2017-09-30,5506000000,2017-11-19,Revenues,2026-08-25
AFL,shares,2017-09-30,787750000,2017-11-19,CommonStockSharesOutstanding,2026-08-25
AIG,assets,2017-09-30,503073000000,2017-11-19,Assets,2026-08-25
AIG,debt,2017-09-30,31039000000,2017-11-19,LongTermDebt,2026-08-25
AIG,equity,2017-09-30,72468000000,2017-11-19,StockholdersEquity,2026-08-25
AIG,liabilities,2017-09-30,430061000000,2017-11-19,Liabilities,2026-08-25
AIG,netIncome,2017-09-30,-1739000000,2017-11-19,NetIncomeLoss,2026-08-25
AIG,revenue,2017-09-30,11751000000,2017-11-19,Revenues,2026-08-25
AIG,shares,2017-09-30,898880087,2017-11-19,CommonStockSharesOutstanding,2026-08-25
AIZ,assets,2017-09-30,32405200000,2017-11-19,Assets,2026-08-25
AIZ,cash,2017-09-30,992800000,2017-11-19,CashAndCashEquivalentsAtCarryingValue,2026-08-25
AIZ,equity,2017-09-30,4138200000,2017-11-19,StockholdersEquity,2026-08-25
AIZ,liabilities,2017-09-30,28267000000,2017-11-19,Liabilities,2026-08-25
AIZ,netIncome,2017-09-30,-57300000,2017-11-19,NetIncomeLoss,2026-08-25
AIZ,revenue,2017-09-30,1586400000,2017-11-19,Revenues,2026-08-25
AIZ,shares,2017-09-30,53796348,2017-11-19,CommonStockSharesOutstanding,2026-08-25
AJG,assets,2017-09-30,12810400000,2017-11-19,Assets,2026-08-25
AJG,cash,2017-09-30,564900000,2017-11-19,CashAndCashEquivalentsAtCarryingValue,2026-08-25
AJG,debt,2017-09-30,2741700000,2017-11-19,LongTermDebtNoncurrent,2026-08-25
AJG,equity,2017-09-30,4110000000,2017-11-19,StockholdersEquity,2026-08-25
AJG,liabilities,2017-09-30,8638200000,2017-11-19,Liabilities,2026-08-25
AJG,netIncome,2017-09-30,111000000,2017-11-19,NetIncomeLoss,2026-08-25
AJG,revenue,2017-09-30,1593700000,2017-11-19,Revenues,2026-08-25
AJG,shares,2017-09-30,180800000,2017-11-19,CommonStockSharesOutstanding,2026-08-25
AKAM,assets,2017-09-30,4509134000,2017-11-19,Assets,2026-08-25
AKAM,cash,2017-09-30,368152000,2017-11-19,CashAndCashEquivalentsAtCarryingValue,2026-08-25
AKAM,equity,2017-09-30,3272655000,2017-11-19,StockholdersEquity,2026-08-25
AKAM,liabilities,2017-09-30,1236479000,2017-11-19,Liabilities,2026-08-25
AKAM,netIncome,2017-09-30,63911000,2017-11-19,NetIncomeLoss,2026-08-25
AKAM,operatingIncome,2017-09-30,91253000,2017-11-19,OperatingIncomeLoss,2026-08-25
AKAM,receivables,2017-09-30,400839000,2017-11-19,AccountsReceivableNetCurrent,2026-08-25
AKAM,revenue,2017-09-30,621399000,2017-11-19,Revenues,2026-08-25
AKAM,rnd,2017-09-30,57226000,2017-11-19,ResearchAndDevelopmentExpense,2026-08-25
AKAM,shares,2017-09-30,169726509,2017-11-19,CommonStockSharesOutstanding,2026-08-25
ALB,assets,2017-09-30,7523300000,2017-11-19,Assets,2026-08-25
ALB,cash,2017-09-30,692188000,2017-11-19,CashAndCashEquivalentsAtCarryingValue,2026-08-25
ALB,debt,2017-09-30,1407171000,2017-11-19,LongTermDebtNoncurrent,2026-08-25
ALB,equity,2017-09-30,3898819000,2017-11-19,StockholdersEquity,2026-08-25
ALB,grossProfit,2017-09-30,275657000,2017-11-19,GrossProfit,2026-08-25
ALB,inventory,2017-09-30,610212000,2017-11-19,InventoryNet,2026-08-25
ALB,netIncome,2017-09-30,118670000,2017-11-19,NetIncomeLoss,2026-08-25
ALB,operatingIncome,2017-09-30,147422000,2017-11-19,OperatingIncomeLoss,2026-08-25
ALB,receivables,2017-09-30,520076000,2017-11-19,AccountsReceivableNetCurrent,2026-08-25
ALB,revenue,2017-09-30,754866000,2017-11-19,Revenues,2026-08-25
ALB,rnd,2017-09-30,21763000,2017-11-19,ResearchAndDevelopmentExpense,2026-08-25
ALB,shares,2017-09-30,110495000,2017-11-19,CommonStockSharesOutstanding,2026-08-25
ALGN,assets,2017-09-30,1697623000,2017-11-19,Assets,2026-08-25
ALGN,cash,2017-09-30,362613000,2017-11-19,CashAndCashEquivalentsAtCarryingValue,2026-08-25
ALGN,equity,2017-09-30,1181958000,2017-11-19,StockholdersEquity,2026-08-25
ALGN,grossProfit,2017-09-30,292488000,2017-11-19,GrossProfit,2026-08-25
ALGN,inventory,2017-09-30,36941000,2017-11-19,InventoryNet,2026-08-25
ALGN,liabilities,2017-09-30,515665000,2017-11-19,Liabilities,2026-08-25
ALGN,netIncome,2017-09-30,82555000,2017-11-19,NetIncomeLoss,2026-08-25
ALGN,operatingIncome,2017-09-30,98763000,2017-11-19,OperatingIncomeLoss,2026-08-25
ALGN,receivables,2017-09-30,321328000,2017-11-19,AccountsReceivableNetCurrent,2026-08-25
ALGN,revenue,2017-09-30,385267000,2017-11-19,SalesRevenueNet,2026-08-25
ALGN,rnd,2017-09-30,24201000,2017-11-19,ResearchAndDevelopmentExpense,2026-08-25
ALGN,shares,2017-09-30,80176000,2017-11-19,CommonStockSharesOutstanding,2026-08-25
ALL,assets,2017-09-30,113632000000,2017-11-19,Assets,2026-08-25
ALL,debt,2017-09-30,6349000000,2017-11-19,LongTermDebt,2026-08-25
ALL,equity,2017-09-30,22119000000,2017-11-19,StockholdersEquity,2026-08-25
ALL,liabilities,2017-09-30,91513000000,2017-11-19,Liabilities,2026-08-25
ALL,netIncome,2017-09-30,666000000,2017-11-19,NetIncomeLoss,2026-08-25
ALL,revenue,2017-09-30,9888000000,2017-11-19,Revenues,2026-08-25
ALL,shares,2017-09-30,360000000,2017-11-19,CommonStockSharesOutstanding,2026-08-25
ALLE,assets,2017-09-30,2447300000,2017-11-19,Assets,2026-08-25
ALLE,cash,2017-09-30,334900000,2017-11-19,CashAndCashEquivalentsAtCarryingValue,2026-08-25
ALLE,debt,2017-09-30,1412000000,2017-11-19,LongTermDebtNoncurrent,2026-08-25
ALLE,equity,2017-09-30,367200000,2017-11-19,StockholdersEquity,2026-08-25
ALLE,inventory,2017-09-30,257100000,2017-11-19,InventoryNet,2026-08-25
ALLE,liabilities,2017-09-30,2075200000,2017-11-19,Liabilities,2026-08-25
ALLE,netIncome,2017-09-30,89800000,2017-11-19,NetIncomeLoss,2026-08-25
ALLE,operatingIncome,2017-09-30,127100000,2017-11-19,OperatingIncomeLoss,2026-08-25
ALLE,revenue,2017-09-30,609400000,2017-11-19,SalesRevenueNet,2026-08-25
AMAT,assets,2017-07-30,19078000000,2017-09-18,Assets,2026-08-25
AMAT,cash,2017-07-30,5278000000,2017-09-18,CashAndCashEquivalentsAtCarryingValue,2026-08-25
AMAT,debt,2017-07-30,5303000000,2017-09-18,LongTermDebtNoncurrent,2026-08-25
AMAT,equity,2017-07-30,8716000000,2017-09-18,StockholdersEquity,2026-08-25
AMAT,grossProfit,2017-07-30,1700000000,2017-09-18,GrossProfit,2026-08-25
AMAT,inventory,2017-07-30,2876000000,2017-09-18,InventoryNet,2026-08-25
AMAT,liabilities,2017-07-30,10362000000,2017-09-18,Liabilities,2026-08-25
AMAT,netIncome,2017-07-30,925000000,2017-09-18,NetIncomeLoss,2026-08-25
AMAT,operatingIncome,2017-07-30,1023000000,2017-09-18,OperatingIncomeLoss,2026-08-25
AMAT,receivables,2017-07-30,2258000000,2017-09-18,AccountsReceivableNetCurrent,2026-08-25
AMAT,revenue,2017-07-30,3744000000,2017-09-18,Revenues,2026-08-25
AMAT,rnd,2017-07-30,454000000,2017-09-18,ResearchAndDevelopmentExpense,2026-08-25
AMCR,grossProfit,2017-09-30,421300000,2017-11-19,GrossProfit,2026-08-25
AMCR,netIncome,2017-09-30,130500000,2017-11-19,NetIncomeLoss,2026-08-25
AMCR,revenue,2017-09-30,2251100000,2017-11-19,Revenues,2026-08-25
AMD,assets,2017-09-30,3586000000,2017-11-19,Assets,2026-08-25
AMD,cash,2017-09-30,879000000,2017-11-19,CashAndCashEquivalentsAtCarryingValue,2026-08-25
AMD,debt,2017-09-30,1356000000,2017-11-19,LongTermDebtNoncurrent,2026-08-25
AMD,equity,2017-09-30,520000000,2017-11-19,StockholdersEquity,2026-08-25
AMD,grossProfit,2017-09-30,571000000,2017-11-19,GrossProfit,2026-08-25
AMD,inventory,2017-09-30,794000000,2017-11-19,InventoryNet,2026-08-25
AMD,netIncome,2017-09-30,61000000,2017-11-19,NetIncomeLoss,2026-08-25
AMD,operatingIncome,2017-09-30,119000000,2017-11-19,OperatingIncomeLoss,2026-08-25
AMD,receivables,2017-09-30,771000000,2017-11-19,AccountsReceivableNetCurrent,2026-08-25
AMD,revenue,2017-09-30,1584000000,2017-11-19,Revenues,2026-08-25
AMD,rnd,2017-09-30,320000000,2017-11-19,ResearchAndDevelopmentExpense,2026-08-25
AMD,shares,2017-09-30,965000000,2017-11-19,CommonStockSharesOutstanding,2026-08-25
AME,assets,2017-09-30,7783301000,2017-11-19,Assets,2026-08-25
AME,cash,2017-09-30,736415000,2017-11-19,CashAndCashEquivalentsAtCarryingValue,2026-08-25
AME,debt,2017-09-30,1920879000,2017-11-19,LongTermDebtNoncurrent,2026-08-25
AME,equity,2017-09-30,3766155000,2017-11-19,StockholdersEquity,2026-08-25
AME,inventory,2017-09-30,546876000,2017-11-19,InventoryNet,2026-08-25
AME,liabilities,2017-09-30,4017146000,2017-11-19,Liabilities,2026-08-25
AME,netIncome,2017-09-30,153531000,2017-11-19,NetIncomeLoss,2026-08-25
AME,operatingIncome,2017-09-30,230038000,2017-11-19,OperatingIncomeLoss,2026-08-25
AME,revenue,2017-09-30,1084799000,2017-11-19,SalesRevenueNet,2026-08-25
AMGN,assets,2017-09-30,80331000000,2017-11-19,Assets,2026-08-25
AMGN,cash,2017-09-30,3000000000,2017-11-19,CashAndCashEquivalentsAtCarryingValue,2026-08-25
AMGN,debt,2017-09-30,33777000000,2017-11-19,LongTermDebtNoncurrent,2026-08-25
AMGN,equity,2017-09-30,32229000000,2017-11-19,StockholdersEquity,2026-08-25
AMGN,grossProfit,2017-09-30,4463000000,2017-11-19,GrossProfit,2026-08-25
AMGN,inventory,2017-09-30,2927000000,2017-11-19,InventoryNet,2026-08-25
AMGN,netIncome,2017-09-30,2021000000,2017-11-19,NetIncomeLoss,2026-08-25
AMGN,operatingIncome,2017-09-30,2439000000,2017-11-19,OperatingIncomeLoss,2026-08-25
AMGN,receivables,2017-09-30,3404000000,2017-11-19,AccountsReceivableNetCurrent,2026-08-25
AMGN,revenue,2017-09-30,5773000000,2017-11-19,Revenues,2026-08-25
AMGN,shares,2017-09-30,726600000,2017-11-19,CommonStockSharesOutstanding,2026-08-25
AMP,assets,2017-09-30,145486000000,2017-11-19,Assets,2026-08-25
AMP,equity,2017-09-30,6306000000,2017-11-19,StockholdersEquity,2026-08-25
AMP,liabilities,2017-09-30,139181000000,2017-11-19,Liabilities,2026-08-25
AMP,netIncome,2017-09-30,507000000,2017-11-19,NetIncomeLoss,2026-08-25
AMP,revenue,2017-09-30,3026000000,2017-11-19,Revenues,2026-08-25
AMT,assets,2017-09-30,32319300000,2017-11-19,Assets,2026-08-25
AMT,cash,2017-09-30,799500000,2017-11-19,CashAndCashEquivalentsAtCarryingValue,2026-08-25
AMT,debt,2017-09-30,18581381000,2017-11-19,LongTermDebtNoncurrent,2026-08-25
AMT,equity,2017-09-30,6518127000,2017-11-19,StockholdersEquity,2026-08-25
AMT,liabilities,2017-09-30,24062920000,2017-11-19,Liabilities,2026-08-25
AMT,netIncome,2017-09-30,317300000,2017-11-19,NetIncomeLoss,2026-08-25
AMT,operatingIncome,2017-09-30,561100000,2017-11-19,OperatingIncomeLoss,2026-08-25
AMT,receivables,2017-09-30,508626000,2017-11-19,AccountsReceivableNetCurrent,2026-08-25
AMT,revenue,2017-09-30,1680700000,2017-11-19,Revenues,2026-08-25
AMT,shares,2017-09-30,429243720,2017-11-19,CommonStockSharesOutstanding,2026-08-25
AMZN,assets,2017-09-30,115267000000,2017-11-19,Assets,2026-08-25
AMZN,capex,2017-09-30,3074000000,2017-11-19,PaymentsToAcquireProductiveAssets,2026-08-25
AMZN,cash,2017-09-30,12767000000,2017-11-19,CashAndCashEquivalentsAtCarryingValue,2026-08-25
AMZN,debt,2017-09-30,24710000000,2017-11-19,LongTermDebtNoncurrent,2026-08-25
AMZN,equity,2017-09-30,24658000000,2017-11-19,StockholdersEquity,2026-08-25
AMZN,inventory,2017-09-30,13711000000,2017-11-19,InventoryNet,2026-08-25
AMZN,netIncome,2017-09-30,256000000,2017-11-19,NetIncomeLoss,2026-08-25
AMZN,operatingCashFlow,2017-09-30,3777000000,2017-11-19,NetCashProvidedByUsedInOperatingActivities,2026-08-25
AMZN,operatingIncome,2017-09-30,347000000,2017-11-19,OperatingIncomeLoss,2026-08-25
AMZN,receivables,2017-09-30,10557000000,2017-11-19,AccountsReceivableNetCurrent,2026-08-25
AMZN,revenue,2017-09-30,43744000000,2017-11-19,RevenueFromContractWithCustomerExcludingAssessedTax,2026-08-25
AMZN,shares,2017-09-30,482000000,2017-11-19,CommonStockSharesOutstanding,2026-08-25
ANET,assets,2017-09-30,2301710000,2017-11-19,Assets,2026-08-25
ANET,cash,2017-09-30,854479000,2017-11-19,CashAndCashEquivalentsAtCarryingValue,2026-08-25
ANET,equity,2017-09-30,1524552000,2017-11-19,StockholdersEquity,2026-08-25
ANET,grossProfit,2017-09-30,280617000,2017-11-19,GrossProfit,2026-08-25
ANET,inventory,2017-09-30,333157000,2017-11-19,InventoryNet,2026-08-25
ANET,liabilities,2017-09-30,777158000,2017-11-19,Liabilities,2026-08-25
ANET,netIncome,2017-09-30,133722000,2017-11-19,NetIncomeLoss,2026-08-25
ANET,operatingIncome,2017-09-30,140832000,2017-11-19,OperatingIncomeLoss,2026-08-25
ANET,receivables,2017-09-30,212611000,2017-11-19,AccountsReceivableNetCurrent,2026-08-25
ANET,revenue,2017-09-30,437633000,2017-11-19,RevenueFromContractWithCustomerExcludingAssessedTax,2026-08-25
ANET,rnd,2017-09-30,79610000,2017-11-19,ResearchAndDevelopmentExpense,2026-08-25
ANET,shares,2017-09-30,73067000,2017-11-19,CommonStockSharesOutstanding,2026-08-25
AON,assets,2017-09-30,25924000000,2017-11-19,Assets,2026-08-25
AON,cash,2017-09-30,749000000,2017-11-19,CashAndCashEquivalentsAtCarryingValue,2026-08-25
AON,debt,2017-09-30,5662000000,2017-11-19,LongTermDebtNoncurrent,2026-08-25
AON,equity,2017-09-30,5175000000,2017-11-19,StockholdersEquity,2026-08-25
AON,liabilities,2017-09-30,20677000000,2017-11-19,Liabilities,2026-08-25
AON,operatingIncome,2017-09-30,256000000,2017-11-19,OperatingIncomeLoss,2026-08-25
AON,receivables,2017-09-30,2068000000,2017-11-19,AccountsReceivableNetCurrent,2026-08-25
AON,revenue,2017-09-30,2340000000,2017-11-19,Revenues,2026-08-25
AOS,assets,2017-09-30,3104600000,2017-11-19,Assets,2026-08-25
AOS,cash,2017-09-30,321900000,2017-11-19,CashAndCashEquivalentsAtCarryingValue,2026-08-25
AOS,debt,2017-09-30,442200000,2017-11-19,LongTermDebtNoncurrent,2026-08-25
AOS,equity,2017-09-30,1665900000,2017-11-19,StockholdersEquity,2026-08-25
AOS,grossProfit,2017-09-30,305000000,2017-11-19,GrossProfit,2026-08-25
AOS,inventory,2017-09-30,292100000,2017-11-19,InventoryNet,2026-08-25
AOS,liabilities,2017-09-30,1438700000,2017-11-19,Liabilities,2026-08-25
AOS,netIncome,2017-09-30,93700000,2017-11-19,NetIncomeLoss,2026-08-25
AOS,operatingIncome,2017-09-30,144000000,2017-11-19,OperatingIncomeLoss,2026-08-25
AOS,revenue,2017-09-30,749900000,2017-11-19,RevenueFromContractWithCustomerExcludingAssessedTax,2026-08-25
APD,assets,2017-09-30,18467200000,2017-11-19,Assets,2026-08-25
APD,cash,2017-09-30,3273600000,2017-11-19,CashAndCashEquivalentsAtCarryingValue,2026-08-25
APD,equity,2017-09-30,10086200000,2017-11-19,StockholdersEquity,2026-08-25
APD,grossProfit,2017-09-30,658100000,2017-11-19,GrossProfit,2026-08-25
APD,inventory,2017-09-30,335400000,2017-11-19,InventoryNet,2026-08-25
APD,liabilities,2017-09-30,8281700000,2017-11-19,Liabilities,2026-08-25
APD,netIncome,2017-09-30,468700000,2017-11-19,NetIncomeLoss,2026-08-25
APD,operatingIncome,2017-09-30,457400000,2017-11-19,OperatingIncomeLoss,2026-08-25
APD,receivables,2017-09-30,1174000000,2017-11-19,AccountsReceivableNetCurrent,2026-08-25
APD,revenue,2017-09-30,2203100000,2017-11-19,Revenues,2026-08-25
APD,shares,2017-09-30,218346074,2017-11-19,CommonStockSharesOutstanding,2026-08-25
APH,assets,2017-09-30,9608800000,2017-11-19,Assets,2026-08-25
APH,cash,2017-09-30,1452200000,2017-11-19,CashAndCashEquivalentsAtCarryingValue,2026-08-25
APH,debt,2017-09-30,3559700000,2017-11-19,LongTermDebtNoncurrent,2026-08-25
APH,equity,2017-09-30,4067200000,2017-11-19,StockholdersEquity,2026-08-25
APH,grossProfit,2017-09-30,606100000,2017-11-19,GrossProfit,2026-08-25
APH,inventory,2017-09-30,1098200000,2017-11-19,InventoryNet,2026-08-25
APH,netIncome,2017-09-30,277500000,2017-11-19,NetIncomeLoss,2026-08-25
APH,operatingIncome,2017-09-30,377900000,2017-11-19,OperatingIncomeLoss,2026-08-25
APH,receivables,2017-09-30,1575500000,2017-11-19,AccountsReceivableNetCurrent,2026-08-25
APH,revenue,2017-09-30,1840800000,2017-11-19,RevenueFromContractWithCustomerExcludingAssessedTax,2026-08-25
APTV,assets,2017-09-30,14166000000,2017-11-19,Assets,2026-08-25
APTV,cash,2017-09-30,557000000,2017-11-19,CashAndCashEquivalentsAtCarryingValue,2026-08-25
APTV,debt,2017-09-30,4884000000,2017-11-19,LongTermDebtNoncurrent,2026-08-25
APTV,equity,2017-09-30,3203000000,2017-11-19,StockholdersEquity,2026-08-25
APTV,grossProfit,2017-09-30,650000000,2017-11-19,GrossProfit,2026-08-25
APTV,inventory,2017-09-30,1642000000,2017-11-19,InventoryNet,2026-08-25
APTV,liabilities,2017-09-30,10552000000,2017-11-19,Liabilities,2026-08-25
APTV,netIncome,2017-09-30,395000000,2017-11-19,NetIncomeLoss,2026-08-25
APTV,operatingIncome,2017-09-30,373000000,2017-11-19,OperatingIncomeLoss,2026-08-25
APTV,receivables,2017-09-30,3225000000,2017-11-19,AccountsReceivableNetCurrent,2026-08-25
APTV,revenue,2017-09-30,3148000000,2017-11-19,Revenues,2026-08-25
APTV,shares,2017-09-30,265839088,2017-11-19,CommonStockSharesOutstanding,2026-08-25
ARE,assets,2017-09-30,11545323000,2017-11-19,Assets,2026-08-25
ARE,cash,2017-09-30,118562000,2017-11-19,CashAndCashEquivalentsAtCarryingValue,2026-08-25
ARE,debt,2017-09-30,4817040000,2017-11-19,LongTermDebt,2026-08-25
ARE,equity,2017-09-30,5406970000,2017-11-19,StockholdersEquity,2026-08-25
ARE,liabilities,2017-09-30,5640512000,2017-11-19,Liabilities,2026-08-25
ARE,netIncome,2017-09-30,53773000,2017-11-19,NetIncomeLoss,2026-08-25
ARES,assets,2017-09-30,8019437000,2017-11-19,Assets,2026-08-25
ARES,equity,2017-09-30,270924000,2017-11-19,StockholdersEquity,2026-08-25
ARES,liabilities,2017-09-30,6641516000,2017-11-19,Liabilities,2026-08-25
ARES,netIncome,2017-09-30,27838000,2017-11-19,NetIncomeLoss,2026-08-25
ARES,revenue,2017-09-30,288402000,2017-11-19,Revenues,2026-08-25
ATO,assets,2017-09-30,10749596000,2017-11-19,Assets,2026-08-25
ATO,cash,2017-09-30,26409000,2017-11-19,CashAndCashEquivalentsAtCarryingValue,2026-08-25
ATO,debt,2017-09-30,3067045000,2017-11-19,LongTermDebtNoncurrent,2026-08-25
ATO,equity,2017-09-30,3898666000,2017-11-19,StockholdersEquity,2026-08-25
ATO,netIncome,2017-09-30,35853000,2017-11-19,NetIncomeLoss,2026-08-25
ATO,operatingIncome,2017-09-30,91792000,2017-11-19,OperatingIncomeLoss,2026-08-25
ATO,receivables,2017-09-30,222263000,2017-11-19,AccountsReceivableNetCurrent,2026-08-25
ATO,shares,2017-09-30,106104634,2017-11-19,CommonStockSharesOutstanding,2026-08-25
AVGO,cash,2017-07-30,5249000000,2017-09-18,CashAndCashEquivalentsAtCarryingValue,2026-08-25
AVGO,grossProfit,2017-07-30,2149000000,2017-09-18,GrossProfit,2026-08-25
AVGO,netIncome,2017-07-30,481000000,2017-09-18,NetIncomeLoss,2026-08-25
AVGO,operatingIncome,2017-07-30,648000000,2017-09-18,OperatingIncomeLoss,2026-08-25
AVGO,revenue,2017-07-30,4463000000,2017-09-18,Revenues,2026-08-25
AVGO,rnd,2017-07-30,827000000,2017-09-18,ResearchAndDevelopmentExpense,2026-08-25
AVY,assets,2017-09-30,5270000000,2017-11-19,Assets,2026-08-25
AVY,cash,2017-09-30,232300000,2017-11-19,CashAndCashEquivalentsAtCarryingValue,2026-08-25
AVY,equity,2017-09-30,1134900000,2017-11-19,StockholdersEquity,2026-08-25
AVY,grossProfit,2017-09-30,451600000,2017-11-19,GrossProfit,2026-08-25
AVY,inventory,2017-09-30,620000000,2017-11-19,InventoryNet,2026-08-25
AVY,netIncome,2017-09-30,108300000,2017-11-19,NetIncomeLoss,2026-08-25
AVY,receivables,2017-09-30,1184800000,2017-11-19,AccountsReceivableNetCurrent,2026-08-25
AVY,revenue,2017-09-30,1679500000,2017-11-19,Revenues,2026-08-25
AVY,shares,2017-09-30,88080629,2017-11-19,CommonStockSharesOutstanding,2026-08-25
AWK,assets,2017-09-30,19361000000,2017-11-19,Assets,2026-08-25
AWK,capex,2017-09-30,362000000,2017-11-19,PaymentsToAcquirePropertyPlantAndEquipment,2026-08-25
AWK,cash,2017-09-30,93000000,2017-11-19,CashAndCashEquivalentsAtCarryingValue,2026-08-25
AWK,equity,2017-09-30,5518000000,2017-11-19,StockholdersEquity,2026-08-25
AWK,netIncome,2017-09-30,203000000,2017-11-19,NetIncomeLoss,2026-08-25
AWK,operatingIncome,2017-09-30,432000000,2017-11-19,OperatingIncomeLoss,2026-08-25
AWK,receivables,2017-09-30,312000000,2017-11-19,AccountsReceivableNetCurrent,2026-08-25
AXON,assets,2017-09-30,327607000,2017-11-19,Assets,2026-08-25
AXON,capex,2017-09-30,3331000,2017-11-19,PaymentsToAcquirePropertyPlantAndEquipment,2026-08-25
AXON,cash,2017-09-30,43471000,2017-11-19,CashAndCashEquivalentsAtCarryingValue,2026-08-25
AXON,equity,2017-09-30,166080000,2017-11-19,StockholdersEquity,2026-08-25
AXON,grossProfit,2017-09-30,49765000,2017-11-19,GrossProfit,2026-08-25
AXON,inventory,2017-09-30,52692000,2017-11-19,InventoryNet,2026-08-25
AXON,liabilities,2017-09-30,161527000,2017-11-19,Liabilities,2026-08-25
AXON,netIncome,2017-09-30,422000,2017-11-19,NetIncomeLoss,2026-08-25
AXON,operatingIncome,2017-09-30,-799000,2017-11-19,OperatingIncomeLoss,2026-08-25
AXON,revenue,2017-09-30,90262000,2017-11-19,RevenueFromContractWithCustomerExcludingAssessedTax,2026-08-25
AXON,rnd,2017-09-30,14166000,2017-11-19,ResearchAndDevelopmentExpense,2026-08-25
AXON,shares,2017-09-30,52853920,2017-11-19,CommonStockSharesOutstanding,2026-08-25
AXP,assets,2017-09-30,169000000000,2017-11-19,Assets,2026-08-25
AXP,debt,2017-09-30,48762000000,2017-11-19,LongTermDebt,2026-08-25
AXP,equity,2017-09-30,21085000000,2017-11-19,StockholdersEquity,2026-08-25
AXP,liabilities,2017-09-30,147492000000,2017-11-19,Liabilities,2026-08-25
AXP,netIncome,2017-09-30,1359000000,2017-11-19,NetIncomeLoss,2026-08-25
AXP,revenue,2017-09-30,6172000000,2017-11-19,RevenueFromContractWithCustomerExcludingAssessedTax,2026-08-25
AXP,shares,2017-09-30,871000000,2017-11-19,CommonStockSharesOutstanding,2026-08-25
AZO,assets,2017-08-26,9259781000,2017-10-15,Assets,2026-08-25
AZO,cash,2017-08-26,293270000,2017-10-15,CashAndCashEquivalentsAtCarryingValue,2026-08-25
AZO,debt,2017-08-26,5081238000,2017-10-15,LongTermDebtNoncurrent,2026-08-25
AZO,equity,2017-08-26,-1428377000,2017-10-15,StockholdersEquity,2026-08-25
AZO,grossProfit,2017-08-26,1854125000,2017-10-15,GrossProfit,2026-08-25
AZO,netIncome,2017-08-26,433899000,2017-10-15,NetIncomeLoss,2026-08-25
AZO,operatingIncome,2017-08-26,707628000,2017-10-15,OperatingIncomeLoss,2026-08-25
AZO,receivables,2017-08-26,280733000,2017-10-15,AccountsReceivableNetCurrent,2026-08-25
AZO,revenue,2017-08-26,3512605000,2017-10-15,Revenues,2026-08-25
AZO,shares,2017-08-26,27833000,2017-10-15,CommonStockSharesOutstanding,2026-08-25
BA,assets,2017-09-30,91007000000,2017-11-19,Assets,2026-08-25
BA,cash,2017-09-30,8569000000,2017-11-19,CashAndCashEquivalentsAtCarryingValue,2026-08-25
BA,equity,2017-09-30,1086000000,2017-11-19,StockholdersEquity,2026-08-25
BA,grossProfit,2017-09-30,4267000000,2017-11-19,GrossProfit,2026-08-25
BA,netIncome,2017-09-30,1810000000,2017-11-19,NetIncomeLoss,2026-08-25
BA,operatingIncome,2017-09-30,2630000000,2017-11-19,OperatingIncomeLoss,2026-08-25
BA,receivables,2017-09-30,10644000000,2017-11-19,AccountsReceivableNetCurrent,2026-08-25
BA,revenue,2017-09-30,24223000000,2017-11-19,Revenues,2026-08-25
BA,rnd,2017-09-30,768000000,2017-11-19,ResearchAndDevelopmentExpense,2026-08-25
BAC,assets,2017-09-30,2284174000000,2017-11-19,Assets,2026-08-25
BAC,cash,2017-09-30,172381000000,2017-11-19,CashAndCashEquivalentsAtCarryingValue,2026-08-25
BAC,debt,2017-09-30,228666000000,2017-11-19,LongTermDebt,2026-08-25
BAC,equity,2017-09-30,271969000000,2017-11-19,StockholdersEquity,2026-08-25
BAC,liabilities,2017-09-30,2011437000000,2017-11-19,Liabilities,2026-08-25
BAC,netIncome,2017-09-30,5424000000,2017-11-19,NetIncomeLoss,2026-08-25
BAC,revenue,2017-09-30,21839000000,2017-11-19,Revenues,2026-08-25
BAC,shares,2017-09-30,10457473674,2017-11-19,CommonStockSharesOutstanding,2026-08-25
BALL,assets,2017-09-30,17003000000,2017-11-19,Assets,2026-08-25
BALL,cash,2017-09-30,556000000,2017-11-19,CashAndCashEquivalentsAtCarryingValue,2026-08-25
BALL,debt,2017-09-30,7104000000,2017-11-19,LongTermDebtNoncurrent,2026-08-25
BALL,equity,2017-09-30,3529000000,2017-11-19,StockholdersEquity,2026-08-25
BALL,grossProfit,2017-09-30,455000000,2017-11-19,GrossProfit,2026-08-25
BALL,inventory,2017-09-30,1433000000,2017-11-19,InventoryNet,2026-08-25
BALL,liabilities,2017-09-30,13365000000,2017-11-19,Liabilities,2026-08-25
BALL,operatingIncome,2017-09-30,124000000,2017-11-19,OperatingIncomeLoss,2026-08-25
BALL,receivables,2017-09-30,1425000000,2017-11-19,AccountsReceivableNetCurrent,2026-08-25
BALL,revenue,2017-09-30,2908000000,2017-11-19,SalesRevenueNet,2026-08-25
BAX,assets,2017-09-30,17541000000,2017-11-19,Assets,2026-08-25
BAX,cash,2017-09-30,3517000000,2017-11-19,CashAndCashEquivalentsAtCarryingValue,2026-08-25
BAX,equity,2017-09-30,9466000000,2017-11-19,StockholdersEquity,2026-08-25
BAX,grossProfit,2017-09-30,1130000000,2017-11-19,GrossProfit,2026-08-25
BAX,inventory,2017-09-30,1550000000,2017-11-19,InventoryNet,2026-08-25
BAX,netIncome,2017-09-30,251000000,2017-11-19,NetIncomeLoss,2026-08-25
BAX,operatingIncome,2017-09-30,300000000,2017-11-19,OperatingIncomeLoss,2026-08-25
BAX,revenue,2017-09-30,2707000000,2017-11-19,RevenueFromContractWithCustomerExcludingAssessedTax,2026-08-25
BAX,rnd,2017-09-30,150000000,2017-11-19,ResearchAndDevelopmentExpense,2026-08-25
BBY,assets,2017-07-29,13444000000,2017-09-17,Assets,2026-08-25
BBY,cash,2017-07-29,1365000000,2017-09-17,CashAndCashEquivalentsAtCarryingValue,2026-08-25
BBY,equity,2017-07-29,4347000000,2017-09-17,StockholdersEquity,2026-08-25
BBY,grossProfit,2017-07-29,2153000000,2017-09-17,GrossProfit,2026-08-25
BBY,inventory,2017-07-29,5167000000,2017-09-17,InventoryNet,2026-08-25
BBY,netIncome,2017-07-29,209000000,2017-09-17,NetIncomeLoss,2026-08-25
BBY,operatingIncome,2017-07-29,321000000,2017-09-17,OperatingIncomeLoss,2026-08-25
BBY,revenue,2017-07-29,8940000000,2017-09-17,Revenues,2026-08-25
BBY,shares,2017-07-29,300000000,2017-09-17,CommonStockSharesOutstanding,2026-08-25
BDX,assets,2017-09-30,37734000000,2017-11-19,Assets,2026-08-25
BDX,cash,2017-09-30,14179000000,2017-11-19,CashAndCashEquivalentsAtCarryingValue,2026-08-25
BDX,debt,2017-09-30,18667000000,2017-11-19,LongTermDebtNoncurrent,2026-08-25
BDX,equity,2017-09-30,12948000000,2017-11-19,StockholdersEquity,2026-08-25
BDX,grossProfit,2017-09-30,1554000000,2017-11-19,GrossProfit,2026-08-25
BDX,inventory,2017-09-30,1818000000,2017-11-19,InventoryNet,2026-08-25
BDX,netIncome,2017-09-30,327000000,2017-11-19,NetIncomeLoss,2026-08-25
BDX,receivables,2017-09-30,1744000000,2017-11-19,AccountsReceivableNetCurrent,2026-08-25
BDX,revenue,2017-09-30,3166000000,2017-11-19,Revenues,2026-08-25
BEN,assets,2017-09-30,17534000000,2017-11-19,Assets,2026-08-25
BEN,cash,2017-09-30,8749700000,2017-11-19,CashAndCashEquivalentsAtCarryingValue,2026-08-25
BEN,debt,2017-09-30,1044200000,2017-11-19,LongTermDebt,2026-08-25
BEN,equity,2017-09-30,12620000000,2017-11-19,StockholdersEquity,2026-08-25
BEN,liabilities,2017-09-30,2656300000,2017-11-19,Liabilities,2026-08-25
BEN,shares,2017-09-30,554865343,2017-11-19,CommonStockSharesOutstanding,2026-08-25
BF-B,assets,2017-07-31,4802000000,2017-09-19,Assets,2026-08-25
BF-B,buybacks,2017-07-31,1000000,2017-09-19,PaymentsForRepurchaseOfCommonStock,2026-08-25
BF-B,capex,2017-07-31,28000000,2017-09-19,PaymentsToAcquirePropertyPlantAndEquipment,2026-08-25
BF-B,cash,2017-07-31,212000000,2017-09-19,CashAndCashEquivalentsAtCarryingValue,2026-08-25
BF-B,debt,2017-07-31,1720000000,2017-09-19,LongTermDebtNoncurrent,2026-08-25
BF-B,equity,2017-07-31,1420000000,2017-09-19,StockholdersEquity,2026-08-25
BF-B,grossProfit,2017-07-31,493000000,2017-09-19,GrossProfit,2026-08-25
BF-B,inventory,2017-07-31,1337000000,2017-09-19,InventoryNet,2026-08-25
BF-B,liabilities,2017-07-31,3382000000,2017-09-19,Liabilities,2026-08-25
BF-B,netIncome,2017-07-31,178000000,2017-09-19,NetIncomeLoss,2026-08-25
BF-B,operatingCashFlow,2017-07-31,105000000,2017-09-19,NetCashProvidedByUsedInOperatingActivities,2026-08-25
BF-B,operatingIncome,2017-07-31,246000000,2017-09-19,OperatingIncomeLoss,2026-08-25
BF-B,receivables,2017-07-31,576000000,2017-09-19,AccountsReceivableNetCurrent,2026-08-25
BF-B,revenue,2017-07-31,723000000,2017-09-19,RevenueFromContractWithCustomerExcludingAssessedTax,2026-08-25
BIIB,assets,2017-09-30,23073200000,2017-11-19,Assets,2026-08-25
BIIB,cash,2017-09-30,1548100000,2017-11-19,CashAndCashEquivalentsAtCarryingValue,2026-08-25
BIIB,debt,2017-09-30,5938300000,2017-11-19,LongTermDebt,2026-08-25
BIIB,equity,2017-09-30,12860500000,2017-11-19,StockholdersEquity,2026-08-25
BIIB,grossProfit,2017-09-30,2707800000,2017-11-19,GrossProfit,2026-08-25
BIIB,inventory,2017-09-30,1007200000,2017-11-19,InventoryNet,2026-08-25
BIIB,liabilities,2017-09-30,10224300000,2017-11-19,Liabilities,2026-08-25
BIIB,netIncome,2017-09-30,1226100000,2017-11-19,NetIncomeLoss,2026-08-25
BIIB,operatingIncome,2017-09-30,1653900000,2017-11-19,OperatingIncomeLoss,2026-08-25
BIIB,receivables,2017-09-30,1567500000,2017-11-19,AccountsReceivableNetCurrent,2026-08-25
BIIB,revenue,2017-09-30,3077800000,2017-11-19,Revenues,2026-08-25
BKNG,assets,2017-09-30,25789111000,2017-11-19,Assets,2026-08-25
BKNG,cash,2017-09-30,2846300000,2017-11-19,CashAndCashEquivalentsAtCarryingValue,2026-08-25
BKNG,debt,2017-09-30,8726679000,2017-11-19,LongTermDebtNoncurrent,2026-08-25
BKNG,equity,2017-09-30,12876994000,2017-11-19,StockholdersEquity,2026-08-25
BKNG,grossProfit,2017-09-30,4380000000,2017-11-19,GrossProfit,2026-08-25
BKNG,liabilities,2017-09-30,12902716000,2017-11-19,Liabilities,2026-08-25
BKNG,operatingIncome,2017-09-30,2101801000,2017-11-19,OperatingIncomeLoss,2026-08-25
BKNG,receivables,2017-09-30,1437762000,2017-11-19,AccountsReceivableNetCurrent,2026-08-25
BKNG,revenue,2017-09-30,4434000000,2017-11-19,Revenues,2026-08-25
BKR,assets,2017-09-30,54810000000,2017-11-19,Assets,2026-08-25
BKR,cash,2017-09-30,4777000000,2017-11-19,CashAndCashEquivalentsAtCarryingValue,2026-08-25
BKR,debt,2017-09-30,27000000,2017-11-19,LongTermDebt,2026-08-25
BKR,equity,2017-09-30,14985000000,2017-11-19,StockholdersEquity,2026-08-25
BKR,grossProfit,2017-09-30,952000000,2017-11-19,GrossProfit,2026-08-25
BKR,inventory,2017-09-30,5309000000,2017-11-19,InventoryNet,2026-08-25
BKR,netIncome,2017-09-30,-134000000,2017-11-19,NetIncomeLoss,2026-08-25
BKR,operatingIncome,2017-09-30,-193000000,2017-11-19,OperatingIncomeLoss,2026-08-25
BKR,revenue,2017-09-30,5301000000,2017-11-19,RevenueFromContractWithCustomerExcludingAssessedTax,2026-08-25
BKR,rnd,2017-09-30,162000000,2017-11-19,ResearchAndDevelopmentExpense,2026-08-25
BLDR,assets,2017-09-30,3093045000,2017-11-19,Assets,2026-08-25
BLDR,cash,2017-09-30,9337000,2017-11-19,CashAndCashEquivalentsAtCarryingValue,2026-08-25
BLDR,equity,2017-09-30,412005000,2017-11-19,StockholdersEquity,2026-08-25
BLDR,grossProfit,2017-09-30,459322000,2017-11-19,GrossProfit,2026-08-25
BLDR,inventory,2017-09-30,627238000,2017-11-19,InventoryNet,2026-08-25
BLDR,liabilities,2017-09-30,2681040000,2017-11-19,Liabilities,2026-08-25
BLDR,netIncome,2017-09-30,39750000,2017-11-19,NetIncomeLoss,2026-08-25
BLDR,operatingIncome,2017-09-30,88684000,2017-11-19,OperatingIncomeLoss,2026-08-25
BLDR,receivables,2017-09-30,724007000,2017-11-19,AccountsReceivableNetCurrent,2026-08-25
BLDR,revenue,2017-09-30,1878909000,2017-11-19,RevenueFromContractWithCustomerExcludingAssessedTax,2026-08-25
BLDR,shares,2017-09-30,112931000,2017-11-19,CommonStockSharesOutstanding,2026-08-25
BMY,assets,2017-09-30,33977000000,2017-11-19,Assets,2026-08-25
BMY,cash,2017-09-30,4644000000,2017-11-19,CashAndCashEquivalentsAtCarryingValue,2026-08-25
BMY,debt,2017-09-30,6982000000,2017-11-19,LongTermDebtNoncurrent,2026-08-25
BMY,equity,2017-09-30,14783000000,2017-11-19,StockholdersEquity,2026-08-25
BMY,grossProfit,2017-09-30,3675000000,2017-11-19,GrossProfit,2026-08-25
BMY,inventory,2017-09-30,1250000000,2017-11-19,InventoryNet,2026-08-25
BMY,liabilities,2017-09-30,19063000000,2017-11-19,Liabilities,2026-08-25
BMY,netIncome,2017-09-30,845000000,2017-11-19,NetIncomeLoss,2026-08-25
BMY,receivables,2017-09-30,4332000000,2017-11-19,AccountsReceivableNetCurrent,2026-08-25
BMY,revenue,2017-09-30,5254000000,2017-11-19,Revenues,2026-08-25
BMY,rnd,2017-09-30,1561000000,2017-11-19,ResearchAndDevelopmentExpense,2026-08-25
BNY,assets,2017-09-30,354397000000,2017-11-19,Assets,2026-08-25
BNY,cash,2017-09-30,5557000000,2017-11-19,CashAndCashEquivalentsAtCarryingValue,2026-08-25
BNY,equity,2017-09-30,40523000000,2017-11-19,StockholdersEquity,2026-08-25
BNY,liabilities,2017-09-30,313293000000,2017-11-19,Liabilities,2026-08-25
BNY,netIncome,2017-09-30,1018000000,2017-11-19,NetIncomeLoss,2026-08-25
BR,assets,2017-09-30,3224500000,2017-11-19,Assets,2026-08-25
BR,buybacks,2017-09-30,2300000,2017-11-19,PaymentsForRepurchaseOfCommonStock,2026-08-25
BR,capex,2017-09-30,29700000,2017-11-19,PaymentsToAcquirePropertyPlantAndEquipment,2026-08-25
BR,cash,2017-09-30,288800000,2017-11-19,CashAndCashEquivalentsAtCarryingValue,2026-08-25
BR,debt,2017-09-30,1292400000,2017-11-19,LongTermDebtNoncurrent,2026-08-25
BR,equity,2017-09-30,1037900000,2017-11-19,StockholdersEquity,2026-08-25
BR,equityStakes,2017-09-30,1500000,2017-11-19,PaymentsToAcquireEquityMethodInvestments,2026-08-25
BR,grossProfit,2017-09-30,198800000,2017-11-19,GrossProfit,2026-08-25
BR,liabilities,2017-09-30,2186600000,2017-11-19,Liabilities,2026-08-25
BR,netIncome,2017-09-30,49900000,2017-11-19,NetIncomeLoss,2026-08-25
BR,operatingCashFlow,2017-09-30,-93300000,2017-11-19,NetCashProvidedByUsedInOperatingActivities,2026-08-25
BR,operatingIncome,2017-09-30,85200000,2017-11-19,OperatingIncomeLoss,2026-08-25
BR,revenue,2017-09-30,924800000,2017-11-19,Revenues,2026-08-25
BR,shares,2017-09-30,116500000,2017-11-19,CommonStockSharesOutstanding,2026-08-25
BRK-B,assets,2017-09-30,681554000000,2017-11-19,Assets,2026-08-25
BRK-B,cash,2017-09-30,42706000000,2017-11-19,CashAndCashEquivalentsAtCarryingValue,2026-08-25
BRK-B,equity,2017-09-30,308278000000,2017-11-19,StockholdersEquity,2026-08-25
BRK-B,inventory,2017-09-30,16931000000,2017-11-19,InventoryNet,2026-08-25
BRK-B,liabilities,2017-09-30,369702000000,2017-11-19,Liabilities,2026-08-25
BRK-B,netIncome,2017-09-30,4067000000,2017-11-19,NetIncomeLoss,2026-08-25
BRK-B,revenue,2017-09-30,59507000000,2017-11-19,Revenues,2026-08-25
BRO,assets,2017-09-30,7414277000,2017-11-19,Assets,2026-08-25
BRO,capex,2017-09-30,4049000,2017-11-19,PaymentsToAcquirePropertyPlantAndEquipment,2026-08-25
BRO,cash,2017-09-30,546520000,2017-11-19,CashAndCashEquivalentsAtCarryingValue,2026-08-25
BRO,debt,2017-09-30,860741000,2017-11-19,LongTermDebtNoncurrent,2026-08-25
BRO,equity,2017-09-30,2483647000,2017-11-19,StockholdersEquity,2026-08-25
BRO,netIncome,2017-09-30,75913000,2017-11-19,NetIncomeLoss,2026-08-25
BRO,revenue,2017-09-30,475646000,2017-11-19,Revenues,2026-08-25
BRO,shares,2017-09-30,139517992,2017-11-19,CommonStockSharesOutstanding,2026-08-25
BSX,assets,2017-09-30,18636000000,2017-11-19,Assets,2026-08-25
BSX,cash,2017-09-30,210000000,2017-11-19,CashAndCashEquivalentsAtCarryingValue,2026-08-25
BSX,debt,2017-09-30,4416000000,2017-11-19,LongTermDebt,2026-08-25
BSX,grossProfit,2017-09-30,1585000000,2017-11-19,GrossProfit,2026-08-25
BSX,inventory,2017-09-30,1077000000,2017-11-19,InventoryNet,2026-08-25
BSX,operatingIncome,2017-09-30,377000000,2017-11-19,OperatingIncomeLoss,2026-08-25
BSX,revenue,2017-09-30,2216000000,2017-11-19,Revenues,2026-08-25
BSX,shares,2017-09-30,1372735769,2017-11-19,CommonStockSharesOutstanding,2026-08-25
BX,assets,2017-09-30,31761987000,2017-11-19,Assets,2026-08-25
BX,cash,2017-09-30,1315687000,2017-11-19,CashAndCashEquivalentsAtCarryingValue,2026-08-25
BX,debt,2017-09-30,12909158000,2017-11-19,LongTermDebt,2026-08-25
BX,liabilities,2017-09-30,18300365000,2017-11-19,Liabilities,2026-08-25
BX,netIncome,2017-09-30,377920000,2017-11-19,NetIncomeLoss,2026-08-25
BX,revenue,2017-09-30,1735358000,2017-11-19,Revenues,2026-08-25
BXP,assets,2017-09-30,19308518000,2017-11-19,Assets,2026-08-25
BXP,cash,2017-09-30,434767000,2017-11-19,CashAndCashEquivalentsAtCarryingValue,2026-08-25
BXP,equity,2017-09-30,5825218000,2017-11-19,StockholdersEquity,2026-08-25
BXP,liabilities,2017-09-30,11208823000,2017-11-19,Liabilities,2026-08-25
BXP,netIncome,2017-09-30,117337000,2017-11-19,NetIncomeLoss,2026-08-25
BXP,operatingIncome,2017-09-30,233729000,2017-11-19,OperatingIncomeLoss,2026-08-25
BXP,revenue,2017-09-30,657712000,2017-11-19,Revenues,2026-08-25
BXP,shares,2017-09-30,154322266,2017-11-19,CommonStockSharesOutstanding,2026-08-25
C,assets,2017-09-30,1889133000000,2017-11-19,Assets,2026-08-25
C,cash,2017-09-30,186109000000,2017-11-19,CashAndCashEquivalentsAtCarryingValue,2026-08-25
C,debt,2017-09-30,232673000000,2017-11-19,LongTermDebt,2026-08-25
C,equity,2017-09-30,227634000000,2017-11-19,StockholdersEquity,2026-08-25
C,liabilities,2017-09-30,1660511000000,2017-11-19,Liabilities,2026-08-25
C,netIncome,2017-09-30,4133000000,2017-11-19,NetIncomeLoss,2026-08-25
C,revenue,2017-09-30,18419000000,2017-11-19,Revenues,2026-08-25
CAH,assets,2017-09-30,41940000000,2017-11-19,Assets,2026-08-25
CAH,buybacks,2017-09-30,150000000,2017-11-19,PaymentsForRepurchaseOfCommonStock,2026-08-25
CAH,capex,2017-09-30,67000000,2017-11-19,PaymentsToAcquirePropertyPlantAndEquipment,2026-08-25
CAH,cash,2017-09-30,1181000000,2017-11-19,CashAndCashEquivalentsAtCarryingValue,2026-08-25
CAH,equity,2017-09-30,6678000000,2017-11-19,StockholdersEquity,2026-08-25
CAH,grossProfit,2017-09-30,1672000000,2017-11-19,GrossProfit,2026-08-25
CAH,inventory,2017-09-30,12121000000,2017-11-19,InventoryNet,2026-08-25
CAH,netIncome,2017-09-30,115000000,2017-11-19,NetIncomeLoss,2026-08-25
CAH,operatingCashFlow,2017-09-30,1181000000,2017-11-19,NetCashProvidedByUsedInOperatingActivities,2026-08-25
CAH,operatingIncome,2017-09-30,262000000,2017-11-19,OperatingIncomeLoss,2026-08-25
CAH,revenue,2017-09-30,32641000000,2017-11-19,Revenues,2026-08-25
CASY,assets,2017-07-31,3157481000,2017-09-19,Assets,2026-08-25
CASY,buybacks,2017-07-31,77878000,2017-09-19,PaymentsForRepurchaseOfCommonStock,2026-08-25
CASY,capex,2017-07-31,91548000,2017-09-19,PaymentsToAcquirePropertyPlantAndEquipment,2026-08-25
CASY,cash,2017-07-31,159101000,2017-09-19,CashAndCashEquivalentsAtCarryingValue,2026-08-25
CASY,debt,2017-07-31,1057238000,2017-09-19,LongTermDebtNoncurrent,2026-08-25
CASY,equity,2017-07-31,1166512000,2017-09-19,StockholdersEquity,2026-08-25
CASY,grossProfit,2017-07-31,476697000,2017-09-19,GrossProfit,2026-08-25
CASY,inventory,2017-07-31,225973000,2017-09-19,InventoryNet,2026-08-25
CASY,liabilities,2017-07-31,1990969000,2017-09-19,Liabilities,2026-08-25
CASY,netIncome,2017-07-31,56758000,2017-09-19,NetIncomeLoss,2026-08-25
CASY,operatingCashFlow,2017-07-31,117139000,2017-09-19,NetCashProvidedByUsedInOperatingActivities,2026-08-25
CASY,revenue,2017-07-31,2093739000,2017-09-19,Revenues,2026-08-25
CAT,assets,2017-09-30,78560000000,2017-11-19,Assets,2026-08-25
CAT,grossProfit,2017-09-30,3035000000,2017-11-19,GrossProfit,2026-08-25
CAT,inventory,2017-09-30,10212000000,2017-11-19,InventoryNet,2026-08-25
CAT,liabilities,2017-09-30,62863000000,2017-11-19,Liabilities,2026-08-25
CAT,operatingIncome,2017-09-30,1509000000,2017-11-19,OperatingIncomeLoss,2026-08-25
CAT,receivables,2017-09-30,6691000000,2017-11-19,AccountsReceivableNetCurrent,2026-08-25
CAT,revenue,2017-09-30,11413000000,2017-11-19,Revenues,2026-08-25
CAT,rnd,2017-09-30,461000000,2017-11-19,ResearchAndDevelopmentExpense,2026-08-25
CAT,shares,2017-09-30,594900000,2017-11-19,CommonStockSharesOutstanding,2026-08-25
CB,assets,2017-09-30,167578000000,2017-11-19,Assets,2026-08-25
CB,cash,2017-09-30,1088000000,2017-11-19,CashAndCashEquivalentsAtCarryingValue,2026-08-25
CB,debt,2017-09-30,11559000000,2017-11-19,LongTermDebt,2026-08-25
CB,equity,2017-09-30,50471000000,2017-11-19,StockholdersEquity,2026-08-25
CB,liabilities,2017-09-30,117107000000,2017-11-19,Liabilities,2026-08-25
CB,netIncome,2017-09-30,-70000000,2017-11-19,NetIncomeLoss,2026-08-25
CB,revenue,2017-09-30,8610000000,2017-11-19,Revenues,2026-08-25
CB,shares,2017-09-30,464158519,2017-11-19,CommonStockSharesOutstanding,2026-08-25
CBOE,assets,2017-09-30,5228100000,2017-11-19,Assets,2026-08-25
CBOE,cash,2017-09-30,124800000,2017-11-19,CashAndCashEquivalentsAtCarryingValue,2026-08-25
CBOE,debt,2017-09-30,1312400000,2017-11-19,LongTermDebtNoncurrent,2026-08-25
CBOE,equity,2017-09-30,2877900000,2017-11-19,StockholdersEquity,2026-08-25
CBOE,grossProfit,2017-09-30,269700000,2017-11-19,GrossProfit,2026-08-25
CBOE,netIncome,2017-09-30,60500000,2017-11-19,NetIncomeLoss,2026-08-25
CBOE,operatingIncome,2017-09-30,119300000,2017-11-19,OperatingIncomeLoss,2026-08-25
CBOE,receivables,2017-09-30,195800000,2017-11-19,AccountsReceivableNetCurrent,2026-08-25
CBOE,revenue,2017-09-30,611400000,2017-11-19,Revenues,2026-08-25
CBOE,shares,2017-09-30,113457824,2017-11-19,CommonStockSharesOutstanding,2026-08-25
CBRE,assets,2017-09-30,11652014000,2017-11-19,Assets,2026-08-25
CBRE,cash,2017-09-30,955605000,2017-11-19,CashAndCashEquivalentsAtCarryingValue,2026-08-25
CBRE,debt,2017-09-30,2551568000,2017-11-19,LongTermDebtNoncurrent,2026-08-25
CBRE,equity,2017-09-30,3795470000,2017-11-19,StockholdersEquity,2026-08-25
CBRE,liabilities,2017-09-30,7800178000,2017-11-19,Liabilities,2026-08-25
CBRE,netIncome,2017-09-30,199088000,2017-11-19,NetIncomeLoss,2026-08-25
CBRE,operatingIncome,2017-09-30,238956000,2017-11-19,OperatingIncomeLoss,2026-08-25
CBRE,receivables,2017-09-30,2843126000,2017-11-19,AccountsReceivableNetCurrent,2026-08-25
CBRE,revenue,2017-09-30,4638596000,2017-11-19,Revenues,2026-08-25
CBRE,shares,2017-09-30,339459138,2017-11-19,CommonStockSharesOutstanding,2026-08-25
CCI,assets,2017-09-30,31011756000,2017-11-19,Assets,2026-08-25
CCI,cash,2017-09-30,6719134000,2017-11-19,CashAndCashEquivalentsAtCarryingValue,2026-08-25
CCI,liabilities,2017-09-30,18339424000,2017-11-19,Liabilities,2026-08-25
CCI,netIncome,2017-09-30,115000000,2017-11-19,NetIncomeLoss,2026-08-25
CCI,operatingIncome,2017-09-30,261000000,2017-11-19,OperatingIncomeLoss,2026-08-25
CCI,receivables,2017-09-30,317856000,2017-11-19,AccountsReceivableNetCurrent,2026-08-25
CCI,revenue,2017-09-30,1063000000,2017-11-19,Revenues,2026-08-25
CCI,shares,2017-09-30,406274802,2017-11-19,CommonStockSharesOutstanding,2026-08-25
CCL,assets,2017-08-31,40643000000,2017-10-20,Assets,2026-08-25
CCL,cash,2017-08-31,489000000,2017-10-20,CashAndCashEquivalentsAtCarryingValue,2026-08-25
CCL,debt,2017-08-31,7723000000,2017-10-20,LongTermDebtNoncurrent,2026-08-25
CCL,equity,2017-08-31,24172000000,2017-10-20,StockholdersEquity,2026-08-25
CCL,inventory,2017-08-31,357000000,2017-10-20,InventoryNet,2026-08-25
CCL,netIncome,2017-08-31,1329000000,2017-10-20,NetIncomeLoss,2026-08-25
CCL,operatingIncome,2017-08-31,1393000000,2017-10-20,OperatingIncomeLoss,2026-08-25
CCL,revenue,2017-08-31,5515000000,2017-10-20,Revenues,2026-08-25
CDNS,assets,2017-09-30,2305227000,2017-11-19,Assets,2026-08-25
CDNS,cash,2017-09-30,678284000,2017-11-19,CashAndCashEquivalentsAtCarryingValue,2026-08-25
CDNS,equity,2017-09-30,1010740000,2017-11-19,StockholdersEquity,2026-08-25
CDNS,inventory,2017-09-30,36000000,2017-11-19,InventoryNet,2026-08-25
CDNS,netIncome,2017-09-30,81157000,2017-11-19,NetIncomeLoss,2026-08-25
CDNS,operatingIncome,2017-09-30,80385000,2017-11-19,OperatingIncomeLoss,2026-08-25
CDNS,revenue,2017-09-30,485398000,2017-11-19,RevenueFromContractWithCustomerExcludingAssessedTax,2026-08-25
CDW,assets,2017-09-30,7101800000,2017-11-19,Assets,2026-08-25
CDW,cash,2017-09-30,97900000,2017-11-19,CashAndCashEquivalentsAtCarryingValue,2026-08-25
CDW,debt,2017-09-30,3388400000,2017-11-19,LongTermDebtNoncurrent,2026-08-25
CDW,equity,2017-09-30,806500000,2017-11-19,StockholdersEquity,2026-08-25
CDW,grossProfit,2017-09-30,642200000,2017-11-19,GrossProfit,2026-08-25
CDW,inventory,2017-09-30,549000000,2017-11-19,InventoryNet,2026-08-25
CDW,netIncome,2017-09-30,129300000,2017-11-19,NetIncomeLoss,2026-08-25
CDW,operatingIncome,2017-09-30,244000000,2017-11-19,OperatingIncomeLoss,2026-08-25
CDW,receivables,2017-09-30,2311300000,2017-11-19,AccountsReceivableNetCurrent,2026-08-25
CDW,revenue,2017-09-30,3933200000,2017-11-19,RevenueFromContractWithCustomerExcludingAssessedTax,2026-08-25
CDW,shares,2017-09-30,152900000,2017-11-19,CommonStockSharesOutstanding,2026-08-25
CF,assets,2017-09-30,14857000000,2017-11-19,Assets,2026-08-25
CF,cash,2017-09-30,1992000000,2017-11-19,CashAndCashEquivalentsAtCarryingValue,2026-08-25
CF,debt,2017-09-30,4988000000,2017-11-19,LongTermDebtNoncurrent,2026-08-25
CF,equity,2017-09-30,3167000000,2017-11-19,StockholdersEquity,2026-08-25
CF,grossProfit,2017-09-30,11000000,2017-11-19,GrossProfit,2026-08-25
CF,inventory,2017-09-30,316000000,2017-11-19,InventoryNet,2026-08-25
CF,operatingIncome,2017-09-30,-37000000,2017-11-19,OperatingIncomeLoss,2026-08-25
CF,revenue,2017-09-30,870000000,2017-11-19,Revenues,2026-08-25
CFG,assets,2017-09-30,151356000000,2017-11-19,Assets,2026-08-25
CFG,cash,2017-09-30,2120000000,2017-11-19,CashAndCashEquivalentsAtCarryingValue,2026-08-25
CFG,debt,2017-09-30,13400000000,2017-11-19,LongTermDebt,2026-08-25
CFG,equity,2017-09-30,20109000000,2017-11-19,StockholdersEquity,2026-08-25
CFG,liabilities,2017-09-30,131247000000,2017-11-19,Liabilities,2026-08-25
CFG,netIncome,2017-09-30,348000000,2017-11-19,NetIncomeLoss,2026-08-25
CFG,revenue,2017-09-30,1443000000,2017-11-19,Revenues,2026-08-25
CFG,shares,2017-09-30,499505285,2017-11-19,CommonStockSharesOutstanding,2026-08-25
CHD,assets,2017-09-30,5952800000,2017-11-19,Assets,2026-08-25
CHD,cash,2017-09-30,236500000,2017-11-19,CashAndCashEquivalentsAtCarryingValue,2026-08-25
CHD,debt,2017-09-30,2104100000,2017-11-19,LongTermDebtNoncurrent,2026-08-25
CHD,grossProfit,2017-09-30,438500000,2017-11-19,GrossProfit,2026-08-25
CHD,inventory,2017-09-30,336100000,2017-11-19,InventoryNet,2026-08-25
CHD,liabilities,2017-09-30,3999700000,2017-11-19,Liabilities,2026-08-25
CHD,operatingIncome,2017-09-30,198700000,2017-11-19,OperatingIncomeLoss,2026-08-25
CHD,receivables,2017-09-30,377900000,2017-11-19,AccountsReceivableNetCurrent,2026-08-25
CHD,revenue,2017-09-30,967900000,2017-11-19,RevenueFromContractWithCustomerExcludingAssessedTax,2026-08-25
CHD,rnd,2017-09-30,18000000,2017-11-19,ResearchAndDevelopmentExpense,2026-08-25
CHRW,assets,2017-09-30,4175588000,2017-11-19,Assets,2026-08-25
CHRW,cash,2017-09-30,297307000,2017-11-19,CashAndCashEquivalentsAtCarryingValue,2026-08-25
CHRW,debt,2017-09-30,750000000,2017-11-19,LongTermDebt,2026-08-25
CHRW,equity,2017-09-30,1354875000,2017-11-19,StockholdersEquity,2026-08-25
CHRW,liabilities,2017-09-30,2820713000,2017-11-19,Liabilities,2026-08-25
CHRW,netIncome,2017-09-30,119186000,2017-11-19,NetIncomeLoss,2026-08-25
CHRW,operatingIncome,2017-09-30,194465000,2017-11-19,OperatingIncomeLoss,2026-08-25
CHRW,revenue,2017-09-30,593846000,2017-11-19,Revenues,2026-08-25
CHRW,shares,2017-09-30,139871000,2017-11-19,CommonStockSharesOutstanding,2026-08-25
CHTR,assets,2017-09-30,148228000000,2017-11-19,Assets,2026-08-25
CHTR,cash,2017-09-30,2164000000,2017-11-19,CashAndCashEquivalentsAtCarryingValue,2026-08-25
CHTR,debt,2017-09-30,66064000000,2017-11-19,LongTermDebtNoncurrent,2026-08-25
CHTR,equity,2017-09-30,33229000000,2017-11-19,StockholdersEquity,2026-08-25
CHTR,netIncome,2017-09-30,48000000,2017-11-19,NetIncomeLoss,2026-08-25
CHTR,operatingIncome,2017-09-30,909000000,2017-11-19,OperatingIncomeLoss,2026-08-25
CHTR,receivables,2017-09-30,1652000000,2017-11-19,AccountsReceivableNetCurrent,2026-08-25
CHTR,revenue,2017-09-30,10458000000,2017-11-19,Revenues,2026-08-25
CI,revenue,2017-09-30,10372000000,2017-11-19,Revenues,2026-08-25
CIEN,assets,2017-07-31,2736660000,2017-09-19,Assets,2026-08-25
CIEN,cash,2017-07-31,559540000,2017-09-19,CashAndCashEquivalentsAtCarryingValue,2026-08-25
CIEN,debt,2017-07-31,393674000,2017-09-19,LongTermDebt,2026-08-25
CIEN,equity,2017-07-31,944310000,2017-09-19,StockholdersEquity,2026-08-25
CIEN,grossProfit,2017-07-31,328076000,2017-09-19,GrossProfit,2026-08-25
CIEN,inventory,2017-07-31,276421000,2017-09-19,InventoryNet,2026-08-25
CIEN,liabilities,2017-07-31,1792350000,2017-09-19,Liabilities,2026-08-25
CIEN,netIncome,2017-07-31,60010000,2017-09-19,NetIncomeLoss,2026-08-25
CIEN,operatingIncome,2017-07-31,81999000,2017-09-19,OperatingIncomeLoss,2026-08-25
CIEN,receivables,2017-07-31,653242000,2017-09-19,AccountsReceivableNetCurrent,2026-08-25
CIEN,revenue,2017-07-31,728719000,2017-09-19,Revenues,2026-08-25
CIEN,rnd,2017-07-31,117729000,2017-09-19,ResearchAndDevelopmentExpense,2026-08-25
CIEN,shares,2017-07-31,142672784,2017-09-19,CommonStockSharesOutstanding,2026-08-25
CINF,assets,2017-09-30,21592000000,2017-11-19,Assets,2026-08-25
CINF,cash,2017-09-30,674000000,2017-11-19,CashAndCashEquivalentsAtCarryingValue,2026-08-25
CINF,debt,2017-09-30,787000000,2017-11-19,LongTermDebt,2026-08-25
CINF,equity,2017-09-30,7523000000,2017-11-19,StockholdersEquity,2026-08-25
CINF,liabilities,2017-09-30,14069000000,2017-11-19,Liabilities,2026-08-25
CINF,netIncome,2017-09-30,102000000,2017-11-19,NetIncomeLoss,2026-08-25
CINF,revenue,2017-09-30,1412000000,2017-11-19,Revenues,2026-08-25
CINF,shares,2017-09-30,198300000,2017-11-19,CommonStockSharesOutstanding,2026-08-25
CL,assets,2017-09-30,12775000000,2017-11-19,Assets,2026-08-25
CL,cash,2017-09-30,1380000000,2017-11-19,CashAndCashEquivalentsAtCarryingValue,2026-08-25
CL,debt,2017-09-30,6520000000,2017-11-19,LongTermDebtNoncurrent,2026-08-25
CL,equity,2017-09-30,-108000000,2017-11-19,StockholdersEquity,2026-08-25
CL,grossProfit,2017-09-30,2383000000,2017-11-19,GrossProfit,2026-08-25
CL,inventory,2017-09-30,1205000000,2017-11-19,InventoryNet,2026-08-25
CL,liabilities,2017-09-30,12508000000,2017-11-19,Liabilities,2026-08-25
CL,netIncome,2017-09-30,607000000,2017-11-19,NetIncomeLoss,2026-08-25
CL,operatingIncome,2017-09-30,957000000,2017-11-19,OperatingIncomeLoss,2026-08-25
CL,receivables,2017-09-30,1530000000,2017-11-19,AccountsReceivableNetCurrent,2026-08-25
CL,revenue,2017-09-30,3974000000,2017-11-19,Revenues,2026-08-25
CLX,assets,2017-09-30,4600000000,2017-11-19,Assets,2026-08-25
CLX,buybacks,2017-09-30,66000000,2017-11-19,PaymentsForRepurchaseOfCommonStock,2026-08-25
CLX,capex,2017-09-30,49000000,2017-11-19,PaymentsToAcquirePropertyPlantAndEquipment,2026-08-25
CLX,cash,2017-09-30,468000000,2017-11-19,CashAndCashEquivalentsAtCarryingValue,2026-08-25
CLX,debt,2017-09-30,1787000000,2017-11-19,LongTermDebtNoncurrent,2026-08-25
CLX,equity,2017-09-30,592000000,2017-11-19,StockholdersEquity,2026-08-25
CLX,grossProfit,2017-09-30,673000000,2017-11-19,GrossProfit,2026-08-25
CLX,inventory,2017-09-30,462000000,2017-11-19,InventoryNet,2026-08-25
CLX,liabilities,2017-09-30,4008000000,2017-11-19,Liabilities,2026-08-25
CLX,netIncome,2017-09-30,192000000,2017-11-19,NetIncomeLoss,2026-08-25
CLX,operatingCashFlow,2017-09-30,260000000,2017-11-19,NetCashProvidedByUsedInOperatingActivities,2026-08-25
CLX,revenue,2017-09-30,1500000000,2017-11-19,Revenues,2026-08-25
CLX,rnd,2017-09-30,32000000,2017-11-19,ResearchAndDevelopmentExpense,2026-08-25
CLX,shares,2017-09-30,128923671,2017-11-19,CommonStockSharesOutstanding,2026-08-25
CMCSA,assets,2017-09-30,185301000000,2017-11-19,Assets,2026-08-25
CMCSA,capex,2017-09-30,2434000000,2017-11-19,PaymentsToAcquirePropertyPlantAndEquipment,2026-08-25
CMCSA,cash,2017-09-30,4114000000,2017-11-19,CashAndCashEquivalentsAtCarryingValue,2026-08-25
CMCSA,equity,2017-09-30,55427000000,2017-11-19,StockholdersEquity,2026-08-25
CMCSA,netIncome,2017-09-30,2642000000,2017-11-19,NetIncomeLoss,2026-08-25
CMCSA,operatingIncome,2017-09-30,4779000000,2017-11-19,OperatingIncomeLoss,2026-08-25
CMCSA,receivables,2017-09-30,7915000000,2017-11-19,AccountsReceivableNetCurrent,2026-08-25
CMCSA,revenue,2017-09-30,21081000000,2017-11-19,Revenues,2026-08-25
CME,assets,2017-09-30,78323000000,2017-11-19,Assets,2026-08-25
CME,cash,2017-09-30,1631100000,2017-11-19,CashAndCashEquivalentsAtCarryingValue,2026-08-25
CME,equity,2017-09-30,20863900000,2017-11-19,StockholdersEquity,2026-08-25
CME,liabilities,2017-09-30,57459100000,2017-11-19,Liabilities,2026-08-25
CME,netIncome,2017-09-30,308600000,2017-11-19,NetIncomeLoss,2026-08-25
CME,operatingIncome,2017-09-30,567600000,2017-11-19,OperatingIncomeLoss,2026-08-25
CME,receivables,2017-09-30,390300000,2017-11-19,AccountsReceivableNetCurrent,2026-08-25
CME,revenue,2017-09-30,890800000,2017-11-19,Revenues,2026-08-25
CMG,assets,2017-09-30,2064377000,2017-11-19,Assets,2026-08-25
CMG,cash,2017-09-30,113480000,2017-11-19,CashAndCashEquivalentsAtCarryingValue,2026-08-25
CMG,equity,2017-09-30,1387126000,2017-11-19,StockholdersEquity,2026-08-25
CMG,inventory,2017-09-30,21634000,2017-11-19,InventoryNet,2026-08-25
CMG,liabilities,2017-09-30,677251000,2017-11-19,Liabilities,2026-08-25
CMG,netIncome,2017-09-30,19610000,2017-11-19,NetIncomeLoss,2026-08-25
CMG,operatingIncome,2017-09-30,30867000,2017-11-19,OperatingIncomeLoss,2026-08-25
CMG,receivables,2017-09-30,23870000,2017-11-19,AccountsReceivableNetCurrent,2026-08-25
CMG,revenue,2017-09-30,1128074000,2017-11-19,Revenues,2026-08-25
CMI,assets,2017-07-02,16260000000,2017-08-21,Assets,2026-08-25
CMI,cash,2017-07-02,1293000000,2017-08-21,CashAndCashEquivalentsAtCarryingValue,2026-08-25
CMI,equity,2017-07-02,7493000000,2017-08-21,StockholdersEquity,2026-08-25
CMI,grossProfit,2017-07-02,1251000000,2017-08-21,GrossProfit,2026-08-25
CMI,inventory,2017-07-02,2982000000,2017-08-21,InventoryNet,2026-08-25
CMI,liabilities,2017-07-02,8438000000,2017-08-21,Liabilities,2026-08-25
CMI,operatingIncome,2017-07-02,586000000,2017-08-21,OperatingIncomeLoss,2026-08-25
CMI,revenue,2017-07-02,5078000000,2017-08-21,Revenues,2026-08-25
CMI,rnd,2017-07-02,175000000,2017-08-21,ResearchAndDevelopmentExpense,2026-08-25
CMS,assets,2017-09-30,22120000000,2017-11-19,Assets,2026-08-25
CMS,cash,2017-09-30,142000000,2017-11-19,CashAndCashEquivalentsAtCarryingValue,2026-08-25
CMS,debt,2017-09-30,9024000000,2017-11-19,LongTermDebtNoncurrent,2026-08-25
CMS,equity,2017-09-30,4535000000,2017-11-19,StockholdersEquity,2026-08-25
CMS,netIncome,2017-09-30,172000000,2017-11-19,NetIncomeLoss,2026-08-25
CMS,operatingIncome,2017-09-30,330000000,2017-11-19,OperatingIncomeLoss,2026-08-25
CMS,receivables,2017-09-30,631000000,2017-11-19,AccountsReceivableNetCurrent,2026-08-25
CMS,revenue,2017-09-30,1527000000,2017-11-19,Revenues,2026-08-25
CMS,shares,2017-09-30,281600000,2017-11-19,CommonStockSharesOutstanding,2026-08-25
CNC,assets,2017-09-30,22000000000,2017-11-19,Assets,2026-08-25
CNC,cash,2017-09-30,4281000000,2017-11-19,CashAndCashEquivalentsAtCarryingValue,2026-08-25
CNC,debt,2017-09-30,4717000000,2017-11-19,LongTermDebtNoncurrent,2026-08-25
CNC,equity,2017-09-30,6640000000,2017-11-19,StockholdersEquity,2026-08-25
CNC,liabilities,2017-09-30,15327000000,2017-11-19,Liabilities,2026-08-25
CNC,netIncome,2017-09-30,205000000,2017-11-19,NetIncomeLoss,2026-08-25
CNC,operatingIncome,2017-09-30,340000000,2017-11-19,OperatingIncomeLoss,2026-08-25
CNC,revenue,2017-09-30,11898000000,2017-11-19,Revenues,2026-08-25
CNC,shares,2017-09-30,172566000,2017-11-19,CommonStockSharesOutstanding,2026-08-25
CNP,assets,2017-09-30,22135000000,2017-11-19,Assets,2026-08-25
CNP,cash,2017-09-30,201000000,2017-11-19,CashAndCashEquivalentsAtCarryingValue,2026-08-25
CNP,debt,2017-09-30,7531000000,2017-11-19,LongTermDebtNoncurrent,2026-08-25
CNP,equity,2017-09-30,3618000000,2017-11-19,StockholdersEquity,2026-08-25
CNP,netIncome,2017-09-30,169000000,2017-11-19,NetIncomeLoss,2026-08-25
CNP,operatingIncome,2017-09-30,297000000,2017-11-19,OperatingIncomeLoss,2026-08-25
CNP,receivables,2017-09-30,783000000,2017-11-19,AccountsReceivableNetCurrent,2026-08-25
CNP,revenue,2017-09-30,2098000000,2017-11-19,Revenues,2026-08-25
CNP,shares,2017-09-30,431030884,2017-11-19,CommonStockSharesOutstanding,2026-08-25
COF,assets,2017-09-30,361402000000,2017-11-19,Assets,2026-08-25
COF,equity,2017-09-30,50154000000,2017-11-19,StockholdersEquity,2026-08-25
COF,liabilities,2017-09-30,311248000000,2017-11-19,Liabilities,2026-08-25
COF,netIncome,2017-09-30,1107000000,2017-11-19,NetIncomeLoss,2026-08-25
COF,revenue,2017-09-30,6985000000,2017-11-19,Revenues,2026-08-25
COF,shares,2017-09-30,484419510,2017-11-19,CommonStockSharesOutstanding,2026-08-25
COHR,assets,2017-09-30,1583805000,2017-11-19,Assets,2026-08-25
COHR,buybacks,2017-09-30,49875000,2017-11-19,PaymentsForRepurchaseOfCommonStock,2026-08-25
COHR,capex,2017-09-30,37426000,2017-11-19,PaymentsToAcquirePropertyPlantAndEquipment,2026-08-25
COHR,cash,2017-09-30,241285000,2017-11-19,CashAndCashEquivalentsAtCarryingValue,2026-08-25
COHR,debt,2017-09-30,384742000,2017-11-19,LongTermDebtNoncurrent,2026-08-25
COHR,equity,2017-09-30,943762000,2017-11-19,StockholdersEquity,2026-08-25
COHR,inventory,2017-09-30,224461000,2017-11-19,InventoryNet,2026-08-25
COHR,liabilities,2017-09-30,640043000,2017-11-19,Liabilities,2026-08-25
COHR,netIncome,2017-09-30,21141000,2017-11-19,NetIncomeLoss,2026-08-25
COHR,operatingCashFlow,2017-09-30,12383000,2017-11-19,NetCashProvidedByUsedInOperatingActivities,2026-08-25
COHR,operatingIncome,2017-09-30,29777000,2017-11-19,OperatingIncomeLoss,2026-08-25
COHR,receivables,2017-09-30,192828000,2017-11-19,AccountsReceivableNetCurrent,2026-08-25
COHR,revenue,2017-09-30,261503000,2017-11-19,Revenues,2026-08-25
COHR,rnd,2017-09-30,25575000,2017-11-19,ResearchAndDevelopmentExpense,2026-08-25
COO,assets,2017-07-31,4782800000,2017-09-19,Assets,2026-08-25
COO,cash,2017-07-31,46000000,2017-09-19,CashAndCashEquivalentsAtCarryingValue,2026-08-25
COO,debt,2017-07-31,1180000000,2017-09-19,LongTermDebtNoncurrent,2026-08-25
COO,grossProfit,2017-07-31,356200000,2017-09-19,GrossProfit,2026-08-25
COO,inventory,2017-07-31,453900000,2017-09-19,InventoryNet,2026-08-25
COO,liabilities,2017-07-31,1689500000,2017-09-19,Liabilities,2026-08-25
COO,netIncome,2017-07-31,103600000,2017-09-19,NetIncomeLoss,2026-08-25
COO,operatingIncome,2017-07-31,112800000,2017-09-19,OperatingIncomeLoss,2026-08-25
COO,receivables,2017-07-31,335900000,2017-09-19,AccountsReceivableNetCurrent,2026-08-25
COO,revenue,2017-07-31,556000000,2017-09-19,Revenues,2026-08-25
COO,rnd,2017-07-31,17500000,2017-09-19,ResearchAndDevelopmentExpense,2026-08-25
COP,assets,2017-09-30,74861000000,2017-11-19,Assets,2026-08-25
COP,cash,2017-09-30,6911000000,2017-11-19,CashAndCashEquivalentsAtCarryingValue,2026-08-25
COP,equity,2017-09-30,30500000000,2017-11-19,StockholdersEquity,2026-08-25
COP,inventory,2017-09-30,1023000000,2017-11-19,InventoryNet,2026-08-25
COP,liabilities,2017-09-30,44149000000,2017-11-19,Liabilities,2026-08-25
COP,netIncome,2017-09-30,420000000,2017-11-19,NetIncomeLoss,2026-08-25
COP,revenue,2017-09-30,7195000000,2017-11-19,Revenues,2026-08-25
COR,assets,2017-09-30,35316470000,2017-11-19,Assets,2026-08-25
COR,cash,2017-09-30,2435115000,2017-11-19,CashAndCashEquivalentsAtCarryingValue,2026-08-25
COR,debt,2017-09-30,3429934000,2017-11-19,LongTermDebtNoncurrent,2026-08-25
COR,equity,2017-09-30,2064461000,2017-11-19,StockholdersEquity,2026-08-25
COR,grossProfit,2017-09-30,1172020000,2017-11-19,GrossProfit,2026-08-25
COR,inventory,2017-09-30,11461428000,2017-11-19,InventoryNet,2026-08-25
COR,netIncome,2017-09-30,-344587000,2017-11-19,NetIncomeLoss,2026-08-25
COR,operatingIncome,2017-09-30,-135002000,2017-11-19,OperatingIncomeLoss,2026-08-25
COR,receivables,2017-09-30,10303324000,2017-11-19,AccountsReceivableNetCurrent,2026-08-25
COR,revenue,2017-09-30,39120015000,2017-11-19,Revenues,2026-08-25
COR,shares,2017-09-30,217993598,2017-11-19,CommonStockSharesOutstanding,2026-08-25
COST,assets,2017-09-03,36347000000,2017-10-23,Assets,2026-08-25
COST,cash,2017-09-03,4546000000,2017-10-23,CashAndCashEquivalentsAtCarryingValue,2026-08-25
COST,debt,2017-09-03,6573000000,2017-10-23,LongTermDebtNoncurrent,2026-08-25
COST,equity,2017-09-03,10778000000,2017-10-23,StockholdersEquity,2026-08-25
COST,inventory,2017-09-03,9834000000,2017-10-23,InventoryNet,2026-08-25
COST,liabilities,2017-09-03,25268000000,2017-10-23,Liabilities,2026-08-25
COST,netIncome,2017-09-03,919000000,2017-10-23,NetIncomeLoss,2026-08-25
COST,operatingIncome,2017-09-03,1450000000,2017-10-23,OperatingIncomeLoss,2026-08-25
COST,revenue,2017-09-03,42300000000,2017-10-23,Revenues,2026-08-25
COST,shares,2017-09-03,437204000,2017-10-23,CommonStockSharesOutstanding,2026-08-25
CPAY,assets,2017-09-30,11330294000,2017-11-19,Assets,2026-08-25
CPAY,capex,2017-09-30,16859000,2017-11-19,PaymentsToAcquirePropertyPlantAndEquipment,2026-08-25
CPAY,cash,2017-09-30,834756000,2017-11-19,CashAndCashEquivalentsAtCarryingValue,2026-08-25
CPAY,equity,2017-09-30,3430418000,2017-11-19,StockholdersEquity,2026-08-25
CPAY,netIncome,2017-09-30,202823000,2017-11-19,NetIncomeLoss,2026-08-25
CPAY,operatingIncome,2017-09-30,232637000,2017-11-19,OperatingIncomeLoss,2026-08-25
CPAY,receivables,2017-09-30,1456255000,2017-11-19,AccountsReceivableNetCurrent,2026-08-25
CPAY,revenue,2017-09-30,577877000,2017-11-19,Revenues,2026-08-25
CPAY,shares,2017-09-30,89558913,2017-11-19,CommonStockSharesOutstanding,2026-08-25
CPRT,assets,2017-07-31,1982501000,2017-09-19,Assets,2026-08-25
CPRT,cash,2017-07-31,210100000,2017-09-19,CashAndCashEquivalentsAtCarryingValue,2026-08-25
CPRT,debt,2017-07-31,631000000,2017-09-19,LongTermDebt,2026-08-25
CPRT,equity,2017-07-31,1098600000,2017-09-19,StockholdersEquity,2026-08-25
CPRT,grossProfit,2017-07-31,167465000,2017-09-19,GrossProfit,2026-08-25
CPRT,inventory,2017-07-31,10163000,2017-09-19,InventoryNet,2026-08-25
CPRT,liabilities,2017-07-31,883901000,2017-09-19,Liabilities,2026-08-25
CPRT,netIncome,2017-07-31,70335000,2017-09-19,NetIncomeLoss,2026-08-25
CPRT,operatingIncome,2017-07-31,110807000,2017-09-19,OperatingIncomeLoss,2026-08-25
CPRT,receivables,2017-07-31,311846000,2017-09-19,AccountsReceivableNetCurrent,2026-08-25
CPRT,revenue,2017-07-31,378596000,2017-09-19,Revenues,2026-08-25
CPRT,shares,2017-07-31,230488296,2017-09-19,CommonStockSharesOutstanding,2026-08-25
CPT,assets,2017-09-30,6168895000,2017-11-19,Assets,2026-08-25
CPT,cash,2017-09-30,350274000,2017-11-19,CashAndCashEquivalentsAtCarryingValue,2026-08-25
CPT,debt,2017-09-30,2204200000,2017-11-19,LongTermDebt,2026-08-25
CPT,equity,2017-09-30,3386907000,2017-11-19,StockholdersEquity,2026-08-25
CPT,liabilities,2017-09-30,2629303000,2017-11-19,Liabilities,2026-08-25
CPT,netIncome,2017-09-30,34384000,2017-11-19,NetIncomeLoss,2026-08-25
CPT,revenue,2017-09-30,228178000,2017-11-19,RevenueFromContractWithCustomerExcludingAssessedTax,2026-08-25
CPT,shares,2017-09-30,92700000,2017-11-19,CommonStockSharesOutstanding,2026-08-25
CRL,assets,2017-09-30,2865918000,2017-11-19,Assets,2026-08-25
CRL,capex,2017-09-30,22011000,2017-11-19,PaymentsToAcquireProductiveAssets,2026-08-25
CRL,cash,2017-09-30,123618000,2017-11-19,CashAndCashEquivalentsAtCarryingValue,2026-08-25
CRL,debt,2017-09-30,1133942000,2017-11-19,LongTermDebtNoncurrent,2026-08-25
CRL,equity,2017-09-30,1021513000,2017-11-19,StockholdersEquity,2026-08-25
CRL,grossProfit,2017-09-30,176847000,2017-11-19,GrossProfit,2026-08-25
CRL,inventory,2017-09-30,107372000,2017-11-19,InventoryNet,2026-08-25
CRL,liabilities,2017-09-30,1825424000,2017-11-19,Liabilities,2026-08-25
CRL,netIncome,2017-09-30,52474000,2017-11-19,NetIncomeLoss,2026-08-25
CRL,operatingIncome,2017-09-30,74062000,2017-11-19,OperatingIncomeLoss,2026-08-25
CRL,receivables,2017-09-30,422335000,2017-11-19,AccountsReceivableNetCurrent,2026-08-25
CRL,revenue,2017-09-30,464232000,2017-11-19,Revenues,2026-08-25
CRL,shares,2017-09-30,47324000,2017-11-19,CommonStockSharesOutstanding,2026-08-25
CRM,assets,2017-07-31,17418803000,2017-09-19,Assets,2026-08-25
CRM,capex,2017-07-31,128000000,2017-09-19,PaymentsToAcquirePropertyPlantAndEquipment,2026-08-25
CRM,cash,2017-07-31,1949000000,2017-09-19,CashAndCashEquivalentsAtCarryingValue,2026-08-25
CRM,equity,2017-07-31,9219000000,2017-09-19,StockholdersEquity,2026-08-25
CRM,grossProfit,2017-07-31,1907000000,2017-09-19,GrossProfit,2026-08-25
CRM,liabilities,2017-07-31,8950266000,2017-09-19,Liabilities,2026-08-25
CRM,netIncome,2017-07-31,46000000,2017-09-19,NetIncomeLoss,2026-08-25
CRM,operatingCashFlow,2017-07-31,331000000,2017-09-19,NetCashProvidedByUsedInOperatingActivities,2026-08-25
CRM,operatingIncome,2017-07-31,84000000,2017-09-19,OperatingIncomeLoss,2026-08-25
CRM,receivables,2017-07-31,1569322000,2017-09-19,AccountsReceivableNetCurrent,2026-08-25
CRM,revenue,2017-07-31,2577000000,2017-09-19,RevenueFromContractWithCustomerExcludingAssessedTax,2026-08-25
CRM,rnd,2017-07-31,387000000,2017-09-19,ResearchAndDevelopmentExpense,2026-08-25
CSCO,assets,2017-07-29,129818000000,2017-09-17,Assets,2026-08-25
CSCO,cash,2017-07-29,11708000000,2017-09-17,CashAndCashEquivalentsAtCarryingValue,2026-08-25
CSCO,debt,2017-07-29,25725000000,2017-09-17,LongTermDebtNoncurrent,2026-08-25
CSCO,equity,2017-07-29,66137000000,2017-09-17,StockholdersEquity,2026-08-25
CSCO,grossProfit,2017-07-29,7546000000,2017-09-17,GrossProfit,2026-08-25
CSCO,inventory,2017-07-29,1616000000,2017-09-17,InventoryNet,2026-08-25
CSCO,liabilities,2017-07-29,63681000000,2017-09-17,Liabilities,2026-08-25
CSCO,netIncome,2017-07-29,2424000000,2017-09-17,NetIncomeLoss,2026-08-25
CSCO,operatingIncome,2017-07-29,3034000000,2017-09-17,OperatingIncomeLoss,2026-08-25
CSCO,receivables,2017-07-29,5146000000,2017-09-17,AccountsReceivableNetCurrent,2026-08-25
CSCO,revenue,2017-07-29,12133000000,2017-09-17,Revenues,2026-08-25
CSCO,shares,2017-07-29,4983000000,2017-09-17,CommonStockSharesOutstanding,2026-08-25
CSGP,assets,2017-09-30,2280596000,2017-11-19,Assets,2026-08-25
CSGP,cash,2017-09-30,622995000,2017-11-19,CashAndCashEquivalentsAtCarryingValue,2026-08-25
CSGP,debt,2017-09-30,268586000,2017-11-19,LongTermDebtNoncurrent,2026-08-25
CSGP,equity,2017-09-30,1762427000,2017-11-19,StockholdersEquity,2026-08-25
CSGP,grossProfit,2017-09-30,192050000,2017-11-19,GrossProfit,2026-08-25
CSGP,liabilities,2017-09-30,518169000,2017-11-19,Liabilities,2026-08-25
CSGP,netIncome,2017-09-30,34177000,2017-11-19,NetIncomeLoss,2026-08-25
CSGP,operatingIncome,2017-09-30,57513000,2017-11-19,OperatingIncomeLoss,2026-08-25
CSGP,receivables,2017-09-30,60871000,2017-11-19,AccountsReceivableNetCurrent,2026-08-25
CSGP,revenue,2017-09-30,247533000,2017-11-19,Revenues,2026-08-25
CSX,assets,2017-09-30,35573000000,2017-11-19,Assets,2026-08-25
CSX,buybacks,2017-09-30,1000000000,2017-11-19,PaymentsForRepurchaseOfCommonStock,2026-08-25
CSX,cash,2017-09-30,591000000,2017-11-19,CashAndCashEquivalentsAtCarryingValue,2026-08-25
CSX,liabilities,2017-09-30,24671000000,2017-11-19,Liabilities,2026-08-25
CSX,netIncome,2017-09-30,459000000,2017-11-19,NetIncomeLoss,2026-08-25
CSX,operatingIncome,2017-09-30,868000000,2017-11-19,OperatingIncomeLoss,2026-08-25
CSX,receivables,2017-09-30,981000000,2017-11-19,AccountsReceivableNetCurrent,2026-08-25
CSX,revenue,2017-09-30,2743000000,2017-11-19,RevenueFromContractWithCustomerExcludingAssessedTax,2026-08-25
CTAS,assets,2017-08-31,6851606000,2017-10-20,Assets,2026-08-25
CTAS,buybacks,2017-08-31,35040000,2017-10-20,PaymentsForRepurchaseOfCommonStock,2026-08-25
CTAS,capex,2017-08-31,62517000,2017-10-20,PaymentsToAcquirePropertyPlantAndEquipment,2026-08-25
CTAS,cash,2017-08-31,191414000,2017-10-20,CashAndCashEquivalentsAtCarryingValue,2026-08-25
CTAS,debt,2017-08-31,2533672000,2017-10-20,LongTermDebtNoncurrent,2026-08-25
CTAS,equity,2017-08-31,2565881000,2017-10-20,StockholdersEquity,2026-08-25
CTAS,grossProfit,2017-08-31,739353000,2017-10-20,GrossProfit,2026-08-25
CTAS,inventory,2017-08-31,283197000,2017-10-20,InventoryNet,2026-08-25
CTAS,netIncome,2017-08-31,217211000,2017-10-20,NetIncomeLoss,2026-08-25
CTAS,operatingCashFlow,2017-08-31,254366000,2017-10-20,NetCashProvidedByUsedInOperatingActivities,2026-08-25
CTAS,operatingIncome,2017-08-31,249099000,2017-10-20,OperatingIncomeLoss,2026-08-25
CTAS,receivables,2017-08-31,731577000,2017-10-20,AccountsReceivableNetCurrent,2026-08-25
CTAS,revenue,2017-08-31,1611503000,2017-10-20,Revenues,2026-08-25
CTAS,shares,2017-08-31,106179574,2017-10-20,CommonStockSharesOutstanding,2026-08-25
CTSH,assets,2017-09-30,14580000000,2017-11-19,Assets,2026-08-25
CTSH,cash,2017-09-30,1577000000,2017-11-19,CashAndCashEquivalentsAtCarryingValue,2026-08-25
CTSH,debt,2017-09-30,723000000,2017-11-19,LongTermDebtNoncurrent,2026-08-25
CTSH,equity,2017-09-30,10979000000,2017-11-19,StockholdersEquity,2026-08-25
CTSH,liabilities,2017-09-30,3601000000,2017-11-19,Liabilities,2026-08-25
CTSH,netIncome,2017-09-30,495000000,2017-11-19,NetIncomeLoss,2026-08-25
CTSH,operatingIncome,2017-09-30,648000000,2017-11-19,OperatingIncomeLoss,2026-08-25
CTSH,receivables,2017-09-30,2889000000,2017-11-19,AccountsReceivableNetCurrent,2026-08-25
CTSH,revenue,2017-09-30,3766000000,2017-11-19,Revenues,2026-08-25
CTSH,shares,2017-09-30,590000000,2017-11-19,CommonStockSharesOutstanding,2026-08-25
CVNA,assets,2017-09-30,495172000,2017-11-19,Assets,2026-08-25
CVNA,cash,2017-09-30,103454000,2017-11-19,CashAndCashEquivalentsAtCarryingValue,2026-08-25
CVNA,debt,2017-09-30,16363000,2017-11-19,LongTermDebtNoncurrent,2026-08-25
CVNA,equity,2017-09-30,28161000,2017-11-19,StockholdersEquity,2026-08-25
CVNA,grossProfit,2017-09-30,20416000,2017-11-19,GrossProfit,2026-08-25
CVNA,inventory,2017-09-30,192242000,2017-11-19,InventoryNet,2026-08-25
CVNA,liabilities,2017-09-30,267696000,2017-11-19,Liabilities,2026-08-25
CVNA,netIncome,2017-09-30,-4380000,2017-11-19,NetIncomeLoss,2026-08-25
CVNA,receivables,2017-09-30,11639000,2017-11-19,AccountsReceivableNetCurrent,2026-08-25
CVNA,revenue,2017-09-30,225379000,2017-11-19,SalesRevenueNet,2026-08-25
CVS,assets,2017-09-30,92853000000,2017-11-19,Assets,2026-08-25
CVS,cash,2017-09-30,2485000000,2017-11-19,CashAndCashEquivalentsAtCarryingValue,2026-08-25
CVS,debt,2017-09-30,23386000000,2017-11-19,LongTermDebtNoncurrent,2026-08-25
CVS,equity,2017-09-30,34863000000,2017-11-19,StockholdersEquity,2026-08-25
CVS,grossProfit,2017-09-30,7117000000,2017-11-19,GrossProfit,2026-08-25
CVS,inventory,2017-09-30,14147000000,2017-11-19,InventoryNet,2026-08-25
CVS,netIncome,2017-09-30,1285000000,2017-11-19,NetIncomeLoss,2026-08-25
CVS,operatingIncome,2017-09-30,2504000000,2017-11-19,OperatingIncomeLoss,2026-08-25
CVS,receivables,2017-09-30,12440000000,2017-11-19,AccountsReceivableNetCurrent,2026-08-25
CVS,revenue,2017-09-30,46186000000,2017-11-19,Revenues,2026-08-25
CVS,shares,2017-09-30,1013000000,2017-11-19,CommonStockSharesOutstanding,2026-08-25
CVX,assets,2017-09-30,255160000000,2017-11-19,Assets,2026-08-25
CVX,cash,2017-09-30,6641000000,2017-11-19,CashAndCashEquivalentsAtCarryingValue,2026-08-25
CVX,debt,2017-09-30,33983000000,2017-11-19,LongTermDebtNoncurrent,2026-08-25
CVX,equity,2017-09-30,146713000000,2017-11-19,StockholdersEquity,2026-08-25
CVX,inventory,2017-09-30,5761000000,2017-11-19,InventoryNet,2026-08-25
CVX,liabilities,2017-09-30,107249000000,2017-11-19,Liabilities,2026-08-25
CVX,netIncome,2017-09-30,1952000000,2017-11-19,NetIncomeLoss,2026-08-25
CVX,revenue,2017-09-30,36205000000,2017-11-19,Revenues,2026-08-25
D,assets,2017-09-30,75391000000,2017-11-19,Assets,2026-08-25
D,cash,2017-09-30,227000000,2017-11-19,CashAndCashEquivalentsAtCarryingValue,2026-08-25
D,debt,2017-09-30,30886000000,2017-11-19,LongTermDebtNoncurrent,2026-08-25
D,equity,2017-09-30,16280000000,2017-11-19,StockholdersEquity,2026-08-25
D,inventory,2017-09-30,1527000000,2017-11-19,InventoryNet,2026-08-25
D,liabilities,2017-09-30,56889000000,2017-11-19,Liabilities,2026-08-25
D,netIncome,2017-09-30,665000000,2017-11-19,NetIncomeLoss,2026-08-25
D,operatingIncome,2017-09-30,1152000000,2017-11-19,OperatingIncomeLoss,2026-08-25
D,receivables,2017-09-30,1292000000,2017-11-19,AccountsReceivableNetCurrent,2026-08-25
D,revenue,2017-09-30,3179000000,2017-11-19,Revenues,2026-08-25
D,shares,2017-09-30,644000000,2017-11-19,CommonStockSharesOutstanding,2026-08-25
DAL,assets,2017-09-30,52575000000,2017-11-19,Assets,2026-08-25
DAL,capex,2017-09-30,941000000,2017-11-19,PaymentsToAcquireProductiveAssets,2026-08-25
DAL,cash,2017-09-30,1478000000,2017-11-19,CashAndCashEquivalentsAtCarryingValue,2026-08-25
DAL,equity,2017-09-30,14001000000,2017-11-19,StockholdersEquity,2026-08-25
DAL,netIncome,2017-09-30,1159000000,2017-11-19,NetIncomeLoss,2026-08-25
DAL,operatingIncome,2017-09-30,1823000000,2017-11-19,OperatingIncomeLoss,2026-08-25
DAL,revenue,2017-09-30,11061000000,2017-11-19,Revenues,2026-08-25
DD,assets,2017-09-30,198527000000,2017-11-19,Assets,2026-08-25
DD,capex,2017-09-30,752000000,2017-11-19,PaymentsToAcquireProductiveAssets,2026-08-25
DD,cash,2017-09-30,13148000000,2017-11-19,CashAndCashEquivalentsAtCarryingValue,2026-08-25
DD,debt,2017-09-30,31725000000,2017-11-19,LongTermDebt,2026-08-25
DD,equity,2017-09-30,102946000000,2017-11-19,StockholdersEquity,2026-08-25
DD,grossProfit,2017-09-30,3168000000,2017-11-19,GrossProfit,2026-08-25
DD,inventory,2017-09-30,17255000000,2017-11-19,InventoryNet,2026-08-25
DD,netIncome,2017-09-30,514000000,2017-11-19,NetIncomeLoss,2026-08-25
DD,receivables,2017-09-30,11250000000,2017-11-19,AccountsReceivableNetCurrent,2026-08-25
DD,revenue,2017-09-30,15354000000,2017-11-19,Revenues,2026-08-25
DD,rnd,2017-09-30,528000000,2017-11-19,ResearchAndDevelopmentExpense,2026-08-25
DD,shares,2017-09-01,779512000,2017-10-21,CommonStockSharesOutstanding,2026-08-25
DE,assets,2017-07-30,62349900000,2017-09-18,Assets,2026-08-25
DE,cash,2017-07-30,6537400000,2017-09-18,CashAndCashEquivalentsAtCarryingValue,2026-08-25
DE,debt,2017-07-30,23674300000,2017-09-18,LongTermDebtNoncurrent,2026-08-25
DE,equity,2017-07-30,8572200000,2017-09-18,StockholdersEquity,2026-08-25
DE,grossProfit,2017-07-30,1585000000,2017-09-18,GrossProfit,2026-08-25
DE,inventory,2017-07-30,4252900000,2017-09-18,InventoryNet,2026-08-25
DE,liabilities,2017-07-30,53761000000,2017-09-18,Liabilities,2026-08-25
DE,netIncome,2017-07-30,642000000,2017-09-18,NetIncomeLoss,2026-08-25
DE,operatingIncome,2017-07-30,1002000000,2017-09-18,OperatingIncomeLoss,2026-08-25
DE,revenue,2017-07-30,7808000000,2017-09-18,Revenues,2026-08-25
DE,rnd,2017-07-30,336800000,2017-09-18,ResearchAndDevelopmentExpense,2026-08-25
DECK,assets,2017-09-30,1520288000,2017-11-19,Assets,2026-08-25
DECK,cash,2017-09-30,230586000,2017-11-19,CashAndCashEquivalentsAtCarryingValue,2026-08-25
DECK,equity,2017-09-30,968826000,2017-11-19,StockholdersEquity,2026-08-25
DECK,grossProfit,2017-09-30,225117000,2017-11-19,GrossProfit,2026-08-25
DECK,inventory,2017-09-30,555560000,2017-11-19,InventoryNet,2026-08-25
DECK,netIncome,2017-09-30,49559000,2017-11-19,NetIncomeLoss,2026-08-25
DECK,operatingIncome,2017-09-30,67355000,2017-11-19,OperatingIncomeLoss,2026-08-25
DECK,receivables,2017-09-30,306573000,2017-11-19,AccountsReceivableNetCurrent,2026-08-25
DECK,revenue,2017-09-30,482460000,2017-11-19,RevenueFromContractWithCustomerExcludingAssessedTax,2026-08-25
DECK,shares,2017-09-30,32037000,2017-11-19,CommonStockSharesOutstanding,2026-08-25
DELL,assets,2017-08-04,117494000000,2017-09-23,Assets,2026-08-25
DELL,cash,2017-08-04,9213000000,2017-09-23,CashAndCashEquivalentsAtCarryingValue,2026-08-25
DELL,debt,2017-08-04,41374000000,2017-09-23,LongTermDebtNoncurrent,2026-08-25
DELL,equity,2017-08-04,10947000000,2017-09-23,StockholdersEquity,2026-08-25
DELL,grossProfit,2017-08-04,4968000000,2017-09-23,GrossProfit,2026-08-25
DELL,inventory,2017-08-04,2594000000,2017-09-23,InventoryNet,2026-08-25
DELL,liabilities,2017-08-04,100225000000,2017-09-23,Liabilities,2026-08-25
DELL,netIncome,2017-08-04,-732000000,2017-09-23,NetIncomeLoss,2026-08-25
DELL,operatingIncome,2017-08-04,-665000000,2017-09-23,OperatingIncomeLoss,2026-08-25
DELL,receivables,2017-08-04,9716000000,2017-09-23,AccountsReceivableNetCurrent,2026-08-25
DELL,revenue,2017-08-04,19521000000,2017-09-23,Revenues,2026-08-25
DELL,rnd,2017-08-04,1093000000,2017-09-23,ResearchAndDevelopmentExpense,2026-08-25
DELL,shares,2017-08-04,773000000,2017-09-23,CommonStockSharesOutstanding,2026-08-25
DG,assets,2017-08-04,12120824000,2017-09-23,Assets,2026-08-25
DG,cash,2017-08-04,214173000,2017-09-23,CashAndCashEquivalentsAtCarryingValue,2026-08-25
DG,equity,2017-08-04,5687095000,2017-09-23,StockholdersEquity,2026-08-25
DG,grossProfit,2017-08-04,1790522000,2017-09-23,GrossProfit,2026-08-25
DG,inventory,2017-08-04,3463004000,2017-09-23,InventoryNet,2026-08-25
DG,netIncome,2017-08-04,294783000,2017-09-23,NetIncomeLoss,2026-08-25
DG,operatingIncome,2017-08-04,493146000,2017-09-23,OperatingIncomeLoss,2026-08-25
DG,revenue,2017-08-04,5828305000,2017-09-23,RevenueFromContractWithCustomerExcludingAssessedTax,2026-08-25
DGX,assets,2017-09-30,10439000000,2017-11-19,Assets,2026-08-25
DGX,cash,2017-09-30,350000000,2017-11-19,CashAndCashEquivalentsAtCarryingValue,2026-08-25
DGX,equity,2017-09-30,4794000000,2017-11-19,StockholdersEquity,2026-08-25
DGX,grossProfit,2017-09-30,666000000,2017-11-19,GrossProfit,2026-08-25
DGX,inventory,2017-09-30,100000000,2017-11-19,InventoryNet,2026-08-25
DGX,netIncome,2017-09-30,161000000,2017-11-19,NetIncomeLoss,2026-08-25
DGX,operatingIncome,2017-09-30,298000000,2017-11-19,OperatingIncomeLoss,2026-08-25
DGX,receivables,2017-09-30,960000000,2017-11-19,AccountsReceivableNetCurrent,2026-08-25
DGX,revenue,2017-09-30,1856000000,2017-11-19,SalesRevenueNet,2026-08-25
DHI,assets,2017-09-30,12184600000,2017-11-19,Assets,2026-08-25
DHI,cash,2017-09-30,1007800000,2017-11-19,CashAndCashEquivalentsAtCarryingValue,2026-08-25
DHI,equity,2017-09-30,7747100000,2017-11-19,StockholdersEquity,2026-08-25
DHI,liabilities,2017-09-30,4437000000,2017-11-19,Liabilities,2026-08-25
DHI,netIncome,2017-09-30,313200000,2017-11-19,NetIncomeLoss,2026-08-25
DHI,revenue,2017-09-30,4159100000,2017-11-19,Revenues,2026-08-25
DHI,shares,2017-09-30,374986079,2017-11-19,CommonStockSharesOutstanding,2026-08-25
DHR,assets,2017-09-29,45851300000,2017-11-18,Assets,2026-08-25
DHR,cash,2017-09-29,648600000,2017-11-18,CashAndCashEquivalentsAtCarryingValue,2026-08-25
DHR,debt,2017-09-29,10726800000,2017-11-18,LongTermDebtNoncurrent,2026-08-25
DHR,equity,2017-09-29,25375400000,2017-11-18,StockholdersEquity,2026-08-25
DHR,grossProfit,2017-09-29,2536800000,2017-11-18,GrossProfit,2026-08-25
DHR,inventory,2017-09-29,1892300000,2017-11-18,InventoryNet,2026-08-25
DHR,netIncome,2017-09-29,572100000,2017-11-18,NetIncomeLoss,2026-08-25
DHR,operatingIncome,2017-09-29,759200000,2017-11-18,OperatingIncomeLoss,2026-08-25
DHR,receivables,2017-09-29,3254600000,2017-11-18,AccountsReceivableNetCurrent,2026-08-25
DHR,revenue,2017-09-29,4528200000,2017-11-18,Revenues,2026-08-25
DHR,rnd,2017-09-29,279200000,2017-11-18,ResearchAndDevelopmentExpense,2026-08-25
DHR,shares,2017-09-29,695500000,2017-11-18,CommonStockSharesOutstanding,2026-08-25
DIS,assets,2017-09-30,95789000000,2017-11-19,Assets,2026-08-25
DIS,cash,2017-09-30,4017000000,2017-11-19,CashAndCashEquivalentsAtCarryingValue,2026-08-25
DIS,debt,2017-09-30,19119000000,2017-11-19,LongTermDebtNoncurrent,2026-08-25
DIS,equity,2017-09-30,41315000000,2017-11-19,StockholdersEquity,2026-08-25
DIS,inventory,2017-09-30,1373000000,2017-11-19,InventoryNet,2026-08-25
DIS,netIncome,2017-09-30,1747000000,2017-11-19,NetIncomeLoss,2026-08-25
DIS,operatingIncome,2017-09-30,2812000000,2017-11-19,OperatingIncomeLoss,2026-08-25
DIS,revenue,2017-09-30,12779000000,2017-11-19,Revenues,2026-08-25
DLR,assets,2017-09-30,21232498000,2017-11-19,Assets,2026-08-25
DLR,cash,2017-09-30,192578000,2017-11-19,CashAndCashEquivalentsAtCarryingValue,2026-08-25
DLR,equity,2017-09-30,10469279000,2017-11-19,StockholdersEquity,2026-08-25
DLR,liabilities,2017-09-30,9994566000,2017-11-19,Liabilities,2026-08-25
DLR,netIncome,2017-09-30,12435000,2017-11-19,NetIncomeLoss,2026-08-25
DLR,operatingIncome,2017-09-30,66157000,2017-11-19,OperatingIncomeLoss,2026-08-25
DLR,revenue,2017-09-30,609925000,2017-11-19,Revenues,2026-08-25
DLR,shares,2017-09-30,205433495,2017-11-19,CommonStockSharesOutstanding,2026-08-25
DLTR,assets,2017-07-29,15532300000,2017-09-17,Assets,2026-08-25
DLTR,cash,2017-07-29,693300000,2017-09-17,CashAndCashEquivalentsAtCarryingValue,2026-08-25
DLTR,debt,2017-07-29,5595000000,2017-09-17,LongTermDebtNoncurrent,2026-08-25
DLTR,equity,2017-07-29,5860200000,2017-09-17,StockholdersEquity,2026-08-25
DLTR,grossProfit,2017-07-29,1627800000,2017-09-17,GrossProfit,2026-08-25
DLTR,liabilities,2017-07-29,9672100000,2017-09-17,Liabilities,2026-08-25
DLTR,netIncome,2017-07-29,233800000,2017-09-17,NetIncomeLoss,2026-08-25
DLTR,operatingIncome,2017-07-29,419500000,2017-09-17,OperatingIncomeLoss,2026-08-25
DLTR,revenue,2017-07-29,5281200000,2017-09-17,RevenueFromContractWithCustomerExcludingAssessedTax,2026-08-25
DLTR,shares,2017-07-29,236800000,2017-09-17,CommonStockSharesOutstanding,2026-08-25
DOC,assets,2017-09-30,13904081000,2017-11-19,Assets,2026-08-25
DOC,cash,2017-09-30,133887000,2017-11-19,CashAndCashEquivalentsAtCarryingValue,2026-08-25
DOC,debt,2017-09-30,7371385000,2017-11-19,LongTermDebt,2026-08-25
DOC,equity,2017-09-30,5531433000,2017-11-19,StockholdersEquity,2026-08-25
DOC,liabilities,2017-09-30,8049850000,2017-11-19,Liabilities,2026-08-25
DOC,netIncome,2017-09-30,-7657000,2017-11-19,NetIncomeLoss,2026-08-25
DOC,revenue,2017-09-30,454023000,2017-11-19,Revenues,2026-08-25
DOC,shares,2017-09-30,469034877,2017-11-19,CommonStockSharesOutstanding,2026-08-25
DOV,assets,2017-09-30,10493390000,2017-11-19,Assets,2026-08-25
DOV,cash,2017-09-30,322039000,2017-11-19,CashAndCashEquivalentsAtCarryingValue,2026-08-25
DOV,debt,2017-09-30,2985048000,2017-11-19,LongTermDebtNoncurrent,2026-08-25
DOV,grossProfit,2017-09-30,649193000,2017-11-19,GrossProfit,2026-08-25
DOV,inventory,2017-09-30,982196000,2017-11-19,InventoryNet,2026-08-25
DOV,netIncome,2017-09-30,178912000,2017-11-19,NetIncomeLoss,2026-08-25
DOV,operatingIncome,2017-09-30,239153000,2017-11-19,OperatingIncomeLoss,2026-08-25
DOV,receivables,2017-09-30,1446556000,2017-11-19,AccountsReceivableNetCurrent,2026-08-25
DOV,revenue,2017-09-30,1747775000,2017-11-19,Revenues,2026-08-25
DOW,grossProfit,2017-09-30,2012000000,2017-11-19,GrossProfit,2026-08-25
DPZ,assets,2017-09-10,816235000,2017-10-30,Assets,2026-08-25
DPZ,cash,2017-09-10,61360000,2017-10-30,CashAndCashEquivalentsAtCarryingValue,2026-08-25
DPZ,equity,2017-09-10,-2765344000,2017-10-30,StockholdersEquity,2026-08-25
DPZ,grossProfit,2017-09-10,198478000,2017-10-30,GrossProfit,2026-08-25
DPZ,inventory,2017-09-10,37093000,2017-10-30,InventoryNet,2026-08-25
DPZ,netIncome,2017-09-10,56368000,2017-10-30,NetIncomeLoss,2026-08-25
DPZ,operatingIncome,2017-09-10,117080000,2017-10-30,OperatingIncomeLoss,2026-08-25
DPZ,receivables,2017-09-10,154475000,2017-10-30,AccountsReceivableNetCurrent,2026-08-25
DPZ,revenue,2017-09-10,643642000,2017-10-30,Revenues,2026-08-25
DRI,assets,2017-08-27,5223500000,2017-10-16,Assets,2026-08-25
DRI,buybacks,2017-08-27,100200000,2017-10-16,PaymentsForRepurchaseOfCommonStock,2026-08-25
DRI,capex,2017-08-27,95700000,2017-10-16,PaymentsToAcquirePropertyPlantAndEquipment,2026-08-25
DRI,cash,2017-08-27,146800000,2017-10-16,CashAndCashEquivalentsAtCarryingValue,2026-08-25
DRI,debt,2017-08-27,936600000,2017-10-16,LongTermDebtNoncurrent,2026-08-25
DRI,equity,2017-08-27,2058700000,2017-10-16,StockholdersEquity,2026-08-25
DRI,grossProfit,2017-08-27,347800000,2017-10-16,GrossProfit,2026-08-25
DRI,inventory,2017-08-27,176300000,2017-10-16,InventoryNet,2026-08-25
DRI,liabilities,2017-08-27,3164800000,2017-10-16,Liabilities,2026-08-25
DRI,netIncome,2017-08-27,119000000,2017-10-16,NetIncomeLoss,2026-08-25
DRI,operatingCashFlow,2017-08-27,179400000,2017-10-16,NetCashProvidedByUsedInOperatingActivitiesContinuingOperations,2026-08-25
DRI,operatingIncome,2017-08-27,174500000,2017-10-16,OperatingIncomeLoss,2026-08-25
DRI,revenue,2017-08-27,1936100000,2017-10-16,RevenueFromContractWithCustomerExcludingAssessedTax,2026-08-25
DTE,assets,2017-09-30,33071000000,2017-11-19,Assets,2026-08-25
DTE,cash,2017-09-30,63000000,2017-11-19,CashAndCashEquivalentsAtCarryingValue,2026-08-25
DTE,debt,2017-09-30,11038000000,2017-11-19,LongTermDebtNoncurrent,2026-08-25
DTE,equity,2017-09-30,9373000000,2017-11-19,StockholdersEquity,2026-08-25
DTE,netIncome,2017-09-30,270000000,2017-11-19,NetIncomeLoss,2026-08-25
DTE,operatingIncome,2017-09-30,434000000,2017-11-19,OperatingIncomeLoss,2026-08-25
DTE,receivables,2017-09-30,1395000000,2017-11-19,AccountsReceivableNetCurrent,2026-08-25
DTE,revenue,2017-09-30,3245000000,2017-11-19,Revenues,2026-08-25
DTE,shares,2017-09-30,179390286,2017-11-19,CommonStockSharesOutstanding,2026-08-25
DUK,assets,2017-09-30,136325000000,2017-11-19,Assets,2026-08-25
DUK,cash,2017-09-30,282000000,2017-11-19,CashAndCashEquivalentsAtCarryingValue,2026-08-25
DUK,debt,2017-09-30,48929000000,2017-11-19,LongTermDebtNoncurrent,2026-08-25
DUK,equity,2017-09-30,41631000000,2017-11-19,StockholdersEquity,2026-08-25
DUK,netIncome,2017-09-30,954000000,2017-11-19,NetIncomeLoss,2026-08-25
DUK,operatingIncome,2017-09-30,1661000000,2017-11-19,OperatingIncomeLoss,2026-08-25
DUK,receivables,2017-09-30,2089000000,2017-11-19,AccountsReceivableNetCurrent,2026-08-25
DUK,shares,2017-09-30,700000000,2017-11-19,CommonStockSharesOutstanding,2026-08-25
DVA,assets,2017-09-30,19013339000,2017-11-19,Assets,2026-08-25
DVA,capex,2017-09-30,240889000,2017-11-19,PaymentsToAcquirePropertyPlantAndEquipment,2026-08-25
DVA,cash,2017-09-30,846110000,2017-11-19,CashAndCashEquivalentsAtCarryingValue,2026-08-25
DVA,equity,2017-09-30,4784581000,2017-11-19,StockholdersEquity,2026-08-25
DVA,inventory,2017-09-30,154422000,2017-11-19,InventoryNet,2026-08-25
DVA,liabilities,2017-09-30,13017320000,2017-11-19,Liabilities,2026-08-25
DVA,netIncome,2017-09-30,-214476000,2017-11-19,NetIncomeLoss,2026-08-25
DVA,operatingIncome,2017-09-30,395294000,2017-11-19,OperatingIncomeLoss,2026-08-25
DVA,receivables,2017-09-30,2091074000,2017-11-19,AccountsReceivableNetCurrent,2026-08-25
DVA,revenue,2017-09-30,2765071000,2017-11-19,Revenues,2026-08-25
DVA,shares,2017-09-30,189231693,2017-11-19,CommonStockSharesOutstanding,2026-08-25
DVN,assets,2017-09-30,27559000000,2017-11-19,Assets,2026-08-25
DVN,capex,2017-09-30,6000000,2017-11-19,PaymentsToAcquirePropertyPlantAndEquipment,2026-08-25
DVN,cash,2017-09-30,2639000000,2017-11-19,CashAndCashEquivalentsAtCarryingValue,2026-08-25
DVN,debt,2017-09-30,10383000000,2017-11-19,LongTermDebtNoncurrent,2026-08-25
DVN,equity,2017-09-30,7129000000,2017-11-19,StockholdersEquity,2026-08-25
DVN,netIncome,2017-09-30,193000000,2017-11-19,NetIncomeLoss,2026-08-25
DVN,operatingCashFlow,2017-09-30,501000000,2017-11-19,NetCashProvidedByUsedInOperatingActivitiesContinuingOperations,2026-08-25
DVN,operatingIncome,2017-09-30,326000000,2017-11-19,OperatingIncomeLoss,2026-08-25
DVN,receivables,2017-09-30,1462000000,2017-11-19,AccountsReceivableNetCurrent,2026-08-25
DVN,revenue,2017-09-30,1933000000,2017-11-19,Revenues,2026-08-25
DXCM,assets,2017-09-30,842900000,2017-11-19,Assets,2026-08-25
DXCM,cash,2017-09-30,402100000,2017-11-19,CashAndCashEquivalentsAtCarryingValue,2026-08-25
DXCM,grossProfit,2017-09-30,127000000,2017-11-19,GrossProfit,2026-08-25
DXCM,inventory,2017-09-30,43300000,2017-11-19,InventoryNet,2026-08-25
DXCM,liabilities,2017-09-30,458900000,2017-11-19,Liabilities,2026-08-25
DXCM,netIncome,2017-09-30,-2000000,2017-11-19,NetIncomeLoss,2026-08-25
DXCM,operatingIncome,2017-09-30,-500000,2017-11-19,OperatingIncomeLoss,2026-08-25
DXCM,receivables,2017-09-30,110500000,2017-11-19,AccountsReceivableNetCurrent,2026-08-25
DXCM,revenue,2017-09-30,184600000,2017-11-19,Revenues,2026-08-25
DXCM,rnd,2017-09-30,43300000,2017-11-19,ResearchAndDevelopmentExpense,2026-08-25
DXCM,shares,2017-09-30,86900000,2017-11-19,CommonStockSharesOutstanding,2026-08-25
EBAY,assets,2017-09-30,25943000000,2017-11-19,Assets,2026-08-25
EBAY,cash,2017-09-30,1760000000,2017-11-19,CashAndCashEquivalentsAtCarryingValue,2026-08-25
EBAY,debt,2017-09-30,9234000000,2017-11-19,LongTermDebtNoncurrent,2026-08-25
EBAY,equity,2017-09-30,11283000000,2017-11-19,StockholdersEquity,2026-08-25
EBAY,grossProfit,2017-09-30,1941000000,2017-11-19,GrossProfit,2026-08-25
EBAY,liabilities,2017-09-30,14660000000,2017-11-19,Liabilities,2026-08-25
EBAY,netIncome,2017-09-30,520000000,2017-11-19,NetIncomeLoss,2026-08-25
EBAY,operatingIncome,2017-09-30,574000000,2017-11-19,OperatingIncomeLoss,2026-08-25
EBAY,receivables,2017-09-30,626000000,2017-11-19,AccountsReceivableNetCurrent,2026-08-25
EBAY,revenue,2017-09-30,2498000000,2017-11-19,RevenueFromContractWithCustomerExcludingAssessedTax,2026-08-25
EBAY,rnd,2017-09-30,316000000,2017-11-19,ResearchAndDevelopmentExpense,2026-08-25
EBAY,shares,2017-09-30,1049000000,2017-11-19,CommonStockSharesOutstanding,2026-08-25
ECHO,assets,2017-09-30,8807156000,2017-11-19,Assets,2026-08-25
ECHO,cash,2017-09-30,2798359000,2017-11-19,CashAndCashEquivalentsAtCarryingValue,2026-08-25
ECHO,debt,2017-09-30,3363244000,2017-11-19,LongTermDebt,2026-08-25
ECHO,equity,2017-09-30,3881983000,2017-11-19,StockholdersEquity,2026-08-25
ECHO,inventory,2017-09-30,91232000,2017-11-19,InventoryNet,2026-08-25
ECHO,liabilities,2017-09-30,4911337000,2017-11-19,Liabilities,2026-08-25
ECHO,netIncome,2017-09-30,34669000,2017-11-19,NetIncomeLoss,2026-08-25
ECHO,operatingIncome,2017-09-30,56414000,2017-11-19,OperatingIncomeLoss,2026-08-25
ECHO,receivables,2017-09-30,192387000,2017-11-19,AccountsReceivableNetCurrent,2026-08-25
ECHO,revenue,2017-09-30,481233000,2017-11-19,Revenues,2026-08-25
ECHO,rnd,2017-09-30,8302000,2017-11-19,ResearchAndDevelopmentExpense,2026-08-25
ECL,assets,2017-09-30,19856700000,2017-11-19,Assets,2026-08-25
ECL,cash,2017-09-30,209100000,2017-11-19,CashAndCashEquivalentsAtCarryingValue,2026-08-25
ECL,equity,2017-09-30,7222300000,2017-11-19,StockholdersEquity,2026-08-25
ECL,inventory,2017-09-30,1509000000,2017-11-19,InventoryNet,2026-08-25
ECL,liabilities,2017-09-30,12557500000,2017-11-19,Liabilities,2026-08-25
ECL,operatingIncome,2017-09-30,564100000,2017-11-19,OperatingIncomeLoss,2026-08-25
ECL,receivables,2017-09-30,2533200000,2017-11-19,AccountsReceivableNetCurrent,2026-08-25
ECL,revenue,2017-09-30,3564500000,2017-11-19,RevenueFromContractWithCustomerExcludingAssessedTax,2026-08-25
ECL,shares,2017-09-30,288900000,2017-11-19,CommonStockSharesOutstanding,2026-08-25
ED,assets,2017-09-30,49246000000,2017-11-19,Assets,2026-08-25
ED,cash,2017-09-30,69000000,2017-11-19,CashAndCashEquivalentsAtCarryingValue,2026-08-25
ED,debt,2017-09-30,14651000000,2017-11-19,LongTermDebtNoncurrent,2026-08-25
ED,equity,2017-09-30,15102000000,2017-11-19,StockholdersEquity,2026-08-25
ED,netIncome,2017-09-30,457000000,2017-11-19,NetIncomeLoss,2026-08-25
ED,operatingIncome,2017-09-30,914000000,2017-11-19,OperatingIncomeLoss,2026-08-25
ED,receivables,2017-09-30,1111000000,2017-11-19,AccountsReceivableNetCurrent,2026-08-25
ED,revenue,2017-09-30,3211000000,2017-11-19,Revenues,2026-08-25
EFX,assets,2017-09-30,7115700000,2017-11-19,Assets,2026-08-25
EFX,cash,2017-09-30,315400000,2017-11-19,CashAndCashEquivalentsAtCarryingValue,2026-08-25
EFX,debt,2017-09-30,2038700000,2017-11-19,LongTermDebtNoncurrent,2026-08-25
EFX,equity,2017-09-30,3100400000,2017-11-19,StockholdersEquity,2026-08-25
EFX,liabilities,2017-09-30,3950000000,2017-11-19,Liabilities,2026-08-25
EFX,netIncome,2017-09-30,96300000,2017-11-19,NetIncomeLoss,2026-08-25
EFX,operatingIncome,2017-09-30,154700000,2017-11-19,OperatingIncomeLoss,2026-08-25
EFX,receivables,2017-09-30,458300000,2017-11-19,AccountsReceivableNetCurrent,2026-08-25
EFX,revenue,2017-09-30,834800000,2017-11-19,RevenueFromContractWithCustomerExcludingAssessedTax,2026-08-25
EFX,shares,2017-09-30,120000000,2017-11-19,CommonStockSharesOutstanding,2026-08-25
EG,assets,2017-09-30,23936269000,2017-11-19,Assets,2026-08-25
EG,cash,2017-09-30,585395000,2017-11-19,CashAndCashEquivalentsAtCarryingValue,2026-08-25
EG,equity,2017-09-30,7969331000,2017-11-19,StockholdersEquity,2026-08-25
EG,liabilities,2017-09-30,15966938000,2017-11-19,Liabilities,2026-08-25
EG,revenue,2017-09-30,1725471000,2017-11-19,Revenues,2026-08-25
EG,shares,2017-09-30,69040000,2017-11-19,CommonStockSharesOutstanding,2026-08-25
EIX,assets,2017-09-30,53592000000,2017-11-19,Assets,2026-08-25
EIX,cash,2017-09-30,117000000,2017-11-19,CashAndCashEquivalentsAtCarryingValue,2026-08-25
EIX,debt,2017-09-30,11638000000,2017-11-19,LongTermDebtNoncurrent,2026-08-25
EIX,inventory,2017-09-30,229000000,2017-11-19,InventoryNet,2026-08-25
EIX,liabilities,2017-09-30,38969000000,2017-11-19,Liabilities,2026-08-25
EIX,netIncome,2017-09-30,470000000,2017-11-19,NetIncomeLoss,2026-08-25
EIX,operatingIncome,2017-09-30,553000000,2017-11-19,OperatingIncomeLoss,2026-08-25
EIX,revenue,2017-09-30,3672000000,2017-11-19,Revenues,2026-08-25
EIX,shares,2017-09-30,325811206,2017-11-19,CommonStockSharesOutstanding,2026-08-25
EL,assets,2017-09-30,12202000000,2017-11-19,Assets,2026-08-25
EL,buybacks,2017-09-30,111000000,2017-11-19,PaymentsForRepurchaseOfCommonStock,2026-08-25
EL,capex,2017-09-30,116000000,2017-11-19,PaymentsToAcquirePropertyPlantAndEquipment,2026-08-25
EL,cash,2017-09-30,1444000000,2017-11-19,CashAndCashEquivalentsAtCarryingValue,2026-08-25
EL,equity,2017-09-30,4731000000,2017-11-19,StockholdersEquity,2026-08-25
EL,grossProfit,2017-09-30,2563000000,2017-11-19,GrossProfit,2026-08-25
EL,inventory,2017-09-30,1518000000,2017-11-19,InventoryNet,2026-08-25
EL,netIncome,2017-09-30,427000000,2017-11-19,NetIncomeLoss,2026-08-25
EL,operatingCashFlow,2017-09-30,82000000,2017-11-19,NetCashProvidedByUsedInOperatingActivities,2026-08-25
EL,operatingIncome,2017-09-30,569000000,2017-11-19,OperatingIncomeLoss,2026-08-25
EL,receivables,2017-09-30,1799000000,2017-11-19,AccountsReceivableNetCurrent,2026-08-25
EL,revenue,2017-09-30,3274000000,2017-11-19,RevenueFromContractWithCustomerExcludingAssessedTax,2026-08-25
ELV,assets,2017-09-30,68309900000,2017-11-19,Assets,2026-08-25
ELV,cash,2017-09-30,6097000000,2017-11-19,CashAndCashEquivalentsAtCarryingValue,2026-08-25
ELV,debt,2017-09-30,13777300000,2017-11-19,LongTermDebtNoncurrent,2026-08-25
ELV,equity,2017-09-30,25948000000,2017-11-19,StockholdersEquity,2026-08-25
ELV,liabilities,2017-09-30,42361600000,2017-11-19,Liabilities,2026-08-25
ELV,netIncome,2017-09-30,747000000,2017-11-19,NetIncomeLoss,2026-08-25
ELV,operatingIncome,2017-09-30,982000000,2017-11-19,OperatingIncomeLoss,2026-08-25
ELV,revenue,2017-09-30,22426000000,2017-11-19,Revenues,2026-08-25
ELV,shares,2017-09-30,257404755,2017-11-19,CommonStockSharesOutstanding,2026-08-25
EME,assets,2017-09-30,3966321000,2017-11-19,Assets,2026-08-25
EME,cash,2017-09-30,480496000,2017-11-19,CashAndCashEquivalentsAtCarryingValue,2026-08-25
EME,equity,2017-09-30,1617012000,2017-11-19,StockholdersEquity,2026-08-25
EME,grossProfit,2017-09-30,295070000,2017-11-19,GrossProfit,2026-08-25
EME,liabilities,2017-09-30,2348456000,2017-11-19,Liabilities,2026-08-25
EME,netIncome,2017-09-30,64597000,2017-11-19,NetIncomeLoss,2026-08-25
EME,operatingIncome,2017-09-30,106044000,2017-11-19,OperatingIncomeLoss,2026-08-25
EME,receivables,2017-09-30,1537819000,2017-11-19,AccountsReceivableNetCurrent,2026-08-25
EME,revenue,2017-09-30,1886691000,2017-11-19,Revenues,2026-08-25
EME,shares,2017-09-30,58806509,2017-11-19,CommonStockSharesOutstanding,2026-08-25
EMR,assets,2017-09-30,19589000000,2017-11-19,Assets,2026-08-25
EMR,cash,2017-09-30,3062000000,2017-11-19,CashAndCashEquivalentsAtCarryingValue,2026-08-25
EMR,debt,2017-09-30,3794000000,2017-11-19,LongTermDebtNoncurrent,2026-08-25
EMR,equity,2017-09-30,8718000000,2017-11-19,StockholdersEquity,2026-08-25
EMR,grossProfit,2017-09-30,1804000000,2017-11-19,GrossProfit,2026-08-25
EMR,inventory,2017-09-30,1696000000,2017-11-19,InventoryNet,2026-08-25
EMR,netIncome,2017-09-30,504000000,2017-11-19,NetIncomeLoss,2026-08-25
EMR,receivables,2017-09-30,3072000000,2017-11-19,AccountsReceivableNetCurrent,2026-08-25
EMR,revenue,2017-09-30,4435000000,2017-11-19,SalesRevenueNet,2026-08-25
EMR,shares,2017-09-30,641700000,2017-11-19,CommonStockSharesOutstanding,2026-08-25
EOG,assets,2017-09-30,28805305000,2017-11-19,Assets,2026-08-25
EOG,cash,2017-09-30,846138000,2017-11-19,CashAndCashEquivalentsAtCarryingValue,2026-08-25
EOG,debt,2017-09-30,6380427000,2017-11-19,LongTermDebtNoncurrent,2026-08-25
EOG,inventory,2017-09-30,344016000,2017-11-19,InventoryNet,2026-08-25
EOG,netIncome,2017-09-30,100541000,2017-11-19,NetIncomeLoss,2026-08-25
EOG,operatingIncome,2017-09-30,214836000,2017-11-19,OperatingIncomeLoss,2026-08-25
EOG,receivables,2017-09-30,1243535000,2017-11-19,AccountsReceivableNetCurrent,2026-08-25
EOG,revenue,2017-09-30,2644844000,2017-11-19,Revenues,2026-08-25
EQIX,assets,2017-09-30,18308496000,2017-11-19,Assets,2026-08-25
EQIX,capex,2017-09-30,320234000,2017-11-19,PaymentsToAcquirePropertyPlantAndEquipment,2026-08-25
EQIX,cash,2017-09-30,1599988000,2017-11-19,CashAndCashEquivalentsAtCarryingValue,2026-08-25
EQIX,debt,2017-09-30,8449341000,2017-11-19,LongTermDebt,2026-08-25
EQIX,equity,2017-09-30,6542217000,2017-11-19,StockholdersEquity,2026-08-25
EQIX,grossProfit,2017-09-30,569901000,2017-11-19,GrossProfit,2026-08-25
EQIX,liabilities,2017-09-30,11766279000,2017-11-19,Liabilities,2026-08-25
EQIX,netIncome,2017-09-30,79900000,2017-11-19,NetIncomeLoss,2026-08-25
EQIX,operatingIncome,2017-09-30,224863000,2017-11-19,OperatingIncomeLoss,2026-08-25
EQIX,receivables,2017-09-30,597242000,2017-11-19,AccountsReceivableNetCurrent,2026-08-25
EQIX,revenue,2017-09-30,1152261000,2017-11-19,Revenues,2026-08-25
EQIX,shares,2017-09-30,78233670,2017-11-19,CommonStockSharesOutstanding,2026-08-25
EQT,assets,2017-09-30,15984648000,2017-11-19,Assets,2026-08-25
EQT,capex,2017-09-30,522299000,2017-11-19,PaymentsToAcquireProductiveAssets,2026-08-25
EQT,cash,2017-09-30,483558000,2017-11-19,CashAndCashEquivalentsAtCarryingValue,2026-08-25
EQT,debt,2017-09-30,2586041000,2017-11-19,LongTermDebtNoncurrent,2026-08-25
EQT,equity,2017-09-30,6087670000,2017-11-19,StockholdersEquity,2026-08-25
EQT,liabilities,2017-09-30,6559971000,2017-11-19,Liabilities,2026-08-25
EQT,netIncome,2017-09-30,23340000,2017-11-19,NetIncomeLoss,2026-08-25
EQT,operatingIncome,2017-09-30,-6380000,2017-11-19,OperatingIncomeLoss,2026-08-25
EQT,receivables,2017-09-30,279201000,2017-11-19,AccountsReceivableNetCurrent,2026-08-25
EQT,revenue,2017-09-30,597718000,2017-11-19,Revenues,2026-08-25
ERIE,assets,2017-09-30,1631429000,2017-11-19,Assets,2026-08-25
ERIE,cash,2017-09-30,184628000,2017-11-19,CashAndCashEquivalentsAtCarryingValue,2026-08-25
ERIE,debt,2017-09-30,49734000,2017-11-19,LongTermDebtNoncurrent,2026-08-25
ERIE,equity,2017-09-30,875150000,2017-11-19,StockholdersEquity,2026-08-25
ERIE,liabilities,2017-09-30,756279000,2017-11-19,Liabilities,2026-08-25
ERIE,netIncome,2017-09-30,58543000,2017-11-19,NetIncomeLoss,2026-08-25
ERIE,operatingIncome,2017-09-30,81239000,2017-11-19,OperatingIncomeLoss,2026-08-25
ERIE,revenue,2017-09-30,442492000,2017-11-19,Revenues,2026-08-25
ES,assets,2017-09-30,33163620000,2017-11-19,Assets,2026-08-25
ES,debt,2017-09-30,10468193000,2017-11-19,LongTermDebtNoncurrent,2026-08-25
ES,equity,2017-09-30,10998037000,2017-11-19,StockholdersEquity,2026-08-25
ES,netIncome,2017-09-30,262200000,2017-11-19,NetIncomeLoss,2026-08-25
ES,operatingIncome,2017-09-30,495300000,2017-11-19,OperatingIncomeLoss,2026-08-25
ES,receivables,2017-09-30,919959000,2017-11-19,AccountsReceivableNetCurrent,2026-08-25
ES,revenue,2017-09-30,1988500000,2017-11-19,Revenues,2026-08-25
ES,shares,2017-09-30,316885808,2017-11-19,CommonStockSharesOutstanding,2026-08-25
ESS,assets,2017-09-30,12512523000,2017-11-19,Assets,2026-08-25
ESS,cash,2017-09-30,46507000,2017-11-19,CashAndCashEquivalentsAtCarryingValue,2026-08-25
ESS,debt,2017-09-30,5605051000,2017-11-19,LongTermDebt,2026-08-25
ESS,equity,2017-09-30,6265508000,2017-11-19,StockholdersEquity,2026-08-25
ESS,liabilities,2017-09-30,6088585000,2017-11-19,Liabilities,2026-08-25
ESS,netIncome,2017-09-30,79723000,2017-11-19,NetIncomeLoss,2026-08-25
ESS,operatingIncome,2017-09-30,112669000,2017-11-19,OperatingIncomeLoss,2026-08-25
ESS,revenue,2017-09-30,344369000,2017-11-19,SalesRevenueNet,2026-08-25
ESS,shares,2017-09-30,66002487,2017-11-19,CommonStockSharesOutstanding,2026-08-25
ETN,assets,2017-09-30,32725000000,2017-11-19,Assets,2026-08-25
ETN,cash,2017-09-30,791000000,2017-11-19,CashAndCashEquivalentsAtCarryingValue,2026-08-25
ETN,equity,2017-09-30,16593000000,2017-11-19,StockholdersEquity,2026-08-25
ETN,inventory,2017-09-30,2457000000,2017-11-19,InventoryNet,2026-08-25
ETN,netIncome,2017-09-30,1401000000,2017-11-19,NetIncomeLoss,2026-08-25
ETN,revenue,2017-09-30,5211000000,2017-11-19,RevenueFromContractWithCustomerExcludingAssessedTax,2026-08-25
ETN,rnd,2017-09-30,147000000,2017-11-19,ResearchAndDevelopmentExpense,2026-08-25
ETR,assets,2017-09-30,46398442000,2017-11-19,Assets,2026-08-25
ETR,cash,2017-09-30,546291000,2017-11-19,CashAndCashEquivalentsAtCarryingValue,2026-08-25
ETR,debt,2017-09-30,13977522000,2017-11-19,LongTermDebtNoncurrent,2026-08-25
ETR,equity,2017-09-30,8690237000,2017-11-19,StockholdersEquity,2026-08-25
ETR,netIncome,2017-09-30,398198000,2017-11-19,NetIncomeLoss,2026-08-25
ETR,operatingIncome,2017-09-30,759003000,2017-11-19,OperatingIncomeLoss,2026-08-25
ETR,receivables,2017-09-30,1313343000,2017-11-19,AccountsReceivableNetCurrent,2026-08-25
ETR,revenue,2017-09-30,3243628000,2017-11-19,Revenues,2026-08-25
EVRG,netIncome,2017-09-30,158300000,2017-11-19,NetIncomeLoss,2026-08-25
EVRG,operatingIncome,2017-09-30,264900000,2017-11-19,OperatingIncomeLoss,2026-08-25
EVRG,revenue,2017-09-30,794300000,2017-11-19,Revenues,2026-08-25
EW,assets,2017-09-30,5488400000,2017-11-19,Assets,2026-08-25
EW,cash,2017-09-30,630300000,2017-11-19,CashAndCashEquivalentsAtCarryingValue,2026-08-25
EW,debt,2017-09-30,1034000000,2017-11-19,LongTermDebtNoncurrent,2026-08-25
EW,equity,2017-09-30,3162500000,2017-11-19,StockholdersEquity,2026-08-25
EW,grossProfit,2017-09-30,608200000,2017-11-19,GrossProfit,2026-08-25
EW,inventory,2017-09-30,538400000,2017-11-19,InventoryNet,2026-08-25
EW,operatingIncome,2017-09-30,214000000,2017-11-19,OperatingIncomeLoss,2026-08-25
EW,revenue,2017-09-30,821500000,2017-11-19,RevenueFromContractWithCustomerExcludingAssessedTax,2026-08-25
EW,rnd,2017-09-30,142900000,2017-11-19,ResearchAndDevelopmentExpense,2026-08-25
EW,shares,2017-09-30,211600000,2017-11-19,CommonStockSharesOutstanding,2026-08-25
EXC,assets,2017-09-30,118473000000,2017-11-19,Assets,2026-08-25
EXC,cash,2017-09-30,1203000000,2017-11-19,CashAndCashEquivalentsAtCarryingValue,2026-08-25
EXC,debt,2017-09-30,31701000000,2017-11-19,LongTermDebtNoncurrent,2026-08-25
EXC,equity,2017-09-30,28100000000,2017-11-19,StockholdersEquity,2026-08-25
EXC,liabilities,2017-09-30,88156000000,2017-11-19,Liabilities,2026-08-25
EXC,operatingIncome,2017-09-30,1499000000,2017-11-19,OperatingIncomeLoss,2026-08-25
EXC,receivables,2017-09-30,3854000000,2017-11-19,AccountsReceivableNetCurrent,2026-08-25
EXC,revenue,2017-09-30,8768000000,2017-11-19,Revenues,2026-08-25
EXC,shares,2017-09-30,960852473,2017-11-19,CommonStockSharesOutstanding,2026-08-25
EXE,assets,2017-09-30,11981000000,2017-11-19,Assets,2026-08-25
EXE,cash,2017-09-30,5000000,2017-11-19,CashAndCashEquivalentsAtCarryingValue,2026-08-25
EXE,debt,2017-09-30,9899000000,2017-11-19,LongTermDebtNoncurrent,2026-08-25
EXE,equity,2017-09-30,-957000000,2017-11-19,StockholdersEquity,2026-08-25
EXE,netIncome,2017-09-30,-18000000,2017-11-19,NetIncomeLoss,2026-08-25
EXE,operatingIncome,2017-09-30,94000000,2017-11-19,OperatingIncomeLoss,2026-08-25
EXE,receivables,2017-09-30,992000000,2017-11-19,AccountsReceivableNetCurrent,2026-08-25
EXE,revenue,2017-09-30,1943000000,2017-11-19,Revenues,2026-08-25
EXPD,assets,2017-09-30,3068881000,2017-11-19,Assets,2026-08-25
EXPD,buybacks,2017-09-30,202776000,2017-11-19,PaymentsForRepurchaseOfCommonStock,2026-08-25
EXPD,capex,2017-09-30,34462000,2017-11-19,PaymentsToAcquireProductiveAssets,2026-08-25
EXPD,cash,2017-09-30,1033444000,2017-11-19,CashAndCashEquivalentsAtCarryingValue,2026-08-25
EXPD,equity,2017-09-30,1978003000,2017-11-19,StockholdersEquity,2026-08-25
EXPD,netIncome,2017-09-30,120263000,2017-11-19,NetIncomeLoss,2026-08-25
EXPD,operatingCashFlow,2017-09-30,85360000,2017-11-19,NetCashProvidedByUsedInOperatingActivities,2026-08-25
EXPD,operatingIncome,2017-09-30,186895000,2017-11-19,OperatingIncomeLoss,2026-08-25
EXPD,receivables,2017-09-30,1349854000,2017-11-19,AccountsReceivableNetCurrent,2026-08-25
EXPD,revenue,2017-09-30,1802166000,2017-11-19,Revenues,2026-08-25
EXPD,shares,2017-09-30,177559000,2017-11-19,CommonStockSharesOutstanding,2026-08-25
EXPE,assets,2017-09-30,19035232000,2017-11-19,Assets,2026-08-25
EXPE,cash,2017-09-30,3239886000,2017-11-19,CashAndCashEquivalentsAtCarryingValue,2026-08-25
EXPE,debt,2017-09-30,3735736000,2017-11-19,LongTermDebtNoncurrent,2026-08-25
EXPE,equity,2017-09-30,4603420000,2017-11-19,StockholdersEquity,2026-08-25
EXPE,netIncome,2017-09-30,352000000,2017-11-19,NetIncomeLoss,2026-08-25
EXPE,operatingIncome,2017-09-30,481000000,2017-11-19,OperatingIncomeLoss,2026-08-25
EXPE,receivables,2017-09-30,1835286000,2017-11-19,AccountsReceivableNetCurrent,2026-08-25
EXPE,revenue,2017-09-30,2965848000,2017-11-19,SalesRevenueNet,2026-08-25
EXR,assets,2017-09-30,7086955000,2017-11-19,Assets,2026-08-25
EXR,cash,2017-09-30,63732000,2017-11-19,CashAndCashEquivalentsAtCarryingValue,2026-08-25
EXR,equity,2017-09-30,2215266000,2017-11-19,StockholdersEquity,2026-08-25
EXR,liabilities,2017-09-30,4513230000,2017-11-19,Liabilities,2026-08-25
EXR,netIncome,2017-09-30,93742000,2017-11-19,NetIncomeLoss,2026-08-25
EXR,operatingIncome,2017-09-30,139881000,2017-11-19,OperatingIncomeLoss,2026-08-25
EXR,revenue,2017-09-30,284156000,2017-11-19,Revenues,2026-08-25
EXR,shares,2017-09-30,126007207,2017-11-19,CommonStockSharesOutstanding,2026-08-25
F,assets,2017-09-30,251849000000,2017-11-19,Assets,2026-08-25
F,cash,2017-09-30,17589000000,2017-11-19,CashAndCashEquivalentsAtCarryingValue,2026-08-25
F,equity,2017-09-30,33238000000,2017-11-19,StockholdersEquity,2026-08-25
F,inventory,2017-09-30,11263000000,2017-11-19,InventoryNet,2026-08-25
F,liabilities,2017-09-30,217913000000,2017-11-19,Liabilities,2026-08-25
F,operatingCashFlow,2017-09-30,4998000000,2017-11-19,NetCashProvidedByUsedInOperatingActivitiesContinuingOperations,2026-08-25
F,receivables,2017-09-30,10277000000,2017-11-19,AccountsReceivableNetCurrent,2026-08-25
F,revenue,2017-09-30,36451000000,2017-11-19,Revenues,2026-08-25
FANG,assets,2017-09-30,7287568000,2017-11-19,Assets,2026-08-25
FANG,cash,2017-09-30,30205000,2017-11-19,CashAndCashEquivalentsAtCarryingValue,2026-08-25
FANG,debt,2017-09-30,1256388000,2017-11-19,LongTermDebtNoncurrent,2026-08-25
FANG,equity,2017-09-30,4898500000,2017-11-19,StockholdersEquity,2026-08-25
FANG,inventory,2017-09-30,4834000,2017-11-19,InventoryNet,2026-08-25
FANG,liabilities,2017-09-30,1701445000,2017-11-19,Liabilities,2026-08-25
FANG,netIncome,2017-09-30,73024000,2017-11-19,NetIncomeLoss,2026-08-25
FANG,operatingIncome,2017-09-30,142639000,2017-11-19,OperatingIncomeLoss,2026-08-25
FANG,receivables,2017-09-30,103963000,2017-11-19,AccountsReceivableNetCurrent,2026-08-25
FANG,shares,2017-09-30,98167289,2017-11-19,CommonStockSharesOutstanding,2026-08-25
FAST,assets,2017-09-30,2901600000,2017-11-19,Assets,2026-08-25
FAST,cash,2017-09-30,133400000,2017-11-19,CashAndCashEquivalentsAtCarryingValue,2026-08-25
FAST,debt,2017-09-30,432000000,2017-11-19,LongTermDebtNoncurrent,2026-08-25
FAST,equity,2017-09-30,2026300000,2017-11-19,StockholdersEquity,2026-08-25
FAST,grossProfit,2017-09-30,555900000,2017-11-19,GrossProfit,2026-08-25
FAST,inventory,2017-09-30,1047000000,2017-11-19,InventoryNet,2026-08-25
FAST,netIncome,2017-09-30,143100000,2017-11-19,NetIncomeLoss,2026-08-25
FAST,operatingIncome,2017-09-30,228500000,2017-11-19,OperatingIncomeLoss,2026-08-25
FAST,receivables,2017-09-30,632100000,2017-11-19,AccountsReceivableNetCurrent,2026-08-25
FAST,revenue,2017-09-30,1132800000,2017-11-19,RevenueFromContractWithCustomerExcludingAssessedTax,2026-08-25
FAST,shares,2017-09-30,287383174,2017-11-19,CommonStockSharesOutstanding,2026-08-25
FCX,assets,2017-09-30,37327000000,2017-11-19,Assets,2026-08-25
FCX,capex,2017-09-30,314000000,2017-11-19,PaymentsToAcquireProductiveAssets,2026-08-25
FCX,cash,2017-09-30,4957000000,2017-11-19,CashAndCashEquivalentsAtCarryingValue,2026-08-25
FCX,debt,2017-09-30,12567000000,2017-11-19,LongTermDebtNoncurrent,2026-08-25
FCX,equity,2017-09-30,6973000000,2017-11-19,StockholdersEquity,2026-08-25
FCX,liabilities,2017-09-30,27097000000,2017-11-19,Liabilities,2026-08-25
FCX,operatingIncome,2017-09-30,928000000,2017-11-19,OperatingIncomeLoss,2026-08-25
FCX,receivables,2017-09-30,1024000000,2017-11-19,AccountsReceivableNetCurrent,2026-08-25
FCX,revenue,2017-09-30,4310000000,2017-11-19,Revenues,2026-08-25
FDS,assets,2017-08-31,1413315000,2017-10-20,Assets,2026-08-25
FDS,cash,2017-08-31,194731000,2017-10-20,CashAndCashEquivalentsAtCarryingValue,2026-08-25
FDS,debt,2017-08-31,575000000,2017-10-20,LongTermDebt,2026-08-25
FDS,equity,2017-08-31,559691000,2017-10-20,StockholdersEquity,2026-08-25
FDS,liabilities,2017-08-31,853624000,2017-10-20,Liabilities,2026-08-25
FDS,netIncome,2017-08-31,59552000,2017-10-20,NetIncomeLoss,2026-08-25
FDS,operatingIncome,2017-08-31,82428000,2017-10-20,OperatingIncomeLoss,2026-08-25
FDS,receivables,2017-08-31,148331000,2017-10-20,AccountsReceivableNetCurrent,2026-08-25
FDS,revenue,2017-08-31,326642000,2017-10-20,Revenues,2026-08-25
FDS,shares,2017-08-31,39023000,2017-10-20,CommonStockSharesOutstanding,2026-08-25
FDX,assets,2017-08-31,49350000000,2017-10-20,Assets,2026-08-25
FDX,buybacks,2017-08-31,86000000,2017-10-20,PaymentsForRepurchaseOfCommonStock,2026-08-25
FDX,capex,2017-08-31,1044000000,2017-10-20,PaymentsToAcquireProductiveAssets,2026-08-25
FDX,cash,2017-08-31,3503000000,2017-10-20,CashAndCashEquivalentsAtCarryingValue,2026-08-25
FDX,debt,2017-08-31,15100000000,2017-10-20,LongTermDebt,2026-08-25
FDX,equity,2017-08-31,16618000000,2017-10-20,StockholdersEquity,2026-08-25
FDX,netIncome,2017-08-31,596000000,2017-10-20,NetIncomeLoss,2026-08-25
FDX,operatingCashFlow,2017-08-31,590000000,2017-10-20,NetCashProvidedByUsedInOperatingActivities,2026-08-25
FDX,operatingIncome,2017-08-31,971000000,2017-10-20,OperatingIncomeLoss,2026-08-25
FDX,revenue,2017-08-31,15297000000,2017-10-20,Revenues,2026-08-25
FE,assets,2017-09-30,43649000000,2017-11-19,Assets,2026-08-25
FE,capex,2017-09-30,593000000,2017-11-19,PaymentsToAcquireProductiveAssets,2026-08-25
FE,cash,2017-09-30,399000000,2017-11-19,CashAndCashEquivalentsAtCarryingValue,2026-08-25
FE,equity,2017-09-30,6406000000,2017-11-19,StockholdersEquity,2026-08-25
FE,inventory,2017-09-30,543000000,2017-11-19,InventoryNet,2026-08-25
FE,netIncome,2017-09-30,396000000,2017-11-19,NetIncomeLoss,2026-08-25
FE,operatingIncome,2017-09-30,733000000,2017-11-19,OperatingIncomeLoss,2026-08-25
FE,receivables,2017-09-30,1370000000,2017-11-19,AccountsReceivableNetCurrent,2026-08-25
FE,revenue,2017-09-30,2910000000,2017-11-19,Revenues,2026-08-25
FE,shares,2017-09-30,444858003,2017-11-19,CommonStockSharesOutstanding,2026-08-25
FFIV,assets,2017-09-30,2476489000,2017-11-19,Assets,2026-08-25
FFIV,cash,2017-09-30,673228000,2017-11-19,CashAndCashEquivalentsAtCarryingValue,2026-08-25
FFIV,grossProfit,2017-09-30,447457000,2017-11-19,GrossProfit,2026-08-25
FFIV,inventory,2017-09-30,29834000,2017-11-19,InventoryNet,2026-08-25
FFIV,netIncome,2017-09-30,135743000,2017-11-19,NetIncomeLoss,2026-08-25
FFIV,operatingIncome,2017-09-30,148835000,2017-11-19,OperatingIncomeLoss,2026-08-25
FFIV,receivables,2017-09-30,291924000,2017-11-19,AccountsReceivableNetCurrent,2026-08-25
FFIV,revenue,2017-09-30,537998000,2017-11-19,SalesRevenueNet,2026-08-25
FFIV,rnd,2017-09-30,85479000,2017-11-19,ResearchAndDevelopmentExpense,2026-08-25
FFIV,shares,2017-09-30,62594000,2017-11-19,CommonStockSharesOutstanding,2026-08-25
FICO,assets,2017-09-30,1255620000,2017-11-19,Assets,2026-08-25
FICO,cash,2017-09-30,105618000,2017-11-19,CashAndCashEquivalentsAtCarryingValue,2026-08-25
FICO,debt,2017-09-30,462801000,2017-11-19,LongTermDebtNoncurrent,2026-08-25
FICO,equity,2017-09-30,466183000,2017-11-19,StockholdersEquity,2026-08-25
FICO,grossProfit,2017-09-30,178003000,2017-11-19,GrossProfit,2026-08-25
FICO,liabilities,2017-09-30,829083000,2017-11-19,Liabilities,2026-08-25
FICO,netIncome,2017-09-30,40044000,2017-11-19,NetIncomeLoss,2026-08-25
FICO,receivables,2017-09-30,168586000,2017-11-19,AccountsReceivableNetCurrent,2026-08-25
FICO,revenue,2017-09-30,253205000,2017-11-19,Revenues,2026-08-25
FICO,shares,2017-09-30,30243000,2017-11-19,CommonStockSharesOutstanding,2026-08-25
FIS,assets,2017-09-30,24294000000,2017-11-19,Assets,2026-08-25
FIS,capex,2017-09-30,152000000,2017-11-19,PaymentsToAcquireProductiveAssets,2026-08-25
FIS,cash,2017-09-30,720000000,2017-11-19,CashAndCashEquivalentsAtCarryingValue,2026-08-25
FIS,equity,2017-09-30,9985000000,2017-11-19,StockholdersEquity,2026-08-25
FIS,grossProfit,2017-09-30,710000000,2017-11-19,GrossProfit,2026-08-25
FIS,liabilities,2017-09-30,14205000000,2017-11-19,Liabilities,2026-08-25
FIS,netIncome,2017-09-30,59000000,2017-11-19,NetIncomeLoss,2026-08-25
FIS,operatingIncome,2017-09-30,385000000,2017-11-19,OperatingIncomeLoss,2026-08-25
FIS,receivables,2017-09-30,1598000000,2017-11-19,AccountsReceivableNetCurrent,2026-08-25
FIS,revenue,2017-09-30,2096000000,2017-11-19,RevenueFromContractWithCustomerExcludingAssessedTax,2026-08-25
FISV,assets,2017-09-30,10199000000,2017-11-19,Assets,2026-08-25
FISV,equity,2017-09-30,2350000000,2017-11-19,StockholdersEquity,2026-08-25
FISV,liabilities,2017-09-30,7849000000,2017-11-19,Liabilities,2026-08-25
FISV,netIncome,2017-09-30,232000000,2017-11-19,NetIncomeLoss,2026-08-25
FISV,operatingIncome,2017-09-30,370000000,2017-11-19,OperatingIncomeLoss,2026-08-25
FISV,receivables,2017-09-30,898000000,2017-11-19,AccountsReceivableNetCurrent,2026-08-25
FISV,revenue,2017-09-30,1400000000,2017-11-19,Revenues,2026-08-25
FITB,assets,2017-09-30,142264000000,2017-11-19,Assets,2026-08-25
FITB,debt,2017-09-30,14039000000,2017-11-19,LongTermDebt,2026-08-25
FITB,equity,2017-09-30,16360000000,2017-11-19,StockholdersEquity,2026-08-25
FITB,liabilities,2017-09-30,125884000000,2017-11-19,Liabilities,2026-08-25
FITB,netIncome,2017-09-30,1014000000,2017-11-19,NetIncomeLoss,2026-08-25
FITB,shares,2017-09-30,705473789,2017-11-19,CommonStockSharesOutstanding,2026-08-25
FIX,assets,2017-09-30,884587000,2017-11-19,Assets,2026-08-25
FIX,cash,2017-09-30,29496000,2017-11-19,CashAndCashEquivalentsAtCarryingValue,2026-08-25
FIX,debt,2017-09-30,80951000,2017-11-19,LongTermDebtNoncurrent,2026-08-25
FIX,equity,2017-09-30,411929000,2017-11-19,StockholdersEquity,2026-08-25
FIX,grossProfit,2017-09-30,100858000,2017-11-19,GrossProfit,2026-08-25
FIX,inventory,2017-09-30,10778000,2017-11-19,InventoryNet,2026-08-25
FIX,liabilities,2017-09-30,472658000,2017-11-19,Liabilities,2026-08-25
FIX,netIncome,2017-09-30,22284000,2017-11-19,NetIncomeLoss,2026-08-25
FIX,operatingIncome,2017-09-30,34335000,2017-11-19,OperatingIncomeLoss,2026-08-25
FIX,receivables,2017-09-30,390497000,2017-11-19,AccountsReceivableNetCurrent,2026-08-25
FIX,revenue,2017-09-30,480851000,2017-11-19,Revenues,2026-08-25
FIX,shares,2017-09-30,37134000,2017-11-19,CommonStockSharesOutstanding,2026-08-25
FLEX,assets,2017-09-29,13561906000,2017-11-18,Assets,2026-08-25
FLEX,cash,2017-09-29,1369502000,2017-11-18,CashAndCashEquivalentsAtCarryingValue,2026-08-25
FLEX,debt,2017-09-29,2909144000,2017-11-18,LongTermDebtNoncurrent,2026-08-25
FLEX,equity,2017-09-29,2872285000,2017-11-18,StockholdersEquity,2026-08-25
FLEX,grossProfit,2017-09-29,393325000,2017-11-18,GrossProfit,2026-08-25
FLEX,inventory,2017-09-29,3773654000,2017-11-18,InventoryNet,2026-08-25
FLEX,receivables,2017-09-29,2632934000,2017-11-18,AccountsReceivableNetCurrent,2026-08-25
FLEX,revenue,2017-09-29,6270420000,2017-11-18,RevenueFromContractWithCustomerExcludingAssessedTax,2026-08-25
FLEX,shares,2017-09-29,528928145,2017-11-18,CommonStockSharesOutstanding,2026-08-25
FOX,revenue,2017-09-30,2188000000,2017-11-19,Revenues,2026-08-25
FRT,assets,2017-09-30,6221137000,2017-11-19,Assets,2026-08-25
FRT,cash,2017-09-30,22850000,2017-11-19,CashAndCashEquivalentsAtCarryingValue,2026-08-25
FRT,equity,2017-09-30,2208954000,2017-11-19,StockholdersEquity,2026-08-25
FRT,liabilities,2017-09-30,3735531000,2017-11-19,Liabilities,2026-08-25
FRT,netIncome,2017-09-30,106777000,2017-11-19,NetIncomeLoss,2026-08-25
FRT,operatingIncome,2017-09-30,84497000,2017-11-19,OperatingIncomeLoss,2026-08-25
FRT,revenue,2017-09-30,217953000,2017-11-19,Revenues,2026-08-25
FRT,shares,2017-09-30,72251477,2017-11-19,CommonStockSharesOutstanding,2026-08-25
FSLR,assets,2017-09-30,7054693000,2017-11-19,Assets,2026-08-25
FSLR,cash,2017-09-30,2019073000,2017-11-19,CashAndCashEquivalentsAtCarryingValue,2026-08-25
FSLR,debt,2017-09-30,356735000,2017-11-19,LongTermDebt,2026-08-25
FSLR,equity,2017-09-30,5512396000,2017-11-19,StockholdersEquity,2026-08-25
FSLR,grossProfit,2017-09-30,291800000,2017-11-19,GrossProfit,2026-08-25
FSLR,inventory,2017-09-30,217555000,2017-11-19,InventoryNet,2026-08-25
FSLR,liabilities,2017-09-30,1542297000,2017-11-19,Liabilities,2026-08-25
FSLR,netIncome,2017-09-30,205747000,2017-11-19,NetIncomeLoss,2026-08-25
FSLR,operatingIncome,2017-09-30,206989000,2017-11-19,OperatingIncomeLoss,2026-08-25
FSLR,receivables,2017-09-30,344645000,2017-11-19,AccountsReceivableNetCurrent,2026-08-25
FSLR,revenue,2017-09-30,1087026000,2017-11-19,Revenues,2026-08-25
FSLR,rnd,2017-09-30,20850000,2017-11-19,ResearchAndDevelopmentExpense,2026-08-25
FSLR,shares,2017-09-30,104431990,2017-11-19,CommonStockSharesOutstanding,2026-08-25
FTNT,assets,2017-09-30,2395279000,2017-11-19,Assets,2026-08-25
FTNT,cash,2017-09-30,905800000,2017-11-19,CashAndCashEquivalentsAtCarryingValue,2026-08-25
FTNT,equity,2017-09-30,902225000,2017-11-19,StockholdersEquity,2026-08-25
FTNT,grossProfit,2017-09-30,280600000,2017-11-19,GrossProfit,2026-08-25
FTNT,inventory,2017-09-30,73595000,2017-11-19,InventoryNet,2026-08-25
FTNT,liabilities,2017-09-30,1493054000,2017-11-19,Liabilities,2026-08-25
FTNT,netIncome,2017-09-30,26700000,2017-11-19,NetIncomeLoss,2026-08-25
FTNT,operatingIncome,2017-09-30,33700000,2017-11-19,OperatingIncomeLoss,2026-08-25
FTNT,receivables,2017-09-30,257999000,2017-11-19,AccountsReceivableNetCurrent,2026-08-25
FTNT,revenue,2017-09-30,374200000,2017-11-19,SalesRevenueNet,2026-08-25
FTNT,rnd,2017-09-30,53500000,2017-11-19,ResearchAndDevelopmentExpense,2026-08-25
FTNT,shares,2017-09-30,174625000,2017-11-19,CommonStockSharesOutstanding,2026-08-25
FTV,assets,2017-09-29,9327000000,2017-11-18,Assets,2026-08-25
FTV,cash,2017-09-29,910900000,2017-11-18,CashAndCashEquivalentsAtCarryingValue,2026-08-25
FTV,debt,2017-09-29,3671900000,2017-11-18,LongTermDebtNoncurrent,2026-08-25
FTV,equity,2017-09-29,3474200000,2017-11-18,StockholdersEquity,2026-08-25
FTV,grossProfit,2017-09-29,744800000,2017-11-18,GrossProfit,2026-08-25
FTV,inventory,2017-09-29,576200000,2017-11-18,InventoryNet,2026-08-25
FTV,operatingIncome,2017-09-29,301400000,2017-11-18,OperatingIncomeLoss,2026-08-25
FTV,receivables,2017-09-29,1075100000,2017-11-18,AccountsReceivableNetCurrent,2026-08-25
FTV,revenue,2017-09-29,1685300000,2017-11-18,Revenues,2026-08-25
FTV,rnd,2017-09-29,102000000,2017-11-18,ResearchAndDevelopmentExpense,2026-08-25
FTV,shares,2017-09-29,347500000,2017-11-18,CommonStockSharesOutstanding,2026-08-25
GD,assets,2017-07-02,33793000000,2017-08-21,Assets,2026-08-25
GD,cash,2017-07-02,1856000000,2017-08-21,CashAndCashEquivalentsAtCarryingValue,2026-08-25
GD,debt,2017-07-02,2989000000,2017-08-21,LongTermDebtNoncurrent,2026-08-25
GD,equity,2017-07-02,10952000000,2017-08-21,StockholdersEquity,2026-08-25
GD,inventory,2017-07-02,5839000000,2017-08-21,InventoryNet,2026-08-25
GD,netIncome,2017-07-02,749000000,2017-08-21,NetIncomeLoss,2026-08-25
GD,operatingIncome,2017-07-02,1067000000,2017-08-21,OperatingIncomeLoss,2026-08-25
GD,receivables,2017-07-02,3690000000,2017-08-21,AccountsReceivableNetCurrent,2026-08-25
GD,revenue,2017-07-02,7675000000,2017-08-21,Revenues,2026-08-25
GDDY,assets,2017-09-30,5695000000,2017-11-19,Assets,2026-08-25
GDDY,cash,2017-09-30,536900000,2017-11-19,CashAndCashEquivalentsAtCarryingValue,2026-08-25
GDDY,debt,2017-09-30,2415800000,2017-11-19,LongTermDebtNoncurrent,2026-08-25
GDDY,equity,2017-09-30,395200000,2017-11-19,StockholdersEquity,2026-08-25
GDDY,netIncome,2017-09-30,22400000,2017-11-19,NetIncomeLoss,2026-08-25
GDDY,operatingIncome,2017-09-30,32100000,2017-11-19,OperatingIncomeLoss,2026-08-25
GDDY,receivables,2017-09-30,17300000,2017-11-19,AccountsReceivableNetCurrent,2026-08-25
GDDY,revenue,2017-09-30,582200000,2017-11-19,RevenueFromContractWithCustomerExcludingAssessedTax,2026-08-25
GDDY,shares,2017-09-30,166211000,2017-11-19,CommonStockSharesOutstanding,2026-08-25
GE,assets,2017-09-30,378038000000,2017-11-19,Assets,2026-08-25
GE,equity,2017-09-30,69051000000,2017-11-19,StockholdersEquity,2026-08-25
GE,inventory,2017-09-30,25848000000,2017-11-19,InventoryNet,2026-08-25
GE,liabilities,2017-09-30,280544000000,2017-11-19,Liabilities,2026-08-25
GE,netIncome,2017-09-30,1360000000,2017-11-19,NetIncomeLoss,2026-08-25
GE,receivables,2017-09-30,25026000000,2017-11-19,AccountsReceivableNetCurrent,2026-08-25
GE,revenue,2017-09-30,30662000000,2017-11-19,Revenues,2026-08-25
GE,shares,2017-09-30,8672085000,2017-11-19,CommonStockSharesOutstanding,2026-08-25
GEN,assets,2017-09-29,15996000000,2017-11-18,Assets,2026-08-25
GEN,cash,2017-09-29,1826000000,2017-11-18,CashAndCashEquivalentsAtCarryingValue,2026-08-25
GEN,debt,2017-09-29,6079000000,2017-11-18,LongTermDebtNoncurrent,2026-08-25
GEN,equity,2017-09-29,3535000000,2017-11-18,StockholdersEquity,2026-08-25
GEN,grossProfit,2017-09-29,978000000,2017-11-18,GrossProfit,2026-08-25
GEN,liabilities,2017-09-29,12461000000,2017-11-18,Liabilities,2026-08-25
GEN,netIncome,2017-09-29,-12000000,2017-11-18,NetIncomeLoss,2026-08-25
GEN,operatingIncome,2017-09-29,-9000000,2017-11-18,OperatingIncomeLoss,2026-08-25
GEN,receivables,2017-09-29,514000000,2017-11-18,AccountsReceivableNetCurrent,2026-08-25
GEN,revenue,2017-09-29,1240000000,2017-11-18,RevenueFromContractWithCustomerExcludingAssessedTax,2026-08-25
GEN,rnd,2017-09-29,241000000,2017-11-18,ResearchAndDevelopmentExpense,2026-08-25
GEN,shares,2017-09-29,619633,2017-11-18,CommonStockSharesOutstanding,2026-08-25
GILD,assets,2017-09-30,64662000000,2017-11-19,Assets,2026-08-25
GILD,cash,2017-09-30,11508000000,2017-11-19,CashAndCashEquivalentsAtCarryingValue,2026-08-25
GILD,debt,2017-09-30,27515000000,2017-11-19,LongTermDebtNoncurrent,2026-08-25
GILD,equity,2017-09-30,24845000000,2017-11-19,StockholdersEquity,2026-08-25
GILD,grossProfit,2017-09-30,5370000000,2017-11-19,GrossProfit,2026-08-25
GILD,inventory,2017-09-30,1144000000,2017-11-19,InventoryNet,2026-08-25
GILD,netIncome,2017-09-30,2718000000,2017-11-19,NetIncomeLoss,2026-08-25
GILD,operatingIncome,2017-09-30,3812000000,2017-11-19,OperatingIncomeLoss,2026-08-25
GILD,receivables,2017-09-30,4122000000,2017-11-19,AccountsReceivableNetCurrent,2026-08-25
GILD,revenue,2017-09-30,6512000000,2017-11-19,Revenues,2026-08-25
GILD,rnd,2017-09-30,789000000,2017-11-19,ResearchAndDevelopmentExpense,2026-08-25
GILD,shares,2017-09-30,1307000000,2017-11-19,CommonStockSharesOutstanding,2026-08-25
GIS,assets,2017-08-27,22209600000,2017-10-16,Assets,2026-08-25
GIS,buybacks,2017-08-27,600300000,2017-10-16,PaymentsForRepurchaseOfCommonStock,2026-08-25
GIS,capex,2017-08-27,116300000,2017-10-16,PaymentsToAcquirePropertyPlantAndEquipment,2026-08-25
GIS,cash,2017-08-27,820800000,2017-10-16,CashAndCashEquivalentsAtCarryingValue,2026-08-25
GIS,debt,2017-08-27,7822700000,2017-10-16,LongTermDebtNoncurrent,2026-08-25
GIS,equity,2017-08-27,3903800000,2017-10-16,StockholdersEquity,2026-08-25
GIS,grossProfit,2017-08-27,1313300000,2017-10-16,GrossProfit,2026-08-25
GIS,inventory,2017-08-27,1595200000,2017-10-16,InventoryNet,2026-08-25
GIS,liabilities,2017-08-27,16959200000,2017-10-16,Liabilities,2026-08-25
GIS,netIncome,2017-08-27,404700000,2017-10-16,NetIncomeLoss,2026-08-25
GIS,operatingCashFlow,2017-08-27,590500000,2017-10-16,NetCashProvidedByUsedInOperatingActivities,2026-08-25
GIS,operatingIncome,2017-08-27,605300000,2017-10-16,OperatingIncomeLoss,2026-08-25
GIS,revenue,2017-08-27,3769200000,2017-10-16,RevenueFromContractWithCustomerExcludingAssessedTax,2026-08-25
GL,assets,2017-09-30,22993607000,2017-11-19,Assets,2026-08-25
GL,debt,2017-09-30,1130806000,2017-11-19,LongTermDebt,2026-08-25
GL,equity,2017-09-30,5167685000,2017-11-19,StockholdersEquity,2026-08-25
GL,grossProfit,2017-09-30,208015000,2017-11-19,GrossProfit,2026-08-25
GL,liabilities,2017-09-30,17825922000,2017-11-19,Liabilities,2026-08-25
GL,netIncome,2017-09-30,153334000,2017-11-19,NetIncomeLoss,2026-08-25
GL,operatingIncome,2017-09-30,209407000,2017-11-19,OperatingIncomeLoss,2026-08-25
GL,revenue,2017-09-30,1046015000,2017-11-19,Revenues,2026-08-25
GLW,assets,2017-09-30,28094000000,2017-11-19,Assets,2026-08-25
GLW,cash,2017-09-30,3865000000,2017-11-19,CashAndCashEquivalentsAtCarryingValue,2026-08-25
GLW,equity,2017-09-30,17317000000,2017-11-19,StockholdersEquity,2026-08-25
GLW,grossProfit,2017-09-30,1050000000,2017-11-19,GrossProfit,2026-08-25
GLW,inventory,2017-09-30,1693000000,2017-11-19,InventoryNet,2026-08-25
GLW,liabilities,2017-09-30,10711000000,2017-11-19,Liabilities,2026-08-25
GLW,netIncome,2017-09-30,390000000,2017-11-19,NetIncomeLoss,2026-08-25
GLW,operatingIncome,2017-09-30,442000000,2017-11-19,OperatingIncomeLoss,2026-08-25
GLW,receivables,2017-09-30,1748000000,2017-11-19,AccountsReceivableNetCurrent,2026-08-25
GLW,revenue,2017-09-30,2607000000,2017-11-19,Revenues,2026-08-25
GM,assets,2017-09-30,229502000000,2017-11-19,Assets,2026-08-25
GM,cash,2017-09-30,12792000000,2017-11-19,CashAndCashEquivalentsAtCarryingValue,2026-08-25
GM,equity,2017-09-30,42243000000,2017-11-19,StockholdersEquity,2026-08-25
GM,inventory,2017-09-30,11789000000,2017-11-19,InventoryNet,2026-08-25
GM,liabilities,2017-09-30,186025000000,2017-11-19,Liabilities,2026-08-25
GM,netIncome,2017-09-30,-2981000000,2017-11-19,NetIncomeLoss,2026-08-25
GM,operatingIncome,2017-09-30,1576000000,2017-11-19,OperatingIncomeLoss,2026-08-25
GM,revenue,2017-09-30,33623000000,2017-11-19,Revenues,2026-08-25
GM,shares,2017-09-30,1400000000,2017-11-19,CommonStockSharesOutstanding,2026-08-25
GNRC,assets,2017-09-30,2000974000,2017-11-19,Assets,2026-08-25
GNRC,cash,2017-09-30,128780000,2017-11-19,CashAndCashEquivalentsAtCarryingValue,2026-08-25
GNRC,equity,2017-09-30,473147000,2017-11-19,StockholdersEquity,2026-08-25
GNRC,grossProfit,2017-09-30,157680000,2017-11-19,GrossProfit,2026-08-25
GNRC,inventory,2017-09-30,356382000,2017-11-19,InventoryNet,2026-08-25
GNRC,liabilities,2017-09-30,1485928000,2017-11-19,Liabilities,2026-08-25
GNRC,netIncome,2017-09-30,39435000,2017-11-19,NetIncomeLoss,2026-08-25
GNRC,operatingIncome,2017-09-30,72548000,2017-11-19,OperatingIncomeLoss,2026-08-25
GNRC,receivables,2017-09-30,316419000,2017-11-19,AccountsReceivableNetCurrent,2026-08-25
GNRC,revenue,2017-09-30,457747000,2017-11-19,RevenueFromContractWithCustomerExcludingAssessedTax,2026-08-25
GNRC,rnd,2017-09-30,10850000,2017-11-19,ResearchAndDevelopmentExpense,2026-08-25
GOOG,assets,2017-09-30,189536000000,2017-11-19,Assets,2026-08-25
GOOG,capex,2017-09-30,3538000000,2017-11-19,PaymentsToAcquirePropertyPlantAndEquipment,2026-08-25
GOOG,cash,2017-09-30,10581000000,2017-11-19,CashAndCashEquivalentsAtCarryingValue,2026-08-25
GOOG,debt,2017-09-30,3941000000,2017-11-19,LongTermDebtNoncurrent,2026-08-25
GOOG,equity,2017-09-30,157100000000,2017-11-19,StockholdersEquity,2026-08-25
GOOG,inventory,2017-09-30,765000000,2017-11-19,InventoryNet,2026-08-25
GOOG,liabilities,2017-09-30,32436000000,2017-11-19,Liabilities,2026-08-25
GOOG,netIncome,2017-09-30,6732000000,2017-11-19,NetIncomeLoss,2026-08-25
GOOG,operatingIncome,2017-09-30,7782000000,2017-11-19,OperatingIncomeLoss,2026-08-25
GOOG,receivables,2017-09-30,15295000000,2017-11-19,AccountsReceivableNetCurrent,2026-08-25
GOOG,revenue,2017-09-30,27772000000,2017-11-19,Revenues,2026-08-25
GOOG,rnd,2017-09-30,4205000000,2017-11-19,ResearchAndDevelopmentExpense,2026-08-25
GOOG,shares,2017-09-30,694790000,2017-11-19,CommonStockSharesOutstanding,2026-08-25
GPC,assets,2017-09-30,9494234000,2017-11-19,Assets,2026-08-25
GPC,cash,2017-09-30,210082000,2017-11-19,CashAndCashEquivalentsAtCarryingValue,2026-08-25
GPC,debt,2017-09-30,550000000,2017-11-19,LongTermDebtNoncurrent,2026-08-25
GPC,equity,2017-09-30,3378235000,2017-11-19,StockholdersEquity,2026-08-25
GPC,grossProfit,2017-09-30,1226890000,2017-11-19,GrossProfit,2026-08-25
GPC,inventory,2017-09-30,3354178000,2017-11-19,InventoryNet,2026-08-25
GPC,netIncome,2017-09-30,158442000,2017-11-19,NetIncomeLoss,2026-08-25
GPC,revenue,2017-09-30,4095906000,2017-11-19,RevenueFromContractWithCustomerExcludingAssessedTax,2026-08-25
GPC,shares,2017-09-30,146613496,2017-11-19,CommonStockSharesOutstanding,2026-08-25
GPN,assets,2017-09-30,12281549000,2017-11-19,Assets,2026-08-25
GPN,cash,2017-09-30,1186050000,2017-11-19,CashAndCashEquivalentsAtCarryingValue,2026-08-25
GPN,debt,2017-09-30,4677910000,2017-11-19,LongTermDebtNoncurrent,2026-08-25
GPN,equity,2017-09-30,3531349000,2017-11-19,StockholdersEquity,2026-08-25
GPN,liabilities,2017-09-30,8586596000,2017-11-19,Liabilities,2026-08-25
GPN,netIncome,2017-09-30,110740000,2017-11-19,NetIncomeLoss,2026-08-25
GPN,operatingIncome,2017-09-30,172471000,2017-11-19,OperatingIncomeLoss,2026-08-25
GPN,receivables,2017-09-30,296366000,2017-11-19,AccountsReceivableNetCurrent,2026-08-25
GPN,revenue,2017-09-30,1038907000,2017-11-19,Revenues,2026-08-25
GPN,shares,2017-09-30,158762894,2017-11-19,CommonStockSharesOutstanding,2026-08-25
GRMN,assets,2017-09-30,4835391000,2017-11-19,Assets,2026-08-25
GRMN,cash,2017-09-30,891279000,2017-11-19,CashAndCashEquivalentsAtCarryingValue,2026-08-25
GRMN,equity,2017-09-30,3639685000,2017-11-19,StockholdersEquity,2026-08-25
GRMN,grossProfit,2017-09-30,437523000,2017-11-19,GrossProfit,2026-08-25
GRMN,inventory,2017-09-30,575335000,2017-11-19,InventoryNet,2026-08-25
GRMN,netIncome,2017-09-30,151074000,2017-11-19,NetIncomeLoss,2026-08-25
GRMN,operatingIncome,2017-09-30,173648000,2017-11-19,OperatingIncomeLoss,2026-08-25
GRMN,receivables,2017-09-30,457391000,2017-11-19,AccountsReceivableNetCurrent,2026-08-25
GRMN,revenue,2017-09-30,743077000,2017-11-19,SalesRevenueNet,2026-08-25
GRMN,rnd,2017-09-30,129632000,2017-11-19,ResearchAndDevelopmentExpense,2026-08-25
GRMN,shares,2017-09-30,187500,2017-11-19,CommonStockSharesOutstanding,2026-08-25
GS,assets,2017-09-30,930132000000,2017-11-19,Assets,2026-08-25
GS,cash,2017-09-30,116610000000,2017-11-19,CashAndCashEquivalentsAtCarryingValue,2026-08-25
GS,debt,2017-09-30,223707000000,2017-11-19,LongTermDebtNoncurrent,2026-08-25
GS,equity,2017-09-30,86292000000,2017-11-19,StockholdersEquity,2026-08-25
GS,liabilities,2017-09-30,843840000000,2017-11-19,Liabilities,2026-08-25
GS,netIncome,2017-09-30,2128000000,2017-11-19,NetIncomeLoss,2026-08-25
GS,shares,2017-09-30,379098583,2017-11-19,CommonStockSharesOutstanding,2026-08-25
GWW,assets,2017-09-30,5825060000,2017-11-19,Assets,2026-08-25
GWW,cash,2017-09-30,284575000,2017-11-19,CashAndCashEquivalentsAtCarryingValue,2026-08-25
GWW,debt,2017-09-30,2270001000,2017-11-19,LongTermDebtNoncurrent,2026-08-25
GWW,equity,2017-09-30,1767497000,2017-11-19,StockholdersEquity,2026-08-25
GWW,grossProfit,2017-09-30,1017000000,2017-11-19,GrossProfit,2026-08-25
GWW,inventory,2017-09-30,1391993000,2017-11-19,InventoryNet,2026-08-25
GWW,netIncome,2017-09-30,162000000,2017-11-19,NetIncomeLoss,2026-08-25
GWW,operatingIncome,2017-09-30,277000000,2017-11-19,OperatingIncomeLoss,2026-08-25
GWW,receivables,2017-09-30,1373323000,2017-11-19,AccountsReceivableNetCurrent,2026-08-25
GWW,revenue,2017-09-30,2636000000,2017-11-19,SalesRevenueNet,2026-08-25
HAL,assets,2017-09-30,25790000000,2017-11-19,Assets,2026-08-25
HAL,cash,2017-09-30,1898000000,2017-11-19,CashAndCashEquivalentsAtCarryingValue,2026-08-25
HAL,debt,2017-09-30,10423000000,2017-11-19,LongTermDebtNoncurrent,2026-08-25
HAL,equity,2017-09-30,9217000000,2017-11-19,StockholdersEquity,2026-08-25
HAL,inventory,2017-09-30,2444000000,2017-11-19,InventoryNet,2026-08-25
HAL,liabilities,2017-09-30,16544000000,2017-11-19,Liabilities,2026-08-25
HAL,netIncome,2017-09-30,365000000,2017-11-19,NetIncomeLoss,2026-08-25
HAL,operatingIncome,2017-09-30,642000000,2017-11-19,OperatingIncomeLoss,2026-08-25
HAL,revenue,2017-09-30,5444000000,2017-11-19,SalesRevenueNet,2026-08-25
HAS,assets,2017-07-02,4912743000,2017-08-21,Assets,2026-08-25
HAS,cash,2017-07-02,1433500000,2017-08-21,CashAndCashEquivalentsAtCarryingValue,2026-08-25
HAS,debt,2017-07-02,1199114000,2017-08-21,LongTermDebtNoncurrent,2026-08-25
HAS,equity,2017-07-02,1832494000,2017-08-21,StockholdersEquity,2026-08-25
HAS,inventory,2017-07-02,557507000,2017-08-21,InventoryNet,2026-08-25
HAS,liabilities,2017-07-02,3080249000,2017-08-21,Liabilities,2026-08-25
HAS,netIncome,2017-07-02,67723000,2017-08-21,NetIncomeLoss,2026-08-25
HAS,operatingIncome,2017-07-02,99984000,2017-08-21,OperatingIncomeLoss,2026-08-25
HAS,receivables,2017-07-02,846547000,2017-08-21,AccountsReceivableNetCurrent,2026-08-25
HAS,revenue,2017-07-02,972506000,2017-08-21,Revenues,2026-08-25
HAS,rnd,2017-07-02,62793000,2017-08-21,ResearchAndDevelopmentExpense,2026-08-25
HBAN,assets,2017-09-30,101988126000,2017-11-19,Assets,2026-08-25
HBAN,cash,2017-09-30,1194000000,2017-11-19,CashAndCashEquivalentsAtCarryingValue,2026-08-25
HBAN,debt,2017-09-30,9200707000,2017-11-19,LongTermDebt,2026-08-25
HBAN,equity,2017-09-30,10699000000,2017-11-19,StockholdersEquity,2026-08-25
HBAN,liabilities,2017-09-30,91289277000,2017-11-19,Liabilities,2026-08-25
HBAN,netIncome,2017-09-30,275000000,2017-11-19,NetIncomeLoss,2026-08-25
HBAN,shares,2017-09-30,1080946315,2017-11-19,CommonStockSharesOutstanding,2026-08-25
HCA,assets,2017-09-30,35731000000,2017-11-19,Assets,2026-08-25
HCA,cash,2017-09-30,718000000,2017-11-19,CashAndCashEquivalentsAtCarryingValue,2026-08-25
HCA,debt,2017-09-30,32751000000,2017-11-19,LongTermDebtNoncurrent,2026-08-25
HCA,equity,2017-09-30,-6780000000,2017-11-19,StockholdersEquity,2026-08-25
HCA,inventory,2017-09-30,1546000000,2017-11-19,InventoryNet,2026-08-25
HCA,liabilities,2017-09-30,40797000000,2017-11-19,Liabilities,2026-08-25
HCA,netIncome,2017-09-30,426000000,2017-11-19,NetIncomeLoss,2026-08-25
HCA,receivables,2017-09-30,5980000000,2017-11-19,AccountsReceivableNetCurrent,2026-08-25
HCA,shares,2017-09-30,356979800,2017-11-19,CommonStockSharesOutstanding,2026-08-25
HD,assets,2017-07-30,45959000000,2017-09-18,Assets,2026-08-25
HD,cash,2017-07-30,3549000000,2017-09-18,CashAndCashEquivalentsAtCarryingValue,2026-08-25
HD,equity,2017-07-30,3554000000,2017-09-18,StockholdersEquity,2026-08-25
HD,grossProfit,2017-07-30,9461000000,2017-09-18,GrossProfit,2026-08-25
HD,inventory,2017-07-30,12868000000,2017-09-18,InventoryNet,2026-08-25
HD,liabilities,2017-07-30,42405000000,2017-09-18,Liabilities,2026-08-25
HD,netIncome,2017-07-30,2672000000,2017-09-18,NetIncomeLoss,2026-08-25
HD,operatingIncome,2017-07-30,4463000000,2017-09-18,OperatingIncomeLoss,2026-08-25
HD,receivables,2017-07-30,2187000000,2017-09-18,AccountsReceivableNetCurrent,2026-08-25
HD,revenue,2017-07-30,28108000000,2017-09-18,RevenueFromContractWithCustomerExcludingAssessedTax,2026-08-25
HD,shares,2017-07-30,1181000000,2017-09-18,CommonStockSharesOutstanding,2026-08-25
HIG,assets,2017-09-30,224211000000,2017-11-19,Assets,2026-08-25
HIG,debt,2017-09-30,4818000000,2017-11-19,LongTermDebt,2026-08-25
HIG,equity,2017-09-30,17233000000,2017-11-19,StockholdersEquity,2026-08-25
HIG,liabilities,2017-09-30,206978000000,2017-11-19,Liabilities,2026-08-25
HIG,netIncome,2017-09-30,234000000,2017-11-19,NetIncomeLoss,2026-08-25
HIG,revenue,2017-09-30,4192000000,2017-11-19,Revenues,2026-08-25
HII,assets,2017-09-30,6172000000,2017-11-19,Assets,2026-08-25
HII,cash,2017-09-30,499000000,2017-11-19,CashAndCashEquivalentsAtCarryingValue,2026-08-25
HII,debt,2017-09-30,1282000000,2017-11-19,LongTermDebtNoncurrent,2026-08-25
HII,liabilities,2017-09-30,4460000000,2017-11-19,Liabilities,2026-08-25
HII,netIncome,2017-09-30,149000000,2017-11-19,NetIncomeLoss,2026-08-25
HII,operatingIncome,2017-09-30,241000000,2017-11-19,OperatingIncomeLoss,2026-08-25
HII,receivables,2017-09-30,1200000000,2017-11-19,AccountsReceivableNetCurrent,2026-08-25
HII,revenue,2017-09-30,1863000000,2017-11-19,Revenues,2026-08-25
HII,shares,2017-09-30,45300000,2017-11-19,CommonStockSharesOutstanding,2026-08-25
HLT,assets,2017-09-30,14223000000,2017-11-19,Assets,2026-08-25
HLT,cash,2017-09-30,670000000,2017-11-19,CashAndCashEquivalentsAtCarryingValue,2026-08-25
HLT,equity,2017-09-30,1447000000,2017-11-19,StockholdersEquity,2026-08-25
HLT,liabilities,2017-09-30,12775000000,2017-11-19,Liabilities,2026-08-25
HLT,netIncome,2017-09-30,158000000,2017-11-19,NetIncomeLoss,2026-08-25
HLT,operatingIncome,2017-09-30,332000000,2017-11-19,OperatingIncomeLoss,2026-08-25
HLT,receivables,2017-09-30,928000000,2017-11-19,AccountsReceivableNetCurrent,2026-08-25
HLT,revenue,2017-09-30,2354000000,2017-11-19,Revenues,2026-08-25
HLT,shares,2017-09-30,320920423,2017-11-19,CommonStockSharesOutstanding,2026-08-25
HON,assets,2017-09-30,56768000000,2017-11-19,Assets,2026-08-25
HON,cash,2017-09-30,7389000000,2017-11-19,CashAndCashEquivalentsAtCarryingValue,2026-08-25
HON,debt,2017-09-30,12851000000,2017-11-19,LongTermDebt,2026-08-25
HON,equity,2017-09-30,21074000000,2017-11-19,StockholdersEquity,2026-08-25
HON,grossProfit,2017-09-30,3067000000,2017-11-19,GrossProfit,2026-08-25
HON,inventory,2017-09-30,4751000000,2017-11-19,InventoryNet,2026-08-25
HON,netIncome,2017-09-30,1345000000,2017-11-19,NetIncomeLoss,2026-08-25
HON,receivables,2017-09-30,8587000000,2017-11-19,AccountsReceivableNetCurrent,2026-08-25
HON,revenue,2017-09-30,10121000000,2017-11-19,RevenueFromContractWithCustomerExcludingAssessedTax,2026-08-25
HON,shares,2017-09-30,760100000,2017-11-19,CommonStockSharesOutstanding,2026-08-25
HPE,assets,2017-07-31,70931000000,2017-09-19,Assets,2026-08-25
HPE,cash,2017-07-31,7757000000,2017-09-19,CashAndCashEquivalentsAtCarryingValue,2026-08-25
HPE,equity,2017-07-31,29012000000,2017-09-19,StockholdersEquity,2026-08-25
HPE,inventory,2017-07-31,2144000000,2017-09-19,InventoryNet,2026-08-25
HPE,netIncome,2017-07-31,165000000,2017-09-19,NetIncomeLoss,2026-08-25
HPE,operatingIncome,2017-07-31,201000000,2017-09-19,OperatingIncomeLoss,2026-08-25
HPE,receivables,2017-07-31,3845000000,2017-09-19,AccountsReceivableNetCurrent,2026-08-25
HPE,revenue,2017-07-31,7501000000,2017-09-19,Revenues,2026-08-25
HPE,rnd,2017-07-31,390000000,2017-09-19,ResearchAndDevelopmentExpense,2026-08-25
HPE,shares,2017-07-31,1624000000,2017-09-19,CommonStockSharesOutstanding,2026-08-25
HPQ,assets,2017-07-31,31934000000,2017-09-19,Assets,2026-08-25
HPQ,buybacks,2017-07-31,300000000,2017-09-19,PaymentsForRepurchaseOfCommonStock,2026-08-25
HPQ,cash,2017-07-31,6967000000,2017-09-19,CashAndCashEquivalentsAtCarryingValue,2026-08-25
HPQ,equity,2017-07-31,-4339000000,2017-09-19,StockholdersEquity,2026-08-25
HPQ,inventory,2017-07-31,5184000000,2017-09-19,InventoryNet,2026-08-25
HPQ,netIncome,2017-07-31,696000000,2017-09-19,NetIncomeLoss,2026-08-25
HPQ,operatingIncome,2017-07-31,955000000,2017-09-19,OperatingIncomeLoss,2026-08-25
HPQ,receivables,2017-07-31,4233000000,2017-09-19,AccountsReceivableNetCurrent,2026-08-25
HPQ,revenue,2017-07-31,13060000000,2017-09-19,Revenues,2026-08-25
HPQ,rnd,2017-07-31,289000000,2017-09-19,ResearchAndDevelopmentExpense,2026-08-25
HPQ,shares,2017-07-31,1670000000,2017-09-19,CommonStockSharesOutstanding,2026-08-25
HRL,assets,2017-07-30,6507965000,2017-09-18,Assets,2026-08-25
HRL,cash,2017-07-30,633341000,2017-09-18,CashAndCashEquivalentsAtCarryingValue,2026-08-25
HRL,debt,2017-07-30,250000000,2017-09-18,LongTermDebtNoncurrent,2026-08-25
HRL,equity,2017-07-30,4749713000,2017-09-18,StockholdersEquity,2026-08-25
HRL,grossProfit,2017-07-30,452409000,2017-09-18,GrossProfit,2026-08-25
HRL,inventory,2017-07-30,1013214000,2017-09-18,InventoryNet,2026-08-25
HRL,netIncome,2017-07-30,182508000,2017-09-18,NetIncomeLoss,2026-08-25
HRL,operatingIncome,2017-07-30,279705000,2017-09-18,OperatingIncomeLoss,2026-08-25
HRL,receivables,2017-07-30,549011000,2017-09-18,AccountsReceivableNetCurrent,2026-08-25
HRL,revenue,2017-07-30,2207375000,2017-09-18,SalesRevenueNet,2026-08-25
HSIC,assets,2017-09-30,7486661000,2017-11-19,Assets,2026-08-25
HSIC,cash,2017-09-30,79879000,2017-11-19,CashAndCashEquivalentsAtCarryingValue,2026-08-25
HSIC,equity,2017-09-30,3011639000,2017-11-19,StockholdersEquity,2026-08-25
HSIC,grossProfit,2017-09-30,836054000,2017-11-19,GrossProfit,2026-08-25
HSIC,inventory,2017-09-30,1692256000,2017-11-19,InventoryNet,2026-08-25
HSIC,liabilities,2017-09-30,3728704000,2017-11-19,Liabilities,2026-08-25
HSIC,netIncome,2017-09-30,138031000,2017-11-19,NetIncomeLoss,2026-08-25
HSIC,operatingIncome,2017-09-30,213548000,2017-11-19,OperatingIncomeLoss,2026-08-25
HSIC,receivables,2017-09-30,1544582000,2017-11-19,AccountsReceivableNetCurrent,2026-08-25
HSIC,revenue,2017-09-30,3161083000,2017-11-19,Revenues,2026-08-25
HSIC,shares,2017-09-30,156952738,2017-11-19,CommonStockSharesOutstanding,2026-08-25
HST,assets,2017-09-30,11771000000,2017-11-19,Assets,2026-08-25
HST,cash,2017-09-30,789000000,2017-11-19,CashAndCashEquivalentsAtCarryingValue,2026-08-25
HST,equity,2017-09-30,7079000000,2017-11-19,StockholdersEquity,2026-08-25
HST,liabilities,2017-09-30,4506000000,2017-11-19,Liabilities,2026-08-25
HST,netIncome,2017-09-30,104000000,2017-11-19,NetIncomeLoss,2026-08-25
HST,operatingIncome,2017-09-30,127000000,2017-11-19,OperatingIncomeLoss,2026-08-25
HST,revenue,2017-09-30,1254000000,2017-11-19,Revenues,2026-08-25
HST,shares,2017-09-30,738900000,2017-11-19,CommonStockSharesOutstanding,2026-08-25
HSY,assets,2017-07-02,5380228000,2017-08-21,Assets,2026-08-25
HSY,cash,2017-07-02,214062000,2017-08-21,CashAndCashEquivalentsAtCarryingValue,2026-08-25
HSY,debt,2017-07-02,2349756000,2017-08-21,LongTermDebtNoncurrent,2026-08-25
HSY,equity,2017-07-02,855305000,2017-08-21,StockholdersEquity,2026-08-25
HSY,grossProfit,2017-07-02,765847000,2017-08-21,GrossProfit,2026-08-25
HSY,inventory,2017-07-02,936437000,2017-08-21,InventoryNet,2026-08-25
HSY,liabilities,2017-07-02,4510246000,2017-08-21,Liabilities,2026-08-25
HSY,netIncome,2017-07-02,203501000,2017-08-21,NetIncomeLoss,2026-08-25
HSY,operatingIncome,2017-07-02,320492000,2017-08-21,OperatingIncomeLoss,2026-08-25
HSY,receivables,2017-07-02,417457000,2017-08-21,AccountsReceivableNetCurrent,2026-08-25
HSY,revenue,2017-07-02,1662991000,2017-08-21,Revenues,2026-08-25
HUBB,assets,2017-09-30,3743200000,2017-11-19,Assets,2026-08-25
HUBB,cash,2017-09-30,386400000,2017-11-19,CashAndCashEquivalentsAtCarryingValue,2026-08-25
HUBB,debt,2017-09-30,986700000,2017-11-19,LongTermDebtNoncurrent,2026-08-25
HUBB,equity,2017-09-30,1656000000,2017-11-19,StockholdersEquity,2026-08-25
HUBB,grossProfit,2017-09-30,307600000,2017-11-19,GrossProfit,2026-08-25
HUBB,inventory,2017-09-30,623600000,2017-11-19,InventoryNet,2026-08-25
HUBB,liabilities,2017-09-30,2075500000,2017-11-19,Liabilities,2026-08-25
HUBB,netIncome,2017-09-30,80800000,2017-11-19,NetIncomeLoss,2026-08-25
HUBB,operatingIncome,2017-09-30,150100000,2017-11-19,OperatingIncomeLoss,2026-08-25
HUBB,revenue,2017-09-30,950500000,2017-11-19,RevenueFromContractWithCustomerExcludingAssessedTax,2026-08-25
HUBB,shares,2017-09-30,54700000,2017-11-19,CommonStockSharesOutstanding,2026-08-25
HUM,assets,2017-09-30,32956000000,2017-11-19,Assets,2026-08-25
HUM,cash,2017-09-30,9865000000,2017-11-19,CashAndCashEquivalentsAtCarryingValue,2026-08-25
HUM,debt,2017-09-30,3977000000,2017-11-19,LongTermDebtNoncurrent,2026-08-25
HUM,equity,2017-09-30,11211000000,2017-11-19,StockholdersEquity,2026-08-25
HUM,liabilities,2017-09-30,21745000000,2017-11-19,Liabilities,2026-08-25
HUM,netIncome,2017-09-30,499000000,2017-11-19,NetIncomeLoss,2026-08-25
HUM,operatingIncome,2017-09-30,858000000,2017-11-19,OperatingIncomeLoss,2026-08-25
HUM,revenue,2017-09-30,13282000000,2017-11-19,Revenues,2026-08-25
HWM,assets,2017-09-30,19237000000,2017-11-19,Assets,2026-08-25
HWM,cash,2017-09-30,1815000000,2017-11-19,CashAndCashEquivalentsAtCarryingValue,2026-08-25
HWM,debt,2017-09-30,6802000000,2017-11-19,LongTermDebtNoncurrent,2026-08-25
HWM,equity,2017-09-30,5948000000,2017-11-19,StockholdersEquity,2026-08-25
HWM,inventory,2017-09-30,2453000000,2017-11-19,InventoryNet,2026-08-25
HWM,liabilities,2017-09-30,13276000000,2017-11-19,Liabilities,2026-08-25
HWM,netIncome,2017-09-30,119000000,2017-11-19,NetIncomeLoss,2026-08-25
HWM,operatingIncome,2017-09-30,310000000,2017-11-19,OperatingIncomeLoss,2026-08-25
HWM,receivables,2017-09-30,1150000000,2017-11-19,AccountsReceivableNetCurrent,2026-08-25
HWM,revenue,2017-09-30,3236000000,2017-11-19,Revenues,2026-08-25
HWM,rnd,2017-09-30,24000000,2017-11-19,ResearchAndDevelopmentExpense,2026-08-25
IBKR,assets,2017-09-30,59843000000,2017-11-19,Assets,2026-08-25
IBKR,cash,2017-09-30,2056000000,2017-11-19,CashAndCashEquivalentsAtCarryingValue,2026-08-25
IBKR,equity,2017-09-30,1096000000,2017-11-19,StockholdersEquity,2026-08-25
IBKR,liabilities,2017-09-30,53531000000,2017-11-19,Liabilities,2026-08-25
IBKR,revenue,2017-09-30,487000000,2017-11-19,Revenues,2026-08-25
IBM,assets,2017-09-30,121636000000,2017-11-19,Assets,2026-08-25
IBM,cash,2017-09-30,10915000000,2017-11-19,CashAndCashEquivalentsAtCarryingValue,2026-08-25
IBM,debt,2017-09-30,41327000000,2017-11-19,LongTermDebtNoncurrent,2026-08-25
IBM,equity,2017-09-30,19627000000,2017-11-19,StockholdersEquity,2026-08-25
IBM,grossProfit,2017-09-30,8981000000,2017-11-19,GrossProfit,2026-08-25
IBM,inventory,2017-09-30,1711000000,2017-11-19,InventoryNet,2026-08-25
IBM,liabilities,2017-09-30,101879000000,2017-11-19,Liabilities,2026-08-25
IBM,netIncome,2017-09-30,2726000000,2017-11-19,NetIncomeLoss,2026-08-25
IBM,receivables,2017-09-30,8150000000,2017-11-19,AccountsReceivableNetCurrent,2026-08-25
IBM,revenue,2017-09-30,19153000000,2017-11-19,Revenues,2026-08-25
IBM,rnd,2017-09-30,1291000000,2017-11-19,ResearchAndDevelopmentExpense,2026-08-25
ICE,assets,2017-09-30,79118000000,2017-11-19,Assets,2026-08-25
ICE,cash,2017-09-30,419000000,2017-11-19,CashAndCashEquivalentsAtCarryingValue,2026-08-25
ICE,debt,2017-09-30,4865000000,2017-11-19,LongTermDebtNoncurrent,2026-08-25
ICE,equity,2017-09-30,15992000000,2017-11-19,StockholdersEquity,2026-08-25
ICE,liabilities,2017-09-30,63099000000,2017-11-19,Liabilities,2026-08-25
ICE,netIncome,2017-09-30,371000000,2017-11-19,NetIncomeLoss,2026-08-25
ICE,operatingIncome,2017-09-30,596000000,2017-11-19,OperatingIncomeLoss,2026-08-25
ICE,receivables,2017-09-30,897000000,2017-11-19,AccountsReceivableNetCurrent,2026-08-25
ICE,revenue,2017-09-30,1432000000,2017-11-19,Revenues,2026-08-25
ICE,shares,2017-09-30,586000000,2017-11-19,CommonStockSharesOutstanding,2026-08-25
IDXX,assets,2017-09-30,1669334000,2017-11-19,Assets,2026-08-25
IDXX,cash,2017-09-30,169019000,2017-11-19,CashAndCashEquivalentsAtCarryingValue,2026-08-25
IDXX,equity,2017-09-30,-48622000,2017-11-19,StockholdersEquity,2026-08-25
IDXX,grossProfit,2017-09-30,274002000,2017-11-19,GrossProfit,2026-08-25
IDXX,inventory,2017-09-30,176749000,2017-11-19,InventoryNet,2026-08-25
IDXX,liabilities,2017-09-30,1717725000,2017-11-19,Liabilities,2026-08-25
IDXX,netIncome,2017-09-30,70511000,2017-11-19,NetIncomeLoss,2026-08-25
IDXX,operatingIncome,2017-09-30,100413000,2017-11-19,OperatingIncomeLoss,2026-08-25
IDXX,receivables,2017-09-30,228159000,2017-11-19,AccountsReceivableNetCurrent,2026-08-25
IDXX,revenue,2017-09-30,491976000,2017-11-19,RevenueFromContractWithCustomerExcludingAssessedTax,2026-08-25
IDXX,rnd,2017-09-30,27585000,2017-11-19,ResearchAndDevelopmentExpense,2026-08-25
IEX,assets,2017-09-30,3317761000,2017-11-19,Assets,2026-08-25
IEX,cash,2017-09-30,303291000,2017-11-19,CashAndCashEquivalentsAtCarryingValue,2026-08-25
IEX,debt,2017-09-30,874853000,2017-11-19,LongTermDebtNoncurrent,2026-08-25
IEX,equity,2017-09-30,1810312000,2017-11-19,StockholdersEquity,2026-08-25
IEX,grossProfit,2017-09-30,257930000,2017-11-19,GrossProfit,2026-08-25
IEX,inventory,2017-09-30,266705000,2017-11-19,InventoryNet,2026-08-25
IEX,liabilities,2017-09-30,1507449000,2017-11-19,Liabilities,2026-08-25
IEX,netIncome,2017-09-30,83768000,2017-11-19,NetIncomeLoss,2026-08-25
IEX,operatingIncome,2017-09-30,126504000,2017-11-19,OperatingIncomeLoss,2026-08-25
IEX,revenue,2017-09-30,574490000,2017-11-19,Revenues,2026-08-25
IFF,assets,2017-09-30,4520438000,2017-11-19,Assets,2026-08-25
IFF,cash,2017-09-30,316002000,2017-11-19,CashAndCashEquivalentsAtCarryingValue,2026-08-25
IFF,debt,2017-09-30,1625502000,2017-11-19,LongTermDebtNoncurrent,2026-08-25
IFF,equity,2017-09-30,1757313000,2017-11-19,StockholdersEquity,2026-08-25
IFF,grossProfit,2017-09-30,380398000,2017-11-19,GrossProfit,2026-08-25
IFF,inventory,2017-09-30,619516000,2017-11-19,InventoryNet,2026-08-25
IFF,netIncome,2017-09-30,110261000,2017-11-19,NetIncomeLoss,2026-08-25
IFF,operatingIncome,2017-09-30,149000000,2017-11-19,OperatingIncomeLoss,2026-08-25
IFF,revenue,2017-09-30,872940000,2017-11-19,Revenues,2026-08-25
IFF,rnd,2017-09-30,73762000,2017-11-19,ResearchAndDevelopmentExpense,2026-08-25
IFF,shares,2017-09-30,78977158,2017-11-19,CommonStockSharesOutstanding,2026-08-25
INCY,assets,2017-09-30,2374301000,2017-11-19,Assets,2026-08-25
INCY,cash,2017-09-30,1128046000,2017-11-19,CashAndCashEquivalentsAtCarryingValue,2026-08-25
INCY,equity,2017-09-30,1757750000,2017-11-19,StockholdersEquity,2026-08-25
INCY,inventory,2017-09-30,3261000,2017-11-19,InventoryNet,2026-08-25
INCY,liabilities,2017-09-30,616551000,2017-11-19,Liabilities,2026-08-25
INCY,netIncome,2017-09-30,36054000,2017-11-19,NetIncomeLoss,2026-08-25
INCY,operatingIncome,2017-09-30,15019000,2017-11-19,OperatingIncomeLoss,2026-08-25
INCY,revenue,2017-09-30,381534000,2017-11-19,Revenues,2026-08-25
INCY,rnd,2017-09-30,269557000,2017-11-19,ResearchAndDevelopmentExpense,2026-08-25
INCY,shares,2017-09-30,211019366,2017-11-19,CommonStockSharesOutstanding,2026-08-25
INTC,assets,2017-09-30,127088000000,2017-11-19,Assets,2026-08-25
INTC,cash,2017-09-30,9075000000,2017-11-19,CashAndCashEquivalentsAtCarryingValue,2026-08-25
INTC,debt,2017-09-30,27498000000,2017-11-19,LongTermDebtNoncurrent,2026-08-25
INTC,equity,2017-09-30,70936000000,2017-11-19,StockholdersEquity,2026-08-25
INTC,grossProfit,2017-09-30,10064000000,2017-11-19,GrossProfit,2026-08-25
INTC,inventory,2017-09-30,6929000000,2017-11-19,InventoryNet,2026-08-25
INTC,netIncome,2017-09-30,4516000000,2017-11-19,NetIncomeLoss,2026-08-25
INTC,operatingIncome,2017-09-30,5141000000,2017-11-19,OperatingIncomeLoss,2026-08-25
INTC,receivables,2017-09-30,5954000000,2017-11-19,AccountsReceivableNetCurrent,2026-08-25
INTC,revenue,2017-09-30,16149000000,2017-11-19,RevenueFromContractWithCustomerExcludingAssessedTax,2026-08-25
INTC,rnd,2017-09-30,3209000000,2017-11-19,ResearchAndDevelopmentExpense,2026-08-25
INTC,shares,2017-09-30,4680000000,2017-11-19,CommonStockSharesOutstanding,2026-08-25
INTU,assets,2017-07-31,4068000000,2017-09-19,Assets,2026-08-25
INTU,cash,2017-07-31,529000000,2017-09-19,CashAndCashEquivalentsAtCarryingValue,2026-08-25
INTU,debt,2017-07-31,438000000,2017-09-19,LongTermDebt,2026-08-25
INTU,equity,2017-07-31,1699000000,2017-09-19,StockholdersEquity,2026-08-25
INTU,liabilities,2017-07-31,2714000000,2017-09-19,Liabilities,2026-08-25
INTU,netIncome,2017-07-31,24000000,2017-09-19,NetIncomeLoss,2026-08-25
INTU,operatingIncome,2017-07-31,-10000000,2017-09-19,OperatingIncomeLoss,2026-08-25
INTU,receivables,2017-07-31,103000000,2017-09-19,AccountsReceivableNetCurrent,2026-08-25
INTU,revenue,2017-07-31,842000000,2017-09-19,Revenues,2026-08-25
INTU,shares,2017-07-31,255668000,2017-09-19,CommonStockSharesOutstanding,2026-08-25
INVH,assets,2017-09-30,9524524000,2017-11-19,Assets,2026-08-25
INVH,cash,2017-09-30,134441000,2017-11-19,CashAndCashEquivalentsAtCarryingValue,2026-08-25
INVH,equity,2017-09-30,3602013000,2017-11-19,StockholdersEquity,2026-08-25
INVH,liabilities,2017-09-30,5922511000,2017-11-19,Liabilities,2026-08-25
INVH,netIncome,2017-09-30,-22510000,2017-11-19,NetIncomeLoss,2026-08-25
INVH,operatingIncome,2017-09-30,29917000,2017-11-19,OperatingIncomeLoss,2026-08-25
INVH,revenue,2017-09-30,243536000,2017-11-19,Revenues,2026-08-25
INVH,shares,2017-09-30,311354290,2017-11-19,CommonStockSharesOutstanding,2026-08-25
IP,assets,2017-09-30,33813000000,2017-11-19,Assets,2026-08-25
IP,cash,2017-09-30,998000000,2017-11-19,CashAndCashEquivalentsAtCarryingValue,2026-08-25
IP,debt,2017-09-30,11373000000,2017-11-19,LongTermDebtNoncurrent,2026-08-25
IP,equity,2017-09-30,4914000000,2017-11-19,StockholdersEquity,2026-08-25
IP,inventory,2017-09-30,2465000000,2017-11-19,InventoryNet,2026-08-25
IP,netIncome,2017-09-30,395000000,2017-11-19,NetIncomeLoss,2026-08-25
IP,operatingIncome,2017-09-30,674000000,2017-11-19,OperatingIncomeLoss,2026-08-25
IP,revenue,2017-09-30,5517000000,2017-11-19,RevenueFromContractWithCustomerExcludingAssessedTax,2026-08-25
IQV,assets,2017-09-30,22445000000,2017-11-19,Assets,2026-08-25
IQV,cash,2017-09-30,1103000000,2017-11-19,CashAndCashEquivalentsAtCarryingValue,2026-08-25
IQV,debt,2017-09-30,9651000000,2017-11-19,LongTermDebtNoncurrent,2026-08-25
IQV,equity,2017-09-30,7264000000,2017-11-19,StockholdersEquity,2026-08-25
IQV,liabilities,2017-09-30,14938000000,2017-11-19,Liabilities,2026-08-25
IQV,netIncome,2017-09-30,88000000,2017-11-19,NetIncomeLoss,2026-08-25
IQV,operatingIncome,2017-09-30,195000000,2017-11-19,OperatingIncomeLoss,2026-08-25
IQV,revenue,2017-09-30,2465000000,2017-11-19,Revenues,2026-08-25
IR,assets,2017-09-30,4552600000,2017-11-19,Assets,2026-08-25
IR,cash,2017-09-30,303000000,2017-11-19,CashAndCashEquivalentsAtCarryingValue,2026-08-25
IR,equity,2017-09-30,1271800000,2017-11-19,StockholdersEquity,2026-08-25
IR,grossProfit,2017-09-30,253900000,2017-11-19,GrossProfit,2026-08-25
IR,inventory,2017-09-30,507600000,2017-11-19,InventoryNet,2026-08-25
IR,liabilities,2017-09-30,3280800000,2017-11-19,Liabilities,2026-08-25
IR,netIncome,2017-09-30,28000000,2017-11-19,NetIncomeLoss,2026-08-25
IR,operatingIncome,2017-09-30,96000000,2017-11-19,OperatingIncomeLoss,2026-08-25
IR,receivables,2017-09-30,531600000,2017-11-19,AccountsReceivableNetCurrent,2026-08-25
IR,revenue,2017-09-30,649600000,2017-11-19,Revenues,2026-08-25
IRM,assets,2017-09-30,10260006000,2017-11-19,Assets,2026-08-25
IRM,capex,2017-09-30,78539000,2017-11-19,PaymentsToAcquirePropertyPlantAndEquipment,2026-08-25
IRM,cash,2017-09-30,337886000,2017-11-19,CashAndCashEquivalentsAtCarryingValue,2026-08-25
IRM,debt,2017-09-30,6700094000,2017-11-19,LongTermDebtNoncurrent,2026-08-25
IRM,equity,2017-09-30,1866988000,2017-11-19,StockholdersEquity,2026-08-25
IRM,operatingIncome,2017-09-30,176756000,2017-11-19,OperatingIncomeLoss,2026-08-25
IRM,receivables,2017-09-30,784884000,2017-11-19,AccountsReceivableNetCurrent,2026-08-25
IRM,revenue,2017-09-30,965661000,2017-11-19,RevenueFromContractWithCustomerExcludingAssessedTax,2026-08-25
IRM,shares,2017-09-30,266882282,2017-11-19,CommonStockSharesOutstanding,2026-08-25
ISRG,assets,2017-09-30,5644600000,2017-11-19,Assets,2026-08-25
ISRG,cash,2017-09-30,875000000,2017-11-19,CashAndCashEquivalentsAtCarryingValue,2026-08-25
ISRG,equity,2017-09-30,4957900000,2017-11-19,StockholdersEquity,2026-08-25
ISRG,grossProfit,2017-09-30,568100000,2017-11-19,GrossProfit,2026-08-25
ISRG,inventory,2017-09-30,225200000,2017-11-19,InventoryNet,2026-08-25
ISRG,liabilities,2017-09-30,684700000,2017-11-19,Liabilities,2026-08-25
ISRG,netIncome,2017-09-30,298600000,2017-11-19,NetIncomeLoss,2026-08-25
ISRG,operatingIncome,2017-09-30,280600000,2017-11-19,OperatingIncomeLoss,2026-08-25
ISRG,receivables,2017-09-30,468000000,2017-11-19,AccountsReceivableNetCurrent,2026-08-25
ISRG,revenue,2017-09-30,807800000,2017-11-19,RevenueFromContractWithCustomerExcludingAssessedTax,2026-08-25
ISRG,rnd,2017-09-30,83400000,2017-11-19,ResearchAndDevelopmentExpense,2026-08-25
ISRG,shares,2017-09-30,112000000,2017-11-19,CommonStockSharesOutstanding,2026-08-25
IT,assets,2017-09-30,7011492000,2017-11-19,Assets,2026-08-25
IT,buybacks,2017-09-30,3275000,2017-11-19,PaymentsForRepurchaseOfCommonStock,2026-08-25
IT,cash,2017-09-30,630016000,2017-11-19,CashAndCashEquivalentsAtCarryingValue,2026-08-25
IT,debt,2017-09-30,2922229000,2017-11-19,LongTermDebtNoncurrent,2026-08-25
IT,equity,2017-09-30,863410000,2017-11-19,StockholdersEquity,2026-08-25
IT,liabilities,2017-09-30,6148082000,2017-11-19,Liabilities,2026-08-25
IT,netIncome,2017-09-30,-48180000,2017-11-19,NetIncomeLoss,2026-08-25
IT,operatingIncome,2017-09-30,-24349000,2017-11-19,OperatingIncomeLoss,2026-08-25
IT,receivables,2017-09-30,874283000,2017-11-19,AccountsReceivableNetCurrent,2026-08-25
IT,revenue,2017-09-30,828085000,2017-11-19,RevenueFromContractWithCustomerExcludingAssessedTax,2026-08-25
ITW,assets,2017-09-30,16314000000,2017-11-19,Assets,2026-08-25
ITW,cash,2017-09-30,2785000000,2017-11-19,CashAndCashEquivalentsAtCarryingValue,2026-08-25
ITW,inventory,2017-09-30,1225000000,2017-11-19,InventoryNet,2026-08-25
ITW,operatingIncome,2017-09-30,960000000,2017-11-19,OperatingIncomeLoss,2026-08-25
ITW,revenue,2017-09-30,3615000000,2017-11-19,Revenues,2026-08-25
ITW,shares,2017-09-30,342600000,2017-11-19,CommonStockSharesOutstanding,2026-08-25
IVZ,assets,2017-09-30,30372500000,2017-11-19,Assets,2026-08-25
IVZ,cash,2017-09-30,1716300000,2017-11-19,CashAndCashEquivalentsAtCarryingValue,2026-08-25
IVZ,debt,2017-09-30,2075300000,2017-11-19,LongTermDebt,2026-08-25
IVZ,equity,2017-09-30,8314000000,2017-11-19,StockholdersEquity,2026-08-25
IVZ,liabilities,2017-09-30,21514100000,2017-11-19,Liabilities,2026-08-25
IVZ,netIncome,2017-09-30,267500000,2017-11-19,NetIncomeLoss,2026-08-25
IVZ,operatingIncome,2017-09-30,360300000,2017-11-19,OperatingIncomeLoss,2026-08-25
IVZ,revenue,2017-09-30,1337700000,2017-11-19,Revenues,2026-08-25
IVZ,shares,2017-09-30,407100000,2017-11-19,CommonStockSharesOutstanding,2026-08-25
J,assets,2017-09-29,7380859000,2017-11-18,Assets,2026-08-25
J,cash,2017-09-29,607821000,2017-11-18,CashAndCashEquivalentsAtCarryingValue,2026-08-25
J,debt,2017-09-29,235000000,2017-11-18,LongTermDebtNoncurrent,2026-08-25
J,equity,2017-09-29,4428352000,2017-11-18,StockholdersEquity,2026-08-25
J,netIncome,2017-09-29,94141000,2017-11-18,NetIncomeLoss,2026-08-25
J,operatingIncome,2017-09-29,106993000,2017-11-18,OperatingIncomeLoss,2026-08-25
J,revenue,2017-09-29,2653866000,2017-11-18,Revenues,2026-08-25
J,shares,2017-09-29,120385544,2017-11-18,CommonStockSharesOutstanding,2026-08-25
JBHT,assets,2017-09-30,4053923000,2017-11-19,Assets,2026-08-25
JBHT,cash,2017-09-30,7707000,2017-11-19,CashAndCashEquivalentsAtCarryingValue,2026-08-25
JBHT,debt,2017-09-30,1084801000,2017-11-19,LongTermDebtNoncurrent,2026-08-25
JBHT,equity,2017-09-30,1471970000,2017-11-19,StockholdersEquity,2026-08-25
JBHT,netIncome,2017-09-30,100385000,2017-11-19,NetIncomeLoss,2026-08-25
JBHT,operatingIncome,2017-09-30,164972000,2017-11-19,OperatingIncomeLoss,2026-08-25
JBHT,receivables,2017-09-30,858720000,2017-11-19,AccountsReceivableNetCurrent,2026-08-25
JBHT,revenue,2017-09-30,1843334000,2017-11-19,Revenues,2026-08-25
JBL,assets,2017-08-31,11095995000,2017-10-20,Assets,2026-08-25
JBL,cash,2017-08-31,1189919000,2017-10-20,CashAndCashEquivalentsAtCarryingValue,2026-08-25
JBL,debt,2017-08-31,1606017000,2017-10-20,LongTermDebtNoncurrent,2026-08-25
JBL,equity,2017-08-31,2353514000,2017-10-20,StockholdersEquity,2026-08-25
JBL,inventory,2017-08-31,2942083000,2017-10-20,InventoryNet,2026-08-25
JBL,liabilities,2017-08-31,8727651000,2017-10-20,Liabilities,2026-08-25
JBL,shares,2017-08-31,177727653,2017-10-20,CommonStockSharesOutstanding,2026-08-25
JCI,assets,2017-09-30,51884000000,2017-11-19,Assets,2026-08-25
JCI,cash,2017-09-30,301000000,2017-11-19,CashAndCashEquivalentsAtCarryingValue,2026-08-25
JCI,equity,2017-09-30,20447000000,2017-11-19,StockholdersEquity,2026-08-25
JCI,inventory,2017-09-30,3209000000,2017-11-19,InventoryNet,2026-08-25
JCI,receivables,2017-09-30,6666000000,2017-11-19,AccountsReceivableNetCurrent,2026-08-25
JKHY,assets,2017-09-30,1796345000,2017-11-19,Assets,2026-08-25
JKHY,buybacks,2017-09-30,30018000,2017-11-19,PaymentsForRepurchaseOfCommonStock,2026-08-25
JKHY,capex,2017-09-30,3708000,2017-11-19,PaymentsToAcquirePropertyPlantAndEquipment,2026-08-25
JKHY,cash,2017-09-30,104040000,2017-11-19,CashAndCashEquivalentsAtCarryingValue,2026-08-25
JKHY,equity,2017-09-30,1037813000,2017-11-19,StockholdersEquity,2026-08-25
JKHY,liabilities,2017-09-30,758532000,2017-11-19,Liabilities,2026-08-25
JKHY,netIncome,2017-09-30,66870000,2017-11-19,NetIncomeLoss,2026-08-25
JKHY,operatingCashFlow,2017-09-30,138722000,2017-11-19,NetCashProvidedByUsedInOperatingActivities,2026-08-25
JKHY,operatingIncome,2017-09-30,97057000,2017-11-19,OperatingIncomeLoss,2026-08-25
JKHY,revenue,2017-09-30,359934000,2017-11-19,Revenues,2026-08-25
JKHY,rnd,2017-09-30,20929000,2017-11-19,ResearchAndDevelopmentExpense,2026-08-25
JNJ,assets,2017-07-02,152807000000,2017-08-21,Assets,2026-08-25
JNJ,cash,2017-07-02,12598000000,2017-08-21,CashAndCashEquivalentsAtCarryingValue,2026-08-25
JNJ,debt,2017-07-02,27363000000,2017-08-21,LongTermDebtNoncurrent,2026-08-25
JNJ,grossProfit,2017-07-02,12993000000,2017-08-21,GrossProfit,2026-08-25
JNJ,inventory,2017-07-02,9699000000,2017-08-21,InventoryNet,2026-08-25
JNJ,liabilities,2017-07-02,80885000000,2017-08-21,Liabilities,2026-08-25
JNJ,netIncome,2017-07-02,3827000000,2017-08-21,NetIncomeLoss,2026-08-25
JNJ,receivables,2017-07-02,13283000000,2017-08-21,AccountsReceivableNetCurrent,2026-08-25
JNJ,revenue,2017-07-02,18839000000,2017-08-21,RevenueFromContractWithCustomerExcludingAssessedTax,2026-08-25
JPM,assets,2017-09-30,2563074000000,2017-11-19,Assets,2026-08-25
JPM,cash,2017-09-30,459156000000,2017-11-19,CashAndCashEquivalentsAtCarryingValue,2026-08-25
JPM,equity,2017-09-30,258382000000,2017-11-19,StockholdersEquity,2026-08-25
JPM,liabilities,2017-09-30,2304692000000,2017-11-19,Liabilities,2026-08-25
JPM,netIncome,2017-09-30,6732000000,2017-11-19,NetIncomeLoss,2026-08-25
KDP,assets,2017-09-30,16107000000,2017-11-19,Assets,2026-08-25
KDP,cash,2017-09-30,66000000,2017-11-19,CashAndCashEquivalentsAtCarryingValue,2026-08-25
KDP,debt,2017-09-30,3660000000,2017-11-19,LongTermDebtNoncurrent,2026-08-25
KDP,equity,2017-09-30,6828000000,2017-11-19,StockholdersEquity,2026-08-25
KDP,grossProfit,2017-09-30,560000000,2017-11-19,GrossProfit,2026-08-25
KDP,inventory,2017-09-30,474000000,2017-11-19,InventoryNet,2026-08-25
KDP,liabilities,2017-09-30,9060000000,2017-11-19,Liabilities,2026-08-25
KDP,netIncome,2017-09-30,116000000,2017-11-19,NetIncomeLoss,2026-08-25
KDP,operatingIncome,2017-09-30,238000000,2017-11-19,OperatingIncomeLoss,2026-08-25
KDP,receivables,2017-09-30,447000000,2017-11-19,AccountsReceivableNetCurrent,2026-08-25
KDP,revenue,2017-09-30,1140000000,2017-11-19,RevenueFromContractWithCustomerExcludingAssessedTax,2026-08-25
KDP,shares,2017-09-30,6213120,2017-11-19,CommonStockSharesOutstanding,2026-08-25
KEY,assets,2017-09-30,136733000000,2017-11-19,Assets,2026-08-25
KEY,debt,2017-09-30,15100000000,2017-11-19,LongTermDebt,2026-08-25
KEY,equity,2017-09-30,15249000000,2017-11-19,StockholdersEquity,2026-08-25
KEY,liabilities,2017-09-30,121483000000,2017-11-19,Liabilities,2026-08-25
KEY,netIncome,2017-09-30,364000000,2017-11-19,NetIncomeLoss,2026-08-25
KEY,revenue,2017-09-30,1554000000,2017-11-19,Revenues,2026-08-25
KEYS,assets,2017-07-31,5840000000,2017-09-19,Assets,2026-08-25
KEYS,cash,2017-07-31,873000000,2017-09-19,CashAndCashEquivalentsAtCarryingValue,2026-08-25
KEYS,debt,2017-07-31,2047000000,2017-09-19,LongTermDebtNoncurrent,2026-08-25
KEYS,equity,2017-07-31,2219000000,2017-09-19,StockholdersEquity,2026-08-25
KEYS,inventory,2017-07-31,561000000,2017-09-19,InventoryNet,2026-08-25
KEYS,liabilities,2017-07-31,3621000000,2017-09-19,Liabilities,2026-08-25
KEYS,operatingIncome,2017-07-31,-4000000,2017-09-19,OperatingIncomeLoss,2026-08-25
KEYS,receivables,2017-07-31,521000000,2017-09-19,AccountsReceivableNetCurrent,2026-08-25
KEYS,revenue,2017-07-31,863000000,2017-09-19,Revenues,2026-08-25
KEYS,rnd,2017-07-31,132000000,2017-09-19,ResearchAndDevelopmentExpense,2026-08-25
KHC,assets,2017-09-30,119902000000,2017-11-19,Assets,2026-08-25
KHC,cash,2017-09-30,1441000000,2017-11-19,CashAndCashEquivalentsAtCarryingValue,2026-08-25
KHC,equity,2017-09-30,58600000000,2017-11-19,StockholdersEquity,2026-08-25
KHC,grossProfit,2017-09-30,2156000000,2017-11-19,GrossProfit,2026-08-25
KHC,inventory,2017-09-30,3136000000,2017-11-19,InventoryNet,2026-08-25
KHC,liabilities,2017-09-30,61090000000,2017-11-19,Liabilities,2026-08-25
KHC,netIncome,2017-09-30,913000000,2017-11-19,NetIncomeLoss,2026-08-25
KHC,operatingIncome,2017-09-30,1491000000,2017-11-19,OperatingIncomeLoss,2026-08-25
KHC,receivables,2017-09-30,938000000,2017-11-19,AccountsReceivableNetCurrent,2026-08-25
KHC,shares,2017-09-30,1218000000,2017-11-19,CommonStockSharesOutstanding,2026-08-25
KIM,assets,2017-09-30,11702241000,2017-11-19,Assets,2026-08-25
KIM,cash,2017-09-30,156588000,2017-11-19,CashAndCashEquivalentsAtCarryingValue,2026-08-25
KIM,equity,2017-09-30,5213332000,2017-11-19,StockholdersEquity,2026-08-25
KIM,liabilities,2017-09-30,6277958000,2017-11-19,Liabilities,2026-08-25
KIM,netIncome,2017-09-30,121030000,2017-11-19,NetIncomeLoss,2026-08-25
KIM,operatingIncome,2017-09-30,99845000,2017-11-19,OperatingIncomeLoss,2026-08-25
KIM,revenue,2017-09-30,294845000,2017-11-19,Revenues,2026-08-25
KIM,shares,2017-09-30,425633409,2017-11-19,CommonStockSharesOutstanding,2026-08-25
KKR,assets,2017-09-30,44305639000,2017-11-19,Assets,2026-08-25
KKR,cash,2017-09-30,2436566000,2017-11-19,CashAndCashEquivalentsAtCarryingValue,2026-08-25
KKR,liabilities,2017-09-30,24440205000,2017-11-19,Liabilities,2026-08-25
KKR,netIncome,2017-09-30,161904000,2017-11-19,NetIncomeLoss,2026-08-25
KKR,revenue,2017-09-30,749652000,2017-11-19,Revenues,2026-08-25
KLAC,assets,2017-09-30,5690398000,2017-11-19,Assets,2026-08-25
KLAC,buybacks,2017-09-30,39927000,2017-11-19,PaymentsForRepurchaseOfCommonStock,2026-08-25
KLAC,capex,2017-09-30,15756000,2017-11-19,PaymentsToAcquirePropertyPlantAndEquipment,2026-08-25
KLAC,cash,2017-09-30,1320697000,2017-11-19,CashAndCashEquivalentsAtCarryingValue,2026-08-25
KLAC,debt,2017-09-30,2524842000,2017-11-19,LongTermDebtNoncurrent,2026-08-25
KLAC,equity,2017-09-30,1463956000,2017-11-19,StockholdersEquity,2026-08-25
KLAC,grossProfit,2017-09-30,616464000,2017-11-19,GrossProfit,2026-08-25
KLAC,inventory,2017-09-30,762401000,2017-11-19,InventoryNet,2026-08-25
KLAC,liabilities,2017-09-30,4226442000,2017-11-19,Liabilities,2026-08-25
KLAC,netIncome,2017-09-30,280936000,2017-11-19,NetIncomeLoss,2026-08-25
KLAC,operatingCashFlow,2017-09-30,373629000,2017-11-19,NetCashProvidedByUsedInOperatingActivities,2026-08-25
KLAC,receivables,2017-09-30,666738000,2017-11-19,AccountsReceivableNetCurrent,2026-08-25
KLAC,revenue,2017-09-30,969581000,2017-11-19,RevenueFromContractWithCustomerExcludingAssessedTax,2026-08-25
KLAC,rnd,2017-09-30,146687000,2017-11-19,ResearchAndDevelopmentExpense,2026-08-25
KMB,assets,2017-09-30,15049000000,2017-11-19,Assets,2026-08-25
KMB,cash,2017-09-30,655000000,2017-11-19,CashAndCashEquivalentsAtCarryingValue,2026-08-25
KMB,equity,2017-09-30,259000000,2017-11-19,StockholdersEquity,2026-08-25
KMB,grossProfit,2017-09-30,1667000000,2017-11-19,GrossProfit,2026-08-25
KMB,inventory,2017-09-30,1748000000,2017-11-19,InventoryNet,2026-08-25
KMB,netIncome,2017-09-30,567000000,2017-11-19,NetIncomeLoss,2026-08-25
KMB,operatingIncome,2017-09-30,868000000,2017-11-19,OperatingIncomeLoss,2026-08-25
KMB,receivables,2017-09-30,2360000000,2017-11-19,AccountsReceivableNetCurrent,2026-08-25
KMB,revenue,2017-09-30,4665000000,2017-11-19,SalesRevenueNet,2026-08-25
KMB,shares,2017-09-30,351900000,2017-11-19,CommonStockSharesOutstanding,2026-08-25
KMI,assets,2017-09-30,80351000000,2017-11-19,Assets,2026-08-25
KMI,cash,2017-09-30,539000000,2017-11-19,CashAndCashEquivalentsAtCarryingValue,2026-08-25
KMI,debt,2017-09-30,35116000000,2017-11-19,LongTermDebtNoncurrent,2026-08-25
KMI,equity,2017-09-30,35225000000,2017-11-19,StockholdersEquity,2026-08-25
KMI,inventory,2017-09-30,428000000,2017-11-19,InventoryNet,2026-08-25
KMI,liabilities,2017-09-30,43827000000,2017-11-19,Liabilities,2026-08-25
KMI,netIncome,2017-09-30,373000000,2017-11-19,NetIncomeLoss,2026-08-25
KMI,operatingIncome,2017-09-30,826000000,2017-11-19,OperatingIncomeLoss,2026-08-25
KMI,receivables,2017-09-30,1194000000,2017-11-19,AccountsReceivableNetCurrent,2026-08-25
KMI,revenue,2017-09-30,3281000000,2017-11-19,Revenues,2026-08-25
KMI,shares,2017-09-30,2231000000,2017-11-19,CommonStockSharesOutstanding,2026-08-25
KO,assets,2017-09-29,90515000000,2017-11-18,Assets,2026-08-25
KO,cash,2017-09-29,12528000000,2017-11-18,CashAndCashEquivalentsAtCarryingValue,2026-08-25
KO,debt,2017-09-29,32471000000,2017-11-18,LongTermDebtNoncurrent,2026-08-25
KO,equity,2017-09-29,22119000000,2017-11-18,StockholdersEquity,2026-08-25
KO,grossProfit,2017-09-29,5684000000,2017-11-18,GrossProfit,2026-08-25
KO,inventory,2017-09-29,2608000000,2017-11-18,InventoryNet,2026-08-25
KO,netIncome,2017-09-29,1447000000,2017-11-18,NetIncomeLoss,2026-08-25
KO,operatingIncome,2017-09-29,2245000000,2017-11-18,OperatingIncomeLoss,2026-08-25
KO,receivables,2017-09-29,3664000000,2017-11-18,AccountsReceivableNetCurrent,2026-08-25
KO,revenue,2017-09-29,9078000000,2017-11-18,Revenues,2026-08-25
KR,netIncome,2017-08-12,353000000,2017-10-01,NetIncomeLoss,2026-08-25
KR,operatingIncome,2017-08-12,684000000,2017-10-01,OperatingIncomeLoss,2026-08-25
KR,revenue,2017-08-12,27597000000,2017-10-01,RevenueFromContractWithCustomerExcludingAssessedTax,2026-08-25
L,assets,2017-09-30,79527000000,2017-11-19,Assets,2026-08-25
L,equity,2017-09-30,19021000000,2017-11-19,StockholdersEquity,2026-08-25
L,liabilities,2017-09-30,55166000000,2017-11-19,Liabilities,2026-08-25
L,netIncome,2017-09-30,157000000,2017-11-19,NetIncomeLoss,2026-08-25
L,revenue,2017-09-30,3521000000,2017-11-19,Revenues,2026-08-25
LDOS,assets,2017-09-29,8923000000,2017-11-18,Assets,2026-08-25
LDOS,cash,2017-09-29,287000000,2017-11-18,CashAndCashEquivalentsAtCarryingValue,2026-08-25
LDOS,equity,2017-09-29,3294000000,2017-11-18,StockholdersEquity,2026-08-25
LDOS,netIncome,2017-09-29,82000000,2017-11-18,NetIncomeLoss,2026-08-25
LDOS,operatingIncome,2017-09-29,151000000,2017-11-18,OperatingIncomeLoss,2026-08-25
LDOS,revenue,2017-09-29,2503000000,2017-11-18,Revenues,2026-08-25
LDOS,shares,2017-09-29,151000000,2017-11-18,CommonStockSharesOutstanding,2026-08-25
LEN,assets,2017-08-31,16939373000,2017-10-20,Assets,2026-08-25
LEN,cash,2017-08-31,837726000,2017-10-20,CashAndCashEquivalentsAtCarryingValue,2026-08-25
LEN,equity,2017-08-31,7554260000,2017-10-20,StockholdersEquity,2026-08-25
LEN,grossProfit,2017-08-31,650411000,2017-10-20,GrossProfit,2026-08-25
LEN,liabilities,2017-08-31,9279913000,2017-10-20,Liabilities,2026-08-25
LEN,netIncome,2017-08-31,249165000,2017-10-20,NetIncomeLoss,2026-08-25
LEN,operatingIncome,2017-08-31,441245000,2017-10-20,OperatingIncomeLoss,2026-08-25
LEN,revenue,2017-08-31,3261476000,2017-10-20,Revenues,2026-08-25
LH,assets,2017-09-30,16691800000,2017-11-19,Assets,2026-08-25
LH,cash,2017-09-30,409300000,2017-11-19,CashAndCashEquivalentsAtCarryingValue,2026-08-25
LH,debt,2017-09-30,7200300000,2017-11-19,LongTermDebtNoncurrent,2026-08-25
LH,equity,2017-09-30,6118600000,2017-11-19,StockholdersEquity,2026-08-25
LH,grossProfit,2017-09-30,784200000,2017-11-19,GrossProfit,2026-08-25
LH,inventory,2017-09-30,217200000,2017-11-19,InventoryNet,2026-08-25
LH,liabilities,2017-09-30,10539000000,2017-11-19,Liabilities,2026-08-25
LH,netIncome,2017-09-30,171500000,2017-11-19,NetIncomeLoss,2026-08-25
LH,operatingIncome,2017-09-30,326700000,2017-11-19,OperatingIncomeLoss,2026-08-25
LH,receivables,2017-09-30,1556600000,2017-11-19,AccountsReceivableNetCurrent,2026-08-25
LH,revenue,2017-09-30,2621400000,2017-11-19,Revenues,2026-08-25
LH,shares,2017-09-30,102100000,2017-11-19,CommonStockSharesOutstanding,2026-08-25
LHX,assets,2017-09-29,10099000000,2017-11-18,Assets,2026-08-25
LHX,buybacks,2017-09-29,75000000,2017-11-18,PaymentsForRepurchaseOfCommonStock,2026-08-25
LHX,capex,2017-09-29,23000000,2017-11-18,PaymentsToAcquirePropertyPlantAndEquipment,2026-08-25
LHX,cash,2017-09-29,388000000,2017-11-18,CashAndCashEquivalentsAtCarryingValue,2026-08-25
LHX,equity,2017-09-29,2960000000,2017-11-18,StockholdersEquity,2026-08-25
LHX,inventory,2017-09-29,896000000,2017-11-18,InventoryNet,2026-08-25
LHX,netIncome,2017-09-29,159000000,2017-11-18,NetIncomeLoss,2026-08-25
LHX,operatingCashFlow,2017-09-29,95000000,2017-11-18,NetCashProvidedByUsedInOperatingActivities,2026-08-25
LHX,operatingIncome,2017-09-29,272000000,2017-11-18,OperatingIncomeLoss,2026-08-25
LHX,revenue,2017-09-29,1410000000,2017-11-18,RevenueFromContractWithCustomerExcludingAssessedTax,2026-08-25
LHX,shares,2017-09-29,119045836,2017-11-18,CommonStockSharesOutstanding,2026-08-25
LII,assets,2017-09-30,2055700000,2017-11-19,Assets,2026-08-25
LII,cash,2017-09-30,60700000,2017-11-19,CashAndCashEquivalentsAtCarryingValue,2026-08-25
LII,grossProfit,2017-09-30,313700000,2017-11-19,GrossProfit,2026-08-25
LII,inventory,2017-09-30,530900000,2017-11-19,InventoryNet,2026-08-25
LII,liabilities,2017-09-30,2023200000,2017-11-19,Liabilities,2026-08-25
LII,netIncome,2017-09-30,103500000,2017-11-19,NetIncomeLoss,2026-08-25
LII,operatingIncome,2017-09-30,154600000,2017-11-19,OperatingIncomeLoss,2026-08-25
LII,revenue,2017-09-30,1052300000,2017-11-19,Revenues,2026-08-25
LIN,assets,2017-09-30,9067652,2017-11-19,Assets,2026-08-25
LIN,cash,2017-09-30,83342,2017-11-19,CashAndCashEquivalentsAtCarryingValue,2026-08-25
LIN,equity,2017-09-30,-774997,2017-11-19,StockholdersEquity,2026-08-25
LIN,netIncome,2017-09-30,419000000,2017-11-19,NetIncomeLoss,2026-08-25
LIN,operatingIncome,2017-09-30,632000000,2017-11-19,OperatingIncomeLoss,2026-08-25
LIN,revenue,2017-09-30,2922000000,2017-11-19,RevenueFromContractWithCustomerExcludingAssessedTax,2026-08-25
LITE,assets,2017-09-30,1248400000,2017-11-19,Assets,2026-08-25
LITE,capex,2017-09-30,33000000,2017-11-19,PaymentsToAcquirePropertyPlantAndEquipment,2026-08-25
LITE,cash,2017-09-30,150800000,2017-11-19,CashAndCashEquivalentsAtCarryingValue,2026-08-25
LITE,debt,2017-09-30,456700000,2017-11-19,LongTermDebt,2026-08-25
LITE,equity,2017-09-30,641100000,2017-11-19,StockholdersEquity,2026-08-25
LITE,grossProfit,2017-09-30,68500000,2017-11-19,GrossProfit,2026-08-25
LITE,inventory,2017-09-30,147200000,2017-11-19,InventoryNet,2026-08-25
LITE,liabilities,2017-09-30,571500000,2017-11-19,Liabilities,2026-08-25
LITE,netIncome,2017-09-30,7100000,2017-11-19,NetIncomeLoss,2026-08-25
LITE,operatingCashFlow,2017-09-30,9700000,2017-11-19,NetCashProvidedByUsedInOperatingActivities,2026-08-25
LITE,operatingIncome,2017-09-30,2700000,2017-11-19,OperatingIncomeLoss,2026-08-25
LITE,receivables,2017-09-30,173800000,2017-11-19,AccountsReceivableNetCurrent,2026-08-25
LITE,revenue,2017-09-30,243200000,2017-11-19,Revenues,2026-08-25
LITE,rnd,2017-09-30,36300000,2017-11-19,ResearchAndDevelopmentExpense,2026-08-25
LITE,shares,2017-09-30,62006405,2017-11-19,CommonStockSharesOutstanding,2026-08-25
LLY,assets,2017-09-30,43010400000,2017-11-19,Assets,2026-08-25
LLY,cash,2017-09-30,3724300000,2017-11-19,CashAndCashEquivalentsAtCarryingValue,2026-08-25
LLY,debt,2017-09-30,9926600000,2017-11-19,LongTermDebtNoncurrent,2026-08-25
LLY,equity,2017-09-30,14890300000,2017-11-19,StockholdersEquity,2026-08-25
LLY,inventory,2017-09-30,4406900000,2017-11-19,InventoryNet,2026-08-25
LLY,netIncome,2017-09-30,555600000,2017-11-19,NetIncomeLoss,2026-08-25
LLY,receivables,2017-09-30,4401300000,2017-11-19,AccountsReceivableNetCurrent,2026-08-25
LLY,revenue,2017-09-30,4961000000,2017-11-19,Revenues,2026-08-25
LLY,rnd,2017-09-30,1340000000,2017-11-19,ResearchAndDevelopmentExpense,2026-08-25
LMT,assets,2017-09-24,48946000000,2017-11-13,Assets,2026-08-25
LMT,cash,2017-09-24,2941000000,2017-11-13,CashAndCashEquivalentsAtCarryingValue,2026-08-25
LMT,debt,2017-09-24,14268000000,2017-11-13,LongTermDebtNoncurrent,2026-08-25
LMT,equity,2017-09-24,2098000000,2017-11-13,StockholdersEquity,2026-08-25
LMT,grossProfit,2017-09-24,1600000000,2017-11-13,GrossProfit,2026-08-25
LMT,liabilities,2017-09-24,46771000000,2017-11-13,Liabilities,2026-08-25
LMT,netIncome,2017-09-24,963000000,2017-11-13,NetIncomeLoss,2026-08-25
LMT,operatingIncome,2017-09-24,1677000000,2017-11-13,OperatingIncomeLoss,2026-08-25
LMT,revenue,2017-09-24,12341000000,2017-11-13,Revenues,2026-08-25
LNT,assets,2017-09-30,14114900000,2017-11-19,Assets,2026-08-25
LNT,cash,2017-09-30,9200000,2017-11-19,CashAndCashEquivalentsAtCarryingValue,2026-08-25
LNT,debt,2017-09-30,4255100000,2017-11-19,LongTermDebtNoncurrent,2026-08-25
LNT,equity,2017-09-30,4154200000,2017-11-19,StockholdersEquity,2026-08-25
LNT,netIncome,2017-09-30,171400000,2017-11-19,NetIncomeLoss,2026-08-25
LNT,operatingIncome,2017-09-30,236300000,2017-11-19,OperatingIncomeLoss,2026-08-25
LNT,receivables,2017-09-30,336100000,2017-11-19,AccountsReceivableNetCurrent,2026-08-25
LNT,revenue,2017-09-30,906900000,2017-11-19,Revenues,2026-08-25
LNT,shares,2017-09-30,231204360,2017-11-19,CommonStockSharesOutstanding,2026-08-25
LOW,assets,2017-08-04,36668000000,2017-09-23,Assets,2026-08-25
LOW,cash,2017-08-04,1696000000,2017-09-23,CashAndCashEquivalentsAtCarryingValue,2026-08-25
LOW,equity,2017-08-04,5536000000,2017-09-23,StockholdersEquity,2026-08-25
LOW,grossProfit,2017-08-04,6670000000,2017-09-23,GrossProfit,2026-08-25
LOW,inventory,2017-08-04,11407000000,2017-09-23,InventoryNet,2026-08-25
LOW,liabilities,2017-08-04,31132000000,2017-09-23,Liabilities,2026-08-25
LOW,netIncome,2017-08-04,1419000000,2017-09-23,NetIncomeLoss,2026-08-25
LOW,operatingIncome,2017-08-04,2382000000,2017-09-23,OperatingIncomeLoss,2026-08-25
LOW,revenue,2017-08-04,19495000000,2017-09-23,RevenueFromContractWithCustomerExcludingAssessedTax,2026-08-25
LOW,shares,2017-08-04,837000000,2017-09-23,CommonStockSharesOutstanding,2026-08-25
LRCX,assets,2017-09-24,12398626000,2017-11-13,Assets,2026-08-25
LRCX,buybacks,2017-09-24,155385000,2017-11-13,PaymentsForRepurchaseOfCommonStock,2026-08-25
LRCX,capex,2017-09-24,60064000,2017-11-13,PaymentsToAcquireProductiveAssets,2026-08-25
LRCX,cash,2017-09-24,2406462000,2017-11-13,CashAndCashEquivalentsAtCarryingValue,2026-08-25
LRCX,debt,2017-09-24,1776783000,2017-11-13,LongTermDebtNoncurrent,2026-08-25
LRCX,equity,2017-09-24,7271178000,2017-11-13,StockholdersEquity,2026-08-25
LRCX,grossProfit,2017-09-24,1149343000,2017-11-13,GrossProfit,2026-08-25
LRCX,inventory,2017-09-24,1328297000,2017-11-13,InventoryNet,2026-08-25
LRCX,liabilities,2017-09-24,4990452000,2017-11-13,Liabilities,2026-08-25
LRCX,netIncome,2017-09-24,590690000,2017-11-13,NetIncomeLoss,2026-08-25
LRCX,operatingCashFlow,2017-09-24,858306000,2017-11-13,NetCashProvidedByUsedInOperatingActivities,2026-08-25
LRCX,operatingIncome,2017-09-24,693222000,2017-11-13,OperatingIncomeLoss,2026-08-25
LRCX,receivables,2017-09-24,1530762000,2017-11-13,AccountsReceivableNetCurrent,2026-08-25
LRCX,revenue,2017-09-24,2478140000,2017-11-13,RevenueFromContractWithCustomerExcludingAssessedTax,2026-08-25
LRCX,rnd,2017-09-24,275078000,2017-11-13,ResearchAndDevelopmentExpense,2026-08-25
LRCX,shares,2017-09-24,162144000,2017-11-13,CommonStockSharesOutstanding,2026-08-25
LULU,assets,2017-07-30,1686923000,2017-09-18,Assets,2026-08-25
LULU,capex,2017-07-30,30010000,2017-09-18,PaymentsToAcquirePropertyPlantAndEquipment,2026-08-25
LULU,cash,2017-07-30,721212000,2017-09-18,CashAndCashEquivalentsAtCarryingValue,2026-08-25
LULU,equity,2017-07-30,1397809000,2017-09-18,StockholdersEquity,2026-08-25
LULU,grossProfit,2017-07-30,297422000,2017-09-18,GrossProfit,2026-08-25
LULU,liabilities,2017-07-30,289114000,2017-09-18,Liabilities,2026-08-25
LULU,netIncome,2017-07-30,48711000,2017-09-18,NetIncomeLoss,2026-08-25
LULU,operatingIncome,2017-07-30,68712000,2017-09-18,OperatingIncomeLoss,2026-08-25
LULU,revenue,2017-07-30,581054000,2017-09-18,SalesRevenueNet,2026-08-25
LULU,shares,2017-07-30,125697000,2017-09-18,CommonStockSharesOutstanding,2026-08-25
LUV,assets,2017-09-30,24249000000,2017-11-19,Assets,2026-08-25
LUV,buybacks,2017-09-30,300000000,2017-11-19,PaymentsForRepurchaseOfCommonStock,2026-08-25
LUV,capex,2017-09-30,638000000,2017-11-19,PaymentsToAcquireProductiveAssets,2026-08-25
LUV,cash,2017-09-30,1460000000,2017-11-19,CashAndCashEquivalentsAtCarryingValue,2026-08-25
LUV,equity,2017-09-30,8800000000,2017-11-19,StockholdersEquity,2026-08-25
LUV,netIncome,2017-09-30,528000000,2017-11-19,NetIncomeLoss,2026-08-25
LUV,operatingCashFlow,2017-09-30,996000000,2017-11-19,NetCashProvidedByUsedInOperatingActivities,2026-08-25
LUV,operatingIncome,2017-09-30,845000000,2017-11-19,OperatingIncomeLoss,2026-08-25
LUV,revenue,2017-09-30,5303000000,2017-11-19,Revenues,2026-08-25
LVS,assets,2017-09-30,19808000000,2017-11-19,Assets,2026-08-25
LVS,cash,2017-09-30,2001000000,2017-11-19,CashAndCashEquivalentsAtCarryingValue,2026-08-25
LVS,equity,2017-09-30,5896000000,2017-11-19,StockholdersEquity,2026-08-25
LVS,inventory,2017-09-30,45000000,2017-11-19,InventoryNet,2026-08-25
LVS,liabilities,2017-09-30,12917000000,2017-11-19,Liabilities,2026-08-25
LVS,netIncome,2017-09-30,569000000,2017-11-19,NetIncomeLoss,2026-08-25
LVS,operatingIncome,2017-09-30,855000000,2017-11-19,OperatingIncomeLoss,2026-08-25
LVS,receivables,2017-09-30,637000000,2017-11-19,AccountsReceivableNetCurrent,2026-08-25
LVS,revenue,2017-09-30,3161000000,2017-11-19,Revenues,2026-08-25
LVS,shares,2017-09-30,790000000,2017-11-19,CommonStockSharesOutstanding,2026-08-25
LYB,assets,2017-09-30,25243000000,2017-11-19,Assets,2026-08-25
LYB,cash,2017-09-30,1204000000,2017-11-19,CashAndCashEquivalentsAtCarryingValue,2026-08-25
LYB,equity,2017-09-30,7326000000,2017-11-19,StockholdersEquity,2026-08-25
LYB,grossProfit,2017-09-30,1577000000,2017-11-19,GrossProfit,2026-08-25
LYB,inventory,2017-09-30,4177000000,2017-11-19,InventoryNet,2026-08-25
LYB,netIncome,2017-09-30,1057000000,2017-11-19,NetIncomeLoss,2026-08-25
LYB,operatingIncome,2017-09-30,1332000000,2017-11-19,OperatingIncomeLoss,2026-08-25
LYB,receivables,2017-09-30,3097000000,2017-11-19,AccountsReceivableNetCurrent,2026-08-25
LYB,revenue,2017-09-30,8516000000,2017-11-19,Revenues,2026-08-25
LYB,rnd,2017-09-30,27000000,2017-11-19,ResearchAndDevelopmentExpense,2026-08-25
LYB,shares,2017-09-30,394458141,2017-11-19,CommonStockSharesOutstanding,2026-08-25
LYV,assets,2017-09-30,7810524000,2017-11-19,Assets,2026-08-25
LYV,cash,2017-09-30,1801013000,2017-11-19,CashAndCashEquivalentsAtCarryingValue,2026-08-25
LYV,equity,2017-09-30,1378974000,2017-11-19,StockholdersEquity,2026-08-25
LYV,netIncome,2017-09-30,136393000,2017-11-19,NetIncomeLoss,2026-08-25
LYV,operatingIncome,2017-09-30,201347000,2017-11-19,OperatingIncomeLoss,2026-08-25
LYV,receivables,2017-09-30,991215000,2017-11-19,AccountsReceivableNetCurrent,2026-08-25
LYV,revenue,2017-09-30,3440308000,2017-11-19,Revenues,2026-08-25
MA,assets,2017-09-30,20914000000,2017-11-19,Assets,2026-08-25
MA,cash,2017-09-30,5559000000,2017-11-19,CashAndCashEquivalentsAtCarryingValue,2026-08-25
MA,debt,2017-09-30,5393000000,2017-11-19,LongTermDebtNoncurrent,2026-08-25
MA,equity,2017-09-30,6442000000,2017-11-19,StockholdersEquity,2026-08-25
MA,liabilities,2017-09-30,14376000000,2017-11-19,Liabilities,2026-08-25
MA,operatingIncome,2017-09-30,1941000000,2017-11-19,OperatingIncomeLoss,2026-08-25
MA,receivables,2017-09-30,1858000000,2017-11-19,AccountsReceivableNetCurrent,2026-08-25
MA,revenue,2017-09-30,3398000000,2017-11-19,Revenues,2026-08-25
MAA,shares,2017-09-30,113627014,2017-11-19,CommonStockSharesOutstanding,2026-08-25
MAR,assets,2017-09-30,24236000000,2017-11-19,Assets,2026-08-25
MAR,cash,2017-09-30,508000000,2017-11-19,CashAndCashEquivalentsAtCarryingValue,2026-08-25
MAR,equity,2017-09-30,4512000000,2017-11-19,StockholdersEquity,2026-08-25
MAR,netIncome,2017-09-30,485000000,2017-11-19,NetIncomeLoss,2026-08-25
MAR,operatingIncome,2017-09-30,790000000,2017-11-19,OperatingIncomeLoss,2026-08-25
MAR,revenue,2017-09-30,5078000000,2017-11-19,Revenues,2026-08-25
MAR,shares,2017-09-30,366400000,2017-11-19,CommonStockSharesOutstanding,2026-08-25
MAS,assets,2017-09-30,5483000000,2017-11-19,Assets,2026-08-25
MAS,cash,2017-09-30,1141000000,2017-11-19,CashAndCashEquivalentsAtCarryingValue,2026-08-25
MAS,debt,2017-09-30,2969000000,2017-11-19,LongTermDebtNoncurrent,2026-08-25
MAS,equity,2017-09-30,-159000000,2017-11-19,StockholdersEquity,2026-08-25
MAS,grossProfit,2017-09-30,657000000,2017-11-19,GrossProfit,2026-08-25
MAS,inventory,2017-09-30,866000000,2017-11-19,InventoryNet,2026-08-25
MAS,liabilities,2017-09-30,5423000000,2017-11-19,Liabilities,2026-08-25
MAS,netIncome,2017-09-30,152000000,2017-11-19,NetIncomeLoss,2026-08-25
MAS,operatingIncome,2017-09-30,309000000,2017-11-19,OperatingIncomeLoss,2026-08-25
MAS,revenue,2017-09-30,1945000000,2017-11-19,RevenueFromContractWithCustomerExcludingAssessedTax,2026-08-25
MAS,shares,2017-09-30,311500000,2017-11-19,CommonStockSharesOutstanding,2026-08-25
MCD,assets,2017-09-30,32559600000,2017-11-19,Assets,2026-08-25
MCD,buybacks,2017-09-30,2081700000,2017-11-19,PaymentsForRepurchaseOfCommonStock,2026-08-25
MCD,capex,2017-09-30,416900000,2017-11-19,PaymentsToAcquirePropertyPlantAndEquipment,2026-08-25
MCD,cash,2017-09-30,2671200000,2017-11-19,CashAndCashEquivalentsAtCarryingValue,2026-08-25
MCD,debt,2017-09-30,28402600000,2017-11-19,LongTermDebtNoncurrent,2026-08-25
MCD,equity,2017-09-30,-3477600000,2017-11-19,StockholdersEquity,2026-08-25
MCD,inventory,2017-09-30,54200000,2017-11-19,InventoryNet,2026-08-25
MCD,netIncome,2017-09-30,1883700000,2017-11-19,NetIncomeLoss,2026-08-25
MCD,operatingCashFlow,2017-09-30,1684500000,2017-11-19,NetCashProvidedByUsedInOperatingActivities,2026-08-25
MCD,operatingIncome,2017-09-30,3079400000,2017-11-19,OperatingIncomeLoss,2026-08-25
MCD,revenue,2017-09-30,5754600000,2017-11-19,Revenues,2026-08-25
MCHP,assets,2017-09-30,8055198000,2017-11-19,Assets,2026-08-25
MCHP,cash,2017-09-30,826407000,2017-11-19,CashAndCashEquivalentsAtCarryingValue,2026-08-25
MCHP,debt,2017-09-30,3011852000,2017-11-19,LongTermDebtNoncurrent,2026-08-25
MCHP,equity,2017-09-30,3546124000,2017-11-19,StockholdersEquity,2026-08-25
MCHP,grossProfit,2017-09-30,614100000,2017-11-19,GrossProfit,2026-08-25
MCHP,inventory,2017-09-30,456939000,2017-11-19,InventoryNet,2026-08-25
MCHP,netIncome,2017-09-30,189200000,2017-11-19,NetIncomeLoss,2026-08-25
MCHP,operatingIncome,2017-09-30,225400000,2017-11-19,OperatingIncomeLoss,2026-08-25
MCHP,receivables,2017-09-30,545416000,2017-11-19,AccountsReceivableNetCurrent,2026-08-25
MCHP,revenue,2017-09-30,1012100000,2017-11-19,Revenues,2026-08-25
MCHP,rnd,2017-09-30,133600000,2017-11-19,ResearchAndDevelopmentExpense,2026-08-25
MCHP,shares,2017-09-30,233847159,2017-11-19,CommonStockSharesOutstanding,2026-08-25
MCK,assets,2017-09-30,63846000000,2017-11-19,Assets,2026-08-25
MCK,cash,2017-09-30,2563000000,2017-11-19,CashAndCashEquivalentsAtCarryingValue,2026-08-25
MCK,debt,2017-09-30,7490000000,2017-11-19,LongTermDebtNoncurrent,2026-08-25
MCK,equity,2017-09-30,11143000000,2017-11-19,StockholdersEquity,2026-08-25
MCK,grossProfit,2017-09-30,2834000000,2017-11-19,GrossProfit,2026-08-25
MCK,inventory,2017-09-30,16885000000,2017-11-19,InventoryNet,2026-08-25
MCK,netIncome,2017-09-30,1000000,2017-11-19,NetIncomeLoss,2026-08-25
MCK,operatingIncome,2017-09-30,239000000,2017-11-19,OperatingIncomeLoss,2026-08-25
MCK,revenue,2017-09-30,52061000000,2017-11-19,RevenueFromContractWithCustomerExcludingAssessedTax,2026-08-25
MCO,assets,2017-09-30,8304900000,2017-11-19,Assets,2026-08-25
MCO,cash,2017-09-30,962800000,2017-11-19,CashAndCashEquivalentsAtCarryingValue,2026-08-25
MCO,debt,2017-09-30,5107300000,2017-11-19,LongTermDebtNoncurrent,2026-08-25
MCO,equity,2017-09-30,-369100000,2017-11-19,StockholdersEquity,2026-08-25
MCO,liabilities,2017-09-30,8461700000,2017-11-19,Liabilities,2026-08-25
MCO,netIncome,2017-09-30,317300000,2017-11-19,NetIncomeLoss,2026-08-25
MCO,operatingIncome,2017-09-30,448500000,2017-11-19,OperatingIncomeLoss,2026-08-25
MCO,receivables,2017-09-30,1007300000,2017-11-19,AccountsReceivableNetCurrent,2026-08-25
MCO,revenue,2017-09-30,1062900000,2017-11-19,Revenues,2026-08-25
MDLZ,assets,2017-09-30,63291000000,2017-11-19,Assets,2026-08-25
MDLZ,equity,2017-09-30,26031000000,2017-11-19,StockholdersEquity,2026-08-25
MDLZ,grossProfit,2017-09-30,2549000000,2017-11-19,GrossProfit,2026-08-25
MDLZ,inventory,2017-09-30,2781000000,2017-11-19,InventoryNet,2026-08-25
MDLZ,liabilities,2017-09-30,37192000000,2017-11-19,Liabilities,2026-08-25
MDLZ,netIncome,2017-09-30,981000000,2017-11-19,NetIncomeLoss,2026-08-25
MDLZ,operatingIncome,2017-09-30,1171000000,2017-11-19,OperatingIncomeLoss,2026-08-25
MDLZ,receivables,2017-09-30,2981000000,2017-11-19,AccountsReceivableNetCurrent,2026-08-25
MDLZ,revenue,2017-09-30,6530000000,2017-11-19,Revenues,2026-08-25
MDT,assets,2017-07-28,100250000000,2017-09-16,Assets,2026-08-25
MDT,buybacks,2017-07-28,1233000000,2017-09-16,PaymentsForRepurchaseOfCommonStock,2026-08-25
MDT,capex,2017-07-28,278000000,2017-09-16,PaymentsToAcquirePropertyPlantAndEquipment,2026-08-25
MDT,cash,2017-07-28,4691000000,2017-09-16,CashAndCashEquivalentsAtCarryingValue,2026-08-25
MDT,equity,2017-07-28,50672000000,2017-09-16,StockholdersEquity,2026-08-25
MDT,grossProfit,2017-07-28,5038000000,2017-09-16,GrossProfit,2026-08-25
MDT,inventory,2017-07-28,3538000000,2017-09-16,InventoryNet,2026-08-25
MDT,liabilities,2017-07-28,49463000000,2017-09-16,Liabilities,2026-08-25
MDT,netIncome,2017-07-28,1016000000,2017-09-16,NetIncomeLoss,2026-08-25
MDT,operatingCashFlow,2017-07-28,737000000,2017-09-16,NetCashProvidedByUsedInOperatingActivities,2026-08-25
MDT,operatingIncome,2017-07-28,1382000000,2017-09-16,OperatingIncomeLoss,2026-08-25
MDT,receivables,2017-07-28,5784000000,2017-09-16,AccountsReceivableNetCurrent,2026-08-25
MDT,revenue,2017-07-28,7390000000,2017-09-16,RevenueFromContractWithCustomerExcludingAssessedTax,2026-08-25
MET,assets,2017-09-30,720515000000,2017-11-19,Assets,2026-08-25
MET,cash,2017-09-30,13023000000,2017-11-19,CashAndCashEquivalentsAtCarryingValue,2026-08-25
MET,equity,2017-09-30,56981000000,2017-11-19,StockholdersEquity,2026-08-25
MET,liabilities,2017-09-30,663571000000,2017-11-19,Liabilities,2026-08-25
MET,netIncome,2017-09-30,-91000000,2017-11-19,NetIncomeLoss,2026-08-25
MET,revenue,2017-09-30,16171000000,2017-11-19,Revenues,2026-08-25
MET,shares,2017-09-30,1054286620,2017-11-19,CommonStockSharesOutstanding,2026-08-25
META,assets,2017-09-30,78998000000,2017-11-19,Assets,2026-08-25
META,cash,2017-09-30,7201000000,2017-11-19,CashAndCashEquivalentsAtCarryingValue,2026-08-25
META,equity,2017-09-30,71208000000,2017-11-19,StockholdersEquity,2026-08-25
META,liabilities,2017-09-30,7790000000,2017-11-19,Liabilities,2026-08-25
META,netIncome,2017-09-30,4707000000,2017-11-19,NetIncomeLoss,2026-08-25
META,operatingIncome,2017-09-30,5122000000,2017-11-19,OperatingIncomeLoss,2026-08-25
META,receivables,2017-09-30,4424000000,2017-11-19,AccountsReceivableNetCurrent,2026-08-25
META,revenue,2017-09-30,10328000000,2017-11-19,Revenues,2026-08-25
META,rnd,2017-09-30,2052000000,2017-11-19,ResearchAndDevelopmentExpense,2026-08-25
MGM,assets,2017-09-30,29101890000,2017-11-19,Assets,2026-08-25
MGM,cash,2017-09-30,1986688000,2017-11-19,CashAndCashEquivalentsAtCarryingValue,2026-08-25
MGM,debt,2017-09-30,13026927000,2017-11-19,LongTermDebtNoncurrent,2026-08-25
MGM,equity,2017-09-30,6308543000,2017-11-19,StockholdersEquity,2026-08-25
MGM,inventory,2017-09-30,101242000,2017-11-19,InventoryNet,2026-08-25
MGM,liabilities,2017-09-30,18717813000,2017-11-19,Liabilities,2026-08-25
MGM,netIncome,2017-09-30,148363000,2017-11-19,NetIncomeLoss,2026-08-25
MGM,operatingIncome,2017-09-30,492704000,2017-11-19,OperatingIncomeLoss,2026-08-25
MGM,receivables,2017-09-30,515423000,2017-11-19,AccountsReceivableNetCurrent,2026-08-25
MGM,revenue,2017-09-30,2830175000,2017-11-19,RevenueFromContractWithCustomerExcludingAssessedTax,2026-08-25
MGM,shares,2017-09-30,565493891,2017-11-19,CommonStockSharesOutstanding,2026-08-25
MKC,assets,2017-08-31,10381700000,2017-10-20,Assets,2026-08-25
MKC,cash,2017-08-31,166100000,2017-10-20,CashAndCashEquivalentsAtCarryingValue,2026-08-25
MKC,debt,2017-08-31,4702300000,2017-10-20,LongTermDebtNoncurrent,2026-08-25
MKC,grossProfit,2017-08-31,484400000,2017-10-20,GrossProfit,2026-08-25
MKC,liabilities,2017-08-31,7848400000,2017-10-20,Liabilities,2026-08-25
MKC,netIncome,2017-08-31,108200000,2017-10-20,NetIncomeLoss,2026-08-25
MKC,operatingIncome,2017-08-31,168700000,2017-10-20,OperatingIncomeLoss,2026-08-25
MKC,receivables,2017-08-31,556200000,2017-10-20,AccountsReceivableNetCurrent,2026-08-25
MKC,revenue,2017-08-31,1185200000,2017-10-20,Revenues,2026-08-25
MLM,assets,2017-09-30,7566785000,2017-11-19,Assets,2026-08-25
MLM,cash,2017-09-30,35219000,2017-11-19,CashAndCashEquivalentsAtCarryingValue,2026-08-25
MLM,debt,2017-09-30,1642502000,2017-11-19,LongTermDebtNoncurrent,2026-08-25
MLM,equity,2017-09-30,4331221000,2017-11-19,StockholdersEquity,2026-08-25
MLM,grossProfit,2017-09-30,291678000,2017-11-19,GrossProfit,2026-08-25
MLM,inventory,2017-09-30,576429000,2017-11-19,InventoryNet,2026-08-25
MLM,liabilities,2017-09-30,3232803000,2017-11-19,Liabilities,2026-08-25
MLM,netIncome,2017-09-30,151546000,2017-11-19,NetIncomeLoss,2026-08-25
MLM,operatingIncome,2017-09-30,226964000,2017-11-19,OperatingIncomeLoss,2026-08-25
MLM,receivables,2017-09-30,582532000,2017-11-19,AccountsReceivableNetCurrent,2026-08-25
MLM,revenue,2017-09-30,1087732000,2017-11-19,RevenueFromContractWithCustomerExcludingAssessedTax,2026-08-25
MMM,assets,2017-09-30,35237000000,2017-11-19,Assets,2026-08-25
MMM,debt,2017-09-30,10828000000,2017-11-19,LongTermDebtNoncurrent,2026-08-25
MMM,equity,2017-09-30,12146000000,2017-11-19,StockholdersEquity,2026-08-25
MMM,inventory,2017-09-30,3975000000,2017-11-19,InventoryNet,2026-08-25
MMM,liabilities,2017-09-30,23035000000,2017-11-19,Liabilities,2026-08-25
MMM,netIncome,2017-09-30,1429000000,2017-11-19,NetIncomeLoss,2026-08-25
MMM,operatingIncome,2017-09-30,2008000000,2017-11-19,OperatingIncomeLoss,2026-08-25
MMM,receivables,2017-09-30,5156000000,2017-11-19,AccountsReceivableNetCurrent,2026-08-25
MMM,revenue,2017-09-30,8172000000,2017-11-19,Revenues,2026-08-25
MNST,assets,2017-09-30,4708906000,2017-11-19,Assets,2026-08-25
MNST,cash,2017-09-30,465559000,2017-11-19,CashAndCashEquivalentsAtCarryingValue,2026-08-25
MNST,equity,2017-09-30,3768154000,2017-11-19,StockholdersEquity,2026-08-25
MNST,grossProfit,2017-09-30,569709000,2017-11-19,GrossProfit,2026-08-25
MNST,inventory,2017-09-30,213341000,2017-11-19,InventoryNet,2026-08-25
MNST,operatingIncome,2017-09-30,317372000,2017-11-19,OperatingIncomeLoss,2026-08-25
MNST,receivables,2017-09-30,535336000,2017-11-19,AccountsReceivableNetCurrent,2026-08-25
MNST,revenue,2017-09-30,909476000,2017-11-19,RevenueFromContractWithCustomerExcludingAssessedTax,2026-08-25
MNST,shares,2017-09-30,563959000,2017-11-19,CommonStockSharesOutstanding,2026-08-25
MO,assets,2017-09-30,44160000000,2017-11-19,Assets,2026-08-25
MO,cash,2017-09-30,2582000000,2017-11-19,CashAndCashEquivalentsAtCarryingValue,2026-08-25
MO,debt,2017-09-30,13890000000,2017-11-19,LongTermDebtNoncurrent,2026-08-25
MO,equity,2017-09-30,12166000000,2017-11-19,StockholdersEquity,2026-08-25
MO,grossProfit,2017-09-30,3171000000,2017-11-19,GrossProfit,2026-08-25
MO,inventory,2017-09-30,1987000000,2017-11-19,InventoryNet,2026-08-25
MO,liabilities,2017-09-30,31954000000,2017-11-19,Liabilities,2026-08-25
MO,netIncome,2017-09-30,1866000000,2017-11-19,NetIncomeLoss,2026-08-25
MO,operatingIncome,2017-09-30,2589000000,2017-11-19,OperatingIncomeLoss,2026-08-25
MO,revenue,2017-09-30,6729000000,2017-11-19,RevenueFromContractWithCustomerExcludingAssessedTax,2026-08-25
MOS,assets,2017-09-30,17803100000,2017-11-19,Assets,2026-08-25
MOS,capex,2017-09-30,197600000,2017-11-19,PaymentsToAcquirePropertyPlantAndEquipment,2026-08-25
MOS,cash,2017-09-30,685700000,2017-11-19,CashAndCashEquivalentsAtCarryingValue,2026-08-25
MOS,equity,2017-09-30,10114200000,2017-11-19,StockholdersEquity,2026-08-25
MOS,grossProfit,2017-09-30,240800000,2017-11-19,GrossProfit,2026-08-25
MOS,inventory,2017-09-30,1666200000,2017-11-19,InventoryNet,2026-08-25
MOS,netIncome,2017-09-30,227500000,2017-11-19,NetIncomeLoss,2026-08-25
MOS,operatingIncome,2017-09-30,213900000,2017-11-19,OperatingIncomeLoss,2026-08-25
MOS,shares,2017-09-30,351049649,2017-11-19,CommonStockSharesOutstanding,2026-08-25
MPC,assets,2017-09-30,46806000000,2017-11-19,Assets,2026-08-25
MPC,buybacks,2017-09-30,452000000,2017-11-19,PaymentsForRepurchaseOfCommonStock,2026-08-25
MPC,cash,2017-09-30,2088000000,2017-11-19,CashAndCashEquivalentsAtCarryingValue,2026-08-25
MPC,equity,2017-09-30,12930000000,2017-11-19,StockholdersEquity,2026-08-25
MPC,inventory,2017-09-30,5493000000,2017-11-19,InventoryNet,2026-08-25
MPC,liabilities,2017-09-30,26004000000,2017-11-19,Liabilities,2026-08-25
MPC,netIncome,2017-09-30,903000000,2017-11-19,NetIncomeLoss,2026-08-25
MPC,operatingIncome,2017-09-30,1577000000,2017-11-19,OperatingIncomeLoss,2026-08-25
MPC,receivables,2017-09-30,3900000000,2017-11-19,AccountsReceivableNetCurrent,2026-08-25
MPC,revenue,2017-09-30,19210000000,2017-11-19,Revenues,2026-08-25
MPWR,assets,2017-09-30,605013000,2017-11-19,Assets,2026-08-25
MPWR,cash,2017-09-30,104424000,2017-11-19,CashAndCashEquivalentsAtCarryingValue,2026-08-25
MPWR,equity,2017-09-30,505523000,2017-11-19,StockholdersEquity,2026-08-25
MPWR,grossProfit,2017-09-30,70856000,2017-11-19,GrossProfit,2026-08-25
MPWR,inventory,2017-09-30,99887000,2017-11-19,InventoryNet,2026-08-25
MPWR,liabilities,2017-09-30,99490000,2017-11-19,Liabilities,2026-08-25
MPWR,netIncome,2017-09-30,23642000,2017-11-19,NetIncomeLoss,2026-08-25
MPWR,operatingIncome,2017-09-30,23832000,2017-11-19,OperatingIncomeLoss,2026-08-25
MPWR,receivables,2017-09-30,50757000,2017-11-19,AccountsReceivableNetCurrent,2026-08-25
MPWR,revenue,2017-09-30,128939000,2017-11-19,RevenueFromContractWithCustomerExcludingAssessedTax,2026-08-25
MPWR,shares,2017-09-30,41508000,2017-11-19,CommonStockSharesOutstanding,2026-08-25
MRK,assets,2017-09-30,91676000000,2017-11-19,Assets,2026-08-25
MRK,cash,2017-09-30,7901000000,2017-11-19,CashAndCashEquivalentsAtCarryingValue,2026-08-25
MRK,debt,2017-09-30,21838000000,2017-11-19,LongTermDebtNoncurrent,2026-08-25
MRK,equity,2017-09-30,38248000000,2017-11-19,StockholdersEquity,2026-08-25
MRK,inventory,2017-09-30,5263000000,2017-11-19,InventoryNet,2026-08-25
MRK,netIncome,2017-09-30,-56000000,2017-11-19,NetIncomeLoss,2026-08-25
MRK,receivables,2017-09-30,7671000000,2017-11-19,AccountsReceivableNetCurrent,2026-08-25
MRK,revenue,2017-09-30,10325000000,2017-11-19,Revenues,2026-08-25
MRK,rnd,2017-09-30,4413000000,2017-11-19,ResearchAndDevelopmentExpense,2026-08-25
MRNA,operatingIncome,2017-09-30,-67871000,2017-11-19,OperatingIncomeLoss,2026-08-25
MRNA,revenue,2017-09-30,42472000,2017-11-19,Revenues,2026-08-25
MRSH,assets,2017-09-30,19690000000,2017-11-19,Assets,2026-08-25
MRSH,cash,2017-09-30,1078000000,2017-11-19,CashAndCashEquivalentsAtCarryingValue,2026-08-25
MRSH,netIncome,2017-09-30,393000000,2017-11-19,NetIncomeLoss,2026-08-25
MRSH,operatingIncome,2017-09-30,535000000,2017-11-19,OperatingIncomeLoss,2026-08-25
MRSH,shares,2017-09-30,511000000,2017-11-19,CommonStockSharesOutstanding,2026-08-25
MS,assets,2017-09-30,853693000000,2017-11-19,Assets,2026-08-25
MS,cash,2017-09-30,80922000000,2017-11-19,CashAndCashEquivalentsAtCarryingValue,2026-08-25
MS,debt,2017-09-30,191677000000,2017-11-19,LongTermDebt,2026-08-25
MS,equity,2017-09-30,78978000000,2017-11-19,StockholdersEquity,2026-08-25
MS,liabilities,2017-09-30,773579000000,2017-11-19,Liabilities,2026-08-25
MS,netIncome,2017-09-30,1781000000,2017-11-19,NetIncomeLoss,2026-08-25
MS,shares,2017-09-30,1812472419,2017-11-19,CommonStockSharesOutstanding,2026-08-25
MSCI,assets,2017-09-30,3154472000,2017-11-19,Assets,2026-08-25
MSCI,cash,2017-09-30,799015000,2017-11-19,CashAndCashEquivalentsAtCarryingValue,2026-08-25
MSCI,debt,2017-09-30,2077370000,2017-11-19,LongTermDebtNoncurrent,2026-08-25
MSCI,equity,2017-09-30,360314000,2017-11-19,StockholdersEquity,2026-08-25
MSCI,liabilities,2017-09-30,2794158000,2017-11-19,Liabilities,2026-08-25
MSCI,netIncome,2017-09-30,85153000,2017-11-19,NetIncomeLoss,2026-08-25
MSCI,operatingIncome,2017-09-30,148799000,2017-11-19,OperatingIncomeLoss,2026-08-25
MSCI,receivables,2017-09-30,309196000,2017-11-19,AccountsReceivableNetCurrent,2026-08-25
MSCI,revenue,2017-09-30,322097000,2017-11-19,Revenues,2026-08-25
MSCI,rnd,2017-09-30,17974000,2017-11-19,ResearchAndDevelopmentExpense,2026-08-25
MSCI,shares,2017-09-30,90067232,2017-11-19,CommonStockSharesOutstanding,2026-08-25
MSFT,assets,2017-09-30,249097000000,2017-11-19,Assets,2026-08-25
MSFT,buybacks,2017-09-30,2570000000,2017-11-19,PaymentsForRepurchaseOfCommonStock,2026-08-25
MSFT,capex,2017-09-30,2132000000,2017-11-19,PaymentsToAcquirePropertyPlantAndEquipment,2026-08-25
MSFT,cash,2017-09-30,6884000000,2017-11-19,CashAndCashEquivalentsAtCarryingValue,2026-08-25
MSFT,debt,2017-09-30,76255000000,2017-11-19,LongTermDebtNoncurrent,2026-08-25
MSFT,equity,2017-09-30,89647000000,2017-11-19,StockholdersEquity,2026-08-25
MSFT,grossProfit,2017-09-30,16260000000,2017-11-19,GrossProfit,2026-08-25
MSFT,inventory,2017-09-30,3211000000,2017-11-19,InventoryNet,2026-08-25
MSFT,liabilities,2017-09-30,159450000000,2017-11-19,Liabilities,2026-08-25
MSFT,netIncome,2017-09-30,6576000000,2017-11-19,NetIncomeLoss,2026-08-25
MSFT,operatingCashFlow,2017-09-30,12440000000,2017-11-19,NetCashProvidedByUsedInOperatingActivities,2026-08-25
MSFT,operatingIncome,2017-09-30,7708000000,2017-11-19,OperatingIncomeLoss,2026-08-25
MSFT,receivables,2017-09-30,14561000000,2017-11-19,AccountsReceivableNetCurrent,2026-08-25
MSFT,revenue,2017-09-30,24538000000,2017-11-19,RevenueFromContractWithCustomerExcludingAssessedTax,2026-08-25
MSFT,rnd,2017-09-30,3574000000,2017-11-19,ResearchAndDevelopmentExpense,2026-08-25
MSFT,shares,2017-09-30,7720000000,2017-11-19,CommonStockSharesOutstanding,2026-08-25
MSI,assets,2017-09-30,8618000000,2017-11-19,Assets,2026-08-25
MSI,cash,2017-09-30,653000000,2017-11-19,CashAndCashEquivalentsAtCarryingValue,2026-08-25
MSI,debt,2017-09-30,4423000000,2017-11-19,LongTermDebtNoncurrent,2026-08-25
MSI,equity,2017-09-30,-830000000,2017-11-19,StockholdersEquity,2026-08-25
MSI,grossProfit,2017-09-30,794000000,2017-11-19,GrossProfit,2026-08-25
MSI,inventory,2017-09-30,364000000,2017-11-19,InventoryNet,2026-08-25
MSI,netIncome,2017-09-30,212000000,2017-11-19,NetIncomeLoss,2026-08-25
MSI,operatingIncome,2017-09-30,347000000,2017-11-19,OperatingIncomeLoss,2026-08-25
MSI,receivables,2017-09-30,1382000000,2017-11-19,AccountsReceivableNetCurrent,2026-08-25
MSI,revenue,2017-09-30,1645000000,2017-11-19,Revenues,2026-08-25
MSI,rnd,2017-09-30,141000000,2017-11-19,ResearchAndDevelopmentExpense,2026-08-25
MSI,shares,2017-09-30,162000000,2017-11-19,CommonStockSharesOutstanding,2026-08-25
MTB,assets,2017-09-30,120401804000,2017-11-19,Assets,2026-08-25
MTB,cash,2017-09-30,1368252000,2017-11-19,CashAndCashEquivalentsAtCarryingValue,2026-08-25
MTB,debt,2017-09-30,8577645000,2017-11-19,LongTermDebt,2026-08-25
MTB,equity,2017-09-30,16318052000,2017-11-19,StockholdersEquity,2026-08-25
MTB,liabilities,2017-09-30,104083752000,2017-11-19,Liabilities,2026-08-25
MTB,netIncome,2017-09-30,355923000,2017-11-19,NetIncomeLoss,2026-08-25
MTD,assets,2017-09-30,2497199000,2017-11-19,Assets,2026-08-25
MTD,cash,2017-09-30,169086000,2017-11-19,CashAndCashEquivalentsAtCarryingValue,2026-08-25
MTD,debt,2017-09-30,1050681000,2017-11-19,LongTermDebtNoncurrent,2026-08-25
MTD,equity,2017-09-30,512979000,2017-11-19,StockholdersEquity,2026-08-25
MTD,grossProfit,2017-09-30,400975000,2017-11-19,GrossProfit,2026-08-25
MTD,inventory,2017-09-30,263527000,2017-11-19,InventoryNet,2026-08-25
MTD,liabilities,2017-09-30,1984220000,2017-11-19,Liabilities,2026-08-25
MTD,netIncome,2017-09-30,104950000,2017-11-19,NetIncomeLoss,2026-08-25
MTD,receivables,2017-09-30,483167000,2017-11-19,AccountsReceivableNetCurrent,2026-08-25
MTD,revenue,2017-09-30,698799000,2017-11-19,Revenues,2026-08-25
MTD,rnd,2017-09-30,32203000,2017-11-19,ResearchAndDevelopmentExpense,2026-08-25
MTD,shares,2017-09-30,25579124,2017-11-19,CommonStockSharesOutstanding,2026-08-25
MU,assets,2017-08-31,35336000000,2017-10-20,Assets,2026-08-25
MU,cash,2017-08-31,5109000000,2017-10-20,CashAndCashEquivalentsAtCarryingValue,2026-08-25
MU,equity,2017-08-31,18621000000,2017-10-20,StockholdersEquity,2026-08-25
MU,grossProfit,2017-08-31,3112000000,2017-10-20,GrossProfit,2026-08-25
MU,inventory,2017-08-31,3123000000,2017-10-20,InventoryNet,2026-08-25
MU,liabilities,2017-08-31,15845000000,2017-10-20,Liabilities,2026-08-25
MU,netIncome,2017-08-31,2368000000,2017-10-20,NetIncomeLoss,2026-08-25
MU,operatingIncome,2017-08-31,2502000000,2017-10-20,OperatingIncomeLoss,2026-08-25
MU,receivables,2017-08-31,3490000000,2017-10-20,AccountsReceivableNetCurrent,2026-08-25
MU,revenue,2017-08-31,6138000000,2017-10-20,Revenues,2026-08-25
MU,shares,2017-08-31,1112000000,2017-10-20,CommonStockSharesOutstanding,2026-08-25
NCLH,assets,2017-09-30,14265117000,2017-11-19,Assets,2026-08-25
NCLH,cash,2017-09-30,522904000,2017-11-19,CashAndCashEquivalentsAtCarryingValue,2026-08-25
NCLH,equity,2017-09-30,5537604000,2017-11-19,StockholdersEquity,2026-08-25
NCLH,inventory,2017-09-30,78915000,2017-11-19,InventoryNet,2026-08-25
NCLH,liabilities,2017-09-30,8727513000,2017-11-19,Liabilities,2026-08-25
NCLH,operatingIncome,2017-09-30,476820000,2017-11-19,OperatingIncomeLoss,2026-08-25
NCLH,receivables,2017-09-30,56764000,2017-11-19,AccountsReceivableNetCurrent,2026-08-25
NCLH,revenue,2017-09-30,1651738000,2017-11-19,Revenues,2026-08-25
NCLH,shares,2017-09-30,228458619,2017-11-19,CommonStockSharesOutstanding,2026-08-25
NDAQ,assets,2017-09-30,15072000000,2017-11-19,Assets,2026-08-25
NDAQ,cash,2017-09-30,530000000,2017-11-19,CashAndCashEquivalentsAtCarryingValue,2026-08-25
NDAQ,debt,2017-09-30,3589000000,2017-11-19,LongTermDebt,2026-08-25
NDAQ,equity,2017-09-30,5735000000,2017-11-19,StockholdersEquity,2026-08-25
NDAQ,grossProfit,2017-09-30,603000000,2017-11-19,GrossProfit,2026-08-25
NDAQ,liabilities,2017-09-30,9337000000,2017-11-19,Liabilities,2026-08-25
NDAQ,netIncome,2017-09-30,170000000,2017-11-19,NetIncomeLoss,2026-08-25
NDAQ,operatingIncome,2017-09-30,262000000,2017-11-19,OperatingIncomeLoss,2026-08-25
NDAQ,revenue,2017-09-30,969000000,2017-11-19,Revenues,2026-08-25
NDAQ,shares,2017-09-30,166594818,2017-11-19,CommonStockSharesOutstanding,2026-08-25
NDSN,assets,2017-07-31,3460516000,2017-09-19,Assets,2026-08-25
NDSN,cash,2017-07-31,110705000,2017-09-19,CashAndCashEquivalentsAtCarryingValue,2026-08-25
NDSN,debt,2017-07-31,1569680000,2017-09-19,LongTermDebtNoncurrent,2026-08-25
NDSN,equity,2017-07-31,1084431000,2017-09-19,StockholdersEquity,2026-08-25
NDSN,grossProfit,2017-07-31,326265000,2017-09-19,GrossProfit,2026-08-25
NDSN,inventory,2017-07-31,275705000,2017-09-19,InventoryNet,2026-08-25
NDSN,netIncome,2017-07-31,101456000,2017-09-19,NetIncomeLoss,2026-08-25
NDSN,operatingIncome,2017-07-31,153466000,2017-09-19,OperatingIncomeLoss,2026-08-25
NDSN,revenue,2017-07-31,589438000,2017-09-19,Revenues,2026-08-25
NEE,assets,2017-09-30,96781000000,2017-11-19,Assets,2026-08-25
NEE,cash,2017-09-30,1381000000,2017-11-19,CashAndCashEquivalentsAtCarryingValue,2026-08-25
NEE,debt,2017-09-30,30345000000,2017-11-19,LongTermDebtNoncurrent,2026-08-25
NEE,equity,2017-09-30,26398000000,2017-11-19,StockholdersEquity,2026-08-25
NEE,inventory,2017-09-30,1352000000,2017-11-19,InventoryNet,2026-08-25
NEE,netIncome,2017-09-30,846000000,2017-11-19,NetIncomeLoss,2026-08-25
NEE,operatingIncome,2017-09-30,1350000000,2017-11-19,OperatingIncomeLoss,2026-08-25
NEE,receivables,2017-09-30,2147000000,2017-11-19,AccountsReceivableNetCurrent,2026-08-25
NEE,shares,2017-09-30,470000000,2017-11-19,CommonStockSharesOutstanding,2026-08-25
NEM,assets,2017-09-30,20836000000,2017-11-19,Assets,2026-08-25
NEM,capex,2017-09-30,194000000,2017-11-19,PaymentsToAcquireProductiveAssets,2026-08-25
NEM,cash,2017-09-30,2969000000,2017-11-19,CashAndCashEquivalentsAtCarryingValue,2026-08-25
NEM,debt,2017-09-30,4046000000,2017-11-19,LongTermDebtNoncurrent,2026-08-25
NEM,equity,2017-09-30,11138000000,2017-11-19,StockholdersEquity,2026-08-25
NEM,grossProfit,2017-09-30,472000000,2017-11-19,GrossProfit,2026-08-25
NEM,liabilities,2017-09-30,8605000000,2017-11-19,Liabilities,2026-08-25
NEM,netIncome,2017-09-30,206000000,2017-11-19,NetIncomeLoss,2026-08-25
NEM,receivables,2017-09-30,131000000,2017-11-19,AccountsReceivableNetCurrent,2026-08-25
NEM,revenue,2017-09-30,1879000000,2017-11-19,RevenueFromContractWithCustomerExcludingAssessedTax,2026-08-25
NEM,rnd,2017-09-30,41000000,2017-11-19,ResearchAndDevelopmentExpense,2026-08-25
NFLX,assets,2017-09-30,16951540000,2017-11-19,Assets,2026-08-25
NFLX,capex,2017-09-30,33963000,2017-11-19,PaymentsToAcquirePropertyPlantAndEquipment,2026-08-25
NFLX,cash,2017-09-30,1746469000,2017-11-19,CashAndCashEquivalentsAtCarryingValue,2026-08-25
NFLX,debt,2017-09-30,4888783000,2017-11-19,LongTermDebtNoncurrent,2026-08-25
NFLX,equity,2017-09-30,3327361000,2017-11-19,StockholdersEquity,2026-08-25
NFLX,grossProfit,2017-09-30,898620000,2017-11-19,GrossProfit,2026-08-25
NFLX,liabilities,2017-09-30,13624179000,2017-11-19,Liabilities,2026-08-25
NFLX,netIncome,2017-09-30,129590000,2017-11-19,NetIncomeLoss,2026-08-25
NFLX,operatingCashFlow,2017-09-30,-419607000,2017-11-19,NetCashProvidedByUsedInOperatingActivities,2026-08-25
NFLX,operatingIncome,2017-09-30,208627000,2017-11-19,OperatingIncomeLoss,2026-08-25
NFLX,revenue,2017-09-30,2984859000,2017-11-19,Revenues,2026-08-25
NFLX,rnd,2017-09-30,255236000,2017-11-19,ResearchAndDevelopmentExpense,2026-08-25
NFLX,shares,2017-09-30,432731130,2017-11-19,CommonStockSharesOutstanding,2026-08-25
NI,assets,2017-09-30,19269500000,2017-11-19,Assets,2026-08-25
NI,cash,2017-09-30,19300000,2017-11-19,CashAndCashEquivalentsAtCarryingValue,2026-08-25
NI,equity,2017-09-30,4363000000,2017-11-19,StockholdersEquity,2026-08-25
NI,grossProfit,2017-09-30,917000000,2017-11-19,GrossProfit,2026-08-25
NI,netIncome,2017-09-30,14000000,2017-11-19,NetIncomeLoss,2026-08-25
NI,operatingIncome,2017-09-30,111200000,2017-11-19,OperatingIncomeLoss,2026-08-25
NI,receivables,2017-09-30,480000000,2017-11-19,AccountsReceivableNetCurrent,2026-08-25
NI,revenue,2017-09-30,917000000,2017-11-19,Revenues,2026-08-25
NI,shares,2017-09-30,336691078,2017-11-19,CommonStockSharesOutstanding,2026-08-25
NKE,assets,2017-08-31,23647000000,2017-10-20,Assets,2026-08-25
NKE,buybacks,2017-08-31,804000000,2017-10-20,PaymentsForRepurchaseOfCommonStock,2026-08-25
NKE,capex,2017-08-31,270000000,2017-10-20,PaymentsToAcquirePropertyPlantAndEquipment,2026-08-25
NKE,cash,2017-08-31,3413000000,2017-10-20,CashAndCashEquivalentsAtCarryingValue,2026-08-25
NKE,debt,2017-08-31,3472000000,2017-10-20,LongTermDebtNoncurrent,2026-08-25
NKE,equity,2017-08-31,11993000000,2017-10-20,StockholdersEquity,2026-08-25
NKE,grossProfit,2017-08-31,3962000000,2017-10-20,GrossProfit,2026-08-25
NKE,netIncome,2017-08-31,950000000,2017-10-20,NetIncomeLoss,2026-08-25
NKE,operatingCashFlow,2017-08-31,575000000,2017-10-20,NetCashProvidedByUsedInOperatingActivities,2026-08-25
NKE,receivables,2017-08-31,3871000000,2017-10-20,AccountsReceivableNetCurrent,2026-08-25
NKE,revenue,2017-08-31,9070000000,2017-10-20,SalesRevenueNet,2026-08-25
NOC,assets,2017-09-30,26513000000,2017-11-19,Assets,2026-08-25
NOC,cash,2017-09-30,1878000000,2017-11-19,CashAndCashEquivalentsAtCarryingValue,2026-08-25
NOC,equity,2017-09-30,6608000000,2017-11-19,StockholdersEquity,2026-08-25
NOC,inventory,2017-09-30,1007000000,2017-11-19,InventoryNet,2026-08-25
NOC,liabilities,2017-09-30,20020000000,2017-11-19,Liabilities,2026-08-25
NOC,netIncome,2017-09-30,750000000,2017-11-19,NetIncomeLoss,2026-08-25
NOC,operatingIncome,2017-09-30,829000000,2017-11-19,OperatingIncomeLoss,2026-08-25
NOC,revenue,2017-09-30,6569000000,2017-11-19,Revenues,2026-08-25
NOC,shares,2017-09-30,174077667,2017-11-19,CommonStockSharesOutstanding,2026-08-25
NOW,assets,2017-09-30,3069515000,2017-11-19,Assets,2026-08-25
NOW,cash,2017-09-30,1104871000,2017-11-19,CashAndCashEquivalentsAtCarryingValue,2026-08-25
NOW,equity,2017-09-30,551391000,2017-11-19,StockholdersEquity,2026-08-25
NOW,grossProfit,2017-09-30,364886000,2017-11-19,GrossProfit,2026-08-25
NOW,liabilities,2017-09-30,2518124000,2017-11-19,Liabilities,2026-08-25
NOW,netIncome,2017-09-30,-22182000,2017-11-19,NetIncomeLoss,2026-08-25
NOW,operatingIncome,2017-09-30,-3910000,2017-11-19,OperatingIncomeLoss,2026-08-25
NOW,receivables,2017-09-30,291903000,2017-11-19,AccountsReceivableNetCurrent,2026-08-25
NOW,revenue,2017-09-30,498170000,2017-11-19,Revenues,2026-08-25
NOW,rnd,2017-09-30,98465000,2017-11-19,ResearchAndDevelopmentExpense,2026-08-25
NOW,shares,2017-09-30,172706935,2017-11-19,CommonStockSharesOutstanding,2026-08-25
NRG,assets,2017-09-30,25470000000,2017-11-19,Assets,2026-08-25
NRG,cash,2017-09-30,1022000000,2017-11-19,CashAndCashEquivalentsAtCarryingValue,2026-08-25
NRG,debt,2017-09-30,17132000000,2017-11-19,LongTermDebt,2026-08-25
NRG,inventory,2017-09-30,630000000,2017-11-19,InventoryNet,2026-08-25
NRG,liabilities,2017-09-30,21695000000,2017-11-19,Liabilities,2026-08-25
NRG,netIncome,2017-09-30,171000000,2017-11-19,NetIncomeLoss,2026-08-25
NRG,operatingIncome,2017-09-30,275000000,2017-11-19,OperatingIncomeLoss,2026-08-25
NRG,receivables,2017-09-30,1274000000,2017-11-19,AccountsReceivableNetCurrent,2026-08-25
NRG,revenue,2017-09-30,2618000000,2017-11-19,Revenues,2026-08-25
NRG,rnd,2017-09-30,6000000,2017-11-19,ResearchAndDevelopmentExpense,2026-08-25
NRG,shares,2017-09-30,316638518,2017-11-19,CommonStockSharesOutstanding,2026-08-25
NSC,assets,2017-09-30,35153000000,2017-11-19,Assets,2026-08-25
NSC,cash,2017-09-30,724000000,2017-11-19,CashAndCashEquivalentsAtCarryingValue,2026-08-25
NSC,debt,2017-09-30,9880000000,2017-11-19,LongTermDebt,2026-08-25
NSC,equity,2017-09-30,12727000000,2017-11-19,StockholdersEquity,2026-08-25
NSC,liabilities,2017-09-30,22426000000,2017-11-19,Liabilities,2026-08-25
NSC,operatingIncome,2017-09-30,895000000,2017-11-19,OperatingIncomeLoss,2026-08-25
NSC,receivables,2017-09-30,973000000,2017-11-19,AccountsReceivableNetCurrent,2026-08-25
NSC,revenue,2017-09-30,2670000000,2017-11-19,Revenues,2026-08-25
NSC,shares,2017-09-30,286148766,2017-11-19,CommonStockSharesOutstanding,2026-08-25
NTAP,assets,2017-07-28,9599000000,2017-09-16,Assets,2026-08-25
NTAP,buybacks,2017-07-28,150000000,2017-09-16,PaymentsForRepurchaseOfCommonStock,2026-08-25
NTAP,capex,2017-07-28,36000000,2017-09-16,PaymentsToAcquirePropertyPlantAndEquipment,2026-08-25
NTAP,cash,2017-07-28,2951000000,2017-09-16,CashAndCashEquivalentsAtCarryingValue,2026-08-25
NTAP,debt,2017-07-28,745000000,2017-09-16,LongTermDebtNoncurrent,2026-08-25
NTAP,equity,2017-07-28,2768000000,2017-09-16,StockholdersEquity,2026-08-25
NTAP,grossProfit,2017-07-28,824000000,2017-09-16,GrossProfit,2026-08-25
NTAP,inventory,2017-07-28,143000000,2017-09-16,InventoryNet,2026-08-25
NTAP,liabilities,2017-07-28,6831000000,2017-09-16,Liabilities,2026-08-25
NTAP,netIncome,2017-07-28,131000000,2017-09-16,NetIncomeLoss,2026-08-25
NTAP,operatingCashFlow,2017-07-28,250000000,2017-09-16,NetCashProvidedByUsedInOperatingActivities,2026-08-25
NTAP,operatingIncome,2017-07-28,140000000,2017-09-16,OperatingIncomeLoss,2026-08-25
NTAP,receivables,2017-07-28,518000000,2017-09-16,AccountsReceivableNetCurrent,2026-08-25
NTAP,revenue,2017-07-28,1321000000,2017-09-16,RevenueFromContractWithCustomerExcludingAssessedTax,2026-08-25
NTAP,rnd,2017-07-28,193000000,2017-09-16,ResearchAndDevelopmentExpense,2026-08-25
NTAP,shares,2017-07-28,270000000,2017-09-16,CommonStockSharesOutstanding,2026-08-25
NTRS,assets,2017-09-30,131400200000,2017-11-19,Assets,2026-08-25
NTRS,equity,2017-09-30,10165200000,2017-11-19,StockholdersEquity,2026-08-25
NTRS,liabilities,2017-09-30,121235000000,2017-11-19,Liabilities,2026-08-25
NTRS,netIncome,2017-09-30,298400000,2017-11-19,NetIncomeLoss,2026-08-25
NTRS,shares,2017-09-30,227421128,2017-11-19,CommonStockSharesOutstanding,2026-08-25
NUE,assets,2017-09-30,16503834000,2017-11-19,Assets,2026-08-25
NUE,cash,2017-09-30,1575944000,2017-11-19,CashAndCashEquivalentsAtCarryingValue,2026-08-25
NUE,debt,2017-09-30,3241488000,2017-11-19,LongTermDebtNoncurrent,2026-08-25
NUE,equity,2017-09-30,8505385000,2017-11-19,StockholdersEquity,2026-08-25
NUE,grossProfit,2017-09-30,578964000,2017-11-19,GrossProfit,2026-08-25
NUE,inventory,2017-09-30,3522199000,2017-11-19,InventoryNet,2026-08-25
NUE,liabilities,2017-09-30,7658020000,2017-11-19,Liabilities,2026-08-25
NUE,netIncome,2017-09-30,254850000,2017-11-19,NetIncomeLoss,2026-08-25
NUE,receivables,2017-09-30,2113890000,2017-11-19,AccountsReceivableNetCurrent,2026-08-25
NUE,revenue,2017-09-30,5170117000,2017-11-19,SalesRevenueNet,2026-08-25
NVDA,assets,2017-07-30,9402000000,2017-09-18,Assets,2026-08-25
NVDA,cash,2017-07-30,1988000000,2017-09-18,CashAndCashEquivalentsAtCarryingValue,2026-08-25
NVDA,debt,2017-07-30,1984000000,2017-09-18,LongTermDebt,2026-08-25
NVDA,equity,2017-07-30,5973000000,2017-09-18,StockholdersEquity,2026-08-25
NVDA,grossProfit,2017-07-30,1302000000,2017-09-18,GrossProfit,2026-08-25
NVDA,inventory,2017-07-30,855000000,2017-09-18,InventoryNet,2026-08-25
NVDA,liabilities,2017-07-30,3427000000,2017-09-18,Liabilities,2026-08-25
NVDA,netIncome,2017-07-30,583000000,2017-09-18,NetIncomeLoss,2026-08-25
NVDA,operatingIncome,2017-07-30,688000000,2017-09-18,OperatingIncomeLoss,2026-08-25
NVDA,receivables,2017-07-30,1213000000,2017-09-18,AccountsReceivableNetCurrent,2026-08-25
NVDA,revenue,2017-07-30,2230000000,2017-09-18,Revenues,2026-08-25
NVDA,rnd,2017-07-30,416000000,2017-09-18,ResearchAndDevelopmentExpense,2026-08-25
NVR,assets,2017-09-30,3049511000,2017-11-19,Assets,2026-08-25
NVR,cash,2017-09-30,628061000,2017-11-19,CashAndCashEquivalentsAtCarryingValue,2026-08-25
NVR,equity,2017-09-30,1650676000,2017-11-19,StockholdersEquity,2026-08-25
NVR,liabilities,2017-09-30,1398835000,2017-11-19,Liabilities,2026-08-25
NVR,netIncome,2017-09-30,162102000,2017-11-19,NetIncomeLoss,2026-08-25
NVR,revenue,2017-09-30,1667920000,2017-11-19,Revenues,2026-08-25
NWS,assets,2017-09-30,14662000000,2017-11-19,Assets,2026-08-25
NWS,capex,2017-09-30,62000000,2017-11-19,PaymentsToAcquirePropertyPlantAndEquipment,2026-08-25
NWS,cash,2017-09-30,1877000000,2017-11-19,CashAndCashEquivalentsAtCarryingValue,2026-08-25
NWS,debt,2017-09-30,281000000,2017-11-19,LongTermDebtNoncurrent,2026-08-25
NWS,equity,2017-09-30,10913000000,2017-11-19,StockholdersEquity,2026-08-25
NWS,inventory,2017-09-30,225000000,2017-11-19,InventoryNet,2026-08-25
NWS,netIncome,2017-09-30,68000000,2017-11-19,NetIncomeLoss,2026-08-25
NWS,operatingCashFlow,2017-09-30,-4000000,2017-11-19,NetCashProvidedByUsedInOperatingActivities,2026-08-25
NWS,receivables,2017-09-30,1365000000,2017-11-19,AccountsReceivableNetCurrent,2026-08-25
NWS,revenue,2017-09-30,2058000000,2017-11-19,Revenues,2026-08-25
O,assets,2017-09-30,13701419000,2017-11-19,Assets,2026-08-25
O,cash,2017-09-30,3199000,2017-11-19,CashAndCashEquivalentsAtCarryingValue,2026-08-25
O,equity,2017-09-30,7354429000,2017-11-19,StockholdersEquity,2026-08-25
O,liabilities,2017-09-30,6327492000,2017-11-19,Liabilities,2026-08-25
O,netIncome,2017-09-30,87940000,2017-11-19,NetIncomeLoss,2026-08-25
O,revenue,2017-09-30,306920000,2017-11-19,RevenueFromContractWithCustomerExcludingAssessedTax,2026-08-25
O,shares,2017-09-30,281778537,2017-11-19,CommonStockSharesOutstanding,2026-08-25
ODFL,assets,2017-09-30,2956170000,2017-11-19,Assets,2026-08-25
ODFL,cash,2017-09-30,78091000,2017-11-19,CashAndCashEquivalentsAtCarryingValue,2026-08-25
ODFL,equity,2017-09-30,2087016000,2017-11-19,StockholdersEquity,2026-08-25
ODFL,liabilities,2017-09-30,869154000,2017-11-19,Liabilities,2026-08-25
ODFL,netIncome,2017-09-30,102314000,2017-11-19,NetIncomeLoss,2026-08-25
ODFL,operatingIncome,2017-09-30,163875000,2017-11-19,OperatingIncomeLoss,2026-08-25
ODFL,receivables,2017-09-30,391858000,2017-11-19,AccountsReceivableNetCurrent,2026-08-25
ODFL,shares,2017-09-30,82375945,2017-11-19,CommonStockSharesOutstanding,2026-08-25
OKE,assets,2017-09-30,16764841000,2017-11-19,Assets,2026-08-25
OKE,capex,2017-09-30,135199000,2017-11-19,PaymentsToAcquirePropertyPlantAndEquipment,2026-08-25
OKE,cash,2017-09-30,11676000,2017-11-19,CashAndCashEquivalentsAtCarryingValue,2026-08-25
OKE,debt,2017-09-30,8092000000,2017-11-19,LongTermDebtNoncurrent,2026-08-25
OKE,equity,2017-09-30,5359495000,2017-11-19,StockholdersEquity,2026-08-25
OKE,inventory,2017-09-30,314266000,2017-11-19,InventoryNet,2026-08-25
OKE,netIncome,2017-09-30,165742000,2017-11-19,NetIncomeLoss,2026-08-25
OKE,operatingIncome,2017-09-30,354622000,2017-11-19,OperatingIncomeLoss,2026-08-25
OKE,revenue,2017-09-30,2906366000,2017-11-19,Revenues,2026-08-25
OKE,shares,2017-09-30,381285028,2017-11-19,CommonStockSharesOutstanding,2026-08-25
OMC,assets,2017-09-30,22207500000,2017-11-19,Assets,2026-08-25
OMC,cash,2017-09-30,1843000000,2017-11-19,CashAndCashEquivalentsAtCarryingValue,2026-08-25
OMC,equity,2017-09-30,2522500000,2017-11-19,StockholdersEquity,2026-08-25
OMC,netIncome,2017-09-30,263600000,2017-11-19,NetIncomeLoss,2026-08-25
OMC,operatingIncome,2017-09-30,470200000,2017-11-19,OperatingIncomeLoss,2026-08-25
OMC,receivables,2017-09-30,7045700000,2017-11-19,AccountsReceivableNetCurrent,2026-08-25
OMC,revenue,2017-09-30,3719500000,2017-11-19,Revenues,2026-08-25
ON,assets,2017-09-29,6861300000,2017-11-18,Assets,2026-08-25
ON,cash,2017-09-29,901200000,2017-11-18,CashAndCashEquivalentsAtCarryingValue,2026-08-25
ON,debt,2017-09-29,2684400000,2017-11-18,LongTermDebtNoncurrent,2026-08-25
ON,equity,2017-09-29,2212400000,2017-11-18,StockholdersEquity,2026-08-25
ON,grossProfit,2017-09-29,524000000,2017-11-18,GrossProfit,2026-08-25
ON,inventory,2017-09-29,1029000000,2017-11-18,InventoryNet,2026-08-25
ON,liabilities,2017-09-29,4625900000,2017-11-18,Liabilities,2026-08-25
ON,netIncome,2017-09-29,108700000,2017-11-18,NetIncomeLoss,2026-08-25
ON,operatingIncome,2017-09-29,177000000,2017-11-18,OperatingIncomeLoss,2026-08-25
ON,revenue,2017-09-29,1390900000,2017-11-18,Revenues,2026-08-25
ON,shares,2017-09-29,422898064,2017-11-18,CommonStockSharesOutstanding,2026-08-25
ORCL,assets,2017-08-31,133597000000,2017-10-20,Assets,2026-08-25
ORCL,buybacks,2017-08-31,502000000,2017-10-20,PaymentsForRepurchaseOfCommonStock,2026-08-25
ORCL,capex,2017-08-31,473000000,2017-10-20,PaymentsToAcquirePropertyPlantAndEquipment,2026-08-25
ORCL,cash,2017-08-31,21321000000,2017-10-20,CashAndCashEquivalentsAtCarryingValue,2026-08-25
ORCL,equity,2017-08-31,55959000000,2017-10-20,StockholdersEquity,2026-08-25
ORCL,grossProfit,2017-08-31,5432000000,2017-10-20,GrossProfit,2026-08-25
ORCL,inventory,2017-08-31,312000000,2017-10-20,InventoryNet,2026-08-25
ORCL,netIncome,2017-08-31,2144000000,2017-10-20,NetIncomeLoss,2026-08-25
ORCL,operatingCashFlow,2017-08-31,6566000000,2017-10-20,NetCashProvidedByUsedInOperatingActivities,2026-08-25
ORCL,operatingIncome,2017-08-31,2749000000,2017-10-20,OperatingIncomeLoss,2026-08-25
ORCL,receivables,2017-08-31,3591000000,2017-10-20,AccountsReceivableNetCurrent,2026-08-25
ORCL,revenue,2017-08-31,9187000000,2017-10-20,Revenues,2026-08-25
ORCL,rnd,2017-08-31,1572000000,2017-10-20,ResearchAndDevelopmentExpense,2026-08-25
ORCL,shares,2017-08-31,4171000000,2017-10-20,CommonStockSharesOutstanding,2026-08-25
ORLY,assets,2017-09-30,7479328000,2017-11-19,Assets,2026-08-25
ORLY,cash,2017-09-30,37287000,2017-11-19,CashAndCashEquivalentsAtCarryingValue,2026-08-25
ORLY,debt,2017-09-30,2900816000,2017-11-19,LongTermDebtNoncurrent,2026-08-25
ORLY,equity,2017-09-30,614179000,2017-11-19,StockholdersEquity,2026-08-25
ORLY,grossProfit,2017-09-30,1230294000,2017-11-19,GrossProfit,2026-08-25
ORLY,inventory,2017-09-30,2987592000,2017-11-19,InventoryNet,2026-08-25
ORLY,netIncome,2017-09-30,283734000,2017-11-19,NetIncomeLoss,2026-08-25
ORLY,operatingIncome,2017-09-30,461963000,2017-11-19,OperatingIncomeLoss,2026-08-25
ORLY,receivables,2017-09-30,219631000,2017-11-19,AccountsReceivableNetCurrent,2026-08-25
ORLY,revenue,2017-09-30,2339830000,2017-11-19,RevenueFromContractWithCustomerExcludingAssessedTax,2026-08-25
ORLY,shares,2017-09-30,85338294,2017-11-19,CommonStockSharesOutstanding,2026-08-25
OXY,assets,2017-09-30,41443000000,2017-11-19,Assets,2026-08-25
OXY,cash,2017-09-30,1806000000,2017-11-19,CashAndCashEquivalentsAtCarryingValue,2026-08-25
OXY,debt,2017-09-30,9326000000,2017-11-19,LongTermDebtNoncurrent,2026-08-25
OXY,inventory,2017-09-30,1007000000,2017-11-19,InventoryNet,2026-08-25
OXY,netIncome,2017-09-30,190000000,2017-11-19,NetIncomeLoss,2026-08-25
OXY,receivables,2017-09-30,3749000000,2017-11-19,AccountsReceivableNetCurrent,2026-08-25
OXY,revenue,2017-09-30,2999000000,2017-11-19,Revenues,2026-08-25
OXY,shares,2017-09-30,893416414,2017-11-19,CommonStockSharesOutstanding,2026-08-25
PANW,assets,2017-07-31,3438300000,2017-09-19,Assets,2026-08-25
PANW,cash,2017-07-31,744300000,2017-09-19,CashAndCashEquivalentsAtCarryingValue,2026-08-25
PANW,debt,2017-07-31,524700000,2017-09-19,LongTermDebt,2026-08-25
PANW,equity,2017-07-31,759600000,2017-09-19,StockholdersEquity,2026-08-25
PANW,grossProfit,2017-07-31,370600000,2017-09-19,GrossProfit,2026-08-25
PANW,netIncome,2017-07-31,-38200000,2017-09-19,NetIncomeLoss,2026-08-25
PANW,operatingIncome,2017-07-31,-27300000,2017-09-19,OperatingIncomeLoss,2026-08-25
PANW,receivables,2017-07-31,432100000,2017-09-19,AccountsReceivableNetCurrent,2026-08-25
PANW,revenue,2017-07-31,509100000,2017-09-19,SalesRevenueNet,2026-08-25
PANW,rnd,2017-07-31,87300000,2017-09-19,ResearchAndDevelopmentExpense,2026-08-25
PANW,shares,2017-07-31,91500000,2017-09-19,CommonStockSharesOutstanding,2026-08-25
PAYX,assets,2017-08-31,7619500000,2017-10-20,Assets,2026-08-25
PAYX,buybacks,2017-08-31,94100000,2017-10-20,PaymentsForRepurchaseOfCommonStock,2026-08-25
PAYX,capex,2017-08-31,18000000,2017-10-20,PaymentsToAcquirePropertyPlantAndEquipment,2026-08-25
PAYX,cash,2017-08-31,234400000,2017-10-20,CashAndCashEquivalentsAtCarryingValue,2026-08-25
PAYX,equity,2017-08-31,1943800000,2017-10-20,StockholdersEquity,2026-08-25
PAYX,liabilities,2017-08-31,5675700000,2017-10-20,Liabilities,2026-08-25
PAYX,operatingCashFlow,2017-08-31,343600000,2017-10-20,NetCashProvidedByUsedInOperatingActivities,2026-08-25
PAYX,operatingIncome,2017-08-31,317300000,2017-10-20,OperatingIncomeLoss,2026-08-25
PAYX,revenue,2017-08-31,792900000,2017-10-20,Revenues,2026-08-25
PAYX,shares,2017-08-31,358900000,2017-10-20,CommonStockSharesOutstanding,2026-08-25
PCAR,assets,2017-09-30,23103900000,2017-11-19,Assets,2026-08-25
PCAR,cash,2017-09-30,2313300000,2017-11-19,CashAndCashEquivalentsAtCarryingValue,2026-08-25
PCAR,equity,2017-09-30,7935600000,2017-11-19,StockholdersEquity,2026-08-25
PCAR,netIncome,2017-09-30,402700000,2017-11-19,NetIncomeLoss,2026-08-25
PCAR,revenue,2017-09-30,5059700000,2017-11-19,Revenues,2026-08-25
PCG,assets,2017-09-30,71526000000,2017-11-19,Assets,2026-08-25
PCG,cash,2017-09-30,191000000,2017-11-19,CashAndCashEquivalentsAtCarryingValue,2026-08-25
PCG,debt,2017-09-30,16619000000,2017-11-19,LongTermDebtNoncurrent,2026-08-25
PCG,equity,2017-09-30,19034000000,2017-11-19,StockholdersEquity,2026-08-25
PCG,inventory,2017-09-30,138000000,2017-11-19,InventoryNet,2026-08-25
PCG,operatingIncome,2017-09-30,886000000,2017-11-19,OperatingIncomeLoss,2026-08-25
PCG,receivables,2017-09-30,1368000000,2017-11-19,AccountsReceivableNetCurrent,2026-08-25
PCG,revenue,2017-09-30,4517000000,2017-11-19,Revenues,2026-08-25
PCG,shares,2017-09-30,513773072000000,2017-11-19,CommonStockSharesOutstanding,2026-08-25
PEG,assets,2017-09-30,41157000000,2017-11-19,Assets,2026-08-25
PEG,cash,2017-09-30,278000000,2017-11-19,CashAndCashEquivalentsAtCarryingValue,2026-08-25
PEG,debt,2017-09-30,11274000000,2017-11-19,LongTermDebtNoncurrent,2026-08-25
PEG,netIncome,2017-09-30,395000000,2017-11-19,NetIncomeLoss,2026-08-25
PEG,operatingIncome,2017-09-30,693000000,2017-11-19,OperatingIncomeLoss,2026-08-25
PEG,receivables,2017-09-30,1022000000,2017-11-19,AccountsReceivableNetCurrent,2026-08-25
PEG,revenue,2017-09-30,2254000000,2017-11-19,Revenues,2026-08-25
PEP,assets,2017-09-09,78463000000,2017-10-29,Assets,2026-08-25
PEP,cash,2017-09-09,10243000000,2017-10-29,CashAndCashEquivalentsAtCarryingValue,2026-08-25
PEP,equity,2017-09-09,13450000000,2017-10-29,StockholdersEquity,2026-08-25
PEP,grossProfit,2017-09-09,8872000000,2017-10-29,GrossProfit,2026-08-25
PEP,inventory,2017-09-09,3251000000,2017-10-29,InventoryNet,2026-08-25
PEP,liabilities,2017-09-09,65052000000,2017-10-29,Liabilities,2026-08-25
PEP,netIncome,2017-09-09,2144000000,2017-10-29,NetIncomeLoss,2026-08-25
PEP,operatingIncome,2017-09-09,2924000000,2017-10-29,OperatingIncomeLoss,2026-08-25
PEP,revenue,2017-09-09,16240000000,2017-10-29,Revenues,2026-08-25
PFE,assets,2017-07-02,168558000000,2017-08-21,Assets,2026-08-25
PFE,cash,2017-07-02,2585000000,2017-08-21,CashAndCashEquivalentsAtCarryingValue,2026-08-25
PFE,debt,2017-07-02,34191000000,2017-08-21,LongTermDebtNoncurrent,2026-08-25
PFE,equity,2017-07-02,58368000000,2017-08-21,StockholdersEquity,2026-08-25
PFE,inventory,2017-07-02,7584000000,2017-08-21,InventoryNet,2026-08-25
PFE,liabilities,2017-07-02,109863000000,2017-08-21,Liabilities,2026-08-25
PFE,netIncome,2017-07-02,3073000000,2017-08-21,NetIncomeLoss,2026-08-25
PFE,receivables,2017-07-02,9476000000,2017-08-21,AccountsReceivableNetCurrent,2026-08-25
PFE,revenue,2017-07-02,12896000000,2017-08-21,RevenueFromContractWithCustomerExcludingAssessedTax,2026-08-25
PFG,assets,2017-09-30,247933600000,2017-11-19,Assets,2026-08-25
PFG,cash,2017-09-30,2795000000,2017-11-19,CashAndCashEquivalentsAtCarryingValue,2026-08-25
PFG,debt,2017-09-30,3175400000,2017-11-19,LongTermDebt,2026-08-25
PFG,equity,2017-09-30,11996400000,2017-11-19,StockholdersEquity,2026-08-25
PFG,liabilities,2017-09-30,235737200000,2017-11-19,Liabilities,2026-08-25
PFG,netIncome,2017-09-30,810200000,2017-11-19,NetIncomeLoss,2026-08-25
PFG,revenue,2017-09-30,4627800000,2017-11-19,Revenues,2026-08-25
PFG,shares,2017-09-30,288500000,2017-11-19,CommonStockSharesOutstanding,2026-08-25
PG,assets,2017-09-30,122851000000,2017-11-19,Assets,2026-08-25
PG,buybacks,2017-09-30,2502000000,2017-11-19,PaymentsForRepurchaseOfCommonStock,2026-08-25
PG,capex,2017-09-30,1132000000,2017-11-19,PaymentsToAcquirePropertyPlantAndEquipment,2026-08-25
PG,cash,2017-09-30,5024000000,2017-11-19,CashAndCashEquivalentsAtCarryingValue,2026-08-25
PG,debt,2017-09-30,20188000000,2017-11-19,LongTermDebtNoncurrent,2026-08-25
PG,inventory,2017-09-30,5023000000,2017-11-19,InventoryNet,2026-08-25
PG,liabilities,2017-09-30,67436000000,2017-11-19,Liabilities,2026-08-25
PG,netIncome,2017-09-30,2853000000,2017-11-19,NetIncomeLoss,2026-08-25
PG,operatingCashFlow,2017-09-30,3631000000,2017-11-19,NetCashProvidedByUsedInOperatingActivities,2026-08-25
PG,operatingIncome,2017-09-30,3648000000,2017-11-19,OperatingIncomeLoss,2026-08-25
PG,receivables,2017-09-30,4942000000,2017-11-19,AccountsReceivableNetCurrent,2026-08-25
PG,revenue,2017-09-30,16653000000,2017-11-19,Revenues,2026-08-25
PGR,assets,2017-09-30,38932600000,2017-11-19,Assets,2026-08-25
PGR,equity,2017-09-30,9289400000,2017-11-19,StockholdersEquity,2026-08-25
PGR,liabilities,2017-09-30,29145000000,2017-11-19,Liabilities,2026-08-25
PGR,netIncome,2017-09-30,224000000,2017-11-19,NetIncomeLoss,2026-08-25
PGR,revenue,2017-09-30,6791800000,2017-11-19,Revenues,2026-08-25
PH,assets,2017-09-30,15731279000,2017-11-19,Assets,2026-08-25
PH,buybacks,2017-09-30,78710000,2017-11-19,PaymentsForRepurchaseOfCommonStock,2026-08-25
PH,capex,2017-09-30,79336000,2017-11-19,PaymentsToAcquirePropertyPlantAndEquipment,2026-08-25
PH,cash,2017-09-30,874766000,2017-11-19,CashAndCashEquivalentsAtCarryingValue,2026-08-25
PH,debt,2017-09-30,4788147000,2017-11-19,LongTermDebtNoncurrent,2026-08-25
PH,equity,2017-09-30,5524940000,2017-11-19,StockholdersEquity,2026-08-25
PH,inventory,2017-09-30,1707001000,2017-11-19,InventoryNet,2026-08-25
PH,liabilities,2017-09-30,10200620000,2017-11-19,Liabilities,2026-08-25
PH,netIncome,2017-09-30,285397000,2017-11-19,NetIncomeLoss,2026-08-25
PH,operatingCashFlow,2017-09-30,238000000,2017-11-19,NetCashProvidedByUsedInOperatingActivities,2026-08-25
PH,operatingIncome,2017-09-30,525252000,2017-11-19,OperatingIncomeLoss,2026-08-25
PH,revenue,2017-09-30,3364651000,2017-11-19,Revenues,2026-08-25
PHM,assets,2017-09-30,9971269000,2017-11-19,Assets,2026-08-25
PHM,cash,2017-09-30,158237000,2017-11-19,CashAndCashEquivalentsAtCarryingValue,2026-08-25
PHM,equity,2017-09-30,4345085000,2017-11-19,StockholdersEquity,2026-08-25
PHM,liabilities,2017-09-30,5626184000,2017-11-19,Liabilities,2026-08-25
PHM,netIncome,2017-09-30,177539000,2017-11-19,NetIncomeLoss,2026-08-25
PHM,revenue,2017-09-30,2131058000,2017-11-19,Revenues,2026-08-25
PKG,assets,2017-09-30,6027200000,2017-11-19,Assets,2026-08-25
PKG,cash,2017-09-30,370500000,2017-11-19,CashAndCashEquivalentsAtCarryingValue,2026-08-25
PKG,debt,2017-09-30,2456300000,2017-11-19,LongTermDebtNoncurrent,2026-08-25
PKG,equity,2017-09-30,1994200000,2017-11-19,StockholdersEquity,2026-08-25
PKG,grossProfit,2017-09-30,397000000,2017-11-19,GrossProfit,2026-08-25
PKG,inventory,2017-09-30,736600000,2017-11-19,InventoryNet,2026-08-25
PKG,netIncome,2017-09-30,139100000,2017-11-19,NetIncomeLoss,2026-08-25
PKG,operatingIncome,2017-09-30,242600000,2017-11-19,OperatingIncomeLoss,2026-08-25
PKG,receivables,2017-09-30,831300000,2017-11-19,AccountsReceivableNetCurrent,2026-08-25
PKG,revenue,2017-09-30,1640100000,2017-11-19,RevenueFromContractWithCustomerExcludingAssessedTax,2026-08-25
PLD,assets,2017-09-30,29654150000,2017-11-19,Assets,2026-08-25
PLD,cash,2017-09-30,568726000,2017-11-19,CashAndCashEquivalentsAtCarryingValue,2026-08-25
PLD,debt,2017-09-30,9721065000,2017-11-19,LongTermDebt,2026-08-25
PLD,equity,2017-09-30,15543751000,2017-11-19,StockholdersEquity,2026-08-25
PLD,liabilities,2017-09-30,11094894000,2017-11-19,Liabilities,2026-08-25
PLD,netIncome,2017-09-30,877893000,2017-11-19,NetIncomeLoss,2026-08-25
PLD,operatingIncome,2017-09-30,175491000,2017-11-19,OperatingIncomeLoss,2026-08-25
PLD,revenue,2017-09-30,602874000,2017-11-19,Revenues,2026-08-25
PLD,shares,2017-09-30,532081000,2017-11-19,CommonStockSharesOutstanding,2026-08-25
PM,assets,2017-09-30,41951000000,2017-11-19,Assets,2026-08-25
PM,cash,2017-09-30,7667000000,2017-11-19,CashAndCashEquivalentsAtCarryingValue,2026-08-25
PM,equity,2017-09-30,-11407000000,2017-11-19,StockholdersEquity,2026-08-25
PM,grossProfit,2017-09-30,4738000000,2017-11-19,GrossProfit,2026-08-25
PM,inventory,2017-09-30,8283000000,2017-11-19,InventoryNet,2026-08-25
PM,liabilities,2017-09-30,51584000000,2017-11-19,Liabilities,2026-08-25
PM,netIncome,2017-09-30,1970000000,2017-11-19,NetIncomeLoss,2026-08-25
PM,operatingIncome,2017-09-30,3088000000,2017-11-19,OperatingIncomeLoss,2026-08-25
PM,receivables,2017-09-30,3985000000,2017-11-19,AccountsReceivableNetCurrent,2026-08-25
PM,revenue,2017-09-30,7473000000,2017-11-19,RevenueFromContractWithCustomerExcludingAssessedTax,2026-08-25
PNC,assets,2017-09-30,375191000000,2017-11-19,Assets,2026-08-25
PNC,equity,2017-09-30,46388000000,2017-11-19,StockholdersEquity,2026-08-25
PNC,liabilities,2017-09-30,328739000000,2017-11-19,Liabilities,2026-08-25
PNC,revenue,2017-09-30,4125000000,2017-11-19,Revenues,2026-08-25
PNR,assets,2017-09-30,8628800000,2017-11-19,Assets,2026-08-25
PNR,cash,2017-09-30,108500000,2017-11-19,CashAndCashEquivalentsAtCarryingValue,2026-08-25
PNR,debt,2017-09-30,1503400000,2017-11-19,LongTermDebtNoncurrent,2026-08-25
PNR,grossProfit,2017-09-30,236500000,2017-11-19,GrossProfit,2026-08-25
PNR,inventory,2017-09-30,579200000,2017-11-19,InventoryNet,2026-08-25
PNR,liabilities,2017-09-30,3620200000,2017-11-19,Liabilities,2026-08-25
PNR,netIncome,2017-09-30,125500000,2017-11-19,NetIncomeLoss,2026-08-25
PNR,operatingIncome,2017-09-30,101800000,2017-11-19,OperatingIncomeLoss,2026-08-25
PNR,revenue,2017-09-30,687600000,2017-11-19,Revenues,2026-08-25
PNR,rnd,2017-09-30,17900000,2017-11-19,ResearchAndDevelopmentExpense,2026-08-25
PNW,assets,2017-09-30,16977867000,2017-11-19,Assets,2026-08-25
PNW,cash,2017-09-30,10674000,2017-11-19,CashAndCashEquivalentsAtCarryingValue,2026-08-25
PNW,debt,2017-09-30,4491048000,2017-11-19,LongTermDebtNoncurrent,2026-08-25
PNW,equity,2017-09-30,5142068000,2017-11-19,StockholdersEquity,2026-08-25
PNW,operatingIncome,2017-09-30,459548000,2017-11-19,OperatingIncomeLoss,2026-08-25
PNW,revenue,2017-09-30,1183322000,2017-11-19,Revenues,2026-08-25
PODD,assets,2017-09-30,500348000,2017-11-19,Assets,2026-08-25
PODD,cash,2017-09-30,102233000,2017-11-19,CashAndCashEquivalentsAtCarryingValue,2026-08-25
PODD,debt,2017-09-30,344953000,2017-11-19,LongTermDebtNoncurrent,2026-08-25
PODD,equity,2017-09-30,74254000,2017-11-19,StockholdersEquity,2026-08-25
PODD,grossProfit,2017-09-30,73624000,2017-11-19,GrossProfit,2026-08-25
PODD,inventory,2017-09-30,35054000,2017-11-19,InventoryNet,2026-08-25
PODD,liabilities,2017-09-30,426094000,2017-11-19,Liabilities,2026-08-25
PODD,netIncome,2017-09-30,-2227000,2017-11-19,NetIncomeLoss,2026-08-25
PODD,operatingIncome,2017-09-30,2047000,2017-11-19,OperatingIncomeLoss,2026-08-25
PODD,receivables,2017-09-30,47173000,2017-11-19,AccountsReceivableNetCurrent,2026-08-25
PODD,revenue,2017-09-30,121775000,2017-11-19,Revenues,2026-08-25
PODD,rnd,2017-09-30,20141000,2017-11-19,ResearchAndDevelopmentExpense,2026-08-25
PODD,shares,2017-09-30,58156128,2017-11-19,CommonStockSharesOutstanding,2026-08-25
PPG,assets,2017-09-30,17616000000,2017-11-19,Assets,2026-08-25
PPG,cash,2017-09-30,2287000000,2017-11-19,CashAndCashEquivalentsAtCarryingValue,2026-08-25
PPG,debt,2017-09-30,4089000000,2017-11-19,LongTermDebtNoncurrent,2026-08-25
PPG,equity,2017-09-30,5897000000,2017-11-19,StockholdersEquity,2026-08-25
PPG,inventory,2017-09-30,1805000000,2017-11-19,InventoryNet,2026-08-25
PPG,liabilities,2017-09-30,11611000000,2017-11-19,Liabilities,2026-08-25
PPG,netIncome,2017-09-30,610000000,2017-11-19,NetIncomeLoss,2026-08-25
PPG,operatingIncome,2017-09-30,590000000,2017-11-19,OperatingIncomeLoss,2026-08-25
PPG,revenue,2017-09-30,3776000000,2017-11-19,Revenues,2026-08-25
PPL,assets,2017-09-30,40758000000,2017-11-19,Assets,2026-08-25
PPL,cash,2017-09-30,676000000,2017-11-19,CashAndCashEquivalentsAtCarryingValue,2026-08-25
PPL,debt,2017-09-30,19110000000,2017-11-19,LongTermDebtNoncurrent,2026-08-25
PPL,equity,2017-09-30,10692000000,2017-11-19,StockholdersEquity,2026-08-25
PPL,inventory,2017-09-30,323000000,2017-11-19,InventoryNet,2026-08-25
PPL,netIncome,2017-09-30,355000000,2017-11-19,NetIncomeLoss,2026-08-25
PPL,operatingIncome,2017-09-30,736000000,2017-11-19,OperatingIncomeLoss,2026-08-25
PPL,receivables,2017-09-30,617000000,2017-11-19,AccountsReceivableNetCurrent,2026-08-25
PPL,revenue,2017-09-30,1845000000,2017-11-19,Revenues,2026-08-25
PPL,shares,2017-09-30,688133000,2017-11-19,CommonStockSharesOutstanding,2026-08-25
PRU,assets,2017-09-30,821131000000,2017-11-19,Assets,2026-08-25
PRU,cash,2017-09-30,14541000000,2017-11-19,CashAndCashEquivalentsAtCarryingValue,2026-08-25
PRU,debt,2017-09-30,17153000000,2017-11-19,LongTermDebtNoncurrent,2026-08-25
PRU,equity,2017-09-30,50373000000,2017-11-19,StockholdersEquity,2026-08-25
PRU,liabilities,2017-09-30,770566000000,2017-11-19,Liabilities,2026-08-25
PRU,netIncome,2017-09-30,2238000000,2017-11-19,NetIncomeLoss,2026-08-25
PRU,revenue,2017-09-30,16313000000,2017-11-19,Revenues,2026-08-25
PSA,assets,2017-09-30,10765694000,2017-11-19,Assets,2026-08-25
PSA,cash,2017-09-30,694233000,2017-11-19,CashAndCashEquivalentsAtCarryingValue,2026-08-25
PSA,debt,2017-09-30,1425854000,2017-11-19,LongTermDebt,2026-08-25
PSA,equity,2017-09-30,8936190000,2017-11-19,StockholdersEquity,2026-08-25
PSA,grossProfit,2017-09-30,495742000,2017-11-19,GrossProfit,2026-08-25
PSA,liabilities,2017-09-30,1806274000,2017-11-19,Liabilities,2026-08-25
PSA,netIncome,2017-09-30,356674000,2017-11-19,NetIncomeLoss,2026-08-25
PSA,operatingIncome,2017-09-30,360111000,2017-11-19,OperatingIncomeLoss,2026-08-25
PSA,revenue,2017-09-30,686361000,2017-11-19,Revenues,2026-08-25
PSA,shares,2017-09-30,173738808,2017-11-19,CommonStockSharesOutstanding,2026-08-25
PSX,assets,2017-09-30,52712000000,2017-11-19,Assets,2026-08-25
PSX,cash,2017-09-30,1547000000,2017-11-19,CashAndCashEquivalentsAtCarryingValue,2026-08-25
PSX,equity,2017-09-30,22523000000,2017-11-19,StockholdersEquity,2026-08-25
PSX,inventory,2017-09-30,4455000000,2017-11-19,InventoryNet,2026-08-25
PSX,liabilities,2017-09-30,28753000000,2017-11-19,Liabilities,2026-08-25
PSX,netIncome,2017-09-30,823000000,2017-11-19,NetIncomeLoss,2026-08-25
PSX,revenue,2017-09-30,25627000000,2017-11-19,RevenueFromContractWithCustomerExcludingAssessedTax,2026-08-25
PTC,assets,2017-09-30,2360384000,2017-11-19,Assets,2026-08-25
PTC,cash,2017-09-30,280003000,2017-11-19,CashAndCashEquivalentsAtCarryingValue,2026-08-25
PTC,equity,2017-09-30,885436000,2017-11-19,StockholdersEquity,2026-08-25
PTC,grossProfit,2017-07-01,209025000,2017-08-20,GrossProfit,2026-08-25
PTC,liabilities,2017-09-30,1474948000,2017-11-19,Liabilities,2026-08-25
PTC,netIncome,2017-07-01,-951000,2017-08-20,NetIncomeLoss,2026-08-25
PTC,operatingIncome,2017-07-01,11256000,2017-08-20,OperatingIncomeLoss,2026-08-25
PTC,receivables,2017-09-30,152299000,2017-11-19,AccountsReceivableNetCurrent,2026-08-25
PTC,revenue,2017-07-01,291293000,2017-08-20,SalesRevenueNet,2026-08-25
PTC,rnd,2017-07-01,59850000,2017-08-20,ResearchAndDevelopmentExpense,2026-08-25
PTC,shares,2017-09-30,115333000,2017-11-19,CommonStockSharesOutstanding,2026-08-25
PWR,assets,2017-09-30,6640246000,2017-11-19,Assets,2026-08-25
PWR,buybacks,2017-09-30,0,2017-11-19,PaymentsForRepurchaseOfCommonStock,2026-08-25
PWR,capex,2017-09-30,62997000,2017-11-19,PaymentsToAcquirePropertyPlantAndEquipment,2026-08-25
PWR,cash,2017-09-30,91532000,2017-11-19,CashAndCashEquivalentsAtCarryingValue,2026-08-25
PWR,debt,2017-09-30,760208000,2017-11-19,LongTermDebtNoncurrent,2026-08-25
PWR,equity,2017-09-30,3727530000,2017-11-19,StockholdersEquity,2026-08-25
PWR,grossProfit,2017-09-30,350631000,2017-11-19,GrossProfit,2026-08-25
PWR,inventory,2017-09-30,86391000,2017-11-19,InventoryNet,2026-08-25
PWR,liabilities,2017-09-30,2910015000,2017-11-19,Liabilities,2026-08-25
PWR,operatingCashFlow,2017-09-30,173567000,2017-11-19,NetCashProvidedByUsedInOperatingActivities,2026-08-25
PWR,operatingIncome,2017-09-30,140428000,2017-11-19,OperatingIncomeLoss,2026-08-25
PWR,receivables,2017-09-30,1980245000,2017-11-19,AccountsReceivableNetCurrent,2026-08-25
PWR,revenue,2017-09-30,2609307000,2017-11-19,RevenueFromContractWithCustomerExcludingAssessedTax,2026-08-25
PWR,shares,2017-09-30,151206729,2017-11-19,CommonStockSharesOutstanding,2026-08-25
PYPL,assets,2017-09-30,37761000000,2017-11-19,Assets,2026-08-25
PYPL,buybacks,2017-09-30,5299000000,2017-11-19,PaymentsForRepurchaseOfCommonStock,2026-08-25
PYPL,cash,2017-09-30,2330000000,2017-11-19,CashAndCashEquivalentsAtCarryingValue,2026-08-25
PYPL,equity,2017-09-30,15432000000,2017-11-19,StockholdersEquity,2026-08-25
PYPL,liabilities,2017-09-30,22329000000,2017-11-19,Liabilities,2026-08-25
PYPL,netIncome,2017-09-30,380000000,2017-11-19,NetIncomeLoss,2026-08-25
PYPL,operatingIncome,2017-09-30,423000000,2017-11-19,OperatingIncomeLoss,2026-08-25
PYPL,receivables,2017-09-30,301000000,2017-11-19,AccountsReceivableNetCurrent,2026-08-25
PYPL,revenue,2017-09-30,3239000000,2017-11-19,RevenueFromContractWithCustomerExcludingAssessedTax,2026-08-25
PYPL,rnd,2017-09-30,240000000,2017-11-19,ResearchAndDevelopmentExpense,2026-08-25
PYPL,shares,2017-09-30,1202000000,2017-11-19,CommonStockSharesOutstanding,2026-08-25
QCOM,assets,2017-09-24,65498000000,2017-11-13,Assets,2026-08-25
QCOM,cash,2017-09-24,35029000000,2017-11-13,CashAndCashEquivalentsAtCarryingValue,2026-08-25
QCOM,debt,2017-09-24,19398000000,2017-11-13,LongTermDebt,2026-08-25
QCOM,equity,2017-09-24,30725000000,2017-11-13,StockholdersEquity,2026-08-25
QCOM,inventory,2017-09-24,2035000000,2017-11-13,InventoryNet,2026-08-25
QCOM,liabilities,2017-09-24,34773000000,2017-11-13,Liabilities,2026-08-25
QCOM,netIncome,2017-09-24,157000000,2017-11-13,NetIncomeLoss,2026-08-25
QCOM,operatingIncome,2017-09-24,316000000,2017-11-13,OperatingIncomeLoss,2026-08-25
QCOM,receivables,2017-09-24,3576000000,2017-11-13,AccountsReceivableNetCurrent,2026-08-25
QCOM,revenue,2017-09-24,5888000000,2017-11-13,Revenues,2026-08-25
QCOM,shares,2017-09-24,1474000000,2017-11-13,CommonStockSharesOutstanding,2026-08-25
RCL,assets,2017-09-30,22099314000,2017-11-19,Assets,2026-08-25
RCL,cash,2017-09-30,139950000,2017-11-19,CashAndCashEquivalentsAtCarryingValue,2026-08-25
RCL,equity,2017-09-30,10435488000,2017-11-19,StockholdersEquity,2026-08-25
RCL,inventory,2017-09-30,119949000,2017-11-19,InventoryNet,2026-08-25
RCL,netIncome,2017-09-30,752842000,2017-11-19,NetIncomeLoss,2026-08-25
RCL,operatingIncome,2017-09-30,737488000,2017-11-19,OperatingIncomeLoss,2026-08-25
RCL,revenue,2017-09-30,2569544000,2017-11-19,Revenues,2026-08-25
REG,debt,2017-09-30,3522130000,2017-11-19,LongTermDebt,2026-08-25
REG,revenue,2017-09-30,262141000,2017-11-19,Revenues,2026-08-25
REGN,assets,2017-09-30,8701215000,2017-11-19,Assets,2026-08-25
REGN,cash,2017-09-30,792065000,2017-11-19,CashAndCashEquivalentsAtCarryingValue,2026-08-25
REGN,equity,2017-09-30,6051593000,2017-11-19,StockholdersEquity,2026-08-25
REGN,inventory,2017-09-30,641588000,2017-11-19,InventoryNet,2026-08-25
REGN,liabilities,2017-09-30,2649622000,2017-11-19,Liabilities,2026-08-25
REGN,netIncome,2017-09-30,388300000,2017-11-19,NetIncomeLoss,2026-08-25
REGN,operatingIncome,2017-09-30,559926000,2017-11-19,OperatingIncomeLoss,2026-08-25
REGN,receivables,2017-09-30,1532693000,2017-11-19,AccountsReceivableNetCurrent,2026-08-25
REGN,revenue,2017-09-30,1500673000,2017-11-19,Revenues,2026-08-25
REGN,rnd,2017-09-30,529749000,2017-11-19,ResearchAndDevelopmentExpense,2026-08-25
RF,assets,2017-09-30,123271000000,2017-11-19,Assets,2026-08-25
RF,cash,2017-09-30,3761000000,2017-11-19,CashAndCashEquivalentsAtCarryingValue,2026-08-25
RF,debt,2017-09-30,6102000000,2017-11-19,LongTermDebt,2026-08-25
RF,equity,2017-09-30,16624000000,2017-11-19,StockholdersEquity,2026-08-25
RF,liabilities,2017-09-30,106647000000,2017-11-19,Liabilities,2026-08-25
RF,netIncome,2017-09-30,311000000,2017-11-19,NetIncomeLoss,2026-08-25
RJF,assets,2017-09-30,34883456000,2017-11-19,Assets,2026-08-25
RJF,cash,2017-09-30,3670000000,2017-11-19,CashAndCashEquivalentsAtCarryingValue,2026-08-25
RJF,equity,2017-09-30,5581713000,2017-11-19,StockholdersEquity,2026-08-25
RJF,liabilities,2017-09-30,29190105000,2017-11-19,Liabilities,2026-08-25
RJF,shares,2017-09-30,144096521,2017-11-19,CommonStockSharesOutstanding,2026-08-25
RL,assets,2017-09-30,6028300000,2017-11-19,Assets,2026-08-25
RL,buybacks,2017-07-01,14400000,2017-08-20,PaymentsForRepurchaseOfCommonStock,2026-08-25
RL,capex,2017-07-01,41900000,2017-08-20,PaymentsToAcquireProductiveAssets,2026-08-25
RL,cash,2017-09-30,1111600000,2017-11-19,CashAndCashEquivalentsAtCarryingValue,2026-08-25
RL,debt,2017-09-30,291800000,2017-11-19,LongTermDebtNoncurrent,2026-08-25
RL,equity,2017-09-30,3509600000,2017-11-19,StockholdersEquity,2026-08-25
RL,grossProfit,2017-09-30,995800000,2017-11-19,GrossProfit,2026-08-25
RL,inventory,2017-09-30,864600000,2017-11-19,InventoryNet,2026-08-25
RL,liabilities,2017-09-30,2518700000,2017-11-19,Liabilities,2026-08-25
RL,netIncome,2017-09-30,143800000,2017-11-19,NetIncomeLoss,2026-08-25
RL,operatingCashFlow,2017-07-01,334200000,2017-08-20,NetCashProvidedByUsedInOperatingActivities,2026-08-25
RL,operatingIncome,2017-09-30,193300000,2017-11-19,OperatingIncomeLoss,2026-08-25
RL,receivables,2017-09-30,470300000,2017-11-19,AccountsReceivableNetCurrent,2026-08-25
RL,revenue,2017-09-30,1664200000,2017-11-19,Revenues,2026-08-25
RMD,assets,2017-09-30,3489617000,2017-11-19,Assets,2026-08-25
RMD,capex,2017-09-30,16030000,2017-11-19,PaymentsToAcquirePropertyPlantAndEquipment,2026-08-25
RMD,cash,2017-09-30,811102000,2017-11-19,CashAndCashEquivalentsAtCarryingValue,2026-08-25
RMD,debt,2017-09-30,1018871000,2017-11-19,LongTermDebtNoncurrent,2026-08-25
RMD,equity,2017-09-30,2049528000,2017-11-19,StockholdersEquity,2026-08-25
RMD,grossProfit,2017-09-30,305605000,2017-11-19,GrossProfit,2026-08-25
RMD,inventory,2017-09-30,300472000,2017-11-19,InventoryNet,2026-08-25
RMD,liabilities,2017-09-30,1440089000,2017-11-19,Liabilities,2026-08-25
RMD,netIncome,2017-09-30,86125000,2017-11-19,NetIncomeLoss,2026-08-25
RMD,operatingCashFlow,2017-09-30,93983000,2017-11-19,NetCashProvidedByUsedInOperatingActivities,2026-08-25
RMD,operatingIncome,2017-09-30,112558000,2017-11-19,OperatingIncomeLoss,2026-08-25
RMD,receivables,2017-09-30,431354000,2017-11-19,AccountsReceivableNetCurrent,2026-08-25
RMD,revenue,2017-09-30,523659000,2017-11-19,Revenues,2026-08-25
RMD,rnd,2017-09-30,37415000,2017-11-19,ResearchAndDevelopmentExpense,2026-08-25
RMD,shares,2017-09-30,142263786,2017-11-19,CommonStockSharesOutstanding,2026-08-25
ROK,assets,2017-09-30,7161700000,2017-11-19,Assets,2026-08-25
ROK,cash,2017-09-30,1410900000,2017-11-19,CashAndCashEquivalentsAtCarryingValue,2026-08-25
ROK,debt,2017-09-30,1243400000,2017-11-19,LongTermDebtNoncurrent,2026-08-25
ROK,equity,2017-09-30,2663600000,2017-11-19,StockholdersEquity,2026-08-25
ROK,grossProfit,2017-09-30,647700000,2017-11-19,GrossProfit,2026-08-25
ROK,inventory,2017-09-30,558700000,2017-11-19,InventoryNet,2026-08-25
ROK,netIncome,2017-09-30,204600000,2017-11-19,NetIncomeLoss,2026-08-25
ROK,revenue,2017-09-30,1667500000,2017-11-19,Revenues,2026-08-25
ROK,shares,2017-09-30,128400000,2017-11-19,CommonStockSharesOutstanding,2026-08-25
ROL,assets,2017-09-30,1046527000,2017-11-19,Assets,2026-08-25
ROL,cash,2017-09-30,113397000,2017-11-19,CashAndCashEquivalentsAtCarryingValue,2026-08-25
ROL,equity,2017-09-30,650439000,2017-11-19,StockholdersEquity,2026-08-25
ROL,grossProfit,2017-09-30,231661000,2017-11-19,GrossProfit,2026-08-25
ROL,inventory,2017-09-30,15380000,2017-11-19,InventoryNet,2026-08-25
ROL,liabilities,2017-09-30,396088000,2017-11-19,Liabilities,2026-08-25
ROL,receivables,2017-09-30,110325000,2017-11-19,AccountsReceivableNetCurrent,2026-08-25
ROL,revenue,2017-09-30,450442000,2017-11-19,Revenues,2026-08-25
ROL,shares,2017-09-30,217975154,2017-11-19,CommonStockSharesOutstanding,2026-08-25
ROP,assets,2017-09-30,14246673000,2017-11-19,Assets,2026-08-25
ROP,cash,2017-09-30,605600000,2017-11-19,CashAndCashEquivalentsAtCarryingValue,2026-08-25
ROP,debt,2017-09-30,4932721000,2017-11-19,LongTermDebtNoncurrent,2026-08-25
ROP,equity,2017-09-30,6458984000,2017-11-19,StockholdersEquity,2026-08-25
ROP,grossProfit,2017-09-30,726400000,2017-11-19,GrossProfit,2026-08-25
ROP,inventory,2017-09-30,209306000,2017-11-19,InventoryNet,2026-08-25
ROP,liabilities,2017-09-30,7787689000,2017-11-19,Liabilities,2026-08-25
ROP,netIncome,2017-09-30,190300000,2017-11-19,NetIncomeLoss,2026-08-25
ROP,operatingIncome,2017-09-30,310800000,2017-11-19,OperatingIncomeLoss,2026-08-25
ROP,receivables,2017-09-30,603874000,2017-11-19,AccountsReceivableNetCurrent,2026-08-25
ROP,revenue,2017-09-30,1159900000,2017-11-19,RevenueFromContractWithCustomerExcludingAssessedTax,2026-08-25
ROST,assets,2017-07-29,5514479000,2017-09-17,Assets,2026-08-25
ROST,cash,2017-07-29,1150932000,2017-09-17,CashAndCashEquivalentsAtCarryingValue,2026-08-25
ROST,debt,2017-07-29,396729000,2017-09-17,LongTermDebtNoncurrent,2026-08-25
ROST,equity,2017-07-29,2839884000,2017-09-17,StockholdersEquity,2026-08-25
ROST,inventory,2017-07-29,1608333000,2017-09-17,InventoryNet,2026-08-25
ROST,netIncome,2017-07-29,316539000,2017-09-17,NetIncomeLoss,2026-08-25
ROST,revenue,2017-07-29,3431603000,2017-09-17,RevenueFromContractWithCustomerExcludingAssessedTax,2026-08-25
ROST,shares,2017-07-29,385923000,2017-09-17,CommonStockSharesOutstanding,2026-08-25
RSG,assets,2017-09-30,20948600000,2017-11-19,Assets,2026-08-25
RSG,capex,2017-09-30,271500000,2017-11-19,PaymentsToAcquireProductiveAssets,2026-08-25
RSG,cash,2017-09-30,63900000,2017-11-19,CashAndCashEquivalentsAtCarryingValue,2026-08-25
RSG,debt,2017-09-30,7857700000,2017-11-19,LongTermDebt,2026-08-25
RSG,equity,2017-09-30,7672000000,2017-11-19,StockholdersEquity,2026-08-25
RSG,inventory,2017-09-30,47800000,2017-11-19,InventoryNet,2026-08-25
RSG,netIncome,2017-09-30,223200000,2017-11-19,NetIncomeLoss,2026-08-25
RSG,operatingIncome,2017-09-30,448100000,2017-11-19,OperatingIncomeLoss,2026-08-25
RSG,receivables,2017-09-30,1126900000,2017-11-19,AccountsReceivableNetCurrent,2026-08-25
RSG,revenue,2017-09-30,3077200000,2017-11-19,Revenues,2026-08-25
RTX,assets,2017-09-30,96352000000,2017-11-19,Assets,2026-08-25
RTX,cash,2017-09-30,8523000000,2017-11-19,CashAndCashEquivalentsAtCarryingValue,2026-08-25
RTX,equity,2017-09-30,29881000000,2017-11-19,StockholdersEquity,2026-08-25
RTX,grossProfit,2017-09-30,3956000000,2017-11-19,GrossProfit,2026-08-25
RTX,inventory,2017-09-30,10083000000,2017-11-19,InventoryNet,2026-08-25
RTX,liabilities,2017-09-30,64232000000,2017-11-19,Liabilities,2026-08-25
RTX,netIncome,2017-09-30,1330000000,2017-11-19,NetIncomeLoss,2026-08-25
RTX,operatingIncome,2017-09-30,2032000000,2017-11-19,OperatingIncomeLoss,2026-08-25
RTX,revenue,2017-09-30,15062000000,2017-11-19,Revenues,2026-08-25
RTX,rnd,2017-09-30,592000000,2017-11-19,ResearchAndDevelopmentExpense,2026-08-25
RVTY,assets,2017-07-02,4605104000,2017-08-21,Assets,2026-08-25
RVTY,cash,2017-07-02,616308000,2017-08-21,CashAndCashEquivalentsAtCarryingValue,2026-08-25
RVTY,debt,2017-07-02,1089395000,2017-08-21,LongTermDebtNoncurrent,2026-08-25
RVTY,equity,2017-07-02,2438636000,2017-08-21,StockholdersEquity,2026-08-25
RVTY,grossProfit,2017-07-02,257602000,2017-08-21,GrossProfit,2026-08-25
RVTY,inventory,2017-07-02,275085000,2017-08-21,InventoryNet,2026-08-25
RVTY,liabilities,2017-07-02,2166468000,2017-08-21,Liabilities,2026-08-25
RVTY,netIncome,2017-07-02,204069000,2017-08-21,NetIncomeLoss,2026-08-25
RVTY,operatingIncome,2017-07-02,74183000,2017-08-21,OperatingIncomeLoss,2026-08-25
RVTY,receivables,2017-07-02,440412000,2017-08-21,AccountsReceivableNetCurrent,2026-08-25
RVTY,revenue,2017-07-02,546962000,2017-08-21,Revenues,2026-08-25
RVTY,rnd,2017-07-02,33560000,2017-08-21,ResearchAndDevelopmentExpense,2026-08-25
RVTY,shares,2017-07-02,110196000,2017-08-21,CommonStockSharesOutstanding,2026-08-25
SBAC,assets,2017-09-30,7300470000,2017-11-19,Assets,2026-08-25
SBAC,capex,2017-09-30,115955000,2017-11-19,PaymentsToAcquireProductiveAssets,2026-08-25
SBAC,cash,2017-09-30,139711000,2017-11-19,CashAndCashEquivalentsAtCarryingValue,2026-08-25
SBAC,debt,2017-09-30,8185512000,2017-11-19,LongTermDebtNoncurrent,2026-08-25
SBAC,equity,2017-09-30,-2257798000,2017-11-19,StockholdersEquity,2026-08-25
SBAC,grossProfit,2017-09-30,322477000,2017-11-19,GrossProfit,2026-08-25
SBAC,netIncome,2017-09-30,49161000,2017-11-19,NetIncomeLoss,2026-08-25
SBAC,operatingIncome,2017-09-30,117011000,2017-11-19,OperatingIncomeLoss,2026-08-25
SBAC,receivables,2017-09-30,87417000,2017-11-19,AccountsReceivableNetCurrent,2026-08-25
SBAC,revenue,2017-09-30,433945000,2017-11-19,Revenues,2026-08-25
SBUX,assets,2017-07-02,14522700000,2017-08-21,Assets,2026-08-25
SBUX,cash,2017-07-02,2716200000,2017-08-21,CashAndCashEquivalentsAtCarryingValue,2026-08-25
SBUX,debt,2017-07-02,3935500000,2017-08-21,LongTermDebtNoncurrent,2026-08-25
SBUX,equity,2017-07-02,5843400000,2017-08-21,StockholdersEquity,2026-08-25
SBUX,inventory,2017-07-02,1357300000,2017-08-21,InventoryNet,2026-08-25
SBUX,liabilities,2017-07-02,8673200000,2017-08-21,Liabilities,2026-08-25
SBUX,netIncome,2017-07-02,691600000,2017-08-21,NetIncomeLoss,2026-08-25
SBUX,operatingIncome,2017-07-02,1044200000,2017-08-21,OperatingIncomeLoss,2026-08-25
SBUX,receivables,2017-07-02,791100000,2017-08-21,AccountsReceivableNetCurrent,2026-08-25
SBUX,revenue,2017-07-02,5661500000,2017-08-21,Revenues,2026-08-25
SBUX,shares,2017-07-02,1445700000,2017-08-21,CommonStockSharesOutstanding,2026-08-25
SCHW,assets,2017-09-30,230714000000,2017-11-19,Assets,2026-08-25
SCHW,cash,2017-09-30,12253000000,2017-11-19,CashAndCashEquivalentsAtCarryingValue,2026-08-25
SCHW,equity,2017-09-30,18027000000,2017-11-19,StockholdersEquity,2026-08-25
SCHW,liabilities,2017-09-30,212687000000,2017-11-19,Liabilities,2026-08-25
SCHW,netIncome,2017-09-30,618000000,2017-11-19,NetIncomeLoss,2026-08-25
SCHW,revenue,2017-09-30,2165000000,2017-11-19,Revenues,2026-08-25
SHW,assets,2017-09-30,20779657000,2017-11-19,Assets,2026-08-25
SHW,cash,2017-09-30,207937000,2017-11-19,CashAndCashEquivalentsAtCarryingValue,2026-08-25
SHW,debt,2017-09-30,10083828000,2017-11-19,LongTermDebtNoncurrent,2026-08-25
SHW,equity,2017-09-30,2740989000,2017-11-19,StockholdersEquity,2026-08-25
SHW,grossProfit,2017-09-30,1901827000,2017-11-19,GrossProfit,2026-08-25
SHW,inventory,2017-09-30,1704213000,2017-11-19,InventoryNet,2026-08-25
SHW,netIncome,2017-09-30,316606000,2017-11-19,NetIncomeLoss,2026-08-25
SHW,operatingIncome,2017-09-30,655619000,2017-11-19,OperatingIncomeLoss,2026-08-25
SHW,receivables,2017-09-30,2426222000,2017-11-19,AccountsReceivableNetCurrent,2026-08-25
SHW,revenue,2017-09-30,4507020000,2017-11-19,Revenues,2026-08-25
SHW,shares,2017-09-30,93513916,2017-11-19,CommonStockSharesOutstanding,2026-08-25
SJM,assets,2017-07-31,15641600000,2017-09-19,Assets,2026-08-25
SJM,buybacks,2017-07-31,6600000,2017-09-19,PaymentsForRepurchaseOfCommonStock,2026-08-25
SJM,capex,2017-07-31,69600000,2017-09-19,PaymentsToAcquirePropertyPlantAndEquipment,2026-08-25
SJM,cash,2017-07-31,183200000,2017-09-19,CashAndCashEquivalentsAtCarryingValue,2026-08-25
SJM,debt,2017-07-31,4444800000,2017-09-19,LongTermDebtNoncurrent,2026-08-25
SJM,equity,2017-07-31,6931900000,2017-09-19,StockholdersEquity,2026-08-25
SJM,grossProfit,2017-07-31,662100000,2017-09-19,GrossProfit,2026-08-25
SJM,inventory,2017-07-31,981300000,2017-09-19,InventoryNet,2026-08-25
SJM,liabilities,2017-07-31,8709700000,2017-09-19,Liabilities,2026-08-25
SJM,netIncome,2017-07-31,126800000,2017-09-19,NetIncomeLoss,2026-08-25
SJM,operatingCashFlow,2017-07-31,304300000,2017-09-19,NetCashProvidedByUsedInOperatingActivitiesContinuingOperations,2026-08-25
SJM,operatingIncome,2017-07-31,235200000,2017-09-19,OperatingIncomeLoss,2026-08-25
SJM,receivables,2017-07-31,433700000,2017-09-19,AccountsReceivableNetCurrent,2026-08-25
SJM,shares,2017-07-31,113600000,2017-09-19,CommonStockSharesOutstanding,2026-08-25
SLB,assets,2017-09-30,73569000000,2017-11-19,Assets,2026-08-25
SLB,debt,2017-09-30,15871000000,2017-11-19,LongTermDebtNoncurrent,2026-08-25
SLB,equity,2017-09-30,39573000000,2017-11-19,StockholdersEquity,2026-08-25
SLB,inventory,2017-09-30,4308000000,2017-11-19,InventoryNet,2026-08-25
SLB,liabilities,2017-09-30,33559000000,2017-11-19,Liabilities,2026-08-25
SLB,netIncome,2017-09-30,545000000,2017-11-19,NetIncomeLoss,2026-08-25
SLB,operatingIncome,2017-09-30,1059000000,2017-11-19,OperatingIncomeLoss,2026-08-25
SLB,revenue,2017-09-30,7905000000,2017-11-19,Revenues,2026-08-25
SLB,rnd,2017-09-30,189000000,2017-11-19,ResearchAndDevelopmentExpense,2026-08-25
SMCI,capex,2017-09-30,4956000,2017-11-19,PaymentsToAcquirePropertyPlantAndEquipment,2026-08-25
SMCI,grossProfit,2017-09-30,86054000,2017-11-19,GrossProfit,2026-08-25
SMCI,netIncome,2017-09-30,6079000,2017-11-19,NetIncomeLoss,2026-08-25
SMCI,operatingCashFlow,2017-09-30,11838000,2017-11-19,NetCashProvidedByUsedInOperatingActivities,2026-08-25
SMCI,operatingIncome,2017-09-30,9319000,2017-11-19,OperatingIncomeLoss,2026-08-25
SMCI,revenue,2017-09-30,716737000,2017-11-19,RevenueFromContractWithCustomerExcludingAssessedTax,2026-08-25
SMCI,rnd,2017-09-30,40668000,2017-11-19,ResearchAndDevelopmentExpense,2026-08-25
SNA,assets,2017-09-30,5256200000,2017-11-19,Assets,2026-08-25
SNA,cash,2017-09-30,94100000,2017-11-19,CashAndCashEquivalentsAtCarryingValue,2026-08-25
SNA,debt,2017-09-30,755000000,2017-11-19,LongTermDebtNoncurrent,2026-08-25
SNA,equity,2017-09-30,2921800000,2017-11-19,StockholdersEquity,2026-08-25
SNA,grossProfit,2017-09-30,448600000,2017-11-19,GrossProfit,2026-08-25
SNA,inventory,2017-09-30,649900000,2017-11-19,InventoryNet,2026-08-25
SNA,liabilities,2017-09-30,2316200000,2017-11-19,Liabilities,2026-08-25
SNA,netIncome,2017-09-30,133400000,2017-11-19,NetIncomeLoss,2026-08-25
SNA,operatingIncome,2017-09-30,208700000,2017-11-19,OperatingIncomeLoss,2026-08-25
SNA,receivables,2017-09-30,675200000,2017-11-19,AccountsReceivableNetCurrent,2026-08-25
SNA,revenue,2017-09-30,982800000,2017-11-19,Revenues,2026-08-25
SNPS,assets,2017-07-31,5678939000,2017-09-19,Assets,2026-08-25
SNPS,cash,2017-07-31,1154986000,2017-09-19,CashAndCashEquivalentsAtCarryingValue,2026-08-25
SNPS,debt,2017-07-31,137813000,2017-09-19,LongTermDebtNoncurrent,2026-08-25
SNPS,equity,2017-07-31,3423168000,2017-09-19,StockholdersEquity,2026-08-25
SNPS,grossProfit,2017-07-31,525835000,2017-09-19,GrossProfit,2026-08-25
SNPS,liabilities,2017-07-31,2255771000,2017-09-19,Liabilities,2026-08-25
SNPS,netIncome,2017-07-31,116751000,2017-09-19,NetIncomeLoss,2026-08-25
SNPS,operatingIncome,2017-07-31,105370000,2017-09-19,OperatingIncomeLoss,2026-08-25
SNPS,receivables,2017-07-31,411262000,2017-09-19,AccountsReceivableNetCurrent,2026-08-25
SNPS,revenue,2017-07-31,695381000,2017-09-19,Revenues,2026-08-25
SNPS,rnd,2017-07-31,228663000,2017-09-19,ResearchAndDevelopmentExpense,2026-08-25
SNPS,shares,2017-07-31,150238000,2017-09-19,CommonStockSharesOutstanding,2026-08-25
SO,assets,2017-09-30,110315000000,2017-11-19,Assets,2026-08-25
SO,cash,2017-09-30,1841000000,2017-11-19,CashAndCashEquivalentsAtCarryingValue,2026-08-25
SO,equity,2017-09-30,24082000000,2017-11-19,StockholdersEquity,2026-08-25
SO,liabilities,2017-09-30,83956000000,2017-11-19,Liabilities,2026-08-25
SO,netIncome,2017-09-30,1069000000,2017-11-19,NetIncomeLoss,2026-08-25
SO,operatingIncome,2017-09-30,1991000000,2017-11-19,OperatingIncomeLoss,2026-08-25
SO,revenue,2017-09-30,6201000000,2017-11-19,Revenues,2026-08-25
SPG,assets,2017-09-30,31032410000,2017-11-19,Assets,2026-08-25
SPG,cash,2017-09-30,508405000,2017-11-19,CashAndCashEquivalentsAtCarryingValue,2026-08-25
SPG,debt,2017-09-30,23410357000,2017-11-19,LongTermDebt,2026-08-25
SPG,equity,2017-09-30,3685142000,2017-11-19,StockholdersEquity,2026-08-25
SPG,liabilities,2017-09-30,26603072000,2017-11-19,Liabilities,2026-08-25
SPG,operatingIncome,2017-09-30,690068000,2017-11-19,OperatingIncomeLoss,2026-08-25
SPG,revenue,2017-09-30,1403638000,2017-11-19,Revenues,2026-08-25
SPGI,assets,2017-09-30,8714000000,2017-11-19,Assets,2026-08-25
SPGI,cash,2017-09-30,2312000000,2017-11-19,CashAndCashEquivalentsAtCarryingValue,2026-08-25
SPGI,debt,2017-09-30,3568000000,2017-11-19,LongTermDebtNoncurrent,2026-08-25
SPGI,equity,2017-09-30,839000000,2017-11-19,StockholdersEquity,2026-08-25
SPGI,liabilities,2017-09-30,6660000000,2017-11-19,Liabilities,2026-08-25
SPGI,netIncome,2017-09-30,414000000,2017-11-19,NetIncomeLoss,2026-08-25
SPGI,operatingIncome,2017-09-30,649000000,2017-11-19,OperatingIncomeLoss,2026-08-25
SPGI,receivables,2017-09-30,1188000000,2017-11-19,AccountsReceivableNetCurrent,2026-08-25
SPGI,revenue,2017-09-30,1513000000,2017-11-19,Revenues,2026-08-25
SRE,assets,2017-09-30,50129000000,2017-11-19,Assets,2026-08-25
SRE,cash,2017-09-30,189000000,2017-11-19,CashAndCashEquivalentsAtCarryingValue,2026-08-25
SRE,equity,2017-09-30,13265000000,2017-11-19,StockholdersEquity,2026-08-25
SRE,inventory,2017-09-30,296000000,2017-11-19,InventoryNet,2026-08-25
SRE,netIncome,2017-09-30,57000000,2017-11-19,NetIncomeLoss,2026-08-25
SRE,receivables,2017-09-30,1212000000,2017-11-19,AccountsReceivableNetCurrent,2026-08-25
SRE,revenue,2017-09-30,2679000000,2017-11-19,Revenues,2026-08-25
SRE,shares,2017-09-30,251000000,2017-11-19,CommonStockSharesOutstanding,2026-08-25
STLD,assets,2017-09-30,6960737000,2017-11-19,Assets,2026-08-25
STLD,buybacks,2017-09-30,99085000,2017-11-19,PaymentsForRepurchaseOfCommonStock,2026-08-25
STLD,capex,2017-09-30,42795000,2017-11-19,PaymentsToAcquirePropertyPlantAndEquipment,2026-08-25
STLD,cash,2017-09-30,1101964000,2017-11-19,CashAndCashEquivalentsAtCarryingValue,2026-08-25
STLD,debt,2017-09-30,2351483000,2017-11-19,LongTermDebtNoncurrent,2026-08-25
STLD,equity,2017-09-30,3104725000,2017-11-19,StockholdersEquity,2026-08-25
STLD,grossProfit,2017-09-30,396518000,2017-11-19,GrossProfit,2026-08-25
STLD,inventory,2017-09-30,1487516000,2017-11-19,InventoryNet,2026-08-25
STLD,liabilities,2017-09-30,3899716000,2017-11-19,Liabilities,2026-08-25
STLD,operatingCashFlow,2017-09-30,225854000,2017-11-19,NetCashProvidedByUsedInOperatingActivities,2026-08-25
STLD,operatingIncome,2017-09-30,271015000,2017-11-19,OperatingIncomeLoss,2026-08-25
STLD,receivables,2017-09-30,897838000,2017-11-19,AccountsReceivableNetCurrent,2026-08-25
STLD,revenue,2017-09-30,2443382000,2017-11-19,Revenues,2026-08-25
STLD,shares,2017-09-30,236951784,2017-11-19,CommonStockSharesOutstanding,2026-08-25
STT,assets,2017-09-30,235986000000,2017-11-19,Assets,2026-08-25
STT,equity,2017-09-30,22497000000,2017-11-19,StockholdersEquity,2026-08-25
STT,liabilities,2017-09-30,213489000000,2017-11-19,Liabilities,2026-08-25
STT,netIncome,2017-09-30,685000000,2017-11-19,NetIncomeLoss,2026-08-25
STT,revenue,2017-09-30,2846000000,2017-11-19,Revenues,2026-08-25
STX,assets,2017-09-29,8956000000,2017-11-18,Assets,2026-08-25
STX,buybacks,2017-09-29,166000000,2017-11-18,PaymentsForRepurchaseOfCommonStock,2026-08-25
STX,capex,2017-09-29,124000000,2017-11-18,PaymentsToAcquirePropertyPlantAndEquipment,2026-08-25
STX,cash,2017-09-29,2285000000,2017-11-18,CashAndCashEquivalentsAtCarryingValue,2026-08-25
STX,debt,2017-09-29,5002000000,2017-11-18,LongTermDebtNoncurrent,2026-08-25
STX,equity,2017-09-29,1242000000,2017-11-18,StockholdersEquity,2026-08-25
STX,inventory,2017-09-29,1014000000,2017-11-18,InventoryNet,2026-08-25
STX,liabilities,2017-09-29,7714000000,2017-11-18,Liabilities,2026-08-25
STX,netIncome,2017-09-29,181000000,2017-11-18,NetIncomeLoss,2026-08-25
STX,operatingCashFlow,2017-09-29,237000000,2017-11-18,NetCashProvidedByUsedInOperatingActivities,2026-08-25
STX,operatingIncome,2017-09-29,255000000,2017-11-18,OperatingIncomeLoss,2026-08-25
STX,receivables,2017-09-29,1209000000,2017-11-18,AccountsReceivableNetCurrent,2026-08-25
STX,revenue,2017-09-29,2632000000,2017-11-18,RevenueFromContractWithCustomerExcludingAssessedTax,2026-08-25
STX,rnd,2017-09-29,263000000,2017-11-18,ResearchAndDevelopmentExpense,2026-08-25
STX,shares,2017-09-29,289261062,2017-11-18,CommonStockSharesOutstanding,2026-08-25
STZ,assets,2017-08-31,19418400000,2017-10-20,Assets,2026-08-25
STZ,capex,2017-08-31,288000000,2017-10-20,PaymentsToAcquirePropertyPlantAndEquipment,2026-08-25
STZ,cash,2017-08-31,125600000,2017-10-20,CashAndCashEquivalentsAtCarryingValue,2026-08-25
STZ,debt,2017-08-31,8036900000,2017-10-20,LongTermDebtNoncurrent,2026-08-25
STZ,equity,2017-08-31,7928100000,2017-10-20,StockholdersEquity,2026-08-25
STZ,grossProfit,2017-08-31,1068700000,2017-10-20,GrossProfit,2026-08-25
STZ,inventory,2017-08-31,1929700000,2017-10-20,InventoryNet,2026-08-25
STZ,liabilities,2017-08-31,11473100000,2017-10-20,Liabilities,2026-08-25
STZ,netIncome,2017-08-31,501600000,2017-10-20,NetIncomeLoss,2026-08-25
STZ,operatingIncome,2017-08-31,717300000,2017-10-20,OperatingIncomeLoss,2026-08-25
STZ,revenue,2017-08-31,2087900000,2017-10-20,RevenueFromContractWithCustomerExcludingAssessedTax,2026-08-25
SWK,assets,2017-09-30,19773200000,2017-11-19,Assets,2026-08-25
SWK,buybacks,2017-09-30,600000,2017-11-19,PaymentsForRepurchaseOfCommonStock,2026-08-25
SWK,capex,2017-09-30,91000000,2017-11-19,PaymentsToAcquirePropertyPlantAndEquipment,2026-08-25
SWK,cash,2017-09-30,483300000,2017-11-19,CashAndCashEquivalentsAtCarryingValue,2026-08-25
SWK,debt,2017-09-30,3818000000,2017-11-19,LongTermDebtNoncurrent,2026-08-25
SWK,equity,2017-09-30,8015700000,2017-11-19,StockholdersEquity,2026-08-25
SWK,grossProfit,2017-09-30,1238400000,2017-11-19,GrossProfit,2026-08-25
SWK,inventory,2017-09-30,2247400000,2017-11-19,InventoryNet,2026-08-25
SWK,netIncome,2017-09-30,247800000,2017-11-19,NetIncomeLoss,2026-08-25
SWK,operatingCashFlow,2017-09-30,115600000,2017-11-19,NetCashProvidedByUsedInOperatingActivities,2026-08-25
SWK,operatingIncome,2017-09-30,540300000,2017-11-19,OperatingIncomeLoss,2026-08-25
SWK,revenue,2017-09-30,3494800000,2017-11-19,Revenues,2026-08-25
SWKS,assets,2017-09-29,4573600000,2017-11-18,Assets,2026-08-25
SWKS,cash,2017-09-29,1616800000,2017-11-18,CashAndCashEquivalentsAtCarryingValue,2026-08-25
SWKS,equity,2017-09-29,4065700000,2017-11-18,StockholdersEquity,2026-08-25
SWKS,grossProfit,2017-09-29,498900000,2017-11-18,GrossProfit,2026-08-25
SWKS,inventory,2017-09-29,493500000,2017-11-18,InventoryNet,2026-08-25
SWKS,liabilities,2017-09-29,507900000,2017-11-18,Liabilities,2026-08-25
SWKS,netIncome,2017-09-29,281300000,2017-11-18,NetIncomeLoss,2026-08-25
SWKS,revenue,2017-09-29,984600000,2017-11-18,SalesRevenueNet,2026-08-25
SWKS,shares,2017-09-29,183100000,2017-11-18,CommonStockSharesOutstanding,2026-08-25
SYF,assets,2017-09-30,92548000000,2017-11-19,Assets,2026-08-25
SYF,cash,2017-09-30,13915000000,2017-11-19,CashAndCashEquivalentsAtCarryingValue,2026-08-25
SYF,debt,2017-09-30,19899000000,2017-11-19,LongTermDebt,2026-08-25
SYF,equity,2017-09-30,14402000000,2017-11-19,StockholdersEquity,2026-08-25
SYF,liabilities,2017-09-30,78146000000,2017-11-19,Liabilities,2026-08-25
SYF,netIncome,2017-09-30,555000000,2017-11-19,NetIncomeLoss,2026-08-25
SYF,shares,2017-09-30,782584050,2017-11-19,CommonStockSharesOutstanding,2026-08-25
SYK,assets,2017-09-30,21485000000,2017-11-19,Assets,2026-08-25
SYK,cash,2017-09-30,2592000000,2017-11-19,CashAndCashEquivalentsAtCarryingValue,2026-08-25
SYK,debt,2017-09-30,6593000000,2017-11-19,LongTermDebtNoncurrent,2026-08-25
SYK,equity,2017-09-30,10425000000,2017-11-19,StockholdersEquity,2026-08-25
SYK,grossProfit,2017-09-30,1984000000,2017-11-19,GrossProfit,2026-08-25
SYK,inventory,2017-09-30,2454000000,2017-11-19,InventoryNet,2026-08-25
SYK,liabilities,2017-09-30,11060000000,2017-11-19,Liabilities,2026-08-25
SYK,netIncome,2017-09-30,434000000,2017-11-19,NetIncomeLoss,2026-08-25
SYK,operatingIncome,2017-09-30,525000000,2017-11-19,OperatingIncomeLoss,2026-08-25
SYK,receivables,2017-09-30,1965000000,2017-11-19,AccountsReceivableNetCurrent,2026-08-25
SYK,revenue,2017-09-30,3006000000,2017-11-19,Revenues,2026-08-25
SYK,rnd,2017-09-30,198000000,2017-11-19,ResearchAndDevelopmentExpense,2026-08-25
SYK,shares,2017-09-30,374000000,2017-11-19,CommonStockSharesOutstanding,2026-08-25
SYY,assets,2017-09-30,18418590000,2017-11-19,Assets,2026-08-25
SYY,buybacks,2017-09-30,550098000,2017-11-19,PaymentsForRepurchaseOfCommonStock,2026-08-25
SYY,capex,2017-09-30,136261000,2017-11-19,PaymentsToAcquireProductiveAssets,2026-08-25
SYY,cash,2017-09-30,909203000,2017-11-19,CashAndCashEquivalentsAtCarryingValue,2026-08-25
SYY,equity,2017-09-30,2235254000,2017-11-19,StockholdersEquity,2026-08-25
SYY,grossProfit,2017-09-30,2793668000,2017-11-19,GrossProfit,2026-08-25
SYY,operatingCashFlow,2017-09-30,82775000,2017-11-19,NetCashProvidedByUsedInOperatingActivities,2026-08-25
SYY,operatingIncome,2017-09-30,619365000,2017-11-19,OperatingIncomeLoss,2026-08-25
SYY,revenue,2017-09-30,14650424000,2017-11-19,RevenueFromContractWithCustomerExcludingAssessedTax,2026-08-25
T,assets,2017-09-30,443865000000,2017-11-19,Assets,2026-08-25
T,cash,2017-09-30,48499000000,2017-11-19,CashAndCashEquivalentsAtCarryingValue,2026-08-25
T,netIncome,2017-09-30,4718000000,2017-11-19,NetIncomeLoss,2026-08-25
T,operatingIncome,2017-09-30,7269000000,2017-11-19,OperatingIncomeLoss,2026-08-25
T,receivables,2017-09-30,15876000000,2017-11-19,AccountsReceivableNetCurrent,2026-08-25
T,revenue,2017-09-30,45739000000,2017-11-19,Revenues,2026-08-25
TAP,assets,2017-09-30,30677700000,2017-11-19,Assets,2026-08-25
TAP,cash,2017-09-30,971300000,2017-11-19,CashAndCashEquivalentsAtCarryingValue,2026-08-25
TAP,debt,2017-09-30,10574200000,2017-11-19,LongTermDebtNoncurrent,2026-08-25
TAP,equity,2017-09-30,12488200000,2017-11-19,StockholdersEquity,2026-08-25
TAP,grossProfit,2017-09-30,1294100000,2017-11-19,GrossProfit,2026-08-25
TAP,inventory,2017-09-30,636000000,2017-11-19,InventoryNet,2026-08-25
TAP,liabilities,2017-09-30,17981100000,2017-11-19,Liabilities,2026-08-25
TAP,netIncome,2017-09-30,313200000,2017-11-19,NetIncomeLoss,2026-08-25
TAP,operatingIncome,2017-09-30,506200000,2017-11-19,OperatingIncomeLoss,2026-08-25
TAP,receivables,2017-09-30,833400000,2017-11-19,AccountsReceivableNetCurrent,2026-08-25
TAP,revenue,2017-09-30,3552900000,2017-11-19,Revenues,2026-08-25
TDG,assets,2017-09-30,9975661000,2017-11-19,Assets,2026-08-25
TDG,cash,2017-09-30,650561000,2017-11-19,CashAndCashEquivalentsAtCarryingValue,2026-08-25
TDG,debt,2017-09-30,11393620000,2017-11-19,LongTermDebtNoncurrent,2026-08-25
TDG,equity,2017-09-30,-2951000000,2017-11-19,StockholdersEquity,2026-08-25
TDG,grossProfit,2017-07-01,519696000,2017-08-20,GrossProfit,2026-08-25
TDG,inventory,2017-09-30,730681000,2017-11-19,InventoryNet,2026-08-25
TDG,liabilities,2017-09-30,12926865000,2017-11-19,Liabilities,2026-08-25
TDG,netIncome,2017-07-01,169053000,2017-08-20,NetIncomeLoss,2026-08-25
TDG,operatingIncome,2017-07-01,388333000,2017-08-20,OperatingIncomeLoss,2026-08-25
TDG,receivables,2017-09-30,636127000,2017-11-19,AccountsReceivableNetCurrent,2026-08-25
TDG,revenue,2017-07-01,897655000,2017-08-20,SalesRevenueNet,2026-08-25
TDY,assets,2017-07-02,3780100000,2017-08-21,Assets,2026-08-25
TDY,debt,2017-07-02,1150000000,2017-08-21,LongTermDebtNoncurrent,2026-08-25
TDY,equity,2017-07-02,-386700000,2017-08-21,StockholdersEquity,2026-08-25
TDY,inventory,2017-07-02,435700000,2017-08-21,InventoryNet,2026-08-25
TDY,liabilities,2017-07-02,2048600000,2017-08-21,Liabilities,2026-08-25
TDY,netIncome,2017-07-02,60100000,2017-08-21,NetIncomeLoss,2026-08-25
TDY,operatingIncome,2017-07-02,82800000,2017-08-21,OperatingIncomeLoss,2026-08-25
TDY,receivables,2017-07-02,467100000,2017-08-21,AccountsReceivableNetCurrent,2026-08-25
TDY,revenue,2017-07-02,671100000,2017-08-21,RevenueFromContractWithCustomerExcludingAssessedTax,2026-08-25
TDY,shares,2017-07-02,35331691,2017-08-21,CommonStockSharesOutstanding,2026-08-25
TECH,assets,2017-09-30,1527380000,2017-11-19,Assets,2026-08-25
TECH,capex,2017-09-30,5273000,2017-11-19,PaymentsToAcquirePropertyPlantAndEquipment,2026-08-25
TECH,cash,2017-09-30,72464000,2017-11-19,CashAndCashEquivalentsAtCarryingValue,2026-08-25
TECH,equity,2017-09-30,960082000,2017-11-19,StockholdersEquity,2026-08-25
TECH,grossProfit,2017-09-30,97868000,2017-11-19,GrossProfit,2026-08-25
TECH,inventory,2017-09-30,66532000,2017-11-19,InventoryNet,2026-08-25
TECH,netIncome,2017-09-30,15863000,2017-11-19,NetIncomeLoss,2026-08-25
TECH,operatingCashFlow,2017-09-30,44696000,2017-11-19,NetCashProvidedByUsedInOperatingActivities,2026-08-25
TECH,operatingIncome,2017-09-30,26031000,2017-11-19,OperatingIncomeLoss,2026-08-25
TECH,receivables,2017-09-30,107325000,2017-11-19,AccountsReceivableNetCurrent,2026-08-25
TECH,revenue,2017-09-30,144613000,2017-11-19,RevenueFromContractWithCustomerExcludingAssessedTax,2026-08-25
TECH,shares,2017-09-30,37409328,2017-11-19,CommonStockSharesOutstanding,2026-08-25
TEL,assets,2017-09-29,19403000000,2017-11-18,Assets,2026-08-25
TEL,cash,2017-09-29,1218000000,2017-11-18,CashAndCashEquivalentsAtCarryingValue,2026-08-25
TEL,debt,2017-09-29,3634000000,2017-11-18,LongTermDebtNoncurrent,2026-08-25
TEL,grossProfit,2017-09-29,1067000000,2017-11-18,GrossProfit,2026-08-25
TEL,inventory,2017-09-29,1647000000,2017-11-18,InventoryNet,2026-08-25
TEL,liabilities,2017-09-29,9652000000,2017-11-18,Liabilities,2026-08-25
TEL,netIncome,2017-09-29,434000000,2017-11-18,NetIncomeLoss,2026-08-25
TEL,receivables,2017-09-29,2138000000,2017-11-18,AccountsReceivableNetCurrent,2026-08-25
TEL,revenue,2017-09-29,3235000000,2017-11-18,SalesRevenueNet,2026-08-25
TER,assets,2017-07-02,3030225000,2017-08-21,Assets,2026-08-25
TER,cash,2017-07-02,598349000,2017-08-21,CashAndCashEquivalentsAtCarryingValue,2026-08-25
TER,equity,2017-07-02,2048648000,2017-08-21,StockholdersEquity,2026-08-25
TER,grossProfit,2017-07-02,390638000,2017-08-21,GrossProfit,2026-08-25
TER,inventory,2017-07-02,153645000,2017-08-21,InventoryNet,2026-08-25
TER,liabilities,2017-07-02,981577000,2017-08-21,Liabilities,2026-08-25
TER,netIncome,2017-07-02,174976000,2017-08-21,NetIncomeLoss,2026-08-25
TER,operatingIncome,2017-07-02,207803000,2017-08-21,OperatingIncomeLoss,2026-08-25
TER,receivables,2017-07-02,405946000,2017-08-21,AccountsReceivableNetCurrent,2026-08-25
TER,revenue,2017-07-02,696901000,2017-08-21,Revenues,2026-08-25
TER,shares,2017-07-02,197999000,2017-08-21,CommonStockSharesOutstanding,2026-08-25
TFC,assets,2017-09-30,220340000000,2017-11-19,Assets,2026-08-25
TFC,cash,2017-09-30,3127000000,2017-11-19,CashAndCashEquivalentsAtCarryingValue,2026-08-25
TFC,debt,2017-09-30,20863000000,2017-11-19,LongTermDebt,2026-08-25
TFC,liabilities,2017-09-30,190487000000,2017-11-19,Liabilities,2026-08-25
TFC,shares,2017-09-30,788921000,2017-11-19,CommonStockSharesOutstanding,2026-08-25
TGT,assets,2017-07-29,38667000000,2017-09-17,Assets,2026-08-25
TGT,equity,2017-07-29,11055000000,2017-09-17,StockholdersEquity,2026-08-25
TGT,grossProfit,2017-07-29,5010000000,2017-09-17,GrossProfit,2026-08-25
TGT,inventory,2017-07-29,8192000000,2017-09-17,InventoryNet,2026-08-25
TGT,operatingIncome,2017-07-29,1093000000,2017-09-17,OperatingIncomeLoss,2026-08-25
TGT,revenue,2017-07-29,16634000000,2017-09-17,RevenueFromContractWithCustomerExcludingAssessedTax,2026-08-25
TGT,shares,2017-07-29,546183291,2017-09-17,CommonStockSharesOutstanding,2026-08-25
TJX,assets,2017-07-29,12935615000,2017-09-17,Assets,2026-08-25
TJX,cash,2017-07-29,2449305000,2017-09-17,CashAndCashEquivalentsAtCarryingValue,2026-08-25
TJX,debt,2017-07-29,2229103000,2017-09-17,LongTermDebtNoncurrent,2026-08-25
TJX,equity,2017-07-29,4540804000,2017-09-17,StockholdersEquity,2026-08-25
TJX,grossProfit,2017-07-29,2385025000,2017-09-17,GrossProfit,2026-08-25
TJX,inventory,2017-07-29,3864454000,2017-09-17,InventoryNet,2026-08-25
TJX,netIncome,2017-07-29,552957000,2017-09-17,NetIncomeLoss,2026-08-25
TJX,operatingIncome,2017-07-29,1010422000,2017-09-17,OperatingIncomeLoss,2026-08-25
TJX,receivables,2017-07-29,305401000,2017-09-17,AccountsReceivableNetCurrent,2026-08-25
TJX,revenue,2017-07-29,8357700000,2017-09-17,SalesRevenueNet,2026-08-25
TJX,shares,2017-07-29,636274241,2017-09-17,CommonStockSharesOutstanding,2026-08-25
TMO,assets,2017-09-30,55985300000,2017-11-19,Assets,2026-08-25
TMO,cash,2017-09-30,741100000,2017-11-19,CashAndCashEquivalentsAtCarryingValue,2026-08-25
TMO,equity,2017-09-30,24702000000,2017-11-19,StockholdersEquity,2026-08-25
TMO,grossProfit,2017-09-30,2300000000,2017-11-19,GrossProfit,2026-08-25
TMO,inventory,2017-09-30,3125500000,2017-11-19,InventoryNet,2026-08-25
TMO,operatingIncome,2017-09-30,634000000,2017-11-19,OperatingIncomeLoss,2026-08-25
TMO,receivables,2017-09-30,3657000000,2017-11-19,AccountsReceivableNetCurrent,2026-08-25
TMO,revenue,2017-09-30,5116000000,2017-11-19,Revenues,2026-08-25
TMO,rnd,2017-09-30,217000000,2017-11-19,ResearchAndDevelopmentExpense,2026-08-25
TMUS,assets,2017-09-30,67923000000,2017-11-19,Assets,2026-08-25
TMUS,buybacks,2017-09-30,0,2017-11-19,PaymentsForRepurchaseOfCommonStock,2026-08-25
TMUS,capex,2017-09-30,1441000000,2017-11-19,PaymentsToAcquirePropertyPlantAndEquipment,2026-08-25
TMUS,cash,2017-09-30,739000000,2017-11-19,CashAndCashEquivalentsAtCarryingValue,2026-08-25
TMUS,debt,2017-09-30,13163000000,2017-11-19,LongTermDebtNoncurrent,2026-08-25
TMUS,equity,2017-09-30,20277000000,2017-11-19,StockholdersEquity,2026-08-25
TMUS,inventory,2017-09-30,999000000,2017-11-19,InventoryNet,2026-08-25
TMUS,netIncome,2017-09-30,550000000,2017-11-19,NetIncomeLoss,2026-08-25
TMUS,operatingCashFlow,2017-09-30,1252000000,2017-11-19,NetCashProvidedByUsedInOperatingActivities,2026-08-25
TMUS,operatingIncome,2017-09-30,1323000000,2017-11-19,OperatingIncomeLoss,2026-08-25
TMUS,receivables,2017-09-30,1734000000,2017-11-19,AccountsReceivableNetCurrent,2026-08-25
TMUS,revenue,2017-09-30,10019000000,2017-11-19,Revenues,2026-08-25
TMUS,shares,2017-09-30,831963343,2017-11-19,CommonStockSharesOutstanding,2026-08-25
TPR,assets,2017-09-30,7454400000,2017-11-19,Assets,2026-08-25
TPR,capex,2017-09-30,48900000,2017-11-19,PaymentsToAcquirePropertyPlantAndEquipment,2026-08-25
TPR,cash,2017-09-30,1373300000,2017-11-19,CashAndCashEquivalentsAtCarryingValue,2026-08-25
TPR,debt,2017-09-30,1907800000,2017-11-19,LongTermDebtNoncurrent,2026-08-25
TPR,equity,2017-09-30,2940000000,2017-11-19,StockholdersEquity,2026-08-25
TPR,grossProfit,2017-09-30,762900000,2017-11-19,GrossProfit,2026-08-25
TPR,inventory,2017-09-30,852800000,2017-11-19,InventoryNet,2026-08-25
TPR,liabilities,2017-09-30,4514400000,2017-11-19,Liabilities,2026-08-25
TPR,netIncome,2017-09-30,-17700000,2017-11-19,NetIncomeLoss,2026-08-25
TPR,operatingCashFlow,2017-09-30,-103800000,2017-11-19,NetCashProvidedByUsedInOperatingActivities,2026-08-25
TPR,operatingIncome,2017-09-30,-21800000,2017-11-19,OperatingIncomeLoss,2026-08-25
TPR,receivables,2017-09-30,302700000,2017-11-19,AccountsReceivableNetCurrent,2026-08-25
TPR,revenue,2017-09-30,1288900000,2017-11-19,Revenues,2026-08-25
TPR,shares,2017-09-30,284200000,2017-11-19,CommonStockSharesOutstanding,2026-08-25
TRGP,assets,2017-09-30,13998300000,2017-11-19,Assets,2026-08-25
TRGP,cash,2017-09-30,114100000,2017-11-19,CashAndCashEquivalentsAtCarryingValue,2026-08-25
TRGP,debt,2017-09-30,4368600000,2017-11-19,LongTermDebtNoncurrent,2026-08-25
TRGP,equity,2017-09-30,5995800000,2017-11-19,StockholdersEquity,2026-08-25
TRGP,grossProfit,2017-09-30,468700000,2017-11-19,GrossProfit,2026-08-25
TRGP,inventory,2017-09-30,267400000,2017-11-19,InventoryNet,2026-08-25
TRGP,netIncome,2017-09-30,-167600000,2017-11-19,NetIncomeLoss,2026-08-25
TRGP,operatingIncome,2017-09-30,-323600000,2017-11-19,OperatingIncomeLoss,2026-08-25
TRGP,receivables,2017-09-30,710400000,2017-11-19,AccountsReceivableNetCurrent,2026-08-25
TRGP,revenue,2017-09-30,1875100000,2017-11-19,Revenues,2026-08-25
TRGP,shares,2017-09-30,215632641,2017-11-19,CommonStockSharesOutstanding,2026-08-25
TRMB,assets,2017-09-29,4180700000,2017-11-18,Assets,2026-08-25
TRMB,cash,2017-09-29,255000000,2017-11-18,CashAndCashEquivalentsAtCarryingValue,2026-08-25
TRMB,debt,2017-09-29,560400000,2017-11-18,LongTermDebtNoncurrent,2026-08-25
TRMB,equity,2017-09-29,2557500000,2017-11-18,StockholdersEquity,2026-08-25
TRMB,grossProfit,2017-09-29,426900000,2017-11-18,GrossProfit,2026-08-25
TRMB,inventory,2017-09-29,254700000,2017-11-18,InventoryNet,2026-08-25
TRMB,liabilities,2017-09-29,1623300000,2017-11-18,Liabilities,2026-08-25
TRMB,netIncome,2017-09-29,73700000,2017-11-18,NetIncomeLoss,2026-08-25
TRMB,operatingIncome,2017-09-29,66300000,2017-11-18,OperatingIncomeLoss,2026-08-25
TRMB,receivables,2017-09-29,407200000,2017-11-18,AccountsReceivableNetCurrent,2026-08-25
TRMB,revenue,2017-09-29,676200000,2017-11-18,Revenues,2026-08-25
TRMB,rnd,2017-09-29,92600000,2017-11-18,ResearchAndDevelopmentExpense,2026-08-25
TRMB,shares,2017-09-29,251900000,2017-11-18,CommonStockSharesOutstanding,2026-08-25
TROW,assets,2017-09-30,7379600000,2017-11-19,Assets,2026-08-25
TROW,cash,2017-09-30,1869400000,2017-11-19,CashAndCashEquivalentsAtCarryingValue,2026-08-25
TROW,equity,2017-09-30,5528000000,2017-11-19,StockholdersEquity,2026-08-25
TROW,liabilities,2017-09-30,897800000,2017-11-19,Liabilities,2026-08-25
TROW,netIncome,2017-09-30,390900000,2017-11-19,NetIncomeLoss,2026-08-25
TROW,operatingIncome,2017-09-30,548500000,2017-11-19,OperatingIncomeLoss,2026-08-25
TROW,revenue,2017-09-30,1238700000,2017-11-19,RevenueFromContractWithCustomerExcludingAssessedTax,2026-08-25
TROW,shares,2017-09-30,242214000,2017-11-19,CommonStockSharesOutstanding,2026-08-25
TRV,assets,2017-09-30,104311000000,2017-11-19,Assets,2026-08-25
TRV,equity,2017-09-30,23738000000,2017-11-19,StockholdersEquity,2026-08-25
TRV,liabilities,2017-09-30,80573000000,2017-11-19,Liabilities,2026-08-25
TRV,netIncome,2017-09-30,293000000,2017-11-19,NetIncomeLoss,2026-08-25
TRV,revenue,2017-09-30,7325000000,2017-11-19,Revenues,2026-08-25
TRV,shares,2017-09-30,273700000,2017-11-19,CommonStockSharesOutstanding,2026-08-25
TSCO,assets,2017-09-30,2928351000,2017-11-19,Assets,2026-08-25
TSCO,buybacks,2017-09-30,78500000,2017-11-19,PaymentsForRepurchaseOfCommonStock,2026-08-25
TSCO,cash,2017-09-30,70046000,2017-11-19,CashAndCashEquivalentsAtCarryingValue,2026-08-25
TSCO,debt,2017-09-30,487228000,2017-11-19,LongTermDebtNoncurrent,2026-08-25
TSCO,equity,2017-09-30,1371401000,2017-11-19,StockholdersEquity,2026-08-25
TSCO,grossProfit,2017-09-30,600456000,2017-11-19,GrossProfit,2026-08-25
TSCO,inventory,2017-09-30,1591555000,2017-11-19,InventoryNet,2026-08-25
TSCO,liabilities,2017-09-30,1556950000,2017-11-19,Liabilities,2026-08-25
TSCO,netIncome,2017-09-30,91896000,2017-11-19,NetIncomeLoss,2026-08-25
TSCO,operatingIncome,2017-09-30,148253000,2017-11-19,OperatingIncomeLoss,2026-08-25
TSCO,shares,2017-09-30,125853000,2017-11-19,CommonStockSharesOutstanding,2026-08-25
TSLA,assets,2017-09-30,28107074000,2017-11-19,Assets,2026-08-25
TSLA,cash,2017-09-30,3530030000,2017-11-19,CashAndCashEquivalentsAtCarryingValue,2026-08-25
TSLA,debt,2017-09-30,9049729000,2017-11-19,LongTermDebt,2026-08-25
TSLA,equity,2017-09-30,4711480000,2017-11-19,StockholdersEquity,2026-08-25
TSLA,grossProfit,2017-09-30,449140000,2017-11-19,GrossProfit,2026-08-25
TSLA,inventory,2017-09-30,2471382000,2017-11-19,InventoryNet,2026-08-25
TSLA,liabilities,2017-09-30,21929057000,2017-11-19,Liabilities,2026-08-25
TSLA,netIncome,2017-09-30,-619376000,2017-11-19,NetIncomeLoss,2026-08-25
TSLA,operatingIncome,2017-09-30,-535480000,2017-11-19,OperatingIncomeLoss,2026-08-25
TSLA,receivables,2017-09-30,607734000,2017-11-19,AccountsReceivableNetCurrent,2026-08-25
TSLA,revenue,2017-09-30,2984675000,2017-11-19,Revenues,2026-08-25
TSLA,rnd,2017-09-30,331622000,2017-11-19,ResearchAndDevelopmentExpense,2026-08-25
TSLA,shares,2017-09-30,168017000,2017-11-19,CommonStockSharesOutstanding,2026-08-25
TSN,assets,2017-09-30,28066000000,2017-11-19,Assets,2026-08-25
TSN,cash,2017-09-30,318000000,2017-11-19,CashAndCashEquivalentsAtCarryingValue,2026-08-25
TSN,equity,2017-09-30,10541000000,2017-11-19,StockholdersEquity,2026-08-25
TSN,grossProfit,2017-09-30,1351000000,2017-11-19,GrossProfit,2026-08-25
TSN,inventory,2017-09-30,3239000000,2017-11-19,InventoryNet,2026-08-25
TSN,netIncome,2017-09-30,394000000,2017-11-19,NetIncomeLoss,2026-08-25
TSN,operatingIncome,2017-09-30,681000000,2017-11-19,OperatingIncomeLoss,2026-08-25
TSN,receivables,2017-09-30,1675000000,2017-11-19,AccountsReceivableNetCurrent,2026-08-25
TSN,revenue,2017-09-30,10145000000,2017-11-19,Revenues,2026-08-25
TT,assets,2017-09-30,17722800000,2017-11-19,Assets,2026-08-25
TT,cash,2017-09-30,1259000000,2017-11-19,CashAndCashEquivalentsAtCarryingValue,2026-08-25
TT,debt,2017-09-30,2955900000,2017-11-19,LongTermDebtNoncurrent,2026-08-25
TT,equity,2017-09-30,6776200000,2017-11-19,StockholdersEquity,2026-08-25
TT,inventory,2017-09-30,1661100000,2017-11-19,InventoryNet,2026-08-25
TT,liabilities,2017-09-30,10878400000,2017-11-19,Liabilities,2026-08-25
TT,netIncome,2017-09-30,367000000,2017-11-19,NetIncomeLoss,2026-08-25
TT,operatingIncome,2017-09-30,506100000,2017-11-19,OperatingIncomeLoss,2026-08-25
TT,revenue,2017-09-30,3670500000,2017-11-19,SalesRevenueNet,2026-08-25
TTD,assets,2017-09-30,642631000,2017-11-19,Assets,2026-08-25
TTD,cash,2017-09-30,132798000,2017-11-19,CashAndCashEquivalentsAtCarryingValue,2026-08-25
TTD,equity,2017-09-30,215259000,2017-11-19,StockholdersEquity,2026-08-25
TTD,liabilities,2017-09-30,427372000,2017-11-19,Liabilities,2026-08-25
TTD,netIncome,2017-09-30,10229000,2017-11-19,NetIncomeLoss,2026-08-25
TTD,operatingIncome,2017-09-30,18408000,2017-11-19,OperatingIncomeLoss,2026-08-25
TTD,receivables,2017-09-30,470452000,2017-11-19,AccountsReceivableNetCurrent,2026-08-25
TTD,revenue,2017-09-30,79413000,2017-11-19,RevenueFromContractWithCustomerExcludingAssessedTax,2026-08-25
TTD,rnd,2017-09-30,13181000,2017-11-19,ResearchAndDevelopmentExpense,2026-08-25
TTWO,assets,2017-09-30,3696380000,2017-11-19,Assets,2026-08-25
TTWO,cash,2017-09-30,749626000,2017-11-19,CashAndCashEquivalentsAtCarryingValue,2026-08-25
TTWO,debt,2017-09-30,52369000,2017-11-19,LongTermDebtNoncurrent,2026-08-25
TTWO,equity,2017-09-30,1472446000,2017-11-19,StockholdersEquity,2026-08-25
TTWO,grossProfit,2017-09-30,197014000,2017-11-19,GrossProfit,2026-08-25
TTWO,inventory,2017-09-30,36431000,2017-11-19,InventoryNet,2026-08-25
TTWO,liabilities,2017-09-30,2223934000,2017-11-19,Liabilities,2026-08-25
TTWO,netIncome,2017-09-30,25367000,2017-11-19,NetIncomeLoss,2026-08-25
TTWO,operatingIncome,2017-09-30,-11319000,2017-11-19,OperatingIncomeLoss,2026-08-25
TTWO,receivables,2017-09-30,429019000,2017-11-19,AccountsReceivableNetCurrent,2026-08-25
TTWO,revenue,2017-09-30,443562000,2017-11-19,RevenueFromContractWithCustomerExcludingAssessedTax,2026-08-25
TTWO,shares,2017-09-30,113531000,2017-11-19,CommonStockSharesOutstanding,2026-08-25
TXN,assets,2017-09-30,16929000000,2017-11-19,Assets,2026-08-25
TXN,cash,2017-09-30,1296000000,2017-11-19,CashAndCashEquivalentsAtCarryingValue,2026-08-25
TXN,debt,2017-09-30,3084000000,2017-11-19,LongTermDebtNoncurrent,2026-08-25
TXN,equity,2017-09-30,10988000000,2017-11-19,StockholdersEquity,2026-08-25
TXN,grossProfit,2017-09-30,2656000000,2017-11-19,GrossProfit,2026-08-25
TXN,inventory,2017-09-30,1908000000,2017-11-19,InventoryNet,2026-08-25
TXN,liabilities,2017-09-30,5941000000,2017-11-19,Liabilities,2026-08-25
TXN,netIncome,2017-09-30,1285000000,2017-11-19,NetIncomeLoss,2026-08-25
TXN,operatingIncome,2017-09-30,1788000000,2017-11-19,OperatingIncomeLoss,2026-08-25
TXN,receivables,2017-09-30,1576000000,2017-11-19,AccountsReceivableNetCurrent,2026-08-25
TXN,revenue,2017-09-30,4116000000,2017-11-19,RevenueFromContractWithCustomerExcludingAssessedTax,2026-08-25
TXN,rnd,2017-09-30,375000000,2017-11-19,ResearchAndDevelopmentExpense,2026-08-25
TXT,assets,2017-09-30,15875000000,2017-11-19,Assets,2026-08-25
TXT,cash,2017-09-30,1294000000,2017-11-19,CashAndCashEquivalentsAtCarryingValue,2026-08-25
TXT,equity,2017-09-30,5818000000,2017-11-19,StockholdersEquity,2026-08-25
TXT,inventory,2017-09-30,4518000000,2017-11-19,InventoryNet,2026-08-25
TXT,liabilities,2017-09-30,10057000000,2017-11-19,Liabilities,2026-08-25
TXT,netIncome,2017-09-30,159000000,2017-11-19,NetIncomeLoss,2026-08-25
TXT,revenue,2017-09-30,3484000000,2017-11-19,Revenues,2026-08-25
TXT,shares,2017-09-30,263410000,2017-11-19,CommonStockSharesOutstanding,2026-08-25
TYL,assets,2017-09-30,1493118000,2017-11-19,Assets,2026-08-25
TYL,cash,2017-09-30,124603000,2017-11-19,CashAndCashEquivalentsAtCarryingValue,2026-08-25
TYL,equity,2017-09-30,1077778000,2017-11-19,StockholdersEquity,2026-08-25
TYL,grossProfit,2017-09-30,103989000,2017-11-19,GrossProfit,2026-08-25
TYL,netIncome,2017-09-30,38836000,2017-11-19,NetIncomeLoss,2026-08-25
TYL,operatingIncome,2017-09-30,44282000,2017-11-19,OperatingIncomeLoss,2026-08-25
TYL,receivables,2017-09-30,206444000,2017-11-19,AccountsReceivableNetCurrent,2026-08-25
TYL,revenue,2017-09-30,214706000,2017-11-19,RevenueFromContractWithCustomerExcludingAssessedTax,2026-08-25
TYL,shares,2017-09-30,48147969,2017-11-19,CommonStockSharesOutstanding,2026-08-25
UAL,assets,2017-09-30,42565000000,2017-11-19,Assets,2026-08-25
UAL,cash,2017-09-30,1870000000,2017-11-19,CashAndCashEquivalentsAtCarryingValue,2026-08-25
UAL,debt,2017-09-30,11334000000,2017-11-19,LongTermDebtNoncurrent,2026-08-25
UAL,equity,2017-09-30,8970000000,2017-11-19,StockholdersEquity,2026-08-25
UAL,netIncome,2017-09-30,645000000,2017-11-19,NetIncomeLoss,2026-08-25
UAL,operatingIncome,2017-09-30,1138000000,2017-11-19,OperatingIncomeLoss,2026-08-25
UAL,revenue,2017-09-30,9878000000,2017-11-19,Revenues,2026-08-25
UAL,shares,2017-09-30,296252431,2017-11-19,CommonStockSharesOutstanding,2026-08-25
UDR,assets,2017-09-30,7760705000,2017-11-19,Assets,2026-08-25
UDR,cash,2017-09-30,1788000,2017-11-19,CashAndCashEquivalentsAtCarryingValue,2026-08-25
UDR,debt,2017-09-30,3679011000,2017-11-19,LongTermDebt,2026-08-25
UDR,equity,2017-09-30,2845023000,2017-11-19,StockholdersEquity,2026-08-25
UDR,liabilities,2017-09-30,3964622000,2017-11-19,Liabilities,2026-08-25
UDR,netIncome,2017-09-30,16190000,2017-11-19,NetIncomeLoss,2026-08-25
UDR,operatingIncome,2017-09-30,45492000,2017-11-19,OperatingIncomeLoss,2026-08-25
UDR,revenue,2017-09-30,251091000,2017-11-19,Revenues,2026-08-25
UDR,shares,2017-09-30,267599391,2017-11-19,CommonStockSharesOutstanding,2026-08-25
UHS,assets,2017-09-30,10639360000,2017-11-19,Assets,2026-08-25
UHS,cash,2017-09-30,65424000,2017-11-19,CashAndCashEquivalentsAtCarryingValue,2026-08-25
UHS,debt,2017-09-30,3927396000,2017-11-19,LongTermDebtNoncurrent,2026-08-25
UHS,equity,2017-09-30,4865212000,2017-11-19,StockholdersEquity,2026-08-25
UHS,netIncome,2017-09-30,141245000,2017-11-19,NetIncomeLoss,2026-08-25
UHS,operatingIncome,2017-09-30,257310000,2017-11-19,OperatingIncomeLoss,2026-08-25
UHS,receivables,2017-09-30,1452018000,2017-11-19,AccountsReceivableNetCurrent,2026-08-25
UHS,revenue,2017-09-30,2541864000,2017-11-19,RevenueFromContractWithCustomerExcludingAssessedTax,2026-08-25
ULTA,assets,2017-07-29,2702217000,2017-09-17,Assets,2026-08-25
ULTA,cash,2017-07-29,92860000,2017-09-17,CashAndCashEquivalentsAtCarryingValue,2026-08-25
ULTA,equity,2017-07-29,1635350000,2017-09-17,StockholdersEquity,2026-08-25
ULTA,grossProfit,2017-07-29,469326000,2017-09-17,GrossProfit,2026-08-25
ULTA,liabilities,2017-07-29,1066867000,2017-09-17,Liabilities,2026-08-25
ULTA,netIncome,2017-07-29,114193000,2017-09-17,NetIncomeLoss,2026-08-25
ULTA,operatingIncome,2017-07-29,179800000,2017-09-17,OperatingIncomeLoss,2026-08-25
ULTA,revenue,2017-07-29,1289854000,2017-09-17,Revenues,2026-08-25
ULTA,shares,2017-07-29,61645000,2017-09-17,CommonStockSharesOutstanding,2026-08-25
UNH,assets,2017-09-30,140432000000,2017-11-19,Assets,2026-08-25
UNH,cash,2017-09-30,16269000000,2017-11-19,CashAndCashEquivalentsAtCarryingValue,2026-08-25
UNH,debt,2017-09-30,24723000000,2017-11-19,LongTermDebtNoncurrent,2026-08-25
UNH,liabilities,2017-09-30,90952000000,2017-11-19,Liabilities,2026-08-25
UNH,netIncome,2017-09-30,2485000000,2017-11-19,NetIncomeLoss,2026-08-25
UNH,operatingIncome,2017-09-30,4088000000,2017-11-19,OperatingIncomeLoss,2026-08-25
UNH,receivables,2017-09-30,8638000000,2017-11-19,AccountsReceivableNetCurrent,2026-08-25
UNH,revenue,2017-09-30,50322000000,2017-11-19,Revenues,2026-08-25
UNH,shares,2017-09-30,969000000,2017-11-19,CommonStockSharesOutstanding,2026-08-25
UNP,assets,2017-09-30,57397000000,2017-11-19,Assets,2026-08-25
UNP,cash,2017-09-30,1847000000,2017-11-19,CashAndCashEquivalentsAtCarryingValue,2026-08-25
UNP,equity,2017-09-30,19151000000,2017-11-19,StockholdersEquity,2026-08-25
UNP,liabilities,2017-09-30,38246000000,2017-11-19,Liabilities,2026-08-25
UNP,netIncome,2017-09-30,1194000000,2017-11-19,NetIncomeLoss,2026-08-25
UNP,operatingIncome,2017-09-30,2073000000,2017-11-19,OperatingIncomeLoss,2026-08-25
UNP,receivables,2017-09-30,1428000000,2017-11-19,AccountsReceivableNetCurrent,2026-08-25
UNP,revenue,2017-09-30,5408000000,2017-11-19,Revenues,2026-08-25
UNP,shares,2017-09-30,789834578,2017-11-19,CommonStockSharesOutstanding,2026-08-25
UPS,assets,2017-09-30,41356000000,2017-11-19,Assets,2026-08-25
UPS,cash,2017-09-30,3418000000,2017-11-19,CashAndCashEquivalentsAtCarryingValue,2026-08-25
UPS,debt,2017-09-30,14355000000,2017-11-19,LongTermDebtNoncurrent,2026-08-25
UPS,equity,2017-09-30,1509000000,2017-11-19,StockholdersEquity,2026-08-25
UPS,netIncome,2017-09-30,1259000000,2017-11-19,NetIncomeLoss,2026-08-25
UPS,operatingIncome,2017-09-30,1812000000,2017-11-19,OperatingIncomeLoss,2026-08-25
UPS,receivables,2017-09-30,6937000000,2017-11-19,AccountsReceivableNetCurrent,2026-08-25
UPS,revenue,2017-09-30,16173000000,2017-11-19,Revenues,2026-08-25
URI,assets,2017-09-30,13744000000,2017-11-19,Assets,2026-08-25
URI,cash,2017-09-30,324000000,2017-11-19,CashAndCashEquivalentsAtCarryingValue,2026-08-25
URI,equity,2017-09-30,2211000000,2017-11-19,StockholdersEquity,2026-08-25
URI,grossProfit,2017-09-30,773000000,2017-11-19,GrossProfit,2026-08-25
URI,inventory,2017-09-30,82000000,2017-11-19,InventoryNet,2026-08-25
URI,liabilities,2017-09-30,11533000000,2017-11-19,Liabilities,2026-08-25
URI,netIncome,2017-09-30,199000000,2017-11-19,NetIncomeLoss,2026-08-25
URI,operatingIncome,2017-09-30,448000000,2017-11-19,OperatingIncomeLoss,2026-08-25
URI,receivables,2017-09-30,1151000000,2017-11-19,AccountsReceivableNetCurrent,2026-08-25
URI,revenue,2017-09-30,1766000000,2017-11-19,Revenues,2026-08-25
URI,shares,2017-09-30,84571724,2017-11-19,CommonStockSharesOutstanding,2026-08-25
USB,assets,2017-09-30,459227000000,2017-11-19,Assets,2026-08-25
USB,debt,2017-09-30,34515000000,2017-11-19,LongTermDebt,2026-08-25
USB,equity,2017-09-30,48723000000,2017-11-19,StockholdersEquity,2026-08-25
USB,liabilities,2017-09-30,409876000000,2017-11-19,Liabilities,2026-08-25
USB,netIncome,2017-09-30,1563000000,2017-11-19,NetIncomeLoss,2026-08-25
USB,revenue,2017-09-30,5567000000,2017-11-19,Revenues,2026-08-25
V,assets,2017-09-30,67977000000,2017-11-19,Assets,2026-08-25
V,cash,2017-09-30,9874000000,2017-11-19,CashAndCashEquivalentsAtCarryingValue,2026-08-25
V,debt,2017-09-30,16618000000,2017-11-19,LongTermDebtNoncurrent,2026-08-25
V,liabilities,2017-09-30,35217000000,2017-11-19,Liabilities,2026-08-25
V,receivables,2017-09-30,1132000000,2017-11-19,AccountsReceivableNetCurrent,2026-08-25
VEEV,assets,2017-07-31,1035870000,2017-09-19,Assets,2026-08-25
VEEV,capex,2017-07-31,2535000,2017-09-19,PaymentsToAcquirePropertyPlantAndEquipment,2026-08-25
VEEV,cash,2017-07-31,409226000,2017-09-19,CashAndCashEquivalentsAtCarryingValue,2026-08-25
VEEV,equity,2017-07-31,766603000,2017-09-19,StockholdersEquity,2026-08-25
VEEV,grossProfit,2017-07-31,117395000,2017-09-19,GrossProfit,2026-08-25
VEEV,liabilities,2017-07-31,269267000,2017-09-19,Liabilities,2026-08-25
VEEV,netIncome,2017-07-31,38602000,2017-09-19,NetIncomeLoss,2026-08-25
VEEV,operatingCashFlow,2017-07-31,57606000,2017-09-19,NetCashProvidedByUsedInOperatingActivities,2026-08-25
VEEV,operatingIncome,2017-07-31,38067000,2017-09-19,OperatingIncomeLoss,2026-08-25
VEEV,receivables,2017-07-31,97153000,2017-09-19,AccountsReceivableNetCurrent,2026-08-25
VEEV,revenue,2017-07-31,167795000,2017-09-19,Revenues,2026-08-25
VEEV,rnd,2017-07-31,32678000,2017-09-19,ResearchAndDevelopmentExpense,2026-08-25
VICI,assets,2017-09-30,0,2017-11-19,Assets,2026-08-25
VICI,equity,2017-09-30,0,2017-11-19,StockholdersEquity,2026-08-25
VICI,shares,2017-09-30,1000,2017-11-19,CommonStockSharesOutstanding,2026-08-25
VLO,assets,2017-09-30,47988000000,2017-11-19,Assets,2026-08-25
VLO,cash,2017-09-30,5176000000,2017-11-19,CashAndCashEquivalentsAtCarryingValue,2026-08-25
VLO,debt,2017-09-30,7930000000,2017-11-19,LongTermDebt,2026-08-25
VLO,equity,2017-09-30,20370000000,2017-11-19,StockholdersEquity,2026-08-25
VLO,grossProfit,2017-09-30,1614000000,2017-11-19,GrossProfit,2026-08-25
VLO,inventory,2017-09-30,6137000000,2017-11-19,InventoryNet,2026-08-25
VLO,netIncome,2017-09-30,841000000,2017-11-19,NetIncomeLoss,2026-08-25
VLO,operatingIncome,2017-09-30,1332000000,2017-11-19,OperatingIncomeLoss,2026-08-25
VMC,assets,2017-09-30,9439334000,2017-11-19,Assets,2026-08-25
VMC,cash,2017-09-30,701163000,2017-11-19,CashAndCashEquivalentsAtCarryingValue,2026-08-25
VMC,debt,2017-09-30,2809966000,2017-11-19,LongTermDebtNoncurrent,2026-08-25
VMC,equity,2017-09-30,4685134000,2017-11-19,StockholdersEquity,2026-08-25
VMC,grossProfit,2017-09-30,303758000,2017-11-19,GrossProfit,2026-08-25
VMC,inventory,2017-09-30,365826000,2017-11-19,InventoryNet,2026-08-25
VMC,liabilities,2017-09-30,4754200000,2017-11-19,Liabilities,2026-08-25
VMC,netIncome,2017-09-30,108579000,2017-11-19,NetIncomeLoss,2026-08-25
VMC,operatingIncome,2017-09-30,227478000,2017-11-19,OperatingIncomeLoss,2026-08-25
VMC,revenue,2017-09-30,1094715000,2017-11-19,Revenues,2026-08-25
VMC,shares,2017-09-30,132281000,2017-11-19,CommonStockSharesOutstanding,2026-08-25
VMRK,assets,2017-09-30,20697833000,2017-11-19,Assets,2026-08-25
VMRK,cash,2017-09-30,46565000,2017-11-19,CashAndCashEquivalentsAtCarryingValue,2026-08-25
VMRK,equity,2017-09-30,10259269000,2017-11-19,StockholdersEquity,2026-08-25
VMRK,liabilities,2017-09-30,9823516000,2017-11-19,Liabilities,2026-08-25
VMRK,netIncome,2017-09-30,138229000,2017-11-19,NetIncomeLoss,2026-08-25
VMRK,operatingIncome,2017-09-30,217786000,2017-11-19,OperatingIncomeLoss,2026-08-25
VMRK,revenue,2017-09-30,624122000,2017-11-19,Revenues,2026-08-25
VMRK,shares,2017-09-30,367462480,2017-11-19,CommonStockSharesOutstanding,2026-08-25
VRSK,assets,2017-09-30,5628200000,2017-11-19,Assets,2026-08-25
VRSK,cash,2017-09-30,142000000,2017-11-19,CashAndCashEquivalentsAtCarryingValue,2026-08-25
VRSK,debt,2017-09-30,2279800000,2017-11-19,LongTermDebt,2026-08-25
VRSK,equity,2017-09-30,1672600000,2017-11-19,StockholdersEquity,2026-08-25
VRSK,liabilities,2017-09-30,3955600000,2017-11-19,Liabilities,2026-08-25
VRSK,netIncome,2017-09-30,120700000,2017-11-19,NetIncomeLoss,2026-08-25
VRSK,operatingIncome,2017-09-30,208400000,2017-11-19,OperatingIncomeLoss,2026-08-25
VRSK,receivables,2017-09-30,285800000,2017-11-19,AccountsReceivableNetCurrent,2026-08-25
VRSK,revenue,2017-09-30,549100000,2017-11-19,Revenues,2026-08-25
VRSK,shares,2017-09-30,164516754,2017-11-19,CommonStockSharesOutstanding,2026-08-25
VRSN,assets,2017-09-30,2908363000,2017-11-19,Assets,2026-08-25
VRSN,cash,2017-09-30,286822000,2017-11-19,CashAndCashEquivalentsAtCarryingValue,2026-08-25
VRSN,equity,2017-09-30,-1229938000,2017-11-19,StockholdersEquity,2026-08-25
VRSN,liabilities,2017-09-30,4138301000,2017-11-19,Liabilities,2026-08-25
VRSN,netIncome,2017-09-30,114899000,2017-11-19,NetIncomeLoss,2026-08-25
VRSN,operatingIncome,2017-09-30,181059000,2017-11-19,OperatingIncomeLoss,2026-08-25
VRSN,receivables,2017-09-30,12584000,2017-11-19,AccountsReceivableNetCurrent,2026-08-25
VRSN,revenue,2017-09-30,292428000,2017-11-19,Revenues,2026-08-25
VRSN,rnd,2017-09-30,12715000,2017-11-19,ResearchAndDevelopmentExpense,2026-08-25
VRSN,shares,2017-09-30,98865000,2017-11-19,CommonStockSharesOutstanding,2026-08-25
VRT,revenue,2017-09-30,0,2017-11-19,Revenues,2026-08-25
VRTX,assets,2017-09-30,3198325000,2017-11-19,Assets,2026-08-25
VRTX,cash,2017-09-30,1384966000,2017-11-19,CashAndCashEquivalentsAtCarryingValue,2026-08-25
VRTX,equity,2017-09-30,1791077000,2017-11-19,StockholdersEquity,2026-08-25
VRTX,inventory,2017-09-30,98192000,2017-11-19,InventoryNet,2026-08-25
VRTX,liabilities,2017-09-30,1395081000,2017-11-19,Liabilities,2026-08-25
VRTX,netIncome,2017-09-30,-102952000,2017-11-19,NetIncomeLoss,2026-08-25
VRTX,operatingIncome,2017-09-30,-326043000,2017-11-19,OperatingIncomeLoss,2026-08-25
VRTX,receivables,2017-09-30,263493000,2017-11-19,AccountsReceivableNetCurrent,2026-08-25
VRTX,revenue,2017-09-30,578165000,2017-11-19,Revenues,2026-08-25
VRTX,rnd,2017-09-30,454947000,2017-11-19,ResearchAndDevelopmentExpense,2026-08-25
VRTX,shares,2017-09-30,252683346,2017-11-19,CommonStockSharesOutstanding,2026-08-25
VST,assets,2017-09-30,15000000000,2017-11-19,Assets,2026-08-25
VST,cash,2017-09-30,1054000000,2017-11-19,CashAndCashEquivalentsAtCarryingValue,2026-08-25
VST,inventory,2017-09-30,295000000,2017-11-19,InventoryNet,2026-08-25
VST,liabilities,2017-09-30,8065000000,2017-11-19,Liabilities,2026-08-25
VST,netIncome,2017-09-30,273000000,2017-11-19,NetIncomeLoss,2026-08-25
VST,operatingIncome,2017-09-30,452000000,2017-11-19,OperatingIncomeLoss,2026-08-25
VST,receivables,2017-09-30,717000000,2017-11-19,AccountsReceivableNetCurrent,2026-08-25
VST,revenue,2017-09-30,1833000000,2017-11-19,Revenues,2026-08-25
VST,shares,2017-09-30,427597368,2017-11-19,CommonStockSharesOutstanding,2026-08-25
VTR,assets,2017-09-30,23739795000,2017-11-19,Assets,2026-08-25
VTR,capex,2017-09-30,117214000,2017-11-19,PaymentsToAcquireProductiveAssets,2026-08-25
VTR,cash,2017-09-30,85063000,2017-11-19,CashAndCashEquivalentsAtCarryingValue,2026-08-25
VTR,debt,2017-09-30,11424145000,2017-11-19,LongTermDebt,2026-08-25
VTR,equity,2017-09-30,10731340000,2017-11-19,StockholdersEquity,2026-08-25
VTR,liabilities,2017-09-30,12769738000,2017-11-19,Liabilities,2026-08-25
VTR,revenue,2017-09-30,899928000,2017-11-19,Revenues,2026-08-25
VZ,assets,2017-09-30,254682000000,2017-11-19,Assets,2026-08-25
VZ,cash,2017-09-30,4487000000,2017-11-19,CashAndCashEquivalentsAtCarryingValue,2026-08-25
VZ,inventory,2017-09-30,1276000000,2017-11-19,InventoryNet,2026-08-25
VZ,netIncome,2017-09-30,3620000000,2017-11-19,NetIncomeLoss,2026-08-25
VZ,operatingIncome,2017-09-30,6990000000,2017-11-19,OperatingIncomeLoss,2026-08-25
VZ,receivables,2017-09-30,21549000000,2017-11-19,AccountsReceivableNetCurrent,2026-08-25
VZ,revenue,2017-09-30,31717000000,2017-11-19,Revenues,2026-08-25
WAB,assets,2017-09-30,6449650000,2017-11-19,Assets,2026-08-25
WAB,cash,2017-09-30,228080000,2017-11-19,CashAndCashEquivalentsAtCarryingValue,2026-08-25
WAB,equity,2017-09-30,2717702000,2017-11-19,StockholdersEquity,2026-08-25
WAB,grossProfit,2017-09-30,253203000,2017-11-19,GrossProfit,2026-08-25
WAB,inventory,2017-09-30,764781000,2017-11-19,InventoryNet,2026-08-25
WAB,liabilities,2017-09-30,3713281000,2017-11-19,Liabilities,2026-08-25
WAB,netIncome,2017-09-30,67399000,2017-11-19,NetIncomeLoss,2026-08-25
WAB,operatingIncome,2017-09-30,101666000,2017-11-19,OperatingIncomeLoss,2026-08-25
WAB,receivables,2017-09-30,792726000,2017-11-19,AccountsReceivableNetCurrent,2026-08-25
WAB,revenue,2017-09-30,957931000,2017-11-19,RevenueFromContractWithCustomerExcludingAssessedTax,2026-08-25
WAB,rnd,2017-09-30,24709000,2017-11-19,ResearchAndDevelopmentExpense,2026-08-25
WAB,shares,2017-09-30,95999582,2017-11-19,CommonStockSharesOutstanding,2026-08-25
WAT,assets,2017-09-30,5162985000,2017-11-19,Assets,2026-08-25
WAT,cash,2017-09-30,603807000,2017-11-19,CashAndCashEquivalentsAtCarryingValue,2026-08-25
WAT,debt,2017-09-30,1732367000,2017-11-19,LongTermDebtNoncurrent,2026-08-25
WAT,equity,2017-09-30,2629095000,2017-11-19,StockholdersEquity,2026-08-25
WAT,inventory,2017-09-30,297854000,2017-11-19,InventoryNet,2026-08-25
WAT,liabilities,2017-09-30,2533890000,2017-11-19,Liabilities,2026-08-25
WAT,operatingIncome,2017-09-30,159022000,2017-11-19,OperatingIncomeLoss,2026-08-25
WAT,receivables,2017-09-30,456334000,2017-11-19,AccountsReceivableNetCurrent,2026-08-25
WAT,revenue,2017-09-30,565584000,2017-11-19,RevenueFromContractWithCustomerExcludingAssessedTax,2026-08-25
WAT,rnd,2017-09-30,33782000,2017-11-19,ResearchAndDevelopmentExpense,2026-08-25
WAT,shares,2017-09-30,79522000,2017-11-19,CommonStockSharesOutstanding,2026-08-25
WBD,assets,2017-09-30,23143000000,2017-11-19,Assets,2026-08-25
WBD,cash,2017-09-30,6994000000,2017-11-19,CashAndCashEquivalentsAtCarryingValue,2026-08-25
WBD,debt,2017-09-30,14708000000,2017-11-19,LongTermDebt,2026-08-25
WBD,liabilities,2017-09-30,17043000000,2017-11-19,Liabilities,2026-08-25
WBD,netIncome,2017-09-30,218000000,2017-11-19,NetIncomeLoss,2026-08-25
WBD,operatingIncome,2017-09-30,433000000,2017-11-19,OperatingIncomeLoss,2026-08-25
WBD,revenue,2017-09-30,1651000000,2017-11-19,Revenues,2026-08-25
WDAY,assets,2017-07-31,3407127000,2017-09-19,Assets,2026-08-25
WDAY,capex,2017-07-31,38528000,2017-09-19,PaymentsToAcquireProductiveAssets,2026-08-25
WDAY,cash,2017-07-31,748599000,2017-09-19,CashAndCashEquivalentsAtCarryingValue,2026-08-25
WDAY,equity,2017-07-31,1370397000,2017-09-19,StockholdersEquity,2026-08-25
WDAY,liabilities,2017-07-31,2036730000,2017-09-19,Liabilities,2026-08-25
WDAY,operatingCashFlow,2017-07-31,15126000,2017-09-19,NetCashProvidedByUsedInOperatingActivities,2026-08-25
WDAY,operatingIncome,2017-07-31,-81629000,2017-09-19,OperatingIncomeLoss,2026-08-25
WDAY,receivables,2017-07-31,370557000,2017-09-19,AccountsReceivableNetCurrent,2026-08-25
WDAY,revenue,2017-07-31,525320000,2017-09-19,Revenues,2026-08-25
WDAY,rnd,2017-07-31,221103000,2017-09-19,ResearchAndDevelopmentExpense,2026-08-25
WDC,assets,2017-09-29,30505000000,2017-11-18,Assets,2026-08-25
WDC,buybacks,2017-09-29,0,2017-11-18,PaymentsForRepurchaseOfCommonStock,2026-08-25
WDC,capex,2017-09-29,160000000,2017-11-18,PaymentsToAcquirePropertyPlantAndEquipment,2026-08-25
WDC,cash,2017-09-29,6886000000,2017-11-18,CashAndCashEquivalentsAtCarryingValue,2026-08-25
WDC,debt,2017-09-29,12873000000,2017-11-18,LongTermDebtNoncurrent,2026-08-25
WDC,equity,2017-09-29,12059000000,2017-11-18,StockholdersEquity,2026-08-25
WDC,equityStakes,2017-09-29,0,2017-11-18,PaymentsToAcquireEquityMethodInvestments,2026-08-25
WDC,grossProfit,2017-09-29,1913000000,2017-11-18,GrossProfit,2026-08-25
WDC,inventory,2017-09-29,2302000000,2017-11-18,InventoryNet,2026-08-25
WDC,liabilities,2017-09-29,18446000000,2017-11-18,Liabilities,2026-08-25
WDC,netIncome,2017-09-29,681000000,2017-11-18,NetIncomeLoss,2026-08-25
WDC,operatingCashFlow,2017-09-29,1133000000,2017-11-18,NetCashProvidedByUsedInOperatingActivities,2026-08-25
WDC,operatingIncome,2017-09-29,905000000,2017-11-18,OperatingIncomeLoss,2026-08-25
WDC,receivables,2017-09-29,2101000000,2017-11-18,AccountsReceivableNetCurrent,2026-08-25
WDC,revenue,2017-09-29,5181000000,2017-11-18,RevenueFromContractWithCustomerExcludingAssessedTax,2026-08-25
WDC,shares,2017-09-29,295000000,2017-11-18,CommonStockSharesOutstanding,2026-08-25
WEC,assets,2017-09-30,31013000000,2017-11-19,Assets,2026-08-25
WEC,cash,2017-09-30,18100000,2017-11-19,CashAndCashEquivalentsAtCarryingValue,2026-08-25
WEC,debt,2017-09-30,8785800000,2017-11-19,LongTermDebtNoncurrent,2026-08-25
WEC,operatingIncome,2017-09-30,392200000,2017-11-19,OperatingIncomeLoss,2026-08-25
WEC,revenue,2017-09-30,1657500000,2017-11-19,Revenues,2026-08-25
WEC,shares,2017-09-30,315575562,2017-11-19,CommonStockSharesOutstanding,2026-08-25
WELL,assets,2017-09-30,28180379000,2017-11-19,Assets,2026-08-25
WELL,cash,2017-09-30,236247000,2017-11-19,CashAndCashEquivalentsAtCarryingValue,2026-08-25
WELL,debt,2017-09-30,11124395000,2017-11-19,LongTermDebt,2026-08-25
WELL,equity,2017-09-30,14729925000,2017-11-19,StockholdersEquity,2026-08-25
WELL,liabilities,2017-09-30,12548967000,2017-11-19,Liabilities,2026-08-25
WELL,revenue,2017-09-30,1091483000,2017-11-19,Revenues,2026-08-25
WELL,shares,2017-09-30,370341635,2017-11-19,CommonStockSharesOutstanding,2026-08-25
WFC,assets,2017-09-30,1934939000000,2017-11-19,Assets,2026-08-25
WFC,debt,2017-09-30,238893000000,2017-11-19,LongTermDebt,2026-08-25
WFC,equity,2017-09-30,205929000000,2017-11-19,StockholdersEquity,2026-08-25
WFC,liabilities,2017-09-30,1728115000000,2017-11-19,Liabilities,2026-08-25
WFC,netIncome,2017-09-30,4542000000,2017-11-19,NetIncomeLoss,2026-08-25
WFC,revenue,2017-09-30,21849000000,2017-11-19,Revenues,2026-08-25
WM,assets,2017-09-30,20949000000,2017-11-19,Assets,2026-08-25
WM,cash,2017-09-30,35000000,2017-11-19,CashAndCashEquivalentsAtCarryingValue,2026-08-25
WM,equity,2017-09-30,5278000000,2017-11-19,StockholdersEquity,2026-08-25
WM,liabilities,2017-09-30,15649000000,2017-11-19,Liabilities,2026-08-25
WM,netIncome,2017-09-30,386000000,2017-11-19,NetIncomeLoss,2026-08-25
WM,operatingIncome,2017-09-30,701000000,2017-11-19,OperatingIncomeLoss,2026-08-25
WM,receivables,2017-09-30,1790000000,2017-11-19,AccountsReceivableNetCurrent,2026-08-25
WM,revenue,2017-09-30,3716000000,2017-11-19,Revenues,2026-08-25
WM,shares,2017-09-30,434200000,2017-11-19,CommonStockSharesOutstanding,2026-08-25
WMB,assets,2017-09-30,46120000000,2017-11-19,Assets,2026-08-25
WMB,cash,2017-09-30,1172000000,2017-11-19,CashAndCashEquivalentsAtCarryingValue,2026-08-25
WMB,equity,2017-09-30,8109000000,2017-11-19,StockholdersEquity,2026-08-25
WMB,inventory,2017-09-30,144000000,2017-11-19,InventoryNet,2026-08-25
WMB,netIncome,2017-09-30,33000000,2017-11-19,NetIncomeLoss,2026-08-25
WMB,operatingIncome,2017-09-30,274000000,2017-11-19,OperatingIncomeLoss,2026-08-25
WMB,revenue,2017-09-30,1891000000,2017-11-19,Revenues,2026-08-25
WMT,assets,2017-07-31,201566000000,2017-09-19,Assets,2026-08-25
WMT,cash,2017-07-31,6469000000,2017-09-19,CashAndCashEquivalentsAtCarryingValue,2026-08-25
WMT,debt,2017-07-31,33706000000,2017-09-19,LongTermDebtNoncurrent,2026-08-25
WMT,equity,2017-07-31,76389000000,2017-09-19,StockholdersEquity,2026-08-25
WMT,inventory,2017-07-31,43442000000,2017-09-19,InventoryNet,2026-08-25
WMT,netIncome,2017-07-31,2899000000,2017-09-19,NetIncomeLoss,2026-08-25
WMT,operatingIncome,2017-07-31,5969000000,2017-09-19,OperatingIncomeLoss,2026-08-25
WMT,revenue,2017-07-31,123355000000,2017-09-19,Revenues,2026-08-25
WRB,assets,2017-09-30,24336076000,2017-11-19,Assets,2026-08-25
WRB,cash,2017-09-30,773997000,2017-11-19,CashAndCashEquivalentsAtCarryingValue,2026-08-25
WRB,equity,2017-09-30,5430536000,2017-11-19,StockholdersEquity,2026-08-25
WRB,liabilities,2017-09-30,18865427000,2017-11-19,Liabilities,2026-08-25
WRB,netIncome,2017-09-30,162054000,2017-11-19,NetIncomeLoss,2026-08-25
WRB,revenue,2017-09-30,2031342000,2017-11-19,Revenues,2026-08-25
WRB,shares,2017-09-30,121769109,2017-11-19,CommonStockSharesOutstanding,2026-08-25
WSM,assets,2017-07-30,2479860000,2017-09-18,Assets,2026-08-25
WSM,buybacks,2017-07-30,55011000,2017-09-18,PaymentsForRepurchaseOfCommonStock,2026-08-25
WSM,capex,2017-07-30,50574000,2017-09-18,PaymentsToAcquirePropertyPlantAndEquipment,2026-08-25
WSM,cash,2017-07-30,103109000,2017-09-18,CashAndCashEquivalentsAtCarryingValue,2026-08-25
WSM,equity,2017-07-30,1188524000,2017-09-18,StockholdersEquity,2026-08-25
WSM,grossProfit,2017-07-30,422711000,2017-09-18,GrossProfit,2026-08-25
WSM,inventory,2017-07-30,1072976000,2017-09-18,InventoryNet,2026-08-25
WSM,liabilities,2017-07-30,1291336000,2017-09-18,Liabilities,2026-08-25
WSM,netIncome,2017-07-30,52917000,2017-09-18,NetIncomeLoss,2026-08-25
WSM,operatingIncome,2017-07-30,81584000,2017-09-18,OperatingIncomeLoss,2026-08-25
WSM,revenue,2017-07-30,1201606000,2017-09-18,RevenueFromContractWithCustomerExcludingAssessedTax,2026-08-25
WSM,shares,2017-07-30,85754000,2017-09-18,CommonStockSharesOutstanding,2026-08-25
WST,assets,2017-09-30,1930400000,2017-11-19,Assets,2026-08-25
WST,cash,2017-09-30,269300000,2017-11-19,CashAndCashEquivalentsAtCarryingValue,2026-08-25
WST,debt,2017-09-30,196600000,2017-11-19,LongTermDebtNoncurrent,2026-08-25
WST,grossProfit,2017-09-30,125100000,2017-11-19,GrossProfit,2026-08-25
WST,inventory,2017-09-30,215800000,2017-11-19,InventoryNet,2026-08-25
WST,liabilities,2017-09-30,613500000,2017-11-19,Liabilities,2026-08-25
WST,operatingIncome,2017-09-30,62900000,2017-11-19,OperatingIncomeLoss,2026-08-25
WST,receivables,2017-09-30,251800000,2017-11-19,AccountsReceivableNetCurrent,2026-08-25
WST,revenue,2017-09-30,398200000,2017-11-19,Revenues,2026-08-25
WST,rnd,2017-09-30,9100000,2017-11-19,ResearchAndDevelopmentExpense,2026-08-25
WST,shares,2017-09-30,74300000,2017-11-19,CommonStockSharesOutstanding,2026-08-25
WTW,assets,2017-09-30,32272000000,2017-11-19,Assets,2026-08-25
WTW,cash,2017-09-30,912000000,2017-11-19,CashAndCashEquivalentsAtCarryingValue,2026-08-25
WTW,debt,2017-09-30,4493000000,2017-11-19,LongTermDebtNoncurrent,2026-08-25
WTW,equity,2017-09-30,9915000000,2017-11-19,StockholdersEquity,2026-08-25
WTW,liabilities,2017-09-30,22191000000,2017-11-19,Liabilities,2026-08-25
WTW,netIncome,2017-09-30,-54000000,2017-11-19,NetIncomeLoss,2026-08-25
WTW,operatingIncome,2017-09-30,-26000000,2017-11-19,OperatingIncomeLoss,2026-08-25
WTW,receivables,2017-09-30,2155000000,2017-11-19,AccountsReceivableNetCurrent,2026-08-25
WTW,revenue,2017-09-30,1852000000,2017-11-19,Revenues,2026-08-25
WY,assets,2017-09-30,18402000000,2017-11-19,Assets,2026-08-25
WY,cash,2017-09-30,497000000,2017-11-19,CashAndCashEquivalentsAtCarryingValue,2026-08-25
WY,debt,2017-09-30,5933000000,2017-11-19,LongTermDebtNoncurrent,2026-08-25
WY,grossProfit,2017-09-30,498000000,2017-11-19,GrossProfit,2026-08-25
WY,inventory,2017-09-30,340000000,2017-11-19,InventoryNet,2026-08-25
WY,liabilities,2017-09-30,9357000000,2017-11-19,Liabilities,2026-08-25
WY,netIncome,2017-09-30,130000000,2017-11-19,NetIncomeLoss,2026-08-25
WY,operatingIncome,2017-09-30,205000000,2017-11-19,OperatingIncomeLoss,2026-08-25
WY,revenue,2017-09-30,1872000000,2017-11-19,Revenues,2026-08-25
WY,rnd,2017-09-30,4000000,2017-11-19,ResearchAndDevelopmentExpense,2026-08-25
WY,shares,2017-09-30,753050533,2017-11-19,CommonStockSharesOutstanding,2026-08-25
WYNN,assets,2017-09-30,12427954000,2017-11-19,Assets,2026-08-25
WYNN,cash,2017-09-30,2935985000,2017-11-19,CashAndCashEquivalentsAtCarryingValue,2026-08-25
WYNN,debt,2017-09-30,9771815000,2017-11-19,LongTermDebtNoncurrent,2026-08-25
WYNN,equity,2017-09-30,329076000,2017-11-19,StockholdersEquity,2026-08-25
WYNN,inventory,2017-09-30,82897000,2017-11-19,InventoryNet,2026-08-25
WYNN,liabilities,2017-09-30,12029744000,2017-11-19,Liabilities,2026-08-25
WYNN,netIncome,2017-09-30,79767000,2017-11-19,NetIncomeLoss,2026-08-25
WYNN,operatingIncome,2017-09-30,257327000,2017-11-19,OperatingIncomeLoss,2026-08-25
WYNN,revenue,2017-09-30,1551347000,2017-11-19,Revenues,2026-08-25
WYNN,shares,2017-09-30,102782543,2017-11-19,CommonStockSharesOutstanding,2026-08-25
XEL,assets,2017-09-30,42468794000,2017-11-19,Assets,2026-08-25
XEL,cash,2017-09-30,167000000,2017-11-19,CashAndCashEquivalentsAtCarryingValue,2026-08-25
XEL,equity,2017-09-30,11439377000,2017-11-19,StockholdersEquity,2026-08-25
XEL,inventory,2017-09-30,616675000,2017-11-19,InventoryNet,2026-08-25
XEL,netIncome,2017-09-30,492000000,2017-11-19,NetIncomeLoss,2026-08-25
XEL,operatingIncome,2017-09-30,824000000,2017-11-19,OperatingIncomeLoss,2026-08-25
XEL,receivables,2017-09-30,807621000,2017-11-19,AccountsReceivableNetCurrent,2026-08-25
XEL,revenue,2017-09-30,3017000000,2017-11-19,Revenues,2026-08-25
XEL,shares,2017-09-30,507762881,2017-11-19,CommonStockSharesOutstanding,2026-08-25
XYL,assets,2017-09-30,6783000000,2017-11-19,Assets,2026-08-25
XYL,capex,2017-09-30,42000000,2017-11-19,PaymentsToAcquireProductiveAssets,2026-08-25
XYL,cash,2017-09-30,283000000,2017-11-19,CashAndCashEquivalentsAtCarryingValue,2026-08-25
XYL,debt,2017-09-30,2189000000,2017-11-19,LongTermDebtNoncurrent,2026-08-25
XYL,equity,2017-09-30,2463000000,2017-11-19,StockholdersEquity,2026-08-25
XYL,grossProfit,2017-09-30,471000000,2017-11-19,GrossProfit,2026-08-25
XYL,inventory,2017-09-30,562000000,2017-11-19,InventoryNet,2026-08-25
XYL,liabilities,2017-09-30,4303000000,2017-11-19,Liabilities,2026-08-25
XYL,netIncome,2017-09-30,105000000,2017-11-19,NetIncomeLoss,2026-08-25
XYL,operatingIncome,2017-09-30,152000000,2017-11-19,OperatingIncomeLoss,2026-08-25
XYL,receivables,2017-09-30,990000000,2017-11-19,AccountsReceivableNetCurrent,2026-08-25
XYL,revenue,2017-09-30,1195000000,2017-11-19,Revenues,2026-08-25
XYL,rnd,2017-09-30,45000000,2017-11-19,ResearchAndDevelopmentExpense,2026-08-25
XYZ,assets,2017-09-30,2083852000,2017-11-19,Assets,2026-08-25
XYZ,cash,2017-09-30,658412000,2017-11-19,CashAndCashEquivalentsAtCarryingValue,2026-08-25
XYZ,debt,2017-09-30,354237000,2017-11-19,LongTermDebtNoncurrent,2026-08-25
XYZ,equity,2017-09-30,732909000,2017-11-19,StockholdersEquity,2026-08-25
XYZ,grossProfit,2017-09-30,218616000,2017-11-19,GrossProfit,2026-08-25
XYZ,inventory,2017-09-30,21204000,2017-11-19,InventoryNet,2026-08-25
XYZ,liabilities,2017-09-30,1350943000,2017-11-19,Liabilities,2026-08-25
XYZ,netIncome,2017-09-30,-16098000,2017-11-19,NetIncomeLoss,2026-08-25
XYZ,operatingIncome,2017-09-30,-14891000,2017-11-19,OperatingIncomeLoss,2026-08-25
XYZ,receivables,2017-09-30,4209000,2017-11-19,AccountsReceivableNetCurrent,2026-08-25
XYZ,revenue,2017-09-30,585159000,2017-11-19,Revenues,2026-08-25
XYZ,rnd,2017-09-30,82547000,2017-11-19,ResearchAndDevelopmentExpense,2026-08-25
YUM,assets,2017-09-30,5454000000,2017-11-19,Assets,2026-08-25
YUM,cash,2017-09-30,980000000,2017-11-19,CashAndCashEquivalentsAtCarryingValue,2026-08-25
YUM,equity,2017-09-30,-6121000000,2017-11-19,StockholdersEquity,2026-08-25
YUM,inventory,2017-09-30,15000000,2017-11-19,InventoryNet,2026-08-25
YUM,liabilities,2017-09-30,11575000000,2017-11-19,Liabilities,2026-08-25
YUM,netIncome,2017-09-30,418000000,2017-11-19,NetIncomeLoss,2026-08-25
YUM,operatingIncome,2017-09-30,643000000,2017-11-19,OperatingIncomeLoss,2026-08-25
YUM,revenue,2017-09-30,1436000000,2017-11-19,Revenues,2026-08-25
ZBH,assets,2017-09-30,26417500000,2017-11-19,Assets,2026-08-25
ZBH,cash,2017-09-30,480800000,2017-11-19,CashAndCashEquivalentsAtCarryingValue,2026-08-25
ZBH,debt,2017-09-30,9199700000,2017-11-19,LongTermDebtNoncurrent,2026-08-25
ZBH,equity,2017-09-30,10449800000,2017-11-19,StockholdersEquity,2026-08-25
ZBH,grossProfit,2017-09-30,1159500000,2017-11-19,GrossProfit,2026-08-25
ZBH,inventory,2017-09-30,2084200000,2017-11-19,InventoryNet,2026-08-25
ZBH,liabilities,2017-09-30,15967300000,2017-11-19,Liabilities,2026-08-25
ZBH,netIncome,2017-09-30,98800000,2017-11-19,NetIncomeLoss,2026-08-25
ZBH,operatingIncome,2017-09-30,211200000,2017-11-19,OperatingIncomeLoss,2026-08-25
ZBH,receivables,2017-09-30,1318500000,2017-11-19,AccountsReceivableNetCurrent,2026-08-25
ZBH,revenue,2017-09-30,1813100000,2017-11-19,RevenueFromContractWithCustomerExcludingAssessedTax,2026-08-25
ZBRA,assets,2017-09-30,4526000000,2017-11-19,Assets,2026-08-25
ZBRA,cash,2017-09-30,88000000,2017-11-19,CashAndCashEquivalentsAtCarryingValue,2026-08-25
ZBRA,debt,2017-09-30,2451000000,2017-11-19,LongTermDebtNoncurrent,2026-08-25
ZBRA,equity,2017-09-30,814000000,2017-11-19,StockholdersEquity,2026-08-25
ZBRA,grossProfit,2017-09-30,429000000,2017-11-19,GrossProfit,2026-08-25
ZBRA,inventory,2017-09-30,492000000,2017-11-19,InventoryNet,2026-08-25
ZBRA,liabilities,2017-09-30,3712000000,2017-11-19,Liabilities,2026-08-25
ZBRA,netIncome,2017-09-30,-12000000,2017-11-19,NetIncomeLoss,2026-08-25
ZBRA,operatingIncome,2017-09-30,91000000,2017-11-19,OperatingIncomeLoss,2026-08-25
ZBRA,receivables,2017-09-30,596000000,2017-11-19,AccountsReceivableNetCurrent,2026-08-25
ZBRA,revenue,2017-09-30,935000000,2017-11-19,RevenueFromContractWithCustomerExcludingAssessedTax,2026-08-25
ZBRA,rnd,2017-09-30,96000000,2017-11-19,ResearchAndDevelopmentExpense,2026-08-25
ZTS,assets,2017-07-02,7802000000,2017-08-21,Assets,2026-08-25
ZTS,cash,2017-07-02,705000000,2017-08-21,CashAndCashEquivalentsAtCarryingValue,2026-08-25
ZTS,debt,2017-07-02,3719000000,2017-08-21,LongTermDebtNoncurrent,2026-08-25
ZTS,equity,2017-07-02,1715000000,2017-08-21,StockholdersEquity,2026-08-25
ZTS,inventory,2017-07-02,1498000000,2017-08-21,InventoryNet,2026-08-25
ZTS,liabilities,2017-07-02,6056000000,2017-08-21,Liabilities,2026-08-25
ZTS,netIncome,2017-07-02,247000000,2017-08-21,NetIncomeLoss,2026-08-25
ZTS,receivables,2017-07-02,975000000,2017-08-21,AccountsReceivableNetCurrent,2026-08-25
ZTS,revenue,2017-07-02,1269000000,2017-08-21,Revenues,2026-08-25
ZTS,shares,2017-07-02,489659511,2017-08-21,CommonStockSharesOutstanding,2026-08-25
A,assets,2017-07-31,8261000000,2017-09-19,Assets,2026-08-27
A,cash,2017-07-31,2563000000,2017-09-19,CashAndCashEquivalentsAtCarryingValue,2026-08-27
A,debt,2017-07-31,1801000000,2017-09-19,LongTermDebtNoncurrent,2026-08-27
A,equity,2017-07-31,4608000000,2017-09-19,StockholdersEquity,2026-08-27
A,inventory,2017-07-31,566000000,2017-09-19,InventoryNet,2026-08-27
A,liabilities,2017-07-31,3650000000,2017-09-19,Liabilities,2026-08-27
A,netIncome,2017-07-31,175000000,2017-09-19,NetIncomeLoss,2026-08-27
A,operatingIncome,2017-07-31,201000000,2017-09-19,OperatingIncomeLoss,2026-08-27
A,receivables,2017-07-31,678000000,2017-09-19,AccountsReceivableNetCurrent,2026-08-27
A,revenue,2017-07-31,1114000000,2017-09-19,RevenueFromContractWithCustomerExcludingAssessedTax,2026-08-27
A,rnd,2017-07-31,87000000,2017-09-19,ResearchAndDevelopmentExpense,2026-08-27
A,shares,2017-07-31,322000000,2017-09-19,CommonStockSharesOutstanding,2026-08-27
AAPL,assets,2017-09-30,375319000000,2017-11-19,Assets,2026-08-27
AAPL,cash,2017-09-30,20289000000,2017-11-19,CashAndCashEquivalentsAtCarryingValue,2026-08-27
AAPL,debt,2017-09-30,97207000000,2017-11-19,LongTermDebtNoncurrent,2026-08-27
AAPL,equity,2017-09-30,134047000000,2017-11-19,StockholdersEquity,2026-08-27
AAPL,grossProfit,2017-09-30,19931000000,2017-11-19,GrossProfit,2026-08-27
AAPL,inventory,2017-09-30,4855000000,2017-11-19,InventoryNet,2026-08-27
AAPL,liabilities,2017-09-30,241272000000,2017-11-19,Liabilities,2026-08-27
AAPL,netIncome,2017-09-30,10714000000,2017-11-19,NetIncomeLoss,2026-08-27
AAPL,operatingIncome,2017-07-01,10768000000,2017-08-20,OperatingIncomeLoss,2026-08-27
AAPL,receivables,2017-09-30,17874000000,2017-11-19,AccountsReceivableNetCurrent,2026-08-27
AAPL,revenue,2017-09-30,52579000000,2017-11-19,Revenues,2026-08-27
AAPL,rnd,2017-07-01,2937000000,2017-08-20,ResearchAndDevelopmentExpense,2026-08-27
AAPL,shares,2017-09-30,5126201000,2017-11-19,CommonStockSharesOutstanding,2026-08-27
ABBV,assets,2017-09-30,68840000000,2017-11-19,Assets,2026-08-27
ABBV,cash,2017-09-30,8446000000,2017-11-19,CashAndCashEquivalentsAtCarryingValue,2026-08-27
ABBV,equity,2017-09-30,6687000000,2017-11-19,StockholdersEquity,2026-08-27
ABBV,grossProfit,2017-09-30,5379000000,2017-11-19,GrossProfit,2026-08-27
ABBV,inventory,2017-09-30,1785000000,2017-11-19,InventoryNet,2026-08-27
ABBV,netIncome,2017-09-30,1631000000,2017-11-19,NetIncomeLoss,2026-08-27
ABBV,operatingIncome,2017-09-30,2694000000,2017-11-19,OperatingIncomeLoss,2026-08-27
ABBV,receivables,2017-09-30,4891000000,2017-11-19,AccountsReceivableNetCurrent,2026-08-27
ABBV,revenue,2017-09-30,6995000000,2017-11-19,Revenues,2026-08-27
ABT,assets,2017-09-30,72248000000,2017-11-19,Assets,2026-08-27
ABT,cash,2017-09-30,11012000000,2017-11-19,CashAndCashEquivalentsAtCarryingValue,2026-08-27
ABT,debt,2017-09-30,23310000000,2017-11-19,LongTermDebtNoncurrent,2026-08-27
ABT,equity,2017-09-30,32032000000,2017-11-19,StockholdersEquity,2026-08-27
ABT,grossProfit,2017-09-30,3452000000,2017-11-19,GrossProfit,2026-08-27
ABT,inventory,2017-09-30,3483000000,2017-11-19,InventoryNet,2026-08-27
ABT,netIncome,2017-09-30,603000000,2017-11-19,NetIncomeLoss,2026-08-27
ABT,operatingIncome,2017-09-30,769000000,2017-11-19,OperatingIncomeLoss,2026-08-27
ABT,receivables,2017-09-30,4800000000,2017-11-19,AccountsReceivableNetCurrent,2026-08-27
ABT,revenue,2017-09-30,6829000000,2017-11-19,RevenueFromContractWithCustomerExcludingAssessedTax,2026-08-27
ACGL,assets,2017-09-30,32624797000,2017-11-19,Assets,2026-08-27
ACGL,cash,2017-09-30,862361000,2017-11-19,CashAndCashEquivalentsAtCarryingValue,2026-08-27
ACGL,equity,2017-09-30,8911144000,2017-11-19,StockholdersEquity,2026-08-27
ACGL,liabilities,2017-09-30,22646926000,2017-11-19,Liabilities,2026-08-27
ACGL,netIncome,2017-09-30,-33656000,2017-11-19,NetIncomeLoss,2026-08-27
ACGL,revenue,2017-09-30,1479554000,2017-11-19,Revenues,2026-08-27
ACN,assets,2017-08-31,22689890000,2017-10-20,Assets,2026-08-27
ACN,cash,2017-08-31,4126860000,2017-10-20,CashAndCashEquivalentsAtCarryingValue,2026-08-27
ACN,equity,2017-08-31,8949477000,2017-10-20,StockholdersEquity,2026-08-27
ACN,netIncome,2017-08-31,932453000,2017-10-20,NetIncomeLoss,2026-08-27
ACN,operatingIncome,2017-08-31,1296562000,2017-10-20,OperatingIncomeLoss,2026-08-27
ACN,receivables,2017-08-31,4569214000,2017-10-20,AccountsReceivableNetCurrent,2026-08-27
ACN,revenue,2017-08-31,9640906000,2017-10-20,Revenues,2026-08-27
ADBE,assets,2017-09-01,13906815000,2017-10-21,Assets,2026-08-27
ADBE,cash,2017-09-01,1774550000,2017-10-21,CashAndCashEquivalentsAtCarryingValue,2026-08-27
ADBE,debt,2017-09-01,1889218000,2017-10-21,LongTermDebt,2026-08-27
ADBE,equity,2017-09-01,8170434000,2017-10-21,StockholdersEquity,2026-08-27
ADBE,grossProfit,2017-09-01,1578152000,2017-10-21,GrossProfit,2026-08-27
ADBE,liabilities,2017-09-01,5736381000,2017-10-21,Liabilities,2026-08-27
ADBE,netIncome,2017-09-01,419569000,2017-10-21,NetIncomeLoss,2026-08-27
ADBE,operatingIncome,2017-09-01,545674000,2017-10-21,OperatingIncomeLoss,2026-08-27
ADBE,receivables,2017-09-01,1006187000,2017-10-21,AccountsReceivableNetCurrent,2026-08-27
ADBE,revenue,2017-09-01,1841074000,2017-10-21,Revenues,2026-08-27
ADBE,shares,2017-09-01,492874000,2017-10-21,CommonStockSharesOutstanding,2026-08-27
ADI,assets,2017-07-29,21114995000,2017-09-17,Assets,2026-08-27
ADI,cash,2017-07-29,908569000,2017-09-17,CashAndCashEquivalentsAtCarryingValue,2026-08-27
ADI,equity,2017-07-29,9922900000,2017-09-17,StockholdersEquity,2026-08-27
ADI,grossProfit,2017-07-29,766624000,2017-09-17,GrossProfit,2026-08-27
ADI,inventory,2017-07-29,519695000,2017-09-17,InventoryNet,2026-08-27
ADI,netIncome,2017-07-29,68916000,2017-09-17,NetIncomeLoss,2026-08-27
ADI,operatingIncome,2017-07-29,194821000,2017-09-17,OperatingIncomeLoss,2026-08-27
ADI,receivables,2017-07-29,692552000,2017-09-17,AccountsReceivableNetCurrent,2026-08-27
ADI,revenue,2017-07-29,1433902000,2017-09-17,Revenues,2026-08-27
ADI,rnd,2017-07-29,275670000,2017-09-17,ResearchAndDevelopmentExpense,2026-08-27
ADI,shares,2017-07-29,367667745,2017-09-17,CommonStockSharesOutstanding,2026-08-27
ADM,assets,2017-09-30,38969000000,2017-11-19,Assets,2026-08-27
ADM,cash,2017-09-30,518000000,2017-11-19,CashAndCashEquivalentsAtCarryingValue,2026-08-27
ADM,debt,2017-09-30,6595000000,2017-11-19,LongTermDebtNoncurrent,2026-08-27
ADM,grossProfit,2017-09-30,812000000,2017-11-19,GrossProfit,2026-08-27
ADM,inventory,2017-09-30,8326000000,2017-11-19,InventoryNet,2026-08-27
ADM,netIncome,2017-09-30,192000000,2017-11-19,NetIncomeLoss,2026-08-27
ADM,receivables,2017-09-30,1911000000,2017-11-19,AccountsReceivableNetCurrent,2026-08-27
ADM,revenue,2017-09-30,14827000000,2017-11-19,Revenues,2026-08-27
ADP,assets,2017-09-30,35661100000,2017-11-19,Assets,2026-08-27
ADP,buybacks,2017-09-30,250100000,2017-11-19,PaymentsForRepurchaseOfCommonStock,2026-08-27
ADP,cash,2017-09-30,2363600000,2017-11-19,CashAndCashEquivalentsAtCarryingValue,2026-08-27
ADP,debt,2017-09-30,2002100000,2017-11-19,LongTermDebtNoncurrent,2026-08-27
ADP,equity,2017-09-30,3953400000,2017-11-19,StockholdersEquity,2026-08-27
ADP,grossProfit,2017-09-30,1225700000,2017-11-19,GrossProfit,2026-08-27
ADP,liabilities,2017-09-30,31707700000,2017-11-19,Liabilities,2026-08-27
ADP,netIncome,2017-09-30,412600000,2017-11-19,NetIncomeLoss,2026-08-27
ADP,operatingCashFlow,2017-09-30,244700000,2017-11-19,NetCashProvidedByUsedInOperatingActivities,2026-08-27
ADP,receivables,2017-09-30,1788700000,2017-11-19,AccountsReceivableNetCurrent,2026-08-27
ADP,revenue,2017-09-30,3077200000,2017-11-19,Revenues,2026-08-27
ADP,shares,2017-09-30,444000000,2017-11-19,CommonStockSharesOutstanding,2026-08-27
ADSK,assets,2017-07-31,4354000000,2017-09-19,Assets,2026-08-27
ADSK,cash,2017-07-31,1174100000,2017-09-19,CashAndCashEquivalentsAtCarryingValue,2026-08-27
ADSK,equity,2017-07-31,315500000,2017-09-19,StockholdersEquity,2026-08-27
ADSK,grossProfit,2017-07-31,427200000,2017-09-19,GrossProfit,2026-08-27
ADSK,netIncome,2017-07-31,-144000000,2017-09-19,NetIncomeLoss,2026-08-27
ADSK,operatingIncome,2017-07-31,-107600000,2017-09-19,OperatingIncomeLoss,2026-08-27
ADSK,receivables,2017-07-31,265600000,2017-09-19,AccountsReceivableNetCurrent,2026-08-27
ADSK,revenue,2017-07-31,501800000,2017-09-19,RevenueFromContractWithCustomerExcludingAssessedTax,2026-08-27
ADSK,rnd,2017-07-31,193800000,2017-09-19,ResearchAndDevelopmentExpense,2026-08-27
AEE,assets,2017-09-30,25617000000,2017-11-19,Assets,2026-08-27
AEE,capex,2017-09-30,525000000,2017-11-19,PaymentsToAcquirePropertyPlantAndEquipment,2026-08-27
AEE,cash,2017-09-30,9000000,2017-11-19,CashAndCashEquivalentsAtCarryingValue,2026-08-27
AEE,debt,2017-09-30,6922000000,2017-11-19,LongTermDebtNoncurrent,2026-08-27
AEE,equity,2017-09-30,7345000000,2017-11-19,StockholdersEquity,2026-08-27
AEE,inventory,2017-09-30,547000000,2017-11-19,InventoryNet,2026-08-27
AEE,netIncome,2017-09-30,288000000,2017-11-19,NetIncomeLoss,2026-08-27
AEE,operatingIncome,2017-09-30,569000000,2017-11-19,OperatingIncomeLoss,2026-08-27
AEE,receivables,2017-09-30,507000000,2017-11-19,AccountsReceivableNetCurrent,2026-08-27
AEE,revenue,2017-09-30,1723000000,2017-11-19,Revenues,2026-08-27
AEE,shares,2017-09-30,242600000,2017-11-19,CommonStockSharesOutstanding,2026-08-27
AEP,assets,2017-09-30,63964900000,2017-11-19,Assets,2026-08-27
AEP,cash,2017-09-30,343900000,2017-11-19,CashAndCashEquivalentsAtCarryingValue,2026-08-27
AEP,debt,2017-09-30,18362400000,2017-11-19,LongTermDebtNoncurrent,2026-08-27
AEP,equity,2017-09-30,18069100000,2017-11-19,StockholdersEquity,2026-08-27
AEP,liabilities,2017-09-30,45850100000,2017-11-19,Liabilities,2026-08-27
AEP,operatingIncome,2017-09-30,975100000,2017-11-19,OperatingIncomeLoss,2026-08-27
AEP,receivables,2017-09-30,1740900000,2017-11-19,AccountsReceivableNetCurrent,2026-08-27
AEP,revenue,2017-09-30,4104700000,2017-11-19,Revenues,2026-08-27
AES,assets,2017-09-30,38834000000,2017-11-19,Assets,2026-08-27
AES,cash,2017-09-30,1398000000,2017-11-19,CashAndCashEquivalentsAtCarryingValue,2026-08-27
AES,equity,2017-09-30,3186000000,2017-11-19,StockholdersEquity,2026-08-27
AES,grossProfit,2017-09-30,640000000,2017-11-19,GrossProfit,2026-08-27
AES,inventory,2017-09-30,660000000,2017-11-19,InventoryNet,2026-08-27
AES,netIncome,2017-09-30,152000000,2017-11-19,NetIncomeLoss,2026-08-27
AES,receivables,2017-09-30,2357000000,2017-11-19,AccountsReceivableNetCurrent,2026-08-27
AES,revenue,2017-09-30,2693000000,2017-11-19,Revenues,2026-08-27
AES,shares,2017-09-30,660386566,2017-11-19,CommonStockSharesOutstanding,2026-08-27
AFL,assets,2017-09-30,136083000000,2017-11-19,Assets,2026-08-27
AFL,cash,2017-09-30,4927000000,2017-11-19,CashAndCashEquivalentsAtCarryingValue,2026-08-27
AFL,equity,2017-09-30,21977000000,2017-11-19,StockholdersEquity,2026-08-27
AFL,liabilities,2017-09-30,114106000000,2017-11-19,Liabilities,2026-08-27
AFL,netIncome,2017-09-30,716000000,2017-11-19,NetIncomeLoss,2026-08-27
AFL,operatingIncome,2017-09-30,1014000000,2017-11-19,OperatingIncomeLoss,2026-08-27
AFL,revenue,2017-09-30,5506000000,2017-11-19,Revenues,2026-08-27
AFL,shares,2017-09-30,787750000,2017-11-19,CommonStockSharesOutstanding,2026-08-27
AIG,assets,2017-09-30,503073000000,2017-11-19,Assets,2026-08-27
AIG,debt,2017-09-30,31039000000,2017-11-19,LongTermDebt,2026-08-27
AIG,equity,2017-09-30,72468000000,2017-11-19,StockholdersEquity,2026-08-27
AIG,liabilities,2017-09-30,430061000000,2017-11-19,Liabilities,2026-08-27
AIG,netIncome,2017-09-30,-1739000000,2017-11-19,NetIncomeLoss,2026-08-27
AIG,revenue,2017-09-30,11751000000,2017-11-19,Revenues,2026-08-27
AIG,shares,2017-09-30,898880087,2017-11-19,CommonStockSharesOutstanding,2026-08-27
AIZ,assets,2017-09-30,32405200000,2017-11-19,Assets,2026-08-27
AIZ,cash,2017-09-30,992800000,2017-11-19,CashAndCashEquivalentsAtCarryingValue,2026-08-27
AIZ,equity,2017-09-30,4138200000,2017-11-19,StockholdersEquity,2026-08-27
AIZ,liabilities,2017-09-30,28267000000,2017-11-19,Liabilities,2026-08-27
AIZ,netIncome,2017-09-30,-57300000,2017-11-19,NetIncomeLoss,2026-08-27
AIZ,revenue,2017-09-30,1586400000,2017-11-19,Revenues,2026-08-27
AIZ,shares,2017-09-30,53796348,2017-11-19,CommonStockSharesOutstanding,2026-08-27
AJG,assets,2017-09-30,12810400000,2017-11-19,Assets,2026-08-27
AJG,cash,2017-09-30,564900000,2017-11-19,CashAndCashEquivalentsAtCarryingValue,2026-08-27
AJG,debt,2017-09-30,2741700000,2017-11-19,LongTermDebtNoncurrent,2026-08-27
AJG,equity,2017-09-30,4110000000,2017-11-19,StockholdersEquity,2026-08-27
AJG,liabilities,2017-09-30,8638200000,2017-11-19,Liabilities,2026-08-27
AJG,netIncome,2017-09-30,111000000,2017-11-19,NetIncomeLoss,2026-08-27
AJG,revenue,2017-09-30,1593700000,2017-11-19,Revenues,2026-08-27
AJG,shares,2017-09-30,180800000,2017-11-19,CommonStockSharesOutstanding,2026-08-27
AKAM,assets,2017-09-30,4509134000,2017-11-19,Assets,2026-08-27
AKAM,cash,2017-09-30,368152000,2017-11-19,CashAndCashEquivalentsAtCarryingValue,2026-08-27
AKAM,equity,2017-09-30,3272655000,2017-11-19,StockholdersEquity,2026-08-27
AKAM,liabilities,2017-09-30,1236479000,2017-11-19,Liabilities,2026-08-27
AKAM,netIncome,2017-09-30,63911000,2017-11-19,NetIncomeLoss,2026-08-27
AKAM,operatingIncome,2017-09-30,91253000,2017-11-19,OperatingIncomeLoss,2026-08-27
AKAM,receivables,2017-09-30,400839000,2017-11-19,AccountsReceivableNetCurrent,2026-08-27
AKAM,revenue,2017-09-30,621399000,2017-11-19,Revenues,2026-08-27
AKAM,rnd,2017-09-30,57226000,2017-11-19,ResearchAndDevelopmentExpense,2026-08-27
AKAM,shares,2017-09-30,169726509,2017-11-19,CommonStockSharesOutstanding,2026-08-27
ALB,assets,2017-09-30,7523300000,2017-11-19,Assets,2026-08-27
ALB,cash,2017-09-30,692188000,2017-11-19,CashAndCashEquivalentsAtCarryingValue,2026-08-27
ALB,debt,2017-09-30,1407171000,2017-11-19,LongTermDebtNoncurrent,2026-08-27
ALB,equity,2017-09-30,3898819000,2017-11-19,StockholdersEquity,2026-08-27
ALB,grossProfit,2017-09-30,275657000,2017-11-19,GrossProfit,2026-08-27
ALB,inventory,2017-09-30,610212000,2017-11-19,InventoryNet,2026-08-27
ALB,netIncome,2017-09-30,118670000,2017-11-19,NetIncomeLoss,2026-08-27
ALB,operatingIncome,2017-09-30,147422000,2017-11-19,OperatingIncomeLoss,2026-08-27
ALB,receivables,2017-09-30,520076000,2017-11-19,AccountsReceivableNetCurrent,2026-08-27
ALB,revenue,2017-09-30,754866000,2017-11-19,Revenues,2026-08-27
ALB,rnd,2017-09-30,21763000,2017-11-19,ResearchAndDevelopmentExpense,2026-08-27
ALB,shares,2017-09-30,110495000,2017-11-19,CommonStockSharesOutstanding,2026-08-27
ALGN,assets,2017-09-30,1697623000,2017-11-19,Assets,2026-08-27
ALGN,cash,2017-09-30,362613000,2017-11-19,CashAndCashEquivalentsAtCarryingValue,2026-08-27
ALGN,equity,2017-09-30,1181958000,2017-11-19,StockholdersEquity,2026-08-27
ALGN,grossProfit,2017-09-30,292488000,2017-11-19,GrossProfit,2026-08-27
ALGN,inventory,2017-09-30,36941000,2017-11-19,InventoryNet,2026-08-27
ALGN,liabilities,2017-09-30,515665000,2017-11-19,Liabilities,2026-08-27
ALGN,netIncome,2017-09-30,82555000,2017-11-19,NetIncomeLoss,2026-08-27
ALGN,operatingIncome,2017-09-30,98763000,2017-11-19,OperatingIncomeLoss,2026-08-27
ALGN,receivables,2017-09-30,321328000,2017-11-19,AccountsReceivableNetCurrent,2026-08-27
ALGN,revenue,2017-09-30,385267000,2017-11-19,SalesRevenueNet,2026-08-27
ALGN,rnd,2017-09-30,24201000,2017-11-19,ResearchAndDevelopmentExpense,2026-08-27
ALGN,shares,2017-09-30,80176000,2017-11-19,CommonStockSharesOutstanding,2026-08-27
ALL,assets,2017-09-30,113632000000,2017-11-19,Assets,2026-08-27
ALL,debt,2017-09-30,6349000000,2017-11-19,LongTermDebt,2026-08-27
ALL,equity,2017-09-30,22119000000,2017-11-19,StockholdersEquity,2026-08-27
ALL,liabilities,2017-09-30,91513000000,2017-11-19,Liabilities,2026-08-27
ALL,netIncome,2017-09-30,666000000,2017-11-19,NetIncomeLoss,2026-08-27
ALL,revenue,2017-09-30,9888000000,2017-11-19,Revenues,2026-08-27
ALL,shares,2017-09-30,360000000,2017-11-19,CommonStockSharesOutstanding,2026-08-27
ALLE,assets,2017-09-30,2447300000,2017-11-19,Assets,2026-08-27
ALLE,cash,2017-09-30,334900000,2017-11-19,CashAndCashEquivalentsAtCarryingValue,2026-08-27
ALLE,debt,2017-09-30,1412000000,2017-11-19,LongTermDebtNoncurrent,2026-08-27
ALLE,equity,2017-09-30,367200000,2017-11-19,StockholdersEquity,2026-08-27
ALLE,inventory,2017-09-30,257100000,2017-11-19,InventoryNet,2026-08-27
ALLE,liabilities,2017-09-30,2075200000,2017-11-19,Liabilities,2026-08-27
ALLE,netIncome,2017-09-30,89800000,2017-11-19,NetIncomeLoss,2026-08-27
ALLE,operatingIncome,2017-09-30,127100000,2017-11-19,OperatingIncomeLoss,2026-08-27
ALLE,revenue,2017-09-30,609400000,2017-11-19,SalesRevenueNet,2026-08-27
AMAT,assets,2017-07-30,19078000000,2017-09-18,Assets,2026-08-27
AMAT,cash,2017-07-30,5278000000,2017-09-18,CashAndCashEquivalentsAtCarryingValue,2026-08-27
AMAT,debt,2017-07-30,5303000000,2017-09-18,LongTermDebtNoncurrent,2026-08-27
AMAT,equity,2017-07-30,8716000000,2017-09-18,StockholdersEquity,2026-08-27
AMAT,grossProfit,2017-07-30,1700000000,2017-09-18,GrossProfit,2026-08-27
AMAT,inventory,2017-07-30,2876000000,2017-09-18,InventoryNet,2026-08-27
AMAT,liabilities,2017-07-30,10362000000,2017-09-18,Liabilities,2026-08-27
AMAT,netIncome,2017-07-30,925000000,2017-09-18,NetIncomeLoss,2026-08-27
AMAT,operatingIncome,2017-07-30,1023000000,2017-09-18,OperatingIncomeLoss,2026-08-27
AMAT,receivables,2017-07-30,2258000000,2017-09-18,AccountsReceivableNetCurrent,2026-08-27
AMAT,revenue,2017-07-30,3744000000,2017-09-18,Revenues,2026-08-27
AMAT,rnd,2017-07-30,454000000,2017-09-18,ResearchAndDevelopmentExpense,2026-08-27
AMCR,grossProfit,2017-09-30,421300000,2017-11-19,GrossProfit,2026-08-27
AMCR,netIncome,2017-09-30,130500000,2017-11-19,NetIncomeLoss,2026-08-27
AMCR,revenue,2017-09-30,2251100000,2017-11-19,Revenues,2026-08-27
AMD,assets,2017-09-30,3586000000,2017-11-19,Assets,2026-08-27
AMD,cash,2017-09-30,879000000,2017-11-19,CashAndCashEquivalentsAtCarryingValue,2026-08-27
AMD,debt,2017-09-30,1356000000,2017-11-19,LongTermDebtNoncurrent,2026-08-27
AMD,equity,2017-09-30,520000000,2017-11-19,StockholdersEquity,2026-08-27
AMD,grossProfit,2017-09-30,571000000,2017-11-19,GrossProfit,2026-08-27
AMD,inventory,2017-09-30,794000000,2017-11-19,InventoryNet,2026-08-27
AMD,netIncome,2017-09-30,61000000,2017-11-19,NetIncomeLoss,2026-08-27
AMD,operatingIncome,2017-09-30,119000000,2017-11-19,OperatingIncomeLoss,2026-08-27
AMD,receivables,2017-09-30,771000000,2017-11-19,AccountsReceivableNetCurrent,2026-08-27
AMD,revenue,2017-09-30,1584000000,2017-11-19,Revenues,2026-08-27
AMD,rnd,2017-09-30,320000000,2017-11-19,ResearchAndDevelopmentExpense,2026-08-27
AMD,shares,2017-09-30,965000000,2017-11-19,CommonStockSharesOutstanding,2026-08-27
AME,assets,2017-09-30,7783301000,2017-11-19,Assets,2026-08-27
AME,cash,2017-09-30,736415000,2017-11-19,CashAndCashEquivalentsAtCarryingValue,2026-08-27
AME,debt,2017-09-30,1920879000,2017-11-19,LongTermDebtNoncurrent,2026-08-27
AME,equity,2017-09-30,3766155000,2017-11-19,StockholdersEquity,2026-08-27
AME,inventory,2017-09-30,546876000,2017-11-19,InventoryNet,2026-08-27
AME,liabilities,2017-09-30,4017146000,2017-11-19,Liabilities,2026-08-27
AME,netIncome,2017-09-30,153531000,2017-11-19,NetIncomeLoss,2026-08-27
AME,operatingIncome,2017-09-30,230038000,2017-11-19,OperatingIncomeLoss,2026-08-27
AME,revenue,2017-09-30,1084799000,2017-11-19,SalesRevenueNet,2026-08-27
AMGN,assets,2017-09-30,80331000000,2017-11-19,Assets,2026-08-27
AMGN,cash,2017-09-30,3000000000,2017-11-19,CashAndCashEquivalentsAtCarryingValue,2026-08-27
AMGN,debt,2017-09-30,33777000000,2017-11-19,LongTermDebtNoncurrent,2026-08-27
AMGN,equity,2017-09-30,32229000000,2017-11-19,StockholdersEquity,2026-08-27
AMGN,grossProfit,2017-09-30,4463000000,2017-11-19,GrossProfit,2026-08-27
AMGN,inventory,2017-09-30,2927000000,2017-11-19,InventoryNet,2026-08-27
AMGN,netIncome,2017-09-30,2021000000,2017-11-19,NetIncomeLoss,2026-08-27
AMGN,operatingIncome,2017-09-30,2439000000,2017-11-19,OperatingIncomeLoss,2026-08-27
AMGN,receivables,2017-09-30,3404000000,2017-11-19,AccountsReceivableNetCurrent,2026-08-27
AMGN,revenue,2017-09-30,5773000000,2017-11-19,Revenues,2026-08-27
AMGN,shares,2017-09-30,726600000,2017-11-19,CommonStockSharesOutstanding,2026-08-27
AMP,assets,2017-09-30,145486000000,2017-11-19,Assets,2026-08-27
AMP,equity,2017-09-30,6306000000,2017-11-19,StockholdersEquity,2026-08-27
AMP,liabilities,2017-09-30,139181000000,2017-11-19,Liabilities,2026-08-27
AMP,netIncome,2017-09-30,507000000,2017-11-19,NetIncomeLoss,2026-08-27
AMP,revenue,2017-09-30,3026000000,2017-11-19,Revenues,2026-08-27
AMT,assets,2017-09-30,32319300000,2017-11-19,Assets,2026-08-27
AMT,cash,2017-09-30,799500000,2017-11-19,CashAndCashEquivalentsAtCarryingValue,2026-08-27
AMT,debt,2017-09-30,18581381000,2017-11-19,LongTermDebtNoncurrent,2026-08-27
AMT,equity,2017-09-30,6518127000,2017-11-19,StockholdersEquity,2026-08-27
AMT,liabilities,2017-09-30,24062920000,2017-11-19,Liabilities,2026-08-27
AMT,netIncome,2017-09-30,317300000,2017-11-19,NetIncomeLoss,2026-08-27
AMT,operatingIncome,2017-09-30,561100000,2017-11-19,OperatingIncomeLoss,2026-08-27
AMT,receivables,2017-09-30,508626000,2017-11-19,AccountsReceivableNetCurrent,2026-08-27
AMT,revenue,2017-09-30,1680700000,2017-11-19,Revenues,2026-08-27
AMT,shares,2017-09-30,429243720,2017-11-19,CommonStockSharesOutstanding,2026-08-27
AMZN,assets,2017-09-30,115267000000,2017-11-19,Assets,2026-08-27
AMZN,capex,2017-09-30,3074000000,2017-11-19,PaymentsToAcquireProductiveAssets,2026-08-27
AMZN,cash,2017-09-30,12767000000,2017-11-19,CashAndCashEquivalentsAtCarryingValue,2026-08-27
AMZN,debt,2017-09-30,24710000000,2017-11-19,LongTermDebtNoncurrent,2026-08-27
AMZN,equity,2017-09-30,24658000000,2017-11-19,StockholdersEquity,2026-08-27
AMZN,inventory,2017-09-30,13711000000,2017-11-19,InventoryNet,2026-08-27
AMZN,netIncome,2017-09-30,256000000,2017-11-19,NetIncomeLoss,2026-08-27
AMZN,operatingCashFlow,2017-09-30,3777000000,2017-11-19,NetCashProvidedByUsedInOperatingActivities,2026-08-27
AMZN,operatingIncome,2017-09-30,347000000,2017-11-19,OperatingIncomeLoss,2026-08-27
AMZN,receivables,2017-09-30,10557000000,2017-11-19,AccountsReceivableNetCurrent,2026-08-27
AMZN,revenue,2017-09-30,43744000000,2017-11-19,RevenueFromContractWithCustomerExcludingAssessedTax,2026-08-27
AMZN,shares,2017-09-30,482000000,2017-11-19,CommonStockSharesOutstanding,2026-08-27
ANET,assets,2017-09-30,2301710000,2017-11-19,Assets,2026-08-27
ANET,cash,2017-09-30,854479000,2017-11-19,CashAndCashEquivalentsAtCarryingValue,2026-08-27
ANET,equity,2017-09-30,1524552000,2017-11-19,StockholdersEquity,2026-08-27
ANET,grossProfit,2017-09-30,280617000,2017-11-19,GrossProfit,2026-08-27
ANET,inventory,2017-09-30,333157000,2017-11-19,InventoryNet,2026-08-27
ANET,liabilities,2017-09-30,777158000,2017-11-19,Liabilities,2026-08-27
ANET,netIncome,2017-09-30,133722000,2017-11-19,NetIncomeLoss,2026-08-27
ANET,operatingIncome,2017-09-30,140832000,2017-11-19,OperatingIncomeLoss,2026-08-27
ANET,receivables,2017-09-30,212611000,2017-11-19,AccountsReceivableNetCurrent,2026-08-27
ANET,revenue,2017-09-30,437633000,2017-11-19,RevenueFromContractWithCustomerExcludingAssessedTax,2026-08-27
ANET,rnd,2017-09-30,79610000,2017-11-19,ResearchAndDevelopmentExpense,2026-08-27
ANET,shares,2017-09-30,73067000,2017-11-19,CommonStockSharesOutstanding,2026-08-27
AON,assets,2017-09-30,25924000000,2017-11-19,Assets,2026-08-27
AON,cash,2017-09-30,749000000,2017-11-19,CashAndCashEquivalentsAtCarryingValue,2026-08-27
AON,debt,2017-09-30,5662000000,2017-11-19,LongTermDebtNoncurrent,2026-08-27
AON,equity,2017-09-30,5175000000,2017-11-19,StockholdersEquity,2026-08-27
AON,liabilities,2017-09-30,20677000000,2017-11-19,Liabilities,2026-08-27
AON,operatingIncome,2017-09-30,256000000,2017-11-19,OperatingIncomeLoss,2026-08-27
AON,receivables,2017-09-30,2068000000,2017-11-19,AccountsReceivableNetCurrent,2026-08-27
AON,revenue,2017-09-30,2340000000,2017-11-19,Revenues,2026-08-27
AOS,assets,2017-09-30,3104600000,2017-11-19,Assets,2026-08-27
AOS,cash,2017-09-30,321900000,2017-11-19,CashAndCashEquivalentsAtCarryingValue,2026-08-27
AOS,debt,2017-09-30,442200000,2017-11-19,LongTermDebtNoncurrent,2026-08-27
AOS,equity,2017-09-30,1665900000,2017-11-19,StockholdersEquity,2026-08-27
AOS,grossProfit,2017-09-30,305000000,2017-11-19,GrossProfit,2026-08-27
AOS,inventory,2017-09-30,292100000,2017-11-19,InventoryNet,2026-08-27
AOS,liabilities,2017-09-30,1438700000,2017-11-19,Liabilities,2026-08-27
AOS,netIncome,2017-09-30,93700000,2017-11-19,NetIncomeLoss,2026-08-27
AOS,operatingIncome,2017-09-30,144000000,2017-11-19,OperatingIncomeLoss,2026-08-27
AOS,revenue,2017-09-30,749900000,2017-11-19,RevenueFromContractWithCustomerExcludingAssessedTax,2026-08-27
APD,assets,2017-09-30,18467200000,2017-11-19,Assets,2026-08-27
APD,cash,2017-09-30,3273600000,2017-11-19,CashAndCashEquivalentsAtCarryingValue,2026-08-27
APD,equity,2017-09-30,10086200000,2017-11-19,StockholdersEquity,2026-08-27
APD,grossProfit,2017-09-30,658100000,2017-11-19,GrossProfit,2026-08-27
APD,inventory,2017-09-30,335400000,2017-11-19,InventoryNet,2026-08-27
APD,liabilities,2017-09-30,8281700000,2017-11-19,Liabilities,2026-08-27
APD,netIncome,2017-09-30,468700000,2017-11-19,NetIncomeLoss,2026-08-27
APD,operatingIncome,2017-09-30,457400000,2017-11-19,OperatingIncomeLoss,2026-08-27
APD,receivables,2017-09-30,1174000000,2017-11-19,AccountsReceivableNetCurrent,2026-08-27
APD,revenue,2017-09-30,2203100000,2017-11-19,Revenues,2026-08-27
APD,shares,2017-09-30,218346074,2017-11-19,CommonStockSharesOutstanding,2026-08-27
APH,assets,2017-09-30,9608800000,2017-11-19,Assets,2026-08-27
APH,cash,2017-09-30,1452200000,2017-11-19,CashAndCashEquivalentsAtCarryingValue,2026-08-27
APH,debt,2017-09-30,3559700000,2017-11-19,LongTermDebtNoncurrent,2026-08-27
APH,equity,2017-09-30,4067200000,2017-11-19,StockholdersEquity,2026-08-27
APH,grossProfit,2017-09-30,606100000,2017-11-19,GrossProfit,2026-08-27
APH,inventory,2017-09-30,1098200000,2017-11-19,InventoryNet,2026-08-27
APH,netIncome,2017-09-30,277500000,2017-11-19,NetIncomeLoss,2026-08-27
APH,operatingIncome,2017-09-30,377900000,2017-11-19,OperatingIncomeLoss,2026-08-27
APH,receivables,2017-09-30,1575500000,2017-11-19,AccountsReceivableNetCurrent,2026-08-27
APH,revenue,2017-09-30,1840800000,2017-11-19,RevenueFromContractWithCustomerExcludingAssessedTax,2026-08-27
APTV,assets,2017-09-30,14166000000,2017-11-19,Assets,2026-08-27
APTV,cash,2017-09-30,557000000,2017-11-19,CashAndCashEquivalentsAtCarryingValue,2026-08-27
APTV,debt,2017-09-30,4884000000,2017-11-19,LongTermDebtNoncurrent,2026-08-27
APTV,equity,2017-09-30,3203000000,2017-11-19,StockholdersEquity,2026-08-27
APTV,grossProfit,2017-09-30,650000000,2017-11-19,GrossProfit,2026-08-27
APTV,inventory,2017-09-30,1642000000,2017-11-19,InventoryNet,2026-08-27
APTV,liabilities,2017-09-30,10552000000,2017-11-19,Liabilities,2026-08-27
APTV,netIncome,2017-09-30,395000000,2017-11-19,NetIncomeLoss,2026-08-27
APTV,operatingIncome,2017-09-30,373000000,2017-11-19,OperatingIncomeLoss,2026-08-27
APTV,receivables,2017-09-30,3225000000,2017-11-19,AccountsReceivableNetCurrent,2026-08-27
APTV,revenue,2017-09-30,3148000000,2017-11-19,Revenues,2026-08-27
APTV,shares,2017-09-30,265839088,2017-11-19,CommonStockSharesOutstanding,2026-08-27
ARE,assets,2017-09-30,11545323000,2017-11-19,Assets,2026-08-27
ARE,cash,2017-09-30,118562000,2017-11-19,CashAndCashEquivalentsAtCarryingValue,2026-08-27
ARE,debt,2017-09-30,4817040000,2017-11-19,LongTermDebt,2026-08-27
ARE,equity,2017-09-30,5406970000,2017-11-19,StockholdersEquity,2026-08-27
ARE,liabilities,2017-09-30,5640512000,2017-11-19,Liabilities,2026-08-27
ARE,netIncome,2017-09-30,53773000,2017-11-19,NetIncomeLoss,2026-08-27
ARES,assets,2017-09-30,8019437000,2017-11-19,Assets,2026-08-27
ARES,equity,2017-09-30,270924000,2017-11-19,StockholdersEquity,2026-08-27
ARES,liabilities,2017-09-30,6641516000,2017-11-19,Liabilities,2026-08-27
ARES,netIncome,2017-09-30,27838000,2017-11-19,NetIncomeLoss,2026-08-27
ARES,revenue,2017-09-30,288402000,2017-11-19,Revenues,2026-08-27
ATO,assets,2017-09-30,10749596000,2017-11-19,Assets,2026-08-27
ATO,cash,2017-09-30,26409000,2017-11-19,CashAndCashEquivalentsAtCarryingValue,2026-08-27
ATO,debt,2017-09-30,3067045000,2017-11-19,LongTermDebtNoncurrent,2026-08-27
ATO,equity,2017-09-30,3898666000,2017-11-19,StockholdersEquity,2026-08-27
ATO,netIncome,2017-09-30,35853000,2017-11-19,NetIncomeLoss,2026-08-27
ATO,operatingIncome,2017-09-30,91792000,2017-11-19,OperatingIncomeLoss,2026-08-27
ATO,receivables,2017-09-30,222263000,2017-11-19,AccountsReceivableNetCurrent,2026-08-27
ATO,shares,2017-09-30,106104634,2017-11-19,CommonStockSharesOutstanding,2026-08-27
AVGO,cash,2017-07-30,5249000000,2017-09-18,CashAndCashEquivalentsAtCarryingValue,2026-08-27
AVGO,grossProfit,2017-07-30,2149000000,2017-09-18,GrossProfit,2026-08-27
AVGO,netIncome,2017-07-30,481000000,2017-09-18,NetIncomeLoss,2026-08-27
AVGO,operatingIncome,2017-07-30,648000000,2017-09-18,OperatingIncomeLoss,2026-08-27
AVGO,revenue,2017-07-30,4463000000,2017-09-18,Revenues,2026-08-27
AVGO,rnd,2017-07-30,827000000,2017-09-18,ResearchAndDevelopmentExpense,2026-08-27
AVY,assets,2017-09-30,5270000000,2017-11-19,Assets,2026-08-27
AVY,cash,2017-09-30,232300000,2017-11-19,CashAndCashEquivalentsAtCarryingValue,2026-08-27
AVY,equity,2017-09-30,1134900000,2017-11-19,StockholdersEquity,2026-08-27
AVY,grossProfit,2017-09-30,451600000,2017-11-19,GrossProfit,2026-08-27
AVY,inventory,2017-09-30,620000000,2017-11-19,InventoryNet,2026-08-27
AVY,netIncome,2017-09-30,108300000,2017-11-19,NetIncomeLoss,2026-08-27
AVY,receivables,2017-09-30,1184800000,2017-11-19,AccountsReceivableNetCurrent,2026-08-27
AVY,revenue,2017-09-30,1679500000,2017-11-19,Revenues,2026-08-27
AVY,shares,2017-09-30,88080629,2017-11-19,CommonStockSharesOutstanding,2026-08-27
AWK,assets,2017-09-30,19361000000,2017-11-19,Assets,2026-08-27
AWK,capex,2017-09-30,362000000,2017-11-19,PaymentsToAcquirePropertyPlantAndEquipment,2026-08-27
AWK,cash,2017-09-30,93000000,2017-11-19,CashAndCashEquivalentsAtCarryingValue,2026-08-27
AWK,equity,2017-09-30,5518000000,2017-11-19,StockholdersEquity,2026-08-27
AWK,netIncome,2017-09-30,203000000,2017-11-19,NetIncomeLoss,2026-08-27
AWK,operatingIncome,2017-09-30,432000000,2017-11-19,OperatingIncomeLoss,2026-08-27
AWK,receivables,2017-09-30,312000000,2017-11-19,AccountsReceivableNetCurrent,2026-08-27
AXON,assets,2017-09-30,327607000,2017-11-19,Assets,2026-08-27
AXON,capex,2017-09-30,3331000,2017-11-19,PaymentsToAcquirePropertyPlantAndEquipment,2026-08-27
AXON,cash,2017-09-30,43471000,2017-11-19,CashAndCashEquivalentsAtCarryingValue,2026-08-27
AXON,equity,2017-09-30,166080000,2017-11-19,StockholdersEquity,2026-08-27
AXON,grossProfit,2017-09-30,49765000,2017-11-19,GrossProfit,2026-08-27
AXON,inventory,2017-09-30,52692000,2017-11-19,InventoryNet,2026-08-27
AXON,liabilities,2017-09-30,161527000,2017-11-19,Liabilities,2026-08-27
AXON,netIncome,2017-09-30,422000,2017-11-19,NetIncomeLoss,2026-08-27
AXON,operatingIncome,2017-09-30,-799000,2017-11-19,OperatingIncomeLoss,2026-08-27
AXON,revenue,2017-09-30,90262000,2017-11-19,RevenueFromContractWithCustomerExcludingAssessedTax,2026-08-27
AXON,rnd,2017-09-30,14166000,2017-11-19,ResearchAndDevelopmentExpense,2026-08-27
AXON,shares,2017-09-30,52853920,2017-11-19,CommonStockSharesOutstanding,2026-08-27
AXP,assets,2017-09-30,169000000000,2017-11-19,Assets,2026-08-27
AXP,debt,2017-09-30,48762000000,2017-11-19,LongTermDebt,2026-08-27
AXP,equity,2017-09-30,21085000000,2017-11-19,StockholdersEquity,2026-08-27
AXP,liabilities,2017-09-30,147492000000,2017-11-19,Liabilities,2026-08-27
AXP,netIncome,2017-09-30,1359000000,2017-11-19,NetIncomeLoss,2026-08-27
AXP,revenue,2017-09-30,6172000000,2017-11-19,RevenueFromContractWithCustomerExcludingAssessedTax,2026-08-27
AXP,shares,2017-09-30,871000000,2017-11-19,CommonStockSharesOutstanding,2026-08-27
AZO,assets,2017-08-26,9259781000,2017-10-15,Assets,2026-08-27
AZO,cash,2017-08-26,293270000,2017-10-15,CashAndCashEquivalentsAtCarryingValue,2026-08-27
AZO,debt,2017-08-26,5081238000,2017-10-15,LongTermDebtNoncurrent,2026-08-27
AZO,equity,2017-08-26,-1428377000,2017-10-15,StockholdersEquity,2026-08-27
AZO,grossProfit,2017-08-26,1854125000,2017-10-15,GrossProfit,2026-08-27
AZO,netIncome,2017-08-26,433899000,2017-10-15,NetIncomeLoss,2026-08-27
AZO,operatingIncome,2017-08-26,707628000,2017-10-15,OperatingIncomeLoss,2026-08-27
AZO,receivables,2017-08-26,280733000,2017-10-15,AccountsReceivableNetCurrent,2026-08-27
AZO,revenue,2017-08-26,3512605000,2017-10-15,Revenues,2026-08-27
AZO,shares,2017-08-26,27833000,2017-10-15,CommonStockSharesOutstanding,2026-08-27
BA,assets,2017-09-30,91007000000,2017-11-19,Assets,2026-08-27
BA,cash,2017-09-30,8569000000,2017-11-19,CashAndCashEquivalentsAtCarryingValue,2026-08-27
BA,equity,2017-09-30,1086000000,2017-11-19,StockholdersEquity,2026-08-27
BA,grossProfit,2017-09-30,4267000000,2017-11-19,GrossProfit,2026-08-27
BA,netIncome,2017-09-30,1810000000,2017-11-19,NetIncomeLoss,2026-08-27
BA,operatingIncome,2017-09-30,2630000000,2017-11-19,OperatingIncomeLoss,2026-08-27
BA,receivables,2017-09-30,10644000000,2017-11-19,AccountsReceivableNetCurrent,2026-08-27
BA,revenue,2017-09-30,24223000000,2017-11-19,Revenues,2026-08-27
BA,rnd,2017-09-30,768000000,2017-11-19,ResearchAndDevelopmentExpense,2026-08-27
BAC,assets,2017-09-30,2284174000000,2017-11-19,Assets,2026-08-27
BAC,cash,2017-09-30,172381000000,2017-11-19,CashAndCashEquivalentsAtCarryingValue,2026-08-27
BAC,debt,2017-09-30,228666000000,2017-11-19,LongTermDebt,2026-08-27
BAC,equity,2017-09-30,271969000000,2017-11-19,StockholdersEquity,2026-08-27
BAC,liabilities,2017-09-30,2011437000000,2017-11-19,Liabilities,2026-08-27
BAC,netIncome,2017-09-30,5424000000,2017-11-19,NetIncomeLoss,2026-08-27
BAC,revenue,2017-09-30,21839000000,2017-11-19,Revenues,2026-08-27
BAC,shares,2017-09-30,10457473674,2017-11-19,CommonStockSharesOutstanding,2026-08-27
BALL,assets,2017-09-30,17003000000,2017-11-19,Assets,2026-08-27
BALL,cash,2017-09-30,556000000,2017-11-19,CashAndCashEquivalentsAtCarryingValue,2026-08-27
BALL,debt,2017-09-30,7104000000,2017-11-19,LongTermDebtNoncurrent,2026-08-27
BALL,equity,2017-09-30,3529000000,2017-11-19,StockholdersEquity,2026-08-27
BALL,grossProfit,2017-09-30,455000000,2017-11-19,GrossProfit,2026-08-27
BALL,inventory,2017-09-30,1433000000,2017-11-19,InventoryNet,2026-08-27
BALL,liabilities,2017-09-30,13365000000,2017-11-19,Liabilities,2026-08-27
BALL,operatingIncome,2017-09-30,124000000,2017-11-19,OperatingIncomeLoss,2026-08-27
BALL,receivables,2017-09-30,1425000000,2017-11-19,AccountsReceivableNetCurrent,2026-08-27
BALL,revenue,2017-09-30,2908000000,2017-11-19,SalesRevenueNet,2026-08-27
BAX,assets,2017-09-30,17541000000,2017-11-19,Assets,2026-08-27
BAX,cash,2017-09-30,3517000000,2017-11-19,CashAndCashEquivalentsAtCarryingValue,2026-08-27
BAX,equity,2017-09-30,9466000000,2017-11-19,StockholdersEquity,2026-08-27
BAX,grossProfit,2017-09-30,1130000000,2017-11-19,GrossProfit,2026-08-27
BAX,inventory,2017-09-30,1550000000,2017-11-19,InventoryNet,2026-08-27
BAX,netIncome,2017-09-30,251000000,2017-11-19,NetIncomeLoss,2026-08-27
BAX,operatingIncome,2017-09-30,300000000,2017-11-19,OperatingIncomeLoss,2026-08-27
BAX,revenue,2017-09-30,2707000000,2017-11-19,RevenueFromContractWithCustomerExcludingAssessedTax,2026-08-27
BAX,rnd,2017-09-30,150000000,2017-11-19,ResearchAndDevelopmentExpense,2026-08-27
BBY,assets,2017-07-29,13444000000,2017-09-17,Assets,2026-08-27
BBY,cash,2017-07-29,1365000000,2017-09-17,CashAndCashEquivalentsAtCarryingValue,2026-08-27
BBY,equity,2017-07-29,4347000000,2017-09-17,StockholdersEquity,2026-08-27
BBY,grossProfit,2017-07-29,2153000000,2017-09-17,GrossProfit,2026-08-27
BBY,inventory,2017-07-29,5167000000,2017-09-17,InventoryNet,2026-08-27
BBY,netIncome,2017-07-29,209000000,2017-09-17,NetIncomeLoss,2026-08-27
BBY,operatingIncome,2017-07-29,321000000,2017-09-17,OperatingIncomeLoss,2026-08-27
BBY,revenue,2017-07-29,8940000000,2017-09-17,Revenues,2026-08-27
BBY,shares,2017-07-29,300000000,2017-09-17,CommonStockSharesOutstanding,2026-08-27
BDX,assets,2017-09-30,37734000000,2017-11-19,Assets,2026-08-27
BDX,cash,2017-09-30,14179000000,2017-11-19,CashAndCashEquivalentsAtCarryingValue,2026-08-27
BDX,debt,2017-09-30,18667000000,2017-11-19,LongTermDebtNoncurrent,2026-08-27
BDX,equity,2017-09-30,12948000000,2017-11-19,StockholdersEquity,2026-08-27
BDX,grossProfit,2017-09-30,1554000000,2017-11-19,GrossProfit,2026-08-27
BDX,inventory,2017-09-30,1818000000,2017-11-19,InventoryNet,2026-08-27
BDX,netIncome,2017-09-30,327000000,2017-11-19,NetIncomeLoss,2026-08-27
BDX,receivables,2017-09-30,1744000000,2017-11-19,AccountsReceivableNetCurrent,2026-08-27
BDX,revenue,2017-09-30,3166000000,2017-11-19,Revenues,2026-08-27
BEN,assets,2017-09-30,17534000000,2017-11-19,Assets,2026-08-27
BEN,cash,2017-09-30,8749700000,2017-11-19,CashAndCashEquivalentsAtCarryingValue,2026-08-27
BEN,debt,2017-09-30,1044200000,2017-11-19,LongTermDebt,2026-08-27
BEN,equity,2017-09-30,12620000000,2017-11-19,StockholdersEquity,2026-08-27
BEN,liabilities,2017-09-30,2656300000,2017-11-19,Liabilities,2026-08-27
BEN,shares,2017-09-30,554865343,2017-11-19,CommonStockSharesOutstanding,2026-08-27
BF-B,assets,2017-07-31,4802000000,2017-09-19,Assets,2026-08-27
BF-B,buybacks,2017-07-31,1000000,2017-09-19,PaymentsForRepurchaseOfCommonStock,2026-08-27
BF-B,capex,2017-07-31,28000000,2017-09-19,PaymentsToAcquirePropertyPlantAndEquipment,2026-08-27
BF-B,cash,2017-07-31,212000000,2017-09-19,CashAndCashEquivalentsAtCarryingValue,2026-08-27
BF-B,debt,2017-07-31,1720000000,2017-09-19,LongTermDebtNoncurrent,2026-08-27
BF-B,equity,2017-07-31,1420000000,2017-09-19,StockholdersEquity,2026-08-27
BF-B,grossProfit,2017-07-31,493000000,2017-09-19,GrossProfit,2026-08-27
BF-B,inventory,2017-07-31,1337000000,2017-09-19,InventoryNet,2026-08-27
BF-B,liabilities,2017-07-31,3382000000,2017-09-19,Liabilities,2026-08-27
BF-B,netIncome,2017-07-31,178000000,2017-09-19,NetIncomeLoss,2026-08-27
BF-B,operatingCashFlow,2017-07-31,105000000,2017-09-19,NetCashProvidedByUsedInOperatingActivities,2026-08-27
BF-B,operatingIncome,2017-07-31,246000000,2017-09-19,OperatingIncomeLoss,2026-08-27
BF-B,receivables,2017-07-31,576000000,2017-09-19,AccountsReceivableNetCurrent,2026-08-27
BF-B,revenue,2017-07-31,723000000,2017-09-19,RevenueFromContractWithCustomerExcludingAssessedTax,2026-08-27
BIIB,assets,2017-09-30,23073200000,2017-11-19,Assets,2026-08-27
BIIB,cash,2017-09-30,1548100000,2017-11-19,CashAndCashEquivalentsAtCarryingValue,2026-08-27
BIIB,debt,2017-09-30,5938300000,2017-11-19,LongTermDebt,2026-08-27
BIIB,equity,2017-09-30,12860500000,2017-11-19,StockholdersEquity,2026-08-27
BIIB,grossProfit,2017-09-30,2707800000,2017-11-19,GrossProfit,2026-08-27
BIIB,inventory,2017-09-30,1007200000,2017-11-19,InventoryNet,2026-08-27
BIIB,liabilities,2017-09-30,10224300000,2017-11-19,Liabilities,2026-08-27
BIIB,netIncome,2017-09-30,1226100000,2017-11-19,NetIncomeLoss,2026-08-27
BIIB,operatingIncome,2017-09-30,1653900000,2017-11-19,OperatingIncomeLoss,2026-08-27
BIIB,receivables,2017-09-30,1567500000,2017-11-19,AccountsReceivableNetCurrent,2026-08-27
BIIB,revenue,2017-09-30,3077800000,2017-11-19,Revenues,2026-08-27
BKNG,assets,2017-09-30,25789111000,2017-11-19,Assets,2026-08-27
BKNG,cash,2017-09-30,2846300000,2017-11-19,CashAndCashEquivalentsAtCarryingValue,2026-08-27
BKNG,debt,2017-09-30,8726679000,2017-11-19,LongTermDebtNoncurrent,2026-08-27
BKNG,equity,2017-09-30,12876994000,2017-11-19,StockholdersEquity,2026-08-27
BKNG,grossProfit,2017-09-30,4380000000,2017-11-19,GrossProfit,2026-08-27
BKNG,liabilities,2017-09-30,12902716000,2017-11-19,Liabilities,2026-08-27
BKNG,operatingIncome,2017-09-30,2101801000,2017-11-19,OperatingIncomeLoss,2026-08-27
BKNG,receivables,2017-09-30,1437762000,2017-11-19,AccountsReceivableNetCurrent,2026-08-27
BKNG,revenue,2017-09-30,4434000000,2017-11-19,Revenues,2026-08-27
BKR,assets,2017-09-30,54810000000,2017-11-19,Assets,2026-08-27
BKR,cash,2017-09-30,4777000000,2017-11-19,CashAndCashEquivalentsAtCarryingValue,2026-08-27
BKR,debt,2017-09-30,27000000,2017-11-19,LongTermDebt,2026-08-27
BKR,equity,2017-09-30,14985000000,2017-11-19,StockholdersEquity,2026-08-27
BKR,grossProfit,2017-09-30,952000000,2017-11-19,GrossProfit,2026-08-27
BKR,inventory,2017-09-30,5309000000,2017-11-19,InventoryNet,2026-08-27
BKR,netIncome,2017-09-30,-134000000,2017-11-19,NetIncomeLoss,2026-08-27
BKR,operatingIncome,2017-09-30,-193000000,2017-11-19,OperatingIncomeLoss,2026-08-27
BKR,revenue,2017-09-30,5301000000,2017-11-19,RevenueFromContractWithCustomerExcludingAssessedTax,2026-08-27
BKR,rnd,2017-09-30,162000000,2017-11-19,ResearchAndDevelopmentExpense,2026-08-27
BLDR,assets,2017-09-30,3093045000,2017-11-19,Assets,2026-08-27
BLDR,cash,2017-09-30,9337000,2017-11-19,CashAndCashEquivalentsAtCarryingValue,2026-08-27
BLDR,equity,2017-09-30,412005000,2017-11-19,StockholdersEquity,2026-08-27
BLDR,grossProfit,2017-09-30,459322000,2017-11-19,GrossProfit,2026-08-27
BLDR,inventory,2017-09-30,627238000,2017-11-19,InventoryNet,2026-08-27
BLDR,liabilities,2017-09-30,2681040000,2017-11-19,Liabilities,2026-08-27
BLDR,netIncome,2017-09-30,39750000,2017-11-19,NetIncomeLoss,2026-08-27
BLDR,operatingIncome,2017-09-30,88684000,2017-11-19,OperatingIncomeLoss,2026-08-27
BLDR,receivables,2017-09-30,724007000,2017-11-19,AccountsReceivableNetCurrent,2026-08-27
BLDR,revenue,2017-09-30,1878909000,2017-11-19,RevenueFromContractWithCustomerExcludingAssessedTax,2026-08-27
BLDR,shares,2017-09-30,112931000,2017-11-19,CommonStockSharesOutstanding,2026-08-27
BMY,assets,2017-09-30,33977000000,2017-11-19,Assets,2026-08-27
BMY,cash,2017-09-30,4644000000,2017-11-19,CashAndCashEquivalentsAtCarryingValue,2026-08-27
BMY,debt,2017-09-30,6982000000,2017-11-19,LongTermDebtNoncurrent,2026-08-27
BMY,equity,2017-09-30,14783000000,2017-11-19,StockholdersEquity,2026-08-27
BMY,grossProfit,2017-09-30,3675000000,2017-11-19,GrossProfit,2026-08-27
BMY,inventory,2017-09-30,1250000000,2017-11-19,InventoryNet,2026-08-27
BMY,liabilities,2017-09-30,19063000000,2017-11-19,Liabilities,2026-08-27
BMY,netIncome,2017-09-30,845000000,2017-11-19,NetIncomeLoss,2026-08-27
BMY,receivables,2017-09-30,4332000000,2017-11-19,AccountsReceivableNetCurrent,2026-08-27
BMY,revenue,2017-09-30,5254000000,2017-11-19,Revenues,2026-08-27
BMY,rnd,2017-09-30,1561000000,2017-11-19,ResearchAndDevelopmentExpense,2026-08-27
BNY,assets,2017-09-30,354397000000,2017-11-19,Assets,2026-08-27
BNY,cash,2017-09-30,5557000000,2017-11-19,CashAndCashEquivalentsAtCarryingValue,2026-08-27
BNY,equity,2017-09-30,40523000000,2017-11-19,StockholdersEquity,2026-08-27
BNY,liabilities,2017-09-30,313293000000,2017-11-19,Liabilities,2026-08-27
BNY,netIncome,2017-09-30,1018000000,2017-11-19,NetIncomeLoss,2026-08-27
BR,assets,2017-09-30,3224500000,2017-11-19,Assets,2026-08-27
BR,buybacks,2017-09-30,2300000,2017-11-19,PaymentsForRepurchaseOfCommonStock,2026-08-27
BR,capex,2017-09-30,29700000,2017-11-19,PaymentsToAcquirePropertyPlantAndEquipment,2026-08-27
BR,cash,2017-09-30,288800000,2017-11-19,CashAndCashEquivalentsAtCarryingValue,2026-08-27
BR,debt,2017-09-30,1292400000,2017-11-19,LongTermDebtNoncurrent,2026-08-27
BR,equity,2017-09-30,1037900000,2017-11-19,StockholdersEquity,2026-08-27
BR,equityStakes,2017-09-30,1500000,2017-11-19,PaymentsToAcquireEquityMethodInvestments,2026-08-27
BR,grossProfit,2017-09-30,198800000,2017-11-19,GrossProfit,2026-08-27
BR,liabilities,2017-09-30,2186600000,2017-11-19,Liabilities,2026-08-27
BR,netIncome,2017-09-30,49900000,2017-11-19,NetIncomeLoss,2026-08-27
BR,operatingCashFlow,2017-09-30,-93300000,2017-11-19,NetCashProvidedByUsedInOperatingActivities,2026-08-27
BR,operatingIncome,2017-09-30,85200000,2017-11-19,OperatingIncomeLoss,2026-08-27
BR,revenue,2017-09-30,924800000,2017-11-19,Revenues,2026-08-27
BR,shares,2017-09-30,116500000,2017-11-19,CommonStockSharesOutstanding,2026-08-27
BRK-B,assets,2017-09-30,681554000000,2017-11-19,Assets,2026-08-27
BRK-B,cash,2017-09-30,42706000000,2017-11-19,CashAndCashEquivalentsAtCarryingValue,2026-08-27
BRK-B,equity,2017-09-30,308278000000,2017-11-19,StockholdersEquity,2026-08-27
BRK-B,inventory,2017-09-30,16931000000,2017-11-19,InventoryNet,2026-08-27
BRK-B,liabilities,2017-09-30,369702000000,2017-11-19,Liabilities,2026-08-27
BRK-B,netIncome,2017-09-30,4067000000,2017-11-19,NetIncomeLoss,2026-08-27
BRK-B,revenue,2017-09-30,59507000000,2017-11-19,Revenues,2026-08-27
BRO,assets,2017-09-30,7414277000,2017-11-19,Assets,2026-08-27
BRO,capex,2017-09-30,4049000,2017-11-19,PaymentsToAcquirePropertyPlantAndEquipment,2026-08-27
BRO,cash,2017-09-30,546520000,2017-11-19,CashAndCashEquivalentsAtCarryingValue,2026-08-27
BRO,debt,2017-09-30,860741000,2017-11-19,LongTermDebtNoncurrent,2026-08-27
BRO,equity,2017-09-30,2483647000,2017-11-19,StockholdersEquity,2026-08-27
BRO,netIncome,2017-09-30,75913000,2017-11-19,NetIncomeLoss,2026-08-27
BRO,revenue,2017-09-30,475646000,2017-11-19,Revenues,2026-08-27
BRO,shares,2017-09-30,139517992,2017-11-19,CommonStockSharesOutstanding,2026-08-27
BSX,assets,2017-09-30,18636000000,2017-11-19,Assets,2026-08-27
BSX,cash,2017-09-30,210000000,2017-11-19,CashAndCashEquivalentsAtCarryingValue,2026-08-27
BSX,debt,2017-09-30,4416000000,2017-11-19,LongTermDebt,2026-08-27
BSX,grossProfit,2017-09-30,1585000000,2017-11-19,GrossProfit,2026-08-27
BSX,inventory,2017-09-30,1077000000,2017-11-19,InventoryNet,2026-08-27
BSX,operatingIncome,2017-09-30,377000000,2017-11-19,OperatingIncomeLoss,2026-08-27
BSX,revenue,2017-09-30,2216000000,2017-11-19,Revenues,2026-08-27
BSX,shares,2017-09-30,1372735769,2017-11-19,CommonStockSharesOutstanding,2026-08-27
BX,assets,2017-09-30,31761987000,2017-11-19,Assets,2026-08-27
BX,cash,2017-09-30,1315687000,2017-11-19,CashAndCashEquivalentsAtCarryingValue,2026-08-27
BX,debt,2017-09-30,12909158000,2017-11-19,LongTermDebt,2026-08-27
BX,liabilities,2017-09-30,18300365000,2017-11-19,Liabilities,2026-08-27
BX,netIncome,2017-09-30,377920000,2017-11-19,NetIncomeLoss,2026-08-27
BX,revenue,2017-09-30,1735358000,2017-11-19,Revenues,2026-08-27
BXP,assets,2017-09-30,19308518000,2017-11-19,Assets,2026-08-27
BXP,cash,2017-09-30,434767000,2017-11-19,CashAndCashEquivalentsAtCarryingValue,2026-08-27
BXP,equity,2017-09-30,5825218000,2017-11-19,StockholdersEquity,2026-08-27
BXP,liabilities,2017-09-30,11208823000,2017-11-19,Liabilities,2026-08-27
BXP,netIncome,2017-09-30,117337000,2017-11-19,NetIncomeLoss,2026-08-27
BXP,operatingIncome,2017-09-30,233729000,2017-11-19,OperatingIncomeLoss,2026-08-27
BXP,revenue,2017-09-30,657712000,2017-11-19,Revenues,2026-08-27
BXP,shares,2017-09-30,154322266,2017-11-19,CommonStockSharesOutstanding,2026-08-27
C,assets,2017-09-30,1889133000000,2017-11-19,Assets,2026-08-27
C,cash,2017-09-30,186109000000,2017-11-19,CashAndCashEquivalentsAtCarryingValue,2026-08-27
C,debt,2017-09-30,232673000000,2017-11-19,LongTermDebt,2026-08-27
C,equity,2017-09-30,227634000000,2017-11-19,StockholdersEquity,2026-08-27
C,liabilities,2017-09-30,1660511000000,2017-11-19,Liabilities,2026-08-27
C,netIncome,2017-09-30,4133000000,2017-11-19,NetIncomeLoss,2026-08-27
C,revenue,2017-09-30,18419000000,2017-11-19,Revenues,2026-08-27
CAH,assets,2017-09-30,41940000000,2017-11-19,Assets,2026-08-27
CAH,buybacks,2017-09-30,150000000,2017-11-19,PaymentsForRepurchaseOfCommonStock,2026-08-27
CAH,capex,2017-09-30,67000000,2017-11-19,PaymentsToAcquirePropertyPlantAndEquipment,2026-08-27
CAH,cash,2017-09-30,1181000000,2017-11-19,CashAndCashEquivalentsAtCarryingValue,2026-08-27
CAH,equity,2017-09-30,6678000000,2017-11-19,StockholdersEquity,2026-08-27
CAH,grossProfit,2017-09-30,1672000000,2017-11-19,GrossProfit,2026-08-27
CAH,inventory,2017-09-30,12121000000,2017-11-19,InventoryNet,2026-08-27
CAH,netIncome,2017-09-30,115000000,2017-11-19,NetIncomeLoss,2026-08-27
CAH,operatingCashFlow,2017-09-30,1181000000,2017-11-19,NetCashProvidedByUsedInOperatingActivities,2026-08-27
CAH,operatingIncome,2017-09-30,262000000,2017-11-19,OperatingIncomeLoss,2026-08-27
CAH,revenue,2017-09-30,32641000000,2017-11-19,Revenues,2026-08-27
CASY,assets,2017-07-31,3157481000,2017-09-19,Assets,2026-08-27
CASY,buybacks,2017-07-31,77878000,2017-09-19,PaymentsForRepurchaseOfCommonStock,2026-08-27
CASY,capex,2017-07-31,91548000,2017-09-19,PaymentsToAcquirePropertyPlantAndEquipment,2026-08-27
CASY,cash,2017-07-31,159101000,2017-09-19,CashAndCashEquivalentsAtCarryingValue,2026-08-27
CASY,debt,2017-07-31,1057238000,2017-09-19,LongTermDebtNoncurrent,2026-08-27
CASY,equity,2017-07-31,1166512000,2017-09-19,StockholdersEquity,2026-08-27
CASY,grossProfit,2017-07-31,476697000,2017-09-19,GrossProfit,2026-08-27
CASY,inventory,2017-07-31,225973000,2017-09-19,InventoryNet,2026-08-27
CASY,liabilities,2017-07-31,1990969000,2017-09-19,Liabilities,2026-08-27
CASY,netIncome,2017-07-31,56758000,2017-09-19,NetIncomeLoss,2026-08-27
CASY,operatingCashFlow,2017-07-31,117139000,2017-09-19,NetCashProvidedByUsedInOperatingActivities,2026-08-27
CASY,revenue,2017-07-31,2093739000,2017-09-19,Revenues,2026-08-27
CAT,assets,2017-09-30,78560000000,2017-11-19,Assets,2026-08-27
CAT,grossProfit,2017-09-30,3035000000,2017-11-19,GrossProfit,2026-08-27
CAT,inventory,2017-09-30,10212000000,2017-11-19,InventoryNet,2026-08-27
CAT,liabilities,2017-09-30,62863000000,2017-11-19,Liabilities,2026-08-27
CAT,operatingIncome,2017-09-30,1509000000,2017-11-19,OperatingIncomeLoss,2026-08-27
CAT,receivables,2017-09-30,6691000000,2017-11-19,AccountsReceivableNetCurrent,2026-08-27
CAT,revenue,2017-09-30,11413000000,2017-11-19,Revenues,2026-08-27
CAT,rnd,2017-09-30,461000000,2017-11-19,ResearchAndDevelopmentExpense,2026-08-27
CAT,shares,2017-09-30,594900000,2017-11-19,CommonStockSharesOutstanding,2026-08-27
CB,assets,2017-09-30,167578000000,2017-11-19,Assets,2026-08-27
CB,cash,2017-09-30,1088000000,2017-11-19,CashAndCashEquivalentsAtCarryingValue,2026-08-27
CB,debt,2017-09-30,11559000000,2017-11-19,LongTermDebt,2026-08-27
CB,equity,2017-09-30,50471000000,2017-11-19,StockholdersEquity,2026-08-27
CB,liabilities,2017-09-30,117107000000,2017-11-19,Liabilities,2026-08-27
CB,netIncome,2017-09-30,-70000000,2017-11-19,NetIncomeLoss,2026-08-27
CB,revenue,2017-09-30,8610000000,2017-11-19,Revenues,2026-08-27
CB,shares,2017-09-30,464158519,2017-11-19,CommonStockSharesOutstanding,2026-08-27
CBOE,assets,2017-09-30,5228100000,2017-11-19,Assets,2026-08-27
CBOE,cash,2017-09-30,124800000,2017-11-19,CashAndCashEquivalentsAtCarryingValue,2026-08-27
CBOE,debt,2017-09-30,1312400000,2017-11-19,LongTermDebtNoncurrent,2026-08-27
CBOE,equity,2017-09-30,2877900000,2017-11-19,StockholdersEquity,2026-08-27
CBOE,grossProfit,2017-09-30,269700000,2017-11-19,GrossProfit,2026-08-27
CBOE,netIncome,2017-09-30,60500000,2017-11-19,NetIncomeLoss,2026-08-27
CBOE,operatingIncome,2017-09-30,119300000,2017-11-19,OperatingIncomeLoss,2026-08-27
CBOE,receivables,2017-09-30,195800000,2017-11-19,AccountsReceivableNetCurrent,2026-08-27
CBOE,revenue,2017-09-30,611400000,2017-11-19,Revenues,2026-08-27
CBOE,shares,2017-09-30,113457824,2017-11-19,CommonStockSharesOutstanding,2026-08-27
CBRE,assets,2017-09-30,11652014000,2017-11-19,Assets,2026-08-27
CBRE,cash,2017-09-30,955605000,2017-11-19,CashAndCashEquivalentsAtCarryingValue,2026-08-27
CBRE,debt,2017-09-30,2551568000,2017-11-19,LongTermDebtNoncurrent,2026-08-27
CBRE,equity,2017-09-30,3795470000,2017-11-19,StockholdersEquity,2026-08-27
CBRE,liabilities,2017-09-30,7800178000,2017-11-19,Liabilities,2026-08-27
CBRE,netIncome,2017-09-30,199088000,2017-11-19,NetIncomeLoss,2026-08-27
CBRE,operatingIncome,2017-09-30,238956000,2017-11-19,OperatingIncomeLoss,2026-08-27
CBRE,receivables,2017-09-30,2843126000,2017-11-19,AccountsReceivableNetCurrent,2026-08-27
CBRE,revenue,2017-09-30,4638596000,2017-11-19,Revenues,2026-08-27
CBRE,shares,2017-09-30,339459138,2017-11-19,CommonStockSharesOutstanding,2026-08-27
CCI,assets,2017-09-30,31011756000,2017-11-19,Assets,2026-08-27
CCI,cash,2017-09-30,6719134000,2017-11-19,CashAndCashEquivalentsAtCarryingValue,2026-08-27
CCI,liabilities,2017-09-30,18339424000,2017-11-19,Liabilities,2026-08-27
CCI,netIncome,2017-09-30,115000000,2017-11-19,NetIncomeLoss,2026-08-27
CCI,operatingIncome,2017-09-30,261000000,2017-11-19,OperatingIncomeLoss,2026-08-27
CCI,receivables,2017-09-30,317856000,2017-11-19,AccountsReceivableNetCurrent,2026-08-27
CCI,revenue,2017-09-30,1063000000,2017-11-19,Revenues,2026-08-27
CCI,shares,2017-09-30,406274802,2017-11-19,CommonStockSharesOutstanding,2026-08-27
CCL,assets,2017-08-31,40643000000,2017-10-20,Assets,2026-08-27
CCL,cash,2017-08-31,489000000,2017-10-20,CashAndCashEquivalentsAtCarryingValue,2026-08-27
CCL,debt,2017-08-31,7723000000,2017-10-20,LongTermDebtNoncurrent,2026-08-27
CCL,equity,2017-08-31,24172000000,2017-10-20,StockholdersEquity,2026-08-27
CCL,inventory,2017-08-31,357000000,2017-10-20,InventoryNet,2026-08-27
CCL,netIncome,2017-08-31,1329000000,2017-10-20,NetIncomeLoss,2026-08-27
CCL,operatingIncome,2017-08-31,1393000000,2017-10-20,OperatingIncomeLoss,2026-08-27
CCL,revenue,2017-08-31,5515000000,2017-10-20,Revenues,2026-08-27
CDNS,assets,2017-09-30,2305227000,2017-11-19,Assets,2026-08-27
CDNS,cash,2017-09-30,678284000,2017-11-19,CashAndCashEquivalentsAtCarryingValue,2026-08-27
CDNS,equity,2017-09-30,1010740000,2017-11-19,StockholdersEquity,2026-08-27
CDNS,inventory,2017-09-30,36000000,2017-11-19,InventoryNet,2026-08-27
CDNS,netIncome,2017-09-30,81157000,2017-11-19,NetIncomeLoss,2026-08-27
CDNS,operatingIncome,2017-09-30,80385000,2017-11-19,OperatingIncomeLoss,2026-08-27
CDNS,revenue,2017-09-30,485398000,2017-11-19,RevenueFromContractWithCustomerExcludingAssessedTax,2026-08-27
CDW,assets,2017-09-30,7101800000,2017-11-19,Assets,2026-08-27
CDW,cash,2017-09-30,97900000,2017-11-19,CashAndCashEquivalentsAtCarryingValue,2026-08-27
CDW,debt,2017-09-30,3388400000,2017-11-19,LongTermDebtNoncurrent,2026-08-27
CDW,equity,2017-09-30,806500000,2017-11-19,StockholdersEquity,2026-08-27
CDW,grossProfit,2017-09-30,642200000,2017-11-19,GrossProfit,2026-08-27
CDW,inventory,2017-09-30,549000000,2017-11-19,InventoryNet,2026-08-27
CDW,netIncome,2017-09-30,129300000,2017-11-19,NetIncomeLoss,2026-08-27
CDW,operatingIncome,2017-09-30,244000000,2017-11-19,OperatingIncomeLoss,2026-08-27
CDW,receivables,2017-09-30,2311300000,2017-11-19,AccountsReceivableNetCurrent,2026-08-27
CDW,revenue,2017-09-30,3933200000,2017-11-19,RevenueFromContractWithCustomerExcludingAssessedTax,2026-08-27
CDW,shares,2017-09-30,152900000,2017-11-19,CommonStockSharesOutstanding,2026-08-27
CF,assets,2017-09-30,14857000000,2017-11-19,Assets,2026-08-27
CF,cash,2017-09-30,1992000000,2017-11-19,CashAndCashEquivalentsAtCarryingValue,2026-08-27
CF,debt,2017-09-30,4988000000,2017-11-19,LongTermDebtNoncurrent,2026-08-27
CF,equity,2017-09-30,3167000000,2017-11-19,StockholdersEquity,2026-08-27
CF,grossProfit,2017-09-30,11000000,2017-11-19,GrossProfit,2026-08-27
CF,inventory,2017-09-30,316000000,2017-11-19,InventoryNet,2026-08-27
CF,operatingIncome,2017-09-30,-37000000,2017-11-19,OperatingIncomeLoss,2026-08-27
CF,revenue,2017-09-30,870000000,2017-11-19,Revenues,2026-08-27
CFG,assets,2017-09-30,151356000000,2017-11-19,Assets,2026-08-27
CFG,cash,2017-09-30,2120000000,2017-11-19,CashAndCashEquivalentsAtCarryingValue,2026-08-27
CFG,debt,2017-09-30,13400000000,2017-11-19,LongTermDebt,2026-08-27
CFG,equity,2017-09-30,20109000000,2017-11-19,StockholdersEquity,2026-08-27
CFG,liabilities,2017-09-30,131247000000,2017-11-19,Liabilities,2026-08-27
CFG,netIncome,2017-09-30,348000000,2017-11-19,NetIncomeLoss,2026-08-27
CFG,revenue,2017-09-30,1443000000,2017-11-19,Revenues,2026-08-27
CFG,shares,2017-09-30,499505285,2017-11-19,CommonStockSharesOutstanding,2026-08-27
CHD,assets,2017-09-30,5952800000,2017-11-19,Assets,2026-08-27
CHD,cash,2017-09-30,236500000,2017-11-19,CashAndCashEquivalentsAtCarryingValue,2026-08-27
CHD,debt,2017-09-30,2104100000,2017-11-19,LongTermDebtNoncurrent,2026-08-27
CHD,grossProfit,2017-09-30,438500000,2017-11-19,GrossProfit,2026-08-27
CHD,inventory,2017-09-30,336100000,2017-11-19,InventoryNet,2026-08-27
CHD,liabilities,2017-09-30,3999700000,2017-11-19,Liabilities,2026-08-27
CHD,operatingIncome,2017-09-30,198700000,2017-11-19,OperatingIncomeLoss,2026-08-27
CHD,receivables,2017-09-30,377900000,2017-11-19,AccountsReceivableNetCurrent,2026-08-27
CHD,revenue,2017-09-30,967900000,2017-11-19,RevenueFromContractWithCustomerExcludingAssessedTax,2026-08-27
CHD,rnd,2017-09-30,18000000,2017-11-19,ResearchAndDevelopmentExpense,2026-08-27
CHRW,assets,2017-09-30,4175588000,2017-11-19,Assets,2026-08-27
CHRW,cash,2017-09-30,297307000,2017-11-19,CashAndCashEquivalentsAtCarryingValue,2026-08-27
CHRW,debt,2017-09-30,750000000,2017-11-19,LongTermDebt,2026-08-27
CHRW,equity,2017-09-30,1354875000,2017-11-19,StockholdersEquity,2026-08-27
CHRW,liabilities,2017-09-30,2820713000,2017-11-19,Liabilities,2026-08-27
CHRW,netIncome,2017-09-30,119186000,2017-11-19,NetIncomeLoss,2026-08-27
CHRW,operatingIncome,2017-09-30,194465000,2017-11-19,OperatingIncomeLoss,2026-08-27
CHRW,revenue,2017-09-30,593846000,2017-11-19,Revenues,2026-08-27
CHRW,shares,2017-09-30,139871000,2017-11-19,CommonStockSharesOutstanding,2026-08-27
CHTR,assets,2017-09-30,148228000000,2017-11-19,Assets,2026-08-27
CHTR,cash,2017-09-30,2164000000,2017-11-19,CashAndCashEquivalentsAtCarryingValue,2026-08-27
CHTR,debt,2017-09-30,66064000000,2017-11-19,LongTermDebtNoncurrent,2026-08-27
CHTR,equity,2017-09-30,33229000000,2017-11-19,StockholdersEquity,2026-08-27
CHTR,netIncome,2017-09-30,48000000,2017-11-19,NetIncomeLoss,2026-08-27
CHTR,operatingIncome,2017-09-30,909000000,2017-11-19,OperatingIncomeLoss,2026-08-27
CHTR,receivables,2017-09-30,1652000000,2017-11-19,AccountsReceivableNetCurrent,2026-08-27
CHTR,revenue,2017-09-30,10458000000,2017-11-19,Revenues,2026-08-27
CI,revenue,2017-09-30,10372000000,2017-11-19,Revenues,2026-08-27
CIEN,assets,2017-07-31,2736660000,2017-09-19,Assets,2026-08-27
CIEN,cash,2017-07-31,559540000,2017-09-19,CashAndCashEquivalentsAtCarryingValue,2026-08-27
CIEN,debt,2017-07-31,393674000,2017-09-19,LongTermDebt,2026-08-27
CIEN,equity,2017-07-31,944310000,2017-09-19,StockholdersEquity,2026-08-27
CIEN,grossProfit,2017-07-31,328076000,2017-09-19,GrossProfit,2026-08-27
CIEN,inventory,2017-07-31,276421000,2017-09-19,InventoryNet,2026-08-27
CIEN,liabilities,2017-07-31,1792350000,2017-09-19,Liabilities,2026-08-27
CIEN,netIncome,2017-07-31,60010000,2017-09-19,NetIncomeLoss,2026-08-27
CIEN,operatingIncome,2017-07-31,81999000,2017-09-19,OperatingIncomeLoss,2026-08-27
CIEN,receivables,2017-07-31,653242000,2017-09-19,AccountsReceivableNetCurrent,2026-08-27
CIEN,revenue,2017-07-31,728719000,2017-09-19,Revenues,2026-08-27
CIEN,rnd,2017-07-31,117729000,2017-09-19,ResearchAndDevelopmentExpense,2026-08-27
CIEN,shares,2017-07-31,142672784,2017-09-19,CommonStockSharesOutstanding,2026-08-27
CINF,assets,2017-09-30,21592000000,2017-11-19,Assets,2026-08-27
CINF,cash,2017-09-30,674000000,2017-11-19,CashAndCashEquivalentsAtCarryingValue,2026-08-27
CINF,debt,2017-09-30,787000000,2017-11-19,LongTermDebt,2026-08-27
CINF,equity,2017-09-30,7523000000,2017-11-19,StockholdersEquity,2026-08-27
CINF,liabilities,2017-09-30,14069000000,2017-11-19,Liabilities,2026-08-27
CINF,netIncome,2017-09-30,102000000,2017-11-19,NetIncomeLoss,2026-08-27
CINF,revenue,2017-09-30,1412000000,2017-11-19,Revenues,2026-08-27
CINF,shares,2017-09-30,198300000,2017-11-19,CommonStockSharesOutstanding,2026-08-27
CL,assets,2017-09-30,12775000000,2017-11-19,Assets,2026-08-27
CL,cash,2017-09-30,1380000000,2017-11-19,CashAndCashEquivalentsAtCarryingValue,2026-08-27
CL,debt,2017-09-30,6520000000,2017-11-19,LongTermDebtNoncurrent,2026-08-27
CL,equity,2017-09-30,-108000000,2017-11-19,StockholdersEquity,2026-08-27
CL,grossProfit,2017-09-30,2383000000,2017-11-19,GrossProfit,2026-08-27
CL,inventory,2017-09-30,1205000000,2017-11-19,InventoryNet,2026-08-27
CL,liabilities,2017-09-30,12508000000,2017-11-19,Liabilities,2026-08-27
CL,netIncome,2017-09-30,607000000,2017-11-19,NetIncomeLoss,2026-08-27
CL,operatingIncome,2017-09-30,957000000,2017-11-19,OperatingIncomeLoss,2026-08-27
CL,receivables,2017-09-30,1530000000,2017-11-19,AccountsReceivableNetCurrent,2026-08-27
CL,revenue,2017-09-30,3974000000,2017-11-19,Revenues,2026-08-27
CLX,assets,2017-09-30,4600000000,2017-11-19,Assets,2026-08-27
CLX,buybacks,2017-09-30,66000000,2017-11-19,PaymentsForRepurchaseOfCommonStock,2026-08-27
CLX,capex,2017-09-30,49000000,2017-11-19,PaymentsToAcquirePropertyPlantAndEquipment,2026-08-27
CLX,cash,2017-09-30,468000000,2017-11-19,CashAndCashEquivalentsAtCarryingValue,2026-08-27
CLX,debt,2017-09-30,1787000000,2017-11-19,LongTermDebtNoncurrent,2026-08-27
CLX,equity,2017-09-30,592000000,2017-11-19,StockholdersEquity,2026-08-27
CLX,grossProfit,2017-09-30,673000000,2017-11-19,GrossProfit,2026-08-27
CLX,inventory,2017-09-30,462000000,2017-11-19,InventoryNet,2026-08-27
CLX,liabilities,2017-09-30,4008000000,2017-11-19,Liabilities,2026-08-27
CLX,netIncome,2017-09-30,192000000,2017-11-19,NetIncomeLoss,2026-08-27
CLX,operatingCashFlow,2017-09-30,260000000,2017-11-19,NetCashProvidedByUsedInOperatingActivities,2026-08-27
CLX,revenue,2017-09-30,1500000000,2017-11-19,Revenues,2026-08-27
CLX,rnd,2017-09-30,32000000,2017-11-19,ResearchAndDevelopmentExpense,2026-08-27
CLX,shares,2017-09-30,128923671,2017-11-19,CommonStockSharesOutstanding,2026-08-27
CMCSA,assets,2017-09-30,185301000000,2017-11-19,Assets,2026-08-27
CMCSA,capex,2017-09-30,2434000000,2017-11-19,PaymentsToAcquirePropertyPlantAndEquipment,2026-08-27
CMCSA,cash,2017-09-30,4114000000,2017-11-19,CashAndCashEquivalentsAtCarryingValue,2026-08-27
CMCSA,equity,2017-09-30,55427000000,2017-11-19,StockholdersEquity,2026-08-27
CMCSA,netIncome,2017-09-30,2642000000,2017-11-19,NetIncomeLoss,2026-08-27
CMCSA,operatingIncome,2017-09-30,4779000000,2017-11-19,OperatingIncomeLoss,2026-08-27
CMCSA,receivables,2017-09-30,7915000000,2017-11-19,AccountsReceivableNetCurrent,2026-08-27
CMCSA,revenue,2017-09-30,21081000000,2017-11-19,Revenues,2026-08-27
CME,assets,2017-09-30,78323000000,2017-11-19,Assets,2026-08-27
CME,cash,2017-09-30,1631100000,2017-11-19,CashAndCashEquivalentsAtCarryingValue,2026-08-27
CME,equity,2017-09-30,20863900000,2017-11-19,StockholdersEquity,2026-08-27
CME,liabilities,2017-09-30,57459100000,2017-11-19,Liabilities,2026-08-27
CME,netIncome,2017-09-30,308600000,2017-11-19,NetIncomeLoss,2026-08-27
CME,operatingIncome,2017-09-30,567600000,2017-11-19,OperatingIncomeLoss,2026-08-27
CME,receivables,2017-09-30,390300000,2017-11-19,AccountsReceivableNetCurrent,2026-08-27
CME,revenue,2017-09-30,890800000,2017-11-19,Revenues,2026-08-27
CMG,assets,2017-09-30,2064377000,2017-11-19,Assets,2026-08-27
CMG,cash,2017-09-30,113480000,2017-11-19,CashAndCashEquivalentsAtCarryingValue,2026-08-27
CMG,equity,2017-09-30,1387126000,2017-11-19,StockholdersEquity,2026-08-27
CMG,inventory,2017-09-30,21634000,2017-11-19,InventoryNet,2026-08-27
CMG,liabilities,2017-09-30,677251000,2017-11-19,Liabilities,2026-08-27
CMG,netIncome,2017-09-30,19610000,2017-11-19,NetIncomeLoss,2026-08-27
CMG,operatingIncome,2017-09-30,30867000,2017-11-19,OperatingIncomeLoss,2026-08-27
CMG,receivables,2017-09-30,23870000,2017-11-19,AccountsReceivableNetCurrent,2026-08-27
CMG,revenue,2017-09-30,1128074000,2017-11-19,Revenues,2026-08-27
CMI,assets,2017-07-02,16260000000,2017-08-21,Assets,2026-08-27
CMI,cash,2017-07-02,1293000000,2017-08-21,CashAndCashEquivalentsAtCarryingValue,2026-08-27
CMI,equity,2017-07-02,7493000000,2017-08-21,StockholdersEquity,2026-08-27
CMI,grossProfit,2017-07-02,1251000000,2017-08-21,GrossProfit,2026-08-27
CMI,inventory,2017-07-02,2982000000,2017-08-21,InventoryNet,2026-08-27
CMI,liabilities,2017-07-02,8438000000,2017-08-21,Liabilities,2026-08-27
CMI,operatingIncome,2017-07-02,586000000,2017-08-21,OperatingIncomeLoss,2026-08-27
CMI,revenue,2017-07-02,5078000000,2017-08-21,Revenues,2026-08-27
CMI,rnd,2017-07-02,175000000,2017-08-21,ResearchAndDevelopmentExpense,2026-08-27
CMS,assets,2017-09-30,22120000000,2017-11-19,Assets,2026-08-27
CMS,cash,2017-09-30,142000000,2017-11-19,CashAndCashEquivalentsAtCarryingValue,2026-08-27
CMS,debt,2017-09-30,9024000000,2017-11-19,LongTermDebtNoncurrent,2026-08-27
CMS,equity,2017-09-30,4535000000,2017-11-19,StockholdersEquity,2026-08-27
CMS,netIncome,2017-09-30,172000000,2017-11-19,NetIncomeLoss,2026-08-27
CMS,operatingIncome,2017-09-30,330000000,2017-11-19,OperatingIncomeLoss,2026-08-27
CMS,receivables,2017-09-30,631000000,2017-11-19,AccountsReceivableNetCurrent,2026-08-27
CMS,revenue,2017-09-30,1527000000,2017-11-19,Revenues,2026-08-27
CMS,shares,2017-09-30,281600000,2017-11-19,CommonStockSharesOutstanding,2026-08-27
CNC,assets,2017-09-30,22000000000,2017-11-19,Assets,2026-08-27
CNC,cash,2017-09-30,4281000000,2017-11-19,CashAndCashEquivalentsAtCarryingValue,2026-08-27
CNC,debt,2017-09-30,4717000000,2017-11-19,LongTermDebtNoncurrent,2026-08-27
CNC,equity,2017-09-30,6640000000,2017-11-19,StockholdersEquity,2026-08-27
CNC,liabilities,2017-09-30,15327000000,2017-11-19,Liabilities,2026-08-27
CNC,netIncome,2017-09-30,205000000,2017-11-19,NetIncomeLoss,2026-08-27
CNC,operatingIncome,2017-09-30,340000000,2017-11-19,OperatingIncomeLoss,2026-08-27
CNC,revenue,2017-09-30,11898000000,2017-11-19,Revenues,2026-08-27
CNC,shares,2017-09-30,172566000,2017-11-19,CommonStockSharesOutstanding,2026-08-27
CNP,assets,2017-09-30,22135000000,2017-11-19,Assets,2026-08-27
CNP,cash,2017-09-30,201000000,2017-11-19,CashAndCashEquivalentsAtCarryingValue,2026-08-27
CNP,debt,2017-09-30,7531000000,2017-11-19,LongTermDebtNoncurrent,2026-08-27
CNP,equity,2017-09-30,3618000000,2017-11-19,StockholdersEquity,2026-08-27
CNP,netIncome,2017-09-30,169000000,2017-11-19,NetIncomeLoss,2026-08-27
CNP,operatingIncome,2017-09-30,297000000,2017-11-19,OperatingIncomeLoss,2026-08-27
CNP,receivables,2017-09-30,783000000,2017-11-19,AccountsReceivableNetCurrent,2026-08-27
CNP,revenue,2017-09-30,2098000000,2017-11-19,Revenues,2026-08-27
CNP,shares,2017-09-30,431030884,2017-11-19,CommonStockSharesOutstanding,2026-08-27
COF,assets,2017-09-30,361402000000,2017-11-19,Assets,2026-08-27
COF,equity,2017-09-30,50154000000,2017-11-19,StockholdersEquity,2026-08-27
COF,liabilities,2017-09-30,311248000000,2017-11-19,Liabilities,2026-08-27
COF,netIncome,2017-09-30,1107000000,2017-11-19,NetIncomeLoss,2026-08-27
COF,revenue,2017-09-30,6985000000,2017-11-19,Revenues,2026-08-27
COF,shares,2017-09-30,484419510,2017-11-19,CommonStockSharesOutstanding,2026-08-27
COHR,assets,2017-09-30,1583805000,2017-11-19,Assets,2026-08-27
COHR,buybacks,2017-09-30,49875000,2017-11-19,PaymentsForRepurchaseOfCommonStock,2026-08-27
COHR,capex,2017-09-30,37426000,2017-11-19,PaymentsToAcquirePropertyPlantAndEquipment,2026-08-27
COHR,cash,2017-09-30,241285000,2017-11-19,CashAndCashEquivalentsAtCarryingValue,2026-08-27
COHR,debt,2017-09-30,384742000,2017-11-19,LongTermDebtNoncurrent,2026-08-27
COHR,equity,2017-09-30,943762000,2017-11-19,StockholdersEquity,2026-08-27
COHR,inventory,2017-09-30,224461000,2017-11-19,InventoryNet,2026-08-27
COHR,liabilities,2017-09-30,640043000,2017-11-19,Liabilities,2026-08-27
COHR,netIncome,2017-09-30,21141000,2017-11-19,NetIncomeLoss,2026-08-27
COHR,operatingCashFlow,2017-09-30,12383000,2017-11-19,NetCashProvidedByUsedInOperatingActivities,2026-08-27
COHR,operatingIncome,2017-09-30,29777000,2017-11-19,OperatingIncomeLoss,2026-08-27
COHR,receivables,2017-09-30,192828000,2017-11-19,AccountsReceivableNetCurrent,2026-08-27
COHR,revenue,2017-09-30,261503000,2017-11-19,Revenues,2026-08-27
COHR,rnd,2017-09-30,25575000,2017-11-19,ResearchAndDevelopmentExpense,2026-08-27
COO,assets,2017-07-31,4782800000,2017-09-19,Assets,2026-08-27
COO,cash,2017-07-31,46000000,2017-09-19,CashAndCashEquivalentsAtCarryingValue,2026-08-27
COO,debt,2017-07-31,1180000000,2017-09-19,LongTermDebtNoncurrent,2026-08-27
COO,grossProfit,2017-07-31,356200000,2017-09-19,GrossProfit,2026-08-27
COO,inventory,2017-07-31,453900000,2017-09-19,InventoryNet,2026-08-27
COO,liabilities,2017-07-31,1689500000,2017-09-19,Liabilities,2026-08-27
COO,netIncome,2017-07-31,103600000,2017-09-19,NetIncomeLoss,2026-08-27
COO,operatingIncome,2017-07-31,112800000,2017-09-19,OperatingIncomeLoss,2026-08-27
COO,receivables,2017-07-31,335900000,2017-09-19,AccountsReceivableNetCurrent,2026-08-27
COO,revenue,2017-07-31,556000000,2017-09-19,Revenues,2026-08-27
COO,rnd,2017-07-31,17500000,2017-09-19,ResearchAndDevelopmentExpense,2026-08-27
COP,assets,2017-09-30,74861000000,2017-11-19,Assets,2026-08-27
COP,cash,2017-09-30,6911000000,2017-11-19,CashAndCashEquivalentsAtCarryingValue,2026-08-27
COP,equity,2017-09-30,30500000000,2017-11-19,StockholdersEquity,2026-08-27
COP,inventory,2017-09-30,1023000000,2017-11-19,InventoryNet,2026-08-27
COP,liabilities,2017-09-30,44149000000,2017-11-19,Liabilities,2026-08-27
COP,netIncome,2017-09-30,420000000,2017-11-19,NetIncomeLoss,2026-08-27
COP,revenue,2017-09-30,7195000000,2017-11-19,Revenues,2026-08-27
COR,assets,2017-09-30,35316470000,2017-11-19,Assets,2026-08-27
COR,cash,2017-09-30,2435115000,2017-11-19,CashAndCashEquivalentsAtCarryingValue,2026-08-27
COR,debt,2017-09-30,3429934000,2017-11-19,LongTermDebtNoncurrent,2026-08-27
COR,equity,2017-09-30,2064461000,2017-11-19,StockholdersEquity,2026-08-27
COR,grossProfit,2017-09-30,1172020000,2017-11-19,GrossProfit,2026-08-27
COR,inventory,2017-09-30,11461428000,2017-11-19,InventoryNet,2026-08-27
COR,netIncome,2017-09-30,-344587000,2017-11-19,NetIncomeLoss,2026-08-27
COR,operatingIncome,2017-09-30,-135002000,2017-11-19,OperatingIncomeLoss,2026-08-27
COR,receivables,2017-09-30,10303324000,2017-11-19,AccountsReceivableNetCurrent,2026-08-27
COR,revenue,2017-09-30,39120015000,2017-11-19,Revenues,2026-08-27
COR,shares,2017-09-30,217993598,2017-11-19,CommonStockSharesOutstanding,2026-08-27
COST,assets,2017-09-03,36347000000,2017-10-23,Assets,2026-08-27
COST,cash,2017-09-03,4546000000,2017-10-23,CashAndCashEquivalentsAtCarryingValue,2026-08-27
COST,debt,2017-09-03,6573000000,2017-10-23,LongTermDebtNoncurrent,2026-08-27
COST,equity,2017-09-03,10778000000,2017-10-23,StockholdersEquity,2026-08-27
COST,inventory,2017-09-03,9834000000,2017-10-23,InventoryNet,2026-08-27
COST,liabilities,2017-09-03,25268000000,2017-10-23,Liabilities,2026-08-27
COST,netIncome,2017-09-03,919000000,2017-10-23,NetIncomeLoss,2026-08-27
COST,operatingIncome,2017-09-03,1450000000,2017-10-23,OperatingIncomeLoss,2026-08-27
COST,revenue,2017-09-03,42300000000,2017-10-23,Revenues,2026-08-27
COST,shares,2017-09-03,437204000,2017-10-23,CommonStockSharesOutstanding,2026-08-27
CPAY,assets,2017-09-30,11330294000,2017-11-19,Assets,2026-08-27
CPAY,capex,2017-09-30,16859000,2017-11-19,PaymentsToAcquirePropertyPlantAndEquipment,2026-08-27
CPAY,cash,2017-09-30,834756000,2017-11-19,CashAndCashEquivalentsAtCarryingValue,2026-08-27
CPAY,equity,2017-09-30,3430418000,2017-11-19,StockholdersEquity,2026-08-27
CPAY,netIncome,2017-09-30,202823000,2017-11-19,NetIncomeLoss,2026-08-27
CPAY,operatingIncome,2017-09-30,232637000,2017-11-19,OperatingIncomeLoss,2026-08-27
CPAY,receivables,2017-09-30,1456255000,2017-11-19,AccountsReceivableNetCurrent,2026-08-27
CPAY,revenue,2017-09-30,577877000,2017-11-19,Revenues,2026-08-27
CPAY,shares,2017-09-30,89558913,2017-11-19,CommonStockSharesOutstanding,2026-08-27
CPRT,assets,2017-07-31,1982501000,2017-09-19,Assets,2026-08-27
CPRT,cash,2017-07-31,210100000,2017-09-19,CashAndCashEquivalentsAtCarryingValue,2026-08-27
CPRT,debt,2017-07-31,631000000,2017-09-19,LongTermDebt,2026-08-27
CPRT,equity,2017-07-31,1098600000,2017-09-19,StockholdersEquity,2026-08-27
CPRT,grossProfit,2017-07-31,167465000,2017-09-19,GrossProfit,2026-08-27
CPRT,inventory,2017-07-31,10163000,2017-09-19,InventoryNet,2026-08-27
CPRT,liabilities,2017-07-31,883901000,2017-09-19,Liabilities,2026-08-27
CPRT,netIncome,2017-07-31,70335000,2017-09-19,NetIncomeLoss,2026-08-27
CPRT,operatingIncome,2017-07-31,110807000,2017-09-19,OperatingIncomeLoss,2026-08-27
CPRT,receivables,2017-07-31,311846000,2017-09-19,AccountsReceivableNetCurrent,2026-08-27
CPRT,revenue,2017-07-31,378596000,2017-09-19,Revenues,2026-08-27
CPRT,shares,2017-07-31,230488296,2017-09-19,CommonStockSharesOutstanding,2026-08-27
CPT,assets,2017-09-30,6168895000,2017-11-19,Assets,2026-08-27
CPT,cash,2017-09-30,350274000,2017-11-19,CashAndCashEquivalentsAtCarryingValue,2026-08-27
CPT,debt,2017-09-30,2204200000,2017-11-19,LongTermDebt,2026-08-27
CPT,equity,2017-09-30,3386907000,2017-11-19,StockholdersEquity,2026-08-27
CPT,liabilities,2017-09-30,2629303000,2017-11-19,Liabilities,2026-08-27
CPT,netIncome,2017-09-30,34384000,2017-11-19,NetIncomeLoss,2026-08-27
CPT,revenue,2017-09-30,228178000,2017-11-19,RevenueFromContractWithCustomerExcludingAssessedTax,2026-08-27
CPT,shares,2017-09-30,92700000,2017-11-19,CommonStockSharesOutstanding,2026-08-27
CRL,assets,2017-09-30,2865918000,2017-11-19,Assets,2026-08-27
CRL,capex,2017-09-30,22011000,2017-11-19,PaymentsToAcquireProductiveAssets,2026-08-27
CRL,cash,2017-09-30,123618000,2017-11-19,CashAndCashEquivalentsAtCarryingValue,2026-08-27
CRL,debt,2017-09-30,1133942000,2017-11-19,LongTermDebtNoncurrent,2026-08-27
CRL,equity,2017-09-30,1021513000,2017-11-19,StockholdersEquity,2026-08-27
CRL,grossProfit,2017-09-30,176847000,2017-11-19,GrossProfit,2026-08-27
CRL,inventory,2017-09-30,107372000,2017-11-19,InventoryNet,2026-08-27
CRL,liabilities,2017-09-30,1825424000,2017-11-19,Liabilities,2026-08-27
CRL,netIncome,2017-09-30,52474000,2017-11-19,NetIncomeLoss,2026-08-27
CRL,operatingIncome,2017-09-30,74062000,2017-11-19,OperatingIncomeLoss,2026-08-27
CRL,receivables,2017-09-30,422335000,2017-11-19,AccountsReceivableNetCurrent,2026-08-27
CRL,revenue,2017-09-30,464232000,2017-11-19,Revenues,2026-08-27
CRL,shares,2017-09-30,47324000,2017-11-19,CommonStockSharesOutstanding,2026-08-27
CRM,assets,2017-07-31,17418803000,2017-09-19,Assets,2026-08-27
CRM,capex,2017-07-31,128000000,2017-09-19,PaymentsToAcquirePropertyPlantAndEquipment,2026-08-27
CRM,cash,2017-07-31,1949000000,2017-09-19,CashAndCashEquivalentsAtCarryingValue,2026-08-27
CRM,equity,2017-07-31,9219000000,2017-09-19,StockholdersEquity,2026-08-27
CRM,grossProfit,2017-07-31,1907000000,2017-09-19,GrossProfit,2026-08-27
CRM,liabilities,2017-07-31,8950266000,2017-09-19,Liabilities,2026-08-27
CRM,netIncome,2017-07-31,46000000,2017-09-19,NetIncomeLoss,2026-08-27
CRM,operatingCashFlow,2017-07-31,331000000,2017-09-19,NetCashProvidedByUsedInOperatingActivities,2026-08-27
CRM,operatingIncome,2017-07-31,84000000,2017-09-19,OperatingIncomeLoss,2026-08-27
CRM,receivables,2017-07-31,1569322000,2017-09-19,AccountsReceivableNetCurrent,2026-08-27
CRM,revenue,2017-07-31,2577000000,2017-09-19,RevenueFromContractWithCustomerExcludingAssessedTax,2026-08-27
CRM,rnd,2017-07-31,387000000,2017-09-19,ResearchAndDevelopmentExpense,2026-08-27
CSCO,assets,2017-07-29,129818000000,2017-09-17,Assets,2026-08-27
CSCO,cash,2017-07-29,11708000000,2017-09-17,CashAndCashEquivalentsAtCarryingValue,2026-08-27
CSCO,debt,2017-07-29,25725000000,2017-09-17,LongTermDebtNoncurrent,2026-08-27
CSCO,equity,2017-07-29,66137000000,2017-09-17,StockholdersEquity,2026-08-27
CSCO,grossProfit,2017-07-29,7546000000,2017-09-17,GrossProfit,2026-08-27
CSCO,inventory,2017-07-29,1616000000,2017-09-17,InventoryNet,2026-08-27
CSCO,liabilities,2017-07-29,63681000000,2017-09-17,Liabilities,2026-08-27
CSCO,netIncome,2017-07-29,2424000000,2017-09-17,NetIncomeLoss,2026-08-27
CSCO,operatingIncome,2017-07-29,3034000000,2017-09-17,OperatingIncomeLoss,2026-08-27
CSCO,receivables,2017-07-29,5146000000,2017-09-17,AccountsReceivableNetCurrent,2026-08-27
CSCO,revenue,2017-07-29,12133000000,2017-09-17,Revenues,2026-08-27
CSCO,shares,2017-07-29,4983000000,2017-09-17,CommonStockSharesOutstanding,2026-08-27
CSGP,assets,2017-09-30,2280596000,2017-11-19,Assets,2026-08-27
CSGP,cash,2017-09-30,622995000,2017-11-19,CashAndCashEquivalentsAtCarryingValue,2026-08-27
CSGP,debt,2017-09-30,268586000,2017-11-19,LongTermDebtNoncurrent,2026-08-27
CSGP,equity,2017-09-30,1762427000,2017-11-19,StockholdersEquity,2026-08-27
CSGP,grossProfit,2017-09-30,192050000,2017-11-19,GrossProfit,2026-08-27
CSGP,liabilities,2017-09-30,518169000,2017-11-19,Liabilities,2026-08-27
CSGP,netIncome,2017-09-30,34177000,2017-11-19,NetIncomeLoss,2026-08-27
CSGP,operatingIncome,2017-09-30,57513000,2017-11-19,OperatingIncomeLoss,2026-08-27
CSGP,receivables,2017-09-30,60871000,2017-11-19,AccountsReceivableNetCurrent,2026-08-27
CSGP,revenue,2017-09-30,247533000,2017-11-19,Revenues,2026-08-27
CSX,assets,2017-09-30,35573000000,2017-11-19,Assets,2026-08-27
CSX,buybacks,2017-09-30,1000000000,2017-11-19,PaymentsForRepurchaseOfCommonStock,2026-08-27
CSX,cash,2017-09-30,591000000,2017-11-19,CashAndCashEquivalentsAtCarryingValue,2026-08-27
CSX,liabilities,2017-09-30,24671000000,2017-11-19,Liabilities,2026-08-27
CSX,netIncome,2017-09-30,459000000,2017-11-19,NetIncomeLoss,2026-08-27
CSX,operatingIncome,2017-09-30,868000000,2017-11-19,OperatingIncomeLoss,2026-08-27
CSX,receivables,2017-09-30,981000000,2017-11-19,AccountsReceivableNetCurrent,2026-08-27
CSX,revenue,2017-09-30,2743000000,2017-11-19,RevenueFromContractWithCustomerExcludingAssessedTax,2026-08-27
CTAS,assets,2017-08-31,6851606000,2017-10-20,Assets,2026-08-27
CTAS,buybacks,2017-08-31,35040000,2017-10-20,PaymentsForRepurchaseOfCommonStock,2026-08-27
CTAS,capex,2017-08-31,62517000,2017-10-20,PaymentsToAcquirePropertyPlantAndEquipment,2026-08-27
CTAS,cash,2017-08-31,191414000,2017-10-20,CashAndCashEquivalentsAtCarryingValue,2026-08-27
CTAS,debt,2017-08-31,2533672000,2017-10-20,LongTermDebtNoncurrent,2026-08-27
CTAS,equity,2017-08-31,2565881000,2017-10-20,StockholdersEquity,2026-08-27
CTAS,grossProfit,2017-08-31,739353000,2017-10-20,GrossProfit,2026-08-27
CTAS,inventory,2017-08-31,283197000,2017-10-20,InventoryNet,2026-08-27
CTAS,netIncome,2017-08-31,217211000,2017-10-20,NetIncomeLoss,2026-08-27
CTAS,operatingCashFlow,2017-08-31,254366000,2017-10-20,NetCashProvidedByUsedInOperatingActivities,2026-08-27
CTAS,operatingIncome,2017-08-31,249099000,2017-10-20,OperatingIncomeLoss,2026-08-27
CTAS,receivables,2017-08-31,731577000,2017-10-20,AccountsReceivableNetCurrent,2026-08-27
CTAS,revenue,2017-08-31,1611503000,2017-10-20,Revenues,2026-08-27
CTAS,shares,2017-08-31,106179574,2017-10-20,CommonStockSharesOutstanding,2026-08-27
CTSH,assets,2017-09-30,14580000000,2017-11-19,Assets,2026-08-27
CTSH,cash,2017-09-30,1577000000,2017-11-19,CashAndCashEquivalentsAtCarryingValue,2026-08-27
CTSH,debt,2017-09-30,723000000,2017-11-19,LongTermDebtNoncurrent,2026-08-27
CTSH,equity,2017-09-30,10979000000,2017-11-19,StockholdersEquity,2026-08-27
CTSH,liabilities,2017-09-30,3601000000,2017-11-19,Liabilities,2026-08-27
CTSH,netIncome,2017-09-30,495000000,2017-11-19,NetIncomeLoss,2026-08-27
CTSH,operatingIncome,2017-09-30,648000000,2017-11-19,OperatingIncomeLoss,2026-08-27
CTSH,receivables,2017-09-30,2889000000,2017-11-19,AccountsReceivableNetCurrent,2026-08-27
CTSH,revenue,2017-09-30,3766000000,2017-11-19,Revenues,2026-08-27
CTSH,shares,2017-09-30,590000000,2017-11-19,CommonStockSharesOutstanding,2026-08-27
CVNA,assets,2017-09-30,495172000,2017-11-19,Assets,2026-08-27
CVNA,cash,2017-09-30,103454000,2017-11-19,CashAndCashEquivalentsAtCarryingValue,2026-08-27
CVNA,debt,2017-09-30,16363000,2017-11-19,LongTermDebtNoncurrent,2026-08-27
CVNA,equity,2017-09-30,28161000,2017-11-19,StockholdersEquity,2026-08-27
CVNA,grossProfit,2017-09-30,20416000,2017-11-19,GrossProfit,2026-08-27
CVNA,inventory,2017-09-30,192242000,2017-11-19,InventoryNet,2026-08-27
CVNA,liabilities,2017-09-30,267696000,2017-11-19,Liabilities,2026-08-27
CVNA,netIncome,2017-09-30,-4380000,2017-11-19,NetIncomeLoss,2026-08-27
CVNA,receivables,2017-09-30,11639000,2017-11-19,AccountsReceivableNetCurrent,2026-08-27
CVNA,revenue,2017-09-30,225379000,2017-11-19,SalesRevenueNet,2026-08-27
CVS,assets,2017-09-30,92853000000,2017-11-19,Assets,2026-08-27
CVS,cash,2017-09-30,2485000000,2017-11-19,CashAndCashEquivalentsAtCarryingValue,2026-08-27
CVS,debt,2017-09-30,23386000000,2017-11-19,LongTermDebtNoncurrent,2026-08-27
CVS,equity,2017-09-30,34863000000,2017-11-19,StockholdersEquity,2026-08-27
CVS,grossProfit,2017-09-30,7117000000,2017-11-19,GrossProfit,2026-08-27
CVS,inventory,2017-09-30,14147000000,2017-11-19,InventoryNet,2026-08-27
CVS,netIncome,2017-09-30,1285000000,2017-11-19,NetIncomeLoss,2026-08-27
CVS,operatingIncome,2017-09-30,2504000000,2017-11-19,OperatingIncomeLoss,2026-08-27
CVS,receivables,2017-09-30,12440000000,2017-11-19,AccountsReceivableNetCurrent,2026-08-27
CVS,revenue,2017-09-30,46186000000,2017-11-19,Revenues,2026-08-27
CVS,shares,2017-09-30,1013000000,2017-11-19,CommonStockSharesOutstanding,2026-08-27
CVX,assets,2017-09-30,255160000000,2017-11-19,Assets,2026-08-27
CVX,cash,2017-09-30,6641000000,2017-11-19,CashAndCashEquivalentsAtCarryingValue,2026-08-27
CVX,debt,2017-09-30,33983000000,2017-11-19,LongTermDebtNoncurrent,2026-08-27
CVX,equity,2017-09-30,146713000000,2017-11-19,StockholdersEquity,2026-08-27
CVX,inventory,2017-09-30,5761000000,2017-11-19,InventoryNet,2026-08-27
CVX,liabilities,2017-09-30,107249000000,2017-11-19,Liabilities,2026-08-27
CVX,netIncome,2017-09-30,1952000000,2017-11-19,NetIncomeLoss,2026-08-27
CVX,revenue,2017-09-30,36205000000,2017-11-19,Revenues,2026-08-27
D,assets,2017-09-30,75391000000,2017-11-19,Assets,2026-08-27
D,cash,2017-09-30,227000000,2017-11-19,CashAndCashEquivalentsAtCarryingValue,2026-08-27
D,debt,2017-09-30,30886000000,2017-11-19,LongTermDebtNoncurrent,2026-08-27
D,equity,2017-09-30,16280000000,2017-11-19,StockholdersEquity,2026-08-27
D,inventory,2017-09-30,1527000000,2017-11-19,InventoryNet,2026-08-27
D,liabilities,2017-09-30,56889000000,2017-11-19,Liabilities,2026-08-27
D,netIncome,2017-09-30,665000000,2017-11-19,NetIncomeLoss,2026-08-27
D,operatingIncome,2017-09-30,1152000000,2017-11-19,OperatingIncomeLoss,2026-08-27
D,receivables,2017-09-30,1292000000,2017-11-19,AccountsReceivableNetCurrent,2026-08-27
D,revenue,2017-09-30,3179000000,2017-11-19,Revenues,2026-08-27
D,shares,2017-09-30,644000000,2017-11-19,CommonStockSharesOutstanding,2026-08-27
DAL,assets,2017-09-30,52575000000,2017-11-19,Assets,2026-08-27
DAL,capex,2017-09-30,941000000,2017-11-19,PaymentsToAcquireProductiveAssets,2026-08-27
DAL,cash,2017-09-30,1478000000,2017-11-19,CashAndCashEquivalentsAtCarryingValue,2026-08-27
DAL,equity,2017-09-30,14001000000,2017-11-19,StockholdersEquity,2026-08-27
DAL,netIncome,2017-09-30,1159000000,2017-11-19,NetIncomeLoss,2026-08-27
DAL,operatingIncome,2017-09-30,1823000000,2017-11-19,OperatingIncomeLoss,2026-08-27
DAL,revenue,2017-09-30,11061000000,2017-11-19,Revenues,2026-08-27
DD,assets,2017-09-30,198527000000,2017-11-19,Assets,2026-08-27
DD,capex,2017-09-30,752000000,2017-11-19,PaymentsToAcquireProductiveAssets,2026-08-27
DD,cash,2017-09-30,13148000000,2017-11-19,CashAndCashEquivalentsAtCarryingValue,2026-08-27
DD,debt,2017-09-30,31725000000,2017-11-19,LongTermDebt,2026-08-27
DD,equity,2017-09-30,102946000000,2017-11-19,StockholdersEquity,2026-08-27
DD,grossProfit,2017-09-30,3168000000,2017-11-19,GrossProfit,2026-08-27
DD,inventory,2017-09-30,17255000000,2017-11-19,InventoryNet,2026-08-27
DD,netIncome,2017-09-30,514000000,2017-11-19,NetIncomeLoss,2026-08-27
DD,receivables,2017-09-30,11250000000,2017-11-19,AccountsReceivableNetCurrent,2026-08-27
DD,revenue,2017-09-30,15354000000,2017-11-19,Revenues,2026-08-27
DD,rnd,2017-09-30,528000000,2017-11-19,ResearchAndDevelopmentExpense,2026-08-27
DD,shares,2017-09-01,779512000,2017-10-21,CommonStockSharesOutstanding,2026-08-27
DE,assets,2017-07-30,62349900000,2017-09-18,Assets,2026-08-27
DE,cash,2017-07-30,6537400000,2017-09-18,CashAndCashEquivalentsAtCarryingValue,2026-08-27
DE,debt,2017-07-30,23674300000,2017-09-18,LongTermDebtNoncurrent,2026-08-27
DE,equity,2017-07-30,8572200000,2017-09-18,StockholdersEquity,2026-08-27
DE,grossProfit,2017-07-30,1585000000,2017-09-18,GrossProfit,2026-08-27
DE,inventory,2017-07-30,4252900000,2017-09-18,InventoryNet,2026-08-27
DE,liabilities,2017-07-30,53761000000,2017-09-18,Liabilities,2026-08-27
DE,netIncome,2017-07-30,642000000,2017-09-18,NetIncomeLoss,2026-08-27
DE,operatingIncome,2017-07-30,1002000000,2017-09-18,OperatingIncomeLoss,2026-08-27
DE,revenue,2017-07-30,7808000000,2017-09-18,Revenues,2026-08-27
DE,rnd,2017-07-30,336800000,2017-09-18,ResearchAndDevelopmentExpense,2026-08-27
DECK,assets,2017-09-30,1520288000,2017-11-19,Assets,2026-08-27
DECK,cash,2017-09-30,230586000,2017-11-19,CashAndCashEquivalentsAtCarryingValue,2026-08-27
DECK,equity,2017-09-30,968826000,2017-11-19,StockholdersEquity,2026-08-27
DECK,grossProfit,2017-09-30,225117000,2017-11-19,GrossProfit,2026-08-27
DECK,inventory,2017-09-30,555560000,2017-11-19,InventoryNet,2026-08-27
DECK,netIncome,2017-09-30,49559000,2017-11-19,NetIncomeLoss,2026-08-27
DECK,operatingIncome,2017-09-30,67355000,2017-11-19,OperatingIncomeLoss,2026-08-27
DECK,receivables,2017-09-30,306573000,2017-11-19,AccountsReceivableNetCurrent,2026-08-27
DECK,revenue,2017-09-30,482460000,2017-11-19,RevenueFromContractWithCustomerExcludingAssessedTax,2026-08-27
DECK,shares,2017-09-30,32037000,2017-11-19,CommonStockSharesOutstanding,2026-08-27
DELL,assets,2017-08-04,117494000000,2017-09-23,Assets,2026-08-27
DELL,cash,2017-08-04,9213000000,2017-09-23,CashAndCashEquivalentsAtCarryingValue,2026-08-27
DELL,debt,2017-08-04,41374000000,2017-09-23,LongTermDebtNoncurrent,2026-08-27
DELL,equity,2017-08-04,10947000000,2017-09-23,StockholdersEquity,2026-08-27
DELL,grossProfit,2017-08-04,4968000000,2017-09-23,GrossProfit,2026-08-27
DELL,inventory,2017-08-04,2594000000,2017-09-23,InventoryNet,2026-08-27
DELL,liabilities,2017-08-04,100225000000,2017-09-23,Liabilities,2026-08-27
DELL,netIncome,2017-08-04,-732000000,2017-09-23,NetIncomeLoss,2026-08-27
DELL,operatingIncome,2017-08-04,-665000000,2017-09-23,OperatingIncomeLoss,2026-08-27
DELL,receivables,2017-08-04,9716000000,2017-09-23,AccountsReceivableNetCurrent,2026-08-27
DELL,revenue,2017-08-04,19521000000,2017-09-23,Revenues,2026-08-27
DELL,rnd,2017-08-04,1093000000,2017-09-23,ResearchAndDevelopmentExpense,2026-08-27
DELL,shares,2017-08-04,773000000,2017-09-23,CommonStockSharesOutstanding,2026-08-27
DG,assets,2017-08-04,12120824000,2017-09-23,Assets,2026-08-27
DG,cash,2017-08-04,214173000,2017-09-23,CashAndCashEquivalentsAtCarryingValue,2026-08-27
DG,equity,2017-08-04,5687095000,2017-09-23,StockholdersEquity,2026-08-27
DG,grossProfit,2017-08-04,1790522000,2017-09-23,GrossProfit,2026-08-27
DG,inventory,2017-08-04,3463004000,2017-09-23,InventoryNet,2026-08-27
DG,netIncome,2017-08-04,294783000,2017-09-23,NetIncomeLoss,2026-08-27
DG,operatingIncome,2017-08-04,493146000,2017-09-23,OperatingIncomeLoss,2026-08-27
DG,revenue,2017-08-04,5828305000,2017-09-23,RevenueFromContractWithCustomerExcludingAssessedTax,2026-08-27
DGX,assets,2017-09-30,10439000000,2017-11-19,Assets,2026-08-27
DGX,cash,2017-09-30,350000000,2017-11-19,CashAndCashEquivalentsAtCarryingValue,2026-08-27
DGX,equity,2017-09-30,4794000000,2017-11-19,StockholdersEquity,2026-08-27
DGX,grossProfit,2017-09-30,666000000,2017-11-19,GrossProfit,2026-08-27
DGX,inventory,2017-09-30,100000000,2017-11-19,InventoryNet,2026-08-27
DGX,netIncome,2017-09-30,161000000,2017-11-19,NetIncomeLoss,2026-08-27
DGX,operatingIncome,2017-09-30,298000000,2017-11-19,OperatingIncomeLoss,2026-08-27
DGX,receivables,2017-09-30,960000000,2017-11-19,AccountsReceivableNetCurrent,2026-08-27
DGX,revenue,2017-09-30,1856000000,2017-11-19,SalesRevenueNet,2026-08-27
DHI,assets,2017-09-30,12184600000,2017-11-19,Assets,2026-08-27
DHI,cash,2017-09-30,1007800000,2017-11-19,CashAndCashEquivalentsAtCarryingValue,2026-08-27
DHI,equity,2017-09-30,7747100000,2017-11-19,StockholdersEquity,2026-08-27
DHI,liabilities,2017-09-30,4437000000,2017-11-19,Liabilities,2026-08-27
DHI,netIncome,2017-09-30,313200000,2017-11-19,NetIncomeLoss,2026-08-27
DHI,revenue,2017-09-30,4159100000,2017-11-19,Revenues,2026-08-27
DHI,shares,2017-09-30,374986079,2017-11-19,CommonStockSharesOutstanding,2026-08-27
DHR,assets,2017-09-29,45851300000,2017-11-18,Assets,2026-08-27
DHR,cash,2017-09-29,648600000,2017-11-18,CashAndCashEquivalentsAtCarryingValue,2026-08-27
DHR,debt,2017-09-29,10726800000,2017-11-18,LongTermDebtNoncurrent,2026-08-27
DHR,equity,2017-09-29,25375400000,2017-11-18,StockholdersEquity,2026-08-27
DHR,grossProfit,2017-09-29,2536800000,2017-11-18,GrossProfit,2026-08-27
DHR,inventory,2017-09-29,1892300000,2017-11-18,InventoryNet,2026-08-27
DHR,netIncome,2017-09-29,572100000,2017-11-18,NetIncomeLoss,2026-08-27
DHR,operatingIncome,2017-09-29,759200000,2017-11-18,OperatingIncomeLoss,2026-08-27
DHR,receivables,2017-09-29,3254600000,2017-11-18,AccountsReceivableNetCurrent,2026-08-27
DHR,revenue,2017-09-29,4528200000,2017-11-18,Revenues,2026-08-27
DHR,rnd,2017-09-29,279200000,2017-11-18,ResearchAndDevelopmentExpense,2026-08-27
DHR,shares,2017-09-29,695500000,2017-11-18,CommonStockSharesOutstanding,2026-08-27
DIS,assets,2017-09-30,95789000000,2017-11-19,Assets,2026-08-27
DIS,cash,2017-09-30,4017000000,2017-11-19,CashAndCashEquivalentsAtCarryingValue,2026-08-27
DIS,debt,2017-09-30,19119000000,2017-11-19,LongTermDebtNoncurrent,2026-08-27
DIS,equity,2017-09-30,41315000000,2017-11-19,StockholdersEquity,2026-08-27
DIS,inventory,2017-09-30,1373000000,2017-11-19,InventoryNet,2026-08-27
DIS,netIncome,2017-09-30,1747000000,2017-11-19,NetIncomeLoss,2026-08-27
DIS,operatingIncome,2017-09-30,2812000000,2017-11-19,OperatingIncomeLoss,2026-08-27
DIS,revenue,2017-09-30,12779000000,2017-11-19,Revenues,2026-08-27
DLR,assets,2017-09-30,21232498000,2017-11-19,Assets,2026-08-27
DLR,cash,2017-09-30,192578000,2017-11-19,CashAndCashEquivalentsAtCarryingValue,2026-08-27
DLR,equity,2017-09-30,10469279000,2017-11-19,StockholdersEquity,2026-08-27
DLR,liabilities,2017-09-30,9994566000,2017-11-19,Liabilities,2026-08-27
DLR,netIncome,2017-09-30,12435000,2017-11-19,NetIncomeLoss,2026-08-27
DLR,operatingIncome,2017-09-30,66157000,2017-11-19,OperatingIncomeLoss,2026-08-27
DLR,revenue,2017-09-30,609925000,2017-11-19,Revenues,2026-08-27
DLR,shares,2017-09-30,205433495,2017-11-19,CommonStockSharesOutstanding,2026-08-27
DLTR,assets,2017-07-29,15532300000,2017-09-17,Assets,2026-08-27
DLTR,cash,2017-07-29,693300000,2017-09-17,CashAndCashEquivalentsAtCarryingValue,2026-08-27
DLTR,debt,2017-07-29,5595000000,2017-09-17,LongTermDebtNoncurrent,2026-08-27
DLTR,equity,2017-07-29,5860200000,2017-09-17,StockholdersEquity,2026-08-27
DLTR,grossProfit,2017-07-29,1627800000,2017-09-17,GrossProfit,2026-08-27
DLTR,liabilities,2017-07-29,9672100000,2017-09-17,Liabilities,2026-08-27
DLTR,netIncome,2017-07-29,233800000,2017-09-17,NetIncomeLoss,2026-08-27
DLTR,operatingIncome,2017-07-29,419500000,2017-09-17,OperatingIncomeLoss,2026-08-27
DLTR,revenue,2017-07-29,5281200000,2017-09-17,RevenueFromContractWithCustomerExcludingAssessedTax,2026-08-27
DLTR,shares,2017-07-29,236800000,2017-09-17,CommonStockSharesOutstanding,2026-08-27
DOC,assets,2017-09-30,13904081000,2017-11-19,Assets,2026-08-27
DOC,cash,2017-09-30,133887000,2017-11-19,CashAndCashEquivalentsAtCarryingValue,2026-08-27
DOC,debt,2017-09-30,7371385000,2017-11-19,LongTermDebt,2026-08-27
DOC,equity,2017-09-30,5531433000,2017-11-19,StockholdersEquity,2026-08-27
DOC,liabilities,2017-09-30,8049850000,2017-11-19,Liabilities,2026-08-27
DOC,netIncome,2017-09-30,-7657000,2017-11-19,NetIncomeLoss,2026-08-27
DOC,revenue,2017-09-30,454023000,2017-11-19,Revenues,2026-08-27
DOC,shares,2017-09-30,469034877,2017-11-19,CommonStockSharesOutstanding,2026-08-27
DOV,assets,2017-09-30,10493390000,2017-11-19,Assets,2026-08-27
DOV,cash,2017-09-30,322039000,2017-11-19,CashAndCashEquivalentsAtCarryingValue,2026-08-27
DOV,debt,2017-09-30,2985048000,2017-11-19,LongTermDebtNoncurrent,2026-08-27
DOV,grossProfit,2017-09-30,649193000,2017-11-19,GrossProfit,2026-08-27
DOV,inventory,2017-09-30,982196000,2017-11-19,InventoryNet,2026-08-27
DOV,netIncome,2017-09-30,178912000,2017-11-19,NetIncomeLoss,2026-08-27
DOV,operatingIncome,2017-09-30,239153000,2017-11-19,OperatingIncomeLoss,2026-08-27
DOV,receivables,2017-09-30,1446556000,2017-11-19,AccountsReceivableNetCurrent,2026-08-27
DOV,revenue,2017-09-30,1747775000,2017-11-19,Revenues,2026-08-27
DOW,grossProfit,2017-09-30,2012000000,2017-11-19,GrossProfit,2026-08-27
DPZ,assets,2017-09-10,816235000,2017-10-30,Assets,2026-08-27
DPZ,cash,2017-09-10,61360000,2017-10-30,CashAndCashEquivalentsAtCarryingValue,2026-08-27
DPZ,equity,2017-09-10,-2765344000,2017-10-30,StockholdersEquity,2026-08-27
DPZ,grossProfit,2017-09-10,198478000,2017-10-30,GrossProfit,2026-08-27
DPZ,inventory,2017-09-10,37093000,2017-10-30,InventoryNet,2026-08-27
DPZ,netIncome,2017-09-10,56368000,2017-10-30,NetIncomeLoss,2026-08-27
DPZ,operatingIncome,2017-09-10,117080000,2017-10-30,OperatingIncomeLoss,2026-08-27
DPZ,receivables,2017-09-10,154475000,2017-10-30,AccountsReceivableNetCurrent,2026-08-27
DPZ,revenue,2017-09-10,643642000,2017-10-30,Revenues,2026-08-27
DRI,assets,2017-08-27,5223500000,2017-10-16,Assets,2026-08-27
DRI,buybacks,2017-08-27,100200000,2017-10-16,PaymentsForRepurchaseOfCommonStock,2026-08-27
DRI,capex,2017-08-27,95700000,2017-10-16,PaymentsToAcquirePropertyPlantAndEquipment,2026-08-27
DRI,cash,2017-08-27,146800000,2017-10-16,CashAndCashEquivalentsAtCarryingValue,2026-08-27
DRI,debt,2017-08-27,936600000,2017-10-16,LongTermDebtNoncurrent,2026-08-27
DRI,equity,2017-08-27,2058700000,2017-10-16,StockholdersEquity,2026-08-27
DRI,grossProfit,2017-08-27,347800000,2017-10-16,GrossProfit,2026-08-27
DRI,inventory,2017-08-27,176300000,2017-10-16,InventoryNet,2026-08-27
DRI,liabilities,2017-08-27,3164800000,2017-10-16,Liabilities,2026-08-27
DRI,netIncome,2017-08-27,119000000,2017-10-16,NetIncomeLoss,2026-08-27
DRI,operatingCashFlow,2017-08-27,179400000,2017-10-16,NetCashProvidedByUsedInOperatingActivitiesContinuingOperations,2026-08-27
DRI,operatingIncome,2017-08-27,174500000,2017-10-16,OperatingIncomeLoss,2026-08-27
DRI,revenue,2017-08-27,1936100000,2017-10-16,RevenueFromContractWithCustomerExcludingAssessedTax,2026-08-27
DTE,assets,2017-09-30,33071000000,2017-11-19,Assets,2026-08-27
DTE,cash,2017-09-30,63000000,2017-11-19,CashAndCashEquivalentsAtCarryingValue,2026-08-27
DTE,debt,2017-09-30,11038000000,2017-11-19,LongTermDebtNoncurrent,2026-08-27
DTE,equity,2017-09-30,9373000000,2017-11-19,StockholdersEquity,2026-08-27
DTE,netIncome,2017-09-30,270000000,2017-11-19,NetIncomeLoss,2026-08-27
DTE,operatingIncome,2017-09-30,434000000,2017-11-19,OperatingIncomeLoss,2026-08-27
DTE,receivables,2017-09-30,1395000000,2017-11-19,AccountsReceivableNetCurrent,2026-08-27
DTE,revenue,2017-09-30,3245000000,2017-11-19,Revenues,2026-08-27
DTE,shares,2017-09-30,179390286,2017-11-19,CommonStockSharesOutstanding,2026-08-27
DUK,assets,2017-09-30,136325000000,2017-11-19,Assets,2026-08-27
DUK,cash,2017-09-30,282000000,2017-11-19,CashAndCashEquivalentsAtCarryingValue,2026-08-27
DUK,debt,2017-09-30,48929000000,2017-11-19,LongTermDebtNoncurrent,2026-08-27
DUK,equity,2017-09-30,41631000000,2017-11-19,StockholdersEquity,2026-08-27
DUK,netIncome,2017-09-30,954000000,2017-11-19,NetIncomeLoss,2026-08-27
DUK,operatingIncome,2017-09-30,1661000000,2017-11-19,OperatingIncomeLoss,2026-08-27
DUK,receivables,2017-09-30,2089000000,2017-11-19,AccountsReceivableNetCurrent,2026-08-27
DUK,shares,2017-09-30,700000000,2017-11-19,CommonStockSharesOutstanding,2026-08-27
DVA,assets,2017-09-30,19013339000,2017-11-19,Assets,2026-08-27
DVA,capex,2017-09-30,240889000,2017-11-19,PaymentsToAcquirePropertyPlantAndEquipment,2026-08-27
DVA,cash,2017-09-30,846110000,2017-11-19,CashAndCashEquivalentsAtCarryingValue,2026-08-27
DVA,equity,2017-09-30,4784581000,2017-11-19,StockholdersEquity,2026-08-27
DVA,inventory,2017-09-30,154422000,2017-11-19,InventoryNet,2026-08-27
DVA,liabilities,2017-09-30,13017320000,2017-11-19,Liabilities,2026-08-27
DVA,netIncome,2017-09-30,-214476000,2017-11-19,NetIncomeLoss,2026-08-27
DVA,operatingIncome,2017-09-30,395294000,2017-11-19,OperatingIncomeLoss,2026-08-27
DVA,receivables,2017-09-30,2091074000,2017-11-19,AccountsReceivableNetCurrent,2026-08-27
DVA,revenue,2017-09-30,2765071000,2017-11-19,Revenues,2026-08-27
DVA,shares,2017-09-30,189231693,2017-11-19,CommonStockSharesOutstanding,2026-08-27
DVN,assets,2017-09-30,27559000000,2017-11-19,Assets,2026-08-27
DVN,capex,2017-09-30,6000000,2017-11-19,PaymentsToAcquirePropertyPlantAndEquipment,2026-08-27
DVN,cash,2017-09-30,2639000000,2017-11-19,CashAndCashEquivalentsAtCarryingValue,2026-08-27
DVN,debt,2017-09-30,10383000000,2017-11-19,LongTermDebtNoncurrent,2026-08-27
DVN,equity,2017-09-30,7129000000,2017-11-19,StockholdersEquity,2026-08-27
DVN,netIncome,2017-09-30,193000000,2017-11-19,NetIncomeLoss,2026-08-27
DVN,operatingCashFlow,2017-09-30,501000000,2017-11-19,NetCashProvidedByUsedInOperatingActivitiesContinuingOperations,2026-08-27
DVN,operatingIncome,2017-09-30,326000000,2017-11-19,OperatingIncomeLoss,2026-08-27
DVN,receivables,2017-09-30,1462000000,2017-11-19,AccountsReceivableNetCurrent,2026-08-27
DVN,revenue,2017-09-30,1933000000,2017-11-19,Revenues,2026-08-27
DXCM,assets,2017-09-30,842900000,2017-11-19,Assets,2026-08-27
DXCM,cash,2017-09-30,402100000,2017-11-19,CashAndCashEquivalentsAtCarryingValue,2026-08-27
DXCM,grossProfit,2017-09-30,127000000,2017-11-19,GrossProfit,2026-08-27
DXCM,inventory,2017-09-30,43300000,2017-11-19,InventoryNet,2026-08-27
DXCM,liabilities,2017-09-30,458900000,2017-11-19,Liabilities,2026-08-27
DXCM,netIncome,2017-09-30,-2000000,2017-11-19,NetIncomeLoss,2026-08-27
DXCM,operatingIncome,2017-09-30,-500000,2017-11-19,OperatingIncomeLoss,2026-08-27
DXCM,receivables,2017-09-30,110500000,2017-11-19,AccountsReceivableNetCurrent,2026-08-27
DXCM,revenue,2017-09-30,184600000,2017-11-19,Revenues,2026-08-27
DXCM,rnd,2017-09-30,43300000,2017-11-19,ResearchAndDevelopmentExpense,2026-08-27
DXCM,shares,2017-09-30,86900000,2017-11-19,CommonStockSharesOutstanding,2026-08-27
EBAY,assets,2017-09-30,25943000000,2017-11-19,Assets,2026-08-27
EBAY,cash,2017-09-30,1760000000,2017-11-19,CashAndCashEquivalentsAtCarryingValue,2026-08-27
EBAY,debt,2017-09-30,9234000000,2017-11-19,LongTermDebtNoncurrent,2026-08-27
EBAY,equity,2017-09-30,11283000000,2017-11-19,StockholdersEquity,2026-08-27
EBAY,grossProfit,2017-09-30,1941000000,2017-11-19,GrossProfit,2026-08-27
EBAY,liabilities,2017-09-30,14660000000,2017-11-19,Liabilities,2026-08-27
EBAY,netIncome,2017-09-30,520000000,2017-11-19,NetIncomeLoss,2026-08-27
EBAY,operatingIncome,2017-09-30,574000000,2017-11-19,OperatingIncomeLoss,2026-08-27
EBAY,receivables,2017-09-30,626000000,2017-11-19,AccountsReceivableNetCurrent,2026-08-27
EBAY,revenue,2017-09-30,2498000000,2017-11-19,RevenueFromContractWithCustomerExcludingAssessedTax,2026-08-27
EBAY,rnd,2017-09-30,316000000,2017-11-19,ResearchAndDevelopmentExpense,2026-08-27
EBAY,shares,2017-09-30,1049000000,2017-11-19,CommonStockSharesOutstanding,2026-08-27
ECHO,assets,2017-09-30,8807156000,2017-11-19,Assets,2026-08-27
ECHO,cash,2017-09-30,2798359000,2017-11-19,CashAndCashEquivalentsAtCarryingValue,2026-08-27
ECHO,debt,2017-09-30,3363244000,2017-11-19,LongTermDebt,2026-08-27
ECHO,equity,2017-09-30,3881983000,2017-11-19,StockholdersEquity,2026-08-27
ECHO,inventory,2017-09-30,91232000,2017-11-19,InventoryNet,2026-08-27
ECHO,liabilities,2017-09-30,4911337000,2017-11-19,Liabilities,2026-08-27
ECHO,netIncome,2017-09-30,34669000,2017-11-19,NetIncomeLoss,2026-08-27
ECHO,operatingIncome,2017-09-30,56414000,2017-11-19,OperatingIncomeLoss,2026-08-27
ECHO,receivables,2017-09-30,192387000,2017-11-19,AccountsReceivableNetCurrent,2026-08-27
ECHO,revenue,2017-09-30,481233000,2017-11-19,Revenues,2026-08-27
ECHO,rnd,2017-09-30,8302000,2017-11-19,ResearchAndDevelopmentExpense,2026-08-27
ECL,assets,2017-09-30,19856700000,2017-11-19,Assets,2026-08-27
ECL,cash,2017-09-30,209100000,2017-11-19,CashAndCashEquivalentsAtCarryingValue,2026-08-27
ECL,equity,2017-09-30,7222300000,2017-11-19,StockholdersEquity,2026-08-27
ECL,inventory,2017-09-30,1509000000,2017-11-19,InventoryNet,2026-08-27
ECL,liabilities,2017-09-30,12557500000,2017-11-19,Liabilities,2026-08-27
ECL,operatingIncome,2017-09-30,564100000,2017-11-19,OperatingIncomeLoss,2026-08-27
ECL,receivables,2017-09-30,2533200000,2017-11-19,AccountsReceivableNetCurrent,2026-08-27
ECL,revenue,2017-09-30,3564500000,2017-11-19,RevenueFromContractWithCustomerExcludingAssessedTax,2026-08-27
ECL,shares,2017-09-30,288900000,2017-11-19,CommonStockSharesOutstanding,2026-08-27
ED,assets,2017-09-30,49246000000,2017-11-19,Assets,2026-08-27
ED,cash,2017-09-30,69000000,2017-11-19,CashAndCashEquivalentsAtCarryingValue,2026-08-27
ED,debt,2017-09-30,14651000000,2017-11-19,LongTermDebtNoncurrent,2026-08-27
ED,equity,2017-09-30,15102000000,2017-11-19,StockholdersEquity,2026-08-27
ED,netIncome,2017-09-30,457000000,2017-11-19,NetIncomeLoss,2026-08-27
ED,operatingIncome,2017-09-30,914000000,2017-11-19,OperatingIncomeLoss,2026-08-27
ED,receivables,2017-09-30,1111000000,2017-11-19,AccountsReceivableNetCurrent,2026-08-27
ED,revenue,2017-09-30,3211000000,2017-11-19,Revenues,2026-08-27
EFX,assets,2017-09-30,7115700000,2017-11-19,Assets,2026-08-27
EFX,cash,2017-09-30,315400000,2017-11-19,CashAndCashEquivalentsAtCarryingValue,2026-08-27
EFX,debt,2017-09-30,2038700000,2017-11-19,LongTermDebtNoncurrent,2026-08-27
EFX,equity,2017-09-30,3100400000,2017-11-19,StockholdersEquity,2026-08-27
EFX,liabilities,2017-09-30,3950000000,2017-11-19,Liabilities,2026-08-27
EFX,netIncome,2017-09-30,96300000,2017-11-19,NetIncomeLoss,2026-08-27
EFX,operatingIncome,2017-09-30,154700000,2017-11-19,OperatingIncomeLoss,2026-08-27
EFX,receivables,2017-09-30,458300000,2017-11-19,AccountsReceivableNetCurrent,2026-08-27
EFX,revenue,2017-09-30,834800000,2017-11-19,RevenueFromContractWithCustomerExcludingAssessedTax,2026-08-27
EFX,shares,2017-09-30,120000000,2017-11-19,CommonStockSharesOutstanding,2026-08-27
EG,assets,2017-09-30,23936269000,2017-11-19,Assets,2026-08-27
EG,cash,2017-09-30,585395000,2017-11-19,CashAndCashEquivalentsAtCarryingValue,2026-08-27
EG,equity,2017-09-30,7969331000,2017-11-19,StockholdersEquity,2026-08-27
EG,liabilities,2017-09-30,15966938000,2017-11-19,Liabilities,2026-08-27
EG,revenue,2017-09-30,1725471000,2017-11-19,Revenues,2026-08-27
EG,shares,2017-09-30,69040000,2017-11-19,CommonStockSharesOutstanding,2026-08-27
EIX,assets,2017-09-30,53592000000,2017-11-19,Assets,2026-08-27
EIX,cash,2017-09-30,117000000,2017-11-19,CashAndCashEquivalentsAtCarryingValue,2026-08-27
EIX,debt,2017-09-30,11638000000,2017-11-19,LongTermDebtNoncurrent,2026-08-27
EIX,inventory,2017-09-30,229000000,2017-11-19,InventoryNet,2026-08-27
EIX,liabilities,2017-09-30,38969000000,2017-11-19,Liabilities,2026-08-27
EIX,netIncome,2017-09-30,470000000,2017-11-19,NetIncomeLoss,2026-08-27
EIX,operatingIncome,2017-09-30,553000000,2017-11-19,OperatingIncomeLoss,2026-08-27
EIX,revenue,2017-09-30,3672000000,2017-11-19,Revenues,2026-08-27
EIX,shares,2017-09-30,325811206,2017-11-19,CommonStockSharesOutstanding,2026-08-27
EL,assets,2017-09-30,12202000000,2017-11-19,Assets,2026-08-27
EL,buybacks,2017-09-30,111000000,2017-11-19,PaymentsForRepurchaseOfCommonStock,2026-08-27
EL,capex,2017-09-30,116000000,2017-11-19,PaymentsToAcquirePropertyPlantAndEquipment,2026-08-27
EL,cash,2017-09-30,1444000000,2017-11-19,CashAndCashEquivalentsAtCarryingValue,2026-08-27
EL,equity,2017-09-30,4731000000,2017-11-19,StockholdersEquity,2026-08-27
EL,grossProfit,2017-09-30,2563000000,2017-11-19,GrossProfit,2026-08-27
EL,inventory,2017-09-30,1518000000,2017-11-19,InventoryNet,2026-08-27
EL,netIncome,2017-09-30,427000000,2017-11-19,NetIncomeLoss,2026-08-27
EL,operatingCashFlow,2017-09-30,82000000,2017-11-19,NetCashProvidedByUsedInOperatingActivities,2026-08-27
EL,operatingIncome,2017-09-30,569000000,2017-11-19,OperatingIncomeLoss,2026-08-27
EL,receivables,2017-09-30,1799000000,2017-11-19,AccountsReceivableNetCurrent,2026-08-27
EL,revenue,2017-09-30,3274000000,2017-11-19,RevenueFromContractWithCustomerExcludingAssessedTax,2026-08-27
ELV,assets,2017-09-30,68309900000,2017-11-19,Assets,2026-08-27
ELV,cash,2017-09-30,6097000000,2017-11-19,CashAndCashEquivalentsAtCarryingValue,2026-08-27
ELV,debt,2017-09-30,13777300000,2017-11-19,LongTermDebtNoncurrent,2026-08-27
ELV,equity,2017-09-30,25948000000,2017-11-19,StockholdersEquity,2026-08-27
ELV,liabilities,2017-09-30,42361600000,2017-11-19,Liabilities,2026-08-27
ELV,netIncome,2017-09-30,747000000,2017-11-19,NetIncomeLoss,2026-08-27
ELV,operatingIncome,2017-09-30,982000000,2017-11-19,OperatingIncomeLoss,2026-08-27
ELV,revenue,2017-09-30,22426000000,2017-11-19,Revenues,2026-08-27
ELV,shares,2017-09-30,257404755,2017-11-19,CommonStockSharesOutstanding,2026-08-27
EME,assets,2017-09-30,3966321000,2017-11-19,Assets,2026-08-27
EME,cash,2017-09-30,480496000,2017-11-19,CashAndCashEquivalentsAtCarryingValue,2026-08-27
EME,equity,2017-09-30,1617012000,2017-11-19,StockholdersEquity,2026-08-27
EME,grossProfit,2017-09-30,295070000,2017-11-19,GrossProfit,2026-08-27
EME,liabilities,2017-09-30,2348456000,2017-11-19,Liabilities,2026-08-27
EME,netIncome,2017-09-30,64597000,2017-11-19,NetIncomeLoss,2026-08-27
EME,operatingIncome,2017-09-30,106044000,2017-11-19,OperatingIncomeLoss,2026-08-27
EME,receivables,2017-09-30,1537819000,2017-11-19,AccountsReceivableNetCurrent,2026-08-27
EME,revenue,2017-09-30,1886691000,2017-11-19,Revenues,2026-08-27
EME,shares,2017-09-30,58806509,2017-11-19,CommonStockSharesOutstanding,2026-08-27
EMR,assets,2017-09-30,19589000000,2017-11-19,Assets,2026-08-27
EMR,cash,2017-09-30,3062000000,2017-11-19,CashAndCashEquivalentsAtCarryingValue,2026-08-27
EMR,debt,2017-09-30,3794000000,2017-11-19,LongTermDebtNoncurrent,2026-08-27
EMR,equity,2017-09-30,8718000000,2017-11-19,StockholdersEquity,2026-08-27
EMR,grossProfit,2017-09-30,1804000000,2017-11-19,GrossProfit,2026-08-27
EMR,inventory,2017-09-30,1696000000,2017-11-19,InventoryNet,2026-08-27
EMR,netIncome,2017-09-30,504000000,2017-11-19,NetIncomeLoss,2026-08-27
EMR,receivables,2017-09-30,3072000000,2017-11-19,AccountsReceivableNetCurrent,2026-08-27
EMR,revenue,2017-09-30,4435000000,2017-11-19,SalesRevenueNet,2026-08-27
EMR,shares,2017-09-30,641700000,2017-11-19,CommonStockSharesOutstanding,2026-08-27
EOG,assets,2017-09-30,28805305000,2017-11-19,Assets,2026-08-27
EOG,cash,2017-09-30,846138000,2017-11-19,CashAndCashEquivalentsAtCarryingValue,2026-08-27
EOG,debt,2017-09-30,6380427000,2017-11-19,LongTermDebtNoncurrent,2026-08-27
EOG,inventory,2017-09-30,344016000,2017-11-19,InventoryNet,2026-08-27
EOG,netIncome,2017-09-30,100541000,2017-11-19,NetIncomeLoss,2026-08-27
EOG,operatingIncome,2017-09-30,214836000,2017-11-19,OperatingIncomeLoss,2026-08-27
EOG,receivables,2017-09-30,1243535000,2017-11-19,AccountsReceivableNetCurrent,2026-08-27
EOG,revenue,2017-09-30,2644844000,2017-11-19,Revenues,2026-08-27
EQIX,assets,2017-09-30,18308496000,2017-11-19,Assets,2026-08-27
EQIX,capex,2017-09-30,320234000,2017-11-19,PaymentsToAcquirePropertyPlantAndEquipment,2026-08-27
EQIX,cash,2017-09-30,1599988000,2017-11-19,CashAndCashEquivalentsAtCarryingValue,2026-08-27
EQIX,debt,2017-09-30,8449341000,2017-11-19,LongTermDebt,2026-08-27
EQIX,equity,2017-09-30,6542217000,2017-11-19,StockholdersEquity,2026-08-27
EQIX,grossProfit,2017-09-30,569901000,2017-11-19,GrossProfit,2026-08-27
EQIX,liabilities,2017-09-30,11766279000,2017-11-19,Liabilities,2026-08-27
EQIX,netIncome,2017-09-30,79900000,2017-11-19,NetIncomeLoss,2026-08-27
EQIX,operatingIncome,2017-09-30,224863000,2017-11-19,OperatingIncomeLoss,2026-08-27
EQIX,receivables,2017-09-30,597242000,2017-11-19,AccountsReceivableNetCurrent,2026-08-27
EQIX,revenue,2017-09-30,1152261000,2017-11-19,Revenues,2026-08-27
EQIX,shares,2017-09-30,78233670,2017-11-19,CommonStockSharesOutstanding,2026-08-27
EQT,assets,2017-09-30,15984648000,2017-11-19,Assets,2026-08-27
EQT,capex,2017-09-30,522299000,2017-11-19,PaymentsToAcquireProductiveAssets,2026-08-27
EQT,cash,2017-09-30,483558000,2017-11-19,CashAndCashEquivalentsAtCarryingValue,2026-08-27
EQT,debt,2017-09-30,2586041000,2017-11-19,LongTermDebtNoncurrent,2026-08-27
EQT,equity,2017-09-30,6087670000,2017-11-19,StockholdersEquity,2026-08-27
EQT,liabilities,2017-09-30,6559971000,2017-11-19,Liabilities,2026-08-27
EQT,netIncome,2017-09-30,23340000,2017-11-19,NetIncomeLoss,2026-08-27
EQT,operatingIncome,2017-09-30,-6380000,2017-11-19,OperatingIncomeLoss,2026-08-27
EQT,receivables,2017-09-30,279201000,2017-11-19,AccountsReceivableNetCurrent,2026-08-27
EQT,revenue,2017-09-30,597718000,2017-11-19,Revenues,2026-08-27
ERIE,assets,2017-09-30,1631429000,2017-11-19,Assets,2026-08-27
ERIE,cash,2017-09-30,184628000,2017-11-19,CashAndCashEquivalentsAtCarryingValue,2026-08-27
ERIE,debt,2017-09-30,49734000,2017-11-19,LongTermDebtNoncurrent,2026-08-27
ERIE,equity,2017-09-30,875150000,2017-11-19,StockholdersEquity,2026-08-27
ERIE,liabilities,2017-09-30,756279000,2017-11-19,Liabilities,2026-08-27
ERIE,netIncome,2017-09-30,58543000,2017-11-19,NetIncomeLoss,2026-08-27
ERIE,operatingIncome,2017-09-30,81239000,2017-11-19,OperatingIncomeLoss,2026-08-27
ERIE,revenue,2017-09-30,442492000,2017-11-19,Revenues,2026-08-27
ES,assets,2017-09-30,33163620000,2017-11-19,Assets,2026-08-27
ES,debt,2017-09-30,10468193000,2017-11-19,LongTermDebtNoncurrent,2026-08-27
ES,equity,2017-09-30,10998037000,2017-11-19,StockholdersEquity,2026-08-27
ES,netIncome,2017-09-30,262200000,2017-11-19,NetIncomeLoss,2026-08-27
ES,operatingIncome,2017-09-30,495300000,2017-11-19,OperatingIncomeLoss,2026-08-27
ES,receivables,2017-09-30,919959000,2017-11-19,AccountsReceivableNetCurrent,2026-08-27
ES,revenue,2017-09-30,1988500000,2017-11-19,Revenues,2026-08-27
ES,shares,2017-09-30,316885808,2017-11-19,CommonStockSharesOutstanding,2026-08-27
ESS,assets,2017-09-30,12512523000,2017-11-19,Assets,2026-08-27
ESS,cash,2017-09-30,46507000,2017-11-19,CashAndCashEquivalentsAtCarryingValue,2026-08-27
ESS,debt,2017-09-30,5605051000,2017-11-19,LongTermDebt,2026-08-27
ESS,equity,2017-09-30,6265508000,2017-11-19,StockholdersEquity,2026-08-27
ESS,liabilities,2017-09-30,6088585000,2017-11-19,Liabilities,2026-08-27
ESS,netIncome,2017-09-30,79723000,2017-11-19,NetIncomeLoss,2026-08-27
ESS,operatingIncome,2017-09-30,112669000,2017-11-19,OperatingIncomeLoss,2026-08-27
ESS,revenue,2017-09-30,344369000,2017-11-19,SalesRevenueNet,2026-08-27
ESS,shares,2017-09-30,66002487,2017-11-19,CommonStockSharesOutstanding,2026-08-27
ETN,assets,2017-09-30,32725000000,2017-11-19,Assets,2026-08-27
ETN,cash,2017-09-30,791000000,2017-11-19,CashAndCashEquivalentsAtCarryingValue,2026-08-27
ETN,equity,2017-09-30,16593000000,2017-11-19,StockholdersEquity,2026-08-27
ETN,inventory,2017-09-30,2457000000,2017-11-19,InventoryNet,2026-08-27
ETN,netIncome,2017-09-30,1401000000,2017-11-19,NetIncomeLoss,2026-08-27
ETN,revenue,2017-09-30,5211000000,2017-11-19,RevenueFromContractWithCustomerExcludingAssessedTax,2026-08-27
ETN,rnd,2017-09-30,147000000,2017-11-19,ResearchAndDevelopmentExpense,2026-08-27
ETR,assets,2017-09-30,46398442000,2017-11-19,Assets,2026-08-27
ETR,cash,2017-09-30,546291000,2017-11-19,CashAndCashEquivalentsAtCarryingValue,2026-08-27
ETR,debt,2017-09-30,13977522000,2017-11-19,LongTermDebtNoncurrent,2026-08-27
ETR,equity,2017-09-30,8690237000,2017-11-19,StockholdersEquity,2026-08-27
ETR,netIncome,2017-09-30,398198000,2017-11-19,NetIncomeLoss,2026-08-27
ETR,operatingIncome,2017-09-30,759003000,2017-11-19,OperatingIncomeLoss,2026-08-27
ETR,receivables,2017-09-30,1313343000,2017-11-19,AccountsReceivableNetCurrent,2026-08-27
ETR,revenue,2017-09-30,3243628000,2017-11-19,Revenues,2026-08-27
EVRG,netIncome,2017-09-30,158300000,2017-11-19,NetIncomeLoss,2026-08-27
EVRG,operatingIncome,2017-09-30,264900000,2017-11-19,OperatingIncomeLoss,2026-08-27
EVRG,revenue,2017-09-30,794300000,2017-11-19,Revenues,2026-08-27
EW,assets,2017-09-30,5488400000,2017-11-19,Assets,2026-08-27
EW,cash,2017-09-30,630300000,2017-11-19,CashAndCashEquivalentsAtCarryingValue,2026-08-27
EW,debt,2017-09-30,1034000000,2017-11-19,LongTermDebtNoncurrent,2026-08-27
EW,equity,2017-09-30,3162500000,2017-11-19,StockholdersEquity,2026-08-27
EW,grossProfit,2017-09-30,608200000,2017-11-19,GrossProfit,2026-08-27
EW,inventory,2017-09-30,538400000,2017-11-19,InventoryNet,2026-08-27
EW,operatingIncome,2017-09-30,214000000,2017-11-19,OperatingIncomeLoss,2026-08-27
EW,revenue,2017-09-30,821500000,2017-11-19,RevenueFromContractWithCustomerExcludingAssessedTax,2026-08-27
EW,rnd,2017-09-30,142900000,2017-11-19,ResearchAndDevelopmentExpense,2026-08-27
EW,shares,2017-09-30,211600000,2017-11-19,CommonStockSharesOutstanding,2026-08-27
EXC,assets,2017-09-30,118473000000,2017-11-19,Assets,2026-08-27
EXC,cash,2017-09-30,1203000000,2017-11-19,CashAndCashEquivalentsAtCarryingValue,2026-08-27
EXC,debt,2017-09-30,31701000000,2017-11-19,LongTermDebtNoncurrent,2026-08-27
EXC,equity,2017-09-30,28100000000,2017-11-19,StockholdersEquity,2026-08-27
EXC,liabilities,2017-09-30,88156000000,2017-11-19,Liabilities,2026-08-27
EXC,operatingIncome,2017-09-30,1499000000,2017-11-19,OperatingIncomeLoss,2026-08-27
EXC,receivables,2017-09-30,3854000000,2017-11-19,AccountsReceivableNetCurrent,2026-08-27
EXC,revenue,2017-09-30,8768000000,2017-11-19,Revenues,2026-08-27
EXC,shares,2017-09-30,960852473,2017-11-19,CommonStockSharesOutstanding,2026-08-27
EXE,assets,2017-09-30,11981000000,2017-11-19,Assets,2026-08-27
EXE,cash,2017-09-30,5000000,2017-11-19,CashAndCashEquivalentsAtCarryingValue,2026-08-27
EXE,debt,2017-09-30,9899000000,2017-11-19,LongTermDebtNoncurrent,2026-08-27
EXE,equity,2017-09-30,-957000000,2017-11-19,StockholdersEquity,2026-08-27
EXE,netIncome,2017-09-30,-18000000,2017-11-19,NetIncomeLoss,2026-08-27
EXE,operatingIncome,2017-09-30,94000000,2017-11-19,OperatingIncomeLoss,2026-08-27
EXE,receivables,2017-09-30,992000000,2017-11-19,AccountsReceivableNetCurrent,2026-08-27
EXE,revenue,2017-09-30,1943000000,2017-11-19,Revenues,2026-08-27
EXPD,assets,2017-09-30,3068881000,2017-11-19,Assets,2026-08-27
EXPD,buybacks,2017-09-30,202776000,2017-11-19,PaymentsForRepurchaseOfCommonStock,2026-08-27
EXPD,capex,2017-09-30,34462000,2017-11-19,PaymentsToAcquireProductiveAssets,2026-08-27
EXPD,cash,2017-09-30,1033444000,2017-11-19,CashAndCashEquivalentsAtCarryingValue,2026-08-27
EXPD,equity,2017-09-30,1978003000,2017-11-19,StockholdersEquity,2026-08-27
EXPD,netIncome,2017-09-30,120263000,2017-11-19,NetIncomeLoss,2026-08-27
EXPD,operatingCashFlow,2017-09-30,85360000,2017-11-19,NetCashProvidedByUsedInOperatingActivities,2026-08-27
EXPD,operatingIncome,2017-09-30,186895000,2017-11-19,OperatingIncomeLoss,2026-08-27
EXPD,receivables,2017-09-30,1349854000,2017-11-19,AccountsReceivableNetCurrent,2026-08-27
EXPD,revenue,2017-09-30,1802166000,2017-11-19,Revenues,2026-08-27
EXPD,shares,2017-09-30,177559000,2017-11-19,CommonStockSharesOutstanding,2026-08-27
EXPE,assets,2017-09-30,19035232000,2017-11-19,Assets,2026-08-27
EXPE,cash,2017-09-30,3239886000,2017-11-19,CashAndCashEquivalentsAtCarryingValue,2026-08-27
EXPE,debt,2017-09-30,3735736000,2017-11-19,LongTermDebtNoncurrent,2026-08-27
EXPE,equity,2017-09-30,4603420000,2017-11-19,StockholdersEquity,2026-08-27
EXPE,netIncome,2017-09-30,352000000,2017-11-19,NetIncomeLoss,2026-08-27
EXPE,operatingIncome,2017-09-30,481000000,2017-11-19,OperatingIncomeLoss,2026-08-27
EXPE,receivables,2017-09-30,1835286000,2017-11-19,AccountsReceivableNetCurrent,2026-08-27
EXPE,revenue,2017-09-30,2965848000,2017-11-19,SalesRevenueNet,2026-08-27
EXR,assets,2017-09-30,7086955000,2017-11-19,Assets,2026-08-27
EXR,cash,2017-09-30,63732000,2017-11-19,CashAndCashEquivalentsAtCarryingValue,2026-08-27
EXR,equity,2017-09-30,2215266000,2017-11-19,StockholdersEquity,2026-08-27
EXR,liabilities,2017-09-30,4513230000,2017-11-19,Liabilities,2026-08-27
EXR,netIncome,2017-09-30,93742000,2017-11-19,NetIncomeLoss,2026-08-27
EXR,operatingIncome,2017-09-30,139881000,2017-11-19,OperatingIncomeLoss,2026-08-27
EXR,revenue,2017-09-30,284156000,2017-11-19,Revenues,2026-08-27
EXR,shares,2017-09-30,126007207,2017-11-19,CommonStockSharesOutstanding,2026-08-27
F,assets,2017-09-30,251849000000,2017-11-19,Assets,2026-08-27
F,cash,2017-09-30,17589000000,2017-11-19,CashAndCashEquivalentsAtCarryingValue,2026-08-27
F,equity,2017-09-30,33238000000,2017-11-19,StockholdersEquity,2026-08-27
F,inventory,2017-09-30,11263000000,2017-11-19,InventoryNet,2026-08-27
F,liabilities,2017-09-30,217913000000,2017-11-19,Liabilities,2026-08-27
F,operatingCashFlow,2017-09-30,4998000000,2017-11-19,NetCashProvidedByUsedInOperatingActivitiesContinuingOperations,2026-08-27
F,receivables,2017-09-30,10277000000,2017-11-19,AccountsReceivableNetCurrent,2026-08-27
F,revenue,2017-09-30,36451000000,2017-11-19,Revenues,2026-08-27
FANG,assets,2017-09-30,7287568000,2017-11-19,Assets,2026-08-27
FANG,cash,2017-09-30,30205000,2017-11-19,CashAndCashEquivalentsAtCarryingValue,2026-08-27
FANG,debt,2017-09-30,1256388000,2017-11-19,LongTermDebtNoncurrent,2026-08-27
FANG,equity,2017-09-30,4898500000,2017-11-19,StockholdersEquity,2026-08-27
FANG,inventory,2017-09-30,4834000,2017-11-19,InventoryNet,2026-08-27
FANG,liabilities,2017-09-30,1701445000,2017-11-19,Liabilities,2026-08-27
FANG,netIncome,2017-09-30,73024000,2017-11-19,NetIncomeLoss,2026-08-27
FANG,operatingIncome,2017-09-30,142639000,2017-11-19,OperatingIncomeLoss,2026-08-27
FANG,receivables,2017-09-30,103963000,2017-11-19,AccountsReceivableNetCurrent,2026-08-27
FANG,shares,2017-09-30,98167289,2017-11-19,CommonStockSharesOutstanding,2026-08-27
FAST,assets,2017-09-30,2901600000,2017-11-19,Assets,2026-08-27
FAST,cash,2017-09-30,133400000,2017-11-19,CashAndCashEquivalentsAtCarryingValue,2026-08-27
FAST,debt,2017-09-30,432000000,2017-11-19,LongTermDebtNoncurrent,2026-08-27
FAST,equity,2017-09-30,2026300000,2017-11-19,StockholdersEquity,2026-08-27
FAST,grossProfit,2017-09-30,555900000,2017-11-19,GrossProfit,2026-08-27
FAST,inventory,2017-09-30,1047000000,2017-11-19,InventoryNet,2026-08-27
FAST,netIncome,2017-09-30,143100000,2017-11-19,NetIncomeLoss,2026-08-27
FAST,operatingIncome,2017-09-30,228500000,2017-11-19,OperatingIncomeLoss,2026-08-27
FAST,receivables,2017-09-30,632100000,2017-11-19,AccountsReceivableNetCurrent,2026-08-27
FAST,revenue,2017-09-30,1132800000,2017-11-19,RevenueFromContractWithCustomerExcludingAssessedTax,2026-08-27
FAST,shares,2017-09-30,287383174,2017-11-19,CommonStockSharesOutstanding,2026-08-27
FCX,assets,2017-09-30,37327000000,2017-11-19,Assets,2026-08-27
FCX,capex,2017-09-30,314000000,2017-11-19,PaymentsToAcquireProductiveAssets,2026-08-27
FCX,cash,2017-09-30,4957000000,2017-11-19,CashAndCashEquivalentsAtCarryingValue,2026-08-27
FCX,debt,2017-09-30,12567000000,2017-11-19,LongTermDebtNoncurrent,2026-08-27
FCX,equity,2017-09-30,6973000000,2017-11-19,StockholdersEquity,2026-08-27
FCX,liabilities,2017-09-30,27097000000,2017-11-19,Liabilities,2026-08-27
FCX,operatingIncome,2017-09-30,928000000,2017-11-19,OperatingIncomeLoss,2026-08-27
FCX,receivables,2017-09-30,1024000000,2017-11-19,AccountsReceivableNetCurrent,2026-08-27
FCX,revenue,2017-09-30,4310000000,2017-11-19,Revenues,2026-08-27
FDS,assets,2017-08-31,1413315000,2017-10-20,Assets,2026-08-27
FDS,cash,2017-08-31,194731000,2017-10-20,CashAndCashEquivalentsAtCarryingValue,2026-08-27
FDS,debt,2017-08-31,575000000,2017-10-20,LongTermDebt,2026-08-27
FDS,equity,2017-08-31,559691000,2017-10-20,StockholdersEquity,2026-08-27
FDS,liabilities,2017-08-31,853624000,2017-10-20,Liabilities,2026-08-27
FDS,netIncome,2017-08-31,59552000,2017-10-20,NetIncomeLoss,2026-08-27
FDS,operatingIncome,2017-08-31,82428000,2017-10-20,OperatingIncomeLoss,2026-08-27
FDS,receivables,2017-08-31,148331000,2017-10-20,AccountsReceivableNetCurrent,2026-08-27
FDS,revenue,2017-08-31,326642000,2017-10-20,Revenues,2026-08-27
FDS,shares,2017-08-31,39023000,2017-10-20,CommonStockSharesOutstanding,2026-08-27
FDX,assets,2017-08-31,49350000000,2017-10-20,Assets,2026-08-27
FDX,buybacks,2017-08-31,86000000,2017-10-20,PaymentsForRepurchaseOfCommonStock,2026-08-27
FDX,capex,2017-08-31,1044000000,2017-10-20,PaymentsToAcquireProductiveAssets,2026-08-27
FDX,cash,2017-08-31,3503000000,2017-10-20,CashAndCashEquivalentsAtCarryingValue,2026-08-27
FDX,debt,2017-08-31,15100000000,2017-10-20,LongTermDebt,2026-08-27
FDX,equity,2017-08-31,16618000000,2017-10-20,StockholdersEquity,2026-08-27
FDX,netIncome,2017-08-31,596000000,2017-10-20,NetIncomeLoss,2026-08-27
FDX,operatingCashFlow,2017-08-31,590000000,2017-10-20,NetCashProvidedByUsedInOperatingActivities,2026-08-27
FDX,operatingIncome,2017-08-31,971000000,2017-10-20,OperatingIncomeLoss,2026-08-27
FDX,revenue,2017-08-31,15297000000,2017-10-20,Revenues,2026-08-27
FE,assets,2017-09-30,43649000000,2017-11-19,Assets,2026-08-27
FE,capex,2017-09-30,593000000,2017-11-19,PaymentsToAcquireProductiveAssets,2026-08-27
FE,cash,2017-09-30,399000000,2017-11-19,CashAndCashEquivalentsAtCarryingValue,2026-08-27
FE,equity,2017-09-30,6406000000,2017-11-19,StockholdersEquity,2026-08-27
FE,inventory,2017-09-30,543000000,2017-11-19,InventoryNet,2026-08-27
FE,netIncome,2017-09-30,396000000,2017-11-19,NetIncomeLoss,2026-08-27
FE,operatingIncome,2017-09-30,733000000,2017-11-19,OperatingIncomeLoss,2026-08-27
FE,receivables,2017-09-30,1370000000,2017-11-19,AccountsReceivableNetCurrent,2026-08-27
FE,revenue,2017-09-30,2910000000,2017-11-19,Revenues,2026-08-27
FE,shares,2017-09-30,444858003,2017-11-19,CommonStockSharesOutstanding,2026-08-27
FFIV,assets,2017-09-30,2476489000,2017-11-19,Assets,2026-08-27
FFIV,cash,2017-09-30,673228000,2017-11-19,CashAndCashEquivalentsAtCarryingValue,2026-08-27
FFIV,grossProfit,2017-09-30,447457000,2017-11-19,GrossProfit,2026-08-27
FFIV,inventory,2017-09-30,29834000,2017-11-19,InventoryNet,2026-08-27
FFIV,netIncome,2017-09-30,135743000,2017-11-19,NetIncomeLoss,2026-08-27
FFIV,operatingIncome,2017-09-30,148835000,2017-11-19,OperatingIncomeLoss,2026-08-27
FFIV,receivables,2017-09-30,291924000,2017-11-19,AccountsReceivableNetCurrent,2026-08-27
FFIV,revenue,2017-09-30,537998000,2017-11-19,SalesRevenueNet,2026-08-27
FFIV,rnd,2017-09-30,85479000,2017-11-19,ResearchAndDevelopmentExpense,2026-08-27
FFIV,shares,2017-09-30,62594000,2017-11-19,CommonStockSharesOutstanding,2026-08-27
FICO,assets,2017-09-30,1255620000,2017-11-19,Assets,2026-08-27
FICO,cash,2017-09-30,105618000,2017-11-19,CashAndCashEquivalentsAtCarryingValue,2026-08-27
FICO,debt,2017-09-30,462801000,2017-11-19,LongTermDebtNoncurrent,2026-08-27
FICO,equity,2017-09-30,466183000,2017-11-19,StockholdersEquity,2026-08-27
FICO,grossProfit,2017-09-30,178003000,2017-11-19,GrossProfit,2026-08-27
FICO,liabilities,2017-09-30,829083000,2017-11-19,Liabilities,2026-08-27
FICO,netIncome,2017-09-30,40044000,2017-11-19,NetIncomeLoss,2026-08-27
FICO,receivables,2017-09-30,168586000,2017-11-19,AccountsReceivableNetCurrent,2026-08-27
FICO,revenue,2017-09-30,253205000,2017-11-19,Revenues,2026-08-27
FICO,shares,2017-09-30,30243000,2017-11-19,CommonStockSharesOutstanding,2026-08-27
FIS,assets,2017-09-30,24294000000,2017-11-19,Assets,2026-08-27
FIS,capex,2017-09-30,152000000,2017-11-19,PaymentsToAcquireProductiveAssets,2026-08-27
FIS,cash,2017-09-30,720000000,2017-11-19,CashAndCashEquivalentsAtCarryingValue,2026-08-27
FIS,equity,2017-09-30,9985000000,2017-11-19,StockholdersEquity,2026-08-27
FIS,grossProfit,2017-09-30,710000000,2017-11-19,GrossProfit,2026-08-27
FIS,liabilities,2017-09-30,14205000000,2017-11-19,Liabilities,2026-08-27
FIS,netIncome,2017-09-30,59000000,2017-11-19,NetIncomeLoss,2026-08-27
FIS,operatingIncome,2017-09-30,385000000,2017-11-19,OperatingIncomeLoss,2026-08-27
FIS,receivables,2017-09-30,1598000000,2017-11-19,AccountsReceivableNetCurrent,2026-08-27
FIS,revenue,2017-09-30,2096000000,2017-11-19,RevenueFromContractWithCustomerExcludingAssessedTax,2026-08-27
FISV,assets,2017-09-30,10199000000,2017-11-19,Assets,2026-08-27
FISV,equity,2017-09-30,2350000000,2017-11-19,StockholdersEquity,2026-08-27
FISV,liabilities,2017-09-30,7849000000,2017-11-19,Liabilities,2026-08-27
FISV,netIncome,2017-09-30,232000000,2017-11-19,NetIncomeLoss,2026-08-27
FISV,operatingIncome,2017-09-30,370000000,2017-11-19,OperatingIncomeLoss,2026-08-27
FISV,receivables,2017-09-30,898000000,2017-11-19,AccountsReceivableNetCurrent,2026-08-27
FISV,revenue,2017-09-30,1400000000,2017-11-19,Revenues,2026-08-27
FITB,assets,2017-09-30,142264000000,2017-11-19,Assets,2026-08-27
FITB,debt,2017-09-30,14039000000,2017-11-19,LongTermDebt,2026-08-27
FITB,equity,2017-09-30,16360000000,2017-11-19,StockholdersEquity,2026-08-27
FITB,liabilities,2017-09-30,125884000000,2017-11-19,Liabilities,2026-08-27
FITB,netIncome,2017-09-30,1014000000,2017-11-19,NetIncomeLoss,2026-08-27
FITB,shares,2017-09-30,705473789,2017-11-19,CommonStockSharesOutstanding,2026-08-27
FIX,assets,2017-09-30,884587000,2017-11-19,Assets,2026-08-27
FIX,cash,2017-09-30,29496000,2017-11-19,CashAndCashEquivalentsAtCarryingValue,2026-08-27
FIX,debt,2017-09-30,80951000,2017-11-19,LongTermDebtNoncurrent,2026-08-27
FIX,equity,2017-09-30,411929000,2017-11-19,StockholdersEquity,2026-08-27
FIX,grossProfit,2017-09-30,100858000,2017-11-19,GrossProfit,2026-08-27
FIX,inventory,2017-09-30,10778000,2017-11-19,InventoryNet,2026-08-27
FIX,liabilities,2017-09-30,472658000,2017-11-19,Liabilities,2026-08-27
FIX,netIncome,2017-09-30,22284000,2017-11-19,NetIncomeLoss,2026-08-27
FIX,operatingIncome,2017-09-30,34335000,2017-11-19,OperatingIncomeLoss,2026-08-27
FIX,receivables,2017-09-30,390497000,2017-11-19,AccountsReceivableNetCurrent,2026-08-27
FIX,revenue,2017-09-30,480851000,2017-11-19,Revenues,2026-08-27
FIX,shares,2017-09-30,37134000,2017-11-19,CommonStockSharesOutstanding,2026-08-27
FLEX,assets,2017-09-29,13561906000,2017-11-18,Assets,2026-08-27
FLEX,cash,2017-09-29,1369502000,2017-11-18,CashAndCashEquivalentsAtCarryingValue,2026-08-27
FLEX,debt,2017-09-29,2909144000,2017-11-18,LongTermDebtNoncurrent,2026-08-27
FLEX,equity,2017-09-29,2872285000,2017-11-18,StockholdersEquity,2026-08-27
FLEX,grossProfit,2017-09-29,393325000,2017-11-18,GrossProfit,2026-08-27
FLEX,inventory,2017-09-29,3773654000,2017-11-18,InventoryNet,2026-08-27
FLEX,receivables,2017-09-29,2632934000,2017-11-18,AccountsReceivableNetCurrent,2026-08-27
FLEX,revenue,2017-09-29,6270420000,2017-11-18,RevenueFromContractWithCustomerExcludingAssessedTax,2026-08-27
FLEX,shares,2017-09-29,528928145,2017-11-18,CommonStockSharesOutstanding,2026-08-27
FOX,revenue,2017-09-30,2188000000,2017-11-19,Revenues,2026-08-27
FRT,assets,2017-09-30,6221137000,2017-11-19,Assets,2026-08-27
FRT,cash,2017-09-30,22850000,2017-11-19,CashAndCashEquivalentsAtCarryingValue,2026-08-27
FRT,equity,2017-09-30,2208954000,2017-11-19,StockholdersEquity,2026-08-27
FRT,liabilities,2017-09-30,3735531000,2017-11-19,Liabilities,2026-08-27
FRT,netIncome,2017-09-30,106777000,2017-11-19,NetIncomeLoss,2026-08-27
FRT,operatingIncome,2017-09-30,84497000,2017-11-19,OperatingIncomeLoss,2026-08-27
FRT,revenue,2017-09-30,217953000,2017-11-19,Revenues,2026-08-27
FRT,shares,2017-09-30,72251477,2017-11-19,CommonStockSharesOutstanding,2026-08-27
FSLR,assets,2017-09-30,7054693000,2017-11-19,Assets,2026-08-27
FSLR,cash,2017-09-30,2019073000,2017-11-19,CashAndCashEquivalentsAtCarryingValue,2026-08-27
FSLR,debt,2017-09-30,356735000,2017-11-19,LongTermDebt,2026-08-27
FSLR,equity,2017-09-30,5512396000,2017-11-19,StockholdersEquity,2026-08-27
FSLR,grossProfit,2017-09-30,291800000,2017-11-19,GrossProfit,2026-08-27
FSLR,inventory,2017-09-30,217555000,2017-11-19,InventoryNet,2026-08-27
FSLR,liabilities,2017-09-30,1542297000,2017-11-19,Liabilities,2026-08-27
FSLR,netIncome,2017-09-30,205747000,2017-11-19,NetIncomeLoss,2026-08-27
FSLR,operatingIncome,2017-09-30,206989000,2017-11-19,OperatingIncomeLoss,2026-08-27
FSLR,receivables,2017-09-30,344645000,2017-11-19,AccountsReceivableNetCurrent,2026-08-27
FSLR,revenue,2017-09-30,1087026000,2017-11-19,Revenues,2026-08-27
FSLR,rnd,2017-09-30,20850000,2017-11-19,ResearchAndDevelopmentExpense,2026-08-27
FSLR,shares,2017-09-30,104431990,2017-11-19,CommonStockSharesOutstanding,2026-08-27
FTNT,assets,2017-09-30,2395279000,2017-11-19,Assets,2026-08-27
FTNT,cash,2017-09-30,905800000,2017-11-19,CashAndCashEquivalentsAtCarryingValue,2026-08-27
FTNT,equity,2017-09-30,902225000,2017-11-19,StockholdersEquity,2026-08-27
FTNT,grossProfit,2017-09-30,280600000,2017-11-19,GrossProfit,2026-08-27
FTNT,inventory,2017-09-30,73595000,2017-11-19,InventoryNet,2026-08-27
FTNT,liabilities,2017-09-30,1493054000,2017-11-19,Liabilities,2026-08-27
FTNT,netIncome,2017-09-30,26700000,2017-11-19,NetIncomeLoss,2026-08-27
FTNT,operatingIncome,2017-09-30,33700000,2017-11-19,OperatingIncomeLoss,2026-08-27
FTNT,receivables,2017-09-30,257999000,2017-11-19,AccountsReceivableNetCurrent,2026-08-27
FTNT,revenue,2017-09-30,374200000,2017-11-19,SalesRevenueNet,2026-08-27
FTNT,rnd,2017-09-30,53500000,2017-11-19,ResearchAndDevelopmentExpense,2026-08-27
FTNT,shares,2017-09-30,174625000,2017-11-19,CommonStockSharesOutstanding,2026-08-27
FTV,assets,2017-09-29,9327000000,2017-11-18,Assets,2026-08-27
FTV,cash,2017-09-29,910900000,2017-11-18,CashAndCashEquivalentsAtCarryingValue,2026-08-27
FTV,debt,2017-09-29,3671900000,2017-11-18,LongTermDebtNoncurrent,2026-08-27
FTV,equity,2017-09-29,3474200000,2017-11-18,StockholdersEquity,2026-08-27
FTV,grossProfit,2017-09-29,744800000,2017-11-18,GrossProfit,2026-08-27
FTV,inventory,2017-09-29,576200000,2017-11-18,InventoryNet,2026-08-27
FTV,operatingIncome,2017-09-29,301400000,2017-11-18,OperatingIncomeLoss,2026-08-27
FTV,receivables,2017-09-29,1075100000,2017-11-18,AccountsReceivableNetCurrent,2026-08-27
FTV,revenue,2017-09-29,1685300000,2017-11-18,Revenues,2026-08-27
FTV,rnd,2017-09-29,102000000,2017-11-18,ResearchAndDevelopmentExpense,2026-08-27
FTV,shares,2017-09-29,347500000,2017-11-18,CommonStockSharesOutstanding,2026-08-27
GD,assets,2017-07-02,33793000000,2017-08-21,Assets,2026-08-27
GD,cash,2017-07-02,1856000000,2017-08-21,CashAndCashEquivalentsAtCarryingValue,2026-08-27
GD,debt,2017-07-02,2989000000,2017-08-21,LongTermDebtNoncurrent,2026-08-27
GD,equity,2017-07-02,10952000000,2017-08-21,StockholdersEquity,2026-08-27
GD,inventory,2017-07-02,5839000000,2017-08-21,InventoryNet,2026-08-27
GD,netIncome,2017-07-02,749000000,2017-08-21,NetIncomeLoss,2026-08-27
GD,operatingIncome,2017-07-02,1067000000,2017-08-21,OperatingIncomeLoss,2026-08-27
GD,receivables,2017-07-02,3690000000,2017-08-21,AccountsReceivableNetCurrent,2026-08-27
GD,revenue,2017-07-02,7675000000,2017-08-21,Revenues,2026-08-27
GDDY,assets,2017-09-30,5695000000,2017-11-19,Assets,2026-08-27
GDDY,cash,2017-09-30,536900000,2017-11-19,CashAndCashEquivalentsAtCarryingValue,2026-08-27
GDDY,debt,2017-09-30,2415800000,2017-11-19,LongTermDebtNoncurrent,2026-08-27
GDDY,equity,2017-09-30,395200000,2017-11-19,StockholdersEquity,2026-08-27
GDDY,netIncome,2017-09-30,22400000,2017-11-19,NetIncomeLoss,2026-08-27
GDDY,operatingIncome,2017-09-30,32100000,2017-11-19,OperatingIncomeLoss,2026-08-27
GDDY,receivables,2017-09-30,17300000,2017-11-19,AccountsReceivableNetCurrent,2026-08-27
GDDY,revenue,2017-09-30,582200000,2017-11-19,RevenueFromContractWithCustomerExcludingAssessedTax,2026-08-27
GDDY,shares,2017-09-30,166211000,2017-11-19,CommonStockSharesOutstanding,2026-08-27
GE,assets,2017-09-30,378038000000,2017-11-19,Assets,2026-08-27
GE,equity,2017-09-30,69051000000,2017-11-19,StockholdersEquity,2026-08-27
GE,inventory,2017-09-30,25848000000,2017-11-19,InventoryNet,2026-08-27
GE,liabilities,2017-09-30,280544000000,2017-11-19,Liabilities,2026-08-27
GE,netIncome,2017-09-30,1360000000,2017-11-19,NetIncomeLoss,2026-08-27
GE,receivables,2017-09-30,25026000000,2017-11-19,AccountsReceivableNetCurrent,2026-08-27
GE,revenue,2017-09-30,30662000000,2017-11-19,Revenues,2026-08-27
GE,shares,2017-09-30,8672085000,2017-11-19,CommonStockSharesOutstanding,2026-08-27
GEN,assets,2017-09-29,15996000000,2017-11-18,Assets,2026-08-27
GEN,cash,2017-09-29,1826000000,2017-11-18,CashAndCashEquivalentsAtCarryingValue,2026-08-27
GEN,debt,2017-09-29,6079000000,2017-11-18,LongTermDebtNoncurrent,2026-08-27
GEN,equity,2017-09-29,3535000000,2017-11-18,StockholdersEquity,2026-08-27
GEN,grossProfit,2017-09-29,978000000,2017-11-18,GrossProfit,2026-08-27
GEN,liabilities,2017-09-29,12461000000,2017-11-18,Liabilities,2026-08-27
GEN,netIncome,2017-09-29,-12000000,2017-11-18,NetIncomeLoss,2026-08-27
GEN,operatingIncome,2017-09-29,-9000000,2017-11-18,OperatingIncomeLoss,2026-08-27
GEN,receivables,2017-09-29,514000000,2017-11-18,AccountsReceivableNetCurrent,2026-08-27
GEN,revenue,2017-09-29,1240000000,2017-11-18,RevenueFromContractWithCustomerExcludingAssessedTax,2026-08-27
GEN,rnd,2017-09-29,241000000,2017-11-18,ResearchAndDevelopmentExpense,2026-08-27
GEN,shares,2017-09-29,619633,2017-11-18,CommonStockSharesOutstanding,2026-08-27
GILD,assets,2017-09-30,64662000000,2017-11-19,Assets,2026-08-27
GILD,cash,2017-09-30,11508000000,2017-11-19,CashAndCashEquivalentsAtCarryingValue,2026-08-27
GILD,debt,2017-09-30,27515000000,2017-11-19,LongTermDebtNoncurrent,2026-08-27
GILD,equity,2017-09-30,24845000000,2017-11-19,StockholdersEquity,2026-08-27
GILD,grossProfit,2017-09-30,5370000000,2017-11-19,GrossProfit,2026-08-27
GILD,inventory,2017-09-30,1144000000,2017-11-19,InventoryNet,2026-08-27
GILD,netIncome,2017-09-30,2718000000,2017-11-19,NetIncomeLoss,2026-08-27
GILD,operatingIncome,2017-09-30,3812000000,2017-11-19,OperatingIncomeLoss,2026-08-27
GILD,receivables,2017-09-30,4122000000,2017-11-19,AccountsReceivableNetCurrent,2026-08-27
GILD,revenue,2017-09-30,6512000000,2017-11-19,Revenues,2026-08-27
GILD,rnd,2017-09-30,789000000,2017-11-19,ResearchAndDevelopmentExpense,2026-08-27
GILD,shares,2017-09-30,1307000000,2017-11-19,CommonStockSharesOutstanding,2026-08-27
GIS,assets,2017-08-27,22209600000,2017-10-16,Assets,2026-08-27
GIS,buybacks,2017-08-27,600300000,2017-10-16,PaymentsForRepurchaseOfCommonStock,2026-08-27
GIS,capex,2017-08-27,116300000,2017-10-16,PaymentsToAcquirePropertyPlantAndEquipment,2026-08-27
GIS,cash,2017-08-27,820800000,2017-10-16,CashAndCashEquivalentsAtCarryingValue,2026-08-27
GIS,debt,2017-08-27,7822700000,2017-10-16,LongTermDebtNoncurrent,2026-08-27
GIS,equity,2017-08-27,3903800000,2017-10-16,StockholdersEquity,2026-08-27
GIS,grossProfit,2017-08-27,1313300000,2017-10-16,GrossProfit,2026-08-27
GIS,inventory,2017-08-27,1595200000,2017-10-16,InventoryNet,2026-08-27
GIS,liabilities,2017-08-27,16959200000,2017-10-16,Liabilities,2026-08-27
GIS,netIncome,2017-08-27,404700000,2017-10-16,NetIncomeLoss,2026-08-27
GIS,operatingCashFlow,2017-08-27,590500000,2017-10-16,NetCashProvidedByUsedInOperatingActivities,2026-08-27
GIS,operatingIncome,2017-08-27,605300000,2017-10-16,OperatingIncomeLoss,2026-08-27
GIS,revenue,2017-08-27,3769200000,2017-10-16,RevenueFromContractWithCustomerExcludingAssessedTax,2026-08-27
GL,assets,2017-09-30,22993607000,2017-11-19,Assets,2026-08-27
GL,debt,2017-09-30,1130806000,2017-11-19,LongTermDebt,2026-08-27
GL,equity,2017-09-30,5167685000,2017-11-19,StockholdersEquity,2026-08-27
GL,grossProfit,2017-09-30,208015000,2017-11-19,GrossProfit,2026-08-27
GL,liabilities,2017-09-30,17825922000,2017-11-19,Liabilities,2026-08-27
GL,netIncome,2017-09-30,153334000,2017-11-19,NetIncomeLoss,2026-08-27
GL,operatingIncome,2017-09-30,209407000,2017-11-19,OperatingIncomeLoss,2026-08-27
GL,revenue,2017-09-30,1046015000,2017-11-19,Revenues,2026-08-27
GLW,assets,2017-09-30,28094000000,2017-11-19,Assets,2026-08-27
GLW,cash,2017-09-30,3865000000,2017-11-19,CashAndCashEquivalentsAtCarryingValue,2026-08-27
GLW,equity,2017-09-30,17317000000,2017-11-19,StockholdersEquity,2026-08-27
GLW,grossProfit,2017-09-30,1050000000,2017-11-19,GrossProfit,2026-08-27
GLW,inventory,2017-09-30,1693000000,2017-11-19,InventoryNet,2026-08-27
GLW,liabilities,2017-09-30,10711000000,2017-11-19,Liabilities,2026-08-27
GLW,netIncome,2017-09-30,390000000,2017-11-19,NetIncomeLoss,2026-08-27
GLW,operatingIncome,2017-09-30,442000000,2017-11-19,OperatingIncomeLoss,2026-08-27
GLW,receivables,2017-09-30,1748000000,2017-11-19,AccountsReceivableNetCurrent,2026-08-27
GLW,revenue,2017-09-30,2607000000,2017-11-19,Revenues,2026-08-27
GM,assets,2017-09-30,229502000000,2017-11-19,Assets,2026-08-27
GM,cash,2017-09-30,12792000000,2017-11-19,CashAndCashEquivalentsAtCarryingValue,2026-08-27
GM,equity,2017-09-30,42243000000,2017-11-19,StockholdersEquity,2026-08-27
GM,inventory,2017-09-30,11789000000,2017-11-19,InventoryNet,2026-08-27
GM,liabilities,2017-09-30,186025000000,2017-11-19,Liabilities,2026-08-27
GM,netIncome,2017-09-30,-2981000000,2017-11-19,NetIncomeLoss,2026-08-27
GM,operatingIncome,2017-09-30,1576000000,2017-11-19,OperatingIncomeLoss,2026-08-27
GM,revenue,2017-09-30,33623000000,2017-11-19,Revenues,2026-08-27
GM,shares,2017-09-30,1400000000,2017-11-19,CommonStockSharesOutstanding,2026-08-27
GNRC,assets,2017-09-30,2000974000,2017-11-19,Assets,2026-08-27
GNRC,cash,2017-09-30,128780000,2017-11-19,CashAndCashEquivalentsAtCarryingValue,2026-08-27
GNRC,equity,2017-09-30,473147000,2017-11-19,StockholdersEquity,2026-08-27
GNRC,grossProfit,2017-09-30,157680000,2017-11-19,GrossProfit,2026-08-27
GNRC,inventory,2017-09-30,356382000,2017-11-19,InventoryNet,2026-08-27
GNRC,liabilities,2017-09-30,1485928000,2017-11-19,Liabilities,2026-08-27
GNRC,netIncome,2017-09-30,39435000,2017-11-19,NetIncomeLoss,2026-08-27
GNRC,operatingIncome,2017-09-30,72548000,2017-11-19,OperatingIncomeLoss,2026-08-27
GNRC,receivables,2017-09-30,316419000,2017-11-19,AccountsReceivableNetCurrent,2026-08-27
GNRC,revenue,2017-09-30,457747000,2017-11-19,RevenueFromContractWithCustomerExcludingAssessedTax,2026-08-27
GNRC,rnd,2017-09-30,10850000,2017-11-19,ResearchAndDevelopmentExpense,2026-08-27
GOOG,assets,2017-09-30,189536000000,2017-11-19,Assets,2026-08-27
GOOG,capex,2017-09-30,3538000000,2017-11-19,PaymentsToAcquirePropertyPlantAndEquipment,2026-08-27
GOOG,cash,2017-09-30,10581000000,2017-11-19,CashAndCashEquivalentsAtCarryingValue,2026-08-27
GOOG,debt,2017-09-30,3941000000,2017-11-19,LongTermDebtNoncurrent,2026-08-27
GOOG,equity,2017-09-30,157100000000,2017-11-19,StockholdersEquity,2026-08-27
GOOG,inventory,2017-09-30,765000000,2017-11-19,InventoryNet,2026-08-27
GOOG,liabilities,2017-09-30,32436000000,2017-11-19,Liabilities,2026-08-27
GOOG,netIncome,2017-09-30,6732000000,2017-11-19,NetIncomeLoss,2026-08-27
GOOG,operatingIncome,2017-09-30,7782000000,2017-11-19,OperatingIncomeLoss,2026-08-27
GOOG,receivables,2017-09-30,15295000000,2017-11-19,AccountsReceivableNetCurrent,2026-08-27
GOOG,revenue,2017-09-30,27772000000,2017-11-19,Revenues,2026-08-27
GOOG,rnd,2017-09-30,4205000000,2017-11-19,ResearchAndDevelopmentExpense,2026-08-27
GOOG,shares,2017-09-30,694790000,2017-11-19,CommonStockSharesOutstanding,2026-08-27
GPC,assets,2017-09-30,9494234000,2017-11-19,Assets,2026-08-27
GPC,cash,2017-09-30,210082000,2017-11-19,CashAndCashEquivalentsAtCarryingValue,2026-08-27
GPC,debt,2017-09-30,550000000,2017-11-19,LongTermDebtNoncurrent,2026-08-27
GPC,equity,2017-09-30,3378235000,2017-11-19,StockholdersEquity,2026-08-27
GPC,grossProfit,2017-09-30,1226890000,2017-11-19,GrossProfit,2026-08-27
GPC,inventory,2017-09-30,3354178000,2017-11-19,InventoryNet,2026-08-27
GPC,netIncome,2017-09-30,158442000,2017-11-19,NetIncomeLoss,2026-08-27
GPC,revenue,2017-09-30,4095906000,2017-11-19,RevenueFromContractWithCustomerExcludingAssessedTax,2026-08-27
GPC,shares,2017-09-30,146613496,2017-11-19,CommonStockSharesOutstanding,2026-08-27
GPN,assets,2017-09-30,12281549000,2017-11-19,Assets,2026-08-27
GPN,cash,2017-09-30,1186050000,2017-11-19,CashAndCashEquivalentsAtCarryingValue,2026-08-27
GPN,debt,2017-09-30,4677910000,2017-11-19,LongTermDebtNoncurrent,2026-08-27
GPN,equity,2017-09-30,3531349000,2017-11-19,StockholdersEquity,2026-08-27
GPN,liabilities,2017-09-30,8586596000,2017-11-19,Liabilities,2026-08-27
GPN,netIncome,2017-09-30,110740000,2017-11-19,NetIncomeLoss,2026-08-27
GPN,operatingIncome,2017-09-30,172471000,2017-11-19,OperatingIncomeLoss,2026-08-27
GPN,receivables,2017-09-30,296366000,2017-11-19,AccountsReceivableNetCurrent,2026-08-27
GPN,revenue,2017-09-30,1038907000,2017-11-19,Revenues,2026-08-27
GPN,shares,2017-09-30,158762894,2017-11-19,CommonStockSharesOutstanding,2026-08-27
GRMN,assets,2017-09-30,4835391000,2017-11-19,Assets,2026-08-27
GRMN,cash,2017-09-30,891279000,2017-11-19,CashAndCashEquivalentsAtCarryingValue,2026-08-27
GRMN,equity,2017-09-30,3639685000,2017-11-19,StockholdersEquity,2026-08-27
GRMN,grossProfit,2017-09-30,437523000,2017-11-19,GrossProfit,2026-08-27
GRMN,inventory,2017-09-30,575335000,2017-11-19,InventoryNet,2026-08-27
GRMN,netIncome,2017-09-30,151074000,2017-11-19,NetIncomeLoss,2026-08-27
GRMN,operatingIncome,2017-09-30,173648000,2017-11-19,OperatingIncomeLoss,2026-08-27
GRMN,receivables,2017-09-30,457391000,2017-11-19,AccountsReceivableNetCurrent,2026-08-27
GRMN,revenue,2017-09-30,743077000,2017-11-19,SalesRevenueNet,2026-08-27
GRMN,rnd,2017-09-30,129632000,2017-11-19,ResearchAndDevelopmentExpense,2026-08-27
GRMN,shares,2017-09-30,187500,2017-11-19,CommonStockSharesOutstanding,2026-08-27
GS,assets,2017-09-30,930132000000,2017-11-19,Assets,2026-08-27
GS,cash,2017-09-30,116610000000,2017-11-19,CashAndCashEquivalentsAtCarryingValue,2026-08-27
GS,debt,2017-09-30,223707000000,2017-11-19,LongTermDebtNoncurrent,2026-08-27
GS,equity,2017-09-30,86292000000,2017-11-19,StockholdersEquity,2026-08-27
GS,liabilities,2017-09-30,843840000000,2017-11-19,Liabilities,2026-08-27
GS,netIncome,2017-09-30,2128000000,2017-11-19,NetIncomeLoss,2026-08-27
GS,shares,2017-09-30,379098583,2017-11-19,CommonStockSharesOutstanding,2026-08-27
GWW,assets,2017-09-30,5825060000,2017-11-19,Assets,2026-08-27
GWW,cash,2017-09-30,284575000,2017-11-19,CashAndCashEquivalentsAtCarryingValue,2026-08-27
GWW,debt,2017-09-30,2270001000,2017-11-19,LongTermDebtNoncurrent,2026-08-27
GWW,equity,2017-09-30,1767497000,2017-11-19,StockholdersEquity,2026-08-27
GWW,grossProfit,2017-09-30,1017000000,2017-11-19,GrossProfit,2026-08-27
GWW,inventory,2017-09-30,1391993000,2017-11-19,InventoryNet,2026-08-27
GWW,netIncome,2017-09-30,162000000,2017-11-19,NetIncomeLoss,2026-08-27
GWW,operatingIncome,2017-09-30,277000000,2017-11-19,OperatingIncomeLoss,2026-08-27
GWW,receivables,2017-09-30,1373323000,2017-11-19,AccountsReceivableNetCurrent,2026-08-27
GWW,revenue,2017-09-30,2636000000,2017-11-19,SalesRevenueNet,2026-08-27
HAL,assets,2017-09-30,25790000000,2017-11-19,Assets,2026-08-27
HAL,cash,2017-09-30,1898000000,2017-11-19,CashAndCashEquivalentsAtCarryingValue,2026-08-27
HAL,debt,2017-09-30,10423000000,2017-11-19,LongTermDebtNoncurrent,2026-08-27
HAL,equity,2017-09-30,9217000000,2017-11-19,StockholdersEquity,2026-08-27
HAL,inventory,2017-09-30,2444000000,2017-11-19,InventoryNet,2026-08-27
HAL,liabilities,2017-09-30,16544000000,2017-11-19,Liabilities,2026-08-27
HAL,netIncome,2017-09-30,365000000,2017-11-19,NetIncomeLoss,2026-08-27
HAL,operatingIncome,2017-09-30,642000000,2017-11-19,OperatingIncomeLoss,2026-08-27
HAL,revenue,2017-09-30,5444000000,2017-11-19,SalesRevenueNet,2026-08-27
HAS,assets,2017-07-02,4912743000,2017-08-21,Assets,2026-08-27
HAS,cash,2017-07-02,1433500000,2017-08-21,CashAndCashEquivalentsAtCarryingValue,2026-08-27
HAS,debt,2017-07-02,1199114000,2017-08-21,LongTermDebtNoncurrent,2026-08-27
HAS,equity,2017-07-02,1832494000,2017-08-21,StockholdersEquity,2026-08-27
HAS,inventory,2017-07-02,557507000,2017-08-21,InventoryNet,2026-08-27
HAS,liabilities,2017-07-02,3080249000,2017-08-21,Liabilities,2026-08-27
HAS,netIncome,2017-07-02,67723000,2017-08-21,NetIncomeLoss,2026-08-27
HAS,operatingIncome,2017-07-02,99984000,2017-08-21,OperatingIncomeLoss,2026-08-27
HAS,receivables,2017-07-02,846547000,2017-08-21,AccountsReceivableNetCurrent,2026-08-27
HAS,revenue,2017-07-02,972506000,2017-08-21,Revenues,2026-08-27
HAS,rnd,2017-07-02,62793000,2017-08-21,ResearchAndDevelopmentExpense,2026-08-27
HBAN,assets,2017-09-30,101988126000,2017-11-19,Assets,2026-08-27
HBAN,cash,2017-09-30,1194000000,2017-11-19,CashAndCashEquivalentsAtCarryingValue,2026-08-27
HBAN,debt,2017-09-30,9200707000,2017-11-19,LongTermDebt,2026-08-27
HBAN,equity,2017-09-30,10699000000,2017-11-19,StockholdersEquity,2026-08-27
HBAN,liabilities,2017-09-30,91289277000,2017-11-19,Liabilities,2026-08-27
HBAN,netIncome,2017-09-30,275000000,2017-11-19,NetIncomeLoss,2026-08-27
HBAN,shares,2017-09-30,1080946315,2017-11-19,CommonStockSharesOutstanding,2026-08-27
HCA,assets,2017-09-30,35731000000,2017-11-19,Assets,2026-08-27
HCA,cash,2017-09-30,718000000,2017-11-19,CashAndCashEquivalentsAtCarryingValue,2026-08-27
HCA,debt,2017-09-30,32751000000,2017-11-19,LongTermDebtNoncurrent,2026-08-27
HCA,equity,2017-09-30,-6780000000,2017-11-19,StockholdersEquity,2026-08-27
HCA,inventory,2017-09-30,1546000000,2017-11-19,InventoryNet,2026-08-27
HCA,liabilities,2017-09-30,40797000000,2017-11-19,Liabilities,2026-08-27
HCA,netIncome,2017-09-30,426000000,2017-11-19,NetIncomeLoss,2026-08-27
HCA,receivables,2017-09-30,5980000000,2017-11-19,AccountsReceivableNetCurrent,2026-08-27
HCA,shares,2017-09-30,356979800,2017-11-19,CommonStockSharesOutstanding,2026-08-27
HD,assets,2017-07-30,45959000000,2017-09-18,Assets,2026-08-27
HD,cash,2017-07-30,3549000000,2017-09-18,CashAndCashEquivalentsAtCarryingValue,2026-08-27
HD,equity,2017-07-30,3554000000,2017-09-18,StockholdersEquity,2026-08-27
HD,grossProfit,2017-07-30,9461000000,2017-09-18,GrossProfit,2026-08-27
HD,inventory,2017-07-30,12868000000,2017-09-18,InventoryNet,2026-08-27
HD,liabilities,2017-07-30,42405000000,2017-09-18,Liabilities,2026-08-27
HD,netIncome,2017-07-30,2672000000,2017-09-18,NetIncomeLoss,2026-08-27
HD,operatingIncome,2017-07-30,4463000000,2017-09-18,OperatingIncomeLoss,2026-08-27
HD,receivables,2017-07-30,2187000000,2017-09-18,AccountsReceivableNetCurrent,2026-08-27
HD,revenue,2017-07-30,28108000000,2017-09-18,RevenueFromContractWithCustomerExcludingAssessedTax,2026-08-27
HD,shares,2017-07-30,1181000000,2017-09-18,CommonStockSharesOutstanding,2026-08-27
HIG,assets,2017-09-30,224211000000,2017-11-19,Assets,2026-08-27
HIG,debt,2017-09-30,4818000000,2017-11-19,LongTermDebt,2026-08-27
HIG,equity,2017-09-30,17233000000,2017-11-19,StockholdersEquity,2026-08-27
HIG,liabilities,2017-09-30,206978000000,2017-11-19,Liabilities,2026-08-27
HIG,netIncome,2017-09-30,234000000,2017-11-19,NetIncomeLoss,2026-08-27
HIG,revenue,2017-09-30,4192000000,2017-11-19,Revenues,2026-08-27
HII,assets,2017-09-30,6172000000,2017-11-19,Assets,2026-08-27
HII,cash,2017-09-30,499000000,2017-11-19,CashAndCashEquivalentsAtCarryingValue,2026-08-27
HII,debt,2017-09-30,1282000000,2017-11-19,LongTermDebtNoncurrent,2026-08-27
HII,liabilities,2017-09-30,4460000000,2017-11-19,Liabilities,2026-08-27
HII,netIncome,2017-09-30,149000000,2017-11-19,NetIncomeLoss,2026-08-27
HII,operatingIncome,2017-09-30,241000000,2017-11-19,OperatingIncomeLoss,2026-08-27
HII,receivables,2017-09-30,1200000000,2017-11-19,AccountsReceivableNetCurrent,2026-08-27
HII,revenue,2017-09-30,1863000000,2017-11-19,Revenues,2026-08-27
HII,shares,2017-09-30,45300000,2017-11-19,CommonStockSharesOutstanding,2026-08-27
HLT,assets,2017-09-30,14223000000,2017-11-19,Assets,2026-08-27
HLT,cash,2017-09-30,670000000,2017-11-19,CashAndCashEquivalentsAtCarryingValue,2026-08-27
HLT,equity,2017-09-30,1447000000,2017-11-19,StockholdersEquity,2026-08-27
HLT,liabilities,2017-09-30,12775000000,2017-11-19,Liabilities,2026-08-27
HLT,netIncome,2017-09-30,158000000,2017-11-19,NetIncomeLoss,2026-08-27
HLT,operatingIncome,2017-09-30,332000000,2017-11-19,OperatingIncomeLoss,2026-08-27
HLT,receivables,2017-09-30,928000000,2017-11-19,AccountsReceivableNetCurrent,2026-08-27
HLT,revenue,2017-09-30,2354000000,2017-11-19,Revenues,2026-08-27
HLT,shares,2017-09-30,320920423,2017-11-19,CommonStockSharesOutstanding,2026-08-27
HON,assets,2017-09-30,56768000000,2017-11-19,Assets,2026-08-27
HON,cash,2017-09-30,7389000000,2017-11-19,CashAndCashEquivalentsAtCarryingValue,2026-08-27
HON,debt,2017-09-30,12851000000,2017-11-19,LongTermDebt,2026-08-27
HON,equity,2017-09-30,21074000000,2017-11-19,StockholdersEquity,2026-08-27
HON,grossProfit,2017-09-30,3067000000,2017-11-19,GrossProfit,2026-08-27
HON,inventory,2017-09-30,4751000000,2017-11-19,InventoryNet,2026-08-27
HON,netIncome,2017-09-30,1345000000,2017-11-19,NetIncomeLoss,2026-08-27
HON,receivables,2017-09-30,8587000000,2017-11-19,AccountsReceivableNetCurrent,2026-08-27
HON,revenue,2017-09-30,10121000000,2017-11-19,RevenueFromContractWithCustomerExcludingAssessedTax,2026-08-27
HON,shares,2017-09-30,760100000,2017-11-19,CommonStockSharesOutstanding,2026-08-27
HPE,assets,2017-07-31,70931000000,2017-09-19,Assets,2026-08-27
HPE,cash,2017-07-31,7757000000,2017-09-19,CashAndCashEquivalentsAtCarryingValue,2026-08-27
HPE,equity,2017-07-31,29012000000,2017-09-19,StockholdersEquity,2026-08-27
HPE,inventory,2017-07-31,2144000000,2017-09-19,InventoryNet,2026-08-27
HPE,netIncome,2017-07-31,165000000,2017-09-19,NetIncomeLoss,2026-08-27
HPE,operatingIncome,2017-07-31,201000000,2017-09-19,OperatingIncomeLoss,2026-08-27
HPE,receivables,2017-07-31,3845000000,2017-09-19,AccountsReceivableNetCurrent,2026-08-27
HPE,revenue,2017-07-31,7501000000,2017-09-19,Revenues,2026-08-27
HPE,rnd,2017-07-31,390000000,2017-09-19,ResearchAndDevelopmentExpense,2026-08-27
HPE,shares,2017-07-31,1624000000,2017-09-19,CommonStockSharesOutstanding,2026-08-27
HPQ,assets,2017-07-31,31934000000,2017-09-19,Assets,2026-08-27
HPQ,buybacks,2017-07-31,300000000,2017-09-19,PaymentsForRepurchaseOfCommonStock,2026-08-27
HPQ,cash,2017-07-31,6967000000,2017-09-19,CashAndCashEquivalentsAtCarryingValue,2026-08-27
HPQ,equity,2017-07-31,-4339000000,2017-09-19,StockholdersEquity,2026-08-27
HPQ,inventory,2017-07-31,5184000000,2017-09-19,InventoryNet,2026-08-27
HPQ,netIncome,2017-07-31,696000000,2017-09-19,NetIncomeLoss,2026-08-27
HPQ,operatingIncome,2017-07-31,955000000,2017-09-19,OperatingIncomeLoss,2026-08-27
HPQ,receivables,2017-07-31,4233000000,2017-09-19,AccountsReceivableNetCurrent,2026-08-27
HPQ,revenue,2017-07-31,13060000000,2017-09-19,Revenues,2026-08-27
HPQ,rnd,2017-07-31,289000000,2017-09-19,ResearchAndDevelopmentExpense,2026-08-27
HPQ,shares,2017-07-31,1670000000,2017-09-19,CommonStockSharesOutstanding,2026-08-27
HRL,assets,2017-07-30,6507965000,2017-09-18,Assets,2026-08-27
HRL,cash,2017-07-30,633341000,2017-09-18,CashAndCashEquivalentsAtCarryingValue,2026-08-27
HRL,debt,2017-07-30,250000000,2017-09-18,LongTermDebtNoncurrent,2026-08-27
HRL,equity,2017-07-30,4749713000,2017-09-18,StockholdersEquity,2026-08-27
HRL,grossProfit,2017-07-30,452409000,2017-09-18,GrossProfit,2026-08-27
HRL,inventory,2017-07-30,1013214000,2017-09-18,InventoryNet,2026-08-27
HRL,netIncome,2017-07-30,182508000,2017-09-18,NetIncomeLoss,2026-08-27
HRL,operatingIncome,2017-07-30,279705000,2017-09-18,OperatingIncomeLoss,2026-08-27
HRL,receivables,2017-07-30,549011000,2017-09-18,AccountsReceivableNetCurrent,2026-08-27
HRL,revenue,2017-07-30,2207375000,2017-09-18,SalesRevenueNet,2026-08-27
HSIC,assets,2017-09-30,7486661000,2017-11-19,Assets,2026-08-27
HSIC,cash,2017-09-30,79879000,2017-11-19,CashAndCashEquivalentsAtCarryingValue,2026-08-27
HSIC,equity,2017-09-30,3011639000,2017-11-19,StockholdersEquity,2026-08-27
HSIC,grossProfit,2017-09-30,836054000,2017-11-19,GrossProfit,2026-08-27
HSIC,inventory,2017-09-30,1692256000,2017-11-19,InventoryNet,2026-08-27
HSIC,liabilities,2017-09-30,3728704000,2017-11-19,Liabilities,2026-08-27
HSIC,netIncome,2017-09-30,138031000,2017-11-19,NetIncomeLoss,2026-08-27
HSIC,operatingIncome,2017-09-30,213548000,2017-11-19,OperatingIncomeLoss,2026-08-27
HSIC,receivables,2017-09-30,1544582000,2017-11-19,AccountsReceivableNetCurrent,2026-08-27
HSIC,revenue,2017-09-30,3161083000,2017-11-19,Revenues,2026-08-27
HSIC,shares,2017-09-30,156952738,2017-11-19,CommonStockSharesOutstanding,2026-08-27
HST,assets,2017-09-30,11771000000,2017-11-19,Assets,2026-08-27
HST,cash,2017-09-30,789000000,2017-11-19,CashAndCashEquivalentsAtCarryingValue,2026-08-27
HST,equity,2017-09-30,7079000000,2017-11-19,StockholdersEquity,2026-08-27
HST,liabilities,2017-09-30,4506000000,2017-11-19,Liabilities,2026-08-27
HST,netIncome,2017-09-30,104000000,2017-11-19,NetIncomeLoss,2026-08-27
HST,operatingIncome,2017-09-30,127000000,2017-11-19,OperatingIncomeLoss,2026-08-27
HST,revenue,2017-09-30,1254000000,2017-11-19,Revenues,2026-08-27
HST,shares,2017-09-30,738900000,2017-11-19,CommonStockSharesOutstanding,2026-08-27
HSY,assets,2017-07-02,5380228000,2017-08-21,Assets,2026-08-27
HSY,cash,2017-07-02,214062000,2017-08-21,CashAndCashEquivalentsAtCarryingValue,2026-08-27
HSY,debt,2017-07-02,2349756000,2017-08-21,LongTermDebtNoncurrent,2026-08-27
HSY,equity,2017-07-02,855305000,2017-08-21,StockholdersEquity,2026-08-27
HSY,grossProfit,2017-07-02,765847000,2017-08-21,GrossProfit,2026-08-27
HSY,inventory,2017-07-02,936437000,2017-08-21,InventoryNet,2026-08-27
HSY,liabilities,2017-07-02,4510246000,2017-08-21,Liabilities,2026-08-27
HSY,netIncome,2017-07-02,203501000,2017-08-21,NetIncomeLoss,2026-08-27
HSY,operatingIncome,2017-07-02,320492000,2017-08-21,OperatingIncomeLoss,2026-08-27
HSY,receivables,2017-07-02,417457000,2017-08-21,AccountsReceivableNetCurrent,2026-08-27
HSY,revenue,2017-07-02,1662991000,2017-08-21,Revenues,2026-08-27
HUBB,assets,2017-09-30,3743200000,2017-11-19,Assets,2026-08-27
HUBB,cash,2017-09-30,386400000,2017-11-19,CashAndCashEquivalentsAtCarryingValue,2026-08-27
HUBB,debt,2017-09-30,986700000,2017-11-19,LongTermDebtNoncurrent,2026-08-27
HUBB,equity,2017-09-30,1656000000,2017-11-19,StockholdersEquity,2026-08-27
HUBB,grossProfit,2017-09-30,307600000,2017-11-19,GrossProfit,2026-08-27
HUBB,inventory,2017-09-30,623600000,2017-11-19,InventoryNet,2026-08-27
HUBB,liabilities,2017-09-30,2075500000,2017-11-19,Liabilities,2026-08-27
HUBB,netIncome,2017-09-30,80800000,2017-11-19,NetIncomeLoss,2026-08-27
HUBB,operatingIncome,2017-09-30,150100000,2017-11-19,OperatingIncomeLoss,2026-08-27
HUBB,revenue,2017-09-30,950500000,2017-11-19,RevenueFromContractWithCustomerExcludingAssessedTax,2026-08-27
HUBB,shares,2017-09-30,54700000,2017-11-19,CommonStockSharesOutstanding,2026-08-27
HUM,assets,2017-09-30,32956000000,2017-11-19,Assets,2026-08-27
HUM,cash,2017-09-30,9865000000,2017-11-19,CashAndCashEquivalentsAtCarryingValue,2026-08-27
HUM,debt,2017-09-30,3977000000,2017-11-19,LongTermDebtNoncurrent,2026-08-27
HUM,equity,2017-09-30,11211000000,2017-11-19,StockholdersEquity,2026-08-27
HUM,liabilities,2017-09-30,21745000000,2017-11-19,Liabilities,2026-08-27
HUM,netIncome,2017-09-30,499000000,2017-11-19,NetIncomeLoss,2026-08-27
HUM,operatingIncome,2017-09-30,858000000,2017-11-19,OperatingIncomeLoss,2026-08-27
HUM,revenue,2017-09-30,13282000000,2017-11-19,Revenues,2026-08-27
HWM,assets,2017-09-30,19237000000,2017-11-19,Assets,2026-08-27
HWM,cash,2017-09-30,1815000000,2017-11-19,CashAndCashEquivalentsAtCarryingValue,2026-08-27
HWM,debt,2017-09-30,6802000000,2017-11-19,LongTermDebtNoncurrent,2026-08-27
HWM,equity,2017-09-30,5948000000,2017-11-19,StockholdersEquity,2026-08-27
HWM,inventory,2017-09-30,2453000000,2017-11-19,InventoryNet,2026-08-27
HWM,liabilities,2017-09-30,13276000000,2017-11-19,Liabilities,2026-08-27
HWM,netIncome,2017-09-30,119000000,2017-11-19,NetIncomeLoss,2026-08-27
HWM,operatingIncome,2017-09-30,310000000,2017-11-19,OperatingIncomeLoss,2026-08-27
HWM,receivables,2017-09-30,1150000000,2017-11-19,AccountsReceivableNetCurrent,2026-08-27
HWM,revenue,2017-09-30,3236000000,2017-11-19,Revenues,2026-08-27
HWM,rnd,2017-09-30,24000000,2017-11-19,ResearchAndDevelopmentExpense,2026-08-27
IBKR,assets,2017-09-30,59843000000,2017-11-19,Assets,2026-08-27
IBKR,cash,2017-09-30,2056000000,2017-11-19,CashAndCashEquivalentsAtCarryingValue,2026-08-27
IBKR,equity,2017-09-30,1096000000,2017-11-19,StockholdersEquity,2026-08-27
IBKR,liabilities,2017-09-30,53531000000,2017-11-19,Liabilities,2026-08-27
IBKR,revenue,2017-09-30,487000000,2017-11-19,Revenues,2026-08-27
IBM,assets,2017-09-30,121636000000,2017-11-19,Assets,2026-08-27
IBM,cash,2017-09-30,10915000000,2017-11-19,CashAndCashEquivalentsAtCarryingValue,2026-08-27
IBM,debt,2017-09-30,41327000000,2017-11-19,LongTermDebtNoncurrent,2026-08-27
IBM,equity,2017-09-30,19627000000,2017-11-19,StockholdersEquity,2026-08-27
IBM,grossProfit,2017-09-30,8981000000,2017-11-19,GrossProfit,2026-08-27
IBM,inventory,2017-09-30,1711000000,2017-11-19,InventoryNet,2026-08-27
IBM,liabilities,2017-09-30,101879000000,2017-11-19,Liabilities,2026-08-27
IBM,netIncome,2017-09-30,2726000000,2017-11-19,NetIncomeLoss,2026-08-27
IBM,receivables,2017-09-30,8150000000,2017-11-19,AccountsReceivableNetCurrent,2026-08-27
IBM,revenue,2017-09-30,19153000000,2017-11-19,Revenues,2026-08-27
IBM,rnd,2017-09-30,1291000000,2017-11-19,ResearchAndDevelopmentExpense,2026-08-27
ICE,assets,2017-09-30,79118000000,2017-11-19,Assets,2026-08-27
ICE,cash,2017-09-30,419000000,2017-11-19,CashAndCashEquivalentsAtCarryingValue,2026-08-27
ICE,debt,2017-09-30,4865000000,2017-11-19,LongTermDebtNoncurrent,2026-08-27
ICE,equity,2017-09-30,15992000000,2017-11-19,StockholdersEquity,2026-08-27
ICE,liabilities,2017-09-30,63099000000,2017-11-19,Liabilities,2026-08-27
ICE,netIncome,2017-09-30,371000000,2017-11-19,NetIncomeLoss,2026-08-27
ICE,operatingIncome,2017-09-30,596000000,2017-11-19,OperatingIncomeLoss,2026-08-27
ICE,receivables,2017-09-30,897000000,2017-11-19,AccountsReceivableNetCurrent,2026-08-27
ICE,revenue,2017-09-30,1432000000,2017-11-19,Revenues,2026-08-27
ICE,shares,2017-09-30,586000000,2017-11-19,CommonStockSharesOutstanding,2026-08-27
IDXX,assets,2017-09-30,1669334000,2017-11-19,Assets,2026-08-27
IDXX,cash,2017-09-30,169019000,2017-11-19,CashAndCashEquivalentsAtCarryingValue,2026-08-27
IDXX,equity,2017-09-30,-48622000,2017-11-19,StockholdersEquity,2026-08-27
IDXX,grossProfit,2017-09-30,274002000,2017-11-19,GrossProfit,2026-08-27
IDXX,inventory,2017-09-30,176749000,2017-11-19,InventoryNet,2026-08-27
IDXX,liabilities,2017-09-30,1717725000,2017-11-19,Liabilities,2026-08-27
IDXX,netIncome,2017-09-30,70511000,2017-11-19,NetIncomeLoss,2026-08-27
IDXX,operatingIncome,2017-09-30,100413000,2017-11-19,OperatingIncomeLoss,2026-08-27
IDXX,receivables,2017-09-30,228159000,2017-11-19,AccountsReceivableNetCurrent,2026-08-27
IDXX,revenue,2017-09-30,491976000,2017-11-19,RevenueFromContractWithCustomerExcludingAssessedTax,2026-08-27
IDXX,rnd,2017-09-30,27585000,2017-11-19,ResearchAndDevelopmentExpense,2026-08-27
IEX,assets,2017-09-30,3317761000,2017-11-19,Assets,2026-08-27
IEX,cash,2017-09-30,303291000,2017-11-19,CashAndCashEquivalentsAtCarryingValue,2026-08-27
IEX,debt,2017-09-30,874853000,2017-11-19,LongTermDebtNoncurrent,2026-08-27
IEX,equity,2017-09-30,1810312000,2017-11-19,StockholdersEquity,2026-08-27
IEX,grossProfit,2017-09-30,257930000,2017-11-19,GrossProfit,2026-08-27
IEX,inventory,2017-09-30,266705000,2017-11-19,InventoryNet,2026-08-27
IEX,liabilities,2017-09-30,1507449000,2017-11-19,Liabilities,2026-08-27
IEX,netIncome,2017-09-30,83768000,2017-11-19,NetIncomeLoss,2026-08-27
IEX,operatingIncome,2017-09-30,126504000,2017-11-19,OperatingIncomeLoss,2026-08-27
IEX,revenue,2017-09-30,574490000,2017-11-19,Revenues,2026-08-27
IFF,assets,2017-09-30,4520438000,2017-11-19,Assets,2026-08-27
IFF,cash,2017-09-30,316002000,2017-11-19,CashAndCashEquivalentsAtCarryingValue,2026-08-27
IFF,debt,2017-09-30,1625502000,2017-11-19,LongTermDebtNoncurrent,2026-08-27
IFF,equity,2017-09-30,1757313000,2017-11-19,StockholdersEquity,2026-08-27
IFF,grossProfit,2017-09-30,380398000,2017-11-19,GrossProfit,2026-08-27
IFF,inventory,2017-09-30,619516000,2017-11-19,InventoryNet,2026-08-27
IFF,netIncome,2017-09-30,110261000,2017-11-19,NetIncomeLoss,2026-08-27
IFF,operatingIncome,2017-09-30,149000000,2017-11-19,OperatingIncomeLoss,2026-08-27
IFF,revenue,2017-09-30,872940000,2017-11-19,Revenues,2026-08-27
IFF,rnd,2017-09-30,73762000,2017-11-19,ResearchAndDevelopmentExpense,2026-08-27
IFF,shares,2017-09-30,78977158,2017-11-19,CommonStockSharesOutstanding,2026-08-27
INCY,assets,2017-09-30,2374301000,2017-11-19,Assets,2026-08-27
INCY,cash,2017-09-30,1128046000,2017-11-19,CashAndCashEquivalentsAtCarryingValue,2026-08-27
INCY,equity,2017-09-30,1757750000,2017-11-19,StockholdersEquity,2026-08-27
INCY,inventory,2017-09-30,3261000,2017-11-19,InventoryNet,2026-08-27
INCY,liabilities,2017-09-30,616551000,2017-11-19,Liabilities,2026-08-27
INCY,netIncome,2017-09-30,36054000,2017-11-19,NetIncomeLoss,2026-08-27
INCY,operatingIncome,2017-09-30,15019000,2017-11-19,OperatingIncomeLoss,2026-08-27
INCY,revenue,2017-09-30,381534000,2017-11-19,Revenues,2026-08-27
INCY,rnd,2017-09-30,269557000,2017-11-19,ResearchAndDevelopmentExpense,2026-08-27
INCY,shares,2017-09-30,211019366,2017-11-19,CommonStockSharesOutstanding,2026-08-27
INTC,assets,2017-09-30,127088000000,2017-11-19,Assets,2026-08-27
INTC,cash,2017-09-30,9075000000,2017-11-19,CashAndCashEquivalentsAtCarryingValue,2026-08-27
INTC,debt,2017-09-30,27498000000,2017-11-19,LongTermDebtNoncurrent,2026-08-27
INTC,equity,2017-09-30,70936000000,2017-11-19,StockholdersEquity,2026-08-27
INTC,grossProfit,2017-09-30,10064000000,2017-11-19,GrossProfit,2026-08-27
INTC,inventory,2017-09-30,6929000000,2017-11-19,InventoryNet,2026-08-27
INTC,netIncome,2017-09-30,4516000000,2017-11-19,NetIncomeLoss,2026-08-27
INTC,operatingIncome,2017-09-30,5141000000,2017-11-19,OperatingIncomeLoss,2026-08-27
INTC,receivables,2017-09-30,5954000000,2017-11-19,AccountsReceivableNetCurrent,2026-08-27
INTC,revenue,2017-09-30,16149000000,2017-11-19,RevenueFromContractWithCustomerExcludingAssessedTax,2026-08-27
INTC,rnd,2017-09-30,3209000000,2017-11-19,ResearchAndDevelopmentExpense,2026-08-27
INTC,shares,2017-09-30,4680000000,2017-11-19,CommonStockSharesOutstanding,2026-08-27
INTU,assets,2017-07-31,4068000000,2017-09-19,Assets,2026-08-27
INTU,cash,2017-07-31,529000000,2017-09-19,CashAndCashEquivalentsAtCarryingValue,2026-08-27
INTU,debt,2017-07-31,438000000,2017-09-19,LongTermDebt,2026-08-27
INTU,equity,2017-07-31,1699000000,2017-09-19,StockholdersEquity,2026-08-27
INTU,liabilities,2017-07-31,2714000000,2017-09-19,Liabilities,2026-08-27
INTU,netIncome,2017-07-31,24000000,2017-09-19,NetIncomeLoss,2026-08-27
INTU,operatingIncome,2017-07-31,-10000000,2017-09-19,OperatingIncomeLoss,2026-08-27
INTU,receivables,2017-07-31,103000000,2017-09-19,AccountsReceivableNetCurrent,2026-08-27
INTU,revenue,2017-07-31,842000000,2017-09-19,Revenues,2026-08-27
INTU,shares,2017-07-31,255668000,2017-09-19,CommonStockSharesOutstanding,2026-08-27
INVH,assets,2017-09-30,9524524000,2017-11-19,Assets,2026-08-27
INVH,cash,2017-09-30,134441000,2017-11-19,CashAndCashEquivalentsAtCarryingValue,2026-08-27
INVH,equity,2017-09-30,3602013000,2017-11-19,StockholdersEquity,2026-08-27
INVH,liabilities,2017-09-30,5922511000,2017-11-19,Liabilities,2026-08-27
INVH,netIncome,2017-09-30,-22510000,2017-11-19,NetIncomeLoss,2026-08-27
INVH,operatingIncome,2017-09-30,29917000,2017-11-19,OperatingIncomeLoss,2026-08-27
INVH,revenue,2017-09-30,243536000,2017-11-19,Revenues,2026-08-27
INVH,shares,2017-09-30,311354290,2017-11-19,CommonStockSharesOutstanding,2026-08-27
IP,assets,2017-09-30,33813000000,2017-11-19,Assets,2026-08-27
IP,cash,2017-09-30,998000000,2017-11-19,CashAndCashEquivalentsAtCarryingValue,2026-08-27
IP,debt,2017-09-30,11373000000,2017-11-19,LongTermDebtNoncurrent,2026-08-27
IP,equity,2017-09-30,4914000000,2017-11-19,StockholdersEquity,2026-08-27
IP,inventory,2017-09-30,2465000000,2017-11-19,InventoryNet,2026-08-27
IP,netIncome,2017-09-30,395000000,2017-11-19,NetIncomeLoss,2026-08-27
IP,operatingIncome,2017-09-30,674000000,2017-11-19,OperatingIncomeLoss,2026-08-27
IP,revenue,2017-09-30,5517000000,2017-11-19,RevenueFromContractWithCustomerExcludingAssessedTax,2026-08-27
IQV,assets,2017-09-30,22445000000,2017-11-19,Assets,2026-08-27
IQV,cash,2017-09-30,1103000000,2017-11-19,CashAndCashEquivalentsAtCarryingValue,2026-08-27
IQV,debt,2017-09-30,9651000000,2017-11-19,LongTermDebtNoncurrent,2026-08-27
IQV,equity,2017-09-30,7264000000,2017-11-19,StockholdersEquity,2026-08-27
IQV,liabilities,2017-09-30,14938000000,2017-11-19,Liabilities,2026-08-27
IQV,netIncome,2017-09-30,88000000,2017-11-19,NetIncomeLoss,2026-08-27
IQV,operatingIncome,2017-09-30,195000000,2017-11-19,OperatingIncomeLoss,2026-08-27
IQV,revenue,2017-09-30,2465000000,2017-11-19,Revenues,2026-08-27
IR,assets,2017-09-30,4552600000,2017-11-19,Assets,2026-08-27
IR,cash,2017-09-30,303000000,2017-11-19,CashAndCashEquivalentsAtCarryingValue,2026-08-27
IR,equity,2017-09-30,1271800000,2017-11-19,StockholdersEquity,2026-08-27
IR,grossProfit,2017-09-30,253900000,2017-11-19,GrossProfit,2026-08-27
IR,inventory,2017-09-30,507600000,2017-11-19,InventoryNet,2026-08-27
IR,liabilities,2017-09-30,3280800000,2017-11-19,Liabilities,2026-08-27
IR,netIncome,2017-09-30,28000000,2017-11-19,NetIncomeLoss,2026-08-27
IR,operatingIncome,2017-09-30,96000000,2017-11-19,OperatingIncomeLoss,2026-08-27
IR,receivables,2017-09-30,531600000,2017-11-19,AccountsReceivableNetCurrent,2026-08-27
IR,revenue,2017-09-30,649600000,2017-11-19,Revenues,2026-08-27
IRM,assets,2017-09-30,10260006000,2017-11-19,Assets,2026-08-27
IRM,capex,2017-09-30,78539000,2017-11-19,PaymentsToAcquirePropertyPlantAndEquipment,2026-08-27
IRM,cash,2017-09-30,337886000,2017-11-19,CashAndCashEquivalentsAtCarryingValue,2026-08-27
IRM,debt,2017-09-30,6700094000,2017-11-19,LongTermDebtNoncurrent,2026-08-27
IRM,equity,2017-09-30,1866988000,2017-11-19,StockholdersEquity,2026-08-27
IRM,operatingIncome,2017-09-30,176756000,2017-11-19,OperatingIncomeLoss,2026-08-27
IRM,receivables,2017-09-30,784884000,2017-11-19,AccountsReceivableNetCurrent,2026-08-27
IRM,revenue,2017-09-30,965661000,2017-11-19,RevenueFromContractWithCustomerExcludingAssessedTax,2026-08-27
IRM,shares,2017-09-30,266882282,2017-11-19,CommonStockSharesOutstanding,2026-08-27
ISRG,assets,2017-09-30,5644600000,2017-11-19,Assets,2026-08-27
ISRG,cash,2017-09-30,875000000,2017-11-19,CashAndCashEquivalentsAtCarryingValue,2026-08-27
ISRG,equity,2017-09-30,4957900000,2017-11-19,StockholdersEquity,2026-08-27
ISRG,grossProfit,2017-09-30,568100000,2017-11-19,GrossProfit,2026-08-27
ISRG,inventory,2017-09-30,225200000,2017-11-19,InventoryNet,2026-08-27
ISRG,liabilities,2017-09-30,684700000,2017-11-19,Liabilities,2026-08-27
ISRG,netIncome,2017-09-30,298600000,2017-11-19,NetIncomeLoss,2026-08-27
ISRG,operatingIncome,2017-09-30,280600000,2017-11-19,OperatingIncomeLoss,2026-08-27
ISRG,receivables,2017-09-30,468000000,2017-11-19,AccountsReceivableNetCurrent,2026-08-27
ISRG,revenue,2017-09-30,807800000,2017-11-19,RevenueFromContractWithCustomerExcludingAssessedTax,2026-08-27
ISRG,rnd,2017-09-30,83400000,2017-11-19,ResearchAndDevelopmentExpense,2026-08-27
ISRG,shares,2017-09-30,112000000,2017-11-19,CommonStockSharesOutstanding,2026-08-27
IT,assets,2017-09-30,7011492000,2017-11-19,Assets,2026-08-27
IT,buybacks,2017-09-30,3275000,2017-11-19,PaymentsForRepurchaseOfCommonStock,2026-08-27
IT,cash,2017-09-30,630016000,2017-11-19,CashAndCashEquivalentsAtCarryingValue,2026-08-27
IT,debt,2017-09-30,2922229000,2017-11-19,LongTermDebtNoncurrent,2026-08-27
IT,equity,2017-09-30,863410000,2017-11-19,StockholdersEquity,2026-08-27
IT,liabilities,2017-09-30,6148082000,2017-11-19,Liabilities,2026-08-27
IT,netIncome,2017-09-30,-48180000,2017-11-19,NetIncomeLoss,2026-08-27
IT,operatingIncome,2017-09-30,-24349000,2017-11-19,OperatingIncomeLoss,2026-08-27
IT,receivables,2017-09-30,874283000,2017-11-19,AccountsReceivableNetCurrent,2026-08-27
IT,revenue,2017-09-30,828085000,2017-11-19,RevenueFromContractWithCustomerExcludingAssessedTax,2026-08-27
ITW,assets,2017-09-30,16314000000,2017-11-19,Assets,2026-08-27
ITW,cash,2017-09-30,2785000000,2017-11-19,CashAndCashEquivalentsAtCarryingValue,2026-08-27
ITW,inventory,2017-09-30,1225000000,2017-11-19,InventoryNet,2026-08-27
ITW,operatingIncome,2017-09-30,960000000,2017-11-19,OperatingIncomeLoss,2026-08-27
ITW,revenue,2017-09-30,3615000000,2017-11-19,Revenues,2026-08-27
ITW,shares,2017-09-30,342600000,2017-11-19,CommonStockSharesOutstanding,2026-08-27
IVZ,assets,2017-09-30,30372500000,2017-11-19,Assets,2026-08-27
IVZ,cash,2017-09-30,1716300000,2017-11-19,CashAndCashEquivalentsAtCarryingValue,2026-08-27
IVZ,debt,2017-09-30,2075300000,2017-11-19,LongTermDebt,2026-08-27
IVZ,equity,2017-09-30,8314000000,2017-11-19,StockholdersEquity,2026-08-27
IVZ,liabilities,2017-09-30,21514100000,2017-11-19,Liabilities,2026-08-27
IVZ,netIncome,2017-09-30,267500000,2017-11-19,NetIncomeLoss,2026-08-27
IVZ,operatingIncome,2017-09-30,360300000,2017-11-19,OperatingIncomeLoss,2026-08-27
IVZ,revenue,2017-09-30,1337700000,2017-11-19,Revenues,2026-08-27
IVZ,shares,2017-09-30,407100000,2017-11-19,CommonStockSharesOutstanding,2026-08-27
J,assets,2017-09-29,7380859000,2017-11-18,Assets,2026-08-27
J,cash,2017-09-29,607821000,2017-11-18,CashAndCashEquivalentsAtCarryingValue,2026-08-27
J,debt,2017-09-29,235000000,2017-11-18,LongTermDebtNoncurrent,2026-08-27
J,equity,2017-09-29,4428352000,2017-11-18,StockholdersEquity,2026-08-27
J,netIncome,2017-09-29,94141000,2017-11-18,NetIncomeLoss,2026-08-27
J,operatingIncome,2017-09-29,106993000,2017-11-18,OperatingIncomeLoss,2026-08-27
J,revenue,2017-09-29,2653866000,2017-11-18,Revenues,2026-08-27
J,shares,2017-09-29,120385544,2017-11-18,CommonStockSharesOutstanding,2026-08-27
JBHT,assets,2017-09-30,4053923000,2017-11-19,Assets,2026-08-27
JBHT,cash,2017-09-30,7707000,2017-11-19,CashAndCashEquivalentsAtCarryingValue,2026-08-27
JBHT,debt,2017-09-30,1084801000,2017-11-19,LongTermDebtNoncurrent,2026-08-27
JBHT,equity,2017-09-30,1471970000,2017-11-19,StockholdersEquity,2026-08-27
JBHT,netIncome,2017-09-30,100385000,2017-11-19,NetIncomeLoss,2026-08-27
JBHT,operatingIncome,2017-09-30,164972000,2017-11-19,OperatingIncomeLoss,2026-08-27
JBHT,receivables,2017-09-30,858720000,2017-11-19,AccountsReceivableNetCurrent,2026-08-27
JBHT,revenue,2017-09-30,1843334000,2017-11-19,Revenues,2026-08-27
JBL,assets,2017-08-31,11095995000,2017-10-20,Assets,2026-08-27
JBL,cash,2017-08-31,1189919000,2017-10-20,CashAndCashEquivalentsAtCarryingValue,2026-08-27
JBL,debt,2017-08-31,1606017000,2017-10-20,LongTermDebtNoncurrent,2026-08-27
JBL,equity,2017-08-31,2353514000,2017-10-20,StockholdersEquity,2026-08-27
JBL,inventory,2017-08-31,2942083000,2017-10-20,InventoryNet,2026-08-27
JBL,liabilities,2017-08-31,8727651000,2017-10-20,Liabilities,2026-08-27
JBL,shares,2017-08-31,177727653,2017-10-20,CommonStockSharesOutstanding,2026-08-27
JCI,assets,2017-09-30,51884000000,2017-11-19,Assets,2026-08-27
JCI,cash,2017-09-30,301000000,2017-11-19,CashAndCashEquivalentsAtCarryingValue,2026-08-27
JCI,equity,2017-09-30,20447000000,2017-11-19,StockholdersEquity,2026-08-27
JCI,inventory,2017-09-30,3209000000,2017-11-19,InventoryNet,2026-08-27
JCI,receivables,2017-09-30,6666000000,2017-11-19,AccountsReceivableNetCurrent,2026-08-27
JKHY,assets,2017-09-30,1796345000,2017-11-19,Assets,2026-08-27
JKHY,buybacks,2017-09-30,30018000,2017-11-19,PaymentsForRepurchaseOfCommonStock,2026-08-27
JKHY,capex,2017-09-30,3708000,2017-11-19,PaymentsToAcquirePropertyPlantAndEquipment,2026-08-27
JKHY,cash,2017-09-30,104040000,2017-11-19,CashAndCashEquivalentsAtCarryingValue,2026-08-27
JKHY,equity,2017-09-30,1037813000,2017-11-19,StockholdersEquity,2026-08-27
JKHY,liabilities,2017-09-30,758532000,2017-11-19,Liabilities,2026-08-27
JKHY,netIncome,2017-09-30,66870000,2017-11-19,NetIncomeLoss,2026-08-27
JKHY,operatingCashFlow,2017-09-30,138722000,2017-11-19,NetCashProvidedByUsedInOperatingActivities,2026-08-27
JKHY,operatingIncome,2017-09-30,97057000,2017-11-19,OperatingIncomeLoss,2026-08-27
JKHY,revenue,2017-09-30,359934000,2017-11-19,Revenues,2026-08-27
JKHY,rnd,2017-09-30,20929000,2017-11-19,ResearchAndDevelopmentExpense,2026-08-27
JNJ,assets,2017-07-02,152807000000,2017-08-21,Assets,2026-08-27
JNJ,cash,2017-07-02,12598000000,2017-08-21,CashAndCashEquivalentsAtCarryingValue,2026-08-27
JNJ,debt,2017-07-02,27363000000,2017-08-21,LongTermDebtNoncurrent,2026-08-27
JNJ,grossProfit,2017-07-02,12993000000,2017-08-21,GrossProfit,2026-08-27
JNJ,inventory,2017-07-02,9699000000,2017-08-21,InventoryNet,2026-08-27
JNJ,liabilities,2017-07-02,80885000000,2017-08-21,Liabilities,2026-08-27
JNJ,netIncome,2017-07-02,3827000000,2017-08-21,NetIncomeLoss,2026-08-27
JNJ,receivables,2017-07-02,13283000000,2017-08-21,AccountsReceivableNetCurrent,2026-08-27
JNJ,revenue,2017-07-02,18839000000,2017-08-21,RevenueFromContractWithCustomerExcludingAssessedTax,2026-08-27
JPM,assets,2017-09-30,2563074000000,2017-11-19,Assets,2026-08-27
JPM,cash,2017-09-30,459156000000,2017-11-19,CashAndCashEquivalentsAtCarryingValue,2026-08-27
JPM,equity,2017-09-30,258382000000,2017-11-19,StockholdersEquity,2026-08-27
JPM,liabilities,2017-09-30,2304692000000,2017-11-19,Liabilities,2026-08-27
JPM,netIncome,2017-09-30,6732000000,2017-11-19,NetIncomeLoss,2026-08-27
KDP,assets,2017-09-30,16107000000,2017-11-19,Assets,2026-08-27
KDP,cash,2017-09-30,66000000,2017-11-19,CashAndCashEquivalentsAtCarryingValue,2026-08-27
KDP,debt,2017-09-30,3660000000,2017-11-19,LongTermDebtNoncurrent,2026-08-27
KDP,equity,2017-09-30,6828000000,2017-11-19,StockholdersEquity,2026-08-27
KDP,grossProfit,2017-09-30,560000000,2017-11-19,GrossProfit,2026-08-27
KDP,inventory,2017-09-30,474000000,2017-11-19,InventoryNet,2026-08-27
KDP,liabilities,2017-09-30,9060000000,2017-11-19,Liabilities,2026-08-27
KDP,netIncome,2017-09-30,116000000,2017-11-19,NetIncomeLoss,2026-08-27
KDP,operatingIncome,2017-09-30,238000000,2017-11-19,OperatingIncomeLoss,2026-08-27
KDP,receivables,2017-09-30,447000000,2017-11-19,AccountsReceivableNetCurrent,2026-08-27
KDP,revenue,2017-09-30,1140000000,2017-11-19,RevenueFromContractWithCustomerExcludingAssessedTax,2026-08-27
KDP,shares,2017-09-30,6213120,2017-11-19,CommonStockSharesOutstanding,2026-08-27
KEY,assets,2017-09-30,136733000000,2017-11-19,Assets,2026-08-27
KEY,debt,2017-09-30,15100000000,2017-11-19,LongTermDebt,2026-08-27
KEY,equity,2017-09-30,15249000000,2017-11-19,StockholdersEquity,2026-08-27
KEY,liabilities,2017-09-30,121483000000,2017-11-19,Liabilities,2026-08-27
KEY,netIncome,2017-09-30,364000000,2017-11-19,NetIncomeLoss,2026-08-27
KEY,revenue,2017-09-30,1554000000,2017-11-19,Revenues,2026-08-27
KEYS,assets,2017-07-31,5840000000,2017-09-19,Assets,2026-08-27
KEYS,cash,2017-07-31,873000000,2017-09-19,CashAndCashEquivalentsAtCarryingValue,2026-08-27
KEYS,debt,2017-07-31,2047000000,2017-09-19,LongTermDebtNoncurrent,2026-08-27
KEYS,equity,2017-07-31,2219000000,2017-09-19,StockholdersEquity,2026-08-27
KEYS,inventory,2017-07-31,561000000,2017-09-19,InventoryNet,2026-08-27
KEYS,liabilities,2017-07-31,3621000000,2017-09-19,Liabilities,2026-08-27
KEYS,operatingIncome,2017-07-31,-4000000,2017-09-19,OperatingIncomeLoss,2026-08-27
KEYS,receivables,2017-07-31,521000000,2017-09-19,AccountsReceivableNetCurrent,2026-08-27
KEYS,revenue,2017-07-31,863000000,2017-09-19,Revenues,2026-08-27
KEYS,rnd,2017-07-31,132000000,2017-09-19,ResearchAndDevelopmentExpense,2026-08-27
KHC,assets,2017-09-30,119902000000,2017-11-19,Assets,2026-08-27
KHC,cash,2017-09-30,1441000000,2017-11-19,CashAndCashEquivalentsAtCarryingValue,2026-08-27
KHC,equity,2017-09-30,58600000000,2017-11-19,StockholdersEquity,2026-08-27
KHC,grossProfit,2017-09-30,2156000000,2017-11-19,GrossProfit,2026-08-27
KHC,inventory,2017-09-30,3136000000,2017-11-19,InventoryNet,2026-08-27
KHC,liabilities,2017-09-30,61090000000,2017-11-19,Liabilities,2026-08-27
KHC,netIncome,2017-09-30,913000000,2017-11-19,NetIncomeLoss,2026-08-27
KHC,operatingIncome,2017-09-30,1491000000,2017-11-19,OperatingIncomeLoss,2026-08-27
KHC,receivables,2017-09-30,938000000,2017-11-19,AccountsReceivableNetCurrent,2026-08-27
KHC,shares,2017-09-30,1218000000,2017-11-19,CommonStockSharesOutstanding,2026-08-27
KIM,assets,2017-09-30,11702241000,2017-11-19,Assets,2026-08-27
KIM,cash,2017-09-30,156588000,2017-11-19,CashAndCashEquivalentsAtCarryingValue,2026-08-27
KIM,equity,2017-09-30,5213332000,2017-11-19,StockholdersEquity,2026-08-27
KIM,liabilities,2017-09-30,6277958000,2017-11-19,Liabilities,2026-08-27
KIM,netIncome,2017-09-30,121030000,2017-11-19,NetIncomeLoss,2026-08-27
KIM,operatingIncome,2017-09-30,99845000,2017-11-19,OperatingIncomeLoss,2026-08-27
KIM,revenue,2017-09-30,294845000,2017-11-19,Revenues,2026-08-27
KIM,shares,2017-09-30,425633409,2017-11-19,CommonStockSharesOutstanding,2026-08-27
KKR,assets,2017-09-30,44305639000,2017-11-19,Assets,2026-08-27
KKR,cash,2017-09-30,2436566000,2017-11-19,CashAndCashEquivalentsAtCarryingValue,2026-08-27
KKR,liabilities,2017-09-30,24440205000,2017-11-19,Liabilities,2026-08-27
KKR,netIncome,2017-09-30,161904000,2017-11-19,NetIncomeLoss,2026-08-27
KKR,revenue,2017-09-30,749652000,2017-11-19,Revenues,2026-08-27
KLAC,assets,2017-09-30,5690398000,2017-11-19,Assets,2026-08-27
KLAC,buybacks,2017-09-30,39927000,2017-11-19,PaymentsForRepurchaseOfCommonStock,2026-08-27
KLAC,capex,2017-09-30,15756000,2017-11-19,PaymentsToAcquirePropertyPlantAndEquipment,2026-08-27
KLAC,cash,2017-09-30,1320697000,2017-11-19,CashAndCashEquivalentsAtCarryingValue,2026-08-27
KLAC,debt,2017-09-30,2524842000,2017-11-19,LongTermDebtNoncurrent,2026-08-27
KLAC,equity,2017-09-30,1463956000,2017-11-19,StockholdersEquity,2026-08-27
KLAC,grossProfit,2017-09-30,616464000,2017-11-19,GrossProfit,2026-08-27
KLAC,inventory,2017-09-30,762401000,2017-11-19,InventoryNet,2026-08-27
KLAC,liabilities,2017-09-30,4226442000,2017-11-19,Liabilities,2026-08-27
KLAC,netIncome,2017-09-30,280936000,2017-11-19,NetIncomeLoss,2026-08-27
KLAC,operatingCashFlow,2017-09-30,373629000,2017-11-19,NetCashProvidedByUsedInOperatingActivities,2026-08-27
KLAC,receivables,2017-09-30,666738000,2017-11-19,AccountsReceivableNetCurrent,2026-08-27
KLAC,revenue,2017-09-30,969581000,2017-11-19,RevenueFromContractWithCustomerExcludingAssessedTax,2026-08-27
KLAC,rnd,2017-09-30,146687000,2017-11-19,ResearchAndDevelopmentExpense,2026-08-27
KMB,assets,2017-09-30,15049000000,2017-11-19,Assets,2026-08-27
KMB,cash,2017-09-30,655000000,2017-11-19,CashAndCashEquivalentsAtCarryingValue,2026-08-27
KMB,equity,2017-09-30,259000000,2017-11-19,StockholdersEquity,2026-08-27
KMB,grossProfit,2017-09-30,1667000000,2017-11-19,GrossProfit,2026-08-27
KMB,inventory,2017-09-30,1748000000,2017-11-19,InventoryNet,2026-08-27
KMB,netIncome,2017-09-30,567000000,2017-11-19,NetIncomeLoss,2026-08-27
KMB,operatingIncome,2017-09-30,868000000,2017-11-19,OperatingIncomeLoss,2026-08-27
KMB,receivables,2017-09-30,2360000000,2017-11-19,AccountsReceivableNetCurrent,2026-08-27
KMB,revenue,2017-09-30,4665000000,2017-11-19,SalesRevenueNet,2026-08-27
KMB,shares,2017-09-30,351900000,2017-11-19,CommonStockSharesOutstanding,2026-08-27
KMI,assets,2017-09-30,80351000000,2017-11-19,Assets,2026-08-27
KMI,cash,2017-09-30,539000000,2017-11-19,CashAndCashEquivalentsAtCarryingValue,2026-08-27
KMI,debt,2017-09-30,35116000000,2017-11-19,LongTermDebtNoncurrent,2026-08-27
KMI,equity,2017-09-30,35225000000,2017-11-19,StockholdersEquity,2026-08-27
KMI,inventory,2017-09-30,428000000,2017-11-19,InventoryNet,2026-08-27
KMI,liabilities,2017-09-30,43827000000,2017-11-19,Liabilities,2026-08-27
KMI,netIncome,2017-09-30,373000000,2017-11-19,NetIncomeLoss,2026-08-27
KMI,operatingIncome,2017-09-30,826000000,2017-11-19,OperatingIncomeLoss,2026-08-27
KMI,receivables,2017-09-30,1194000000,2017-11-19,AccountsReceivableNetCurrent,2026-08-27
KMI,revenue,2017-09-30,3281000000,2017-11-19,Revenues,2026-08-27
KMI,shares,2017-09-30,2231000000,2017-11-19,CommonStockSharesOutstanding,2026-08-27
KO,assets,2017-09-29,90515000000,2017-11-18,Assets,2026-08-27
KO,cash,2017-09-29,12528000000,2017-11-18,CashAndCashEquivalentsAtCarryingValue,2026-08-27
KO,debt,2017-09-29,32471000000,2017-11-18,LongTermDebtNoncurrent,2026-08-27
KO,equity,2017-09-29,22119000000,2017-11-18,StockholdersEquity,2026-08-27
KO,grossProfit,2017-09-29,5684000000,2017-11-18,GrossProfit,2026-08-27
KO,inventory,2017-09-29,2608000000,2017-11-18,InventoryNet,2026-08-27
KO,netIncome,2017-09-29,1447000000,2017-11-18,NetIncomeLoss,2026-08-27
KO,operatingIncome,2017-09-29,2245000000,2017-11-18,OperatingIncomeLoss,2026-08-27
KO,receivables,2017-09-29,3664000000,2017-11-18,AccountsReceivableNetCurrent,2026-08-27
KO,revenue,2017-09-29,9078000000,2017-11-18,Revenues,2026-08-27
KR,netIncome,2017-08-12,353000000,2017-10-01,NetIncomeLoss,2026-08-27
KR,operatingIncome,2017-08-12,684000000,2017-10-01,OperatingIncomeLoss,2026-08-27
KR,revenue,2017-08-12,27597000000,2017-10-01,RevenueFromContractWithCustomerExcludingAssessedTax,2026-08-27
L,assets,2017-09-30,79527000000,2017-11-19,Assets,2026-08-27
L,equity,2017-09-30,19021000000,2017-11-19,StockholdersEquity,2026-08-27
L,liabilities,2017-09-30,55166000000,2017-11-19,Liabilities,2026-08-27
L,netIncome,2017-09-30,157000000,2017-11-19,NetIncomeLoss,2026-08-27
L,revenue,2017-09-30,3521000000,2017-11-19,Revenues,2026-08-27
LDOS,assets,2017-09-29,8923000000,2017-11-18,Assets,2026-08-27
LDOS,cash,2017-09-29,287000000,2017-11-18,CashAndCashEquivalentsAtCarryingValue,2026-08-27
LDOS,equity,2017-09-29,3294000000,2017-11-18,StockholdersEquity,2026-08-27
LDOS,netIncome,2017-09-29,82000000,2017-11-18,NetIncomeLoss,2026-08-27
LDOS,operatingIncome,2017-09-29,151000000,2017-11-18,OperatingIncomeLoss,2026-08-27
LDOS,revenue,2017-09-29,2503000000,2017-11-18,Revenues,2026-08-27
LDOS,shares,2017-09-29,151000000,2017-11-18,CommonStockSharesOutstanding,2026-08-27
LEN,assets,2017-08-31,16939373000,2017-10-20,Assets,2026-08-27
LEN,cash,2017-08-31,837726000,2017-10-20,CashAndCashEquivalentsAtCarryingValue,2026-08-27
LEN,equity,2017-08-31,7554260000,2017-10-20,StockholdersEquity,2026-08-27
LEN,grossProfit,2017-08-31,650411000,2017-10-20,GrossProfit,2026-08-27
LEN,liabilities,2017-08-31,9279913000,2017-10-20,Liabilities,2026-08-27
LEN,netIncome,2017-08-31,249165000,2017-10-20,NetIncomeLoss,2026-08-27
LEN,operatingIncome,2017-08-31,441245000,2017-10-20,OperatingIncomeLoss,2026-08-27
LEN,revenue,2017-08-31,3261476000,2017-10-20,Revenues,2026-08-27
LH,assets,2017-09-30,16691800000,2017-11-19,Assets,2026-08-27
LH,cash,2017-09-30,409300000,2017-11-19,CashAndCashEquivalentsAtCarryingValue,2026-08-27
LH,debt,2017-09-30,7200300000,2017-11-19,LongTermDebtNoncurrent,2026-08-27
LH,equity,2017-09-30,6118600000,2017-11-19,StockholdersEquity,2026-08-27
LH,grossProfit,2017-09-30,784200000,2017-11-19,GrossProfit,2026-08-27
LH,inventory,2017-09-30,217200000,2017-11-19,InventoryNet,2026-08-27
LH,liabilities,2017-09-30,10539000000,2017-11-19,Liabilities,2026-08-27
LH,netIncome,2017-09-30,171500000,2017-11-19,NetIncomeLoss,2026-08-27
LH,operatingIncome,2017-09-30,326700000,2017-11-19,OperatingIncomeLoss,2026-08-27
LH,receivables,2017-09-30,1556600000,2017-11-19,AccountsReceivableNetCurrent,2026-08-27
LH,revenue,2017-09-30,2621400000,2017-11-19,Revenues,2026-08-27
LH,shares,2017-09-30,102100000,2017-11-19,CommonStockSharesOutstanding,2026-08-27
LHX,assets,2017-09-29,10099000000,2017-11-18,Assets,2026-08-27
LHX,buybacks,2017-09-29,75000000,2017-11-18,PaymentsForRepurchaseOfCommonStock,2026-08-27
LHX,capex,2017-09-29,23000000,2017-11-18,PaymentsToAcquirePropertyPlantAndEquipment,2026-08-27
LHX,cash,2017-09-29,388000000,2017-11-18,CashAndCashEquivalentsAtCarryingValue,2026-08-27
LHX,equity,2017-09-29,2960000000,2017-11-18,StockholdersEquity,2026-08-27
LHX,inventory,2017-09-29,896000000,2017-11-18,InventoryNet,2026-08-27
LHX,netIncome,2017-09-29,159000000,2017-11-18,NetIncomeLoss,2026-08-27
LHX,operatingCashFlow,2017-09-29,95000000,2017-11-18,NetCashProvidedByUsedInOperatingActivities,2026-08-27
LHX,operatingIncome,2017-09-29,272000000,2017-11-18,OperatingIncomeLoss,2026-08-27
LHX,revenue,2017-09-29,1410000000,2017-11-18,RevenueFromContractWithCustomerExcludingAssessedTax,2026-08-27
LHX,shares,2017-09-29,119045836,2017-11-18,CommonStockSharesOutstanding,2026-08-27
LII,assets,2017-09-30,2055700000,2017-11-19,Assets,2026-08-27
LII,cash,2017-09-30,60700000,2017-11-19,CashAndCashEquivalentsAtCarryingValue,2026-08-27
LII,grossProfit,2017-09-30,313700000,2017-11-19,GrossProfit,2026-08-27
LII,inventory,2017-09-30,530900000,2017-11-19,InventoryNet,2026-08-27
LII,liabilities,2017-09-30,2023200000,2017-11-19,Liabilities,2026-08-27
LII,netIncome,2017-09-30,103500000,2017-11-19,NetIncomeLoss,2026-08-27
LII,operatingIncome,2017-09-30,154600000,2017-11-19,OperatingIncomeLoss,2026-08-27
LII,revenue,2017-09-30,1052300000,2017-11-19,Revenues,2026-08-27
LIN,assets,2017-09-30,9067652,2017-11-19,Assets,2026-08-27
LIN,cash,2017-09-30,83342,2017-11-19,CashAndCashEquivalentsAtCarryingValue,2026-08-27
LIN,equity,2017-09-30,-774997,2017-11-19,StockholdersEquity,2026-08-27
LIN,netIncome,2017-09-30,419000000,2017-11-19,NetIncomeLoss,2026-08-27
LIN,operatingIncome,2017-09-30,632000000,2017-11-19,OperatingIncomeLoss,2026-08-27
LIN,revenue,2017-09-30,2922000000,2017-11-19,RevenueFromContractWithCustomerExcludingAssessedTax,2026-08-27
LITE,assets,2017-09-30,1248400000,2017-11-19,Assets,2026-08-27
LITE,capex,2017-09-30,33000000,2017-11-19,PaymentsToAcquirePropertyPlantAndEquipment,2026-08-27
LITE,cash,2017-09-30,150800000,2017-11-19,CashAndCashEquivalentsAtCarryingValue,2026-08-27
LITE,debt,2017-09-30,456700000,2017-11-19,LongTermDebt,2026-08-27
LITE,equity,2017-09-30,641100000,2017-11-19,StockholdersEquity,2026-08-27
LITE,grossProfit,2017-09-30,68500000,2017-11-19,GrossProfit,2026-08-27
LITE,inventory,2017-09-30,147200000,2017-11-19,InventoryNet,2026-08-27
LITE,liabilities,2017-09-30,571500000,2017-11-19,Liabilities,2026-08-27
LITE,netIncome,2017-09-30,7100000,2017-11-19,NetIncomeLoss,2026-08-27
LITE,operatingCashFlow,2017-09-30,9700000,2017-11-19,NetCashProvidedByUsedInOperatingActivities,2026-08-27
LITE,operatingIncome,2017-09-30,2700000,2017-11-19,OperatingIncomeLoss,2026-08-27
LITE,receivables,2017-09-30,173800000,2017-11-19,AccountsReceivableNetCurrent,2026-08-27
LITE,revenue,2017-09-30,243200000,2017-11-19,Revenues,2026-08-27
LITE,rnd,2017-09-30,36300000,2017-11-19,ResearchAndDevelopmentExpense,2026-08-27
LITE,shares,2017-09-30,62006405,2017-11-19,CommonStockSharesOutstanding,2026-08-27
LLY,assets,2017-09-30,43010400000,2017-11-19,Assets,2026-08-27
LLY,cash,2017-09-30,3724300000,2017-11-19,CashAndCashEquivalentsAtCarryingValue,2026-08-27
LLY,debt,2017-09-30,9926600000,2017-11-19,LongTermDebtNoncurrent,2026-08-27
LLY,equity,2017-09-30,14890300000,2017-11-19,StockholdersEquity,2026-08-27
LLY,inventory,2017-09-30,4406900000,2017-11-19,InventoryNet,2026-08-27
LLY,netIncome,2017-09-30,555600000,2017-11-19,NetIncomeLoss,2026-08-27
LLY,receivables,2017-09-30,4401300000,2017-11-19,AccountsReceivableNetCurrent,2026-08-27
LLY,revenue,2017-09-30,4961000000,2017-11-19,Revenues,2026-08-27
LLY,rnd,2017-09-30,1340000000,2017-11-19,ResearchAndDevelopmentExpense,2026-08-27
LMT,assets,2017-09-24,48946000000,2017-11-13,Assets,2026-08-27
LMT,cash,2017-09-24,2941000000,2017-11-13,CashAndCashEquivalentsAtCarryingValue,2026-08-27
LMT,debt,2017-09-24,14268000000,2017-11-13,LongTermDebtNoncurrent,2026-08-27
LMT,equity,2017-09-24,2098000000,2017-11-13,StockholdersEquity,2026-08-27
LMT,grossProfit,2017-09-24,1600000000,2017-11-13,GrossProfit,2026-08-27
LMT,liabilities,2017-09-24,46771000000,2017-11-13,Liabilities,2026-08-27
LMT,netIncome,2017-09-24,963000000,2017-11-13,NetIncomeLoss,2026-08-27
LMT,operatingIncome,2017-09-24,1677000000,2017-11-13,OperatingIncomeLoss,2026-08-27
LMT,revenue,2017-09-24,12341000000,2017-11-13,Revenues,2026-08-27
LNT,assets,2017-09-30,14114900000,2017-11-19,Assets,2026-08-27
LNT,cash,2017-09-30,9200000,2017-11-19,CashAndCashEquivalentsAtCarryingValue,2026-08-27
LNT,debt,2017-09-30,4255100000,2017-11-19,LongTermDebtNoncurrent,2026-08-27
LNT,equity,2017-09-30,4154200000,2017-11-19,StockholdersEquity,2026-08-27
LNT,netIncome,2017-09-30,171400000,2017-11-19,NetIncomeLoss,2026-08-27
LNT,operatingIncome,2017-09-30,236300000,2017-11-19,OperatingIncomeLoss,2026-08-27
LNT,receivables,2017-09-30,336100000,2017-11-19,AccountsReceivableNetCurrent,2026-08-27
LNT,revenue,2017-09-30,906900000,2017-11-19,Revenues,2026-08-27
LNT,shares,2017-09-30,231204360,2017-11-19,CommonStockSharesOutstanding,2026-08-27
LOW,assets,2017-08-04,36668000000,2017-09-23,Assets,2026-08-27
LOW,cash,2017-08-04,1696000000,2017-09-23,CashAndCashEquivalentsAtCarryingValue,2026-08-27
LOW,equity,2017-08-04,5536000000,2017-09-23,StockholdersEquity,2026-08-27
LOW,grossProfit,2017-08-04,6670000000,2017-09-23,GrossProfit,2026-08-27
LOW,inventory,2017-08-04,11407000000,2017-09-23,InventoryNet,2026-08-27
LOW,liabilities,2017-08-04,31132000000,2017-09-23,Liabilities,2026-08-27
LOW,netIncome,2017-08-04,1419000000,2017-09-23,NetIncomeLoss,2026-08-27
LOW,operatingIncome,2017-08-04,2382000000,2017-09-23,OperatingIncomeLoss,2026-08-27
LOW,revenue,2017-08-04,19495000000,2017-09-23,RevenueFromContractWithCustomerExcludingAssessedTax,2026-08-27
LOW,shares,2017-08-04,837000000,2017-09-23,CommonStockSharesOutstanding,2026-08-27
LRCX,assets,2017-09-24,12398626000,2017-11-13,Assets,2026-08-27
LRCX,buybacks,2017-09-24,155385000,2017-11-13,PaymentsForRepurchaseOfCommonStock,2026-08-27
LRCX,capex,2017-09-24,60064000,2017-11-13,PaymentsToAcquireProductiveAssets,2026-08-27
LRCX,cash,2017-09-24,2406462000,2017-11-13,CashAndCashEquivalentsAtCarryingValue,2026-08-27
LRCX,debt,2017-09-24,1776783000,2017-11-13,LongTermDebtNoncurrent,2026-08-27
LRCX,equity,2017-09-24,7271178000,2017-11-13,StockholdersEquity,2026-08-27
LRCX,grossProfit,2017-09-24,1149343000,2017-11-13,GrossProfit,2026-08-27
LRCX,inventory,2017-09-24,1328297000,2017-11-13,InventoryNet,2026-08-27
LRCX,liabilities,2017-09-24,4990452000,2017-11-13,Liabilities,2026-08-27
LRCX,netIncome,2017-09-24,590690000,2017-11-13,NetIncomeLoss,2026-08-27
LRCX,operatingCashFlow,2017-09-24,858306000,2017-11-13,NetCashProvidedByUsedInOperatingActivities,2026-08-27
LRCX,operatingIncome,2017-09-24,693222000,2017-11-13,OperatingIncomeLoss,2026-08-27
LRCX,receivables,2017-09-24,1530762000,2017-11-13,AccountsReceivableNetCurrent,2026-08-27
LRCX,revenue,2017-09-24,2478140000,2017-11-13,RevenueFromContractWithCustomerExcludingAssessedTax,2026-08-27
LRCX,rnd,2017-09-24,275078000,2017-11-13,ResearchAndDevelopmentExpense,2026-08-27
LRCX,shares,2017-09-24,162144000,2017-11-13,CommonStockSharesOutstanding,2026-08-27
LULU,assets,2017-07-30,1686923000,2017-09-18,Assets,2026-08-27
LULU,capex,2017-07-30,30010000,2017-09-18,PaymentsToAcquirePropertyPlantAndEquipment,2026-08-27
LULU,cash,2017-07-30,721212000,2017-09-18,CashAndCashEquivalentsAtCarryingValue,2026-08-27
LULU,equity,2017-07-30,1397809000,2017-09-18,StockholdersEquity,2026-08-27
LULU,grossProfit,2017-07-30,297422000,2017-09-18,GrossProfit,2026-08-27
LULU,liabilities,2017-07-30,289114000,2017-09-18,Liabilities,2026-08-27
LULU,netIncome,2017-07-30,48711000,2017-09-18,NetIncomeLoss,2026-08-27
LULU,operatingIncome,2017-07-30,68712000,2017-09-18,OperatingIncomeLoss,2026-08-27
LULU,revenue,2017-07-30,581054000,2017-09-18,SalesRevenueNet,2026-08-27
LULU,shares,2017-07-30,125697000,2017-09-18,CommonStockSharesOutstanding,2026-08-27
LUV,assets,2017-09-30,24249000000,2017-11-19,Assets,2026-08-27
LUV,buybacks,2017-09-30,300000000,2017-11-19,PaymentsForRepurchaseOfCommonStock,2026-08-27
LUV,capex,2017-09-30,638000000,2017-11-19,PaymentsToAcquireProductiveAssets,2026-08-27
LUV,cash,2017-09-30,1460000000,2017-11-19,CashAndCashEquivalentsAtCarryingValue,2026-08-27
LUV,equity,2017-09-30,8800000000,2017-11-19,StockholdersEquity,2026-08-27
LUV,netIncome,2017-09-30,528000000,2017-11-19,NetIncomeLoss,2026-08-27
LUV,operatingCashFlow,2017-09-30,996000000,2017-11-19,NetCashProvidedByUsedInOperatingActivities,2026-08-27
LUV,operatingIncome,2017-09-30,845000000,2017-11-19,OperatingIncomeLoss,2026-08-27
LUV,revenue,2017-09-30,5303000000,2017-11-19,Revenues,2026-08-27
LVS,assets,2017-09-30,19808000000,2017-11-19,Assets,2026-08-27
LVS,cash,2017-09-30,2001000000,2017-11-19,CashAndCashEquivalentsAtCarryingValue,2026-08-27
LVS,equity,2017-09-30,5896000000,2017-11-19,StockholdersEquity,2026-08-27
LVS,inventory,2017-09-30,45000000,2017-11-19,InventoryNet,2026-08-27
LVS,liabilities,2017-09-30,12917000000,2017-11-19,Liabilities,2026-08-27
LVS,netIncome,2017-09-30,569000000,2017-11-19,NetIncomeLoss,2026-08-27
LVS,operatingIncome,2017-09-30,855000000,2017-11-19,OperatingIncomeLoss,2026-08-27
LVS,receivables,2017-09-30,637000000,2017-11-19,AccountsReceivableNetCurrent,2026-08-27
LVS,revenue,2017-09-30,3161000000,2017-11-19,Revenues,2026-08-27
LVS,shares,2017-09-30,790000000,2017-11-19,CommonStockSharesOutstanding,2026-08-27
LYB,assets,2017-09-30,25243000000,2017-11-19,Assets,2026-08-27
LYB,cash,2017-09-30,1204000000,2017-11-19,CashAndCashEquivalentsAtCarryingValue,2026-08-27
LYB,equity,2017-09-30,7326000000,2017-11-19,StockholdersEquity,2026-08-27
LYB,grossProfit,2017-09-30,1577000000,2017-11-19,GrossProfit,2026-08-27
LYB,inventory,2017-09-30,4177000000,2017-11-19,InventoryNet,2026-08-27
LYB,netIncome,2017-09-30,1057000000,2017-11-19,NetIncomeLoss,2026-08-27
LYB,operatingIncome,2017-09-30,1332000000,2017-11-19,OperatingIncomeLoss,2026-08-27
LYB,receivables,2017-09-30,3097000000,2017-11-19,AccountsReceivableNetCurrent,2026-08-27
LYB,revenue,2017-09-30,8516000000,2017-11-19,Revenues,2026-08-27
LYB,rnd,2017-09-30,27000000,2017-11-19,ResearchAndDevelopmentExpense,2026-08-27
LYB,shares,2017-09-30,394458141,2017-11-19,CommonStockSharesOutstanding,2026-08-27
LYV,assets,2017-09-30,7810524000,2017-11-19,Assets,2026-08-27
LYV,cash,2017-09-30,1801013000,2017-11-19,CashAndCashEquivalentsAtCarryingValue,2026-08-27
LYV,equity,2017-09-30,1378974000,2017-11-19,StockholdersEquity,2026-08-27
LYV,netIncome,2017-09-30,136393000,2017-11-19,NetIncomeLoss,2026-08-27
LYV,operatingIncome,2017-09-30,201347000,2017-11-19,OperatingIncomeLoss,2026-08-27
LYV,receivables,2017-09-30,991215000,2017-11-19,AccountsReceivableNetCurrent,2026-08-27
LYV,revenue,2017-09-30,3440308000,2017-11-19,Revenues,2026-08-27
MA,assets,2017-09-30,20914000000,2017-11-19,Assets,2026-08-27
MA,cash,2017-09-30,5559000000,2017-11-19,CashAndCashEquivalentsAtCarryingValue,2026-08-27
MA,debt,2017-09-30,5393000000,2017-11-19,LongTermDebtNoncurrent,2026-08-27
MA,equity,2017-09-30,6442000000,2017-11-19,StockholdersEquity,2026-08-27
MA,liabilities,2017-09-30,14376000000,2017-11-19,Liabilities,2026-08-27
MA,operatingIncome,2017-09-30,1941000000,2017-11-19,OperatingIncomeLoss,2026-08-27
MA,receivables,2017-09-30,1858000000,2017-11-19,AccountsReceivableNetCurrent,2026-08-27
MA,revenue,2017-09-30,3398000000,2017-11-19,Revenues,2026-08-27
MAA,shares,2017-09-30,113627014,2017-11-19,CommonStockSharesOutstanding,2026-08-27
MAR,assets,2017-09-30,24236000000,2017-11-19,Assets,2026-08-27
MAR,cash,2017-09-30,508000000,2017-11-19,CashAndCashEquivalentsAtCarryingValue,2026-08-27
MAR,equity,2017-09-30,4512000000,2017-11-19,StockholdersEquity,2026-08-27
MAR,netIncome,2017-09-30,485000000,2017-11-19,NetIncomeLoss,2026-08-27
MAR,operatingIncome,2017-09-30,790000000,2017-11-19,OperatingIncomeLoss,2026-08-27
MAR,revenue,2017-09-30,5078000000,2017-11-19,Revenues,2026-08-27
MAR,shares,2017-09-30,366400000,2017-11-19,CommonStockSharesOutstanding,2026-08-27
MAS,assets,2017-09-30,5483000000,2017-11-19,Assets,2026-08-27
MAS,cash,2017-09-30,1141000000,2017-11-19,CashAndCashEquivalentsAtCarryingValue,2026-08-27
MAS,debt,2017-09-30,2969000000,2017-11-19,LongTermDebtNoncurrent,2026-08-27
MAS,equity,2017-09-30,-159000000,2017-11-19,StockholdersEquity,2026-08-27
MAS,grossProfit,2017-09-30,657000000,2017-11-19,GrossProfit,2026-08-27
MAS,inventory,2017-09-30,866000000,2017-11-19,InventoryNet,2026-08-27
MAS,liabilities,2017-09-30,5423000000,2017-11-19,Liabilities,2026-08-27
MAS,netIncome,2017-09-30,152000000,2017-11-19,NetIncomeLoss,2026-08-27
MAS,operatingIncome,2017-09-30,309000000,2017-11-19,OperatingIncomeLoss,2026-08-27
MAS,revenue,2017-09-30,1945000000,2017-11-19,RevenueFromContractWithCustomerExcludingAssessedTax,2026-08-27
MAS,shares,2017-09-30,311500000,2017-11-19,CommonStockSharesOutstanding,2026-08-27
MCD,assets,2017-09-30,32559600000,2017-11-19,Assets,2026-08-27
MCD,buybacks,2017-09-30,2081700000,2017-11-19,PaymentsForRepurchaseOfCommonStock,2026-08-27
MCD,capex,2017-09-30,416900000,2017-11-19,PaymentsToAcquirePropertyPlantAndEquipment,2026-08-27
MCD,cash,2017-09-30,2671200000,2017-11-19,CashAndCashEquivalentsAtCarryingValue,2026-08-27
MCD,debt,2017-09-30,28402600000,2017-11-19,LongTermDebtNoncurrent,2026-08-27
MCD,equity,2017-09-30,-3477600000,2017-11-19,StockholdersEquity,2026-08-27
MCD,inventory,2017-09-30,54200000,2017-11-19,InventoryNet,2026-08-27
MCD,netIncome,2017-09-30,1883700000,2017-11-19,NetIncomeLoss,2026-08-27
MCD,operatingCashFlow,2017-09-30,1684500000,2017-11-19,NetCashProvidedByUsedInOperatingActivities,2026-08-27
MCD,operatingIncome,2017-09-30,3079400000,2017-11-19,OperatingIncomeLoss,2026-08-27
MCD,revenue,2017-09-30,5754600000,2017-11-19,Revenues,2026-08-27
MCHP,assets,2017-09-30,8055198000,2017-11-19,Assets,2026-08-27
MCHP,cash,2017-09-30,826407000,2017-11-19,CashAndCashEquivalentsAtCarryingValue,2026-08-27
MCHP,debt,2017-09-30,3011852000,2017-11-19,LongTermDebtNoncurrent,2026-08-27
MCHP,equity,2017-09-30,3546124000,2017-11-19,StockholdersEquity,2026-08-27
MCHP,grossProfit,2017-09-30,614100000,2017-11-19,GrossProfit,2026-08-27
MCHP,inventory,2017-09-30,456939000,2017-11-19,InventoryNet,2026-08-27
MCHP,netIncome,2017-09-30,189200000,2017-11-19,NetIncomeLoss,2026-08-27
MCHP,operatingIncome,2017-09-30,225400000,2017-11-19,OperatingIncomeLoss,2026-08-27
MCHP,receivables,2017-09-30,545416000,2017-11-19,AccountsReceivableNetCurrent,2026-08-27
MCHP,revenue,2017-09-30,1012100000,2017-11-19,Revenues,2026-08-27
MCHP,rnd,2017-09-30,133600000,2017-11-19,ResearchAndDevelopmentExpense,2026-08-27
MCHP,shares,2017-09-30,233847159,2017-11-19,CommonStockSharesOutstanding,2026-08-27
MCK,assets,2017-09-30,63846000000,2017-11-19,Assets,2026-08-27
MCK,cash,2017-09-30,2563000000,2017-11-19,CashAndCashEquivalentsAtCarryingValue,2026-08-27
MCK,debt,2017-09-30,7490000000,2017-11-19,LongTermDebtNoncurrent,2026-08-27
MCK,equity,2017-09-30,11143000000,2017-11-19,StockholdersEquity,2026-08-27
MCK,grossProfit,2017-09-30,2834000000,2017-11-19,GrossProfit,2026-08-27
MCK,inventory,2017-09-30,16885000000,2017-11-19,InventoryNet,2026-08-27
MCK,netIncome,2017-09-30,1000000,2017-11-19,NetIncomeLoss,2026-08-27
MCK,operatingIncome,2017-09-30,239000000,2017-11-19,OperatingIncomeLoss,2026-08-27
MCK,revenue,2017-09-30,52061000000,2017-11-19,RevenueFromContractWithCustomerExcludingAssessedTax,2026-08-27
MCO,assets,2017-09-30,8304900000,2017-11-19,Assets,2026-08-27
MCO,cash,2017-09-30,962800000,2017-11-19,CashAndCashEquivalentsAtCarryingValue,2026-08-27
MCO,debt,2017-09-30,5107300000,2017-11-19,LongTermDebtNoncurrent,2026-08-27
MCO,equity,2017-09-30,-369100000,2017-11-19,StockholdersEquity,2026-08-27
MCO,liabilities,2017-09-30,8461700000,2017-11-19,Liabilities,2026-08-27
MCO,netIncome,2017-09-30,317300000,2017-11-19,NetIncomeLoss,2026-08-27
MCO,operatingIncome,2017-09-30,448500000,2017-11-19,OperatingIncomeLoss,2026-08-27
MCO,receivables,2017-09-30,1007300000,2017-11-19,AccountsReceivableNetCurrent,2026-08-27
MCO,revenue,2017-09-30,1062900000,2017-11-19,Revenues,2026-08-27
MDLZ,assets,2017-09-30,63291000000,2017-11-19,Assets,2026-08-27
MDLZ,equity,2017-09-30,26031000000,2017-11-19,StockholdersEquity,2026-08-27
MDLZ,grossProfit,2017-09-30,2549000000,2017-11-19,GrossProfit,2026-08-27
MDLZ,inventory,2017-09-30,2781000000,2017-11-19,InventoryNet,2026-08-27
MDLZ,liabilities,2017-09-30,37192000000,2017-11-19,Liabilities,2026-08-27
MDLZ,netIncome,2017-09-30,981000000,2017-11-19,NetIncomeLoss,2026-08-27
MDLZ,operatingIncome,2017-09-30,1171000000,2017-11-19,OperatingIncomeLoss,2026-08-27
MDLZ,receivables,2017-09-30,2981000000,2017-11-19,AccountsReceivableNetCurrent,2026-08-27
MDLZ,revenue,2017-09-30,6530000000,2017-11-19,Revenues,2026-08-27
MDT,assets,2017-07-28,100250000000,2017-09-16,Assets,2026-08-27
MDT,buybacks,2017-07-28,1233000000,2017-09-16,PaymentsForRepurchaseOfCommonStock,2026-08-27
MDT,capex,2017-07-28,278000000,2017-09-16,PaymentsToAcquirePropertyPlantAndEquipment,2026-08-27
MDT,cash,2017-07-28,4691000000,2017-09-16,CashAndCashEquivalentsAtCarryingValue,2026-08-27
MDT,equity,2017-07-28,50672000000,2017-09-16,StockholdersEquity,2026-08-27
MDT,grossProfit,2017-07-28,5038000000,2017-09-16,GrossProfit,2026-08-27
MDT,inventory,2017-07-28,3538000000,2017-09-16,InventoryNet,2026-08-27
MDT,liabilities,2017-07-28,49463000000,2017-09-16,Liabilities,2026-08-27
MDT,netIncome,2017-07-28,1016000000,2017-09-16,NetIncomeLoss,2026-08-27
MDT,operatingCashFlow,2017-07-28,737000000,2017-09-16,NetCashProvidedByUsedInOperatingActivities,2026-08-27
MDT,operatingIncome,2017-07-28,1382000000,2017-09-16,OperatingIncomeLoss,2026-08-27
MDT,receivables,2017-07-28,5784000000,2017-09-16,AccountsReceivableNetCurrent,2026-08-27
MDT,revenue,2017-07-28,7390000000,2017-09-16,RevenueFromContractWithCustomerExcludingAssessedTax,2026-08-27
MET,assets,2017-09-30,720515000000,2017-11-19,Assets,2026-08-27
MET,cash,2017-09-30,13023000000,2017-11-19,CashAndCashEquivalentsAtCarryingValue,2026-08-27
MET,equity,2017-09-30,56981000000,2017-11-19,StockholdersEquity,2026-08-27
MET,liabilities,2017-09-30,663571000000,2017-11-19,Liabilities,2026-08-27
MET,netIncome,2017-09-30,-91000000,2017-11-19,NetIncomeLoss,2026-08-27
MET,revenue,2017-09-30,16171000000,2017-11-19,Revenues,2026-08-27
MET,shares,2017-09-30,1054286620,2017-11-19,CommonStockSharesOutstanding,2026-08-27
META,assets,2017-09-30,78998000000,2017-11-19,Assets,2026-08-27
META,cash,2017-09-30,7201000000,2017-11-19,CashAndCashEquivalentsAtCarryingValue,2026-08-27
META,equity,2017-09-30,71208000000,2017-11-19,StockholdersEquity,2026-08-27
META,liabilities,2017-09-30,7790000000,2017-11-19,Liabilities,2026-08-27
META,netIncome,2017-09-30,4707000000,2017-11-19,NetIncomeLoss,2026-08-27
META,operatingIncome,2017-09-30,5122000000,2017-11-19,OperatingIncomeLoss,2026-08-27
META,receivables,2017-09-30,4424000000,2017-11-19,AccountsReceivableNetCurrent,2026-08-27
META,revenue,2017-09-30,10328000000,2017-11-19,Revenues,2026-08-27
META,rnd,2017-09-30,2052000000,2017-11-19,ResearchAndDevelopmentExpense,2026-08-27
MGM,assets,2017-09-30,29101890000,2017-11-19,Assets,2026-08-27
MGM,cash,2017-09-30,1986688000,2017-11-19,CashAndCashEquivalentsAtCarryingValue,2026-08-27
MGM,debt,2017-09-30,13026927000,2017-11-19,LongTermDebtNoncurrent,2026-08-27
MGM,equity,2017-09-30,6308543000,2017-11-19,StockholdersEquity,2026-08-27
MGM,inventory,2017-09-30,101242000,2017-11-19,InventoryNet,2026-08-27
MGM,liabilities,2017-09-30,18717813000,2017-11-19,Liabilities,2026-08-27
MGM,netIncome,2017-09-30,148363000,2017-11-19,NetIncomeLoss,2026-08-27
MGM,operatingIncome,2017-09-30,492704000,2017-11-19,OperatingIncomeLoss,2026-08-27
MGM,receivables,2017-09-30,515423000,2017-11-19,AccountsReceivableNetCurrent,2026-08-27
MGM,revenue,2017-09-30,2830175000,2017-11-19,RevenueFromContractWithCustomerExcludingAssessedTax,2026-08-27
MGM,shares,2017-09-30,565493891,2017-11-19,CommonStockSharesOutstanding,2026-08-27
MKC,assets,2017-08-31,10381700000,2017-10-20,Assets,2026-08-27
MKC,cash,2017-08-31,166100000,2017-10-20,CashAndCashEquivalentsAtCarryingValue,2026-08-27
MKC,debt,2017-08-31,4702300000,2017-10-20,LongTermDebtNoncurrent,2026-08-27
MKC,grossProfit,2017-08-31,484400000,2017-10-20,GrossProfit,2026-08-27
MKC,liabilities,2017-08-31,7848400000,2017-10-20,Liabilities,2026-08-27
MKC,netIncome,2017-08-31,108200000,2017-10-20,NetIncomeLoss,2026-08-27
MKC,operatingIncome,2017-08-31,168700000,2017-10-20,OperatingIncomeLoss,2026-08-27
MKC,receivables,2017-08-31,556200000,2017-10-20,AccountsReceivableNetCurrent,2026-08-27
MKC,revenue,2017-08-31,1185200000,2017-10-20,Revenues,2026-08-27
MLM,assets,2017-09-30,7566785000,2017-11-19,Assets,2026-08-27
MLM,cash,2017-09-30,35219000,2017-11-19,CashAndCashEquivalentsAtCarryingValue,2026-08-27
MLM,debt,2017-09-30,1642502000,2017-11-19,LongTermDebtNoncurrent,2026-08-27
MLM,equity,2017-09-30,4331221000,2017-11-19,StockholdersEquity,2026-08-27
MLM,grossProfit,2017-09-30,291678000,2017-11-19,GrossProfit,2026-08-27
MLM,inventory,2017-09-30,576429000,2017-11-19,InventoryNet,2026-08-27
MLM,liabilities,2017-09-30,3232803000,2017-11-19,Liabilities,2026-08-27
MLM,netIncome,2017-09-30,151546000,2017-11-19,NetIncomeLoss,2026-08-27
MLM,operatingIncome,2017-09-30,226964000,2017-11-19,OperatingIncomeLoss,2026-08-27
MLM,receivables,2017-09-30,582532000,2017-11-19,AccountsReceivableNetCurrent,2026-08-27
MLM,revenue,2017-09-30,1087732000,2017-11-19,RevenueFromContractWithCustomerExcludingAssessedTax,2026-08-27
MMM,assets,2017-09-30,35237000000,2017-11-19,Assets,2026-08-27
MMM,debt,2017-09-30,10828000000,2017-11-19,LongTermDebtNoncurrent,2026-08-27
MMM,equity,2017-09-30,12146000000,2017-11-19,StockholdersEquity,2026-08-27
MMM,inventory,2017-09-30,3975000000,2017-11-19,InventoryNet,2026-08-27
MMM,liabilities,2017-09-30,23035000000,2017-11-19,Liabilities,2026-08-27
MMM,netIncome,2017-09-30,1429000000,2017-11-19,NetIncomeLoss,2026-08-27
MMM,operatingIncome,2017-09-30,2008000000,2017-11-19,OperatingIncomeLoss,2026-08-27
MMM,receivables,2017-09-30,5156000000,2017-11-19,AccountsReceivableNetCurrent,2026-08-27
MMM,revenue,2017-09-30,8172000000,2017-11-19,Revenues,2026-08-27
MNST,assets,2017-09-30,4708906000,2017-11-19,Assets,2026-08-27
MNST,cash,2017-09-30,465559000,2017-11-19,CashAndCashEquivalentsAtCarryingValue,2026-08-27
MNST,equity,2017-09-30,3768154000,2017-11-19,StockholdersEquity,2026-08-27
MNST,grossProfit,2017-09-30,569709000,2017-11-19,GrossProfit,2026-08-27
MNST,inventory,2017-09-30,213341000,2017-11-19,InventoryNet,2026-08-27
MNST,operatingIncome,2017-09-30,317372000,2017-11-19,OperatingIncomeLoss,2026-08-27
MNST,receivables,2017-09-30,535336000,2017-11-19,AccountsReceivableNetCurrent,2026-08-27
MNST,revenue,2017-09-30,909476000,2017-11-19,RevenueFromContractWithCustomerExcludingAssessedTax,2026-08-27
MNST,shares,2017-09-30,563959000,2017-11-19,CommonStockSharesOutstanding,2026-08-27
MO,assets,2017-09-30,44160000000,2017-11-19,Assets,2026-08-27
MO,cash,2017-09-30,2582000000,2017-11-19,CashAndCashEquivalentsAtCarryingValue,2026-08-27
MO,debt,2017-09-30,13890000000,2017-11-19,LongTermDebtNoncurrent,2026-08-27
MO,equity,2017-09-30,12166000000,2017-11-19,StockholdersEquity,2026-08-27
MO,grossProfit,2017-09-30,3171000000,2017-11-19,GrossProfit,2026-08-27
MO,inventory,2017-09-30,1987000000,2017-11-19,InventoryNet,2026-08-27
MO,liabilities,2017-09-30,31954000000,2017-11-19,Liabilities,2026-08-27
MO,netIncome,2017-09-30,1866000000,2017-11-19,NetIncomeLoss,2026-08-27
MO,operatingIncome,2017-09-30,2589000000,2017-11-19,OperatingIncomeLoss,2026-08-27
MO,revenue,2017-09-30,6729000000,2017-11-19,RevenueFromContractWithCustomerExcludingAssessedTax,2026-08-27
MOS,assets,2017-09-30,17803100000,2017-11-19,Assets,2026-08-27
MOS,capex,2017-09-30,197600000,2017-11-19,PaymentsToAcquirePropertyPlantAndEquipment,2026-08-27
MOS,cash,2017-09-30,685700000,2017-11-19,CashAndCashEquivalentsAtCarryingValue,2026-08-27
MOS,equity,2017-09-30,10114200000,2017-11-19,StockholdersEquity,2026-08-27
MOS,grossProfit,2017-09-30,240800000,2017-11-19,GrossProfit,2026-08-27
MOS,inventory,2017-09-30,1666200000,2017-11-19,InventoryNet,2026-08-27
MOS,netIncome,2017-09-30,227500000,2017-11-19,NetIncomeLoss,2026-08-27
MOS,operatingIncome,2017-09-30,213900000,2017-11-19,OperatingIncomeLoss,2026-08-27
MOS,shares,2017-09-30,351049649,2017-11-19,CommonStockSharesOutstanding,2026-08-27
MPC,assets,2017-09-30,46806000000,2017-11-19,Assets,2026-08-27
MPC,buybacks,2017-09-30,452000000,2017-11-19,PaymentsForRepurchaseOfCommonStock,2026-08-27
MPC,cash,2017-09-30,2088000000,2017-11-19,CashAndCashEquivalentsAtCarryingValue,2026-08-27
MPC,equity,2017-09-30,12930000000,2017-11-19,StockholdersEquity,2026-08-27
MPC,inventory,2017-09-30,5493000000,2017-11-19,InventoryNet,2026-08-27
MPC,liabilities,2017-09-30,26004000000,2017-11-19,Liabilities,2026-08-27
MPC,netIncome,2017-09-30,903000000,2017-11-19,NetIncomeLoss,2026-08-27
MPC,operatingIncome,2017-09-30,1577000000,2017-11-19,OperatingIncomeLoss,2026-08-27
MPC,receivables,2017-09-30,3900000000,2017-11-19,AccountsReceivableNetCurrent,2026-08-27
MPC,revenue,2017-09-30,19210000000,2017-11-19,Revenues,2026-08-27
MPWR,assets,2017-09-30,605013000,2017-11-19,Assets,2026-08-27
MPWR,cash,2017-09-30,104424000,2017-11-19,CashAndCashEquivalentsAtCarryingValue,2026-08-27
MPWR,equity,2017-09-30,505523000,2017-11-19,StockholdersEquity,2026-08-27
MPWR,grossProfit,2017-09-30,70856000,2017-11-19,GrossProfit,2026-08-27
MPWR,inventory,2017-09-30,99887000,2017-11-19,InventoryNet,2026-08-27
MPWR,liabilities,2017-09-30,99490000,2017-11-19,Liabilities,2026-08-27
MPWR,netIncome,2017-09-30,23642000,2017-11-19,NetIncomeLoss,2026-08-27
MPWR,operatingIncome,2017-09-30,23832000,2017-11-19,OperatingIncomeLoss,2026-08-27
MPWR,receivables,2017-09-30,50757000,2017-11-19,AccountsReceivableNetCurrent,2026-08-27
MPWR,revenue,2017-09-30,128939000,2017-11-19,RevenueFromContractWithCustomerExcludingAssessedTax,2026-08-27
MPWR,shares,2017-09-30,41508000,2017-11-19,CommonStockSharesOutstanding,2026-08-27
MRK,assets,2017-09-30,91676000000,2017-11-19,Assets,2026-08-27
MRK,cash,2017-09-30,7901000000,2017-11-19,CashAndCashEquivalentsAtCarryingValue,2026-08-27
MRK,debt,2017-09-30,21838000000,2017-11-19,LongTermDebtNoncurrent,2026-08-27
MRK,equity,2017-09-30,38248000000,2017-11-19,StockholdersEquity,2026-08-27
MRK,inventory,2017-09-30,5263000000,2017-11-19,InventoryNet,2026-08-27
MRK,netIncome,2017-09-30,-56000000,2017-11-19,NetIncomeLoss,2026-08-27
MRK,receivables,2017-09-30,7671000000,2017-11-19,AccountsReceivableNetCurrent,2026-08-27
MRK,revenue,2017-09-30,10325000000,2017-11-19,Revenues,2026-08-27
MRK,rnd,2017-09-30,4413000000,2017-11-19,ResearchAndDevelopmentExpense,2026-08-27
MRNA,operatingIncome,2017-09-30,-67871000,2017-11-19,OperatingIncomeLoss,2026-08-27
MRNA,revenue,2017-09-30,42472000,2017-11-19,Revenues,2026-08-27
MRSH,assets,2017-09-30,19690000000,2017-11-19,Assets,2026-08-27
MRSH,cash,2017-09-30,1078000000,2017-11-19,CashAndCashEquivalentsAtCarryingValue,2026-08-27
MRSH,netIncome,2017-09-30,393000000,2017-11-19,NetIncomeLoss,2026-08-27
MRSH,operatingIncome,2017-09-30,535000000,2017-11-19,OperatingIncomeLoss,2026-08-27
MRSH,shares,2017-09-30,511000000,2017-11-19,CommonStockSharesOutstanding,2026-08-27
MS,assets,2017-09-30,853693000000,2017-11-19,Assets,2026-08-27
MS,cash,2017-09-30,80922000000,2017-11-19,CashAndCashEquivalentsAtCarryingValue,2026-08-27
MS,debt,2017-09-30,191677000000,2017-11-19,LongTermDebt,2026-08-27
MS,equity,2017-09-30,78978000000,2017-11-19,StockholdersEquity,2026-08-27
MS,liabilities,2017-09-30,773579000000,2017-11-19,Liabilities,2026-08-27
MS,netIncome,2017-09-30,1781000000,2017-11-19,NetIncomeLoss,2026-08-27
MS,shares,2017-09-30,1812472419,2017-11-19,CommonStockSharesOutstanding,2026-08-27
MSCI,assets,2017-09-30,3154472000,2017-11-19,Assets,2026-08-27
MSCI,cash,2017-09-30,799015000,2017-11-19,CashAndCashEquivalentsAtCarryingValue,2026-08-27
MSCI,debt,2017-09-30,2077370000,2017-11-19,LongTermDebtNoncurrent,2026-08-27
MSCI,equity,2017-09-30,360314000,2017-11-19,StockholdersEquity,2026-08-27
MSCI,liabilities,2017-09-30,2794158000,2017-11-19,Liabilities,2026-08-27
MSCI,netIncome,2017-09-30,85153000,2017-11-19,NetIncomeLoss,2026-08-27
MSCI,operatingIncome,2017-09-30,148799000,2017-11-19,OperatingIncomeLoss,2026-08-27
MSCI,receivables,2017-09-30,309196000,2017-11-19,AccountsReceivableNetCurrent,2026-08-27
MSCI,revenue,2017-09-30,322097000,2017-11-19,Revenues,2026-08-27
MSCI,rnd,2017-09-30,17974000,2017-11-19,ResearchAndDevelopmentExpense,2026-08-27
MSCI,shares,2017-09-30,90067232,2017-11-19,CommonStockSharesOutstanding,2026-08-27
MSFT,assets,2017-09-30,249097000000,2017-11-19,Assets,2026-08-27
MSFT,buybacks,2017-09-30,2570000000,2017-11-19,PaymentsForRepurchaseOfCommonStock,2026-08-27
MSFT,capex,2017-09-30,2132000000,2017-11-19,PaymentsToAcquirePropertyPlantAndEquipment,2026-08-27
MSFT,cash,2017-09-30,6884000000,2017-11-19,CashAndCashEquivalentsAtCarryingValue,2026-08-27
MSFT,debt,2017-09-30,76255000000,2017-11-19,LongTermDebtNoncurrent,2026-08-27
MSFT,equity,2017-09-30,89647000000,2017-11-19,StockholdersEquity,2026-08-27
MSFT,grossProfit,2017-09-30,16260000000,2017-11-19,GrossProfit,2026-08-27
MSFT,inventory,2017-09-30,3211000000,2017-11-19,InventoryNet,2026-08-27
MSFT,liabilities,2017-09-30,159450000000,2017-11-19,Liabilities,2026-08-27
MSFT,netIncome,2017-09-30,6576000000,2017-11-19,NetIncomeLoss,2026-08-27
MSFT,operatingCashFlow,2017-09-30,12440000000,2017-11-19,NetCashProvidedByUsedInOperatingActivities,2026-08-27
MSFT,operatingIncome,2017-09-30,7708000000,2017-11-19,OperatingIncomeLoss,2026-08-27
MSFT,receivables,2017-09-30,14561000000,2017-11-19,AccountsReceivableNetCurrent,2026-08-27
MSFT,revenue,2017-09-30,24538000000,2017-11-19,RevenueFromContractWithCustomerExcludingAssessedTax,2026-08-27
MSFT,rnd,2017-09-30,3574000000,2017-11-19,ResearchAndDevelopmentExpense,2026-08-27
MSFT,shares,2017-09-30,7720000000,2017-11-19,CommonStockSharesOutstanding,2026-08-27
MSI,assets,2017-09-30,8618000000,2017-11-19,Assets,2026-08-27
MSI,cash,2017-09-30,653000000,2017-11-19,CashAndCashEquivalentsAtCarryingValue,2026-08-27
MSI,debt,2017-09-30,4423000000,2017-11-19,LongTermDebtNoncurrent,2026-08-27
MSI,equity,2017-09-30,-830000000,2017-11-19,StockholdersEquity,2026-08-27
MSI,grossProfit,2017-09-30,794000000,2017-11-19,GrossProfit,2026-08-27
MSI,inventory,2017-09-30,364000000,2017-11-19,InventoryNet,2026-08-27
MSI,netIncome,2017-09-30,212000000,2017-11-19,NetIncomeLoss,2026-08-27
MSI,operatingIncome,2017-09-30,347000000,2017-11-19,OperatingIncomeLoss,2026-08-27
MSI,receivables,2017-09-30,1382000000,2017-11-19,AccountsReceivableNetCurrent,2026-08-27
MSI,revenue,2017-09-30,1645000000,2017-11-19,Revenues,2026-08-27
MSI,rnd,2017-09-30,141000000,2017-11-19,ResearchAndDevelopmentExpense,2026-08-27
MSI,shares,2017-09-30,162000000,2017-11-19,CommonStockSharesOutstanding,2026-08-27
MTB,assets,2017-09-30,120401804000,2017-11-19,Assets,2026-08-27
MTB,cash,2017-09-30,1368252000,2017-11-19,CashAndCashEquivalentsAtCarryingValue,2026-08-27
MTB,debt,2017-09-30,8577645000,2017-11-19,LongTermDebt,2026-08-27
MTB,equity,2017-09-30,16318052000,2017-11-19,StockholdersEquity,2026-08-27
MTB,liabilities,2017-09-30,104083752000,2017-11-19,Liabilities,2026-08-27
MTB,netIncome,2017-09-30,355923000,2017-11-19,NetIncomeLoss,2026-08-27
MTD,assets,2017-09-30,2497199000,2017-11-19,Assets,2026-08-27
MTD,cash,2017-09-30,169086000,2017-11-19,CashAndCashEquivalentsAtCarryingValue,2026-08-27
MTD,debt,2017-09-30,1050681000,2017-11-19,LongTermDebtNoncurrent,2026-08-27
MTD,equity,2017-09-30,512979000,2017-11-19,StockholdersEquity,2026-08-27
MTD,grossProfit,2017-09-30,400975000,2017-11-19,GrossProfit,2026-08-27
MTD,inventory,2017-09-30,263527000,2017-11-19,InventoryNet,2026-08-27
MTD,liabilities,2017-09-30,1984220000,2017-11-19,Liabilities,2026-08-27
MTD,netIncome,2017-09-30,104950000,2017-11-19,NetIncomeLoss,2026-08-27
MTD,receivables,2017-09-30,483167000,2017-11-19,AccountsReceivableNetCurrent,2026-08-27
MTD,revenue,2017-09-30,698799000,2017-11-19,Revenues,2026-08-27
MTD,rnd,2017-09-30,32203000,2017-11-19,ResearchAndDevelopmentExpense,2026-08-27
MTD,shares,2017-09-30,25579124,2017-11-19,CommonStockSharesOutstanding,2026-08-27
MU,assets,2017-08-31,35336000000,2017-10-20,Assets,2026-08-27
MU,cash,2017-08-31,5109000000,2017-10-20,CashAndCashEquivalentsAtCarryingValue,2026-08-27
MU,equity,2017-08-31,18621000000,2017-10-20,StockholdersEquity,2026-08-27
MU,grossProfit,2017-08-31,3112000000,2017-10-20,GrossProfit,2026-08-27
MU,inventory,2017-08-31,3123000000,2017-10-20,InventoryNet,2026-08-27
MU,liabilities,2017-08-31,15845000000,2017-10-20,Liabilities,2026-08-27
MU,netIncome,2017-08-31,2368000000,2017-10-20,NetIncomeLoss,2026-08-27
MU,operatingIncome,2017-08-31,2502000000,2017-10-20,OperatingIncomeLoss,2026-08-27
MU,receivables,2017-08-31,3490000000,2017-10-20,AccountsReceivableNetCurrent,2026-08-27
MU,revenue,2017-08-31,6138000000,2017-10-20,Revenues,2026-08-27
MU,shares,2017-08-31,1112000000,2017-10-20,CommonStockSharesOutstanding,2026-08-27
NCLH,assets,2017-09-30,14265117000,2017-11-19,Assets,2026-08-27
NCLH,cash,2017-09-30,522904000,2017-11-19,CashAndCashEquivalentsAtCarryingValue,2026-08-27
NCLH,equity,2017-09-30,5537604000,2017-11-19,StockholdersEquity,2026-08-27
NCLH,inventory,2017-09-30,78915000,2017-11-19,InventoryNet,2026-08-27
NCLH,liabilities,2017-09-30,8727513000,2017-11-19,Liabilities,2026-08-27
NCLH,operatingIncome,2017-09-30,476820000,2017-11-19,OperatingIncomeLoss,2026-08-27
NCLH,receivables,2017-09-30,56764000,2017-11-19,AccountsReceivableNetCurrent,2026-08-27
NCLH,revenue,2017-09-30,1651738000,2017-11-19,Revenues,2026-08-27
NCLH,shares,2017-09-30,228458619,2017-11-19,CommonStockSharesOutstanding,2026-08-27
NDAQ,assets,2017-09-30,15072000000,2017-11-19,Assets,2026-08-27
NDAQ,cash,2017-09-30,530000000,2017-11-19,CashAndCashEquivalentsAtCarryingValue,2026-08-27
NDAQ,debt,2017-09-30,3589000000,2017-11-19,LongTermDebt,2026-08-27
NDAQ,equity,2017-09-30,5735000000,2017-11-19,StockholdersEquity,2026-08-27
NDAQ,grossProfit,2017-09-30,603000000,2017-11-19,GrossProfit,2026-08-27
NDAQ,liabilities,2017-09-30,9337000000,2017-11-19,Liabilities,2026-08-27
NDAQ,netIncome,2017-09-30,170000000,2017-11-19,NetIncomeLoss,2026-08-27
NDAQ,operatingIncome,2017-09-30,262000000,2017-11-19,OperatingIncomeLoss,2026-08-27
NDAQ,revenue,2017-09-30,969000000,2017-11-19,Revenues,2026-08-27
NDAQ,shares,2017-09-30,166594818,2017-11-19,CommonStockSharesOutstanding,2026-08-27
NDSN,assets,2017-07-31,3460516000,2017-09-19,Assets,2026-08-27
NDSN,cash,2017-07-31,110705000,2017-09-19,CashAndCashEquivalentsAtCarryingValue,2026-08-27
NDSN,debt,2017-07-31,1569680000,2017-09-19,LongTermDebtNoncurrent,2026-08-27
NDSN,equity,2017-07-31,1084431000,2017-09-19,StockholdersEquity,2026-08-27
NDSN,grossProfit,2017-07-31,326265000,2017-09-19,GrossProfit,2026-08-27
NDSN,inventory,2017-07-31,275705000,2017-09-19,InventoryNet,2026-08-27
NDSN,netIncome,2017-07-31,101456000,2017-09-19,NetIncomeLoss,2026-08-27
NDSN,operatingIncome,2017-07-31,153466000,2017-09-19,OperatingIncomeLoss,2026-08-27
NDSN,revenue,2017-07-31,589438000,2017-09-19,Revenues,2026-08-27
NEE,assets,2017-09-30,96781000000,2017-11-19,Assets,2026-08-27
NEE,cash,2017-09-30,1381000000,2017-11-19,CashAndCashEquivalentsAtCarryingValue,2026-08-27
NEE,debt,2017-09-30,30345000000,2017-11-19,LongTermDebtNoncurrent,2026-08-27
NEE,equity,2017-09-30,26398000000,2017-11-19,StockholdersEquity,2026-08-27
NEE,inventory,2017-09-30,1352000000,2017-11-19,InventoryNet,2026-08-27
NEE,netIncome,2017-09-30,846000000,2017-11-19,NetIncomeLoss,2026-08-27
NEE,operatingIncome,2017-09-30,1350000000,2017-11-19,OperatingIncomeLoss,2026-08-27
NEE,receivables,2017-09-30,2147000000,2017-11-19,AccountsReceivableNetCurrent,2026-08-27
NEE,shares,2017-09-30,470000000,2017-11-19,CommonStockSharesOutstanding,2026-08-27
NEM,assets,2017-09-30,20836000000,2017-11-19,Assets,2026-08-27
NEM,capex,2017-09-30,194000000,2017-11-19,PaymentsToAcquireProductiveAssets,2026-08-27
NEM,cash,2017-09-30,2969000000,2017-11-19,CashAndCashEquivalentsAtCarryingValue,2026-08-27
NEM,debt,2017-09-30,4046000000,2017-11-19,LongTermDebtNoncurrent,2026-08-27
NEM,equity,2017-09-30,11138000000,2017-11-19,StockholdersEquity,2026-08-27
NEM,grossProfit,2017-09-30,472000000,2017-11-19,GrossProfit,2026-08-27
NEM,liabilities,2017-09-30,8605000000,2017-11-19,Liabilities,2026-08-27
NEM,netIncome,2017-09-30,206000000,2017-11-19,NetIncomeLoss,2026-08-27
NEM,receivables,2017-09-30,131000000,2017-11-19,AccountsReceivableNetCurrent,2026-08-27
NEM,revenue,2017-09-30,1879000000,2017-11-19,RevenueFromContractWithCustomerExcludingAssessedTax,2026-08-27
NEM,rnd,2017-09-30,41000000,2017-11-19,ResearchAndDevelopmentExpense,2026-08-27
NFLX,assets,2017-09-30,16951540000,2017-11-19,Assets,2026-08-27
NFLX,capex,2017-09-30,33963000,2017-11-19,PaymentsToAcquirePropertyPlantAndEquipment,2026-08-27
NFLX,cash,2017-09-30,1746469000,2017-11-19,CashAndCashEquivalentsAtCarryingValue,2026-08-27
NFLX,debt,2017-09-30,4888783000,2017-11-19,LongTermDebtNoncurrent,2026-08-27
NFLX,equity,2017-09-30,3327361000,2017-11-19,StockholdersEquity,2026-08-27
NFLX,grossProfit,2017-09-30,898620000,2017-11-19,GrossProfit,2026-08-27
NFLX,liabilities,2017-09-30,13624179000,2017-11-19,Liabilities,2026-08-27
NFLX,netIncome,2017-09-30,129590000,2017-11-19,NetIncomeLoss,2026-08-27
NFLX,operatingCashFlow,2017-09-30,-419607000,2017-11-19,NetCashProvidedByUsedInOperatingActivities,2026-08-27
NFLX,operatingIncome,2017-09-30,208627000,2017-11-19,OperatingIncomeLoss,2026-08-27
NFLX,revenue,2017-09-30,2984859000,2017-11-19,Revenues,2026-08-27
NFLX,rnd,2017-09-30,255236000,2017-11-19,ResearchAndDevelopmentExpense,2026-08-27
NFLX,shares,2017-09-30,432731130,2017-11-19,CommonStockSharesOutstanding,2026-08-27
NI,assets,2017-09-30,19269500000,2017-11-19,Assets,2026-08-27
NI,cash,2017-09-30,19300000,2017-11-19,CashAndCashEquivalentsAtCarryingValue,2026-08-27
NI,equity,2017-09-30,4363000000,2017-11-19,StockholdersEquity,2026-08-27
NI,grossProfit,2017-09-30,917000000,2017-11-19,GrossProfit,2026-08-27
NI,netIncome,2017-09-30,14000000,2017-11-19,NetIncomeLoss,2026-08-27
NI,operatingIncome,2017-09-30,111200000,2017-11-19,OperatingIncomeLoss,2026-08-27
NI,receivables,2017-09-30,480000000,2017-11-19,AccountsReceivableNetCurrent,2026-08-27
NI,revenue,2017-09-30,917000000,2017-11-19,Revenues,2026-08-27
NI,shares,2017-09-30,336691078,2017-11-19,CommonStockSharesOutstanding,2026-08-27
NKE,assets,2017-08-31,23647000000,2017-10-20,Assets,2026-08-27
NKE,buybacks,2017-08-31,804000000,2017-10-20,PaymentsForRepurchaseOfCommonStock,2026-08-27
NKE,capex,2017-08-31,270000000,2017-10-20,PaymentsToAcquirePropertyPlantAndEquipment,2026-08-27
NKE,cash,2017-08-31,3413000000,2017-10-20,CashAndCashEquivalentsAtCarryingValue,2026-08-27
NKE,debt,2017-08-31,3472000000,2017-10-20,LongTermDebtNoncurrent,2026-08-27
NKE,equity,2017-08-31,11993000000,2017-10-20,StockholdersEquity,2026-08-27
NKE,grossProfit,2017-08-31,3962000000,2017-10-20,GrossProfit,2026-08-27
NKE,netIncome,2017-08-31,950000000,2017-10-20,NetIncomeLoss,2026-08-27
NKE,operatingCashFlow,2017-08-31,575000000,2017-10-20,NetCashProvidedByUsedInOperatingActivities,2026-08-27
NKE,receivables,2017-08-31,3871000000,2017-10-20,AccountsReceivableNetCurrent,2026-08-27
NKE,revenue,2017-08-31,9070000000,2017-10-20,SalesRevenueNet,2026-08-27
NOC,assets,2017-09-30,26513000000,2017-11-19,Assets,2026-08-27
NOC,cash,2017-09-30,1878000000,2017-11-19,CashAndCashEquivalentsAtCarryingValue,2026-08-27
NOC,equity,2017-09-30,6608000000,2017-11-19,StockholdersEquity,2026-08-27
NOC,inventory,2017-09-30,1007000000,2017-11-19,InventoryNet,2026-08-27
NOC,liabilities,2017-09-30,20020000000,2017-11-19,Liabilities,2026-08-27
NOC,netIncome,2017-09-30,750000000,2017-11-19,NetIncomeLoss,2026-08-27
NOC,operatingIncome,2017-09-30,829000000,2017-11-19,OperatingIncomeLoss,2026-08-27
NOC,revenue,2017-09-30,6569000000,2017-11-19,Revenues,2026-08-27
NOC,shares,2017-09-30,174077667,2017-11-19,CommonStockSharesOutstanding,2026-08-27
NOW,assets,2017-09-30,3069515000,2017-11-19,Assets,2026-08-27
NOW,cash,2017-09-30,1104871000,2017-11-19,CashAndCashEquivalentsAtCarryingValue,2026-08-27
NOW,equity,2017-09-30,551391000,2017-11-19,StockholdersEquity,2026-08-27
NOW,grossProfit,2017-09-30,364886000,2017-11-19,GrossProfit,2026-08-27
NOW,liabilities,2017-09-30,2518124000,2017-11-19,Liabilities,2026-08-27
NOW,netIncome,2017-09-30,-22182000,2017-11-19,NetIncomeLoss,2026-08-27
NOW,operatingIncome,2017-09-30,-3910000,2017-11-19,OperatingIncomeLoss,2026-08-27
NOW,receivables,2017-09-30,291903000,2017-11-19,AccountsReceivableNetCurrent,2026-08-27
NOW,revenue,2017-09-30,498170000,2017-11-19,Revenues,2026-08-27
NOW,rnd,2017-09-30,98465000,2017-11-19,ResearchAndDevelopmentExpense,2026-08-27
NOW,shares,2017-09-30,172706935,2017-11-19,CommonStockSharesOutstanding,2026-08-27
NRG,assets,2017-09-30,25470000000,2017-11-19,Assets,2026-08-27
NRG,cash,2017-09-30,1022000000,2017-11-19,CashAndCashEquivalentsAtCarryingValue,2026-08-27
NRG,debt,2017-09-30,17132000000,2017-11-19,LongTermDebt,2026-08-27
NRG,inventory,2017-09-30,630000000,2017-11-19,InventoryNet,2026-08-27
NRG,liabilities,2017-09-30,21695000000,2017-11-19,Liabilities,2026-08-27
NRG,netIncome,2017-09-30,171000000,2017-11-19,NetIncomeLoss,2026-08-27
NRG,operatingIncome,2017-09-30,275000000,2017-11-19,OperatingIncomeLoss,2026-08-27
NRG,receivables,2017-09-30,1274000000,2017-11-19,AccountsReceivableNetCurrent,2026-08-27
NRG,revenue,2017-09-30,2618000000,2017-11-19,Revenues,2026-08-27
NRG,rnd,2017-09-30,6000000,2017-11-19,ResearchAndDevelopmentExpense,2026-08-27
NRG,shares,2017-09-30,316638518,2017-11-19,CommonStockSharesOutstanding,2026-08-27
NSC,assets,2017-09-30,35153000000,2017-11-19,Assets,2026-08-27
NSC,cash,2017-09-30,724000000,2017-11-19,CashAndCashEquivalentsAtCarryingValue,2026-08-27
NSC,debt,2017-09-30,9880000000,2017-11-19,LongTermDebt,2026-08-27
NSC,equity,2017-09-30,12727000000,2017-11-19,StockholdersEquity,2026-08-27
NSC,liabilities,2017-09-30,22426000000,2017-11-19,Liabilities,2026-08-27
NSC,operatingIncome,2017-09-30,895000000,2017-11-19,OperatingIncomeLoss,2026-08-27
NSC,receivables,2017-09-30,973000000,2017-11-19,AccountsReceivableNetCurrent,2026-08-27
NSC,revenue,2017-09-30,2670000000,2017-11-19,Revenues,2026-08-27
NSC,shares,2017-09-30,286148766,2017-11-19,CommonStockSharesOutstanding,2026-08-27
NTAP,assets,2017-07-28,9599000000,2017-09-16,Assets,2026-08-27
NTAP,buybacks,2017-07-28,150000000,2017-09-16,PaymentsForRepurchaseOfCommonStock,2026-08-27
NTAP,capex,2017-07-28,36000000,2017-09-16,PaymentsToAcquirePropertyPlantAndEquipment,2026-08-27
NTAP,cash,2017-07-28,2951000000,2017-09-16,CashAndCashEquivalentsAtCarryingValue,2026-08-27
NTAP,debt,2017-07-28,745000000,2017-09-16,LongTermDebtNoncurrent,2026-08-27
NTAP,equity,2017-07-28,2768000000,2017-09-16,StockholdersEquity,2026-08-27
NTAP,grossProfit,2017-07-28,824000000,2017-09-16,GrossProfit,2026-08-27
NTAP,inventory,2017-07-28,143000000,2017-09-16,InventoryNet,2026-08-27
NTAP,liabilities,2017-07-28,6831000000,2017-09-16,Liabilities,2026-08-27
NTAP,netIncome,2017-07-28,131000000,2017-09-16,NetIncomeLoss,2026-08-27
NTAP,operatingCashFlow,2017-07-28,250000000,2017-09-16,NetCashProvidedByUsedInOperatingActivities,2026-08-27
NTAP,operatingIncome,2017-07-28,140000000,2017-09-16,OperatingIncomeLoss,2026-08-27
NTAP,receivables,2017-07-28,518000000,2017-09-16,AccountsReceivableNetCurrent,2026-08-27
NTAP,revenue,2017-07-28,1321000000,2017-09-16,RevenueFromContractWithCustomerExcludingAssessedTax,2026-08-27
NTAP,rnd,2017-07-28,193000000,2017-09-16,ResearchAndDevelopmentExpense,2026-08-27
NTAP,shares,2017-07-28,270000000,2017-09-16,CommonStockSharesOutstanding,2026-08-27
NTRS,assets,2017-09-30,131400200000,2017-11-19,Assets,2026-08-27
NTRS,equity,2017-09-30,10165200000,2017-11-19,StockholdersEquity,2026-08-27
NTRS,liabilities,2017-09-30,121235000000,2017-11-19,Liabilities,2026-08-27
NTRS,netIncome,2017-09-30,298400000,2017-11-19,NetIncomeLoss,2026-08-27
NTRS,shares,2017-09-30,227421128,2017-11-19,CommonStockSharesOutstanding,2026-08-27
NUE,assets,2017-09-30,16503834000,2017-11-19,Assets,2026-08-27
NUE,cash,2017-09-30,1575944000,2017-11-19,CashAndCashEquivalentsAtCarryingValue,2026-08-27
NUE,debt,2017-09-30,3241488000,2017-11-19,LongTermDebtNoncurrent,2026-08-27
NUE,equity,2017-09-30,8505385000,2017-11-19,StockholdersEquity,2026-08-27
NUE,grossProfit,2017-09-30,578964000,2017-11-19,GrossProfit,2026-08-27
NUE,inventory,2017-09-30,3522199000,2017-11-19,InventoryNet,2026-08-27
NUE,liabilities,2017-09-30,7658020000,2017-11-19,Liabilities,2026-08-27
NUE,netIncome,2017-09-30,254850000,2017-11-19,NetIncomeLoss,2026-08-27
NUE,receivables,2017-09-30,2113890000,2017-11-19,AccountsReceivableNetCurrent,2026-08-27
NUE,revenue,2017-09-30,5170117000,2017-11-19,SalesRevenueNet,2026-08-27
NVDA,assets,2017-07-30,9402000000,2017-09-18,Assets,2026-08-27
NVDA,cash,2017-07-30,1988000000,2017-09-18,CashAndCashEquivalentsAtCarryingValue,2026-08-27
NVDA,debt,2017-07-30,1984000000,2017-09-18,LongTermDebt,2026-08-27
NVDA,equity,2017-07-30,5973000000,2017-09-18,StockholdersEquity,2026-08-27
NVDA,grossProfit,2017-07-30,1302000000,2017-09-18,GrossProfit,2026-08-27
NVDA,inventory,2017-07-30,855000000,2017-09-18,InventoryNet,2026-08-27
NVDA,liabilities,2017-07-30,3427000000,2017-09-18,Liabilities,2026-08-27
NVDA,netIncome,2017-07-30,583000000,2017-09-18,NetIncomeLoss,2026-08-27
NVDA,operatingIncome,2017-07-30,688000000,2017-09-18,OperatingIncomeLoss,2026-08-27
NVDA,receivables,2017-07-30,1213000000,2017-09-18,AccountsReceivableNetCurrent,2026-08-27
NVDA,revenue,2017-07-30,2230000000,2017-09-18,Revenues,2026-08-27
NVDA,rnd,2017-07-30,416000000,2017-09-18,ResearchAndDevelopmentExpense,2026-08-27
NVR,assets,2017-09-30,3049511000,2017-11-19,Assets,2026-08-27
NVR,cash,2017-09-30,628061000,2017-11-19,CashAndCashEquivalentsAtCarryingValue,2026-08-27
NVR,equity,2017-09-30,1650676000,2017-11-19,StockholdersEquity,2026-08-27
NVR,liabilities,2017-09-30,1398835000,2017-11-19,Liabilities,2026-08-27
NVR,netIncome,2017-09-30,162102000,2017-11-19,NetIncomeLoss,2026-08-27
NVR,revenue,2017-09-30,1667920000,2017-11-19,Revenues,2026-08-27
NWS,assets,2017-09-30,14662000000,2017-11-19,Assets,2026-08-27
NWS,capex,2017-09-30,62000000,2017-11-19,PaymentsToAcquirePropertyPlantAndEquipment,2026-08-27
NWS,cash,2017-09-30,1877000000,2017-11-19,CashAndCashEquivalentsAtCarryingValue,2026-08-27
NWS,debt,2017-09-30,281000000,2017-11-19,LongTermDebtNoncurrent,2026-08-27
NWS,equity,2017-09-30,10913000000,2017-11-19,StockholdersEquity,2026-08-27
NWS,inventory,2017-09-30,225000000,2017-11-19,InventoryNet,2026-08-27
NWS,netIncome,2017-09-30,68000000,2017-11-19,NetIncomeLoss,2026-08-27
NWS,operatingCashFlow,2017-09-30,-4000000,2017-11-19,NetCashProvidedByUsedInOperatingActivities,2026-08-27
NWS,receivables,2017-09-30,1365000000,2017-11-19,AccountsReceivableNetCurrent,2026-08-27
NWS,revenue,2017-09-30,2058000000,2017-11-19,Revenues,2026-08-27
O,assets,2017-09-30,13701419000,2017-11-19,Assets,2026-08-27
O,cash,2017-09-30,3199000,2017-11-19,CashAndCashEquivalentsAtCarryingValue,2026-08-27
O,equity,2017-09-30,7354429000,2017-11-19,StockholdersEquity,2026-08-27
O,liabilities,2017-09-30,6327492000,2017-11-19,Liabilities,2026-08-27
O,netIncome,2017-09-30,87940000,2017-11-19,NetIncomeLoss,2026-08-27
O,revenue,2017-09-30,306920000,2017-11-19,RevenueFromContractWithCustomerExcludingAssessedTax,2026-08-27
O,shares,2017-09-30,281778537,2017-11-19,CommonStockSharesOutstanding,2026-08-27
ODFL,assets,2017-09-30,2956170000,2017-11-19,Assets,2026-08-27
ODFL,cash,2017-09-30,78091000,2017-11-19,CashAndCashEquivalentsAtCarryingValue,2026-08-27
ODFL,equity,2017-09-30,2087016000,2017-11-19,StockholdersEquity,2026-08-27
ODFL,liabilities,2017-09-30,869154000,2017-11-19,Liabilities,2026-08-27
ODFL,netIncome,2017-09-30,102314000,2017-11-19,NetIncomeLoss,2026-08-27
ODFL,operatingIncome,2017-09-30,163875000,2017-11-19,OperatingIncomeLoss,2026-08-27
ODFL,receivables,2017-09-30,391858000,2017-11-19,AccountsReceivableNetCurrent,2026-08-27
ODFL,shares,2017-09-30,82375945,2017-11-19,CommonStockSharesOutstanding,2026-08-27
OKE,assets,2017-09-30,16764841000,2017-11-19,Assets,2026-08-27
OKE,capex,2017-09-30,135199000,2017-11-19,PaymentsToAcquirePropertyPlantAndEquipment,2026-08-27
OKE,cash,2017-09-30,11676000,2017-11-19,CashAndCashEquivalentsAtCarryingValue,2026-08-27
OKE,debt,2017-09-30,8092000000,2017-11-19,LongTermDebtNoncurrent,2026-08-27
OKE,equity,2017-09-30,5359495000,2017-11-19,StockholdersEquity,2026-08-27
OKE,inventory,2017-09-30,314266000,2017-11-19,InventoryNet,2026-08-27
OKE,netIncome,2017-09-30,165742000,2017-11-19,NetIncomeLoss,2026-08-27
OKE,operatingIncome,2017-09-30,354622000,2017-11-19,OperatingIncomeLoss,2026-08-27
OKE,revenue,2017-09-30,2906366000,2017-11-19,Revenues,2026-08-27
OKE,shares,2017-09-30,381285028,2017-11-19,CommonStockSharesOutstanding,2026-08-27
OMC,assets,2017-09-30,22207500000,2017-11-19,Assets,2026-08-27
OMC,cash,2017-09-30,1843000000,2017-11-19,CashAndCashEquivalentsAtCarryingValue,2026-08-27
OMC,equity,2017-09-30,2522500000,2017-11-19,StockholdersEquity,2026-08-27
OMC,netIncome,2017-09-30,263600000,2017-11-19,NetIncomeLoss,2026-08-27
OMC,operatingIncome,2017-09-30,470200000,2017-11-19,OperatingIncomeLoss,2026-08-27
OMC,receivables,2017-09-30,7045700000,2017-11-19,AccountsReceivableNetCurrent,2026-08-27
OMC,revenue,2017-09-30,3719500000,2017-11-19,Revenues,2026-08-27
ON,assets,2017-09-29,6861300000,2017-11-18,Assets,2026-08-27
ON,cash,2017-09-29,901200000,2017-11-18,CashAndCashEquivalentsAtCarryingValue,2026-08-27
ON,debt,2017-09-29,2684400000,2017-11-18,LongTermDebtNoncurrent,2026-08-27
ON,equity,2017-09-29,2212400000,2017-11-18,StockholdersEquity,2026-08-27
ON,grossProfit,2017-09-29,524000000,2017-11-18,GrossProfit,2026-08-27
ON,inventory,2017-09-29,1029000000,2017-11-18,InventoryNet,2026-08-27
ON,liabilities,2017-09-29,4625900000,2017-11-18,Liabilities,2026-08-27
ON,netIncome,2017-09-29,108700000,2017-11-18,NetIncomeLoss,2026-08-27
ON,operatingIncome,2017-09-29,177000000,2017-11-18,OperatingIncomeLoss,2026-08-27
ON,revenue,2017-09-29,1390900000,2017-11-18,Revenues,2026-08-27
ON,shares,2017-09-29,422898064,2017-11-18,CommonStockSharesOutstanding,2026-08-27
ORCL,assets,2017-08-31,133597000000,2017-10-20,Assets,2026-08-27
ORCL,buybacks,2017-08-31,502000000,2017-10-20,PaymentsForRepurchaseOfCommonStock,2026-08-27
ORCL,capex,2017-08-31,473000000,2017-10-20,PaymentsToAcquirePropertyPlantAndEquipment,2026-08-27
ORCL,cash,2017-08-31,21321000000,2017-10-20,CashAndCashEquivalentsAtCarryingValue,2026-08-27
ORCL,equity,2017-08-31,55959000000,2017-10-20,StockholdersEquity,2026-08-27
ORCL,grossProfit,2017-08-31,5432000000,2017-10-20,GrossProfit,2026-08-27
ORCL,inventory,2017-08-31,312000000,2017-10-20,InventoryNet,2026-08-27
ORCL,netIncome,2017-08-31,2144000000,2017-10-20,NetIncomeLoss,2026-08-27
ORCL,operatingCashFlow,2017-08-31,6566000000,2017-10-20,NetCashProvidedByUsedInOperatingActivities,2026-08-27
ORCL,operatingIncome,2017-08-31,2749000000,2017-10-20,OperatingIncomeLoss,2026-08-27
ORCL,receivables,2017-08-31,3591000000,2017-10-20,AccountsReceivableNetCurrent,2026-08-27
ORCL,revenue,2017-08-31,9187000000,2017-10-20,Revenues,2026-08-27
ORCL,rnd,2017-08-31,1572000000,2017-10-20,ResearchAndDevelopmentExpense,2026-08-27
ORCL,shares,2017-08-31,4171000000,2017-10-20,CommonStockSharesOutstanding,2026-08-27
ORLY,assets,2017-09-30,7479328000,2017-11-19,Assets,2026-08-27
ORLY,cash,2017-09-30,37287000,2017-11-19,CashAndCashEquivalentsAtCarryingValue,2026-08-27
ORLY,debt,2017-09-30,2900816000,2017-11-19,LongTermDebtNoncurrent,2026-08-27
ORLY,equity,2017-09-30,614179000,2017-11-19,StockholdersEquity,2026-08-27
ORLY,grossProfit,2017-09-30,1230294000,2017-11-19,GrossProfit,2026-08-27
ORLY,inventory,2017-09-30,2987592000,2017-11-19,InventoryNet,2026-08-27
ORLY,netIncome,2017-09-30,283734000,2017-11-19,NetIncomeLoss,2026-08-27
ORLY,operatingIncome,2017-09-30,461963000,2017-11-19,OperatingIncomeLoss,2026-08-27
ORLY,receivables,2017-09-30,219631000,2017-11-19,AccountsReceivableNetCurrent,2026-08-27
ORLY,revenue,2017-09-30,2339830000,2017-11-19,RevenueFromContractWithCustomerExcludingAssessedTax,2026-08-27
ORLY,shares,2017-09-30,85338294,2017-11-19,CommonStockSharesOutstanding,2026-08-27
OXY,assets,2017-09-30,41443000000,2017-11-19,Assets,2026-08-27
OXY,cash,2017-09-30,1806000000,2017-11-19,CashAndCashEquivalentsAtCarryingValue,2026-08-27
OXY,debt,2017-09-30,9326000000,2017-11-19,LongTermDebtNoncurrent,2026-08-27
OXY,inventory,2017-09-30,1007000000,2017-11-19,InventoryNet,2026-08-27
OXY,netIncome,2017-09-30,190000000,2017-11-19,NetIncomeLoss,2026-08-27
OXY,receivables,2017-09-30,3749000000,2017-11-19,AccountsReceivableNetCurrent,2026-08-27
OXY,revenue,2017-09-30,2999000000,2017-11-19,Revenues,2026-08-27
OXY,shares,2017-09-30,893416414,2017-11-19,CommonStockSharesOutstanding,2026-08-27
PANW,assets,2017-07-31,3438300000,2017-09-19,Assets,2026-08-27
PANW,cash,2017-07-31,744300000,2017-09-19,CashAndCashEquivalentsAtCarryingValue,2026-08-27
PANW,debt,2017-07-31,524700000,2017-09-19,LongTermDebt,2026-08-27
PANW,equity,2017-07-31,759600000,2017-09-19,StockholdersEquity,2026-08-27
PANW,grossProfit,2017-07-31,370600000,2017-09-19,GrossProfit,2026-08-27
PANW,netIncome,2017-07-31,-38200000,2017-09-19,NetIncomeLoss,2026-08-27
PANW,operatingIncome,2017-07-31,-27300000,2017-09-19,OperatingIncomeLoss,2026-08-27
PANW,receivables,2017-07-31,432100000,2017-09-19,AccountsReceivableNetCurrent,2026-08-27
PANW,revenue,2017-07-31,509100000,2017-09-19,SalesRevenueNet,2026-08-27
PANW,rnd,2017-07-31,87300000,2017-09-19,ResearchAndDevelopmentExpense,2026-08-27
PANW,shares,2017-07-31,91500000,2017-09-19,CommonStockSharesOutstanding,2026-08-27
PAYX,assets,2017-08-31,7619500000,2017-10-20,Assets,2026-08-27
PAYX,buybacks,2017-08-31,94100000,2017-10-20,PaymentsForRepurchaseOfCommonStock,2026-08-27
PAYX,capex,2017-08-31,18000000,2017-10-20,PaymentsToAcquirePropertyPlantAndEquipment,2026-08-27
PAYX,cash,2017-08-31,234400000,2017-10-20,CashAndCashEquivalentsAtCarryingValue,2026-08-27
PAYX,equity,2017-08-31,1943800000,2017-10-20,StockholdersEquity,2026-08-27
PAYX,liabilities,2017-08-31,5675700000,2017-10-20,Liabilities,2026-08-27
PAYX,operatingCashFlow,2017-08-31,343600000,2017-10-20,NetCashProvidedByUsedInOperatingActivities,2026-08-27
PAYX,operatingIncome,2017-08-31,317300000,2017-10-20,OperatingIncomeLoss,2026-08-27
PAYX,revenue,2017-08-31,792900000,2017-10-20,Revenues,2026-08-27
PAYX,shares,2017-08-31,358900000,2017-10-20,CommonStockSharesOutstanding,2026-08-27
PCAR,assets,2017-09-30,23103900000,2017-11-19,Assets,2026-08-27
PCAR,cash,2017-09-30,2313300000,2017-11-19,CashAndCashEquivalentsAtCarryingValue,2026-08-27
PCAR,equity,2017-09-30,7935600000,2017-11-19,StockholdersEquity,2026-08-27
PCAR,netIncome,2017-09-30,402700000,2017-11-19,NetIncomeLoss,2026-08-27
PCAR,revenue,2017-09-30,5059700000,2017-11-19,Revenues,2026-08-27
PCG,assets,2017-09-30,71526000000,2017-11-19,Assets,2026-08-27
PCG,cash,2017-09-30,191000000,2017-11-19,CashAndCashEquivalentsAtCarryingValue,2026-08-27
PCG,debt,2017-09-30,16619000000,2017-11-19,LongTermDebtNoncurrent,2026-08-27
PCG,equity,2017-09-30,19034000000,2017-11-19,StockholdersEquity,2026-08-27
PCG,inventory,2017-09-30,138000000,2017-11-19,InventoryNet,2026-08-27
PCG,operatingIncome,2017-09-30,886000000,2017-11-19,OperatingIncomeLoss,2026-08-27
PCG,receivables,2017-09-30,1368000000,2017-11-19,AccountsReceivableNetCurrent,2026-08-27
PCG,revenue,2017-09-30,4517000000,2017-11-19,Revenues,2026-08-27
PCG,shares,2017-09-30,513773072000000,2017-11-19,CommonStockSharesOutstanding,2026-08-27
PEG,assets,2017-09-30,41157000000,2017-11-19,Assets,2026-08-27
PEG,cash,2017-09-30,278000000,2017-11-19,CashAndCashEquivalentsAtCarryingValue,2026-08-27
PEG,debt,2017-09-30,11274000000,2017-11-19,LongTermDebtNoncurrent,2026-08-27
PEG,netIncome,2017-09-30,395000000,2017-11-19,NetIncomeLoss,2026-08-27
PEG,operatingIncome,2017-09-30,693000000,2017-11-19,OperatingIncomeLoss,2026-08-27
PEG,receivables,2017-09-30,1022000000,2017-11-19,AccountsReceivableNetCurrent,2026-08-27
PEG,revenue,2017-09-30,2254000000,2017-11-19,Revenues,2026-08-27
PEP,assets,2017-09-09,78463000000,2017-10-29,Assets,2026-08-27
PEP,cash,2017-09-09,10243000000,2017-10-29,CashAndCashEquivalentsAtCarryingValue,2026-08-27
PEP,equity,2017-09-09,13450000000,2017-10-29,StockholdersEquity,2026-08-27
PEP,grossProfit,2017-09-09,8872000000,2017-10-29,GrossProfit,2026-08-27
PEP,inventory,2017-09-09,3251000000,2017-10-29,InventoryNet,2026-08-27
PEP,liabilities,2017-09-09,65052000000,2017-10-29,Liabilities,2026-08-27
PEP,netIncome,2017-09-09,2144000000,2017-10-29,NetIncomeLoss,2026-08-27
PEP,operatingIncome,2017-09-09,2924000000,2017-10-29,OperatingIncomeLoss,2026-08-27
PEP,revenue,2017-09-09,16240000000,2017-10-29,Revenues,2026-08-27
PFE,assets,2017-07-02,168558000000,2017-08-21,Assets,2026-08-27
PFE,cash,2017-07-02,2585000000,2017-08-21,CashAndCashEquivalentsAtCarryingValue,2026-08-27
PFE,debt,2017-07-02,34191000000,2017-08-21,LongTermDebtNoncurrent,2026-08-27
PFE,equity,2017-07-02,58368000000,2017-08-21,StockholdersEquity,2026-08-27
PFE,inventory,2017-07-02,7584000000,2017-08-21,InventoryNet,2026-08-27
PFE,liabilities,2017-07-02,109863000000,2017-08-21,Liabilities,2026-08-27
PFE,netIncome,2017-07-02,3073000000,2017-08-21,NetIncomeLoss,2026-08-27
PFE,receivables,2017-07-02,9476000000,2017-08-21,AccountsReceivableNetCurrent,2026-08-27
PFE,revenue,2017-07-02,12896000000,2017-08-21,RevenueFromContractWithCustomerExcludingAssessedTax,2026-08-27
PFG,assets,2017-09-30,247933600000,2017-11-19,Assets,2026-08-27
PFG,cash,2017-09-30,2795000000,2017-11-19,CashAndCashEquivalentsAtCarryingValue,2026-08-27
PFG,debt,2017-09-30,3175400000,2017-11-19,LongTermDebt,2026-08-27
PFG,equity,2017-09-30,11996400000,2017-11-19,StockholdersEquity,2026-08-27
PFG,liabilities,2017-09-30,235737200000,2017-11-19,Liabilities,2026-08-27
PFG,netIncome,2017-09-30,810200000,2017-11-19,NetIncomeLoss,2026-08-27
PFG,revenue,2017-09-30,4627800000,2017-11-19,Revenues,2026-08-27
PFG,shares,2017-09-30,288500000,2017-11-19,CommonStockSharesOutstanding,2026-08-27
PG,assets,2017-09-30,122851000000,2017-11-19,Assets,2026-08-27
PG,buybacks,2017-09-30,2502000000,2017-11-19,PaymentsForRepurchaseOfCommonStock,2026-08-27
PG,capex,2017-09-30,1132000000,2017-11-19,PaymentsToAcquirePropertyPlantAndEquipment,2026-08-27
PG,cash,2017-09-30,5024000000,2017-11-19,CashAndCashEquivalentsAtCarryingValue,2026-08-27
PG,debt,2017-09-30,20188000000,2017-11-19,LongTermDebtNoncurrent,2026-08-27
PG,inventory,2017-09-30,5023000000,2017-11-19,InventoryNet,2026-08-27
PG,liabilities,2017-09-30,67436000000,2017-11-19,Liabilities,2026-08-27
PG,netIncome,2017-09-30,2853000000,2017-11-19,NetIncomeLoss,2026-08-27
PG,operatingCashFlow,2017-09-30,3631000000,2017-11-19,NetCashProvidedByUsedInOperatingActivities,2026-08-27
PG,operatingIncome,2017-09-30,3648000000,2017-11-19,OperatingIncomeLoss,2026-08-27
PG,receivables,2017-09-30,4942000000,2017-11-19,AccountsReceivableNetCurrent,2026-08-27
PG,revenue,2017-09-30,16653000000,2017-11-19,Revenues,2026-08-27
PGR,assets,2017-09-30,38932600000,2017-11-19,Assets,2026-08-27
PGR,equity,2017-09-30,9289400000,2017-11-19,StockholdersEquity,2026-08-27
PGR,liabilities,2017-09-30,29145000000,2017-11-19,Liabilities,2026-08-27
PGR,netIncome,2017-09-30,224000000,2017-11-19,NetIncomeLoss,2026-08-27
PGR,revenue,2017-09-30,6791800000,2017-11-19,Revenues,2026-08-27
PH,assets,2017-09-30,15731279000,2017-11-19,Assets,2026-08-27
PH,buybacks,2017-09-30,78710000,2017-11-19,PaymentsForRepurchaseOfCommonStock,2026-08-27
PH,capex,2017-09-30,79336000,2017-11-19,PaymentsToAcquirePropertyPlantAndEquipment,2026-08-27
PH,cash,2017-09-30,874766000,2017-11-19,CashAndCashEquivalentsAtCarryingValue,2026-08-27
PH,debt,2017-09-30,4788147000,2017-11-19,LongTermDebtNoncurrent,2026-08-27
PH,equity,2017-09-30,5524940000,2017-11-19,StockholdersEquity,2026-08-27
PH,inventory,2017-09-30,1707001000,2017-11-19,InventoryNet,2026-08-27
PH,liabilities,2017-09-30,10200620000,2017-11-19,Liabilities,2026-08-27
PH,netIncome,2017-09-30,285397000,2017-11-19,NetIncomeLoss,2026-08-27
PH,operatingCashFlow,2017-09-30,238000000,2017-11-19,NetCashProvidedByUsedInOperatingActivities,2026-08-27
PH,operatingIncome,2017-09-30,525252000,2017-11-19,OperatingIncomeLoss,2026-08-27
PH,revenue,2017-09-30,3364651000,2017-11-19,Revenues,2026-08-27
PHM,assets,2017-09-30,9971269000,2017-11-19,Assets,2026-08-27
PHM,cash,2017-09-30,158237000,2017-11-19,CashAndCashEquivalentsAtCarryingValue,2026-08-27
PHM,equity,2017-09-30,4345085000,2017-11-19,StockholdersEquity,2026-08-27
PHM,liabilities,2017-09-30,5626184000,2017-11-19,Liabilities,2026-08-27
PHM,netIncome,2017-09-30,177539000,2017-11-19,NetIncomeLoss,2026-08-27
PHM,revenue,2017-09-30,2131058000,2017-11-19,Revenues,2026-08-27
PKG,assets,2017-09-30,6027200000,2017-11-19,Assets,2026-08-27
PKG,cash,2017-09-30,370500000,2017-11-19,CashAndCashEquivalentsAtCarryingValue,2026-08-27
PKG,debt,2017-09-30,2456300000,2017-11-19,LongTermDebtNoncurrent,2026-08-27
PKG,equity,2017-09-30,1994200000,2017-11-19,StockholdersEquity,2026-08-27
PKG,grossProfit,2017-09-30,397000000,2017-11-19,GrossProfit,2026-08-27
PKG,inventory,2017-09-30,736600000,2017-11-19,InventoryNet,2026-08-27
PKG,netIncome,2017-09-30,139100000,2017-11-19,NetIncomeLoss,2026-08-27
PKG,operatingIncome,2017-09-30,242600000,2017-11-19,OperatingIncomeLoss,2026-08-27
PKG,receivables,2017-09-30,831300000,2017-11-19,AccountsReceivableNetCurrent,2026-08-27
PKG,revenue,2017-09-30,1640100000,2017-11-19,RevenueFromContractWithCustomerExcludingAssessedTax,2026-08-27
PLD,assets,2017-09-30,29654150000,2017-11-19,Assets,2026-08-27
PLD,cash,2017-09-30,568726000,2017-11-19,CashAndCashEquivalentsAtCarryingValue,2026-08-27
PLD,debt,2017-09-30,9721065000,2017-11-19,LongTermDebt,2026-08-27
PLD,equity,2017-09-30,15543751000,2017-11-19,StockholdersEquity,2026-08-27
PLD,liabilities,2017-09-30,11094894000,2017-11-19,Liabilities,2026-08-27
PLD,netIncome,2017-09-30,877893000,2017-11-19,NetIncomeLoss,2026-08-27
PLD,operatingIncome,2017-09-30,175491000,2017-11-19,OperatingIncomeLoss,2026-08-27
PLD,revenue,2017-09-30,602874000,2017-11-19,Revenues,2026-08-27
PLD,shares,2017-09-30,532081000,2017-11-19,CommonStockSharesOutstanding,2026-08-27
PM,assets,2017-09-30,41951000000,2017-11-19,Assets,2026-08-27
PM,cash,2017-09-30,7667000000,2017-11-19,CashAndCashEquivalentsAtCarryingValue,2026-08-27
PM,equity,2017-09-30,-11407000000,2017-11-19,StockholdersEquity,2026-08-27
PM,grossProfit,2017-09-30,4738000000,2017-11-19,GrossProfit,2026-08-27
PM,inventory,2017-09-30,8283000000,2017-11-19,InventoryNet,2026-08-27
PM,liabilities,2017-09-30,51584000000,2017-11-19,Liabilities,2026-08-27
PM,netIncome,2017-09-30,1970000000,2017-11-19,NetIncomeLoss,2026-08-27
PM,operatingIncome,2017-09-30,3088000000,2017-11-19,OperatingIncomeLoss,2026-08-27
PM,receivables,2017-09-30,3985000000,2017-11-19,AccountsReceivableNetCurrent,2026-08-27
PM,revenue,2017-09-30,7473000000,2017-11-19,RevenueFromContractWithCustomerExcludingAssessedTax,2026-08-27
PNC,assets,2017-09-30,375191000000,2017-11-19,Assets,2026-08-27
PNC,equity,2017-09-30,46388000000,2017-11-19,StockholdersEquity,2026-08-27
PNC,liabilities,2017-09-30,328739000000,2017-11-19,Liabilities,2026-08-27
PNC,revenue,2017-09-30,4125000000,2017-11-19,Revenues,2026-08-27
PNR,assets,2017-09-30,8628800000,2017-11-19,Assets,2026-08-27
PNR,cash,2017-09-30,108500000,2017-11-19,CashAndCashEquivalentsAtCarryingValue,2026-08-27
PNR,debt,2017-09-30,1503400000,2017-11-19,LongTermDebtNoncurrent,2026-08-27
PNR,grossProfit,2017-09-30,236500000,2017-11-19,GrossProfit,2026-08-27
PNR,inventory,2017-09-30,579200000,2017-11-19,InventoryNet,2026-08-27
PNR,liabilities,2017-09-30,3620200000,2017-11-19,Liabilities,2026-08-27
PNR,netIncome,2017-09-30,125500000,2017-11-19,NetIncomeLoss,2026-08-27
PNR,operatingIncome,2017-09-30,101800000,2017-11-19,OperatingIncomeLoss,2026-08-27
PNR,revenue,2017-09-30,687600000,2017-11-19,Revenues,2026-08-27
PNR,rnd,2017-09-30,17900000,2017-11-19,ResearchAndDevelopmentExpense,2026-08-27
PNW,assets,2017-09-30,16977867000,2017-11-19,Assets,2026-08-27
PNW,cash,2017-09-30,10674000,2017-11-19,CashAndCashEquivalentsAtCarryingValue,2026-08-27
PNW,debt,2017-09-30,4491048000,2017-11-19,LongTermDebtNoncurrent,2026-08-27
PNW,equity,2017-09-30,5142068000,2017-11-19,StockholdersEquity,2026-08-27
PNW,operatingIncome,2017-09-30,459548000,2017-11-19,OperatingIncomeLoss,2026-08-27
PNW,revenue,2017-09-30,1183322000,2017-11-19,Revenues,2026-08-27
PODD,assets,2017-09-30,500348000,2017-11-19,Assets,2026-08-27
PODD,cash,2017-09-30,102233000,2017-11-19,CashAndCashEquivalentsAtCarryingValue,2026-08-27
PODD,debt,2017-09-30,344953000,2017-11-19,LongTermDebtNoncurrent,2026-08-27
PODD,equity,2017-09-30,74254000,2017-11-19,StockholdersEquity,2026-08-27
PODD,grossProfit,2017-09-30,73624000,2017-11-19,GrossProfit,2026-08-27
PODD,inventory,2017-09-30,35054000,2017-11-19,InventoryNet,2026-08-27
PODD,liabilities,2017-09-30,426094000,2017-11-19,Liabilities,2026-08-27
PODD,netIncome,2017-09-30,-2227000,2017-11-19,NetIncomeLoss,2026-08-27
PODD,operatingIncome,2017-09-30,2047000,2017-11-19,OperatingIncomeLoss,2026-08-27
PODD,receivables,2017-09-30,47173000,2017-11-19,AccountsReceivableNetCurrent,2026-08-27
PODD,revenue,2017-09-30,121775000,2017-11-19,Revenues,2026-08-27
PODD,rnd,2017-09-30,20141000,2017-11-19,ResearchAndDevelopmentExpense,2026-08-27
PODD,shares,2017-09-30,58156128,2017-11-19,CommonStockSharesOutstanding,2026-08-27
PPG,assets,2017-09-30,17616000000,2017-11-19,Assets,2026-08-27
PPG,cash,2017-09-30,2287000000,2017-11-19,CashAndCashEquivalentsAtCarryingValue,2026-08-27
PPG,debt,2017-09-30,4089000000,2017-11-19,LongTermDebtNoncurrent,2026-08-27
PPG,equity,2017-09-30,5897000000,2017-11-19,StockholdersEquity,2026-08-27
PPG,inventory,2017-09-30,1805000000,2017-11-19,InventoryNet,2026-08-27
PPG,liabilities,2017-09-30,11611000000,2017-11-19,Liabilities,2026-08-27
PPG,netIncome,2017-09-30,610000000,2017-11-19,NetIncomeLoss,2026-08-27
PPG,operatingIncome,2017-09-30,590000000,2017-11-19,OperatingIncomeLoss,2026-08-27
PPG,revenue,2017-09-30,3776000000,2017-11-19,Revenues,2026-08-27
PPL,assets,2017-09-30,40758000000,2017-11-19,Assets,2026-08-27
PPL,cash,2017-09-30,676000000,2017-11-19,CashAndCashEquivalentsAtCarryingValue,2026-08-27
PPL,debt,2017-09-30,19110000000,2017-11-19,LongTermDebtNoncurrent,2026-08-27
PPL,equity,2017-09-30,10692000000,2017-11-19,StockholdersEquity,2026-08-27
PPL,inventory,2017-09-30,323000000,2017-11-19,InventoryNet,2026-08-27
PPL,netIncome,2017-09-30,355000000,2017-11-19,NetIncomeLoss,2026-08-27
PPL,operatingIncome,2017-09-30,736000000,2017-11-19,OperatingIncomeLoss,2026-08-27
PPL,receivables,2017-09-30,617000000,2017-11-19,AccountsReceivableNetCurrent,2026-08-27
PPL,revenue,2017-09-30,1845000000,2017-11-19,Revenues,2026-08-27
PPL,shares,2017-09-30,688133000,2017-11-19,CommonStockSharesOutstanding,2026-08-27
PRU,assets,2017-09-30,821131000000,2017-11-19,Assets,2026-08-27
PRU,cash,2017-09-30,14541000000,2017-11-19,CashAndCashEquivalentsAtCarryingValue,2026-08-27
PRU,debt,2017-09-30,17153000000,2017-11-19,LongTermDebtNoncurrent,2026-08-27
PRU,equity,2017-09-30,50373000000,2017-11-19,StockholdersEquity,2026-08-27
PRU,liabilities,2017-09-30,770566000000,2017-11-19,Liabilities,2026-08-27
PRU,netIncome,2017-09-30,2238000000,2017-11-19,NetIncomeLoss,2026-08-27
PRU,revenue,2017-09-30,16313000000,2017-11-19,Revenues,2026-08-27
PSA,assets,2017-09-30,10765694000,2017-11-19,Assets,2026-08-27
PSA,cash,2017-09-30,694233000,2017-11-19,CashAndCashEquivalentsAtCarryingValue,2026-08-27
PSA,debt,2017-09-30,1425854000,2017-11-19,LongTermDebt,2026-08-27
PSA,equity,2017-09-30,8936190000,2017-11-19,StockholdersEquity,2026-08-27
PSA,grossProfit,2017-09-30,495742000,2017-11-19,GrossProfit,2026-08-27
PSA,liabilities,2017-09-30,1806274000,2017-11-19,Liabilities,2026-08-27
PSA,netIncome,2017-09-30,356674000,2017-11-19,NetIncomeLoss,2026-08-27
PSA,operatingIncome,2017-09-30,360111000,2017-11-19,OperatingIncomeLoss,2026-08-27
PSA,revenue,2017-09-30,686361000,2017-11-19,Revenues,2026-08-27
PSA,shares,2017-09-30,173738808,2017-11-19,CommonStockSharesOutstanding,2026-08-27
PSX,assets,2017-09-30,52712000000,2017-11-19,Assets,2026-08-27
PSX,cash,2017-09-30,1547000000,2017-11-19,CashAndCashEquivalentsAtCarryingValue,2026-08-27
PSX,equity,2017-09-30,22523000000,2017-11-19,StockholdersEquity,2026-08-27
PSX,inventory,2017-09-30,4455000000,2017-11-19,InventoryNet,2026-08-27
PSX,liabilities,2017-09-30,28753000000,2017-11-19,Liabilities,2026-08-27
PSX,netIncome,2017-09-30,823000000,2017-11-19,NetIncomeLoss,2026-08-27
PSX,revenue,2017-09-30,25627000000,2017-11-19,RevenueFromContractWithCustomerExcludingAssessedTax,2026-08-27
PTC,assets,2017-09-30,2360384000,2017-11-19,Assets,2026-08-27
PTC,cash,2017-09-30,280003000,2017-11-19,CashAndCashEquivalentsAtCarryingValue,2026-08-27
PTC,equity,2017-09-30,885436000,2017-11-19,StockholdersEquity,2026-08-27
PTC,grossProfit,2017-07-01,209025000,2017-08-20,GrossProfit,2026-08-27
PTC,liabilities,2017-09-30,1474948000,2017-11-19,Liabilities,2026-08-27
PTC,netIncome,2017-07-01,-951000,2017-08-20,NetIncomeLoss,2026-08-27
PTC,operatingIncome,2017-07-01,11256000,2017-08-20,OperatingIncomeLoss,2026-08-27
PTC,receivables,2017-09-30,152299000,2017-11-19,AccountsReceivableNetCurrent,2026-08-27
PTC,revenue,2017-07-01,291293000,2017-08-20,SalesRevenueNet,2026-08-27
PTC,rnd,2017-07-01,59850000,2017-08-20,ResearchAndDevelopmentExpense,2026-08-27
PTC,shares,2017-09-30,115333000,2017-11-19,CommonStockSharesOutstanding,2026-08-27
PWR,assets,2017-09-30,6640246000,2017-11-19,Assets,2026-08-27
PWR,buybacks,2017-09-30,0,2017-11-19,PaymentsForRepurchaseOfCommonStock,2026-08-27
PWR,capex,2017-09-30,62997000,2017-11-19,PaymentsToAcquirePropertyPlantAndEquipment,2026-08-27
PWR,cash,2017-09-30,91532000,2017-11-19,CashAndCashEquivalentsAtCarryingValue,2026-08-27
PWR,debt,2017-09-30,760208000,2017-11-19,LongTermDebtNoncurrent,2026-08-27
PWR,equity,2017-09-30,3727530000,2017-11-19,StockholdersEquity,2026-08-27
PWR,grossProfit,2017-09-30,350631000,2017-11-19,GrossProfit,2026-08-27
PWR,inventory,2017-09-30,86391000,2017-11-19,InventoryNet,2026-08-27
PWR,liabilities,2017-09-30,2910015000,2017-11-19,Liabilities,2026-08-27
PWR,operatingCashFlow,2017-09-30,173567000,2017-11-19,NetCashProvidedByUsedInOperatingActivities,2026-08-27
PWR,operatingIncome,2017-09-30,140428000,2017-11-19,OperatingIncomeLoss,2026-08-27
PWR,receivables,2017-09-30,1980245000,2017-11-19,AccountsReceivableNetCurrent,2026-08-27
PWR,revenue,2017-09-30,2609307000,2017-11-19,RevenueFromContractWithCustomerExcludingAssessedTax,2026-08-27
PWR,shares,2017-09-30,151206729,2017-11-19,CommonStockSharesOutstanding,2026-08-27
PYPL,assets,2017-09-30,37761000000,2017-11-19,Assets,2026-08-27
PYPL,buybacks,2017-09-30,5299000000,2017-11-19,PaymentsForRepurchaseOfCommonStock,2026-08-27
PYPL,cash,2017-09-30,2330000000,2017-11-19,CashAndCashEquivalentsAtCarryingValue,2026-08-27
PYPL,equity,2017-09-30,15432000000,2017-11-19,StockholdersEquity,2026-08-27
PYPL,liabilities,2017-09-30,22329000000,2017-11-19,Liabilities,2026-08-27
PYPL,netIncome,2017-09-30,380000000,2017-11-19,NetIncomeLoss,2026-08-27
PYPL,operatingIncome,2017-09-30,423000000,2017-11-19,OperatingIncomeLoss,2026-08-27
PYPL,receivables,2017-09-30,301000000,2017-11-19,AccountsReceivableNetCurrent,2026-08-27
PYPL,revenue,2017-09-30,3239000000,2017-11-19,RevenueFromContractWithCustomerExcludingAssessedTax,2026-08-27
PYPL,rnd,2017-09-30,240000000,2017-11-19,ResearchAndDevelopmentExpense,2026-08-27
PYPL,shares,2017-09-30,1202000000,2017-11-19,CommonStockSharesOutstanding,2026-08-27
QCOM,assets,2017-09-24,65498000000,2017-11-13,Assets,2026-08-27
QCOM,cash,2017-09-24,35029000000,2017-11-13,CashAndCashEquivalentsAtCarryingValue,2026-08-27
QCOM,debt,2017-09-24,19398000000,2017-11-13,LongTermDebt,2026-08-27
QCOM,equity,2017-09-24,30725000000,2017-11-13,StockholdersEquity,2026-08-27
QCOM,inventory,2017-09-24,2035000000,2017-11-13,InventoryNet,2026-08-27
QCOM,liabilities,2017-09-24,34773000000,2017-11-13,Liabilities,2026-08-27
QCOM,netIncome,2017-09-24,157000000,2017-11-13,NetIncomeLoss,2026-08-27
QCOM,operatingIncome,2017-09-24,316000000,2017-11-13,OperatingIncomeLoss,2026-08-27
QCOM,receivables,2017-09-24,3576000000,2017-11-13,AccountsReceivableNetCurrent,2026-08-27
QCOM,revenue,2017-09-24,5888000000,2017-11-13,Revenues,2026-08-27
QCOM,shares,2017-09-24,1474000000,2017-11-13,CommonStockSharesOutstanding,2026-08-27
RCL,assets,2017-09-30,22099314000,2017-11-19,Assets,2026-08-27
RCL,cash,2017-09-30,139950000,2017-11-19,CashAndCashEquivalentsAtCarryingValue,2026-08-27
RCL,equity,2017-09-30,10435488000,2017-11-19,StockholdersEquity,2026-08-27
RCL,inventory,2017-09-30,119949000,2017-11-19,InventoryNet,2026-08-27
RCL,netIncome,2017-09-30,752842000,2017-11-19,NetIncomeLoss,2026-08-27
RCL,operatingIncome,2017-09-30,737488000,2017-11-19,OperatingIncomeLoss,2026-08-27
RCL,revenue,2017-09-30,2569544000,2017-11-19,Revenues,2026-08-27
REG,debt,2017-09-30,3522130000,2017-11-19,LongTermDebt,2026-08-27
REG,revenue,2017-09-30,262141000,2017-11-19,Revenues,2026-08-27
REGN,assets,2017-09-30,8701215000,2017-11-19,Assets,2026-08-27
REGN,cash,2017-09-30,792065000,2017-11-19,CashAndCashEquivalentsAtCarryingValue,2026-08-27
REGN,equity,2017-09-30,6051593000,2017-11-19,StockholdersEquity,2026-08-27
REGN,inventory,2017-09-30,641588000,2017-11-19,InventoryNet,2026-08-27
REGN,liabilities,2017-09-30,2649622000,2017-11-19,Liabilities,2026-08-27
REGN,netIncome,2017-09-30,388300000,2017-11-19,NetIncomeLoss,2026-08-27
REGN,operatingIncome,2017-09-30,559926000,2017-11-19,OperatingIncomeLoss,2026-08-27
REGN,receivables,2017-09-30,1532693000,2017-11-19,AccountsReceivableNetCurrent,2026-08-27
REGN,revenue,2017-09-30,1500673000,2017-11-19,Revenues,2026-08-27
REGN,rnd,2017-09-30,529749000,2017-11-19,ResearchAndDevelopmentExpense,2026-08-27
RF,assets,2017-09-30,123271000000,2017-11-19,Assets,2026-08-27
RF,cash,2017-09-30,3761000000,2017-11-19,CashAndCashEquivalentsAtCarryingValue,2026-08-27
RF,debt,2017-09-30,6102000000,2017-11-19,LongTermDebt,2026-08-27
RF,equity,2017-09-30,16624000000,2017-11-19,StockholdersEquity,2026-08-27
RF,liabilities,2017-09-30,106647000000,2017-11-19,Liabilities,2026-08-27
RF,netIncome,2017-09-30,311000000,2017-11-19,NetIncomeLoss,2026-08-27
RJF,assets,2017-09-30,34883456000,2017-11-19,Assets,2026-08-27
RJF,cash,2017-09-30,3670000000,2017-11-19,CashAndCashEquivalentsAtCarryingValue,2026-08-27
RJF,equity,2017-09-30,5581713000,2017-11-19,StockholdersEquity,2026-08-27
RJF,liabilities,2017-09-30,29190105000,2017-11-19,Liabilities,2026-08-27
RJF,shares,2017-09-30,144096521,2017-11-19,CommonStockSharesOutstanding,2026-08-27
RL,assets,2017-09-30,6028300000,2017-11-19,Assets,2026-08-27
RL,buybacks,2017-07-01,14400000,2017-08-20,PaymentsForRepurchaseOfCommonStock,2026-08-27
RL,capex,2017-07-01,41900000,2017-08-20,PaymentsToAcquireProductiveAssets,2026-08-27
RL,cash,2017-09-30,1111600000,2017-11-19,CashAndCashEquivalentsAtCarryingValue,2026-08-27
RL,debt,2017-09-30,291800000,2017-11-19,LongTermDebtNoncurrent,2026-08-27
RL,equity,2017-09-30,3509600000,2017-11-19,StockholdersEquity,2026-08-27
RL,grossProfit,2017-09-30,995800000,2017-11-19,GrossProfit,2026-08-27
RL,inventory,2017-09-30,864600000,2017-11-19,InventoryNet,2026-08-27
RL,liabilities,2017-09-30,2518700000,2017-11-19,Liabilities,2026-08-27
RL,netIncome,2017-09-30,143800000,2017-11-19,NetIncomeLoss,2026-08-27
RL,operatingCashFlow,2017-07-01,334200000,2017-08-20,NetCashProvidedByUsedInOperatingActivities,2026-08-27
RL,operatingIncome,2017-09-30,193300000,2017-11-19,OperatingIncomeLoss,2026-08-27
RL,receivables,2017-09-30,470300000,2017-11-19,AccountsReceivableNetCurrent,2026-08-27
RL,revenue,2017-09-30,1664200000,2017-11-19,Revenues,2026-08-27
RMD,assets,2017-09-30,3489617000,2017-11-19,Assets,2026-08-27
RMD,capex,2017-09-30,16030000,2017-11-19,PaymentsToAcquirePropertyPlantAndEquipment,2026-08-27
RMD,cash,2017-09-30,811102000,2017-11-19,CashAndCashEquivalentsAtCarryingValue,2026-08-27
RMD,debt,2017-09-30,1018871000,2017-11-19,LongTermDebtNoncurrent,2026-08-27
RMD,equity,2017-09-30,2049528000,2017-11-19,StockholdersEquity,2026-08-27
RMD,grossProfit,2017-09-30,305605000,2017-11-19,GrossProfit,2026-08-27
RMD,inventory,2017-09-30,300472000,2017-11-19,InventoryNet,2026-08-27
RMD,liabilities,2017-09-30,1440089000,2017-11-19,Liabilities,2026-08-27
RMD,netIncome,2017-09-30,86125000,2017-11-19,NetIncomeLoss,2026-08-27
RMD,operatingCashFlow,2017-09-30,93983000,2017-11-19,NetCashProvidedByUsedInOperatingActivities,2026-08-27
RMD,operatingIncome,2017-09-30,112558000,2017-11-19,OperatingIncomeLoss,2026-08-27
RMD,receivables,2017-09-30,431354000,2017-11-19,AccountsReceivableNetCurrent,2026-08-27
RMD,revenue,2017-09-30,523659000,2017-11-19,Revenues,2026-08-27
RMD,rnd,2017-09-30,37415000,2017-11-19,ResearchAndDevelopmentExpense,2026-08-27
RMD,shares,2017-09-30,142263786,2017-11-19,CommonStockSharesOutstanding,2026-08-27
ROK,assets,2017-09-30,7161700000,2017-11-19,Assets,2026-08-27
ROK,cash,2017-09-30,1410900000,2017-11-19,CashAndCashEquivalentsAtCarryingValue,2026-08-27
ROK,debt,2017-09-30,1243400000,2017-11-19,LongTermDebtNoncurrent,2026-08-27
ROK,equity,2017-09-30,2663600000,2017-11-19,StockholdersEquity,2026-08-27
ROK,grossProfit,2017-09-30,647700000,2017-11-19,GrossProfit,2026-08-27
ROK,inventory,2017-09-30,558700000,2017-11-19,InventoryNet,2026-08-27
ROK,netIncome,2017-09-30,204600000,2017-11-19,NetIncomeLoss,2026-08-27
ROK,revenue,2017-09-30,1667500000,2017-11-19,Revenues,2026-08-27
ROK,shares,2017-09-30,128400000,2017-11-19,CommonStockSharesOutstanding,2026-08-27
ROL,assets,2017-09-30,1046527000,2017-11-19,Assets,2026-08-27
ROL,cash,2017-09-30,113397000,2017-11-19,CashAndCashEquivalentsAtCarryingValue,2026-08-27
ROL,equity,2017-09-30,650439000,2017-11-19,StockholdersEquity,2026-08-27
ROL,grossProfit,2017-09-30,231661000,2017-11-19,GrossProfit,2026-08-27
ROL,inventory,2017-09-30,15380000,2017-11-19,InventoryNet,2026-08-27
ROL,liabilities,2017-09-30,396088000,2017-11-19,Liabilities,2026-08-27
ROL,receivables,2017-09-30,110325000,2017-11-19,AccountsReceivableNetCurrent,2026-08-27
ROL,revenue,2017-09-30,450442000,2017-11-19,Revenues,2026-08-27
ROL,shares,2017-09-30,217975154,2017-11-19,CommonStockSharesOutstanding,2026-08-27
ROP,assets,2017-09-30,14246673000,2017-11-19,Assets,2026-08-27
ROP,cash,2017-09-30,605600000,2017-11-19,CashAndCashEquivalentsAtCarryingValue,2026-08-27
ROP,debt,2017-09-30,4932721000,2017-11-19,LongTermDebtNoncurrent,2026-08-27
ROP,equity,2017-09-30,6458984000,2017-11-19,StockholdersEquity,2026-08-27
ROP,grossProfit,2017-09-30,726400000,2017-11-19,GrossProfit,2026-08-27
ROP,inventory,2017-09-30,209306000,2017-11-19,InventoryNet,2026-08-27
ROP,liabilities,2017-09-30,7787689000,2017-11-19,Liabilities,2026-08-27
ROP,netIncome,2017-09-30,190300000,2017-11-19,NetIncomeLoss,2026-08-27
ROP,operatingIncome,2017-09-30,310800000,2017-11-19,OperatingIncomeLoss,2026-08-27
ROP,receivables,2017-09-30,603874000,2017-11-19,AccountsReceivableNetCurrent,2026-08-27
ROP,revenue,2017-09-30,1159900000,2017-11-19,RevenueFromContractWithCustomerExcludingAssessedTax,2026-08-27
ROST,assets,2017-07-29,5514479000,2017-09-17,Assets,2026-08-27
ROST,cash,2017-07-29,1150932000,2017-09-17,CashAndCashEquivalentsAtCarryingValue,2026-08-27
ROST,debt,2017-07-29,396729000,2017-09-17,LongTermDebtNoncurrent,2026-08-27
ROST,equity,2017-07-29,2839884000,2017-09-17,StockholdersEquity,2026-08-27
ROST,inventory,2017-07-29,1608333000,2017-09-17,InventoryNet,2026-08-27
ROST,netIncome,2017-07-29,316539000,2017-09-17,NetIncomeLoss,2026-08-27
ROST,revenue,2017-07-29,3431603000,2017-09-17,RevenueFromContractWithCustomerExcludingAssessedTax,2026-08-27
ROST,shares,2017-07-29,385923000,2017-09-17,CommonStockSharesOutstanding,2026-08-27
RSG,assets,2017-09-30,20948600000,2017-11-19,Assets,2026-08-27
RSG,capex,2017-09-30,271500000,2017-11-19,PaymentsToAcquireProductiveAssets,2026-08-27
RSG,cash,2017-09-30,63900000,2017-11-19,CashAndCashEquivalentsAtCarryingValue,2026-08-27
RSG,debt,2017-09-30,7857700000,2017-11-19,LongTermDebt,2026-08-27
RSG,equity,2017-09-30,7672000000,2017-11-19,StockholdersEquity,2026-08-27
RSG,inventory,2017-09-30,47800000,2017-11-19,InventoryNet,2026-08-27
RSG,netIncome,2017-09-30,223200000,2017-11-19,NetIncomeLoss,2026-08-27
RSG,operatingIncome,2017-09-30,448100000,2017-11-19,OperatingIncomeLoss,2026-08-27
RSG,receivables,2017-09-30,1126900000,2017-11-19,AccountsReceivableNetCurrent,2026-08-27
RSG,revenue,2017-09-30,3077200000,2017-11-19,Revenues,2026-08-27
RTX,assets,2017-09-30,96352000000,2017-11-19,Assets,2026-08-27
RTX,cash,2017-09-30,8523000000,2017-11-19,CashAndCashEquivalentsAtCarryingValue,2026-08-27
RTX,equity,2017-09-30,29881000000,2017-11-19,StockholdersEquity,2026-08-27
RTX,grossProfit,2017-09-30,3956000000,2017-11-19,GrossProfit,2026-08-27
RTX,inventory,2017-09-30,10083000000,2017-11-19,InventoryNet,2026-08-27
RTX,liabilities,2017-09-30,64232000000,2017-11-19,Liabilities,2026-08-27
RTX,netIncome,2017-09-30,1330000000,2017-11-19,NetIncomeLoss,2026-08-27
RTX,operatingIncome,2017-09-30,2032000000,2017-11-19,OperatingIncomeLoss,2026-08-27
RTX,revenue,2017-09-30,15062000000,2017-11-19,Revenues,2026-08-27
RTX,rnd,2017-09-30,592000000,2017-11-19,ResearchAndDevelopmentExpense,2026-08-27
RVTY,assets,2017-07-02,4605104000,2017-08-21,Assets,2026-08-27
RVTY,cash,2017-07-02,616308000,2017-08-21,CashAndCashEquivalentsAtCarryingValue,2026-08-27
RVTY,debt,2017-07-02,1089395000,2017-08-21,LongTermDebtNoncurrent,2026-08-27
RVTY,equity,2017-07-02,2438636000,2017-08-21,StockholdersEquity,2026-08-27
RVTY,grossProfit,2017-07-02,257602000,2017-08-21,GrossProfit,2026-08-27
RVTY,inventory,2017-07-02,275085000,2017-08-21,InventoryNet,2026-08-27
RVTY,liabilities,2017-07-02,2166468000,2017-08-21,Liabilities,2026-08-27
RVTY,netIncome,2017-07-02,204069000,2017-08-21,NetIncomeLoss,2026-08-27
RVTY,operatingIncome,2017-07-02,74183000,2017-08-21,OperatingIncomeLoss,2026-08-27
RVTY,receivables,2017-07-02,440412000,2017-08-21,AccountsReceivableNetCurrent,2026-08-27
RVTY,revenue,2017-07-02,546962000,2017-08-21,Revenues,2026-08-27
RVTY,rnd,2017-07-02,33560000,2017-08-21,ResearchAndDevelopmentExpense,2026-08-27
RVTY,shares,2017-07-02,110196000,2017-08-21,CommonStockSharesOutstanding,2026-08-27
SBAC,assets,2017-09-30,7300470000,2017-11-19,Assets,2026-08-27
SBAC,capex,2017-09-30,115955000,2017-11-19,PaymentsToAcquireProductiveAssets,2026-08-27
SBAC,cash,2017-09-30,139711000,2017-11-19,CashAndCashEquivalentsAtCarryingValue,2026-08-27
SBAC,debt,2017-09-30,8185512000,2017-11-19,LongTermDebtNoncurrent,2026-08-27
SBAC,equity,2017-09-30,-2257798000,2017-11-19,StockholdersEquity,2026-08-27
SBAC,grossProfit,2017-09-30,322477000,2017-11-19,GrossProfit,2026-08-27
SBAC,netIncome,2017-09-30,49161000,2017-11-19,NetIncomeLoss,2026-08-27
SBAC,operatingIncome,2017-09-30,117011000,2017-11-19,OperatingIncomeLoss,2026-08-27
SBAC,receivables,2017-09-30,87417000,2017-11-19,AccountsReceivableNetCurrent,2026-08-27
SBAC,revenue,2017-09-30,433945000,2017-11-19,Revenues,2026-08-27
SBUX,assets,2017-07-02,14522700000,2017-08-21,Assets,2026-08-27
SBUX,cash,2017-07-02,2716200000,2017-08-21,CashAndCashEquivalentsAtCarryingValue,2026-08-27
SBUX,debt,2017-07-02,3935500000,2017-08-21,LongTermDebtNoncurrent,2026-08-27
SBUX,equity,2017-07-02,5843400000,2017-08-21,StockholdersEquity,2026-08-27
SBUX,inventory,2017-07-02,1357300000,2017-08-21,InventoryNet,2026-08-27
SBUX,liabilities,2017-07-02,8673200000,2017-08-21,Liabilities,2026-08-27
SBUX,netIncome,2017-07-02,691600000,2017-08-21,NetIncomeLoss,2026-08-27
SBUX,operatingIncome,2017-07-02,1044200000,2017-08-21,OperatingIncomeLoss,2026-08-27
SBUX,receivables,2017-07-02,791100000,2017-08-21,AccountsReceivableNetCurrent,2026-08-27
SBUX,revenue,2017-07-02,5661500000,2017-08-21,Revenues,2026-08-27
SBUX,shares,2017-07-02,1445700000,2017-08-21,CommonStockSharesOutstanding,2026-08-27
SCHW,assets,2017-09-30,230714000000,2017-11-19,Assets,2026-08-27
SCHW,cash,2017-09-30,12253000000,2017-11-19,CashAndCashEquivalentsAtCarryingValue,2026-08-27
SCHW,equity,2017-09-30,18027000000,2017-11-19,StockholdersEquity,2026-08-27
SCHW,liabilities,2017-09-30,212687000000,2017-11-19,Liabilities,2026-08-27
SCHW,netIncome,2017-09-30,618000000,2017-11-19,NetIncomeLoss,2026-08-27
SCHW,revenue,2017-09-30,2165000000,2017-11-19,Revenues,2026-08-27
SHW,assets,2017-09-30,20779657000,2017-11-19,Assets,2026-08-27
SHW,cash,2017-09-30,207937000,2017-11-19,CashAndCashEquivalentsAtCarryingValue,2026-08-27
SHW,debt,2017-09-30,10083828000,2017-11-19,LongTermDebtNoncurrent,2026-08-27
SHW,equity,2017-09-30,2740989000,2017-11-19,StockholdersEquity,2026-08-27
SHW,grossProfit,2017-09-30,1901827000,2017-11-19,GrossProfit,2026-08-27
SHW,inventory,2017-09-30,1704213000,2017-11-19,InventoryNet,2026-08-27
SHW,netIncome,2017-09-30,316606000,2017-11-19,NetIncomeLoss,2026-08-27
SHW,operatingIncome,2017-09-30,655619000,2017-11-19,OperatingIncomeLoss,2026-08-27
SHW,receivables,2017-09-30,2426222000,2017-11-19,AccountsReceivableNetCurrent,2026-08-27
SHW,revenue,2017-09-30,4507020000,2017-11-19,Revenues,2026-08-27
SHW,shares,2017-09-30,93513916,2017-11-19,CommonStockSharesOutstanding,2026-08-27
SJM,assets,2017-07-31,15641600000,2017-09-19,Assets,2026-08-27
SJM,buybacks,2017-07-31,6600000,2017-09-19,PaymentsForRepurchaseOfCommonStock,2026-08-27
SJM,capex,2017-07-31,69600000,2017-09-19,PaymentsToAcquirePropertyPlantAndEquipment,2026-08-27
SJM,cash,2017-07-31,183200000,2017-09-19,CashAndCashEquivalentsAtCarryingValue,2026-08-27
SJM,debt,2017-07-31,4444800000,2017-09-19,LongTermDebtNoncurrent,2026-08-27
SJM,equity,2017-07-31,6931900000,2017-09-19,StockholdersEquity,2026-08-27
SJM,grossProfit,2017-07-31,662100000,2017-09-19,GrossProfit,2026-08-27
SJM,inventory,2017-07-31,981300000,2017-09-19,InventoryNet,2026-08-27
SJM,liabilities,2017-07-31,8709700000,2017-09-19,Liabilities,2026-08-27
SJM,netIncome,2017-07-31,126800000,2017-09-19,NetIncomeLoss,2026-08-27
SJM,operatingCashFlow,2017-07-31,304300000,2017-09-19,NetCashProvidedByUsedInOperatingActivitiesContinuingOperations,2026-08-27
SJM,operatingIncome,2017-07-31,235200000,2017-09-19,OperatingIncomeLoss,2026-08-27
SJM,receivables,2017-07-31,433700000,2017-09-19,AccountsReceivableNetCurrent,2026-08-27
SJM,shares,2017-07-31,113600000,2017-09-19,CommonStockSharesOutstanding,2026-08-27
SLB,assets,2017-09-30,73569000000,2017-11-19,Assets,2026-08-27
SLB,debt,2017-09-30,15871000000,2017-11-19,LongTermDebtNoncurrent,2026-08-27
SLB,equity,2017-09-30,39573000000,2017-11-19,StockholdersEquity,2026-08-27
SLB,inventory,2017-09-30,4308000000,2017-11-19,InventoryNet,2026-08-27
SLB,liabilities,2017-09-30,33559000000,2017-11-19,Liabilities,2026-08-27
SLB,netIncome,2017-09-30,545000000,2017-11-19,NetIncomeLoss,2026-08-27
SLB,operatingIncome,2017-09-30,1059000000,2017-11-19,OperatingIncomeLoss,2026-08-27
SLB,revenue,2017-09-30,7905000000,2017-11-19,Revenues,2026-08-27
SLB,rnd,2017-09-30,189000000,2017-11-19,ResearchAndDevelopmentExpense,2026-08-27
SMCI,capex,2017-09-30,4956000,2017-11-19,PaymentsToAcquirePropertyPlantAndEquipment,2026-08-27
SMCI,grossProfit,2017-09-30,86054000,2017-11-19,GrossProfit,2026-08-27
SMCI,netIncome,2017-09-30,6079000,2017-11-19,NetIncomeLoss,2026-08-27
SMCI,operatingCashFlow,2017-09-30,11838000,2017-11-19,NetCashProvidedByUsedInOperatingActivities,2026-08-27
SMCI,operatingIncome,2017-09-30,9319000,2017-11-19,OperatingIncomeLoss,2026-08-27
SMCI,revenue,2017-09-30,716737000,2017-11-19,RevenueFromContractWithCustomerExcludingAssessedTax,2026-08-27
SMCI,rnd,2017-09-30,40668000,2017-11-19,ResearchAndDevelopmentExpense,2026-08-27
SNA,assets,2017-09-30,5256200000,2017-11-19,Assets,2026-08-27
SNA,cash,2017-09-30,94100000,2017-11-19,CashAndCashEquivalentsAtCarryingValue,2026-08-27
SNA,debt,2017-09-30,755000000,2017-11-19,LongTermDebtNoncurrent,2026-08-27
SNA,equity,2017-09-30,2921800000,2017-11-19,StockholdersEquity,2026-08-27
SNA,grossProfit,2017-09-30,448600000,2017-11-19,GrossProfit,2026-08-27
SNA,inventory,2017-09-30,649900000,2017-11-19,InventoryNet,2026-08-27
SNA,liabilities,2017-09-30,2316200000,2017-11-19,Liabilities,2026-08-27
SNA,netIncome,2017-09-30,133400000,2017-11-19,NetIncomeLoss,2026-08-27
SNA,operatingIncome,2017-09-30,208700000,2017-11-19,OperatingIncomeLoss,2026-08-27
SNA,receivables,2017-09-30,675200000,2017-11-19,AccountsReceivableNetCurrent,2026-08-27
SNA,revenue,2017-09-30,982800000,2017-11-19,Revenues,2026-08-27
SNPS,assets,2017-07-31,5678939000,2017-09-19,Assets,2026-08-27
SNPS,cash,2017-07-31,1154986000,2017-09-19,CashAndCashEquivalentsAtCarryingValue,2026-08-27
SNPS,debt,2017-07-31,137813000,2017-09-19,LongTermDebtNoncurrent,2026-08-27
SNPS,equity,2017-07-31,3423168000,2017-09-19,StockholdersEquity,2026-08-27
SNPS,grossProfit,2017-07-31,525835000,2017-09-19,GrossProfit,2026-08-27
SNPS,liabilities,2017-07-31,2255771000,2017-09-19,Liabilities,2026-08-27
SNPS,netIncome,2017-07-31,116751000,2017-09-19,NetIncomeLoss,2026-08-27
SNPS,operatingIncome,2017-07-31,105370000,2017-09-19,OperatingIncomeLoss,2026-08-27
SNPS,receivables,2017-07-31,411262000,2017-09-19,AccountsReceivableNetCurrent,2026-08-27
SNPS,revenue,2017-07-31,695381000,2017-09-19,Revenues,2026-08-27
SNPS,rnd,2017-07-31,228663000,2017-09-19,ResearchAndDevelopmentExpense,2026-08-27
SNPS,shares,2017-07-31,150238000,2017-09-19,CommonStockSharesOutstanding,2026-08-27
SO,assets,2017-09-30,110315000000,2017-11-19,Assets,2026-08-27
SO,cash,2017-09-30,1841000000,2017-11-19,CashAndCashEquivalentsAtCarryingValue,2026-08-27
SO,equity,2017-09-30,24082000000,2017-11-19,StockholdersEquity,2026-08-27
SO,liabilities,2017-09-30,83956000000,2017-11-19,Liabilities,2026-08-27
SO,netIncome,2017-09-30,1069000000,2017-11-19,NetIncomeLoss,2026-08-27
SO,operatingIncome,2017-09-30,1991000000,2017-11-19,OperatingIncomeLoss,2026-08-27
SO,revenue,2017-09-30,6201000000,2017-11-19,Revenues,2026-08-27
SPG,assets,2017-09-30,31032410000,2017-11-19,Assets,2026-08-27
SPG,cash,2017-09-30,508405000,2017-11-19,CashAndCashEquivalentsAtCarryingValue,2026-08-27
SPG,debt,2017-09-30,23410357000,2017-11-19,LongTermDebt,2026-08-27
SPG,equity,2017-09-30,3685142000,2017-11-19,StockholdersEquity,2026-08-27
SPG,liabilities,2017-09-30,26603072000,2017-11-19,Liabilities,2026-08-27
SPG,operatingIncome,2017-09-30,690068000,2017-11-19,OperatingIncomeLoss,2026-08-27
SPG,revenue,2017-09-30,1403638000,2017-11-19,Revenues,2026-08-27
SPGI,assets,2017-09-30,8714000000,2017-11-19,Assets,2026-08-27
SPGI,cash,2017-09-30,2312000000,2017-11-19,CashAndCashEquivalentsAtCarryingValue,2026-08-27
SPGI,debt,2017-09-30,3568000000,2017-11-19,LongTermDebtNoncurrent,2026-08-27
SPGI,equity,2017-09-30,839000000,2017-11-19,StockholdersEquity,2026-08-27
SPGI,liabilities,2017-09-30,6660000000,2017-11-19,Liabilities,2026-08-27
SPGI,netIncome,2017-09-30,414000000,2017-11-19,NetIncomeLoss,2026-08-27
SPGI,operatingIncome,2017-09-30,649000000,2017-11-19,OperatingIncomeLoss,2026-08-27
SPGI,receivables,2017-09-30,1188000000,2017-11-19,AccountsReceivableNetCurrent,2026-08-27
SPGI,revenue,2017-09-30,1513000000,2017-11-19,Revenues,2026-08-27
SRE,assets,2017-09-30,50129000000,2017-11-19,Assets,2026-08-27
SRE,cash,2017-09-30,189000000,2017-11-19,CashAndCashEquivalentsAtCarryingValue,2026-08-27
SRE,equity,2017-09-30,13265000000,2017-11-19,StockholdersEquity,2026-08-27
SRE,inventory,2017-09-30,296000000,2017-11-19,InventoryNet,2026-08-27
SRE,netIncome,2017-09-30,57000000,2017-11-19,NetIncomeLoss,2026-08-27
SRE,receivables,2017-09-30,1212000000,2017-11-19,AccountsReceivableNetCurrent,2026-08-27
SRE,revenue,2017-09-30,2679000000,2017-11-19,Revenues,2026-08-27
SRE,shares,2017-09-30,251000000,2017-11-19,CommonStockSharesOutstanding,2026-08-27
STLD,assets,2017-09-30,6960737000,2017-11-19,Assets,2026-08-27
STLD,buybacks,2017-09-30,99085000,2017-11-19,PaymentsForRepurchaseOfCommonStock,2026-08-27
STLD,capex,2017-09-30,42795000,2017-11-19,PaymentsToAcquirePropertyPlantAndEquipment,2026-08-27
STLD,cash,2017-09-30,1101964000,2017-11-19,CashAndCashEquivalentsAtCarryingValue,2026-08-27
STLD,debt,2017-09-30,2351483000,2017-11-19,LongTermDebtNoncurrent,2026-08-27
STLD,equity,2017-09-30,3104725000,2017-11-19,StockholdersEquity,2026-08-27
STLD,grossProfit,2017-09-30,396518000,2017-11-19,GrossProfit,2026-08-27
STLD,inventory,2017-09-30,1487516000,2017-11-19,InventoryNet,2026-08-27
STLD,liabilities,2017-09-30,3899716000,2017-11-19,Liabilities,2026-08-27
STLD,operatingCashFlow,2017-09-30,225854000,2017-11-19,NetCashProvidedByUsedInOperatingActivities,2026-08-27
STLD,operatingIncome,2017-09-30,271015000,2017-11-19,OperatingIncomeLoss,2026-08-27
STLD,receivables,2017-09-30,897838000,2017-11-19,AccountsReceivableNetCurrent,2026-08-27
STLD,revenue,2017-09-30,2443382000,2017-11-19,Revenues,2026-08-27
STLD,shares,2017-09-30,236951784,2017-11-19,CommonStockSharesOutstanding,2026-08-27
STT,assets,2017-09-30,235986000000,2017-11-19,Assets,2026-08-27
STT,equity,2017-09-30,22497000000,2017-11-19,StockholdersEquity,2026-08-27
STT,liabilities,2017-09-30,213489000000,2017-11-19,Liabilities,2026-08-27
STT,netIncome,2017-09-30,685000000,2017-11-19,NetIncomeLoss,2026-08-27
STT,revenue,2017-09-30,2846000000,2017-11-19,Revenues,2026-08-27
STX,assets,2017-09-29,8956000000,2017-11-18,Assets,2026-08-27
STX,buybacks,2017-09-29,166000000,2017-11-18,PaymentsForRepurchaseOfCommonStock,2026-08-27
STX,capex,2017-09-29,124000000,2017-11-18,PaymentsToAcquirePropertyPlantAndEquipment,2026-08-27
STX,cash,2017-09-29,2285000000,2017-11-18,CashAndCashEquivalentsAtCarryingValue,2026-08-27
STX,debt,2017-09-29,5002000000,2017-11-18,LongTermDebtNoncurrent,2026-08-27
STX,equity,2017-09-29,1242000000,2017-11-18,StockholdersEquity,2026-08-27
STX,inventory,2017-09-29,1014000000,2017-11-18,InventoryNet,2026-08-27
STX,liabilities,2017-09-29,7714000000,2017-11-18,Liabilities,2026-08-27
STX,netIncome,2017-09-29,181000000,2017-11-18,NetIncomeLoss,2026-08-27
STX,operatingCashFlow,2017-09-29,237000000,2017-11-18,NetCashProvidedByUsedInOperatingActivities,2026-08-27
STX,operatingIncome,2017-09-29,255000000,2017-11-18,OperatingIncomeLoss,2026-08-27
STX,receivables,2017-09-29,1209000000,2017-11-18,AccountsReceivableNetCurrent,2026-08-27
STX,revenue,2017-09-29,2632000000,2017-11-18,RevenueFromContractWithCustomerExcludingAssessedTax,2026-08-27
STX,rnd,2017-09-29,263000000,2017-11-18,ResearchAndDevelopmentExpense,2026-08-27
STX,shares,2017-09-29,289261062,2017-11-18,CommonStockSharesOutstanding,2026-08-27
STZ,assets,2017-08-31,19418400000,2017-10-20,Assets,2026-08-27
STZ,capex,2017-08-31,288000000,2017-10-20,PaymentsToAcquirePropertyPlantAndEquipment,2026-08-27
STZ,cash,2017-08-31,125600000,2017-10-20,CashAndCashEquivalentsAtCarryingValue,2026-08-27
STZ,debt,2017-08-31,8036900000,2017-10-20,LongTermDebtNoncurrent,2026-08-27
STZ,equity,2017-08-31,7928100000,2017-10-20,StockholdersEquity,2026-08-27
STZ,grossProfit,2017-08-31,1068700000,2017-10-20,GrossProfit,2026-08-27
STZ,inventory,2017-08-31,1929700000,2017-10-20,InventoryNet,2026-08-27
STZ,liabilities,2017-08-31,11473100000,2017-10-20,Liabilities,2026-08-27
STZ,netIncome,2017-08-31,501600000,2017-10-20,NetIncomeLoss,2026-08-27
STZ,operatingIncome,2017-08-31,717300000,2017-10-20,OperatingIncomeLoss,2026-08-27
STZ,revenue,2017-08-31,2087900000,2017-10-20,RevenueFromContractWithCustomerExcludingAssessedTax,2026-08-27
SWK,assets,2017-09-30,19773200000,2017-11-19,Assets,2026-08-27
SWK,buybacks,2017-09-30,600000,2017-11-19,PaymentsForRepurchaseOfCommonStock,2026-08-27
SWK,capex,2017-09-30,91000000,2017-11-19,PaymentsToAcquirePropertyPlantAndEquipment,2026-08-27
SWK,cash,2017-09-30,483300000,2017-11-19,CashAndCashEquivalentsAtCarryingValue,2026-08-27
SWK,debt,2017-09-30,3818000000,2017-11-19,LongTermDebtNoncurrent,2026-08-27
SWK,equity,2017-09-30,8015700000,2017-11-19,StockholdersEquity,2026-08-27
SWK,grossProfit,2017-09-30,1238400000,2017-11-19,GrossProfit,2026-08-27
SWK,inventory,2017-09-30,2247400000,2017-11-19,InventoryNet,2026-08-27
SWK,netIncome,2017-09-30,247800000,2017-11-19,NetIncomeLoss,2026-08-27
SWK,operatingCashFlow,2017-09-30,115600000,2017-11-19,NetCashProvidedByUsedInOperatingActivities,2026-08-27
SWK,operatingIncome,2017-09-30,540300000,2017-11-19,OperatingIncomeLoss,2026-08-27
SWK,revenue,2017-09-30,3494800000,2017-11-19,Revenues,2026-08-27
SWKS,assets,2017-09-29,4573600000,2017-11-18,Assets,2026-08-27
SWKS,cash,2017-09-29,1616800000,2017-11-18,CashAndCashEquivalentsAtCarryingValue,2026-08-27
SWKS,equity,2017-09-29,4065700000,2017-11-18,StockholdersEquity,2026-08-27
SWKS,grossProfit,2017-09-29,498900000,2017-11-18,GrossProfit,2026-08-27
SWKS,inventory,2017-09-29,493500000,2017-11-18,InventoryNet,2026-08-27
SWKS,liabilities,2017-09-29,507900000,2017-11-18,Liabilities,2026-08-27
SWKS,netIncome,2017-09-29,281300000,2017-11-18,NetIncomeLoss,2026-08-27
SWKS,revenue,2017-09-29,984600000,2017-11-18,SalesRevenueNet,2026-08-27
SWKS,shares,2017-09-29,183100000,2017-11-18,CommonStockSharesOutstanding,2026-08-27
SYF,assets,2017-09-30,92548000000,2017-11-19,Assets,2026-08-27
SYF,cash,2017-09-30,13915000000,2017-11-19,CashAndCashEquivalentsAtCarryingValue,2026-08-27
SYF,debt,2017-09-30,19899000000,2017-11-19,LongTermDebt,2026-08-27
SYF,equity,2017-09-30,14402000000,2017-11-19,StockholdersEquity,2026-08-27
SYF,liabilities,2017-09-30,78146000000,2017-11-19,Liabilities,2026-08-27
SYF,netIncome,2017-09-30,555000000,2017-11-19,NetIncomeLoss,2026-08-27
SYF,shares,2017-09-30,782584050,2017-11-19,CommonStockSharesOutstanding,2026-08-27
SYK,assets,2017-09-30,21485000000,2017-11-19,Assets,2026-08-27
SYK,cash,2017-09-30,2592000000,2017-11-19,CashAndCashEquivalentsAtCarryingValue,2026-08-27
SYK,debt,2017-09-30,6593000000,2017-11-19,LongTermDebtNoncurrent,2026-08-27
SYK,equity,2017-09-30,10425000000,2017-11-19,StockholdersEquity,2026-08-27
SYK,grossProfit,2017-09-30,1984000000,2017-11-19,GrossProfit,2026-08-27
SYK,inventory,2017-09-30,2454000000,2017-11-19,InventoryNet,2026-08-27
SYK,liabilities,2017-09-30,11060000000,2017-11-19,Liabilities,2026-08-27
SYK,netIncome,2017-09-30,434000000,2017-11-19,NetIncomeLoss,2026-08-27
SYK,operatingIncome,2017-09-30,525000000,2017-11-19,OperatingIncomeLoss,2026-08-27
SYK,receivables,2017-09-30,1965000000,2017-11-19,AccountsReceivableNetCurrent,2026-08-27
SYK,revenue,2017-09-30,3006000000,2017-11-19,Revenues,2026-08-27
SYK,rnd,2017-09-30,198000000,2017-11-19,ResearchAndDevelopmentExpense,2026-08-27
SYK,shares,2017-09-30,374000000,2017-11-19,CommonStockSharesOutstanding,2026-08-27
SYY,assets,2017-09-30,18418590000,2017-11-19,Assets,2026-08-27
SYY,buybacks,2017-09-30,550098000,2017-11-19,PaymentsForRepurchaseOfCommonStock,2026-08-27
SYY,capex,2017-09-30,136261000,2017-11-19,PaymentsToAcquireProductiveAssets,2026-08-27
SYY,cash,2017-09-30,909203000,2017-11-19,CashAndCashEquivalentsAtCarryingValue,2026-08-27
SYY,equity,2017-09-30,2235254000,2017-11-19,StockholdersEquity,2026-08-27
SYY,grossProfit,2017-09-30,2793668000,2017-11-19,GrossProfit,2026-08-27
SYY,operatingCashFlow,2017-09-30,82775000,2017-11-19,NetCashProvidedByUsedInOperatingActivities,2026-08-27
SYY,operatingIncome,2017-09-30,619365000,2017-11-19,OperatingIncomeLoss,2026-08-27
SYY,revenue,2017-09-30,14650424000,2017-11-19,RevenueFromContractWithCustomerExcludingAssessedTax,2026-08-27
T,assets,2017-09-30,443865000000,2017-11-19,Assets,2026-08-27
T,cash,2017-09-30,48499000000,2017-11-19,CashAndCashEquivalentsAtCarryingValue,2026-08-27
T,netIncome,2017-09-30,4718000000,2017-11-19,NetIncomeLoss,2026-08-27
T,operatingIncome,2017-09-30,7269000000,2017-11-19,OperatingIncomeLoss,2026-08-27
T,receivables,2017-09-30,15876000000,2017-11-19,AccountsReceivableNetCurrent,2026-08-27
T,revenue,2017-09-30,45739000000,2017-11-19,Revenues,2026-08-27
TAP,assets,2017-09-30,30677700000,2017-11-19,Assets,2026-08-27
TAP,cash,2017-09-30,971300000,2017-11-19,CashAndCashEquivalentsAtCarryingValue,2026-08-27
TAP,debt,2017-09-30,10574200000,2017-11-19,LongTermDebtNoncurrent,2026-08-27
TAP,equity,2017-09-30,12488200000,2017-11-19,StockholdersEquity,2026-08-27
TAP,grossProfit,2017-09-30,1294100000,2017-11-19,GrossProfit,2026-08-27
TAP,inventory,2017-09-30,636000000,2017-11-19,InventoryNet,2026-08-27
TAP,liabilities,2017-09-30,17981100000,2017-11-19,Liabilities,2026-08-27
TAP,netIncome,2017-09-30,313200000,2017-11-19,NetIncomeLoss,2026-08-27
TAP,operatingIncome,2017-09-30,506200000,2017-11-19,OperatingIncomeLoss,2026-08-27
TAP,receivables,2017-09-30,833400000,2017-11-19,AccountsReceivableNetCurrent,2026-08-27
TAP,revenue,2017-09-30,3552900000,2017-11-19,Revenues,2026-08-27
TDG,assets,2017-09-30,9975661000,2017-11-19,Assets,2026-08-27
TDG,cash,2017-09-30,650561000,2017-11-19,CashAndCashEquivalentsAtCarryingValue,2026-08-27
TDG,debt,2017-09-30,11393620000,2017-11-19,LongTermDebtNoncurrent,2026-08-27
TDG,equity,2017-09-30,-2951000000,2017-11-19,StockholdersEquity,2026-08-27
TDG,grossProfit,2017-07-01,519696000,2017-08-20,GrossProfit,2026-08-27
TDG,inventory,2017-09-30,730681000,2017-11-19,InventoryNet,2026-08-27
TDG,liabilities,2017-09-30,12926865000,2017-11-19,Liabilities,2026-08-27
TDG,netIncome,2017-07-01,169053000,2017-08-20,NetIncomeLoss,2026-08-27
TDG,operatingIncome,2017-07-01,388333000,2017-08-20,OperatingIncomeLoss,2026-08-27
TDG,receivables,2017-09-30,636127000,2017-11-19,AccountsReceivableNetCurrent,2026-08-27
TDG,revenue,2017-07-01,897655000,2017-08-20,SalesRevenueNet,2026-08-27
TDY,assets,2017-07-02,3780100000,2017-08-21,Assets,2026-08-27
TDY,debt,2017-07-02,1150000000,2017-08-21,LongTermDebtNoncurrent,2026-08-27
TDY,equity,2017-07-02,-386700000,2017-08-21,StockholdersEquity,2026-08-27
TDY,inventory,2017-07-02,435700000,2017-08-21,InventoryNet,2026-08-27
TDY,liabilities,2017-07-02,2048600000,2017-08-21,Liabilities,2026-08-27
TDY,netIncome,2017-07-02,60100000,2017-08-21,NetIncomeLoss,2026-08-27
TDY,operatingIncome,2017-07-02,82800000,2017-08-21,OperatingIncomeLoss,2026-08-27
TDY,receivables,2017-07-02,467100000,2017-08-21,AccountsReceivableNetCurrent,2026-08-27
TDY,revenue,2017-07-02,671100000,2017-08-21,RevenueFromContractWithCustomerExcludingAssessedTax,2026-08-27
TDY,shares,2017-07-02,35331691,2017-08-21,CommonStockSharesOutstanding,2026-08-27
TECH,assets,2017-09-30,1527380000,2017-11-19,Assets,2026-08-27
TECH,capex,2017-09-30,5273000,2017-11-19,PaymentsToAcquirePropertyPlantAndEquipment,2026-08-27
TECH,cash,2017-09-30,72464000,2017-11-19,CashAndCashEquivalentsAtCarryingValue,2026-08-27
TECH,equity,2017-09-30,960082000,2017-11-19,StockholdersEquity,2026-08-27
TECH,grossProfit,2017-09-30,97868000,2017-11-19,GrossProfit,2026-08-27
TECH,inventory,2017-09-30,66532000,2017-11-19,InventoryNet,2026-08-27
TECH,netIncome,2017-09-30,15863000,2017-11-19,NetIncomeLoss,2026-08-27
TECH,operatingCashFlow,2017-09-30,44696000,2017-11-19,NetCashProvidedByUsedInOperatingActivities,2026-08-27
TECH,operatingIncome,2017-09-30,26031000,2017-11-19,OperatingIncomeLoss,2026-08-27
TECH,receivables,2017-09-30,107325000,2017-11-19,AccountsReceivableNetCurrent,2026-08-27
TECH,revenue,2017-09-30,144613000,2017-11-19,RevenueFromContractWithCustomerExcludingAssessedTax,2026-08-27
TECH,shares,2017-09-30,37409328,2017-11-19,CommonStockSharesOutstanding,2026-08-27
TEL,assets,2017-09-29,19403000000,2017-11-18,Assets,2026-08-27
TEL,cash,2017-09-29,1218000000,2017-11-18,CashAndCashEquivalentsAtCarryingValue,2026-08-27
TEL,debt,2017-09-29,3634000000,2017-11-18,LongTermDebtNoncurrent,2026-08-27
TEL,grossProfit,2017-09-29,1067000000,2017-11-18,GrossProfit,2026-08-27
TEL,inventory,2017-09-29,1647000000,2017-11-18,InventoryNet,2026-08-27
TEL,liabilities,2017-09-29,9652000000,2017-11-18,Liabilities,2026-08-27
TEL,netIncome,2017-09-29,434000000,2017-11-18,NetIncomeLoss,2026-08-27
TEL,receivables,2017-09-29,2138000000,2017-11-18,AccountsReceivableNetCurrent,2026-08-27
TEL,revenue,2017-09-29,3235000000,2017-11-18,SalesRevenueNet,2026-08-27
TER,assets,2017-07-02,3030225000,2017-08-21,Assets,2026-08-27
TER,cash,2017-07-02,598349000,2017-08-21,CashAndCashEquivalentsAtCarryingValue,2026-08-27
TER,equity,2017-07-02,2048648000,2017-08-21,StockholdersEquity,2026-08-27
TER,grossProfit,2017-07-02,390638000,2017-08-21,GrossProfit,2026-08-27
TER,inventory,2017-07-02,153645000,2017-08-21,InventoryNet,2026-08-27
TER,liabilities,2017-07-02,981577000,2017-08-21,Liabilities,2026-08-27
TER,netIncome,2017-07-02,174976000,2017-08-21,NetIncomeLoss,2026-08-27
TER,operatingIncome,2017-07-02,207803000,2017-08-21,OperatingIncomeLoss,2026-08-27
TER,receivables,2017-07-02,405946000,2017-08-21,AccountsReceivableNetCurrent,2026-08-27
TER,revenue,2017-07-02,696901000,2017-08-21,Revenues,2026-08-27
TER,shares,2017-07-02,197999000,2017-08-21,CommonStockSharesOutstanding,2026-08-27
TFC,assets,2017-09-30,220340000000,2017-11-19,Assets,2026-08-27
TFC,cash,2017-09-30,3127000000,2017-11-19,CashAndCashEquivalentsAtCarryingValue,2026-08-27
TFC,debt,2017-09-30,20863000000,2017-11-19,LongTermDebt,2026-08-27
TFC,liabilities,2017-09-30,190487000000,2017-11-19,Liabilities,2026-08-27
TFC,shares,2017-09-30,788921000,2017-11-19,CommonStockSharesOutstanding,2026-08-27
TGT,assets,2017-07-29,38667000000,2017-09-17,Assets,2026-08-27
TGT,equity,2017-07-29,11055000000,2017-09-17,StockholdersEquity,2026-08-27
TGT,grossProfit,2017-07-29,5010000000,2017-09-17,GrossProfit,2026-08-27
TGT,inventory,2017-07-29,8192000000,2017-09-17,InventoryNet,2026-08-27
TGT,operatingIncome,2017-07-29,1093000000,2017-09-17,OperatingIncomeLoss,2026-08-27
TGT,revenue,2017-07-29,16634000000,2017-09-17,RevenueFromContractWithCustomerExcludingAssessedTax,2026-08-27
TGT,shares,2017-07-29,546183291,2017-09-17,CommonStockSharesOutstanding,2026-08-27
TJX,assets,2017-07-29,12935615000,2017-09-17,Assets,2026-08-27
TJX,cash,2017-07-29,2449305000,2017-09-17,CashAndCashEquivalentsAtCarryingValue,2026-08-27
TJX,debt,2017-07-29,2229103000,2017-09-17,LongTermDebtNoncurrent,2026-08-27
TJX,equity,2017-07-29,4540804000,2017-09-17,StockholdersEquity,2026-08-27
TJX,grossProfit,2017-07-29,2385025000,2017-09-17,GrossProfit,2026-08-27
TJX,inventory,2017-07-29,3864454000,2017-09-17,InventoryNet,2026-08-27
TJX,netIncome,2017-07-29,552957000,2017-09-17,NetIncomeLoss,2026-08-27
TJX,operatingIncome,2017-07-29,1010422000,2017-09-17,OperatingIncomeLoss,2026-08-27
TJX,receivables,2017-07-29,305401000,2017-09-17,AccountsReceivableNetCurrent,2026-08-27
TJX,revenue,2017-07-29,8357700000,2017-09-17,SalesRevenueNet,2026-08-27
TJX,shares,2017-07-29,636274241,2017-09-17,CommonStockSharesOutstanding,2026-08-27
TMO,assets,2017-09-30,55985300000,2017-11-19,Assets,2026-08-27
TMO,cash,2017-09-30,741100000,2017-11-19,CashAndCashEquivalentsAtCarryingValue,2026-08-27
TMO,equity,2017-09-30,24702000000,2017-11-19,StockholdersEquity,2026-08-27
TMO,grossProfit,2017-09-30,2300000000,2017-11-19,GrossProfit,2026-08-27
TMO,inventory,2017-09-30,3125500000,2017-11-19,InventoryNet,2026-08-27
TMO,operatingIncome,2017-09-30,634000000,2017-11-19,OperatingIncomeLoss,2026-08-27
TMO,receivables,2017-09-30,3657000000,2017-11-19,AccountsReceivableNetCurrent,2026-08-27
TMO,revenue,2017-09-30,5116000000,2017-11-19,Revenues,2026-08-27
TMO,rnd,2017-09-30,217000000,2017-11-19,ResearchAndDevelopmentExpense,2026-08-27
TMUS,assets,2017-09-30,67923000000,2017-11-19,Assets,2026-08-27
TMUS,buybacks,2017-09-30,0,2017-11-19,PaymentsForRepurchaseOfCommonStock,2026-08-27
TMUS,capex,2017-09-30,1441000000,2017-11-19,PaymentsToAcquirePropertyPlantAndEquipment,2026-08-27
TMUS,cash,2017-09-30,739000000,2017-11-19,CashAndCashEquivalentsAtCarryingValue,2026-08-27
TMUS,debt,2017-09-30,13163000000,2017-11-19,LongTermDebtNoncurrent,2026-08-27
TMUS,equity,2017-09-30,20277000000,2017-11-19,StockholdersEquity,2026-08-27
TMUS,inventory,2017-09-30,999000000,2017-11-19,InventoryNet,2026-08-27
TMUS,netIncome,2017-09-30,550000000,2017-11-19,NetIncomeLoss,2026-08-27
TMUS,operatingCashFlow,2017-09-30,1252000000,2017-11-19,NetCashProvidedByUsedInOperatingActivities,2026-08-27
TMUS,operatingIncome,2017-09-30,1323000000,2017-11-19,OperatingIncomeLoss,2026-08-27
TMUS,receivables,2017-09-30,1734000000,2017-11-19,AccountsReceivableNetCurrent,2026-08-27
TMUS,revenue,2017-09-30,10019000000,2017-11-19,Revenues,2026-08-27
TMUS,shares,2017-09-30,831963343,2017-11-19,CommonStockSharesOutstanding,2026-08-27
TPR,assets,2017-09-30,7454400000,2017-11-19,Assets,2026-08-27
TPR,capex,2017-09-30,48900000,2017-11-19,PaymentsToAcquirePropertyPlantAndEquipment,2026-08-27
TPR,cash,2017-09-30,1373300000,2017-11-19,CashAndCashEquivalentsAtCarryingValue,2026-08-27
TPR,debt,2017-09-30,1907800000,2017-11-19,LongTermDebtNoncurrent,2026-08-27
TPR,equity,2017-09-30,2940000000,2017-11-19,StockholdersEquity,2026-08-27
TPR,grossProfit,2017-09-30,762900000,2017-11-19,GrossProfit,2026-08-27
TPR,inventory,2017-09-30,852800000,2017-11-19,InventoryNet,2026-08-27
TPR,liabilities,2017-09-30,4514400000,2017-11-19,Liabilities,2026-08-27
TPR,netIncome,2017-09-30,-17700000,2017-11-19,NetIncomeLoss,2026-08-27
TPR,operatingCashFlow,2017-09-30,-103800000,2017-11-19,NetCashProvidedByUsedInOperatingActivities,2026-08-27
TPR,operatingIncome,2017-09-30,-21800000,2017-11-19,OperatingIncomeLoss,2026-08-27
TPR,receivables,2017-09-30,302700000,2017-11-19,AccountsReceivableNetCurrent,2026-08-27
TPR,revenue,2017-09-30,1288900000,2017-11-19,Revenues,2026-08-27
TPR,shares,2017-09-30,284200000,2017-11-19,CommonStockSharesOutstanding,2026-08-27
TRGP,assets,2017-09-30,13998300000,2017-11-19,Assets,2026-08-27
TRGP,cash,2017-09-30,114100000,2017-11-19,CashAndCashEquivalentsAtCarryingValue,2026-08-27
TRGP,debt,2017-09-30,4368600000,2017-11-19,LongTermDebtNoncurrent,2026-08-27
TRGP,equity,2017-09-30,5995800000,2017-11-19,StockholdersEquity,2026-08-27
TRGP,grossProfit,2017-09-30,468700000,2017-11-19,GrossProfit,2026-08-27
TRGP,inventory,2017-09-30,267400000,2017-11-19,InventoryNet,2026-08-27
TRGP,netIncome,2017-09-30,-167600000,2017-11-19,NetIncomeLoss,2026-08-27
TRGP,operatingIncome,2017-09-30,-323600000,2017-11-19,OperatingIncomeLoss,2026-08-27
TRGP,receivables,2017-09-30,710400000,2017-11-19,AccountsReceivableNetCurrent,2026-08-27
TRGP,revenue,2017-09-30,1875100000,2017-11-19,Revenues,2026-08-27
TRGP,shares,2017-09-30,215632641,2017-11-19,CommonStockSharesOutstanding,2026-08-27
TRMB,assets,2017-09-29,4180700000,2017-11-18,Assets,2026-08-27
TRMB,cash,2017-09-29,255000000,2017-11-18,CashAndCashEquivalentsAtCarryingValue,2026-08-27
TRMB,debt,2017-09-29,560400000,2017-11-18,LongTermDebtNoncurrent,2026-08-27
TRMB,equity,2017-09-29,2557500000,2017-11-18,StockholdersEquity,2026-08-27
TRMB,grossProfit,2017-09-29,426900000,2017-11-18,GrossProfit,2026-08-27
TRMB,inventory,2017-09-29,254700000,2017-11-18,InventoryNet,2026-08-27
TRMB,liabilities,2017-09-29,1623300000,2017-11-18,Liabilities,2026-08-27
TRMB,netIncome,2017-09-29,73700000,2017-11-18,NetIncomeLoss,2026-08-27
TRMB,operatingIncome,2017-09-29,66300000,2017-11-18,OperatingIncomeLoss,2026-08-27
TRMB,receivables,2017-09-29,407200000,2017-11-18,AccountsReceivableNetCurrent,2026-08-27
TRMB,revenue,2017-09-29,676200000,2017-11-18,Revenues,2026-08-27
TRMB,rnd,2017-09-29,92600000,2017-11-18,ResearchAndDevelopmentExpense,2026-08-27
TRMB,shares,2017-09-29,251900000,2017-11-18,CommonStockSharesOutstanding,2026-08-27
TROW,assets,2017-09-30,7379600000,2017-11-19,Assets,2026-08-27
TROW,cash,2017-09-30,1869400000,2017-11-19,CashAndCashEquivalentsAtCarryingValue,2026-08-27
TROW,equity,2017-09-30,5528000000,2017-11-19,StockholdersEquity,2026-08-27
TROW,liabilities,2017-09-30,897800000,2017-11-19,Liabilities,2026-08-27
TROW,netIncome,2017-09-30,390900000,2017-11-19,NetIncomeLoss,2026-08-27
TROW,operatingIncome,2017-09-30,548500000,2017-11-19,OperatingIncomeLoss,2026-08-27
TROW,revenue,2017-09-30,1238700000,2017-11-19,RevenueFromContractWithCustomerExcludingAssessedTax,2026-08-27
TROW,shares,2017-09-30,242214000,2017-11-19,CommonStockSharesOutstanding,2026-08-27
TRV,assets,2017-09-30,104311000000,2017-11-19,Assets,2026-08-27
TRV,equity,2017-09-30,23738000000,2017-11-19,StockholdersEquity,2026-08-27
TRV,liabilities,2017-09-30,80573000000,2017-11-19,Liabilities,2026-08-27
TRV,netIncome,2017-09-30,293000000,2017-11-19,NetIncomeLoss,2026-08-27
TRV,revenue,2017-09-30,7325000000,2017-11-19,Revenues,2026-08-27
TRV,shares,2017-09-30,273700000,2017-11-19,CommonStockSharesOutstanding,2026-08-27
TSCO,assets,2017-09-30,2928351000,2017-11-19,Assets,2026-08-27
TSCO,buybacks,2017-09-30,78500000,2017-11-19,PaymentsForRepurchaseOfCommonStock,2026-08-27
TSCO,cash,2017-09-30,70046000,2017-11-19,CashAndCashEquivalentsAtCarryingValue,2026-08-27
TSCO,debt,2017-09-30,487228000,2017-11-19,LongTermDebtNoncurrent,2026-08-27
TSCO,equity,2017-09-30,1371401000,2017-11-19,StockholdersEquity,2026-08-27
TSCO,grossProfit,2017-09-30,600456000,2017-11-19,GrossProfit,2026-08-27
TSCO,inventory,2017-09-30,1591555000,2017-11-19,InventoryNet,2026-08-27
TSCO,liabilities,2017-09-30,1556950000,2017-11-19,Liabilities,2026-08-27
TSCO,netIncome,2017-09-30,91896000,2017-11-19,NetIncomeLoss,2026-08-27
TSCO,operatingIncome,2017-09-30,148253000,2017-11-19,OperatingIncomeLoss,2026-08-27
TSCO,shares,2017-09-30,125853000,2017-11-19,CommonStockSharesOutstanding,2026-08-27
TSLA,assets,2017-09-30,28107074000,2017-11-19,Assets,2026-08-27
TSLA,cash,2017-09-30,3530030000,2017-11-19,CashAndCashEquivalentsAtCarryingValue,2026-08-27
TSLA,debt,2017-09-30,9049729000,2017-11-19,LongTermDebt,2026-08-27
TSLA,equity,2017-09-30,4711480000,2017-11-19,StockholdersEquity,2026-08-27
TSLA,grossProfit,2017-09-30,449140000,2017-11-19,GrossProfit,2026-08-27
TSLA,inventory,2017-09-30,2471382000,2017-11-19,InventoryNet,2026-08-27
TSLA,liabilities,2017-09-30,21929057000,2017-11-19,Liabilities,2026-08-27
TSLA,netIncome,2017-09-30,-619376000,2017-11-19,NetIncomeLoss,2026-08-27
TSLA,operatingIncome,2017-09-30,-535480000,2017-11-19,OperatingIncomeLoss,2026-08-27
TSLA,receivables,2017-09-30,607734000,2017-11-19,AccountsReceivableNetCurrent,2026-08-27
TSLA,revenue,2017-09-30,2984675000,2017-11-19,Revenues,2026-08-27
TSLA,rnd,2017-09-30,331622000,2017-11-19,ResearchAndDevelopmentExpense,2026-08-27
TSLA,shares,2017-09-30,168017000,2017-11-19,CommonStockSharesOutstanding,2026-08-27
TSN,assets,2017-09-30,28066000000,2017-11-19,Assets,2026-08-27
TSN,cash,2017-09-30,318000000,2017-11-19,CashAndCashEquivalentsAtCarryingValue,2026-08-27
TSN,equity,2017-09-30,10541000000,2017-11-19,StockholdersEquity,2026-08-27
TSN,grossProfit,2017-09-30,1351000000,2017-11-19,GrossProfit,2026-08-27
TSN,inventory,2017-09-30,3239000000,2017-11-19,InventoryNet,2026-08-27
TSN,netIncome,2017-09-30,394000000,2017-11-19,NetIncomeLoss,2026-08-27
TSN,operatingIncome,2017-09-30,681000000,2017-11-19,OperatingIncomeLoss,2026-08-27
TSN,receivables,2017-09-30,1675000000,2017-11-19,AccountsReceivableNetCurrent,2026-08-27
TSN,revenue,2017-09-30,10145000000,2017-11-19,Revenues,2026-08-27
TT,assets,2017-09-30,17722800000,2017-11-19,Assets,2026-08-27
TT,cash,2017-09-30,1259000000,2017-11-19,CashAndCashEquivalentsAtCarryingValue,2026-08-27
TT,debt,2017-09-30,2955900000,2017-11-19,LongTermDebtNoncurrent,2026-08-27
TT,equity,2017-09-30,6776200000,2017-11-19,StockholdersEquity,2026-08-27
TT,inventory,2017-09-30,1661100000,2017-11-19,InventoryNet,2026-08-27
TT,liabilities,2017-09-30,10878400000,2017-11-19,Liabilities,2026-08-27
TT,netIncome,2017-09-30,367000000,2017-11-19,NetIncomeLoss,2026-08-27
TT,operatingIncome,2017-09-30,506100000,2017-11-19,OperatingIncomeLoss,2026-08-27
TT,revenue,2017-09-30,3670500000,2017-11-19,SalesRevenueNet,2026-08-27
TTD,assets,2017-09-30,642631000,2017-11-19,Assets,2026-08-27
TTD,cash,2017-09-30,132798000,2017-11-19,CashAndCashEquivalentsAtCarryingValue,2026-08-27
TTD,equity,2017-09-30,215259000,2017-11-19,StockholdersEquity,2026-08-27
TTD,liabilities,2017-09-30,427372000,2017-11-19,Liabilities,2026-08-27
TTD,netIncome,2017-09-30,10229000,2017-11-19,NetIncomeLoss,2026-08-27
TTD,operatingIncome,2017-09-30,18408000,2017-11-19,OperatingIncomeLoss,2026-08-27
TTD,receivables,2017-09-30,470452000,2017-11-19,AccountsReceivableNetCurrent,2026-08-27
TTD,revenue,2017-09-30,79413000,2017-11-19,RevenueFromContractWithCustomerExcludingAssessedTax,2026-08-27
TTD,rnd,2017-09-30,13181000,2017-11-19,ResearchAndDevelopmentExpense,2026-08-27
TTWO,assets,2017-09-30,3696380000,2017-11-19,Assets,2026-08-27
TTWO,cash,2017-09-30,749626000,2017-11-19,CashAndCashEquivalentsAtCarryingValue,2026-08-27
TTWO,debt,2017-09-30,52369000,2017-11-19,LongTermDebtNoncurrent,2026-08-27
TTWO,equity,2017-09-30,1472446000,2017-11-19,StockholdersEquity,2026-08-27
TTWO,grossProfit,2017-09-30,197014000,2017-11-19,GrossProfit,2026-08-27
TTWO,inventory,2017-09-30,36431000,2017-11-19,InventoryNet,2026-08-27
TTWO,liabilities,2017-09-30,2223934000,2017-11-19,Liabilities,2026-08-27
TTWO,netIncome,2017-09-30,25367000,2017-11-19,NetIncomeLoss,2026-08-27
TTWO,operatingIncome,2017-09-30,-11319000,2017-11-19,OperatingIncomeLoss,2026-08-27
TTWO,receivables,2017-09-30,429019000,2017-11-19,AccountsReceivableNetCurrent,2026-08-27
TTWO,revenue,2017-09-30,443562000,2017-11-19,RevenueFromContractWithCustomerExcludingAssessedTax,2026-08-27
TTWO,shares,2017-09-30,113531000,2017-11-19,CommonStockSharesOutstanding,2026-08-27
TXN,assets,2017-09-30,16929000000,2017-11-19,Assets,2026-08-27
TXN,cash,2017-09-30,1296000000,2017-11-19,CashAndCashEquivalentsAtCarryingValue,2026-08-27
TXN,debt,2017-09-30,3084000000,2017-11-19,LongTermDebtNoncurrent,2026-08-27
TXN,equity,2017-09-30,10988000000,2017-11-19,StockholdersEquity,2026-08-27
TXN,grossProfit,2017-09-30,2656000000,2017-11-19,GrossProfit,2026-08-27
TXN,inventory,2017-09-30,1908000000,2017-11-19,InventoryNet,2026-08-27
TXN,liabilities,2017-09-30,5941000000,2017-11-19,Liabilities,2026-08-27
TXN,netIncome,2017-09-30,1285000000,2017-11-19,NetIncomeLoss,2026-08-27
TXN,operatingIncome,2017-09-30,1788000000,2017-11-19,OperatingIncomeLoss,2026-08-27
TXN,receivables,2017-09-30,1576000000,2017-11-19,AccountsReceivableNetCurrent,2026-08-27
TXN,revenue,2017-09-30,4116000000,2017-11-19,RevenueFromContractWithCustomerExcludingAssessedTax,2026-08-27
TXN,rnd,2017-09-30,375000000,2017-11-19,ResearchAndDevelopmentExpense,2026-08-27
TXT,assets,2017-09-30,15875000000,2017-11-19,Assets,2026-08-27
TXT,cash,2017-09-30,1294000000,2017-11-19,CashAndCashEquivalentsAtCarryingValue,2026-08-27
TXT,equity,2017-09-30,5818000000,2017-11-19,StockholdersEquity,2026-08-27
TXT,inventory,2017-09-30,4518000000,2017-11-19,InventoryNet,2026-08-27
TXT,liabilities,2017-09-30,10057000000,2017-11-19,Liabilities,2026-08-27
TXT,netIncome,2017-09-30,159000000,2017-11-19,NetIncomeLoss,2026-08-27
TXT,revenue,2017-09-30,3484000000,2017-11-19,Revenues,2026-08-27
TXT,shares,2017-09-30,263410000,2017-11-19,CommonStockSharesOutstanding,2026-08-27
TYL,assets,2017-09-30,1493118000,2017-11-19,Assets,2026-08-27
TYL,cash,2017-09-30,124603000,2017-11-19,CashAndCashEquivalentsAtCarryingValue,2026-08-27
TYL,equity,2017-09-30,1077778000,2017-11-19,StockholdersEquity,2026-08-27
TYL,grossProfit,2017-09-30,103989000,2017-11-19,GrossProfit,2026-08-27
TYL,netIncome,2017-09-30,38836000,2017-11-19,NetIncomeLoss,2026-08-27
TYL,operatingIncome,2017-09-30,44282000,2017-11-19,OperatingIncomeLoss,2026-08-27
TYL,receivables,2017-09-30,206444000,2017-11-19,AccountsReceivableNetCurrent,2026-08-27
TYL,revenue,2017-09-30,214706000,2017-11-19,RevenueFromContractWithCustomerExcludingAssessedTax,2026-08-27
TYL,shares,2017-09-30,48147969,2017-11-19,CommonStockSharesOutstanding,2026-08-27
UAL,assets,2017-09-30,42565000000,2017-11-19,Assets,2026-08-27
UAL,cash,2017-09-30,1870000000,2017-11-19,CashAndCashEquivalentsAtCarryingValue,2026-08-27
UAL,debt,2017-09-30,11334000000,2017-11-19,LongTermDebtNoncurrent,2026-08-27
UAL,equity,2017-09-30,8970000000,2017-11-19,StockholdersEquity,2026-08-27
UAL,netIncome,2017-09-30,645000000,2017-11-19,NetIncomeLoss,2026-08-27
UAL,operatingIncome,2017-09-30,1138000000,2017-11-19,OperatingIncomeLoss,2026-08-27
UAL,revenue,2017-09-30,9878000000,2017-11-19,Revenues,2026-08-27
UAL,shares,2017-09-30,296252431,2017-11-19,CommonStockSharesOutstanding,2026-08-27
UDR,assets,2017-09-30,7760705000,2017-11-19,Assets,2026-08-27
UDR,cash,2017-09-30,1788000,2017-11-19,CashAndCashEquivalentsAtCarryingValue,2026-08-27
UDR,debt,2017-09-30,3679011000,2017-11-19,LongTermDebt,2026-08-27
UDR,equity,2017-09-30,2845023000,2017-11-19,StockholdersEquity,2026-08-27
UDR,liabilities,2017-09-30,3964622000,2017-11-19,Liabilities,2026-08-27
UDR,netIncome,2017-09-30,16190000,2017-11-19,NetIncomeLoss,2026-08-27
UDR,operatingIncome,2017-09-30,45492000,2017-11-19,OperatingIncomeLoss,2026-08-27
UDR,revenue,2017-09-30,251091000,2017-11-19,Revenues,2026-08-27
UDR,shares,2017-09-30,267599391,2017-11-19,CommonStockSharesOutstanding,2026-08-27
UHS,assets,2017-09-30,10639360000,2017-11-19,Assets,2026-08-27
UHS,cash,2017-09-30,65424000,2017-11-19,CashAndCashEquivalentsAtCarryingValue,2026-08-27
UHS,debt,2017-09-30,3927396000,2017-11-19,LongTermDebtNoncurrent,2026-08-27
UHS,equity,2017-09-30,4865212000,2017-11-19,StockholdersEquity,2026-08-27
UHS,netIncome,2017-09-30,141245000,2017-11-19,NetIncomeLoss,2026-08-27
UHS,operatingIncome,2017-09-30,257310000,2017-11-19,OperatingIncomeLoss,2026-08-27
UHS,receivables,2017-09-30,1452018000,2017-11-19,AccountsReceivableNetCurrent,2026-08-27
UHS,revenue,2017-09-30,2541864000,2017-11-19,RevenueFromContractWithCustomerExcludingAssessedTax,2026-08-27
ULTA,assets,2017-07-29,2702217000,2017-09-17,Assets,2026-08-27
ULTA,cash,2017-07-29,92860000,2017-09-17,CashAndCashEquivalentsAtCarryingValue,2026-08-27
ULTA,equity,2017-07-29,1635350000,2017-09-17,StockholdersEquity,2026-08-27
ULTA,grossProfit,2017-07-29,469326000,2017-09-17,GrossProfit,2026-08-27
ULTA,liabilities,2017-07-29,1066867000,2017-09-17,Liabilities,2026-08-27
ULTA,netIncome,2017-07-29,114193000,2017-09-17,NetIncomeLoss,2026-08-27
ULTA,operatingIncome,2017-07-29,179800000,2017-09-17,OperatingIncomeLoss,2026-08-27
ULTA,revenue,2017-07-29,1289854000,2017-09-17,Revenues,2026-08-27
ULTA,shares,2017-07-29,61645000,2017-09-17,CommonStockSharesOutstanding,2026-08-27
UNH,assets,2017-09-30,140432000000,2017-11-19,Assets,2026-08-27
UNH,cash,2017-09-30,16269000000,2017-11-19,CashAndCashEquivalentsAtCarryingValue,2026-08-27
UNH,debt,2017-09-30,24723000000,2017-11-19,LongTermDebtNoncurrent,2026-08-27
UNH,liabilities,2017-09-30,90952000000,2017-11-19,Liabilities,2026-08-27
UNH,netIncome,2017-09-30,2485000000,2017-11-19,NetIncomeLoss,2026-08-27
UNH,operatingIncome,2017-09-30,4088000000,2017-11-19,OperatingIncomeLoss,2026-08-27
UNH,receivables,2017-09-30,8638000000,2017-11-19,AccountsReceivableNetCurrent,2026-08-27
UNH,revenue,2017-09-30,50322000000,2017-11-19,Revenues,2026-08-27
UNH,shares,2017-09-30,969000000,2017-11-19,CommonStockSharesOutstanding,2026-08-27
UNP,assets,2017-09-30,57397000000,2017-11-19,Assets,2026-08-27
UNP,cash,2017-09-30,1847000000,2017-11-19,CashAndCashEquivalentsAtCarryingValue,2026-08-27
UNP,equity,2017-09-30,19151000000,2017-11-19,StockholdersEquity,2026-08-27
UNP,liabilities,2017-09-30,38246000000,2017-11-19,Liabilities,2026-08-27
UNP,netIncome,2017-09-30,1194000000,2017-11-19,NetIncomeLoss,2026-08-27
UNP,operatingIncome,2017-09-30,2073000000,2017-11-19,OperatingIncomeLoss,2026-08-27
UNP,receivables,2017-09-30,1428000000,2017-11-19,AccountsReceivableNetCurrent,2026-08-27
UNP,revenue,2017-09-30,5408000000,2017-11-19,Revenues,2026-08-27
UNP,shares,2017-09-30,789834578,2017-11-19,CommonStockSharesOutstanding,2026-08-27
UPS,assets,2017-09-30,41356000000,2017-11-19,Assets,2026-08-27
UPS,cash,2017-09-30,3418000000,2017-11-19,CashAndCashEquivalentsAtCarryingValue,2026-08-27
UPS,debt,2017-09-30,14355000000,2017-11-19,LongTermDebtNoncurrent,2026-08-27
UPS,equity,2017-09-30,1509000000,2017-11-19,StockholdersEquity,2026-08-27
UPS,netIncome,2017-09-30,1259000000,2017-11-19,NetIncomeLoss,2026-08-27
UPS,operatingIncome,2017-09-30,1812000000,2017-11-19,OperatingIncomeLoss,2026-08-27
UPS,receivables,2017-09-30,6937000000,2017-11-19,AccountsReceivableNetCurrent,2026-08-27
UPS,revenue,2017-09-30,16173000000,2017-11-19,Revenues,2026-08-27
URI,assets,2017-09-30,13744000000,2017-11-19,Assets,2026-08-27
URI,cash,2017-09-30,324000000,2017-11-19,CashAndCashEquivalentsAtCarryingValue,2026-08-27
URI,equity,2017-09-30,2211000000,2017-11-19,StockholdersEquity,2026-08-27
URI,grossProfit,2017-09-30,773000000,2017-11-19,GrossProfit,2026-08-27
URI,inventory,2017-09-30,82000000,2017-11-19,InventoryNet,2026-08-27
URI,liabilities,2017-09-30,11533000000,2017-11-19,Liabilities,2026-08-27
URI,netIncome,2017-09-30,199000000,2017-11-19,NetIncomeLoss,2026-08-27
URI,operatingIncome,2017-09-30,448000000,2017-11-19,OperatingIncomeLoss,2026-08-27
URI,receivables,2017-09-30,1151000000,2017-11-19,AccountsReceivableNetCurrent,2026-08-27
URI,revenue,2017-09-30,1766000000,2017-11-19,Revenues,2026-08-27
URI,shares,2017-09-30,84571724,2017-11-19,CommonStockSharesOutstanding,2026-08-27
USB,assets,2017-09-30,459227000000,2017-11-19,Assets,2026-08-27
USB,debt,2017-09-30,34515000000,2017-11-19,LongTermDebt,2026-08-27
USB,equity,2017-09-30,48723000000,2017-11-19,StockholdersEquity,2026-08-27
USB,liabilities,2017-09-30,409876000000,2017-11-19,Liabilities,2026-08-27
USB,netIncome,2017-09-30,1563000000,2017-11-19,NetIncomeLoss,2026-08-27
USB,revenue,2017-09-30,5567000000,2017-11-19,Revenues,2026-08-27
V,assets,2017-09-30,67977000000,2017-11-19,Assets,2026-08-27
V,cash,2017-09-30,9874000000,2017-11-19,CashAndCashEquivalentsAtCarryingValue,2026-08-27
V,debt,2017-09-30,16618000000,2017-11-19,LongTermDebtNoncurrent,2026-08-27
V,liabilities,2017-09-30,35217000000,2017-11-19,Liabilities,2026-08-27
V,receivables,2017-09-30,1132000000,2017-11-19,AccountsReceivableNetCurrent,2026-08-27
VEEV,assets,2017-07-31,1035870000,2017-09-19,Assets,2026-08-27
VEEV,capex,2017-07-31,2535000,2017-09-19,PaymentsToAcquirePropertyPlantAndEquipment,2026-08-27
VEEV,cash,2017-07-31,409226000,2017-09-19,CashAndCashEquivalentsAtCarryingValue,2026-08-27
VEEV,equity,2017-07-31,766603000,2017-09-19,StockholdersEquity,2026-08-27
VEEV,grossProfit,2017-07-31,117395000,2017-09-19,GrossProfit,2026-08-27
VEEV,liabilities,2017-07-31,269267000,2017-09-19,Liabilities,2026-08-27
VEEV,netIncome,2017-07-31,38602000,2017-09-19,NetIncomeLoss,2026-08-27
VEEV,operatingCashFlow,2017-07-31,57606000,2017-09-19,NetCashProvidedByUsedInOperatingActivities,2026-08-27
VEEV,operatingIncome,2017-07-31,38067000,2017-09-19,OperatingIncomeLoss,2026-08-27
VEEV,receivables,2017-07-31,97153000,2017-09-19,AccountsReceivableNetCurrent,2026-08-27
VEEV,revenue,2017-07-31,167795000,2017-09-19,Revenues,2026-08-27
VEEV,rnd,2017-07-31,32678000,2017-09-19,ResearchAndDevelopmentExpense,2026-08-27
VICI,assets,2017-09-30,0,2017-11-19,Assets,2026-08-27
VICI,equity,2017-09-30,0,2017-11-19,StockholdersEquity,2026-08-27
VICI,shares,2017-09-30,1000,2017-11-19,CommonStockSharesOutstanding,2026-08-27
VLO,assets,2017-09-30,47988000000,2017-11-19,Assets,2026-08-27
VLO,cash,2017-09-30,5176000000,2017-11-19,CashAndCashEquivalentsAtCarryingValue,2026-08-27
VLO,debt,2017-09-30,7930000000,2017-11-19,LongTermDebt,2026-08-27
VLO,equity,2017-09-30,20370000000,2017-11-19,StockholdersEquity,2026-08-27
VLO,grossProfit,2017-09-30,1614000000,2017-11-19,GrossProfit,2026-08-27
VLO,inventory,2017-09-30,6137000000,2017-11-19,InventoryNet,2026-08-27
VLO,netIncome,2017-09-30,841000000,2017-11-19,NetIncomeLoss,2026-08-27
VLO,operatingIncome,2017-09-30,1332000000,2017-11-19,OperatingIncomeLoss,2026-08-27
VMC,assets,2017-09-30,9439334000,2017-11-19,Assets,2026-08-27
VMC,cash,2017-09-30,701163000,2017-11-19,CashAndCashEquivalentsAtCarryingValue,2026-08-27
VMC,debt,2017-09-30,2809966000,2017-11-19,LongTermDebtNoncurrent,2026-08-27
VMC,equity,2017-09-30,4685134000,2017-11-19,StockholdersEquity,2026-08-27
VMC,grossProfit,2017-09-30,303758000,2017-11-19,GrossProfit,2026-08-27
VMC,inventory,2017-09-30,365826000,2017-11-19,InventoryNet,2026-08-27
VMC,liabilities,2017-09-30,4754200000,2017-11-19,Liabilities,2026-08-27
VMC,netIncome,2017-09-30,108579000,2017-11-19,NetIncomeLoss,2026-08-27
VMC,operatingIncome,2017-09-30,227478000,2017-11-19,OperatingIncomeLoss,2026-08-27
VMC,revenue,2017-09-30,1094715000,2017-11-19,Revenues,2026-08-27
VMC,shares,2017-09-30,132281000,2017-11-19,CommonStockSharesOutstanding,2026-08-27
VMRK,assets,2017-09-30,20697833000,2017-11-19,Assets,2026-08-27
VMRK,cash,2017-09-30,46565000,2017-11-19,CashAndCashEquivalentsAtCarryingValue,2026-08-27
VMRK,equity,2017-09-30,10259269000,2017-11-19,StockholdersEquity,2026-08-27
VMRK,liabilities,2017-09-30,9823516000,2017-11-19,Liabilities,2026-08-27
VMRK,netIncome,2017-09-30,138229000,2017-11-19,NetIncomeLoss,2026-08-27
VMRK,operatingIncome,2017-09-30,217786000,2017-11-19,OperatingIncomeLoss,2026-08-27
VMRK,revenue,2017-09-30,624122000,2017-11-19,Revenues,2026-08-27
VMRK,shares,2017-09-30,367462480,2017-11-19,CommonStockSharesOutstanding,2026-08-27
VRSK,assets,2017-09-30,5628200000,2017-11-19,Assets,2026-08-27
VRSK,cash,2017-09-30,142000000,2017-11-19,CashAndCashEquivalentsAtCarryingValue,2026-08-27
VRSK,debt,2017-09-30,2279800000,2017-11-19,LongTermDebt,2026-08-27
VRSK,equity,2017-09-30,1672600000,2017-11-19,StockholdersEquity,2026-08-27
VRSK,liabilities,2017-09-30,3955600000,2017-11-19,Liabilities,2026-08-27
VRSK,netIncome,2017-09-30,120700000,2017-11-19,NetIncomeLoss,2026-08-27
VRSK,operatingIncome,2017-09-30,208400000,2017-11-19,OperatingIncomeLoss,2026-08-27
VRSK,receivables,2017-09-30,285800000,2017-11-19,AccountsReceivableNetCurrent,2026-08-27
VRSK,revenue,2017-09-30,549100000,2017-11-19,Revenues,2026-08-27
VRSK,shares,2017-09-30,164516754,2017-11-19,CommonStockSharesOutstanding,2026-08-27
VRSN,assets,2017-09-30,2908363000,2017-11-19,Assets,2026-08-27
VRSN,cash,2017-09-30,286822000,2017-11-19,CashAndCashEquivalentsAtCarryingValue,2026-08-27
VRSN,equity,2017-09-30,-1229938000,2017-11-19,StockholdersEquity,2026-08-27
VRSN,liabilities,2017-09-30,4138301000,2017-11-19,Liabilities,2026-08-27
VRSN,netIncome,2017-09-30,114899000,2017-11-19,NetIncomeLoss,2026-08-27
VRSN,operatingIncome,2017-09-30,181059000,2017-11-19,OperatingIncomeLoss,2026-08-27
VRSN,receivables,2017-09-30,12584000,2017-11-19,AccountsReceivableNetCurrent,2026-08-27
VRSN,revenue,2017-09-30,292428000,2017-11-19,Revenues,2026-08-27
VRSN,rnd,2017-09-30,12715000,2017-11-19,ResearchAndDevelopmentExpense,2026-08-27
VRSN,shares,2017-09-30,98865000,2017-11-19,CommonStockSharesOutstanding,2026-08-27
VRT,revenue,2017-09-30,0,2017-11-19,Revenues,2026-08-27
VRTX,assets,2017-09-30,3198325000,2017-11-19,Assets,2026-08-27
VRTX,cash,2017-09-30,1384966000,2017-11-19,CashAndCashEquivalentsAtCarryingValue,2026-08-27
VRTX,equity,2017-09-30,1791077000,2017-11-19,StockholdersEquity,2026-08-27
VRTX,inventory,2017-09-30,98192000,2017-11-19,InventoryNet,2026-08-27
VRTX,liabilities,2017-09-30,1395081000,2017-11-19,Liabilities,2026-08-27
VRTX,netIncome,2017-09-30,-102952000,2017-11-19,NetIncomeLoss,2026-08-27
VRTX,operatingIncome,2017-09-30,-326043000,2017-11-19,OperatingIncomeLoss,2026-08-27
VRTX,receivables,2017-09-30,263493000,2017-11-19,AccountsReceivableNetCurrent,2026-08-27
VRTX,revenue,2017-09-30,578165000,2017-11-19,Revenues,2026-08-27
VRTX,rnd,2017-09-30,454947000,2017-11-19,ResearchAndDevelopmentExpense,2026-08-27
VRTX,shares,2017-09-30,252683346,2017-11-19,CommonStockSharesOutstanding,2026-08-27
VST,assets,2017-09-30,15000000000,2017-11-19,Assets,2026-08-27
VST,cash,2017-09-30,1054000000,2017-11-19,CashAndCashEquivalentsAtCarryingValue,2026-08-27
VST,inventory,2017-09-30,295000000,2017-11-19,InventoryNet,2026-08-27
VST,liabilities,2017-09-30,8065000000,2017-11-19,Liabilities,2026-08-27
VST,netIncome,2017-09-30,273000000,2017-11-19,NetIncomeLoss,2026-08-27
VST,operatingIncome,2017-09-30,452000000,2017-11-19,OperatingIncomeLoss,2026-08-27
VST,receivables,2017-09-30,717000000,2017-11-19,AccountsReceivableNetCurrent,2026-08-27
VST,revenue,2017-09-30,1833000000,2017-11-19,Revenues,2026-08-27
VST,shares,2017-09-30,427597368,2017-11-19,CommonStockSharesOutstanding,2026-08-27
VTR,assets,2017-09-30,23739795000,2017-11-19,Assets,2026-08-27
VTR,capex,2017-09-30,117214000,2017-11-19,PaymentsToAcquireProductiveAssets,2026-08-27
VTR,cash,2017-09-30,85063000,2017-11-19,CashAndCashEquivalentsAtCarryingValue,2026-08-27
VTR,debt,2017-09-30,11424145000,2017-11-19,LongTermDebt,2026-08-27
VTR,equity,2017-09-30,10731340000,2017-11-19,StockholdersEquity,2026-08-27
VTR,liabilities,2017-09-30,12769738000,2017-11-19,Liabilities,2026-08-27
VTR,revenue,2017-09-30,899928000,2017-11-19,Revenues,2026-08-27
VZ,assets,2017-09-30,254682000000,2017-11-19,Assets,2026-08-27
VZ,cash,2017-09-30,4487000000,2017-11-19,CashAndCashEquivalentsAtCarryingValue,2026-08-27
VZ,inventory,2017-09-30,1276000000,2017-11-19,InventoryNet,2026-08-27
VZ,netIncome,2017-09-30,3620000000,2017-11-19,NetIncomeLoss,2026-08-27
VZ,operatingIncome,2017-09-30,6990000000,2017-11-19,OperatingIncomeLoss,2026-08-27
VZ,receivables,2017-09-30,21549000000,2017-11-19,AccountsReceivableNetCurrent,2026-08-27
VZ,revenue,2017-09-30,31717000000,2017-11-19,Revenues,2026-08-27
WAB,assets,2017-09-30,6449650000,2017-11-19,Assets,2026-08-27
WAB,cash,2017-09-30,228080000,2017-11-19,CashAndCashEquivalentsAtCarryingValue,2026-08-27
WAB,equity,2017-09-30,2717702000,2017-11-19,StockholdersEquity,2026-08-27
WAB,grossProfit,2017-09-30,253203000,2017-11-19,GrossProfit,2026-08-27
WAB,inventory,2017-09-30,764781000,2017-11-19,InventoryNet,2026-08-27
WAB,liabilities,2017-09-30,3713281000,2017-11-19,Liabilities,2026-08-27
WAB,netIncome,2017-09-30,67399000,2017-11-19,NetIncomeLoss,2026-08-27
WAB,operatingIncome,2017-09-30,101666000,2017-11-19,OperatingIncomeLoss,2026-08-27
WAB,receivables,2017-09-30,792726000,2017-11-19,AccountsReceivableNetCurrent,2026-08-27
WAB,revenue,2017-09-30,957931000,2017-11-19,RevenueFromContractWithCustomerExcludingAssessedTax,2026-08-27
WAB,rnd,2017-09-30,24709000,2017-11-19,ResearchAndDevelopmentExpense,2026-08-27
WAB,shares,2017-09-30,95999582,2017-11-19,CommonStockSharesOutstanding,2026-08-27
WAT,assets,2017-09-30,5162985000,2017-11-19,Assets,2026-08-27
WAT,cash,2017-09-30,603807000,2017-11-19,CashAndCashEquivalentsAtCarryingValue,2026-08-27
WAT,debt,2017-09-30,1732367000,2017-11-19,LongTermDebtNoncurrent,2026-08-27
WAT,equity,2017-09-30,2629095000,2017-11-19,StockholdersEquity,2026-08-27
WAT,inventory,2017-09-30,297854000,2017-11-19,InventoryNet,2026-08-27
WAT,liabilities,2017-09-30,2533890000,2017-11-19,Liabilities,2026-08-27
WAT,operatingIncome,2017-09-30,159022000,2017-11-19,OperatingIncomeLoss,2026-08-27
WAT,receivables,2017-09-30,456334000,2017-11-19,AccountsReceivableNetCurrent,2026-08-27
WAT,revenue,2017-09-30,565584000,2017-11-19,RevenueFromContractWithCustomerExcludingAssessedTax,2026-08-27
WAT,rnd,2017-09-30,33782000,2017-11-19,ResearchAndDevelopmentExpense,2026-08-27
WAT,shares,2017-09-30,79522000,2017-11-19,CommonStockSharesOutstanding,2026-08-27
WBD,assets,2017-09-30,23143000000,2017-11-19,Assets,2026-08-27
WBD,cash,2017-09-30,6994000000,2017-11-19,CashAndCashEquivalentsAtCarryingValue,2026-08-27
WBD,debt,2017-09-30,14708000000,2017-11-19,LongTermDebt,2026-08-27
WBD,liabilities,2017-09-30,17043000000,2017-11-19,Liabilities,2026-08-27
WBD,netIncome,2017-09-30,218000000,2017-11-19,NetIncomeLoss,2026-08-27
WBD,operatingIncome,2017-09-30,433000000,2017-11-19,OperatingIncomeLoss,2026-08-27
WBD,revenue,2017-09-30,1651000000,2017-11-19,Revenues,2026-08-27
WDAY,assets,2017-07-31,3407127000,2017-09-19,Assets,2026-08-27
WDAY,capex,2017-07-31,38528000,2017-09-19,PaymentsToAcquireProductiveAssets,2026-08-27
WDAY,cash,2017-07-31,748599000,2017-09-19,CashAndCashEquivalentsAtCarryingValue,2026-08-27
WDAY,equity,2017-07-31,1370397000,2017-09-19,StockholdersEquity,2026-08-27
WDAY,liabilities,2017-07-31,2036730000,2017-09-19,Liabilities,2026-08-27
WDAY,operatingCashFlow,2017-07-31,15126000,2017-09-19,NetCashProvidedByUsedInOperatingActivities,2026-08-27
WDAY,operatingIncome,2017-07-31,-81629000,2017-09-19,OperatingIncomeLoss,2026-08-27
WDAY,receivables,2017-07-31,370557000,2017-09-19,AccountsReceivableNetCurrent,2026-08-27
WDAY,revenue,2017-07-31,525320000,2017-09-19,Revenues,2026-08-27
WDAY,rnd,2017-07-31,221103000,2017-09-19,ResearchAndDevelopmentExpense,2026-08-27
WDC,assets,2017-09-29,30505000000,2017-11-18,Assets,2026-08-27
WDC,buybacks,2017-09-29,0,2017-11-18,PaymentsForRepurchaseOfCommonStock,2026-08-27
WDC,capex,2017-09-29,160000000,2017-11-18,PaymentsToAcquirePropertyPlantAndEquipment,2026-08-27
WDC,cash,2017-09-29,6886000000,2017-11-18,CashAndCashEquivalentsAtCarryingValue,2026-08-27
WDC,debt,2017-09-29,12873000000,2017-11-18,LongTermDebtNoncurrent,2026-08-27
WDC,equity,2017-09-29,12059000000,2017-11-18,StockholdersEquity,2026-08-27
WDC,equityStakes,2017-09-29,0,2017-11-18,PaymentsToAcquireEquityMethodInvestments,2026-08-27
WDC,grossProfit,2017-09-29,1913000000,2017-11-18,GrossProfit,2026-08-27
WDC,inventory,2017-09-29,2302000000,2017-11-18,InventoryNet,2026-08-27
WDC,liabilities,2017-09-29,18446000000,2017-11-18,Liabilities,2026-08-27
WDC,netIncome,2017-09-29,681000000,2017-11-18,NetIncomeLoss,2026-08-27
WDC,operatingCashFlow,2017-09-29,1133000000,2017-11-18,NetCashProvidedByUsedInOperatingActivities,2026-08-27
WDC,operatingIncome,2017-09-29,905000000,2017-11-18,OperatingIncomeLoss,2026-08-27
WDC,receivables,2017-09-29,2101000000,2017-11-18,AccountsReceivableNetCurrent,2026-08-27
WDC,revenue,2017-09-29,5181000000,2017-11-18,RevenueFromContractWithCustomerExcludingAssessedTax,2026-08-27
WDC,shares,2017-09-29,295000000,2017-11-18,CommonStockSharesOutstanding,2026-08-27
WEC,assets,2017-09-30,31013000000,2017-11-19,Assets,2026-08-27
WEC,cash,2017-09-30,18100000,2017-11-19,CashAndCashEquivalentsAtCarryingValue,2026-08-27
WEC,debt,2017-09-30,8785800000,2017-11-19,LongTermDebtNoncurrent,2026-08-27
WEC,operatingIncome,2017-09-30,392200000,2017-11-19,OperatingIncomeLoss,2026-08-27
WEC,revenue,2017-09-30,1657500000,2017-11-19,Revenues,2026-08-27
WEC,shares,2017-09-30,315575562,2017-11-19,CommonStockSharesOutstanding,2026-08-27
WELL,assets,2017-09-30,28180379000,2017-11-19,Assets,2026-08-27
WELL,cash,2017-09-30,236247000,2017-11-19,CashAndCashEquivalentsAtCarryingValue,2026-08-27
WELL,debt,2017-09-30,11124395000,2017-11-19,LongTermDebt,2026-08-27
WELL,equity,2017-09-30,14729925000,2017-11-19,StockholdersEquity,2026-08-27
WELL,liabilities,2017-09-30,12548967000,2017-11-19,Liabilities,2026-08-27
WELL,revenue,2017-09-30,1091483000,2017-11-19,Revenues,2026-08-27
WELL,shares,2017-09-30,370341635,2017-11-19,CommonStockSharesOutstanding,2026-08-27
WFC,assets,2017-09-30,1934939000000,2017-11-19,Assets,2026-08-27
WFC,debt,2017-09-30,238893000000,2017-11-19,LongTermDebt,2026-08-27
WFC,equity,2017-09-30,205929000000,2017-11-19,StockholdersEquity,2026-08-27
WFC,liabilities,2017-09-30,1728115000000,2017-11-19,Liabilities,2026-08-27
WFC,netIncome,2017-09-30,4542000000,2017-11-19,NetIncomeLoss,2026-08-27
WFC,revenue,2017-09-30,21849000000,2017-11-19,Revenues,2026-08-27
WM,assets,2017-09-30,20949000000,2017-11-19,Assets,2026-08-27
WM,cash,2017-09-30,35000000,2017-11-19,CashAndCashEquivalentsAtCarryingValue,2026-08-27
WM,equity,2017-09-30,5278000000,2017-11-19,StockholdersEquity,2026-08-27
WM,liabilities,2017-09-30,15649000000,2017-11-19,Liabilities,2026-08-27
WM,netIncome,2017-09-30,386000000,2017-11-19,NetIncomeLoss,2026-08-27
WM,operatingIncome,2017-09-30,701000000,2017-11-19,OperatingIncomeLoss,2026-08-27
WM,receivables,2017-09-30,1790000000,2017-11-19,AccountsReceivableNetCurrent,2026-08-27
WM,revenue,2017-09-30,3716000000,2017-11-19,Revenues,2026-08-27
WM,shares,2017-09-30,434200000,2017-11-19,CommonStockSharesOutstanding,2026-08-27
WMB,assets,2017-09-30,46120000000,2017-11-19,Assets,2026-08-27
WMB,cash,2017-09-30,1172000000,2017-11-19,CashAndCashEquivalentsAtCarryingValue,2026-08-27
WMB,equity,2017-09-30,8109000000,2017-11-19,StockholdersEquity,2026-08-27
WMB,inventory,2017-09-30,144000000,2017-11-19,InventoryNet,2026-08-27
WMB,netIncome,2017-09-30,33000000,2017-11-19,NetIncomeLoss,2026-08-27
WMB,operatingIncome,2017-09-30,274000000,2017-11-19,OperatingIncomeLoss,2026-08-27
WMB,revenue,2017-09-30,1891000000,2017-11-19,Revenues,2026-08-27
WMT,assets,2017-07-31,201566000000,2017-09-19,Assets,2026-08-27
WMT,cash,2017-07-31,6469000000,2017-09-19,CashAndCashEquivalentsAtCarryingValue,2026-08-27
WMT,debt,2017-07-31,33706000000,2017-09-19,LongTermDebtNoncurrent,2026-08-27
WMT,equity,2017-07-31,76389000000,2017-09-19,StockholdersEquity,2026-08-27
WMT,inventory,2017-07-31,43442000000,2017-09-19,InventoryNet,2026-08-27
WMT,netIncome,2017-07-31,2899000000,2017-09-19,NetIncomeLoss,2026-08-27
WMT,operatingIncome,2017-07-31,5969000000,2017-09-19,OperatingIncomeLoss,2026-08-27
WMT,revenue,2017-07-31,123355000000,2017-09-19,Revenues,2026-08-27
WRB,assets,2017-09-30,24336076000,2017-11-19,Assets,2026-08-27
WRB,cash,2017-09-30,773997000,2017-11-19,CashAndCashEquivalentsAtCarryingValue,2026-08-27
WRB,equity,2017-09-30,5430536000,2017-11-19,StockholdersEquity,2026-08-27
WRB,liabilities,2017-09-30,18865427000,2017-11-19,Liabilities,2026-08-27
WRB,netIncome,2017-09-30,162054000,2017-11-19,NetIncomeLoss,2026-08-27
WRB,revenue,2017-09-30,2031342000,2017-11-19,Revenues,2026-08-27
WRB,shares,2017-09-30,121769109,2017-11-19,CommonStockSharesOutstanding,2026-08-27
WSM,assets,2017-07-30,2479860000,2017-09-18,Assets,2026-08-27
WSM,buybacks,2017-07-30,55011000,2017-09-18,PaymentsForRepurchaseOfCommonStock,2026-08-27
WSM,capex,2017-07-30,50574000,2017-09-18,PaymentsToAcquirePropertyPlantAndEquipment,2026-08-27
WSM,cash,2017-07-30,103109000,2017-09-18,CashAndCashEquivalentsAtCarryingValue,2026-08-27
WSM,equity,2017-07-30,1188524000,2017-09-18,StockholdersEquity,2026-08-27
WSM,grossProfit,2017-07-30,422711000,2017-09-18,GrossProfit,2026-08-27
WSM,inventory,2017-07-30,1072976000,2017-09-18,InventoryNet,2026-08-27
WSM,liabilities,2017-07-30,1291336000,2017-09-18,Liabilities,2026-08-27
WSM,netIncome,2017-07-30,52917000,2017-09-18,NetIncomeLoss,2026-08-27
WSM,operatingIncome,2017-07-30,81584000,2017-09-18,OperatingIncomeLoss,2026-08-27
WSM,revenue,2017-07-30,1201606000,2017-09-18,RevenueFromContractWithCustomerExcludingAssessedTax,2026-08-27
WSM,shares,2017-07-30,85754000,2017-09-18,CommonStockSharesOutstanding,2026-08-27
WST,assets,2017-09-30,1930400000,2017-11-19,Assets,2026-08-27
WST,cash,2017-09-30,269300000,2017-11-19,CashAndCashEquivalentsAtCarryingValue,2026-08-27
WST,debt,2017-09-30,196600000,2017-11-19,LongTermDebtNoncurrent,2026-08-27
WST,grossProfit,2017-09-30,125100000,2017-11-19,GrossProfit,2026-08-27
WST,inventory,2017-09-30,215800000,2017-11-19,InventoryNet,2026-08-27
WST,liabilities,2017-09-30,613500000,2017-11-19,Liabilities,2026-08-27
WST,operatingIncome,2017-09-30,62900000,2017-11-19,OperatingIncomeLoss,2026-08-27
WST,receivables,2017-09-30,251800000,2017-11-19,AccountsReceivableNetCurrent,2026-08-27
WST,revenue,2017-09-30,398200000,2017-11-19,Revenues,2026-08-27
WST,rnd,2017-09-30,9100000,2017-11-19,ResearchAndDevelopmentExpense,2026-08-27
WST,shares,2017-09-30,74300000,2017-11-19,CommonStockSharesOutstanding,2026-08-27
WTW,assets,2017-09-30,32272000000,2017-11-19,Assets,2026-08-27
WTW,cash,2017-09-30,912000000,2017-11-19,CashAndCashEquivalentsAtCarryingValue,2026-08-27
WTW,debt,2017-09-30,4493000000,2017-11-19,LongTermDebtNoncurrent,2026-08-27
WTW,equity,2017-09-30,9915000000,2017-11-19,StockholdersEquity,2026-08-27
WTW,liabilities,2017-09-30,22191000000,2017-11-19,Liabilities,2026-08-27
WTW,netIncome,2017-09-30,-54000000,2017-11-19,NetIncomeLoss,2026-08-27
WTW,operatingIncome,2017-09-30,-26000000,2017-11-19,OperatingIncomeLoss,2026-08-27
WTW,receivables,2017-09-30,2155000000,2017-11-19,AccountsReceivableNetCurrent,2026-08-27
WTW,revenue,2017-09-30,1852000000,2017-11-19,Revenues,2026-08-27
WY,assets,2017-09-30,18402000000,2017-11-19,Assets,2026-08-27
WY,cash,2017-09-30,497000000,2017-11-19,CashAndCashEquivalentsAtCarryingValue,2026-08-27
WY,debt,2017-09-30,5933000000,2017-11-19,LongTermDebtNoncurrent,2026-08-27
WY,grossProfit,2017-09-30,498000000,2017-11-19,GrossProfit,2026-08-27
WY,inventory,2017-09-30,340000000,2017-11-19,InventoryNet,2026-08-27
WY,liabilities,2017-09-30,9357000000,2017-11-19,Liabilities,2026-08-27
WY,netIncome,2017-09-30,130000000,2017-11-19,NetIncomeLoss,2026-08-27
WY,operatingIncome,2017-09-30,205000000,2017-11-19,OperatingIncomeLoss,2026-08-27
WY,revenue,2017-09-30,1872000000,2017-11-19,Revenues,2026-08-27
WY,rnd,2017-09-30,4000000,2017-11-19,ResearchAndDevelopmentExpense,2026-08-27
WY,shares,2017-09-30,753050533,2017-11-19,CommonStockSharesOutstanding,2026-08-27
WYNN,assets,2017-09-30,12427954000,2017-11-19,Assets,2026-08-27
WYNN,cash,2017-09-30,2935985000,2017-11-19,CashAndCashEquivalentsAtCarryingValue,2026-08-27
WYNN,debt,2017-09-30,9771815000,2017-11-19,LongTermDebtNoncurrent,2026-08-27
WYNN,equity,2017-09-30,329076000,2017-11-19,StockholdersEquity,2026-08-27
WYNN,inventory,2017-09-30,82897000,2017-11-19,InventoryNet,2026-08-27
WYNN,liabilities,2017-09-30,12029744000,2017-11-19,Liabilities,2026-08-27
WYNN,netIncome,2017-09-30,79767000,2017-11-19,NetIncomeLoss,2026-08-27
WYNN,operatingIncome,2017-09-30,257327000,2017-11-19,OperatingIncomeLoss,2026-08-27
WYNN,revenue,2017-09-30,1551347000,2017-11-19,Revenues,2026-08-27
WYNN,shares,2017-09-30,102782543,2017-11-19,CommonStockSharesOutstanding,2026-08-27
XEL,assets,2017-09-30,42468794000,2017-11-19,Assets,2026-08-27
XEL,cash,2017-09-30,167000000,2017-11-19,CashAndCashEquivalentsAtCarryingValue,2026-08-27
XEL,equity,2017-09-30,11439377000,2017-11-19,StockholdersEquity,2026-08-27
XEL,inventory,2017-09-30,616675000,2017-11-19,InventoryNet,2026-08-27
XEL,netIncome,2017-09-30,492000000,2017-11-19,NetIncomeLoss,2026-08-27
XEL,operatingIncome,2017-09-30,824000000,2017-11-19,OperatingIncomeLoss,2026-08-27
XEL,receivables,2017-09-30,807621000,2017-11-19,AccountsReceivableNetCurrent,2026-08-27
XEL,revenue,2017-09-30,3017000000,2017-11-19,Revenues,2026-08-27
XEL,shares,2017-09-30,507762881,2017-11-19,CommonStockSharesOutstanding,2026-08-27
XYL,assets,2017-09-30,6783000000,2017-11-19,Assets,2026-08-27
XYL,capex,2017-09-30,42000000,2017-11-19,PaymentsToAcquireProductiveAssets,2026-08-27
XYL,cash,2017-09-30,283000000,2017-11-19,CashAndCashEquivalentsAtCarryingValue,2026-08-27
XYL,debt,2017-09-30,2189000000,2017-11-19,LongTermDebtNoncurrent,2026-08-27
XYL,equity,2017-09-30,2463000000,2017-11-19,StockholdersEquity,2026-08-27
XYL,grossProfit,2017-09-30,471000000,2017-11-19,GrossProfit,2026-08-27
XYL,inventory,2017-09-30,562000000,2017-11-19,InventoryNet,2026-08-27
XYL,liabilities,2017-09-30,4303000000,2017-11-19,Liabilities,2026-08-27
XYL,netIncome,2017-09-30,105000000,2017-11-19,NetIncomeLoss,2026-08-27
XYL,operatingIncome,2017-09-30,152000000,2017-11-19,OperatingIncomeLoss,2026-08-27
XYL,receivables,2017-09-30,990000000,2017-11-19,AccountsReceivableNetCurrent,2026-08-27
XYL,revenue,2017-09-30,1195000000,2017-11-19,Revenues,2026-08-27
XYL,rnd,2017-09-30,45000000,2017-11-19,ResearchAndDevelopmentExpense,2026-08-27
XYZ,assets,2017-09-30,2083852000,2017-11-19,Assets,2026-08-27
XYZ,cash,2017-09-30,658412000,2017-11-19,CashAndCashEquivalentsAtCarryingValue,2026-08-27
XYZ,debt,2017-09-30,354237000,2017-11-19,LongTermDebtNoncurrent,2026-08-27
XYZ,equity,2017-09-30,732909000,2017-11-19,StockholdersEquity,2026-08-27
XYZ,grossProfit,2017-09-30,218616000,2017-11-19,GrossProfit,2026-08-27
XYZ,inventory,2017-09-30,21204000,2017-11-19,InventoryNet,2026-08-27
XYZ,liabilities,2017-09-30,1350943000,2017-11-19,Liabilities,2026-08-27
XYZ,netIncome,2017-09-30,-16098000,2017-11-19,NetIncomeLoss,2026-08-27
XYZ,operatingIncome,2017-09-30,-14891000,2017-11-19,OperatingIncomeLoss,2026-08-27
XYZ,receivables,2017-09-30,4209000,2017-11-19,AccountsReceivableNetCurrent,2026-08-27
XYZ,revenue,2017-09-30,585159000,2017-11-19,Revenues,2026-08-27
XYZ,rnd,2017-09-30,82547000,2017-11-19,ResearchAndDevelopmentExpense,2026-08-27
YUM,assets,2017-09-30,5454000000,2017-11-19,Assets,2026-08-27
YUM,cash,2017-09-30,980000000,2017-11-19,CashAndCashEquivalentsAtCarryingValue,2026-08-27
YUM,equity,2017-09-30,-6121000000,2017-11-19,StockholdersEquity,2026-08-27
YUM,inventory,2017-09-30,15000000,2017-11-19,InventoryNet,2026-08-27
YUM,liabilities,2017-09-30,11575000000,2017-11-19,Liabilities,2026-08-27
YUM,netIncome,2017-09-30,418000000,2017-11-19,NetIncomeLoss,2026-08-27
YUM,operatingIncome,2017-09-30,643000000,2017-11-19,OperatingIncomeLoss,2026-08-27
YUM,revenue,2017-09-30,1436000000,2017-11-19,Revenues,2026-08-27
ZBH,assets,2017-09-30,26417500000,2017-11-19,Assets,2026-08-27
ZBH,cash,2017-09-30,480800000,2017-11-19,CashAndCashEquivalentsAtCarryingValue,2026-08-27
ZBH,debt,2017-09-30,9199700000,2017-11-19,LongTermDebtNoncurrent,2026-08-27
ZBH,equity,2017-09-30,10449800000,2017-11-19,StockholdersEquity,2026-08-27
ZBH,grossProfit,2017-09-30,1159500000,2017-11-19,GrossProfit,2026-08-27
ZBH,inventory,2017-09-30,2084200000,2017-11-19,InventoryNet,2026-08-27
ZBH,liabilities,2017-09-30,15967300000,2017-11-19,Liabilities,2026-08-27
ZBH,netIncome,2017-09-30,98800000,2017-11-19,NetIncomeLoss,2026-08-27
ZBH,operatingIncome,2017-09-30,211200000,2017-11-19,OperatingIncomeLoss,2026-08-27
ZBH,receivables,2017-09-30,1318500000,2017-11-19,AccountsReceivableNetCurrent,2026-08-27
ZBH,revenue,2017-09-30,1813100000,2017-11-19,RevenueFromContractWithCustomerExcludingAssessedTax,2026-08-27
ZBRA,assets,2017-09-30,4526000000,2017-11-19,Assets,2026-08-27
ZBRA,cash,2017-09-30,88000000,2017-11-19,CashAndCashEquivalentsAtCarryingValue,2026-08-27
ZBRA,debt,2017-09-30,2451000000,2017-11-19,LongTermDebtNoncurrent,2026-08-27
ZBRA,equity,2017-09-30,814000000,2017-11-19,StockholdersEquity,2026-08-27
ZBRA,grossProfit,2017-09-30,429000000,2017-11-19,GrossProfit,2026-08-27
ZBRA,inventory,2017-09-30,492000000,2017-11-19,InventoryNet,2026-08-27
ZBRA,liabilities,2017-09-30,3712000000,2017-11-19,Liabilities,2026-08-27
ZBRA,netIncome,2017-09-30,-12000000,2017-11-19,NetIncomeLoss,2026-08-27
ZBRA,operatingIncome,2017-09-30,91000000,2017-11-19,OperatingIncomeLoss,2026-08-27
ZBRA,receivables,2017-09-30,596000000,2017-11-19,AccountsReceivableNetCurrent,2026-08-27
ZBRA,revenue,2017-09-30,935000000,2017-11-19,RevenueFromContractWithCustomerExcludingAssessedTax,2026-08-27
ZBRA,rnd,2017-09-30,96000000,2017-11-19,ResearchAndDevelopmentExpense,2026-08-27
ZTS,assets,2017-07-02,7802000000,2017-08-21,Assets,2026-08-27
ZTS,cash,2017-07-02,705000000,2017-08-21,CashAndCashEquivalentsAtCarryingValue,2026-08-27
ZTS,debt,2017-07-02,3719000000,2017-08-21,LongTermDebtNoncurrent,2026-08-27
ZTS,equity,2017-07-02,1715000000,2017-08-21,StockholdersEquity,2026-08-27
ZTS,inventory,2017-07-02,1498000000,2017-08-21,InventoryNet,2026-08-27
ZTS,liabilities,2017-07-02,6056000000,2017-08-21,Liabilities,2026-08-27
ZTS,netIncome,2017-07-02,247000000,2017-08-21,NetIncomeLoss,2026-08-27
ZTS,receivables,2017-07-02,975000000,2017-08-21,AccountsReceivableNetCurrent,2026-08-27
ZTS,revenue,2017-07-02,1269000000,2017-08-21,Revenues,2026-08-27
ZTS,shares,2017-07-02,489659511,2017-08-21,CommonStockSharesOutstanding,2026-08-27
