symbol,role,period_end,value,available_from,tag,seen
A,assets,2019-01-31,8952000000,2019-04-26,Assets,2026-08-25
A,buybacks,2019-01-31,75000000,2019-04-26,PaymentsForRepurchaseOfCommonStock,2026-08-25
A,capex,2019-01-31,39000000,2019-04-26,PaymentsToAcquirePropertyPlantAndEquipment,2026-08-25
A,cash,2019-01-31,2057000000,2019-04-26,CashAndCashEquivalentsAtCarryingValue,2026-08-25
A,debt,2019-01-31,1798000000,2019-04-26,LongTermDebtNoncurrent,2026-08-25
A,equity,2019-01-31,5036000000,2019-04-26,StockholdersEquity,2026-08-25
A,inventory,2019-01-31,653000000,2019-04-26,InventoryNet,2026-08-25
A,liabilities,2019-01-31,3916000000,2019-04-26,Liabilities,2026-08-25
A,netIncome,2019-01-31,504000000,2019-04-26,NetIncomeLoss,2026-08-25
A,operatingCashFlow,2019-01-31,213000000,2019-04-26,NetCashProvidedByUsedInOperatingActivities,2026-08-25
A,operatingIncome,2019-01-31,250000000,2019-04-26,OperatingIncomeLoss,2026-08-25
A,receivables,2019-01-31,833000000,2019-04-26,AccountsReceivableNetCurrent,2026-08-25
A,revenue,2019-01-31,1284000000,2019-04-26,RevenueFromContractWithCustomerExcludingAssessedTax,2026-08-25
A,rnd,2019-01-31,102000000,2019-04-26,ResearchAndDevelopmentExpense,2026-08-25
A,shares,2019-01-31,318000000,2019-04-26,CommonStockSharesOutstanding,2026-08-25
AAPL,assets,2019-03-30,341998000000,2019-05-19,Assets,2026-08-25
AAPL,cash,2019-03-30,37988000000,2019-05-19,CashAndCashEquivalentsAtCarryingValue,2026-08-25
AAPL,debt,2019-03-30,90201000000,2019-05-19,LongTermDebtNoncurrent,2026-08-25
AAPL,equity,2019-03-30,105860000000,2019-05-19,StockholdersEquity,2026-08-25
AAPL,grossProfit,2019-03-30,21821000000,2019-05-19,GrossProfit,2026-08-25
AAPL,inventory,2019-03-30,4884000000,2019-05-19,InventoryNet,2026-08-25
AAPL,liabilities,2019-03-30,236138000000,2019-05-19,Liabilities,2026-08-25
AAPL,netIncome,2019-03-30,11561000000,2019-05-19,NetIncomeLoss,2026-08-25
AAPL,operatingIncome,2019-03-30,13415000000,2019-05-19,OperatingIncomeLoss,2026-08-25
AAPL,receivables,2019-03-30,15085000000,2019-05-19,AccountsReceivableNetCurrent,2026-08-25
AAPL,revenue,2019-03-30,58015000000,2019-05-19,RevenueFromContractWithCustomerExcludingAssessedTax,2026-08-25
AAPL,rnd,2019-03-30,3948000000,2019-05-19,ResearchAndDevelopmentExpense,2026-08-25
AAPL,shares,2019-03-30,4607284000,2019-05-19,CommonStockSharesOutstanding,2026-08-25
ABBV,assets,2019-03-31,56769000000,2019-05-20,Assets,2026-08-25
ABBV,buybacks,2019-03-31,620000000,2019-05-20,PaymentsForRepurchaseOfCommonStock,2026-08-25
ABBV,capex,2019-03-31,107000000,2019-05-20,PaymentsToAcquirePropertyPlantAndEquipment,2026-08-25
ABBV,cash,2019-03-31,4897000000,2019-05-20,CashAndCashEquivalentsAtCarryingValue,2026-08-25
ABBV,equity,2019-03-31,-7826000000,2019-05-20,StockholdersEquity,2026-08-25
ABBV,grossProfit,2019-03-31,6134000000,2019-05-20,GrossProfit,2026-08-25
ABBV,inventory,2019-03-31,1702000000,2019-05-20,InventoryNet,2026-08-25
ABBV,netIncome,2019-03-31,2456000000,2019-05-20,NetIncomeLoss,2026-08-25
ABBV,operatingCashFlow,2019-03-31,3017000000,2019-05-20,NetCashProvidedByUsedInOperatingActivities,2026-08-25
ABBV,operatingIncome,2019-03-31,3010000000,2019-05-20,OperatingIncomeLoss,2026-08-25
ABBV,receivables,2019-03-31,5680000000,2019-05-20,AccountsReceivableNetCurrent,2026-08-25
ABBV,revenue,2019-03-31,7828000000,2019-05-20,Revenues,2026-08-25
ABT,assets,2019-03-31,67610000000,2019-05-20,Assets,2026-08-25
ABT,buybacks,2019-03-31,217000000,2019-05-20,PaymentsForRepurchaseOfCommonStock,2026-08-25
ABT,capex,2019-03-31,335000000,2019-05-20,PaymentsToAcquirePropertyPlantAndEquipment,2026-08-25
ABT,cash,2019-03-31,3022000000,2019-05-20,CashAndCashEquivalentsAtCarryingValue,2026-08-25
ABT,debt,2019-03-31,18845000000,2019-05-20,LongTermDebtNoncurrent,2026-08-25
ABT,equity,2019-03-31,30925000000,2019-05-20,StockholdersEquity,2026-08-25
ABT,grossProfit,2019-03-31,3889000000,2019-05-20,GrossProfit,2026-08-25
ABT,inventory,2019-03-31,4085000000,2019-05-20,InventoryNet,2026-08-25
ABT,netIncome,2019-03-31,672000000,2019-05-20,NetIncomeLoss,2026-08-25
ABT,operatingCashFlow,2019-03-31,712000000,2019-05-20,NetCashProvidedByUsedInOperatingActivities,2026-08-25
ABT,operatingIncome,2019-03-31,739000000,2019-05-20,OperatingIncomeLoss,2026-08-25
ABT,receivables,2019-03-31,5345000000,2019-05-20,AccountsReceivableNetCurrent,2026-08-25
ABT,revenue,2019-03-31,7535000000,2019-05-20,RevenueFromContractWithCustomerExcludingAssessedTax,2026-08-25
ABT,rnd,2019-03-31,672000000,2019-05-20,ResearchAndDevelopmentExpense,2026-08-25
ACGL,assets,2019-03-31,33977037000,2019-05-20,Assets,2026-08-25
ACGL,buybacks,2019-03-31,2871000,2019-05-20,PaymentsForRepurchaseOfCommonStock,2026-08-25
ACGL,capex,2019-03-31,9423000,2019-05-20,PaymentsToAcquireProductiveAssets,2026-08-25
ACGL,cash,2019-03-31,633100000,2019-05-20,CashAndCashEquivalentsAtCarryingValue,2026-08-25
ACGL,equity,2019-03-31,10114596000,2019-05-20,StockholdersEquity,2026-08-25
ACGL,liabilities,2019-03-31,22817977000,2019-05-20,Liabilities,2026-08-25
ACGL,netIncome,2019-03-31,448528000,2019-05-20,NetIncomeLoss,2026-08-25
ACGL,operatingCashFlow,2019-03-31,235398000,2019-05-20,NetCashProvidedByUsedInOperatingActivities,2026-08-25
ACGL,revenue,2019-03-31,1722846000,2019-05-20,Revenues,2026-08-25
ACN,assets,2019-02-28,27390208000,2019-04-19,Assets,2026-08-25
ACN,cash,2019-02-28,4464889000,2019-04-19,CashAndCashEquivalentsAtCarryingValue,2026-08-25
ACN,equity,2019-02-28,13337033000,2019-04-19,StockholdersEquity,2026-08-25
ACN,netIncome,2019-02-28,1124449000,2019-04-19,NetIncomeLoss,2026-08-25
ACN,operatingIncome,2019-02-28,1386626000,2019-04-19,OperatingIncomeLoss,2026-08-25
ACN,receivables,2019-02-28,7579589000,2019-04-19,AccountsReceivableNetCurrent,2026-08-25
ACN,revenue,2019-02-28,10454129000,2019-04-19,Revenues,2026-08-25
ADBE,assets,2019-03-01,19505536000,2019-04-20,Assets,2026-08-25
ADBE,buybacks,2019-03-01,500000000,2019-04-20,PaymentsForRepurchaseOfCommonStock,2026-08-25
ADBE,capex,2019-03-01,65000000,2019-04-20,PaymentsToAcquirePropertyPlantAndEquipment,2026-08-25
ADBE,cash,2019-03-01,1739000000,2019-04-20,CashAndCashEquivalentsAtCarryingValue,2026-08-25
ADBE,debt,2019-03-01,3236833000,2019-04-20,LongTermDebt,2026-08-25
ADBE,equity,2019-03-01,9871000000,2019-04-20,StockholdersEquity,2026-08-25
ADBE,grossProfit,2019-03-01,2204000000,2019-04-20,GrossProfit,2026-08-25
ADBE,liabilities,2019-03-01,9634051000,2019-04-20,Liabilities,2026-08-25
ADBE,netIncome,2019-03-01,674000000,2019-04-20,NetIncomeLoss,2026-08-25
ADBE,operatingCashFlow,2019-03-01,1013000000,2019-04-20,NetCashProvidedByUsedInOperatingActivities,2026-08-25
ADBE,operatingIncome,2019-03-01,695000000,2019-04-20,OperatingIncomeLoss,2026-08-25
ADBE,receivables,2019-03-01,1342343000,2019-04-20,AccountsReceivableNetCurrent,2026-08-25
ADBE,revenue,2019-03-01,2601000000,2019-04-20,Revenues,2026-08-25
ADBE,shares,2019-03-01,488504000,2019-04-20,CommonStockSharesOutstanding,2026-08-25
ADI,assets,2019-02-02,21828278000,2019-04-28,Assets,2026-08-25
ADI,buybacks,2019-02-02,227093000,2019-04-28,PaymentsForRepurchaseOfCommonStock,2026-08-25
ADI,capex,2019-02-02,90993000,2019-04-28,PaymentsToAcquirePropertyPlantAndEquipment,2026-08-25
ADI,cash,2019-02-02,605864000,2019-04-28,CashAndCashEquivalentsAtCarryingValue,2026-08-25
ADI,equity,2019-02-02,11585437000,2019-04-28,StockholdersEquity,2026-08-25
ADI,grossProfit,2019-02-02,1039656000,2019-04-28,GrossProfit,2026-08-25
ADI,inventory,2019-02-02,593211000,2019-04-28,InventoryNet,2026-08-25
ADI,netIncome,2019-02-02,355006000,2019-04-28,NetIncomeLoss,2026-08-25
ADI,operatingCashFlow,2019-02-02,371767000,2019-04-28,NetCashProvidedByUsedInOperatingActivities,2026-08-25
ADI,operatingIncome,2019-02-02,455826000,2019-04-28,OperatingIncomeLoss,2026-08-25
ADI,receivables,2019-02-02,713730000,2019-04-28,AccountsReceivableNetCurrent,2026-08-25
ADI,revenue,2019-02-02,1541101000,2019-04-28,RevenueFromContractWithCustomerExcludingAssessedTax,2026-08-25
ADI,rnd,2019-02-02,287382000,2019-04-28,ResearchAndDevelopmentExpense,2026-08-25
ADI,shares,2019-02-02,368314314,2019-04-28,CommonStockSharesOutstanding,2026-08-25
ADM,assets,2019-03-31,43151000000,2019-05-20,Assets,2026-08-25
ADM,buybacks,2019-03-31,0,2019-05-20,PaymentsForRepurchaseOfCommonStock,2026-08-25
ADM,capex,2019-03-31,198000000,2019-05-20,PaymentsToAcquirePropertyPlantAndEquipment,2026-08-25
ADM,cash,2019-03-31,926000000,2019-05-20,CashAndCashEquivalentsAtCarryingValue,2026-08-25
ADM,debt,2019-03-31,7675000000,2019-05-20,LongTermDebtNoncurrent,2026-08-25
ADM,grossProfit,2019-03-31,928000000,2019-05-20,GrossProfit,2026-08-25
ADM,inventory,2019-03-31,8946000000,2019-05-20,InventoryNet,2026-08-25
ADM,netIncome,2019-03-31,233000000,2019-05-20,NetIncomeLoss,2026-08-25
ADM,operatingCashFlow,2019-03-31,-2035000000,2019-05-20,NetCashProvidedByUsedInOperatingActivities,2026-08-25
ADM,receivables,2019-03-31,2515000000,2019-05-20,AccountsReceivableNetCurrent,2026-08-25
ADM,revenue,2019-03-31,15304000000,2019-05-20,Revenues,2026-08-25
ADP,assets,2019-03-31,48196300000,2019-05-20,Assets,2026-08-25
ADP,cash,2019-03-31,1826200000,2019-05-20,CashAndCashEquivalentsAtCarryingValue,2026-08-25
ADP,debt,2019-03-31,2002300000,2019-05-20,LongTermDebtNoncurrent,2026-08-25
ADP,equity,2019-03-31,5246200000,2019-05-20,StockholdersEquity,2026-08-25
ADP,grossProfit,2019-03-31,1735600000,2019-05-20,GrossProfit,2026-08-25
ADP,liabilities,2019-03-31,42950100000,2019-05-20,Liabilities,2026-08-25
ADP,netIncome,2019-03-31,753700000,2019-05-20,NetIncomeLoss,2026-08-25
ADP,receivables,2019-03-31,2485200000,2019-05-20,AccountsReceivableNetCurrent,2026-08-25
ADP,revenue,2019-03-31,3828200000,2019-05-20,Revenues,2026-08-25
ADP,shares,2019-03-31,435500000,2019-05-20,CommonStockSharesOutstanding,2026-08-25
ADSK,assets,2019-01-31,4729200000,2019-04-26,Assets,2026-08-25
ADSK,cash,2019-01-31,886000000,2019-04-26,CashAndCashEquivalentsAtCarryingValue,2026-08-25
ADSK,debt,2019-01-31,2087700000,2019-04-26,LongTermDebt,2026-08-25
ADSK,equity,2019-01-31,-210900000,2019-04-26,StockholdersEquity,2026-08-25
ADSK,grossProfit,2019-01-31,660300000,2019-04-26,GrossProfit,2026-08-25
ADSK,netIncome,2019-01-31,64700000,2019-04-26,NetIncomeLoss,2026-08-25
ADSK,operatingIncome,2019-01-31,40300000,2019-04-26,OperatingIncomeLoss,2026-08-25
ADSK,receivables,2019-01-31,474300000,2019-04-26,AccountsReceivableNetCurrent,2026-08-25
ADSK,revenue,2019-01-31,737300000,2019-04-26,RevenueFromContractWithCustomerExcludingAssessedTax,2026-08-25
ADSK,shares,2019-01-31,219400000,2019-04-26,CommonStockSharesOutstanding,2026-08-25
AEE,assets,2019-03-31,27509000000,2019-05-20,Assets,2026-08-25
AEE,capex,2019-03-31,544000000,2019-05-20,PaymentsToAcquirePropertyPlantAndEquipment,2026-08-25
AEE,cash,2019-03-31,8000000,2019-05-20,CashAndCashEquivalentsAtCarryingValue,2026-08-25
AEE,debt,2019-03-31,8221000000,2019-05-20,LongTermDebtNoncurrent,2026-08-25
AEE,equity,2019-03-31,7705000000,2019-05-20,StockholdersEquity,2026-08-25
AEE,inventory,2019-03-31,402000000,2019-05-20,InventoryNet,2026-08-25
AEE,operatingCashFlow,2019-03-31,387000000,2019-05-20,NetCashProvidedByUsedInOperatingActivities,2026-08-25
AEE,operatingIncome,2019-03-31,288000000,2019-05-20,OperatingIncomeLoss,2026-08-25
AEE,receivables,2019-03-31,517000000,2019-05-20,AccountsReceivableNetCurrent,2026-08-25
AEE,revenue,2019-03-31,1556000000,2019-05-20,Revenues,2026-08-25
AEE,shares,2019-03-31,245600000,2019-05-20,CommonStockSharesOutstanding,2026-08-25
AEP,assets,2019-03-31,70722000000,2019-05-20,Assets,2026-08-25
AEP,cash,2019-03-31,227700000,2019-05-20,CashAndCashEquivalentsAtCarryingValue,2026-08-25
AEP,debt,2019-03-31,22898200000,2019-05-20,LongTermDebtNoncurrent,2026-08-25
AEP,equity,2019-03-31,19196300000,2019-05-20,StockholdersEquity,2026-08-25
AEP,liabilities,2019-03-31,51378800000,2019-05-20,Liabilities,2026-08-25
AEP,operatingCashFlow,2019-03-31,808300000,2019-05-20,NetCashProvidedByUsedInOperatingActivities,2026-08-25
AEP,operatingIncome,2019-03-31,788400000,2019-05-20,OperatingIncomeLoss,2026-08-25
AEP,receivables,2019-03-31,1882300000,2019-05-20,AccountsReceivableNetCurrent,2026-08-25
AEP,revenue,2019-03-31,4056800000,2019-05-20,Revenues,2026-08-25
AES,assets,2019-03-31,33471000000,2019-05-20,Assets,2026-08-25
AES,capex,2019-03-31,504000000,2019-05-20,PaymentsToAcquirePropertyPlantAndEquipment,2026-08-25
AES,cash,2019-03-31,1426000000,2019-05-20,CashAndCashEquivalentsAtCarryingValue,2026-08-25
AES,equity,2019-03-31,3234000000,2019-05-20,StockholdersEquity,2026-08-25
AES,grossProfit,2019-03-31,586000000,2019-05-20,GrossProfit,2026-08-25
AES,inventory,2019-03-31,579000000,2019-05-20,InventoryNet,2026-08-25
AES,netIncome,2019-03-31,154000000,2019-05-20,NetIncomeLoss,2026-08-25
AES,operatingCashFlow,2019-03-31,690000000,2019-05-20,NetCashProvidedByUsedInOperatingActivities,2026-08-25
AES,receivables,2019-03-31,1564000000,2019-05-20,AccountsReceivableNetCurrent,2026-08-25
AES,revenue,2019-03-31,2650000000,2019-05-20,Revenues,2026-08-25
AES,shares,2019-03-31,663694956,2019-05-20,CommonStockSharesOutstanding,2026-08-25
AFL,assets,2019-03-31,145679000000,2019-05-20,Assets,2026-08-25
AFL,buybacks,2019-03-31,490000000,2019-05-20,PaymentsForRepurchaseOfCommonStock,2026-08-25
AFL,cash,2019-03-31,3892000000,2019-05-20,CashAndCashEquivalentsAtCarryingValue,2026-08-25
AFL,equity,2019-03-31,26049000000,2019-05-20,StockholdersEquity,2026-08-25
AFL,liabilities,2019-03-31,119630000000,2019-05-20,Liabilities,2026-08-25
AFL,netIncome,2019-03-31,928000000,2019-05-20,NetIncomeLoss,2026-08-25
AFL,operatingCashFlow,2019-03-31,1544000000,2019-05-20,NetCashProvidedByUsedInOperatingActivities,2026-08-25
AFL,operatingIncome,2019-03-31,1139000000,2019-05-20,OperatingIncomeLoss,2026-08-25
AFL,revenue,2019-03-31,5657000000,2019-05-20,Revenues,2026-08-25
AFL,shares,2019-03-31,746487000,2019-05-20,CommonStockSharesOutstanding,2026-08-25
AIG,assets,2019-03-31,512922000000,2019-05-20,Assets,2026-08-25
AIG,buybacks,2019-03-31,0,2019-05-20,PaymentsForRepurchaseOfCommonStock,2026-08-25
AIG,debt,2019-03-31,35776000000,2019-05-20,LongTermDebt,2026-08-25
AIG,equity,2019-03-31,60787000000,2019-05-20,StockholdersEquity,2026-08-25
AIG,liabilities,2019-03-31,450829000000,2019-05-20,Liabilities,2026-08-25
AIG,netIncome,2019-03-31,654000000,2019-05-20,NetIncomeLoss,2026-08-25
AIG,operatingCashFlow,2019-03-31,-976000000,2019-05-20,NetCashProvidedByUsedInOperatingActivities,2026-08-25
AIG,revenue,2019-03-31,12456000000,2019-05-20,Revenues,2026-08-25
AIG,shares,2019-03-31,869736901,2019-05-20,CommonStockSharesOutstanding,2026-08-25
AIZ,assets,2019-03-31,42237000000,2019-05-20,Assets,2026-08-25
AIZ,buybacks,2019-03-31,50000000,2019-05-20,PaymentsForRepurchaseOfCommonStock,2026-08-25
AIZ,capex,2019-03-31,32400000,2019-05-20,PaymentsToAcquirePropertyPlantAndEquipment,2026-08-25
AIZ,cash,2019-03-31,1274200000,2019-05-20,CashAndCashEquivalentsAtCarryingValue,2026-08-25
AIZ,debt,2019-03-31,2006600000,2019-05-20,LongTermDebt,2026-08-25
AIZ,equity,2019-03-31,5440600000,2019-05-20,StockholdersEquity,2026-08-25
AIZ,liabilities,2019-03-31,36765300000,2019-05-20,Liabilities,2026-08-25
AIZ,netIncome,2019-03-31,165700000,2019-05-20,NetIncomeLoss,2026-08-25
AIZ,operatingCashFlow,2019-03-31,246700000,2019-05-20,NetCashProvidedByUsedInOperatingActivities,2026-08-25
AIZ,revenue,2019-03-31,2435600000,2019-05-20,Revenues,2026-08-25
AIZ,shares,2019-03-31,61678749,2019-05-20,CommonStockSharesOutstanding,2026-08-25
AJG,assets,2019-03-31,18631400000,2019-05-20,Assets,2026-08-25
AJG,cash,2019-03-31,871500000,2019-05-20,CashAndCashEquivalentsAtCarryingValue,2026-08-25
AJG,debt,2019-03-31,3690300000,2019-05-20,LongTermDebtNoncurrent,2026-08-25
AJG,equity,2019-03-31,4880300000,2019-05-20,StockholdersEquity,2026-08-25
AJG,liabilities,2019-03-31,13673200000,2019-05-20,Liabilities,2026-08-25
AJG,netIncome,2019-03-31,334100000,2019-05-20,NetIncomeLoss,2026-08-25
AJG,operatingCashFlow,2019-03-31,-96200000,2019-05-20,NetCashProvidedByUsedInOperatingActivities,2026-08-25
AJG,revenue,2019-03-31,1990600000,2019-05-20,Revenues,2026-08-25
AJG,shares,2019-03-31,185300000,2019-05-20,CommonStockSharesOutstanding,2026-08-25
AKAM,assets,2019-03-31,5182762000,2019-05-20,Assets,2026-08-25
AKAM,buybacks,2019-03-31,34872000,2019-05-20,PaymentsForRepurchaseOfCommonStock,2026-08-25
AKAM,capex,2019-03-31,69752000,2019-05-20,PaymentsToAcquirePropertyPlantAndEquipment,2026-08-25
AKAM,cash,2019-03-31,688698000,2019-05-20,CashAndCashEquivalentsAtCarryingValue,2026-08-25
AKAM,equity,2019-03-31,3283217000,2019-05-20,StockholdersEquity,2026-08-25
AKAM,equityStakes,2019-03-31,40213000,2019-05-20,PaymentsToAcquireEquityMethodInvestments,2026-08-25
AKAM,liabilities,2019-03-31,1899545000,2019-05-20,Liabilities,2026-08-25
AKAM,netIncome,2019-03-31,107130000,2019-05-20,NetIncomeLoss,2026-08-25
AKAM,operatingCashFlow,2019-03-31,160850000,2019-05-20,NetCashProvidedByUsedInOperatingActivities,2026-08-25
AKAM,operatingIncome,2019-03-31,134525000,2019-05-20,OperatingIncomeLoss,2026-08-25
AKAM,receivables,2019-03-31,529346000,2019-05-20,AccountsReceivableNetCurrent,2026-08-25
AKAM,rnd,2019-03-31,66141000,2019-05-20,ResearchAndDevelopmentExpense,2026-08-25
AKAM,shares,2019-03-31,163503258,2019-05-20,CommonStockSharesOutstanding,2026-08-25
ALB,assets,2019-03-31,7871062000,2019-05-20,Assets,2026-08-25
ALB,capex,2019-03-31,216132000,2019-05-20,PaymentsToAcquirePropertyPlantAndEquipment,2026-08-25
ALB,cash,2019-03-31,465274000,2019-05-20,CashAndCashEquivalentsAtCarryingValue,2026-08-25
ALB,debt,2019-03-31,1393904000,2019-05-20,LongTermDebtNoncurrent,2026-08-25
ALB,equity,2019-03-31,3672274000,2019-05-20,StockholdersEquity,2026-08-25
ALB,grossProfit,2019-03-31,283486000,2019-05-20,GrossProfit,2026-08-25
ALB,inventory,2019-03-31,756193000,2019-05-20,InventoryNet,2026-08-25
ALB,netIncome,2019-03-31,133569000,2019-05-20,NetIncomeLoss,2026-08-25
ALB,operatingCashFlow,2019-03-31,54916000,2019-05-20,NetCashProvidedByUsedInOperatingActivities,2026-08-25
ALB,operatingIncome,2019-03-31,155154000,2019-05-20,OperatingIncomeLoss,2026-08-25
ALB,receivables,2019-03-31,603542000,2019-05-20,AccountsReceivableNetCurrent,2026-08-25
ALB,revenue,2019-03-31,832064000,2019-05-20,Revenues,2026-08-25
ALB,rnd,2019-03-31,14977000,2019-05-20,ResearchAndDevelopmentExpense,2026-08-25
ALB,shares,2019-03-31,105950000,2019-05-20,CommonStockSharesOutstanding,2026-08-25
ALGN,assets,2019-03-31,2234430000,2019-05-20,Assets,2026-08-25
ALGN,buybacks,2019-03-31,50000000,2019-05-20,PaymentsForRepurchaseOfCommonStock,2026-08-25
ALGN,capex,2019-03-31,35261000,2019-05-20,PaymentsToAcquirePropertyPlantAndEquipment,2026-08-25
ALGN,cash,2019-03-31,588001000,2019-05-20,CashAndCashEquivalentsAtCarryingValue,2026-08-25
ALGN,equity,2019-03-31,1255704000,2019-05-20,StockholdersEquity,2026-08-25
ALGN,grossProfit,2019-03-31,402096000,2019-05-20,GrossProfit,2026-08-25
ALGN,inventory,2019-03-31,68489000,2019-05-20,InventoryNet,2026-08-25
ALGN,liabilities,2019-03-31,978726000,2019-05-20,Liabilities,2026-08-25
ALGN,netIncome,2019-03-31,71848000,2019-05-20,NetIncomeLoss,2026-08-25
ALGN,operatingCashFlow,2019-03-31,117207000,2019-05-20,NetCashProvidedByUsedInOperatingActivities,2026-08-25
ALGN,operatingIncome,2019-03-31,87701000,2019-05-20,OperatingIncomeLoss,2026-08-25
ALGN,receivables,2019-03-31,479281000,2019-05-20,AccountsReceivableNetCurrent,2026-08-25
ALGN,revenue,2019-03-31,548971000,2019-05-20,RevenueFromContractWithCustomerExcludingAssessedTax,2026-08-25
ALGN,rnd,2019-03-31,37503000,2019-05-20,ResearchAndDevelopmentExpense,2026-08-25
ALGN,shares,2019-03-31,80000000,2019-05-20,CommonStockSharesOutstanding,2026-08-25
ALL,assets,2019-03-31,115834000000,2019-05-20,Assets,2026-08-25
ALL,buybacks,2019-03-31,0,2019-05-20,PaymentsForRepurchaseOfCommonStock,2026-08-25
ALL,capex,2019-03-31,80000000,2019-05-20,PaymentsToAcquirePropertyPlantAndEquipment,2026-08-25
ALL,debt,2019-03-31,6453000000,2019-05-20,LongTermDebt,2026-08-25
ALL,equity,2019-03-31,23418000000,2019-05-20,StockholdersEquity,2026-08-25
ALL,liabilities,2019-03-31,92416000000,2019-05-20,Liabilities,2026-08-25
ALL,netIncome,2019-03-31,1292000000,2019-05-20,NetIncomeLoss,2026-08-25
ALL,operatingCashFlow,2019-03-31,714000000,2019-05-20,NetCashProvidedByUsedInOperatingActivities,2026-08-25
ALL,revenue,2019-03-31,10990000000,2019-05-20,Revenues,2026-08-25
ALL,shares,2019-03-31,333000000,2019-05-20,CommonStockSharesOutstanding,2026-08-25
ALLE,assets,2019-03-31,2800800000,2019-05-20,Assets,2026-08-25
ALLE,buybacks,2019-03-31,63800000,2019-05-20,PaymentsForRepurchaseOfCommonStock,2026-08-25
ALLE,capex,2019-03-31,12300000,2019-05-20,PaymentsToAcquireProductiveAssets,2026-08-25
ALLE,cash,2019-03-31,153800000,2019-05-20,CashAndCashEquivalentsAtCarryingValue,2026-08-25
ALLE,debt,2019-03-31,1401300000,2019-05-20,LongTermDebtNoncurrent,2026-08-25
ALLE,equity,2019-03-31,633700000,2019-05-20,StockholdersEquity,2026-08-25
ALLE,inventory,2019-03-31,296800000,2019-05-20,InventoryNet,2026-08-25
ALLE,liabilities,2019-03-31,2163400000,2019-05-20,Liabilities,2026-08-25
ALLE,netIncome,2019-03-31,80200000,2019-05-20,NetIncomeLoss,2026-08-25
ALLE,operatingCashFlow,2019-03-31,-12600000,2019-05-20,NetCashProvidedByUsedInOperatingActivities,2026-08-25
ALLE,operatingIncome,2019-03-31,108000000,2019-05-20,OperatingIncomeLoss,2026-08-25
ALLE,revenue,2019-03-31,655000000,2019-05-20,Revenues,2026-08-25
AMAT,assets,2019-01-27,18922000000,2019-04-22,Assets,2026-08-25
AMAT,buybacks,2019-01-27,750000000,2019-04-22,PaymentsForRepurchaseOfCommonStock,2026-08-25
AMAT,capex,2019-01-27,133000000,2019-04-22,PaymentsToAcquirePropertyPlantAndEquipment,2026-08-25
AMAT,cash,2019-01-27,3192000000,2019-04-22,CashAndCashEquivalentsAtCarryingValue,2026-08-25
AMAT,debt,2019-01-27,5310000000,2019-04-22,LongTermDebtNoncurrent,2026-08-25
AMAT,equity,2019-01-27,8209000000,2019-04-22,StockholdersEquity,2026-08-25
AMAT,grossProfit,2019-01-27,1665000000,2019-04-22,GrossProfit,2026-08-25
AMAT,inventory,2019-01-27,3703000000,2019-04-22,InventoryNet,2026-08-25
AMAT,liabilities,2019-01-27,10713000000,2019-04-22,Liabilities,2026-08-25
AMAT,netIncome,2019-01-27,771000000,2019-04-22,NetIncomeLoss,2026-08-25
AMAT,operatingCashFlow,2019-01-27,834000000,2019-04-22,NetCashProvidedByUsedInOperatingActivities,2026-08-25
AMAT,operatingIncome,2019-01-27,908000000,2019-04-22,OperatingIncomeLoss,2026-08-25
AMAT,receivables,2019-01-27,2444000000,2019-04-22,AccountsReceivableNetCurrent,2026-08-25
AMAT,revenue,2019-01-27,3753000000,2019-04-22,Revenues,2026-08-25
AMAT,rnd,2019-01-27,516000000,2019-04-22,ResearchAndDevelopmentExpense,2026-08-25
AMCR,assets,2019-03-31,130,2019-05-20,Assets,2026-08-25
AMCR,cash,2019-03-31,130,2019-05-20,CashAndCashEquivalentsAtCarryingValue,2026-08-25
AMCR,equity,2019-03-31,96,2019-05-20,StockholdersEquity,2026-08-25
AMCR,grossProfit,2019-03-31,419800000,2019-05-20,GrossProfit,2026-08-25
AMCR,liabilities,2019-03-31,34,2019-05-20,Liabilities,2026-08-25
AMCR,netIncome,2019-03-31,112600000,2019-05-20,NetIncomeLoss,2026-08-25
AMCR,operatingIncome,2019-03-31,181300000,2019-05-20,OperatingIncomeLoss,2026-08-25
AMCR,revenue,2019-03-31,2309900000,2019-05-20,Revenues,2026-08-25
AMCR,rnd,2019-03-31,15800000,2019-05-20,ResearchAndDevelopmentExpense,2026-08-25
AMCR,shares,2019-03-31,13001,2019-05-20,CommonStockSharesOutstanding,2026-08-25
AMD,assets,2019-03-30,4931000000,2019-05-19,Assets,2026-08-25
AMD,capex,2019-03-30,62000000,2019-05-19,PaymentsToAcquirePropertyPlantAndEquipment,2026-08-25
AMD,cash,2019-03-30,978000000,2019-05-19,CashAndCashEquivalentsAtCarryingValue,2026-08-25
AMD,debt,2019-03-30,1024000000,2019-05-19,LongTermDebtNoncurrent,2026-08-25
AMD,equity,2019-03-30,1788000000,2019-05-19,StockholdersEquity,2026-08-25
AMD,grossProfit,2019-03-30,521000000,2019-05-19,GrossProfit,2026-08-25
AMD,inventory,2019-03-30,955000000,2019-05-19,InventoryNet,2026-08-25
AMD,netIncome,2019-03-30,16000000,2019-05-19,NetIncomeLoss,2026-08-25
AMD,operatingCashFlow,2019-03-30,-213000000,2019-05-19,NetCashProvidedByUsedInOperatingActivities,2026-08-25
AMD,operatingIncome,2019-03-30,38000000,2019-05-19,OperatingIncomeLoss,2026-08-25
AMD,receivables,2019-03-30,1241000000,2019-05-19,AccountsReceivableNetCurrent,2026-08-25
AMD,revenue,2019-03-30,1272000000,2019-05-19,RevenueFromContractWithCustomerExcludingAssessedTax,2026-08-25
AMD,rnd,2019-03-30,373000000,2019-05-19,ResearchAndDevelopmentExpense,2026-08-25
AMD,shares,2019-03-30,1082000000,2019-05-19,CommonStockSharesOutstanding,2026-08-25
AME,assets,2019-03-31,8891483000,2019-05-20,Assets,2026-08-25
AME,buybacks,2019-03-31,137000,2019-05-20,PaymentsForRepurchaseOfCommonStock,2026-08-25
AME,capex,2019-03-31,21417000,2019-05-20,PaymentsToAcquirePropertyPlantAndEquipment,2026-08-25
AME,cash,2019-03-31,368065000,2019-05-20,CashAndCashEquivalentsAtCarryingValue,2026-08-25
AME,debt,2019-03-31,2368197000,2019-05-20,LongTermDebtNoncurrent,2026-08-25
AME,equity,2019-03-31,4456621000,2019-05-20,StockholdersEquity,2026-08-25
AME,inventory,2019-03-31,640580000,2019-05-20,InventoryNet,2026-08-25
AME,liabilities,2019-03-31,4434862000,2019-05-20,Liabilities,2026-08-25
AME,netIncome,2019-03-31,204268000,2019-05-20,NetIncomeLoss,2026-08-25
AME,operatingCashFlow,2019-03-31,196257000,2019-05-20,NetCashProvidedByUsedInOperatingActivities,2026-08-25
AME,operatingIncome,2019-03-31,283259000,2019-05-20,OperatingIncomeLoss,2026-08-25
AMGN,assets,2019-03-31,63997000000,2019-05-20,Assets,2026-08-25
AMGN,buybacks,2019-03-31,3032000000,2019-05-20,PaymentsForRepurchaseOfCommonStock,2026-08-25
AMGN,capex,2019-03-31,116000000,2019-05-20,PaymentsToAcquirePropertyPlantAndEquipment,2026-08-25
AMGN,cash,2019-03-31,7358000000,2019-05-20,CashAndCashEquivalentsAtCarryingValue,2026-08-25
AMGN,debt,2019-03-31,29319000000,2019-05-20,LongTermDebtNoncurrent,2026-08-25
AMGN,equity,2019-03-31,10832000000,2019-05-20,StockholdersEquity,2026-08-25
AMGN,equityStakes,2019-03-31,5000000,2019-05-20,PaymentsToAcquireEquityMethodInvestments,2026-08-25
AMGN,grossProfit,2019-03-31,4231000000,2019-05-20,GrossProfit,2026-08-25
AMGN,inventory,2019-03-31,3016000000,2019-05-20,InventoryNet,2026-08-25
AMGN,netIncome,2019-03-31,1992000000,2019-05-20,NetIncomeLoss,2026-08-25
AMGN,operatingCashFlow,2019-03-31,1845000000,2019-05-20,NetCashProvidedByUsedInOperatingActivities,2026-08-25
AMGN,operatingIncome,2019-03-31,2472000000,2019-05-20,OperatingIncomeLoss,2026-08-25
AMGN,receivables,2019-03-31,3771000000,2019-05-20,AccountsReceivableNetCurrent,2026-08-25
AMGN,revenue,2019-03-31,5557000000,2019-05-20,Revenues,2026-08-25
AMGN,shares,2019-03-31,614400000,2019-05-20,CommonStockSharesOutstanding,2026-08-25
AMP,assets,2019-03-31,144403000000,2019-05-20,Assets,2026-08-25
AMP,buybacks,2019-03-31,385000000,2019-05-20,PaymentsForRepurchaseOfCommonStock,2026-08-25
AMP,capex,2019-03-31,31000000,2019-05-20,PaymentsToAcquireProductiveAssets,2026-08-25
AMP,equity,2019-03-31,5843000000,2019-05-20,StockholdersEquity,2026-08-25
AMP,liabilities,2019-03-31,138560000000,2019-05-20,Liabilities,2026-08-25
AMP,netIncome,2019-03-31,395000000,2019-05-20,NetIncomeLoss,2026-08-25
AMP,operatingCashFlow,2019-03-31,172000000,2019-05-20,NetCashProvidedByUsedInOperatingActivities,2026-08-25
AMP,revenue,2019-03-31,3153000000,2019-05-20,Revenues,2026-08-25
AMT,assets,2019-03-31,38926800000,2019-05-20,Assets,2026-08-25
AMT,buybacks,2019-03-31,0,2019-05-20,PaymentsForRepurchaseOfCommonStock,2026-08-25
AMT,capex,2019-03-31,220800000,2019-05-20,PaymentsToAcquireProductiveAssets,2026-08-25
AMT,cash,2019-03-31,1004800000,2019-05-20,CashAndCashEquivalentsAtCarryingValue,2026-08-25
AMT,equity,2019-03-31,5347000000,2019-05-20,StockholdersEquity,2026-08-25
AMT,liabilities,2019-03-31,32437500000,2019-05-20,Liabilities,2026-08-25
AMT,netIncome,2019-03-31,397400000,2019-05-20,NetIncomeLoss,2026-08-25
AMT,operatingCashFlow,2019-03-31,785100000,2019-05-20,NetCashProvidedByUsedInOperatingActivities,2026-08-25
AMT,operatingIncome,2019-03-31,614900000,2019-05-20,OperatingIncomeLoss,2026-08-25
AMT,receivables,2019-03-31,473000000,2019-05-20,AccountsReceivableNetCurrent,2026-08-25
AMT,revenue,2019-03-31,1813400000,2019-05-20,Revenues,2026-08-25
AMT,shares,2019-03-31,441968000,2019-05-20,CommonStockSharesOutstanding,2026-08-25
AMZN,assets,2019-03-31,178102000000,2019-05-20,Assets,2026-08-25
AMZN,capex,2019-03-31,3290000000,2019-05-20,PaymentsToAcquireProductiveAssets,2026-08-25
AMZN,cash,2019-03-31,23115000000,2019-05-20,CashAndCashEquivalentsAtCarryingValue,2026-08-25
AMZN,debt,2019-03-31,23322000000,2019-05-20,LongTermDebtNoncurrent,2026-08-25
AMZN,equity,2019-03-31,48410000000,2019-05-20,StockholdersEquity,2026-08-25
AMZN,inventory,2019-03-31,16432000000,2019-05-20,InventoryNet,2026-08-25
AMZN,netIncome,2019-03-31,3561000000,2019-05-20,NetIncomeLoss,2026-08-25
AMZN,operatingCashFlow,2019-03-31,1846000000,2019-05-20,NetCashProvidedByUsedInOperatingActivities,2026-08-25
AMZN,operatingIncome,2019-03-31,4420000000,2019-05-20,OperatingIncomeLoss,2026-08-25
AMZN,receivables,2019-03-31,15979000000,2019-05-20,AccountsReceivableNetCurrent,2026-08-25
AMZN,revenue,2019-03-31,59700000000,2019-05-20,RevenueFromContractWithCustomerExcludingAssessedTax,2026-08-25
AMZN,shares,2019-03-31,492000000,2019-05-20,CommonStockSharesOutstanding,2026-08-25
ANET,assets,2019-03-31,3332444000,2019-05-20,Assets,2026-08-25
ANET,buybacks,2019-03-31,0,2019-05-20,PaymentsForRepurchaseOfCommonStock,2026-08-25
ANET,capex,2019-03-31,5237000,2019-05-20,PaymentsToAcquirePropertyPlantAndEquipment,2026-08-25
ANET,cash,2019-03-31,809491000,2019-05-20,CashAndCashEquivalentsAtCarryingValue,2026-08-25
ANET,equity,2019-03-31,2400367000,2019-05-20,StockholdersEquity,2026-08-25
ANET,grossProfit,2019-03-31,380570000,2019-05-20,GrossProfit,2026-08-25
ANET,inventory,2019-03-31,347153000,2019-05-20,InventoryNet,2026-08-25
ANET,liabilities,2019-03-31,932077000,2019-05-20,Liabilities,2026-08-25
ANET,netIncome,2019-03-31,201029000,2019-05-20,NetIncomeLoss,2026-08-25
ANET,operatingCashFlow,2019-03-31,170097000,2019-05-20,NetCashProvidedByUsedInOperatingActivities,2026-08-25
ANET,operatingIncome,2019-03-31,194342000,2019-05-20,OperatingIncomeLoss,2026-08-25
ANET,receivables,2019-03-31,271246000,2019-05-20,AccountsReceivableNetCurrent,2026-08-25
ANET,revenue,2019-03-31,595424000,2019-05-20,RevenueFromContractWithCustomerExcludingAssessedTax,2026-08-25
ANET,rnd,2019-03-31,119669000,2019-05-20,ResearchAndDevelopmentExpense,2026-08-25
ANET,shares,2019-03-31,76453000,2019-05-20,CommonStockSharesOutstanding,2026-08-25
AON,assets,2019-03-31,29135000000,2019-05-20,Assets,2026-08-25
AON,buybacks,2019-03-31,100000000,2019-05-20,PaymentsForRepurchaseOfCommonStock,2026-08-25
AON,capex,2019-03-31,57000000,2019-05-20,PaymentsToAcquirePropertyPlantAndEquipment,2026-08-25
AON,cash,2019-03-31,600000000,2019-05-20,CashAndCashEquivalentsAtCarryingValue,2026-08-25
AON,debt,2019-03-31,5990000000,2019-05-20,LongTermDebtNoncurrent,2026-08-25
AON,equity,2019-03-31,4775000000,2019-05-20,StockholdersEquity,2026-08-25
AON,liabilities,2019-03-31,24273000000,2019-05-20,Liabilities,2026-08-25
AON,operatingCashFlow,2019-03-31,74000000,2019-05-20,NetCashProvidedByUsedInOperatingActivities,2026-08-25
AON,operatingIncome,2019-03-31,872000000,2019-05-20,OperatingIncomeLoss,2026-08-25
AON,receivables,2019-03-31,3242000000,2019-05-20,AccountsReceivableNetCurrent,2026-08-25
AON,revenue,2019-03-31,3143000000,2019-05-20,Revenues,2026-08-25
AOS,assets,2019-03-31,3143500000,2019-05-20,Assets,2026-08-25
AOS,buybacks,2019-03-31,45600000,2019-05-20,PaymentsForRepurchaseOfCommonStock,2026-08-25
AOS,capex,2019-03-31,20900000,2019-05-20,PaymentsToAcquireProductiveAssets,2026-08-25
AOS,cash,2019-03-31,337800000,2019-05-20,CashAndCashEquivalentsAtCarryingValue,2026-08-25
AOS,debt,2019-03-31,277600000,2019-05-20,LongTermDebtNoncurrent,2026-08-25
AOS,equity,2019-03-31,1749200000,2019-05-20,StockholdersEquity,2026-08-25
AOS,grossProfit,2019-03-31,292800000,2019-05-20,GrossProfit,2026-08-25
AOS,inventory,2019-03-31,319700000,2019-05-20,InventoryNet,2026-08-25
AOS,liabilities,2019-03-31,1394300000,2019-05-20,Liabilities,2026-08-25
AOS,netIncome,2019-03-31,89300000,2019-05-20,NetIncomeLoss,2026-08-25
AOS,operatingCashFlow,2019-03-31,21600000,2019-05-20,NetCashProvidedByUsedInOperatingActivities,2026-08-25
AOS,operatingIncome,2019-03-31,128300000,2019-05-20,OperatingIncomeLoss,2026-08-25
AOS,revenue,2019-03-31,748200000,2019-05-20,RevenueFromContractWithCustomerExcludingAssessedTax,2026-08-25
APD,assets,2019-03-31,19244500000,2019-05-20,Assets,2026-08-25
APD,cash,2019-03-31,2735900000,2019-05-20,CashAndCashEquivalentsAtCarryingValue,2026-08-25
APD,equity,2019-03-31,11165700000,2019-05-20,StockholdersEquity,2026-08-25
APD,grossProfit,2019-03-31,713000000,2019-05-20,GrossProfit,2026-08-25
APD,inventory,2019-03-31,408300000,2019-05-20,InventoryNet,2026-08-25
APD,liabilities,2019-03-31,7741100000,2019-05-20,Liabilities,2026-08-25
APD,netIncome,2019-03-31,421300000,2019-05-20,NetIncomeLoss,2026-08-25
APD,operatingIncome,2019-03-31,516500000,2019-05-20,OperatingIncomeLoss,2026-08-25
APD,receivables,2019-03-31,1258500000,2019-05-20,AccountsReceivableNetCurrent,2026-08-25
APD,revenue,2019-03-31,2187700000,2019-05-20,Revenues,2026-08-25
APD,rnd,2019-03-31,16900000,2019-05-20,ResearchAndDevelopmentExpense,2026-08-25
APH,assets,2019-03-31,10208100000,2019-05-20,Assets,2026-08-25
APH,buybacks,2019-03-31,160000000,2019-05-20,PaymentsForRepurchaseOfCommonStock,2026-08-25
APH,capex,2019-03-31,74500000,2019-05-20,PaymentsToAcquirePropertyPlantAndEquipment,2026-08-25
APH,cash,2019-03-31,969700000,2019-05-20,CashAndCashEquivalentsAtCarryingValue,2026-08-25
APH,equity,2019-03-31,4123100000,2019-05-20,StockholdersEquity,2026-08-25
APH,grossProfit,2019-03-31,627800000,2019-05-20,GrossProfit,2026-08-25
APH,inventory,2019-03-31,1224400000,2019-05-20,InventoryNet,2026-08-25
APH,netIncome,2019-03-31,267500000,2019-05-20,NetIncomeLoss,2026-08-25
APH,operatingCashFlow,2019-03-31,343600000,2019-05-20,NetCashProvidedByUsedInOperatingActivities,2026-08-25
APH,operatingIncome,2019-03-31,376200000,2019-05-20,OperatingIncomeLoss,2026-08-25
APH,receivables,2019-03-31,1661900000,2019-05-20,AccountsReceivableNetCurrent,2026-08-25
APH,revenue,2019-03-31,1958500000,2019-05-20,RevenueFromContractWithCustomerExcludingAssessedTax,2026-08-25
APTV,assets,2019-03-31,13019000000,2019-05-20,Assets,2026-08-25
APTV,buybacks,2019-03-31,226000000,2019-05-20,PaymentsForRepurchaseOfCommonStock,2026-08-25
APTV,capex,2019-03-31,235000000,2019-05-20,PaymentsToAcquireProductiveAssets,2026-08-25
APTV,cash,2019-03-31,321000000,2019-05-20,CashAndCashEquivalentsAtCarryingValue,2026-08-25
APTV,debt,2019-03-31,3995000000,2019-05-20,LongTermDebtNoncurrent,2026-08-25
APTV,equity,2019-03-31,3418000000,2019-05-20,StockholdersEquity,2026-08-25
APTV,grossProfit,2019-03-31,613000000,2019-05-20,GrossProfit,2026-08-25
APTV,inventory,2019-03-31,1326000000,2019-05-20,InventoryNet,2026-08-25
APTV,liabilities,2019-03-31,9384000000,2019-05-20,Liabilities,2026-08-25
APTV,netIncome,2019-03-31,240000000,2019-05-20,NetIncomeLoss,2026-08-25
APTV,operatingCashFlow,2019-03-31,84000000,2019-05-20,NetCashProvidedByUsedInOperatingActivities,2026-08-25
APTV,operatingIncome,2019-03-31,297000000,2019-05-20,OperatingIncomeLoss,2026-08-25
APTV,receivables,2019-03-31,2736000000,2019-05-20,AccountsReceivableNetCurrent,2026-08-25
APTV,revenue,2019-03-31,3575000000,2019-05-20,Revenues,2026-08-25
APTV,shares,2019-03-31,257840184,2019-05-20,CommonStockSharesOutstanding,2026-08-25
ARE,assets,2019-03-31,15480206000,2019-05-20,Assets,2026-08-25
ARE,cash,2019-03-31,261372000,2019-05-20,CashAndCashEquivalentsAtCarryingValue,2026-08-25
ARE,debt,2019-03-31,5843503000,2019-05-20,LongTermDebt,2026-08-25
ARE,equity,2019-03-31,7566577000,2019-05-20,StockholdersEquity,2026-08-25
ARE,equityStakes,2019-03-31,52634000,2019-05-20,PaymentsToAcquireEquityMethodInvestments,2026-08-25
ARE,liabilities,2019-03-31,7125292000,2019-05-20,Liabilities,2026-08-25
ARE,netIncome,2019-03-31,129159000,2019-05-20,NetIncomeLoss,2026-08-25
ARE,operatingCashFlow,2019-03-31,136730000,2019-05-20,NetCashProvidedByUsedInOperatingActivities,2026-08-25
ARES,assets,2019-03-31,10489314000,2019-05-20,Assets,2026-08-25
ARES,equity,2019-03-31,599678000,2019-05-20,StockholdersEquity,2026-08-25
ARES,liabilities,2019-03-31,9009490000,2019-05-20,Liabilities,2026-08-25
ARES,netIncome,2019-03-31,44949000,2019-05-20,NetIncomeLoss,2026-08-25
ARES,operatingCashFlow,2019-03-31,-349846000,2019-05-20,NetCashProvidedByUsedInOperatingActivities,2026-08-25
ARES,revenue,2019-03-31,304660000,2019-05-20,Revenues,2026-08-25
ARES,shares,2019-03-31,103125589,2019-05-20,CommonStockSharesOutstanding,2026-08-25
ATO,assets,2019-03-31,12674950000,2019-05-20,Assets,2026-08-25
ATO,capex,2019-03-31,361182000,2019-05-20,PaymentsToAcquireProductiveAssets,2026-08-25
ATO,cash,2019-03-31,108353000,2019-05-20,CashAndCashEquivalentsAtCarryingValue,2026-08-25
ATO,debt,2019-03-31,3528713000,2019-05-20,LongTermDebtNoncurrent,2026-08-25
ATO,equity,2019-03-31,5508101000,2019-05-20,StockholdersEquity,2026-08-25
ATO,netIncome,2019-03-31,214888000,2019-05-20,NetIncomeLoss,2026-08-25
ATO,operatingIncome,2019-03-31,297677000,2019-05-20,OperatingIncomeLoss,2026-08-25
ATO,receivables,2019-03-31,419612000,2019-05-20,AccountsReceivableNetCurrent,2026-08-25
ATO,revenue,2019-03-31,1094645000,2019-05-20,Revenues,2026-08-25
ATO,shares,2019-03-31,116982903,2019-05-20,CommonStockSharesOutstanding,2026-08-25
AVGO,assets,2019-02-03,72110000000,2019-04-29,Assets,2026-08-25
AVGO,buybacks,2019-02-03,3436000000,2019-04-29,PaymentsForRepurchaseOfCommonStock,2026-08-25
AVGO,capex,2019-02-03,99000000,2019-04-29,PaymentsToAcquirePropertyPlantAndEquipment,2026-08-25
AVGO,cash,2019-02-03,5093000000,2019-04-29,CashAndCashEquivalentsAtCarryingValue,2026-08-25
AVGO,debt,2019-02-03,34104000000,2019-04-29,LongTermDebtNoncurrent,2026-08-25
AVGO,equity,2019-02-03,23224000000,2019-04-29,StockholdersEquity,2026-08-25
AVGO,grossProfit,2019-02-03,3208000000,2019-04-29,GrossProfit,2026-08-25
AVGO,inventory,2019-02-03,1074000000,2019-04-29,InventoryNet,2026-08-25
AVGO,liabilities,2019-02-03,48886000000,2019-04-29,Liabilities,2026-08-25
AVGO,netIncome,2019-02-03,471000000,2019-04-29,NetIncomeLoss,2026-08-25
AVGO,operatingCashFlow,2019-02-03,2132000000,2019-04-29,NetCashProvidedByUsedInOperatingActivities,2026-08-25
AVGO,operatingIncome,2019-02-03,555000000,2019-04-29,OperatingIncomeLoss,2026-08-25
AVGO,receivables,2019-02-03,3677000000,2019-04-29,AccountsReceivableNetCurrent,2026-08-25
AVGO,revenue,2019-02-03,5789000000,2019-04-29,RevenueFromContractWithCustomerExcludingAssessedTax,2026-08-25
AVGO,rnd,2019-02-03,1133000000,2019-04-29,ResearchAndDevelopmentExpense,2026-08-25
AVGO,shares,2019-02-03,396153863,2019-04-29,CommonStockSharesOutstanding,2026-08-25
AVY,assets,2019-03-30,5353700000,2019-05-19,Assets,2026-08-25
AVY,buybacks,2019-03-30,88700000,2019-05-19,PaymentsForRepurchaseOfCommonStock,2026-08-25
AVY,capex,2019-03-30,41800000,2019-05-19,PaymentsToAcquirePropertyPlantAndEquipment,2026-08-25
AVY,cash,2019-03-30,225700000,2019-05-19,CashAndCashEquivalentsAtCarryingValue,2026-08-25
AVY,equity,2019-03-30,991900000,2019-05-19,StockholdersEquity,2026-08-25
AVY,grossProfit,2019-03-30,465400000,2019-05-19,GrossProfit,2026-08-25
AVY,inventory,2019-03-30,688300000,2019-05-19,InventoryNet,2026-08-25
AVY,netIncome,2019-03-30,-146900000,2019-05-19,NetIncomeLoss,2026-08-25
AVY,operatingCashFlow,2019-03-30,35400000,2019-05-19,NetCashProvidedByUsedInOperatingActivities,2026-08-25
AVY,receivables,2019-03-30,1198700000,2019-05-19,AccountsReceivableNetCurrent,2026-08-25
AVY,revenue,2019-03-30,1740100000,2019-05-19,RevenueFromContractWithCustomerExcludingAssessedTax,2026-08-25
AVY,shares,2019-03-30,84399377,2019-05-19,CommonStockSharesOutstanding,2026-08-25
AWK,assets,2019-03-31,21464000000,2019-05-20,Assets,2026-08-25
AWK,buybacks,2019-03-31,36000000,2019-05-20,PaymentsForRepurchaseOfCommonStock,2026-08-25
AWK,capex,2019-03-31,326000000,2019-05-20,PaymentsToAcquirePropertyPlantAndEquipment,2026-08-25
AWK,cash,2019-03-31,63000000,2019-05-20,CashAndCashEquivalentsAtCarryingValue,2026-08-25
AWK,equity,2019-03-31,5932000000,2019-05-20,StockholdersEquity,2026-08-25
AWK,netIncome,2019-03-31,113000000,2019-05-20,NetIncomeLoss,2026-08-25
AWK,operatingCashFlow,2019-03-31,168000000,2019-05-20,NetCashProvidedByUsedInOperatingActivities,2026-08-25
AWK,operatingIncome,2019-03-31,238000000,2019-05-20,OperatingIncomeLoss,2026-08-25
AWK,receivables,2019-03-31,307000000,2019-05-20,AccountsReceivableNetCurrent,2026-08-25
AXON,assets,2019-03-31,739195000,2019-05-20,Assets,2026-08-25
AXON,capex,2019-03-31,5271000,2019-05-20,PaymentsToAcquirePropertyPlantAndEquipment,2026-08-25
AXON,cash,2019-03-31,223642000,2019-05-20,CashAndCashEquivalentsAtCarryingValue,2026-08-25
AXON,equity,2019-03-31,480539000,2019-05-20,StockholdersEquity,2026-08-25
AXON,grossProfit,2019-03-31,68917000,2019-05-20,GrossProfit,2026-08-25
AXON,inventory,2019-03-31,37587000,2019-05-20,InventoryNet,2026-08-25
AXON,liabilities,2019-03-31,258656000,2019-05-20,Liabilities,2026-08-25
AXON,netIncome,2019-03-31,6419000,2019-05-20,NetIncomeLoss,2026-08-25
AXON,operatingCashFlow,2019-03-31,-13970000,2019-05-20,NetCashProvidedByUsedInOperatingActivities,2026-08-25
AXON,operatingIncome,2019-03-31,2671000,2019-05-20,OperatingIncomeLoss,2026-08-25
AXON,revenue,2019-03-31,115810000,2019-05-20,RevenueFromContractWithCustomerExcludingAssessedTax,2026-08-25
AXON,rnd,2019-03-31,23354000,2019-05-20,ResearchAndDevelopmentExpense,2026-08-25
AXON,shares,2019-03-31,59109286,2019-05-20,CommonStockSharesOutstanding,2026-08-25
AXP,assets,2019-03-31,197000000000,2019-05-20,Assets,2026-08-25
AXP,capex,2019-03-31,348000000,2019-05-20,PaymentsToAcquirePropertyPlantAndEquipment,2026-08-25
AXP,debt,2019-03-31,58418000000,2019-05-20,LongTermDebt,2026-08-25
AXP,equity,2019-03-31,22218000000,2019-05-20,StockholdersEquity,2026-08-25
AXP,liabilities,2019-03-31,174975000000,2019-05-20,Liabilities,2026-08-25
AXP,netIncome,2019-03-31,1550000000,2019-05-20,NetIncomeLoss,2026-08-25
AXP,operatingCashFlow,2019-03-31,8547000000,2019-05-20,NetCashProvidedByUsedInOperatingActivities,2026-08-25
AXP,revenue,2019-03-31,6697000000,2019-05-20,RevenueFromContractWithCustomerExcludingAssessedTax,2026-08-25
AXP,shares,2019-03-31,837000000,2019-05-20,CommonStockSharesOutstanding,2026-08-25
AZO,assets,2019-02-09,9745095000,2019-05-05,Assets,2026-08-25
AZO,cash,2019-02-09,195665000,2019-05-05,CashAndCashEquivalentsAtCarryingValue,2026-08-25
AZO,debt,2019-02-09,5111201000,2019-05-05,LongTermDebtNoncurrent,2026-08-25
AZO,equity,2019-02-09,-1594362000,2019-05-05,StockholdersEquity,2026-08-25
AZO,grossProfit,2019-02-09,1325107000,2019-05-05,GrossProfit,2026-08-25
AZO,netIncome,2019-02-09,294638000,2019-05-05,NetIncomeLoss,2026-08-25
AZO,operatingIncome,2019-02-09,400020000,2019-05-05,OperatingIncomeLoss,2026-08-25
AZO,receivables,2019-02-09,298319000,2019-05-05,AccountsReceivableNetCurrent,2026-08-25
AZO,revenue,2019-02-09,2450568000,2019-05-05,Revenues,2026-08-25
AZO,shares,2019-02-09,24958000,2019-05-05,CommonStockSharesOutstanding,2026-08-25
BA,assets,2019-03-31,120209000000,2019-05-20,Assets,2026-08-25
BA,buybacks,2019-03-31,2341000000,2019-05-20,PaymentsForRepurchaseOfCommonStock,2026-08-25
BA,capex,2019-03-31,501000000,2019-05-20,PaymentsToAcquirePropertyPlantAndEquipment,2026-08-25
BA,cash,2019-03-31,6836000000,2019-05-20,CashAndCashEquivalentsAtCarryingValue,2026-08-25
BA,equity,2019-03-31,125000000,2019-05-20,StockholdersEquity,2026-08-25
BA,grossProfit,2019-03-31,4272000000,2019-05-20,GrossProfit,2026-08-25
BA,netIncome,2019-03-31,2149000000,2019-05-20,NetIncomeLoss,2026-08-25
BA,operatingCashFlow,2019-03-31,2788000000,2019-05-20,NetCashProvidedByUsedInOperatingActivities,2026-08-25
BA,operatingIncome,2019-03-31,2350000000,2019-05-20,OperatingIncomeLoss,2026-08-25
BA,receivables,2019-03-31,3669000000,2019-05-20,AccountsReceivableNetCurrent,2026-08-25
BA,revenue,2019-03-31,22917000000,2019-05-20,Revenues,2026-08-25
BA,rnd,2019-03-31,866000000,2019-05-20,ResearchAndDevelopmentExpense,2026-08-25
BAC,assets,2019-03-31,2377164000000,2019-05-20,Assets,2026-08-25
BAC,buybacks,2019-03-31,6263000000,2019-05-20,PaymentsForRepurchaseOfCommonStock,2026-08-25
BAC,cash,2019-03-31,171623000000,2019-05-20,CashAndCashEquivalentsAtCarryingValue,2026-08-25
BAC,debt,2019-03-31,233929000000,2019-05-20,LongTermDebt,2026-08-25
BAC,equity,2019-03-31,267010000000,2019-05-20,StockholdersEquity,2026-08-25
BAC,liabilities,2019-03-31,2110154000000,2019-05-20,Liabilities,2026-08-25
BAC,netIncome,2019-03-31,7311000000,2019-05-20,NetIncomeLoss,2026-08-25
BAC,operatingCashFlow,2019-03-31,15101000000,2019-05-20,NetCashProvidedByUsedInOperatingActivities,2026-08-25
BAC,revenue,2019-03-31,23004000000,2019-05-20,Revenues,2026-08-25
BAC,shares,2019-03-31,9568389268,2019-05-20,CommonStockSharesOutstanding,2026-08-25
BALL,assets,2019-03-31,16923000000,2019-05-20,Assets,2026-08-25
BALL,buybacks,2019-03-31,146000000,2019-05-20,PaymentsForRepurchaseOfCommonStock,2026-08-25
BALL,capex,2019-03-31,154000000,2019-05-20,PaymentsToAcquirePropertyPlantAndEquipment,2026-08-25
BALL,cash,2019-03-31,603000000,2019-05-20,CashAndCashEquivalentsAtCarryingValue,2026-08-25
BALL,debt,2019-03-31,6719000000,2019-05-20,LongTermDebtNoncurrent,2026-08-25
BALL,equity,2019-03-31,3546000000,2019-05-20,StockholdersEquity,2026-08-25
BALL,grossProfit,2019-03-31,407000000,2019-05-20,GrossProfit,2026-08-25
BALL,inventory,2019-03-31,1275000000,2019-05-20,InventoryNet,2026-08-25
BALL,liabilities,2019-03-31,13274000000,2019-05-20,Liabilities,2026-08-25
BALL,operatingCashFlow,2019-03-31,-129000000,2019-05-20,NetCashProvidedByUsedInOperatingActivities,2026-08-25
BALL,operatingIncome,2019-03-31,221000000,2019-05-20,OperatingIncomeLoss,2026-08-25
BALL,receivables,2019-03-31,1426000000,2019-05-20,AccountsReceivableNetCurrent,2026-08-25
BAX,assets,2019-03-31,16241000000,2019-05-20,Assets,2026-08-25
BAX,buybacks,2019-03-31,597000000,2019-05-20,PaymentsForRepurchaseOfCommonStock,2026-08-25
BAX,capex,2019-03-31,193000000,2019-05-20,PaymentsToAcquireProductiveAssets,2026-08-25
BAX,cash,2019-03-31,1902000000,2019-05-20,CashAndCashEquivalentsAtCarryingValue,2026-08-25
BAX,equity,2019-03-31,7570000000,2019-05-20,StockholdersEquity,2026-08-25
BAX,grossProfit,2019-03-31,1080000000,2019-05-20,GrossProfit,2026-08-25
BAX,inventory,2019-03-31,1743000000,2019-05-20,InventoryNet,2026-08-25
BAX,liabilities,2019-03-31,8648000000,2019-05-20,Liabilities,2026-08-25
BAX,netIncome,2019-03-31,342000000,2019-05-20,NetIncomeLoss,2026-08-25
BAX,operatingCashFlow,2019-03-31,128000000,2019-05-20,NetCashProvidedByUsedInOperatingActivities,2026-08-25
BAX,operatingIncome,2019-03-31,383000000,2019-05-20,OperatingIncomeLoss,2026-08-25
BAX,revenue,2019-03-31,2638000000,2019-05-20,RevenueFromContractWithCustomerExcludingAssessedTax,2026-08-25
BAX,rnd,2019-03-31,129000000,2019-05-20,ResearchAndDevelopmentExpense,2026-08-25
BBY,assets,2019-02-02,12901000000,2019-04-28,Assets,2026-08-25
BBY,cash,2019-02-02,1980000000,2019-04-28,CashAndCashEquivalentsAtCarryingValue,2026-08-25
BBY,debt,2019-02-02,1332000000,2019-04-28,LongTermDebtNoncurrent,2026-08-25
BBY,equity,2019-02-02,3306000000,2019-04-28,StockholdersEquity,2026-08-25
BBY,grossProfit,2019-02-02,3283000000,2019-04-28,GrossProfit,2026-08-25
BBY,inventory,2019-02-02,5409000000,2019-04-28,InventoryNet,2026-08-25
BBY,netIncome,2019-02-02,735000000,2019-04-28,NetIncomeLoss,2026-08-25
BBY,operatingIncome,2019-02-02,978000000,2019-04-28,OperatingIncomeLoss,2026-08-25
BBY,shares,2019-02-02,265703000,2019-04-28,CommonStockSharesOutstanding,2026-08-25
BDX,assets,2019-03-31,52598000000,2019-05-20,Assets,2026-08-25
BDX,cash,2019-03-31,686000000,2019-05-20,CashAndCashEquivalentsAtCarryingValue,2026-08-25
BDX,debt,2019-03-31,17556000000,2019-05-20,LongTermDebtNoncurrent,2026-08-25
BDX,equity,2019-03-31,21309000000,2019-05-20,StockholdersEquity,2026-08-25
BDX,grossProfit,2019-03-31,1974000000,2019-05-20,GrossProfit,2026-08-25
BDX,inventory,2019-03-31,2627000000,2019-05-20,InventoryNet,2026-08-25
BDX,netIncome,2019-03-31,20000000,2019-05-20,NetIncomeLoss,2026-08-25
BDX,operatingIncome,2019-03-31,136000000,2019-05-20,OperatingIncomeLoss,2026-08-25
BDX,receivables,2019-03-31,2279000000,2019-05-20,AccountsReceivableNetCurrent,2026-08-25
BDX,revenue,2019-03-31,4195000000,2019-05-20,Revenues,2026-08-25
BDX,rnd,2019-03-31,252000000,2019-05-20,ResearchAndDevelopmentExpense,2026-08-25
BEN,assets,2019-03-31,14239000000,2019-05-20,Assets,2026-08-25
BEN,cash,2019-03-31,5946000000,2019-05-20,CashAndCashEquivalentsAtCarryingValue,2026-08-25
BEN,debt,2019-03-31,697900000,2019-05-20,LongTermDebt,2026-08-25
BEN,equity,2019-03-31,9883800000,2019-05-20,StockholdersEquity,2026-08-25
BEN,liabilities,2019-03-31,2920600000,2019-05-20,Liabilities,2026-08-25
BEN,netIncome,2019-03-31,367500000,2019-05-20,NetIncomeLoss,2026-08-25
BEN,operatingIncome,2019-03-31,379500000,2019-05-20,OperatingIncomeLoss,2026-08-25
BEN,revenue,2019-03-31,1433800000,2019-05-20,Revenues,2026-08-25
BEN,shares,2019-03-31,507714184,2019-05-20,CommonStockSharesOutstanding,2026-08-25
BF-B,assets,2019-01-31,5163000000,2019-04-26,Assets,2026-08-25
BF-B,cash,2019-01-31,260000000,2019-04-26,CashAndCashEquivalentsAtCarryingValue,2026-08-25
BF-B,debt,2019-01-31,2301000000,2019-04-26,LongTermDebtNoncurrent,2026-08-25
BF-B,equity,2019-01-31,1493000000,2019-04-26,StockholdersEquity,2026-08-25
BF-B,grossProfit,2019-01-31,571000000,2019-04-26,GrossProfit,2026-08-25
BF-B,inventory,2019-01-31,1471000000,2019-04-26,InventoryNet,2026-08-25
BF-B,liabilities,2019-01-31,3670000000,2019-04-26,Liabilities,2026-08-25
BF-B,netIncome,2019-01-31,227000000,2019-04-26,NetIncomeLoss,2026-08-25
BF-B,operatingIncome,2019-01-31,320000000,2019-04-26,OperatingIncomeLoss,2026-08-25
BF-B,receivables,2019-01-31,737000000,2019-04-26,AccountsReceivableNetCurrent,2026-08-25
BF-B,revenue,2019-01-31,904000000,2019-04-26,RevenueFromContractWithCustomerExcludingAssessedTax,2026-08-25
BIIB,assets,2019-03-31,26445500000,2019-05-20,Assets,2026-08-25
BIIB,buybacks,2019-03-31,655800000,2019-05-20,PaymentsForRepurchaseOfCommonStock,2026-08-25
BIIB,capex,2019-03-31,127100000,2019-05-20,PaymentsToAcquirePropertyPlantAndEquipment,2026-08-25
BIIB,cash,2019-03-31,2243200000,2019-05-20,CashAndCashEquivalentsAtCarryingValue,2026-08-25
BIIB,debt,2019-03-31,5943200000,2019-05-20,LongTermDebt,2026-08-25
BIIB,equity,2019-03-31,13829900000,2019-05-20,StockholdersEquity,2026-08-25
BIIB,grossProfit,2019-03-31,2887800000,2019-05-20,GrossProfit,2026-08-25
BIIB,inventory,2019-03-31,770200000,2019-05-20,InventoryNet,2026-08-25
BIIB,liabilities,2019-03-31,12623500000,2019-05-20,Liabilities,2026-08-25
BIIB,netIncome,2019-03-31,1408800000,2019-05-20,NetIncomeLoss,2026-08-25
BIIB,operatingCashFlow,2019-03-31,1459500000,2019-05-20,NetCashProvidedByUsedInOperatingActivities,2026-08-25
BIIB,operatingIncome,2019-03-31,1502700000,2019-05-20,OperatingIncomeLoss,2026-08-25
BIIB,receivables,2019-03-31,2088900000,2019-05-20,AccountsReceivableNetCurrent,2026-08-25
BIIB,revenue,2019-03-31,3489800000,2019-05-20,Revenues,2026-08-25
BKNG,assets,2019-03-31,22366000000,2019-05-20,Assets,2026-08-25
BKNG,buybacks,2019-03-31,2773000000,2019-05-20,PaymentsForRepurchaseOfCommonStock,2026-08-25
BKNG,capex,2019-03-31,111000000,2019-05-20,PaymentsToAcquirePropertyPlantAndEquipment,2026-08-25
BKNG,cash,2019-03-31,2334000000,2019-05-20,CashAndCashEquivalentsAtCarryingValue,2026-08-25
BKNG,debt,2019-03-31,7619000000,2019-05-20,LongTermDebtNoncurrent,2026-08-25
BKNG,equity,2019-03-31,6915000000,2019-05-20,StockholdersEquity,2026-08-25
BKNG,liabilities,2019-03-31,15451000000,2019-05-20,Liabilities,2026-08-25
BKNG,operatingCashFlow,2019-03-31,150000000,2019-05-20,NetCashProvidedByUsedInOperatingActivities,2026-08-25
BKNG,operatingIncome,2019-03-31,556000000,2019-05-20,OperatingIncomeLoss,2026-08-25
BKNG,receivables,2019-03-31,1491000000,2019-05-20,AccountsReceivableNetCurrent,2026-08-25
BKNG,revenue,2019-03-31,2837000000,2019-05-20,Revenues,2026-08-25
BKR,assets,2019-03-31,53129000000,2019-05-20,Assets,2026-08-25
BKR,buybacks,2019-03-31,0,2019-05-20,PaymentsForRepurchaseOfCommonStock,2026-08-25
BKR,capex,2019-03-31,294000000,2019-05-20,PaymentsToAcquireProductiveAssets,2026-08-25
BKR,equity,2019-03-31,17512000000,2019-05-20,StockholdersEquity,2026-08-25
BKR,grossProfit,2019-03-31,976000000,2019-05-20,GrossProfit,2026-08-25
BKR,inventory,2019-03-31,4871000000,2019-05-20,InventoryNet,2026-08-25
BKR,netIncome,2019-03-31,32000000,2019-05-20,NetIncomeLoss,2026-08-25
BKR,operatingCashFlow,2019-03-31,-184000000,2019-05-20,NetCashProvidedByUsedInOperatingActivities,2026-08-25
BKR,operatingIncome,2019-03-31,176000000,2019-05-20,OperatingIncomeLoss,2026-08-25
BKR,revenue,2019-03-31,5615000000,2019-05-20,RevenueFromContractWithCustomerExcludingAssessedTax,2026-08-25
BLDR,assets,2019-03-31,3199465000,2019-05-20,Assets,2026-08-25
BLDR,buybacks,2019-03-31,2450000,2019-05-20,PaymentsForRepurchaseOfCommonStock,2026-08-25
BLDR,capex,2019-03-31,21524000,2019-05-20,PaymentsToAcquirePropertyPlantAndEquipment,2026-08-25
BLDR,cash,2019-03-31,11724000,2019-05-20,CashAndCashEquivalentsAtCarryingValue,2026-08-25
BLDR,equity,2019-03-31,632471000,2019-05-20,StockholdersEquity,2026-08-25
BLDR,grossProfit,2019-03-31,441975000,2019-05-20,GrossProfit,2026-08-25
BLDR,inventory,2019-03-31,635499000,2019-05-20,InventoryNet,2026-08-25
BLDR,liabilities,2019-03-31,2566994000,2019-05-20,Liabilities,2026-08-25
BLDR,netIncome,2019-03-31,35708000,2019-05-20,NetIncomeLoss,2026-08-25
BLDR,operatingCashFlow,2019-03-31,6075000,2019-05-20,NetCashProvidedByUsedInOperatingActivities,2026-08-25
BLDR,operatingIncome,2019-03-31,71891000,2019-05-20,OperatingIncomeLoss,2026-08-25
BLDR,receivables,2019-03-31,648942000,2019-05-20,AccountsReceivableNetCurrent,2026-08-25
BLDR,revenue,2019-03-31,1631300000,2019-05-20,RevenueFromContractWithCustomerExcludingAssessedTax,2026-08-25
BLDR,shares,2019-03-31,115603000,2019-05-20,CommonStockSharesOutstanding,2026-08-25
BMY,assets,2019-03-31,34834000000,2019-05-20,Assets,2026-08-25
BMY,buybacks,2019-03-31,0,2019-05-20,PaymentsForRepurchaseOfCommonStock,2026-08-25
BMY,capex,2019-03-31,204000000,2019-05-20,PaymentsToAcquirePropertyPlantAndEquipment,2026-08-25
BMY,cash,2019-03-31,7335000000,2019-05-20,CashAndCashEquivalentsAtCarryingValue,2026-08-25
BMY,debt,2019-03-31,5635000000,2019-05-20,LongTermDebtNoncurrent,2026-08-25
BMY,equity,2019-03-31,15218000000,2019-05-20,StockholdersEquity,2026-08-25
BMY,grossProfit,2019-03-31,4096000000,2019-05-20,GrossProfit,2026-08-25
BMY,inventory,2019-03-31,1283000000,2019-05-20,InventoryNet,2026-08-25
BMY,liabilities,2019-03-31,19517000000,2019-05-20,Liabilities,2026-08-25
BMY,netIncome,2019-03-31,1710000000,2019-05-20,NetIncomeLoss,2026-08-25
BMY,operatingCashFlow,2019-03-31,1390000000,2019-05-20,NetCashProvidedByUsedInOperatingActivities,2026-08-25
BMY,receivables,2019-03-31,4594000000,2019-05-20,AccountsReceivableNetCurrent,2026-08-25
BMY,revenue,2019-03-31,5920000000,2019-05-20,Revenues,2026-08-25
BMY,rnd,2019-03-31,1348000000,2019-05-20,ResearchAndDevelopmentExpense,2026-08-25
BNY,assets,2019-03-31,346132000000,2019-05-20,Assets,2026-08-25
BNY,buybacks,2019-03-31,555000000,2019-05-20,PaymentsForRepurchaseOfCommonStock,2026-08-25
BNY,capex,2019-03-31,264000000,2019-05-20,PaymentsToAcquirePropertyPlantAndEquipment,2026-08-25
BNY,cash,2019-03-31,5980000000,2019-05-20,CashAndCashEquivalentsAtCarryingValue,2026-08-25
BNY,equity,2019-03-31,41225000000,2019-05-20,StockholdersEquity,2026-08-25
BNY,liabilities,2019-03-31,304663000000,2019-05-20,Liabilities,2026-08-25
BNY,netIncome,2019-03-31,946000000,2019-05-20,NetIncomeLoss,2026-08-25
BNY,operatingCashFlow,2019-03-31,-949000000,2019-05-20,NetCashProvidedByUsedInOperatingActivities,2026-08-25
BR,assets,2019-03-31,3602100000,2019-05-20,Assets,2026-08-25
BR,cash,2019-03-31,292100000,2019-05-20,CashAndCashEquivalentsAtCarryingValue,2026-08-25
BR,debt,2019-03-31,1174400000,2019-05-20,LongTermDebtNoncurrent,2026-08-25
BR,equity,2019-03-31,1265600000,2019-05-20,StockholdersEquity,2026-08-25
BR,grossProfit,2019-03-31,377500000,2019-05-20,GrossProfit,2026-08-25
BR,liabilities,2019-03-31,2336500000,2019-05-20,Liabilities,2026-08-25
BR,netIncome,2019-03-31,172200000,2019-05-20,NetIncomeLoss,2026-08-25
BR,operatingIncome,2019-03-31,233600000,2019-05-20,OperatingIncomeLoss,2026-08-25
BR,revenue,2019-03-31,1224800000,2019-05-20,RevenueFromContractWithCustomerExcludingAssessedTax,2026-08-25
BR,shares,2019-03-31,115800000,2019-05-20,CommonStockSharesOutstanding,2026-08-25
BRK-B,assets,2019-03-31,738724000000,2019-05-20,Assets,2026-08-25
BRK-B,buybacks,2019-03-31,1585000000,2019-05-20,PaymentsForRepurchaseOfCommonStock,2026-08-25
BRK-B,capex,2019-03-31,3151000000,2019-05-20,PaymentsToAcquirePropertyPlantAndEquipment,2026-08-25
BRK-B,equity,2019-03-31,368877000000,2019-05-20,StockholdersEquity,2026-08-25
BRK-B,inventory,2019-03-31,19454000000,2019-05-20,InventoryNet,2026-08-25
BRK-B,liabilities,2019-03-31,366133000000,2019-05-20,Liabilities,2026-08-25
BRK-B,netIncome,2019-03-31,21661000000,2019-05-20,NetIncomeLoss,2026-08-25
BRK-B,operatingCashFlow,2019-03-31,7577000000,2019-05-20,NetCashProvidedByUsedInOperatingActivities,2026-08-25
BRK-B,revenue,2019-03-31,60678000000,2019-05-20,Revenues,2026-08-25
BRO,assets,2019-03-31,6806289000,2019-05-20,Assets,2026-08-25
BRO,buybacks,2019-03-31,0,2019-05-20,PaymentsForRepurchaseOfCommonStock,2026-08-25
BRO,capex,2019-03-31,23186000,2019-05-20,PaymentsToAcquirePropertyPlantAndEquipment,2026-08-25
BRO,cash,2019-03-31,322477000,2019-05-20,CashAndCashEquivalentsAtCarryingValue,2026-08-25
BRO,debt,2019-03-31,1439998000,2019-05-20,LongTermDebtNoncurrent,2026-08-25
BRO,equity,2019-03-31,3098431000,2019-05-20,StockholdersEquity,2026-08-25
BRO,netIncome,2019-03-31,113896000,2019-05-20,NetIncomeLoss,2026-08-25
BRO,operatingCashFlow,2019-03-31,5356000,2019-05-20,NetCashProvidedByUsedInOperatingActivities,2026-08-25
BRO,revenue,2019-03-31,619280000,2019-05-20,Revenues,2026-08-25
BSX,assets,2019-03-31,23802000000,2019-05-20,Assets,2026-08-25
BSX,capex,2019-03-31,63000000,2019-05-20,PaymentsToAcquirePropertyPlantAndEquipment,2026-08-25
BSX,cash,2019-03-31,139000000,2019-05-20,CashAndCashEquivalentsAtCarryingValue,2026-08-25
BSX,grossProfit,2019-03-31,1763000000,2019-05-20,GrossProfit,2026-08-25
BSX,inventory,2019-03-31,1228000000,2019-05-20,InventoryNet,2026-08-25
BSX,operatingCashFlow,2019-03-31,350000000,2019-05-20,NetCashProvidedByUsedInOperatingActivities,2026-08-25
BSX,operatingIncome,2019-03-31,541000000,2019-05-20,OperatingIncomeLoss,2026-08-25
BSX,revenue,2019-03-31,2493000000,2019-05-20,RevenueFromContractWithCustomerExcludingAssessedTax,2026-08-25
BSX,shares,2019-03-31,1390583103,2019-05-20,CommonStockSharesOutstanding,2026-08-25
BX,assets,2019-03-31,29874951000,2019-05-20,Assets,2026-08-25
BX,capex,2019-03-31,18858000,2019-05-20,PaymentsToAcquirePropertyPlantAndEquipment,2026-08-25
BX,cash,2019-03-31,1570741000,2019-05-20,CashAndCashEquivalentsAtCarryingValue,2026-08-25
BX,debt,2019-03-31,10362430000,2019-05-20,LongTermDebt,2026-08-25
BX,liabilities,2019-03-31,15728250000,2019-05-20,Liabilities,2026-08-25
BX,netIncome,2019-03-31,481304000,2019-05-20,NetIncomeLoss,2026-08-25
BX,operatingCashFlow,2019-03-31,130531000,2019-05-20,NetCashProvidedByUsedInOperatingActivities,2026-08-25
BX,revenue,2019-03-31,2024871000,2019-05-20,Revenues,2026-08-25
BXP,assets,2019-03-31,20501604000,2019-05-20,Assets,2026-08-25
BXP,cash,2019-03-31,360091000,2019-05-20,CashAndCashEquivalentsAtCarryingValue,2026-08-25
BXP,equity,2019-03-31,5836618000,2019-05-20,StockholdersEquity,2026-08-25
BXP,equityStakes,2019-03-31,26995000,2019-05-20,PaymentsToAcquireEquityMethodInvestments,2026-08-25
BXP,grossProfit,2019-03-31,447715000,2019-05-20,GrossProfit,2026-08-25
BXP,liabilities,2019-03-31,12331317000,2019-05-20,Liabilities,2026-08-25
BXP,netIncome,2019-03-31,100730000,2019-05-20,NetIncomeLoss,2026-08-25
BXP,operatingCashFlow,2019-03-31,207234000,2019-05-20,NetCashProvidedByUsedInOperatingActivities,2026-08-25
BXP,revenue,2019-03-31,725767000,2019-05-20,Revenues,2026-08-25
BXP,shares,2019-03-31,154515486,2019-05-20,CommonStockSharesOutstanding,2026-08-25
C,assets,2019-03-31,1958413000000,2019-05-20,Assets,2026-08-25
C,buybacks,2019-03-31,4055000000,2019-05-20,PaymentsForRepurchaseOfCommonStock,2026-08-25
C,capex,2019-03-31,518000000,2019-05-20,PaymentsToAcquirePropertyPlantAndEquipment,2026-08-25
C,debt,2019-03-31,243566000000,2019-05-20,LongTermDebt,2026-08-25
C,equity,2019-03-31,196252000000,2019-05-20,StockholdersEquity,2026-08-25
C,liabilities,2019-03-31,1761398000000,2019-05-20,Liabilities,2026-08-25
C,netIncome,2019-03-31,4710000000,2019-05-20,NetIncomeLoss,2026-08-25
C,operatingCashFlow,2019-03-31,-37616000000,2019-05-20,NetCashProvidedByUsedInOperatingActivitiesContinuingOperations,2026-08-25
C,revenue,2019-03-31,18576000000,2019-05-20,Revenues,2026-08-25
CAH,assets,2019-03-31,40809000000,2019-05-20,Assets,2026-08-25
CAH,cash,2019-03-31,3438000000,2019-05-20,CashAndCashEquivalentsAtCarryingValue,2026-08-25
CAH,equity,2019-03-31,6230000000,2019-05-20,StockholdersEquity,2026-08-25
CAH,grossProfit,2019-03-31,1764000000,2019-05-20,GrossProfit,2026-08-25
CAH,inventory,2019-03-31,12622000000,2019-05-20,InventoryNet,2026-08-25
CAH,netIncome,2019-03-31,296000000,2019-05-20,NetIncomeLoss,2026-08-25
CAH,operatingIncome,2019-03-31,432000000,2019-05-20,OperatingIncomeLoss,2026-08-25
CAH,revenue,2019-03-31,35228000000,2019-05-20,Revenues,2026-08-25
CARR,capex,2019-03-31,41000000,2019-05-20,PaymentsToAcquireProductiveAssets,2026-08-25
CARR,cash,2019-03-31,863000000,2019-05-20,CashAndCashEquivalentsAtCarryingValue,2026-08-25
CARR,netIncome,2019-03-31,400000000,2019-05-20,NetIncomeLoss,2026-08-25
CARR,operatingCashFlow,2019-03-31,-183000000,2019-05-20,NetCashProvidedByUsedInOperatingActivities,2026-08-25
CARR,operatingIncome,2019-03-31,500000000,2019-05-20,OperatingIncomeLoss,2026-08-25
CARR,revenue,2019-03-31,4323000000,2019-05-20,RevenueFromContractWithCustomerExcludingAssessedTax,2026-08-25
CARR,rnd,2019-03-31,97000000,2019-05-20,ResearchAndDevelopmentExpense,2026-08-25
CASY,assets,2019-01-31,3583599000,2019-04-26,Assets,2026-08-25
CASY,cash,2019-01-31,34169000,2019-04-26,CashAndCashEquivalentsAtCarryingValue,2026-08-25
CASY,debt,2019-01-31,1288952000,2019-04-26,LongTermDebtNoncurrent,2026-08-25
CASY,equity,2019-01-31,1390868000,2019-04-26,StockholdersEquity,2026-08-25
CASY,grossProfit,2019-01-31,470265000,2019-04-26,GrossProfit,2026-08-25
CASY,inventory,2019-01-31,250897000,2019-04-26,InventoryNet,2026-08-25
CASY,liabilities,2019-01-31,2192731000,2019-04-26,Liabilities,2026-08-25
CASY,netIncome,2019-01-31,41835000,2019-04-26,NetIncomeLoss,2026-08-25
CASY,revenue,2019-01-31,2048076000,2019-04-26,Revenues,2026-08-25
CAT,assets,2019-03-31,78726000000,2019-05-20,Assets,2026-08-25
CAT,buybacks,2019-03-31,751000000,2019-05-20,PaymentsForRepurchaseOfCommonStock,2026-08-25
CAT,capex,2019-03-31,278000000,2019-05-20,PaymentsToAcquirePropertyPlantAndEquipment,2026-08-25
CAT,grossProfit,2019-03-31,3721000000,2019-05-20,GrossProfit,2026-08-25
CAT,inventory,2019-03-31,12340000000,2019-05-20,InventoryNet,2026-08-25
CAT,liabilities,2019-03-31,63248000000,2019-05-20,Liabilities,2026-08-25
CAT,operatingCashFlow,2019-03-31,1121000000,2019-05-20,NetCashProvidedByUsedInOperatingActivities,2026-08-25
CAT,operatingIncome,2019-03-31,2207000000,2019-05-20,OperatingIncomeLoss,2026-08-25
CAT,receivables,2019-03-31,8961000000,2019-05-20,AccountsReceivableNetCurrent,2026-08-25
CAT,revenue,2019-03-31,13466000000,2019-05-20,Revenues,2026-08-25
CAT,rnd,2019-03-31,435000000,2019-05-20,ResearchAndDevelopmentExpense,2026-08-25
CAT,shares,2019-03-31,571700000,2019-05-20,CommonStockSharesOutstanding,2026-08-25
CB,assets,2019-03-31,171347000000,2019-05-20,Assets,2026-08-25
CB,buybacks,2019-03-31,367000000,2019-05-20,PaymentsForRepurchaseOfCommonStock,2026-08-25
CB,cash,2019-03-31,1271000000,2019-05-20,CashAndCashEquivalentsAtCarryingValue,2026-08-25
CB,debt,2019-03-31,12071000000,2019-05-20,LongTermDebt,2026-08-25
CB,equity,2019-03-31,52355000000,2019-05-20,StockholdersEquity,2026-08-25
CB,liabilities,2019-03-31,118992000000,2019-05-20,Liabilities,2026-08-25
CB,netIncome,2019-03-31,1040000000,2019-05-20,NetIncomeLoss,2026-08-25
CB,operatingCashFlow,2019-03-31,1322000000,2019-05-20,NetCashProvidedByUsedInOperatingActivities,2026-08-25
CB,revenue,2019-03-31,7876000000,2019-05-20,Revenues,2026-08-25
CB,shares,2019-03-31,458179205,2019-05-20,CommonStockSharesOutstanding,2026-08-25
CBOE,assets,2019-03-31,5330400000,2019-05-20,Assets,2026-08-25
CBOE,buybacks,2019-03-31,35000000,2019-05-20,PaymentsForRepurchaseOfCommonStock,2026-08-25
CBOE,capex,2019-03-31,5800000,2019-05-20,PaymentsToAcquirePropertyPlantAndEquipment,2026-08-25
CBOE,cash,2019-03-31,346200000,2019-05-20,CashAndCashEquivalentsAtCarryingValue,2026-08-25
CBOE,debt,2019-03-31,916100000,2019-05-20,LongTermDebtNoncurrent,2026-08-25
CBOE,equity,2019-03-31,3285400000,2019-05-20,StockholdersEquity,2026-08-25
CBOE,grossProfit,2019-03-31,279400000,2019-05-20,GrossProfit,2026-08-25
CBOE,netIncome,2019-03-31,95400000,2019-05-20,NetIncomeLoss,2026-08-25
CBOE,operatingCashFlow,2019-03-31,118000000,2019-05-20,NetCashProvidedByUsedInOperatingActivities,2026-08-25
CBOE,operatingIncome,2019-03-31,145400000,2019-05-20,OperatingIncomeLoss,2026-08-25
CBOE,receivables,2019-03-31,251000000,2019-05-20,AccountsReceivableNetCurrent,2026-08-25
CBOE,shares,2019-03-31,111630805,2019-05-20,CommonStockSharesOutstanding,2026-08-25
CBRE,assets,2019-03-31,14693008000,2019-05-20,Assets,2026-08-25
CBRE,buybacks,2019-03-31,45088000,2019-05-20,PaymentsForRepurchaseOfCommonStock,2026-08-25
CBRE,capex,2019-03-31,56979000,2019-05-20,PaymentsToAcquirePropertyPlantAndEquipment,2026-08-25
CBRE,cash,2019-03-31,604952000,2019-05-20,CashAndCashEquivalentsAtCarryingValue,2026-08-25
CBRE,debt,2019-03-31,1760181000,2019-05-20,LongTermDebtNoncurrent,2026-08-25
CBRE,equity,2019-03-31,5089379000,2019-05-20,StockholdersEquity,2026-08-25
CBRE,liabilities,2019-03-31,9488792000,2019-05-20,Liabilities,2026-08-25
CBRE,netIncome,2019-03-31,164409000,2019-05-20,NetIncomeLoss,2026-08-25
CBRE,operatingCashFlow,2019-03-31,-392575000,2019-05-20,NetCashProvidedByUsedInOperatingActivities,2026-08-25
CBRE,operatingIncome,2019-03-31,144987000,2019-05-20,OperatingIncomeLoss,2026-08-25
CBRE,receivables,2019-03-31,3801474000,2019-05-20,AccountsReceivableNetCurrent,2026-08-25
CBRE,revenue,2019-03-31,5135510000,2019-05-20,Revenues,2026-08-25
CBRE,shares,2019-03-31,336266487,2019-05-20,CommonStockSharesOutstanding,2026-08-25
CCI,assets,2019-03-31,37755000000,2019-05-20,Assets,2026-08-25
CCI,buybacks,2019-03-31,-42000000,2019-05-20,PaymentsForRepurchaseOfCommonStock,2026-08-25
CCI,capex,2019-03-31,-480000000,2019-05-20,PaymentsToAcquireProductiveAssets,2026-08-25
CCI,cash,2019-03-31,245000000,2019-05-20,CashAndCashEquivalentsAtCarryingValue,2026-08-25
CCI,liabilities,2019-03-31,26488000000,2019-05-20,Liabilities,2026-08-25
CCI,operatingCashFlow,2019-03-31,512000000,2019-05-20,NetCashProvidedByUsedInOperatingActivities,2026-08-25
CCI,operatingIncome,2019-03-31,367000000,2019-05-20,OperatingIncomeLoss,2026-08-25
CCI,receivables,2019-03-31,545000000,2019-05-20,AccountsReceivableNetCurrent,2026-08-25
CCI,revenue,2019-03-31,1408000000,2019-05-20,Revenues,2026-08-25
CCI,shares,2019-03-31,416000000,2019-05-20,CommonStockSharesOutstanding,2026-08-25
CCL,assets,2019-02-28,43930000000,2019-04-19,Assets,2026-08-25
CCL,buybacks,2019-02-28,274000000,2019-04-19,PaymentsForRepurchaseOfCommonStock,2026-08-25
CCL,capex,2019-02-28,2129000000,2019-04-19,PaymentsToAcquirePropertyPlantAndEquipment,2026-08-25
CCL,cash,2019-02-28,649000000,2019-04-19,CashAndCashEquivalentsAtCarryingValue,2026-08-25
CCL,debt,2019-02-28,9134000000,2019-04-19,LongTermDebtNoncurrent,2026-08-25
CCL,equity,2019-02-28,24241000000,2019-04-19,StockholdersEquity,2026-08-25
CCL,inventory,2019-02-28,444000000,2019-04-19,InventoryNet,2026-08-25
CCL,netIncome,2019-02-28,336000000,2019-04-19,NetIncomeLoss,2026-08-25
CCL,operatingCashFlow,2019-02-28,1116000000,2019-04-19,NetCashProvidedByUsedInOperatingActivities,2026-08-25
CCL,operatingIncome,2019-02-28,386000000,2019-04-19,OperatingIncomeLoss,2026-08-25
CCL,revenue,2019-02-28,4673000000,2019-04-19,RevenueFromContractWithCustomerExcludingAssessedTax,2026-08-25
CDNS,assets,2019-03-30,2546311000,2019-05-19,Assets,2026-08-25
CDNS,buybacks,2019-03-30,81114000,2019-05-19,PaymentsForRepurchaseOfCommonStock,2026-08-25
CDNS,capex,2019-03-30,15275000,2019-05-19,PaymentsToAcquirePropertyPlantAndEquipment,2026-08-25
CDNS,cash,2019-03-30,538898000,2019-05-19,CashAndCashEquivalentsAtCarryingValue,2026-08-25
CDNS,equity,2019-03-30,1365837000,2019-05-19,StockholdersEquity,2026-08-25
CDNS,equityStakes,2019-03-30,33600000,2019-05-19,PaymentsToAcquireEquityMethodInvestments,2026-08-25
CDNS,inventory,2019-03-30,37480000,2019-05-19,InventoryNet,2026-08-25
CDNS,netIncome,2019-03-30,120555000,2019-05-19,NetIncomeLoss,2026-08-25
CDNS,operatingCashFlow,2019-03-30,185414000,2019-05-19,NetCashProvidedByUsedInOperatingActivities,2026-08-25
CDNS,operatingIncome,2019-03-30,128396000,2019-05-19,OperatingIncomeLoss,2026-08-25
CDNS,revenue,2019-03-30,576742000,2019-05-19,RevenueFromContractWithCustomerExcludingAssessedTax,2026-08-25
CDW,assets,2019-03-31,7679500000,2019-05-20,Assets,2026-08-25
CDW,buybacks,2019-03-31,177100000,2019-05-20,PaymentsForRepurchaseOfCommonStock,2026-08-25
CDW,capex,2019-03-31,19400000,2019-05-20,PaymentsToAcquirePropertyPlantAndEquipment,2026-08-25
CDW,cash,2019-03-31,285000000,2019-05-20,CashAndCashEquivalentsAtCarryingValue,2026-08-25
CDW,debt,2019-03-31,3257700000,2019-05-20,LongTermDebtNoncurrent,2026-08-25
CDW,equity,2019-03-31,927300000,2019-05-20,StockholdersEquity,2026-08-25
CDW,grossProfit,2019-03-31,672100000,2019-05-20,GrossProfit,2026-08-25
CDW,inventory,2019-03-31,590700000,2019-05-20,InventoryNet,2026-08-25
CDW,netIncome,2019-03-31,152900000,2019-05-20,NetIncomeLoss,2026-08-25
CDW,operatingCashFlow,2019-03-31,252400000,2019-05-20,NetCashProvidedByUsedInOperatingActivities,2026-08-25
CDW,operatingIncome,2019-03-31,228900000,2019-05-20,OperatingIncomeLoss,2026-08-25
CDW,receivables,2019-03-31,2725100000,2019-05-20,AccountsReceivableNetCurrent,2026-08-25
CDW,revenue,2019-03-31,3957900000,2019-05-20,RevenueFromContractWithCustomerExcludingAssessedTax,2026-08-25
CDW,shares,2019-03-31,146300000,2019-05-20,CommonStockSharesOutstanding,2026-08-25
CF,assets,2019-03-31,12942000000,2019-05-20,Assets,2026-08-25
CF,buybacks,2019-03-31,87000000,2019-05-20,PaymentsForRepurchaseOfCommonStock,2026-08-25
CF,capex,2019-03-31,80000000,2019-05-20,PaymentsToAcquirePropertyPlantAndEquipment,2026-08-25
CF,cash,2019-03-31,671000000,2019-05-20,CashAndCashEquivalentsAtCarryingValue,2026-08-25
CF,debt,2019-03-31,4700000000,2019-05-20,LongTermDebtNoncurrent,2026-08-25
CF,equity,2019-03-31,2955000000,2019-05-20,StockholdersEquity,2026-08-25
CF,grossProfit,2019-03-31,220000000,2019-05-20,GrossProfit,2026-08-25
CF,inventory,2019-03-31,446000000,2019-05-20,InventoryNet,2026-08-25
CF,operatingCashFlow,2019-03-31,306000000,2019-05-20,NetCashProvidedByUsedInOperatingActivities,2026-08-25
CF,operatingIncome,2019-03-31,165000000,2019-05-20,OperatingIncomeLoss,2026-08-25
CF,revenue,2019-03-31,1001000000,2019-05-20,Revenues,2026-08-25
CFG,assets,2019-03-31,161342000000,2019-05-20,Assets,2026-08-25
CFG,buybacks,2019-03-31,200000000,2019-05-20,PaymentsForRepurchaseOfCommonStock,2026-08-25
CFG,capex,2019-03-31,16000000,2019-05-20,PaymentsToAcquireProductiveAssets,2026-08-25
CFG,debt,2019-03-31,11725000000,2019-05-20,LongTermDebt,2026-08-25
CFG,equity,2019-03-31,21531000000,2019-05-20,StockholdersEquity,2026-08-25
CFG,liabilities,2019-03-31,139811000000,2019-05-20,Liabilities,2026-08-25
CFG,netIncome,2019-03-31,439000000,2019-05-20,NetIncomeLoss,2026-08-25
CFG,operatingCashFlow,2019-03-31,472000000,2019-05-20,NetCashProvidedByUsedInOperatingActivities,2026-08-25
CFG,revenue,2019-03-31,1588000000,2019-05-20,Revenues,2026-08-25
CFG,shares,2019-03-31,461116723,2019-05-20,CommonStockSharesOutstanding,2026-08-25
CHD,assets,2019-03-31,5960600000,2019-05-20,Assets,2026-08-25
CHD,buybacks,2019-03-31,100000000,2019-05-20,PaymentsForRepurchaseOfCommonStock,2026-08-25
CHD,capex,2019-03-31,11700000,2019-05-20,PaymentsToAcquirePropertyPlantAndEquipment,2026-08-25
CHD,cash,2019-03-31,97900000,2019-05-20,CashAndCashEquivalentsAtCarryingValue,2026-08-25
CHD,debt,2019-03-31,1509400000,2019-05-20,LongTermDebtNoncurrent,2026-08-25
CHD,equity,2019-03-31,2499300000,2019-05-20,StockholdersEquity,2026-08-25
CHD,grossProfit,2019-03-31,470800000,2019-05-20,GrossProfit,2026-08-25
CHD,inventory,2019-03-31,399500000,2019-05-20,InventoryNet,2026-08-25
CHD,liabilities,2019-03-31,3461300000,2019-05-20,Liabilities,2026-08-25
CHD,netIncome,2019-03-31,175700000,2019-05-20,NetIncomeLoss,2026-08-25
CHD,operatingCashFlow,2019-03-31,137900000,2019-05-20,NetCashProvidedByUsedInOperatingActivities,2026-08-25
CHD,operatingIncome,2019-03-31,240800000,2019-05-20,OperatingIncomeLoss,2026-08-25
CHD,receivables,2019-03-31,384600000,2019-05-20,AccountsReceivableNetCurrent,2026-08-25
CHD,revenue,2019-03-31,1044700000,2019-05-20,RevenueFromContractWithCustomerExcludingAssessedTax,2026-08-25
CHD,rnd,2019-03-31,20700000,2019-05-20,ResearchAndDevelopmentExpense,2026-08-25
CHRW,assets,2019-03-31,4697444000,2019-05-20,Assets,2026-08-25
CHRW,buybacks,2019-03-31,67624000,2019-05-20,PaymentsForRepurchaseOfCommonStock,2026-08-25
CHRW,capex,2019-03-31,8619000,2019-05-20,PaymentsToAcquirePropertyPlantAndEquipment,2026-08-25
CHRW,cash,2019-03-31,445473000,2019-05-20,CashAndCashEquivalentsAtCarryingValue,2026-08-25
CHRW,debt,2019-03-31,1341605000,2019-05-20,LongTermDebtNoncurrent,2026-08-25
CHRW,equity,2019-03-31,1652561000,2019-05-20,StockholdersEquity,2026-08-25
CHRW,liabilities,2019-03-31,3044883000,2019-05-20,Liabilities,2026-08-25
CHRW,netIncome,2019-03-31,161788000,2019-05-20,NetIncomeLoss,2026-08-25
CHRW,operatingCashFlow,2019-03-31,256931000,2019-05-20,NetCashProvidedByUsedInOperatingActivities,2026-08-25
CHRW,operatingIncome,2019-03-31,224550000,2019-05-20,OperatingIncomeLoss,2026-08-25
CHRW,revenue,2019-03-31,3751210000,2019-05-20,RevenueFromContractWithCustomerExcludingAssessedTax,2026-08-25
CHRW,shares,2019-03-31,136889000,2019-05-20,CommonStockSharesOutstanding,2026-08-25
CHTR,assets,2019-03-31,147257000000,2019-05-20,Assets,2026-08-25
CHTR,buybacks,2019-03-31,940000000,2019-05-20,PaymentsForRepurchaseOfCommonStock,2026-08-25
CHTR,capex,2019-03-31,1665000000,2019-05-20,PaymentsToAcquirePropertyPlantAndEquipment,2026-08-25
CHTR,cash,2019-03-31,1451000000,2019-05-20,CashAndCashEquivalentsAtCarryingValue,2026-08-25
CHTR,debt,2019-03-31,70567000000,2019-05-20,LongTermDebtNoncurrent,2026-08-25
CHTR,equity,2019-03-31,35734000000,2019-05-20,StockholdersEquity,2026-08-25
CHTR,netIncome,2019-03-31,253000000,2019-05-20,NetIncomeLoss,2026-08-25
CHTR,operatingCashFlow,2019-03-31,2686000000,2019-05-20,NetCashProvidedByUsedInOperatingActivities,2026-08-25
CHTR,operatingIncome,2019-03-31,1425000000,2019-05-20,OperatingIncomeLoss,2026-08-25
CHTR,receivables,2019-03-31,1578000000,2019-05-20,AccountsReceivableNetCurrent,2026-08-25
CHTR,revenue,2019-03-31,11206000000,2019-05-20,Revenues,2026-08-25
CI,assets,2019-03-31,154348000000,2019-05-20,Assets,2026-08-25
CI,buybacks,2019-03-31,462000000,2019-05-20,PaymentsForRepurchaseOfCommonStock,2026-08-25
CI,capex,2019-03-31,194000000,2019-05-20,PaymentsToAcquirePropertyPlantAndEquipment,2026-08-25
CI,cash,2019-03-31,4976000000,2019-05-20,CashAndCashEquivalentsAtCarryingValue,2026-08-25
CI,equity,2019-03-31,42408000000,2019-05-20,StockholdersEquity,2026-08-25
CI,inventory,2019-03-31,2382000000,2019-05-20,InventoryNet,2026-08-25
CI,liabilities,2019-03-31,111897000000,2019-05-20,Liabilities,2026-08-25
CI,operatingCashFlow,2019-03-31,3192000000,2019-05-20,NetCashProvidedByUsedInOperatingActivities,2026-08-25
CI,operatingIncome,2019-03-31,2230000000,2019-05-20,OperatingIncomeLoss,2026-08-25
CI,revenue,2019-03-31,37946000000,2019-05-20,Revenues,2026-08-25
CIEN,assets,2019-01-31,3618106000,2019-04-26,Assets,2026-08-25
CIEN,capex,2019-01-31,15345000,2019-04-26,PaymentsToAcquirePropertyPlantAndEquipment,2026-08-25
CIEN,cash,2019-01-31,668810000,2019-04-26,CashAndCashEquivalentsAtCarryingValue,2026-08-25
CIEN,equity,2019-01-31,2054305000,2019-04-26,StockholdersEquity,2026-08-25
CIEN,grossProfit,2019-01-31,323341000,2019-04-26,GrossProfit,2026-08-25
CIEN,inventory,2019-01-31,323106000,2019-04-26,InventoryNet,2026-08-25
CIEN,liabilities,2019-01-31,1563801000,2019-04-26,Liabilities,2026-08-25
CIEN,netIncome,2019-01-31,33616000,2019-04-26,NetIncomeLoss,2026-08-25
CIEN,operatingCashFlow,2019-01-31,-14105000,2019-04-26,NetCashProvidedByUsedInOperatingActivities,2026-08-25
CIEN,operatingIncome,2019-01-31,47943000,2019-04-26,OperatingIncomeLoss,2026-08-25
CIEN,receivables,2019-01-31,761186000,2019-04-26,AccountsReceivableNetCurrent,2026-08-25
CIEN,revenue,2019-01-31,778527000,2019-04-26,Revenues,2026-08-25
CIEN,rnd,2019-01-31,128633000,2019-04-26,ResearchAndDevelopmentExpense,2026-08-25
CIEN,shares,2019-01-31,156336210,2019-04-26,CommonStockSharesOutstanding,2026-08-25
CINF,assets,2019-03-31,23352000000,2019-05-20,Assets,2026-08-25
CINF,buybacks,2019-03-31,0,2019-05-20,PaymentsForRepurchaseOfCommonStock,2026-08-25
CINF,capex,2019-03-31,5000000,2019-05-20,PaymentsToAcquirePropertyPlantAndEquipment,2026-08-25
CINF,cash,2019-03-31,802000000,2019-05-20,CashAndCashEquivalentsAtCarryingValue,2026-08-25
CINF,debt,2019-03-31,788000000,2019-05-20,LongTermDebt,2026-08-25
CINF,equity,2019-03-31,8630000000,2019-05-20,StockholdersEquity,2026-08-25
CINF,liabilities,2019-03-31,14722000000,2019-05-20,Liabilities,2026-08-25
CINF,netIncome,2019-03-31,695000000,2019-05-20,NetIncomeLoss,2026-08-25
CINF,operatingCashFlow,2019-03-31,200000000,2019-05-20,NetCashProvidedByUsedInOperatingActivities,2026-08-25
CINF,revenue,2019-03-31,2159000000,2019-05-20,Revenues,2026-08-25
CINF,shares,2019-03-31,198300000,2019-05-20,CommonStockSharesOutstanding,2026-08-25
CL,assets,2019-03-31,12883000000,2019-05-20,Assets,2026-08-25
CL,buybacks,2019-03-31,399000000,2019-05-20,PaymentsForRepurchaseOfCommonStock,2026-08-25
CL,capex,2019-03-31,71000000,2019-05-20,PaymentsToAcquireProductiveAssets,2026-08-25
CL,cash,2019-03-31,843000000,2019-05-20,CashAndCashEquivalentsAtCarryingValue,2026-08-25
CL,debt,2019-03-31,6655000000,2019-05-20,LongTermDebtNoncurrent,2026-08-25
CL,equity,2019-03-31,-552000000,2019-05-20,StockholdersEquity,2026-08-25
CL,grossProfit,2019-03-31,2287000000,2019-05-20,GrossProfit,2026-08-25
CL,inventory,2019-03-31,1278000000,2019-05-20,InventoryNet,2026-08-25
CL,liabilities,2019-03-31,13093000000,2019-05-20,Liabilities,2026-08-25
CL,netIncome,2019-03-31,560000000,2019-05-20,NetIncomeLoss,2026-08-25
CL,operatingCashFlow,2019-03-31,605000000,2019-05-20,NetCashProvidedByUsedInOperatingActivities,2026-08-25
CL,operatingIncome,2019-03-31,879000000,2019-05-20,OperatingIncomeLoss,2026-08-25
CL,receivables,2019-03-31,1547000000,2019-05-20,AccountsReceivableNetCurrent,2026-08-25
CL,revenue,2019-03-31,3884000000,2019-05-20,RevenueFromContractWithCustomerExcludingAssessedTax,2026-08-25
CLX,assets,2019-03-31,5162000000,2019-05-20,Assets,2026-08-25
CLX,cash,2019-03-31,178000000,2019-05-20,CashAndCashEquivalentsAtCarryingValue,2026-08-25
CLX,debt,2019-03-31,2286000000,2019-05-20,LongTermDebtNoncurrent,2026-08-25
CLX,equity,2019-03-31,781000000,2019-05-20,StockholdersEquity,2026-08-25
CLX,grossProfit,2019-03-31,673000000,2019-05-20,GrossProfit,2026-08-25
CLX,inventory,2019-03-31,556000000,2019-05-20,InventoryNet,2026-08-25
CLX,liabilities,2019-03-31,4381000000,2019-05-20,Liabilities,2026-08-25
CLX,netIncome,2019-03-31,187000000,2019-05-20,NetIncomeLoss,2026-08-25
CLX,revenue,2019-03-31,1551000000,2019-05-20,RevenueFromContractWithCustomerExcludingAssessedTax,2026-08-25
CLX,rnd,2019-03-31,34000000,2019-05-20,ResearchAndDevelopmentExpense,2026-08-25
CLX,shares,2019-03-31,127888226,2019-05-20,CommonStockSharesOutstanding,2026-08-25
CMCSA,assets,2019-03-31,256189000000,2019-05-20,Assets,2026-08-25
CMCSA,buybacks,2019-03-31,247000000,2019-05-20,PaymentsForRepurchaseOfCommonStock,2026-08-25
CMCSA,capex,2019-03-31,2092000000,2019-05-20,PaymentsToAcquirePropertyPlantAndEquipment,2026-08-25
CMCSA,cash,2019-03-31,3498000000,2019-05-20,CashAndCashEquivalentsAtCarryingValue,2026-08-25
CMCSA,equity,2019-03-31,74959000000,2019-05-20,StockholdersEquity,2026-08-25
CMCSA,netIncome,2019-03-31,3553000000,2019-05-20,NetIncomeLoss,2026-08-25
CMCSA,operatingCashFlow,2019-03-31,7231000000,2019-05-20,NetCashProvidedByUsedInOperatingActivities,2026-08-25
CMCSA,operatingIncome,2019-03-31,5182000000,2019-05-20,OperatingIncomeLoss,2026-08-25
CMCSA,receivables,2019-03-31,10736000000,2019-05-20,AccountsReceivableNetCurrent,2026-08-25
CMCSA,revenue,2019-03-31,26859000000,2019-05-20,Revenues,2026-08-25
CME,assets,2019-03-31,71614500000,2019-05-20,Assets,2026-08-25
CME,capex,2019-03-31,49100000,2019-05-20,PaymentsToAcquirePropertyPlantAndEquipment,2026-08-25
CME,cash,2019-03-31,997400000,2019-05-20,CashAndCashEquivalentsAtCarryingValue,2026-08-25
CME,equity,2019-03-31,26186500000,2019-05-20,StockholdersEquity,2026-08-25
CME,liabilities,2019-03-31,45428000000,2019-05-20,Liabilities,2026-08-25
CME,netIncome,2019-03-31,496900000,2019-05-20,NetIncomeLoss,2026-08-25
CME,operatingCashFlow,2019-03-31,669200000,2019-05-20,NetCashProvidedByUsedInOperatingActivities,2026-08-25
CME,operatingIncome,2019-03-31,631000000,2019-05-20,OperatingIncomeLoss,2026-08-25
CME,receivables,2019-03-31,559500000,2019-05-20,AccountsReceivableNetCurrent,2026-08-25
CME,revenue,2019-03-31,1179600000,2019-05-20,Revenues,2026-08-25
CMG,assets,2019-03-31,4625482000,2019-05-20,Assets,2026-08-25
CMG,buybacks,2019-03-31,52886000,2019-05-20,PaymentsForRepurchaseOfCommonStock,2026-08-25
CMG,capex,2019-03-31,64226000,2019-05-20,PaymentsToAcquirePropertyPlantAndEquipment,2026-08-25
CMG,cash,2019-03-31,277661000,2019-05-20,CashAndCashEquivalentsAtCarryingValue,2026-08-25
CMG,equity,2019-03-31,1483799000,2019-05-20,StockholdersEquity,2026-08-25
CMG,inventory,2019-03-31,18780000,2019-05-20,InventoryNet,2026-08-25
CMG,liabilities,2019-03-31,3141683000,2019-05-20,Liabilities,2026-08-25
CMG,netIncome,2019-03-31,88132000,2019-05-20,NetIncomeLoss,2026-08-25
CMG,operatingCashFlow,2019-03-31,182581000,2019-05-20,NetCashProvidedByUsedInOperatingActivities,2026-08-25
CMG,operatingIncome,2019-03-31,110161000,2019-05-20,OperatingIncomeLoss,2026-08-25
CMG,receivables,2019-03-31,49725000,2019-05-20,AccountsReceivableNetCurrent,2026-08-25
CMG,revenue,2019-03-31,1308217000,2019-05-20,Revenues,2026-08-25
CMI,assets,2019-03-31,19846000000,2019-05-20,Assets,2026-08-25
CMI,buybacks,2019-03-31,100000000,2019-05-20,PaymentsForRepurchaseOfCommonStock,2026-08-25
CMI,capex,2019-03-31,109000000,2019-05-20,PaymentsToAcquirePropertyPlantAndEquipment,2026-08-25
CMI,cash,2019-03-31,1328000000,2019-05-20,CashAndCashEquivalentsAtCarryingValue,2026-08-25
CMI,equity,2019-03-31,7820000000,2019-05-20,StockholdersEquity,2026-08-25
CMI,equityStakes,2019-03-31,10000000,2019-05-20,PaymentsToAcquireEquityMethodInvestments,2026-08-25
CMI,grossProfit,2019-03-31,1532000000,2019-05-20,GrossProfit,2026-08-25
CMI,inventory,2019-03-31,3893000000,2019-05-20,InventoryNet,2026-08-25
CMI,liabilities,2019-03-31,11119000000,2019-05-20,Liabilities,2026-08-25
CMI,operatingCashFlow,2019-03-31,412000000,2019-05-20,NetCashProvidedByUsedInOperatingActivities,2026-08-25
CMI,operatingIncome,2019-03-31,799000000,2019-05-20,OperatingIncomeLoss,2026-08-25
CMI,revenue,2019-03-31,6004000000,2019-05-20,Revenues,2026-08-25
CMI,rnd,2019-03-31,237000000,2019-05-20,ResearchAndDevelopmentExpense,2026-08-25
CMS,assets,2019-03-31,24793000000,2019-05-20,Assets,2026-08-25
CMS,capex,2019-03-31,481000000,2019-05-20,PaymentsToAcquirePropertyPlantAndEquipment,2026-08-25
CMS,cash,2019-03-31,234000000,2019-05-20,CashAndCashEquivalentsAtCarryingValue,2026-08-25
CMS,debt,2019-03-31,11105000000,2019-05-20,LongTermDebtNoncurrent,2026-08-25
CMS,equity,2019-03-31,4858000000,2019-05-20,StockholdersEquity,2026-08-25
CMS,netIncome,2019-03-31,213000000,2019-05-20,NetIncomeLoss,2026-08-25
CMS,operatingCashFlow,2019-03-31,617000000,2019-05-20,NetCashProvidedByUsedInOperatingActivities,2026-08-25
CMS,operatingIncome,2019-03-31,359000000,2019-05-20,OperatingIncomeLoss,2026-08-25
CMS,receivables,2019-03-31,997000000,2019-05-20,AccountsReceivableNetCurrent,2026-08-25
CMS,revenue,2019-03-31,2059000000,2019-05-20,Revenues,2026-08-25
CMS,shares,2019-03-31,283700000,2019-05-20,CommonStockSharesOutstanding,2026-08-25
CNC,assets,2019-03-31,33569000000,2019-05-20,Assets,2026-08-25
CNC,buybacks,2019-03-31,35000000,2019-05-20,PaymentsForRepurchaseOfCommonStock,2026-08-25
CNC,capex,2019-03-31,176000000,2019-05-20,PaymentsToAcquirePropertyPlantAndEquipment,2026-08-25
CNC,cash,2019-03-31,6345000000,2019-05-20,CashAndCashEquivalentsAtCarryingValue,2026-08-25
CNC,debt,2019-03-31,6775000000,2019-05-20,LongTermDebtNoncurrent,2026-08-25
CNC,equity,2019-03-31,11540000000,2019-05-20,StockholdersEquity,2026-08-25
CNC,liabilities,2019-03-31,21925000000,2019-05-20,Liabilities,2026-08-25
CNC,netIncome,2019-03-31,522000000,2019-05-20,NetIncomeLoss,2026-08-25
CNC,operatingCashFlow,2019-03-31,1316000000,2019-05-20,NetCashProvidedByUsedInOperatingActivities,2026-08-25
CNC,operatingIncome,2019-03-31,685000000,2019-05-20,OperatingIncomeLoss,2026-08-25
CNC,revenue,2019-03-31,18444000000,2019-05-20,Revenues,2026-08-25
CNC,shares,2019-03-31,413305000,2019-05-20,CommonStockSharesOutstanding,2026-08-25
CNP,assets,2019-03-31,33902000000,2019-05-20,Assets,2026-08-25
CNP,capex,2019-03-31,537000000,2019-05-20,PaymentsToAcquireProductiveAssets,2026-08-25
CNP,cash,2019-03-31,255000000,2019-05-20,CashAndCashEquivalentsAtCarryingValue,2026-08-25
CNP,debt,2019-03-31,13759000000,2019-05-20,LongTermDebtNoncurrent,2026-08-25
CNP,equity,2019-03-31,8216000000,2019-05-20,StockholdersEquity,2026-08-25
CNP,netIncome,2019-03-31,169000000,2019-05-20,NetIncomeLoss,2026-08-25
CNP,operatingCashFlow,2019-03-31,271000000,2019-05-20,NetCashProvidedByUsedInOperatingActivities,2026-08-25
CNP,operatingIncome,2019-03-31,211000000,2019-05-20,OperatingIncomeLoss,2026-08-25
CNP,receivables,2019-03-31,1415000000,2019-05-20,AccountsReceivableNetCurrent,2026-08-25
CNP,revenue,2019-03-31,2229000000,2019-05-20,Revenues,2026-08-25
CNP,shares,2019-03-31,502168182,2019-05-20,CommonStockSharesOutstanding,2026-08-25
COF,assets,2019-03-31,373191000000,2019-05-20,Assets,2026-08-25
COF,buybacks,2019-03-31,65000000,2019-05-20,PaymentsForRepurchaseOfCommonStock,2026-08-25
COF,capex,2019-03-31,183000000,2019-05-20,PaymentsToAcquirePropertyPlantAndEquipment,2026-08-25
COF,equity,2019-03-31,53481000000,2019-05-20,StockholdersEquity,2026-08-25
COF,liabilities,2019-03-31,319710000000,2019-05-20,Liabilities,2026-08-25
COF,netIncome,2019-03-31,1412000000,2019-05-20,NetIncomeLoss,2026-08-25
COF,operatingCashFlow,2019-03-31,4881000000,2019-05-20,NetCashProvidedByUsedInOperatingActivities,2026-08-25
COF,revenue,2019-03-31,7083000000,2019-05-20,Revenues,2026-08-25
COF,shares,2019-03-31,469596514,2019-05-20,CommonStockSharesOutstanding,2026-08-25
COHR,assets,2019-03-31,1941977000,2019-05-20,Assets,2026-08-25
COHR,cash,2019-03-31,221210000,2019-05-20,CashAndCashEquivalentsAtCarryingValue,2026-08-25
COHR,debt,2019-03-31,484814000,2019-05-20,LongTermDebtNoncurrent,2026-08-25
COHR,equity,2019-03-31,1113558000,2019-05-20,StockholdersEquity,2026-08-25
COHR,inventory,2019-03-31,301861000,2019-05-20,InventoryNet,2026-08-25
COHR,liabilities,2019-03-31,828419000,2019-05-20,Liabilities,2026-08-25
COHR,netIncome,2019-03-31,24638000,2019-05-20,NetIncomeLoss,2026-08-25
COHR,operatingIncome,2019-03-31,31130000,2019-05-20,OperatingIncomeLoss,2026-08-25
COHR,receivables,2019-03-31,252361000,2019-05-20,AccountsReceivableNetCurrent,2026-08-25
COHR,revenue,2019-03-31,342496000,2019-05-20,RevenueFromContractWithCustomerExcludingAssessedTax,2026-08-25
COHR,rnd,2019-03-31,36026000,2019-05-20,ResearchAndDevelopmentExpense,2026-08-25
COO,assets,2019-01-31,6298600000,2019-04-26,Assets,2026-08-25
COO,buybacks,2019-01-31,6100000,2019-04-26,PaymentsForRepurchaseOfCommonStock,2026-08-25
COO,capex,2019-01-31,79200000,2019-04-26,PaymentsToAcquirePropertyPlantAndEquipment,2026-08-25
COO,cash,2019-01-31,146600000,2019-04-26,CashAndCashEquivalentsAtCarryingValue,2026-08-25
COO,debt,2019-01-31,1686900000,2019-04-26,LongTermDebtNoncurrent,2026-08-25
COO,grossProfit,2019-01-31,418500000,2019-04-26,GrossProfit,2026-08-25
COO,inventory,2019-01-31,486200000,2019-04-26,InventoryNet,2026-08-25
COO,liabilities,2019-01-31,2873100000,2019-04-26,Liabilities,2026-08-25
COO,netIncome,2019-01-31,103200000,2019-04-26,NetIncomeLoss,2026-08-25
COO,operatingCashFlow,2019-01-31,101800000,2019-04-26,NetCashProvidedByUsedInOperatingActivities,2026-08-25
COO,operatingIncome,2019-01-31,110900000,2019-04-26,OperatingIncomeLoss,2026-08-25
COO,receivables,2019-01-31,389700000,2019-04-26,AccountsReceivableNetCurrent,2026-08-25
COO,revenue,2019-01-31,628100000,2019-04-26,Revenues,2026-08-25
COO,rnd,2019-01-31,21000000,2019-04-26,ResearchAndDevelopmentExpense,2026-08-25
COP,assets,2019-03-31,71498000000,2019-05-20,Assets,2026-08-25
COP,buybacks,2019-03-31,752000000,2019-05-20,PaymentsForRepurchaseOfCommonStock,2026-08-25
COP,capex,2019-03-31,1637000000,2019-05-20,PaymentsToAcquireProductiveAssets,2026-08-25
COP,cash,2019-03-31,6218000000,2019-05-20,CashAndCashEquivalentsAtCarryingValue,2026-08-25
COP,debt,2019-03-31,17167000000,2019-05-20,LongTermDebt,2026-08-25
COP,equity,2019-03-31,32859000000,2019-05-20,StockholdersEquity,2026-08-25
COP,inventory,2019-03-31,1014000000,2019-05-20,InventoryNet,2026-08-25
COP,liabilities,2019-03-31,38517000000,2019-05-20,Liabilities,2026-08-25
COP,netIncome,2019-03-31,1833000000,2019-05-20,NetIncomeLoss,2026-08-25
COP,operatingCashFlow,2019-03-31,2894000000,2019-05-20,NetCashProvidedByUsedInOperatingActivities,2026-08-25
COP,revenue,2019-03-31,10057000000,2019-05-20,Revenues,2026-08-25
COR,assets,2019-03-31,38810310000,2019-05-20,Assets,2026-08-25
COR,debt,2019-03-31,4009500000,2019-05-20,LongTermDebtNoncurrent,2026-08-25
COR,equity,2019-03-31,2921215000,2019-05-20,StockholdersEquity,2026-08-25
COR,grossProfit,2019-03-31,1424756000,2019-05-20,GrossProfit,2026-08-25
COR,inventory,2019-03-31,11373730000,2019-05-20,InventoryNet,2026-08-25
COR,netIncome,2019-03-31,27135000,2019-05-20,NetIncomeLoss,2026-08-25
COR,operatingIncome,2019-03-31,47565000,2019-05-20,OperatingIncomeLoss,2026-08-25
COR,receivables,2019-03-31,12222271000,2019-05-20,AccountsReceivableNetCurrent,2026-08-25
COR,revenue,2019-03-31,43319602000,2019-05-20,Revenues,2026-08-25
COR,shares,2019-03-31,210167489,2019-05-20,CommonStockSharesOutstanding,2026-08-25
COST,netIncome,2019-02-17,889000000,2019-04-08,NetIncomeLoss,2026-08-25
CPAY,assets,2019-03-31,11514915000,2019-05-20,Assets,2026-08-25
CPAY,buybacks,2019-03-31,3322000,2019-05-20,PaymentsForRepurchaseOfCommonStock,2026-08-25
CPAY,capex,2019-03-31,14506000,2019-05-20,PaymentsToAcquirePropertyPlantAndEquipment,2026-08-25
CPAY,cash,2019-03-31,1057465000,2019-05-20,CashAndCashEquivalentsAtCarryingValue,2026-08-25
CPAY,equity,2019-03-31,3530967000,2019-05-20,StockholdersEquity,2026-08-25
CPAY,netIncome,2019-03-31,172107000,2019-05-20,NetIncomeLoss,2026-08-25
CPAY,operatingCashFlow,2019-03-31,297494000,2019-05-20,NetCashProvidedByUsedInOperatingActivities,2026-08-25
CPAY,operatingIncome,2019-03-31,284176000,2019-05-20,OperatingIncomeLoss,2026-08-25
CPAY,receivables,2019-03-31,1655459000,2019-05-20,AccountsReceivableNetCurrent,2026-08-25
CPAY,revenue,2019-03-31,621825000,2019-05-20,Revenues,2026-08-25
CPAY,shares,2019-03-31,86189402,2019-05-20,CommonStockSharesOutstanding,2026-08-25
CPRT,assets,2019-01-31,2296905000,2019-04-26,Assets,2026-08-25
CPRT,capex,2019-01-31,74391000,2019-04-26,PaymentsToAcquireProductiveAssets,2026-08-25
CPRT,cash,2019-01-31,108174000,2019-04-26,CashAndCashEquivalentsAtCarryingValue,2026-08-25
CPRT,equity,2019-01-31,1459953000,2019-04-26,StockholdersEquity,2026-08-25
CPRT,grossProfit,2019-01-31,208226000,2019-04-26,GrossProfit,2026-08-25
CPRT,inventory,2019-01-31,28315000,2019-04-26,InventoryNet,2026-08-25
CPRT,liabilities,2019-01-31,836952000,2019-04-26,Liabilities,2026-08-25
CPRT,netIncome,2019-01-31,131373000,2019-04-26,NetIncomeLoss,2026-08-25
CPRT,operatingIncome,2019-01-31,164739000,2019-04-26,OperatingIncomeLoss,2026-08-25
CPRT,receivables,2019-01-31,393561000,2019-04-26,AccountsReceivableNetCurrent,2026-08-25
CPRT,revenue,2019-01-31,484898000,2019-04-26,Revenues,2026-08-25
CPRT,shares,2019-01-31,226700670,2019-04-26,CommonStockSharesOutstanding,2026-08-25
CPT,assets,2019-03-31,6285394000,2019-05-20,Assets,2026-08-25
CPT,cash,2019-03-31,6092000,2019-05-20,CashAndCashEquivalentsAtCarryingValue,2026-08-25
CPT,debt,2019-03-31,2124800000,2019-05-20,LongTermDebt,2026-08-25
CPT,equity,2019-03-31,3652828000,2019-05-20,StockholdersEquity,2026-08-25
CPT,liabilities,2019-03-31,2559074000,2019-05-20,Liabilities,2026-08-25
CPT,netIncome,2019-03-31,38613000,2019-05-20,NetIncomeLoss,2026-08-25
CPT,operatingCashFlow,2019-03-31,92651000,2019-05-20,NetCashProvidedByUsedInOperatingActivities,2026-08-25
CPT,revenue,2019-03-31,1843000,2019-05-20,RevenueFromContractWithCustomerExcludingAssessedTax,2026-08-25
CPT,shares,2019-03-31,96700000,2019-05-20,CommonStockSharesOutstanding,2026-08-25
CRL,assets,2019-03-30,3926637000,2019-05-19,Assets,2026-08-25
CRL,buybacks,2019-03-30,17760000,2019-05-19,PaymentsForRepurchaseOfCommonStock,2026-08-25
CRL,capex,2019-03-30,16731000,2019-05-19,PaymentsToAcquireProductiveAssets,2026-08-25
CRL,cash,2019-03-30,126316000,2019-05-19,CashAndCashEquivalentsAtCarryingValue,2026-08-25
CRL,equity,2019-03-30,1398114000,2019-05-19,StockholdersEquity,2026-08-25
CRL,grossProfit,2019-03-30,211777000,2019-05-19,GrossProfit,2026-08-25
CRL,inventory,2019-03-30,129765000,2019-05-19,InventoryNet,2026-08-25
CRL,liabilities,2019-03-30,2505089000,2019-05-19,Liabilities,2026-08-25
CRL,netIncome,2019-03-30,55133000,2019-05-19,NetIncomeLoss,2026-08-25
CRL,operatingCashFlow,2019-03-30,14859000,2019-05-19,NetCashProvidedByUsedInOperatingActivities,2026-08-25
CRL,operatingIncome,2019-03-30,69792000,2019-05-19,OperatingIncomeLoss,2026-08-25
CRL,receivables,2019-03-30,495501000,2019-05-19,AccountsReceivableNetCurrent,2026-08-25
CRL,revenue,2019-03-30,604569000,2019-05-19,RevenueFromContractWithCustomerExcludingAssessedTax,2026-08-25
CRL,shares,2019-03-30,48747000,2019-05-19,CommonStockSharesOutstanding,2026-08-25
CRM,assets,2019-01-31,30737000000,2019-04-26,Assets,2026-08-25
CRM,cash,2019-01-31,2669000000,2019-04-26,CashAndCashEquivalentsAtCarryingValue,2026-08-25
CRM,debt,2019-01-31,3173000000,2019-04-26,LongTermDebtNoncurrent,2026-08-25
CRM,equity,2019-01-31,15605000000,2019-04-26,StockholdersEquity,2026-08-25
CRM,grossProfit,2019-01-31,2657000000,2019-04-26,GrossProfit,2026-08-25
CRM,liabilities,2019-01-31,15132000000,2019-04-26,Liabilities,2026-08-25
CRM,netIncome,2019-01-31,362000000,2019-04-26,NetIncomeLoss,2026-08-25
CRM,operatingIncome,2019-01-31,137000000,2019-04-26,OperatingIncomeLoss,2026-08-25
CRM,receivables,2019-01-31,4924000000,2019-04-26,AccountsReceivableNetCurrent,2026-08-25
CRM,revenue,2019-01-31,3603000000,2019-04-26,RevenueFromContractWithCustomerExcludingAssessedTax,2026-08-25
CRM,shares,2019-01-31,770000000,2019-04-26,CommonStockSharesOutstanding,2026-08-25
CRWD,assets,2019-01-31,433219000,2019-04-26,Assets,2026-08-25
CRWD,cash,2019-01-31,88408000,2019-04-26,CashAndCashEquivalentsAtCarryingValue,2026-08-25
CRWD,equity,2019-01-31,-487793000,2019-04-26,StockholdersEquity,2026-08-25
CRWD,liabilities,2019-01-31,363100000,2019-04-26,Liabilities,2026-08-25
CRWD,receivables,2019-01-31,92476000,2019-04-26,AccountsReceivableNetCurrent,2026-08-25
CRWD,shares,2019-01-31,47421000,2019-04-26,CommonStockSharesOutstanding,2026-08-25
CSCO,assets,2019-01-26,102462000000,2019-04-21,Assets,2026-08-25
CSCO,cash,2019-01-26,9835000000,2019-04-21,CashAndCashEquivalentsAtCarryingValue,2026-08-25
CSCO,debt,2019-01-26,15893000000,2019-04-21,LongTermDebtNoncurrent,2026-08-25
CSCO,equity,2019-01-26,40789000000,2019-04-21,StockholdersEquity,2026-08-25
CSCO,grossProfit,2019-01-26,7773000000,2019-04-21,GrossProfit,2026-08-25
CSCO,inventory,2019-01-26,1701000000,2019-04-21,InventoryNet,2026-08-25
CSCO,liabilities,2019-01-26,61673000000,2019-04-21,Liabilities,2026-08-25
CSCO,netIncome,2019-01-26,2822000000,2019-04-21,NetIncomeLoss,2026-08-25
CSCO,operatingIncome,2019-01-26,3211000000,2019-04-21,OperatingIncomeLoss,2026-08-25
CSCO,receivables,2019-01-26,3745000000,2019-04-21,AccountsReceivableNetCurrent,2026-08-25
CSCO,revenue,2019-01-26,12446000000,2019-04-21,RevenueFromContractWithCustomerExcludingAssessedTax,2026-08-25
CSCO,rnd,2019-01-26,1557000000,2019-04-21,ResearchAndDevelopmentExpense,2026-08-25
CSCO,shares,2019-01-26,4424000000,2019-04-21,CommonStockSharesOutstanding,2026-08-25
CSGP,assets,2019-03-31,3548284000,2019-05-20,Assets,2026-08-25
CSGP,capex,2019-03-31,9429000,2019-05-20,PaymentsToAcquireProductiveAssets,2026-08-25
CSGP,cash,2019-03-31,1232817000,2019-05-20,CashAndCashEquivalentsAtCarryingValue,2026-08-25
CSGP,equity,2019-03-31,3128614000,2019-05-20,StockholdersEquity,2026-08-25
CSGP,grossProfit,2019-03-31,257272000,2019-05-20,GrossProfit,2026-08-25
CSGP,liabilities,2019-03-31,419670000,2019-05-20,Liabilities,2026-08-25
CSGP,netIncome,2019-03-31,85169000,2019-05-20,NetIncomeLoss,2026-08-25
CSGP,operatingCashFlow,2019-03-31,148494000,2019-05-20,NetCashProvidedByUsedInOperatingActivities,2026-08-25
CSGP,operatingIncome,2019-03-31,93492000,2019-05-20,OperatingIncomeLoss,2026-08-25
CSGP,receivables,2019-03-31,92841000,2019-05-20,AccountsReceivableNetCurrent,2026-08-25
CSGP,revenue,2019-03-31,328425000,2019-05-20,RevenueFromContractWithCustomerExcludingAssessedTax,2026-08-25
CSX,assets,2019-03-31,38154000000,2019-05-20,Assets,2026-08-25
CSX,buybacks,2019-03-31,796000000,2019-05-20,PaymentsForRepurchaseOfCommonStock,2026-08-25
CSX,capex,2019-03-31,353000000,2019-05-20,PaymentsToAcquirePropertyPlantAndEquipment,2026-08-25
CSX,cash,2019-03-31,1188000000,2019-05-20,CashAndCashEquivalentsAtCarryingValue,2026-08-25
CSX,liabilities,2019-03-31,25709000000,2019-05-20,Liabilities,2026-08-25
CSX,netIncome,2019-03-31,834000000,2019-05-20,NetIncomeLoss,2026-08-25
CSX,operatingCashFlow,2019-03-31,1173000000,2019-05-20,NetCashProvidedByUsedInOperatingActivities,2026-08-25
CSX,operatingIncome,2019-03-31,1219000000,2019-05-20,OperatingIncomeLoss,2026-08-25
CSX,receivables,2019-03-31,1106000000,2019-05-20,AccountsReceivableNetCurrent,2026-08-25
CSX,revenue,2019-03-31,3013000000,2019-05-20,RevenueFromContractWithCustomerExcludingAssessedTax,2026-08-25
CTAS,assets,2019-02-28,7433673000,2019-04-19,Assets,2026-08-25
CTAS,cash,2019-02-28,80859000,2019-04-19,CashAndCashEquivalentsAtCarryingValue,2026-08-25
CTAS,debt,2019-02-28,2536958000,2019-04-19,LongTermDebtNoncurrent,2026-08-25
CTAS,equity,2019-02-28,3179492000,2019-04-19,StockholdersEquity,2026-08-25
CTAS,grossProfit,2019-02-28,755153000,2019-04-19,GrossProfit,2026-08-25
CTAS,inventory,2019-02-28,339805000,2019-04-19,InventoryNet,2026-08-25
CTAS,netIncome,2019-02-28,203334000,2019-04-19,NetIncomeLoss,2026-08-25
CTAS,operatingIncome,2019-02-28,278255000,2019-04-19,OperatingIncomeLoss,2026-08-25
CTAS,receivables,2019-02-28,878037000,2019-04-19,AccountsReceivableNetCurrent,2026-08-25
CTAS,revenue,2019-02-28,1682330000,2019-04-19,Revenues,2026-08-25
CTAS,shares,2019-02-28,104932029,2019-04-19,CommonStockSharesOutstanding,2026-08-25
CTSH,assets,2019-03-31,16096000000,2019-05-20,Assets,2026-08-25
CTSH,buybacks,2019-03-31,771000000,2019-05-20,PaymentsForRepurchaseOfCommonStock,2026-08-25
CTSH,capex,2019-03-31,106000000,2019-05-20,PaymentsToAcquirePropertyPlantAndEquipment,2026-08-25
CTSH,cash,2019-03-31,950000000,2019-05-20,CashAndCashEquivalentsAtCarryingValue,2026-08-25
CTSH,debt,2019-03-31,727000000,2019-05-20,LongTermDebtNoncurrent,2026-08-25
CTSH,equity,2019-03-31,11136000000,2019-05-20,StockholdersEquity,2026-08-25
CTSH,liabilities,2019-03-31,4960000000,2019-05-20,Liabilities,2026-08-25
CTSH,netIncome,2019-03-31,441000000,2019-05-20,NetIncomeLoss,2026-08-25
CTSH,operatingCashFlow,2019-03-31,269000000,2019-05-20,NetCashProvidedByUsedInOperatingActivities,2026-08-25
CTSH,operatingIncome,2019-03-31,539000000,2019-05-20,OperatingIncomeLoss,2026-08-25
CTSH,receivables,2019-03-31,3377000000,2019-05-20,AccountsReceivableNetCurrent,2026-08-25
CTSH,revenue,2019-03-31,4110000000,2019-05-20,Revenues,2026-08-25
CTSH,shares,2019-03-31,569000000,2019-05-20,CommonStockSharesOutstanding,2026-08-25
CTVA,assets,2019-03-31,110102000000,2019-05-20,Assets,2026-08-25
CTVA,buybacks,2019-03-31,0,2019-05-20,PaymentsForRepurchaseOfCommonStock,2026-08-25
CTVA,capex,2019-03-31,663000000,2019-05-20,PaymentsToAcquireProductiveAssets,2026-08-25
CTVA,cash,2019-03-31,1759000000,2019-05-20,CashAndCashEquivalentsAtCarryingValue,2026-08-25
CTVA,equity,2019-03-31,74571000000,2019-05-20,StockholdersEquity,2026-08-25
CTVA,inventory,2019-03-31,5019000000,2019-05-20,InventoryNet,2026-08-25
CTVA,netIncome,2019-03-31,164000000,2019-05-20,NetIncomeLoss,2026-08-25
CTVA,operatingCashFlow,2019-03-31,-1541000000,2019-05-20,NetCashProvidedByUsedInOperatingActivities,2026-08-25
CTVA,receivables,2019-03-31,4683000000,2019-05-20,AccountsReceivableNetCurrent,2026-08-25
CTVA,revenue,2019-03-31,3396000000,2019-05-20,Revenues,2026-08-25
CTVA,rnd,2019-03-31,299000000,2019-05-20,ResearchAndDevelopmentExpense,2026-08-25
CVNA,assets,2019-03-31,1338401000,2019-05-20,Assets,2026-08-25
CVNA,capex,2019-03-31,43199000,2019-05-20,PaymentsToAcquirePropertyPlantAndEquipment,2026-08-25
CVNA,cash,2019-03-31,85321000,2019-05-20,CashAndCashEquivalentsAtCarryingValue,2026-08-25
CVNA,equity,2019-03-31,54773000,2019-05-20,StockholdersEquity,2026-08-25
CVNA,grossProfit,2019-03-31,88532000,2019-05-20,GrossProfit,2026-08-25
CVNA,inventory,2019-03-31,525694000,2019-05-20,InventoryNet,2026-08-25
CVNA,liabilities,2019-03-31,1185554000,2019-05-20,Liabilities,2026-08-25
CVNA,netIncome,2019-03-31,-23115000,2019-05-20,NetIncomeLoss,2026-08-25
CVNA,operatingCashFlow,2019-03-31,-214509000,2019-05-20,NetCashProvidedByUsedInOperatingActivities,2026-08-25
CVNA,receivables,2019-03-31,38179000,2019-05-20,AccountsReceivableNetCurrent,2026-08-25
CVNA,revenue,2019-03-31,755234000,2019-05-20,RevenueFromContractWithCustomerExcludingAssessedTax,2026-08-25
CVS,assets,2019-03-31,219768000000,2019-05-20,Assets,2026-08-25
CVS,capex,2019-03-31,716000000,2019-05-20,PaymentsToAcquirePropertyPlantAndEquipment,2026-08-25
CVS,cash,2019-03-31,5896000000,2019-05-20,CashAndCashEquivalentsAtCarryingValue,2026-08-25
CVS,debt,2019-03-31,67888000000,2019-05-20,LongTermDebtNoncurrent,2026-08-25
CVS,equity,2019-03-31,59686000000,2019-05-20,StockholdersEquity,2026-08-25
CVS,inventory,2019-03-31,15448000000,2019-05-20,InventoryNet,2026-08-25
CVS,liabilities,2019-03-31,159762000000,2019-05-20,Liabilities,2026-08-25
CVS,netIncome,2019-03-31,1421000000,2019-05-20,NetIncomeLoss,2026-08-25
CVS,operatingCashFlow,2019-03-31,1948000000,2019-05-20,NetCashProvidedByUsedInOperatingActivities,2026-08-25
CVS,operatingIncome,2019-03-31,2690000000,2019-05-20,OperatingIncomeLoss,2026-08-25
CVS,receivables,2019-03-31,19509000000,2019-05-20,AccountsReceivableNetCurrent,2026-08-25
CVS,revenue,2019-03-31,61646000000,2019-05-20,Revenues,2026-08-25
CVS,shares,2019-03-31,1298000000,2019-05-20,CommonStockSharesOutstanding,2026-08-25
CVX,assets,2019-03-31,256809000000,2019-05-20,Assets,2026-08-25
CVX,buybacks,2019-03-31,538000000,2019-05-20,PaymentsForRepurchaseOfCommonStock,2026-08-25
CVX,capex,2019-03-31,2953000000,2019-05-20,PaymentsToAcquireProductiveAssets,2026-08-25
CVX,cash,2019-03-31,8699000000,2019-05-20,CashAndCashEquivalentsAtCarryingValue,2026-08-25
CVX,equity,2019-03-31,155045000000,2019-05-20,StockholdersEquity,2026-08-25
CVX,inventory,2019-03-31,6723000000,2019-05-20,InventoryNet,2026-08-25
CVX,liabilities,2019-03-31,100691000000,2019-05-20,Liabilities,2026-08-25
CVX,netIncome,2019-03-31,2649000000,2019-05-20,NetIncomeLoss,2026-08-25
CVX,operatingCashFlow,2019-03-31,5057000000,2019-05-20,NetCashProvidedByUsedInOperatingActivities,2026-08-25
CVX,revenue,2019-03-31,35200000000,2019-05-20,Revenues,2026-08-25
D,assets,2019-03-31,100054000000,2019-05-20,Assets,2026-08-25
D,capex,2019-03-31,1002000000,2019-05-20,PaymentsToAcquirePropertyPlantAndEquipment,2026-08-25
D,cash,2019-03-31,422000000,2019-05-20,CashAndCashEquivalentsAtCarryingValue,2026-08-25
D,equity,2019-03-31,26909000000,2019-05-20,StockholdersEquity,2026-08-25
D,equityStakes,2019-03-31,69000000,2019-05-20,PaymentsToAcquireEquityMethodInvestments,2026-08-25
D,inventory,2019-03-31,1657000000,2019-05-20,InventoryNet,2026-08-25
D,liabilities,2019-03-31,72455000000,2019-05-20,Liabilities,2026-08-25
D,netIncome,2019-03-31,-680000000,2019-05-20,NetIncomeLoss,2026-08-25
D,operatingCashFlow,2019-03-31,1171000000,2019-05-20,NetCashProvidedByUsedInOperatingActivities,2026-08-25
D,operatingIncome,2019-03-31,-744000000,2019-05-20,OperatingIncomeLoss,2026-08-25
D,receivables,2019-03-31,2236000000,2019-05-20,AccountsReceivableNetCurrent,2026-08-25
D,revenue,2019-03-31,3281000000,2019-05-20,Revenues,2026-08-25
D,shares,2019-03-31,802000000,2019-05-20,CommonStockSharesOutstanding,2026-08-25
DAL,assets,2019-03-31,61841000000,2019-05-20,Assets,2026-08-25
DAL,buybacks,2019-03-31,1325000000,2019-05-20,PaymentsForRepurchaseOfCommonStock,2026-08-25
DAL,capex,2019-03-31,1360000000,2019-05-20,PaymentsToAcquireProductiveAssets,2026-08-25
DAL,cash,2019-03-31,1910000000,2019-05-20,CashAndCashEquivalentsAtCarryingValue,2026-08-25
DAL,debt,2019-03-31,7435000000,2019-05-20,LongTermDebtNoncurrent,2026-08-25
DAL,equity,2019-03-31,12911000000,2019-05-20,StockholdersEquity,2026-08-25
DAL,netIncome,2019-03-31,730000000,2019-05-20,NetIncomeLoss,2026-08-25
DAL,operatingCashFlow,2019-03-31,1942000000,2019-05-20,NetCashProvidedByUsedInOperatingActivities,2026-08-25
DAL,operatingIncome,2019-03-31,1020000000,2019-05-20,OperatingIncomeLoss,2026-08-25
DAL,revenue,2019-03-31,10472000000,2019-05-20,RevenueFromContractWithCustomerExcludingAssessedTax,2026-08-25
DD,assets,2019-03-31,189785000000,2019-05-20,Assets,2026-08-25
DD,buybacks,2019-03-31,1579000000,2019-05-20,PaymentsForRepurchaseOfCommonStock,2026-08-25
DD,capex,2019-03-31,1139000000,2019-05-20,PaymentsToAcquireProductiveAssets,2026-08-25
DD,cash,2019-03-31,11543000000,2019-05-20,CashAndCashEquivalentsAtCarryingValue,2026-08-25
DD,debt,2019-03-31,38975000000,2019-05-20,LongTermDebt,2026-08-25
DD,equity,2019-03-31,92444000000,2019-05-20,StockholdersEquity,2026-08-25
DD,inventory,2019-03-31,16604000000,2019-05-20,InventoryNet,2026-08-25
DD,netIncome,2019-03-31,521000000,2019-05-20,NetIncomeLoss,2026-08-25
DD,operatingCashFlow,2019-03-31,26000000,2019-05-20,NetCashProvidedByUsedInOperatingActivities,2026-08-25
DD,receivables,2019-03-31,13963000000,2019-05-20,AccountsReceivableNetCurrent,2026-08-25
DD,revenue,2019-03-31,3879000000,2019-05-20,Revenues,2026-08-25
DD,rnd,2019-03-31,267000000,2019-05-20,ResearchAndDevelopmentExpense,2026-08-25
DDOG,capex,2019-03-31,2197000,2019-05-20,PaymentsToAcquirePropertyPlantAndEquipment,2026-08-25
DDOG,cash,2019-03-31,54554000,2019-05-20,CashAndCashEquivalentsAtCarryingValue,2026-08-25
DDOG,equity,2019-03-31,-81564000,2019-05-20,StockholdersEquity,2026-08-25
DDOG,grossProfit,2019-03-31,51100000,2019-05-20,GrossProfit,2026-08-25
DDOG,netIncome,2019-03-31,-9491000,2019-05-20,NetIncomeLoss,2026-08-25
DDOG,operatingCashFlow,2019-03-31,3418000,2019-05-20,NetCashProvidedByUsedInOperatingActivities,2026-08-25
DDOG,operatingIncome,2019-03-31,-9662000,2019-05-20,OperatingIncomeLoss,2026-08-25
DDOG,revenue,2019-03-31,70050000,2019-05-20,RevenueFromContractWithCustomerExcludingAssessedTax,2026-08-25
DDOG,rnd,2019-03-31,22815000,2019-05-20,ResearchAndDevelopmentExpense,2026-08-25
DE,assets,2019-01-27,69918000000,2019-04-22,Assets,2026-08-25
DE,buybacks,2019-01-27,144000000,2019-04-22,PaymentsForRepurchaseOfCommonStock,2026-08-25
DE,capex,2019-01-27,297000000,2019-04-22,PaymentsToAcquirePropertyPlantAndEquipment,2026-08-25
DE,cash,2019-01-27,3626000000,2019-04-22,CashAndCashEquivalentsAtCarryingValue,2026-08-25
DE,debt,2019-01-27,27855000000,2019-04-22,LongTermDebtNoncurrent,2026-08-25
DE,equity,2019-01-27,11328000000,2019-04-22,StockholdersEquity,2026-08-25
DE,grossProfit,2019-01-27,1509000000,2019-04-22,GrossProfit,2026-08-25
DE,inventory,2019-01-27,7402000000,2019-04-22,InventoryNet,2026-08-25
DE,liabilities,2019-01-27,58571000000,2019-04-22,Liabilities,2026-08-25
DE,netIncome,2019-01-27,498000000,2019-04-22,NetIncomeLoss,2026-08-25
DE,operatingCashFlow,2019-01-27,-1651000000,2019-04-22,NetCashProvidedByUsedInOperatingActivities,2026-08-25
DE,operatingIncome,2019-01-27,769000000,2019-04-22,OperatingIncomeLoss,2026-08-25
DE,revenue,2019-01-27,7984000000,2019-04-22,Revenues,2026-08-25
DE,rnd,2019-01-27,407000000,2019-04-22,ResearchAndDevelopmentExpense,2026-08-25
DECK,assets,2019-03-31,1427206000,2019-05-20,Assets,2026-08-25
DECK,cash,2019-03-31,589692000,2019-05-20,CashAndCashEquivalentsAtCarryingValue,2026-08-25
DECK,equity,2019-03-31,1045130000,2019-05-20,StockholdersEquity,2026-08-25
DECK,grossProfit,2019-03-31,203305000,2019-05-20,GrossProfit,2026-08-25
DECK,inventory,2019-03-31,278842000,2019-05-20,InventoryNet,2026-08-25
DECK,netIncome,2019-03-31,23969000,2019-05-20,NetIncomeLoss,2026-08-25
DECK,operatingIncome,2019-03-31,31604000,2019-05-20,OperatingIncomeLoss,2026-08-25
DECK,receivables,2019-03-31,178602000,2019-05-20,AccountsReceivableNetCurrent,2026-08-25
DECK,revenue,2019-03-31,394130000,2019-05-20,RevenueFromContractWithCustomerExcludingAssessedTax,2026-08-25
DECK,shares,2019-03-31,29141000,2019-05-20,CommonStockSharesOutstanding,2026-08-25
DELL,assets,2019-02-01,111820000000,2019-04-27,Assets,2026-08-25
DELL,cash,2019-02-01,9676000000,2019-04-27,CashAndCashEquivalentsAtCarryingValue,2026-08-25
DELL,debt,2019-02-01,49201000000,2019-04-27,LongTermDebtNoncurrent,2026-08-25
DELL,equity,2019-02-01,-5765000000,2019-04-27,StockholdersEquity,2026-08-25
DELL,grossProfit,2019-02-01,7109000000,2019-04-27,GrossProfit,2026-08-25
DELL,inventory,2019-02-01,3649000000,2019-04-27,InventoryNet,2026-08-25
DELL,liabilities,2019-02-01,111566000000,2019-04-27,Liabilities,2026-08-25
DELL,netIncome,2019-02-01,-299000000,2019-04-27,NetIncomeLoss,2026-08-25
DELL,receivables,2019-02-01,12371000000,2019-04-27,AccountsReceivableNetCurrent,2026-08-25
DELL,revenue,2019-02-01,23841000000,2019-04-27,Revenues,2026-08-25
DELL,shares,2019-02-01,719000000,2019-04-27,CommonStockSharesOutstanding,2026-08-25
DG,assets,2019-02-01,13204038000,2019-04-27,Assets,2026-08-25
DG,cash,2019-02-01,235487000,2019-04-27,CashAndCashEquivalentsAtCarryingValue,2026-08-25
DG,equity,2019-02-01,6417393000,2019-04-27,StockholdersEquity,2026-08-25
DG,grossProfit,2019-02-01,2071689000,2019-04-27,GrossProfit,2026-08-25
DG,inventory,2019-02-01,4097004000,2019-04-27,InventoryNet,2026-08-25
DG,netIncome,2019-02-01,483241000,2019-04-27,NetIncomeLoss,2026-08-25
DG,operatingIncome,2019-02-01,638503000,2019-04-27,OperatingIncomeLoss,2026-08-25
DG,revenue,2019-02-01,6649809000,2019-04-27,RevenueFromContractWithCustomerExcludingAssessedTax,2026-08-25
DG,shares,2019-02-01,259511000,2019-04-27,CommonStockSharesOutstanding,2026-08-25
DGX,assets,2019-03-31,11937000000,2019-05-20,Assets,2026-08-25
DGX,buybacks,2019-03-31,53000000,2019-05-20,PaymentsForRepurchaseOfCommonStock,2026-08-25
DGX,capex,2019-03-31,47000000,2019-05-20,PaymentsToAcquirePropertyPlantAndEquipment,2026-08-25
DGX,cash,2019-03-31,464000000,2019-05-20,CashAndCashEquivalentsAtCarryingValue,2026-08-25
DGX,debt,2019-03-31,3131000000,2019-05-20,LongTermDebtNoncurrent,2026-08-25
DGX,equity,2019-03-31,5290000000,2019-05-20,StockholdersEquity,2026-08-25
DGX,grossProfit,2019-03-31,647000000,2019-05-20,GrossProfit,2026-08-25
DGX,inventory,2019-03-31,98000000,2019-05-20,InventoryNet,2026-08-25
DGX,netIncome,2019-03-31,164000000,2019-05-20,NetIncomeLoss,2026-08-25
DGX,operatingCashFlow,2019-03-31,275000000,2019-05-20,NetCashProvidedByUsedInOperatingActivities,2026-08-25
DGX,operatingIncome,2019-03-31,248000000,2019-05-20,OperatingIncomeLoss,2026-08-25
DGX,receivables,2019-03-31,1079000000,2019-05-20,AccountsReceivableNetCurrent,2026-08-25
DGX,revenue,2019-03-31,1891000000,2019-05-20,RevenueFromContractWithCustomerExcludingAssessedTax,2026-08-25
DHI,assets,2019-03-31,15007000000,2019-05-20,Assets,2026-08-25
DHI,cash,2019-03-31,698800000,2019-05-20,CashAndCashEquivalentsAtCarryingValue,2026-08-25
DHI,equity,2019-03-31,9360300000,2019-05-20,StockholdersEquity,2026-08-25
DHI,liabilities,2019-03-31,5473000000,2019-05-20,Liabilities,2026-08-25
DHI,netIncome,2019-03-31,351300000,2019-05-20,NetIncomeLoss,2026-08-25
DHI,revenue,2019-03-31,4128700000,2019-05-20,Revenues,2026-08-25
DHI,shares,2019-03-31,373132964,2019-05-20,CommonStockSharesOutstanding,2026-08-25
DHR,assets,2019-03-29,51774400000,2019-05-18,Assets,2026-08-25
DHR,capex,2019-03-29,140100000,2019-05-18,PaymentsToAcquirePropertyPlantAndEquipment,2026-08-25
DHR,cash,2019-03-29,3910000000,2019-05-18,CashAndCashEquivalentsAtCarryingValue,2026-08-25
DHR,debt,2019-03-29,9458200000,2019-05-18,LongTermDebtNoncurrent,2026-08-25
DHR,equity,2019-03-29,31556600000,2019-05-18,StockholdersEquity,2026-08-25
DHR,grossProfit,2019-03-29,2354900000,2019-05-18,GrossProfit,2026-08-25
DHR,netIncome,2019-03-29,333800000,2019-05-18,NetIncomeLoss,2026-08-25
DHR,operatingCashFlow,2019-03-29,703300000,2019-05-18,NetCashProvidedByUsedInOperatingActivities,2026-08-25
DHR,operatingIncome,2019-03-29,719700000,2019-05-18,OperatingIncomeLoss,2026-08-25
DHR,receivables,2019-03-29,3409200000,2019-05-18,AccountsReceivableNetCurrent,2026-08-25
DHR,revenue,2019-03-29,4220200000,2019-05-18,RevenueFromContractWithCustomerExcludingAssessedTax,2026-08-25
DHR,rnd,2019-03-29,267500000,2019-05-18,ResearchAndDevelopmentExpense,2026-08-25
DHR,shares,2019-03-29,715800000,2019-05-18,CommonStockSharesOutstanding,2026-08-25
DIS,assets,2019-03-30,214342000000,2019-05-19,Assets,2026-08-25
DIS,cash,2019-03-30,10108000000,2019-05-19,CashAndCashEquivalentsAtCarryingValue,2026-08-25
DIS,debt,2019-03-30,37803000000,2019-05-19,LongTermDebtNoncurrent,2026-08-25
DIS,equity,2019-03-30,89938000000,2019-05-19,StockholdersEquity,2026-08-25
DIS,inventory,2019-03-30,1445000000,2019-05-19,InventoryNet,2026-08-25
DIS,netIncome,2019-03-30,5452000000,2019-05-19,NetIncomeLoss,2026-08-25
DIS,operatingIncome,2019-03-30,3815000000,2019-05-19,OperatingIncomeLoss,2026-08-25
DIS,revenue,2019-03-30,14924000000,2019-05-19,Revenues,2026-08-25
DLR,assets,2019-03-31,23342067000,2019-05-20,Assets,2026-08-25
DLR,cash,2019-03-31,123879000,2019-05-20,CashAndCashEquivalentsAtCarryingValue,2026-08-25
DLR,equity,2019-03-31,10088408000,2019-05-20,StockholdersEquity,2026-08-25
DLR,equityStakes,2019-03-31,25049000,2019-05-20,PaymentsToAcquireEquityMethodInvestments,2026-08-25
DLR,liabilities,2019-03-31,12341890000,2019-05-20,Liabilities,2026-08-25
DLR,netIncome,2019-03-31,116812000,2019-05-20,NetIncomeLoss,2026-08-25
DLR,operatingCashFlow,2019-03-31,350700000,2019-05-20,NetCashProvidedByUsedInOperatingActivities,2026-08-25
DLR,operatingIncome,2019-03-31,141543000,2019-05-20,OperatingIncomeLoss,2026-08-25
DLR,revenue,2019-03-31,814515000,2019-05-20,Revenues,2026-08-25
DLR,shares,2019-03-31,208214139,2019-05-20,CommonStockSharesOutstanding,2026-08-25
DLTR,assets,2019-02-02,13501200000,2019-04-28,Assets,2026-08-25
DLTR,cash,2019-02-02,422100000,2019-04-28,CashAndCashEquivalentsAtCarryingValue,2026-08-25
DLTR,debt,2019-02-02,4265300000,2019-04-28,LongTermDebtNoncurrent,2026-08-25
DLTR,equity,2019-02-02,5642900000,2019-04-28,StockholdersEquity,2026-08-25
DLTR,grossProfit,2019-02-02,1912100000,2019-04-28,GrossProfit,2026-08-25
DLTR,liabilities,2019-02-02,7858300000,2019-04-28,Liabilities,2026-08-25
DLTR,netIncome,2019-02-02,-2307000000,2019-04-28,NetIncomeLoss,2026-08-25
DLTR,operatingIncome,2019-02-02,-2147400000,2019-04-28,OperatingIncomeLoss,2026-08-25
DLTR,receivables,2019-02-02,100900000,2019-04-28,AccountsReceivableNetCurrent,2026-08-25
DLTR,revenue,2019-02-02,6205200000,2019-04-28,RevenueFromContractWithCustomerExcludingAssessedTax,2026-08-25
DLTR,shares,2019-02-02,238081664,2019-04-28,CommonStockSharesOutstanding,2026-08-25
DOC,assets,2019-03-31,12899501000,2019-05-20,Assets,2026-08-25
DOC,buybacks,2019-03-31,2919000,2019-05-20,PaymentsForRepurchaseOfCommonStock,2026-08-25
DOC,cash,2019-03-31,120117000,2019-05-20,CashAndCashEquivalentsAtCarryingValue,2026-08-25
DOC,debt,2019-03-31,5674647000,2019-05-20,LongTermDebt,2026-08-25
DOC,equity,2019-03-31,5836882000,2019-05-20,StockholdersEquity,2026-08-25
DOC,liabilities,2019-03-31,6500436000,2019-05-20,Liabilities,2026-08-25
DOC,netIncome,2019-03-31,61470000,2019-05-20,NetIncomeLoss,2026-08-25
DOC,operatingCashFlow,2019-03-31,158582000,2019-05-20,NetCashProvidedByUsedInOperatingActivities,2026-08-25
DOC,revenue,2019-03-31,293303000,2019-05-20,Revenues,2026-08-25
DOC,shares,2019-03-31,477928816,2019-05-20,CommonStockSharesOutstanding,2026-08-25
DOV,assets,2019-03-31,8657911000,2019-05-20,Assets,2026-08-25
DOV,buybacks,2019-03-31,0,2019-05-20,PaymentsForRepurchaseOfCommonStock,2026-08-25
DOV,capex,2019-03-31,37122000,2019-05-20,PaymentsToAcquirePropertyPlantAndEquipment,2026-08-25
DOV,cash,2019-03-31,243014000,2019-05-20,CashAndCashEquivalentsAtCarryingValue,2026-08-25
DOV,debt,2019-03-31,2940967000,2019-05-20,LongTermDebtNoncurrent,2026-08-25
DOV,grossProfit,2019-03-31,623542000,2019-05-20,GrossProfit,2026-08-25
DOV,inventory,2019-03-31,828298000,2019-05-20,InventoryNet,2026-08-25
DOV,netIncome,2019-03-31,105705000,2019-05-20,NetIncomeLoss,2026-08-25
DOV,operatingCashFlow,2019-03-31,24524000,2019-05-20,NetCashProvidedByUsedInOperatingActivitiesContinuingOperations,2026-08-25
DOV,operatingIncome,2019-03-31,168130000,2019-05-20,OperatingIncomeLoss,2026-08-25
DOV,receivables,2019-03-31,1272053000,2019-05-20,AccountsReceivableNetCurrent,2026-08-25
DOV,revenue,2019-03-31,1724757000,2019-05-20,Revenues,2026-08-25
DOW,assets,2019-03-31,79737000000,2019-05-20,Assets,2026-08-25
DOW,buybacks,2019-03-31,0,2019-05-20,PaymentsForRepurchaseOfCommonStock,2026-08-25
DOW,capex,2019-03-31,442000000,2019-05-20,PaymentsToAcquireProductiveAssets,2026-08-25
DOW,cash,2019-03-31,2904000000,2019-05-20,CashAndCashEquivalentsAtCarryingValue,2026-08-25
DOW,debt,2019-03-31,19529000000,2019-05-20,LongTermDebt,2026-08-25
DOW,equity,2019-03-31,32668000000,2019-05-20,StockholdersEquity,2026-08-25
DOW,grossProfit,2019-03-31,1827000000,2019-05-20,GrossProfit,2026-08-25
DOW,inventory,2019-03-31,9508000000,2019-05-20,InventoryNet,2026-08-25
DOW,netIncome,2019-03-31,556000000,2019-05-20,NetIncomeLoss,2026-08-25
DOW,operatingCashFlow,2019-03-31,1381000000,2019-05-20,NetCashProvidedByUsedInOperatingActivities,2026-08-25
DOW,receivables,2019-03-31,8428000000,2019-05-20,AccountsReceivableNetCurrent,2026-08-25
DOW,revenue,2019-03-31,10969000000,2019-05-20,Revenues,2026-08-25
DOW,rnd,2019-03-31,361000000,2019-05-20,ResearchAndDevelopmentExpense,2026-08-25
DPZ,assets,2019-03-24,1148275000,2019-05-13,Assets,2026-08-25
DPZ,buybacks,2019-03-24,8144000,2019-05-13,PaymentsForRepurchaseOfCommonStock,2026-08-25
DPZ,capex,2019-03-24,12222000,2019-05-13,PaymentsToAcquirePropertyPlantAndEquipment,2026-08-25
DPZ,cash,2019-03-24,83114000,2019-05-13,CashAndCashEquivalentsAtCarryingValue,2026-08-25
DPZ,equity,2019-03-24,-2975165000,2019-05-13,StockholdersEquity,2026-08-25
DPZ,grossProfit,2019-03-24,322289000,2019-05-13,GrossProfit,2026-08-25
DPZ,inventory,2019-03-24,45668000,2019-05-13,InventoryNet,2026-08-25
DPZ,netIncome,2019-03-24,92650000,2019-05-13,NetIncomeLoss,2026-08-25
DPZ,operatingCashFlow,2019-03-24,96998000,2019-05-13,NetCashProvidedByUsedInOperatingActivities,2026-08-25
DPZ,operatingIncome,2019-03-24,143504000,2019-05-13,OperatingIncomeLoss,2026-08-25
DPZ,receivables,2019-03-24,194064000,2019-05-13,AccountsReceivableNetCurrent,2026-08-25
DPZ,revenue,2019-03-24,835963000,2019-05-13,Revenues,2026-08-25
DRI,assets,2019-02-24,5697800000,2019-04-15,Assets,2026-08-25
DRI,cash,2019-02-24,302900000,2019-04-15,CashAndCashEquivalentsAtCarryingValue,2026-08-25
DRI,debt,2019-02-24,927400000,2019-04-15,LongTermDebtNoncurrent,2026-08-25
DRI,equity,2019-02-24,2315700000,2019-04-15,StockholdersEquity,2026-08-25
DRI,grossProfit,2019-02-24,455200000,2019-04-15,GrossProfit,2026-08-25
DRI,inventory,2019-02-24,209500000,2019-04-15,InventoryNet,2026-08-25
DRI,liabilities,2019-02-24,3382100000,2019-04-15,Liabilities,2026-08-25
DRI,netIncome,2019-02-24,223600000,2019-04-15,NetIncomeLoss,2026-08-25
DRI,operatingIncome,2019-02-24,265500000,2019-04-15,OperatingIncomeLoss,2026-08-25
DRI,revenue,2019-02-24,2246500000,2019-04-15,RevenueFromContractWithCustomerExcludingAssessedTax,2026-08-25
DTE,assets,2019-03-31,36434000000,2019-05-20,Assets,2026-08-25
DTE,cash,2019-03-31,56000000,2019-05-20,CashAndCashEquivalentsAtCarryingValue,2026-08-25
DTE,debt,2019-03-31,11624000000,2019-05-20,LongTermDebtNoncurrent,2026-08-25
DTE,equity,2019-03-31,10545000000,2019-05-20,StockholdersEquity,2026-08-25
DTE,equityStakes,2019-03-31,22000000,2019-05-20,PaymentsToAcquireEquityMethodInvestments,2026-08-25
DTE,netIncome,2019-03-31,401000000,2019-05-20,NetIncomeLoss,2026-08-25
DTE,operatingCashFlow,2019-03-31,752000000,2019-05-20,NetCashProvidedByUsedInOperatingActivities,2026-08-25
DTE,operatingIncome,2019-03-31,542000000,2019-05-20,OperatingIncomeLoss,2026-08-25
DTE,receivables,2019-03-31,1683000000,2019-05-20,AccountsReceivableNetCurrent,2026-08-25
DTE,shares,2019-03-31,183212427,2019-05-20,CommonStockSharesOutstanding,2026-08-25
DUK,assets,2019-03-31,151136000000,2019-05-20,Assets,2026-08-25
DUK,capex,2019-03-31,2536000000,2019-05-20,PaymentsToAcquirePropertyPlantAndEquipment,2026-08-25
DUK,cash,2019-03-31,377000000,2019-05-20,CashAndCashEquivalentsAtCarryingValue,2026-08-25
DUK,debt,2019-03-31,53681000000,2019-05-20,LongTermDebtNoncurrent,2026-08-25
DUK,equity,2019-03-31,45030000000,2019-05-20,StockholdersEquity,2026-08-25
DUK,netIncome,2019-03-31,900000000,2019-05-20,NetIncomeLoss,2026-08-25
DUK,operatingCashFlow,2019-03-31,1239000000,2019-05-20,NetCashProvidedByUsedInOperatingActivities,2026-08-25
DUK,operatingIncome,2019-03-31,1373000000,2019-05-20,OperatingIncomeLoss,2026-08-25
DUK,receivables,2019-03-31,1981000000,2019-05-20,AccountsReceivableNetCurrent,2026-08-25
DUK,shares,2019-03-31,728000000,2019-05-20,CommonStockSharesOutstanding,2026-08-25
DVA,assets,2019-03-31,22605944000,2019-05-20,Assets,2026-08-25
DVA,buybacks,2019-03-31,0,2019-05-20,PaymentsForRepurchaseOfCommonStock,2026-08-25
DVA,capex,2019-03-31,198878000,2019-05-20,PaymentsToAcquirePropertyPlantAndEquipment,2026-08-25
DVA,cash,2019-03-31,459242000,2019-05-20,CashAndCashEquivalentsAtCarryingValue,2026-08-25
DVA,equity,2019-03-31,3875354000,2019-05-20,StockholdersEquity,2026-08-25
DVA,equityStakes,2019-03-31,4067000,2019-05-20,PaymentsToAcquireEquityMethodInvestments,2026-08-25
DVA,inventory,2019-03-31,104236000,2019-05-20,InventoryNet,2026-08-25
DVA,liabilities,2019-03-31,17376227000,2019-05-20,Liabilities,2026-08-25
DVA,netIncome,2019-03-31,149289000,2019-05-20,NetIncomeLoss,2026-08-25
DVA,operatingCashFlow,2019-03-31,141304000,2019-05-20,NetCashProvidedByUsedInOperatingActivities,2026-08-25
DVA,operatingIncome,2019-03-31,340507000,2019-05-20,OperatingIncomeLoss,2026-08-25
DVA,receivables,2019-03-31,1953422000,2019-05-20,AccountsReceivableNetCurrent,2026-08-25
DVA,revenue,2019-03-31,2743112000,2019-05-20,Revenues,2026-08-25
DVA,shares,2019-03-31,166396147,2019-05-20,CommonStockSharesOutstanding,2026-08-25
DVN,assets,2019-03-31,18077000000,2019-05-20,Assets,2026-08-25
DVN,buybacks,2019-03-31,999000000,2019-05-20,PaymentsForRepurchaseOfCommonStock,2026-08-25
DVN,capex,2019-03-31,10000000,2019-05-20,PaymentsToAcquirePropertyPlantAndEquipment,2026-08-25
DVN,cash,2019-03-31,1327000000,2019-05-20,CashAndCashEquivalentsAtCarryingValue,2026-08-25
DVN,debt,2019-03-31,5786000000,2019-05-20,LongTermDebtNoncurrent,2026-08-25
DVN,equity,2019-03-31,7857000000,2019-05-20,StockholdersEquity,2026-08-25
DVN,netIncome,2019-03-31,-317000000,2019-05-20,NetIncomeLoss,2026-08-25
DVN,operatingCashFlow,2019-03-31,437000000,2019-05-20,NetCashProvidedByUsedInOperatingActivitiesContinuingOperations,2026-08-25
DVN,receivables,2019-03-31,1038000000,2019-05-20,AccountsReceivableNetCurrent,2026-08-25
DVN,revenue,2019-03-31,1079000000,2019-05-20,Revenues,2026-08-25
DXCM,assets,2019-03-31,1974000000,2019-05-20,Assets,2026-08-25
DXCM,capex,2019-03-31,39300000,2019-05-20,PaymentsToAcquirePropertyPlantAndEquipment,2026-08-25
DXCM,cash,2019-03-31,1285100000,2019-05-20,CashAndCashEquivalentsAtCarryingValue,2026-08-25
DXCM,grossProfit,2019-03-31,168800000,2019-05-20,GrossProfit,2026-08-25
DXCM,inventory,2019-03-31,101100000,2019-05-20,InventoryNet,2026-08-25
DXCM,liabilities,2019-03-31,1305400000,2019-05-20,Liabilities,2026-08-25
DXCM,netIncome,2019-03-31,-26900000,2019-05-20,NetIncomeLoss,2026-08-25
DXCM,operatingCashFlow,2019-03-31,11800000,2019-05-20,NetCashProvidedByUsedInOperatingActivities,2026-08-25
DXCM,operatingIncome,2019-03-31,-14400000,2019-05-20,OperatingIncomeLoss,2026-08-25
DXCM,receivables,2019-03-31,204700000,2019-05-20,AccountsReceivableNetCurrent,2026-08-25
DXCM,revenue,2019-03-31,280500000,2019-05-20,RevenueFromContractWithCustomerExcludingAssessedTax,2026-08-25
DXCM,rnd,2019-03-31,59000000,2019-05-20,ResearchAndDevelopmentExpense,2026-08-25
DXCM,shares,2019-03-31,91000000,2019-05-20,CommonStockSharesOutstanding,2026-08-25
EBAY,assets,2019-03-31,22329000000,2019-05-20,Assets,2026-08-25
EBAY,buybacks,2019-03-31,1431000000,2019-05-20,PaymentsForRepurchaseOfCommonStock,2026-08-25
EBAY,capex,2019-03-31,180000000,2019-05-20,PaymentsToAcquirePropertyPlantAndEquipment,2026-08-25
EBAY,cash,2019-03-31,1695000000,2019-05-20,CashAndCashEquivalentsAtCarryingValue,2026-08-25
EBAY,debt,2019-03-31,7700000000,2019-05-20,LongTermDebtNoncurrent,2026-08-25
EBAY,equity,2019-03-31,5203000000,2019-05-20,StockholdersEquity,2026-08-25
EBAY,grossProfit,2019-03-31,1643000000,2019-05-20,GrossProfit,2026-08-25
EBAY,liabilities,2019-03-31,17126000000,2019-05-20,Liabilities,2026-08-25
EBAY,netIncome,2019-03-31,518000000,2019-05-20,NetIncomeLoss,2026-08-25
EBAY,operatingCashFlow,2019-03-31,550000000,2019-05-20,NetCashProvidedByUsedInOperatingActivities,2026-08-25
EBAY,operatingIncome,2019-03-31,593000000,2019-05-20,OperatingIncomeLoss,2026-08-25
EBAY,receivables,2019-03-31,716000000,2019-05-20,AccountsReceivableNetCurrent,2026-08-25
EBAY,revenue,2019-03-31,2161000000,2019-05-20,RevenueFromContractWithCustomerExcludingAssessedTax,2026-08-25
EBAY,rnd,2019-03-31,272000000,2019-05-20,ResearchAndDevelopmentExpense,2026-08-25
EBAY,shares,2019-03-31,876000000,2019-05-20,CommonStockSharesOutstanding,2026-08-25
ECHO,assets,2019-03-31,8778891000,2019-05-20,Assets,2026-08-25
ECHO,buybacks,2019-03-31,0,2019-05-20,PaymentsForRepurchaseOfCommonStock,2026-08-25
ECHO,capex,2019-03-31,111962000,2019-05-20,PaymentsToAcquirePropertyPlantAndEquipment,2026-08-25
ECHO,cash,2019-03-31,1349724000,2019-05-20,CashAndCashEquivalentsAtCarryingValue,2026-08-25
ECHO,debt,2019-03-31,3298120000,2019-05-20,LongTermDebt,2026-08-25
ECHO,equity,2019-03-31,4168102000,2019-05-20,StockholdersEquity,2026-08-25
ECHO,inventory,2019-03-31,76114000,2019-05-20,InventoryNet,2026-08-25
ECHO,liabilities,2019-03-31,4599355000,2019-05-20,Liabilities,2026-08-25
ECHO,operatingCashFlow,2019-03-31,175946000,2019-05-20,NetCashProvidedByUsedInOperatingActivities,2026-08-25
ECHO,operatingIncome,2019-03-31,28048000,2019-05-20,OperatingIncomeLoss,2026-08-25
ECHO,receivables,2019-03-31,216558000,2019-05-20,AccountsReceivableNetCurrent,2026-08-25
ECHO,revenue,2019-03-31,531082000,2019-05-20,Revenues,2026-08-25
ECHO,rnd,2019-03-31,6888000,2019-05-20,ResearchAndDevelopmentExpense,2026-08-25
ECL,assets,2019-03-31,20927600000,2019-05-20,Assets,2026-08-25
ECL,buybacks,2019-03-31,131400000,2019-05-20,PaymentsForRepurchaseOfCommonStock,2026-08-25
ECL,capex,2019-03-31,187000000,2019-05-20,PaymentsToAcquirePropertyPlantAndEquipment,2026-08-25
ECL,cash,2019-03-31,79000000,2019-05-20,CashAndCashEquivalentsAtCarryingValue,2026-08-25
ECL,equity,2019-03-31,8220700000,2019-05-20,StockholdersEquity,2026-08-25
ECL,inventory,2019-03-31,1645600000,2019-05-20,InventoryNet,2026-08-25
ECL,liabilities,2019-03-31,12660700000,2019-05-20,Liabilities,2026-08-25
ECL,operatingCashFlow,2019-03-31,378100000,2019-05-20,NetCashProvidedByUsedInOperatingActivities,2026-08-25
ECL,operatingIncome,2019-03-31,313600000,2019-05-20,OperatingIncomeLoss,2026-08-25
ECL,receivables,2019-03-31,2691600000,2019-05-20,AccountsReceivableNetCurrent,2026-08-25
ECL,revenue,2019-03-31,2924700000,2019-05-20,RevenueFromContractWithCustomerExcludingAssessedTax,2026-08-25
ECL,shares,2019-03-31,288200000,2019-05-20,CommonStockSharesOutstanding,2026-08-25
ED,assets,2019-03-31,55066000000,2019-05-20,Assets,2026-08-25
ED,capex,2019-03-31,48000000,2019-05-20,PaymentsToAcquirePropertyPlantAndEquipment,2026-08-25
ED,cash,2019-03-31,406000000,2019-05-20,CashAndCashEquivalentsAtCarryingValue,2026-08-25
ED,debt,2019-03-31,16933000000,2019-05-20,LongTermDebtNoncurrent,2026-08-25
ED,equity,2019-03-31,17369000000,2019-05-20,StockholdersEquity,2026-08-25
ED,netIncome,2019-03-31,424000000,2019-05-20,NetIncomeLoss,2026-08-25
ED,operatingCashFlow,2019-03-31,464000000,2019-05-20,NetCashProvidedByUsedInOperatingActivities,2026-08-25
ED,operatingIncome,2019-03-31,786000000,2019-05-20,OperatingIncomeLoss,2026-08-25
ED,receivables,2019-03-31,1309000000,2019-05-20,AccountsReceivableNetCurrent,2026-08-25
ED,revenue,2019-03-31,3514000000,2019-05-20,Revenues,2026-08-25
EFX,assets,2019-03-31,7335700000,2019-05-20,Assets,2026-08-25
EFX,capex,2019-03-31,114800000,2019-05-20,PaymentsToAcquireProductiveAssets,2026-08-25
EFX,cash,2019-03-31,133200000,2019-05-20,CashAndCashEquivalentsAtCarryingValue,2026-08-25
EFX,debt,2019-03-31,2656900000,2019-05-20,LongTermDebtNoncurrent,2026-08-25
EFX,equity,2019-03-31,2561700000,2019-05-20,StockholdersEquity,2026-08-25
EFX,liabilities,2019-03-31,4724800000,2019-05-20,Liabilities,2026-08-25
EFX,netIncome,2019-03-31,-553200000,2019-05-20,NetIncomeLoss,2026-08-25
EFX,operatingCashFlow,2019-03-31,31000000,2019-05-20,NetCashProvidedByUsedInOperatingActivities,2026-08-25
EFX,operatingIncome,2019-03-31,-617900000,2019-05-20,OperatingIncomeLoss,2026-08-25
EFX,receivables,2019-03-31,514000000,2019-05-20,AccountsReceivableNetCurrent,2026-08-25
EFX,revenue,2019-03-31,846100000,2019-05-20,RevenueFromContractWithCustomerExcludingAssessedTax,2026-08-25
EFX,shares,2019-03-31,120800000,2019-05-20,CommonStockSharesOutstanding,2026-08-25
EG,assets,2019-03-31,25593151000,2019-05-20,Assets,2026-08-25
EG,buybacks,2019-03-31,16153000,2019-05-20,PaymentsForRepurchaseOfCommonStock,2026-08-25
EG,equity,2019-03-31,8389273000,2019-05-20,StockholdersEquity,2026-08-25
EG,liabilities,2019-03-31,17203878000,2019-05-20,Liabilities,2026-08-25
EG,operatingCashFlow,2019-03-31,459802000,2019-05-20,NetCashProvidedByUsedInOperatingActivities,2026-08-25
EG,revenue,2019-03-31,1965836000,2019-05-20,Revenues,2026-08-25
EG,shares,2019-03-31,69396000,2019-05-20,CommonStockSharesOutstanding,2026-08-25
EIX,assets,2019-03-31,58793000000,2019-05-20,Assets,2026-08-25
EIX,capex,2019-03-31,1074000000,2019-05-20,PaymentsToAcquirePropertyPlantAndEquipment,2026-08-25
EIX,cash,2019-03-31,328000000,2019-05-20,CashAndCashEquivalentsAtCarryingValue,2026-08-25
EIX,debt,2019-03-31,15683000000,2019-05-20,LongTermDebtNoncurrent,2026-08-25
EIX,inventory,2019-03-31,312000000,2019-05-20,InventoryNet,2026-08-25
EIX,liabilities,2019-03-31,46074000000,2019-05-20,Liabilities,2026-08-25
EIX,netIncome,2019-03-31,278000000,2019-05-20,NetIncomeLoss,2026-08-25
EIX,operatingCashFlow,2019-03-31,210000000,2019-05-20,NetCashProvidedByUsedInOperatingActivities,2026-08-25
EIX,operatingIncome,2019-03-31,352000000,2019-05-20,OperatingIncomeLoss,2026-08-25
EIX,revenue,2019-03-31,2824000000,2019-05-20,Revenues,2026-08-25
EIX,shares,2019-03-31,361985133,2019-05-20,CommonStockSharesOutstanding,2026-08-25
EL,assets,2019-03-31,12931000000,2019-05-20,Assets,2026-08-25
EL,equity,2019-03-31,4588000000,2019-05-20,StockholdersEquity,2026-08-25
EL,grossProfit,2019-03-31,2925000000,2019-05-20,GrossProfit,2026-08-25
EL,inventory,2019-03-31,1814000000,2019-05-20,InventoryNet,2026-08-25
EL,liabilities,2019-03-31,8314000000,2019-05-20,Liabilities,2026-08-25
EL,netIncome,2019-03-31,555000000,2019-05-20,NetIncomeLoss,2026-08-25
EL,operatingIncome,2019-03-31,674000000,2019-05-20,OperatingIncomeLoss,2026-08-25
EL,receivables,2019-03-31,2036000000,2019-05-20,AccountsReceivableNetCurrent,2026-08-25
EL,revenue,2019-03-31,3744000000,2019-05-20,RevenueFromContractWithCustomerExcludingAssessedTax,2026-08-25
ELV,assets,2019-03-31,74523000000,2019-05-20,Assets,2026-08-25
ELV,buybacks,2019-03-31,294000000,2019-05-20,PaymentsForRepurchaseOfCommonStock,2026-08-25
ELV,capex,2019-03-31,234000000,2019-05-20,PaymentsToAcquirePropertyPlantAndEquipment,2026-08-25
ELV,cash,2019-03-31,4482000000,2019-05-20,CashAndCashEquivalentsAtCarryingValue,2026-08-25
ELV,debt,2019-03-31,17396000000,2019-05-20,LongTermDebtNoncurrent,2026-08-25
ELV,equity,2019-03-31,29998000000,2019-05-20,StockholdersEquity,2026-08-25
ELV,liabilities,2019-03-31,44525000000,2019-05-20,Liabilities,2026-08-25
ELV,netIncome,2019-03-31,1551000000,2019-05-20,NetIncomeLoss,2026-08-25
ELV,operatingCashFlow,2019-03-31,1630000000,2019-05-20,NetCashProvidedByUsedInOperatingActivities,2026-08-25
ELV,operatingIncome,2019-03-31,1940000000,2019-05-20,OperatingIncomeLoss,2026-08-25
ELV,revenue,2019-03-31,24666000000,2019-05-20,Revenues,2026-08-25
ELV,shares,2019-03-31,257354383,2019-05-20,CommonStockSharesOutstanding,2026-08-25
EME,assets,2019-03-31,4278324000,2019-05-20,Assets,2026-08-25
EME,buybacks,2019-03-31,0,2019-05-20,PaymentsForRepurchaseOfCommonStock,2026-08-25
EME,capex,2019-03-31,13113000,2019-05-20,PaymentsToAcquireProductiveAssets,2026-08-25
EME,cash,2019-03-31,252031000,2019-05-20,CashAndCashEquivalentsAtCarryingValue,2026-08-25
EME,equity,2019-03-31,1810766000,2019-05-20,StockholdersEquity,2026-08-25
EME,equityStakes,2019-03-31,794000,2019-05-20,PaymentsToAcquireEquityMethodInvestments,2026-08-25
EME,grossProfit,2019-03-31,308754000,2019-05-20,GrossProfit,2026-08-25
EME,liabilities,2019-03-31,2466702000,2019-05-20,Liabilities,2026-08-25
EME,netIncome,2019-03-31,72410000,2019-05-20,NetIncomeLoss,2026-08-25
EME,operatingCashFlow,2019-03-31,-57435000,2019-05-20,NetCashProvidedByUsedInOperatingActivities,2026-08-25
EME,operatingIncome,2019-03-31,102310000,2019-05-20,OperatingIncomeLoss,2026-08-25
EME,receivables,2019-03-31,1797479000,2019-05-20,AccountsReceivableNetCurrent,2026-08-25
EME,revenue,2019-03-31,2158728000,2019-05-20,Revenues,2026-08-25
EME,shares,2019-03-31,56084710,2019-05-20,CommonStockSharesOutstanding,2026-08-25
EMR,assets,2019-03-31,21071000000,2019-05-20,Assets,2026-08-25
EMR,cash,2019-03-31,1384000000,2019-05-20,CashAndCashEquivalentsAtCarryingValue,2026-08-25
EMR,debt,2019-03-31,3786000000,2019-05-20,LongTermDebtNoncurrent,2026-08-25
EMR,equity,2019-03-31,8526000000,2019-05-20,StockholdersEquity,2026-08-25
EMR,grossProfit,2019-03-31,1925000000,2019-05-20,GrossProfit,2026-08-25
EMR,inventory,2019-03-31,2073000000,2019-05-20,InventoryNet,2026-08-25
EMR,netIncome,2019-03-31,520000000,2019-05-20,NetIncomeLoss,2026-08-25
EMR,receivables,2019-03-31,2911000000,2019-05-20,AccountsReceivableNetCurrent,2026-08-25
EMR,revenue,2019-03-31,4570000000,2019-05-20,RevenueFromContractWithCustomerExcludingAssessedTax,2026-08-25
EMR,shares,2019-03-31,614800000,2019-05-20,CommonStockSharesOutstanding,2026-08-25
EOG,assets,2019-03-31,35663535000,2019-05-20,Assets,2026-08-25
EOG,buybacks,2019-03-31,6248000,2019-05-20,PaymentsForRepurchaseOfCommonStock,2026-08-25
EOG,cash,2019-03-31,1135810000,2019-05-20,CashAndCashEquivalentsAtCarryingValue,2026-08-25
EOG,debt,2019-03-31,5166050000,2019-05-20,LongTermDebtNoncurrent,2026-08-25
EOG,inventory,2019-03-31,860764000,2019-05-20,InventoryNet,2026-08-25
EOG,netIncome,2019-03-31,635426000,2019-05-20,NetIncomeLoss,2026-08-25
EOG,operatingCashFlow,2019-03-31,1607769000,2019-05-20,NetCashProvidedByUsedInOperatingActivities,2026-08-25
EOG,operatingIncome,2019-03-31,876530000,2019-05-20,OperatingIncomeLoss,2026-08-25
EOG,revenue,2019-03-31,4058642000,2019-05-20,Revenues,2026-08-25
EQIX,assets,2019-03-31,22491091000,2019-05-20,Assets,2026-08-25
EQIX,capex,2019-03-31,363967000,2019-05-20,PaymentsToAcquireProductiveAssets,2026-08-25
EQIX,cash,2019-03-31,1633844000,2019-05-20,CashAndCashEquivalentsAtCarryingValue,2026-08-25
EQIX,debt,2019-03-31,9801150000,2019-05-20,LongTermDebt,2026-08-25
EQIX,equity,2019-03-31,8425112000,2019-05-20,StockholdersEquity,2026-08-25
EQIX,grossProfit,2019-03-31,681188000,2019-05-20,GrossProfit,2026-08-25
EQIX,liabilities,2019-03-31,14066303000,2019-05-20,Liabilities,2026-08-25
EQIX,netIncome,2019-03-31,118078000,2019-05-20,NetIncomeLoss,2026-08-25
EQIX,operatingCashFlow,2019-03-31,421141000,2019-05-20,NetCashProvidedByUsedInOperatingActivities,2026-08-25
EQIX,operatingIncome,2019-03-31,279508000,2019-05-20,OperatingIncomeLoss,2026-08-25
EQIX,receivables,2019-03-31,703835000,2019-05-20,AccountsReceivableNetCurrent,2026-08-25
EQIX,revenue,2019-03-31,1363218000,2019-05-20,Revenues,2026-08-25
EQIX,shares,2019-03-31,84070003,2019-05-20,CommonStockSharesOutstanding,2026-08-25
EQT,assets,2019-03-31,20339685000,2019-05-20,Assets,2026-08-25
EQT,buybacks,2019-03-31,0,2019-05-20,PaymentsForRepurchaseOfCommonStock,2026-08-25
EQT,capex,2019-03-31,371028000,2019-05-20,PaymentsToAcquirePropertyPlantAndEquipment,2026-08-25
EQT,cash,2019-03-31,40846000,2019-05-20,CashAndCashEquivalentsAtCarryingValue,2026-08-25
EQT,equity,2019-03-31,11139588000,2019-05-20,StockholdersEquity,2026-08-25
EQT,liabilities,2019-03-31,9200097000,2019-05-20,Liabilities,2026-08-25
EQT,netIncome,2019-03-31,190691000,2019-05-20,NetIncomeLoss,2026-08-25
EQT,operatingCashFlow,2019-03-31,871287000,2019-05-20,NetCashProvidedByUsedInOperatingActivities,2026-08-25
EQT,operatingIncome,2019-03-31,175456000,2019-05-20,OperatingIncomeLoss,2026-08-25
EQT,receivables,2019-03-31,817535000,2019-05-20,AccountsReceivableNetCurrent,2026-08-25
EQT,revenue,2019-03-31,1143173000,2019-05-20,Revenues,2026-08-25
ERIE,assets,2019-03-31,1799456000,2019-05-20,Assets,2026-08-25
ERIE,capex,2019-03-31,17411000,2019-05-20,PaymentsToAcquireProductiveAssets,2026-08-25
ERIE,debt,2019-03-31,97382000,2019-05-20,LongTermDebtNoncurrent,2026-08-25
ERIE,equity,2019-03-31,1013804000,2019-05-20,StockholdersEquity,2026-08-25
ERIE,liabilities,2019-03-31,785652000,2019-05-20,Liabilities,2026-08-25
ERIE,netIncome,2019-03-31,75311000,2019-05-20,NetIncomeLoss,2026-08-25
ERIE,operatingCashFlow,2019-03-31,24240000,2019-05-20,NetCashProvidedByUsedInOperatingActivities,2026-08-25
ERIE,operatingIncome,2019-03-31,86122000,2019-05-20,OperatingIncomeLoss,2026-08-25
ERIE,revenue,2019-03-31,594106000,2019-05-20,RevenueFromContractWithCustomerExcludingAssessedTax,2026-08-25
ES,assets,2019-03-31,38941007000,2019-05-20,Assets,2026-08-25
ES,capex,2019-03-31,628129000,2019-05-20,PaymentsToAcquirePropertyPlantAndEquipment,2026-08-25
ES,debt,2019-03-31,12284330000,2019-05-20,LongTermDebtNoncurrent,2026-08-25
ES,equity,2019-03-31,11637434000,2019-05-20,StockholdersEquity,2026-08-25
ES,equityStakes,2019-03-31,249138000,2019-05-20,PaymentsToAcquireEquityMethodInvestments,2026-08-25
ES,netIncome,2019-03-31,310558000,2019-05-20,NetIncomeLoss,2026-08-25
ES,operatingCashFlow,2019-03-31,381435000,2019-05-20,NetCashProvidedByUsedInOperatingActivities,2026-08-25
ES,operatingIncome,2019-03-31,494700000,2019-05-20,OperatingIncomeLoss,2026-08-25
ES,receivables,2019-03-31,1140348000,2019-05-20,AccountsReceivableNetCurrent,2026-08-25
ES,revenue,2019-03-31,2415792000,2019-05-20,Revenues,2026-08-25
ES,shares,2019-03-31,317347470,2019-05-20,CommonStockSharesOutstanding,2026-08-25
ESS,assets,2019-03-31,12578001000,2019-05-20,Assets,2026-08-25
ESS,buybacks,2019-03-31,56989000,2019-05-20,PaymentsForRepurchaseOfCommonStock,2026-08-25
ESS,cash,2019-03-31,107034000,2019-05-20,CashAndCashEquivalentsAtCarryingValue,2026-08-25
ESS,debt,2019-03-31,5759969000,2019-05-20,LongTermDebt,2026-08-25
ESS,equity,2019-03-31,6191257000,2019-05-20,StockholdersEquity,2026-08-25
ESS,equityStakes,2019-03-31,126248000,2019-05-20,PaymentsToAcquireEquityMethodInvestments,2026-08-25
ESS,liabilities,2019-03-31,6223637000,2019-05-20,Liabilities,2026-08-25
ESS,operatingCashFlow,2019-03-31,255759000,2019-05-20,NetCashProvidedByUsedInOperatingActivities,2026-08-25
ESS,operatingIncome,2019-03-31,115695000,2019-05-20,OperatingIncomeLoss,2026-08-25
ESS,revenue,2019-03-31,356223000,2019-05-20,Revenues,2026-08-25
ESS,shares,2019-03-31,65715783,2019-05-20,CommonStockSharesOutstanding,2026-08-25
ETN,assets,2019-03-31,31649000000,2019-05-20,Assets,2026-08-25
ETN,buybacks,2019-03-31,180000000,2019-05-20,PaymentsForRepurchaseOfCommonStock,2026-08-25
ETN,capex,2019-03-31,149000000,2019-05-20,PaymentsToAcquirePropertyPlantAndEquipment,2026-08-25
ETN,cash,2019-03-31,303000000,2019-05-20,CashAndCashEquivalentsAtCarryingValue,2026-08-25
ETN,equity,2019-03-31,16233000000,2019-05-20,StockholdersEquity,2026-08-25
ETN,inventory,2019-03-31,2897000000,2019-05-20,InventoryNet,2026-08-25
ETN,netIncome,2019-03-31,522000000,2019-05-20,NetIncomeLoss,2026-08-25
ETN,operatingCashFlow,2019-03-31,551000000,2019-05-20,NetCashProvidedByUsedInOperatingActivities,2026-08-25
ETN,revenue,2019-03-31,5305000000,2019-05-20,RevenueFromContractWithCustomerExcludingAssessedTax,2026-08-25
ETN,rnd,2019-03-31,156000000,2019-05-20,ResearchAndDevelopmentExpense,2026-08-25
ETR,assets,2019-03-31,49605381000,2019-05-20,Assets,2026-08-25
ETR,cash,2019-03-31,983496000,2019-05-20,CashAndCashEquivalentsAtCarryingValue,2026-08-25
ETR,debt,2019-03-31,17167886000,2019-05-20,LongTermDebtNoncurrent,2026-08-25
ETR,equity,2019-03-31,8970367000,2019-05-20,StockholdersEquity,2026-08-25
ETR,operatingCashFlow,2019-03-31,501189000,2019-05-20,NetCashProvidedByUsedInOperatingActivities,2026-08-25
ETR,operatingIncome,2019-03-31,283254000,2019-05-20,OperatingIncomeLoss,2026-08-25
ETR,receivables,2019-03-31,1074709000,2019-05-20,AccountsReceivableNetCurrent,2026-08-25
ETR,revenue,2019-03-31,2609584000,2019-05-20,RevenueFromContractWithCustomerExcludingAssessedTax,2026-08-25
EVRG,assets,2019-03-31,26060700000,2019-05-20,Assets,2026-08-25
EVRG,buybacks,2019-03-31,578300000,2019-05-20,PaymentsForRepurchaseOfCommonStock,2026-08-25
EVRG,capex,2019-03-31,309000000,2019-05-20,PaymentsToAcquirePropertyPlantAndEquipment,2026-08-25
EVRG,cash,2019-03-31,133600000,2019-05-20,CashAndCashEquivalentsAtCarryingValue,2026-08-25
EVRG,debt,2019-03-31,7125900000,2019-05-20,LongTermDebtNoncurrent,2026-08-25
EVRG,equity,2019-03-31,9422900000,2019-05-20,StockholdersEquity,2026-08-25
EVRG,netIncome,2019-03-31,99500000,2019-05-20,NetIncomeLoss,2026-08-25
EVRG,operatingCashFlow,2019-03-31,362100000,2019-05-20,NetCashProvidedByUsedInOperatingActivities,2026-08-25
EVRG,operatingIncome,2019-03-31,209600000,2019-05-20,OperatingIncomeLoss,2026-08-25
EVRG,revenue,2019-03-31,1216900000,2019-05-20,Revenues,2026-08-25
EW,assets,2019-03-31,5469300000,2019-05-20,Assets,2026-08-25
EW,buybacks,2019-03-31,5700000,2019-05-20,PaymentsForRepurchaseOfCommonStock,2026-08-25
EW,capex,2019-03-31,42200000,2019-05-20,PaymentsToAcquirePropertyPlantAndEquipment,2026-08-25
EW,cash,2019-03-31,709200000,2019-05-20,CashAndCashEquivalentsAtCarryingValue,2026-08-25
EW,debt,2019-03-31,593900000,2019-05-20,LongTermDebtNoncurrent,2026-08-25
EW,equity,2019-03-31,3447500000,2019-05-20,StockholdersEquity,2026-08-25
EW,grossProfit,2019-03-31,761200000,2019-05-20,GrossProfit,2026-08-25
EW,inventory,2019-03-31,630900000,2019-05-20,InventoryNet,2026-08-25
EW,operatingCashFlow,2019-03-31,1500000,2019-05-20,NetCashProvidedByUsedInOperatingActivities,2026-08-25
EW,operatingIncome,2019-03-31,274200000,2019-05-20,OperatingIncomeLoss,2026-08-25
EW,revenue,2019-03-31,993000000,2019-05-20,RevenueFromContractWithCustomerExcludingAssessedTax,2026-08-25
EW,rnd,2019-03-31,171400000,2019-05-20,ResearchAndDevelopmentExpense,2026-08-25
EW,shares,2019-03-31,208400000,2019-05-20,CommonStockSharesOutstanding,2026-08-25
EXC,assets,2019-03-31,121593000000,2019-05-20,Assets,2026-08-25
EXC,capex,2019-03-31,1873000000,2019-05-20,PaymentsToAcquirePropertyPlantAndEquipment,2026-08-25
EXC,cash,2019-03-31,880000000,2019-05-20,CashAndCashEquivalentsAtCarryingValue,2026-08-25
EXC,debt,2019-03-31,32960000000,2019-05-20,LongTermDebtNoncurrent,2026-08-25
EXC,equity,2019-03-31,31357000000,2019-05-20,StockholdersEquity,2026-08-25
EXC,liabilities,2019-03-31,87889000000,2019-05-20,Liabilities,2026-08-25
EXC,operatingCashFlow,2019-03-31,1044000000,2019-05-20,NetCashProvidedByUsedInOperatingActivities,2026-08-25
EXC,operatingIncome,2019-03-31,1218000000,2019-05-20,OperatingIncomeLoss,2026-08-25
EXC,receivables,2019-03-31,4564000000,2019-05-20,AccountsReceivableNetCurrent,2026-08-25
EXC,revenue,2019-03-31,9477000000,2019-05-20,Revenues,2026-08-25
EXC,shares,2019-03-31,970954879,2019-05-20,CommonStockSharesOutstanding,2026-08-25
EXE,assets,2019-03-31,16637000000,2019-05-20,Assets,2026-08-25
EXE,cash,2019-03-31,8000000,2019-05-20,CashAndCashEquivalentsAtCarryingValue,2026-08-25
EXE,debt,2019-03-31,9167000000,2019-05-20,LongTermDebtNoncurrent,2026-08-25
EXE,equity,2019-03-31,4097000000,2019-05-20,StockholdersEquity,2026-08-25
EXE,netIncome,2019-03-31,-21000000,2019-05-20,NetIncomeLoss,2026-08-25
EXE,operatingCashFlow,2019-03-31,456000000,2019-05-20,NetCashProvidedByUsedInOperatingActivities,2026-08-25
EXE,operatingIncome,2019-03-31,-182000000,2019-05-20,OperatingIncomeLoss,2026-08-25
EXE,receivables,2019-03-31,1196000000,2019-05-20,AccountsReceivableNetCurrent,2026-08-25
EXE,revenue,2019-03-31,2196000000,2019-05-20,Revenues,2026-08-25
EXE,shares,2019-02-01,3600000,2019-04-27,CommonStockSharesOutstanding,2026-08-25
EXPD,assets,2019-03-31,3642912000,2019-05-20,Assets,2026-08-25
EXPD,buybacks,2019-03-31,44334000,2019-05-20,PaymentsForRepurchaseOfCommonStock,2026-08-25
EXPD,capex,2019-03-31,9435000,2019-05-20,PaymentsToAcquireProductiveAssets,2026-08-25
EXPD,cash,2019-03-31,1189429000,2019-05-20,CashAndCashEquivalentsAtCarryingValue,2026-08-25
EXPD,equity,2019-03-31,2124270000,2019-05-20,StockholdersEquity,2026-08-25
EXPD,netIncome,2019-03-31,139699000,2019-05-20,NetIncomeLoss,2026-08-25
EXPD,operatingCashFlow,2019-03-31,289483000,2019-05-20,NetCashProvidedByUsedInOperatingActivities,2026-08-25
EXPD,operatingIncome,2019-03-31,187601000,2019-05-20,OperatingIncomeLoss,2026-08-25
EXPD,receivables,2019-03-31,1353725000,2019-05-20,AccountsReceivableNetCurrent,2026-08-25
EXPD,revenue,2019-03-31,2020051000,2019-05-20,RevenueFromContractWithCustomerExcludingAssessedTax,2026-08-25
EXPD,shares,2019-03-31,171648000,2019-05-20,CommonStockSharesOutstanding,2026-08-25
EXPE,assets,2019-03-31,20963000000,2019-05-20,Assets,2026-08-25
EXPE,buybacks,2019-03-31,25000000,2019-05-20,PaymentsForRepurchaseOfCommonStock,2026-08-25
EXPE,capex,2019-03-31,274000000,2019-05-20,PaymentsToAcquirePropertyPlantAndEquipment,2026-08-25
EXPE,cash,2019-03-31,3708000000,2019-05-20,CashAndCashEquivalentsAtCarryingValue,2026-08-25
EXPE,debt,2019-03-31,3704000000,2019-05-20,LongTermDebtNoncurrent,2026-08-25
EXPE,equity,2019-03-31,4083000000,2019-05-20,StockholdersEquity,2026-08-25
EXPE,netIncome,2019-03-31,-103000000,2019-05-20,NetIncomeLoss,2026-08-25
EXPE,operatingCashFlow,2019-03-31,2149000000,2019-05-20,NetCashProvidedByUsedInOperatingActivities,2026-08-25
EXPE,operatingIncome,2019-03-31,-131000000,2019-05-20,OperatingIncomeLoss,2026-08-25
EXPE,receivables,2019-03-31,2617000000,2019-05-20,AccountsReceivableNetCurrent,2026-08-25
EXPE,revenue,2019-03-31,2609000000,2019-05-20,RevenueFromContractWithCustomerExcludingAssessedTax,2026-08-25
EXR,assets,2019-03-31,8132514000,2019-05-20,Assets,2026-08-25
EXR,buybacks,2019-03-31,0,2019-05-20,PaymentsForRepurchaseOfCommonStock,2026-08-25
EXR,cash,2019-03-31,38988000,2019-05-20,CashAndCashEquivalentsAtCarryingValue,2026-08-25
EXR,equity,2019-03-31,2384149000,2019-05-20,StockholdersEquity,2026-08-25
EXR,equityStakes,2019-03-31,17395000,2019-05-20,PaymentsToAcquireEquityMethodInvestments,2026-08-25
EXR,liabilities,2019-03-31,5358702000,2019-05-20,Liabilities,2026-08-25
EXR,netIncome,2019-03-31,94770000,2019-05-20,NetIncomeLoss,2026-08-25
EXR,operatingCashFlow,2019-03-31,169339000,2019-05-20,NetCashProvidedByUsedInOperatingActivities,2026-08-25
EXR,operatingIncome,2019-03-31,148477000,2019-05-20,OperatingIncomeLoss,2026-08-25
EXR,revenue,2019-03-31,311546000,2019-05-20,Revenues,2026-08-25
EXR,shares,2019-03-31,127392050,2019-05-20,CommonStockSharesOutstanding,2026-08-25
F,assets,2019-03-31,263281000000,2019-05-20,Assets,2026-08-25
F,buybacks,2019-03-31,0,2019-05-20,PaymentsForRepurchaseOfCommonStock,2026-08-25
F,capex,2019-03-31,1633000000,2019-05-20,PaymentsToAcquireProductiveAssets,2026-08-25
F,cash,2019-03-31,20848000000,2019-05-20,CashAndCashEquivalentsAtCarryingValue,2026-08-25
F,equity,2019-03-31,36398000000,2019-05-20,StockholdersEquity,2026-08-25
F,inventory,2019-03-31,12333000000,2019-05-20,InventoryNet,2026-08-25
F,liabilities,2019-03-31,226712000000,2019-05-20,Liabilities,2026-08-25
F,operatingCashFlow,2019-03-31,3544000000,2019-05-20,NetCashProvidedByUsedInOperatingActivities,2026-08-25
F,operatingIncome,2019-03-31,1202000000,2019-05-20,OperatingIncomeLoss,2026-08-25
F,receivables,2019-03-31,12016000000,2019-05-20,AccountsReceivableNetCurrent,2026-08-25
F,revenue,2019-03-31,40342000000,2019-05-20,Revenues,2026-08-25
FANG,assets,2019-03-31,23531000000,2019-05-20,Assets,2026-08-25
FANG,buybacks,2019-03-31,0,2019-05-20,PaymentsForRepurchaseOfCommonStock,2026-08-25
FANG,cash,2019-03-31,149000000,2019-05-20,CashAndCashEquivalentsAtCarryingValue,2026-08-25
FANG,debt,2019-03-31,4670000000,2019-05-20,LongTermDebtNoncurrent,2026-08-25
FANG,equity,2019-03-31,13773000000,2019-05-20,StockholdersEquity,2026-08-25
FANG,equityStakes,2019-03-31,149000000,2019-05-20,PaymentsToAcquireEquityMethodInvestments,2026-08-25
FANG,inventory,2019-03-31,39000000,2019-05-20,InventoryNet,2026-08-25
FANG,liabilities,2019-03-31,7754000000,2019-05-20,Liabilities,2026-08-25
FANG,netIncome,2019-03-31,10000000,2019-05-20,NetIncomeLoss,2026-08-25
FANG,operatingCashFlow,2019-03-31,377000000,2019-05-20,NetCashProvidedByUsedInOperatingActivities,2026-08-25
FANG,operatingIncome,2019-03-31,319000000,2019-05-20,OperatingIncomeLoss,2026-08-25
FANG,receivables,2019-03-31,356000000,2019-05-20,AccountsReceivableNetCurrent,2026-08-25
FANG,revenue,2019-03-31,864000000,2019-05-20,Revenues,2026-08-25
FANG,shares,2019-03-31,164615642,2019-05-20,CommonStockSharesOutstanding,2026-08-25
FAST,assets,2019-03-31,3651800000,2019-05-20,Assets,2026-08-25
FAST,buybacks,2019-03-31,0,2019-05-20,PaymentsForRepurchaseOfCommonStock,2026-08-25
FAST,capex,2019-03-31,54400000,2019-05-20,PaymentsToAcquirePropertyPlantAndEquipment,2026-08-25
FAST,cash,2019-03-31,185400000,2019-05-20,CashAndCashEquivalentsAtCarryingValue,2026-08-25
FAST,debt,2019-03-31,484600000,2019-05-20,LongTermDebtNoncurrent,2026-08-25
FAST,equity,2019-03-31,2397200000,2019-05-20,StockholdersEquity,2026-08-25
FAST,grossProfit,2019-03-31,624700000,2019-05-20,GrossProfit,2026-08-25
FAST,inventory,2019-03-31,1293900000,2019-05-20,InventoryNet,2026-08-25
FAST,netIncome,2019-03-31,194100000,2019-05-20,NetIncomeLoss,2026-08-25
FAST,operatingCashFlow,2019-03-31,204900000,2019-05-20,NetCashProvidedByUsedInOperatingActivities,2026-08-25
FAST,operatingIncome,2019-03-31,261400000,2019-05-20,OperatingIncomeLoss,2026-08-25
FAST,receivables,2019-03-31,793000000,2019-05-20,AccountsReceivableNetCurrent,2026-08-25
FAST,revenue,2019-03-31,1309300000,2019-05-20,RevenueFromContractWithCustomerExcludingAssessedTax,2026-08-25
FAST,shares,2019-03-31,286265537,2019-05-20,CommonStockSharesOutstanding,2026-08-25
FCX,assets,2019-03-31,41059000000,2019-05-20,Assets,2026-08-25
FCX,capex,2019-03-31,622000000,2019-05-20,PaymentsToAcquireProductiveAssets,2026-08-25
FCX,cash,2019-03-31,2833000000,2019-05-20,CashAndCashEquivalentsAtCarryingValue,2026-08-25
FCX,debt,2019-03-31,9902000000,2019-05-20,LongTermDebtNoncurrent,2026-08-25
FCX,equity,2019-03-31,9783000000,2019-05-20,StockholdersEquity,2026-08-25
FCX,liabilities,2019-03-31,23218000000,2019-05-20,Liabilities,2026-08-25
FCX,operatingCashFlow,2019-03-31,534000000,2019-05-20,NetCashProvidedByUsedInOperatingActivities,2026-08-25
FCX,operatingIncome,2019-03-31,321000000,2019-05-20,OperatingIncomeLoss,2026-08-25
FCX,receivables,2019-03-31,781000000,2019-05-20,AccountsReceivableNetCurrent,2026-08-25
FCX,revenue,2019-03-31,3792000000,2019-05-20,Revenues,2026-08-25
FDS,assets,2019-02-28,1464994000,2019-04-19,Assets,2026-08-25
FDS,capex,2019-02-28,11957000,2019-04-19,PaymentsToAcquirePropertyPlantAndEquipment,2026-08-25
FDS,cash,2019-02-28,218335000,2019-04-19,CashAndCashEquivalentsAtCarryingValue,2026-08-25
FDS,debt,2019-02-28,574848000,2019-04-19,LongTermDebt,2026-08-25
FDS,equity,2019-02-28,599521000,2019-04-19,StockholdersEquity,2026-08-25
FDS,liabilities,2019-02-28,865473000,2019-04-19,Liabilities,2026-08-25
FDS,netIncome,2019-02-28,84702000,2019-04-19,NetIncomeLoss,2026-08-25
FDS,operatingIncome,2019-02-28,108688000,2019-04-19,OperatingIncomeLoss,2026-08-25
FDS,receivables,2019-02-28,176356000,2019-04-19,AccountsReceivableNetCurrent,2026-08-25
FDS,revenue,2019-02-28,354895000,2019-04-19,RevenueFromContractWithCustomerExcludingAssessedTax,2026-08-25
FDS,shares,2019-02-28,38100000,2019-04-19,CommonStockSharesOutstanding,2026-08-25
FDX,assets,2019-02-28,54464000000,2019-04-19,Assets,2026-08-25
FDX,buybacks,2019-02-28,93000000,2019-04-19,PaymentsForRepurchaseOfCommonStock,2026-08-25
FDX,cash,2019-02-28,2872000000,2019-04-19,CashAndCashEquivalentsAtCarryingValue,2026-08-25
FDX,equity,2019-02-28,19894000000,2019-04-19,StockholdersEquity,2026-08-25
FDX,netIncome,2019-02-28,739000000,2019-04-19,NetIncomeLoss,2026-08-25
FDX,operatingIncome,2019-02-28,911000000,2019-04-19,OperatingIncomeLoss,2026-08-25
FDX,revenue,2019-02-28,17010000000,2019-04-19,Revenues,2026-08-25
FE,assets,2019-03-31,40490000000,2019-05-20,Assets,2026-08-25
FE,capex,2019-03-31,554000000,2019-05-20,PaymentsToAcquireProductiveAssets,2026-08-25
FE,cash,2019-03-31,174000000,2019-05-20,CashAndCashEquivalentsAtCarryingValue,2026-08-25
FE,equity,2019-03-31,6932000000,2019-05-20,StockholdersEquity,2026-08-25
FE,inventory,2019-03-31,268000000,2019-05-20,InventoryNet,2026-08-25
FE,netIncome,2019-03-31,320000000,2019-05-20,NetIncomeLoss,2026-08-25
FE,operatingCashFlow,2019-03-31,-182000000,2019-05-20,NetCashProvidedByUsedInOperatingActivities,2026-08-25
FE,operatingIncome,2019-03-31,629000000,2019-05-20,OperatingIncomeLoss,2026-08-25
FE,receivables,2019-03-31,1263000000,2019-05-20,AccountsReceivableNetCurrent,2026-08-25
FE,revenue,2019-03-31,2883000000,2019-05-20,Revenues,2026-08-25
FE,shares,2019-03-31,531442309,2019-05-20,CommonStockSharesOutstanding,2026-08-25
FFIV,assets,2019-03-31,2990236000,2019-05-20,Assets,2026-08-25
FFIV,cash,2019-03-31,726662000,2019-05-20,CashAndCashEquivalentsAtCarryingValue,2026-08-25
FFIV,grossProfit,2019-03-31,456717000,2019-05-20,GrossProfit,2026-08-25
FFIV,inventory,2019-03-31,33463000,2019-05-20,InventoryNet,2026-08-25
FFIV,netIncome,2019-03-31,116087000,2019-05-20,NetIncomeLoss,2026-08-25
FFIV,operatingIncome,2019-03-31,142793000,2019-05-20,OperatingIncomeLoss,2026-08-25
FFIV,receivables,2019-03-31,321484000,2019-05-20,AccountsReceivableNetCurrent,2026-08-25
FFIV,revenue,2019-03-31,544895000,2019-05-20,RevenueFromContractWithCustomerExcludingAssessedTax,2026-08-25
FFIV,rnd,2019-03-31,96314000,2019-05-20,ResearchAndDevelopmentExpense,2026-08-25
FFIV,shares,2019-03-31,59695000,2019-05-20,CommonStockSharesOutstanding,2026-08-25
FICO,assets,2019-03-31,1328111000,2019-05-20,Assets,2026-08-25
FICO,cash,2019-03-31,76885000,2019-05-20,CashAndCashEquivalentsAtCarryingValue,2026-08-25
FICO,debt,2019-03-31,604369000,2019-05-20,LongTermDebt,2026-08-25
FICO,equity,2019-03-31,247478000,2019-05-20,StockholdersEquity,2026-08-25
FICO,grossProfit,2019-03-31,192666000,2019-05-20,GrossProfit,2026-08-25
FICO,liabilities,2019-03-31,1080633000,2019-05-20,Liabilities,2026-08-25
FICO,netIncome,2019-03-31,33381000,2019-05-20,NetIncomeLoss,2026-08-25
FICO,operatingIncome,2019-03-31,48549000,2019-05-20,OperatingIncomeLoss,2026-08-25
FICO,receivables,2019-03-31,271632000,2019-05-20,AccountsReceivableNetCurrent,2026-08-25
FICO,revenue,2019-03-31,278234000,2019-05-20,Revenues,2026-08-25
FICO,rnd,2019-03-31,37684000,2019-05-20,ResearchAndDevelopmentExpense,2026-08-25
FICO,shares,2019-03-31,29056000,2019-05-20,CommonStockSharesOutstanding,2026-08-25
FIS,assets,2019-03-31,24073000000,2019-05-20,Assets,2026-08-25
FIS,buybacks,2019-03-31,423000000,2019-05-20,PaymentsForRepurchaseOfCommonStock,2026-08-25
FIS,capex,2019-03-31,37000000,2019-05-20,PaymentsToAcquirePropertyPlantAndEquipment,2026-08-25
FIS,cash,2019-03-31,576000000,2019-05-20,CashAndCashEquivalentsAtCarryingValue,2026-08-25
FIS,debt,2019-03-31,8562000000,2019-05-20,LongTermDebtNoncurrent,2026-08-25
FIS,equity,2019-03-31,9896000000,2019-05-20,StockholdersEquity,2026-08-25
FIS,grossProfit,2019-03-31,676000000,2019-05-20,GrossProfit,2026-08-25
FIS,liabilities,2019-03-31,14170000000,2019-05-20,Liabilities,2026-08-25
FIS,netIncome,2019-03-31,148000000,2019-05-20,NetIncomeLoss,2026-08-25
FIS,operatingCashFlow,2019-03-31,294000000,2019-05-20,NetCashProvidedByUsedInOperatingActivities,2026-08-25
FIS,operatingIncome,2019-03-31,315000000,2019-05-20,OperatingIncomeLoss,2026-08-25
FIS,receivables,2019-03-31,1451000000,2019-05-20,AccountsReceivableNetCurrent,2026-08-25
FIS,revenue,2019-03-31,2057000000,2019-05-20,RevenueFromContractWithCustomerExcludingAssessedTax,2026-08-25
FISV,assets,2019-03-31,11676000000,2019-05-20,Assets,2026-08-25
FISV,capex,2019-03-31,98000000,2019-05-20,PaymentsToAcquirePropertyPlantAndEquipment,2026-08-25
FISV,equity,2019-03-31,2394000000,2019-05-20,StockholdersEquity,2026-08-25
FISV,liabilities,2019-03-31,9282000000,2019-05-20,Liabilities,2026-08-25
FISV,netIncome,2019-03-31,225000000,2019-05-20,NetIncomeLoss,2026-08-25
FISV,operatingCashFlow,2019-03-31,373000000,2019-05-20,NetCashProvidedByUsedInOperatingActivities,2026-08-25
FISV,operatingIncome,2019-03-31,373000000,2019-05-20,OperatingIncomeLoss,2026-08-25
FISV,receivables,2019-03-31,1044000000,2019-05-20,AccountsReceivableNetCurrent,2026-08-25
FISV,revenue,2019-03-31,1502000000,2019-05-20,Revenues,2026-08-25
FITB,assets,2019-03-31,167853000000,2019-05-20,Assets,2026-08-25
FITB,buybacks,2019-03-31,913000000,2019-05-20,PaymentsForRepurchaseOfCommonStock,2026-08-25
FITB,capex,2019-03-31,57000000,2019-05-20,PaymentsToAcquirePropertyPlantAndEquipment,2026-08-25
FITB,debt,2019-03-31,15483000000,2019-05-20,LongTermDebt,2026-08-25
FITB,equity,2019-03-31,19647000000,2019-05-20,StockholdersEquity,2026-08-25
FITB,liabilities,2019-03-31,148009000000,2019-05-20,Liabilities,2026-08-25
FITB,netIncome,2019-03-31,775000000,2019-05-20,NetIncomeLoss,2026-08-25
FITB,operatingCashFlow,2019-03-31,534000000,2019-05-20,NetCashProvidedByUsedInOperatingActivities,2026-08-25
FITB,shares,2019-03-31,739406088,2019-05-20,CommonStockSharesOutstanding,2026-08-25
FIX,assets,2019-03-31,1080032000,2019-05-20,Assets,2026-08-25
FIX,buybacks,2019-03-31,3321000,2019-05-20,PaymentsForRepurchaseOfCommonStock,2026-08-25
FIX,capex,2019-03-31,8844000,2019-05-20,PaymentsToAcquirePropertyPlantAndEquipment,2026-08-25
FIX,cash,2019-03-31,29130000,2019-05-20,CashAndCashEquivalentsAtCarryingValue,2026-08-25
FIX,debt,2019-03-31,74483000,2019-05-20,LongTermDebtNoncurrent,2026-08-25
FIX,equity,2019-03-31,515195000,2019-05-20,StockholdersEquity,2026-08-25
FIX,grossProfit,2019-03-31,106665000,2019-05-20,GrossProfit,2026-08-25
FIX,inventory,2019-03-31,12908000,2019-05-20,InventoryNet,2026-08-25
FIX,liabilities,2019-03-31,564837000,2019-05-20,Liabilities,2026-08-25
FIX,netIncome,2019-03-31,19866000,2019-05-20,NetIncomeLoss,2026-08-25
FIX,operatingCashFlow,2019-03-31,991000,2019-05-20,NetCashProvidedByUsedInOperatingActivities,2026-08-25
FIX,operatingIncome,2019-03-31,27979000,2019-05-20,OperatingIncomeLoss,2026-08-25
FIX,revenue,2019-03-31,538473000,2019-05-20,Revenues,2026-08-25
FIX,shares,2019-03-31,36891000,2019-05-20,CommonStockSharesOutstanding,2026-08-25
FLEX,assets,2019-03-31,13499367000,2019-05-20,Assets,2026-08-25
FLEX,cash,2019-03-31,1696625000,2019-05-20,CashAndCashEquivalentsAtCarryingValue,2026-08-25
FLEX,debt,2019-03-31,2421904000,2019-05-20,LongTermDebtNoncurrent,2026-08-25
FLEX,equity,2019-03-31,2972000000,2019-05-20,StockholdersEquity,2026-08-25
FLEX,grossProfit,2019-03-31,380295000,2019-05-20,GrossProfit,2026-08-25
FLEX,inventory,2019-03-31,3722854000,2019-05-20,InventoryNet,2026-08-25
FLEX,receivables,2019-03-31,2612961000,2019-05-20,AccountsReceivableNetCurrent,2026-08-25
FLEX,revenue,2019-03-31,6226124000,2019-05-20,RevenueFromContractWithCustomerExcludingAssessedTax,2026-08-25
FLEX,shares,2019-03-31,516548265,2019-05-20,CommonStockSharesOutstanding,2026-08-25
FOX,assets,2019-03-31,17657000000,2019-05-20,Assets,2026-08-25
FOX,cash,2019-03-31,2818000000,2019-05-20,CashAndCashEquivalentsAtCarryingValue,2026-08-25
FOX,debt,2019-03-31,6750000000,2019-05-20,LongTermDebtNoncurrent,2026-08-25
FOX,equity,2019-03-31,8600000000,2019-05-20,StockholdersEquity,2026-08-25
FOX,inventory,2019-03-31,1074000000,2019-05-20,InventoryNet,2026-08-25
FOX,receivables,2019-03-31,1949000000,2019-05-20,AccountsReceivableNetCurrent,2026-08-25
FOX,revenue,2019-03-31,2752000000,2019-05-20,Revenues,2026-08-25
FRT,assets,2019-03-31,6351366000,2019-05-20,Assets,2026-08-25
FRT,cash,2019-03-31,43003000,2019-05-20,CashAndCashEquivalentsAtCarryingValue,2026-08-25
FRT,equity,2019-03-31,2388158000,2019-05-20,StockholdersEquity,2026-08-25
FRT,liabilities,2019-03-31,3715095000,2019-05-20,Liabilities,2026-08-25
FRT,netIncome,2019-03-31,60144000,2019-05-20,NetIncomeLoss,2026-08-25
FRT,operatingCashFlow,2019-03-31,104919000,2019-05-20,NetCashProvidedByUsedInOperatingActivities,2026-08-25
FRT,operatingIncome,2019-03-31,91093000,2019-05-20,OperatingIncomeLoss,2026-08-25
FRT,revenue,2019-03-31,232227000,2019-05-20,Revenues,2026-08-25
FRT,shares,2019-03-31,74836984,2019-05-20,CommonStockSharesOutstanding,2026-08-25
FSLR,assets,2019-03-31,7256926000,2019-05-20,Assets,2026-08-25
FSLR,capex,2019-03-31,149168000,2019-05-20,PaymentsToAcquirePropertyPlantAndEquipment,2026-08-25
FSLR,cash,2019-03-31,1013402000,2019-05-20,CashAndCashEquivalentsAtCarryingValue,2026-08-25
FSLR,debt,2019-03-31,582698000,2019-05-20,LongTermDebt,2026-08-25
FSLR,equity,2019-03-31,5129161000,2019-05-20,StockholdersEquity,2026-08-25
FSLR,grossProfit,2019-03-31,112000,2019-05-20,GrossProfit,2026-08-25
FSLR,inventory,2019-03-31,459472000,2019-05-20,InventoryNet,2026-08-25
FSLR,liabilities,2019-03-31,2127765000,2019-05-20,Liabilities,2026-08-25
FSLR,netIncome,2019-03-31,-67599000,2019-05-20,NetIncomeLoss,2026-08-25
FSLR,operatingCashFlow,2019-03-31,-303440000,2019-05-20,NetCashProvidedByUsedInOperatingActivities,2026-08-25
FSLR,operatingIncome,2019-03-31,-76639000,2019-05-20,OperatingIncomeLoss,2026-08-25
FSLR,receivables,2019-03-31,301669000,2019-05-20,AccountsReceivableNetCurrent,2026-08-25
FSLR,revenue,2019-03-31,531978000,2019-05-20,Revenues,2026-08-25
FSLR,rnd,2019-03-31,21877000,2019-05-20,ResearchAndDevelopmentExpense,2026-08-25
FSLR,shares,2019-03-31,105352685,2019-05-20,CommonStockSharesOutstanding,2026-08-25
FTNT,assets,2019-03-31,3205700000,2019-05-20,Assets,2026-08-25
FTNT,buybacks,2019-03-31,60400000,2019-05-20,PaymentsForRepurchaseOfCommonStock,2026-08-25
FTNT,capex,2019-03-31,10200000,2019-05-20,PaymentsToAcquirePropertyPlantAndEquipment,2026-08-25
FTNT,cash,2019-03-31,1216900000,2019-05-20,CashAndCashEquivalentsAtCarryingValue,2026-08-25
FTNT,equity,2019-03-31,1058100000,2019-05-20,StockholdersEquity,2026-08-25
FTNT,grossProfit,2019-03-31,359600000,2019-05-20,GrossProfit,2026-08-25
FTNT,inventory,2019-03-31,88400000,2019-05-20,InventoryNet,2026-08-25
FTNT,liabilities,2019-03-31,2147600000,2019-05-20,Liabilities,2026-08-25
FTNT,netIncome,2019-03-31,58800000,2019-05-20,NetIncomeLoss,2026-08-25
FTNT,operatingCashFlow,2019-03-31,201300000,2019-05-20,NetCashProvidedByUsedInOperatingActivities,2026-08-25
FTNT,operatingIncome,2019-03-31,50600000,2019-05-20,OperatingIncomeLoss,2026-08-25
FTNT,receivables,2019-03-31,381000000,2019-05-20,AccountsReceivableNetCurrent,2026-08-25
FTNT,revenue,2019-03-31,472600000,2019-05-20,RevenueFromContractWithCustomerExcludingAssessedTax,2026-08-25
FTNT,rnd,2019-03-31,68600000,2019-05-20,ResearchAndDevelopmentExpense,2026-08-25
FTNT,shares,2019-03-31,170700000,2019-05-20,CommonStockSharesOutstanding,2026-08-25
FTV,assets,2019-03-29,15656200000,2019-05-18,Assets,2026-08-25
FTV,capex,2019-03-29,24000000,2019-05-18,PaymentsToAcquirePropertyPlantAndEquipment,2026-08-25
FTV,cash,2019-03-29,3728900000,2019-05-18,CashAndCashEquivalentsAtCarryingValue,2026-08-25
FTV,debt,2019-03-29,4728300000,2019-05-18,LongTermDebtNoncurrent,2026-08-25
FTV,equity,2019-03-29,6850700000,2019-05-18,StockholdersEquity,2026-08-25
FTV,grossProfit,2019-03-29,551600000,2019-05-18,GrossProfit,2026-08-25
FTV,inventory,2019-03-29,608300000,2019-05-18,InventoryNet,2026-08-25
FTV,operatingCashFlow,2019-03-29,156200000,2019-05-18,NetCashProvidedByUsedInOperatingActivities,2026-08-25
FTV,operatingIncome,2019-03-29,112000000,2019-05-18,OperatingIncomeLoss,2026-08-25
FTV,receivables,2019-03-29,1146600000,2019-05-18,AccountsReceivableNetCurrent,2026-08-25
FTV,revenue,2019-03-29,980400000,2019-05-18,RevenueFromContractWithCustomerExcludingAssessedTax,2026-08-25
FTV,rnd,2019-03-29,109000000,2019-05-18,ResearchAndDevelopmentExpense,2026-08-25
FTV,shares,2019-03-29,335000000,2019-05-18,CommonStockSharesOutstanding,2026-08-25
GD,assets,2019-03-31,47466000000,2019-05-20,Assets,2026-08-25
GD,buybacks,2019-03-31,133000000,2019-05-20,PaymentsForRepurchaseOfCommonStock,2026-08-25
GD,capex,2019-03-31,181000000,2019-05-20,PaymentsToAcquirePropertyPlantAndEquipment,2026-08-25
GD,cash,2019-03-31,673000000,2019-05-20,CashAndCashEquivalentsAtCarryingValue,2026-08-25
GD,debt,2019-03-31,11451000000,2019-05-20,LongTermDebtNoncurrent,2026-08-25
GD,equity,2019-03-31,12234000000,2019-05-20,StockholdersEquity,2026-08-25
GD,inventory,2019-03-31,6185000000,2019-05-20,InventoryNet,2026-08-25
GD,netIncome,2019-03-31,745000000,2019-05-20,NetIncomeLoss,2026-08-25
GD,operatingCashFlow,2019-03-31,-795000000,2019-05-20,NetCashProvidedByUsedInOperatingActivities,2026-08-25
GD,operatingIncome,2019-03-31,1014000000,2019-05-20,OperatingIncomeLoss,2026-08-25
GD,receivables,2019-03-31,3718000000,2019-05-20,AccountsReceivableNetCurrent,2026-08-25
GD,revenue,2019-03-31,9261000000,2019-05-20,RevenueFromContractWithCustomerExcludingAssessedTax,2026-08-25
GDDY,assets,2019-03-31,6350600000,2019-05-20,Assets,2026-08-25
GDDY,buybacks,2019-03-31,0,2019-05-20,PaymentsForRepurchaseOfCommonStock,2026-08-25
GDDY,capex,2019-03-31,29400000,2019-05-20,PaymentsToAcquirePropertyPlantAndEquipment,2026-08-25
GDDY,cash,2019-03-31,1090300000,2019-05-20,CashAndCashEquivalentsAtCarryingValue,2026-08-25
GDDY,debt,2019-03-31,2390000000,2019-05-20,LongTermDebtNoncurrent,2026-08-25
GDDY,equity,2019-03-31,910400000,2019-05-20,StockholdersEquity,2026-08-25
GDDY,netIncome,2019-03-31,12900000,2019-05-20,NetIncomeLoss,2026-08-25
GDDY,operatingCashFlow,2019-03-31,199700000,2019-05-20,NetCashProvidedByUsedInOperatingActivities,2026-08-25
GDDY,operatingIncome,2019-03-31,18800000,2019-05-20,OperatingIncomeLoss,2026-08-25
GDDY,receivables,2019-03-31,35400000,2019-05-20,AccountsReceivableNetCurrent,2026-08-25
GDDY,revenue,2019-03-31,710000000,2019-05-20,RevenueFromContractWithCustomerExcludingAssessedTax,2026-08-25
GE,assets,2019-03-31,315082000000,2019-05-20,Assets,2026-08-25
GE,capex,2019-03-31,1395000000,2019-05-20,PaymentsToAcquirePropertyPlantAndEquipment,2026-08-25
GE,equity,2019-03-31,35161000000,2019-05-20,StockholdersEquity,2026-08-25
GE,inventory,2019-03-31,19419000000,2019-05-20,InventoryNet,2026-08-25
GE,liabilities,2019-03-31,259020000000,2019-05-20,Liabilities,2026-08-25
GE,netIncome,2019-03-31,3588000000,2019-05-20,NetIncomeLoss,2026-08-25
GE,operatingCashFlow,2019-03-31,122000000,2019-05-20,NetCashProvidedByUsedInOperatingActivities,2026-08-25
GE,receivables,2019-03-31,19518000000,2019-05-20,AccountsReceivableNetCurrent,2026-08-25
GE,revenue,2019-03-31,22202000000,2019-05-20,Revenues,2026-08-25
GE,shares,2019-03-31,8720808000,2019-05-20,CommonStockSharesOutstanding,2026-08-25
GEN,assets,2019-03-29,15938000000,2019-05-18,Assets,2026-08-25
GEN,cash,2019-03-29,1791000000,2019-05-18,CashAndCashEquivalentsAtCarryingValue,2026-08-25
GEN,debt,2019-03-29,3961000000,2019-05-18,LongTermDebtNoncurrent,2026-08-25
GEN,equity,2019-03-29,5738000000,2019-05-18,StockholdersEquity,2026-08-25
GEN,liabilities,2019-03-29,10200000000,2019-05-18,Liabilities,2026-08-25
GEN,receivables,2019-03-29,708000000,2019-05-18,AccountsReceivableNetCurrent,2026-08-25
GEN,shares,2019-03-29,630000000,2019-05-18,CommonStockSharesOutstanding,2026-08-25
GILD,assets,2019-03-31,62837000000,2019-05-20,Assets,2026-08-25
GILD,buybacks,2019-03-31,834000000,2019-05-20,PaymentsForRepurchaseOfCommonStock,2026-08-25
GILD,capex,2019-03-31,237000000,2019-05-20,PaymentsToAcquirePropertyPlantAndEquipment,2026-08-25
GILD,cash,2019-03-31,16927000000,2019-05-20,CashAndCashEquivalentsAtCarryingValue,2026-08-25
GILD,debt,2019-03-31,24080000000,2019-05-20,LongTermDebtNoncurrent,2026-08-25
GILD,equity,2019-03-31,21951000000,2019-05-20,StockholdersEquity,2026-08-25
GILD,grossProfit,2019-03-31,4243000000,2019-05-20,GrossProfit,2026-08-25
GILD,inventory,2019-03-31,898000000,2019-05-20,InventoryNet,2026-08-25
GILD,netIncome,2019-03-31,1975000000,2019-05-20,NetIncomeLoss,2026-08-25
GILD,operatingCashFlow,2019-03-31,1577000000,2019-05-20,NetCashProvidedByUsedInOperatingActivities,2026-08-25
GILD,operatingIncome,2019-03-31,2237000000,2019-05-20,OperatingIncomeLoss,2026-08-25
GILD,receivables,2019-03-31,3283000000,2019-05-20,AccountsReceivableNetCurrent,2026-08-25
GILD,revenue,2019-03-31,5281000000,2019-05-20,Revenues,2026-08-25
GILD,rnd,2019-03-31,1057000000,2019-05-20,ResearchAndDevelopmentExpense,2026-08-25
GILD,shares,2019-03-31,1274000000,2019-05-20,CommonStockSharesOutstanding,2026-08-25
GIS,assets,2019-02-24,30285800000,2019-04-15,Assets,2026-08-25
GIS,cash,2019-02-24,547100000,2019-04-15,CashAndCashEquivalentsAtCarryingValue,2026-08-25
GIS,debt,2019-02-24,11642600000,2019-04-15,LongTermDebtNoncurrent,2026-08-25
GIS,equity,2019-02-24,6930400000,2019-04-15,StockholdersEquity,2026-08-25
GIS,grossProfit,2019-02-24,1443000000,2019-04-15,GrossProfit,2026-08-25
GIS,inventory,2019-02-24,1544500000,2019-04-15,InventoryNet,2026-08-25
GIS,liabilities,2019-02-24,22487500000,2019-04-15,Liabilities,2026-08-25
GIS,netIncome,2019-02-24,446800000,2019-04-15,NetIncomeLoss,2026-08-25
GIS,operatingIncome,2019-02-24,651300000,2019-04-15,OperatingIncomeLoss,2026-08-25
GIS,revenue,2019-02-24,4198300000,2019-04-15,RevenueFromContractWithCustomerExcludingAssessedTax,2026-08-25
GL,assets,2019-03-31,24133438000,2019-05-20,Assets,2026-08-25
GL,buybacks,2019-03-31,110896000,2019-05-20,PaymentsForRepurchaseOfCommonStock,2026-08-25
GL,capex,2019-03-31,7015000,2019-05-20,PaymentsToAcquirePropertyPlantAndEquipment,2026-08-25
GL,debt,2019-03-31,1355601000,2019-05-20,LongTermDebt,2026-08-25
GL,equity,2019-03-31,6043426000,2019-05-20,StockholdersEquity,2026-08-25
GL,grossProfit,2019-03-31,226772000,2019-05-20,GrossProfit,2026-08-25
GL,liabilities,2019-03-31,18090012000,2019-05-20,Liabilities,2026-08-25
GL,netIncome,2019-03-31,185345000,2019-05-20,NetIncomeLoss,2026-08-25
GL,operatingCashFlow,2019-03-31,423285000,2019-05-20,NetCashProvidedByUsedInOperatingActivities,2026-08-25
GL,operatingIncome,2019-03-31,227172000,2019-05-20,OperatingIncomeLoss,2026-08-25
GL,revenue,2019-03-31,1119216000,2019-05-20,Revenues,2026-08-25
GL,shares,2019-03-31,121218183,2019-05-20,CommonStockSharesOutstanding,2026-08-25
GLW,assets,2019-03-31,27321000000,2019-05-20,Assets,2026-08-25
GLW,buybacks,2019-03-31,257000000,2019-05-20,PaymentsForRepurchaseOfCommonStock,2026-08-25
GLW,equity,2019-03-31,13607000000,2019-05-20,StockholdersEquity,2026-08-25
GLW,grossProfit,2019-03-31,1099000000,2019-05-20,GrossProfit,2026-08-25
GLW,inventory,2019-03-31,2190000000,2019-05-20,InventoryNet,2026-08-25
GLW,liabilities,2019-03-31,13615000000,2019-05-20,Liabilities,2026-08-25
GLW,netIncome,2019-03-31,499000000,2019-05-20,NetIncomeLoss,2026-08-25
GLW,operatingCashFlow,2019-03-31,-29000000,2019-05-20,NetCashProvidedByUsedInOperatingActivities,2026-08-25
GLW,operatingIncome,2019-03-31,420000000,2019-05-20,OperatingIncomeLoss,2026-08-25
GLW,receivables,2019-03-31,1974000000,2019-05-20,AccountsReceivableNetCurrent,2026-08-25
GLW,revenue,2019-03-31,2812000000,2019-05-20,Revenues,2026-08-25
GM,assets,2019-03-31,233132000000,2019-05-20,Assets,2026-08-25
GM,capex,2019-03-31,2014000000,2019-05-20,PaymentsToAcquirePropertyPlantAndEquipment,2026-08-25
GM,cash,2019-03-31,17176000000,2019-05-20,CashAndCashEquivalentsAtCarryingValue,2026-08-25
GM,equity,2019-03-31,40765000000,2019-05-20,StockholdersEquity,2026-08-25
GM,inventory,2019-03-31,11108000000,2019-05-20,InventoryNet,2026-08-25
GM,liabilities,2019-03-31,188494000000,2019-05-20,Liabilities,2026-08-25
GM,netIncome,2019-03-31,2157000000,2019-05-20,NetIncomeLoss,2026-08-25
GM,operatingCashFlow,2019-03-31,-81000000,2019-05-20,NetCashProvidedByUsedInOperatingActivities,2026-08-25
GM,operatingIncome,2019-03-31,1244000000,2019-05-20,OperatingIncomeLoss,2026-08-25
GM,revenue,2019-03-31,34878000000,2019-05-20,Revenues,2026-08-25
GM,shares,2019-03-31,1400000000,2019-05-20,CommonStockSharesOutstanding,2026-08-25
GNRC,assets,2019-03-31,2473722000,2019-05-20,Assets,2026-08-25
GNRC,capex,2019-03-31,15902000,2019-05-20,PaymentsToAcquirePropertyPlantAndEquipment,2026-08-25
GNRC,cash,2019-03-31,161266000,2019-05-20,CashAndCashEquivalentsAtCarryingValue,2026-08-25
GNRC,equity,2019-03-31,804420000,2019-05-20,StockholdersEquity,2026-08-25
GNRC,grossProfit,2019-03-31,162175000,2019-05-20,GrossProfit,2026-08-25
GNRC,inventory,2019-03-31,588380000,2019-05-20,InventoryNet,2026-08-25
GNRC,liabilities,2019-03-31,1606410000,2019-05-20,Liabilities,2026-08-25
GNRC,netIncome,2019-03-31,44861000,2019-05-20,NetIncomeLoss,2026-08-25
GNRC,operatingCashFlow,2019-03-31,14571000,2019-05-20,NetCashProvidedByUsedInOperatingActivities,2026-08-25
GNRC,operatingIncome,2019-03-31,71173000,2019-05-20,OperatingIncomeLoss,2026-08-25
GNRC,receivables,2019-03-31,284612000,2019-05-20,AccountsReceivableNetCurrent,2026-08-25
GNRC,revenue,2019-03-31,470353000,2019-05-20,RevenueFromContractWithCustomerExcludingAssessedTax,2026-08-25
GNRC,rnd,2019-03-31,13609000,2019-05-20,ResearchAndDevelopmentExpense,2026-08-25
GOOG,assets,2019-03-31,245349000000,2019-05-20,Assets,2026-08-25
GOOG,buybacks,2019-03-31,3025000000,2019-05-20,PaymentsForRepurchaseOfCommonStock,2026-08-25
GOOG,capex,2019-03-31,4638000000,2019-05-20,PaymentsToAcquirePropertyPlantAndEquipment,2026-08-25
GOOG,cash,2019-03-31,19148000000,2019-05-20,CashAndCashEquivalentsAtCarryingValue,2026-08-25
GOOG,debt,2019-03-31,3952000000,2019-05-20,LongTermDebtNoncurrent,2026-08-25
GOOG,equity,2019-03-31,183472000000,2019-05-20,StockholdersEquity,2026-08-25
GOOG,inventory,2019-03-31,1053000000,2019-05-20,InventoryNet,2026-08-25
GOOG,liabilities,2019-03-31,61877000000,2019-05-20,Liabilities,2026-08-25
GOOG,netIncome,2019-03-31,6657000000,2019-05-20,NetIncomeLoss,2026-08-25
GOOG,operatingCashFlow,2019-03-31,12000000000,2019-05-20,NetCashProvidedByUsedInOperatingActivities,2026-08-25
GOOG,operatingIncome,2019-03-31,6608000000,2019-05-20,OperatingIncomeLoss,2026-08-25
GOOG,receivables,2019-03-31,19149000000,2019-05-20,AccountsReceivableNetCurrent,2026-08-25
GOOG,revenue,2019-03-31,36339000000,2019-05-20,Revenues,2026-08-25
GOOG,rnd,2019-03-31,6029000000,2019-05-20,ResearchAndDevelopmentExpense,2026-08-25
GOOG,shares,2019-03-31,694782000,2019-05-20,CommonStockSharesOutstanding,2026-08-25
GPC,assets,2019-03-31,14070530000,2019-05-20,Assets,2026-08-25
GPC,buybacks,2019-03-31,0,2019-05-20,PaymentsForRepurchaseOfCommonStock,2026-08-25
GPC,capex,2019-03-31,45621000,2019-05-20,PaymentsToAcquirePropertyPlantAndEquipment,2026-08-25
GPC,cash,2019-03-31,356925000,2019-05-20,CashAndCashEquivalentsAtCarryingValue,2026-08-25
GPC,debt,2019-03-31,2389244000,2019-05-20,LongTermDebtNoncurrent,2026-08-25
GPC,equity,2019-03-31,3550931000,2019-05-20,StockholdersEquity,2026-08-25
GPC,grossProfit,2019-03-31,1392798000,2019-05-20,GrossProfit,2026-08-25
GPC,inventory,2019-03-31,3684580000,2019-05-20,InventoryNet,2026-08-25
GPC,netIncome,2019-03-31,160250000,2019-05-20,NetIncomeLoss,2026-08-25
GPC,operatingCashFlow,2019-03-31,61730000,2019-05-20,NetCashProvidedByUsedInOperatingActivities,2026-08-25
GPC,revenue,2019-03-31,4259129000,2019-05-20,RevenueFromContractWithCustomerExcludingAssessedTax,2026-08-25
GPC,shares,2019-03-31,146063911,2019-05-20,CommonStockSharesOutstanding,2026-08-25
GPN,assets,2019-03-31,14749621000,2019-05-20,Assets,2026-08-25
GPN,buybacks,2019-03-31,155997000,2019-05-20,PaymentsForRepurchaseOfCommonStock,2026-08-25
GPN,capex,2019-03-31,55123000,2019-05-20,PaymentsToAcquireProductiveAssets,2026-08-25
GPN,cash,2019-03-31,1277633000,2019-05-20,CashAndCashEquivalentsAtCarryingValue,2026-08-25
GPN,debt,2019-03-31,5170377000,2019-05-20,LongTermDebtNoncurrent,2026-08-25
GPN,equity,2019-03-31,3950813000,2019-05-20,StockholdersEquity,2026-08-25
GPN,liabilities,2019-03-31,10607160000,2019-05-20,Liabilities,2026-08-25
GPN,netIncome,2019-03-31,112341000,2019-05-20,NetIncomeLoss,2026-08-25
GPN,operatingCashFlow,2019-03-31,229729000,2019-05-20,NetCashProvidedByUsedInOperatingActivities,2026-08-25
GPN,operatingIncome,2019-03-31,199492000,2019-05-20,OperatingIncomeLoss,2026-08-25
GPN,receivables,2019-03-31,381608000,2019-05-20,AccountsReceivableNetCurrent,2026-08-25
GPN,revenue,2019-03-31,883039000,2019-05-20,RevenueFromContractWithCustomerExcludingAssessedTax,2026-08-25
GPN,shares,2019-03-31,157130438,2019-05-20,CommonStockSharesOutstanding,2026-08-25
GRMN,assets,2019-03-30,5280145000,2019-05-19,Assets,2026-08-25
GRMN,capex,2019-03-30,30094000,2019-05-19,PaymentsToAcquirePropertyPlantAndEquipment,2026-08-25
GRMN,cash,2019-03-30,1115951000,2019-05-19,CashAndCashEquivalentsAtCarryingValue,2026-08-25
GRMN,equity,2019-03-30,4315286000,2019-05-19,StockholdersEquity,2026-08-25
GRMN,grossProfit,2019-03-30,451698000,2019-05-19,GrossProfit,2026-08-25
GRMN,inventory,2019-03-30,598387000,2019-05-19,InventoryNet,2026-08-25
GRMN,netIncome,2019-03-30,140173000,2019-05-19,NetIncomeLoss,2026-08-25
GRMN,operatingCashFlow,2019-03-30,164582000,2019-05-19,NetCashProvidedByUsedInOperatingActivities,2026-08-25
GRMN,operatingIncome,2019-03-30,151383000,2019-05-19,OperatingIncomeLoss,2026-08-25
GRMN,receivables,2019-03-30,453069000,2019-05-19,AccountsReceivableNetCurrent,2026-08-25
GRMN,revenue,2019-03-30,766050000,2019-05-19,RevenueFromContractWithCustomerExcludingAssessedTax,2026-08-25
GRMN,rnd,2019-03-30,145919000,2019-05-19,ResearchAndDevelopmentExpense,2026-08-25
GRMN,shares,2019-03-30,189847,2019-05-19,CommonStockSharesOutstanding,2026-08-25
GS,assets,2019-03-31,925349000000,2019-05-20,Assets,2026-08-25
GS,buybacks,2019-03-31,1250000000,2019-05-20,PaymentsForRepurchaseOfCommonStock,2026-08-25
GS,capex,2019-03-31,2128000000,2019-05-20,PaymentsToAcquirePropertyPlantAndEquipment,2026-08-25
GS,cash,2019-03-31,87884000000,2019-05-20,CashAndCashEquivalentsAtCarryingValue,2026-08-25
GS,debt,2019-03-31,237275000000,2019-05-20,LongTermDebtNoncurrent,2026-08-25
GS,equity,2019-03-31,90273000000,2019-05-20,StockholdersEquity,2026-08-25
GS,liabilities,2019-03-31,835076000000,2019-05-20,Liabilities,2026-08-25
GS,netIncome,2019-03-31,2251000000,2019-05-20,NetIncomeLoss,2026-08-25
GS,operatingCashFlow,2019-03-31,-44368000000,2019-05-20,NetCashProvidedByUsedInOperatingActivities,2026-08-25
GS,shares,2019-03-31,366771581,2019-05-20,CommonStockSharesOutstanding,2026-08-25
GWW,assets,2019-03-31,6014000000,2019-05-20,Assets,2026-08-25
GWW,buybacks,2019-03-31,135000000,2019-05-20,PaymentsForRepurchaseOfCommonStock,2026-08-25
GWW,capex,2019-03-31,60000000,2019-05-20,PaymentsToAcquirePropertyPlantAndEquipment,2026-08-25
GWW,cash,2019-03-31,392000000,2019-05-20,CashAndCashEquivalentsAtCarryingValue,2026-08-25
GWW,debt,2019-03-31,2077000000,2019-05-20,LongTermDebtNoncurrent,2026-08-25
GWW,equity,2019-03-31,1971000000,2019-05-20,StockholdersEquity,2026-08-25
GWW,equityStakes,2019-03-31,-2000000,2019-05-20,PaymentsToAcquireEquityMethodInvestments,2026-08-25
GWW,grossProfit,2019-03-31,1095000000,2019-05-20,GrossProfit,2026-08-25
GWW,inventory,2019-03-31,1523000000,2019-05-20,InventoryNet,2026-08-25
GWW,netIncome,2019-03-31,253000000,2019-05-20,NetIncomeLoss,2026-08-25
GWW,operatingCashFlow,2019-03-31,127000000,2019-05-20,NetCashProvidedByUsedInOperatingActivities,2026-08-25
GWW,operatingIncome,2019-03-31,363000000,2019-05-20,OperatingIncomeLoss,2026-08-25
GWW,receivables,2019-03-31,1485000000,2019-05-20,AccountsReceivableNetCurrent,2026-08-25
GWW,revenue,2019-03-31,2799000000,2019-05-20,RevenueFromContractWithCustomerExcludingAssessedTax,2026-08-25
HAL,assets,2019-03-31,26989000000,2019-05-20,Assets,2026-08-25
HAL,buybacks,2019-03-31,0,2019-05-20,PaymentsForRepurchaseOfCommonStock,2026-08-25
HAL,capex,2019-03-31,437000000,2019-05-20,PaymentsToAcquireProductiveAssets,2026-08-25
HAL,equity,2019-03-31,9605000000,2019-05-20,StockholdersEquity,2026-08-25
HAL,inventory,2019-03-31,3264000000,2019-05-20,InventoryNet,2026-08-25
HAL,liabilities,2019-03-31,17364000000,2019-05-20,Liabilities,2026-08-25
HAL,netIncome,2019-03-31,152000000,2019-05-20,NetIncomeLoss,2026-08-25
HAL,operatingCashFlow,2019-03-31,-44000000,2019-05-20,NetCashProvidedByUsedInOperatingActivities,2026-08-25
HAL,operatingIncome,2019-03-31,365000000,2019-05-20,OperatingIncomeLoss,2026-08-25
HAS,assets,2019-03-31,4934773000,2019-05-20,Assets,2026-08-25
HAS,buybacks,2019-03-31,47479000,2019-05-20,PaymentsForRepurchaseOfCommonStock,2026-08-25
HAS,capex,2019-03-31,25201000,2019-05-20,PaymentsToAcquirePropertyPlantAndEquipment,2026-08-25
HAS,cash,2019-03-31,1196634000,2019-05-20,CashAndCashEquivalentsAtCarryingValue,2026-08-25
HAS,debt,2019-03-31,1695462000,2019-05-20,LongTermDebtNoncurrent,2026-08-25
HAS,equity,2019-03-31,1654531000,2019-05-20,StockholdersEquity,2026-08-25
HAS,inventory,2019-03-31,491751000,2019-05-20,InventoryNet,2026-08-25
HAS,liabilities,2019-03-31,3280242000,2019-05-20,Liabilities,2026-08-25
HAS,netIncome,2019-03-31,26727000,2019-05-20,NetIncomeLoss,2026-08-25
HAS,operatingCashFlow,2019-03-31,264494000,2019-05-20,NetCashProvidedByUsedInOperatingActivities,2026-08-25
HAS,operatingIncome,2019-03-31,36127000,2019-05-20,OperatingIncomeLoss,2026-08-25
HAS,receivables,2019-03-31,638417000,2019-05-20,AccountsReceivableNetCurrent,2026-08-25
HAS,revenue,2019-03-31,732510000,2019-05-20,Revenues,2026-08-25
HAS,rnd,2019-03-31,56260000,2019-05-20,ResearchAndDevelopmentExpense,2026-08-25
HBAN,assets,2019-03-31,108203000000,2019-05-20,Assets,2026-08-25
HBAN,buybacks,2019-03-31,25000000,2019-05-20,PaymentsForRepurchaseOfCommonStock,2026-08-25
HBAN,capex,2019-03-31,24000000,2019-05-20,PaymentsToAcquirePropertyPlantAndEquipment,2026-08-25
HBAN,cash,2019-03-31,1336000000,2019-05-20,CashAndCashEquivalentsAtCarryingValue,2026-08-25
HBAN,debt,2019-03-31,9400000000,2019-05-20,LongTermDebt,2026-08-25
HBAN,equity,2019-03-31,11432000000,2019-05-20,StockholdersEquity,2026-08-25
HBAN,liabilities,2019-03-31,96771000000,2019-05-20,Liabilities,2026-08-25
HBAN,netIncome,2019-03-31,358000000,2019-05-20,NetIncomeLoss,2026-08-25
HBAN,operatingCashFlow,2019-03-31,497000000,2019-05-20,NetCashProvidedByUsedInOperatingActivities,2026-08-25
HBAN,revenue,2019-03-31,222000000,2019-05-20,RevenueFromContractWithCustomerExcludingAssessedTax,2026-08-25
HBAN,shares,2019-03-31,1046440116,2019-05-20,CommonStockSharesOutstanding,2026-08-25
HCA,assets,2019-03-31,43379000000,2019-05-20,Assets,2026-08-25
HCA,buybacks,2019-03-31,278000000,2019-05-20,PaymentsForRepurchaseOfCommonStock,2026-08-25
HCA,capex,2019-03-31,781000000,2019-05-20,PaymentsToAcquirePropertyPlantAndEquipment,2026-08-25
HCA,cash,2019-03-31,531000000,2019-05-20,CashAndCashEquivalentsAtCarryingValue,2026-08-25
HCA,debt,2019-03-31,31019000000,2019-05-20,LongTermDebtNoncurrent,2026-08-25
HCA,equity,2019-03-31,-4354000000,2019-05-20,StockholdersEquity,2026-08-25
HCA,inventory,2019-03-31,1778000000,2019-05-20,InventoryNet,2026-08-25
HCA,liabilities,2019-03-31,45634000000,2019-05-20,Liabilities,2026-08-25
HCA,netIncome,2019-03-31,1039000000,2019-05-20,NetIncomeLoss,2026-08-25
HCA,operatingCashFlow,2019-03-31,974000000,2019-05-20,NetCashProvidedByUsedInOperatingActivities,2026-08-25
HCA,receivables,2019-03-31,7420000000,2019-05-20,AccountsReceivableNetCurrent,2026-08-25
HCA,shares,2019-03-31,343030500,2019-05-20,CommonStockSharesOutstanding,2026-08-25
HD,assets,2019-02-03,44003000000,2019-04-29,Assets,2026-08-25
HD,cash,2019-02-03,1778000000,2019-04-29,CashAndCashEquivalentsAtCarryingValue,2026-08-25
HD,equity,2019-02-03,-1878000000,2019-04-29,StockholdersEquity,2026-08-25
HD,grossProfit,2019-02-03,9027000000,2019-04-29,GrossProfit,2026-08-25
HD,inventory,2019-02-03,13925000000,2019-04-29,InventoryNet,2026-08-25
HD,liabilities,2019-02-03,45881000000,2019-04-29,Liabilities,2026-08-25
HD,netIncome,2019-02-03,2344000000,2019-04-29,NetIncomeLoss,2026-08-25
HD,receivables,2019-02-03,1936000000,2019-04-29,AccountsReceivableNetCurrent,2026-08-25
HD,revenue,2019-02-03,26491000000,2019-04-29,RevenueFromContractWithCustomerExcludingAssessedTax,2026-08-25
HD,shares,2019-02-03,1105000000,2019-04-29,CommonStockSharesOutstanding,2026-08-25
HIG,assets,2019-03-31,63324000000,2019-05-20,Assets,2026-08-25
HIG,buybacks,2019-03-31,0,2019-05-20,PaymentsForRepurchaseOfCommonStock,2026-08-25
HIG,capex,2019-03-31,20000000,2019-05-20,PaymentsToAcquirePropertyPlantAndEquipment,2026-08-25
HIG,debt,2019-03-31,3767000000,2019-05-20,LongTermDebt,2026-08-25
HIG,equity,2019-03-31,14340000000,2019-05-20,StockholdersEquity,2026-08-25
HIG,liabilities,2019-03-31,48984000000,2019-05-20,Liabilities,2026-08-25
HIG,netIncome,2019-03-31,630000000,2019-05-20,NetIncomeLoss,2026-08-25
HIG,operatingCashFlow,2019-03-31,279000000,2019-05-20,NetCashProvidedByUsedInOperatingActivities,2026-08-25
HIG,revenue,2019-03-31,4940000000,2019-05-20,Revenues,2026-08-25
HII,assets,2019-03-31,7000000000,2019-05-20,Assets,2026-08-25
HII,buybacks,2019-03-31,84000000,2019-05-20,PaymentsForRepurchaseOfCommonStock,2026-08-25
HII,capex,2019-03-31,110000000,2019-05-20,PaymentsToAcquirePropertyPlantAndEquipment,2026-08-25
HII,cash,2019-03-31,51000000,2019-05-20,CashAndCashEquivalentsAtCarryingValue,2026-08-25
HII,debt,2019-03-31,1496000000,2019-05-20,LongTermDebtNoncurrent,2026-08-25
HII,liabilities,2019-03-31,5437000000,2019-05-20,Liabilities,2026-08-25
HII,netIncome,2019-03-31,118000000,2019-05-20,NetIncomeLoss,2026-08-25
HII,operatingCashFlow,2019-03-31,11000000,2019-05-20,NetCashProvidedByUsedInOperatingActivities,2026-08-25
HII,operatingIncome,2019-03-31,161000000,2019-05-20,OperatingIncomeLoss,2026-08-25
HII,receivables,2019-03-31,375000000,2019-05-20,AccountsReceivableNetCurrent,2026-08-25
HII,revenue,2019-03-31,2080000000,2019-05-20,Revenues,2026-08-25
HII,shares,2019-03-31,41600000,2019-05-20,CommonStockSharesOutstanding,2026-08-25
HLT,assets,2019-03-31,14853000000,2019-05-20,Assets,2026-08-25
HLT,buybacks,2019-03-31,296000000,2019-05-20,PaymentsForRepurchaseOfCommonStock,2026-08-25
HLT,capex,2019-03-31,23000000,2019-05-20,PaymentsToAcquirePropertyPlantAndEquipment,2026-08-25
HLT,cash,2019-03-31,382000000,2019-05-20,CashAndCashEquivalentsAtCarryingValue,2026-08-25
HLT,equity,2019-03-31,100000000,2019-05-20,StockholdersEquity,2026-08-25
HLT,liabilities,2019-03-31,14745000000,2019-05-20,Liabilities,2026-08-25
HLT,netIncome,2019-03-31,158000000,2019-05-20,NetIncomeLoss,2026-08-25
HLT,operatingCashFlow,2019-03-31,364000000,2019-05-20,NetCashProvidedByUsedInOperatingActivities,2026-08-25
HLT,operatingIncome,2019-03-31,312000000,2019-05-20,OperatingIncomeLoss,2026-08-25
HLT,receivables,2019-03-31,1102000000,2019-05-20,AccountsReceivableNetCurrent,2026-08-25
HLT,revenue,2019-03-31,2204000000,2019-05-20,RevenueFromContractWithCustomerExcludingAssessedTax,2026-08-25
HLT,shares,2019-03-31,291720450,2019-05-20,CommonStockSharesOutstanding,2026-08-25
HON,assets,2019-03-31,58560000000,2019-05-20,Assets,2026-08-25
HON,buybacks,2019-03-31,750000000,2019-05-20,PaymentsForRepurchaseOfCommonStock,2026-08-25
HON,capex,2019-03-31,141000000,2019-05-20,PaymentsToAcquirePropertyPlantAndEquipment,2026-08-25
HON,cash,2019-03-31,8625000000,2019-05-20,CashAndCashEquivalentsAtCarryingValue,2026-08-25
HON,debt,2019-03-31,12598000000,2019-05-20,LongTermDebt,2026-08-25
HON,equity,2019-03-31,18767000000,2019-05-20,StockholdersEquity,2026-08-25
HON,grossProfit,2019-03-31,3005000000,2019-05-20,GrossProfit,2026-08-25
HON,inventory,2019-03-31,4548000000,2019-05-20,InventoryNet,2026-08-25
HON,netIncome,2019-03-31,1416000000,2019-05-20,NetIncomeLoss,2026-08-25
HON,operatingCashFlow,2019-03-31,1134000000,2019-05-20,NetCashProvidedByUsedInOperatingActivities,2026-08-25
HON,receivables,2019-03-31,7307000000,2019-05-20,AccountsReceivableNetCurrent,2026-08-25
HON,revenue,2019-03-31,8884000000,2019-05-20,RevenueFromContractWithCustomerExcludingAssessedTax,2026-08-25
HON,shares,2019-03-31,727700000,2019-05-20,CommonStockSharesOutstanding,2026-08-25
HPE,assets,2019-01-31,51758000000,2019-04-26,Assets,2026-08-25
HPE,buybacks,2019-01-31,814000000,2019-04-26,PaymentsForRepurchaseOfCommonStock,2026-08-25
HPE,capex,2019-01-31,729000000,2019-04-26,PaymentsToAcquireProductiveAssets,2026-08-25
HPE,cash,2019-01-31,3781000000,2019-04-26,CashAndCashEquivalentsAtCarryingValue,2026-08-25
HPE,equity,2019-01-31,18293000000,2019-04-26,StockholdersEquity,2026-08-25
HPE,inventory,2019-01-31,2300000000,2019-04-26,InventoryNet,2026-08-25
HPE,netIncome,2019-01-31,177000000,2019-04-26,NetIncomeLoss,2026-08-25
HPE,operatingCashFlow,2019-01-31,382000000,2019-04-26,NetCashProvidedByUsedInOperatingActivities,2026-08-25
HPE,operatingIncome,2019-01-31,456000000,2019-04-26,OperatingIncomeLoss,2026-08-25
HPE,receivables,2019-01-31,3183000000,2019-04-26,AccountsReceivableNetCurrent,2026-08-25
HPE,revenue,2019-01-31,7553000000,2019-04-26,Revenues,2026-08-25
HPE,rnd,2019-01-31,466000000,2019-04-26,ResearchAndDevelopmentExpense,2026-08-25
HPE,shares,2019-01-31,1378000000,2019-04-26,CommonStockSharesOutstanding,2026-08-25
HPQ,assets,2019-01-31,32490000000,2019-04-26,Assets,2026-08-25
HPQ,buybacks,2019-01-31,720000000,2019-04-26,PaymentsForRepurchaseOfCommonStock,2026-08-25
HPQ,capex,2019-01-31,189000000,2019-04-26,PaymentsToAcquireProductiveAssets,2026-08-25
HPQ,cash,2019-01-31,3367000000,2019-04-26,CashAndCashEquivalentsAtCarryingValue,2026-08-25
HPQ,equity,2019-01-31,-1837000000,2019-04-26,StockholdersEquity,2026-08-25
HPQ,inventory,2019-01-31,5649000000,2019-04-26,InventoryNet,2026-08-25
HPQ,netIncome,2019-01-31,803000000,2019-04-26,NetIncomeLoss,2026-08-25
HPQ,operatingCashFlow,2019-01-31,862000000,2019-04-26,NetCashProvidedByUsedInOperatingActivities,2026-08-25
HPQ,operatingIncome,2019-01-31,926000000,2019-04-26,OperatingIncomeLoss,2026-08-25
HPQ,receivables,2019-01-31,5113000000,2019-04-26,AccountsReceivableNetCurrent,2026-08-25
HPQ,revenue,2019-01-31,14710000000,2019-04-26,Revenues,2026-08-25
HPQ,rnd,2019-01-31,344000000,2019-04-26,ResearchAndDevelopmentExpense,2026-08-25
HPQ,shares,2019-01-31,1539000000,2019-04-26,CommonStockSharesOutstanding,2026-08-25
HRL,assets,2019-01-27,8155398000,2019-04-22,Assets,2026-08-25
HRL,buybacks,2019-01-27,44809000,2019-04-22,PaymentsForRepurchaseOfCommonStock,2026-08-25
HRL,capex,2019-01-27,39430000,2019-04-22,PaymentsToAcquirePropertyPlantAndEquipment,2026-08-25
HRL,cash,2019-01-27,512689000,2019-04-22,CashAndCashEquivalentsAtCarryingValue,2026-08-25
HRL,debt,2019-01-27,250000000,2019-04-22,LongTermDebtNoncurrent,2026-08-25
HRL,equity,2019-01-27,5701709000,2019-04-22,StockholdersEquity,2026-08-25
HRL,grossProfit,2019-01-27,488334000,2019-04-22,GrossProfit,2026-08-25
HRL,inventory,2019-01-27,994428000,2019-04-22,InventoryNet,2026-08-25
HRL,netIncome,2019-01-27,241425000,2019-04-22,NetIncomeLoss,2026-08-25
HRL,operatingCashFlow,2019-01-27,187425000,2019-04-22,NetCashProvidedByUsedInOperatingActivities,2026-08-25
HRL,operatingIncome,2019-01-27,306248000,2019-04-22,OperatingIncomeLoss,2026-08-25
HRL,receivables,2019-01-27,565060000,2019-04-22,AccountsReceivableNetCurrent,2026-08-25
HSIC,assets,2019-03-30,7144864000,2019-05-19,Assets,2026-08-25
HSIC,buybacks,2019-03-30,150000000,2019-05-19,PaymentsForRepurchaseOfCommonStock,2026-08-25
HSIC,capex,2019-03-30,15918000,2019-05-19,PaymentsToAcquireProductiveAssets,2026-08-25
HSIC,cash,2019-03-30,88115000,2019-05-19,CashAndCashEquivalentsAtCarryingValue,2026-08-25
HSIC,equity,2019-03-30,2796922000,2019-05-19,StockholdersEquity,2026-08-25
HSIC,grossProfit,2019-03-30,751690000,2019-05-19,GrossProfit,2026-08-25
HSIC,inventory,2019-03-30,1370376000,2019-05-19,InventoryNet,2026-08-25
HSIC,liabilities,2019-03-30,3443491000,2019-05-19,Liabilities,2026-08-25
HSIC,netIncome,2019-03-30,109783000,2019-05-19,NetIncomeLoss,2026-08-25
HSIC,operatingCashFlow,2019-03-30,-33739000,2019-05-19,NetCashProvidedByUsedInOperatingActivities,2026-08-25
HSIC,operatingIncome,2019-03-30,172441000,2019-05-19,OperatingIncomeLoss,2026-08-25
HSIC,receivables,2019-03-30,1193054000,2019-05-19,AccountsReceivableNetCurrent,2026-08-25
HSIC,revenue,2019-03-30,2360268000,2019-05-19,RevenueFromContractWithCustomerExcludingAssessedTax,2026-08-25
HSIC,shares,2019-03-30,148996092,2019-05-19,CommonStockSharesOutstanding,2026-08-25
HST,assets,2019-03-31,12577000000,2019-05-20,Assets,2026-08-25
HST,capex,2019-03-31,58000000,2019-05-20,PaymentsToAcquireProductiveAssets,2026-08-25
HST,cash,2019-03-31,1082000000,2019-05-20,CashAndCashEquivalentsAtCarryingValue,2026-08-25
HST,equity,2019-03-31,7513000000,2019-05-20,StockholdersEquity,2026-08-25
HST,liabilities,2019-03-31,4910000000,2019-05-20,Liabilities,2026-08-25
HST,netIncome,2019-03-31,186000000,2019-05-20,NetIncomeLoss,2026-08-25
HST,operatingCashFlow,2019-03-31,207000000,2019-05-20,NetCashProvidedByUsedInOperatingActivities,2026-08-25
HST,operatingIncome,2019-03-31,216000000,2019-05-20,OperatingIncomeLoss,2026-08-25
HST,revenue,2019-03-31,1390000000,2019-05-20,RevenueFromContractWithCustomerExcludingAssessedTax,2026-08-25
HST,shares,2019-03-31,740900000,2019-05-20,CommonStockSharesOutstanding,2026-08-25
HSY,assets,2019-03-31,7857376000,2019-05-20,Assets,2026-08-25
HSY,buybacks,2019-03-31,198500000,2019-05-20,PaymentsForRepurchaseOfCommonStock,2026-08-25
HSY,capex,2019-03-31,92814000,2019-05-20,PaymentsToAcquirePropertyPlantAndEquipment,2026-08-25
HSY,cash,2019-03-31,465965000,2019-05-20,CashAndCashEquivalentsAtCarryingValue,2026-08-25
HSY,debt,2019-03-31,3236317000,2019-05-20,LongTermDebtNoncurrent,2026-08-25
HSY,equity,2019-03-31,1414737000,2019-05-20,StockholdersEquity,2026-08-25
HSY,equityStakes,2019-03-31,18884000,2019-05-20,PaymentsToAcquireEquityMethodInvestments,2026-08-25
HSY,grossProfit,2019-03-31,892504000,2019-05-20,GrossProfit,2026-08-25
HSY,inventory,2019-03-31,791289000,2019-05-20,InventoryNet,2026-08-25
HSY,liabilities,2019-03-31,6434016000,2019-05-20,Liabilities,2026-08-25
HSY,netIncome,2019-03-31,304358000,2019-05-20,NetIncomeLoss,2026-08-25
HSY,operatingCashFlow,2019-03-31,329960000,2019-05-20,NetCashProvidedByUsedInOperatingActivities,2026-08-25
HSY,operatingIncome,2019-03-31,438869000,2019-05-20,OperatingIncomeLoss,2026-08-25
HSY,receivables,2019-03-31,694136000,2019-05-20,AccountsReceivableNetCurrent,2026-08-25
HSY,revenue,2019-03-31,2016488000,2019-05-20,Revenues,2026-08-25
HUBB,assets,2019-03-31,4976100000,2019-05-20,Assets,2026-08-25
HUBB,buybacks,2019-03-31,10000000,2019-05-20,PaymentsForRepurchaseOfCommonStock,2026-08-25
HUBB,capex,2019-03-31,23300000,2019-05-20,PaymentsToAcquireProductiveAssets,2026-08-25
HUBB,cash,2019-03-31,205300000,2019-05-20,CashAndCashEquivalentsAtCarryingValue,2026-08-25
HUBB,debt,2019-03-31,1731500000,2019-05-20,LongTermDebtNoncurrent,2026-08-25
HUBB,equity,2019-03-31,1808100000,2019-05-20,StockholdersEquity,2026-08-25
HUBB,grossProfit,2019-03-31,307300000,2019-05-20,GrossProfit,2026-08-25
HUBB,inventory,2019-03-31,663000000,2019-05-20,InventoryNet,2026-08-25
HUBB,liabilities,2019-03-31,3149200000,2019-05-20,Liabilities,2026-08-25
HUBB,netIncome,2019-03-31,72300000,2019-05-20,NetIncomeLoss,2026-08-25
HUBB,operatingCashFlow,2019-03-31,78100000,2019-05-20,NetCashProvidedByUsedInOperatingActivities,2026-08-25
HUBB,operatingIncome,2019-03-31,120900000,2019-05-20,OperatingIncomeLoss,2026-08-25
HUBB,revenue,2019-03-31,1087300000,2019-05-20,RevenueFromContractWithCustomerExcludingAssessedTax,2026-08-25
HUM,assets,2019-03-31,28349000000,2019-05-20,Assets,2026-08-25
HUM,buybacks,2019-03-31,10000000,2019-05-20,PaymentsForRepurchaseOfCommonStock,2026-08-25
HUM,capex,2019-03-31,139000000,2019-05-20,PaymentsToAcquirePropertyPlantAndEquipment,2026-08-25
HUM,cash,2019-03-31,3877000000,2019-05-20,CashAndCashEquivalentsAtCarryingValue,2026-08-25
HUM,debt,2019-03-31,4376000000,2019-05-20,LongTermDebtNoncurrent,2026-08-25
HUM,equity,2019-03-31,10841000000,2019-05-20,StockholdersEquity,2026-08-25
HUM,liabilities,2019-03-31,17508000000,2019-05-20,Liabilities,2026-08-25
HUM,netIncome,2019-03-31,566000000,2019-05-20,NetIncomeLoss,2026-08-25
HUM,operatingCashFlow,2019-03-31,896000000,2019-05-20,NetCashProvidedByUsedInOperatingActivities,2026-08-25
HUM,operatingIncome,2019-03-31,847000000,2019-05-20,OperatingIncomeLoss,2026-08-25
HUM,revenue,2019-03-31,16107000000,2019-05-20,Revenues,2026-08-25
HWM,assets,2019-03-31,18361000000,2019-05-20,Assets,2026-08-25
HWM,buybacks,2019-03-31,700000000,2019-05-20,PaymentsForRepurchaseOfCommonStock,2026-08-25
HWM,capex,2019-03-31,168000000,2019-05-20,PaymentsToAcquirePropertyPlantAndEquipment,2026-08-25
HWM,cash,2019-03-31,1319000000,2019-05-20,CashAndCashEquivalentsAtCarryingValue,2026-08-25
HWM,debt,2019-03-31,5899000000,2019-05-20,LongTermDebtNoncurrent,2026-08-25
HWM,equity,2019-03-31,5166000000,2019-05-20,StockholdersEquity,2026-08-25
HWM,inventory,2019-03-31,2612000000,2019-05-20,InventoryNet,2026-08-25
HWM,liabilities,2019-03-31,13183000000,2019-05-20,Liabilities,2026-08-25
HWM,netIncome,2019-03-31,187000000,2019-05-20,NetIncomeLoss,2026-08-25
HWM,operatingCashFlow,2019-03-31,-258000000,2019-05-20,NetCashProvidedByUsedInOperatingActivities,2026-08-25
HWM,operatingIncome,2019-03-31,374000000,2019-05-20,OperatingIncomeLoss,2026-08-25
HWM,receivables,2019-03-31,1170000000,2019-05-20,AccountsReceivableNetCurrent,2026-08-25
HWM,revenue,2019-03-31,3541000000,2019-05-20,Revenues,2026-08-25
HWM,rnd,2019-03-31,22000000,2019-05-20,ResearchAndDevelopmentExpense,2026-08-25
HWM,shares,2019-03-31,453000000,2019-05-20,CommonStockSharesOutstanding,2026-08-25
IBKR,assets,2019-03-31,63526000000,2019-05-20,Assets,2026-08-25
IBKR,cash,2019-03-31,2546000000,2019-05-20,CashAndCashEquivalentsAtCarryingValue,2026-08-25
IBKR,equity,2019-03-31,1325000000,2019-05-20,StockholdersEquity,2026-08-25
IBKR,liabilities,2019-03-31,56100000000,2019-05-20,Liabilities,2026-08-25
IBKR,operatingCashFlow,2019-03-31,603000000,2019-05-20,NetCashProvidedByUsedInOperatingActivities,2026-08-25
IBKR,revenue,2019-03-31,720000000,2019-05-20,Revenues,2026-08-25
IBM,assets,2019-03-31,130926000000,2019-05-20,Assets,2026-08-25
IBM,buybacks,2019-03-31,920000000,2019-05-20,PaymentsForRepurchaseOfCommonStock,2026-08-25
IBM,capex,2019-03-31,539000000,2019-05-20,PaymentsToAcquirePropertyPlantAndEquipment,2026-08-25
IBM,cash,2019-03-31,17134000000,2019-05-20,CashAndCashEquivalentsAtCarryingValue,2026-08-25
IBM,debt,2019-03-31,39727000000,2019-05-20,LongTermDebtNoncurrent,2026-08-25
IBM,equity,2019-03-31,16481000000,2019-05-20,StockholdersEquity,2026-08-25
IBM,grossProfit,2019-03-31,8043000000,2019-05-20,GrossProfit,2026-08-25
IBM,inventory,2019-03-31,1771000000,2019-05-20,InventoryNet,2026-08-25
IBM,liabilities,2019-03-31,114320000000,2019-05-20,Liabilities,2026-08-25
IBM,netIncome,2019-03-31,1591000000,2019-05-20,NetIncomeLoss,2026-08-25
IBM,operatingCashFlow,2019-03-31,4759000000,2019-05-20,NetCashProvidedByUsedInOperatingActivities,2026-08-25
IBM,receivables,2019-03-31,6987000000,2019-05-20,AccountsReceivableNetCurrent,2026-08-25
IBM,revenue,2019-03-31,18182000000,2019-05-20,Revenues,2026-08-25
IBM,rnd,2019-03-31,1433000000,2019-05-20,ResearchAndDevelopmentExpense,2026-08-25
ICE,assets,2019-03-31,93857000000,2019-05-20,Assets,2026-08-25
ICE,buybacks,2019-03-31,440000000,2019-05-20,PaymentsForRepurchaseOfCommonStock,2026-08-25
ICE,capex,2019-03-31,26000000,2019-05-20,PaymentsToAcquirePropertyPlantAndEquipment,2026-08-25
ICE,cash,2019-03-31,653000000,2019-05-20,CashAndCashEquivalentsAtCarryingValue,2026-08-25
ICE,debt,2019-03-31,6492000000,2019-05-20,LongTermDebtNoncurrent,2026-08-25
ICE,equity,2019-03-31,17106000000,2019-05-20,StockholdersEquity,2026-08-25
ICE,liabilities,2019-03-31,76656000000,2019-05-20,Liabilities,2026-08-25
ICE,netIncome,2019-03-31,484000000,2019-05-20,NetIncomeLoss,2026-08-25
ICE,operatingCashFlow,2019-03-31,654000000,2019-05-20,NetCashProvidedByUsedInOperatingActivities,2026-08-25
ICE,operatingIncome,2019-03-31,665000000,2019-05-20,OperatingIncomeLoss,2026-08-25
ICE,receivables,2019-03-31,1181000000,2019-05-20,AccountsReceivableNetCurrent,2026-08-25
ICE,revenue,2019-03-31,1583000000,2019-05-20,RevenueFromContractWithCustomerExcludingAssessedTax,2026-08-25
ICE,shares,2019-03-31,565000000,2019-05-20,CommonStockSharesOutstanding,2026-08-25
IDXX,assets,2019-03-31,1680968000,2019-05-20,Assets,2026-08-25
IDXX,buybacks,2019-03-31,54302000,2019-05-20,PaymentsForRepurchaseOfCommonStock,2026-08-25
IDXX,capex,2019-03-31,38206000,2019-05-20,PaymentsToAcquirePropertyPlantAndEquipment,2026-08-25
IDXX,cash,2019-03-31,116616000,2019-05-20,CashAndCashEquivalentsAtCarryingValue,2026-08-25
IDXX,equity,2019-03-31,51562000,2019-05-20,StockholdersEquity,2026-08-25
IDXX,grossProfit,2019-03-31,331597000,2019-05-20,GrossProfit,2026-08-25
IDXX,inventory,2019-03-31,189468000,2019-05-20,InventoryNet,2026-08-25
IDXX,liabilities,2019-03-31,1629098000,2019-05-20,Liabilities,2026-08-25
IDXX,netIncome,2019-03-31,102681000,2019-05-20,NetIncomeLoss,2026-08-25
IDXX,operatingCashFlow,2019-03-31,34378000,2019-05-20,NetCashProvidedByUsedInOperatingActivities,2026-08-25
IDXX,operatingIncome,2019-03-31,133138000,2019-05-20,OperatingIncomeLoss,2026-08-25
IDXX,receivables,2019-03-31,281159000,2019-05-20,AccountsReceivableNetCurrent,2026-08-25
IDXX,revenue,2019-03-31,576056000,2019-05-20,RevenueFromContractWithCustomerExcludingAssessedTax,2026-08-25
IDXX,rnd,2019-03-31,31514000,2019-05-20,ResearchAndDevelopmentExpense,2026-08-25
IDXX,shares,2019-03-31,86054000,2019-05-20,CommonStockSharesOutstanding,2026-08-25
IEX,assets,2019-03-31,3551460000,2019-05-20,Assets,2026-08-25
IEX,buybacks,2019-03-31,50797000,2019-05-20,PaymentsForRepurchaseOfCommonStock,2026-08-25
IEX,capex,2019-03-31,12875000,2019-05-20,PaymentsToAcquirePropertyPlantAndEquipment,2026-08-25
IEX,cash,2019-03-31,456130000,2019-05-20,CashAndCashEquivalentsAtCarryingValue,2026-08-25
IEX,debt,2019-03-31,848437000,2019-05-20,LongTermDebtNoncurrent,2026-08-25
IEX,equity,2019-03-31,2055232000,2019-05-20,StockholdersEquity,2026-08-25
IEX,grossProfit,2019-03-31,283834000,2019-05-20,GrossProfit,2026-08-25
IEX,inventory,2019-03-31,298327000,2019-05-20,InventoryNet,2026-08-25
IEX,liabilities,2019-03-31,1496228000,2019-05-20,Liabilities,2026-08-25
IEX,netIncome,2019-03-31,110268000,2019-05-20,NetIncomeLoss,2026-08-25
IEX,operatingCashFlow,2019-03-31,88663000,2019-05-20,NetCashProvidedByUsedInOperatingActivities,2026-08-25
IEX,operatingIncome,2019-03-31,147782000,2019-05-20,OperatingIncomeLoss,2026-08-25
IEX,receivables,2019-03-31,335803000,2019-05-20,AccountsReceivableNetCurrent,2026-08-25
IEX,revenue,2019-03-31,622231000,2019-05-20,Revenues,2026-08-25
IFF,assets,2019-03-31,13211420000,2019-05-20,Assets,2026-08-25
IFF,buybacks,2019-03-31,0,2019-05-20,PaymentsForRepurchaseOfCommonStock,2026-08-25
IFF,capex,2019-03-31,57609000,2019-05-20,PaymentsToAcquirePropertyPlantAndEquipment,2026-08-25
IFF,cash,2019-03-31,483504000,2019-05-20,CashAndCashEquivalentsAtCarryingValue,2026-08-25
IFF,debt,2019-03-31,4421430000,2019-05-20,LongTermDebtNoncurrent,2026-08-25
IFF,equity,2019-03-31,6143211000,2019-05-20,StockholdersEquity,2026-08-25
IFF,grossProfit,2019-03-31,531259000,2019-05-20,GrossProfit,2026-08-25
IFF,inventory,2019-03-31,1114488000,2019-05-20,InventoryNet,2026-08-25
IFF,netIncome,2019-03-31,108829000,2019-05-20,NetIncomeLoss,2026-08-25
IFF,operatingCashFlow,2019-03-31,47232000,2019-05-20,NetCashProvidedByUsedInOperatingActivities,2026-08-25
IFF,operatingIncome,2019-03-31,163870000,2019-05-20,OperatingIncomeLoss,2026-08-25
IFF,revenue,2019-03-31,1297402000,2019-05-20,Revenues,2026-08-25
IFF,rnd,2019-03-31,90596000,2019-05-20,ResearchAndDevelopmentExpense,2026-08-25
IFF,shares,2019-03-31,106646581,2019-05-20,CommonStockSharesOutstanding,2026-08-25
INCY,assets,2019-03-31,2754161000,2019-05-20,Assets,2026-08-25
INCY,capex,2019-03-31,18267000,2019-05-20,PaymentsToAcquireProductiveAssets,2026-08-25
INCY,cash,2019-03-31,1299704000,2019-05-20,CashAndCashEquivalentsAtCarryingValue,2026-08-25
INCY,equity,2019-03-31,2085567000,2019-05-20,StockholdersEquity,2026-08-25
INCY,inventory,2019-03-31,7129000,2019-05-20,InventoryNet,2026-08-25
INCY,liabilities,2019-03-31,668594000,2019-05-20,Liabilities,2026-08-25
INCY,netIncome,2019-03-31,102312000,2019-05-20,NetIncomeLoss,2026-08-25
INCY,operatingCashFlow,2019-03-31,155663000,2019-05-20,NetCashProvidedByUsedInOperatingActivities,2026-08-25
INCY,operatingIncome,2019-03-31,74070000,2019-05-20,OperatingIncomeLoss,2026-08-25
INCY,revenue,2019-03-31,497857000,2019-05-20,Revenues,2026-08-25
INCY,rnd,2019-03-31,270545000,2019-05-20,ResearchAndDevelopmentExpense,2026-08-25
INCY,shares,2019-03-31,214320605,2019-05-20,CommonStockSharesOutstanding,2026-08-25
INTC,assets,2019-03-30,129458000000,2019-05-19,Assets,2026-08-25
INTC,buybacks,2019-03-30,2530000000,2019-05-19,PaymentsForRepurchaseOfCommonStock,2026-08-25
INTC,capex,2019-03-30,3321000000,2019-05-19,PaymentsToAcquirePropertyPlantAndEquipment,2026-08-25
INTC,cash,2019-03-30,3154000000,2019-05-19,CashAndCashEquivalentsAtCarryingValue,2026-08-25
INTC,debt,2019-03-30,25737000000,2019-05-19,LongTermDebtNoncurrent,2026-08-25
INTC,equity,2019-03-30,73661000000,2019-05-19,StockholdersEquity,2026-08-25
INTC,grossProfit,2019-03-30,9089000000,2019-05-19,GrossProfit,2026-08-25
INTC,inventory,2019-03-30,7765000000,2019-05-19,InventoryNet,2026-08-25
INTC,netIncome,2019-03-30,3974000000,2019-05-19,NetIncomeLoss,2026-08-25
INTC,operatingCashFlow,2019-03-30,4959000000,2019-05-19,NetCashProvidedByUsedInOperatingActivities,2026-08-25
INTC,operatingIncome,2019-03-30,4174000000,2019-05-19,OperatingIncomeLoss,2026-08-25
INTC,receivables,2019-03-30,6957000000,2019-05-19,AccountsReceivableNetCurrent,2026-08-25
INTC,revenue,2019-03-30,16061000000,2019-05-19,RevenueFromContractWithCustomerExcludingAssessedTax,2026-08-25
INTC,rnd,2019-03-30,3332000000,2019-05-19,ResearchAndDevelopmentExpense,2026-08-25
INTC,shares,2019-03-30,4477000000,2019-05-19,CommonStockSharesOutstanding,2026-08-25
INTU,assets,2019-01-31,5335000000,2019-04-26,Assets,2026-08-25
INTU,cash,2019-01-31,1075000000,2019-04-26,CashAndCashEquivalentsAtCarryingValue,2026-08-25
INTU,debt,2019-01-31,363000000,2019-04-26,LongTermDebt,2026-08-25
INTU,equity,2019-01-31,2796000000,2019-04-26,StockholdersEquity,2026-08-25
INTU,liabilities,2019-01-31,2539000000,2019-04-26,Liabilities,2026-08-25
INTU,netIncome,2019-01-31,189000000,2019-04-26,NetIncomeLoss,2026-08-25
INTU,operatingIncome,2019-01-31,233000000,2019-04-26,OperatingIncomeLoss,2026-08-25
INTU,receivables,2019-01-31,554000000,2019-04-26,AccountsReceivableNetCurrent,2026-08-25
INTU,revenue,2019-01-31,1502000000,2019-04-26,Revenues,2026-08-25
INTU,rnd,2019-01-31,295000000,2019-04-26,ResearchAndDevelopmentExpense,2026-08-25
INVH,assets,2019-03-31,17853619000,2019-05-20,Assets,2026-08-25
INVH,cash,2019-03-31,130896000,2019-05-20,CashAndCashEquivalentsAtCarryingValue,2026-08-25
INVH,debt,2019-03-31,9080925000,2019-05-20,LongTermDebt,2026-08-25
INVH,equity,2019-03-31,8139916000,2019-05-20,StockholdersEquity,2026-08-25
INVH,liabilities,2019-03-31,9632251000,2019-05-20,Liabilities,2026-08-25
INVH,netIncome,2019-03-31,20822000,2019-05-20,NetIncomeLoss,2026-08-25
INVH,operatingCashFlow,2019-03-31,193183000,2019-05-20,NetCashProvidedByUsedInOperatingActivities,2026-08-25
INVH,revenue,2019-03-31,435500000,2019-05-20,Revenues,2026-08-25
INVH,shares,2019-03-31,524989775,2019-05-20,CommonStockSharesOutstanding,2026-08-25
IP,assets,2019-03-31,34178000000,2019-05-20,Assets,2026-08-25
IP,buybacks,2019-03-31,229000000,2019-05-20,PaymentsForRepurchaseOfCommonStock,2026-08-25
IP,capex,2019-03-31,293000000,2019-05-20,PaymentsToAcquireProductiveAssets,2026-08-25
IP,cash,2019-03-31,641000000,2019-05-20,CashAndCashEquivalentsAtCarryingValue,2026-08-25
IP,debt,2019-03-31,9965000000,2019-05-20,LongTermDebtNoncurrent,2026-08-25
IP,equity,2019-03-31,7446000000,2019-05-20,StockholdersEquity,2026-08-25
IP,inventory,2019-03-31,2301000000,2019-05-20,InventoryNet,2026-08-25
IP,netIncome,2019-03-31,424000000,2019-05-20,NetIncomeLoss,2026-08-25
IP,operatingCashFlow,2019-03-31,733000000,2019-05-20,NetCashProvidedByUsedInOperatingActivities,2026-08-25
IP,operatingIncome,2019-03-31,600000000,2019-05-20,OperatingIncomeLoss,2026-08-25
IP,revenue,2019-03-31,5643000000,2019-05-20,RevenueFromContractWithCustomerExcludingAssessedTax,2026-08-25
IP,shares,2019-03-31,448900000,2019-05-20,CommonStockSharesOutstanding,2026-08-25
IQV,assets,2019-03-31,23109000000,2019-05-20,Assets,2026-08-25
IQV,buybacks,2019-03-31,145000000,2019-05-20,PaymentsForRepurchaseOfCommonStock,2026-08-25
IQV,capex,2019-03-31,141000000,2019-05-20,PaymentsToAcquireProductiveAssets,2026-08-25
IQV,cash,2019-03-31,936000000,2019-05-20,CashAndCashEquivalentsAtCarryingValue,2026-08-25
IQV,debt,2019-03-31,11187000000,2019-05-20,LongTermDebtNoncurrent,2026-08-25
IQV,equity,2019-03-31,6615000000,2019-05-20,StockholdersEquity,2026-08-25
IQV,liabilities,2019-03-31,16244000000,2019-05-20,Liabilities,2026-08-25
IQV,netIncome,2019-03-31,58000000,2019-05-20,NetIncomeLoss,2026-08-25
IQV,operatingCashFlow,2019-03-31,113000000,2019-05-20,NetCashProvidedByUsedInOperatingActivities,2026-08-25
IQV,operatingIncome,2019-03-31,210000000,2019-05-20,OperatingIncomeLoss,2026-08-25
IQV,revenue,2019-03-31,2684000000,2019-05-20,RevenueFromContractWithCustomerExcludingAssessedTax,2026-08-25
IR,assets,2019-03-31,4566800000,2019-05-20,Assets,2026-08-25
IR,buybacks,2019-03-31,8500000,2019-05-20,PaymentsForRepurchaseOfCommonStock,2026-08-25
IR,capex,2019-03-31,14100000,2019-05-20,PaymentsToAcquireProductiveAssets,2026-08-25
IR,cash,2019-03-31,263700000,2019-05-20,CashAndCashEquivalentsAtCarryingValue,2026-08-25
IR,grossProfit,2019-03-31,230500000,2019-05-20,GrossProfit,2026-08-25
IR,inventory,2019-03-31,555100000,2019-05-20,InventoryNet,2026-08-25
IR,liabilities,2019-03-31,2829100000,2019-05-20,Liabilities,2026-08-25
IR,netIncome,2019-03-31,47100000,2019-05-20,NetIncomeLoss,2026-08-25
IR,operatingCashFlow,2019-03-31,68800000,2019-05-20,NetCashProvidedByUsedInOperatingActivities,2026-08-25
IR,operatingIncome,2019-03-31,80200000,2019-05-20,OperatingIncomeLoss,2026-08-25
IR,receivables,2019-03-31,509900000,2019-05-20,AccountsReceivableNetCurrent,2026-08-25
IR,revenue,2019-03-31,620300000,2019-05-20,RevenueFromContractWithCustomerExcludingAssessedTax,2026-08-25
IRM,assets,2019-03-31,13694334000,2019-05-20,Assets,2026-08-25
IRM,capex,2019-03-31,184765000,2019-05-20,PaymentsToAcquirePropertyPlantAndEquipment,2026-08-25
IRM,cash,2019-03-31,161475000,2019-05-20,CashAndCashEquivalentsAtCarryingValue,2026-08-25
IRM,debt,2019-03-31,8365737000,2019-05-20,LongTermDebtNoncurrent,2026-08-25
IRM,equity,2019-03-31,1759401000,2019-05-20,StockholdersEquity,2026-08-25
IRM,operatingCashFlow,2019-03-31,117067000,2019-05-20,NetCashProvidedByUsedInOperatingActivities,2026-08-25
IRM,operatingIncome,2019-03-31,158675000,2019-05-20,OperatingIncomeLoss,2026-08-25
IRM,receivables,2019-03-31,837521000,2019-05-20,AccountsReceivableNetCurrent,2026-08-25
IRM,revenue,2019-03-31,1053863000,2019-05-20,Revenues,2026-08-25
IRM,shares,2019-03-31,286829854,2019-05-20,CommonStockSharesOutstanding,2026-08-25
ISRG,assets,2019-03-31,8234900000,2019-05-20,Assets,2026-08-25
ISRG,buybacks,2019-03-31,0,2019-05-20,PaymentsForRepurchaseOfCommonStock,2026-08-25
ISRG,capex,2019-03-31,114800000,2019-05-20,PaymentsToAcquireProductiveAssets,2026-08-25
ISRG,cash,2019-03-31,875700000,2019-05-20,CashAndCashEquivalentsAtCarryingValue,2026-08-25
ISRG,equity,2019-03-31,7024200000,2019-05-20,StockholdersEquity,2026-08-25
ISRG,grossProfit,2019-03-31,669600000,2019-05-20,GrossProfit,2026-08-25
ISRG,inventory,2019-03-31,468300000,2019-05-20,InventoryNet,2026-08-25
ISRG,liabilities,2019-03-31,1194500000,2019-05-20,Liabilities,2026-08-25
ISRG,netIncome,2019-03-31,306500000,2019-05-20,NetIncomeLoss,2026-08-25
ISRG,operatingCashFlow,2019-03-31,333200000,2019-05-20,NetCashProvidedByUsedInOperatingActivities,2026-08-25
ISRG,operatingIncome,2019-03-31,252200000,2019-05-20,OperatingIncomeLoss,2026-08-25
ISRG,receivables,2019-03-31,547600000,2019-05-20,AccountsReceivableNetCurrent,2026-08-25
ISRG,revenue,2019-03-31,973700000,2019-05-20,RevenueFromContractWithCustomerExcludingAssessedTax,2026-08-25
ISRG,rnd,2019-03-31,144000000,2019-05-20,ResearchAndDevelopmentExpense,2026-08-25
ISRG,shares,2019-03-31,115400000,2019-05-20,CommonStockSharesOutstanding,2026-08-25
IT,assets,2019-03-31,6714675000,2019-05-20,Assets,2026-08-25
IT,buybacks,2019-03-31,44839000,2019-05-20,PaymentsForRepurchaseOfCommonStock,2026-08-25
IT,cash,2019-03-31,149270000,2019-05-20,CashAndCashEquivalentsAtCarryingValue,2026-08-25
IT,debt,2019-03-31,2094758000,2019-05-20,LongTermDebtNoncurrent,2026-08-25
IT,equity,2019-03-31,856897000,2019-05-20,StockholdersEquity,2026-08-25
IT,liabilities,2019-03-31,5857778000,2019-05-20,Liabilities,2026-08-25
IT,netIncome,2019-03-31,20795000,2019-05-20,NetIncomeLoss,2026-08-25
IT,operatingCashFlow,2019-03-31,35596000,2019-05-20,NetCashProvidedByUsedInOperatingActivities,2026-08-25
IT,operatingIncome,2019-03-31,48799000,2019-05-20,OperatingIncomeLoss,2026-08-25
IT,receivables,2019-03-31,1178859000,2019-05-20,AccountsReceivableNetCurrent,2026-08-25
IT,revenue,2019-03-31,970444000,2019-05-20,RevenueFromContractWithCustomerExcludingAssessedTax,2026-08-25
ITW,assets,2019-03-31,15326000000,2019-05-20,Assets,2026-08-25
ITW,buybacks,2019-03-31,375000000,2019-05-20,PaymentsForRepurchaseOfCommonStock,2026-08-25
ITW,capex,2019-03-31,77000000,2019-05-20,PaymentsToAcquirePropertyPlantAndEquipment,2026-08-25
ITW,cash,2019-03-31,1755000000,2019-05-20,CashAndCashEquivalentsAtCarryingValue,2026-08-25
ITW,inventory,2019-03-31,1346000000,2019-05-20,InventoryNet,2026-08-25
ITW,operatingCashFlow,2019-03-31,616000000,2019-05-20,NetCashProvidedByUsedInOperatingActivities,2026-08-25
ITW,operatingIncome,2019-03-31,839000000,2019-05-20,OperatingIncomeLoss,2026-08-25
ITW,revenue,2019-03-31,3552000000,2019-05-20,RevenueFromContractWithCustomerExcludingAssessedTax,2026-08-25
ITW,shares,2019-03-31,325800000,2019-05-20,CommonStockSharesOutstanding,2026-08-25
IVZ,assets,2019-03-31,32206600000,2019-05-20,Assets,2026-08-25
IVZ,buybacks,2019-03-31,78600000,2019-05-20,PaymentsForRepurchaseOfCommonStock,2026-08-25
IVZ,capex,2019-03-31,21100000,2019-05-20,PaymentsToAcquirePropertyPlantAndEquipment,2026-08-25
IVZ,cash,2019-03-31,1017100000,2019-05-20,CashAndCashEquivalentsAtCarryingValue,2026-08-25
IVZ,debt,2019-03-31,2515700000,2019-05-20,LongTermDebt,2026-08-25
IVZ,equity,2019-03-31,8669300000,2019-05-20,StockholdersEquity,2026-08-25
IVZ,liabilities,2019-03-31,22746100000,2019-05-20,Liabilities,2026-08-25
IVZ,netIncome,2019-03-31,177700000,2019-05-20,NetIncomeLoss,2026-08-25
IVZ,operatingCashFlow,2019-03-31,-120400000,2019-05-20,NetCashProvidedByUsedInOperatingActivities,2026-08-25
IVZ,operatingIncome,2019-03-31,200200000,2019-05-20,OperatingIncomeLoss,2026-08-25
IVZ,revenue,2019-03-31,1214600000,2019-05-20,RevenueFromContractWithCustomerExcludingAssessedTax,2026-08-25
IVZ,shares,2019-03-31,400800000,2019-05-20,CommonStockSharesOutstanding,2026-08-25
J,assets,2019-03-29,12945845000,2019-05-18,Assets,2026-08-25
J,cash,2019-03-29,674548000,2019-05-18,CashAndCashEquivalentsAtCarryingValue,2026-08-25
J,debt,2019-03-29,2841536000,2019-05-18,LongTermDebtNoncurrent,2026-08-25
J,equity,2019-03-29,5465854000,2019-05-18,StockholdersEquity,2026-08-25
J,grossProfit,2019-03-29,616841000,2019-05-18,GrossProfit,2026-08-25
J,netIncome,2019-03-29,56917000,2019-05-18,NetIncomeLoss,2026-08-25
J,operatingIncome,2019-03-29,102681000,2019-05-18,OperatingIncomeLoss,2026-08-25
J,shares,2019-03-29,136432304,2019-05-18,CommonStockSharesOutstanding,2026-08-25
JBHT,assets,2019-03-31,5327282000,2019-05-20,Assets,2026-08-25
JBHT,buybacks,2019-03-31,0,2019-05-20,PaymentsForRepurchaseOfCommonStock,2026-08-25
JBHT,capex,2019-03-31,257658000,2019-05-20,PaymentsToAcquirePropertyPlantAndEquipment,2026-08-25
JBHT,cash,2019-03-31,52363000,2019-05-20,CashAndCashEquivalentsAtCarryingValue,2026-08-25
JBHT,debt,2019-03-31,1284550000,2019-05-20,LongTermDebtNoncurrent,2026-08-25
JBHT,equity,2019-03-31,2203764000,2019-05-20,StockholdersEquity,2026-08-25
JBHT,netIncome,2019-03-31,119601000,2019-05-20,NetIncomeLoss,2026-08-25
JBHT,operatingCashFlow,2019-03-31,250741000,2019-05-20,NetCashProvidedByUsedInOperatingActivities,2026-08-25
JBHT,operatingIncome,2019-03-31,167795000,2019-05-20,OperatingIncomeLoss,2026-08-25
JBHT,receivables,2019-03-31,1002483000,2019-05-20,AccountsReceivableNetCurrent,2026-08-25
JBL,assets,2019-02-28,12476594000,2019-04-19,Assets,2026-08-25
JBL,cash,2019-02-28,749057000,2019-04-19,CashAndCashEquivalentsAtCarryingValue,2026-08-25
JBL,debt,2019-02-28,2482387000,2019-04-19,LongTermDebtNoncurrent,2026-08-25
JBL,equity,2019-02-28,1847175000,2019-04-19,StockholdersEquity,2026-08-25
JBL,grossProfit,2019-02-28,454874000,2019-04-19,GrossProfit,2026-08-25
JBL,inventory,2019-02-28,3248273000,2019-04-19,InventoryNet,2026-08-25
JBL,liabilities,2019-02-28,10617742000,2019-04-19,Liabilities,2026-08-25
JBL,netIncome,2019-02-28,67354000,2019-04-19,NetIncomeLoss,2026-08-25
JBL,operatingIncome,2019-02-28,153983000,2019-04-19,OperatingIncomeLoss,2026-08-25
JBL,revenue,2019-02-28,6066990000,2019-04-19,RevenueFromContractWithCustomerExcludingAssessedTax,2026-08-25
JBL,rnd,2019-02-28,10155000,2019-04-19,ResearchAndDevelopmentExpense,2026-08-25
JBL,shares,2019-02-28,152878329,2019-04-19,CommonStockSharesOutstanding,2026-08-25
JCI,assets,2019-03-31,48489000000,2019-05-20,Assets,2026-08-25
JCI,cash,2019-03-31,239000000,2019-05-20,CashAndCashEquivalentsAtCarryingValue,2026-08-25
JCI,equity,2019-03-31,20036000000,2019-05-20,StockholdersEquity,2026-08-25
JCI,grossProfit,2019-03-31,1844000000,2019-05-20,GrossProfit,2026-08-25
JCI,inventory,2019-03-31,2124000000,2019-05-20,InventoryNet,2026-08-25
JCI,netIncome,2019-03-31,515000000,2019-05-20,NetIncomeLoss,2026-08-25
JCI,receivables,2019-03-31,5707000000,2019-05-20,AccountsReceivableNetCurrent,2026-08-25
JCI,revenue,2019-03-31,5779000000,2019-05-20,RevenueFromContractWithCustomerExcludingAssessedTax,2026-08-25
JKHY,assets,2019-03-31,2002879000,2019-05-20,Assets,2026-08-25
JKHY,cash,2019-03-31,35398000,2019-05-20,CashAndCashEquivalentsAtCarryingValue,2026-08-25
JKHY,equity,2019-03-31,1426003000,2019-05-20,StockholdersEquity,2026-08-25
JKHY,liabilities,2019-03-31,576876000,2019-05-20,Liabilities,2026-08-25
JKHY,netIncome,2019-03-31,59252000,2019-05-20,NetIncomeLoss,2026-08-25
JKHY,operatingIncome,2019-03-31,76441000,2019-05-20,OperatingIncomeLoss,2026-08-25
JKHY,revenue,2019-03-31,380364000,2019-05-20,RevenueFromContractWithCustomerExcludingAssessedTax,2026-08-25
JKHY,rnd,2019-03-31,23442000,2019-05-20,ResearchAndDevelopmentExpense,2026-08-25
JNJ,assets,2019-03-31,150027000000,2019-05-20,Assets,2026-08-25
JNJ,buybacks,2019-03-31,2206000000,2019-05-20,PaymentsForRepurchaseOfCommonStock,2026-08-25
JNJ,capex,2019-03-31,656000000,2019-05-20,PaymentsToAcquirePropertyPlantAndEquipment,2026-08-25
JNJ,cash,2019-03-31,14734000000,2019-05-20,CashAndCashEquivalentsAtCarryingValue,2026-08-25
JNJ,debt,2019-03-31,27660000000,2019-05-20,LongTermDebtNoncurrent,2026-08-25
JNJ,grossProfit,2019-03-31,13406000000,2019-05-20,GrossProfit,2026-08-25
JNJ,inventory,2019-03-31,9086000000,2019-05-20,InventoryNet,2026-08-25
JNJ,liabilities,2019-03-31,91072000000,2019-05-20,Liabilities,2026-08-25
JNJ,netIncome,2019-03-31,3749000000,2019-05-20,NetIncomeLoss,2026-08-25
JNJ,operatingCashFlow,2019-03-31,3543000000,2019-05-20,NetCashProvidedByUsedInOperatingActivities,2026-08-25
JNJ,receivables,2019-03-31,14115000000,2019-05-20,AccountsReceivableNetCurrent,2026-08-25
JNJ,revenue,2019-03-31,20021000000,2019-05-20,RevenueFromContractWithCustomerExcludingAssessedTax,2026-08-25
JPM,assets,2019-03-31,2737188000000,2019-05-20,Assets,2026-08-25
JPM,buybacks,2019-03-31,5091000000,2019-05-20,PaymentsForRepurchaseOfCommonStock,2026-08-25
JPM,equity,2019-03-31,259837000000,2019-05-20,StockholdersEquity,2026-08-25
JPM,liabilities,2019-03-31,2477351000000,2019-05-20,Liabilities,2026-08-25
JPM,netIncome,2019-03-31,9179000000,2019-05-20,NetIncomeLoss,2026-08-25
JPM,operatingCashFlow,2019-03-31,-80880000000,2019-05-20,NetCashProvidedByUsedInOperatingActivities,2026-08-25
KDP,assets,2019-03-31,49291000000,2019-05-20,Assets,2026-08-25
KDP,capex,2019-03-31,62000000,2019-05-20,PaymentsToAcquirePropertyPlantAndEquipment,2026-08-25
KDP,cash,2019-03-31,85000000,2019-05-20,CashAndCashEquivalentsAtCarryingValue,2026-08-25
KDP,debt,2019-03-31,13246000000,2019-05-20,LongTermDebtNoncurrent,2026-08-25
KDP,equity,2019-03-31,22674000000,2019-05-20,StockholdersEquity,2026-08-25
KDP,grossProfit,2019-03-31,1398000000,2019-05-20,GrossProfit,2026-08-25
KDP,inventory,2019-03-31,663000000,2019-05-20,InventoryNet,2026-08-25
KDP,liabilities,2019-03-31,26617000000,2019-05-20,Liabilities,2026-08-25
KDP,netIncome,2019-03-31,230000000,2019-05-20,NetIncomeLoss,2026-08-25
KDP,operatingCashFlow,2019-03-31,591000000,2019-05-20,NetCashProvidedByUsedInOperatingActivities,2026-08-25
KDP,operatingIncome,2019-03-31,498000000,2019-05-20,OperatingIncomeLoss,2026-08-25
KDP,receivables,2019-03-31,1016000000,2019-05-20,AccountsReceivableNetCurrent,2026-08-25
KDP,revenue,2019-03-31,2504000000,2019-05-20,RevenueFromContractWithCustomerExcludingAssessedTax,2026-08-25
KDP,shares,2019-03-31,1406689275,2019-05-20,CommonStockSharesOutstanding,2026-08-25
KEY,assets,2019-03-31,141515000000,2019-05-20,Assets,2026-08-25
KEY,buybacks,2019-03-31,167000000,2019-05-20,PaymentsForRepurchaseOfCommonStock,2026-08-25
KEY,capex,2019-03-31,9000000,2019-05-20,PaymentsToAcquireProductiveAssets,2026-08-25
KEY,debt,2019-03-31,14168000000,2019-05-20,LongTermDebt,2026-08-25
KEY,equity,2019-03-31,15924000000,2019-05-20,StockholdersEquity,2026-08-25
KEY,liabilities,2019-03-31,125589000000,2019-05-20,Liabilities,2026-08-25
KEY,netIncome,2019-03-31,407000000,2019-05-20,NetIncomeLoss,2026-08-25
KEY,operatingCashFlow,2019-03-31,560000000,2019-05-20,NetCashProvidedByUsedInOperatingActivities,2026-08-25
KEY,revenue,2019-03-31,1521000000,2019-05-20,Revenues,2026-08-25
KEYS,assets,2019-01-31,5978000000,2019-04-26,Assets,2026-08-25
KEYS,buybacks,2019-01-31,40000000,2019-04-26,PaymentsForRepurchaseOfCommonStock,2026-08-25
KEYS,capex,2019-01-31,31000000,2019-04-26,PaymentsToAcquirePropertyPlantAndEquipment,2026-08-25
KEYS,cash,2019-01-31,1098000000,2019-04-26,CashAndCashEquivalentsAtCarryingValue,2026-08-25
KEYS,debt,2019-01-31,1291000000,2019-04-26,LongTermDebtNoncurrent,2026-08-25
KEYS,equity,2019-01-31,2658000000,2019-04-26,StockholdersEquity,2026-08-25
KEYS,inventory,2019-01-31,641000000,2019-04-26,InventoryNet,2026-08-25
KEYS,liabilities,2019-01-31,3320000000,2019-04-26,Liabilities,2026-08-25
KEYS,operatingCashFlow,2019-01-31,240000000,2019-04-26,NetCashProvidedByUsedInOperatingActivities,2026-08-25
KEYS,operatingIncome,2019-01-31,121000000,2019-04-26,OperatingIncomeLoss,2026-08-25
KEYS,receivables,2019-01-31,580000000,2019-04-26,AccountsReceivableNetCurrent,2026-08-25
KEYS,revenue,2019-01-31,1006000000,2019-04-26,Revenues,2026-08-25
KEYS,rnd,2019-01-31,173000000,2019-04-26,ResearchAndDevelopmentExpense,2026-08-25
KHC,assets,2019-03-30,103562000000,2019-05-19,Assets,2026-08-25
KHC,capex,2019-03-30,249000000,2019-05-19,PaymentsToAcquirePropertyPlantAndEquipment,2026-08-25
KHC,cash,2019-03-30,1096000000,2019-05-19,CashAndCashEquivalentsAtCarryingValue,2026-08-25
KHC,equity,2019-03-30,51703000000,2019-05-19,StockholdersEquity,2026-08-25
KHC,grossProfit,2019-03-30,2011000000,2019-05-19,GrossProfit,2026-08-25
KHC,inventory,2019-03-30,3118000000,2019-05-19,InventoryNet,2026-08-25
KHC,liabilities,2019-03-30,51727000000,2019-05-19,Liabilities,2026-08-25
KHC,netIncome,2019-03-30,405000000,2019-05-19,NetIncomeLoss,2026-08-25
KHC,operatingCashFlow,2019-03-30,304000000,2019-05-19,NetCashProvidedByUsedInOperatingActivities,2026-08-25
KHC,operatingIncome,2019-03-30,562000000,2019-05-19,OperatingIncomeLoss,2026-08-25
KHC,receivables,2019-03-30,2010000000,2019-05-19,AccountsReceivableNetCurrent,2026-08-25
KHC,shares,2019-03-30,1220000000,2019-05-19,CommonStockSharesOutstanding,2026-08-25
KIM,assets,2019-03-31,11070200000,2019-05-20,Assets,2026-08-25
KIM,cash,2019-03-31,143673000,2019-05-20,CashAndCashEquivalentsAtCarryingValue,2026-08-25
KIM,equity,2019-03-31,5319877000,2019-05-20,StockholdersEquity,2026-08-25
KIM,liabilities,2019-03-31,5649658000,2019-05-20,Liabilities,2026-08-25
KIM,netIncome,2019-03-31,116169000,2019-05-20,NetIncomeLoss,2026-08-25
KIM,operatingCashFlow,2019-03-31,155258000,2019-05-20,NetCashProvidedByUsedInOperatingActivities,2026-08-25
KIM,operatingIncome,2019-03-31,134103000,2019-05-20,OperatingIncomeLoss,2026-08-25
KIM,revenue,2019-03-31,295010000,2019-05-20,Revenues,2026-08-25
KIM,shares,2019-03-31,422037132,2019-05-20,CommonStockSharesOutstanding,2026-08-25
KKR,assets,2019-03-31,52004019000,2019-05-20,Assets,2026-08-25
KKR,buybacks,2019-03-31,28566000,2019-05-20,PaymentsForRepurchaseOfCommonStock,2026-08-25
KKR,capex,2019-03-31,19455000,2019-05-20,PaymentsToAcquirePropertyPlantAndEquipment,2026-08-25
KKR,cash,2019-03-31,1808368000,2019-05-20,CashAndCashEquivalentsAtCarryingValue,2026-08-25
KKR,equity,2019-03-31,9322371000,2019-05-20,StockholdersEquity,2026-08-25
KKR,liabilities,2019-03-31,25796178000,2019-05-20,Liabilities,2026-08-25
KKR,netIncome,2019-03-31,709319000,2019-05-20,NetIncomeLoss,2026-08-25
KKR,operatingCashFlow,2019-03-31,156278000,2019-05-20,NetCashProvidedByUsedInOperatingActivities,2026-08-25
KKR,revenue,2019-03-31,1187480000,2019-05-20,Revenues,2026-08-25
KLAC,assets,2019-03-31,9187605000,2019-05-20,Assets,2026-08-25
KLAC,cash,2019-03-31,1092163000,2019-05-20,CashAndCashEquivalentsAtCarryingValue,2026-08-25
KLAC,debt,2019-03-31,3172649000,2019-05-20,LongTermDebtNoncurrent,2026-08-25
KLAC,equity,2019-03-31,2849093000,2019-05-20,StockholdersEquity,2026-08-25
KLAC,grossProfit,2019-03-31,610366000,2019-05-20,GrossProfit,2026-08-25
KLAC,inventory,2019-03-31,1317260000,2019-05-20,InventoryNet,2026-08-25
KLAC,liabilities,2019-03-31,6302017000,2019-05-20,Liabilities,2026-08-25
KLAC,netIncome,2019-03-31,192728000,2019-05-20,NetIncomeLoss,2026-08-25
KLAC,receivables,2019-03-31,958021000,2019-05-20,AccountsReceivableNetCurrent,2026-08-25
KLAC,revenue,2019-03-31,1097311000,2019-05-20,RevenueFromContractWithCustomerExcludingAssessedTax,2026-08-25
KLAC,rnd,2019-03-31,184887000,2019-05-20,ResearchAndDevelopmentExpense,2026-08-25
KMB,assets,2019-03-31,15204000000,2019-05-20,Assets,2026-08-25
KMB,buybacks,2019-03-31,164000000,2019-05-20,PaymentsForRepurchaseOfCommonStock,2026-08-25
KMB,capex,2019-03-31,316000000,2019-05-20,PaymentsToAcquireProductiveAssets,2026-08-25
KMB,cash,2019-03-31,491000000,2019-05-20,CashAndCashEquivalentsAtCarryingValue,2026-08-25
KMB,equity,2019-03-31,-82000000,2019-05-20,StockholdersEquity,2026-08-25
KMB,grossProfit,2019-03-31,1428000000,2019-05-20,GrossProfit,2026-08-25
KMB,inventory,2019-03-31,1857000000,2019-05-20,InventoryNet,2026-08-25
KMB,netIncome,2019-03-31,454000000,2019-05-20,NetIncomeLoss,2026-08-25
KMB,operatingCashFlow,2019-03-31,317000000,2019-05-20,NetCashProvidedByUsedInOperatingActivities,2026-08-25
KMB,operatingIncome,2019-03-31,655000000,2019-05-20,OperatingIncomeLoss,2026-08-25
KMB,receivables,2019-03-31,2377000000,2019-05-20,AccountsReceivableNetCurrent,2026-08-25
KMB,revenue,2019-03-31,4633000000,2019-05-20,Revenues,2026-08-25
KMB,shares,2019-03-31,343900000,2019-05-20,CommonStockSharesOutstanding,2026-08-25
KMI,assets,2019-03-31,76292000000,2019-05-20,Assets,2026-08-25
KMI,buybacks,2019-03-31,2000000,2019-05-20,PaymentsForRepurchaseOfCommonStock,2026-08-25
KMI,capex,2019-03-31,554000000,2019-05-20,PaymentsToAcquirePropertyPlantAndEquipment,2026-08-25
KMI,cash,2019-03-31,221000000,2019-05-20,CashAndCashEquivalentsAtCarryingValue,2026-08-25
KMI,debt,2019-03-31,33328000000,2019-05-20,LongTermDebtNoncurrent,2026-08-25
KMI,equity,2019-03-31,33612000000,2019-05-20,StockholdersEquity,2026-08-25
KMI,equityStakes,2019-03-31,331000000,2019-05-20,PaymentsToAcquireEquityMethodInvestments,2026-08-25
KMI,inventory,2019-03-31,429000000,2019-05-20,InventoryNet,2026-08-25
KMI,liabilities,2019-03-31,41131000000,2019-05-20,Liabilities,2026-08-25
KMI,netIncome,2019-03-31,556000000,2019-05-20,NetIncomeLoss,2026-08-25
KMI,operatingCashFlow,2019-03-31,635000000,2019-05-20,NetCashProvidedByUsedInOperatingActivities,2026-08-25
KMI,operatingIncome,2019-03-31,1018000000,2019-05-20,OperatingIncomeLoss,2026-08-25
KMI,receivables,2019-03-31,1310000000,2019-05-20,AccountsReceivableNetCurrent,2026-08-25
KMI,revenue,2019-03-31,3429000000,2019-05-20,Revenues,2026-08-25
KMI,shares,2019-03-31,2262423688,2019-05-20,CommonStockSharesOutstanding,2026-08-25
KO,assets,2019-03-29,88347000000,2019-05-18,Assets,2026-08-25
KO,buybacks,2019-03-29,397000000,2019-05-18,PaymentsForRepurchaseOfCommonStock,2026-08-25
KO,capex,2019-03-29,388000000,2019-05-18,PaymentsToAcquirePropertyPlantAndEquipment,2026-08-25
KO,cash,2019-03-29,5848000000,2019-05-18,CashAndCashEquivalentsAtCarryingValue,2026-08-25
KO,debt,2019-03-29,29400000000,2019-05-18,LongTermDebtNoncurrent,2026-08-25
KO,equity,2019-03-29,17735000000,2019-05-18,StockholdersEquity,2026-08-25
KO,grossProfit,2019-03-29,5329000000,2019-05-18,GrossProfit,2026-08-25
KO,inventory,2019-03-29,3178000000,2019-05-18,InventoryNet,2026-08-25
KO,netIncome,2019-03-29,1678000000,2019-05-18,NetIncomeLoss,2026-08-25
KO,operatingCashFlow,2019-03-29,788000000,2019-05-18,NetCashProvidedByUsedInOperatingActivities,2026-08-25
KO,operatingIncome,2019-03-29,2435000000,2019-05-18,OperatingIncomeLoss,2026-08-25
KO,receivables,2019-03-29,3852000000,2019-05-18,AccountsReceivableNetCurrent,2026-08-25
KO,revenue,2019-03-29,8694000000,2019-05-18,Revenues,2026-08-25
KR,assets,2019-02-02,38118000000,2019-04-28,Assets,2026-08-25
KR,cash,2019-02-02,429000000,2019-04-28,CashAndCashEquivalentsAtCarryingValue,2026-08-25
KR,debt,2019-02-02,11248000000,2019-04-28,LongTermDebtNoncurrent,2026-08-25
KR,equity,2019-02-02,7886000000,2019-04-28,StockholdersEquity,2026-08-25
KR,liabilities,2019-02-02,30283000000,2019-04-28,Liabilities,2026-08-25
KR,netIncome,2019-02-02,259000000,2019-04-28,NetIncomeLoss,2026-08-25
KR,operatingIncome,2019-02-02,391000000,2019-04-28,OperatingIncomeLoss,2026-08-25
KR,revenue,2019-02-02,28286000000,2019-04-28,RevenueFromContractWithCustomerExcludingAssessedTax,2026-08-25
L,assets,2019-03-31,80449000000,2019-05-20,Assets,2026-08-25
L,buybacks,2019-03-31,317000000,2019-05-20,PaymentsForRepurchaseOfCommonStock,2026-08-25
L,capex,2019-03-31,223000000,2019-05-20,PaymentsToAcquirePropertyPlantAndEquipment,2026-08-25
L,equity,2019-03-31,19037000000,2019-05-20,StockholdersEquity,2026-08-25
L,liabilities,2019-03-31,58547000000,2019-05-20,Liabilities,2026-08-25
L,netIncome,2019-03-31,394000000,2019-05-20,NetIncomeLoss,2026-08-25
L,operatingCashFlow,2019-03-31,81000000,2019-05-20,NetCashProvidedByUsedInOperatingActivities,2026-08-25
L,revenue,2019-03-31,3757000000,2019-05-20,Revenues,2026-08-25
LDOS,assets,2019-03-29,9360000000,2019-05-18,Assets,2026-08-25
LDOS,capex,2019-03-29,30000000,2019-05-18,PaymentsToAcquireProductiveAssets,2026-08-25
LDOS,cash,2019-03-29,536000000,2019-05-18,CashAndCashEquivalentsAtCarryingValue,2026-08-25
LDOS,equity,2019-03-29,3294000000,2019-05-18,StockholdersEquity,2026-08-25
LDOS,netIncome,2019-03-29,189000000,2019-05-18,NetIncomeLoss,2026-08-25
LDOS,operatingCashFlow,2019-03-29,288000000,2019-05-18,NetCashProvidedByUsedInOperatingActivities,2026-08-25
LDOS,operatingIncome,2019-03-29,192000000,2019-05-18,OperatingIncomeLoss,2026-08-25
LDOS,revenue,2019-03-29,2577000000,2019-05-18,Revenues,2026-08-25
LDOS,shares,2019-03-29,144000000,2019-05-18,CommonStockSharesOutstanding,2026-08-25
LEN,assets,2019-02-28,28749926000,2019-04-19,Assets,2026-08-25
LEN,buybacks,2019-02-28,49143000,2019-04-19,PaymentsForRepurchaseOfCommonStock,2026-08-25
LEN,capex,2019-02-28,27395000,2019-04-19,PaymentsToAcquirePropertyPlantAndEquipment,2026-08-25
LEN,equity,2019-02-28,14786814000,2019-04-19,StockholdersEquity,2026-08-25
LEN,equityStakes,2019-02-28,133917000,2019-04-19,PaymentsToAcquireEquityMethodInvestments,2026-08-25
LEN,grossProfit,2019-02-28,726079000,2019-04-19,GrossProfit,2026-08-25
LEN,liabilities,2019-02-28,13856231000,2019-04-19,Liabilities,2026-08-25
LEN,netIncome,2019-02-28,239910000,2019-04-19,NetIncomeLoss,2026-08-25
LEN,operatingCashFlow,2019-02-28,-524423000,2019-04-19,NetCashProvidedByUsedInOperatingActivities,2026-08-25
LEN,operatingIncome,2019-02-28,398467000,2019-04-19,OperatingIncomeLoss,2026-08-25
LEN,revenue,2019-02-28,3868082000,2019-04-19,Revenues,2026-08-25
LH,assets,2019-03-31,16970800000,2019-05-20,Assets,2026-08-25
LH,buybacks,2019-03-31,100100000,2019-05-20,PaymentsForRepurchaseOfCommonStock,2026-08-25
LH,capex,2019-03-31,94200000,2019-05-20,PaymentsToAcquirePropertyPlantAndEquipment,2026-08-25
LH,cash,2019-03-31,348800000,2019-05-20,CashAndCashEquivalentsAtCarryingValue,2026-08-25
LH,debt,2019-03-31,5495600000,2019-05-20,LongTermDebtNoncurrent,2026-08-25
LH,equity,2019-03-31,7111300000,2019-05-20,StockholdersEquity,2026-08-25
LH,equityStakes,2019-03-31,3300000,2019-05-20,PaymentsToAcquireEquityMethodInvestments,2026-08-25
LH,grossProfit,2019-03-31,789700000,2019-05-20,GrossProfit,2026-08-25
LH,inventory,2019-03-31,233700000,2019-05-20,InventoryNet,2026-08-25
LH,liabilities,2019-03-31,9840000000,2019-05-20,Liabilities,2026-08-25
LH,netIncome,2019-03-31,185600000,2019-05-20,NetIncomeLoss,2026-08-25
LH,operatingCashFlow,2019-03-31,165800000,2019-05-20,NetCashProvidedByUsedInOperatingActivities,2026-08-25
LH,operatingIncome,2019-03-31,318200000,2019-05-20,OperatingIncomeLoss,2026-08-25
LH,receivables,2019-03-31,1563000000,2019-05-20,AccountsReceivableNetCurrent,2026-08-25
LH,revenue,2019-03-31,2791200000,2019-05-20,Revenues,2026-08-25
LH,shares,2019-03-31,98700000,2019-05-20,CommonStockSharesOutstanding,2026-08-25
LHX,assets,2019-03-29,9792000000,2019-05-18,Assets,2026-08-25
LHX,buybacks,2019-03-29,0,2019-05-18,PaymentsForRepurchaseOfCommonStock,2026-08-25
LHX,capex,2019-03-29,37000000,2019-05-18,PaymentsToAcquirePropertyPlantAndEquipment,2026-08-25
LHX,cash,2019-03-29,334000000,2019-05-18,CashAndCashEquivalentsAtCarryingValue,2026-08-25
LHX,equity,2019-03-29,3607000000,2019-05-18,StockholdersEquity,2026-08-25
LHX,inventory,2019-03-29,433000000,2019-05-18,InventoryNet,2026-08-25
LHX,netIncome,2019-03-29,243000000,2019-05-18,NetIncomeLoss,2026-08-25
LHX,operatingCashFlow,2019-03-29,405000000,2019-05-18,NetCashProvidedByUsedInOperatingActivities,2026-08-25
LHX,revenue,2019-03-29,1728000000,2019-05-18,RevenueFromContractWithCustomerExcludingAssessedTax,2026-08-25
LHX,shares,2019-03-29,118072477,2019-05-18,CommonStockSharesOutstanding,2026-08-25
LII,assets,2019-03-31,2105700000,2019-05-20,Assets,2026-08-25
LII,buybacks,2019-03-31,100000000,2019-05-20,PaymentsForRepurchaseOfCommonStock,2026-08-25
LII,capex,2019-03-31,37200000,2019-05-20,PaymentsToAcquirePropertyPlantAndEquipment,2026-08-25
LII,cash,2019-03-31,31700000,2019-05-20,CashAndCashEquivalentsAtCarryingValue,2026-08-25
LII,equity,2019-03-31,-204800000,2019-05-20,StockholdersEquity,2026-08-25
LII,grossProfit,2019-03-31,201600000,2019-05-20,GrossProfit,2026-08-25
LII,inventory,2019-03-31,600100000,2019-05-20,InventoryNet,2026-08-25
LII,liabilities,2019-03-31,2310500000,2019-05-20,Liabilities,2026-08-25
LII,netIncome,2019-03-31,69300000,2019-05-20,NetIncomeLoss,2026-08-25
LII,operatingCashFlow,2019-03-31,-141000000,2019-05-20,NetCashProvidedByUsedInOperatingActivities,2026-08-25
LII,operatingIncome,2019-03-31,94700000,2019-05-20,OperatingIncomeLoss,2026-08-25
LII,revenue,2019-03-31,790300000,2019-05-20,Revenues,2026-08-25
LIN,assets,2019-03-31,91641000000,2019-05-20,Assets,2026-08-25
LIN,buybacks,2019-03-31,725000000,2019-05-20,PaymentsForRepurchaseOfCommonStock,2026-08-25
LIN,capex,2019-03-31,843000000,2019-05-20,PaymentsToAcquirePropertyPlantAndEquipment,2026-08-25
LIN,cash,2019-03-31,5791000000,2019-05-20,CashAndCashEquivalentsAtCarryingValue,2026-08-25
LIN,debt,2019-03-31,13207000000,2019-05-20,LongTermDebt,2026-08-25
LIN,equity,2019-03-31,51175000000,2019-05-20,StockholdersEquity,2026-08-25
LIN,inventory,2019-03-31,1667000000,2019-05-20,InventoryNet,2026-08-25
LIN,liabilities,2019-03-31,34994000000,2019-05-20,Liabilities,2026-08-25
LIN,netIncome,2019-03-31,517000000,2019-05-20,NetIncomeLoss,2026-08-25
LIN,operatingCashFlow,2019-03-31,1068000000,2019-05-20,NetCashProvidedByUsedInOperatingActivitiesContinuingOperations,2026-08-25
LIN,operatingIncome,2019-03-31,609000000,2019-05-20,OperatingIncomeLoss,2026-08-25
LIN,receivables,2019-03-31,4390000000,2019-05-20,AccountsReceivableNetCurrent,2026-08-25
LIN,revenue,2019-03-31,6944000000,2019-05-20,RevenueFromContractWithCustomerExcludingAssessedTax,2026-08-25
LIN,rnd,2019-03-31,46000000,2019-05-20,ResearchAndDevelopmentExpense,2026-08-25
LITE,assets,2019-03-30,2771400000,2019-05-19,Assets,2026-08-25
LITE,cash,2019-03-30,358300000,2019-05-19,CashAndCashEquivalentsAtCarryingValue,2026-08-25
LITE,equity,2019-03-30,1503900000,2019-05-19,StockholdersEquity,2026-08-25
LITE,grossProfit,2019-03-30,88300000,2019-05-19,GrossProfit,2026-08-25
LITE,inventory,2019-03-30,272200000,2019-05-19,InventoryNet,2026-08-25
LITE,liabilities,2019-03-30,1267500000,2019-05-19,Liabilities,2026-08-25
LITE,netIncome,2019-03-30,-74300000,2019-05-19,NetIncomeLoss,2026-08-25
LITE,operatingIncome,2019-03-30,-76400000,2019-05-19,OperatingIncomeLoss,2026-08-25
LITE,revenue,2019-03-30,432900000,2019-05-19,Revenues,2026-08-25
LITE,rnd,2019-03-30,57700000,2019-05-19,ResearchAndDevelopmentExpense,2026-08-25
LITE,shares,2019-03-30,76349298,2019-05-19,CommonStockSharesOutstanding,2026-08-25
LLY,assets,2019-03-31,38006800000,2019-05-20,Assets,2026-08-25
LLY,buybacks,2019-03-31,3500000000,2019-05-20,PaymentsForRepurchaseOfCommonStock,2026-08-25
LLY,capex,2019-03-31,203700000,2019-05-20,PaymentsToAcquireProductiveAssets,2026-08-25
LLY,cash,2019-03-31,2036400000,2019-05-20,CashAndCashEquivalentsAtCarryingValue,2026-08-25
LLY,debt,2019-03-31,13610200000,2019-05-20,LongTermDebtNoncurrent,2026-08-25
LLY,equity,2019-03-31,2480300000,2019-05-20,StockholdersEquity,2026-08-25
LLY,inventory,2019-03-31,3055200000,2019-05-20,InventoryNet,2026-08-25
LLY,netIncome,2019-03-31,4241600000,2019-05-20,NetIncomeLoss,2026-08-25
LLY,operatingCashFlow,2019-03-31,311300000,2019-05-20,NetCashProvidedByUsedInOperatingActivities,2026-08-25
LLY,receivables,2019-03-31,4200500000,2019-05-20,AccountsReceivableNetCurrent,2026-08-25
LLY,revenue,2019-03-31,5092200000,2019-05-20,Revenues,2026-08-25
LLY,rnd,2019-03-31,1230500000,2019-05-20,ResearchAndDevelopmentExpense,2026-08-25
LMT,assets,2019-03-31,47684000000,2019-05-20,Assets,2026-08-25
LMT,buybacks,2019-03-31,281000000,2019-05-20,PaymentsForRepurchaseOfCommonStock,2026-08-25
LMT,capex,2019-03-31,284000000,2019-05-20,PaymentsToAcquireProductiveAssets,2026-08-25
LMT,cash,2019-03-31,991000000,2019-05-20,CashAndCashEquivalentsAtCarryingValue,2026-08-25
LMT,debt,2019-03-31,12621000000,2019-05-20,LongTermDebtNoncurrent,2026-08-25
LMT,equity,2019-03-31,2465000000,2019-05-20,StockholdersEquity,2026-08-25
LMT,grossProfit,2019-03-31,2188000000,2019-05-20,GrossProfit,2026-08-25
LMT,liabilities,2019-03-31,45162000000,2019-05-20,Liabilities,2026-08-25
LMT,netIncome,2019-03-31,1704000000,2019-05-20,NetIncomeLoss,2026-08-25
LMT,operatingCashFlow,2019-03-31,1663000000,2019-05-20,NetCashProvidedByUsedInOperatingActivities,2026-08-25
LMT,operatingIncome,2019-03-31,2283000000,2019-05-20,OperatingIncomeLoss,2026-08-25
LMT,revenue,2019-03-31,14336000000,2019-05-20,Revenues,2026-08-25
LNT,assets,2019-03-31,15713400000,2019-05-20,Assets,2026-08-25
LNT,capex,2019-03-31,374000000,2019-05-20,PaymentsToAcquirePropertyPlantAndEquipment,2026-08-25
LNT,cash,2019-03-31,10100000,2019-05-20,CashAndCashEquivalentsAtCarryingValue,2026-08-25
LNT,debt,2019-03-31,5362200000,2019-05-20,LongTermDebtNoncurrent,2026-08-25
LNT,equity,2019-03-31,4682400000,2019-05-20,StockholdersEquity,2026-08-25
LNT,netIncome,2019-03-31,127700000,2019-05-20,NetIncomeLoss,2026-08-25
LNT,operatingCashFlow,2019-03-31,181100000,2019-05-20,NetCashProvidedByUsedInOperatingActivities,2026-08-25
LNT,operatingIncome,2019-03-31,176800000,2019-05-20,OperatingIncomeLoss,2026-08-25
LNT,receivables,2019-03-31,417900000,2019-05-20,AccountsReceivableNetCurrent,2026-08-25
LNT,revenue,2019-03-31,987200000,2019-05-20,Revenues,2026-08-25
LNT,shares,2019-03-31,237394409,2019-05-20,CommonStockSharesOutstanding,2026-08-25
LOW,assets,2019-02-01,34508000000,2019-04-27,Assets,2026-08-25
LOW,cash,2019-02-01,511000000,2019-04-27,CashAndCashEquivalentsAtCarryingValue,2026-08-25
LOW,equity,2019-02-01,3644000000,2019-04-27,StockholdersEquity,2026-08-25
LOW,inventory,2019-02-01,12561000000,2019-04-27,InventoryNet,2026-08-25
LOW,liabilities,2019-02-01,30864000000,2019-04-27,Liabilities,2026-08-25
LOW,shares,2019-02-01,801000000,2019-04-27,CommonStockSharesOutstanding,2026-08-25
LRCX,assets,2019-03-31,12895262000,2019-05-20,Assets,2026-08-25
LRCX,cash,2019-03-31,4931611000,2019-05-20,CashAndCashEquivalentsAtCarryingValue,2026-08-25
LRCX,debt,2019-03-31,3755301000,2019-05-20,LongTermDebtNoncurrent,2026-08-25
LRCX,equity,2019-03-31,5291196000,2019-05-20,StockholdersEquity,2026-08-25
LRCX,grossProfit,2019-03-31,1074337000,2019-05-20,GrossProfit,2026-08-25
LRCX,inventory,2019-03-31,1622242000,2019-05-20,InventoryNet,2026-08-25
LRCX,liabilities,2019-03-31,7554283000,2019-05-20,Liabilities,2026-08-25
LRCX,netIncome,2019-03-31,547390000,2019-05-20,NetIncomeLoss,2026-08-25
LRCX,operatingIncome,2019-03-31,565517000,2019-05-20,OperatingIncomeLoss,2026-08-25
LRCX,receivables,2019-03-31,1522273000,2019-05-20,AccountsReceivableNetCurrent,2026-08-25
LRCX,revenue,2019-03-31,2439048000,2019-05-20,RevenueFromContractWithCustomerExcludingAssessedTax,2026-08-25
LRCX,rnd,2019-03-31,318514000,2019-05-20,ResearchAndDevelopmentExpense,2026-08-25
LRCX,shares,2019-03-31,149886000,2019-05-20,CommonStockSharesOutstanding,2026-08-25
LULU,assets,2019-02-03,2084711000,2019-04-29,Assets,2026-08-25
LULU,cash,2019-02-03,881320000,2019-04-29,CashAndCashEquivalentsAtCarryingValue,2026-08-25
LULU,equity,2019-02-03,1445975000,2019-04-29,StockholdersEquity,2026-08-25
LULU,grossProfit,2019-02-03,668583000,2019-04-29,GrossProfit,2026-08-25
LULU,inventory,2019-02-03,404842000,2019-04-29,InventoryNet,2026-08-25
LULU,liabilities,2019-02-03,638736000,2019-04-29,Liabilities,2026-08-25
LULU,netIncome,2019-02-03,218465000,2019-04-29,NetIncomeLoss,2026-08-25
LULU,operatingIncome,2019-02-03,331420000,2019-04-29,OperatingIncomeLoss,2026-08-25
LULU,revenue,2019-02-03,1167458000,2019-04-29,RevenueFromContractWithCustomerExcludingAssessedTax,2026-08-25
LULU,shares,2019-02-03,121600000,2019-04-29,CommonStockSharesOutstanding,2026-08-25
LUV,assets,2019-03-31,26459000000,2019-05-20,Assets,2026-08-25
LUV,buybacks,2019-03-31,500000000,2019-05-20,PaymentsForRepurchaseOfCommonStock,2026-08-25
LUV,capex,2019-03-31,160000000,2019-05-20,PaymentsToAcquireProductiveAssets,2026-08-25
LUV,cash,2019-03-31,2344000000,2019-05-20,CashAndCashEquivalentsAtCarryingValue,2026-08-25
LUV,equity,2019-03-31,9791000000,2019-05-20,StockholdersEquity,2026-08-25
LUV,netIncome,2019-03-31,387000000,2019-05-20,NetIncomeLoss,2026-08-25
LUV,operatingCashFlow,2019-03-31,1105000000,2019-05-20,NetCashProvidedByUsedInOperatingActivities,2026-08-25
LUV,operatingIncome,2019-03-31,505000000,2019-05-20,OperatingIncomeLoss,2026-08-25
LUV,revenue,2019-03-31,5149000000,2019-05-20,Revenues,2026-08-25
LVS,assets,2019-03-31,22313000000,2019-05-20,Assets,2026-08-25
LVS,buybacks,2019-03-31,174000000,2019-05-20,PaymentsForRepurchaseOfCommonStock,2026-08-25
LVS,capex,2019-03-31,240000000,2019-05-20,PaymentsToAcquirePropertyPlantAndEquipment,2026-08-25
LVS,cash,2019-03-31,4134000000,2019-05-20,CashAndCashEquivalentsAtCarryingValue,2026-08-25
LVS,equity,2019-03-31,5525000000,2019-05-20,StockholdersEquity,2026-08-25
LVS,inventory,2019-03-31,35000000,2019-05-20,InventoryNet,2026-08-25
LVS,liabilities,2019-03-31,15873000000,2019-05-20,Liabilities,2026-08-25
LVS,netIncome,2019-03-31,582000000,2019-05-20,NetIncomeLoss,2026-08-25
LVS,operatingCashFlow,2019-03-31,820000000,2019-05-20,NetCashProvidedByUsedInOperatingActivities,2026-08-25
LVS,operatingIncome,2019-03-31,971000000,2019-05-20,OperatingIncomeLoss,2026-08-25
LVS,receivables,2019-03-31,737000000,2019-05-20,AccountsReceivableNetCurrent,2026-08-25
LVS,revenue,2019-03-31,3646000000,2019-05-20,Revenues,2026-08-25
LVS,shares,2019-03-31,773000000,2019-05-20,CommonStockSharesOutstanding,2026-08-25
LYB,assets,2019-03-31,29889000000,2019-05-20,Assets,2026-08-25
LYB,buybacks,2019-03-31,512000000,2019-05-20,PaymentsForRepurchaseOfCommonStock,2026-08-25
LYB,capex,2019-03-31,599000000,2019-05-20,PaymentsToAcquirePropertyPlantAndEquipment,2026-08-25
LYB,cash,2019-03-31,339000000,2019-05-20,CashAndCashEquivalentsAtCarryingValue,2026-08-25
LYB,equity,2019-03-31,10138000000,2019-05-20,StockholdersEquity,2026-08-25
LYB,grossProfit,2019-03-31,1332000000,2019-05-20,GrossProfit,2026-08-25
LYB,inventory,2019-03-31,4496000000,2019-05-20,InventoryNet,2026-08-25
LYB,netIncome,2019-03-31,817000000,2019-05-20,NetIncomeLoss,2026-08-25
LYB,operatingCashFlow,2019-03-31,657000000,2019-05-20,NetCashProvidedByUsedInOperatingActivities,2026-08-25
LYB,operatingIncome,2019-03-31,1017000000,2019-05-20,OperatingIncomeLoss,2026-08-25
LYB,receivables,2019-03-31,3508000000,2019-05-20,AccountsReceivableNetCurrent,2026-08-25
LYB,revenue,2019-03-31,8778000000,2019-05-20,Revenues,2026-08-25
LYB,rnd,2019-03-31,28000000,2019-05-20,ResearchAndDevelopmentExpense,2026-08-25
LYB,shares,2019-03-31,370326103,2019-05-20,CommonStockSharesOutstanding,2026-08-25
LYV,assets,2019-03-31,10302533000,2019-05-20,Assets,2026-08-25
LYV,capex,2019-03-31,57136000,2019-05-20,PaymentsToAcquirePropertyPlantAndEquipment,2026-08-25
LYV,cash,2019-03-31,2670538000,2019-05-20,CashAndCashEquivalentsAtCarryingValue,2026-08-25
LYV,equity,2019-03-31,1043208000,2019-05-20,StockholdersEquity,2026-08-25
LYV,netIncome,2019-03-31,-52444000,2019-05-20,NetIncomeLoss,2026-08-25
LYV,operatingCashFlow,2019-03-31,469050000,2019-05-20,NetCashProvidedByUsedInOperatingActivities,2026-08-25
LYV,operatingIncome,2019-03-31,-23863000,2019-05-20,OperatingIncomeLoss,2026-08-25
LYV,receivables,2019-03-31,920035000,2019-05-20,AccountsReceivableNetCurrent,2026-08-25
LYV,revenue,2019-03-31,1727828000,2019-05-20,Revenues,2026-08-25
MA,assets,2019-03-31,23520000000,2019-05-20,Assets,2026-08-25
MA,buybacks,2019-03-31,1824000000,2019-05-20,PaymentsForRepurchaseOfCommonStock,2026-08-25
MA,capex,2019-03-31,83000000,2019-05-20,PaymentsToAcquirePropertyPlantAndEquipment,2026-08-25
MA,cash,2019-03-31,5857000000,2019-05-20,CashAndCashEquivalentsAtCarryingValue,2026-08-25
MA,debt,2019-03-31,5799000000,2019-05-20,LongTermDebtNoncurrent,2026-08-25
MA,equity,2019-03-31,5168000000,2019-05-20,StockholdersEquity,2026-08-25
MA,liabilities,2019-03-31,18257000000,2019-05-20,Liabilities,2026-08-25
MA,operatingCashFlow,2019-03-31,1312000000,2019-05-20,NetCashProvidedByUsedInOperatingActivities,2026-08-25
MA,operatingIncome,2019-03-31,2213000000,2019-05-20,OperatingIncomeLoss,2026-08-25
MA,receivables,2019-03-31,2577000000,2019-05-20,AccountsReceivableNetCurrent,2026-08-25
MA,revenue,2019-03-31,3889000000,2019-05-20,Revenues,2026-08-25
MAA,cash,2019-03-31,44623000,2019-05-20,CashAndCashEquivalentsAtCarryingValue,2026-08-25
MAA,netIncome,2019-03-31,63660000,2019-05-20,NetIncomeLoss,2026-08-25
MAA,operatingCashFlow,2019-03-31,154678000,2019-05-20,NetCashProvidedByUsedInOperatingActivities,2026-08-25
MAA,revenue,2019-03-31,401178000,2019-05-20,Revenues,2026-08-25
MAA,shares,2019-03-31,113916208,2019-05-20,CommonStockSharesOutstanding,2026-08-25
MAR,assets,2019-03-31,24746000000,2019-05-20,Assets,2026-08-25
MAR,buybacks,2019-03-31,797000000,2019-05-20,PaymentsForRepurchaseOfCommonStock,2026-08-25
MAR,capex,2019-03-31,66000000,2019-05-20,PaymentsToAcquirePropertyPlantAndEquipment,2026-08-25
MAR,cash,2019-03-31,258000000,2019-05-20,CashAndCashEquivalentsAtCarryingValue,2026-08-25
MAR,equity,2019-03-31,1603000000,2019-05-20,StockholdersEquity,2026-08-25
MAR,netIncome,2019-03-31,375000000,2019-05-20,NetIncomeLoss,2026-08-25
MAR,operatingCashFlow,2019-03-31,151000000,2019-05-20,NetCashProvidedByUsedInOperatingActivities,2026-08-25
MAR,operatingIncome,2019-03-31,510000000,2019-05-20,OperatingIncomeLoss,2026-08-25
MAR,revenue,2019-03-31,5012000000,2019-05-20,Revenues,2026-08-25
MAR,shares,2019-03-31,334100000,2019-05-20,CommonStockSharesOutstanding,2026-08-25
MAS,assets,2019-03-31,5602000000,2019-05-20,Assets,2026-08-25
MAS,buybacks,2019-03-31,116000000,2019-05-20,PaymentsForRepurchaseOfCommonStock,2026-08-25
MAS,capex,2019-03-31,38000000,2019-05-20,PaymentsToAcquireProductiveAssets,2026-08-25
MAS,cash,2019-03-31,316000000,2019-05-20,CashAndCashEquivalentsAtCarryingValue,2026-08-25
MAS,debt,2019-03-31,2771000000,2019-05-20,LongTermDebtNoncurrent,2026-08-25
MAS,equity,2019-03-31,-146000000,2019-05-20,StockholdersEquity,2026-08-25
MAS,grossProfit,2019-03-31,522000000,2019-05-20,GrossProfit,2026-08-25
MAS,inventory,2019-03-31,1011000000,2019-05-20,InventoryNet,2026-08-25
MAS,liabilities,2019-03-31,5560000000,2019-05-20,Liabilities,2026-08-25
MAS,netIncome,2019-03-31,116000000,2019-05-20,NetIncomeLoss,2026-08-25
MAS,operatingCashFlow,2019-03-31,-131000000,2019-05-20,NetCashProvidedByUsedInOperatingActivities,2026-08-25
MAS,operatingIncome,2019-03-31,197000000,2019-05-20,OperatingIncomeLoss,2026-08-25
MAS,revenue,2019-03-31,1513000000,2019-05-20,RevenueFromContractWithCustomerExcludingAssessedTax,2026-08-25
MAS,shares,2019-03-31,291500000,2019-05-20,CommonStockSharesOutstanding,2026-08-25
MCD,assets,2019-03-31,46466600000,2019-05-20,Assets,2026-08-25
MCD,buybacks,2019-03-31,996100000,2019-05-20,PaymentsForRepurchaseOfCommonStock,2026-08-25
MCD,capex,2019-03-31,515300000,2019-05-20,PaymentsToAcquirePropertyPlantAndEquipment,2026-08-25
MCD,cash,2019-03-31,2289100000,2019-05-20,CashAndCashEquivalentsAtCarryingValue,2026-08-25
MCD,debt,2019-03-31,32892000000,2019-05-20,LongTermDebtNoncurrent,2026-08-25
MCD,equity,2019-03-31,-6550900000,2019-05-20,StockholdersEquity,2026-08-25
MCD,inventory,2019-03-31,40800000,2019-05-20,InventoryNet,2026-08-25
MCD,netIncome,2019-03-31,1328400000,2019-05-20,NetIncomeLoss,2026-08-25
MCD,operatingCashFlow,2019-03-31,2020600000,2019-05-20,NetCashProvidedByUsedInOperatingActivities,2026-08-25
MCD,operatingIncome,2019-03-31,2094000000,2019-05-20,OperatingIncomeLoss,2026-08-25
MCD,revenue,2019-03-31,5024100000,2019-05-20,Revenues,2026-08-25
MCHP,assets,2019-03-31,18350000000,2019-05-20,Assets,2026-08-25
MCHP,cash,2019-03-31,428600000,2019-05-20,CashAndCashEquivalentsAtCarryingValue,2026-08-25
MCHP,debt,2019-03-31,8946200000,2019-05-20,LongTermDebtNoncurrent,2026-08-25
MCHP,equity,2019-03-31,5287500000,2019-05-20,StockholdersEquity,2026-08-25
MCHP,grossProfit,2019-03-31,820500000,2019-05-20,GrossProfit,2026-08-25
MCHP,inventory,2019-03-31,711700000,2019-05-20,InventoryNet,2026-08-25
MCHP,netIncome,2019-03-31,174700000,2019-05-20,NetIncomeLoss,2026-08-25
MCHP,operatingIncome,2019-03-31,284600000,2019-05-20,OperatingIncomeLoss,2026-08-25
MCHP,receivables,2019-03-31,880600000,2019-05-20,AccountsReceivableNetCurrent,2026-08-25
MCHP,revenue,2019-03-31,1329800000,2019-05-20,Revenues,2026-08-25
MCHP,shares,2019-03-31,237589501,2019-05-20,CommonStockSharesOutstanding,2026-08-25
MCK,assets,2019-03-31,59672000000,2019-05-20,Assets,2026-08-25
MCK,cash,2019-03-31,2981000000,2019-05-20,CashAndCashEquivalentsAtCarryingValue,2026-08-25
MCK,debt,2019-03-31,7265000000,2019-05-20,LongTermDebtNoncurrent,2026-08-25
MCK,equity,2019-03-31,8094000000,2019-05-20,StockholdersEquity,2026-08-25
MCK,grossProfit,2019-03-31,3201000000,2019-05-20,GrossProfit,2026-08-25
MCK,inventory,2019-03-31,16709000000,2019-05-20,InventoryNet,2026-08-25
MCK,netIncome,2019-03-31,-796000000,2019-05-20,NetIncomeLoss,2026-08-25
MCK,revenue,2019-03-31,52429000000,2019-05-20,RevenueFromContractWithCustomerExcludingAssessedTax,2026-08-25
MCO,assets,2019-03-31,9518100000,2019-05-20,Assets,2026-08-25
MCO,buybacks,2019-03-31,448000000,2019-05-20,PaymentsForRepurchaseOfCommonStock,2026-08-25
MCO,capex,2019-03-31,20000000,2019-05-20,PaymentsToAcquirePropertyPlantAndEquipment,2026-08-25
MCO,cash,2019-03-31,1196600000,2019-05-20,CashAndCashEquivalentsAtCarryingValue,2026-08-25
MCO,debt,2019-03-31,5228600000,2019-05-20,LongTermDebtNoncurrent,2026-08-25
MCO,equity,2019-03-31,123200000,2019-05-20,StockholdersEquity,2026-08-25
MCO,liabilities,2019-03-31,9193100000,2019-05-20,Liabilities,2026-08-25
MCO,netIncome,2019-03-31,373000000,2019-05-20,NetIncomeLoss,2026-08-25
MCO,operatingCashFlow,2019-03-31,367000000,2019-05-20,NetCashProvidedByUsedInOperatingActivities,2026-08-25
MCO,operatingIncome,2019-03-31,462000000,2019-05-20,OperatingIncomeLoss,2026-08-25
MCO,receivables,2019-03-31,1301200000,2019-05-20,AccountsReceivableNetCurrent,2026-08-25
MCO,revenue,2019-03-31,1142100000,2019-05-20,Revenues,2026-08-25
MDLZ,assets,2019-03-31,64162000000,2019-05-20,Assets,2026-08-25
MDLZ,buybacks,2019-03-31,646000000,2019-05-20,PaymentsForRepurchaseOfCommonStock,2026-08-25
MDLZ,capex,2019-03-31,265000000,2019-05-20,PaymentsToAcquirePropertyPlantAndEquipment,2026-08-25
MDLZ,equity,2019-03-31,25828000000,2019-05-20,StockholdersEquity,2026-08-25
MDLZ,grossProfit,2019-03-31,2593000000,2019-05-20,GrossProfit,2026-08-25
MDLZ,inventory,2019-03-31,2620000000,2019-05-20,InventoryNet,2026-08-25
MDLZ,liabilities,2019-03-31,38253000000,2019-05-20,Liabilities,2026-08-25
MDLZ,netIncome,2019-03-31,967000000,2019-05-20,NetIncomeLoss,2026-08-25
MDLZ,operatingCashFlow,2019-03-31,465000000,2019-05-20,NetCashProvidedByUsedInOperatingActivities,2026-08-25
MDLZ,operatingIncome,2019-03-31,1036000000,2019-05-20,OperatingIncomeLoss,2026-08-25
MDLZ,receivables,2019-03-31,2781000000,2019-05-20,AccountsReceivableNetCurrent,2026-08-25
MDLZ,revenue,2019-03-31,6538000000,2019-05-20,Revenues,2026-08-25
MDT,assets,2019-01-25,88730000000,2019-04-20,Assets,2026-08-25
MDT,cash,2019-01-25,3703000000,2019-04-20,CashAndCashEquivalentsAtCarryingValue,2026-08-25
MDT,equity,2019-01-25,49829000000,2019-04-20,StockholdersEquity,2026-08-25
MDT,grossProfit,2019-01-25,5281000000,2019-04-20,GrossProfit,2026-08-25
MDT,inventory,2019-01-25,3866000000,2019-04-20,InventoryNet,2026-08-25
MDT,liabilities,2019-01-25,38789000000,2019-04-20,Liabilities,2026-08-25
MDT,netIncome,2019-01-25,1269000000,2019-04-20,NetIncomeLoss,2026-08-25
MDT,operatingIncome,2019-01-25,1542000000,2019-04-20,OperatingIncomeLoss,2026-08-25
MDT,receivables,2019-01-25,5854000000,2019-04-20,AccountsReceivableNetCurrent,2026-08-25
MDT,revenue,2019-01-25,7546000000,2019-04-20,RevenueFromContractWithCustomerExcludingAssessedTax,2026-08-25
MDT,shares,2019-01-25,1340592569,2019-04-20,CommonStockSharesOutstanding,2026-08-25
MET,assets,2019-03-31,713188000000,2019-05-20,Assets,2026-08-25
MET,buybacks,2019-03-31,500000000,2019-05-20,PaymentsForRepurchaseOfCommonStock,2026-08-25
MET,cash,2019-03-31,14506000000,2019-05-20,CashAndCashEquivalentsAtCarryingValue,2026-08-25
MET,equity,2019-03-31,58509000000,2019-05-20,StockholdersEquity,2026-08-25
MET,liabilities,2019-03-31,654450000000,2019-05-20,Liabilities,2026-08-25
MET,netIncome,2019-03-31,1381000000,2019-05-20,NetIncomeLoss,2026-08-25
MET,operatingCashFlow,2019-03-31,2072000000,2019-05-20,NetCashProvidedByUsedInOperatingActivities,2026-08-25
MET,revenue,2019-03-31,16302000000,2019-05-20,Revenues,2026-08-25
MET,shares,2019-03-31,950181456,2019-05-20,CommonStockSharesOutstanding,2026-08-25
META,assets,2019-03-31,109477000000,2019-05-20,Assets,2026-08-25
META,buybacks,2019-03-31,613000000,2019-05-20,PaymentsForRepurchaseOfCommonStock,2026-08-25
META,capex,2019-03-31,3837000000,2019-05-20,PaymentsToAcquirePropertyPlantAndEquipment,2026-08-25
META,cash,2019-03-31,11076000000,2019-05-20,CashAndCashEquivalentsAtCarryingValue,2026-08-25
META,equity,2019-03-31,86516000000,2019-05-20,StockholdersEquity,2026-08-25
META,liabilities,2019-03-31,22961000000,2019-05-20,Liabilities,2026-08-25
META,netIncome,2019-03-31,2429000000,2019-05-20,NetIncomeLoss,2026-08-25
META,operatingCashFlow,2019-03-31,9308000000,2019-05-20,NetCashProvidedByUsedInOperatingActivities,2026-08-25
META,operatingIncome,2019-03-31,3317000000,2019-05-20,OperatingIncomeLoss,2026-08-25
META,receivables,2019-03-31,6475000000,2019-05-20,AccountsReceivableNetCurrent,2026-08-25
META,revenue,2019-03-31,15077000000,2019-05-20,RevenueFromContractWithCustomerExcludingAssessedTax,2026-08-25
META,rnd,2019-03-31,2860000000,2019-05-20,ResearchAndDevelopmentExpense,2026-08-25
MGM,assets,2019-03-31,31146921000,2019-05-20,Assets,2026-08-25
MGM,buybacks,2019-03-31,0,2019-05-20,PaymentsForRepurchaseOfCommonStock,2026-08-25
MGM,capex,2019-03-31,183252000,2019-05-20,PaymentsToAcquirePropertyPlantAndEquipment,2026-08-25
MGM,cash,2019-03-31,1223404000,2019-05-20,CashAndCashEquivalentsAtCarryingValue,2026-08-25
MGM,debt,2019-03-31,14730829000,2019-05-20,LongTermDebtNoncurrent,2026-08-25
MGM,equity,2019-03-31,6786204000,2019-05-20,StockholdersEquity,2026-08-25
MGM,equityStakes,2019-03-31,9558000,2019-05-20,PaymentsToAcquireEquityMethodInvestments,2026-08-25
MGM,inventory,2019-03-31,111302000,2019-05-20,InventoryNet,2026-08-25
MGM,liabilities,2019-03-31,19829718000,2019-05-20,Liabilities,2026-08-25
MGM,netIncome,2019-03-31,31297000,2019-05-20,NetIncomeLoss,2026-08-25
MGM,operatingCashFlow,2019-03-31,399782000,2019-05-20,NetCashProvidedByUsedInOperatingActivities,2026-08-25
MGM,operatingIncome,2019-03-31,370260000,2019-05-20,OperatingIncomeLoss,2026-08-25
MGM,receivables,2019-03-31,602602000,2019-05-20,AccountsReceivableNetCurrent,2026-08-25
MGM,revenue,2019-03-31,3176911000,2019-05-20,RevenueFromContractWithCustomerExcludingAssessedTax,2026-08-25
MGM,shares,2019-03-31,537156480,2019-05-20,CommonStockSharesOutstanding,2026-08-25
MKC,assets,2019-02-28,10227900000,2019-04-19,Assets,2026-08-25
MKC,buybacks,2019-02-28,30500000,2019-04-19,PaymentsForRepurchaseOfCommonStock,2026-08-25
MKC,capex,2019-02-28,25400000,2019-04-19,PaymentsToAcquirePropertyPlantAndEquipment,2026-08-25
MKC,cash,2019-02-28,102300000,2019-04-19,CashAndCashEquivalentsAtCarryingValue,2026-08-25
MKC,debt,2019-02-28,4034000000,2019-04-19,LongTermDebtNoncurrent,2026-08-25
MKC,equity,2019-02-28,3331000000,2019-04-19,StockholdersEquity,2026-08-25
MKC,grossProfit,2019-02-28,466900000,2019-04-19,GrossProfit,2026-08-25
MKC,liabilities,2019-02-28,6885200000,2019-04-19,Liabilities,2026-08-25
MKC,netIncome,2019-02-28,148000000,2019-04-19,NetIncomeLoss,2026-08-25
MKC,operatingCashFlow,2019-02-28,103600000,2019-04-19,NetCashProvidedByUsedInOperatingActivities,2026-08-25
MKC,operatingIncome,2019-02-28,196900000,2019-04-19,OperatingIncomeLoss,2026-08-25
MKC,receivables,2019-02-28,435700000,2019-04-19,AccountsReceivableNetCurrent,2026-08-25
MKC,revenue,2019-02-28,1231500000,2019-04-19,Revenues,2026-08-25
MLM,assets,2019-03-31,10048407000,2019-05-20,Assets,2026-08-25
MLM,capex,2019-03-31,130100000,2019-05-20,PaymentsToAcquirePropertyPlantAndEquipment,2026-08-25
MLM,cash,2019-03-31,37357000,2019-05-20,CashAndCashEquivalentsAtCarryingValue,2026-08-25
MLM,debt,2019-03-31,2801228000,2019-05-20,LongTermDebtNoncurrent,2026-08-25
MLM,equity,2019-03-31,4972474000,2019-05-20,StockholdersEquity,2026-08-25
MLM,grossProfit,2019-03-31,142900000,2019-05-20,GrossProfit,2026-08-25
MLM,inventory,2019-03-31,646176000,2019-05-20,InventoryNet,2026-08-25
MLM,liabilities,2019-03-31,5072911000,2019-05-20,Liabilities,2026-08-25
MLM,netIncome,2019-03-31,42900000,2019-05-20,NetIncomeLoss,2026-08-25
MLM,operatingCashFlow,2019-03-31,117900000,2019-05-20,NetCashProvidedByUsedInOperatingActivities,2026-08-25
MLM,operatingIncome,2019-03-31,69200000,2019-05-20,OperatingIncomeLoss,2026-08-25
MLM,receivables,2019-03-31,550607000,2019-05-20,AccountsReceivableNetCurrent,2026-08-25
MLM,revenue,2019-03-31,939000000,2019-05-20,RevenueFromContractWithCustomerExcludingAssessedTax,2026-08-25
MMM,assets,2019-03-31,39140000000,2019-05-20,Assets,2026-08-25
MMM,buybacks,2019-03-31,701000000,2019-05-20,PaymentsForRepurchaseOfCommonStock,2026-08-25
MMM,capex,2019-03-31,391000000,2019-05-20,PaymentsToAcquirePropertyPlantAndEquipment,2026-08-25
MMM,debt,2019-03-31,15580000000,2019-05-20,LongTermDebtNoncurrent,2026-08-25
MMM,equity,2019-03-31,9703000000,2019-05-20,StockholdersEquity,2026-08-25
MMM,inventory,2019-03-31,4538000000,2019-05-20,InventoryNet,2026-08-25
MMM,liabilities,2019-03-31,29383000000,2019-05-20,Liabilities,2026-08-25
MMM,netIncome,2019-03-31,891000000,2019-05-20,NetIncomeLoss,2026-08-25
MMM,operatingCashFlow,2019-03-31,1048000000,2019-05-20,NetCashProvidedByUsedInOperatingActivities,2026-08-25
MMM,operatingIncome,2019-03-31,1136000000,2019-05-20,OperatingIncomeLoss,2026-08-25
MMM,receivables,2019-03-31,5173000000,2019-05-20,AccountsReceivableNetCurrent,2026-08-25
MMM,revenue,2019-03-31,7863000000,2019-05-20,Revenues,2026-08-25
MNST,assets,2019-03-31,4655851000,2019-05-20,Assets,2026-08-25
MNST,buybacks,2019-03-31,222792000,2019-05-20,PaymentsForRepurchaseOfCommonStock,2026-08-25
MNST,capex,2019-03-31,8485000,2019-05-20,PaymentsToAcquirePropertyPlantAndEquipment,2026-08-25
MNST,cash,2019-03-31,618344000,2019-05-20,CashAndCashEquivalentsAtCarryingValue,2026-08-25
MNST,equity,2019-03-31,3698820000,2019-05-20,StockholdersEquity,2026-08-25
MNST,grossProfit,2019-03-31,573532000,2019-05-20,GrossProfit,2026-08-25
MNST,inventory,2019-03-31,300780000,2019-05-20,InventoryNet,2026-08-25
MNST,operatingCashFlow,2019-03-31,123396000,2019-05-20,NetCashProvidedByUsedInOperatingActivities,2026-08-25
MNST,operatingIncome,2019-03-31,311461000,2019-05-20,OperatingIncomeLoss,2026-08-25
MNST,receivables,2019-03-31,596661000,2019-05-20,AccountsReceivableNetCurrent,2026-08-25
MNST,revenue,2019-03-31,945991000,2019-05-20,RevenueFromContractWithCustomerExcludingAssessedTax,2026-08-25
MNST,shares,2019-03-31,543547000,2019-05-20,CommonStockSharesOutstanding,2026-08-25
MO,assets,2019-03-31,59233000000,2019-05-20,Assets,2026-08-25
MO,buybacks,2019-03-31,151000000,2019-05-20,PaymentsForRepurchaseOfCommonStock,2026-08-25
MO,capex,2019-03-31,38000000,2019-05-20,PaymentsToAcquirePropertyPlantAndEquipment,2026-08-25
MO,cash,2019-03-31,3352000000,2019-05-20,CashAndCashEquivalentsAtCarryingValue,2026-08-25
MO,debt,2019-03-31,27024000000,2019-05-20,LongTermDebtNoncurrent,2026-08-25
MO,equity,2019-03-31,14079000000,2019-05-20,StockholdersEquity,2026-08-25
MO,equityStakes,2019-03-31,1831000000,2019-05-20,PaymentsToAcquireEquityMethodInvestments,2026-08-25
MO,grossProfit,2019-03-31,2811000000,2019-05-20,GrossProfit,2026-08-25
MO,inventory,2019-03-31,2356000000,2019-05-20,InventoryNet,2026-08-25
MO,liabilities,2019-03-31,45114000000,2019-05-20,Liabilities,2026-08-25
MO,netIncome,2019-03-31,1120000000,2019-05-20,NetIncomeLoss,2026-08-25
MO,operatingCashFlow,2019-03-31,2289000000,2019-05-20,NetCashProvidedByUsedInOperatingActivities,2026-08-25
MO,operatingIncome,2019-03-31,2238000000,2019-05-20,OperatingIncomeLoss,2026-08-25
MO,revenue,2019-03-31,5628000000,2019-05-20,RevenueFromContractWithCustomerExcludingAssessedTax,2026-08-25
MOS,assets,2019-03-31,20445300000,2019-05-20,Assets,2026-08-25
MOS,capex,2019-03-31,313900000,2019-05-20,PaymentsToAcquirePropertyPlantAndEquipment,2026-08-25
MOS,cash,2019-03-31,384600000,2019-05-20,CashAndCashEquivalentsAtCarryingValue,2026-08-25
MOS,equity,2019-03-31,10601200000,2019-05-20,StockholdersEquity,2026-08-25
MOS,grossProfit,2019-03-31,309500000,2019-05-20,GrossProfit,2026-08-25
MOS,inventory,2019-03-31,2572100000,2019-05-20,InventoryNet,2026-08-25
MOS,netIncome,2019-03-31,130800000,2019-05-20,NetIncomeLoss,2026-08-25
MOS,operatingCashFlow,2019-03-31,-175500000,2019-05-20,NetCashProvidedByUsedInOperatingActivities,2026-08-25
MOS,operatingIncome,2019-03-31,202100000,2019-05-20,OperatingIncomeLoss,2026-08-25
MOS,revenue,2019-03-31,1899700000,2019-05-20,RevenueFromContractWithCustomerExcludingAssessedTax,2026-08-25
MOS,shares,2019-03-31,385788256,2019-05-20,CommonStockSharesOutstanding,2026-08-25
MPC,assets,2019-03-31,96436000000,2019-05-20,Assets,2026-08-25
MPC,buybacks,2019-03-31,885000000,2019-05-20,PaymentsForRepurchaseOfCommonStock,2026-08-25
MPC,capex,2019-03-31,1241000000,2019-05-20,PaymentsToAcquirePropertyPlantAndEquipment,2026-08-25
MPC,cash,2019-03-31,877000000,2019-05-20,CashAndCashEquivalentsAtCarryingValue,2026-08-25
MPC,equity,2019-03-31,33951000000,2019-05-20,StockholdersEquity,2026-08-25
MPC,inventory,2019-03-31,9833000000,2019-05-20,InventoryNet,2026-08-25
MPC,liabilities,2019-03-31,52574000000,2019-05-20,Liabilities,2026-08-25
MPC,netIncome,2019-03-31,-7000000,2019-05-20,NetIncomeLoss,2026-08-25
MPC,operatingCashFlow,2019-03-31,1623000000,2019-05-20,NetCashProvidedByUsedInOperatingActivities,2026-08-25
MPC,operatingIncome,2019-03-31,526000000,2019-05-20,OperatingIncomeLoss,2026-08-25
MPC,receivables,2019-03-31,6893000000,2019-05-20,AccountsReceivableNetCurrent,2026-08-25
MPC,revenue,2019-03-31,28267000000,2019-05-20,Revenues,2026-08-25
MPWR,assets,2019-03-31,848209000,2019-05-20,Assets,2026-08-25
MPWR,capex,2019-03-31,58376000,2019-05-20,PaymentsToAcquirePropertyPlantAndEquipment,2026-08-25
MPWR,cash,2019-03-31,181769000,2019-05-20,CashAndCashEquivalentsAtCarryingValue,2026-08-25
MPWR,equity,2019-03-31,680251000,2019-05-20,StockholdersEquity,2026-08-25
MPWR,grossProfit,2019-03-31,78006000,2019-05-20,GrossProfit,2026-08-25
MPWR,inventory,2019-03-31,142543000,2019-05-20,InventoryNet,2026-08-25
MPWR,liabilities,2019-03-31,167958000,2019-05-20,Liabilities,2026-08-25
MPWR,netIncome,2019-03-31,26181000,2019-05-20,NetIncomeLoss,2026-08-25
MPWR,operatingCashFlow,2019-03-31,38836000,2019-05-20,NetCashProvidedByUsedInOperatingActivities,2026-08-25
MPWR,operatingIncome,2019-03-31,21717000,2019-05-20,OperatingIncomeLoss,2026-08-25
MPWR,receivables,2019-03-31,58889000,2019-05-20,AccountsReceivableNetCurrent,2026-08-25
MPWR,revenue,2019-03-31,141363000,2019-05-20,RevenueFromContractWithCustomerExcludingAssessedTax,2026-08-25
MPWR,shares,2019-03-31,43033000,2019-05-20,CommonStockSharesOutstanding,2026-08-25
MRK,assets,2019-03-31,82354000000,2019-05-20,Assets,2026-08-25
MRK,buybacks,2019-03-31,1090000000,2019-05-20,PaymentsForRepurchaseOfCommonStock,2026-08-25
MRK,capex,2019-03-31,595000000,2019-05-20,PaymentsToAcquireProductiveAssets,2026-08-25
MRK,cash,2019-03-31,8076000000,2019-05-20,CashAndCashEquivalentsAtCarryingValue,2026-08-25
MRK,debt,2019-03-31,22721000000,2019-05-20,LongTermDebtNoncurrent,2026-08-25
MRK,equity,2019-03-31,27539000000,2019-05-20,StockholdersEquity,2026-08-25
MRK,inventory,2019-03-31,5712000000,2019-05-20,InventoryNet,2026-08-25
MRK,netIncome,2019-03-31,2915000000,2019-05-20,NetIncomeLoss,2026-08-25
MRK,operatingCashFlow,2019-03-31,1336000000,2019-05-20,NetCashProvidedByUsedInOperatingActivities,2026-08-25
MRK,receivables,2019-03-31,7608000000,2019-05-20,AccountsReceivableNetCurrent,2026-08-25
MRK,revenue,2019-03-31,10816000000,2019-05-20,Revenues,2026-08-25
MRK,rnd,2019-03-31,1931000000,2019-05-20,ResearchAndDevelopmentExpense,2026-08-25
MRNA,assets,2019-03-31,1806207000,2019-05-20,Assets,2026-08-25
MRNA,capex,2019-03-31,7595000,2019-05-20,PaymentsToAcquirePropertyPlantAndEquipment,2026-08-25
MRNA,cash,2019-03-31,502934000,2019-05-20,CashAndCashEquivalentsAtCarryingValue,2026-08-25
MRNA,equity,2019-03-31,1442325000,2019-05-20,StockholdersEquity,2026-08-25
MRNA,liabilities,2019-03-31,360174000,2019-05-20,Liabilities,2026-08-25
MRNA,netIncome,2019-03-31,-132576000,2019-05-20,NetIncomeLoss,2026-08-25
MRNA,operatingCashFlow,2019-03-31,-144268000,2019-05-20,NetCashProvidedByUsedInOperatingActivities,2026-08-25
MRNA,operatingIncome,2019-03-31,-141641000,2019-05-20,OperatingIncomeLoss,2026-08-25
MRNA,receivables,2019-03-31,5646000,2019-05-20,AccountsReceivableNetCurrent,2026-08-25
MRNA,revenue,2019-03-31,16025000,2019-05-20,Revenues,2026-08-25
MRNA,rnd,2019-03-31,130413000,2019-05-20,ResearchAndDevelopmentExpense,2026-08-25
MRNA,shares,2019-03-31,328853340,2019-05-20,CommonStockSharesOutstanding,2026-08-25
MRSH,assets,2019-03-31,30137000000,2019-05-20,Assets,2026-08-25
MRSH,buybacks,2019-03-31,0,2019-05-20,PaymentsForRepurchaseOfCommonStock,2026-08-25
MRSH,capex,2019-03-31,73000000,2019-05-20,PaymentsToAcquirePropertyPlantAndEquipment,2026-08-25
MRSH,cash,2019-03-31,1117000000,2019-05-20,CashAndCashEquivalentsAtCarryingValue,2026-08-25
MRSH,equityStakes,2019-03-31,88000000,2019-05-20,PaymentsToAcquireEquityMethodInvestments,2026-08-25
MRSH,netIncome,2019-03-31,716000000,2019-05-20,NetIncomeLoss,2026-08-25
MRSH,operatingCashFlow,2019-03-31,-276000000,2019-05-20,NetCashProvidedByUsedInOperatingActivities,2026-08-25
MRSH,operatingIncome,2019-03-31,938000000,2019-05-20,OperatingIncomeLoss,2026-08-25
MRSH,shares,2019-03-31,507000000,2019-05-20,CommonStockSharesOutstanding,2026-08-25
MRVL,equity,2019-02-02,7306410000,2019-04-28,StockholdersEquity,2026-08-25
MS,assets,2019-03-31,875964000000,2019-05-20,Assets,2026-08-25
MS,cash,2019-03-31,80682000000,2019-05-20,CashAndCashEquivalentsAtCarryingValue,2026-08-25
MS,debt,2019-03-31,189193000000,2019-05-20,LongTermDebt,2026-08-25
MS,equity,2019-03-31,80724000000,2019-05-20,StockholdersEquity,2026-08-25
MS,liabilities,2019-03-31,794072000000,2019-05-20,Liabilities,2026-08-25
MS,netIncome,2019-03-31,2429000000,2019-05-20,NetIncomeLoss,2026-08-25
MS,operatingCashFlow,2019-03-31,17041000000,2019-05-20,NetCashProvidedByUsedInOperatingActivities,2026-08-25
MS,shares,2019-03-31,1685996391,2019-05-20,CommonStockSharesOutstanding,2026-08-25
MSCI,assets,2019-03-31,3295565000,2019-05-20,Assets,2026-08-25
MSCI,buybacks,2019-03-31,284466000,2019-05-20,PaymentsForRepurchaseOfCommonStock,2026-08-25
MSCI,capex,2019-03-31,3156000,2019-05-20,PaymentsToAcquirePropertyPlantAndEquipment,2026-08-25
MSCI,cash,2019-03-31,642781000,2019-05-20,CashAndCashEquivalentsAtCarryingValue,2026-08-25
MSCI,debt,2019-03-31,2576388000,2019-05-20,LongTermDebtNoncurrent,2026-08-25
MSCI,equity,2019-03-31,-316508000,2019-05-20,StockholdersEquity,2026-08-25
MSCI,liabilities,2019-03-31,3612073000,2019-05-20,Liabilities,2026-08-25
MSCI,netIncome,2019-03-31,178192000,2019-05-20,NetIncomeLoss,2026-08-25
MSCI,operatingCashFlow,2019-03-31,87875000,2019-05-20,NetCashProvidedByUsedInOperatingActivities,2026-08-25
MSCI,operatingIncome,2019-03-31,162675000,2019-05-20,OperatingIncomeLoss,2026-08-25
MSCI,receivables,2019-03-31,427099000,2019-05-20,AccountsReceivableNetCurrent,2026-08-25
MSCI,revenue,2019-03-31,371381000,2019-05-20,RevenueFromContractWithCustomerExcludingAssessedTax,2026-08-25
MSCI,rnd,2019-03-31,23172000,2019-05-20,ResearchAndDevelopmentExpense,2026-08-25
MSCI,shares,2019-03-31,84675001,2019-05-20,CommonStockSharesOutstanding,2026-08-25
MSFT,assets,2019-03-31,263281000000,2019-05-20,Assets,2026-08-25
MSFT,buybacks,2019-03-31,4753000000,2019-05-20,PaymentsForRepurchaseOfCommonStock,2026-08-25
MSFT,capex,2019-03-31,2565000000,2019-05-20,PaymentsToAcquirePropertyPlantAndEquipment,2026-08-25
MSFT,cash,2019-03-31,11212000000,2019-05-20,CashAndCashEquivalentsAtCarryingValue,2026-08-25
MSFT,debt,2019-03-31,66585000000,2019-05-20,LongTermDebtNoncurrent,2026-08-25
MSFT,equity,2019-03-31,94864000000,2019-05-20,StockholdersEquity,2026-08-25
MSFT,grossProfit,2019-03-31,20401000000,2019-05-20,GrossProfit,2026-08-25
MSFT,inventory,2019-03-31,1951000000,2019-05-20,InventoryNet,2026-08-25
MSFT,liabilities,2019-03-31,168417000000,2019-05-20,Liabilities,2026-08-25
MSFT,netIncome,2019-03-31,8809000000,2019-05-20,NetIncomeLoss,2026-08-25
MSFT,operatingCashFlow,2019-03-31,13520000000,2019-05-20,NetCashProvidedByUsedInOperatingActivities,2026-08-25
MSFT,operatingIncome,2019-03-31,10341000000,2019-05-20,OperatingIncomeLoss,2026-08-25
MSFT,receivables,2019-03-31,19269000000,2019-05-20,AccountsReceivableNetCurrent,2026-08-25
MSFT,revenue,2019-03-31,30571000000,2019-05-20,RevenueFromContractWithCustomerExcludingAssessedTax,2026-08-25
MSFT,rnd,2019-03-31,4316000000,2019-05-20,ResearchAndDevelopmentExpense,2026-08-25
MSFT,shares,2019-03-31,7666000000,2019-05-20,CommonStockSharesOutstanding,2026-08-25
MSI,assets,2019-03-30,9993000000,2019-05-19,Assets,2026-08-25
MSI,buybacks,2019-03-30,145000000,2019-05-19,PaymentsForRepurchaseOfCommonStock,2026-08-25
MSI,capex,2019-03-30,66000000,2019-05-19,PaymentsToAcquireProductiveAssets,2026-08-25
MSI,cash,2019-03-30,886000000,2019-05-19,CashAndCashEquivalentsAtCarryingValue,2026-08-25
MSI,debt,2019-03-30,5287000000,2019-05-19,LongTermDebtNoncurrent,2026-08-25
MSI,equity,2019-03-30,-1108000000,2019-05-19,StockholdersEquity,2026-08-25
MSI,grossProfit,2019-03-30,773000000,2019-05-19,GrossProfit,2026-08-25
MSI,inventory,2019-03-30,425000000,2019-05-19,InventoryNet,2026-08-25
MSI,netIncome,2019-03-30,151000000,2019-05-19,NetIncomeLoss,2026-08-25
MSI,operatingCashFlow,2019-03-30,251000000,2019-05-19,NetCashProvidedByUsedInOperatingActivities,2026-08-25
MSI,operatingIncome,2019-03-30,229000000,2019-05-19,OperatingIncomeLoss,2026-08-25
MSI,receivables,2019-03-30,1150000000,2019-05-19,AccountsReceivableNetCurrent,2026-08-25
MSI,revenue,2019-03-30,1657000000,2019-05-19,RevenueFromContractWithCustomerExcludingAssessedTax,2026-08-25
MSI,rnd,2019-03-30,162000000,2019-05-19,ResearchAndDevelopmentExpense,2026-08-25
MSI,shares,2019-03-30,164800000,2019-05-19,CommonStockSharesOutstanding,2026-08-25
MTB,assets,2019-03-31,120025205000,2019-05-20,Assets,2026-08-25
MTB,buybacks,2019-03-31,365628000,2019-05-20,PaymentsForRepurchaseOfCommonStock,2026-08-25
MTB,debt,2019-03-31,8476024000,2019-05-20,LongTermDebt,2026-08-25
MTB,equity,2019-03-31,15587529000,2019-05-20,StockholdersEquity,2026-08-25
MTB,liabilities,2019-03-31,104437676000,2019-05-20,Liabilities,2026-08-25
MTB,netIncome,2019-03-31,482742000,2019-05-20,NetIncomeLoss,2026-08-25
MTB,operatingCashFlow,2019-03-31,413306000,2019-05-20,NetCashProvidedByUsedInOperatingActivities,2026-08-25
MTD,assets,2019-03-31,2636697000,2019-05-20,Assets,2026-08-25
MTD,buybacks,2019-03-31,186250000,2019-05-20,PaymentsForRepurchaseOfCommonStock,2026-08-25
MTD,capex,2019-03-31,22332000,2019-05-20,PaymentsToAcquirePropertyPlantAndEquipment,2026-08-25
MTD,cash,2019-03-31,126480000,2019-05-20,CashAndCashEquivalentsAtCarryingValue,2026-08-25
MTD,debt,2019-03-31,1008485000,2019-05-20,LongTermDebtNoncurrent,2026-08-25
MTD,equity,2019-03-31,561750000,2019-05-20,StockholdersEquity,2026-08-25
MTD,grossProfit,2019-03-31,388319000,2019-05-20,GrossProfit,2026-08-25
MTD,inventory,2019-03-31,282087000,2019-05-20,InventoryNet,2026-08-25
MTD,liabilities,2019-03-31,2074947000,2019-05-20,Liabilities,2026-08-25
MTD,netIncome,2019-03-31,111805000,2019-05-20,NetIncomeLoss,2026-08-25
MTD,operatingCashFlow,2019-03-31,98795000,2019-05-20,NetCashProvidedByUsedInOperatingActivities,2026-08-25
MTD,receivables,2019-03-31,489281000,2019-05-20,AccountsReceivableNetCurrent,2026-08-25
MTD,revenue,2019-03-31,679452000,2019-05-20,Revenues,2026-08-25
MTD,rnd,2019-03-31,36053000,2019-05-20,ResearchAndDevelopmentExpense,2026-08-25
MTD,shares,2019-03-31,24803286,2019-05-20,CommonStockSharesOutstanding,2026-08-25
MU,assets,2019-02-28,47487000000,2019-04-19,Assets,2026-08-25
MU,cash,2019-02-28,6353000000,2019-04-19,CashAndCashEquivalentsAtCarryingValue,2026-08-25
MU,equity,2019-02-28,34567000000,2019-04-19,StockholdersEquity,2026-08-25
MU,grossProfit,2019-02-28,2864000000,2019-04-19,GrossProfit,2026-08-25
MU,inventory,2019-02-28,4390000000,2019-04-19,InventoryNet,2026-08-25
MU,liabilities,2019-02-28,11958000000,2019-04-19,Liabilities,2026-08-25
MU,netIncome,2019-02-28,1619000000,2019-04-19,NetIncomeLoss,2026-08-25
MU,operatingIncome,2019-02-28,1957000000,2019-04-19,OperatingIncomeLoss,2026-08-25
MU,receivables,2019-02-28,3997000000,2019-04-19,AccountsReceivableNetCurrent,2026-08-25
MU,revenue,2019-02-28,5835000000,2019-04-19,RevenueFromContractWithCustomerExcludingAssessedTax,2026-08-25
MU,rnd,2019-02-28,601000000,2019-04-19,ResearchAndDevelopmentExpense,2026-08-25
MU,shares,2019-02-28,1106000000,2019-04-19,CommonStockSharesOutstanding,2026-08-25
NCLH,assets,2019-03-31,15761093000,2019-05-20,Assets,2026-08-25
NCLH,buybacks,2019-03-31,199996000,2019-05-20,PaymentsForRepurchaseOfCommonStock,2026-08-25
NCLH,capex,2019-03-31,214559000,2019-05-20,PaymentsToAcquirePropertyPlantAndEquipment,2026-08-25
NCLH,cash,2019-03-31,304708000,2019-05-20,CashAndCashEquivalentsAtCarryingValue,2026-08-25
NCLH,equity,2019-03-31,5905302000,2019-05-20,StockholdersEquity,2026-08-25
NCLH,inventory,2019-03-31,90101000,2019-05-20,InventoryNet,2026-08-25
NCLH,liabilities,2019-03-31,9855791000,2019-05-20,Liabilities,2026-08-25
NCLH,netIncome,2019-03-31,118157000,2019-05-20,NetIncomeLoss,2026-08-25
NCLH,operatingCashFlow,2019-03-31,527470000,2019-05-20,NetCashProvidedByUsedInOperatingActivities,2026-08-25
NCLH,operatingIncome,2019-03-31,158296000,2019-05-20,OperatingIncomeLoss,2026-08-25
NCLH,receivables,2019-03-31,57054000,2019-05-20,AccountsReceivableNetCurrent,2026-08-25
NCLH,shares,2019-03-31,215386265,2019-05-20,CommonStockSharesOutstanding,2026-08-25
NDAQ,assets,2019-03-31,14503000000,2019-05-20,Assets,2026-08-25
NDAQ,buybacks,2019-03-31,0,2019-05-20,PaymentsForRepurchaseOfCommonStock,2026-08-25
NDAQ,capex,2019-03-31,20000000,2019-05-20,PaymentsToAcquirePropertyPlantAndEquipment,2026-08-25
NDAQ,cash,2019-03-31,472000000,2019-05-20,CashAndCashEquivalentsAtCarryingValue,2026-08-25
NDAQ,debt,2019-03-31,2328000000,2019-05-20,LongTermDebtNoncurrent,2026-08-25
NDAQ,equity,2019-03-31,5494000000,2019-05-20,StockholdersEquity,2026-08-25
NDAQ,grossProfit,2019-03-31,634000000,2019-05-20,GrossProfit,2026-08-25
NDAQ,liabilities,2019-03-31,9009000000,2019-05-20,Liabilities,2026-08-25
NDAQ,netIncome,2019-03-31,247000000,2019-05-20,NetIncomeLoss,2026-08-25
NDAQ,operatingCashFlow,2019-03-31,337000000,2019-05-20,NetCashProvidedByUsedInOperatingActivities,2026-08-25
NDAQ,operatingIncome,2019-03-31,275000000,2019-05-20,OperatingIncomeLoss,2026-08-25
NDAQ,revenue,2019-03-31,1039000000,2019-05-20,RevenueFromContractWithCustomerExcludingAssessedTax,2026-08-25
NDAQ,shares,2019-03-31,165701483,2019-05-20,CommonStockSharesOutstanding,2026-08-25
NDSN,assets,2019-01-31,3397747000,2019-04-26,Assets,2026-08-25
NDSN,buybacks,2019-01-31,107667000,2019-04-26,PaymentsForRepurchaseOfCommonStock,2026-08-25
NDSN,capex,2019-01-31,14121000,2019-04-26,PaymentsToAcquirePropertyPlantAndEquipment,2026-08-25
NDSN,cash,2019-01-31,85546000,2019-04-26,CashAndCashEquivalentsAtCarryingValue,2026-08-25
NDSN,debt,2019-01-31,1331392000,2019-04-26,LongTermDebtNoncurrent,2026-08-25
NDSN,equity,2019-01-31,1401541000,2019-04-26,StockholdersEquity,2026-08-25
NDSN,grossProfit,2019-01-31,268976000,2019-04-26,GrossProfit,2026-08-25
NDSN,inventory,2019-01-31,271156000,2019-04-26,InventoryNet,2026-08-25
NDSN,netIncome,2019-01-31,48567000,2019-04-26,NetIncomeLoss,2026-08-25
NDSN,operatingCashFlow,2019-01-31,56847000,2019-04-26,NetCashProvidedByUsedInOperatingActivities,2026-08-25
NDSN,operatingIncome,2019-01-31,84281000,2019-04-26,OperatingIncomeLoss,2026-08-25
NDSN,revenue,2019-01-31,497910000,2019-04-26,RevenueFromContractWithCustomerExcludingAssessedTax,2026-08-25
NEE,assets,2019-03-31,109029000000,2019-05-20,Assets,2026-08-25
NEE,cash,2019-03-31,972000000,2019-05-20,CashAndCashEquivalentsAtCarryingValue,2026-08-25
NEE,debt,2019-03-31,29883000000,2019-05-20,LongTermDebtNoncurrent,2026-08-25
NEE,equity,2019-03-31,34226000000,2019-05-20,StockholdersEquity,2026-08-25
NEE,inventory,2019-03-31,1410000000,2019-05-20,InventoryNet,2026-08-25
NEE,netIncome,2019-03-31,680000000,2019-05-20,NetIncomeLoss,2026-08-25
NEE,operatingCashFlow,2019-03-31,1597000000,2019-05-20,NetCashProvidedByUsedInOperatingActivities,2026-08-25
NEE,operatingIncome,2019-03-31,1135000000,2019-05-20,OperatingIncomeLoss,2026-08-25
NEE,receivables,2019-03-31,2191000000,2019-05-20,AccountsReceivableNetCurrent,2026-08-25
NEE,shares,2019-03-31,479000000,2019-05-20,CommonStockSharesOutstanding,2026-08-25
NEM,assets,2019-03-31,20880000000,2019-05-20,Assets,2026-08-25
NEM,buybacks,2019-03-31,0,2019-05-20,PaymentsForRepurchaseOfCommonStock,2026-08-25
NEM,capex,2019-03-31,225000000,2019-05-20,PaymentsToAcquireProductiveAssets,2026-08-25
NEM,cash,2019-03-31,3545000000,2019-05-20,CashAndCashEquivalentsAtCarryingValue,2026-08-25
NEM,debt,2019-03-31,3420000000,2019-05-20,LongTermDebtNoncurrent,2026-08-25
NEM,equity,2019-03-31,10499000000,2019-05-20,StockholdersEquity,2026-08-25
NEM,grossProfit,2019-03-31,483000000,2019-05-20,GrossProfit,2026-08-25
NEM,liabilities,2019-03-31,9361000000,2019-05-20,Liabilities,2026-08-25
NEM,netIncome,2019-03-31,87000000,2019-05-20,NetIncomeLoss,2026-08-25
NEM,operatingCashFlow,2019-03-31,571000000,2019-05-20,NetCashProvidedByUsedInOperatingActivities,2026-08-25
NEM,receivables,2019-03-31,209000000,2019-05-20,AccountsReceivableNetCurrent,2026-08-25
NEM,revenue,2019-03-31,1803000000,2019-05-20,RevenueFromContractWithCustomerExcludingAssessedTax,2026-08-25
NEM,rnd,2019-03-31,27000000,2019-05-20,ResearchAndDevelopmentExpense,2026-08-25
NFLX,assets,2019-03-31,27218632000,2019-05-20,Assets,2026-08-25
NFLX,capex,2019-03-31,60381000,2019-05-20,PaymentsToAcquirePropertyPlantAndEquipment,2026-08-25
NFLX,cash,2019-03-31,3348557000,2019-05-20,CashAndCashEquivalentsAtCarryingValue,2026-08-25
NFLX,debt,2019-03-31,10305023000,2019-05-20,LongTermDebtNoncurrent,2026-08-25
NFLX,equity,2019-03-31,5703058000,2019-05-20,StockholdersEquity,2026-08-25
NFLX,grossProfit,2019-03-31,1650378000,2019-05-20,GrossProfit,2026-08-25
NFLX,liabilities,2019-03-31,21515574000,2019-05-20,Liabilities,2026-08-25
NFLX,netIncome,2019-03-31,344052000,2019-05-20,NetIncomeLoss,2026-08-25
NFLX,operatingCashFlow,2019-03-31,-379799000,2019-05-20,NetCashProvidedByUsedInOperatingActivities,2026-08-25
NFLX,operatingIncome,2019-03-31,459084000,2019-05-20,OperatingIncomeLoss,2026-08-25
NFLX,revenue,2019-03-31,4520992000,2019-05-20,Revenues,2026-08-25
NFLX,rnd,2019-03-31,372764000,2019-05-20,ResearchAndDevelopmentExpense,2026-08-25
NFLX,shares,2019-03-31,437191891,2019-05-20,CommonStockSharesOutstanding,2026-08-25
NI,assets,2019-03-31,21889900000,2019-05-20,Assets,2026-08-25
NI,buybacks,2019-03-31,0,2019-05-20,PaymentsForRepurchaseOfCommonStock,2026-08-25
NI,capex,2019-03-31,353700000,2019-05-20,PaymentsToAcquirePropertyPlantAndEquipment,2026-08-25
NI,cash,2019-03-31,151000000,2019-05-20,CashAndCashEquivalentsAtCarryingValue,2026-08-25
NI,equity,2019-03-31,5779600000,2019-05-20,StockholdersEquity,2026-08-25
NI,grossProfit,2019-03-31,1869800000,2019-05-20,GrossProfit,2026-08-25
NI,netIncome,2019-03-31,218900000,2019-05-20,NetIncomeLoss,2026-08-25
NI,operatingCashFlow,2019-03-31,399100000,2019-05-20,NetCashProvidedByUsedInOperatingActivities,2026-08-25
NI,operatingIncome,2019-03-31,374200000,2019-05-20,OperatingIncomeLoss,2026-08-25
NI,receivables,2019-03-31,1132100000,2019-05-20,AccountsReceivableNetCurrent,2026-08-25
NI,revenue,2019-03-31,1869800000,2019-05-20,Revenues,2026-08-25
NI,shares,2019-03-31,373002671,2019-05-20,CommonStockSharesOutstanding,2026-08-25
NKE,assets,2019-02-28,22921000000,2019-04-19,Assets,2026-08-25
NKE,cash,2019-02-28,3695000000,2019-04-19,CashAndCashEquivalentsAtCarryingValue,2026-08-25
NKE,debt,2019-02-28,3465000000,2019-04-19,LongTermDebtNoncurrent,2026-08-25
NKE,equity,2019-02-28,8961000000,2019-04-19,StockholdersEquity,2026-08-25
NKE,grossProfit,2019-02-28,4339000000,2019-04-19,GrossProfit,2026-08-25
NKE,netIncome,2019-02-28,1101000000,2019-04-19,NetIncomeLoss,2026-08-25
NKE,receivables,2019-02-28,4549000000,2019-04-19,AccountsReceivableNetCurrent,2026-08-25
NKE,revenue,2019-02-28,9611000000,2019-04-19,RevenueFromContractWithCustomerExcludingAssessedTax,2026-08-25
NOC,assets,2019-03-31,39751000000,2019-05-20,Assets,2026-08-25
NOC,buybacks,2019-03-31,60000000,2019-05-20,PaymentsForRepurchaseOfCommonStock,2026-08-25
NOC,capex,2019-03-31,284000000,2019-05-20,PaymentsToAcquirePropertyPlantAndEquipment,2026-08-25
NOC,cash,2019-03-31,848000000,2019-05-20,CashAndCashEquivalentsAtCarryingValue,2026-08-25
NOC,equity,2019-03-31,8739000000,2019-05-20,StockholdersEquity,2026-08-25
NOC,inventory,2019-03-31,778000000,2019-05-20,InventoryNet,2026-08-25
NOC,liabilities,2019-03-31,31012000000,2019-05-20,Liabilities,2026-08-25
NOC,netIncome,2019-03-31,863000000,2019-05-20,NetIncomeLoss,2026-08-25
NOC,operatingCashFlow,2019-03-31,-913000000,2019-05-20,NetCashProvidedByUsedInOperatingActivities,2026-08-25
NOC,operatingIncome,2019-03-31,936000000,2019-05-20,OperatingIncomeLoss,2026-08-25
NOC,receivables,2019-03-31,2166000000,2019-05-20,AccountsReceivableNetCurrent,2026-08-25
NOC,revenue,2019-03-31,8189000000,2019-05-20,Revenues,2026-08-25
NOC,shares,2019-03-31,169873750,2019-05-20,CommonStockSharesOutstanding,2026-08-25
NOW,assets,2019-03-31,4398895000,2019-05-20,Assets,2026-08-25
NOW,capex,2019-03-31,47124000,2019-05-20,PaymentsToAcquirePropertyPlantAndEquipment,2026-08-25
NOW,cash,2019-03-31,639722000,2019-05-20,CashAndCashEquivalentsAtCarryingValue,2026-08-25
NOW,equity,2019-03-31,1194951000,2019-05-20,StockholdersEquity,2026-08-25
NOW,grossProfit,2019-03-31,602674000,2019-05-20,GrossProfit,2026-08-25
NOW,liabilities,2019-03-31,3203944000,2019-05-20,Liabilities,2026-08-25
NOW,netIncome,2019-03-31,-1545000,2019-05-20,NetIncomeLoss,2026-08-25
NOW,operatingCashFlow,2019-03-31,360848000,2019-05-20,NetCashProvidedByUsedInOperatingActivities,2026-08-25
NOW,operatingIncome,2019-03-31,-15713000,2019-05-20,OperatingIncomeLoss,2026-08-25
NOW,receivables,2019-03-31,422559000,2019-05-20,AccountsReceivableNetCurrent,2026-08-25
NOW,revenue,2019-03-31,788926000,2019-05-20,RevenueFromContractWithCustomerExcludingAssessedTax,2026-08-25
NOW,rnd,2019-03-31,172522000,2019-05-20,ResearchAndDevelopmentExpense,2026-08-25
NOW,shares,2019-03-31,184739169,2019-05-20,CommonStockSharesOutstanding,2026-08-25
NRG,assets,2019-03-31,9530000000,2019-05-20,Assets,2026-08-25
NRG,capex,2019-03-31,49000000,2019-05-20,PaymentsToAcquirePropertyPlantAndEquipment,2026-08-25
NRG,cash,2019-03-31,859000000,2019-05-20,CashAndCashEquivalentsAtCarryingValue,2026-08-25
NRG,debt,2019-03-31,6656000000,2019-05-20,LongTermDebt,2026-08-25
NRG,inventory,2019-03-31,391000000,2019-05-20,InventoryNet,2026-08-25
NRG,liabilities,2019-03-31,11050000000,2019-05-20,Liabilities,2026-08-25
NRG,netIncome,2019-03-31,482000000,2019-05-20,NetIncomeLoss,2026-08-25
NRG,operatingCashFlow,2019-03-31,-91000000,2019-05-20,NetCashProvidedByUsedInOperatingActivities,2026-08-25
NRG,operatingIncome,2019-03-31,221000000,2019-05-20,OperatingIncomeLoss,2026-08-25
NRG,receivables,2019-03-31,898000000,2019-05-20,AccountsReceivableNetCurrent,2026-08-25
NRG,revenue,2019-03-31,2165000000,2019-05-20,Revenues,2026-08-25
NRG,rnd,2019-03-31,2000000,2019-05-20,ResearchAndDevelopmentExpense,2026-08-25
NRG,shares,2019-03-31,267538257,2019-05-20,CommonStockSharesOutstanding,2026-08-25
NSC,assets,2019-03-31,37062000000,2019-05-20,Assets,2026-08-25
NSC,buybacks,2019-03-31,500000000,2019-05-20,PaymentsForRepurchaseOfCommonStock,2026-08-25
NSC,capex,2019-03-31,467000000,2019-05-20,PaymentsToAcquirePropertyPlantAndEquipment,2026-08-25
NSC,cash,2019-03-31,411000000,2019-05-20,CashAndCashEquivalentsAtCarryingValue,2026-08-25
NSC,equity,2019-03-31,15331000000,2019-05-20,StockholdersEquity,2026-08-25
NSC,liabilities,2019-03-31,21731000000,2019-05-20,Liabilities,2026-08-25
NSC,netIncome,2019-03-31,677000000,2019-05-20,NetIncomeLoss,2026-08-25
NSC,operatingCashFlow,2019-03-31,881000000,2019-05-20,NetCashProvidedByUsedInOperatingActivities,2026-08-25
NSC,operatingIncome,2019-03-31,966000000,2019-05-20,OperatingIncomeLoss,2026-08-25
NSC,receivables,2019-03-31,1048000000,2019-05-20,AccountsReceivableNetCurrent,2026-08-25
NSC,revenue,2019-03-31,2840000000,2019-05-20,RevenueFromContractWithCustomerExcludingAssessedTax,2026-08-25
NSC,shares,2019-03-31,265967039,2019-05-20,CommonStockSharesOutstanding,2026-08-25
NTAP,assets,2019-01-25,8418000000,2019-04-20,Assets,2026-08-25
NTAP,cash,2019-01-25,2271000000,2019-04-20,CashAndCashEquivalentsAtCarryingValue,2026-08-25
NTAP,debt,2019-01-25,1144000000,2019-04-20,LongTermDebtNoncurrent,2026-08-25
NTAP,equity,2019-01-25,1230000000,2019-04-20,StockholdersEquity,2026-08-25
NTAP,grossProfit,2019-01-25,982000000,2019-04-20,GrossProfit,2026-08-25
NTAP,inventory,2019-01-25,100000000,2019-04-20,InventoryNet,2026-08-25
NTAP,liabilities,2019-01-25,7188000000,2019-04-20,Liabilities,2026-08-25
NTAP,netIncome,2019-01-25,249000000,2019-04-20,NetIncomeLoss,2026-08-25
NTAP,operatingIncome,2019-01-25,311000000,2019-04-20,OperatingIncomeLoss,2026-08-25
NTAP,receivables,2019-01-25,872000000,2019-04-20,AccountsReceivableNetCurrent,2026-08-25
NTAP,revenue,2019-01-25,1563000000,2019-04-20,RevenueFromContractWithCustomerExcludingAssessedTax,2026-08-25
NTAP,rnd,2019-01-25,203000000,2019-04-20,ResearchAndDevelopmentExpense,2026-08-25
NTAP,shares,2019-01-25,247000000,2019-04-20,CommonStockSharesOutstanding,2026-08-25
NTRS,assets,2019-03-31,121869400000,2019-05-20,Assets,2026-08-25
NTRS,buybacks,2019-03-31,257400000,2019-05-20,PaymentsForRepurchaseOfCommonStock,2026-08-25
NTRS,capex,2019-03-31,9100000,2019-05-20,PaymentsToAcquirePropertyPlantAndEquipment,2026-08-25
NTRS,equity,2019-03-31,10616200000,2019-05-20,StockholdersEquity,2026-08-25
NTRS,liabilities,2019-03-31,111253200000,2019-05-20,Liabilities,2026-08-25
NTRS,netIncome,2019-03-31,347100000,2019-05-20,NetIncomeLoss,2026-08-25
NTRS,operatingCashFlow,2019-03-31,293700000,2019-05-20,NetCashProvidedByUsedInOperatingActivities,2026-08-25
NTRS,revenue,2019-03-31,928900000,2019-05-20,RevenueFromContractWithCustomerExcludingAssessedTax,2026-08-25
NTRS,shares,2019-03-31,217676589,2019-05-20,CommonStockSharesOutstanding,2026-08-25
NUE,assets,2019-03-30,18086698000,2019-05-19,Assets,2026-08-25
NUE,buybacks,2019-03-30,72830000,2019-05-19,PaymentsForRepurchaseOfCommonStock,2026-08-25
NUE,capex,2019-03-30,288786000,2019-05-19,PaymentsToAcquirePropertyPlantAndEquipment,2026-08-25
NUE,cash,2019-03-30,1550807000,2019-05-19,CashAndCashEquivalentsAtCarryingValue,2026-08-25
NUE,debt,2019-03-30,4233792000,2019-05-19,LongTermDebtNoncurrent,2026-08-25
NUE,equity,2019-03-30,10114191000,2019-05-19,StockholdersEquity,2026-08-25
NUE,grossProfit,2019-03-30,895892000,2019-05-19,GrossProfit,2026-08-25
NUE,inventory,2019-03-30,4445228000,2019-05-19,InventoryNet,2026-08-25
NUE,liabilities,2019-03-30,7584032000,2019-05-19,Liabilities,2026-08-25
NUE,netIncome,2019-03-30,501806000,2019-05-19,NetIncomeLoss,2026-08-25
NUE,operatingCashFlow,2019-03-30,650708000,2019-05-19,NetCashProvidedByUsedInOperatingActivities,2026-08-25
NUE,receivables,2019-03-30,2483138000,2019-05-19,AccountsReceivableNetCurrent,2026-08-25
NUE,revenue,2019-03-30,6096624000,2019-05-19,Revenues,2026-08-25
NVDA,assets,2019-01-27,13292000000,2019-04-22,Assets,2026-08-25
NVDA,cash,2019-01-27,782000000,2019-04-22,CashAndCashEquivalentsAtCarryingValue,2026-08-25
NVDA,debt,2019-01-27,1988000000,2019-04-22,LongTermDebt,2026-08-25
NVDA,equity,2019-01-27,9342000000,2019-04-22,StockholdersEquity,2026-08-25
NVDA,grossProfit,2019-01-27,1207000000,2019-04-22,GrossProfit,2026-08-25
NVDA,inventory,2019-01-27,1575000000,2019-04-22,InventoryNet,2026-08-25
NVDA,liabilities,2019-01-27,3950000000,2019-04-22,Liabilities,2026-08-25
NVDA,netIncome,2019-01-27,567000000,2019-04-22,NetIncomeLoss,2026-08-25
NVDA,receivables,2019-01-27,1424000000,2019-04-22,AccountsReceivableNetCurrent,2026-08-25
NVDA,revenue,2019-01-27,2205000000,2019-04-22,RevenueFromContractWithCustomerExcludingAssessedTax,2026-08-25
NVDA,shares,2019-01-27,606000000,2019-04-22,CommonStockSharesOutstanding,2026-08-25
NVR,assets,2019-03-31,3362771000,2019-05-20,Assets,2026-08-25
NVR,buybacks,2019-03-31,216499000,2019-05-20,PaymentsForRepurchaseOfCommonStock,2026-08-25
NVR,capex,2019-03-31,5285000,2019-05-20,PaymentsToAcquirePropertyPlantAndEquipment,2026-08-25
NVR,equity,2019-03-31,1898776000,2019-05-20,StockholdersEquity,2026-08-25
NVR,liabilities,2019-03-31,1463995000,2019-05-20,Liabilities,2026-08-25
NVR,netIncome,2019-03-31,188406000,2019-05-20,NetIncomeLoss,2026-08-25
NVR,operatingCashFlow,2019-03-31,227855000,2019-05-20,NetCashProvidedByUsedInOperatingActivities,2026-08-25
NVR,revenue,2019-03-31,1687011000,2019-05-20,Revenues,2026-08-25
NWS,assets,2019-03-31,16058000000,2019-05-20,Assets,2026-08-25
NWS,cash,2019-03-31,1648000000,2019-05-20,CashAndCashEquivalentsAtCarryingValue,2026-08-25
NWS,debt,2019-03-31,868000000,2019-05-20,LongTermDebtNoncurrent,2026-08-25
NWS,equity,2019-03-31,9289000000,2019-05-20,StockholdersEquity,2026-08-25
NWS,inventory,2019-03-31,404000000,2019-05-20,InventoryNet,2026-08-25
NWS,netIncome,2019-03-31,10000000,2019-05-20,NetIncomeLoss,2026-08-25
NWS,receivables,2019-03-31,1631000000,2019-05-20,AccountsReceivableNetCurrent,2026-08-25
NWS,revenue,2019-03-31,2457000000,2019-05-20,Revenues,2026-08-25
NXPI,buybacks,2019-03-31,715000000,2019-05-20,PaymentsForRepurchaseOfCommonStock,2026-08-25
NXPI,capex,2019-03-31,144000000,2019-05-20,PaymentsToAcquirePropertyPlantAndEquipment,2026-08-25
NXPI,grossProfit,2019-03-31,1072000000,2019-05-20,GrossProfit,2026-08-25
NXPI,netIncome,2019-03-31,-21000000,2019-05-20,NetIncomeLoss,2026-08-25
NXPI,operatingCashFlow,2019-03-31,296000000,2019-05-20,NetCashProvidedByUsedInOperatingActivities,2026-08-25
NXPI,operatingIncome,2019-03-31,54000000,2019-05-20,OperatingIncomeLoss,2026-08-25
NXPI,revenue,2019-03-31,2094000000,2019-05-20,RevenueFromContractWithCustomerExcludingAssessedTax,2026-08-25
NXPI,rnd,2019-03-31,415000000,2019-05-20,ResearchAndDevelopmentExpense,2026-08-25
O,assets,2019-03-31,15762908000,2019-05-20,Assets,2026-08-25
O,cash,2019-03-31,2997000,2019-05-20,CashAndCashEquivalentsAtCarryingValue,2026-08-25
O,equity,2019-03-31,7983895000,2019-05-20,StockholdersEquity,2026-08-25
O,liabilities,2019-03-31,7753832000,2019-05-20,Liabilities,2026-08-25
O,netIncome,2019-03-31,110942000,2019-05-20,NetIncomeLoss,2026-08-25
O,operatingCashFlow,2019-03-31,212027000,2019-05-20,NetCashProvidedByUsedInOperatingActivities,2026-08-25
O,revenue,2019-03-31,354365000,2019-05-20,Revenues,2026-08-25
O,shares,2019-03-31,303807421,2019-05-20,CommonStockSharesOutstanding,2026-08-25
ODFL,assets,2019-03-31,3704042000,2019-05-20,Assets,2026-08-25
ODFL,buybacks,2019-03-31,30596000,2019-05-20,PaymentsForRepurchaseOfCommonStock,2026-08-25
ODFL,capex,2019-03-31,70741000,2019-05-20,PaymentsToAcquireProductiveAssets,2026-08-25
ODFL,cash,2019-03-31,280627000,2019-05-20,CashAndCashEquivalentsAtCarryingValue,2026-08-25
ODFL,equity,2019-03-31,2770371000,2019-05-20,StockholdersEquity,2026-08-25
ODFL,liabilities,2019-03-31,933671000,2019-05-20,Liabilities,2026-08-25
ODFL,netIncome,2019-03-31,133323000,2019-05-20,NetIncomeLoss,2026-08-25
ODFL,operatingCashFlow,2019-03-31,206175000,2019-05-20,NetCashProvidedByUsedInOperatingActivities,2026-08-25
ODFL,operatingIncome,2019-03-31,178426000,2019-05-20,OperatingIncomeLoss,2026-08-25
ODFL,receivables,2019-03-31,447242000,2019-05-20,AccountsReceivableNetCurrent,2026-08-25
ODFL,shares,2019-03-31,81071908,2019-05-20,CommonStockSharesOutstanding,2026-08-25
OKE,assets,2019-03-31,18934325000,2019-05-20,Assets,2026-08-25
OKE,capex,2019-03-31,889705000,2019-05-20,PaymentsToAcquirePropertyPlantAndEquipment,2026-08-25
OKE,cash,2019-03-31,27814000,2019-05-20,CashAndCashEquivalentsAtCarryingValue,2026-08-25
OKE,debt,2019-03-31,10004341000,2019-05-20,LongTermDebtNoncurrent,2026-08-25
OKE,equity,2019-03-31,6442006000,2019-05-20,StockholdersEquity,2026-08-25
OKE,inventory,2019-03-31,243223000,2019-05-20,InventoryNet,2026-08-25
OKE,netIncome,2019-03-31,337208000,2019-05-20,NetIncomeLoss,2026-08-25
OKE,operatingCashFlow,2019-03-31,353606000,2019-05-20,NetCashProvidedByUsedInOperatingActivities,2026-08-25
OKE,operatingIncome,2019-03-31,468742000,2019-05-20,OperatingIncomeLoss,2026-08-25
OKE,revenue,2019-03-31,2779958000,2019-05-20,Revenues,2026-08-25
OKE,shares,2019-03-31,412752687,2019-05-20,CommonStockSharesOutstanding,2026-08-25
OMC,assets,2019-03-31,25211200000,2019-05-20,Assets,2026-08-25
OMC,buybacks,2019-03-31,286100000,2019-05-20,PaymentsForRepurchaseOfCommonStock,2026-08-25
OMC,capex,2019-03-31,27200000,2019-05-20,PaymentsToAcquirePropertyPlantAndEquipment,2026-08-25
OMC,cash,2019-03-31,3449700000,2019-05-20,CashAndCashEquivalentsAtCarryingValue,2026-08-25
OMC,equity,2019-03-31,2413300000,2019-05-20,StockholdersEquity,2026-08-25
OMC,netIncome,2019-03-31,263200000,2019-05-20,NetIncomeLoss,2026-08-25
OMC,operatingCashFlow,2019-03-31,-395600000,2019-05-20,NetCashProvidedByUsedInOperatingActivities,2026-08-25
OMC,operatingIncome,2019-03-31,428900000,2019-05-20,OperatingIncomeLoss,2026-08-25
OMC,receivables,2019-03-31,7036700000,2019-05-20,AccountsReceivableNetCurrent,2026-08-25
OMC,revenue,2019-03-31,3468900000,2019-05-20,Revenues,2026-08-25
ON,assets,2019-03-29,7564300000,2019-05-18,Assets,2026-08-25
ON,buybacks,2019-03-29,75000000,2019-05-18,PaymentsForRepurchaseOfCommonStock,2026-08-25
ON,capex,2019-03-29,157000000,2019-05-18,PaymentsToAcquirePropertyPlantAndEquipment,2026-08-25
ON,cash,2019-03-29,939600000,2019-05-18,CashAndCashEquivalentsAtCarryingValue,2026-08-25
ON,debt,2019-03-29,2639000000,2019-05-18,LongTermDebtNoncurrent,2026-08-25
ON,equity,2019-03-29,3198200000,2019-05-18,StockholdersEquity,2026-08-25
ON,grossProfit,2019-03-29,513700000,2019-05-18,GrossProfit,2026-08-25
ON,inventory,2019-03-29,1225200000,2019-05-18,InventoryNet,2026-08-25
ON,liabilities,2019-03-29,4343600000,2019-05-18,Liabilities,2026-08-25
ON,netIncome,2019-03-29,114100000,2019-05-18,NetIncomeLoss,2026-08-25
ON,operatingCashFlow,2019-03-29,138200000,2019-05-18,NetCashProvidedByUsedInOperatingActivities,2026-08-25
ON,operatingIncome,2019-03-29,179400000,2019-05-18,OperatingIncomeLoss,2026-08-25
ON,revenue,2019-03-29,1386600000,2019-05-18,Revenues,2026-08-25
ON,shares,2019-03-29,411814580,2019-05-18,CommonStockSharesOutstanding,2026-08-25
ORCL,assets,2019-02-28,109438000000,2019-04-19,Assets,2026-08-25
ORCL,cash,2019-02-28,14720000000,2019-04-19,CashAndCashEquivalentsAtCarryingValue,2026-08-25
ORCL,equity,2019-02-28,23714000000,2019-04-19,StockholdersEquity,2026-08-25
ORCL,netIncome,2019-02-28,2745000000,2019-04-19,NetIncomeLoss,2026-08-25
ORCL,operatingIncome,2019-02-28,3399000000,2019-04-19,OperatingIncomeLoss,2026-08-25
ORCL,receivables,2019-02-28,3993000000,2019-04-19,AccountsReceivableNetCurrent,2026-08-25
ORCL,revenue,2019-02-28,9614000000,2019-04-19,RevenueFromContractWithCustomerExcludingAssessedTax,2026-08-25
ORCL,rnd,2019-02-28,1426000000,2019-04-19,ResearchAndDevelopmentExpense,2026-08-25
ORCL,shares,2019-02-28,3443000000,2019-04-19,CommonStockSharesOutstanding,2026-08-25
ORLY,assets,2019-03-31,10061562000,2019-05-20,Assets,2026-08-25
ORLY,buybacks,2019-03-31,321856000,2019-05-20,PaymentsForRepurchaseOfCommonStock,2026-08-25
ORLY,capex,2019-03-31,152914000,2019-05-20,PaymentsToAcquirePropertyPlantAndEquipment,2026-08-25
ORLY,cash,2019-03-31,56717000,2019-05-20,CashAndCashEquivalentsAtCarryingValue,2026-08-25
ORLY,debt,2019-03-31,3460921000,2019-05-20,LongTermDebtNoncurrent,2026-08-25
ORLY,equity,2019-03-31,372365000,2019-05-20,StockholdersEquity,2026-08-25
ORLY,grossProfit,2019-03-31,1279290000,2019-05-20,GrossProfit,2026-08-25
ORLY,inventory,2019-03-31,3228901000,2019-05-20,InventoryNet,2026-08-25
ORLY,netIncome,2019-03-31,321152000,2019-05-20,NetIncomeLoss,2026-08-25
ORLY,operatingCashFlow,2019-03-31,440622000,2019-05-20,NetCashProvidedByUsedInOperatingActivities,2026-08-25
ORLY,operatingIncome,2019-03-31,444786000,2019-05-20,OperatingIncomeLoss,2026-08-25
ORLY,receivables,2019-03-31,250680000,2019-05-20,AccountsReceivableNetCurrent,2026-08-25
ORLY,revenue,2019-03-31,2410608000,2019-05-20,RevenueFromContractWithCustomerExcludingAssessedTax,2026-08-25
ORLY,shares,2019-03-31,78262099,2019-05-20,CommonStockSharesOutstanding,2026-08-25
OTIS,capex,2019-03-31,28000000,2019-05-20,PaymentsToAcquireProductiveAssets,2026-08-25
OTIS,cash,2019-03-31,1320000000,2019-05-20,CashAndCashEquivalentsAtCarryingValue,2026-08-25
OTIS,equityStakes,2019-03-31,0,2019-05-20,PaymentsToAcquireEquityMethodInvestments,2026-08-25
OTIS,grossProfit,2019-03-31,901000000,2019-05-20,GrossProfit,2026-08-25
OTIS,netIncome,2019-03-31,273000000,2019-05-20,NetIncomeLoss,2026-08-25
OTIS,operatingCashFlow,2019-03-31,297000000,2019-05-20,NetCashProvidedByUsedInOperatingActivities,2026-08-25
OTIS,operatingIncome,2019-03-31,415000000,2019-05-20,OperatingIncomeLoss,2026-08-25
OTIS,revenue,2019-03-31,3101000000,2019-05-20,Revenues,2026-08-25
OTIS,rnd,2019-03-31,39000000,2019-05-20,ResearchAndDevelopmentExpense,2026-08-25
OXY,assets,2019-03-31,44380000000,2019-05-20,Assets,2026-08-25
OXY,buybacks,2019-03-31,237000000,2019-05-20,PaymentsForRepurchaseOfCommonStock,2026-08-25
OXY,capex,2019-03-31,1259000000,2019-05-20,PaymentsToAcquirePropertyPlantAndEquipment,2026-08-25
OXY,cash,2019-03-31,1752000000,2019-05-20,CashAndCashEquivalentsAtCarryingValue,2026-08-25
OXY,debt,2019-03-31,10203000000,2019-05-20,LongTermDebtNoncurrent,2026-08-25
OXY,equity,2019-03-31,21236000000,2019-05-20,StockholdersEquity,2026-08-25
OXY,inventory,2019-03-31,1484000000,2019-05-20,InventoryNet,2026-08-25
OXY,netIncome,2019-03-31,631000000,2019-05-20,NetIncomeLoss,2026-08-25
OXY,operatingCashFlow,2019-03-31,948000000,2019-05-20,NetCashProvidedByUsedInOperatingActivities,2026-08-25
OXY,receivables,2019-03-31,5310000000,2019-05-20,AccountsReceivableNetCurrent,2026-08-25
OXY,revenue,2019-03-31,4004000000,2019-05-20,Revenues,2026-08-25
OXY,shares,2019-03-31,896293910,2019-05-20,CommonStockSharesOutstanding,2026-08-25
PANW,assets,2019-01-31,5707500000,2019-04-26,Assets,2026-08-25
PANW,cash,2019-01-31,1127800000,2019-04-26,CashAndCashEquivalentsAtCarryingValue,2026-08-25
PANW,debt,2019-01-31,1555800000,2019-04-26,LongTermDebt,2026-08-25
PANW,equity,2019-01-31,1071800000,2019-04-26,StockholdersEquity,2026-08-25
PANW,grossProfit,2019-01-31,508600000,2019-04-26,GrossProfit,2026-08-25
PANW,netIncome,2019-01-31,-2600000,2019-04-26,NetIncomeLoss,2026-08-25
PANW,operatingIncome,2019-01-31,6600000,2019-04-26,OperatingIncomeLoss,2026-08-25
PANW,receivables,2019-01-31,415000000,2019-04-26,AccountsReceivableNetCurrent,2026-08-25
PANW,revenue,2019-01-31,711200000,2019-04-26,RevenueFromContractWithCustomerExcludingAssessedTax,2026-08-25
PANW,rnd,2019-01-31,128300000,2019-04-26,ResearchAndDevelopmentExpense,2026-08-25
PANW,shares,2019-01-31,93700000,2019-04-26,CommonStockSharesOutstanding,2026-08-25
PAYX,assets,2019-02-28,10363000000,2019-04-19,Assets,2026-08-25
PAYX,cash,2019-02-28,696400000,2019-04-19,CashAndCashEquivalentsAtCarryingValue,2026-08-25
PAYX,debt,2019-02-28,800000000,2019-04-19,LongTermDebtNoncurrent,2026-08-25
PAYX,equity,2019-02-28,2598000000,2019-04-19,StockholdersEquity,2026-08-25
PAYX,liabilities,2019-02-28,7765000000,2019-04-19,Liabilities,2026-08-25
PAYX,operatingIncome,2019-02-28,429300000,2019-04-19,OperatingIncomeLoss,2026-08-25
PAYX,revenue,2019-02-28,1070400000,2019-04-19,Revenues,2026-08-25
PAYX,shares,2019-02-28,359400000,2019-04-19,CommonStockSharesOutstanding,2026-08-25
PCAR,assets,2019-03-31,26157000000,2019-05-20,Assets,2026-08-25
PCAR,buybacks,2019-03-31,32900000,2019-05-20,PaymentsForRepurchaseOfCommonStock,2026-08-25
PCAR,capex,2019-03-31,102800000,2019-05-20,PaymentsToAcquirePropertyPlantAndEquipment,2026-08-25
PCAR,cash,2019-03-31,2842600000,2019-05-20,CashAndCashEquivalentsAtCarryingValue,2026-08-25
PCAR,equity,2019-03-31,9105500000,2019-05-20,StockholdersEquity,2026-08-25
PCAR,netIncome,2019-03-31,629000000,2019-05-20,NetIncomeLoss,2026-08-25
PCAR,operatingCashFlow,2019-03-31,363000000,2019-05-20,NetCashProvidedByUsedInOperatingActivities,2026-08-25
PCAR,revenue,2019-03-31,6487600000,2019-05-20,Revenues,2026-08-25
PCG,assets,2019-03-31,82287000000,2019-05-20,Assets,2026-08-25
PCG,capex,2019-03-31,1224000000,2019-05-20,PaymentsToAcquirePropertyPlantAndEquipment,2026-08-25
PCG,cash,2019-03-31,2964000000,2019-05-20,CashAndCashEquivalentsAtCarryingValue,2026-08-25
PCG,debt,2019-03-31,0,2019-05-20,LongTermDebtNoncurrent,2026-08-25
PCG,equity,2019-03-31,12877000000,2019-05-20,StockholdersEquity,2026-08-25
PCG,inventory,2019-03-31,72000000,2019-05-20,InventoryNet,2026-08-25
PCG,netIncome,2019-03-31,136000000,2019-05-20,NetIncomeLoss,2026-08-25
PCG,operatingCashFlow,2019-03-31,2244000000,2019-05-20,NetCashProvidedByUsedInOperatingActivities,2026-08-25
PCG,operatingIncome,2019-03-31,189000000,2019-05-20,OperatingIncomeLoss,2026-08-25
PCG,receivables,2019-03-31,1319000000,2019-05-20,AccountsReceivableNetCurrent,2026-08-25
PCG,revenue,2019-03-31,4011000000,2019-05-20,RevenueFromContractWithCustomerExcludingAssessedTax,2026-08-25
PCG,shares,2019-03-31,529210278,2019-05-20,CommonStockSharesOutstanding,2026-08-25
PEG,assets,2019-03-31,45756000000,2019-05-20,Assets,2026-08-25
PEG,capex,2019-03-31,795000000,2019-05-20,PaymentsToAcquirePropertyPlantAndEquipment,2026-08-25
PEG,cash,2019-03-31,65000000,2019-05-20,CashAndCashEquivalentsAtCarryingValue,2026-08-25
PEG,debt,2019-03-31,13216000000,2019-05-20,LongTermDebtNoncurrent,2026-08-25
PEG,netIncome,2019-03-31,700000000,2019-05-20,NetIncomeLoss,2026-08-25
PEG,operatingCashFlow,2019-03-31,1218000000,2019-05-20,NetCashProvidedByUsedInOperatingActivities,2026-08-25
PEG,operatingIncome,2019-03-31,786000000,2019-05-20,OperatingIncomeLoss,2026-08-25
PEG,receivables,2019-03-31,1454000000,2019-05-20,AccountsReceivableNetCurrent,2026-08-25
PEG,revenue,2019-03-31,2980000000,2019-05-20,Revenues,2026-08-25
PEP,assets,2019-03-23,75466000000,2019-05-12,Assets,2026-08-25
PEP,buybacks,2019-03-23,940000000,2019-05-12,PaymentsForRepurchaseOfCommonStock,2026-08-25
PEP,capex,2019-03-23,442000000,2019-05-12,PaymentsToAcquireProductiveAssets,2026-08-25
PEP,cash,2019-03-23,5072000000,2019-05-12,CashAndCashEquivalentsAtCarryingValue,2026-08-25
PEP,equity,2019-03-23,14202000000,2019-05-12,StockholdersEquity,2026-08-25
PEP,grossProfit,2019-03-23,7196000000,2019-05-12,GrossProfit,2026-08-25
PEP,inventory,2019-03-23,3554000000,2019-05-12,InventoryNet,2026-08-25
PEP,liabilities,2019-03-23,61170000000,2019-05-12,Liabilities,2026-08-25
PEP,netIncome,2019-03-23,1413000000,2019-05-12,NetIncomeLoss,2026-08-25
PEP,operatingCashFlow,2019-03-23,-345000000,2019-05-12,NetCashProvidedByUsedInOperatingActivities,2026-08-25
PEP,operatingIncome,2019-03-23,2008000000,2019-05-12,OperatingIncomeLoss,2026-08-25
PEP,revenue,2019-03-23,12884000000,2019-05-12,Revenues,2026-08-25
PFE,assets,2019-03-31,155421000000,2019-05-20,Assets,2026-08-25
PFE,buybacks,2019-03-31,8865000000,2019-05-20,PaymentsForRepurchaseOfCommonStock,2026-08-25
PFE,capex,2019-03-31,460000000,2019-05-20,PaymentsToAcquirePropertyPlantAndEquipment,2026-08-25
PFE,cash,2019-03-31,1937000000,2019-05-20,CashAndCashEquivalentsAtCarryingValue,2026-08-25
PFE,debt,2019-03-31,35733000000,2019-05-20,LongTermDebtNoncurrent,2026-08-25
PFE,equity,2019-03-31,58806000000,2019-05-20,StockholdersEquity,2026-08-25
PFE,inventory,2019-03-31,8029000000,2019-05-20,InventoryNet,2026-08-25
PFE,liabilities,2019-03-31,96263000000,2019-05-20,Liabilities,2026-08-25
PFE,netIncome,2019-03-31,3884000000,2019-05-20,NetIncomeLoss,2026-08-25
PFE,operatingCashFlow,2019-03-31,1698000000,2019-05-20,NetCashProvidedByUsedInOperatingActivities,2026-08-25
PFE,receivables,2019-03-31,9599000000,2019-05-20,AccountsReceivableNetCurrent,2026-08-25
PFE,revenue,2019-03-31,13118000000,2019-05-20,RevenueFromContractWithCustomerExcludingAssessedTax,2026-08-25
PFG,assets,2019-03-31,259419900000,2019-05-20,Assets,2026-08-25
PFG,buybacks,2019-03-31,153600000,2019-05-20,PaymentsForRepurchaseOfCommonStock,2026-08-25
PFG,cash,2019-03-31,2259700000,2019-05-20,CashAndCashEquivalentsAtCarryingValue,2026-08-25
PFG,debt,2019-03-31,3266400000,2019-05-20,LongTermDebt,2026-08-25
PFG,equity,2019-03-31,12694400000,2019-05-20,StockholdersEquity,2026-08-25
PFG,liabilities,2019-03-31,246120000000,2019-05-20,Liabilities,2026-08-25
PFG,netIncome,2019-03-31,429900000,2019-05-20,NetIncomeLoss,2026-08-25
PFG,operatingCashFlow,2019-03-31,1176400000,2019-05-20,NetCashProvidedByUsedInOperatingActivities,2026-08-25
PFG,revenue,2019-03-31,3743900000,2019-05-20,Revenues,2026-08-25
PFG,shares,2019-03-31,278200000,2019-05-20,CommonStockSharesOutstanding,2026-08-25
PG,assets,2019-03-31,121673000000,2019-05-20,Assets,2026-08-25
PG,cash,2019-03-31,2738000000,2019-05-20,CashAndCashEquivalentsAtCarryingValue,2026-08-25
PG,debt,2019-03-31,21359000000,2019-05-20,LongTermDebtNoncurrent,2026-08-25
PG,inventory,2019-03-31,5358000000,2019-05-20,InventoryNet,2026-08-25
PG,liabilities,2019-03-31,66121000000,2019-05-20,Liabilities,2026-08-25
PG,netIncome,2019-03-31,2745000000,2019-05-20,NetIncomeLoss,2026-08-25
PG,operatingIncome,2019-03-31,3229000000,2019-05-20,OperatingIncomeLoss,2026-08-25
PG,receivables,2019-03-31,5198000000,2019-05-20,AccountsReceivableNetCurrent,2026-08-25
PG,revenue,2019-03-31,16462000000,2019-05-20,Revenues,2026-08-25
PGR,assets,2019-03-31,48850300000,2019-05-20,Assets,2026-08-25
PGR,capex,2019-03-31,75800000,2019-05-20,PaymentsToAcquirePropertyPlantAndEquipment,2026-08-25
PGR,equity,2019-03-31,12110700000,2019-05-20,StockholdersEquity,2026-08-25
PGR,liabilities,2019-03-31,36518400000,2019-05-20,Liabilities,2026-08-25
PGR,netIncome,2019-03-31,1078400000,2019-05-20,NetIncomeLoss,2026-08-25
PGR,operatingCashFlow,2019-03-31,1868500000,2019-05-20,NetCashProvidedByUsedInOperatingActivities,2026-08-25
PGR,revenue,2019-03-31,9300000000,2019-05-20,Revenues,2026-08-25
PH,assets,2019-03-31,15477935000,2019-05-20,Assets,2026-08-25
PH,cash,2019-03-31,1098729000,2019-05-20,CashAndCashEquivalentsAtCarryingValue,2026-08-25
PH,debt,2019-03-31,4284235000,2019-05-20,LongTermDebtNoncurrent,2026-08-25
PH,equity,2019-03-31,6009978000,2019-05-20,StockholdersEquity,2026-08-25
PH,inventory,2019-03-31,1755991000,2019-05-20,InventoryNet,2026-08-25
PH,liabilities,2019-03-31,9461887000,2019-05-20,Liabilities,2026-08-25
PH,netIncome,2019-03-31,411248000,2019-05-20,NetIncomeLoss,2026-08-25
PH,operatingIncome,2019-03-31,598220000,2019-05-20,OperatingIncomeLoss,2026-08-25
PH,receivables,2019-03-31,2117103000,2019-05-20,AccountsReceivableNetCurrent,2026-08-25
PH,revenue,2019-03-31,3687518000,2019-05-20,RevenueFromContractWithCustomerExcludingAssessedTax,2026-08-25
PHM,assets,2019-03-31,10207336000,2019-05-20,Assets,2026-08-25
PHM,buybacks,2019-03-31,24999000,2019-05-20,PaymentsForRepurchaseOfCommonStock,2026-08-25
PHM,capex,2019-03-31,16070000,2019-05-20,PaymentsToAcquirePropertyPlantAndEquipment,2026-08-25
PHM,cash,2019-03-31,1055457000,2019-05-20,CashAndCashEquivalentsAtCarryingValue,2026-08-25
PHM,equity,2019-03-31,4933439000,2019-05-20,StockholdersEquity,2026-08-25
PHM,equityStakes,2019-03-31,1289000,2019-05-20,PaymentsToAcquireEquityMethodInvestments,2026-08-25
PHM,liabilities,2019-03-31,5273897000,2019-05-20,Liabilities,2026-08-25
PHM,netIncome,2019-03-31,166757000,2019-05-20,NetIncomeLoss,2026-08-25
PHM,operatingCashFlow,2019-03-31,158905000,2019-05-20,NetCashProvidedByUsedInOperatingActivities,2026-08-25
PHM,revenue,2019-03-31,1996693000,2019-05-20,Revenues,2026-08-25
PKG,assets,2019-03-31,6928600000,2019-05-20,Assets,2026-08-25
PKG,capex,2019-03-31,78800000,2019-05-20,PaymentsToAcquirePropertyPlantAndEquipment,2026-08-25
PKG,cash,2019-03-31,442400000,2019-05-20,CashAndCashEquivalentsAtCarryingValue,2026-08-25
PKG,debt,2019-03-31,2484600000,2019-05-20,LongTermDebtNoncurrent,2026-08-25
PKG,equity,2019-03-31,2794600000,2019-05-20,StockholdersEquity,2026-08-25
PKG,grossProfit,2019-03-31,421400000,2019-05-20,GrossProfit,2026-08-25
PKG,inventory,2019-03-31,831700000,2019-05-20,InventoryNet,2026-08-25
PKG,netIncome,2019-03-31,186800000,2019-05-20,NetIncomeLoss,2026-08-25
PKG,operatingCashFlow,2019-03-31,236000000,2019-05-20,NetCashProvidedByUsedInOperatingActivities,2026-08-25
PKG,operatingIncome,2019-03-31,275400000,2019-05-20,OperatingIncomeLoss,2026-08-25
PKG,receivables,2019-03-31,930300000,2019-05-20,AccountsReceivableNetCurrent,2026-08-25
PKG,revenue,2019-03-31,1733700000,2019-05-20,RevenueFromContractWithCustomerExcludingAssessedTax,2026-08-25
PLD,assets,2019-03-31,38392112000,2019-05-20,Assets,2026-08-25
PLD,cash,2019-03-31,251030000,2019-05-20,CashAndCashEquivalentsAtCarryingValue,2026-08-25
PLD,debt,2019-03-31,10706139000,2019-05-20,LongTermDebt,2026-08-25
PLD,equity,2019-03-31,22334483000,2019-05-20,StockholdersEquity,2026-08-25
PLD,liabilities,2019-03-31,12568051000,2019-05-20,Liabilities,2026-08-25
PLD,netIncome,2019-03-31,348546000,2019-05-20,NetIncomeLoss,2026-08-25
PLD,operatingCashFlow,2019-03-31,494914000,2019-05-20,NetCashProvidedByUsedInOperatingActivities,2026-08-25
PLD,operatingIncome,2019-03-31,376590000,2019-05-20,OperatingIncomeLoss,2026-08-25
PLD,revenue,2019-03-31,772052000,2019-05-20,Revenues,2026-08-25
PLD,shares,2019-03-31,630743000,2019-05-20,CommonStockSharesOutstanding,2026-08-25
PM,assets,2019-03-31,38042000000,2019-05-20,Assets,2026-08-25
PM,capex,2019-03-31,324000000,2019-05-20,PaymentsToAcquirePropertyPlantAndEquipment,2026-08-25
PM,cash,2019-03-31,3081000000,2019-05-20,CashAndCashEquivalentsAtCarryingValue,2026-08-25
PM,equity,2019-03-31,-11968000000,2019-05-20,StockholdersEquity,2026-08-25
PM,grossProfit,2019-03-31,4286000000,2019-05-20,GrossProfit,2026-08-25
PM,inventory,2019-03-31,8318000000,2019-05-20,InventoryNet,2026-08-25
PM,liabilities,2019-03-31,48227000000,2019-05-20,Liabilities,2026-08-25
PM,netIncome,2019-03-31,1354000000,2019-05-20,NetIncomeLoss,2026-08-25
PM,operatingCashFlow,2019-03-31,1241000000,2019-05-20,NetCashProvidedByUsedInOperatingActivities,2026-08-25
PM,operatingIncome,2019-03-31,2050000000,2019-05-20,OperatingIncomeLoss,2026-08-25
PM,receivables,2019-03-31,2958000000,2019-05-20,AccountsReceivableNetCurrent,2026-08-25
PM,revenue,2019-03-31,6751000000,2019-05-20,RevenueFromContractWithCustomerExcludingAssessedTax,2026-08-25
PNC,assets,2019-03-31,392837000000,2019-05-20,Assets,2026-08-25
PNC,buybacks,2019-03-31,826000000,2019-05-20,PaymentsForRepurchaseOfCommonStock,2026-08-25
PNC,equity,2019-03-31,48536000000,2019-05-20,StockholdersEquity,2026-08-25
PNC,liabilities,2019-03-31,344262000000,2019-05-20,Liabilities,2026-08-25
PNC,operatingCashFlow,2019-03-31,1401000000,2019-05-20,NetCashProvidedByUsedInOperatingActivities,2026-08-25
PNC,revenue,2019-03-31,4286000000,2019-05-20,Revenues,2026-08-25
PNR,assets,2019-03-31,4382200000,2019-05-20,Assets,2026-08-25
PNR,buybacks,2019-03-31,0,2019-05-20,PaymentsForRepurchaseOfCommonStock,2026-08-25
PNR,capex,2019-03-31,16800000,2019-05-20,PaymentsToAcquirePropertyPlantAndEquipment,2026-08-25
PNR,cash,2019-03-31,78900000,2019-05-20,CashAndCashEquivalentsAtCarryingValue,2026-08-25
PNR,debt,2019-03-31,1370700000,2019-05-20,LongTermDebtNoncurrent,2026-08-25
PNR,grossProfit,2019-03-31,235600000,2019-05-20,GrossProfit,2026-08-25
PNR,inventory,2019-03-31,421800000,2019-05-20,InventoryNet,2026-08-25
PNR,liabilities,2019-03-31,2511800000,2019-05-20,Liabilities,2026-08-25
PNR,netIncome,2019-03-31,51300000,2019-05-20,NetIncomeLoss,2026-08-25
PNR,operatingCashFlow,2019-03-31,-256300000,2019-05-20,NetCashProvidedByUsedInOperatingActivities,2026-08-25
PNR,operatingIncome,2019-03-31,67600000,2019-05-20,OperatingIncomeLoss,2026-08-25
PNR,revenue,2019-03-31,688900000,2019-05-20,Revenues,2026-08-25
PNR,rnd,2019-03-31,20700000,2019-05-20,ResearchAndDevelopmentExpense,2026-08-25
PNW,assets,2019-03-31,17854107000,2019-05-20,Assets,2026-08-25
PNW,capex,2019-03-31,259792000,2019-05-20,PaymentsToAcquireProductiveAssets,2026-08-25
PNW,cash,2019-03-31,6109000,2019-05-20,CashAndCashEquivalentsAtCarryingValue,2026-08-25
PNW,debt,2019-03-31,4886108000,2019-05-20,LongTermDebtNoncurrent,2026-08-25
PNW,equity,2019-03-31,5251062000,2019-05-20,StockholdersEquity,2026-08-25
PNW,operatingCashFlow,2019-03-31,173432000,2019-05-20,NetCashProvidedByUsedInOperatingActivities,2026-08-25
PNW,operatingIncome,2019-03-31,60084000,2019-05-20,OperatingIncomeLoss,2026-08-25
PNW,revenue,2019-03-31,740530000,2019-05-20,Revenues,2026-08-25
PODD,assets,2019-03-31,952612000,2019-05-20,Assets,2026-08-25
PODD,buybacks,2019-03-31,300000,2019-05-20,PaymentsForRepurchaseOfCommonStock,2026-08-25
PODD,capex,2019-03-31,44400000,2019-05-20,PaymentsToAcquirePropertyPlantAndEquipment,2026-08-25
PODD,cash,2019-03-31,129254000,2019-05-20,CashAndCashEquivalentsAtCarryingValue,2026-08-25
PODD,debt,2019-03-31,599601000,2019-05-20,LongTermDebtNoncurrent,2026-08-25
PODD,equity,2019-03-31,223600000,2019-05-20,StockholdersEquity,2026-08-25
PODD,grossProfit,2019-03-31,106700000,2019-05-20,GrossProfit,2026-08-25
PODD,inventory,2019-03-31,73822000,2019-05-20,InventoryNet,2026-08-25
PODD,liabilities,2019-03-31,728982000,2019-05-20,Liabilities,2026-08-25
PODD,netIncome,2019-03-31,4400000,2019-05-20,NetIncomeLoss,2026-08-25
PODD,operatingCashFlow,2019-03-31,6500000,2019-05-20,NetCashProvidedByUsedInOperatingActivities,2026-08-25
PODD,operatingIncome,2019-03-31,7300000,2019-05-20,OperatingIncomeLoss,2026-08-25
PODD,receivables,2019-03-31,68655000,2019-05-20,AccountsReceivableNetCurrent,2026-08-25
PODD,revenue,2019-03-31,159600000,2019-05-20,RevenueFromContractWithCustomerExcludingAssessedTax,2026-08-25
PODD,rnd,2019-03-31,32500000,2019-05-20,ResearchAndDevelopmentExpense,2026-08-25
PODD,shares,2019-03-31,59638439,2019-05-20,CommonStockSharesOutstanding,2026-08-25
PPG,assets,2019-03-31,17371000000,2019-05-20,Assets,2026-08-25
PPG,buybacks,2019-03-31,175000000,2019-05-20,PaymentsForRepurchaseOfCommonStock,2026-08-25
PPG,capex,2019-03-31,47000000,2019-05-20,PaymentsToAcquirePropertyPlantAndEquipment,2026-08-25
PPG,cash,2019-03-31,784000000,2019-05-20,CashAndCashEquivalentsAtCarryingValue,2026-08-25
PPG,debt,2019-03-31,4626000000,2019-05-20,LongTermDebtNoncurrent,2026-08-25
PPG,equity,2019-03-31,4904000000,2019-05-20,StockholdersEquity,2026-08-25
PPG,inventory,2019-03-31,1965000000,2019-05-20,InventoryNet,2026-08-25
PPG,liabilities,2019-03-31,12361000000,2019-05-20,Liabilities,2026-08-25
PPG,netIncome,2019-03-31,312000000,2019-05-20,NetIncomeLoss,2026-08-25
PPG,operatingCashFlow,2019-03-31,-66000000,2019-05-20,NetCashProvidedByUsedInOperatingActivities,2026-08-25
PPG,operatingIncome,2019-03-31,515000000,2019-05-20,OperatingIncomeLoss,2026-08-25
PPG,revenue,2019-03-31,3624000000,2019-05-20,RevenueFromContractWithCustomerExcludingAssessedTax,2026-08-25
PPL,assets,2019-03-31,44567000000,2019-05-20,Assets,2026-08-25
PPL,capex,2019-03-31,729000000,2019-05-20,PaymentsToAcquirePropertyPlantAndEquipment,2026-08-25
PPL,cash,2019-03-31,518000000,2019-05-20,CashAndCashEquivalentsAtCarryingValue,2026-08-25
PPL,debt,2019-03-31,21114000000,2019-05-20,LongTermDebtNoncurrent,2026-08-25
PPL,equity,2019-03-31,12172000000,2019-05-20,StockholdersEquity,2026-08-25
PPL,inventory,2019-03-31,274000000,2019-05-20,InventoryNet,2026-08-25
PPL,netIncome,2019-03-31,466000000,2019-05-20,NetIncomeLoss,2026-08-25
PPL,operatingCashFlow,2019-03-31,474000000,2019-05-20,NetCashProvidedByUsedInOperatingActivities,2026-08-25
PPL,operatingIncome,2019-03-31,781000000,2019-05-20,OperatingIncomeLoss,2026-08-25
PPL,receivables,2019-03-31,749000000,2019-05-20,AccountsReceivableNetCurrent,2026-08-25
PPL,revenue,2019-03-31,2079000000,2019-05-20,Revenues,2026-08-25
PPL,shares,2019-03-31,721371000,2019-05-20,CommonStockSharesOutstanding,2026-08-25
PRU,assets,2019-03-31,849324000000,2019-05-20,Assets,2026-08-25
PRU,buybacks,2019-03-31,484000000,2019-05-20,PaymentsForRepurchaseOfCommonStock,2026-08-25
PRU,cash,2019-03-31,14699000000,2019-05-20,CashAndCashEquivalentsAtCarryingValue,2026-08-25
PRU,debt,2019-03-31,18309000000,2019-05-20,LongTermDebtNoncurrent,2026-08-25
PRU,equity,2019-03-31,55010000000,2019-05-20,StockholdersEquity,2026-08-25
PRU,liabilities,2019-03-31,793874000000,2019-05-20,Liabilities,2026-08-25
PRU,netIncome,2019-03-31,932000000,2019-05-20,NetIncomeLoss,2026-08-25
PRU,operatingCashFlow,2019-03-31,3085000000,2019-05-20,NetCashProvidedByUsedInOperatingActivities,2026-08-25
PRU,revenue,2019-03-31,15091000000,2019-05-20,Revenues,2026-08-25
PSA,assets,2019-03-31,10875016000,2019-05-20,Assets,2026-08-25
PSA,cash,2019-03-31,217973000,2019-05-20,CashAndCashEquivalentsAtCarryingValue,2026-08-25
PSA,debt,2019-03-31,1406150000,2019-05-20,LongTermDebt,2026-08-25
PSA,equity,2019-03-31,9069821000,2019-05-20,StockholdersEquity,2026-08-25
PSA,grossProfit,2019-03-31,484837000,2019-05-20,GrossProfit,2026-08-25
PSA,liabilities,2019-03-31,1780395000,2019-05-20,Liabilities,2026-08-25
PSA,netIncome,2019-03-31,366521000,2019-05-20,NetIncomeLoss,2026-08-25
PSA,operatingCashFlow,2019-03-31,469832000,2019-05-20,NetCashProvidedByUsedInOperatingActivities,2026-08-25
PSA,revenue,2019-03-31,689038000,2019-05-20,Revenues,2026-08-25
PSA,shares,2019-03-31,174215292,2019-05-20,CommonStockSharesOutstanding,2026-08-25
PSX,assets,2019-03-31,57855000000,2019-05-20,Assets,2026-08-25
PSX,buybacks,2019-03-31,344000000,2019-05-20,PaymentsForRepurchaseOfCommonStock,2026-08-25
PSX,cash,2019-03-31,1253000000,2019-05-20,CashAndCashEquivalentsAtCarryingValue,2026-08-25
PSX,equity,2019-03-31,24217000000,2019-05-20,StockholdersEquity,2026-08-25
PSX,inventory,2019-03-31,5344000000,2019-05-20,InventoryNet,2026-08-25
PSX,liabilities,2019-03-31,31110000000,2019-05-20,Liabilities,2026-08-25
PSX,netIncome,2019-03-31,204000000,2019-05-20,NetIncomeLoss,2026-08-25
PSX,operatingCashFlow,2019-03-31,-478000000,2019-05-20,NetCashProvidedByUsedInOperatingActivities,2026-08-25
PSX,revenue,2019-03-31,23103000000,2019-05-20,RevenueFromContractWithCustomerExcludingAssessedTax,2026-08-25
PTC,assets,2019-03-30,2715819000,2019-05-19,Assets,2026-08-25
PTC,cash,2019-03-30,294299000,2019-05-19,CashAndCashEquivalentsAtCarryingValue,2026-08-25
PTC,equity,2019-03-30,1247708000,2019-05-19,StockholdersEquity,2026-08-25
PTC,grossProfit,2019-03-30,210547000,2019-05-19,GrossProfit,2026-08-25
PTC,liabilities,2019-03-30,1468111000,2019-05-19,Liabilities,2026-08-25
PTC,netIncome,2019-03-30,-43513000,2019-05-19,NetIncomeLoss,2026-08-25
PTC,operatingIncome,2019-03-30,-22858000,2019-05-19,OperatingIncomeLoss,2026-08-25
PTC,receivables,2019-03-30,352217000,2019-05-19,AccountsReceivableNetCurrent,2026-08-25
PTC,revenue,2019-03-30,290451000,2019-05-19,RevenueFromContractWithCustomerExcludingAssessedTax,2026-08-25
PTC,rnd,2019-03-30,61402000,2019-05-19,ResearchAndDevelopmentExpense,2026-08-25
PTC,shares,2019-03-30,118098000,2019-05-19,CommonStockSharesOutstanding,2026-08-25
PWR,assets,2019-03-31,7652516000,2019-05-20,Assets,2026-08-25
PWR,buybacks,2019-03-31,19933000,2019-05-20,PaymentsForRepurchaseOfCommonStock,2026-08-25
PWR,capex,2019-03-31,68626000,2019-05-20,PaymentsToAcquirePropertyPlantAndEquipment,2026-08-25
PWR,cash,2019-03-31,85423000,2019-05-20,CashAndCashEquivalentsAtCarryingValue,2026-08-25
PWR,debt,2019-03-31,1344999000,2019-05-20,LongTermDebtNoncurrent,2026-08-25
PWR,equity,2019-03-31,3723744000,2019-05-20,StockholdersEquity,2026-08-25
PWR,grossProfit,2019-03-31,363981000,2019-05-20,GrossProfit,2026-08-25
PWR,inventory,2019-03-31,81117000,2019-05-20,InventoryNet,2026-08-25
PWR,liabilities,2019-03-31,3927459000,2019-05-20,Liabilities,2026-08-25
PWR,netIncome,2019-03-31,120488000,2019-05-20,NetIncomeLoss,2026-08-25
PWR,operatingCashFlow,2019-03-31,-82750000,2019-05-20,NetCashProvidedByUsedInOperatingActivities,2026-08-25
PWR,operatingIncome,2019-03-31,119487000,2019-05-20,OperatingIncomeLoss,2026-08-25
PWR,receivables,2019-03-31,2580665000,2019-05-20,AccountsReceivableNetCurrent,2026-08-25
PWR,revenue,2019-03-31,2807259000,2019-05-20,RevenueFromContractWithCustomerExcludingAssessedTax,2026-08-25
PYPL,assets,2019-03-31,46280000000,2019-05-20,Assets,2026-08-25
PYPL,buybacks,2019-03-31,756000000,2019-05-20,PaymentsForRepurchaseOfCommonStock,2026-08-25
PYPL,capex,2019-03-31,218000000,2019-05-20,PaymentsToAcquirePropertyPlantAndEquipment,2026-08-25
PYPL,cash,2019-03-31,4515000000,2019-05-20,CashAndCashEquivalentsAtCarryingValue,2026-08-25
PYPL,equity,2019-03-31,15157000000,2019-05-20,StockholdersEquity,2026-08-25
PYPL,liabilities,2019-03-31,31123000000,2019-05-20,Liabilities,2026-08-25
PYPL,netIncome,2019-03-31,667000000,2019-05-20,NetIncomeLoss,2026-08-25
PYPL,operatingCashFlow,2019-03-31,1027000000,2019-05-20,NetCashProvidedByUsedInOperatingActivities,2026-08-25
PYPL,operatingIncome,2019-03-31,518000000,2019-05-20,OperatingIncomeLoss,2026-08-25
PYPL,receivables,2019-03-31,409000000,2019-05-20,AccountsReceivableNetCurrent,2026-08-25
PYPL,revenue,2019-03-31,4128000000,2019-05-20,Revenues,2026-08-25
PYPL,shares,2019-03-31,1172000000,2019-05-20,CommonStockSharesOutstanding,2026-08-25
QCOM,assets,2019-03-31,34023000000,2019-05-20,Assets,2026-08-25
QCOM,cash,2019-03-31,10135000000,2019-05-20,CashAndCashEquivalentsAtCarryingValue,2026-08-25
QCOM,debt,2019-03-31,15405000000,2019-05-20,LongTermDebtNoncurrent,2026-08-25
QCOM,inventory,2019-03-31,1725000000,2019-05-20,InventoryNet,2026-08-25
QCOM,liabilities,2019-03-31,30157000000,2019-05-20,Liabilities,2026-08-25
QCOM,netIncome,2019-03-31,663000000,2019-05-20,NetIncomeLoss,2026-08-25
QCOM,operatingIncome,2019-03-31,940000000,2019-05-20,OperatingIncomeLoss,2026-08-25
QCOM,receivables,2019-03-31,2430000000,2019-05-20,AccountsReceivableNetCurrent,2026-08-25
QCOM,revenue,2019-03-31,4982000000,2019-05-20,Revenues,2026-08-25
QCOM,rnd,2019-03-31,1308000000,2019-05-20,ResearchAndDevelopmentExpense,2026-08-25
QCOM,shares,2019-03-31,1214000000,2019-05-20,CommonStockSharesOutstanding,2026-08-25
RCL,assets,2019-03-31,28720049000,2019-05-20,Assets,2026-08-25
RCL,buybacks,2019-03-31,0,2019-05-20,PaymentsForRepurchaseOfCommonStock,2026-08-25
RCL,capex,2019-03-31,470116000,2019-05-20,PaymentsToAcquirePropertyPlantAndEquipment,2026-08-25
RCL,cash,2019-03-31,248197000,2019-05-20,CashAndCashEquivalentsAtCarryingValue,2026-08-25
RCL,equity,2019-03-31,11269070000,2019-05-20,StockholdersEquity,2026-08-25
RCL,inventory,2019-03-31,157939000,2019-05-20,InventoryNet,2026-08-25
RCL,liabilities,2019-03-31,16901334000,2019-05-20,Liabilities,2026-08-25
RCL,netIncome,2019-03-31,249681000,2019-05-20,NetIncomeLoss,2026-08-25
RCL,operatingCashFlow,2019-03-31,1078454000,2019-05-20,NetCashProvidedByUsedInOperatingActivities,2026-08-25
RCL,operatingIncome,2019-03-31,318831000,2019-05-20,OperatingIncomeLoss,2026-08-25
RCL,revenue,2019-03-31,2439767000,2019-05-20,RevenueFromContractWithCustomerExcludingAssessedTax,2026-08-25
REG,buybacks,2019-03-31,32778000,2019-05-20,PaymentsForRepurchaseOfCommonStock,2026-08-25
REG,debt,2019-03-31,3683738000,2019-05-20,LongTermDebt,2026-08-25
REG,netIncome,2019-03-31,90446000,2019-05-20,NetIncomeLoss,2026-08-25
REG,operatingCashFlow,2019-03-31,131364000,2019-05-20,NetCashProvidedByUsedInOperatingActivities,2026-08-25
REG,revenue,2019-03-31,286257000,2019-05-20,Revenues,2026-08-25
REGN,assets,2019-03-31,12854800000,2019-05-20,Assets,2026-08-25
REGN,buybacks,2019-03-31,10000000,2019-05-20,PaymentsForRepurchaseOfCommonStock,2026-08-25
REGN,capex,2019-03-31,74300000,2019-05-20,PaymentsToAcquireProductiveAssets,2026-08-25
REGN,cash,2019-03-31,1708500000,2019-05-20,CashAndCashEquivalentsAtCarryingValue,2026-08-25
REGN,equity,2019-03-31,9444700000,2019-05-20,StockholdersEquity,2026-08-25
REGN,inventory,2019-03-31,1208800000,2019-05-20,InventoryNet,2026-08-25
REGN,liabilities,2019-03-31,3410100000,2019-05-20,Liabilities,2026-08-25
REGN,netIncome,2019-03-31,461100000,2019-05-20,NetIncomeLoss,2026-08-25
REGN,operatingCashFlow,2019-03-31,897000000,2019-05-20,NetCashProvidedByUsedInOperatingActivities,2026-08-25
REGN,operatingIncome,2019-03-31,480000000,2019-05-20,OperatingIncomeLoss,2026-08-25
REGN,receivables,2019-03-31,1728400000,2019-05-20,AccountsReceivableNetCurrent,2026-08-25
REGN,revenue,2019-03-31,1372600000,2019-05-20,RevenueFromContractWithCustomerExcludingAssessedTax,2026-08-25
REGN,rnd,2019-03-31,486100000,2019-05-20,ResearchAndDevelopmentExpense,2026-08-25
RF,assets,2019-03-31,128802000000,2019-05-20,Assets,2026-08-25
RF,buybacks,2019-03-31,190000000,2019-05-20,PaymentsForRepurchaseOfCommonStock,2026-08-25
RF,cash,2019-03-31,3807000000,2019-05-20,CashAndCashEquivalentsAtCarryingValue,2026-08-25
RF,debt,2019-03-31,12957000000,2019-05-20,LongTermDebt,2026-08-25
RF,equity,2019-03-31,15512000000,2019-05-20,StockholdersEquity,2026-08-25
RF,liabilities,2019-03-31,113279000000,2019-05-20,Liabilities,2026-08-25
RF,netIncome,2019-03-31,394000000,2019-05-20,NetIncomeLoss,2026-08-25
RF,operatingCashFlow,2019-03-31,578000000,2019-05-20,NetCashProvidedByUsedInOperatingActivities,2026-08-25
RJF,assets,2019-03-31,38176000000,2019-05-20,Assets,2026-08-25
RJF,cash,2019-03-31,3831000000,2019-05-20,CashAndCashEquivalentsAtCarryingValue,2026-08-25
RJF,equity,2019-03-31,6366000000,2019-05-20,StockholdersEquity,2026-08-25
RJF,liabilities,2019-03-31,31741000000,2019-05-20,Liabilities,2026-08-25
RJF,netIncome,2019-03-31,261000000,2019-05-20,NetIncomeLoss,2026-08-25
RJF,revenue,2019-03-31,1934000000,2019-05-20,Revenues,2026-08-25
RJF,shares,2019-03-31,140439495,2019-05-20,CommonStockSharesOutstanding,2026-08-25
RL,assets,2019-03-30,5942800000,2019-05-19,Assets,2026-08-25
RL,cash,2019-03-30,584100000,2019-05-19,CashAndCashEquivalentsAtCarryingValue,2026-08-25
RL,debt,2019-03-30,689100000,2019-05-19,LongTermDebtNoncurrent,2026-08-25
RL,equity,2019-03-30,3287200000,2019-05-19,StockholdersEquity,2026-08-25
RL,inventory,2019-03-30,817800000,2019-05-19,InventoryNet,2026-08-25
RL,liabilities,2019-03-30,2655600000,2019-05-19,Liabilities,2026-08-25
RL,receivables,2019-03-30,398100000,2019-05-19,AccountsReceivableNetCurrent,2026-08-25
RMD,assets,2019-03-31,4098526000,2019-05-20,Assets,2026-08-25
RMD,cash,2019-03-31,146513000,2019-05-20,CashAndCashEquivalentsAtCarryingValue,2026-08-25
RMD,debt,2019-03-31,1323349000,2019-05-20,LongTermDebt,2026-08-25
RMD,equity,2019-03-31,2021329000,2019-05-20,StockholdersEquity,2026-08-25
RMD,grossProfit,2019-03-31,380970000,2019-05-20,GrossProfit,2026-08-25
RMD,inventory,2019-03-31,319930000,2019-05-20,InventoryNet,2026-08-25
RMD,liabilities,2019-03-31,2077197000,2019-05-20,Liabilities,2026-08-25
RMD,netIncome,2019-03-31,105416000,2019-05-20,NetIncomeLoss,2026-08-25
RMD,operatingIncome,2019-03-31,156977000,2019-05-20,OperatingIncomeLoss,2026-08-25
RMD,receivables,2019-03-31,511403000,2019-05-20,AccountsReceivableNetCurrent,2026-08-25
RMD,revenue,2019-03-31,662228000,2019-05-20,Revenues,2026-08-25
RMD,rnd,2019-03-31,47610000,2019-05-20,ResearchAndDevelopmentExpense,2026-08-25
RMD,shares,2019-03-31,143345972,2019-05-20,CommonStockSharesOutstanding,2026-08-25
ROK,assets,2019-03-31,6254200000,2019-05-20,Assets,2026-08-25
ROK,cash,2019-03-31,780000000,2019-05-20,CashAndCashEquivalentsAtCarryingValue,2026-08-25
ROK,debt,2019-03-31,1932400000,2019-05-20,LongTermDebtNoncurrent,2026-08-25
ROK,equity,2019-03-31,1336300000,2019-05-20,StockholdersEquity,2026-08-25
ROK,grossProfit,2019-03-31,708200000,2019-05-20,GrossProfit,2026-08-25
ROK,inventory,2019-03-31,665400000,2019-05-20,InventoryNet,2026-08-25
ROK,netIncome,2019-03-31,346000000,2019-05-20,NetIncomeLoss,2026-08-25
ROK,revenue,2019-03-31,1657200000,2019-05-20,RevenueFromContractWithCustomerExcludingAssessedTax,2026-08-25
ROL,assets,2019-03-31,1272072000,2019-05-20,Assets,2026-08-25
ROL,buybacks,2019-03-31,9121000,2019-05-20,PaymentsForRepurchaseOfCommonStock,2026-08-25
ROL,capex,2019-03-31,6481000,2019-05-20,PaymentsToAcquirePropertyPlantAndEquipment,2026-08-25
ROL,cash,2019-03-31,116607000,2019-05-20,CashAndCashEquivalentsAtCarryingValue,2026-08-25
ROL,equity,2019-03-31,719124000,2019-05-20,StockholdersEquity,2026-08-25
ROL,grossProfit,2019-03-31,211811000,2019-05-20,GrossProfit,2026-08-25
ROL,inventory,2019-03-31,16572000,2019-05-20,InventoryNet,2026-08-25
ROL,liabilities,2019-03-31,552948000,2019-05-20,Liabilities,2026-08-25
ROL,operatingCashFlow,2019-03-31,61422000,2019-05-20,NetCashProvidedByUsedInOperatingActivities,2026-08-25
ROL,receivables,2019-03-31,104593000,2019-05-20,AccountsReceivableNetCurrent,2026-08-25
ROL,revenue,2019-03-31,429069000,2019-05-20,Revenues,2026-08-25
ROL,shares,2019-03-31,327529782,2019-05-20,CommonStockSharesOutstanding,2026-08-25
ROP,assets,2019-03-31,15414100000,2019-05-20,Assets,2026-08-25
ROP,capex,2019-03-31,15800000,2019-05-20,PaymentsToAcquireProductiveAssets,2026-08-25
ROP,cash,2019-03-31,392500000,2019-05-20,CashAndCashEquivalentsAtCarryingValue,2026-08-25
ROP,debt,2019-03-31,4487000000,2019-05-20,LongTermDebtNoncurrent,2026-08-25
ROP,equity,2019-03-31,8137400000,2019-05-20,StockholdersEquity,2026-08-25
ROP,grossProfit,2019-03-31,810600000,2019-05-20,GrossProfit,2026-08-25
ROP,inventory,2019-03-31,207500000,2019-05-20,InventoryNet,2026-08-25
ROP,liabilities,2019-03-31,7276700000,2019-05-20,Liabilities,2026-08-25
ROP,netIncome,2019-03-31,369600000,2019-05-20,NetIncomeLoss,2026-08-25
ROP,operatingCashFlow,2019-03-31,290300000,2019-05-20,NetCashProvidedByUsedInOperatingActivities,2026-08-25
ROP,operatingIncome,2019-03-31,346400000,2019-05-20,OperatingIncomeLoss,2026-08-25
ROP,receivables,2019-03-31,629300000,2019-05-20,AccountsReceivableNetCurrent,2026-08-25
ROP,revenue,2019-03-31,1287200000,2019-05-20,RevenueFromContractWithCustomerExcludingAssessedTax,2026-08-25
ROST,assets,2019-02-02,6073691000,2019-04-28,Assets,2026-08-25
ROST,cash,2019-02-02,1412912000,2019-04-28,CashAndCashEquivalentsAtCarryingValue,2026-08-25
ROST,debt,2019-02-02,312440000,2019-04-28,LongTermDebtNoncurrent,2026-08-25
ROST,equity,2019-02-02,3305746000,2019-04-28,StockholdersEquity,2026-08-25
ROST,inventory,2019-02-02,1750442000,2019-04-28,InventoryNet,2026-08-25
ROST,netIncome,2019-02-02,441693000,2019-04-28,NetIncomeLoss,2026-08-25
ROST,revenue,2019-02-02,4107388000,2019-04-28,RevenueFromContractWithCustomerExcludingAssessedTax,2026-08-25
ROST,shares,2019-02-02,368242000,2019-04-28,CommonStockSharesOutstanding,2026-08-25
RSG,assets,2019-03-31,21782000000,2019-05-20,Assets,2026-08-25
RSG,buybacks,2019-03-31,111500000,2019-05-20,PaymentsForRepurchaseOfCommonStock,2026-08-25
RSG,capex,2019-03-31,299300000,2019-05-20,PaymentsToAcquirePropertyPlantAndEquipment,2026-08-25
RSG,cash,2019-03-31,68000000,2019-05-20,CashAndCashEquivalentsAtCarryingValue,2026-08-25
RSG,equity,2019-03-31,7919500000,2019-05-20,StockholdersEquity,2026-08-25
RSG,inventory,2019-03-31,55400000,2019-05-20,InventoryNet,2026-08-25
RSG,netIncome,2019-03-31,234200000,2019-05-20,NetIncomeLoss,2026-08-25
RSG,operatingCashFlow,2019-03-31,553700000,2019-05-20,NetCashProvidedByUsedInOperatingActivities,2026-08-25
RSG,operatingIncome,2019-03-31,422800000,2019-05-20,OperatingIncomeLoss,2026-08-25
RSG,receivables,2019-03-31,1073700000,2019-05-20,AccountsReceivableNetCurrent,2026-08-25
RSG,revenue,2019-03-31,2910300000,2019-05-20,Revenues,2026-08-25
RSG,shares,2019-03-31,352800000,2019-05-20,CommonStockSharesOutstanding,2026-08-25
RTX,assets,2019-03-31,137380000000,2019-05-20,Assets,2026-08-25
RTX,buybacks,2019-03-31,29000000,2019-05-20,PaymentsForRepurchaseOfCommonStock,2026-08-25
RTX,capex,2019-03-31,363000000,2019-05-20,PaymentsToAcquireProductiveAssets,2026-08-25
RTX,cash,2019-03-31,6240000000,2019-05-20,CashAndCashEquivalentsAtCarryingValue,2026-08-25
RTX,equity,2019-03-31,39738000000,2019-05-20,StockholdersEquity,2026-08-25
RTX,grossProfit,2019-03-31,2534000000,2019-05-20,GrossProfit,2026-08-25
RTX,inventory,2019-03-31,10474000000,2019-05-20,InventoryNet,2026-08-25
RTX,liabilities,2019-03-31,95325000000,2019-05-20,Liabilities,2026-08-25
RTX,netIncome,2019-03-31,1346000000,2019-05-20,NetIncomeLoss,2026-08-25
RTX,operatingCashFlow,2019-03-31,1500000000,2019-05-20,NetCashProvidedByUsedInOperatingActivitiesContinuingOperations,2026-08-25
RTX,operatingIncome,2019-03-31,1142000000,2019-05-20,OperatingIncomeLoss,2026-08-25
RTX,revenue,2019-03-31,10953000000,2019-05-20,Revenues,2026-08-25
RTX,rnd,2019-03-31,728000000,2019-05-20,ResearchAndDevelopmentExpense,2026-08-25
RVTY,assets,2019-03-31,6086497000,2019-05-20,Assets,2026-08-25
RVTY,buybacks,2019-03-31,5293000,2019-05-20,PaymentsForRepurchaseOfCommonStock,2026-08-25
RVTY,capex,2019-03-31,19875000,2019-05-20,PaymentsToAcquirePropertyPlantAndEquipment,2026-08-25
RVTY,cash,2019-03-31,134252000,2019-05-20,CashAndCashEquivalentsAtCarryingValue,2026-08-25
RVTY,debt,2019-03-31,1848935000,2019-05-20,LongTermDebtNoncurrent,2026-08-25
RVTY,equity,2019-03-31,2638472000,2019-05-20,StockholdersEquity,2026-08-25
RVTY,grossProfit,2019-03-31,307806000,2019-05-20,GrossProfit,2026-08-25
RVTY,inventory,2019-03-31,376507000,2019-05-20,InventoryNet,2026-08-25
RVTY,liabilities,2019-03-31,3448025000,2019-05-20,Liabilities,2026-08-25
RVTY,netIncome,2019-03-31,35412000,2019-05-20,NetIncomeLoss,2026-08-25
RVTY,operatingCashFlow,2019-03-31,-5316000,2019-05-20,NetCashProvidedByUsedInOperatingActivities,2026-08-25
RVTY,operatingIncome,2019-03-31,53330000,2019-05-20,OperatingIncomeLoss,2026-08-25
RVTY,receivables,2019-03-31,623927000,2019-05-20,AccountsReceivableNetCurrent,2026-08-25
RVTY,revenue,2019-03-31,648737000,2019-05-20,Revenues,2026-08-25
RVTY,rnd,2019-03-31,47980000,2019-05-20,ResearchAndDevelopmentExpense,2026-08-25
RVTY,shares,2019-03-31,110891000,2019-05-20,CommonStockSharesOutstanding,2026-08-25
SBAC,assets,2019-03-31,9312759000,2019-05-20,Assets,2026-08-25
SBAC,capex,2019-03-31,36374000,2019-05-20,PaymentsToAcquirePropertyPlantAndEquipment,2026-08-25
SBAC,cash,2019-03-31,117613000,2019-05-20,CashAndCashEquivalentsAtCarryingValue,2026-08-25
SBAC,debt,2019-03-31,8780606000,2019-05-20,LongTermDebtNoncurrent,2026-08-25
SBAC,equity,2019-03-31,-3302781000,2019-05-20,StockholdersEquity,2026-08-25
SBAC,grossProfit,2019-03-31,369478000,2019-05-20,GrossProfit,2026-08-25
SBAC,netIncome,2019-03-31,25989000,2019-05-20,NetIncomeLoss,2026-08-25
SBAC,operatingCashFlow,2019-03-31,222665000,2019-05-20,NetCashProvidedByUsedInOperatingActivities,2026-08-25
SBAC,operatingIncome,2019-03-31,139269000,2019-05-20,OperatingIncomeLoss,2026-08-25
SBAC,receivables,2019-03-31,113017000,2019-05-20,AccountsReceivableNetCurrent,2026-08-25
SBAC,revenue,2019-03-31,493292000,2019-05-20,Revenues,2026-08-25
SBAC,shares,2019-03-31,113205000,2019-05-20,CommonStockSharesOutstanding,2026-08-25
SBUX,assets,2019-03-31,17641900000,2019-05-20,Assets,2026-08-25
SBUX,cash,2019-03-31,2055100000,2019-05-20,CashAndCashEquivalentsAtCarryingValue,2026-08-25
SBUX,debt,2019-03-31,9141500000,2019-05-20,LongTermDebtNoncurrent,2026-08-25
SBUX,equity,2019-03-31,-5036900000,2019-05-20,StockholdersEquity,2026-08-25
SBUX,inventory,2019-03-31,1443000000,2019-05-20,InventoryNet,2026-08-25
SBUX,liabilities,2019-03-31,22677100000,2019-05-20,Liabilities,2026-08-25
SBUX,netIncome,2019-03-31,663200000,2019-05-20,NetIncomeLoss,2026-08-25
SBUX,operatingIncome,2019-03-31,857700000,2019-05-20,OperatingIncomeLoss,2026-08-25
SBUX,receivables,2019-03-31,703600000,2019-05-20,AccountsReceivableNetCurrent,2026-08-25
SBUX,revenue,2019-03-31,6305900000,2019-05-20,Revenues,2026-08-25
SBUX,shares,2019-03-31,1210000000,2019-05-20,CommonStockSharesOutstanding,2026-08-25
SCHW,assets,2019-03-31,282815000000,2019-05-20,Assets,2026-08-25
SCHW,capex,2019-03-31,139000000,2019-05-20,PaymentsToAcquirePropertyPlantAndEquipment,2026-08-25
SCHW,cash,2019-03-31,32558000000,2019-05-20,CashAndCashEquivalentsAtCarryingValue,2026-08-25
SCHW,equity,2019-03-31,21625000000,2019-05-20,StockholdersEquity,2026-08-25
SCHW,liabilities,2019-03-31,261190000000,2019-05-20,Liabilities,2026-08-25
SCHW,netIncome,2019-03-31,964000000,2019-05-20,NetIncomeLoss,2026-08-25
SCHW,operatingCashFlow,2019-03-31,-2595000000,2019-05-20,NetCashProvidedByUsedInOperatingActivities,2026-08-25
SCHW,revenue,2019-03-31,2723000000,2019-05-20,Revenues,2026-08-25
SHW,assets,2019-03-31,20961600000,2019-05-20,Assets,2026-08-25
SHW,capex,2019-03-31,51400000,2019-05-20,PaymentsToAcquireProductiveAssets,2026-08-25
SHW,cash,2019-03-31,94400000,2019-05-20,CashAndCashEquivalentsAtCarryingValue,2026-08-25
SHW,debt,2019-03-31,8702600000,2019-05-20,LongTermDebtNoncurrent,2026-08-25
SHW,equity,2019-03-31,3460100000,2019-05-20,StockholdersEquity,2026-08-25
SHW,grossProfit,2019-03-31,1735100000,2019-05-20,GrossProfit,2026-08-25
SHW,inventory,2019-03-31,1993400000,2019-05-20,InventoryNet,2026-08-25
SHW,netIncome,2019-03-31,245200000,2019-05-20,NetIncomeLoss,2026-08-25
SHW,operatingCashFlow,2019-03-31,-36000000,2019-05-20,NetCashProvidedByUsedInOperatingActivities,2026-08-25
SHW,operatingIncome,2019-03-31,517700000,2019-05-20,OperatingIncomeLoss,2026-08-25
SHW,receivables,2019-03-31,2339600000,2019-05-20,AccountsReceivableNetCurrent,2026-08-25
SHW,revenue,2019-03-31,4040900000,2019-05-20,Revenues,2026-08-25
SHW,shares,2019-03-31,92300000,2019-05-20,CommonStockSharesOutstanding,2026-08-25
SJM,assets,2019-01-31,16927600000,2019-04-26,Assets,2026-08-25
SJM,cash,2019-01-31,206500000,2019-04-26,CashAndCashEquivalentsAtCarryingValue,2026-08-25
SJM,debt,2019-01-31,5285800000,2019-04-26,LongTermDebtNoncurrent,2026-08-25
SJM,equity,2019-01-31,8021600000,2019-04-26,StockholdersEquity,2026-08-25
SJM,grossProfit,2019-01-31,773800000,2019-04-26,GrossProfit,2026-08-25
SJM,inventory,2019-01-31,924700000,2019-04-26,InventoryNet,2026-08-25
SJM,liabilities,2019-01-31,8906000000,2019-04-26,Liabilities,2026-08-25
SJM,netIncome,2019-01-31,121400000,2019-04-26,NetIncomeLoss,2026-08-25
SJM,operatingIncome,2019-01-31,217600000,2019-04-26,OperatingIncomeLoss,2026-08-25
SJM,receivables,2019-01-31,502600000,2019-04-26,AccountsReceivableNetCurrent,2026-08-25
SJM,shares,2019-01-31,113800000,2019-04-26,CommonStockSharesOutstanding,2026-08-25
SLB,assets,2019-03-31,70321000000,2019-05-20,Assets,2026-08-25
SLB,capex,2019-03-31,413000000,2019-05-20,PaymentsToAcquirePropertyPlantAndEquipment,2026-08-25
SLB,debt,2019-03-31,16449000000,2019-05-20,LongTermDebtNoncurrent,2026-08-25
SLB,equity,2019-03-31,36103000000,2019-05-20,StockholdersEquity,2026-08-25
SLB,inventory,2019-03-31,4224000000,2019-05-20,InventoryNet,2026-08-25
SLB,liabilities,2019-03-31,33797000000,2019-05-20,Liabilities,2026-08-25
SLB,netIncome,2019-03-31,421000000,2019-05-20,NetIncomeLoss,2026-08-25
SLB,operatingCashFlow,2019-03-31,326000000,2019-05-20,NetCashProvidedByUsedInOperatingActivities,2026-08-25
SLB,operatingIncome,2019-03-31,908000000,2019-05-20,OperatingIncomeLoss,2026-08-25
SLB,revenue,2019-03-31,7879000000,2019-05-20,RevenueFromContractWithCustomerExcludingAssessedTax,2026-08-25
SLB,rnd,2019-03-31,173000000,2019-05-20,ResearchAndDevelopmentExpense,2026-08-25
SMCI,assets,2019-03-31,1607252000,2019-05-20,Assets,2026-08-25
SMCI,cash,2019-03-31,169735000,2019-05-20,CashAndCashEquivalentsAtCarryingValue,2026-08-25
SMCI,equity,2019-03-31,912998000,2019-05-20,StockholdersEquity,2026-08-25
SMCI,grossProfit,2019-03-31,112327000,2019-05-20,GrossProfit,2026-08-25
SMCI,inventory,2019-03-31,761113000,2019-05-20,InventoryNet,2026-08-25
SMCI,liabilities,2019-03-31,694094000,2019-05-20,Liabilities,2026-08-25
SMCI,netIncome,2019-03-31,10646000,2019-05-20,NetIncomeLoss,2026-08-25
SMCI,operatingIncome,2019-03-31,12859000,2019-05-20,OperatingIncomeLoss,2026-08-25
SMCI,receivables,2019-03-31,327366000,2019-05-20,AccountsReceivableNetCurrent,2026-08-25
SMCI,revenue,2019-03-31,743499000,2019-05-20,RevenueFromContractWithCustomerExcludingAssessedTax,2026-08-25
SMCI,rnd,2019-03-31,44800000,2019-05-20,ResearchAndDevelopmentExpense,2026-08-25
SNA,assets,2019-03-30,5490900000,2019-05-19,Assets,2026-08-25
SNA,buybacks,2019-03-30,47400000,2019-05-19,PaymentsForRepurchaseOfCommonStock,2026-08-25
SNA,cash,2019-03-30,156400000,2019-05-19,CashAndCashEquivalentsAtCarryingValue,2026-08-25
SNA,debt,2019-03-30,946700000,2019-05-19,LongTermDebtNoncurrent,2026-08-25
SNA,equity,2019-03-30,3197600000,2019-05-19,StockholdersEquity,2026-08-25
SNA,inventory,2019-03-30,707000000,2019-05-19,InventoryNet,2026-08-25
SNA,liabilities,2019-03-30,2273100000,2019-05-19,Liabilities,2026-08-25
SNA,netIncome,2019-03-30,177900000,2019-05-19,NetIncomeLoss,2026-08-25
SNA,operatingCashFlow,2019-03-30,201300000,2019-05-19,NetCashProvidedByUsedInOperatingActivities,2026-08-25
SNA,operatingIncome,2019-03-30,249500000,2019-05-19,OperatingIncomeLoss,2026-08-25
SNA,receivables,2019-03-30,675300000,2019-05-19,AccountsReceivableNetCurrent,2026-08-25
SNA,revenue,2019-03-30,1007300000,2019-05-19,Revenues,2026-08-25
SNPS,assets,2019-01-31,6344486000,2019-04-26,Assets,2026-08-25
SNPS,buybacks,2019-01-31,29185000,2019-04-26,PaymentsForRepurchaseOfCommonStock,2026-08-25
SNPS,capex,2019-01-31,29007000,2019-04-26,PaymentsToAcquirePropertyPlantAndEquipment,2026-08-25
SNPS,cash,2019-01-31,592305000,2019-04-26,CashAndCashEquivalentsAtCarryingValue,2026-08-25
SNPS,debt,2019-01-31,127140000,2019-04-26,LongTermDebtNoncurrent,2026-08-25
SNPS,equity,2019-01-31,3778802000,2019-04-26,StockholdersEquity,2026-08-25
SNPS,grossProfit,2019-01-31,627509000,2019-04-26,GrossProfit,2026-08-25
SNPS,inventory,2019-01-31,137559000,2019-04-26,InventoryNet,2026-08-25
SNPS,liabilities,2019-01-31,2559821000,2019-04-26,Liabilities,2026-08-25
SNPS,netIncome,2019-01-31,153514000,2019-04-26,NetIncomeLoss,2026-08-25
SNPS,operatingCashFlow,2019-01-31,-144019000,2019-04-26,NetCashProvidedByUsedInOperatingActivities,2026-08-25
SNPS,operatingIncome,2019-01-31,147414000,2019-04-26,OperatingIncomeLoss,2026-08-25
SNPS,receivables,2019-01-31,762292000,2019-04-26,AccountsReceivableNetCurrent,2026-08-25
SNPS,revenue,2019-01-31,820401000,2019-04-26,RevenueFromContractWithCustomerExcludingAssessedTax,2026-08-25
SNPS,rnd,2019-01-31,271326000,2019-04-26,ResearchAndDevelopmentExpense,2026-08-25
SNPS,shares,2019-01-31,149276000,2019-04-26,CommonStockSharesOutstanding,2026-08-25
SO,assets,2019-03-31,114096000000,2019-05-20,Assets,2026-08-25
SO,capex,2019-03-31,1678000000,2019-05-20,PaymentsToAcquirePropertyPlantAndEquipment,2026-08-25
SO,cash,2019-03-31,1361000000,2019-05-20,CashAndCashEquivalentsAtCarryingValue,2026-08-25
SO,equityStakes,2019-03-31,10000000,2019-05-20,PaymentsToAcquireEquityMethodInvestments,2026-08-25
SO,liabilities,2019-03-31,83118000000,2019-05-20,Liabilities,2026-08-25
SO,netIncome,2019-03-31,2084000000,2019-05-20,NetIncomeLoss,2026-08-25
SO,operatingCashFlow,2019-03-31,744000000,2019-05-20,NetCashProvidedByUsedInOperatingActivities,2026-08-25
SO,operatingIncome,2019-03-31,3691000000,2019-05-20,OperatingIncomeLoss,2026-08-25
SO,revenue,2019-03-31,5412000000,2019-05-20,Revenues,2026-08-25
SPG,assets,2019-03-31,30841776000,2019-05-20,Assets,2026-08-25
SPG,buybacks,2019-03-31,7628000,2019-05-20,PaymentsForRepurchaseOfCommonStock,2026-08-25
SPG,capex,2019-03-31,216781000,2019-05-20,PaymentsToAcquireProductiveAssets,2026-08-25
SPG,cash,2019-03-31,436802000,2019-05-20,CashAndCashEquivalentsAtCarryingValue,2026-08-25
SPG,debt,2019-03-31,23185965000,2019-05-20,LongTermDebt,2026-08-25
SPG,equity,2019-03-31,3212959000,2019-05-20,StockholdersEquity,2026-08-25
SPG,liabilities,2019-03-31,26915952000,2019-05-20,Liabilities,2026-08-25
SPG,operatingCashFlow,2019-03-31,837347000,2019-05-20,NetCashProvidedByUsedInOperatingActivities,2026-08-25
SPG,operatingIncome,2019-03-31,745021000,2019-05-20,OperatingIncomeLoss,2026-08-25
SPG,revenue,2019-03-31,1452834000,2019-05-20,Revenues,2026-08-25
SPGI,assets,2019-03-31,9720000000,2019-05-20,Assets,2026-08-25
SPGI,buybacks,2019-03-31,644000000,2019-05-20,PaymentsForRepurchaseOfCommonStock,2026-08-25
SPGI,capex,2019-03-31,20000000,2019-05-20,PaymentsToAcquireProductiveAssets,2026-08-25
SPGI,cash,2019-03-31,1403000000,2019-05-20,CashAndCashEquivalentsAtCarryingValue,2026-08-25
SPGI,debt,2019-03-31,3663000000,2019-05-20,LongTermDebtNoncurrent,2026-08-25
SPGI,equity,2019-03-31,327000000,2019-05-20,StockholdersEquity,2026-08-25
SPGI,liabilities,2019-03-31,7685000000,2019-05-20,Liabilities,2026-08-25
SPGI,netIncome,2019-03-31,410000000,2019-05-20,NetIncomeLoss,2026-08-25
SPGI,operatingCashFlow,2019-03-31,293000000,2019-05-20,NetCashProvidedByUsedInOperatingActivities,2026-08-25
SPGI,operatingIncome,2019-03-31,705000000,2019-05-20,OperatingIncomeLoss,2026-08-25
SPGI,receivables,2019-03-31,1539000000,2019-05-20,AccountsReceivableNetCurrent,2026-08-25
SPGI,revenue,2019-03-31,1571000000,2019-05-20,RevenueFromContractWithCustomerExcludingAssessedTax,2026-08-25
SRE,assets,2019-03-31,61618000000,2019-05-20,Assets,2026-08-25
SRE,buybacks,2019-03-31,14000000,2019-05-20,PaymentsForRepurchaseOfCommonStock,2026-08-25
SRE,capex,2019-03-31,783000000,2019-05-20,PaymentsToAcquirePropertyPlantAndEquipment,2026-08-25
SRE,cash,2019-03-31,78000000,2019-05-20,CashAndCashEquivalentsAtCarryingValue,2026-08-25
SRE,equity,2019-03-31,17346000000,2019-05-20,StockholdersEquity,2026-08-25
SRE,inventory,2019-03-31,189000000,2019-05-20,InventoryNet,2026-08-25
SRE,netIncome,2019-03-31,441000000,2019-05-20,NetIncomeLoss,2026-08-25
SRE,operatingCashFlow,2019-03-31,951000000,2019-05-20,NetCashProvidedByUsedInOperatingActivities,2026-08-25
SRE,receivables,2019-03-31,1222000000,2019-05-20,AccountsReceivableNetCurrent,2026-08-25
SRE,revenue,2019-03-31,2898000000,2019-05-20,Revenues,2026-08-25
SRE,shares,2019-03-31,274000000,2019-05-20,CommonStockSharesOutstanding,2026-08-25
STE,assets,2019-03-31,5073071000,2019-05-20,Assets,2026-08-25
STE,cash,2019-03-31,220633000,2019-05-20,CashAndCashEquivalentsAtCarryingValue,2026-08-25
STE,debt,2019-03-31,1183227000,2019-05-20,LongTermDebtNoncurrent,2026-08-25
STE,equity,2019-03-31,3177810000,2019-05-20,StockholdersEquity,2026-08-25
STE,grossProfit,2019-03-31,334716000,2019-05-20,GrossProfit,2026-08-25
STE,inventory,2019-03-31,208243000,2019-05-20,InventoryNet,2026-08-25
STE,liabilities,2019-03-31,1887273000,2019-05-20,Liabilities,2026-08-25
STE,netIncome,2019-03-31,108745000,2019-05-20,NetIncomeLoss,2026-08-25
STE,receivables,2019-03-31,564830000,2019-05-20,AccountsReceivableNetCurrent,2026-08-25
STE,revenue,2019-03-31,768213000,2019-05-20,Revenues,2026-08-25
STE,shares,2019-03-31,84517000,2019-05-20,CommonStockSharesOutstanding,2026-08-25
STLD,assets,2019-03-31,7857233000,2019-05-20,Assets,2026-08-25
STLD,buybacks,2019-03-31,84308000,2019-05-20,PaymentsForRepurchaseOfCommonStock,2026-08-25
STLD,capex,2019-03-31,54436000,2019-05-20,PaymentsToAcquirePropertyPlantAndEquipment,2026-08-25
STLD,cash,2019-03-31,791444000,2019-05-20,CashAndCashEquivalentsAtCarryingValue,2026-08-25
STLD,debt,2019-03-31,2354427000,2019-05-20,LongTermDebtNoncurrent,2026-08-25
STLD,equity,2019-03-31,4008111000,2019-05-20,StockholdersEquity,2026-08-25
STLD,grossProfit,2019-03-31,433570000,2019-05-20,GrossProfit,2026-08-25
STLD,inventory,2019-03-31,1867700000,2019-05-20,InventoryNet,2026-08-25
STLD,liabilities,2019-03-31,3867775000,2019-05-20,Liabilities,2026-08-25
STLD,operatingCashFlow,2019-03-31,181553000,2019-05-20,NetCashProvidedByUsedInOperatingActivities,2026-08-25
STLD,operatingIncome,2019-03-31,291842000,2019-05-20,OperatingIncomeLoss,2026-08-25
STLD,receivables,2019-03-31,1141038000,2019-05-20,AccountsReceivableNetCurrent,2026-08-25
STLD,revenue,2019-03-31,2817435000,2019-05-20,Revenues,2026-08-25
STLD,shares,2019-03-31,222931285,2019-05-20,CommonStockSharesOutstanding,2026-08-25
STT,assets,2019-03-31,228332000000,2019-05-20,Assets,2026-08-25
STT,buybacks,2019-03-31,300000000,2019-05-20,PaymentsForRepurchaseOfCommonStock,2026-08-25
STT,capex,2019-03-31,171000000,2019-05-20,PaymentsToAcquirePropertyPlantAndEquipment,2026-08-25
STT,equity,2019-03-31,25038000000,2019-05-20,StockholdersEquity,2026-08-25
STT,liabilities,2019-03-31,203294000000,2019-05-20,Liabilities,2026-08-25
STT,netIncome,2019-03-31,508000000,2019-05-20,NetIncomeLoss,2026-08-25
STT,operatingCashFlow,2019-03-31,-579000000,2019-05-20,NetCashProvidedByUsedInOperatingActivities,2026-08-25
STT,revenue,2019-03-31,2932000000,2019-05-20,Revenues,2026-08-25
STT,shares,2019-03-31,376720715,2019-05-20,CommonStockSharesOutstanding,2026-08-25
STX,assets,2019-03-29,8596000000,2019-05-18,Assets,2026-08-25
STX,cash,2019-03-29,1388000000,2019-05-18,CashAndCashEquivalentsAtCarryingValue,2026-08-25
STX,debt,2019-03-29,4522000000,2019-05-18,LongTermDebtNoncurrent,2026-08-25
STX,equity,2019-03-29,1689000000,2019-05-18,StockholdersEquity,2026-08-25
STX,inventory,2019-03-29,1001000000,2019-05-18,InventoryNet,2026-08-25
STX,liabilities,2019-03-29,6907000000,2019-05-18,Liabilities,2026-08-25
STX,netIncome,2019-03-29,195000000,2019-05-18,NetIncomeLoss,2026-08-25
STX,operatingIncome,2019-03-29,236000000,2019-05-18,OperatingIncomeLoss,2026-08-25
STX,receivables,2019-03-29,897000000,2019-05-18,AccountsReceivableNetCurrent,2026-08-25
STX,revenue,2019-03-29,2313000000,2019-05-18,RevenueFromContractWithCustomerExcludingAssessedTax,2026-08-25
STX,rnd,2019-03-29,238000000,2019-05-18,ResearchAndDevelopmentExpense,2026-08-25
STX,shares,2019-03-29,276834237,2019-05-18,CommonStockSharesOutstanding,2026-08-25
STZ,assets,2019-02-28,29231500000,2019-04-19,Assets,2026-08-25
STZ,cash,2019-02-28,93600000,2019-04-19,CashAndCashEquivalentsAtCarryingValue,2026-08-25
STZ,debt,2019-02-28,11759800000,2019-04-19,LongTermDebtNoncurrent,2026-08-25
STZ,equity,2019-02-28,12551000000,2019-04-19,StockholdersEquity,2026-08-25
STZ,grossProfit,2019-02-28,893500000,2019-04-19,GrossProfit,2026-08-25
STZ,inventory,2019-02-28,2130400000,2019-04-19,InventoryNet,2026-08-25
STZ,liabilities,2019-02-28,16394300000,2019-04-19,Liabilities,2026-08-25
STZ,netIncome,2019-02-28,1239500000,2019-04-19,NetIncomeLoss,2026-08-25
STZ,revenue,2019-02-28,1797200000,2019-04-19,RevenueFromContractWithCustomerExcludingAssessedTax,2026-08-25
SWK,assets,2019-03-30,21460300000,2019-05-19,Assets,2026-08-25
SWK,buybacks,2019-03-30,8100000,2019-05-19,PaymentsForRepurchaseOfCommonStock,2026-08-25
SWK,capex,2019-03-30,89600000,2019-05-19,PaymentsToAcquirePropertyPlantAndEquipment,2026-08-25
SWK,cash,2019-03-30,281800000,2019-05-19,CashAndCashEquivalentsAtCarryingValue,2026-08-25
SWK,debt,2019-03-30,3909400000,2019-05-19,LongTermDebtNoncurrent,2026-08-25
SWK,equity,2019-03-30,7932500000,2019-05-19,StockholdersEquity,2026-08-25
SWK,grossProfit,2019-03-30,1105600000,2019-05-19,GrossProfit,2026-08-25
SWK,inventory,2019-03-30,2791600000,2019-05-19,InventoryNet,2026-08-25
SWK,netIncome,2019-03-30,169900000,2019-05-19,NetIncomeLoss,2026-08-25
SWK,operatingCashFlow,2019-03-30,-431300000,2019-05-19,NetCashProvidedByUsedInOperatingActivities,2026-08-25
SWK,operatingIncome,2019-03-30,376300000,2019-05-19,OperatingIncomeLoss,2026-08-25
SWK,revenue,2019-03-30,3333600000,2019-05-19,Revenues,2026-08-25
SWKS,assets,2019-03-29,4765500000,2019-05-18,Assets,2026-08-25
SWKS,cash,2019-03-29,816300000,2019-05-18,CashAndCashEquivalentsAtCarryingValue,2026-08-25
SWKS,equity,2019-03-29,4080900000,2019-05-18,StockholdersEquity,2026-08-25
SWKS,grossProfit,2019-03-29,400200000,2019-05-18,GrossProfit,2026-08-25
SWKS,inventory,2019-03-29,555000000,2019-05-18,InventoryNet,2026-08-25
SWKS,liabilities,2019-03-29,684600000,2019-05-18,Liabilities,2026-08-25
SWKS,netIncome,2019-03-29,214000000,2019-05-18,NetIncomeLoss,2026-08-25
SWKS,operatingIncome,2019-03-29,237600000,2019-05-18,OperatingIncomeLoss,2026-08-25
SWKS,revenue,2019-03-29,810400000,2019-05-18,Revenues,2026-08-25
SWKS,rnd,2019-03-29,107500000,2019-05-18,ResearchAndDevelopmentExpense,2026-08-25
SWKS,shares,2019-03-29,172700000,2019-05-18,CommonStockSharesOutstanding,2026-08-25
SYF,assets,2019-03-31,105384000000,2019-05-20,Assets,2026-08-25
SYF,buybacks,2019-03-31,967000000,2019-05-20,PaymentsForRepurchaseOfCommonStock,2026-08-25
SYF,cash,2019-03-31,12963000000,2019-05-20,CashAndCashEquivalentsAtCarryingValue,2026-08-25
SYF,debt,2019-03-31,21891000000,2019-05-20,LongTermDebt,2026-08-25
SYF,equity,2019-03-31,14709000000,2019-05-20,StockholdersEquity,2026-08-25
SYF,liabilities,2019-03-31,90675000000,2019-05-20,Liabilities,2026-08-25
SYF,netIncome,2019-03-31,1107000000,2019-05-20,NetIncomeLoss,2026-08-25
SYF,operatingCashFlow,2019-03-31,2289000000,2019-05-20,NetCashProvidedByUsedInOperatingActivities,2026-08-25
SYF,shares,2019-03-31,688837684,2019-05-20,CommonStockSharesOutstanding,2026-08-25
SYK,assets,2019-03-31,25937000000,2019-05-20,Assets,2026-08-25
SYK,buybacks,2019-03-31,307000000,2019-05-20,PaymentsForRepurchaseOfCommonStock,2026-08-25
SYK,capex,2019-03-31,122000000,2019-05-20,PaymentsToAcquirePropertyPlantAndEquipment,2026-08-25
SYK,cash,2019-03-31,1674000000,2019-05-20,CashAndCashEquivalentsAtCarryingValue,2026-08-25
SYK,debt,2019-03-31,7950000000,2019-05-20,LongTermDebtNoncurrent,2026-08-25
SYK,grossProfit,2019-03-31,2283000000,2019-05-20,GrossProfit,2026-08-25
SYK,inventory,2019-03-31,3064000000,2019-05-20,InventoryNet,2026-08-25
SYK,liabilities,2019-03-31,14244000000,2019-05-20,Liabilities,2026-08-25
SYK,netIncome,2019-03-31,412000000,2019-05-20,NetIncomeLoss,2026-08-25
SYK,operatingCashFlow,2019-03-31,313000000,2019-05-20,NetCashProvidedByUsedInOperatingActivities,2026-08-25
SYK,operatingIncome,2019-03-31,528000000,2019-05-20,OperatingIncomeLoss,2026-08-25
SYK,receivables,2019-03-31,2284000000,2019-05-20,AccountsReceivableNetCurrent,2026-08-25
SYK,revenue,2019-03-31,3516000000,2019-05-20,Revenues,2026-08-25
SYK,rnd,2019-03-31,225000000,2019-05-20,ResearchAndDevelopmentExpense,2026-08-25
SYY,assets,2019-03-30,18200799000,2019-05-19,Assets,2026-08-25
SYY,cash,2019-03-30,521621000,2019-05-19,CashAndCashEquivalentsAtCarryingValue,2026-08-25
SYY,equity,2019-03-30,2361897000,2019-05-19,StockholdersEquity,2026-08-25
SYY,grossProfit,2019-03-30,2754298000,2019-05-19,GrossProfit,2026-08-25
SYY,operatingIncome,2019-03-30,529585000,2019-05-19,OperatingIncomeLoss,2026-08-25
SYY,revenue,2019-03-30,14658074000,2019-05-19,RevenueFromContractWithCustomerExcludingAssessedTax,2026-08-25
T,assets,2019-03-31,548384000000,2019-05-20,Assets,2026-08-25
T,buybacks,2019-03-31,189000000,2019-05-20,PaymentsForRepurchaseOfCommonStock,2026-08-25
T,capex,2019-03-31,5121000000,2019-05-20,PaymentsToAcquireProductiveAssets,2026-08-25
T,cash,2019-03-31,6516000000,2019-05-20,CashAndCashEquivalentsAtCarryingValue,2026-08-25
T,netIncome,2019-03-31,4096000000,2019-05-20,NetIncomeLoss,2026-08-25
T,operatingCashFlow,2019-03-31,11052000000,2019-05-20,NetCashProvidedByUsedInOperatingActivities,2026-08-25
T,operatingIncome,2019-03-31,7233000000,2019-05-20,OperatingIncomeLoss,2026-08-25
T,receivables,2019-03-31,23863000000,2019-05-20,AccountsReceivableNetCurrent,2026-08-25
T,revenue,2019-03-31,44827000000,2019-05-20,Revenues,2026-08-25
TAP,assets,2019-03-31,29823600000,2019-05-20,Assets,2026-08-25
TAP,capex,2019-03-31,198000000,2019-05-20,PaymentsToAcquireProductiveAssets,2026-08-25
TAP,cash,2019-03-31,234400000,2019-05-20,CashAndCashEquivalentsAtCarryingValue,2026-08-25
TAP,debt,2019-03-31,8484800000,2019-05-20,LongTermDebtNoncurrent,2026-08-25
TAP,equity,2019-03-31,13647300000,2019-05-20,StockholdersEquity,2026-08-25
TAP,grossProfit,2019-03-31,890300000,2019-05-20,GrossProfit,2026-08-25
TAP,inventory,2019-03-31,687900000,2019-05-20,InventoryNet,2026-08-25
TAP,liabilities,2019-03-31,15935500000,2019-05-20,Liabilities,2026-08-25
TAP,netIncome,2019-03-31,151400000,2019-05-20,NetIncomeLoss,2026-08-25
TAP,operatingCashFlow,2019-03-31,-98500000,2019-05-20,NetCashProvidedByUsedInOperatingActivities,2026-08-25
TAP,operatingIncome,2019-03-31,222100000,2019-05-20,OperatingIncomeLoss,2026-08-25
TAP,receivables,2019-03-31,909500000,2019-05-20,AccountsReceivableNetCurrent,2026-08-25
TAP,revenue,2019-03-31,2800100000,2019-05-20,Revenues,2026-08-25
TDG,assets,2019-03-30,17797156000,2019-05-19,Assets,2026-08-25
TDG,cash,2019-03-30,2441336000,2019-05-19,CashAndCashEquivalentsAtCarryingValue,2026-08-25
TDG,debt,2019-03-30,16509181000,2019-05-19,LongTermDebtNoncurrent,2026-08-25
TDG,equity,2019-03-30,-1491778000,2019-05-19,StockholdersEquity,2026-08-25
TDG,grossProfit,2019-03-30,650000000,2019-05-19,GrossProfit,2026-08-25
TDG,inventory,2019-03-30,1453044000,2019-05-19,InventoryNet,2026-08-25
TDG,liabilities,2019-03-30,19279403000,2019-05-19,Liabilities,2026-08-25
TDG,netIncome,2019-03-30,202000000,2019-05-19,NetIncomeLoss,2026-08-25
TDG,operatingIncome,2019-03-30,468000000,2019-05-19,OperatingIncomeLoss,2026-08-25
TDG,receivables,2019-03-30,1141249000,2019-05-19,AccountsReceivableNetCurrent,2026-08-25
TDG,revenue,2019-03-30,1168000000,2019-05-19,Revenues,2026-08-25
TDY,assets,2019-03-31,4161700000,2019-05-20,Assets,2026-08-25
TDY,capex,2019-03-31,21300000,2019-05-20,PaymentsToAcquirePropertyPlantAndEquipment,2026-08-25
TDY,debt,2019-03-31,610100000,2019-05-20,LongTermDebtNoncurrent,2026-08-25
TDY,equity,2019-03-31,2349500000,2019-05-20,StockholdersEquity,2026-08-25
TDY,inventory,2019-03-31,393000000,2019-05-20,InventoryNet,2026-08-25
TDY,liabilities,2019-03-31,1812200000,2019-05-20,Liabilities,2026-08-25
TDY,netIncome,2019-03-31,75300000,2019-05-20,NetIncomeLoss,2026-08-25
TDY,operatingCashFlow,2019-03-31,80100000,2019-05-20,NetCashProvidedByUsedInOperatingActivities,2026-08-25
TDY,operatingIncome,2019-03-31,97300000,2019-05-20,OperatingIncomeLoss,2026-08-25
TDY,receivables,2019-03-31,410400000,2019-05-20,AccountsReceivableNetCurrent,2026-08-25
TDY,revenue,2019-03-31,745200000,2019-05-20,RevenueFromContractWithCustomerExcludingAssessedTax,2026-08-25
TDY,shares,2019-03-31,36232598,2019-05-20,CommonStockSharesOutstanding,2026-08-25
TECH,assets,2019-03-31,1872618000,2019-05-20,Assets,2026-08-25
TECH,cash,2019-03-31,95561000,2019-05-20,CashAndCashEquivalentsAtCarryingValue,2026-08-25
TECH,equity,2019-03-31,1146266000,2019-05-20,StockholdersEquity,2026-08-25
TECH,grossProfit,2019-03-31,124610000,2019-05-20,GrossProfit,2026-08-25
TECH,inventory,2019-03-31,93839000,2019-05-20,InventoryNet,2026-08-25
TECH,netIncome,2019-03-31,44654000,2019-05-20,NetIncomeLoss,2026-08-25
TECH,operatingIncome,2019-03-31,44090000,2019-05-20,OperatingIncomeLoss,2026-08-25
TECH,receivables,2019-03-31,133927000,2019-05-20,AccountsReceivableNetCurrent,2026-08-25
TECH,revenue,2019-03-31,184861000,2019-05-20,RevenueFromContractWithCustomerExcludingAssessedTax,2026-08-25
TECH,shares,2019-03-31,37813367,2019-05-20,CommonStockSharesOutstanding,2026-08-25
TEL,assets,2019-03-29,19262000000,2019-05-18,Assets,2026-08-25
TEL,cash,2019-03-29,565000000,2019-05-18,CashAndCashEquivalentsAtCarryingValue,2026-08-25
TEL,debt,2019-03-29,3370000000,2019-05-18,LongTermDebtNoncurrent,2026-08-25
TEL,grossProfit,2019-03-29,1118000000,2019-05-18,GrossProfit,2026-08-25
TEL,inventory,2019-03-29,1970000000,2019-05-18,InventoryNet,2026-08-25
TEL,liabilities,2019-03-29,9268000000,2019-05-18,Liabilities,2026-08-25
TEL,netIncome,2019-03-29,439000000,2019-05-18,NetIncomeLoss,2026-08-25
TEL,operatingIncome,2019-03-29,530000000,2019-05-18,OperatingIncomeLoss,2026-08-25
TEL,receivables,2019-03-29,2463000000,2019-05-18,AccountsReceivableNetCurrent,2026-08-25
TEL,revenue,2019-03-29,3412000000,2019-05-18,RevenueFromContractWithCustomerExcludingAssessedTax,2026-08-25
TER,assets,2019-03-31,2616643000,2019-05-20,Assets,2026-08-25
TER,buybacks,2019-03-31,156468000,2019-05-20,PaymentsForRepurchaseOfCommonStock,2026-08-25
TER,capex,2019-03-31,25711000,2019-05-20,PaymentsToAcquirePropertyPlantAndEquipment,2026-08-25
TER,cash,2019-03-31,483728000,2019-05-20,CashAndCashEquivalentsAtCarryingValue,2026-08-25
TER,equity,2019-03-31,1470228000,2019-05-20,StockholdersEquity,2026-08-25
TER,grossProfit,2019-03-31,287635000,2019-05-20,GrossProfit,2026-08-25
TER,inventory,2019-03-31,161342000,2019-05-20,InventoryNet,2026-08-25
TER,liabilities,2019-03-31,1146415000,2019-05-20,Liabilities,2026-08-25
TER,netIncome,2019-03-31,109138000,2019-05-20,NetIncomeLoss,2026-08-25
TER,operatingCashFlow,2019-03-31,18016000,2019-05-20,NetCashProvidedByUsedInOperatingActivities,2026-08-25
TER,operatingIncome,2019-03-31,93085000,2019-05-20,OperatingIncomeLoss,2026-08-25
TER,receivables,2019-03-31,333840000,2019-05-20,AccountsReceivableNetCurrent,2026-08-25
TER,revenue,2019-03-31,494099000,2019-05-20,Revenues,2026-08-25
TER,shares,2019-03-31,172353000,2019-05-20,CommonStockSharesOutstanding,2026-08-25
TFC,assets,2019-03-31,227683000000,2019-05-20,Assets,2026-08-25
TFC,buybacks,2019-03-31,0,2019-05-20,PaymentsForRepurchaseOfCommonStock,2026-08-25
TFC,cash,2019-03-31,2720000000,2019-05-20,CashAndCashEquivalentsAtCarryingValue,2026-08-25
TFC,debt,2019-03-31,24729000000,2019-05-20,LongTermDebt,2026-08-25
TFC,liabilities,2019-03-31,196800000000,2019-05-20,Liabilities,2026-08-25
TFC,operatingCashFlow,2019-03-31,-745000000,2019-05-20,NetCashProvidedByUsedInOperatingActivities,2026-08-25
TFC,shares,2019-03-31,765920000,2019-05-20,CommonStockSharesOutstanding,2026-08-25
TGT,assets,2019-02-02,41290000000,2019-04-28,Assets,2026-08-25
TGT,debt,2019-02-02,10247000000,2019-04-28,LongTermDebt,2026-08-25
TGT,equity,2019-02-02,11297000000,2019-04-28,StockholdersEquity,2026-08-25
TGT,inventory,2019-02-02,9497000000,2019-04-28,InventoryNet,2026-08-25
TGT,netIncome,2019-02-02,799000000,2019-04-28,NetIncomeLoss,2026-08-25
TGT,operatingIncome,2019-02-02,1117000000,2019-04-28,OperatingIncomeLoss,2026-08-25
TGT,revenue,2019-02-02,22977000000,2019-04-28,RevenueFromContractWithCustomerExcludingAssessedTax,2026-08-25
TGT,shares,2019-02-02,517761600,2019-04-28,CommonStockSharesOutstanding,2026-08-25
TJX,assets,2019-02-02,14326029000,2019-04-28,Assets,2026-08-25
TJX,cash,2019-02-02,3030229000,2019-04-28,CashAndCashEquivalentsAtCarryingValue,2026-08-25
TJX,debt,2019-02-02,2233616000,2019-04-28,LongTermDebtNoncurrent,2026-08-25
TJX,equity,2019-02-02,5048606000,2019-04-28,StockholdersEquity,2026-08-25
TJX,grossProfit,2019-02-02,3093700000,2019-04-28,GrossProfit,2026-08-25
TJX,inventory,2019-02-02,4579033000,2019-04-28,InventoryNet,2026-08-25
TJX,netIncome,2019-02-02,841538000,2019-04-28,NetIncomeLoss,2026-08-25
TJX,receivables,2019-02-02,346298000,2019-04-28,AccountsReceivableNetCurrent,2026-08-25
TJX,shares,2019-02-02,1217182508,2019-04-28,CommonStockSharesOutstanding,2026-08-25
TMO,assets,2019-03-30,55596000000,2019-05-19,Assets,2026-08-25
TMO,buybacks,2019-03-30,750000000,2019-05-19,PaymentsForRepurchaseOfCommonStock,2026-08-25
TMO,capex,2019-03-30,201000000,2019-05-19,PaymentsToAcquirePropertyPlantAndEquipment,2026-08-25
TMO,cash,2019-03-30,1106000000,2019-05-19,CashAndCashEquivalentsAtCarryingValue,2026-08-25
TMO,equity,2019-03-30,27693000000,2019-05-19,StockholdersEquity,2026-08-25
TMO,grossProfit,2019-03-30,2707000000,2019-05-19,GrossProfit,2026-08-25
TMO,inventory,2019-03-30,3124000000,2019-05-19,InventoryNet,2026-08-25
TMO,operatingCashFlow,2019-03-30,649000000,2019-05-19,NetCashProvidedByUsedInOperatingActivities,2026-08-25
TMO,operatingIncome,2019-03-30,920000000,2019-05-19,OperatingIncomeLoss,2026-08-25
TMO,receivables,2019-03-30,4155000000,2019-05-19,AccountsReceivableNetCurrent,2026-08-25
TMO,revenue,2019-03-30,6125000000,2019-05-19,RevenueFromContractWithCustomerExcludingAssessedTax,2026-08-25
TMO,rnd,2019-03-30,248000000,2019-05-19,ResearchAndDevelopmentExpense,2026-08-25
TMUS,assets,2019-03-31,83073000000,2019-05-20,Assets,2026-08-25
TMUS,buybacks,2019-03-31,0,2019-05-20,PaymentsForRepurchaseOfCommonStock,2026-08-25
TMUS,capex,2019-03-31,1931000000,2019-05-20,PaymentsToAcquirePropertyPlantAndEquipment,2026-08-25
TMUS,cash,2019-03-31,1439000000,2019-05-20,CashAndCashEquivalentsAtCarryingValue,2026-08-25
TMUS,debt,2019-03-31,10952000000,2019-05-20,LongTermDebtNoncurrent,2026-08-25
TMUS,equity,2019-03-31,26181000000,2019-05-20,StockholdersEquity,2026-08-25
TMUS,inventory,2019-03-31,1261000000,2019-05-20,InventoryNet,2026-08-25
TMUS,netIncome,2019-03-31,908000000,2019-05-20,NetIncomeLoss,2026-08-25
TMUS,operatingCashFlow,2019-03-31,1392000000,2019-05-20,NetCashProvidedByUsedInOperatingActivities,2026-08-25
TMUS,operatingIncome,2019-03-31,1476000000,2019-05-20,OperatingIncomeLoss,2026-08-25
TMUS,receivables,2019-03-31,1749000000,2019-05-20,AccountsReceivableNetCurrent,2026-08-25
TMUS,revenue,2019-03-31,11080000000,2019-05-20,RevenueFromContractWithCustomerExcludingAssessedTax,2026-08-25
TMUS,shares,2019-03-31,854380118,2019-05-20,CommonStockSharesOutstanding,2026-08-25
TPL,netIncome,2019-03-31,139998000,2019-05-20,NetIncomeLoss,2026-08-25
TPL,revenue,2019-03-31,191324000,2019-05-20,RevenueFromContractWithCustomerExcludingAssessedTax,2026-08-25
TPR,assets,2019-03-30,6969900000,2019-05-19,Assets,2026-08-25
TPR,cash,2019-03-30,1075300000,2019-05-19,CashAndCashEquivalentsAtCarryingValue,2026-08-25
TPR,debt,2019-03-30,1617000000,2019-05-19,LongTermDebtNoncurrent,2026-08-25
TPR,equity,2019-03-30,3531200000,2019-05-19,StockholdersEquity,2026-08-25
TPR,grossProfit,2019-03-30,915900000,2019-05-19,GrossProfit,2026-08-25
TPR,inventory,2019-03-30,811100000,2019-05-19,InventoryNet,2026-08-25
TPR,liabilities,2019-03-30,3438700000,2019-05-19,Liabilities,2026-08-25
TPR,netIncome,2019-03-30,117400000,2019-05-19,NetIncomeLoss,2026-08-25
TPR,operatingIncome,2019-03-30,109800000,2019-05-19,OperatingIncomeLoss,2026-08-25
TPR,receivables,2019-03-30,285700000,2019-05-19,AccountsReceivableNetCurrent,2026-08-25
TPR,revenue,2019-03-30,1331400000,2019-05-19,RevenueFromContractWithCustomerExcludingAssessedTax,2026-08-25
TPR,shares,2019-03-30,290100000,2019-05-19,CommonStockSharesOutstanding,2026-08-25
TRGP,assets,2019-03-31,17569200000,2019-05-20,Assets,2026-08-25
TRGP,capex,2019-03-31,943300000,2019-05-20,PaymentsToAcquirePropertyPlantAndEquipment,2026-08-25
TRGP,cash,2019-03-31,124900000,2019-05-20,CashAndCashEquivalentsAtCarryingValue,2026-08-25
TRGP,debt,2019-03-31,7118500000,2019-05-20,LongTermDebtNoncurrent,2026-08-25
TRGP,equity,2019-03-31,5756300000,2019-05-20,StockholdersEquity,2026-08-25
TRGP,grossProfit,2019-03-31,573400000,2019-05-20,GrossProfit,2026-08-25
TRGP,inventory,2019-03-31,197900000,2019-05-20,InventoryNet,2026-08-25
TRGP,netIncome,2019-03-31,-38900000,2019-05-20,NetIncomeLoss,2026-08-25
TRGP,operatingCashFlow,2019-03-31,307600000,2019-05-20,NetCashProvidedByUsedInOperatingActivities,2026-08-25
TRGP,operatingIncome,2019-03-31,61300000,2019-05-20,OperatingIncomeLoss,2026-08-25
TRGP,receivables,2019-03-31,752800000,2019-05-20,AccountsReceivableNetCurrent,2026-08-25
TRGP,revenue,2019-03-31,2299400000,2019-05-20,Revenues,2026-08-25
TRGP,shares,2019-03-31,232475006,2019-05-20,CommonStockSharesOutstanding,2026-08-25
TRMB,assets,2019-03-29,5920100000,2019-05-18,Assets,2026-08-25
TRMB,buybacks,2019-03-29,40000000,2019-05-18,PaymentsForRepurchaseOfCommonStock,2026-08-25
TRMB,capex,2019-03-29,14500000,2019-05-18,PaymentsToAcquirePropertyPlantAndEquipment,2026-08-25
TRMB,cash,2019-03-29,216700000,2019-05-18,CashAndCashEquivalentsAtCarryingValue,2026-08-25
TRMB,debt,2019-03-29,1647800000,2019-05-18,LongTermDebtNoncurrent,2026-08-25
TRMB,equity,2019-03-29,2741700000,2019-05-18,StockholdersEquity,2026-08-25
TRMB,grossProfit,2019-03-29,438300000,2019-05-18,GrossProfit,2026-08-25
TRMB,inventory,2019-03-29,303700000,2019-05-18,InventoryNet,2026-08-25
TRMB,liabilities,2019-03-29,3177100000,2019-05-18,Liabilities,2026-08-25
TRMB,netIncome,2019-03-29,62300000,2019-05-18,NetIncomeLoss,2026-08-25
TRMB,operatingCashFlow,2019-03-29,147600000,2019-05-18,NetCashProvidedByUsedInOperatingActivities,2026-08-25
TRMB,operatingIncome,2019-03-29,86300000,2019-05-18,OperatingIncomeLoss,2026-08-25
TRMB,receivables,2019-03-29,525200000,2019-05-18,AccountsReceivableNetCurrent,2026-08-25
TRMB,revenue,2019-03-29,801600000,2019-05-18,RevenueFromContractWithCustomerExcludingAssessedTax,2026-08-25
TRMB,rnd,2019-03-29,118200000,2019-05-18,ResearchAndDevelopmentExpense,2026-08-25
TRMB,shares,2019-03-29,251500000,2019-05-18,CommonStockSharesOutstanding,2026-08-25
TROW,assets,2019-03-31,8458900000,2019-05-20,Assets,2026-08-25
TROW,buybacks,2019-03-31,231000000,2019-05-20,PaymentsForRepurchaseOfCommonStock,2026-08-25
TROW,capex,2019-03-31,47700000,2019-05-20,PaymentsToAcquirePropertyPlantAndEquipment,2026-08-25
TROW,cash,2019-03-31,1657400000,2019-05-20,CashAndCashEquivalentsAtCarryingValue,2026-08-25
TROW,equity,2019-03-31,6311000000,2019-05-20,StockholdersEquity,2026-08-25
TROW,liabilities,2019-03-31,1261200000,2019-05-20,Liabilities,2026-08-25
TROW,netIncome,2019-03-31,512600000,2019-05-20,NetIncomeLoss,2026-08-25
TROW,operatingCashFlow,2019-03-31,578700000,2019-05-20,NetCashProvidedByUsedInOperatingActivities,2026-08-25
TROW,operatingIncome,2019-03-31,532500000,2019-05-20,OperatingIncomeLoss,2026-08-25
TROW,revenue,2019-03-31,1327300000,2019-05-20,RevenueFromContractWithCustomerExcludingAssessedTax,2026-08-25
TROW,shares,2019-03-31,236432000,2019-05-20,CommonStockSharesOutstanding,2026-08-25
TRV,assets,2019-03-31,107246000000,2019-05-20,Assets,2026-08-25
TRV,buybacks,2019-03-31,375000000,2019-05-20,PaymentsForRepurchaseOfCommonStock,2026-08-25
TRV,equity,2019-03-31,24340000000,2019-05-20,StockholdersEquity,2026-08-25
TRV,liabilities,2019-03-31,82906000000,2019-05-20,Liabilities,2026-08-25
TRV,netIncome,2019-03-31,796000000,2019-05-20,NetIncomeLoss,2026-08-25
TRV,operatingCashFlow,2019-03-31,639000000,2019-05-20,NetCashProvidedByUsedInOperatingActivities,2026-08-25
TRV,revenue,2019-03-31,7671000000,2019-05-20,Revenues,2026-08-25
TRV,shares,2019-03-31,261900000,2019-05-20,CommonStockSharesOutstanding,2026-08-25
TSCO,assets,2019-03-30,5437201000,2019-05-19,Assets,2026-08-25
TSCO,buybacks,2019-03-30,155319000,2019-05-19,PaymentsForRepurchaseOfCommonStock,2026-08-25
TSCO,capex,2019-03-30,28785000,2019-05-19,PaymentsToAcquirePropertyPlantAndEquipment,2026-08-25
TSCO,cash,2019-03-30,102215000,2019-05-19,CashAndCashEquivalentsAtCarryingValue,2026-08-25
TSCO,debt,2019-03-30,605695000,2019-05-19,LongTermDebtNoncurrent,2026-08-25
TSCO,equity,2019-03-30,1485576000,2019-05-19,StockholdersEquity,2026-08-25
TSCO,grossProfit,2019-03-30,614984000,2019-05-19,GrossProfit,2026-08-25
TSCO,inventory,2019-03-30,1881332000,2019-05-19,InventoryNet,2026-08-25
TSCO,liabilities,2019-03-30,3951625000,2019-05-19,Liabilities,2026-08-25
TSCO,netIncome,2019-03-30,76832000,2019-05-19,NetIncomeLoss,2026-08-25
TSCO,operatingCashFlow,2019-03-30,-13024000,2019-05-19,NetCashProvidedByUsedInOperatingActivities,2026-08-25
TSCO,operatingIncome,2019-03-30,103408000,2019-05-19,OperatingIncomeLoss,2026-08-25
TSCO,revenue,2019-03-30,1822220000,2019-05-19,Revenues,2026-08-25
TSCO,shares,2019-03-30,120674000,2019-05-19,CommonStockSharesOutstanding,2026-08-25
TSLA,assets,2019-03-31,28912524000,2019-05-20,Assets,2026-08-25
TSLA,capex,2019-03-31,280000000,2019-05-20,PaymentsToAcquirePropertyPlantAndEquipment,2026-08-25
TSLA,cash,2019-03-31,2198000000,2019-05-20,CashAndCashEquivalentsAtCarryingValue,2026-08-25
TSLA,debt,2019-03-31,8650023000,2019-05-20,LongTermDebt,2026-08-25
TSLA,equity,2019-03-31,4605596000,2019-05-20,StockholdersEquity,2026-08-25
TSLA,grossProfit,2019-03-31,566000000,2019-05-20,GrossProfit,2026-08-25
TSLA,inventory,2019-03-31,3836850000,2019-05-20,InventoryNet,2026-08-25
TSLA,liabilities,2019-03-31,22874618000,2019-05-20,Liabilities,2026-08-25
TSLA,netIncome,2019-03-31,-702000000,2019-05-20,NetIncomeLoss,2026-08-25
TSLA,operatingCashFlow,2019-03-31,-640000000,2019-05-20,NetCashProvidedByUsedInOperatingActivities,2026-08-25
TSLA,operatingIncome,2019-03-31,-522000000,2019-05-20,OperatingIncomeLoss,2026-08-25
TSLA,receivables,2019-03-31,1046945000,2019-05-20,AccountsReceivableNetCurrent,2026-08-25
TSLA,revenue,2019-03-31,4541000000,2019-05-20,Revenues,2026-08-25
TSLA,rnd,2019-03-31,340000000,2019-05-20,ResearchAndDevelopmentExpense,2026-08-25
TSLA,shares,2019-03-31,173682000,2019-05-20,CommonStockSharesOutstanding,2026-08-25
TSN,assets,2019-03-30,32305000000,2019-05-19,Assets,2026-08-25
TSN,cash,2019-03-30,360000000,2019-05-19,CashAndCashEquivalentsAtCarryingValue,2026-08-25
TSN,equity,2019-03-30,13280000000,2019-05-19,StockholdersEquity,2026-08-25
TSN,grossProfit,2019-03-30,1192000000,2019-05-19,GrossProfit,2026-08-25
TSN,inventory,2019-03-30,3706000000,2019-05-19,InventoryNet,2026-08-25
TSN,netIncome,2019-03-30,394000000,2019-05-19,NetIncomeLoss,2026-08-25
TSN,operatingIncome,2019-03-30,592000000,2019-05-19,OperatingIncomeLoss,2026-08-25
TSN,receivables,2019-03-30,1837000000,2019-05-19,AccountsReceivableNetCurrent,2026-08-25
TSN,revenue,2019-03-30,10443000000,2019-05-19,Revenues,2026-08-25
TT,assets,2019-03-31,19781000000,2019-05-20,Assets,2026-08-25
TT,buybacks,2019-03-31,250000000,2019-05-20,PaymentsForRepurchaseOfCommonStock,2026-08-25
TT,capex,2019-03-31,49000000,2019-05-20,PaymentsToAcquireProductiveAssets,2026-08-25
TT,cash,2019-03-31,1882400000,2019-05-20,CashAndCashEquivalentsAtCarryingValue,2026-08-25
TT,debt,2019-03-31,5226500000,2019-05-20,LongTermDebtNoncurrent,2026-08-25
TT,equity,2019-03-31,6885800000,2019-05-20,StockholdersEquity,2026-08-25
TT,inventory,2019-03-31,1983700000,2019-05-20,InventoryNet,2026-08-25
TT,liabilities,2019-03-31,12858200000,2019-05-20,Liabilities,2026-08-25
TT,netIncome,2019-03-31,199900000,2019-05-20,NetIncomeLoss,2026-08-25
TT,operatingCashFlow,2019-03-31,-52600000,2019-05-20,NetCashProvidedByUsedInOperatingActivities,2026-08-25
TT,operatingIncome,2019-03-31,236500000,2019-05-20,OperatingIncomeLoss,2026-08-25
TT,revenue,2019-03-31,2803700000,2019-05-20,RevenueFromContractWithCustomerExcludingAssessedTax,2026-08-25
TTD,assets,2019-03-31,1082377000,2019-05-20,Assets,2026-08-25
TTD,capex,2019-03-31,6085000,2019-05-20,PaymentsToAcquirePropertyPlantAndEquipment,2026-08-25
TTD,cash,2019-03-31,143841000,2019-05-20,CashAndCashEquivalentsAtCarryingValue,2026-08-25
TTD,equity,2019-03-31,429398000,2019-05-20,StockholdersEquity,2026-08-25
TTD,liabilities,2019-03-31,652979000,2019-05-20,Liabilities,2026-08-25
TTD,netIncome,2019-03-31,10151000,2019-05-20,NetIncomeLoss,2026-08-25
TTD,operatingCashFlow,2019-03-31,9711000,2019-05-20,NetCashProvidedByUsedInOperatingActivities,2026-08-25
TTD,operatingIncome,2019-03-31,5670000,2019-05-20,OperatingIncomeLoss,2026-08-25
TTD,receivables,2019-03-31,707740000,2019-05-20,AccountsReceivableNetCurrent,2026-08-25
TTD,revenue,2019-03-31,120987000,2019-05-20,RevenueFromContractWithCustomerExcludingAssessedTax,2026-08-25
TTD,rnd,2019-03-31,25312000,2019-05-20,ResearchAndDevelopmentExpense,2026-08-25
TTWO,assets,2019-03-31,4243065000,2019-05-20,Assets,2026-08-25
TTWO,cash,2019-03-31,826525000,2019-05-20,CashAndCashEquivalentsAtCarryingValue,2026-08-25
TTWO,debt,2019-03-31,0,2019-05-20,LongTermDebtNoncurrent,2026-08-25
TTWO,equity,2019-03-31,2040580000,2019-05-20,StockholdersEquity,2026-08-25
TTWO,grossProfit,2019-03-31,280092000,2019-05-20,GrossProfit,2026-08-25
TTWO,inventory,2019-03-31,28200000,2019-05-20,InventoryNet,2026-08-25
TTWO,liabilities,2019-03-31,2202485000,2019-05-20,Liabilities,2026-08-25
TTWO,netIncome,2019-03-31,56829000,2019-05-20,NetIncomeLoss,2026-08-25
TTWO,operatingIncome,2019-03-31,58061000,2019-05-20,OperatingIncomeLoss,2026-08-25
TTWO,receivables,2019-03-31,395729000,2019-05-20,AccountsReceivableNetCurrent,2026-08-25
TTWO,revenue,2019-03-31,539007000,2019-05-20,RevenueFromContractWithCustomerExcludingAssessedTax,2026-08-25
TTWO,shares,2019-03-31,112181000,2019-05-20,CommonStockSharesOutstanding,2026-08-25
TXN,assets,2019-03-31,17443000000,2019-05-20,Assets,2026-08-25
TXN,buybacks,2019-03-31,1152000000,2019-05-20,PaymentsForRepurchaseOfCommonStock,2026-08-25
TXN,capex,2019-03-31,251000000,2019-05-20,PaymentsToAcquirePropertyPlantAndEquipment,2026-08-25
TXN,cash,2019-03-31,3720000000,2019-05-20,CashAndCashEquivalentsAtCarryingValue,2026-08-25
TXN,debt,2019-03-31,5057000000,2019-05-20,LongTermDebtNoncurrent,2026-08-25
TXN,equity,2019-03-31,8519000000,2019-05-20,StockholdersEquity,2026-08-25
TXN,grossProfit,2019-03-31,2261000000,2019-05-20,GrossProfit,2026-08-25
TXN,inventory,2019-03-31,2131000000,2019-05-20,InventoryNet,2026-08-25
TXN,liabilities,2019-03-31,8924000000,2019-05-20,Liabilities,2026-08-25
TXN,netIncome,2019-03-31,1217000000,2019-05-20,NetIncomeLoss,2026-08-25
TXN,operatingCashFlow,2019-03-31,1107000000,2019-05-20,NetCashProvidedByUsedInOperatingActivities,2026-08-25
TXN,operatingIncome,2019-03-31,1379000000,2019-05-20,OperatingIncomeLoss,2026-08-25
TXN,receivables,2019-03-31,1440000000,2019-05-20,AccountsReceivableNetCurrent,2026-08-25
TXN,revenue,2019-03-31,3594000000,2019-05-20,RevenueFromContractWithCustomerExcludingAssessedTax,2026-08-25
TXN,rnd,2019-03-31,389000000,2019-05-20,ResearchAndDevelopmentExpense,2026-08-25
TXT,assets,2019-03-30,14480000000,2019-05-19,Assets,2026-08-25
TXT,buybacks,2019-03-30,202000000,2019-05-19,PaymentsForRepurchaseOfCommonStock,2026-08-25
TXT,capex,2019-03-30,59000000,2019-05-19,PaymentsToAcquireProductiveAssets,2026-08-25
TXT,equity,2019-03-30,5233000000,2019-05-19,StockholdersEquity,2026-08-25
TXT,inventory,2019-03-30,4047000000,2019-05-19,InventoryNet,2026-08-25
TXT,liabilities,2019-03-30,9247000000,2019-05-19,Liabilities,2026-08-25
TXT,netIncome,2019-03-30,179000000,2019-05-19,NetIncomeLoss,2026-08-25
TXT,operatingCashFlow,2019-03-30,-216000000,2019-05-19,NetCashProvidedByUsedInOperatingActivities,2026-08-25
TXT,revenue,2019-03-30,3109000000,2019-05-19,Revenues,2026-08-25
TXT,shares,2019-03-30,232699000,2019-05-19,CommonStockSharesOutstanding,2026-08-25
TYL,assets,2019-03-31,1909302000,2019-05-20,Assets,2026-08-25
TYL,buybacks,2019-03-31,17786000,2019-05-20,PaymentsForRepurchaseOfCommonStock,2026-08-25
TYL,capex,2019-03-31,12320000,2019-05-20,PaymentsToAcquirePropertyPlantAndEquipment,2026-08-25
TYL,cash,2019-03-31,39437000,2019-05-20,CashAndCashEquivalentsAtCarryingValue,2026-08-25
TYL,equity,2019-03-31,1358745000,2019-05-20,StockholdersEquity,2026-08-25
TYL,equityStakes,2019-03-31,0,2019-05-20,PaymentsToAcquireEquityMethodInvestments,2026-08-25
TYL,grossProfit,2019-03-31,116048000,2019-05-20,GrossProfit,2026-08-25
TYL,netIncome,2019-03-31,27348000,2019-05-20,NetIncomeLoss,2026-08-25
TYL,operatingCashFlow,2019-03-31,23957000,2019-05-20,NetCashProvidedByUsedInOperatingActivities,2026-08-25
TYL,operatingIncome,2019-03-31,34491000,2019-05-20,OperatingIncomeLoss,2026-08-25
TYL,receivables,2019-03-31,298980000,2019-05-20,AccountsReceivableNetCurrent,2026-08-25
TYL,revenue,2019-03-31,247066000,2019-05-20,RevenueFromContractWithCustomerExcludingAssessedTax,2026-08-25
TYL,shares,2019-03-31,48147969,2019-05-20,CommonStockSharesOutstanding,2026-08-25
UAL,assets,2019-03-31,50639000000,2019-05-20,Assets,2026-08-25
UAL,buybacks,2019-03-31,513000000,2019-05-20,PaymentsForRepurchaseOfCommonStock,2026-08-25
UAL,capex,2019-03-31,1609000000,2019-05-20,PaymentsToAcquireProductiveAssets,2026-08-25
UAL,cash,2019-03-31,1848000000,2019-05-20,CashAndCashEquivalentsAtCarryingValue,2026-08-25
UAL,debt,2019-03-31,12734000000,2019-05-20,LongTermDebtNoncurrent,2026-08-25
UAL,equity,2019-03-31,9802000000,2019-05-20,StockholdersEquity,2026-08-25
UAL,netIncome,2019-03-31,292000000,2019-05-20,NetIncomeLoss,2026-08-25
UAL,operatingCashFlow,2019-03-31,1915000000,2019-05-20,NetCashProvidedByUsedInOperatingActivities,2026-08-25
UAL,operatingIncome,2019-03-31,495000000,2019-05-20,OperatingIncomeLoss,2026-08-25
UAL,revenue,2019-03-31,9589000000,2019-05-20,RevenueFromContractWithCustomerExcludingAssessedTax,2026-08-25
UAL,shares,2019-03-31,264271125,2019-05-20,CommonStockSharesOutstanding,2026-08-25
UBER,assets,2019-03-31,24390000000,2019-05-20,Assets,2026-08-25
UBER,capex,2019-03-31,129000000,2019-05-20,PaymentsToAcquirePropertyPlantAndEquipment,2026-08-25
UBER,cash,2019-03-31,5745000000,2019-05-20,CashAndCashEquivalentsAtCarryingValue,2026-08-25
UBER,debt,2019-03-31,6939000000,2019-05-20,LongTermDebtNoncurrent,2026-08-25
UBER,equity,2019-03-31,-8432000000,2019-05-20,StockholdersEquity,2026-08-25
UBER,equityStakes,2019-03-31,0,2019-05-20,PaymentsToAcquireEquityMethodInvestments,2026-08-25
UBER,liabilities,2019-03-31,18602000000,2019-05-20,Liabilities,2026-08-25
UBER,netIncome,2019-03-31,-1012000000,2019-05-20,NetIncomeLoss,2026-08-25
UBER,operatingCashFlow,2019-03-31,-722000000,2019-05-20,NetCashProvidedByUsedInOperatingActivities,2026-08-25
UBER,operatingIncome,2019-03-31,-1034000000,2019-05-20,OperatingIncomeLoss,2026-08-25
UBER,receivables,2019-03-31,1074000000,2019-05-20,AccountsReceivableNetCurrent,2026-08-25
UBER,revenue,2019-03-31,3099000000,2019-05-20,Revenues,2026-08-25
UBER,rnd,2019-03-31,409000000,2019-05-20,ResearchAndDevelopmentExpense,2026-08-25
UBER,shares,2019-03-31,457833000,2019-05-20,CommonStockSharesOutstanding,2026-08-25
UDR,assets,2019-03-31,7955725000,2019-05-20,Assets,2026-08-25
UDR,capex,2019-03-31,3346000,2019-05-20,PaymentsToAcquireProductiveAssets,2026-08-25
UDR,cash,2019-03-31,1043000,2019-05-20,CashAndCashEquivalentsAtCarryingValue,2026-08-25
UDR,debt,2019-03-31,3589829000,2019-05-20,LongTermDebt,2026-08-25
UDR,equity,2019-03-31,2948982000,2019-05-20,StockholdersEquity,2026-08-25
UDR,liabilities,2019-03-31,3941863000,2019-05-20,Liabilities,2026-08-25
UDR,netIncome,2019-03-31,24503000,2019-05-20,NetIncomeLoss,2026-08-25
UDR,operatingCashFlow,2019-03-31,137333000,2019-05-20,NetCashProvidedByUsedInOperatingActivities,2026-08-25
UDR,operatingIncome,2019-03-31,52494000,2019-05-20,OperatingIncomeLoss,2026-08-25
UDR,revenue,2019-03-31,270673000,2019-05-20,Revenues,2026-08-25
UDR,shares,2019-03-31,281791932,2019-05-20,CommonStockSharesOutstanding,2026-08-25
UHS,assets,2019-03-31,11721277000,2019-05-20,Assets,2026-08-25
UHS,buybacks,2019-03-31,143785000,2019-05-20,PaymentsForRepurchaseOfCommonStock,2026-08-25
UHS,capex,2019-03-31,169848000,2019-05-20,PaymentsToAcquirePropertyPlantAndEquipment,2026-08-25
UHS,cash,2019-03-31,62726000,2019-05-20,CashAndCashEquivalentsAtCarryingValue,2026-08-25
UHS,debt,2019-03-31,3821938000,2019-05-20,LongTermDebtNoncurrent,2026-08-25
UHS,equity,2019-03-31,5482415000,2019-05-20,StockholdersEquity,2026-08-25
UHS,netIncome,2019-03-31,234168000,2019-05-20,NetIncomeLoss,2026-08-25
UHS,operatingCashFlow,2019-03-31,431804000,2019-05-20,NetCashProvidedByUsedInOperatingActivities,2026-08-25
UHS,operatingIncome,2019-03-31,340437000,2019-05-20,OperatingIncomeLoss,2026-08-25
UHS,receivables,2019-03-31,1602405000,2019-05-20,AccountsReceivableNetCurrent,2026-08-25
UHS,revenue,2019-03-31,2804391000,2019-05-20,RevenueFromContractWithCustomerExcludingAssessedTax,2026-08-25
ULTA,assets,2019-02-02,3191172000,2019-04-28,Assets,2026-08-25
ULTA,cash,2019-02-02,409251000,2019-04-28,CashAndCashEquivalentsAtCarryingValue,2026-08-25
ULTA,equity,2019-02-02,1820218000,2019-04-28,StockholdersEquity,2026-08-25
ULTA,grossProfit,2019-02-02,740859000,2019-04-28,GrossProfit,2026-08-25
ULTA,liabilities,2019-02-02,1370954000,2019-04-28,Liabilities,2026-08-25
ULTA,netIncome,2019-02-02,214674000,2019-04-28,NetIncomeLoss,2026-08-25
ULTA,operatingIncome,2019-02-02,281210000,2019-04-28,OperatingIncomeLoss,2026-08-25
ULTA,revenue,2019-02-02,2124716000,2019-04-28,Revenues,2026-08-25
ULTA,shares,2019-02-02,58584000,2019-04-28,CommonStockSharesOutstanding,2026-08-25
UNH,assets,2019-03-31,161197000000,2019-05-20,Assets,2026-08-25
UNH,buybacks,2019-03-31,3002000000,2019-05-20,PaymentsForRepurchaseOfCommonStock,2026-08-25
UNH,capex,2019-03-31,562000000,2019-05-20,PaymentsToAcquirePropertyPlantAndEquipment,2026-08-25
UNH,cash,2019-03-31,12407000000,2019-05-20,CashAndCashEquivalentsAtCarryingValue,2026-08-25
UNH,debt,2019-03-31,34419000000,2019-05-20,LongTermDebtNoncurrent,2026-08-25
UNH,liabilities,2019-03-31,104692000000,2019-05-20,Liabilities,2026-08-25
UNH,netIncome,2019-03-31,3467000000,2019-05-20,NetIncomeLoss,2026-08-25
UNH,operatingCashFlow,2019-03-31,3234000000,2019-05-20,NetCashProvidedByUsedInOperatingActivities,2026-08-25
UNH,operatingIncome,2019-03-31,4832000000,2019-05-20,OperatingIncomeLoss,2026-08-25
UNH,receivables,2019-03-31,12826000000,2019-05-20,AccountsReceivableNetCurrent,2026-08-25
UNH,revenue,2019-03-31,60308000000,2019-05-20,Revenues,2026-08-25
UNH,shares,2019-03-31,953000000,2019-05-20,CommonStockSharesOutstanding,2026-08-25
UNP,assets,2019-03-31,61319000000,2019-05-20,Assets,2026-08-25
UNP,buybacks,2019-03-31,2987000000,2019-05-20,PaymentsForRepurchaseOfCommonStock,2026-08-25
UNP,capex,2019-03-31,752000000,2019-05-20,PaymentsToAcquirePropertyPlantAndEquipment,2026-08-25
UNP,cash,2019-03-31,1059000000,2019-05-20,CashAndCashEquivalentsAtCarryingValue,2026-08-25
UNP,equity,2019-03-31,17742000000,2019-05-20,StockholdersEquity,2026-08-25
UNP,liabilities,2019-03-31,43577000000,2019-05-20,Liabilities,2026-08-25
UNP,netIncome,2019-03-31,1391000000,2019-05-20,NetIncomeLoss,2026-08-25
UNP,operatingCashFlow,2019-03-31,1959000000,2019-05-20,NetCashProvidedByUsedInOperatingActivities,2026-08-25
UNP,operatingIncome,2019-03-31,1960000000,2019-05-20,OperatingIncomeLoss,2026-08-25
UNP,receivables,2019-03-31,1672000000,2019-05-20,AccountsReceivableNetCurrent,2026-08-25
UNP,revenue,2019-03-31,5384000000,2019-05-20,Revenues,2026-08-25
UNP,shares,2019-03-31,708456092,2019-05-20,CommonStockSharesOutstanding,2026-08-25
UPS,assets,2019-03-31,52061000000,2019-05-20,Assets,2026-08-25
UPS,buybacks,2019-03-31,246000000,2019-05-20,PaymentsForRepurchaseOfCommonStock,2026-08-25
UPS,capex,2019-03-31,1514000000,2019-05-20,PaymentsToAcquirePropertyPlantAndEquipment,2026-08-25
UPS,cash,2019-03-31,4399000000,2019-05-20,CashAndCashEquivalentsAtCarryingValue,2026-08-25
UPS,debt,2019-03-31,20377000000,2019-05-20,LongTermDebtNoncurrent,2026-08-25
UPS,equity,2019-03-31,3467000000,2019-05-20,StockholdersEquity,2026-08-25
UPS,netIncome,2019-03-31,1111000000,2019-05-20,NetIncomeLoss,2026-08-25
UPS,operatingCashFlow,2019-03-31,2277000000,2019-05-20,NetCashProvidedByUsedInOperatingActivities,2026-08-25
UPS,operatingIncome,2019-03-31,1394000000,2019-05-20,OperatingIncomeLoss,2026-08-25
UPS,receivables,2019-03-31,7613000000,2019-05-20,AccountsReceivableNetCurrent,2026-08-25
UPS,revenue,2019-03-31,17160000000,2019-05-20,Revenues,2026-08-25
URI,assets,2019-03-31,18586000000,2019-05-20,Assets,2026-08-25
URI,buybacks,2019-03-31,243000000,2019-05-20,PaymentsForRepurchaseOfCommonStock,2026-08-25
URI,capex,2019-03-31,42000000,2019-05-20,PaymentsToAcquirePropertyPlantAndEquipment,2026-08-25
URI,cash,2019-03-31,52000000,2019-05-20,CashAndCashEquivalentsAtCarryingValue,2026-08-25
URI,equity,2019-03-31,3375000000,2019-05-20,StockholdersEquity,2026-08-25
URI,grossProfit,2019-03-31,761000000,2019-05-20,GrossProfit,2026-08-25
URI,inventory,2019-03-31,123000000,2019-05-20,InventoryNet,2026-08-25
URI,liabilities,2019-03-31,15211000000,2019-05-20,Liabilities,2026-08-25
URI,netIncome,2019-03-31,175000000,2019-05-20,NetIncomeLoss,2026-08-25
URI,operatingCashFlow,2019-03-31,667000000,2019-05-20,NetCashProvidedByUsedInOperatingActivities,2026-08-25
URI,operatingIncome,2019-03-31,368000000,2019-05-20,OperatingIncomeLoss,2026-08-25
URI,receivables,2019-03-31,1487000000,2019-05-20,AccountsReceivableNetCurrent,2026-08-25
URI,revenue,2019-03-31,2117000000,2019-05-20,Revenues,2026-08-25
URI,shares,2019-03-31,78812644,2019-05-20,CommonStockSharesOutstanding,2026-08-25
USB,assets,2019-03-31,475775000000,2019-05-20,Assets,2026-08-25
USB,buybacks,2019-03-31,648000000,2019-05-20,PaymentsForRepurchaseOfCommonStock,2026-08-25
USB,debt,2019-03-31,40680000000,2019-05-20,LongTermDebt,2026-08-25
USB,equity,2019-03-31,52057000000,2019-05-20,StockholdersEquity,2026-08-25
USB,liabilities,2019-03-31,423089000000,2019-05-20,Liabilities,2026-08-25
USB,netIncome,2019-03-31,1699000000,2019-05-20,NetIncomeLoss,2026-08-25
USB,operatingCashFlow,2019-03-31,1296000000,2019-05-20,NetCashProvidedByUsedInOperatingActivities,2026-08-25
USB,revenue,2019-03-31,5577000000,2019-05-20,Revenues,2026-08-25
V,assets,2019-03-31,69865000000,2019-05-20,Assets,2026-08-25
V,cash,2019-03-31,7648000000,2019-05-20,CashAndCashEquivalentsAtCarryingValue,2026-08-25
V,debt,2019-03-31,16630000000,2019-05-20,LongTermDebtNoncurrent,2026-08-25
V,liabilities,2019-03-31,35590000000,2019-05-20,Liabilities,2026-08-25
V,netIncome,2019-03-31,2977000000,2019-05-20,NetIncomeLoss,2026-08-25
V,operatingIncome,2019-03-31,3641000000,2019-05-20,OperatingIncomeLoss,2026-08-25
V,receivables,2019-03-31,1404000000,2019-05-20,AccountsReceivableNetCurrent,2026-08-25
V,revenue,2019-03-31,5494000000,2019-05-20,Revenues,2026-08-25
VEEV,assets,2019-01-31,1653766000,2019-04-26,Assets,2026-08-25
VEEV,cash,2019-01-31,550971000,2019-04-26,CashAndCashEquivalentsAtCarryingValue,2026-08-25
VEEV,equity,2019-01-31,1237749000,2019-04-26,StockholdersEquity,2026-08-25
VEEV,grossProfit,2019-01-31,167797000,2019-04-26,GrossProfit,2026-08-25
VEEV,liabilities,2019-01-31,416017000,2019-04-26,Liabilities,2026-08-25
VEEV,netIncome,2019-01-31,71151000,2019-04-26,NetIncomeLoss,2026-08-25
VEEV,operatingIncome,2019-01-31,62998000,2019-04-26,OperatingIncomeLoss,2026-08-25
VEEV,receivables,2019-01-31,303465000,2019-04-26,AccountsReceivableNetCurrent,2026-08-25
VEEV,revenue,2019-01-31,232323000,2019-04-26,Revenues,2026-08-25
VICI,assets,2019-03-31,11448671000,2019-05-20,Assets,2026-08-25
VICI,capex,2019-03-31,1191000,2019-05-20,PaymentsToAcquirePropertyPlantAndEquipment,2026-08-25
VICI,cash,2019-03-31,598276000,2019-05-20,CashAndCashEquivalentsAtCarryingValue,2026-08-25
VICI,debt,2019-03-31,4123350000,2019-05-20,LongTermDebt,2026-08-25
VICI,equity,2019-03-31,6962269000,2019-05-20,StockholdersEquity,2026-08-25
VICI,liabilities,2019-03-31,4402783000,2019-05-20,Liabilities,2026-08-25
VICI,netIncome,2019-03-31,150849000,2019-05-20,NetIncomeLoss,2026-08-25
VICI,operatingCashFlow,2019-03-31,115642000,2019-05-20,NetCashProvidedByUsedInOperatingActivities,2026-08-25
VICI,operatingIncome,2019-03-31,201866000,2019-05-20,OperatingIncomeLoss,2026-08-25
VICI,revenue,2019-03-31,214002000,2019-05-20,Revenues,2026-08-25
VICI,shares,2019-03-31,410970554,2019-05-20,CommonStockSharesOutstanding,2026-08-25
VLO,assets,2019-03-31,52095000000,2019-05-20,Assets,2026-08-25
VLO,buybacks,2019-03-31,36000000,2019-05-20,PaymentsForRepurchaseOfCommonStock,2026-08-25
VLO,cash,2019-03-31,2777000000,2019-05-20,CashAndCashEquivalentsAtCarryingValue,2026-08-25
VLO,debt,2019-03-31,9511000000,2019-05-20,LongTermDebt,2026-08-25
VLO,equity,2019-03-31,21309000000,2019-05-20,StockholdersEquity,2026-08-25
VLO,grossProfit,2019-03-31,533000000,2019-05-20,GrossProfit,2026-08-25
VLO,inventory,2019-03-31,6554000000,2019-05-20,InventoryNet,2026-08-25
VLO,netIncome,2019-03-31,141000000,2019-05-20,NetIncomeLoss,2026-08-25
VLO,operatingCashFlow,2019-03-31,877000000,2019-05-20,NetCashProvidedByUsedInOperatingActivities,2026-08-25
VLO,operatingIncome,2019-03-31,308000000,2019-05-20,OperatingIncomeLoss,2026-08-25
VMC,assets,2019-03-31,10296852000,2019-05-20,Assets,2026-08-25
VMC,buybacks,2019-03-31,0,2019-05-20,PaymentsForRepurchaseOfCommonStock,2026-08-25
VMC,capex,2019-03-31,122019000,2019-05-20,PaymentsToAcquirePropertyPlantAndEquipment,2026-08-25
VMC,cash,2019-03-31,30838000,2019-05-20,CashAndCashEquivalentsAtCarryingValue,2026-08-25
VMC,debt,2019-03-31,2780589000,2019-05-20,LongTermDebtNoncurrent,2026-08-25
VMC,equity,2019-03-31,5217209000,2019-05-20,StockholdersEquity,2026-08-25
VMC,grossProfit,2019-03-31,191675000,2019-05-20,GrossProfit,2026-08-25
VMC,inventory,2019-03-31,429397000,2019-05-20,InventoryNet,2026-08-25
VMC,liabilities,2019-03-31,5079643000,2019-05-20,Liabilities,2026-08-25
VMC,netIncome,2019-03-31,63299000,2019-05-20,NetIncomeLoss,2026-08-25
VMC,operatingCashFlow,2019-03-31,116164000,2019-05-20,NetCashProvidedByUsedInOperatingActivities,2026-08-25
VMC,operatingIncome,2019-03-31,104433000,2019-05-20,OperatingIncomeLoss,2026-08-25
VMC,revenue,2019-03-31,996511000,2019-05-20,Revenues,2026-08-25
VMC,shares,2019-03-31,132069000,2019-05-20,CommonStockSharesOutstanding,2026-08-25
VMRK,assets,2019-03-31,20768811000,2019-05-20,Assets,2026-08-25
VMRK,capex,2019-03-31,1018000,2019-05-20,PaymentsToAcquireProductiveAssets,2026-08-25
VMRK,cash,2019-03-31,29391000,2019-05-20,CashAndCashEquivalentsAtCarryingValue,2026-08-25
VMRK,equity,2019-03-31,10046886000,2019-05-20,StockholdersEquity,2026-08-25
VMRK,equityStakes,2019-03-31,6281000,2019-05-20,PaymentsToAcquireEquityMethodInvestments,2026-08-25
VMRK,liabilities,2019-03-31,10069744000,2019-05-20,Liabilities,2026-08-25
VMRK,netIncome,2019-03-31,104539000,2019-05-20,NetIncomeLoss,2026-08-25
VMRK,operatingCashFlow,2019-03-31,373545000,2019-05-20,NetCashProvidedByUsedInOperatingActivities,2026-08-25
VMRK,operatingIncome,2019-03-31,209969000,2019-05-20,OperatingIncomeLoss,2026-08-25
VMRK,revenue,2019-03-31,662494000,2019-05-20,Revenues,2026-08-25
VMRK,shares,2019-03-31,370462401,2019-05-20,CommonStockSharesOutstanding,2026-08-25
VRSK,assets,2019-03-31,6341100000,2019-05-20,Assets,2026-08-25
VRSK,buybacks,2019-03-31,75000000,2019-05-20,PaymentsForRepurchaseOfCommonStock,2026-08-25
VRSK,capex,2019-03-31,45200000,2019-05-20,PaymentsToAcquirePropertyPlantAndEquipment,2026-08-25
VRSK,cash,2019-03-31,179500000,2019-05-20,CashAndCashEquivalentsAtCarryingValue,2026-08-25
VRSK,equity,2019-03-31,2170500000,2019-05-20,StockholdersEquity,2026-08-25
VRSK,equityStakes,2019-03-31,0,2019-05-20,PaymentsToAcquireEquityMethodInvestments,2026-08-25
VRSK,liabilities,2019-03-31,4170600000,2019-05-20,Liabilities,2026-08-25
VRSK,netIncome,2019-03-31,134400000,2019-05-20,NetIncomeLoss,2026-08-25
VRSK,operatingCashFlow,2019-03-31,366100000,2019-05-20,NetCashProvidedByUsedInOperatingActivities,2026-08-25
VRSK,operatingIncome,2019-03-31,202400000,2019-05-20,OperatingIncomeLoss,2026-08-25
VRSK,receivables,2019-03-31,438600000,2019-05-20,AccountsReceivableNetCurrent,2026-08-25
VRSK,revenue,2019-03-31,625000000,2019-05-20,RevenueFromContractWithCustomerExcludingAssessedTax,2026-08-25
VRSK,shares,2019-03-31,163652594,2019-05-20,CommonStockSharesOutstanding,2026-08-25
VRSN,assets,2019-03-31,1919676000,2019-05-20,Assets,2026-08-25
VRSN,buybacks,2019-03-31,204302000,2019-05-20,PaymentsForRepurchaseOfCommonStock,2026-08-25
VRSN,capex,2019-03-31,9133000,2019-05-20,PaymentsToAcquirePropertyPlantAndEquipment,2026-08-25
VRSN,cash,2019-03-31,779625000,2019-05-20,CashAndCashEquivalentsAtCarryingValue,2026-08-25
VRSN,equity,2019-03-31,-1406129000,2019-05-20,StockholdersEquity,2026-08-25
VRSN,liabilities,2019-03-31,3325805000,2019-05-20,Liabilities,2026-08-25
VRSN,netIncome,2019-03-31,162527000,2019-05-20,NetIncomeLoss,2026-08-25
VRSN,operatingCashFlow,2019-03-31,187330000,2019-05-20,NetCashProvidedByUsedInOperatingActivities,2026-08-25
VRSN,operatingIncome,2019-03-31,200252000,2019-05-20,OperatingIncomeLoss,2026-08-25
VRSN,receivables,2019-03-31,5995000,2019-05-20,AccountsReceivableNetCurrent,2026-08-25
VRSN,revenue,2019-03-31,306408000,2019-05-20,Revenues,2026-08-25
VRSN,rnd,2019-03-31,16132000,2019-05-20,ResearchAndDevelopmentExpense,2026-08-25
VRSN,shares,2019-03-31,119391000,2019-05-20,CommonStockSharesOutstanding,2026-08-25
VRT,assets,2019-03-31,700877687,2019-05-20,Assets,2026-08-25
VRT,capex,2019-03-31,10700000,2019-05-20,PaymentsToAcquirePropertyPlantAndEquipment,2026-08-25
VRT,equity,2019-03-31,-607900000,2019-05-20,StockholdersEquity,2026-08-25
VRT,liabilities,2019-03-31,26271585,2019-05-20,Liabilities,2026-08-25
VRT,netIncome,2019-03-31,-74300000,2019-05-20,NetIncomeLoss,2026-08-25
VRT,operatingCashFlow,2019-03-31,-33700000,2019-05-20,NetCashProvidedByUsedInOperatingActivities,2026-08-25
VRT,revenue,2019-03-31,0,2019-05-20,Revenues,2026-08-25
VRTX,assets,2019-03-31,6543114000,2019-05-20,Assets,2026-08-25
VRTX,buybacks,2019-03-31,94007000,2019-05-20,PaymentsForRepurchaseOfCommonStock,2026-08-25
VRTX,capex,2019-03-31,18041000,2019-05-20,PaymentsToAcquirePropertyPlantAndEquipment,2026-08-25
VRTX,cash,2019-03-31,2893885000,2019-05-20,CashAndCashEquivalentsAtCarryingValue,2026-08-25
VRTX,inventory,2019-03-31,136698000,2019-05-20,InventoryNet,2026-08-25
VRTX,liabilities,2019-03-31,1819801000,2019-05-20,Liabilities,2026-08-25
VRTX,netIncome,2019-03-31,268631000,2019-05-20,NetIncomeLoss,2026-08-25
VRTX,operatingCashFlow,2019-03-31,324784000,2019-05-20,NetCashProvidedByUsedInOperatingActivities,2026-08-25
VRTX,operatingIncome,2019-03-31,276808000,2019-05-20,OperatingIncomeLoss,2026-08-25
VRTX,receivables,2019-03-31,438297000,2019-05-20,AccountsReceivableNetCurrent,2026-08-25
VRTX,revenue,2019-03-31,858435000,2019-05-20,RevenueFromContractWithCustomerExcludingAssessedTax,2026-08-25
VRTX,rnd,2019-03-31,339490000,2019-05-20,ResearchAndDevelopmentExpense,2026-08-25
VRTX,shares,2019-03-31,256351000,2019-05-20,CommonStockSharesOutstanding,2026-08-25
VST,assets,2019-03-31,25568000000,2019-05-20,Assets,2026-08-25
VST,buybacks,2019-03-31,248000000,2019-05-20,PaymentsForRepurchaseOfCommonStock,2026-08-25
VST,capex,2019-03-31,153000000,2019-05-20,PaymentsToAcquirePropertyPlantAndEquipment,2026-08-25
VST,cash,2019-03-31,546000000,2019-05-20,CashAndCashEquivalentsAtCarryingValue,2026-08-25
VST,equity,2019-03-31,7804000000,2019-05-20,StockholdersEquity,2026-08-25
VST,inventory,2019-03-31,433000000,2019-05-20,InventoryNet,2026-08-25
VST,liabilities,2019-03-31,17762000000,2019-05-20,Liabilities,2026-08-25
VST,netIncome,2019-03-31,225000000,2019-05-20,NetIncomeLoss,2026-08-25
VST,operatingCashFlow,2019-03-31,388000000,2019-05-20,NetCashProvidedByUsedInOperatingActivities,2026-08-25
VST,operatingIncome,2019-03-31,490000000,2019-05-20,OperatingIncomeLoss,2026-08-25
VST,receivables,2019-03-31,1000000000,2019-05-20,AccountsReceivableNetCurrent,2026-08-25
VST,revenue,2019-03-31,2923000000,2019-05-20,Revenues,2026-08-25
VST,shares,2019-03-31,484235663,2019-05-20,CommonStockSharesOutstanding,2026-08-25
VTR,assets,2019-03-31,22668097000,2019-05-20,Assets,2026-08-25
VTR,capex,2019-03-31,21955000,2019-05-20,PaymentsToAcquirePropertyPlantAndEquipment,2026-08-25
VTR,cash,2019-03-31,82514000,2019-05-20,CashAndCashEquivalentsAtCarryingValue,2026-08-25
VTR,equity,2019-03-31,10149663000,2019-05-20,StockholdersEquity,2026-08-25
VTR,equityStakes,2019-03-31,687000,2019-05-20,PaymentsToAcquireEquityMethodInvestments,2026-08-25
VTR,liabilities,2019-03-31,12255698000,2019-05-20,Liabilities,2026-08-25
VTR,operatingCashFlow,2019-03-31,336120000,2019-05-20,NetCashProvidedByUsedInOperatingActivities,2026-08-25
VTR,revenue,2019-03-31,942874000,2019-05-20,Revenues,2026-08-25
VTRS,equity,2019-03-31,0,2019-05-20,StockholdersEquity,2026-08-25
VZ,assets,2019-03-31,283947000000,2019-05-20,Assets,2026-08-25
VZ,capex,2019-03-31,4268000000,2019-05-20,PaymentsToAcquireProductiveAssets,2026-08-25
VZ,cash,2019-03-31,2322000000,2019-05-20,CashAndCashEquivalentsAtCarryingValue,2026-08-25
VZ,inventory,2019-03-31,1417000000,2019-05-20,InventoryNet,2026-08-25
VZ,netIncome,2019-03-31,5032000000,2019-05-20,NetIncomeLoss,2026-08-25
VZ,operatingCashFlow,2019-03-31,7081000000,2019-05-20,NetCashProvidedByUsedInOperatingActivities,2026-08-25
VZ,operatingIncome,2019-03-31,7709000000,2019-05-20,OperatingIncomeLoss,2026-08-25
VZ,receivables,2019-03-31,24469000000,2019-05-20,AccountsReceivableNetCurrent,2026-08-25
VZ,revenue,2019-03-31,32128000000,2019-05-20,Revenues,2026-08-25
WAB,assets,2019-03-31,19077905000,2019-05-20,Assets,2026-08-25
WAB,buybacks,2019-03-31,0,2019-05-20,PaymentsForRepurchaseOfCommonStock,2026-08-25
WAB,capex,2019-03-31,29700000,2019-05-20,PaymentsToAcquirePropertyPlantAndEquipment,2026-08-25
WAB,cash,2019-03-31,512870000,2019-05-20,CashAndCashEquivalentsAtCarryingValue,2026-08-25
WAB,equity,2019-03-31,9687846000,2019-05-20,StockholdersEquity,2026-08-25
WAB,grossProfit,2019-03-31,389000000,2019-05-20,GrossProfit,2026-08-25
WAB,inventory,2019-03-31,1947220000,2019-05-20,InventoryNet,2026-08-25
WAB,liabilities,2019-03-31,9297459000,2019-05-20,Liabilities,2026-08-25
WAB,netIncome,2019-03-31,-4500000,2019-05-20,NetIncomeLoss,2026-08-25
WAB,operatingCashFlow,2019-03-31,31300000,2019-05-20,NetCashProvidedByUsedInOperatingActivities,2026-08-25
WAB,operatingIncome,2019-03-31,67300000,2019-05-20,OperatingIncomeLoss,2026-08-25
WAB,receivables,2019-03-31,1271198000,2019-05-20,AccountsReceivableNetCurrent,2026-08-25
WAB,revenue,2019-03-31,1593600000,2019-05-20,RevenueFromContractWithCustomerExcludingAssessedTax,2026-08-25
WAB,rnd,2019-03-31,34500000,2019-05-20,ResearchAndDevelopmentExpense,2026-08-25
WAB,shares,2019-03-31,162817600,2019-05-20,CommonStockSharesOutstanding,2026-08-25
WAT,assets,2019-03-30,3249728000,2019-05-19,Assets,2026-08-25
WAT,buybacks,2019-03-30,753105000,2019-05-19,PaymentsForRepurchaseOfCommonStock,2026-08-25
WAT,cash,2019-03-30,684970000,2019-05-19,CashAndCashEquivalentsAtCarryingValue,2026-08-25
WAT,debt,2019-03-30,1048283000,2019-05-19,LongTermDebtNoncurrent,2026-08-25
WAT,equity,2019-03-30,967742000,2019-05-19,StockholdersEquity,2026-08-25
WAT,inventory,2019-03-30,333308000,2019-05-19,InventoryNet,2026-08-25
WAT,liabilities,2019-03-30,2281986000,2019-05-19,Liabilities,2026-08-25
WAT,operatingCashFlow,2019-03-30,175779000,2019-05-19,NetCashProvidedByUsedInOperatingActivities,2026-08-25
WAT,operatingIncome,2019-03-31,121151000,2019-05-20,OperatingIncomeLoss,2026-08-25
WAT,receivables,2019-03-30,508285000,2019-05-19,AccountsReceivableNetCurrent,2026-08-25
WAT,revenue,2019-03-31,513862000,2019-05-20,RevenueFromContractWithCustomerExcludingAssessedTax,2026-08-25
WAT,rnd,2019-03-31,35060000,2019-05-20,ResearchAndDevelopmentExpense,2026-08-25
WAT,shares,2019-03-30,70136000,2019-05-19,CommonStockSharesOutstanding,2026-08-25
WBD,assets,2019-03-31,32444000000,2019-05-20,Assets,2026-08-25
WBD,capex,2019-03-31,44000000,2019-05-20,PaymentsToAcquirePropertyPlantAndEquipment,2026-08-25
WBD,cash,2019-03-31,745000000,2019-05-20,CashAndCashEquivalentsAtCarryingValue,2026-08-25
WBD,debt,2019-03-31,14956000000,2019-05-20,LongTermDebtNoncurrent,2026-08-25
WBD,equity,2019-03-31,8708000000,2019-05-20,StockholdersEquity,2026-08-25
WBD,liabilities,2019-03-31,21704000000,2019-05-20,Liabilities,2026-08-25
WBD,netIncome,2019-03-31,384000000,2019-05-20,NetIncomeLoss,2026-08-25
WBD,operatingCashFlow,2019-03-31,542000000,2019-05-20,NetCashProvidedByUsedInOperatingActivities,2026-08-25
WBD,operatingIncome,2019-03-31,774000000,2019-05-20,OperatingIncomeLoss,2026-08-25
WBD,revenue,2019-03-31,2707000000,2019-05-20,Revenues,2026-08-25
WDAY,assets,2019-01-31,5520746000,2019-04-26,Assets,2026-08-25
WDAY,cash,2019-01-31,638554000,2019-04-26,CashAndCashEquivalentsAtCarryingValue,2026-08-25
WDAY,equity,2019-01-31,1958442000,2019-04-26,StockholdersEquity,2026-08-25
WDAY,liabilities,2019-01-31,3562304000,2019-04-26,Liabilities,2026-08-25
WDAY,operatingIncome,2019-01-31,-120283000,2019-04-26,OperatingIncomeLoss,2026-08-25
WDAY,receivables,2019-01-31,704680000,2019-04-26,AccountsReceivableNetCurrent,2026-08-25
WDAY,revenue,2019-01-31,788628000,2019-04-26,RevenueFromContractWithCustomerExcludingAssessedTax,2026-08-25
WDC,assets,2019-03-29,26913000000,2019-05-18,Assets,2026-08-25
WDC,cash,2019-03-29,3682000000,2019-05-18,CashAndCashEquivalentsAtCarryingValue,2026-08-25
WDC,debt,2019-03-29,10309000000,2019-05-18,LongTermDebtNoncurrent,2026-08-25
WDC,equity,2019-03-29,10214000000,2019-05-18,StockholdersEquity,2026-08-25
WDC,grossProfit,2019-03-29,579000000,2019-05-18,GrossProfit,2026-08-25
WDC,inventory,2019-03-29,3440000000,2019-05-18,InventoryNet,2026-08-25
WDC,liabilities,2019-03-29,16699000000,2019-05-18,Liabilities,2026-08-25
WDC,netIncome,2019-03-29,-581000000,2019-05-18,NetIncomeLoss,2026-08-25
WDC,operatingIncome,2019-03-29,-394000000,2019-05-18,OperatingIncomeLoss,2026-08-25
WDC,receivables,2019-03-29,1223000000,2019-05-18,AccountsReceivableNetCurrent,2026-08-25
WDC,revenue,2019-03-29,3674000000,2019-05-18,RevenueFromContractWithCustomerExcludingAssessedTax,2026-08-25
WDC,shares,2019-03-29,293000000,2019-05-18,CommonStockSharesOutstanding,2026-08-25
WEC,assets,2019-03-31,33737100000,2019-05-20,Assets,2026-08-25
WEC,buybacks,2019-03-31,70700000,2019-05-20,PaymentsForRepurchaseOfCommonStock,2026-08-25
WEC,capex,2019-03-31,358800000,2019-05-20,PaymentsToAcquirePropertyPlantAndEquipment,2026-08-25
WEC,cash,2019-03-31,30600000,2019-05-20,CashAndCashEquivalentsAtCarryingValue,2026-08-25
WEC,debt,2019-03-31,10326700000,2019-05-20,LongTermDebtNoncurrent,2026-08-25
WEC,operatingCashFlow,2019-03-31,735700000,2019-05-20,NetCashProvidedByUsedInOperatingActivities,2026-08-25
WEC,operatingIncome,2019-03-31,542800000,2019-05-20,OperatingIncomeLoss,2026-08-25
WEC,revenue,2019-03-31,2377400000,2019-05-20,Revenues,2026-08-25
WEC,shares,2019-03-31,315438398,2019-05-20,CommonStockSharesOutstanding,2026-08-25
WELL,assets,2019-03-31,30637336000,2019-05-20,Assets,2026-08-25
WELL,cash,2019-03-31,249127000,2019-05-20,CashAndCashEquivalentsAtCarryingValue,2026-08-25
WELL,debt,2019-03-31,12410495000,2019-05-20,LongTermDebt,2026-08-25
WELL,equity,2019-03-31,15078491000,2019-05-20,StockholdersEquity,2026-08-25
WELL,liabilities,2019-03-31,14138960000,2019-05-20,Liabilities,2026-08-25
WELL,operatingCashFlow,2019-03-31,343895000,2019-05-20,NetCashProvidedByUsedInOperatingActivities,2026-08-25
WELL,revenue,2019-03-31,1272245000,2019-05-20,Revenues,2026-08-25
WELL,shares,2019-03-31,403740032,2019-05-20,CommonStockSharesOutstanding,2026-08-25
WFC,assets,2019-03-31,1887792000000,2019-05-20,Assets,2026-08-25
WFC,buybacks,2019-03-31,4820000000,2019-05-20,PaymentsForRepurchaseOfCommonStock,2026-08-25
WFC,debt,2019-03-31,236339000000,2019-05-20,LongTermDebt,2026-08-25
WFC,equity,2019-03-31,197832000000,2019-05-20,StockholdersEquity,2026-08-25
WFC,liabilities,2019-03-31,1689059000000,2019-05-20,Liabilities,2026-08-25
WFC,netIncome,2019-03-31,5860000000,2019-05-20,NetIncomeLoss,2026-08-25
WFC,operatingCashFlow,2019-03-31,7951000000,2019-05-20,NetCashProvidedByUsedInOperatingActivities,2026-08-25
WFC,revenue,2019-03-31,21609000000,2019-05-20,Revenues,2026-08-25
WM,assets,2019-03-31,23373000000,2019-05-20,Assets,2026-08-25
WM,buybacks,2019-03-31,68000000,2019-05-20,PaymentsForRepurchaseOfCommonStock,2026-08-25
WM,capex,2019-03-31,471000000,2019-05-20,PaymentsToAcquireProductiveAssets,2026-08-25
WM,cash,2019-03-31,57000000,2019-05-20,CashAndCashEquivalentsAtCarryingValue,2026-08-25
WM,equity,2019-03-31,6415000000,2019-05-20,StockholdersEquity,2026-08-25
WM,liabilities,2019-03-31,16956000000,2019-05-20,Liabilities,2026-08-25
WM,netIncome,2019-03-31,347000000,2019-05-20,NetIncomeLoss,2026-08-25
WM,operatingCashFlow,2019-03-31,890000000,2019-05-20,NetCashProvidedByUsedInOperatingActivities,2026-08-25
WM,operatingIncome,2019-03-31,621000000,2019-05-20,OperatingIncomeLoss,2026-08-25
WM,receivables,2019-03-31,1830000000,2019-05-20,AccountsReceivableNetCurrent,2026-08-25
WM,revenue,2019-03-31,3696000000,2019-05-20,RevenueFromContractWithCustomerExcludingAssessedTax,2026-08-25
WM,shares,2019-03-31,424700000,2019-05-20,CommonStockSharesOutstanding,2026-08-25
WMB,assets,2019-03-31,45970000000,2019-05-20,Assets,2026-08-25
WMB,capex,2019-03-31,422000000,2019-05-20,PaymentsToAcquirePropertyPlantAndEquipment,2026-08-25
WMB,cash,2019-03-31,43000000,2019-05-20,CashAndCashEquivalentsAtCarryingValue,2026-08-25
WMB,equity,2019-03-31,14406000000,2019-05-20,StockholdersEquity,2026-08-25
WMB,equityStakes,2019-03-31,99000000,2019-05-20,PaymentsToAcquireEquityMethodInvestments,2026-08-25
WMB,inventory,2019-03-31,129000000,2019-05-20,InventoryNet,2026-08-25
WMB,netIncome,2019-03-31,195000000,2019-05-20,NetIncomeLoss,2026-08-25
WMB,operatingCashFlow,2019-03-31,775000000,2019-05-20,NetCashProvidedByUsedInOperatingActivities,2026-08-25
WMB,operatingIncome,2019-03-31,561000000,2019-05-20,OperatingIncomeLoss,2026-08-25
WMB,revenue,2019-03-31,2054000000,2019-05-20,Revenues,2026-08-25
WMT,assets,2019-01-31,219295000000,2019-04-26,Assets,2026-08-25
WMT,cash,2019-01-31,7722000000,2019-04-26,CashAndCashEquivalentsAtCarryingValue,2026-08-25
WMT,debt,2019-01-31,43520000000,2019-04-26,LongTermDebtNoncurrent,2026-08-25
WMT,equity,2019-01-31,72496000000,2019-04-26,StockholdersEquity,2026-08-25
WMT,inventory,2019-01-31,44269000000,2019-04-26,InventoryNet,2026-08-25
WMT,netIncome,2019-01-31,3687000000,2019-04-26,NetIncomeLoss,2026-08-25
WMT,revenue,2019-01-31,138793000000,2019-04-26,Revenues,2026-08-25
WRB,assets,2019-03-31,25585260000,2019-05-20,Assets,2026-08-25
WRB,buybacks,2019-03-31,0,2019-05-20,PaymentsForRepurchaseOfCommonStock,2026-08-25
WRB,capex,2019-03-31,3299000,2019-05-20,PaymentsToAcquirePropertyPlantAndEquipment,2026-08-25
WRB,cash,2019-03-31,937428000,2019-05-20,CashAndCashEquivalentsAtCarryingValue,2026-08-25
WRB,equity,2019-03-31,5759952000,2019-05-20,StockholdersEquity,2026-08-25
WRB,liabilities,2019-03-31,19782464000,2019-05-20,Liabilities,2026-08-25
WRB,netIncome,2019-03-31,180722000,2019-05-20,NetIncomeLoss,2026-08-25
WRB,operatingCashFlow,2019-03-31,78330000,2019-05-20,NetCashProvidedByUsedInOperatingActivities,2026-08-25
WRB,revenue,2019-03-31,1937022000,2019-05-20,Revenues,2026-08-25
WRB,shares,2019-03-31,183024006,2019-05-20,CommonStockSharesOutstanding,2026-08-25
WSM,assets,2019-02-03,2812844000,2019-04-29,Assets,2026-08-25
WSM,cash,2019-02-02,338954000,2019-04-28,CashAndCashEquivalentsAtCarryingValue,2026-08-25
WSM,debt,2019-02-03,299620000,2019-04-29,LongTermDebtNoncurrent,2026-08-25
WSM,equity,2019-02-02,1155714000,2019-04-28,StockholdersEquity,2026-08-25
WSM,grossProfit,2019-02-03,709923000,2019-04-29,GrossProfit,2026-08-25
WSM,inventory,2019-02-03,1124992000,2019-04-29,InventoryNet,2026-08-25
WSM,liabilities,2019-02-03,1657130000,2019-04-29,Liabilities,2026-08-25
WSM,netIncome,2019-02-03,155338000,2019-04-29,NetIncomeLoss,2026-08-25
WSM,operatingIncome,2019-02-03,200853000,2019-04-29,OperatingIncomeLoss,2026-08-25
WSM,revenue,2019-02-03,1836436000,2019-04-29,RevenueFromContractWithCustomerExcludingAssessedTax,2026-08-25
WSM,shares,2019-02-03,78813,2019-04-29,CommonStockSharesOutstanding,2026-08-25
WST,assets,2019-03-31,2036200000,2019-05-20,Assets,2026-08-25
WST,buybacks,2019-03-31,83100000,2019-05-20,PaymentsForRepurchaseOfCommonStock,2026-08-25
WST,capex,2019-03-31,28800000,2019-05-20,PaymentsToAcquirePropertyPlantAndEquipment,2026-08-25
WST,cash,2019-03-31,265500000,2019-05-20,CashAndCashEquivalentsAtCarryingValue,2026-08-25
WST,debt,2019-03-31,195500000,2019-05-20,LongTermDebtNoncurrent,2026-08-25
WST,equity,2019-03-31,1369500000,2019-05-20,StockholdersEquity,2026-08-25
WST,grossProfit,2019-03-31,146800000,2019-05-20,GrossProfit,2026-08-25
WST,inventory,2019-03-31,226100000,2019-05-20,InventoryNet,2026-08-25
WST,liabilities,2019-03-31,666700000,2019-05-20,Liabilities,2026-08-25
WST,netIncome,2019-03-31,55400000,2019-05-20,NetIncomeLoss,2026-08-25
WST,operatingCashFlow,2019-03-31,47600000,2019-05-20,NetCashProvidedByUsedInOperatingActivities,2026-08-25
WST,operatingIncome,2019-03-31,70700000,2019-05-20,OperatingIncomeLoss,2026-08-25
WST,receivables,2019-03-31,318200000,2019-05-20,AccountsReceivableNetCurrent,2026-08-25
WST,revenue,2019-03-31,443500000,2019-05-20,Revenues,2026-08-25
WST,rnd,2019-03-31,9800000,2019-05-20,ResearchAndDevelopmentExpense,2026-08-25
WST,shares,2019-03-31,73500000,2019-05-20,CommonStockSharesOutstanding,2026-08-25
WTW,assets,2019-03-31,35893000000,2019-05-20,Assets,2026-08-25
WTW,capex,2019-03-31,57000000,2019-05-20,PaymentsToAcquireProductiveAssets,2026-08-25
WTW,cash,2019-03-31,1033000000,2019-05-20,CashAndCashEquivalentsAtCarryingValue,2026-08-25
WTW,debt,2019-03-31,4518000000,2019-05-20,LongTermDebtNoncurrent,2026-08-25
WTW,equity,2019-03-31,10092000000,2019-05-20,StockholdersEquity,2026-08-25
WTW,liabilities,2019-03-31,25651000000,2019-05-20,Liabilities,2026-08-25
WTW,netIncome,2019-03-31,287000000,2019-05-20,NetIncomeLoss,2026-08-25
WTW,operatingCashFlow,2019-03-31,-47000000,2019-05-20,NetCashProvidedByUsedInOperatingActivities,2026-08-25
WTW,operatingIncome,2019-03-31,359000000,2019-05-20,OperatingIncomeLoss,2026-08-25
WTW,receivables,2019-03-31,2490000000,2019-05-20,AccountsReceivableNetCurrent,2026-08-25
WTW,revenue,2019-03-31,2312000000,2019-05-20,Revenues,2026-08-25
WY,assets,2019-03-31,17132000000,2019-05-20,Assets,2026-08-25
WY,buybacks,2019-03-31,60000000,2019-05-20,PaymentsForRepurchaseOfCommonStock,2026-08-25
WY,capex,2019-03-31,41000000,2019-05-20,PaymentsToAcquirePropertyPlantAndEquipment,2026-08-25
WY,cash,2019-03-31,259000000,2019-05-20,CashAndCashEquivalentsAtCarryingValue,2026-08-25
WY,debt,2019-03-31,6156000000,2019-05-20,LongTermDebtNoncurrent,2026-08-25
WY,equity,2019-03-31,8801000000,2019-05-20,StockholdersEquity,2026-08-25
WY,grossProfit,2019-03-31,321000000,2019-05-20,GrossProfit,2026-08-25
WY,inventory,2019-03-31,451000000,2019-05-20,InventoryNet,2026-08-25
WY,liabilities,2019-03-31,8331000000,2019-05-20,Liabilities,2026-08-25
WY,netIncome,2019-03-31,-289000000,2019-05-20,NetIncomeLoss,2026-08-25
WY,operatingCashFlow,2019-03-31,-14000000,2019-05-20,NetCashProvidedByUsedInOperatingActivities,2026-08-25
WY,operatingIncome,2019-03-31,174000000,2019-05-20,OperatingIncomeLoss,2026-08-25
WY,revenue,2019-03-31,1643000000,2019-05-20,Revenues,2026-08-25
WY,rnd,2019-03-31,1000000,2019-05-20,ResearchAndDevelopmentExpense,2026-08-25
WY,shares,2019-03-31,744767014,2019-05-20,CommonStockSharesOutstanding,2026-08-25
WYNN,assets,2019-03-31,13161227000,2019-05-20,Assets,2026-08-25
WYNN,buybacks,2019-03-31,5401000,2019-05-20,PaymentsForRepurchaseOfCommonStock,2026-08-25
WYNN,capex,2019-03-31,310279000,2019-05-20,PaymentsToAcquirePropertyPlantAndEquipment,2026-08-25
WYNN,cash,2019-03-31,1822891000,2019-05-20,CashAndCashEquivalentsAtCarryingValue,2026-08-25
WYNN,debt,2019-03-31,9133562000,2019-05-20,LongTermDebtNoncurrent,2026-08-25
WYNN,equity,2019-03-31,2078220000,2019-05-20,StockholdersEquity,2026-08-25
WYNN,inventory,2019-03-31,67373000,2019-05-20,InventoryNet,2026-08-25
WYNN,liabilities,2019-03-31,11245984000,2019-05-20,Liabilities,2026-08-25
WYNN,netIncome,2019-03-31,104872000,2019-05-20,NetIncomeLoss,2026-08-25
WYNN,operatingCashFlow,2019-03-31,263858000,2019-05-20,NetCashProvidedByUsedInOperatingActivities,2026-08-25
WYNN,operatingIncome,2019-03-31,255176000,2019-05-20,OperatingIncomeLoss,2026-08-25
WYNN,shares,2019-03-31,107660449,2019-05-20,CommonStockSharesOutstanding,2026-08-25
XEL,assets,2019-03-31,47850000000,2019-05-20,Assets,2026-08-25
XEL,capex,2019-03-31,844000000,2019-05-20,PaymentsToAcquireProductiveAssets,2026-08-25
XEL,cash,2019-03-31,94000000,2019-05-20,CashAndCashEquivalentsAtCarryingValue,2026-08-25
XEL,equity,2019-03-31,12329000000,2019-05-20,StockholdersEquity,2026-08-25
XEL,inventory,2019-03-31,445000000,2019-05-20,InventoryNet,2026-08-25
XEL,netIncome,2019-03-31,315000000,2019-05-20,NetIncomeLoss,2026-08-25
XEL,operatingCashFlow,2019-03-31,793000000,2019-05-20,NetCashProvidedByUsedInOperatingActivities,2026-08-25
XEL,operatingIncome,2019-03-31,486000000,2019-05-20,OperatingIncomeLoss,2026-08-25
XEL,receivables,2019-03-31,974000000,2019-05-20,AccountsReceivableNetCurrent,2026-08-25
XEL,revenue,2019-03-31,3141000000,2019-05-20,Revenues,2026-08-25
XEL,shares,2019-03-31,514667625,2019-05-20,CommonStockSharesOutstanding,2026-08-25
XYL,assets,2019-03-31,7468000000,2019-05-20,Assets,2026-08-25
XYL,buybacks,2019-03-31,39000000,2019-05-20,PaymentsForRepurchaseOfCommonStock,2026-08-25
XYL,capex,2019-03-31,69000000,2019-05-20,PaymentsToAcquireProductiveAssets,2026-08-25
XYL,cash,2019-03-31,275000000,2019-05-20,CashAndCashEquivalentsAtCarryingValue,2026-08-25
XYL,debt,2019-03-31,2044000000,2019-05-20,LongTermDebtNoncurrent,2026-08-25
XYL,equity,2019-03-31,2796000000,2019-05-20,StockholdersEquity,2026-08-25
XYL,grossProfit,2019-03-31,474000000,2019-05-20,GrossProfit,2026-08-25
XYL,inventory,2019-03-31,617000000,2019-05-20,InventoryNet,2026-08-25
XYL,liabilities,2019-03-31,4660000000,2019-05-20,Liabilities,2026-08-25
XYL,netIncome,2019-03-31,79000000,2019-05-20,NetIncomeLoss,2026-08-25
XYL,operatingCashFlow,2019-03-31,83000000,2019-05-20,NetCashProvidedByUsedInOperatingActivities,2026-08-25
XYL,operatingIncome,2019-03-31,109000000,2019-05-20,OperatingIncomeLoss,2026-08-25
XYL,receivables,2019-03-31,1020000000,2019-05-20,AccountsReceivableNetCurrent,2026-08-25
XYL,revenue,2019-03-31,1237000000,2019-05-20,Revenues,2026-08-25
XYL,rnd,2019-03-31,51000000,2019-05-20,ResearchAndDevelopmentExpense,2026-08-25
XYZ,assets,2019-03-31,4402591000,2019-05-20,Assets,2026-08-25
XYZ,capex,2019-03-31,18168000,2019-05-20,PaymentsToAcquirePropertyPlantAndEquipment,2026-08-25
XYZ,cash,2019-03-31,521676000,2019-05-20,CashAndCashEquivalentsAtCarryingValue,2026-08-25
XYZ,debt,2019-03-31,909302000,2019-05-20,LongTermDebtNoncurrent,2026-08-25
XYZ,equity,2019-03-31,1121589000,2019-05-20,StockholdersEquity,2026-08-25
XYZ,grossProfit,2019-03-31,396754000,2019-05-20,GrossProfit,2026-08-25
XYZ,inventory,2019-03-31,26679000,2019-05-20,InventoryNet,2026-08-25
XYZ,liabilities,2019-03-31,3281002000,2019-05-20,Liabilities,2026-08-25
XYZ,netIncome,2019-03-31,-38151000,2019-05-20,NetIncomeLoss,2026-08-25
XYZ,operatingCashFlow,2019-03-31,32444000,2019-05-20,NetCashProvidedByUsedInOperatingActivities,2026-08-25
XYZ,operatingIncome,2019-03-31,-22042000,2019-05-20,OperatingIncomeLoss,2026-08-25
XYZ,receivables,2019-03-31,28665000,2019-05-20,AccountsReceivableNetCurrent,2026-08-25
XYZ,revenue,2019-03-31,959359000,2019-05-20,Revenues,2026-08-25
XYZ,rnd,2019-03-31,154350000,2019-05-20,ResearchAndDevelopmentExpense,2026-08-25
YUM,assets,2019-03-31,4744000000,2019-05-20,Assets,2026-08-25
YUM,buybacks,2019-03-31,109000000,2019-05-20,PaymentsForRepurchaseOfCommonStock,2026-08-25
YUM,capex,2019-03-31,44000000,2019-05-20,PaymentsToAcquirePropertyPlantAndEquipment,2026-08-25
YUM,cash,2019-03-31,278000000,2019-05-20,CashAndCashEquivalentsAtCarryingValue,2026-08-25
YUM,equity,2019-03-31,-7904000000,2019-05-20,StockholdersEquity,2026-08-25
YUM,liabilities,2019-03-31,12648000000,2019-05-20,Liabilities,2026-08-25
YUM,netIncome,2019-03-31,262000000,2019-05-20,NetIncomeLoss,2026-08-25
YUM,operatingCashFlow,2019-03-31,300000000,2019-05-20,NetCashProvidedByUsedInOperatingActivities,2026-08-25
YUM,operatingIncome,2019-03-31,433000000,2019-05-20,OperatingIncomeLoss,2026-08-25
YUM,revenue,2019-03-31,1254000000,2019-05-20,Revenues,2026-08-25
ZBH,assets,2019-03-31,24289000000,2019-05-20,Assets,2026-08-25
ZBH,capex,2019-03-31,37800000,2019-05-20,PaymentsToAcquirePropertyPlantAndEquipment,2026-08-25
ZBH,cash,2019-03-31,586800000,2019-05-20,CashAndCashEquivalentsAtCarryingValue,2026-08-25
ZBH,debt,2019-03-31,8310600000,2019-05-20,LongTermDebtNoncurrent,2026-08-25
ZBH,equity,2019-03-31,11534400000,2019-05-20,StockholdersEquity,2026-08-25
ZBH,grossProfit,2019-03-31,1278700000,2019-05-20,GrossProfit,2026-08-25
ZBH,inventory,2019-03-31,2310200000,2019-05-20,InventoryNet,2026-08-25
ZBH,liabilities,2019-03-31,12749700000,2019-05-20,Liabilities,2026-08-25
ZBH,netIncome,2019-03-31,246100000,2019-05-20,NetIncomeLoss,2026-08-25
ZBH,operatingCashFlow,2019-03-31,283600000,2019-05-20,NetCashProvidedByUsedInOperatingActivities,2026-08-25
ZBH,operatingIncome,2019-03-31,350200000,2019-05-20,OperatingIncomeLoss,2026-08-25
ZBH,receivables,2019-03-31,1225300000,2019-05-20,AccountsReceivableNetCurrent,2026-08-25
ZBH,revenue,2019-03-31,1975500000,2019-05-20,RevenueFromContractWithCustomerExcludingAssessedTax,2026-08-25
ZBRA,assets,2019-03-30,4576000000,2019-05-19,Assets,2026-08-25
ZBRA,buybacks,2019-03-30,0,2019-05-19,PaymentsForRepurchaseOfCommonStock,2026-08-25
ZBRA,capex,2019-03-30,15000000,2019-05-19,PaymentsToAcquirePropertyPlantAndEquipment,2026-08-25
ZBRA,cash,2019-03-30,61000000,2019-05-19,CashAndCashEquivalentsAtCarryingValue,2026-08-25
ZBRA,debt,2019-03-30,1605000000,2019-05-19,LongTermDebtNoncurrent,2026-08-25
ZBRA,equity,2019-03-30,1467000000,2019-05-19,StockholdersEquity,2026-08-25
ZBRA,grossProfit,2019-03-30,501000000,2019-05-19,GrossProfit,2026-08-25
ZBRA,inventory,2019-03-30,510000000,2019-05-19,InventoryNet,2026-08-25
ZBRA,liabilities,2019-03-30,3109000000,2019-05-19,Liabilities,2026-08-25
ZBRA,netIncome,2019-03-30,115000000,2019-05-19,NetIncomeLoss,2026-08-25
ZBRA,operatingCashFlow,2019-03-30,42000000,2019-05-19,NetCashProvidedByUsedInOperatingActivities,2026-08-25
ZBRA,operatingIncome,2019-03-30,159000000,2019-05-19,OperatingIncomeLoss,2026-08-25
ZBRA,receivables,2019-03-30,488000000,2019-05-19,AccountsReceivableNetCurrent,2026-08-25
ZBRA,revenue,2019-03-30,1066000000,2019-05-19,RevenueFromContractWithCustomerExcludingAssessedTax,2026-08-25
ZBRA,rnd,2019-03-30,111000000,2019-05-19,ResearchAndDevelopmentExpense,2026-08-25
ZTS,assets,2019-03-31,10883000000,2019-05-20,Assets,2026-08-25
ZTS,buybacks,2019-03-31,150000000,2019-05-20,PaymentsForRepurchaseOfCommonStock,2026-08-25
ZTS,capex,2019-03-31,63000000,2019-05-20,PaymentsToAcquirePropertyPlantAndEquipment,2026-08-25
ZTS,cash,2019-03-31,1728000000,2019-05-20,CashAndCashEquivalentsAtCarryingValue,2026-08-25
ZTS,debt,2019-03-31,6444000000,2019-05-20,LongTermDebtNoncurrent,2026-08-25
ZTS,inventory,2019-03-31,1361000000,2019-05-20,InventoryNet,2026-08-25
ZTS,liabilities,2019-03-31,8566000000,2019-05-20,Liabilities,2026-08-25
ZTS,netIncome,2019-03-31,312000000,2019-05-20,NetIncomeLoss,2026-08-25
ZTS,operatingCashFlow,2019-03-31,389000000,2019-05-20,NetCashProvidedByUsedInOperatingActivities,2026-08-25
ZTS,receivables,2019-03-31,970000000,2019-05-20,AccountsReceivableNetCurrent,2026-08-25
ZTS,revenue,2019-03-31,1455000000,2019-05-20,Revenues,2026-08-25
ZTS,shares,2019-03-31,479026001,2019-05-20,CommonStockSharesOutstanding,2026-08-25
A,assets,2019-01-31,8952000000,2019-04-26,Assets,2026-08-27
A,buybacks,2019-01-31,75000000,2019-04-26,PaymentsForRepurchaseOfCommonStock,2026-08-27
A,capex,2019-01-31,39000000,2019-04-26,PaymentsToAcquirePropertyPlantAndEquipment,2026-08-27
A,cash,2019-01-31,2057000000,2019-04-26,CashAndCashEquivalentsAtCarryingValue,2026-08-27
A,debt,2019-01-31,1798000000,2019-04-26,LongTermDebtNoncurrent,2026-08-27
A,equity,2019-01-31,5036000000,2019-04-26,StockholdersEquity,2026-08-27
A,inventory,2019-01-31,653000000,2019-04-26,InventoryNet,2026-08-27
A,liabilities,2019-01-31,3916000000,2019-04-26,Liabilities,2026-08-27
A,netIncome,2019-01-31,504000000,2019-04-26,NetIncomeLoss,2026-08-27
A,operatingCashFlow,2019-01-31,213000000,2019-04-26,NetCashProvidedByUsedInOperatingActivities,2026-08-27
A,operatingIncome,2019-01-31,250000000,2019-04-26,OperatingIncomeLoss,2026-08-27
A,receivables,2019-01-31,833000000,2019-04-26,AccountsReceivableNetCurrent,2026-08-27
A,revenue,2019-01-31,1284000000,2019-04-26,RevenueFromContractWithCustomerExcludingAssessedTax,2026-08-27
A,rnd,2019-01-31,102000000,2019-04-26,ResearchAndDevelopmentExpense,2026-08-27
A,shares,2019-01-31,318000000,2019-04-26,CommonStockSharesOutstanding,2026-08-27
AAPL,assets,2019-03-30,341998000000,2019-05-19,Assets,2026-08-27
AAPL,cash,2019-03-30,37988000000,2019-05-19,CashAndCashEquivalentsAtCarryingValue,2026-08-27
AAPL,debt,2019-03-30,90201000000,2019-05-19,LongTermDebtNoncurrent,2026-08-27
AAPL,equity,2019-03-30,105860000000,2019-05-19,StockholdersEquity,2026-08-27
AAPL,grossProfit,2019-03-30,21821000000,2019-05-19,GrossProfit,2026-08-27
AAPL,inventory,2019-03-30,4884000000,2019-05-19,InventoryNet,2026-08-27
AAPL,liabilities,2019-03-30,236138000000,2019-05-19,Liabilities,2026-08-27
AAPL,netIncome,2019-03-30,11561000000,2019-05-19,NetIncomeLoss,2026-08-27
AAPL,operatingIncome,2019-03-30,13415000000,2019-05-19,OperatingIncomeLoss,2026-08-27
AAPL,receivables,2019-03-30,15085000000,2019-05-19,AccountsReceivableNetCurrent,2026-08-27
AAPL,revenue,2019-03-30,58015000000,2019-05-19,RevenueFromContractWithCustomerExcludingAssessedTax,2026-08-27
AAPL,rnd,2019-03-30,3948000000,2019-05-19,ResearchAndDevelopmentExpense,2026-08-27
AAPL,shares,2019-03-30,4607284000,2019-05-19,CommonStockSharesOutstanding,2026-08-27
ABBV,assets,2019-03-31,56769000000,2019-05-20,Assets,2026-08-27
ABBV,buybacks,2019-03-31,620000000,2019-05-20,PaymentsForRepurchaseOfCommonStock,2026-08-27
ABBV,capex,2019-03-31,107000000,2019-05-20,PaymentsToAcquirePropertyPlantAndEquipment,2026-08-27
ABBV,cash,2019-03-31,4897000000,2019-05-20,CashAndCashEquivalentsAtCarryingValue,2026-08-27
ABBV,equity,2019-03-31,-7826000000,2019-05-20,StockholdersEquity,2026-08-27
ABBV,grossProfit,2019-03-31,6134000000,2019-05-20,GrossProfit,2026-08-27
ABBV,inventory,2019-03-31,1702000000,2019-05-20,InventoryNet,2026-08-27
ABBV,netIncome,2019-03-31,2456000000,2019-05-20,NetIncomeLoss,2026-08-27
ABBV,operatingCashFlow,2019-03-31,3017000000,2019-05-20,NetCashProvidedByUsedInOperatingActivities,2026-08-27
ABBV,operatingIncome,2019-03-31,3010000000,2019-05-20,OperatingIncomeLoss,2026-08-27
ABBV,receivables,2019-03-31,5680000000,2019-05-20,AccountsReceivableNetCurrent,2026-08-27
ABBV,revenue,2019-03-31,7828000000,2019-05-20,Revenues,2026-08-27
ABT,assets,2019-03-31,67610000000,2019-05-20,Assets,2026-08-27
ABT,buybacks,2019-03-31,217000000,2019-05-20,PaymentsForRepurchaseOfCommonStock,2026-08-27
ABT,capex,2019-03-31,335000000,2019-05-20,PaymentsToAcquirePropertyPlantAndEquipment,2026-08-27
ABT,cash,2019-03-31,3022000000,2019-05-20,CashAndCashEquivalentsAtCarryingValue,2026-08-27
ABT,debt,2019-03-31,18845000000,2019-05-20,LongTermDebtNoncurrent,2026-08-27
ABT,equity,2019-03-31,30925000000,2019-05-20,StockholdersEquity,2026-08-27
ABT,grossProfit,2019-03-31,3889000000,2019-05-20,GrossProfit,2026-08-27
ABT,inventory,2019-03-31,4085000000,2019-05-20,InventoryNet,2026-08-27
ABT,netIncome,2019-03-31,672000000,2019-05-20,NetIncomeLoss,2026-08-27
ABT,operatingCashFlow,2019-03-31,712000000,2019-05-20,NetCashProvidedByUsedInOperatingActivities,2026-08-27
ABT,operatingIncome,2019-03-31,739000000,2019-05-20,OperatingIncomeLoss,2026-08-27
ABT,receivables,2019-03-31,5345000000,2019-05-20,AccountsReceivableNetCurrent,2026-08-27
ABT,revenue,2019-03-31,7535000000,2019-05-20,RevenueFromContractWithCustomerExcludingAssessedTax,2026-08-27
ABT,rnd,2019-03-31,672000000,2019-05-20,ResearchAndDevelopmentExpense,2026-08-27
ACGL,assets,2019-03-31,33977037000,2019-05-20,Assets,2026-08-27
ACGL,buybacks,2019-03-31,2871000,2019-05-20,PaymentsForRepurchaseOfCommonStock,2026-08-27
ACGL,capex,2019-03-31,9423000,2019-05-20,PaymentsToAcquireProductiveAssets,2026-08-27
ACGL,cash,2019-03-31,633100000,2019-05-20,CashAndCashEquivalentsAtCarryingValue,2026-08-27
ACGL,equity,2019-03-31,10114596000,2019-05-20,StockholdersEquity,2026-08-27
ACGL,liabilities,2019-03-31,22817977000,2019-05-20,Liabilities,2026-08-27
ACGL,netIncome,2019-03-31,448528000,2019-05-20,NetIncomeLoss,2026-08-27
ACGL,operatingCashFlow,2019-03-31,235398000,2019-05-20,NetCashProvidedByUsedInOperatingActivities,2026-08-27
ACGL,revenue,2019-03-31,1722846000,2019-05-20,Revenues,2026-08-27
ACN,assets,2019-02-28,27390208000,2019-04-19,Assets,2026-08-27
ACN,cash,2019-02-28,4464889000,2019-04-19,CashAndCashEquivalentsAtCarryingValue,2026-08-27
ACN,equity,2019-02-28,13337033000,2019-04-19,StockholdersEquity,2026-08-27
ACN,netIncome,2019-02-28,1124449000,2019-04-19,NetIncomeLoss,2026-08-27
ACN,operatingIncome,2019-02-28,1386626000,2019-04-19,OperatingIncomeLoss,2026-08-27
ACN,receivables,2019-02-28,7579589000,2019-04-19,AccountsReceivableNetCurrent,2026-08-27
ACN,revenue,2019-02-28,10454129000,2019-04-19,Revenues,2026-08-27
ADBE,assets,2019-03-01,19505536000,2019-04-20,Assets,2026-08-27
ADBE,buybacks,2019-03-01,500000000,2019-04-20,PaymentsForRepurchaseOfCommonStock,2026-08-27
ADBE,capex,2019-03-01,65000000,2019-04-20,PaymentsToAcquirePropertyPlantAndEquipment,2026-08-27
ADBE,cash,2019-03-01,1739000000,2019-04-20,CashAndCashEquivalentsAtCarryingValue,2026-08-27
ADBE,debt,2019-03-01,3236833000,2019-04-20,LongTermDebt,2026-08-27
ADBE,equity,2019-03-01,9871000000,2019-04-20,StockholdersEquity,2026-08-27
ADBE,grossProfit,2019-03-01,2204000000,2019-04-20,GrossProfit,2026-08-27
ADBE,liabilities,2019-03-01,9634051000,2019-04-20,Liabilities,2026-08-27
ADBE,netIncome,2019-03-01,674000000,2019-04-20,NetIncomeLoss,2026-08-27
ADBE,operatingCashFlow,2019-03-01,1013000000,2019-04-20,NetCashProvidedByUsedInOperatingActivities,2026-08-27
ADBE,operatingIncome,2019-03-01,695000000,2019-04-20,OperatingIncomeLoss,2026-08-27
ADBE,receivables,2019-03-01,1342343000,2019-04-20,AccountsReceivableNetCurrent,2026-08-27
ADBE,revenue,2019-03-01,2601000000,2019-04-20,Revenues,2026-08-27
ADBE,shares,2019-03-01,488504000,2019-04-20,CommonStockSharesOutstanding,2026-08-27
ADI,assets,2019-02-02,21828278000,2019-04-28,Assets,2026-08-27
ADI,buybacks,2019-02-02,227093000,2019-04-28,PaymentsForRepurchaseOfCommonStock,2026-08-27
ADI,capex,2019-02-02,90993000,2019-04-28,PaymentsToAcquirePropertyPlantAndEquipment,2026-08-27
ADI,cash,2019-02-02,605864000,2019-04-28,CashAndCashEquivalentsAtCarryingValue,2026-08-27
ADI,equity,2019-02-02,11585437000,2019-04-28,StockholdersEquity,2026-08-27
ADI,grossProfit,2019-02-02,1039656000,2019-04-28,GrossProfit,2026-08-27
ADI,inventory,2019-02-02,593211000,2019-04-28,InventoryNet,2026-08-27
ADI,netIncome,2019-02-02,355006000,2019-04-28,NetIncomeLoss,2026-08-27
ADI,operatingCashFlow,2019-02-02,371767000,2019-04-28,NetCashProvidedByUsedInOperatingActivities,2026-08-27
ADI,operatingIncome,2019-02-02,455826000,2019-04-28,OperatingIncomeLoss,2026-08-27
ADI,receivables,2019-02-02,713730000,2019-04-28,AccountsReceivableNetCurrent,2026-08-27
ADI,revenue,2019-02-02,1541101000,2019-04-28,RevenueFromContractWithCustomerExcludingAssessedTax,2026-08-27
ADI,rnd,2019-02-02,287382000,2019-04-28,ResearchAndDevelopmentExpense,2026-08-27
ADI,shares,2019-02-02,368314314,2019-04-28,CommonStockSharesOutstanding,2026-08-27
ADM,assets,2019-03-31,43151000000,2019-05-20,Assets,2026-08-27
ADM,buybacks,2019-03-31,0,2019-05-20,PaymentsForRepurchaseOfCommonStock,2026-08-27
ADM,capex,2019-03-31,198000000,2019-05-20,PaymentsToAcquirePropertyPlantAndEquipment,2026-08-27
ADM,cash,2019-03-31,926000000,2019-05-20,CashAndCashEquivalentsAtCarryingValue,2026-08-27
ADM,debt,2019-03-31,7675000000,2019-05-20,LongTermDebtNoncurrent,2026-08-27
ADM,grossProfit,2019-03-31,928000000,2019-05-20,GrossProfit,2026-08-27
ADM,inventory,2019-03-31,8946000000,2019-05-20,InventoryNet,2026-08-27
ADM,netIncome,2019-03-31,233000000,2019-05-20,NetIncomeLoss,2026-08-27
ADM,operatingCashFlow,2019-03-31,-2035000000,2019-05-20,NetCashProvidedByUsedInOperatingActivities,2026-08-27
ADM,receivables,2019-03-31,2515000000,2019-05-20,AccountsReceivableNetCurrent,2026-08-27
ADM,revenue,2019-03-31,15304000000,2019-05-20,Revenues,2026-08-27
ADP,assets,2019-03-31,48196300000,2019-05-20,Assets,2026-08-27
ADP,cash,2019-03-31,1826200000,2019-05-20,CashAndCashEquivalentsAtCarryingValue,2026-08-27
ADP,debt,2019-03-31,2002300000,2019-05-20,LongTermDebtNoncurrent,2026-08-27
ADP,equity,2019-03-31,5246200000,2019-05-20,StockholdersEquity,2026-08-27
ADP,grossProfit,2019-03-31,1735600000,2019-05-20,GrossProfit,2026-08-27
ADP,liabilities,2019-03-31,42950100000,2019-05-20,Liabilities,2026-08-27
ADP,netIncome,2019-03-31,753700000,2019-05-20,NetIncomeLoss,2026-08-27
ADP,receivables,2019-03-31,2485200000,2019-05-20,AccountsReceivableNetCurrent,2026-08-27
ADP,revenue,2019-03-31,3828200000,2019-05-20,Revenues,2026-08-27
ADP,shares,2019-03-31,435500000,2019-05-20,CommonStockSharesOutstanding,2026-08-27
ADSK,assets,2019-01-31,4729200000,2019-04-26,Assets,2026-08-27
ADSK,cash,2019-01-31,886000000,2019-04-26,CashAndCashEquivalentsAtCarryingValue,2026-08-27
ADSK,debt,2019-01-31,2087700000,2019-04-26,LongTermDebt,2026-08-27
ADSK,equity,2019-01-31,-210900000,2019-04-26,StockholdersEquity,2026-08-27
ADSK,grossProfit,2019-01-31,660300000,2019-04-26,GrossProfit,2026-08-27
ADSK,netIncome,2019-01-31,64700000,2019-04-26,NetIncomeLoss,2026-08-27
ADSK,operatingIncome,2019-01-31,40300000,2019-04-26,OperatingIncomeLoss,2026-08-27
ADSK,receivables,2019-01-31,474300000,2019-04-26,AccountsReceivableNetCurrent,2026-08-27
ADSK,revenue,2019-01-31,737300000,2019-04-26,RevenueFromContractWithCustomerExcludingAssessedTax,2026-08-27
ADSK,shares,2019-01-31,219400000,2019-04-26,CommonStockSharesOutstanding,2026-08-27
AEE,assets,2019-03-31,27509000000,2019-05-20,Assets,2026-08-27
AEE,capex,2019-03-31,544000000,2019-05-20,PaymentsToAcquirePropertyPlantAndEquipment,2026-08-27
AEE,cash,2019-03-31,8000000,2019-05-20,CashAndCashEquivalentsAtCarryingValue,2026-08-27
AEE,debt,2019-03-31,8221000000,2019-05-20,LongTermDebtNoncurrent,2026-08-27
AEE,equity,2019-03-31,7705000000,2019-05-20,StockholdersEquity,2026-08-27
AEE,inventory,2019-03-31,402000000,2019-05-20,InventoryNet,2026-08-27
AEE,operatingCashFlow,2019-03-31,387000000,2019-05-20,NetCashProvidedByUsedInOperatingActivities,2026-08-27
AEE,operatingIncome,2019-03-31,288000000,2019-05-20,OperatingIncomeLoss,2026-08-27
AEE,receivables,2019-03-31,517000000,2019-05-20,AccountsReceivableNetCurrent,2026-08-27
AEE,revenue,2019-03-31,1556000000,2019-05-20,Revenues,2026-08-27
AEE,shares,2019-03-31,245600000,2019-05-20,CommonStockSharesOutstanding,2026-08-27
AEP,assets,2019-03-31,70722000000,2019-05-20,Assets,2026-08-27
AEP,cash,2019-03-31,227700000,2019-05-20,CashAndCashEquivalentsAtCarryingValue,2026-08-27
AEP,debt,2019-03-31,22898200000,2019-05-20,LongTermDebtNoncurrent,2026-08-27
AEP,equity,2019-03-31,19196300000,2019-05-20,StockholdersEquity,2026-08-27
AEP,liabilities,2019-03-31,51378800000,2019-05-20,Liabilities,2026-08-27
AEP,operatingCashFlow,2019-03-31,808300000,2019-05-20,NetCashProvidedByUsedInOperatingActivities,2026-08-27
AEP,operatingIncome,2019-03-31,788400000,2019-05-20,OperatingIncomeLoss,2026-08-27
AEP,receivables,2019-03-31,1882300000,2019-05-20,AccountsReceivableNetCurrent,2026-08-27
AEP,revenue,2019-03-31,4056800000,2019-05-20,Revenues,2026-08-27
AES,assets,2019-03-31,33471000000,2019-05-20,Assets,2026-08-27
AES,capex,2019-03-31,504000000,2019-05-20,PaymentsToAcquirePropertyPlantAndEquipment,2026-08-27
AES,cash,2019-03-31,1426000000,2019-05-20,CashAndCashEquivalentsAtCarryingValue,2026-08-27
AES,equity,2019-03-31,3234000000,2019-05-20,StockholdersEquity,2026-08-27
AES,grossProfit,2019-03-31,586000000,2019-05-20,GrossProfit,2026-08-27
AES,inventory,2019-03-31,579000000,2019-05-20,InventoryNet,2026-08-27
AES,netIncome,2019-03-31,154000000,2019-05-20,NetIncomeLoss,2026-08-27
AES,operatingCashFlow,2019-03-31,690000000,2019-05-20,NetCashProvidedByUsedInOperatingActivities,2026-08-27
AES,receivables,2019-03-31,1564000000,2019-05-20,AccountsReceivableNetCurrent,2026-08-27
AES,revenue,2019-03-31,2650000000,2019-05-20,Revenues,2026-08-27
AES,shares,2019-03-31,663694956,2019-05-20,CommonStockSharesOutstanding,2026-08-27
AFL,assets,2019-03-31,145679000000,2019-05-20,Assets,2026-08-27
AFL,buybacks,2019-03-31,490000000,2019-05-20,PaymentsForRepurchaseOfCommonStock,2026-08-27
AFL,cash,2019-03-31,3892000000,2019-05-20,CashAndCashEquivalentsAtCarryingValue,2026-08-27
AFL,equity,2019-03-31,26049000000,2019-05-20,StockholdersEquity,2026-08-27
AFL,liabilities,2019-03-31,119630000000,2019-05-20,Liabilities,2026-08-27
AFL,netIncome,2019-03-31,928000000,2019-05-20,NetIncomeLoss,2026-08-27
AFL,operatingCashFlow,2019-03-31,1544000000,2019-05-20,NetCashProvidedByUsedInOperatingActivities,2026-08-27
AFL,operatingIncome,2019-03-31,1139000000,2019-05-20,OperatingIncomeLoss,2026-08-27
AFL,revenue,2019-03-31,5657000000,2019-05-20,Revenues,2026-08-27
AFL,shares,2019-03-31,746487000,2019-05-20,CommonStockSharesOutstanding,2026-08-27
AIG,assets,2019-03-31,512922000000,2019-05-20,Assets,2026-08-27
AIG,buybacks,2019-03-31,0,2019-05-20,PaymentsForRepurchaseOfCommonStock,2026-08-27
AIG,debt,2019-03-31,35776000000,2019-05-20,LongTermDebt,2026-08-27
AIG,equity,2019-03-31,60787000000,2019-05-20,StockholdersEquity,2026-08-27
AIG,liabilities,2019-03-31,450829000000,2019-05-20,Liabilities,2026-08-27
AIG,netIncome,2019-03-31,654000000,2019-05-20,NetIncomeLoss,2026-08-27
AIG,operatingCashFlow,2019-03-31,-976000000,2019-05-20,NetCashProvidedByUsedInOperatingActivities,2026-08-27
AIG,revenue,2019-03-31,12456000000,2019-05-20,Revenues,2026-08-27
AIG,shares,2019-03-31,869736901,2019-05-20,CommonStockSharesOutstanding,2026-08-27
AIZ,assets,2019-03-31,42237000000,2019-05-20,Assets,2026-08-27
AIZ,buybacks,2019-03-31,50000000,2019-05-20,PaymentsForRepurchaseOfCommonStock,2026-08-27
AIZ,capex,2019-03-31,32400000,2019-05-20,PaymentsToAcquirePropertyPlantAndEquipment,2026-08-27
AIZ,cash,2019-03-31,1274200000,2019-05-20,CashAndCashEquivalentsAtCarryingValue,2026-08-27
AIZ,debt,2019-03-31,2006600000,2019-05-20,LongTermDebt,2026-08-27
AIZ,equity,2019-03-31,5440600000,2019-05-20,StockholdersEquity,2026-08-27
AIZ,liabilities,2019-03-31,36765300000,2019-05-20,Liabilities,2026-08-27
AIZ,netIncome,2019-03-31,165700000,2019-05-20,NetIncomeLoss,2026-08-27
AIZ,operatingCashFlow,2019-03-31,246700000,2019-05-20,NetCashProvidedByUsedInOperatingActivities,2026-08-27
AIZ,revenue,2019-03-31,2435600000,2019-05-20,Revenues,2026-08-27
AIZ,shares,2019-03-31,61678749,2019-05-20,CommonStockSharesOutstanding,2026-08-27
AJG,assets,2019-03-31,18631400000,2019-05-20,Assets,2026-08-27
AJG,cash,2019-03-31,871500000,2019-05-20,CashAndCashEquivalentsAtCarryingValue,2026-08-27
AJG,debt,2019-03-31,3690300000,2019-05-20,LongTermDebtNoncurrent,2026-08-27
AJG,equity,2019-03-31,4880300000,2019-05-20,StockholdersEquity,2026-08-27
AJG,liabilities,2019-03-31,13673200000,2019-05-20,Liabilities,2026-08-27
AJG,netIncome,2019-03-31,334100000,2019-05-20,NetIncomeLoss,2026-08-27
AJG,operatingCashFlow,2019-03-31,-96200000,2019-05-20,NetCashProvidedByUsedInOperatingActivities,2026-08-27
AJG,revenue,2019-03-31,1990600000,2019-05-20,Revenues,2026-08-27
AJG,shares,2019-03-31,185300000,2019-05-20,CommonStockSharesOutstanding,2026-08-27
AKAM,assets,2019-03-31,5182762000,2019-05-20,Assets,2026-08-27
AKAM,buybacks,2019-03-31,34872000,2019-05-20,PaymentsForRepurchaseOfCommonStock,2026-08-27
AKAM,capex,2019-03-31,69752000,2019-05-20,PaymentsToAcquirePropertyPlantAndEquipment,2026-08-27
AKAM,cash,2019-03-31,688698000,2019-05-20,CashAndCashEquivalentsAtCarryingValue,2026-08-27
AKAM,equity,2019-03-31,3283217000,2019-05-20,StockholdersEquity,2026-08-27
AKAM,equityStakes,2019-03-31,40213000,2019-05-20,PaymentsToAcquireEquityMethodInvestments,2026-08-27
AKAM,liabilities,2019-03-31,1899545000,2019-05-20,Liabilities,2026-08-27
AKAM,netIncome,2019-03-31,107130000,2019-05-20,NetIncomeLoss,2026-08-27
AKAM,operatingCashFlow,2019-03-31,160850000,2019-05-20,NetCashProvidedByUsedInOperatingActivities,2026-08-27
AKAM,operatingIncome,2019-03-31,134525000,2019-05-20,OperatingIncomeLoss,2026-08-27
AKAM,receivables,2019-03-31,529346000,2019-05-20,AccountsReceivableNetCurrent,2026-08-27
AKAM,rnd,2019-03-31,66141000,2019-05-20,ResearchAndDevelopmentExpense,2026-08-27
AKAM,shares,2019-03-31,163503258,2019-05-20,CommonStockSharesOutstanding,2026-08-27
ALB,assets,2019-03-31,7871062000,2019-05-20,Assets,2026-08-27
ALB,capex,2019-03-31,216132000,2019-05-20,PaymentsToAcquirePropertyPlantAndEquipment,2026-08-27
ALB,cash,2019-03-31,465274000,2019-05-20,CashAndCashEquivalentsAtCarryingValue,2026-08-27
ALB,debt,2019-03-31,1393904000,2019-05-20,LongTermDebtNoncurrent,2026-08-27
ALB,equity,2019-03-31,3672274000,2019-05-20,StockholdersEquity,2026-08-27
ALB,grossProfit,2019-03-31,283486000,2019-05-20,GrossProfit,2026-08-27
ALB,inventory,2019-03-31,756193000,2019-05-20,InventoryNet,2026-08-27
ALB,netIncome,2019-03-31,133569000,2019-05-20,NetIncomeLoss,2026-08-27
ALB,operatingCashFlow,2019-03-31,54916000,2019-05-20,NetCashProvidedByUsedInOperatingActivities,2026-08-27
ALB,operatingIncome,2019-03-31,155154000,2019-05-20,OperatingIncomeLoss,2026-08-27
ALB,receivables,2019-03-31,603542000,2019-05-20,AccountsReceivableNetCurrent,2026-08-27
ALB,revenue,2019-03-31,832064000,2019-05-20,Revenues,2026-08-27
ALB,rnd,2019-03-31,14977000,2019-05-20,ResearchAndDevelopmentExpense,2026-08-27
ALB,shares,2019-03-31,105950000,2019-05-20,CommonStockSharesOutstanding,2026-08-27
ALGN,assets,2019-03-31,2234430000,2019-05-20,Assets,2026-08-27
ALGN,buybacks,2019-03-31,50000000,2019-05-20,PaymentsForRepurchaseOfCommonStock,2026-08-27
ALGN,capex,2019-03-31,35261000,2019-05-20,PaymentsToAcquirePropertyPlantAndEquipment,2026-08-27
ALGN,cash,2019-03-31,588001000,2019-05-20,CashAndCashEquivalentsAtCarryingValue,2026-08-27
ALGN,equity,2019-03-31,1255704000,2019-05-20,StockholdersEquity,2026-08-27
ALGN,grossProfit,2019-03-31,402096000,2019-05-20,GrossProfit,2026-08-27
ALGN,inventory,2019-03-31,68489000,2019-05-20,InventoryNet,2026-08-27
ALGN,liabilities,2019-03-31,978726000,2019-05-20,Liabilities,2026-08-27
ALGN,netIncome,2019-03-31,71848000,2019-05-20,NetIncomeLoss,2026-08-27
ALGN,operatingCashFlow,2019-03-31,117207000,2019-05-20,NetCashProvidedByUsedInOperatingActivities,2026-08-27
ALGN,operatingIncome,2019-03-31,87701000,2019-05-20,OperatingIncomeLoss,2026-08-27
ALGN,receivables,2019-03-31,479281000,2019-05-20,AccountsReceivableNetCurrent,2026-08-27
ALGN,revenue,2019-03-31,548971000,2019-05-20,RevenueFromContractWithCustomerExcludingAssessedTax,2026-08-27
ALGN,rnd,2019-03-31,37503000,2019-05-20,ResearchAndDevelopmentExpense,2026-08-27
ALGN,shares,2019-03-31,80000000,2019-05-20,CommonStockSharesOutstanding,2026-08-27
ALL,assets,2019-03-31,115834000000,2019-05-20,Assets,2026-08-27
ALL,buybacks,2019-03-31,0,2019-05-20,PaymentsForRepurchaseOfCommonStock,2026-08-27
ALL,capex,2019-03-31,80000000,2019-05-20,PaymentsToAcquirePropertyPlantAndEquipment,2026-08-27
ALL,debt,2019-03-31,6453000000,2019-05-20,LongTermDebt,2026-08-27
ALL,equity,2019-03-31,23418000000,2019-05-20,StockholdersEquity,2026-08-27
ALL,liabilities,2019-03-31,92416000000,2019-05-20,Liabilities,2026-08-27
ALL,netIncome,2019-03-31,1292000000,2019-05-20,NetIncomeLoss,2026-08-27
ALL,operatingCashFlow,2019-03-31,714000000,2019-05-20,NetCashProvidedByUsedInOperatingActivities,2026-08-27
ALL,revenue,2019-03-31,10990000000,2019-05-20,Revenues,2026-08-27
ALL,shares,2019-03-31,333000000,2019-05-20,CommonStockSharesOutstanding,2026-08-27
ALLE,assets,2019-03-31,2800800000,2019-05-20,Assets,2026-08-27
ALLE,buybacks,2019-03-31,63800000,2019-05-20,PaymentsForRepurchaseOfCommonStock,2026-08-27
ALLE,capex,2019-03-31,12300000,2019-05-20,PaymentsToAcquireProductiveAssets,2026-08-27
ALLE,cash,2019-03-31,153800000,2019-05-20,CashAndCashEquivalentsAtCarryingValue,2026-08-27
ALLE,debt,2019-03-31,1401300000,2019-05-20,LongTermDebtNoncurrent,2026-08-27
ALLE,equity,2019-03-31,633700000,2019-05-20,StockholdersEquity,2026-08-27
ALLE,inventory,2019-03-31,296800000,2019-05-20,InventoryNet,2026-08-27
ALLE,liabilities,2019-03-31,2163400000,2019-05-20,Liabilities,2026-08-27
ALLE,netIncome,2019-03-31,80200000,2019-05-20,NetIncomeLoss,2026-08-27
ALLE,operatingCashFlow,2019-03-31,-12600000,2019-05-20,NetCashProvidedByUsedInOperatingActivities,2026-08-27
ALLE,operatingIncome,2019-03-31,108000000,2019-05-20,OperatingIncomeLoss,2026-08-27
ALLE,revenue,2019-03-31,655000000,2019-05-20,Revenues,2026-08-27
AMAT,assets,2019-01-27,18922000000,2019-04-22,Assets,2026-08-27
AMAT,buybacks,2019-01-27,750000000,2019-04-22,PaymentsForRepurchaseOfCommonStock,2026-08-27
AMAT,capex,2019-01-27,133000000,2019-04-22,PaymentsToAcquirePropertyPlantAndEquipment,2026-08-27
AMAT,cash,2019-01-27,3192000000,2019-04-22,CashAndCashEquivalentsAtCarryingValue,2026-08-27
AMAT,debt,2019-01-27,5310000000,2019-04-22,LongTermDebtNoncurrent,2026-08-27
AMAT,equity,2019-01-27,8209000000,2019-04-22,StockholdersEquity,2026-08-27
AMAT,grossProfit,2019-01-27,1665000000,2019-04-22,GrossProfit,2026-08-27
AMAT,inventory,2019-01-27,3703000000,2019-04-22,InventoryNet,2026-08-27
AMAT,liabilities,2019-01-27,10713000000,2019-04-22,Liabilities,2026-08-27
AMAT,netIncome,2019-01-27,771000000,2019-04-22,NetIncomeLoss,2026-08-27
AMAT,operatingCashFlow,2019-01-27,834000000,2019-04-22,NetCashProvidedByUsedInOperatingActivities,2026-08-27
AMAT,operatingIncome,2019-01-27,908000000,2019-04-22,OperatingIncomeLoss,2026-08-27
AMAT,receivables,2019-01-27,2444000000,2019-04-22,AccountsReceivableNetCurrent,2026-08-27
AMAT,revenue,2019-01-27,3753000000,2019-04-22,Revenues,2026-08-27
AMAT,rnd,2019-01-27,516000000,2019-04-22,ResearchAndDevelopmentExpense,2026-08-27
AMCR,assets,2019-03-31,130,2019-05-20,Assets,2026-08-27
AMCR,cash,2019-03-31,130,2019-05-20,CashAndCashEquivalentsAtCarryingValue,2026-08-27
AMCR,equity,2019-03-31,96,2019-05-20,StockholdersEquity,2026-08-27
AMCR,grossProfit,2019-03-31,419800000,2019-05-20,GrossProfit,2026-08-27
AMCR,liabilities,2019-03-31,34,2019-05-20,Liabilities,2026-08-27
AMCR,netIncome,2019-03-31,112600000,2019-05-20,NetIncomeLoss,2026-08-27
AMCR,operatingIncome,2019-03-31,181300000,2019-05-20,OperatingIncomeLoss,2026-08-27
AMCR,revenue,2019-03-31,2309900000,2019-05-20,Revenues,2026-08-27
AMCR,rnd,2019-03-31,15800000,2019-05-20,ResearchAndDevelopmentExpense,2026-08-27
AMCR,shares,2019-03-31,13001,2019-05-20,CommonStockSharesOutstanding,2026-08-27
AMD,assets,2019-03-30,4931000000,2019-05-19,Assets,2026-08-27
AMD,capex,2019-03-30,62000000,2019-05-19,PaymentsToAcquirePropertyPlantAndEquipment,2026-08-27
AMD,cash,2019-03-30,978000000,2019-05-19,CashAndCashEquivalentsAtCarryingValue,2026-08-27
AMD,debt,2019-03-30,1024000000,2019-05-19,LongTermDebtNoncurrent,2026-08-27
AMD,equity,2019-03-30,1788000000,2019-05-19,StockholdersEquity,2026-08-27
AMD,grossProfit,2019-03-30,521000000,2019-05-19,GrossProfit,2026-08-27
AMD,inventory,2019-03-30,955000000,2019-05-19,InventoryNet,2026-08-27
AMD,netIncome,2019-03-30,16000000,2019-05-19,NetIncomeLoss,2026-08-27
AMD,operatingCashFlow,2019-03-30,-213000000,2019-05-19,NetCashProvidedByUsedInOperatingActivities,2026-08-27
AMD,operatingIncome,2019-03-30,38000000,2019-05-19,OperatingIncomeLoss,2026-08-27
AMD,receivables,2019-03-30,1241000000,2019-05-19,AccountsReceivableNetCurrent,2026-08-27
AMD,revenue,2019-03-30,1272000000,2019-05-19,RevenueFromContractWithCustomerExcludingAssessedTax,2026-08-27
AMD,rnd,2019-03-30,373000000,2019-05-19,ResearchAndDevelopmentExpense,2026-08-27
AMD,shares,2019-03-30,1082000000,2019-05-19,CommonStockSharesOutstanding,2026-08-27
AME,assets,2019-03-31,8891483000,2019-05-20,Assets,2026-08-27
AME,buybacks,2019-03-31,137000,2019-05-20,PaymentsForRepurchaseOfCommonStock,2026-08-27
AME,capex,2019-03-31,21417000,2019-05-20,PaymentsToAcquirePropertyPlantAndEquipment,2026-08-27
AME,cash,2019-03-31,368065000,2019-05-20,CashAndCashEquivalentsAtCarryingValue,2026-08-27
AME,debt,2019-03-31,2368197000,2019-05-20,LongTermDebtNoncurrent,2026-08-27
AME,equity,2019-03-31,4456621000,2019-05-20,StockholdersEquity,2026-08-27
AME,inventory,2019-03-31,640580000,2019-05-20,InventoryNet,2026-08-27
AME,liabilities,2019-03-31,4434862000,2019-05-20,Liabilities,2026-08-27
AME,netIncome,2019-03-31,204268000,2019-05-20,NetIncomeLoss,2026-08-27
AME,operatingCashFlow,2019-03-31,196257000,2019-05-20,NetCashProvidedByUsedInOperatingActivities,2026-08-27
AME,operatingIncome,2019-03-31,283259000,2019-05-20,OperatingIncomeLoss,2026-08-27
AMGN,assets,2019-03-31,63997000000,2019-05-20,Assets,2026-08-27
AMGN,buybacks,2019-03-31,3032000000,2019-05-20,PaymentsForRepurchaseOfCommonStock,2026-08-27
AMGN,capex,2019-03-31,116000000,2019-05-20,PaymentsToAcquirePropertyPlantAndEquipment,2026-08-27
AMGN,cash,2019-03-31,7358000000,2019-05-20,CashAndCashEquivalentsAtCarryingValue,2026-08-27
AMGN,debt,2019-03-31,29319000000,2019-05-20,LongTermDebtNoncurrent,2026-08-27
AMGN,equity,2019-03-31,10832000000,2019-05-20,StockholdersEquity,2026-08-27
AMGN,equityStakes,2019-03-31,5000000,2019-05-20,PaymentsToAcquireEquityMethodInvestments,2026-08-27
AMGN,grossProfit,2019-03-31,4231000000,2019-05-20,GrossProfit,2026-08-27
AMGN,inventory,2019-03-31,3016000000,2019-05-20,InventoryNet,2026-08-27
AMGN,netIncome,2019-03-31,1992000000,2019-05-20,NetIncomeLoss,2026-08-27
AMGN,operatingCashFlow,2019-03-31,1845000000,2019-05-20,NetCashProvidedByUsedInOperatingActivities,2026-08-27
AMGN,operatingIncome,2019-03-31,2472000000,2019-05-20,OperatingIncomeLoss,2026-08-27
AMGN,receivables,2019-03-31,3771000000,2019-05-20,AccountsReceivableNetCurrent,2026-08-27
AMGN,revenue,2019-03-31,5557000000,2019-05-20,Revenues,2026-08-27
AMGN,shares,2019-03-31,614400000,2019-05-20,CommonStockSharesOutstanding,2026-08-27
AMP,assets,2019-03-31,144403000000,2019-05-20,Assets,2026-08-27
AMP,buybacks,2019-03-31,385000000,2019-05-20,PaymentsForRepurchaseOfCommonStock,2026-08-27
AMP,capex,2019-03-31,31000000,2019-05-20,PaymentsToAcquireProductiveAssets,2026-08-27
AMP,equity,2019-03-31,5843000000,2019-05-20,StockholdersEquity,2026-08-27
AMP,liabilities,2019-03-31,138560000000,2019-05-20,Liabilities,2026-08-27
AMP,netIncome,2019-03-31,395000000,2019-05-20,NetIncomeLoss,2026-08-27
AMP,operatingCashFlow,2019-03-31,172000000,2019-05-20,NetCashProvidedByUsedInOperatingActivities,2026-08-27
AMP,revenue,2019-03-31,3153000000,2019-05-20,Revenues,2026-08-27
AMT,assets,2019-03-31,38926800000,2019-05-20,Assets,2026-08-27
AMT,buybacks,2019-03-31,0,2019-05-20,PaymentsForRepurchaseOfCommonStock,2026-08-27
AMT,capex,2019-03-31,220800000,2019-05-20,PaymentsToAcquireProductiveAssets,2026-08-27
AMT,cash,2019-03-31,1004800000,2019-05-20,CashAndCashEquivalentsAtCarryingValue,2026-08-27
AMT,equity,2019-03-31,5347000000,2019-05-20,StockholdersEquity,2026-08-27
AMT,liabilities,2019-03-31,32437500000,2019-05-20,Liabilities,2026-08-27
AMT,netIncome,2019-03-31,397400000,2019-05-20,NetIncomeLoss,2026-08-27
AMT,operatingCashFlow,2019-03-31,785100000,2019-05-20,NetCashProvidedByUsedInOperatingActivities,2026-08-27
AMT,operatingIncome,2019-03-31,614900000,2019-05-20,OperatingIncomeLoss,2026-08-27
AMT,receivables,2019-03-31,473000000,2019-05-20,AccountsReceivableNetCurrent,2026-08-27
AMT,revenue,2019-03-31,1813400000,2019-05-20,Revenues,2026-08-27
AMT,shares,2019-03-31,441968000,2019-05-20,CommonStockSharesOutstanding,2026-08-27
AMZN,assets,2019-03-31,178102000000,2019-05-20,Assets,2026-08-27
AMZN,capex,2019-03-31,3290000000,2019-05-20,PaymentsToAcquireProductiveAssets,2026-08-27
AMZN,cash,2019-03-31,23115000000,2019-05-20,CashAndCashEquivalentsAtCarryingValue,2026-08-27
AMZN,debt,2019-03-31,23322000000,2019-05-20,LongTermDebtNoncurrent,2026-08-27
AMZN,equity,2019-03-31,48410000000,2019-05-20,StockholdersEquity,2026-08-27
AMZN,inventory,2019-03-31,16432000000,2019-05-20,InventoryNet,2026-08-27
AMZN,netIncome,2019-03-31,3561000000,2019-05-20,NetIncomeLoss,2026-08-27
AMZN,operatingCashFlow,2019-03-31,1846000000,2019-05-20,NetCashProvidedByUsedInOperatingActivities,2026-08-27
AMZN,operatingIncome,2019-03-31,4420000000,2019-05-20,OperatingIncomeLoss,2026-08-27
AMZN,receivables,2019-03-31,15979000000,2019-05-20,AccountsReceivableNetCurrent,2026-08-27
AMZN,revenue,2019-03-31,59700000000,2019-05-20,RevenueFromContractWithCustomerExcludingAssessedTax,2026-08-27
AMZN,shares,2019-03-31,492000000,2019-05-20,CommonStockSharesOutstanding,2026-08-27
ANET,assets,2019-03-31,3332444000,2019-05-20,Assets,2026-08-27
ANET,buybacks,2019-03-31,0,2019-05-20,PaymentsForRepurchaseOfCommonStock,2026-08-27
ANET,capex,2019-03-31,5237000,2019-05-20,PaymentsToAcquirePropertyPlantAndEquipment,2026-08-27
ANET,cash,2019-03-31,809491000,2019-05-20,CashAndCashEquivalentsAtCarryingValue,2026-08-27
ANET,equity,2019-03-31,2400367000,2019-05-20,StockholdersEquity,2026-08-27
ANET,grossProfit,2019-03-31,380570000,2019-05-20,GrossProfit,2026-08-27
ANET,inventory,2019-03-31,347153000,2019-05-20,InventoryNet,2026-08-27
ANET,liabilities,2019-03-31,932077000,2019-05-20,Liabilities,2026-08-27
ANET,netIncome,2019-03-31,201029000,2019-05-20,NetIncomeLoss,2026-08-27
ANET,operatingCashFlow,2019-03-31,170097000,2019-05-20,NetCashProvidedByUsedInOperatingActivities,2026-08-27
ANET,operatingIncome,2019-03-31,194342000,2019-05-20,OperatingIncomeLoss,2026-08-27
ANET,receivables,2019-03-31,271246000,2019-05-20,AccountsReceivableNetCurrent,2026-08-27
ANET,revenue,2019-03-31,595424000,2019-05-20,RevenueFromContractWithCustomerExcludingAssessedTax,2026-08-27
ANET,rnd,2019-03-31,119669000,2019-05-20,ResearchAndDevelopmentExpense,2026-08-27
ANET,shares,2019-03-31,76453000,2019-05-20,CommonStockSharesOutstanding,2026-08-27
AON,assets,2019-03-31,29135000000,2019-05-20,Assets,2026-08-27
AON,buybacks,2019-03-31,100000000,2019-05-20,PaymentsForRepurchaseOfCommonStock,2026-08-27
AON,capex,2019-03-31,57000000,2019-05-20,PaymentsToAcquirePropertyPlantAndEquipment,2026-08-27
AON,cash,2019-03-31,600000000,2019-05-20,CashAndCashEquivalentsAtCarryingValue,2026-08-27
AON,debt,2019-03-31,5990000000,2019-05-20,LongTermDebtNoncurrent,2026-08-27
AON,equity,2019-03-31,4775000000,2019-05-20,StockholdersEquity,2026-08-27
AON,liabilities,2019-03-31,24273000000,2019-05-20,Liabilities,2026-08-27
AON,operatingCashFlow,2019-03-31,74000000,2019-05-20,NetCashProvidedByUsedInOperatingActivities,2026-08-27
AON,operatingIncome,2019-03-31,872000000,2019-05-20,OperatingIncomeLoss,2026-08-27
AON,receivables,2019-03-31,3242000000,2019-05-20,AccountsReceivableNetCurrent,2026-08-27
AON,revenue,2019-03-31,3143000000,2019-05-20,Revenues,2026-08-27
AOS,assets,2019-03-31,3143500000,2019-05-20,Assets,2026-08-27
AOS,buybacks,2019-03-31,45600000,2019-05-20,PaymentsForRepurchaseOfCommonStock,2026-08-27
AOS,capex,2019-03-31,20900000,2019-05-20,PaymentsToAcquireProductiveAssets,2026-08-27
AOS,cash,2019-03-31,337800000,2019-05-20,CashAndCashEquivalentsAtCarryingValue,2026-08-27
AOS,debt,2019-03-31,277600000,2019-05-20,LongTermDebtNoncurrent,2026-08-27
AOS,equity,2019-03-31,1749200000,2019-05-20,StockholdersEquity,2026-08-27
AOS,grossProfit,2019-03-31,292800000,2019-05-20,GrossProfit,2026-08-27
AOS,inventory,2019-03-31,319700000,2019-05-20,InventoryNet,2026-08-27
AOS,liabilities,2019-03-31,1394300000,2019-05-20,Liabilities,2026-08-27
AOS,netIncome,2019-03-31,89300000,2019-05-20,NetIncomeLoss,2026-08-27
AOS,operatingCashFlow,2019-03-31,21600000,2019-05-20,NetCashProvidedByUsedInOperatingActivities,2026-08-27
AOS,operatingIncome,2019-03-31,128300000,2019-05-20,OperatingIncomeLoss,2026-08-27
AOS,revenue,2019-03-31,748200000,2019-05-20,RevenueFromContractWithCustomerExcludingAssessedTax,2026-08-27
APD,assets,2019-03-31,19244500000,2019-05-20,Assets,2026-08-27
APD,cash,2019-03-31,2735900000,2019-05-20,CashAndCashEquivalentsAtCarryingValue,2026-08-27
APD,equity,2019-03-31,11165700000,2019-05-20,StockholdersEquity,2026-08-27
APD,grossProfit,2019-03-31,713000000,2019-05-20,GrossProfit,2026-08-27
APD,inventory,2019-03-31,408300000,2019-05-20,InventoryNet,2026-08-27
APD,liabilities,2019-03-31,7741100000,2019-05-20,Liabilities,2026-08-27
APD,netIncome,2019-03-31,421300000,2019-05-20,NetIncomeLoss,2026-08-27
APD,operatingIncome,2019-03-31,516500000,2019-05-20,OperatingIncomeLoss,2026-08-27
APD,receivables,2019-03-31,1258500000,2019-05-20,AccountsReceivableNetCurrent,2026-08-27
APD,revenue,2019-03-31,2187700000,2019-05-20,Revenues,2026-08-27
APD,rnd,2019-03-31,16900000,2019-05-20,ResearchAndDevelopmentExpense,2026-08-27
APH,assets,2019-03-31,10208100000,2019-05-20,Assets,2026-08-27
APH,buybacks,2019-03-31,160000000,2019-05-20,PaymentsForRepurchaseOfCommonStock,2026-08-27
APH,capex,2019-03-31,74500000,2019-05-20,PaymentsToAcquirePropertyPlantAndEquipment,2026-08-27
APH,cash,2019-03-31,969700000,2019-05-20,CashAndCashEquivalentsAtCarryingValue,2026-08-27
APH,equity,2019-03-31,4123100000,2019-05-20,StockholdersEquity,2026-08-27
APH,grossProfit,2019-03-31,627800000,2019-05-20,GrossProfit,2026-08-27
APH,inventory,2019-03-31,1224400000,2019-05-20,InventoryNet,2026-08-27
APH,netIncome,2019-03-31,267500000,2019-05-20,NetIncomeLoss,2026-08-27
APH,operatingCashFlow,2019-03-31,343600000,2019-05-20,NetCashProvidedByUsedInOperatingActivities,2026-08-27
APH,operatingIncome,2019-03-31,376200000,2019-05-20,OperatingIncomeLoss,2026-08-27
APH,receivables,2019-03-31,1661900000,2019-05-20,AccountsReceivableNetCurrent,2026-08-27
APH,revenue,2019-03-31,1958500000,2019-05-20,RevenueFromContractWithCustomerExcludingAssessedTax,2026-08-27
APTV,assets,2019-03-31,13019000000,2019-05-20,Assets,2026-08-27
APTV,buybacks,2019-03-31,226000000,2019-05-20,PaymentsForRepurchaseOfCommonStock,2026-08-27
APTV,capex,2019-03-31,235000000,2019-05-20,PaymentsToAcquireProductiveAssets,2026-08-27
APTV,cash,2019-03-31,321000000,2019-05-20,CashAndCashEquivalentsAtCarryingValue,2026-08-27
APTV,debt,2019-03-31,3995000000,2019-05-20,LongTermDebtNoncurrent,2026-08-27
APTV,equity,2019-03-31,3418000000,2019-05-20,StockholdersEquity,2026-08-27
APTV,grossProfit,2019-03-31,613000000,2019-05-20,GrossProfit,2026-08-27
APTV,inventory,2019-03-31,1326000000,2019-05-20,InventoryNet,2026-08-27
APTV,liabilities,2019-03-31,9384000000,2019-05-20,Liabilities,2026-08-27
APTV,netIncome,2019-03-31,240000000,2019-05-20,NetIncomeLoss,2026-08-27
APTV,operatingCashFlow,2019-03-31,84000000,2019-05-20,NetCashProvidedByUsedInOperatingActivities,2026-08-27
APTV,operatingIncome,2019-03-31,297000000,2019-05-20,OperatingIncomeLoss,2026-08-27
APTV,receivables,2019-03-31,2736000000,2019-05-20,AccountsReceivableNetCurrent,2026-08-27
APTV,revenue,2019-03-31,3575000000,2019-05-20,Revenues,2026-08-27
APTV,shares,2019-03-31,257840184,2019-05-20,CommonStockSharesOutstanding,2026-08-27
ARE,assets,2019-03-31,15480206000,2019-05-20,Assets,2026-08-27
ARE,cash,2019-03-31,261372000,2019-05-20,CashAndCashEquivalentsAtCarryingValue,2026-08-27
ARE,debt,2019-03-31,5843503000,2019-05-20,LongTermDebt,2026-08-27
ARE,equity,2019-03-31,7566577000,2019-05-20,StockholdersEquity,2026-08-27
ARE,equityStakes,2019-03-31,52634000,2019-05-20,PaymentsToAcquireEquityMethodInvestments,2026-08-27
ARE,liabilities,2019-03-31,7125292000,2019-05-20,Liabilities,2026-08-27
ARE,netIncome,2019-03-31,129159000,2019-05-20,NetIncomeLoss,2026-08-27
ARE,operatingCashFlow,2019-03-31,136730000,2019-05-20,NetCashProvidedByUsedInOperatingActivities,2026-08-27
ARES,assets,2019-03-31,10489314000,2019-05-20,Assets,2026-08-27
ARES,equity,2019-03-31,599678000,2019-05-20,StockholdersEquity,2026-08-27
ARES,liabilities,2019-03-31,9009490000,2019-05-20,Liabilities,2026-08-27
ARES,netIncome,2019-03-31,44949000,2019-05-20,NetIncomeLoss,2026-08-27
ARES,operatingCashFlow,2019-03-31,-349846000,2019-05-20,NetCashProvidedByUsedInOperatingActivities,2026-08-27
ARES,revenue,2019-03-31,304660000,2019-05-20,Revenues,2026-08-27
ARES,shares,2019-03-31,103125589,2019-05-20,CommonStockSharesOutstanding,2026-08-27
ATO,assets,2019-03-31,12674950000,2019-05-20,Assets,2026-08-27
ATO,capex,2019-03-31,361182000,2019-05-20,PaymentsToAcquireProductiveAssets,2026-08-27
ATO,cash,2019-03-31,108353000,2019-05-20,CashAndCashEquivalentsAtCarryingValue,2026-08-27
ATO,debt,2019-03-31,3528713000,2019-05-20,LongTermDebtNoncurrent,2026-08-27
ATO,equity,2019-03-31,5508101000,2019-05-20,StockholdersEquity,2026-08-27
ATO,netIncome,2019-03-31,214888000,2019-05-20,NetIncomeLoss,2026-08-27
ATO,operatingIncome,2019-03-31,297677000,2019-05-20,OperatingIncomeLoss,2026-08-27
ATO,receivables,2019-03-31,419612000,2019-05-20,AccountsReceivableNetCurrent,2026-08-27
ATO,revenue,2019-03-31,1094645000,2019-05-20,Revenues,2026-08-27
ATO,shares,2019-03-31,116982903,2019-05-20,CommonStockSharesOutstanding,2026-08-27
AVGO,assets,2019-02-03,72110000000,2019-04-29,Assets,2026-08-27
AVGO,buybacks,2019-02-03,3436000000,2019-04-29,PaymentsForRepurchaseOfCommonStock,2026-08-27
AVGO,capex,2019-02-03,99000000,2019-04-29,PaymentsToAcquirePropertyPlantAndEquipment,2026-08-27
AVGO,cash,2019-02-03,5093000000,2019-04-29,CashAndCashEquivalentsAtCarryingValue,2026-08-27
AVGO,debt,2019-02-03,34104000000,2019-04-29,LongTermDebtNoncurrent,2026-08-27
AVGO,equity,2019-02-03,23224000000,2019-04-29,StockholdersEquity,2026-08-27
AVGO,grossProfit,2019-02-03,3208000000,2019-04-29,GrossProfit,2026-08-27
AVGO,inventory,2019-02-03,1074000000,2019-04-29,InventoryNet,2026-08-27
AVGO,liabilities,2019-02-03,48886000000,2019-04-29,Liabilities,2026-08-27
AVGO,netIncome,2019-02-03,471000000,2019-04-29,NetIncomeLoss,2026-08-27
AVGO,operatingCashFlow,2019-02-03,2132000000,2019-04-29,NetCashProvidedByUsedInOperatingActivities,2026-08-27
AVGO,operatingIncome,2019-02-03,555000000,2019-04-29,OperatingIncomeLoss,2026-08-27
AVGO,receivables,2019-02-03,3677000000,2019-04-29,AccountsReceivableNetCurrent,2026-08-27
AVGO,revenue,2019-02-03,5789000000,2019-04-29,RevenueFromContractWithCustomerExcludingAssessedTax,2026-08-27
AVGO,rnd,2019-02-03,1133000000,2019-04-29,ResearchAndDevelopmentExpense,2026-08-27
AVGO,shares,2019-02-03,396153863,2019-04-29,CommonStockSharesOutstanding,2026-08-27
AVY,assets,2019-03-30,5353700000,2019-05-19,Assets,2026-08-27
AVY,buybacks,2019-03-30,88700000,2019-05-19,PaymentsForRepurchaseOfCommonStock,2026-08-27
AVY,capex,2019-03-30,41800000,2019-05-19,PaymentsToAcquirePropertyPlantAndEquipment,2026-08-27
AVY,cash,2019-03-30,225700000,2019-05-19,CashAndCashEquivalentsAtCarryingValue,2026-08-27
AVY,equity,2019-03-30,991900000,2019-05-19,StockholdersEquity,2026-08-27
AVY,grossProfit,2019-03-30,465400000,2019-05-19,GrossProfit,2026-08-27
AVY,inventory,2019-03-30,688300000,2019-05-19,InventoryNet,2026-08-27
AVY,netIncome,2019-03-30,-146900000,2019-05-19,NetIncomeLoss,2026-08-27
AVY,operatingCashFlow,2019-03-30,35400000,2019-05-19,NetCashProvidedByUsedInOperatingActivities,2026-08-27
AVY,receivables,2019-03-30,1198700000,2019-05-19,AccountsReceivableNetCurrent,2026-08-27
AVY,revenue,2019-03-30,1740100000,2019-05-19,RevenueFromContractWithCustomerExcludingAssessedTax,2026-08-27
AVY,shares,2019-03-30,84399377,2019-05-19,CommonStockSharesOutstanding,2026-08-27
AWK,assets,2019-03-31,21464000000,2019-05-20,Assets,2026-08-27
AWK,buybacks,2019-03-31,36000000,2019-05-20,PaymentsForRepurchaseOfCommonStock,2026-08-27
AWK,capex,2019-03-31,326000000,2019-05-20,PaymentsToAcquirePropertyPlantAndEquipment,2026-08-27
AWK,cash,2019-03-31,63000000,2019-05-20,CashAndCashEquivalentsAtCarryingValue,2026-08-27
AWK,equity,2019-03-31,5932000000,2019-05-20,StockholdersEquity,2026-08-27
AWK,netIncome,2019-03-31,113000000,2019-05-20,NetIncomeLoss,2026-08-27
AWK,operatingCashFlow,2019-03-31,168000000,2019-05-20,NetCashProvidedByUsedInOperatingActivities,2026-08-27
AWK,operatingIncome,2019-03-31,238000000,2019-05-20,OperatingIncomeLoss,2026-08-27
AWK,receivables,2019-03-31,307000000,2019-05-20,AccountsReceivableNetCurrent,2026-08-27
AXON,assets,2019-03-31,739195000,2019-05-20,Assets,2026-08-27
AXON,capex,2019-03-31,5271000,2019-05-20,PaymentsToAcquirePropertyPlantAndEquipment,2026-08-27
AXON,cash,2019-03-31,223642000,2019-05-20,CashAndCashEquivalentsAtCarryingValue,2026-08-27
AXON,equity,2019-03-31,480539000,2019-05-20,StockholdersEquity,2026-08-27
AXON,grossProfit,2019-03-31,68917000,2019-05-20,GrossProfit,2026-08-27
AXON,inventory,2019-03-31,37587000,2019-05-20,InventoryNet,2026-08-27
AXON,liabilities,2019-03-31,258656000,2019-05-20,Liabilities,2026-08-27
AXON,netIncome,2019-03-31,6419000,2019-05-20,NetIncomeLoss,2026-08-27
AXON,operatingCashFlow,2019-03-31,-13970000,2019-05-20,NetCashProvidedByUsedInOperatingActivities,2026-08-27
AXON,operatingIncome,2019-03-31,2671000,2019-05-20,OperatingIncomeLoss,2026-08-27
AXON,revenue,2019-03-31,115810000,2019-05-20,RevenueFromContractWithCustomerExcludingAssessedTax,2026-08-27
AXON,rnd,2019-03-31,23354000,2019-05-20,ResearchAndDevelopmentExpense,2026-08-27
AXON,shares,2019-03-31,59109286,2019-05-20,CommonStockSharesOutstanding,2026-08-27
AXP,assets,2019-03-31,197000000000,2019-05-20,Assets,2026-08-27
AXP,capex,2019-03-31,348000000,2019-05-20,PaymentsToAcquirePropertyPlantAndEquipment,2026-08-27
AXP,debt,2019-03-31,58418000000,2019-05-20,LongTermDebt,2026-08-27
AXP,equity,2019-03-31,22218000000,2019-05-20,StockholdersEquity,2026-08-27
AXP,liabilities,2019-03-31,174975000000,2019-05-20,Liabilities,2026-08-27
AXP,netIncome,2019-03-31,1550000000,2019-05-20,NetIncomeLoss,2026-08-27
AXP,operatingCashFlow,2019-03-31,8547000000,2019-05-20,NetCashProvidedByUsedInOperatingActivities,2026-08-27
AXP,revenue,2019-03-31,6697000000,2019-05-20,RevenueFromContractWithCustomerExcludingAssessedTax,2026-08-27
AXP,shares,2019-03-31,837000000,2019-05-20,CommonStockSharesOutstanding,2026-08-27
AZO,assets,2019-02-09,9745095000,2019-05-05,Assets,2026-08-27
AZO,cash,2019-02-09,195665000,2019-05-05,CashAndCashEquivalentsAtCarryingValue,2026-08-27
AZO,debt,2019-02-09,5111201000,2019-05-05,LongTermDebtNoncurrent,2026-08-27
AZO,equity,2019-02-09,-1594362000,2019-05-05,StockholdersEquity,2026-08-27
AZO,grossProfit,2019-02-09,1325107000,2019-05-05,GrossProfit,2026-08-27
AZO,netIncome,2019-02-09,294638000,2019-05-05,NetIncomeLoss,2026-08-27
AZO,operatingIncome,2019-02-09,400020000,2019-05-05,OperatingIncomeLoss,2026-08-27
AZO,receivables,2019-02-09,298319000,2019-05-05,AccountsReceivableNetCurrent,2026-08-27
AZO,revenue,2019-02-09,2450568000,2019-05-05,Revenues,2026-08-27
AZO,shares,2019-02-09,24958000,2019-05-05,CommonStockSharesOutstanding,2026-08-27
BA,assets,2019-03-31,120209000000,2019-05-20,Assets,2026-08-27
BA,buybacks,2019-03-31,2341000000,2019-05-20,PaymentsForRepurchaseOfCommonStock,2026-08-27
BA,capex,2019-03-31,501000000,2019-05-20,PaymentsToAcquirePropertyPlantAndEquipment,2026-08-27
BA,cash,2019-03-31,6836000000,2019-05-20,CashAndCashEquivalentsAtCarryingValue,2026-08-27
BA,equity,2019-03-31,125000000,2019-05-20,StockholdersEquity,2026-08-27
BA,grossProfit,2019-03-31,4272000000,2019-05-20,GrossProfit,2026-08-27
BA,netIncome,2019-03-31,2149000000,2019-05-20,NetIncomeLoss,2026-08-27
BA,operatingCashFlow,2019-03-31,2788000000,2019-05-20,NetCashProvidedByUsedInOperatingActivities,2026-08-27
BA,operatingIncome,2019-03-31,2350000000,2019-05-20,OperatingIncomeLoss,2026-08-27
BA,receivables,2019-03-31,3669000000,2019-05-20,AccountsReceivableNetCurrent,2026-08-27
BA,revenue,2019-03-31,22917000000,2019-05-20,Revenues,2026-08-27
BA,rnd,2019-03-31,866000000,2019-05-20,ResearchAndDevelopmentExpense,2026-08-27
BAC,assets,2019-03-31,2377164000000,2019-05-20,Assets,2026-08-27
BAC,buybacks,2019-03-31,6263000000,2019-05-20,PaymentsForRepurchaseOfCommonStock,2026-08-27
BAC,cash,2019-03-31,171623000000,2019-05-20,CashAndCashEquivalentsAtCarryingValue,2026-08-27
BAC,debt,2019-03-31,233929000000,2019-05-20,LongTermDebt,2026-08-27
BAC,equity,2019-03-31,267010000000,2019-05-20,StockholdersEquity,2026-08-27
BAC,liabilities,2019-03-31,2110154000000,2019-05-20,Liabilities,2026-08-27
BAC,netIncome,2019-03-31,7311000000,2019-05-20,NetIncomeLoss,2026-08-27
BAC,operatingCashFlow,2019-03-31,15101000000,2019-05-20,NetCashProvidedByUsedInOperatingActivities,2026-08-27
BAC,revenue,2019-03-31,23004000000,2019-05-20,Revenues,2026-08-27
BAC,shares,2019-03-31,9568389268,2019-05-20,CommonStockSharesOutstanding,2026-08-27
BALL,assets,2019-03-31,16923000000,2019-05-20,Assets,2026-08-27
BALL,buybacks,2019-03-31,146000000,2019-05-20,PaymentsForRepurchaseOfCommonStock,2026-08-27
BALL,capex,2019-03-31,154000000,2019-05-20,PaymentsToAcquirePropertyPlantAndEquipment,2026-08-27
BALL,cash,2019-03-31,603000000,2019-05-20,CashAndCashEquivalentsAtCarryingValue,2026-08-27
BALL,debt,2019-03-31,6719000000,2019-05-20,LongTermDebtNoncurrent,2026-08-27
BALL,equity,2019-03-31,3546000000,2019-05-20,StockholdersEquity,2026-08-27
BALL,grossProfit,2019-03-31,407000000,2019-05-20,GrossProfit,2026-08-27
BALL,inventory,2019-03-31,1275000000,2019-05-20,InventoryNet,2026-08-27
BALL,liabilities,2019-03-31,13274000000,2019-05-20,Liabilities,2026-08-27
BALL,operatingCashFlow,2019-03-31,-129000000,2019-05-20,NetCashProvidedByUsedInOperatingActivities,2026-08-27
BALL,operatingIncome,2019-03-31,221000000,2019-05-20,OperatingIncomeLoss,2026-08-27
BALL,receivables,2019-03-31,1426000000,2019-05-20,AccountsReceivableNetCurrent,2026-08-27
BAX,assets,2019-03-31,16241000000,2019-05-20,Assets,2026-08-27
BAX,buybacks,2019-03-31,597000000,2019-05-20,PaymentsForRepurchaseOfCommonStock,2026-08-27
BAX,capex,2019-03-31,193000000,2019-05-20,PaymentsToAcquireProductiveAssets,2026-08-27
BAX,cash,2019-03-31,1902000000,2019-05-20,CashAndCashEquivalentsAtCarryingValue,2026-08-27
BAX,equity,2019-03-31,7570000000,2019-05-20,StockholdersEquity,2026-08-27
BAX,grossProfit,2019-03-31,1080000000,2019-05-20,GrossProfit,2026-08-27
BAX,inventory,2019-03-31,1743000000,2019-05-20,InventoryNet,2026-08-27
BAX,liabilities,2019-03-31,8648000000,2019-05-20,Liabilities,2026-08-27
BAX,netIncome,2019-03-31,342000000,2019-05-20,NetIncomeLoss,2026-08-27
BAX,operatingCashFlow,2019-03-31,128000000,2019-05-20,NetCashProvidedByUsedInOperatingActivities,2026-08-27
BAX,operatingIncome,2019-03-31,383000000,2019-05-20,OperatingIncomeLoss,2026-08-27
BAX,revenue,2019-03-31,2638000000,2019-05-20,RevenueFromContractWithCustomerExcludingAssessedTax,2026-08-27
BAX,rnd,2019-03-31,129000000,2019-05-20,ResearchAndDevelopmentExpense,2026-08-27
BBY,assets,2019-02-02,12901000000,2019-04-28,Assets,2026-08-27
BBY,cash,2019-02-02,1980000000,2019-04-28,CashAndCashEquivalentsAtCarryingValue,2026-08-27
BBY,debt,2019-02-02,1332000000,2019-04-28,LongTermDebtNoncurrent,2026-08-27
BBY,equity,2019-02-02,3306000000,2019-04-28,StockholdersEquity,2026-08-27
BBY,grossProfit,2019-02-02,3283000000,2019-04-28,GrossProfit,2026-08-27
BBY,inventory,2019-02-02,5409000000,2019-04-28,InventoryNet,2026-08-27
BBY,netIncome,2019-02-02,735000000,2019-04-28,NetIncomeLoss,2026-08-27
BBY,operatingIncome,2019-02-02,978000000,2019-04-28,OperatingIncomeLoss,2026-08-27
BBY,shares,2019-02-02,265703000,2019-04-28,CommonStockSharesOutstanding,2026-08-27
BDX,assets,2019-03-31,52598000000,2019-05-20,Assets,2026-08-27
BDX,cash,2019-03-31,686000000,2019-05-20,CashAndCashEquivalentsAtCarryingValue,2026-08-27
BDX,debt,2019-03-31,17556000000,2019-05-20,LongTermDebtNoncurrent,2026-08-27
BDX,equity,2019-03-31,21309000000,2019-05-20,StockholdersEquity,2026-08-27
BDX,grossProfit,2019-03-31,1974000000,2019-05-20,GrossProfit,2026-08-27
BDX,inventory,2019-03-31,2627000000,2019-05-20,InventoryNet,2026-08-27
BDX,netIncome,2019-03-31,20000000,2019-05-20,NetIncomeLoss,2026-08-27
BDX,operatingIncome,2019-03-31,136000000,2019-05-20,OperatingIncomeLoss,2026-08-27
BDX,receivables,2019-03-31,2279000000,2019-05-20,AccountsReceivableNetCurrent,2026-08-27
BDX,revenue,2019-03-31,4195000000,2019-05-20,Revenues,2026-08-27
BDX,rnd,2019-03-31,252000000,2019-05-20,ResearchAndDevelopmentExpense,2026-08-27
BEN,assets,2019-03-31,14239000000,2019-05-20,Assets,2026-08-27
BEN,cash,2019-03-31,5946000000,2019-05-20,CashAndCashEquivalentsAtCarryingValue,2026-08-27
BEN,debt,2019-03-31,697900000,2019-05-20,LongTermDebt,2026-08-27
BEN,equity,2019-03-31,9883800000,2019-05-20,StockholdersEquity,2026-08-27
BEN,liabilities,2019-03-31,2920600000,2019-05-20,Liabilities,2026-08-27
BEN,netIncome,2019-03-31,367500000,2019-05-20,NetIncomeLoss,2026-08-27
BEN,operatingIncome,2019-03-31,379500000,2019-05-20,OperatingIncomeLoss,2026-08-27
BEN,revenue,2019-03-31,1433800000,2019-05-20,Revenues,2026-08-27
BEN,shares,2019-03-31,507714184,2019-05-20,CommonStockSharesOutstanding,2026-08-27
BF-B,assets,2019-01-31,5163000000,2019-04-26,Assets,2026-08-27
BF-B,cash,2019-01-31,260000000,2019-04-26,CashAndCashEquivalentsAtCarryingValue,2026-08-27
BF-B,debt,2019-01-31,2301000000,2019-04-26,LongTermDebtNoncurrent,2026-08-27
BF-B,equity,2019-01-31,1493000000,2019-04-26,StockholdersEquity,2026-08-27
BF-B,grossProfit,2019-01-31,571000000,2019-04-26,GrossProfit,2026-08-27
BF-B,inventory,2019-01-31,1471000000,2019-04-26,InventoryNet,2026-08-27
BF-B,liabilities,2019-01-31,3670000000,2019-04-26,Liabilities,2026-08-27
BF-B,netIncome,2019-01-31,227000000,2019-04-26,NetIncomeLoss,2026-08-27
BF-B,operatingIncome,2019-01-31,320000000,2019-04-26,OperatingIncomeLoss,2026-08-27
BF-B,receivables,2019-01-31,737000000,2019-04-26,AccountsReceivableNetCurrent,2026-08-27
BF-B,revenue,2019-01-31,904000000,2019-04-26,RevenueFromContractWithCustomerExcludingAssessedTax,2026-08-27
BIIB,assets,2019-03-31,26445500000,2019-05-20,Assets,2026-08-27
BIIB,buybacks,2019-03-31,655800000,2019-05-20,PaymentsForRepurchaseOfCommonStock,2026-08-27
BIIB,capex,2019-03-31,127100000,2019-05-20,PaymentsToAcquirePropertyPlantAndEquipment,2026-08-27
BIIB,cash,2019-03-31,2243200000,2019-05-20,CashAndCashEquivalentsAtCarryingValue,2026-08-27
BIIB,debt,2019-03-31,5943200000,2019-05-20,LongTermDebt,2026-08-27
BIIB,equity,2019-03-31,13829900000,2019-05-20,StockholdersEquity,2026-08-27
BIIB,grossProfit,2019-03-31,2887800000,2019-05-20,GrossProfit,2026-08-27
BIIB,inventory,2019-03-31,770200000,2019-05-20,InventoryNet,2026-08-27
BIIB,liabilities,2019-03-31,12623500000,2019-05-20,Liabilities,2026-08-27
BIIB,netIncome,2019-03-31,1408800000,2019-05-20,NetIncomeLoss,2026-08-27
BIIB,operatingCashFlow,2019-03-31,1459500000,2019-05-20,NetCashProvidedByUsedInOperatingActivities,2026-08-27
BIIB,operatingIncome,2019-03-31,1502700000,2019-05-20,OperatingIncomeLoss,2026-08-27
BIIB,receivables,2019-03-31,2088900000,2019-05-20,AccountsReceivableNetCurrent,2026-08-27
BIIB,revenue,2019-03-31,3489800000,2019-05-20,Revenues,2026-08-27
BKNG,assets,2019-03-31,22366000000,2019-05-20,Assets,2026-08-27
BKNG,buybacks,2019-03-31,2773000000,2019-05-20,PaymentsForRepurchaseOfCommonStock,2026-08-27
BKNG,capex,2019-03-31,111000000,2019-05-20,PaymentsToAcquirePropertyPlantAndEquipment,2026-08-27
BKNG,cash,2019-03-31,2334000000,2019-05-20,CashAndCashEquivalentsAtCarryingValue,2026-08-27
BKNG,debt,2019-03-31,7619000000,2019-05-20,LongTermDebtNoncurrent,2026-08-27
BKNG,equity,2019-03-31,6915000000,2019-05-20,StockholdersEquity,2026-08-27
BKNG,liabilities,2019-03-31,15451000000,2019-05-20,Liabilities,2026-08-27
BKNG,operatingCashFlow,2019-03-31,150000000,2019-05-20,NetCashProvidedByUsedInOperatingActivities,2026-08-27
BKNG,operatingIncome,2019-03-31,556000000,2019-05-20,OperatingIncomeLoss,2026-08-27
BKNG,receivables,2019-03-31,1491000000,2019-05-20,AccountsReceivableNetCurrent,2026-08-27
BKNG,revenue,2019-03-31,2837000000,2019-05-20,Revenues,2026-08-27
BKR,assets,2019-03-31,53129000000,2019-05-20,Assets,2026-08-27
BKR,buybacks,2019-03-31,0,2019-05-20,PaymentsForRepurchaseOfCommonStock,2026-08-27
BKR,capex,2019-03-31,294000000,2019-05-20,PaymentsToAcquireProductiveAssets,2026-08-27
BKR,equity,2019-03-31,17512000000,2019-05-20,StockholdersEquity,2026-08-27
BKR,grossProfit,2019-03-31,976000000,2019-05-20,GrossProfit,2026-08-27
BKR,inventory,2019-03-31,4871000000,2019-05-20,InventoryNet,2026-08-27
BKR,netIncome,2019-03-31,32000000,2019-05-20,NetIncomeLoss,2026-08-27
BKR,operatingCashFlow,2019-03-31,-184000000,2019-05-20,NetCashProvidedByUsedInOperatingActivities,2026-08-27
BKR,operatingIncome,2019-03-31,176000000,2019-05-20,OperatingIncomeLoss,2026-08-27
BKR,revenue,2019-03-31,5615000000,2019-05-20,RevenueFromContractWithCustomerExcludingAssessedTax,2026-08-27
BLDR,assets,2019-03-31,3199465000,2019-05-20,Assets,2026-08-27
BLDR,buybacks,2019-03-31,2450000,2019-05-20,PaymentsForRepurchaseOfCommonStock,2026-08-27
BLDR,capex,2019-03-31,21524000,2019-05-20,PaymentsToAcquirePropertyPlantAndEquipment,2026-08-27
BLDR,cash,2019-03-31,11724000,2019-05-20,CashAndCashEquivalentsAtCarryingValue,2026-08-27
BLDR,equity,2019-03-31,632471000,2019-05-20,StockholdersEquity,2026-08-27
BLDR,grossProfit,2019-03-31,441975000,2019-05-20,GrossProfit,2026-08-27
BLDR,inventory,2019-03-31,635499000,2019-05-20,InventoryNet,2026-08-27
BLDR,liabilities,2019-03-31,2566994000,2019-05-20,Liabilities,2026-08-27
BLDR,netIncome,2019-03-31,35708000,2019-05-20,NetIncomeLoss,2026-08-27
BLDR,operatingCashFlow,2019-03-31,6075000,2019-05-20,NetCashProvidedByUsedInOperatingActivities,2026-08-27
BLDR,operatingIncome,2019-03-31,71891000,2019-05-20,OperatingIncomeLoss,2026-08-27
BLDR,receivables,2019-03-31,648942000,2019-05-20,AccountsReceivableNetCurrent,2026-08-27
BLDR,revenue,2019-03-31,1631300000,2019-05-20,RevenueFromContractWithCustomerExcludingAssessedTax,2026-08-27
BLDR,shares,2019-03-31,115603000,2019-05-20,CommonStockSharesOutstanding,2026-08-27
BMY,assets,2019-03-31,34834000000,2019-05-20,Assets,2026-08-27
BMY,buybacks,2019-03-31,0,2019-05-20,PaymentsForRepurchaseOfCommonStock,2026-08-27
BMY,capex,2019-03-31,204000000,2019-05-20,PaymentsToAcquirePropertyPlantAndEquipment,2026-08-27
BMY,cash,2019-03-31,7335000000,2019-05-20,CashAndCashEquivalentsAtCarryingValue,2026-08-27
BMY,debt,2019-03-31,5635000000,2019-05-20,LongTermDebtNoncurrent,2026-08-27
BMY,equity,2019-03-31,15218000000,2019-05-20,StockholdersEquity,2026-08-27
BMY,grossProfit,2019-03-31,4096000000,2019-05-20,GrossProfit,2026-08-27
BMY,inventory,2019-03-31,1283000000,2019-05-20,InventoryNet,2026-08-27
BMY,liabilities,2019-03-31,19517000000,2019-05-20,Liabilities,2026-08-27
BMY,netIncome,2019-03-31,1710000000,2019-05-20,NetIncomeLoss,2026-08-27
BMY,operatingCashFlow,2019-03-31,1390000000,2019-05-20,NetCashProvidedByUsedInOperatingActivities,2026-08-27
BMY,receivables,2019-03-31,4594000000,2019-05-20,AccountsReceivableNetCurrent,2026-08-27
BMY,revenue,2019-03-31,5920000000,2019-05-20,Revenues,2026-08-27
BMY,rnd,2019-03-31,1348000000,2019-05-20,ResearchAndDevelopmentExpense,2026-08-27
BNY,assets,2019-03-31,346132000000,2019-05-20,Assets,2026-08-27
BNY,buybacks,2019-03-31,555000000,2019-05-20,PaymentsForRepurchaseOfCommonStock,2026-08-27
BNY,capex,2019-03-31,264000000,2019-05-20,PaymentsToAcquirePropertyPlantAndEquipment,2026-08-27
BNY,cash,2019-03-31,5980000000,2019-05-20,CashAndCashEquivalentsAtCarryingValue,2026-08-27
BNY,equity,2019-03-31,41225000000,2019-05-20,StockholdersEquity,2026-08-27
BNY,liabilities,2019-03-31,304663000000,2019-05-20,Liabilities,2026-08-27
BNY,netIncome,2019-03-31,946000000,2019-05-20,NetIncomeLoss,2026-08-27
BNY,operatingCashFlow,2019-03-31,-949000000,2019-05-20,NetCashProvidedByUsedInOperatingActivities,2026-08-27
BR,assets,2019-03-31,3602100000,2019-05-20,Assets,2026-08-27
BR,cash,2019-03-31,292100000,2019-05-20,CashAndCashEquivalentsAtCarryingValue,2026-08-27
BR,debt,2019-03-31,1174400000,2019-05-20,LongTermDebtNoncurrent,2026-08-27
BR,equity,2019-03-31,1265600000,2019-05-20,StockholdersEquity,2026-08-27
BR,grossProfit,2019-03-31,377500000,2019-05-20,GrossProfit,2026-08-27
BR,liabilities,2019-03-31,2336500000,2019-05-20,Liabilities,2026-08-27
BR,netIncome,2019-03-31,172200000,2019-05-20,NetIncomeLoss,2026-08-27
BR,operatingIncome,2019-03-31,233600000,2019-05-20,OperatingIncomeLoss,2026-08-27
BR,revenue,2019-03-31,1224800000,2019-05-20,RevenueFromContractWithCustomerExcludingAssessedTax,2026-08-27
BR,shares,2019-03-31,115800000,2019-05-20,CommonStockSharesOutstanding,2026-08-27
BRK-B,assets,2019-03-31,738724000000,2019-05-20,Assets,2026-08-27
BRK-B,buybacks,2019-03-31,1585000000,2019-05-20,PaymentsForRepurchaseOfCommonStock,2026-08-27
BRK-B,capex,2019-03-31,3151000000,2019-05-20,PaymentsToAcquirePropertyPlantAndEquipment,2026-08-27
BRK-B,equity,2019-03-31,368877000000,2019-05-20,StockholdersEquity,2026-08-27
BRK-B,inventory,2019-03-31,19454000000,2019-05-20,InventoryNet,2026-08-27
BRK-B,liabilities,2019-03-31,366133000000,2019-05-20,Liabilities,2026-08-27
BRK-B,netIncome,2019-03-31,21661000000,2019-05-20,NetIncomeLoss,2026-08-27
BRK-B,operatingCashFlow,2019-03-31,7577000000,2019-05-20,NetCashProvidedByUsedInOperatingActivities,2026-08-27
BRK-B,revenue,2019-03-31,60678000000,2019-05-20,Revenues,2026-08-27
BRO,assets,2019-03-31,6806289000,2019-05-20,Assets,2026-08-27
BRO,buybacks,2019-03-31,0,2019-05-20,PaymentsForRepurchaseOfCommonStock,2026-08-27
BRO,capex,2019-03-31,23186000,2019-05-20,PaymentsToAcquirePropertyPlantAndEquipment,2026-08-27
BRO,cash,2019-03-31,322477000,2019-05-20,CashAndCashEquivalentsAtCarryingValue,2026-08-27
BRO,debt,2019-03-31,1439998000,2019-05-20,LongTermDebtNoncurrent,2026-08-27
BRO,equity,2019-03-31,3098431000,2019-05-20,StockholdersEquity,2026-08-27
BRO,netIncome,2019-03-31,113896000,2019-05-20,NetIncomeLoss,2026-08-27
BRO,operatingCashFlow,2019-03-31,5356000,2019-05-20,NetCashProvidedByUsedInOperatingActivities,2026-08-27
BRO,revenue,2019-03-31,619280000,2019-05-20,Revenues,2026-08-27
BSX,assets,2019-03-31,23802000000,2019-05-20,Assets,2026-08-27
BSX,capex,2019-03-31,63000000,2019-05-20,PaymentsToAcquirePropertyPlantAndEquipment,2026-08-27
BSX,cash,2019-03-31,139000000,2019-05-20,CashAndCashEquivalentsAtCarryingValue,2026-08-27
BSX,grossProfit,2019-03-31,1763000000,2019-05-20,GrossProfit,2026-08-27
BSX,inventory,2019-03-31,1228000000,2019-05-20,InventoryNet,2026-08-27
BSX,operatingCashFlow,2019-03-31,350000000,2019-05-20,NetCashProvidedByUsedInOperatingActivities,2026-08-27
BSX,operatingIncome,2019-03-31,541000000,2019-05-20,OperatingIncomeLoss,2026-08-27
BSX,revenue,2019-03-31,2493000000,2019-05-20,RevenueFromContractWithCustomerExcludingAssessedTax,2026-08-27
BSX,shares,2019-03-31,1390583103,2019-05-20,CommonStockSharesOutstanding,2026-08-27
BX,assets,2019-03-31,29874951000,2019-05-20,Assets,2026-08-27
BX,capex,2019-03-31,18858000,2019-05-20,PaymentsToAcquirePropertyPlantAndEquipment,2026-08-27
BX,cash,2019-03-31,1570741000,2019-05-20,CashAndCashEquivalentsAtCarryingValue,2026-08-27
BX,debt,2019-03-31,10362430000,2019-05-20,LongTermDebt,2026-08-27
BX,liabilities,2019-03-31,15728250000,2019-05-20,Liabilities,2026-08-27
BX,netIncome,2019-03-31,481304000,2019-05-20,NetIncomeLoss,2026-08-27
BX,operatingCashFlow,2019-03-31,130531000,2019-05-20,NetCashProvidedByUsedInOperatingActivities,2026-08-27
BX,revenue,2019-03-31,2024871000,2019-05-20,Revenues,2026-08-27
BXP,assets,2019-03-31,20501604000,2019-05-20,Assets,2026-08-27
BXP,cash,2019-03-31,360091000,2019-05-20,CashAndCashEquivalentsAtCarryingValue,2026-08-27
BXP,equity,2019-03-31,5836618000,2019-05-20,StockholdersEquity,2026-08-27
BXP,equityStakes,2019-03-31,26995000,2019-05-20,PaymentsToAcquireEquityMethodInvestments,2026-08-27
BXP,grossProfit,2019-03-31,447715000,2019-05-20,GrossProfit,2026-08-27
BXP,liabilities,2019-03-31,12331317000,2019-05-20,Liabilities,2026-08-27
BXP,netIncome,2019-03-31,100730000,2019-05-20,NetIncomeLoss,2026-08-27
BXP,operatingCashFlow,2019-03-31,207234000,2019-05-20,NetCashProvidedByUsedInOperatingActivities,2026-08-27
BXP,revenue,2019-03-31,725767000,2019-05-20,Revenues,2026-08-27
BXP,shares,2019-03-31,154515486,2019-05-20,CommonStockSharesOutstanding,2026-08-27
C,assets,2019-03-31,1958413000000,2019-05-20,Assets,2026-08-27
C,buybacks,2019-03-31,4055000000,2019-05-20,PaymentsForRepurchaseOfCommonStock,2026-08-27
C,capex,2019-03-31,518000000,2019-05-20,PaymentsToAcquirePropertyPlantAndEquipment,2026-08-27
C,debt,2019-03-31,243566000000,2019-05-20,LongTermDebt,2026-08-27
C,equity,2019-03-31,196252000000,2019-05-20,StockholdersEquity,2026-08-27
C,liabilities,2019-03-31,1761398000000,2019-05-20,Liabilities,2026-08-27
C,netIncome,2019-03-31,4710000000,2019-05-20,NetIncomeLoss,2026-08-27
C,operatingCashFlow,2019-03-31,-37616000000,2019-05-20,NetCashProvidedByUsedInOperatingActivitiesContinuingOperations,2026-08-27
C,revenue,2019-03-31,18576000000,2019-05-20,Revenues,2026-08-27
CAH,assets,2019-03-31,40809000000,2019-05-20,Assets,2026-08-27
CAH,cash,2019-03-31,3438000000,2019-05-20,CashAndCashEquivalentsAtCarryingValue,2026-08-27
CAH,equity,2019-03-31,6230000000,2019-05-20,StockholdersEquity,2026-08-27
CAH,grossProfit,2019-03-31,1764000000,2019-05-20,GrossProfit,2026-08-27
CAH,inventory,2019-03-31,12622000000,2019-05-20,InventoryNet,2026-08-27
CAH,netIncome,2019-03-31,296000000,2019-05-20,NetIncomeLoss,2026-08-27
CAH,operatingIncome,2019-03-31,432000000,2019-05-20,OperatingIncomeLoss,2026-08-27
CAH,revenue,2019-03-31,35228000000,2019-05-20,Revenues,2026-08-27
CARR,capex,2019-03-31,41000000,2019-05-20,PaymentsToAcquireProductiveAssets,2026-08-27
CARR,cash,2019-03-31,863000000,2019-05-20,CashAndCashEquivalentsAtCarryingValue,2026-08-27
CARR,netIncome,2019-03-31,400000000,2019-05-20,NetIncomeLoss,2026-08-27
CARR,operatingCashFlow,2019-03-31,-183000000,2019-05-20,NetCashProvidedByUsedInOperatingActivities,2026-08-27
CARR,operatingIncome,2019-03-31,500000000,2019-05-20,OperatingIncomeLoss,2026-08-27
CARR,revenue,2019-03-31,4323000000,2019-05-20,RevenueFromContractWithCustomerExcludingAssessedTax,2026-08-27
CARR,rnd,2019-03-31,97000000,2019-05-20,ResearchAndDevelopmentExpense,2026-08-27
CASY,assets,2019-01-31,3583599000,2019-04-26,Assets,2026-08-27
CASY,cash,2019-01-31,34169000,2019-04-26,CashAndCashEquivalentsAtCarryingValue,2026-08-27
CASY,debt,2019-01-31,1288952000,2019-04-26,LongTermDebtNoncurrent,2026-08-27
CASY,equity,2019-01-31,1390868000,2019-04-26,StockholdersEquity,2026-08-27
CASY,grossProfit,2019-01-31,470265000,2019-04-26,GrossProfit,2026-08-27
CASY,inventory,2019-01-31,250897000,2019-04-26,InventoryNet,2026-08-27
CASY,liabilities,2019-01-31,2192731000,2019-04-26,Liabilities,2026-08-27
CASY,netIncome,2019-01-31,41835000,2019-04-26,NetIncomeLoss,2026-08-27
CASY,revenue,2019-01-31,2048076000,2019-04-26,Revenues,2026-08-27
CAT,assets,2019-03-31,78726000000,2019-05-20,Assets,2026-08-27
CAT,buybacks,2019-03-31,751000000,2019-05-20,PaymentsForRepurchaseOfCommonStock,2026-08-27
CAT,capex,2019-03-31,278000000,2019-05-20,PaymentsToAcquirePropertyPlantAndEquipment,2026-08-27
CAT,grossProfit,2019-03-31,3721000000,2019-05-20,GrossProfit,2026-08-27
CAT,inventory,2019-03-31,12340000000,2019-05-20,InventoryNet,2026-08-27
CAT,liabilities,2019-03-31,63248000000,2019-05-20,Liabilities,2026-08-27
CAT,operatingCashFlow,2019-03-31,1121000000,2019-05-20,NetCashProvidedByUsedInOperatingActivities,2026-08-27
CAT,operatingIncome,2019-03-31,2207000000,2019-05-20,OperatingIncomeLoss,2026-08-27
CAT,receivables,2019-03-31,8961000000,2019-05-20,AccountsReceivableNetCurrent,2026-08-27
CAT,revenue,2019-03-31,13466000000,2019-05-20,Revenues,2026-08-27
CAT,rnd,2019-03-31,435000000,2019-05-20,ResearchAndDevelopmentExpense,2026-08-27
CAT,shares,2019-03-31,571700000,2019-05-20,CommonStockSharesOutstanding,2026-08-27
CB,assets,2019-03-31,171347000000,2019-05-20,Assets,2026-08-27
CB,buybacks,2019-03-31,367000000,2019-05-20,PaymentsForRepurchaseOfCommonStock,2026-08-27
CB,cash,2019-03-31,1271000000,2019-05-20,CashAndCashEquivalentsAtCarryingValue,2026-08-27
CB,debt,2019-03-31,12071000000,2019-05-20,LongTermDebt,2026-08-27
CB,equity,2019-03-31,52355000000,2019-05-20,StockholdersEquity,2026-08-27
CB,liabilities,2019-03-31,118992000000,2019-05-20,Liabilities,2026-08-27
CB,netIncome,2019-03-31,1040000000,2019-05-20,NetIncomeLoss,2026-08-27
CB,operatingCashFlow,2019-03-31,1322000000,2019-05-20,NetCashProvidedByUsedInOperatingActivities,2026-08-27
CB,revenue,2019-03-31,7876000000,2019-05-20,Revenues,2026-08-27
CB,shares,2019-03-31,458179205,2019-05-20,CommonStockSharesOutstanding,2026-08-27
CBOE,assets,2019-03-31,5330400000,2019-05-20,Assets,2026-08-27
CBOE,buybacks,2019-03-31,35000000,2019-05-20,PaymentsForRepurchaseOfCommonStock,2026-08-27
CBOE,capex,2019-03-31,5800000,2019-05-20,PaymentsToAcquirePropertyPlantAndEquipment,2026-08-27
CBOE,cash,2019-03-31,346200000,2019-05-20,CashAndCashEquivalentsAtCarryingValue,2026-08-27
CBOE,debt,2019-03-31,916100000,2019-05-20,LongTermDebtNoncurrent,2026-08-27
CBOE,equity,2019-03-31,3285400000,2019-05-20,StockholdersEquity,2026-08-27
CBOE,grossProfit,2019-03-31,279400000,2019-05-20,GrossProfit,2026-08-27
CBOE,netIncome,2019-03-31,95400000,2019-05-20,NetIncomeLoss,2026-08-27
CBOE,operatingCashFlow,2019-03-31,118000000,2019-05-20,NetCashProvidedByUsedInOperatingActivities,2026-08-27
CBOE,operatingIncome,2019-03-31,145400000,2019-05-20,OperatingIncomeLoss,2026-08-27
CBOE,receivables,2019-03-31,251000000,2019-05-20,AccountsReceivableNetCurrent,2026-08-27
CBOE,shares,2019-03-31,111630805,2019-05-20,CommonStockSharesOutstanding,2026-08-27
CBRE,assets,2019-03-31,14693008000,2019-05-20,Assets,2026-08-27
CBRE,buybacks,2019-03-31,45088000,2019-05-20,PaymentsForRepurchaseOfCommonStock,2026-08-27
CBRE,capex,2019-03-31,56979000,2019-05-20,PaymentsToAcquirePropertyPlantAndEquipment,2026-08-27
CBRE,cash,2019-03-31,604952000,2019-05-20,CashAndCashEquivalentsAtCarryingValue,2026-08-27
CBRE,debt,2019-03-31,1760181000,2019-05-20,LongTermDebtNoncurrent,2026-08-27
CBRE,equity,2019-03-31,5089379000,2019-05-20,StockholdersEquity,2026-08-27
CBRE,liabilities,2019-03-31,9488792000,2019-05-20,Liabilities,2026-08-27
CBRE,netIncome,2019-03-31,164409000,2019-05-20,NetIncomeLoss,2026-08-27
CBRE,operatingCashFlow,2019-03-31,-392575000,2019-05-20,NetCashProvidedByUsedInOperatingActivities,2026-08-27
CBRE,operatingIncome,2019-03-31,144987000,2019-05-20,OperatingIncomeLoss,2026-08-27
CBRE,receivables,2019-03-31,3801474000,2019-05-20,AccountsReceivableNetCurrent,2026-08-27
CBRE,revenue,2019-03-31,5135510000,2019-05-20,Revenues,2026-08-27
CBRE,shares,2019-03-31,336266487,2019-05-20,CommonStockSharesOutstanding,2026-08-27
CCI,assets,2019-03-31,37755000000,2019-05-20,Assets,2026-08-27
CCI,buybacks,2019-03-31,-42000000,2019-05-20,PaymentsForRepurchaseOfCommonStock,2026-08-27
CCI,capex,2019-03-31,-480000000,2019-05-20,PaymentsToAcquireProductiveAssets,2026-08-27
CCI,cash,2019-03-31,245000000,2019-05-20,CashAndCashEquivalentsAtCarryingValue,2026-08-27
CCI,liabilities,2019-03-31,26488000000,2019-05-20,Liabilities,2026-08-27
CCI,operatingCashFlow,2019-03-31,512000000,2019-05-20,NetCashProvidedByUsedInOperatingActivities,2026-08-27
CCI,operatingIncome,2019-03-31,367000000,2019-05-20,OperatingIncomeLoss,2026-08-27
CCI,receivables,2019-03-31,545000000,2019-05-20,AccountsReceivableNetCurrent,2026-08-27
CCI,revenue,2019-03-31,1408000000,2019-05-20,Revenues,2026-08-27
CCI,shares,2019-03-31,416000000,2019-05-20,CommonStockSharesOutstanding,2026-08-27
CCL,assets,2019-02-28,43930000000,2019-04-19,Assets,2026-08-27
CCL,buybacks,2019-02-28,274000000,2019-04-19,PaymentsForRepurchaseOfCommonStock,2026-08-27
CCL,capex,2019-02-28,2129000000,2019-04-19,PaymentsToAcquirePropertyPlantAndEquipment,2026-08-27
CCL,cash,2019-02-28,649000000,2019-04-19,CashAndCashEquivalentsAtCarryingValue,2026-08-27
CCL,debt,2019-02-28,9134000000,2019-04-19,LongTermDebtNoncurrent,2026-08-27
CCL,equity,2019-02-28,24241000000,2019-04-19,StockholdersEquity,2026-08-27
CCL,inventory,2019-02-28,444000000,2019-04-19,InventoryNet,2026-08-27
CCL,netIncome,2019-02-28,336000000,2019-04-19,NetIncomeLoss,2026-08-27
CCL,operatingCashFlow,2019-02-28,1116000000,2019-04-19,NetCashProvidedByUsedInOperatingActivities,2026-08-27
CCL,operatingIncome,2019-02-28,386000000,2019-04-19,OperatingIncomeLoss,2026-08-27
CCL,revenue,2019-02-28,4673000000,2019-04-19,RevenueFromContractWithCustomerExcludingAssessedTax,2026-08-27
CDNS,assets,2019-03-30,2546311000,2019-05-19,Assets,2026-08-27
CDNS,buybacks,2019-03-30,81114000,2019-05-19,PaymentsForRepurchaseOfCommonStock,2026-08-27
CDNS,capex,2019-03-30,15275000,2019-05-19,PaymentsToAcquirePropertyPlantAndEquipment,2026-08-27
CDNS,cash,2019-03-30,538898000,2019-05-19,CashAndCashEquivalentsAtCarryingValue,2026-08-27
CDNS,equity,2019-03-30,1365837000,2019-05-19,StockholdersEquity,2026-08-27
CDNS,equityStakes,2019-03-30,33600000,2019-05-19,PaymentsToAcquireEquityMethodInvestments,2026-08-27
CDNS,inventory,2019-03-30,37480000,2019-05-19,InventoryNet,2026-08-27
CDNS,netIncome,2019-03-30,120555000,2019-05-19,NetIncomeLoss,2026-08-27
CDNS,operatingCashFlow,2019-03-30,185414000,2019-05-19,NetCashProvidedByUsedInOperatingActivities,2026-08-27
CDNS,operatingIncome,2019-03-30,128396000,2019-05-19,OperatingIncomeLoss,2026-08-27
CDNS,revenue,2019-03-30,576742000,2019-05-19,RevenueFromContractWithCustomerExcludingAssessedTax,2026-08-27
CDW,assets,2019-03-31,7679500000,2019-05-20,Assets,2026-08-27
CDW,buybacks,2019-03-31,177100000,2019-05-20,PaymentsForRepurchaseOfCommonStock,2026-08-27
CDW,capex,2019-03-31,19400000,2019-05-20,PaymentsToAcquirePropertyPlantAndEquipment,2026-08-27
CDW,cash,2019-03-31,285000000,2019-05-20,CashAndCashEquivalentsAtCarryingValue,2026-08-27
CDW,debt,2019-03-31,3257700000,2019-05-20,LongTermDebtNoncurrent,2026-08-27
CDW,equity,2019-03-31,927300000,2019-05-20,StockholdersEquity,2026-08-27
CDW,grossProfit,2019-03-31,672100000,2019-05-20,GrossProfit,2026-08-27
CDW,inventory,2019-03-31,590700000,2019-05-20,InventoryNet,2026-08-27
CDW,netIncome,2019-03-31,152900000,2019-05-20,NetIncomeLoss,2026-08-27
CDW,operatingCashFlow,2019-03-31,252400000,2019-05-20,NetCashProvidedByUsedInOperatingActivities,2026-08-27
CDW,operatingIncome,2019-03-31,228900000,2019-05-20,OperatingIncomeLoss,2026-08-27
CDW,receivables,2019-03-31,2725100000,2019-05-20,AccountsReceivableNetCurrent,2026-08-27
CDW,revenue,2019-03-31,3957900000,2019-05-20,RevenueFromContractWithCustomerExcludingAssessedTax,2026-08-27
CDW,shares,2019-03-31,146300000,2019-05-20,CommonStockSharesOutstanding,2026-08-27
CF,assets,2019-03-31,12942000000,2019-05-20,Assets,2026-08-27
CF,buybacks,2019-03-31,87000000,2019-05-20,PaymentsForRepurchaseOfCommonStock,2026-08-27
CF,capex,2019-03-31,80000000,2019-05-20,PaymentsToAcquirePropertyPlantAndEquipment,2026-08-27
CF,cash,2019-03-31,671000000,2019-05-20,CashAndCashEquivalentsAtCarryingValue,2026-08-27
CF,debt,2019-03-31,4700000000,2019-05-20,LongTermDebtNoncurrent,2026-08-27
CF,equity,2019-03-31,2955000000,2019-05-20,StockholdersEquity,2026-08-27
CF,grossProfit,2019-03-31,220000000,2019-05-20,GrossProfit,2026-08-27
CF,inventory,2019-03-31,446000000,2019-05-20,InventoryNet,2026-08-27
CF,operatingCashFlow,2019-03-31,306000000,2019-05-20,NetCashProvidedByUsedInOperatingActivities,2026-08-27
CF,operatingIncome,2019-03-31,165000000,2019-05-20,OperatingIncomeLoss,2026-08-27
CF,revenue,2019-03-31,1001000000,2019-05-20,Revenues,2026-08-27
CFG,assets,2019-03-31,161342000000,2019-05-20,Assets,2026-08-27
CFG,buybacks,2019-03-31,200000000,2019-05-20,PaymentsForRepurchaseOfCommonStock,2026-08-27
CFG,capex,2019-03-31,16000000,2019-05-20,PaymentsToAcquireProductiveAssets,2026-08-27
CFG,debt,2019-03-31,11725000000,2019-05-20,LongTermDebt,2026-08-27
CFG,equity,2019-03-31,21531000000,2019-05-20,StockholdersEquity,2026-08-27
CFG,liabilities,2019-03-31,139811000000,2019-05-20,Liabilities,2026-08-27
CFG,netIncome,2019-03-31,439000000,2019-05-20,NetIncomeLoss,2026-08-27
CFG,operatingCashFlow,2019-03-31,472000000,2019-05-20,NetCashProvidedByUsedInOperatingActivities,2026-08-27
CFG,revenue,2019-03-31,1588000000,2019-05-20,Revenues,2026-08-27
CFG,shares,2019-03-31,461116723,2019-05-20,CommonStockSharesOutstanding,2026-08-27
CHD,assets,2019-03-31,5960600000,2019-05-20,Assets,2026-08-27
CHD,buybacks,2019-03-31,100000000,2019-05-20,PaymentsForRepurchaseOfCommonStock,2026-08-27
CHD,capex,2019-03-31,11700000,2019-05-20,PaymentsToAcquirePropertyPlantAndEquipment,2026-08-27
CHD,cash,2019-03-31,97900000,2019-05-20,CashAndCashEquivalentsAtCarryingValue,2026-08-27
CHD,debt,2019-03-31,1509400000,2019-05-20,LongTermDebtNoncurrent,2026-08-27
CHD,equity,2019-03-31,2499300000,2019-05-20,StockholdersEquity,2026-08-27
CHD,grossProfit,2019-03-31,470800000,2019-05-20,GrossProfit,2026-08-27
CHD,inventory,2019-03-31,399500000,2019-05-20,InventoryNet,2026-08-27
CHD,liabilities,2019-03-31,3461300000,2019-05-20,Liabilities,2026-08-27
CHD,netIncome,2019-03-31,175700000,2019-05-20,NetIncomeLoss,2026-08-27
CHD,operatingCashFlow,2019-03-31,137900000,2019-05-20,NetCashProvidedByUsedInOperatingActivities,2026-08-27
CHD,operatingIncome,2019-03-31,240800000,2019-05-20,OperatingIncomeLoss,2026-08-27
CHD,receivables,2019-03-31,384600000,2019-05-20,AccountsReceivableNetCurrent,2026-08-27
CHD,revenue,2019-03-31,1044700000,2019-05-20,RevenueFromContractWithCustomerExcludingAssessedTax,2026-08-27
CHD,rnd,2019-03-31,20700000,2019-05-20,ResearchAndDevelopmentExpense,2026-08-27
CHRW,assets,2019-03-31,4697444000,2019-05-20,Assets,2026-08-27
CHRW,buybacks,2019-03-31,67624000,2019-05-20,PaymentsForRepurchaseOfCommonStock,2026-08-27
CHRW,capex,2019-03-31,8619000,2019-05-20,PaymentsToAcquirePropertyPlantAndEquipment,2026-08-27
CHRW,cash,2019-03-31,445473000,2019-05-20,CashAndCashEquivalentsAtCarryingValue,2026-08-27
CHRW,debt,2019-03-31,1341605000,2019-05-20,LongTermDebtNoncurrent,2026-08-27
CHRW,equity,2019-03-31,1652561000,2019-05-20,StockholdersEquity,2026-08-27
CHRW,liabilities,2019-03-31,3044883000,2019-05-20,Liabilities,2026-08-27
CHRW,netIncome,2019-03-31,161788000,2019-05-20,NetIncomeLoss,2026-08-27
CHRW,operatingCashFlow,2019-03-31,256931000,2019-05-20,NetCashProvidedByUsedInOperatingActivities,2026-08-27
CHRW,operatingIncome,2019-03-31,224550000,2019-05-20,OperatingIncomeLoss,2026-08-27
CHRW,revenue,2019-03-31,3751210000,2019-05-20,RevenueFromContractWithCustomerExcludingAssessedTax,2026-08-27
CHRW,shares,2019-03-31,136889000,2019-05-20,CommonStockSharesOutstanding,2026-08-27
CHTR,assets,2019-03-31,147257000000,2019-05-20,Assets,2026-08-27
CHTR,buybacks,2019-03-31,940000000,2019-05-20,PaymentsForRepurchaseOfCommonStock,2026-08-27
CHTR,capex,2019-03-31,1665000000,2019-05-20,PaymentsToAcquirePropertyPlantAndEquipment,2026-08-27
CHTR,cash,2019-03-31,1451000000,2019-05-20,CashAndCashEquivalentsAtCarryingValue,2026-08-27
CHTR,debt,2019-03-31,70567000000,2019-05-20,LongTermDebtNoncurrent,2026-08-27
CHTR,equity,2019-03-31,35734000000,2019-05-20,StockholdersEquity,2026-08-27
CHTR,netIncome,2019-03-31,253000000,2019-05-20,NetIncomeLoss,2026-08-27
CHTR,operatingCashFlow,2019-03-31,2686000000,2019-05-20,NetCashProvidedByUsedInOperatingActivities,2026-08-27
CHTR,operatingIncome,2019-03-31,1425000000,2019-05-20,OperatingIncomeLoss,2026-08-27
CHTR,receivables,2019-03-31,1578000000,2019-05-20,AccountsReceivableNetCurrent,2026-08-27
CHTR,revenue,2019-03-31,11206000000,2019-05-20,Revenues,2026-08-27
CI,assets,2019-03-31,154348000000,2019-05-20,Assets,2026-08-27
CI,buybacks,2019-03-31,462000000,2019-05-20,PaymentsForRepurchaseOfCommonStock,2026-08-27
CI,capex,2019-03-31,194000000,2019-05-20,PaymentsToAcquirePropertyPlantAndEquipment,2026-08-27
CI,cash,2019-03-31,4976000000,2019-05-20,CashAndCashEquivalentsAtCarryingValue,2026-08-27
CI,equity,2019-03-31,42408000000,2019-05-20,StockholdersEquity,2026-08-27
CI,inventory,2019-03-31,2382000000,2019-05-20,InventoryNet,2026-08-27
CI,liabilities,2019-03-31,111897000000,2019-05-20,Liabilities,2026-08-27
CI,operatingCashFlow,2019-03-31,3192000000,2019-05-20,NetCashProvidedByUsedInOperatingActivities,2026-08-27
CI,operatingIncome,2019-03-31,2230000000,2019-05-20,OperatingIncomeLoss,2026-08-27
CI,revenue,2019-03-31,37946000000,2019-05-20,Revenues,2026-08-27
CIEN,assets,2019-01-31,3618106000,2019-04-26,Assets,2026-08-27
CIEN,capex,2019-01-31,15345000,2019-04-26,PaymentsToAcquirePropertyPlantAndEquipment,2026-08-27
CIEN,cash,2019-01-31,668810000,2019-04-26,CashAndCashEquivalentsAtCarryingValue,2026-08-27
CIEN,equity,2019-01-31,2054305000,2019-04-26,StockholdersEquity,2026-08-27
CIEN,grossProfit,2019-01-31,323341000,2019-04-26,GrossProfit,2026-08-27
CIEN,inventory,2019-01-31,323106000,2019-04-26,InventoryNet,2026-08-27
CIEN,liabilities,2019-01-31,1563801000,2019-04-26,Liabilities,2026-08-27
CIEN,netIncome,2019-01-31,33616000,2019-04-26,NetIncomeLoss,2026-08-27
CIEN,operatingCashFlow,2019-01-31,-14105000,2019-04-26,NetCashProvidedByUsedInOperatingActivities,2026-08-27
CIEN,operatingIncome,2019-01-31,47943000,2019-04-26,OperatingIncomeLoss,2026-08-27
CIEN,receivables,2019-01-31,761186000,2019-04-26,AccountsReceivableNetCurrent,2026-08-27
CIEN,revenue,2019-01-31,778527000,2019-04-26,Revenues,2026-08-27
CIEN,rnd,2019-01-31,128633000,2019-04-26,ResearchAndDevelopmentExpense,2026-08-27
CIEN,shares,2019-01-31,156336210,2019-04-26,CommonStockSharesOutstanding,2026-08-27
CINF,assets,2019-03-31,23352000000,2019-05-20,Assets,2026-08-27
CINF,buybacks,2019-03-31,0,2019-05-20,PaymentsForRepurchaseOfCommonStock,2026-08-27
CINF,capex,2019-03-31,5000000,2019-05-20,PaymentsToAcquirePropertyPlantAndEquipment,2026-08-27
CINF,cash,2019-03-31,802000000,2019-05-20,CashAndCashEquivalentsAtCarryingValue,2026-08-27
CINF,debt,2019-03-31,788000000,2019-05-20,LongTermDebt,2026-08-27
CINF,equity,2019-03-31,8630000000,2019-05-20,StockholdersEquity,2026-08-27
CINF,liabilities,2019-03-31,14722000000,2019-05-20,Liabilities,2026-08-27
CINF,netIncome,2019-03-31,695000000,2019-05-20,NetIncomeLoss,2026-08-27
CINF,operatingCashFlow,2019-03-31,200000000,2019-05-20,NetCashProvidedByUsedInOperatingActivities,2026-08-27
CINF,revenue,2019-03-31,2159000000,2019-05-20,Revenues,2026-08-27
CINF,shares,2019-03-31,198300000,2019-05-20,CommonStockSharesOutstanding,2026-08-27
CL,assets,2019-03-31,12883000000,2019-05-20,Assets,2026-08-27
CL,buybacks,2019-03-31,399000000,2019-05-20,PaymentsForRepurchaseOfCommonStock,2026-08-27
CL,capex,2019-03-31,71000000,2019-05-20,PaymentsToAcquireProductiveAssets,2026-08-27
CL,cash,2019-03-31,843000000,2019-05-20,CashAndCashEquivalentsAtCarryingValue,2026-08-27
CL,debt,2019-03-31,6655000000,2019-05-20,LongTermDebtNoncurrent,2026-08-27
CL,equity,2019-03-31,-552000000,2019-05-20,StockholdersEquity,2026-08-27
CL,grossProfit,2019-03-31,2287000000,2019-05-20,GrossProfit,2026-08-27
CL,inventory,2019-03-31,1278000000,2019-05-20,InventoryNet,2026-08-27
CL,liabilities,2019-03-31,13093000000,2019-05-20,Liabilities,2026-08-27
CL,netIncome,2019-03-31,560000000,2019-05-20,NetIncomeLoss,2026-08-27
CL,operatingCashFlow,2019-03-31,605000000,2019-05-20,NetCashProvidedByUsedInOperatingActivities,2026-08-27
CL,operatingIncome,2019-03-31,879000000,2019-05-20,OperatingIncomeLoss,2026-08-27
CL,receivables,2019-03-31,1547000000,2019-05-20,AccountsReceivableNetCurrent,2026-08-27
CL,revenue,2019-03-31,3884000000,2019-05-20,RevenueFromContractWithCustomerExcludingAssessedTax,2026-08-27
CLX,assets,2019-03-31,5162000000,2019-05-20,Assets,2026-08-27
CLX,cash,2019-03-31,178000000,2019-05-20,CashAndCashEquivalentsAtCarryingValue,2026-08-27
CLX,debt,2019-03-31,2286000000,2019-05-20,LongTermDebtNoncurrent,2026-08-27
CLX,equity,2019-03-31,781000000,2019-05-20,StockholdersEquity,2026-08-27
CLX,grossProfit,2019-03-31,673000000,2019-05-20,GrossProfit,2026-08-27
CLX,inventory,2019-03-31,556000000,2019-05-20,InventoryNet,2026-08-27
CLX,liabilities,2019-03-31,4381000000,2019-05-20,Liabilities,2026-08-27
CLX,netIncome,2019-03-31,187000000,2019-05-20,NetIncomeLoss,2026-08-27
CLX,revenue,2019-03-31,1551000000,2019-05-20,RevenueFromContractWithCustomerExcludingAssessedTax,2026-08-27
CLX,rnd,2019-03-31,34000000,2019-05-20,ResearchAndDevelopmentExpense,2026-08-27
CLX,shares,2019-03-31,127888226,2019-05-20,CommonStockSharesOutstanding,2026-08-27
CMCSA,assets,2019-03-31,256189000000,2019-05-20,Assets,2026-08-27
CMCSA,buybacks,2019-03-31,247000000,2019-05-20,PaymentsForRepurchaseOfCommonStock,2026-08-27
CMCSA,capex,2019-03-31,2092000000,2019-05-20,PaymentsToAcquirePropertyPlantAndEquipment,2026-08-27
CMCSA,cash,2019-03-31,3498000000,2019-05-20,CashAndCashEquivalentsAtCarryingValue,2026-08-27
CMCSA,equity,2019-03-31,74959000000,2019-05-20,StockholdersEquity,2026-08-27
CMCSA,netIncome,2019-03-31,3553000000,2019-05-20,NetIncomeLoss,2026-08-27
CMCSA,operatingCashFlow,2019-03-31,7231000000,2019-05-20,NetCashProvidedByUsedInOperatingActivities,2026-08-27
CMCSA,operatingIncome,2019-03-31,5182000000,2019-05-20,OperatingIncomeLoss,2026-08-27
CMCSA,receivables,2019-03-31,10736000000,2019-05-20,AccountsReceivableNetCurrent,2026-08-27
CMCSA,revenue,2019-03-31,26859000000,2019-05-20,Revenues,2026-08-27
CME,assets,2019-03-31,71614500000,2019-05-20,Assets,2026-08-27
CME,capex,2019-03-31,49100000,2019-05-20,PaymentsToAcquirePropertyPlantAndEquipment,2026-08-27
CME,cash,2019-03-31,997400000,2019-05-20,CashAndCashEquivalentsAtCarryingValue,2026-08-27
CME,equity,2019-03-31,26186500000,2019-05-20,StockholdersEquity,2026-08-27
CME,liabilities,2019-03-31,45428000000,2019-05-20,Liabilities,2026-08-27
CME,netIncome,2019-03-31,496900000,2019-05-20,NetIncomeLoss,2026-08-27
CME,operatingCashFlow,2019-03-31,669200000,2019-05-20,NetCashProvidedByUsedInOperatingActivities,2026-08-27
CME,operatingIncome,2019-03-31,631000000,2019-05-20,OperatingIncomeLoss,2026-08-27
CME,receivables,2019-03-31,559500000,2019-05-20,AccountsReceivableNetCurrent,2026-08-27
CME,revenue,2019-03-31,1179600000,2019-05-20,Revenues,2026-08-27
CMG,assets,2019-03-31,4625482000,2019-05-20,Assets,2026-08-27
CMG,buybacks,2019-03-31,52886000,2019-05-20,PaymentsForRepurchaseOfCommonStock,2026-08-27
CMG,capex,2019-03-31,64226000,2019-05-20,PaymentsToAcquirePropertyPlantAndEquipment,2026-08-27
CMG,cash,2019-03-31,277661000,2019-05-20,CashAndCashEquivalentsAtCarryingValue,2026-08-27
CMG,equity,2019-03-31,1483799000,2019-05-20,StockholdersEquity,2026-08-27
CMG,inventory,2019-03-31,18780000,2019-05-20,InventoryNet,2026-08-27
CMG,liabilities,2019-03-31,3141683000,2019-05-20,Liabilities,2026-08-27
CMG,netIncome,2019-03-31,88132000,2019-05-20,NetIncomeLoss,2026-08-27
CMG,operatingCashFlow,2019-03-31,182581000,2019-05-20,NetCashProvidedByUsedInOperatingActivities,2026-08-27
CMG,operatingIncome,2019-03-31,110161000,2019-05-20,OperatingIncomeLoss,2026-08-27
CMG,receivables,2019-03-31,49725000,2019-05-20,AccountsReceivableNetCurrent,2026-08-27
CMG,revenue,2019-03-31,1308217000,2019-05-20,Revenues,2026-08-27
CMI,assets,2019-03-31,19846000000,2019-05-20,Assets,2026-08-27
CMI,buybacks,2019-03-31,100000000,2019-05-20,PaymentsForRepurchaseOfCommonStock,2026-08-27
CMI,capex,2019-03-31,109000000,2019-05-20,PaymentsToAcquirePropertyPlantAndEquipment,2026-08-27
CMI,cash,2019-03-31,1328000000,2019-05-20,CashAndCashEquivalentsAtCarryingValue,2026-08-27
CMI,equity,2019-03-31,7820000000,2019-05-20,StockholdersEquity,2026-08-27
CMI,equityStakes,2019-03-31,10000000,2019-05-20,PaymentsToAcquireEquityMethodInvestments,2026-08-27
CMI,grossProfit,2019-03-31,1532000000,2019-05-20,GrossProfit,2026-08-27
CMI,inventory,2019-03-31,3893000000,2019-05-20,InventoryNet,2026-08-27
CMI,liabilities,2019-03-31,11119000000,2019-05-20,Liabilities,2026-08-27
CMI,operatingCashFlow,2019-03-31,412000000,2019-05-20,NetCashProvidedByUsedInOperatingActivities,2026-08-27
CMI,operatingIncome,2019-03-31,799000000,2019-05-20,OperatingIncomeLoss,2026-08-27
CMI,revenue,2019-03-31,6004000000,2019-05-20,Revenues,2026-08-27
CMI,rnd,2019-03-31,237000000,2019-05-20,ResearchAndDevelopmentExpense,2026-08-27
CMS,assets,2019-03-31,24793000000,2019-05-20,Assets,2026-08-27
CMS,capex,2019-03-31,481000000,2019-05-20,PaymentsToAcquirePropertyPlantAndEquipment,2026-08-27
CMS,cash,2019-03-31,234000000,2019-05-20,CashAndCashEquivalentsAtCarryingValue,2026-08-27
CMS,debt,2019-03-31,11105000000,2019-05-20,LongTermDebtNoncurrent,2026-08-27
CMS,equity,2019-03-31,4858000000,2019-05-20,StockholdersEquity,2026-08-27
CMS,netIncome,2019-03-31,213000000,2019-05-20,NetIncomeLoss,2026-08-27
CMS,operatingCashFlow,2019-03-31,617000000,2019-05-20,NetCashProvidedByUsedInOperatingActivities,2026-08-27
CMS,operatingIncome,2019-03-31,359000000,2019-05-20,OperatingIncomeLoss,2026-08-27
CMS,receivables,2019-03-31,997000000,2019-05-20,AccountsReceivableNetCurrent,2026-08-27
CMS,revenue,2019-03-31,2059000000,2019-05-20,Revenues,2026-08-27
CMS,shares,2019-03-31,283700000,2019-05-20,CommonStockSharesOutstanding,2026-08-27
CNC,assets,2019-03-31,33569000000,2019-05-20,Assets,2026-08-27
CNC,buybacks,2019-03-31,35000000,2019-05-20,PaymentsForRepurchaseOfCommonStock,2026-08-27
CNC,capex,2019-03-31,176000000,2019-05-20,PaymentsToAcquirePropertyPlantAndEquipment,2026-08-27
CNC,cash,2019-03-31,6345000000,2019-05-20,CashAndCashEquivalentsAtCarryingValue,2026-08-27
CNC,debt,2019-03-31,6775000000,2019-05-20,LongTermDebtNoncurrent,2026-08-27
CNC,equity,2019-03-31,11540000000,2019-05-20,StockholdersEquity,2026-08-27
CNC,liabilities,2019-03-31,21925000000,2019-05-20,Liabilities,2026-08-27
CNC,netIncome,2019-03-31,522000000,2019-05-20,NetIncomeLoss,2026-08-27
CNC,operatingCashFlow,2019-03-31,1316000000,2019-05-20,NetCashProvidedByUsedInOperatingActivities,2026-08-27
CNC,operatingIncome,2019-03-31,685000000,2019-05-20,OperatingIncomeLoss,2026-08-27
CNC,revenue,2019-03-31,18444000000,2019-05-20,Revenues,2026-08-27
CNC,shares,2019-03-31,413305000,2019-05-20,CommonStockSharesOutstanding,2026-08-27
CNP,assets,2019-03-31,33902000000,2019-05-20,Assets,2026-08-27
CNP,capex,2019-03-31,537000000,2019-05-20,PaymentsToAcquireProductiveAssets,2026-08-27
CNP,cash,2019-03-31,255000000,2019-05-20,CashAndCashEquivalentsAtCarryingValue,2026-08-27
CNP,debt,2019-03-31,13759000000,2019-05-20,LongTermDebtNoncurrent,2026-08-27
CNP,equity,2019-03-31,8216000000,2019-05-20,StockholdersEquity,2026-08-27
CNP,netIncome,2019-03-31,169000000,2019-05-20,NetIncomeLoss,2026-08-27
CNP,operatingCashFlow,2019-03-31,271000000,2019-05-20,NetCashProvidedByUsedInOperatingActivities,2026-08-27
CNP,operatingIncome,2019-03-31,211000000,2019-05-20,OperatingIncomeLoss,2026-08-27
CNP,receivables,2019-03-31,1415000000,2019-05-20,AccountsReceivableNetCurrent,2026-08-27
CNP,revenue,2019-03-31,2229000000,2019-05-20,Revenues,2026-08-27
CNP,shares,2019-03-31,502168182,2019-05-20,CommonStockSharesOutstanding,2026-08-27
COF,assets,2019-03-31,373191000000,2019-05-20,Assets,2026-08-27
COF,buybacks,2019-03-31,65000000,2019-05-20,PaymentsForRepurchaseOfCommonStock,2026-08-27
COF,capex,2019-03-31,183000000,2019-05-20,PaymentsToAcquirePropertyPlantAndEquipment,2026-08-27
COF,equity,2019-03-31,53481000000,2019-05-20,StockholdersEquity,2026-08-27
COF,liabilities,2019-03-31,319710000000,2019-05-20,Liabilities,2026-08-27
COF,netIncome,2019-03-31,1412000000,2019-05-20,NetIncomeLoss,2026-08-27
COF,operatingCashFlow,2019-03-31,4881000000,2019-05-20,NetCashProvidedByUsedInOperatingActivities,2026-08-27
COF,revenue,2019-03-31,7083000000,2019-05-20,Revenues,2026-08-27
COF,shares,2019-03-31,469596514,2019-05-20,CommonStockSharesOutstanding,2026-08-27
COHR,assets,2019-03-31,1941977000,2019-05-20,Assets,2026-08-27
COHR,cash,2019-03-31,221210000,2019-05-20,CashAndCashEquivalentsAtCarryingValue,2026-08-27
COHR,debt,2019-03-31,484814000,2019-05-20,LongTermDebtNoncurrent,2026-08-27
COHR,equity,2019-03-31,1113558000,2019-05-20,StockholdersEquity,2026-08-27
COHR,inventory,2019-03-31,301861000,2019-05-20,InventoryNet,2026-08-27
COHR,liabilities,2019-03-31,828419000,2019-05-20,Liabilities,2026-08-27
COHR,netIncome,2019-03-31,24638000,2019-05-20,NetIncomeLoss,2026-08-27
COHR,operatingIncome,2019-03-31,31130000,2019-05-20,OperatingIncomeLoss,2026-08-27
COHR,receivables,2019-03-31,252361000,2019-05-20,AccountsReceivableNetCurrent,2026-08-27
COHR,revenue,2019-03-31,342496000,2019-05-20,RevenueFromContractWithCustomerExcludingAssessedTax,2026-08-27
COHR,rnd,2019-03-31,36026000,2019-05-20,ResearchAndDevelopmentExpense,2026-08-27
COO,assets,2019-01-31,6298600000,2019-04-26,Assets,2026-08-27
COO,buybacks,2019-01-31,6100000,2019-04-26,PaymentsForRepurchaseOfCommonStock,2026-08-27
COO,capex,2019-01-31,79200000,2019-04-26,PaymentsToAcquirePropertyPlantAndEquipment,2026-08-27
COO,cash,2019-01-31,146600000,2019-04-26,CashAndCashEquivalentsAtCarryingValue,2026-08-27
COO,debt,2019-01-31,1686900000,2019-04-26,LongTermDebtNoncurrent,2026-08-27
COO,grossProfit,2019-01-31,418500000,2019-04-26,GrossProfit,2026-08-27
COO,inventory,2019-01-31,486200000,2019-04-26,InventoryNet,2026-08-27
COO,liabilities,2019-01-31,2873100000,2019-04-26,Liabilities,2026-08-27
COO,netIncome,2019-01-31,103200000,2019-04-26,NetIncomeLoss,2026-08-27
COO,operatingCashFlow,2019-01-31,101800000,2019-04-26,NetCashProvidedByUsedInOperatingActivities,2026-08-27
COO,operatingIncome,2019-01-31,110900000,2019-04-26,OperatingIncomeLoss,2026-08-27
COO,receivables,2019-01-31,389700000,2019-04-26,AccountsReceivableNetCurrent,2026-08-27
COO,revenue,2019-01-31,628100000,2019-04-26,Revenues,2026-08-27
COO,rnd,2019-01-31,21000000,2019-04-26,ResearchAndDevelopmentExpense,2026-08-27
COP,assets,2019-03-31,71498000000,2019-05-20,Assets,2026-08-27
COP,buybacks,2019-03-31,752000000,2019-05-20,PaymentsForRepurchaseOfCommonStock,2026-08-27
COP,capex,2019-03-31,1637000000,2019-05-20,PaymentsToAcquireProductiveAssets,2026-08-27
COP,cash,2019-03-31,6218000000,2019-05-20,CashAndCashEquivalentsAtCarryingValue,2026-08-27
COP,debt,2019-03-31,17167000000,2019-05-20,LongTermDebt,2026-08-27
COP,equity,2019-03-31,32859000000,2019-05-20,StockholdersEquity,2026-08-27
COP,inventory,2019-03-31,1014000000,2019-05-20,InventoryNet,2026-08-27
COP,liabilities,2019-03-31,38517000000,2019-05-20,Liabilities,2026-08-27
COP,netIncome,2019-03-31,1833000000,2019-05-20,NetIncomeLoss,2026-08-27
COP,operatingCashFlow,2019-03-31,2894000000,2019-05-20,NetCashProvidedByUsedInOperatingActivities,2026-08-27
COP,revenue,2019-03-31,10057000000,2019-05-20,Revenues,2026-08-27
COR,assets,2019-03-31,38810310000,2019-05-20,Assets,2026-08-27
COR,debt,2019-03-31,4009500000,2019-05-20,LongTermDebtNoncurrent,2026-08-27
COR,equity,2019-03-31,2921215000,2019-05-20,StockholdersEquity,2026-08-27
COR,grossProfit,2019-03-31,1424756000,2019-05-20,GrossProfit,2026-08-27
COR,inventory,2019-03-31,11373730000,2019-05-20,InventoryNet,2026-08-27
COR,netIncome,2019-03-31,27135000,2019-05-20,NetIncomeLoss,2026-08-27
COR,operatingIncome,2019-03-31,47565000,2019-05-20,OperatingIncomeLoss,2026-08-27
COR,receivables,2019-03-31,12222271000,2019-05-20,AccountsReceivableNetCurrent,2026-08-27
COR,revenue,2019-03-31,43319602000,2019-05-20,Revenues,2026-08-27
COR,shares,2019-03-31,210167489,2019-05-20,CommonStockSharesOutstanding,2026-08-27
COST,netIncome,2019-02-17,889000000,2019-04-08,NetIncomeLoss,2026-08-27
CPAY,assets,2019-03-31,11514915000,2019-05-20,Assets,2026-08-27
CPAY,buybacks,2019-03-31,3322000,2019-05-20,PaymentsForRepurchaseOfCommonStock,2026-08-27
CPAY,capex,2019-03-31,14506000,2019-05-20,PaymentsToAcquirePropertyPlantAndEquipment,2026-08-27
CPAY,cash,2019-03-31,1057465000,2019-05-20,CashAndCashEquivalentsAtCarryingValue,2026-08-27
CPAY,equity,2019-03-31,3530967000,2019-05-20,StockholdersEquity,2026-08-27
CPAY,netIncome,2019-03-31,172107000,2019-05-20,NetIncomeLoss,2026-08-27
CPAY,operatingCashFlow,2019-03-31,297494000,2019-05-20,NetCashProvidedByUsedInOperatingActivities,2026-08-27
CPAY,operatingIncome,2019-03-31,284176000,2019-05-20,OperatingIncomeLoss,2026-08-27
CPAY,receivables,2019-03-31,1655459000,2019-05-20,AccountsReceivableNetCurrent,2026-08-27
CPAY,revenue,2019-03-31,621825000,2019-05-20,Revenues,2026-08-27
CPAY,shares,2019-03-31,86189402,2019-05-20,CommonStockSharesOutstanding,2026-08-27
CPRT,assets,2019-01-31,2296905000,2019-04-26,Assets,2026-08-27
CPRT,capex,2019-01-31,74391000,2019-04-26,PaymentsToAcquireProductiveAssets,2026-08-27
CPRT,cash,2019-01-31,108174000,2019-04-26,CashAndCashEquivalentsAtCarryingValue,2026-08-27
CPRT,equity,2019-01-31,1459953000,2019-04-26,StockholdersEquity,2026-08-27
CPRT,grossProfit,2019-01-31,208226000,2019-04-26,GrossProfit,2026-08-27
CPRT,inventory,2019-01-31,28315000,2019-04-26,InventoryNet,2026-08-27
CPRT,liabilities,2019-01-31,836952000,2019-04-26,Liabilities,2026-08-27
CPRT,netIncome,2019-01-31,131373000,2019-04-26,NetIncomeLoss,2026-08-27
CPRT,operatingIncome,2019-01-31,164739000,2019-04-26,OperatingIncomeLoss,2026-08-27
CPRT,receivables,2019-01-31,393561000,2019-04-26,AccountsReceivableNetCurrent,2026-08-27
CPRT,revenue,2019-01-31,484898000,2019-04-26,Revenues,2026-08-27
CPRT,shares,2019-01-31,226700670,2019-04-26,CommonStockSharesOutstanding,2026-08-27
CPT,assets,2019-03-31,6285394000,2019-05-20,Assets,2026-08-27
CPT,cash,2019-03-31,6092000,2019-05-20,CashAndCashEquivalentsAtCarryingValue,2026-08-27
CPT,debt,2019-03-31,2124800000,2019-05-20,LongTermDebt,2026-08-27
CPT,equity,2019-03-31,3652828000,2019-05-20,StockholdersEquity,2026-08-27
CPT,liabilities,2019-03-31,2559074000,2019-05-20,Liabilities,2026-08-27
CPT,netIncome,2019-03-31,38613000,2019-05-20,NetIncomeLoss,2026-08-27
CPT,operatingCashFlow,2019-03-31,92651000,2019-05-20,NetCashProvidedByUsedInOperatingActivities,2026-08-27
CPT,revenue,2019-03-31,1843000,2019-05-20,RevenueFromContractWithCustomerExcludingAssessedTax,2026-08-27
CPT,shares,2019-03-31,96700000,2019-05-20,CommonStockSharesOutstanding,2026-08-27
CRL,assets,2019-03-30,3926637000,2019-05-19,Assets,2026-08-27
CRL,buybacks,2019-03-30,17760000,2019-05-19,PaymentsForRepurchaseOfCommonStock,2026-08-27
CRL,capex,2019-03-30,16731000,2019-05-19,PaymentsToAcquireProductiveAssets,2026-08-27
CRL,cash,2019-03-30,126316000,2019-05-19,CashAndCashEquivalentsAtCarryingValue,2026-08-27
CRL,equity,2019-03-30,1398114000,2019-05-19,StockholdersEquity,2026-08-27
CRL,grossProfit,2019-03-30,211777000,2019-05-19,GrossProfit,2026-08-27
CRL,inventory,2019-03-30,129765000,2019-05-19,InventoryNet,2026-08-27
CRL,liabilities,2019-03-30,2505089000,2019-05-19,Liabilities,2026-08-27
CRL,netIncome,2019-03-30,55133000,2019-05-19,NetIncomeLoss,2026-08-27
CRL,operatingCashFlow,2019-03-30,14859000,2019-05-19,NetCashProvidedByUsedInOperatingActivities,2026-08-27
CRL,operatingIncome,2019-03-30,69792000,2019-05-19,OperatingIncomeLoss,2026-08-27
CRL,receivables,2019-03-30,495501000,2019-05-19,AccountsReceivableNetCurrent,2026-08-27
CRL,revenue,2019-03-30,604569000,2019-05-19,RevenueFromContractWithCustomerExcludingAssessedTax,2026-08-27
CRL,shares,2019-03-30,48747000,2019-05-19,CommonStockSharesOutstanding,2026-08-27
CRM,assets,2019-01-31,30737000000,2019-04-26,Assets,2026-08-27
CRM,cash,2019-01-31,2669000000,2019-04-26,CashAndCashEquivalentsAtCarryingValue,2026-08-27
CRM,debt,2019-01-31,3173000000,2019-04-26,LongTermDebtNoncurrent,2026-08-27
CRM,equity,2019-01-31,15605000000,2019-04-26,StockholdersEquity,2026-08-27
CRM,grossProfit,2019-01-31,2657000000,2019-04-26,GrossProfit,2026-08-27
CRM,liabilities,2019-01-31,15132000000,2019-04-26,Liabilities,2026-08-27
CRM,netIncome,2019-01-31,362000000,2019-04-26,NetIncomeLoss,2026-08-27
CRM,operatingIncome,2019-01-31,137000000,2019-04-26,OperatingIncomeLoss,2026-08-27
CRM,receivables,2019-01-31,4924000000,2019-04-26,AccountsReceivableNetCurrent,2026-08-27
CRM,revenue,2019-01-31,3603000000,2019-04-26,RevenueFromContractWithCustomerExcludingAssessedTax,2026-08-27
CRM,shares,2019-01-31,770000000,2019-04-26,CommonStockSharesOutstanding,2026-08-27
CRWD,assets,2019-01-31,433219000,2019-04-26,Assets,2026-08-27
CRWD,cash,2019-01-31,88408000,2019-04-26,CashAndCashEquivalentsAtCarryingValue,2026-08-27
CRWD,equity,2019-01-31,-487793000,2019-04-26,StockholdersEquity,2026-08-27
CRWD,liabilities,2019-01-31,363100000,2019-04-26,Liabilities,2026-08-27
CRWD,receivables,2019-01-31,92476000,2019-04-26,AccountsReceivableNetCurrent,2026-08-27
CRWD,shares,2019-01-31,47421000,2019-04-26,CommonStockSharesOutstanding,2026-08-27
CSCO,assets,2019-01-26,102462000000,2019-04-21,Assets,2026-08-27
CSCO,cash,2019-01-26,9835000000,2019-04-21,CashAndCashEquivalentsAtCarryingValue,2026-08-27
CSCO,debt,2019-01-26,15893000000,2019-04-21,LongTermDebtNoncurrent,2026-08-27
CSCO,equity,2019-01-26,40789000000,2019-04-21,StockholdersEquity,2026-08-27
CSCO,grossProfit,2019-01-26,7773000000,2019-04-21,GrossProfit,2026-08-27
CSCO,inventory,2019-01-26,1701000000,2019-04-21,InventoryNet,2026-08-27
CSCO,liabilities,2019-01-26,61673000000,2019-04-21,Liabilities,2026-08-27
CSCO,netIncome,2019-01-26,2822000000,2019-04-21,NetIncomeLoss,2026-08-27
CSCO,operatingIncome,2019-01-26,3211000000,2019-04-21,OperatingIncomeLoss,2026-08-27
CSCO,receivables,2019-01-26,3745000000,2019-04-21,AccountsReceivableNetCurrent,2026-08-27
CSCO,revenue,2019-01-26,12446000000,2019-04-21,RevenueFromContractWithCustomerExcludingAssessedTax,2026-08-27
CSCO,rnd,2019-01-26,1557000000,2019-04-21,ResearchAndDevelopmentExpense,2026-08-27
CSCO,shares,2019-01-26,4424000000,2019-04-21,CommonStockSharesOutstanding,2026-08-27
CSGP,assets,2019-03-31,3548284000,2019-05-20,Assets,2026-08-27
CSGP,capex,2019-03-31,9429000,2019-05-20,PaymentsToAcquireProductiveAssets,2026-08-27
CSGP,cash,2019-03-31,1232817000,2019-05-20,CashAndCashEquivalentsAtCarryingValue,2026-08-27
CSGP,equity,2019-03-31,3128614000,2019-05-20,StockholdersEquity,2026-08-27
CSGP,grossProfit,2019-03-31,257272000,2019-05-20,GrossProfit,2026-08-27
CSGP,liabilities,2019-03-31,419670000,2019-05-20,Liabilities,2026-08-27
CSGP,netIncome,2019-03-31,85169000,2019-05-20,NetIncomeLoss,2026-08-27
CSGP,operatingCashFlow,2019-03-31,148494000,2019-05-20,NetCashProvidedByUsedInOperatingActivities,2026-08-27
CSGP,operatingIncome,2019-03-31,93492000,2019-05-20,OperatingIncomeLoss,2026-08-27
CSGP,receivables,2019-03-31,92841000,2019-05-20,AccountsReceivableNetCurrent,2026-08-27
CSGP,revenue,2019-03-31,328425000,2019-05-20,RevenueFromContractWithCustomerExcludingAssessedTax,2026-08-27
CSX,assets,2019-03-31,38154000000,2019-05-20,Assets,2026-08-27
CSX,buybacks,2019-03-31,796000000,2019-05-20,PaymentsForRepurchaseOfCommonStock,2026-08-27
CSX,capex,2019-03-31,353000000,2019-05-20,PaymentsToAcquirePropertyPlantAndEquipment,2026-08-27
CSX,cash,2019-03-31,1188000000,2019-05-20,CashAndCashEquivalentsAtCarryingValue,2026-08-27
CSX,liabilities,2019-03-31,25709000000,2019-05-20,Liabilities,2026-08-27
CSX,netIncome,2019-03-31,834000000,2019-05-20,NetIncomeLoss,2026-08-27
CSX,operatingCashFlow,2019-03-31,1173000000,2019-05-20,NetCashProvidedByUsedInOperatingActivities,2026-08-27
CSX,operatingIncome,2019-03-31,1219000000,2019-05-20,OperatingIncomeLoss,2026-08-27
CSX,receivables,2019-03-31,1106000000,2019-05-20,AccountsReceivableNetCurrent,2026-08-27
CSX,revenue,2019-03-31,3013000000,2019-05-20,RevenueFromContractWithCustomerExcludingAssessedTax,2026-08-27
CTAS,assets,2019-02-28,7433673000,2019-04-19,Assets,2026-08-27
CTAS,cash,2019-02-28,80859000,2019-04-19,CashAndCashEquivalentsAtCarryingValue,2026-08-27
CTAS,debt,2019-02-28,2536958000,2019-04-19,LongTermDebtNoncurrent,2026-08-27
CTAS,equity,2019-02-28,3179492000,2019-04-19,StockholdersEquity,2026-08-27
CTAS,grossProfit,2019-02-28,755153000,2019-04-19,GrossProfit,2026-08-27
CTAS,inventory,2019-02-28,339805000,2019-04-19,InventoryNet,2026-08-27
CTAS,netIncome,2019-02-28,203334000,2019-04-19,NetIncomeLoss,2026-08-27
CTAS,operatingIncome,2019-02-28,278255000,2019-04-19,OperatingIncomeLoss,2026-08-27
CTAS,receivables,2019-02-28,878037000,2019-04-19,AccountsReceivableNetCurrent,2026-08-27
CTAS,revenue,2019-02-28,1682330000,2019-04-19,Revenues,2026-08-27
CTAS,shares,2019-02-28,104932029,2019-04-19,CommonStockSharesOutstanding,2026-08-27
CTSH,assets,2019-03-31,16096000000,2019-05-20,Assets,2026-08-27
CTSH,buybacks,2019-03-31,771000000,2019-05-20,PaymentsForRepurchaseOfCommonStock,2026-08-27
CTSH,capex,2019-03-31,106000000,2019-05-20,PaymentsToAcquirePropertyPlantAndEquipment,2026-08-27
CTSH,cash,2019-03-31,950000000,2019-05-20,CashAndCashEquivalentsAtCarryingValue,2026-08-27
CTSH,debt,2019-03-31,727000000,2019-05-20,LongTermDebtNoncurrent,2026-08-27
CTSH,equity,2019-03-31,11136000000,2019-05-20,StockholdersEquity,2026-08-27
CTSH,liabilities,2019-03-31,4960000000,2019-05-20,Liabilities,2026-08-27
CTSH,netIncome,2019-03-31,441000000,2019-05-20,NetIncomeLoss,2026-08-27
CTSH,operatingCashFlow,2019-03-31,269000000,2019-05-20,NetCashProvidedByUsedInOperatingActivities,2026-08-27
CTSH,operatingIncome,2019-03-31,539000000,2019-05-20,OperatingIncomeLoss,2026-08-27
CTSH,receivables,2019-03-31,3377000000,2019-05-20,AccountsReceivableNetCurrent,2026-08-27
CTSH,revenue,2019-03-31,4110000000,2019-05-20,Revenues,2026-08-27
CTSH,shares,2019-03-31,569000000,2019-05-20,CommonStockSharesOutstanding,2026-08-27
CTVA,assets,2019-03-31,110102000000,2019-05-20,Assets,2026-08-27
CTVA,buybacks,2019-03-31,0,2019-05-20,PaymentsForRepurchaseOfCommonStock,2026-08-27
CTVA,capex,2019-03-31,663000000,2019-05-20,PaymentsToAcquireProductiveAssets,2026-08-27
CTVA,cash,2019-03-31,1759000000,2019-05-20,CashAndCashEquivalentsAtCarryingValue,2026-08-27
CTVA,equity,2019-03-31,74571000000,2019-05-20,StockholdersEquity,2026-08-27
CTVA,inventory,2019-03-31,5019000000,2019-05-20,InventoryNet,2026-08-27
CTVA,netIncome,2019-03-31,164000000,2019-05-20,NetIncomeLoss,2026-08-27
CTVA,operatingCashFlow,2019-03-31,-1541000000,2019-05-20,NetCashProvidedByUsedInOperatingActivities,2026-08-27
CTVA,receivables,2019-03-31,4683000000,2019-05-20,AccountsReceivableNetCurrent,2026-08-27
CTVA,revenue,2019-03-31,3396000000,2019-05-20,Revenues,2026-08-27
CTVA,rnd,2019-03-31,299000000,2019-05-20,ResearchAndDevelopmentExpense,2026-08-27
CVNA,assets,2019-03-31,1338401000,2019-05-20,Assets,2026-08-27
CVNA,capex,2019-03-31,43199000,2019-05-20,PaymentsToAcquirePropertyPlantAndEquipment,2026-08-27
CVNA,cash,2019-03-31,85321000,2019-05-20,CashAndCashEquivalentsAtCarryingValue,2026-08-27
CVNA,equity,2019-03-31,54773000,2019-05-20,StockholdersEquity,2026-08-27
CVNA,grossProfit,2019-03-31,88532000,2019-05-20,GrossProfit,2026-08-27
CVNA,inventory,2019-03-31,525694000,2019-05-20,InventoryNet,2026-08-27
CVNA,liabilities,2019-03-31,1185554000,2019-05-20,Liabilities,2026-08-27
CVNA,netIncome,2019-03-31,-23115000,2019-05-20,NetIncomeLoss,2026-08-27
CVNA,operatingCashFlow,2019-03-31,-214509000,2019-05-20,NetCashProvidedByUsedInOperatingActivities,2026-08-27
CVNA,receivables,2019-03-31,38179000,2019-05-20,AccountsReceivableNetCurrent,2026-08-27
CVNA,revenue,2019-03-31,755234000,2019-05-20,RevenueFromContractWithCustomerExcludingAssessedTax,2026-08-27
CVS,assets,2019-03-31,219768000000,2019-05-20,Assets,2026-08-27
CVS,capex,2019-03-31,716000000,2019-05-20,PaymentsToAcquirePropertyPlantAndEquipment,2026-08-27
CVS,cash,2019-03-31,5896000000,2019-05-20,CashAndCashEquivalentsAtCarryingValue,2026-08-27
CVS,debt,2019-03-31,67888000000,2019-05-20,LongTermDebtNoncurrent,2026-08-27
CVS,equity,2019-03-31,59686000000,2019-05-20,StockholdersEquity,2026-08-27
CVS,inventory,2019-03-31,15448000000,2019-05-20,InventoryNet,2026-08-27
CVS,liabilities,2019-03-31,159762000000,2019-05-20,Liabilities,2026-08-27
CVS,netIncome,2019-03-31,1421000000,2019-05-20,NetIncomeLoss,2026-08-27
CVS,operatingCashFlow,2019-03-31,1948000000,2019-05-20,NetCashProvidedByUsedInOperatingActivities,2026-08-27
CVS,operatingIncome,2019-03-31,2690000000,2019-05-20,OperatingIncomeLoss,2026-08-27
CVS,receivables,2019-03-31,19509000000,2019-05-20,AccountsReceivableNetCurrent,2026-08-27
CVS,revenue,2019-03-31,61646000000,2019-05-20,Revenues,2026-08-27
CVS,shares,2019-03-31,1298000000,2019-05-20,CommonStockSharesOutstanding,2026-08-27
CVX,assets,2019-03-31,256809000000,2019-05-20,Assets,2026-08-27
CVX,buybacks,2019-03-31,538000000,2019-05-20,PaymentsForRepurchaseOfCommonStock,2026-08-27
CVX,capex,2019-03-31,2953000000,2019-05-20,PaymentsToAcquireProductiveAssets,2026-08-27
CVX,cash,2019-03-31,8699000000,2019-05-20,CashAndCashEquivalentsAtCarryingValue,2026-08-27
CVX,equity,2019-03-31,155045000000,2019-05-20,StockholdersEquity,2026-08-27
CVX,inventory,2019-03-31,6723000000,2019-05-20,InventoryNet,2026-08-27
CVX,liabilities,2019-03-31,100691000000,2019-05-20,Liabilities,2026-08-27
CVX,netIncome,2019-03-31,2649000000,2019-05-20,NetIncomeLoss,2026-08-27
CVX,operatingCashFlow,2019-03-31,5057000000,2019-05-20,NetCashProvidedByUsedInOperatingActivities,2026-08-27
CVX,revenue,2019-03-31,35200000000,2019-05-20,Revenues,2026-08-27
D,assets,2019-03-31,100054000000,2019-05-20,Assets,2026-08-27
D,capex,2019-03-31,1002000000,2019-05-20,PaymentsToAcquirePropertyPlantAndEquipment,2026-08-27
D,cash,2019-03-31,422000000,2019-05-20,CashAndCashEquivalentsAtCarryingValue,2026-08-27
D,equity,2019-03-31,26909000000,2019-05-20,StockholdersEquity,2026-08-27
D,equityStakes,2019-03-31,69000000,2019-05-20,PaymentsToAcquireEquityMethodInvestments,2026-08-27
D,inventory,2019-03-31,1657000000,2019-05-20,InventoryNet,2026-08-27
D,liabilities,2019-03-31,72455000000,2019-05-20,Liabilities,2026-08-27
D,netIncome,2019-03-31,-680000000,2019-05-20,NetIncomeLoss,2026-08-27
D,operatingCashFlow,2019-03-31,1171000000,2019-05-20,NetCashProvidedByUsedInOperatingActivities,2026-08-27
D,operatingIncome,2019-03-31,-744000000,2019-05-20,OperatingIncomeLoss,2026-08-27
D,receivables,2019-03-31,2236000000,2019-05-20,AccountsReceivableNetCurrent,2026-08-27
D,revenue,2019-03-31,3281000000,2019-05-20,Revenues,2026-08-27
D,shares,2019-03-31,802000000,2019-05-20,CommonStockSharesOutstanding,2026-08-27
DAL,assets,2019-03-31,61841000000,2019-05-20,Assets,2026-08-27
DAL,buybacks,2019-03-31,1325000000,2019-05-20,PaymentsForRepurchaseOfCommonStock,2026-08-27
DAL,capex,2019-03-31,1360000000,2019-05-20,PaymentsToAcquireProductiveAssets,2026-08-27
DAL,cash,2019-03-31,1910000000,2019-05-20,CashAndCashEquivalentsAtCarryingValue,2026-08-27
DAL,debt,2019-03-31,7435000000,2019-05-20,LongTermDebtNoncurrent,2026-08-27
DAL,equity,2019-03-31,12911000000,2019-05-20,StockholdersEquity,2026-08-27
DAL,netIncome,2019-03-31,730000000,2019-05-20,NetIncomeLoss,2026-08-27
DAL,operatingCashFlow,2019-03-31,1942000000,2019-05-20,NetCashProvidedByUsedInOperatingActivities,2026-08-27
DAL,operatingIncome,2019-03-31,1020000000,2019-05-20,OperatingIncomeLoss,2026-08-27
DAL,revenue,2019-03-31,10472000000,2019-05-20,RevenueFromContractWithCustomerExcludingAssessedTax,2026-08-27
DD,assets,2019-03-31,189785000000,2019-05-20,Assets,2026-08-27
DD,buybacks,2019-03-31,1579000000,2019-05-20,PaymentsForRepurchaseOfCommonStock,2026-08-27
DD,capex,2019-03-31,1139000000,2019-05-20,PaymentsToAcquireProductiveAssets,2026-08-27
DD,cash,2019-03-31,11543000000,2019-05-20,CashAndCashEquivalentsAtCarryingValue,2026-08-27
DD,debt,2019-03-31,38975000000,2019-05-20,LongTermDebt,2026-08-27
DD,equity,2019-03-31,92444000000,2019-05-20,StockholdersEquity,2026-08-27
DD,inventory,2019-03-31,16604000000,2019-05-20,InventoryNet,2026-08-27
DD,netIncome,2019-03-31,521000000,2019-05-20,NetIncomeLoss,2026-08-27
DD,operatingCashFlow,2019-03-31,26000000,2019-05-20,NetCashProvidedByUsedInOperatingActivities,2026-08-27
DD,receivables,2019-03-31,13963000000,2019-05-20,AccountsReceivableNetCurrent,2026-08-27
DD,revenue,2019-03-31,3879000000,2019-05-20,Revenues,2026-08-27
DD,rnd,2019-03-31,267000000,2019-05-20,ResearchAndDevelopmentExpense,2026-08-27
DDOG,capex,2019-03-31,2197000,2019-05-20,PaymentsToAcquirePropertyPlantAndEquipment,2026-08-27
DDOG,cash,2019-03-31,54554000,2019-05-20,CashAndCashEquivalentsAtCarryingValue,2026-08-27
DDOG,equity,2019-03-31,-81564000,2019-05-20,StockholdersEquity,2026-08-27
DDOG,grossProfit,2019-03-31,51100000,2019-05-20,GrossProfit,2026-08-27
DDOG,netIncome,2019-03-31,-9491000,2019-05-20,NetIncomeLoss,2026-08-27
DDOG,operatingCashFlow,2019-03-31,3418000,2019-05-20,NetCashProvidedByUsedInOperatingActivities,2026-08-27
DDOG,operatingIncome,2019-03-31,-9662000,2019-05-20,OperatingIncomeLoss,2026-08-27
DDOG,revenue,2019-03-31,70050000,2019-05-20,RevenueFromContractWithCustomerExcludingAssessedTax,2026-08-27
DDOG,rnd,2019-03-31,22815000,2019-05-20,ResearchAndDevelopmentExpense,2026-08-27
DE,assets,2019-01-27,69918000000,2019-04-22,Assets,2026-08-27
DE,buybacks,2019-01-27,144000000,2019-04-22,PaymentsForRepurchaseOfCommonStock,2026-08-27
DE,capex,2019-01-27,297000000,2019-04-22,PaymentsToAcquirePropertyPlantAndEquipment,2026-08-27
DE,cash,2019-01-27,3626000000,2019-04-22,CashAndCashEquivalentsAtCarryingValue,2026-08-27
DE,debt,2019-01-27,27855000000,2019-04-22,LongTermDebtNoncurrent,2026-08-27
DE,equity,2019-01-27,11328000000,2019-04-22,StockholdersEquity,2026-08-27
DE,grossProfit,2019-01-27,1509000000,2019-04-22,GrossProfit,2026-08-27
DE,inventory,2019-01-27,7402000000,2019-04-22,InventoryNet,2026-08-27
DE,liabilities,2019-01-27,58571000000,2019-04-22,Liabilities,2026-08-27
DE,netIncome,2019-01-27,498000000,2019-04-22,NetIncomeLoss,2026-08-27
DE,operatingCashFlow,2019-01-27,-1651000000,2019-04-22,NetCashProvidedByUsedInOperatingActivities,2026-08-27
DE,operatingIncome,2019-01-27,769000000,2019-04-22,OperatingIncomeLoss,2026-08-27
DE,revenue,2019-01-27,7984000000,2019-04-22,Revenues,2026-08-27
DE,rnd,2019-01-27,407000000,2019-04-22,ResearchAndDevelopmentExpense,2026-08-27
DECK,assets,2019-03-31,1427206000,2019-05-20,Assets,2026-08-27
DECK,cash,2019-03-31,589692000,2019-05-20,CashAndCashEquivalentsAtCarryingValue,2026-08-27
DECK,equity,2019-03-31,1045130000,2019-05-20,StockholdersEquity,2026-08-27
DECK,grossProfit,2019-03-31,203305000,2019-05-20,GrossProfit,2026-08-27
DECK,inventory,2019-03-31,278842000,2019-05-20,InventoryNet,2026-08-27
DECK,netIncome,2019-03-31,23969000,2019-05-20,NetIncomeLoss,2026-08-27
DECK,operatingIncome,2019-03-31,31604000,2019-05-20,OperatingIncomeLoss,2026-08-27
DECK,receivables,2019-03-31,178602000,2019-05-20,AccountsReceivableNetCurrent,2026-08-27
DECK,revenue,2019-03-31,394130000,2019-05-20,RevenueFromContractWithCustomerExcludingAssessedTax,2026-08-27
DECK,shares,2019-03-31,29141000,2019-05-20,CommonStockSharesOutstanding,2026-08-27
DELL,assets,2019-02-01,111820000000,2019-04-27,Assets,2026-08-27
DELL,cash,2019-02-01,9676000000,2019-04-27,CashAndCashEquivalentsAtCarryingValue,2026-08-27
DELL,debt,2019-02-01,49201000000,2019-04-27,LongTermDebtNoncurrent,2026-08-27
DELL,equity,2019-02-01,-5765000000,2019-04-27,StockholdersEquity,2026-08-27
DELL,grossProfit,2019-02-01,7109000000,2019-04-27,GrossProfit,2026-08-27
DELL,inventory,2019-02-01,3649000000,2019-04-27,InventoryNet,2026-08-27
DELL,liabilities,2019-02-01,111566000000,2019-04-27,Liabilities,2026-08-27
DELL,netIncome,2019-02-01,-299000000,2019-04-27,NetIncomeLoss,2026-08-27
DELL,receivables,2019-02-01,12371000000,2019-04-27,AccountsReceivableNetCurrent,2026-08-27
DELL,revenue,2019-02-01,23841000000,2019-04-27,Revenues,2026-08-27
DELL,shares,2019-02-01,719000000,2019-04-27,CommonStockSharesOutstanding,2026-08-27
DG,assets,2019-02-01,13204038000,2019-04-27,Assets,2026-08-27
DG,cash,2019-02-01,235487000,2019-04-27,CashAndCashEquivalentsAtCarryingValue,2026-08-27
DG,equity,2019-02-01,6417393000,2019-04-27,StockholdersEquity,2026-08-27
DG,grossProfit,2019-02-01,2071689000,2019-04-27,GrossProfit,2026-08-27
DG,inventory,2019-02-01,4097004000,2019-04-27,InventoryNet,2026-08-27
DG,netIncome,2019-02-01,483241000,2019-04-27,NetIncomeLoss,2026-08-27
DG,operatingIncome,2019-02-01,638503000,2019-04-27,OperatingIncomeLoss,2026-08-27
DG,revenue,2019-02-01,6649809000,2019-04-27,RevenueFromContractWithCustomerExcludingAssessedTax,2026-08-27
DG,shares,2019-02-01,259511000,2019-04-27,CommonStockSharesOutstanding,2026-08-27
DGX,assets,2019-03-31,11937000000,2019-05-20,Assets,2026-08-27
DGX,buybacks,2019-03-31,53000000,2019-05-20,PaymentsForRepurchaseOfCommonStock,2026-08-27
DGX,capex,2019-03-31,47000000,2019-05-20,PaymentsToAcquirePropertyPlantAndEquipment,2026-08-27
DGX,cash,2019-03-31,464000000,2019-05-20,CashAndCashEquivalentsAtCarryingValue,2026-08-27
DGX,debt,2019-03-31,3131000000,2019-05-20,LongTermDebtNoncurrent,2026-08-27
DGX,equity,2019-03-31,5290000000,2019-05-20,StockholdersEquity,2026-08-27
DGX,grossProfit,2019-03-31,647000000,2019-05-20,GrossProfit,2026-08-27
DGX,inventory,2019-03-31,98000000,2019-05-20,InventoryNet,2026-08-27
DGX,netIncome,2019-03-31,164000000,2019-05-20,NetIncomeLoss,2026-08-27
DGX,operatingCashFlow,2019-03-31,275000000,2019-05-20,NetCashProvidedByUsedInOperatingActivities,2026-08-27
DGX,operatingIncome,2019-03-31,248000000,2019-05-20,OperatingIncomeLoss,2026-08-27
DGX,receivables,2019-03-31,1079000000,2019-05-20,AccountsReceivableNetCurrent,2026-08-27
DGX,revenue,2019-03-31,1891000000,2019-05-20,RevenueFromContractWithCustomerExcludingAssessedTax,2026-08-27
DHI,assets,2019-03-31,15007000000,2019-05-20,Assets,2026-08-27
DHI,cash,2019-03-31,698800000,2019-05-20,CashAndCashEquivalentsAtCarryingValue,2026-08-27
DHI,equity,2019-03-31,9360300000,2019-05-20,StockholdersEquity,2026-08-27
DHI,liabilities,2019-03-31,5473000000,2019-05-20,Liabilities,2026-08-27
DHI,netIncome,2019-03-31,351300000,2019-05-20,NetIncomeLoss,2026-08-27
DHI,revenue,2019-03-31,4128700000,2019-05-20,Revenues,2026-08-27
DHI,shares,2019-03-31,373132964,2019-05-20,CommonStockSharesOutstanding,2026-08-27
DHR,assets,2019-03-29,51774400000,2019-05-18,Assets,2026-08-27
DHR,capex,2019-03-29,140100000,2019-05-18,PaymentsToAcquirePropertyPlantAndEquipment,2026-08-27
DHR,cash,2019-03-29,3910000000,2019-05-18,CashAndCashEquivalentsAtCarryingValue,2026-08-27
DHR,debt,2019-03-29,9458200000,2019-05-18,LongTermDebtNoncurrent,2026-08-27
DHR,equity,2019-03-29,31556600000,2019-05-18,StockholdersEquity,2026-08-27
DHR,grossProfit,2019-03-29,2354900000,2019-05-18,GrossProfit,2026-08-27
DHR,netIncome,2019-03-29,333800000,2019-05-18,NetIncomeLoss,2026-08-27
DHR,operatingCashFlow,2019-03-29,703300000,2019-05-18,NetCashProvidedByUsedInOperatingActivities,2026-08-27
DHR,operatingIncome,2019-03-29,719700000,2019-05-18,OperatingIncomeLoss,2026-08-27
DHR,receivables,2019-03-29,3409200000,2019-05-18,AccountsReceivableNetCurrent,2026-08-27
DHR,revenue,2019-03-29,4220200000,2019-05-18,RevenueFromContractWithCustomerExcludingAssessedTax,2026-08-27
DHR,rnd,2019-03-29,267500000,2019-05-18,ResearchAndDevelopmentExpense,2026-08-27
DHR,shares,2019-03-29,715800000,2019-05-18,CommonStockSharesOutstanding,2026-08-27
DIS,assets,2019-03-30,214342000000,2019-05-19,Assets,2026-08-27
DIS,cash,2019-03-30,10108000000,2019-05-19,CashAndCashEquivalentsAtCarryingValue,2026-08-27
DIS,debt,2019-03-30,37803000000,2019-05-19,LongTermDebtNoncurrent,2026-08-27
DIS,equity,2019-03-30,89938000000,2019-05-19,StockholdersEquity,2026-08-27
DIS,inventory,2019-03-30,1445000000,2019-05-19,InventoryNet,2026-08-27
DIS,netIncome,2019-03-30,5452000000,2019-05-19,NetIncomeLoss,2026-08-27
DIS,operatingIncome,2019-03-30,3815000000,2019-05-19,OperatingIncomeLoss,2026-08-27
DIS,revenue,2019-03-30,14924000000,2019-05-19,Revenues,2026-08-27
DLR,assets,2019-03-31,23342067000,2019-05-20,Assets,2026-08-27
DLR,cash,2019-03-31,123879000,2019-05-20,CashAndCashEquivalentsAtCarryingValue,2026-08-27
DLR,equity,2019-03-31,10088408000,2019-05-20,StockholdersEquity,2026-08-27
DLR,equityStakes,2019-03-31,25049000,2019-05-20,PaymentsToAcquireEquityMethodInvestments,2026-08-27
DLR,liabilities,2019-03-31,12341890000,2019-05-20,Liabilities,2026-08-27
DLR,netIncome,2019-03-31,116812000,2019-05-20,NetIncomeLoss,2026-08-27
DLR,operatingCashFlow,2019-03-31,350700000,2019-05-20,NetCashProvidedByUsedInOperatingActivities,2026-08-27
DLR,operatingIncome,2019-03-31,141543000,2019-05-20,OperatingIncomeLoss,2026-08-27
DLR,revenue,2019-03-31,814515000,2019-05-20,Revenues,2026-08-27
DLR,shares,2019-03-31,208214139,2019-05-20,CommonStockSharesOutstanding,2026-08-27
DLTR,assets,2019-02-02,13501200000,2019-04-28,Assets,2026-08-27
DLTR,cash,2019-02-02,422100000,2019-04-28,CashAndCashEquivalentsAtCarryingValue,2026-08-27
DLTR,debt,2019-02-02,4265300000,2019-04-28,LongTermDebtNoncurrent,2026-08-27
DLTR,equity,2019-02-02,5642900000,2019-04-28,StockholdersEquity,2026-08-27
DLTR,grossProfit,2019-02-02,1912100000,2019-04-28,GrossProfit,2026-08-27
DLTR,liabilities,2019-02-02,7858300000,2019-04-28,Liabilities,2026-08-27
DLTR,netIncome,2019-02-02,-2307000000,2019-04-28,NetIncomeLoss,2026-08-27
DLTR,operatingIncome,2019-02-02,-2147400000,2019-04-28,OperatingIncomeLoss,2026-08-27
DLTR,receivables,2019-02-02,100900000,2019-04-28,AccountsReceivableNetCurrent,2026-08-27
DLTR,revenue,2019-02-02,6205200000,2019-04-28,RevenueFromContractWithCustomerExcludingAssessedTax,2026-08-27
DLTR,shares,2019-02-02,238081664,2019-04-28,CommonStockSharesOutstanding,2026-08-27
DOC,assets,2019-03-31,12899501000,2019-05-20,Assets,2026-08-27
DOC,buybacks,2019-03-31,2919000,2019-05-20,PaymentsForRepurchaseOfCommonStock,2026-08-27
DOC,cash,2019-03-31,120117000,2019-05-20,CashAndCashEquivalentsAtCarryingValue,2026-08-27
DOC,debt,2019-03-31,5674647000,2019-05-20,LongTermDebt,2026-08-27
DOC,equity,2019-03-31,5836882000,2019-05-20,StockholdersEquity,2026-08-27
DOC,liabilities,2019-03-31,6500436000,2019-05-20,Liabilities,2026-08-27
DOC,netIncome,2019-03-31,61470000,2019-05-20,NetIncomeLoss,2026-08-27
DOC,operatingCashFlow,2019-03-31,158582000,2019-05-20,NetCashProvidedByUsedInOperatingActivities,2026-08-27
DOC,revenue,2019-03-31,293303000,2019-05-20,Revenues,2026-08-27
DOC,shares,2019-03-31,477928816,2019-05-20,CommonStockSharesOutstanding,2026-08-27
DOV,assets,2019-03-31,8657911000,2019-05-20,Assets,2026-08-27
DOV,buybacks,2019-03-31,0,2019-05-20,PaymentsForRepurchaseOfCommonStock,2026-08-27
DOV,capex,2019-03-31,37122000,2019-05-20,PaymentsToAcquirePropertyPlantAndEquipment,2026-08-27
DOV,cash,2019-03-31,243014000,2019-05-20,CashAndCashEquivalentsAtCarryingValue,2026-08-27
DOV,debt,2019-03-31,2940967000,2019-05-20,LongTermDebtNoncurrent,2026-08-27
DOV,grossProfit,2019-03-31,623542000,2019-05-20,GrossProfit,2026-08-27
DOV,inventory,2019-03-31,828298000,2019-05-20,InventoryNet,2026-08-27
DOV,netIncome,2019-03-31,105705000,2019-05-20,NetIncomeLoss,2026-08-27
DOV,operatingCashFlow,2019-03-31,24524000,2019-05-20,NetCashProvidedByUsedInOperatingActivitiesContinuingOperations,2026-08-27
DOV,operatingIncome,2019-03-31,168130000,2019-05-20,OperatingIncomeLoss,2026-08-27
DOV,receivables,2019-03-31,1272053000,2019-05-20,AccountsReceivableNetCurrent,2026-08-27
DOV,revenue,2019-03-31,1724757000,2019-05-20,Revenues,2026-08-27
DOW,assets,2019-03-31,79737000000,2019-05-20,Assets,2026-08-27
DOW,buybacks,2019-03-31,0,2019-05-20,PaymentsForRepurchaseOfCommonStock,2026-08-27
DOW,capex,2019-03-31,442000000,2019-05-20,PaymentsToAcquireProductiveAssets,2026-08-27
DOW,cash,2019-03-31,2904000000,2019-05-20,CashAndCashEquivalentsAtCarryingValue,2026-08-27
DOW,debt,2019-03-31,19529000000,2019-05-20,LongTermDebt,2026-08-27
DOW,equity,2019-03-31,32668000000,2019-05-20,StockholdersEquity,2026-08-27
DOW,grossProfit,2019-03-31,1827000000,2019-05-20,GrossProfit,2026-08-27
DOW,inventory,2019-03-31,9508000000,2019-05-20,InventoryNet,2026-08-27
DOW,netIncome,2019-03-31,556000000,2019-05-20,NetIncomeLoss,2026-08-27
DOW,operatingCashFlow,2019-03-31,1381000000,2019-05-20,NetCashProvidedByUsedInOperatingActivities,2026-08-27
DOW,receivables,2019-03-31,8428000000,2019-05-20,AccountsReceivableNetCurrent,2026-08-27
DOW,revenue,2019-03-31,10969000000,2019-05-20,Revenues,2026-08-27
DOW,rnd,2019-03-31,361000000,2019-05-20,ResearchAndDevelopmentExpense,2026-08-27
DPZ,assets,2019-03-24,1148275000,2019-05-13,Assets,2026-08-27
DPZ,buybacks,2019-03-24,8144000,2019-05-13,PaymentsForRepurchaseOfCommonStock,2026-08-27
DPZ,capex,2019-03-24,12222000,2019-05-13,PaymentsToAcquirePropertyPlantAndEquipment,2026-08-27
DPZ,cash,2019-03-24,83114000,2019-05-13,CashAndCashEquivalentsAtCarryingValue,2026-08-27
DPZ,equity,2019-03-24,-2975165000,2019-05-13,StockholdersEquity,2026-08-27
DPZ,grossProfit,2019-03-24,322289000,2019-05-13,GrossProfit,2026-08-27
DPZ,inventory,2019-03-24,45668000,2019-05-13,InventoryNet,2026-08-27
DPZ,netIncome,2019-03-24,92650000,2019-05-13,NetIncomeLoss,2026-08-27
DPZ,operatingCashFlow,2019-03-24,96998000,2019-05-13,NetCashProvidedByUsedInOperatingActivities,2026-08-27
DPZ,operatingIncome,2019-03-24,143504000,2019-05-13,OperatingIncomeLoss,2026-08-27
DPZ,receivables,2019-03-24,194064000,2019-05-13,AccountsReceivableNetCurrent,2026-08-27
DPZ,revenue,2019-03-24,835963000,2019-05-13,Revenues,2026-08-27
DRI,assets,2019-02-24,5697800000,2019-04-15,Assets,2026-08-27
DRI,cash,2019-02-24,302900000,2019-04-15,CashAndCashEquivalentsAtCarryingValue,2026-08-27
DRI,debt,2019-02-24,927400000,2019-04-15,LongTermDebtNoncurrent,2026-08-27
DRI,equity,2019-02-24,2315700000,2019-04-15,StockholdersEquity,2026-08-27
DRI,grossProfit,2019-02-24,455200000,2019-04-15,GrossProfit,2026-08-27
DRI,inventory,2019-02-24,209500000,2019-04-15,InventoryNet,2026-08-27
DRI,liabilities,2019-02-24,3382100000,2019-04-15,Liabilities,2026-08-27
DRI,netIncome,2019-02-24,223600000,2019-04-15,NetIncomeLoss,2026-08-27
DRI,operatingIncome,2019-02-24,265500000,2019-04-15,OperatingIncomeLoss,2026-08-27
DRI,revenue,2019-02-24,2246500000,2019-04-15,RevenueFromContractWithCustomerExcludingAssessedTax,2026-08-27
DTE,assets,2019-03-31,36434000000,2019-05-20,Assets,2026-08-27
DTE,cash,2019-03-31,56000000,2019-05-20,CashAndCashEquivalentsAtCarryingValue,2026-08-27
DTE,debt,2019-03-31,11624000000,2019-05-20,LongTermDebtNoncurrent,2026-08-27
DTE,equity,2019-03-31,10545000000,2019-05-20,StockholdersEquity,2026-08-27
DTE,equityStakes,2019-03-31,22000000,2019-05-20,PaymentsToAcquireEquityMethodInvestments,2026-08-27
DTE,netIncome,2019-03-31,401000000,2019-05-20,NetIncomeLoss,2026-08-27
DTE,operatingCashFlow,2019-03-31,752000000,2019-05-20,NetCashProvidedByUsedInOperatingActivities,2026-08-27
DTE,operatingIncome,2019-03-31,542000000,2019-05-20,OperatingIncomeLoss,2026-08-27
DTE,receivables,2019-03-31,1683000000,2019-05-20,AccountsReceivableNetCurrent,2026-08-27
DTE,shares,2019-03-31,183212427,2019-05-20,CommonStockSharesOutstanding,2026-08-27
DUK,assets,2019-03-31,151136000000,2019-05-20,Assets,2026-08-27
DUK,capex,2019-03-31,2536000000,2019-05-20,PaymentsToAcquirePropertyPlantAndEquipment,2026-08-27
DUK,cash,2019-03-31,377000000,2019-05-20,CashAndCashEquivalentsAtCarryingValue,2026-08-27
DUK,debt,2019-03-31,53681000000,2019-05-20,LongTermDebtNoncurrent,2026-08-27
DUK,equity,2019-03-31,45030000000,2019-05-20,StockholdersEquity,2026-08-27
DUK,netIncome,2019-03-31,900000000,2019-05-20,NetIncomeLoss,2026-08-27
DUK,operatingCashFlow,2019-03-31,1239000000,2019-05-20,NetCashProvidedByUsedInOperatingActivities,2026-08-27
DUK,operatingIncome,2019-03-31,1373000000,2019-05-20,OperatingIncomeLoss,2026-08-27
DUK,receivables,2019-03-31,1981000000,2019-05-20,AccountsReceivableNetCurrent,2026-08-27
DUK,shares,2019-03-31,728000000,2019-05-20,CommonStockSharesOutstanding,2026-08-27
DVA,assets,2019-03-31,22605944000,2019-05-20,Assets,2026-08-27
DVA,buybacks,2019-03-31,0,2019-05-20,PaymentsForRepurchaseOfCommonStock,2026-08-27
DVA,capex,2019-03-31,198878000,2019-05-20,PaymentsToAcquirePropertyPlantAndEquipment,2026-08-27
DVA,cash,2019-03-31,459242000,2019-05-20,CashAndCashEquivalentsAtCarryingValue,2026-08-27
DVA,equity,2019-03-31,3875354000,2019-05-20,StockholdersEquity,2026-08-27
DVA,equityStakes,2019-03-31,4067000,2019-05-20,PaymentsToAcquireEquityMethodInvestments,2026-08-27
DVA,inventory,2019-03-31,104236000,2019-05-20,InventoryNet,2026-08-27
DVA,liabilities,2019-03-31,17376227000,2019-05-20,Liabilities,2026-08-27
DVA,netIncome,2019-03-31,149289000,2019-05-20,NetIncomeLoss,2026-08-27
DVA,operatingCashFlow,2019-03-31,141304000,2019-05-20,NetCashProvidedByUsedInOperatingActivities,2026-08-27
DVA,operatingIncome,2019-03-31,340507000,2019-05-20,OperatingIncomeLoss,2026-08-27
DVA,receivables,2019-03-31,1953422000,2019-05-20,AccountsReceivableNetCurrent,2026-08-27
DVA,revenue,2019-03-31,2743112000,2019-05-20,Revenues,2026-08-27
DVA,shares,2019-03-31,166396147,2019-05-20,CommonStockSharesOutstanding,2026-08-27
DVN,assets,2019-03-31,18077000000,2019-05-20,Assets,2026-08-27
DVN,buybacks,2019-03-31,999000000,2019-05-20,PaymentsForRepurchaseOfCommonStock,2026-08-27
DVN,capex,2019-03-31,10000000,2019-05-20,PaymentsToAcquirePropertyPlantAndEquipment,2026-08-27
DVN,cash,2019-03-31,1327000000,2019-05-20,CashAndCashEquivalentsAtCarryingValue,2026-08-27
DVN,debt,2019-03-31,5786000000,2019-05-20,LongTermDebtNoncurrent,2026-08-27
DVN,equity,2019-03-31,7857000000,2019-05-20,StockholdersEquity,2026-08-27
DVN,netIncome,2019-03-31,-317000000,2019-05-20,NetIncomeLoss,2026-08-27
DVN,operatingCashFlow,2019-03-31,437000000,2019-05-20,NetCashProvidedByUsedInOperatingActivitiesContinuingOperations,2026-08-27
DVN,receivables,2019-03-31,1038000000,2019-05-20,AccountsReceivableNetCurrent,2026-08-27
DVN,revenue,2019-03-31,1079000000,2019-05-20,Revenues,2026-08-27
DXCM,assets,2019-03-31,1974000000,2019-05-20,Assets,2026-08-27
DXCM,capex,2019-03-31,39300000,2019-05-20,PaymentsToAcquirePropertyPlantAndEquipment,2026-08-27
DXCM,cash,2019-03-31,1285100000,2019-05-20,CashAndCashEquivalentsAtCarryingValue,2026-08-27
DXCM,grossProfit,2019-03-31,168800000,2019-05-20,GrossProfit,2026-08-27
DXCM,inventory,2019-03-31,101100000,2019-05-20,InventoryNet,2026-08-27
DXCM,liabilities,2019-03-31,1305400000,2019-05-20,Liabilities,2026-08-27
DXCM,netIncome,2019-03-31,-26900000,2019-05-20,NetIncomeLoss,2026-08-27
DXCM,operatingCashFlow,2019-03-31,11800000,2019-05-20,NetCashProvidedByUsedInOperatingActivities,2026-08-27
DXCM,operatingIncome,2019-03-31,-14400000,2019-05-20,OperatingIncomeLoss,2026-08-27
DXCM,receivables,2019-03-31,204700000,2019-05-20,AccountsReceivableNetCurrent,2026-08-27
DXCM,revenue,2019-03-31,280500000,2019-05-20,RevenueFromContractWithCustomerExcludingAssessedTax,2026-08-27
DXCM,rnd,2019-03-31,59000000,2019-05-20,ResearchAndDevelopmentExpense,2026-08-27
DXCM,shares,2019-03-31,91000000,2019-05-20,CommonStockSharesOutstanding,2026-08-27
EBAY,assets,2019-03-31,22329000000,2019-05-20,Assets,2026-08-27
EBAY,buybacks,2019-03-31,1431000000,2019-05-20,PaymentsForRepurchaseOfCommonStock,2026-08-27
EBAY,capex,2019-03-31,180000000,2019-05-20,PaymentsToAcquirePropertyPlantAndEquipment,2026-08-27
EBAY,cash,2019-03-31,1695000000,2019-05-20,CashAndCashEquivalentsAtCarryingValue,2026-08-27
EBAY,debt,2019-03-31,7700000000,2019-05-20,LongTermDebtNoncurrent,2026-08-27
EBAY,equity,2019-03-31,5203000000,2019-05-20,StockholdersEquity,2026-08-27
EBAY,grossProfit,2019-03-31,1643000000,2019-05-20,GrossProfit,2026-08-27
EBAY,liabilities,2019-03-31,17126000000,2019-05-20,Liabilities,2026-08-27
EBAY,netIncome,2019-03-31,518000000,2019-05-20,NetIncomeLoss,2026-08-27
EBAY,operatingCashFlow,2019-03-31,550000000,2019-05-20,NetCashProvidedByUsedInOperatingActivities,2026-08-27
EBAY,operatingIncome,2019-03-31,593000000,2019-05-20,OperatingIncomeLoss,2026-08-27
EBAY,receivables,2019-03-31,716000000,2019-05-20,AccountsReceivableNetCurrent,2026-08-27
EBAY,revenue,2019-03-31,2161000000,2019-05-20,RevenueFromContractWithCustomerExcludingAssessedTax,2026-08-27
EBAY,rnd,2019-03-31,272000000,2019-05-20,ResearchAndDevelopmentExpense,2026-08-27
EBAY,shares,2019-03-31,876000000,2019-05-20,CommonStockSharesOutstanding,2026-08-27
ECHO,assets,2019-03-31,8778891000,2019-05-20,Assets,2026-08-27
ECHO,buybacks,2019-03-31,0,2019-05-20,PaymentsForRepurchaseOfCommonStock,2026-08-27
ECHO,capex,2019-03-31,111962000,2019-05-20,PaymentsToAcquirePropertyPlantAndEquipment,2026-08-27
ECHO,cash,2019-03-31,1349724000,2019-05-20,CashAndCashEquivalentsAtCarryingValue,2026-08-27
ECHO,debt,2019-03-31,3298120000,2019-05-20,LongTermDebt,2026-08-27
ECHO,equity,2019-03-31,4168102000,2019-05-20,StockholdersEquity,2026-08-27
ECHO,inventory,2019-03-31,76114000,2019-05-20,InventoryNet,2026-08-27
ECHO,liabilities,2019-03-31,4599355000,2019-05-20,Liabilities,2026-08-27
ECHO,operatingCashFlow,2019-03-31,175946000,2019-05-20,NetCashProvidedByUsedInOperatingActivities,2026-08-27
ECHO,operatingIncome,2019-03-31,28048000,2019-05-20,OperatingIncomeLoss,2026-08-27
ECHO,receivables,2019-03-31,216558000,2019-05-20,AccountsReceivableNetCurrent,2026-08-27
ECHO,revenue,2019-03-31,531082000,2019-05-20,Revenues,2026-08-27
ECHO,rnd,2019-03-31,6888000,2019-05-20,ResearchAndDevelopmentExpense,2026-08-27
ECL,assets,2019-03-31,20927600000,2019-05-20,Assets,2026-08-27
ECL,buybacks,2019-03-31,131400000,2019-05-20,PaymentsForRepurchaseOfCommonStock,2026-08-27
ECL,capex,2019-03-31,187000000,2019-05-20,PaymentsToAcquirePropertyPlantAndEquipment,2026-08-27
ECL,cash,2019-03-31,79000000,2019-05-20,CashAndCashEquivalentsAtCarryingValue,2026-08-27
ECL,equity,2019-03-31,8220700000,2019-05-20,StockholdersEquity,2026-08-27
ECL,inventory,2019-03-31,1645600000,2019-05-20,InventoryNet,2026-08-27
ECL,liabilities,2019-03-31,12660700000,2019-05-20,Liabilities,2026-08-27
ECL,operatingCashFlow,2019-03-31,378100000,2019-05-20,NetCashProvidedByUsedInOperatingActivities,2026-08-27
ECL,operatingIncome,2019-03-31,313600000,2019-05-20,OperatingIncomeLoss,2026-08-27
ECL,receivables,2019-03-31,2691600000,2019-05-20,AccountsReceivableNetCurrent,2026-08-27
ECL,revenue,2019-03-31,2924700000,2019-05-20,RevenueFromContractWithCustomerExcludingAssessedTax,2026-08-27
ECL,shares,2019-03-31,288200000,2019-05-20,CommonStockSharesOutstanding,2026-08-27
ED,assets,2019-03-31,55066000000,2019-05-20,Assets,2026-08-27
ED,capex,2019-03-31,48000000,2019-05-20,PaymentsToAcquirePropertyPlantAndEquipment,2026-08-27
ED,cash,2019-03-31,406000000,2019-05-20,CashAndCashEquivalentsAtCarryingValue,2026-08-27
ED,debt,2019-03-31,16933000000,2019-05-20,LongTermDebtNoncurrent,2026-08-27
ED,equity,2019-03-31,17369000000,2019-05-20,StockholdersEquity,2026-08-27
ED,netIncome,2019-03-31,424000000,2019-05-20,NetIncomeLoss,2026-08-27
ED,operatingCashFlow,2019-03-31,464000000,2019-05-20,NetCashProvidedByUsedInOperatingActivities,2026-08-27
ED,operatingIncome,2019-03-31,786000000,2019-05-20,OperatingIncomeLoss,2026-08-27
ED,receivables,2019-03-31,1309000000,2019-05-20,AccountsReceivableNetCurrent,2026-08-27
ED,revenue,2019-03-31,3514000000,2019-05-20,Revenues,2026-08-27
EFX,assets,2019-03-31,7335700000,2019-05-20,Assets,2026-08-27
EFX,capex,2019-03-31,114800000,2019-05-20,PaymentsToAcquireProductiveAssets,2026-08-27
EFX,cash,2019-03-31,133200000,2019-05-20,CashAndCashEquivalentsAtCarryingValue,2026-08-27
EFX,debt,2019-03-31,2656900000,2019-05-20,LongTermDebtNoncurrent,2026-08-27
EFX,equity,2019-03-31,2561700000,2019-05-20,StockholdersEquity,2026-08-27
EFX,liabilities,2019-03-31,4724800000,2019-05-20,Liabilities,2026-08-27
EFX,netIncome,2019-03-31,-553200000,2019-05-20,NetIncomeLoss,2026-08-27
EFX,operatingCashFlow,2019-03-31,31000000,2019-05-20,NetCashProvidedByUsedInOperatingActivities,2026-08-27
EFX,operatingIncome,2019-03-31,-617900000,2019-05-20,OperatingIncomeLoss,2026-08-27
EFX,receivables,2019-03-31,514000000,2019-05-20,AccountsReceivableNetCurrent,2026-08-27
EFX,revenue,2019-03-31,846100000,2019-05-20,RevenueFromContractWithCustomerExcludingAssessedTax,2026-08-27
EFX,shares,2019-03-31,120800000,2019-05-20,CommonStockSharesOutstanding,2026-08-27
EG,assets,2019-03-31,25593151000,2019-05-20,Assets,2026-08-27
EG,buybacks,2019-03-31,16153000,2019-05-20,PaymentsForRepurchaseOfCommonStock,2026-08-27
EG,equity,2019-03-31,8389273000,2019-05-20,StockholdersEquity,2026-08-27
EG,liabilities,2019-03-31,17203878000,2019-05-20,Liabilities,2026-08-27
EG,operatingCashFlow,2019-03-31,459802000,2019-05-20,NetCashProvidedByUsedInOperatingActivities,2026-08-27
EG,revenue,2019-03-31,1965836000,2019-05-20,Revenues,2026-08-27
EG,shares,2019-03-31,69396000,2019-05-20,CommonStockSharesOutstanding,2026-08-27
EIX,assets,2019-03-31,58793000000,2019-05-20,Assets,2026-08-27
EIX,capex,2019-03-31,1074000000,2019-05-20,PaymentsToAcquirePropertyPlantAndEquipment,2026-08-27
EIX,cash,2019-03-31,328000000,2019-05-20,CashAndCashEquivalentsAtCarryingValue,2026-08-27
EIX,debt,2019-03-31,15683000000,2019-05-20,LongTermDebtNoncurrent,2026-08-27
EIX,inventory,2019-03-31,312000000,2019-05-20,InventoryNet,2026-08-27
EIX,liabilities,2019-03-31,46074000000,2019-05-20,Liabilities,2026-08-27
EIX,netIncome,2019-03-31,278000000,2019-05-20,NetIncomeLoss,2026-08-27
EIX,operatingCashFlow,2019-03-31,210000000,2019-05-20,NetCashProvidedByUsedInOperatingActivities,2026-08-27
EIX,operatingIncome,2019-03-31,352000000,2019-05-20,OperatingIncomeLoss,2026-08-27
EIX,revenue,2019-03-31,2824000000,2019-05-20,Revenues,2026-08-27
EIX,shares,2019-03-31,361985133,2019-05-20,CommonStockSharesOutstanding,2026-08-27
EL,assets,2019-03-31,12931000000,2019-05-20,Assets,2026-08-27
EL,equity,2019-03-31,4588000000,2019-05-20,StockholdersEquity,2026-08-27
EL,grossProfit,2019-03-31,2925000000,2019-05-20,GrossProfit,2026-08-27
EL,inventory,2019-03-31,1814000000,2019-05-20,InventoryNet,2026-08-27
EL,liabilities,2019-03-31,8314000000,2019-05-20,Liabilities,2026-08-27
EL,netIncome,2019-03-31,555000000,2019-05-20,NetIncomeLoss,2026-08-27
EL,operatingIncome,2019-03-31,674000000,2019-05-20,OperatingIncomeLoss,2026-08-27
EL,receivables,2019-03-31,2036000000,2019-05-20,AccountsReceivableNetCurrent,2026-08-27
EL,revenue,2019-03-31,3744000000,2019-05-20,RevenueFromContractWithCustomerExcludingAssessedTax,2026-08-27
ELV,assets,2019-03-31,74523000000,2019-05-20,Assets,2026-08-27
ELV,buybacks,2019-03-31,294000000,2019-05-20,PaymentsForRepurchaseOfCommonStock,2026-08-27
ELV,capex,2019-03-31,234000000,2019-05-20,PaymentsToAcquirePropertyPlantAndEquipment,2026-08-27
ELV,cash,2019-03-31,4482000000,2019-05-20,CashAndCashEquivalentsAtCarryingValue,2026-08-27
ELV,debt,2019-03-31,17396000000,2019-05-20,LongTermDebtNoncurrent,2026-08-27
ELV,equity,2019-03-31,29998000000,2019-05-20,StockholdersEquity,2026-08-27
ELV,liabilities,2019-03-31,44525000000,2019-05-20,Liabilities,2026-08-27
ELV,netIncome,2019-03-31,1551000000,2019-05-20,NetIncomeLoss,2026-08-27
ELV,operatingCashFlow,2019-03-31,1630000000,2019-05-20,NetCashProvidedByUsedInOperatingActivities,2026-08-27
ELV,operatingIncome,2019-03-31,1940000000,2019-05-20,OperatingIncomeLoss,2026-08-27
ELV,revenue,2019-03-31,24666000000,2019-05-20,Revenues,2026-08-27
ELV,shares,2019-03-31,257354383,2019-05-20,CommonStockSharesOutstanding,2026-08-27
EME,assets,2019-03-31,4278324000,2019-05-20,Assets,2026-08-27
EME,buybacks,2019-03-31,0,2019-05-20,PaymentsForRepurchaseOfCommonStock,2026-08-27
EME,capex,2019-03-31,13113000,2019-05-20,PaymentsToAcquireProductiveAssets,2026-08-27
EME,cash,2019-03-31,252031000,2019-05-20,CashAndCashEquivalentsAtCarryingValue,2026-08-27
EME,equity,2019-03-31,1810766000,2019-05-20,StockholdersEquity,2026-08-27
EME,equityStakes,2019-03-31,794000,2019-05-20,PaymentsToAcquireEquityMethodInvestments,2026-08-27
EME,grossProfit,2019-03-31,308754000,2019-05-20,GrossProfit,2026-08-27
EME,liabilities,2019-03-31,2466702000,2019-05-20,Liabilities,2026-08-27
EME,netIncome,2019-03-31,72410000,2019-05-20,NetIncomeLoss,2026-08-27
EME,operatingCashFlow,2019-03-31,-57435000,2019-05-20,NetCashProvidedByUsedInOperatingActivities,2026-08-27
EME,operatingIncome,2019-03-31,102310000,2019-05-20,OperatingIncomeLoss,2026-08-27
EME,receivables,2019-03-31,1797479000,2019-05-20,AccountsReceivableNetCurrent,2026-08-27
EME,revenue,2019-03-31,2158728000,2019-05-20,Revenues,2026-08-27
EME,shares,2019-03-31,56084710,2019-05-20,CommonStockSharesOutstanding,2026-08-27
EMR,assets,2019-03-31,21071000000,2019-05-20,Assets,2026-08-27
EMR,cash,2019-03-31,1384000000,2019-05-20,CashAndCashEquivalentsAtCarryingValue,2026-08-27
EMR,debt,2019-03-31,3786000000,2019-05-20,LongTermDebtNoncurrent,2026-08-27
EMR,equity,2019-03-31,8526000000,2019-05-20,StockholdersEquity,2026-08-27
EMR,grossProfit,2019-03-31,1925000000,2019-05-20,GrossProfit,2026-08-27
EMR,inventory,2019-03-31,2073000000,2019-05-20,InventoryNet,2026-08-27
EMR,netIncome,2019-03-31,520000000,2019-05-20,NetIncomeLoss,2026-08-27
EMR,receivables,2019-03-31,2911000000,2019-05-20,AccountsReceivableNetCurrent,2026-08-27
EMR,revenue,2019-03-31,4570000000,2019-05-20,RevenueFromContractWithCustomerExcludingAssessedTax,2026-08-27
EMR,shares,2019-03-31,614800000,2019-05-20,CommonStockSharesOutstanding,2026-08-27
EOG,assets,2019-03-31,35663535000,2019-05-20,Assets,2026-08-27
EOG,buybacks,2019-03-31,6248000,2019-05-20,PaymentsForRepurchaseOfCommonStock,2026-08-27
EOG,cash,2019-03-31,1135810000,2019-05-20,CashAndCashEquivalentsAtCarryingValue,2026-08-27
EOG,debt,2019-03-31,5166050000,2019-05-20,LongTermDebtNoncurrent,2026-08-27
EOG,inventory,2019-03-31,860764000,2019-05-20,InventoryNet,2026-08-27
EOG,netIncome,2019-03-31,635426000,2019-05-20,NetIncomeLoss,2026-08-27
EOG,operatingCashFlow,2019-03-31,1607769000,2019-05-20,NetCashProvidedByUsedInOperatingActivities,2026-08-27
EOG,operatingIncome,2019-03-31,876530000,2019-05-20,OperatingIncomeLoss,2026-08-27
EOG,revenue,2019-03-31,4058642000,2019-05-20,Revenues,2026-08-27
EQIX,assets,2019-03-31,22491091000,2019-05-20,Assets,2026-08-27
EQIX,capex,2019-03-31,363967000,2019-05-20,PaymentsToAcquireProductiveAssets,2026-08-27
EQIX,cash,2019-03-31,1633844000,2019-05-20,CashAndCashEquivalentsAtCarryingValue,2026-08-27
EQIX,debt,2019-03-31,9801150000,2019-05-20,LongTermDebt,2026-08-27
EQIX,equity,2019-03-31,8425112000,2019-05-20,StockholdersEquity,2026-08-27
EQIX,grossProfit,2019-03-31,681188000,2019-05-20,GrossProfit,2026-08-27
EQIX,liabilities,2019-03-31,14066303000,2019-05-20,Liabilities,2026-08-27
EQIX,netIncome,2019-03-31,118078000,2019-05-20,NetIncomeLoss,2026-08-27
EQIX,operatingCashFlow,2019-03-31,421141000,2019-05-20,NetCashProvidedByUsedInOperatingActivities,2026-08-27
EQIX,operatingIncome,2019-03-31,279508000,2019-05-20,OperatingIncomeLoss,2026-08-27
EQIX,receivables,2019-03-31,703835000,2019-05-20,AccountsReceivableNetCurrent,2026-08-27
EQIX,revenue,2019-03-31,1363218000,2019-05-20,Revenues,2026-08-27
EQIX,shares,2019-03-31,84070003,2019-05-20,CommonStockSharesOutstanding,2026-08-27
EQT,assets,2019-03-31,20339685000,2019-05-20,Assets,2026-08-27
EQT,buybacks,2019-03-31,0,2019-05-20,PaymentsForRepurchaseOfCommonStock,2026-08-27
EQT,capex,2019-03-31,371028000,2019-05-20,PaymentsToAcquirePropertyPlantAndEquipment,2026-08-27
EQT,cash,2019-03-31,40846000,2019-05-20,CashAndCashEquivalentsAtCarryingValue,2026-08-27
EQT,equity,2019-03-31,11139588000,2019-05-20,StockholdersEquity,2026-08-27
EQT,liabilities,2019-03-31,9200097000,2019-05-20,Liabilities,2026-08-27
EQT,netIncome,2019-03-31,190691000,2019-05-20,NetIncomeLoss,2026-08-27
EQT,operatingCashFlow,2019-03-31,871287000,2019-05-20,NetCashProvidedByUsedInOperatingActivities,2026-08-27
EQT,operatingIncome,2019-03-31,175456000,2019-05-20,OperatingIncomeLoss,2026-08-27
EQT,receivables,2019-03-31,817535000,2019-05-20,AccountsReceivableNetCurrent,2026-08-27
EQT,revenue,2019-03-31,1143173000,2019-05-20,Revenues,2026-08-27
ERIE,assets,2019-03-31,1799456000,2019-05-20,Assets,2026-08-27
ERIE,capex,2019-03-31,17411000,2019-05-20,PaymentsToAcquireProductiveAssets,2026-08-27
ERIE,debt,2019-03-31,97382000,2019-05-20,LongTermDebtNoncurrent,2026-08-27
ERIE,equity,2019-03-31,1013804000,2019-05-20,StockholdersEquity,2026-08-27
ERIE,liabilities,2019-03-31,785652000,2019-05-20,Liabilities,2026-08-27
ERIE,netIncome,2019-03-31,75311000,2019-05-20,NetIncomeLoss,2026-08-27
ERIE,operatingCashFlow,2019-03-31,24240000,2019-05-20,NetCashProvidedByUsedInOperatingActivities,2026-08-27
ERIE,operatingIncome,2019-03-31,86122000,2019-05-20,OperatingIncomeLoss,2026-08-27
ERIE,revenue,2019-03-31,594106000,2019-05-20,RevenueFromContractWithCustomerExcludingAssessedTax,2026-08-27
ES,assets,2019-03-31,38941007000,2019-05-20,Assets,2026-08-27
ES,capex,2019-03-31,628129000,2019-05-20,PaymentsToAcquirePropertyPlantAndEquipment,2026-08-27
ES,debt,2019-03-31,12284330000,2019-05-20,LongTermDebtNoncurrent,2026-08-27
ES,equity,2019-03-31,11637434000,2019-05-20,StockholdersEquity,2026-08-27
ES,equityStakes,2019-03-31,249138000,2019-05-20,PaymentsToAcquireEquityMethodInvestments,2026-08-27
ES,netIncome,2019-03-31,310558000,2019-05-20,NetIncomeLoss,2026-08-27
ES,operatingCashFlow,2019-03-31,381435000,2019-05-20,NetCashProvidedByUsedInOperatingActivities,2026-08-27
ES,operatingIncome,2019-03-31,494700000,2019-05-20,OperatingIncomeLoss,2026-08-27
ES,receivables,2019-03-31,1140348000,2019-05-20,AccountsReceivableNetCurrent,2026-08-27
ES,revenue,2019-03-31,2415792000,2019-05-20,Revenues,2026-08-27
ES,shares,2019-03-31,317347470,2019-05-20,CommonStockSharesOutstanding,2026-08-27
ESS,assets,2019-03-31,12578001000,2019-05-20,Assets,2026-08-27
ESS,buybacks,2019-03-31,56989000,2019-05-20,PaymentsForRepurchaseOfCommonStock,2026-08-27
ESS,cash,2019-03-31,107034000,2019-05-20,CashAndCashEquivalentsAtCarryingValue,2026-08-27
ESS,debt,2019-03-31,5759969000,2019-05-20,LongTermDebt,2026-08-27
ESS,equity,2019-03-31,6191257000,2019-05-20,StockholdersEquity,2026-08-27
ESS,equityStakes,2019-03-31,126248000,2019-05-20,PaymentsToAcquireEquityMethodInvestments,2026-08-27
ESS,liabilities,2019-03-31,6223637000,2019-05-20,Liabilities,2026-08-27
ESS,operatingCashFlow,2019-03-31,255759000,2019-05-20,NetCashProvidedByUsedInOperatingActivities,2026-08-27
ESS,operatingIncome,2019-03-31,115695000,2019-05-20,OperatingIncomeLoss,2026-08-27
ESS,revenue,2019-03-31,356223000,2019-05-20,Revenues,2026-08-27
ESS,shares,2019-03-31,65715783,2019-05-20,CommonStockSharesOutstanding,2026-08-27
ETN,assets,2019-03-31,31649000000,2019-05-20,Assets,2026-08-27
ETN,buybacks,2019-03-31,180000000,2019-05-20,PaymentsForRepurchaseOfCommonStock,2026-08-27
ETN,capex,2019-03-31,149000000,2019-05-20,PaymentsToAcquirePropertyPlantAndEquipment,2026-08-27
ETN,cash,2019-03-31,303000000,2019-05-20,CashAndCashEquivalentsAtCarryingValue,2026-08-27
ETN,equity,2019-03-31,16233000000,2019-05-20,StockholdersEquity,2026-08-27
ETN,inventory,2019-03-31,2897000000,2019-05-20,InventoryNet,2026-08-27
ETN,netIncome,2019-03-31,522000000,2019-05-20,NetIncomeLoss,2026-08-27
ETN,operatingCashFlow,2019-03-31,551000000,2019-05-20,NetCashProvidedByUsedInOperatingActivities,2026-08-27
ETN,revenue,2019-03-31,5305000000,2019-05-20,RevenueFromContractWithCustomerExcludingAssessedTax,2026-08-27
ETN,rnd,2019-03-31,156000000,2019-05-20,ResearchAndDevelopmentExpense,2026-08-27
ETR,assets,2019-03-31,49605381000,2019-05-20,Assets,2026-08-27
ETR,cash,2019-03-31,983496000,2019-05-20,CashAndCashEquivalentsAtCarryingValue,2026-08-27
ETR,debt,2019-03-31,17167886000,2019-05-20,LongTermDebtNoncurrent,2026-08-27
ETR,equity,2019-03-31,8970367000,2019-05-20,StockholdersEquity,2026-08-27
ETR,operatingCashFlow,2019-03-31,501189000,2019-05-20,NetCashProvidedByUsedInOperatingActivities,2026-08-27
ETR,operatingIncome,2019-03-31,283254000,2019-05-20,OperatingIncomeLoss,2026-08-27
ETR,receivables,2019-03-31,1074709000,2019-05-20,AccountsReceivableNetCurrent,2026-08-27
ETR,revenue,2019-03-31,2609584000,2019-05-20,RevenueFromContractWithCustomerExcludingAssessedTax,2026-08-27
EVRG,assets,2019-03-31,26060700000,2019-05-20,Assets,2026-08-27
EVRG,buybacks,2019-03-31,578300000,2019-05-20,PaymentsForRepurchaseOfCommonStock,2026-08-27
EVRG,capex,2019-03-31,309000000,2019-05-20,PaymentsToAcquirePropertyPlantAndEquipment,2026-08-27
EVRG,cash,2019-03-31,133600000,2019-05-20,CashAndCashEquivalentsAtCarryingValue,2026-08-27
EVRG,debt,2019-03-31,7125900000,2019-05-20,LongTermDebtNoncurrent,2026-08-27
EVRG,equity,2019-03-31,9422900000,2019-05-20,StockholdersEquity,2026-08-27
EVRG,netIncome,2019-03-31,99500000,2019-05-20,NetIncomeLoss,2026-08-27
EVRG,operatingCashFlow,2019-03-31,362100000,2019-05-20,NetCashProvidedByUsedInOperatingActivities,2026-08-27
EVRG,operatingIncome,2019-03-31,209600000,2019-05-20,OperatingIncomeLoss,2026-08-27
EVRG,revenue,2019-03-31,1216900000,2019-05-20,Revenues,2026-08-27
EW,assets,2019-03-31,5469300000,2019-05-20,Assets,2026-08-27
EW,buybacks,2019-03-31,5700000,2019-05-20,PaymentsForRepurchaseOfCommonStock,2026-08-27
EW,capex,2019-03-31,42200000,2019-05-20,PaymentsToAcquirePropertyPlantAndEquipment,2026-08-27
EW,cash,2019-03-31,709200000,2019-05-20,CashAndCashEquivalentsAtCarryingValue,2026-08-27
EW,debt,2019-03-31,593900000,2019-05-20,LongTermDebtNoncurrent,2026-08-27
EW,equity,2019-03-31,3447500000,2019-05-20,StockholdersEquity,2026-08-27
EW,grossProfit,2019-03-31,761200000,2019-05-20,GrossProfit,2026-08-27
EW,inventory,2019-03-31,630900000,2019-05-20,InventoryNet,2026-08-27
EW,operatingCashFlow,2019-03-31,1500000,2019-05-20,NetCashProvidedByUsedInOperatingActivities,2026-08-27
EW,operatingIncome,2019-03-31,274200000,2019-05-20,OperatingIncomeLoss,2026-08-27
EW,revenue,2019-03-31,993000000,2019-05-20,RevenueFromContractWithCustomerExcludingAssessedTax,2026-08-27
EW,rnd,2019-03-31,171400000,2019-05-20,ResearchAndDevelopmentExpense,2026-08-27
EW,shares,2019-03-31,208400000,2019-05-20,CommonStockSharesOutstanding,2026-08-27
EXC,assets,2019-03-31,121593000000,2019-05-20,Assets,2026-08-27
EXC,capex,2019-03-31,1873000000,2019-05-20,PaymentsToAcquirePropertyPlantAndEquipment,2026-08-27
EXC,cash,2019-03-31,880000000,2019-05-20,CashAndCashEquivalentsAtCarryingValue,2026-08-27
EXC,debt,2019-03-31,32960000000,2019-05-20,LongTermDebtNoncurrent,2026-08-27
EXC,equity,2019-03-31,31357000000,2019-05-20,StockholdersEquity,2026-08-27
EXC,liabilities,2019-03-31,87889000000,2019-05-20,Liabilities,2026-08-27
EXC,operatingCashFlow,2019-03-31,1044000000,2019-05-20,NetCashProvidedByUsedInOperatingActivities,2026-08-27
EXC,operatingIncome,2019-03-31,1218000000,2019-05-20,OperatingIncomeLoss,2026-08-27
EXC,receivables,2019-03-31,4564000000,2019-05-20,AccountsReceivableNetCurrent,2026-08-27
EXC,revenue,2019-03-31,9477000000,2019-05-20,Revenues,2026-08-27
EXC,shares,2019-03-31,970954879,2019-05-20,CommonStockSharesOutstanding,2026-08-27
EXE,assets,2019-03-31,16637000000,2019-05-20,Assets,2026-08-27
EXE,cash,2019-03-31,8000000,2019-05-20,CashAndCashEquivalentsAtCarryingValue,2026-08-27
EXE,debt,2019-03-31,9167000000,2019-05-20,LongTermDebtNoncurrent,2026-08-27
EXE,equity,2019-03-31,4097000000,2019-05-20,StockholdersEquity,2026-08-27
EXE,netIncome,2019-03-31,-21000000,2019-05-20,NetIncomeLoss,2026-08-27
EXE,operatingCashFlow,2019-03-31,456000000,2019-05-20,NetCashProvidedByUsedInOperatingActivities,2026-08-27
EXE,operatingIncome,2019-03-31,-182000000,2019-05-20,OperatingIncomeLoss,2026-08-27
EXE,receivables,2019-03-31,1196000000,2019-05-20,AccountsReceivableNetCurrent,2026-08-27
EXE,revenue,2019-03-31,2196000000,2019-05-20,Revenues,2026-08-27
EXE,shares,2019-02-01,3600000,2019-04-27,CommonStockSharesOutstanding,2026-08-27
EXPD,assets,2019-03-31,3642912000,2019-05-20,Assets,2026-08-27
EXPD,buybacks,2019-03-31,44334000,2019-05-20,PaymentsForRepurchaseOfCommonStock,2026-08-27
EXPD,capex,2019-03-31,9435000,2019-05-20,PaymentsToAcquireProductiveAssets,2026-08-27
EXPD,cash,2019-03-31,1189429000,2019-05-20,CashAndCashEquivalentsAtCarryingValue,2026-08-27
EXPD,equity,2019-03-31,2124270000,2019-05-20,StockholdersEquity,2026-08-27
EXPD,netIncome,2019-03-31,139699000,2019-05-20,NetIncomeLoss,2026-08-27
EXPD,operatingCashFlow,2019-03-31,289483000,2019-05-20,NetCashProvidedByUsedInOperatingActivities,2026-08-27
EXPD,operatingIncome,2019-03-31,187601000,2019-05-20,OperatingIncomeLoss,2026-08-27
EXPD,receivables,2019-03-31,1353725000,2019-05-20,AccountsReceivableNetCurrent,2026-08-27
EXPD,revenue,2019-03-31,2020051000,2019-05-20,RevenueFromContractWithCustomerExcludingAssessedTax,2026-08-27
EXPD,shares,2019-03-31,171648000,2019-05-20,CommonStockSharesOutstanding,2026-08-27
EXPE,assets,2019-03-31,20963000000,2019-05-20,Assets,2026-08-27
EXPE,buybacks,2019-03-31,25000000,2019-05-20,PaymentsForRepurchaseOfCommonStock,2026-08-27
EXPE,capex,2019-03-31,274000000,2019-05-20,PaymentsToAcquirePropertyPlantAndEquipment,2026-08-27
EXPE,cash,2019-03-31,3708000000,2019-05-20,CashAndCashEquivalentsAtCarryingValue,2026-08-27
EXPE,debt,2019-03-31,3704000000,2019-05-20,LongTermDebtNoncurrent,2026-08-27
EXPE,equity,2019-03-31,4083000000,2019-05-20,StockholdersEquity,2026-08-27
EXPE,netIncome,2019-03-31,-103000000,2019-05-20,NetIncomeLoss,2026-08-27
EXPE,operatingCashFlow,2019-03-31,2149000000,2019-05-20,NetCashProvidedByUsedInOperatingActivities,2026-08-27
EXPE,operatingIncome,2019-03-31,-131000000,2019-05-20,OperatingIncomeLoss,2026-08-27
EXPE,receivables,2019-03-31,2617000000,2019-05-20,AccountsReceivableNetCurrent,2026-08-27
EXPE,revenue,2019-03-31,2609000000,2019-05-20,RevenueFromContractWithCustomerExcludingAssessedTax,2026-08-27
EXR,assets,2019-03-31,8132514000,2019-05-20,Assets,2026-08-27
EXR,buybacks,2019-03-31,0,2019-05-20,PaymentsForRepurchaseOfCommonStock,2026-08-27
EXR,cash,2019-03-31,38988000,2019-05-20,CashAndCashEquivalentsAtCarryingValue,2026-08-27
EXR,equity,2019-03-31,2384149000,2019-05-20,StockholdersEquity,2026-08-27
EXR,equityStakes,2019-03-31,17395000,2019-05-20,PaymentsToAcquireEquityMethodInvestments,2026-08-27
EXR,liabilities,2019-03-31,5358702000,2019-05-20,Liabilities,2026-08-27
EXR,netIncome,2019-03-31,94770000,2019-05-20,NetIncomeLoss,2026-08-27
EXR,operatingCashFlow,2019-03-31,169339000,2019-05-20,NetCashProvidedByUsedInOperatingActivities,2026-08-27
EXR,operatingIncome,2019-03-31,148477000,2019-05-20,OperatingIncomeLoss,2026-08-27
EXR,revenue,2019-03-31,311546000,2019-05-20,Revenues,2026-08-27
EXR,shares,2019-03-31,127392050,2019-05-20,CommonStockSharesOutstanding,2026-08-27
F,assets,2019-03-31,263281000000,2019-05-20,Assets,2026-08-27
F,buybacks,2019-03-31,0,2019-05-20,PaymentsForRepurchaseOfCommonStock,2026-08-27
F,capex,2019-03-31,1633000000,2019-05-20,PaymentsToAcquireProductiveAssets,2026-08-27
F,cash,2019-03-31,20848000000,2019-05-20,CashAndCashEquivalentsAtCarryingValue,2026-08-27
F,equity,2019-03-31,36398000000,2019-05-20,StockholdersEquity,2026-08-27
F,inventory,2019-03-31,12333000000,2019-05-20,InventoryNet,2026-08-27
F,liabilities,2019-03-31,226712000000,2019-05-20,Liabilities,2026-08-27
F,operatingCashFlow,2019-03-31,3544000000,2019-05-20,NetCashProvidedByUsedInOperatingActivities,2026-08-27
F,operatingIncome,2019-03-31,1202000000,2019-05-20,OperatingIncomeLoss,2026-08-27
F,receivables,2019-03-31,12016000000,2019-05-20,AccountsReceivableNetCurrent,2026-08-27
F,revenue,2019-03-31,40342000000,2019-05-20,Revenues,2026-08-27
FANG,assets,2019-03-31,23531000000,2019-05-20,Assets,2026-08-27
FANG,buybacks,2019-03-31,0,2019-05-20,PaymentsForRepurchaseOfCommonStock,2026-08-27
FANG,cash,2019-03-31,149000000,2019-05-20,CashAndCashEquivalentsAtCarryingValue,2026-08-27
FANG,debt,2019-03-31,4670000000,2019-05-20,LongTermDebtNoncurrent,2026-08-27
FANG,equity,2019-03-31,13773000000,2019-05-20,StockholdersEquity,2026-08-27
FANG,equityStakes,2019-03-31,149000000,2019-05-20,PaymentsToAcquireEquityMethodInvestments,2026-08-27
FANG,inventory,2019-03-31,39000000,2019-05-20,InventoryNet,2026-08-27
FANG,liabilities,2019-03-31,7754000000,2019-05-20,Liabilities,2026-08-27
FANG,netIncome,2019-03-31,10000000,2019-05-20,NetIncomeLoss,2026-08-27
FANG,operatingCashFlow,2019-03-31,377000000,2019-05-20,NetCashProvidedByUsedInOperatingActivities,2026-08-27
FANG,operatingIncome,2019-03-31,319000000,2019-05-20,OperatingIncomeLoss,2026-08-27
FANG,receivables,2019-03-31,356000000,2019-05-20,AccountsReceivableNetCurrent,2026-08-27
FANG,revenue,2019-03-31,864000000,2019-05-20,Revenues,2026-08-27
FANG,shares,2019-03-31,164615642,2019-05-20,CommonStockSharesOutstanding,2026-08-27
FAST,assets,2019-03-31,3651800000,2019-05-20,Assets,2026-08-27
FAST,buybacks,2019-03-31,0,2019-05-20,PaymentsForRepurchaseOfCommonStock,2026-08-27
FAST,capex,2019-03-31,54400000,2019-05-20,PaymentsToAcquirePropertyPlantAndEquipment,2026-08-27
FAST,cash,2019-03-31,185400000,2019-05-20,CashAndCashEquivalentsAtCarryingValue,2026-08-27
FAST,debt,2019-03-31,484600000,2019-05-20,LongTermDebtNoncurrent,2026-08-27
FAST,equity,2019-03-31,2397200000,2019-05-20,StockholdersEquity,2026-08-27
FAST,grossProfit,2019-03-31,624700000,2019-05-20,GrossProfit,2026-08-27
FAST,inventory,2019-03-31,1293900000,2019-05-20,InventoryNet,2026-08-27
FAST,netIncome,2019-03-31,194100000,2019-05-20,NetIncomeLoss,2026-08-27
FAST,operatingCashFlow,2019-03-31,204900000,2019-05-20,NetCashProvidedByUsedInOperatingActivities,2026-08-27
FAST,operatingIncome,2019-03-31,261400000,2019-05-20,OperatingIncomeLoss,2026-08-27
FAST,receivables,2019-03-31,793000000,2019-05-20,AccountsReceivableNetCurrent,2026-08-27
FAST,revenue,2019-03-31,1309300000,2019-05-20,RevenueFromContractWithCustomerExcludingAssessedTax,2026-08-27
FAST,shares,2019-03-31,286265537,2019-05-20,CommonStockSharesOutstanding,2026-08-27
FCX,assets,2019-03-31,41059000000,2019-05-20,Assets,2026-08-27
FCX,capex,2019-03-31,622000000,2019-05-20,PaymentsToAcquireProductiveAssets,2026-08-27
FCX,cash,2019-03-31,2833000000,2019-05-20,CashAndCashEquivalentsAtCarryingValue,2026-08-27
FCX,debt,2019-03-31,9902000000,2019-05-20,LongTermDebtNoncurrent,2026-08-27
FCX,equity,2019-03-31,9783000000,2019-05-20,StockholdersEquity,2026-08-27
FCX,liabilities,2019-03-31,23218000000,2019-05-20,Liabilities,2026-08-27
FCX,operatingCashFlow,2019-03-31,534000000,2019-05-20,NetCashProvidedByUsedInOperatingActivities,2026-08-27
FCX,operatingIncome,2019-03-31,321000000,2019-05-20,OperatingIncomeLoss,2026-08-27
FCX,receivables,2019-03-31,781000000,2019-05-20,AccountsReceivableNetCurrent,2026-08-27
FCX,revenue,2019-03-31,3792000000,2019-05-20,Revenues,2026-08-27
FDS,assets,2019-02-28,1464994000,2019-04-19,Assets,2026-08-27
FDS,capex,2019-02-28,11957000,2019-04-19,PaymentsToAcquirePropertyPlantAndEquipment,2026-08-27
FDS,cash,2019-02-28,218335000,2019-04-19,CashAndCashEquivalentsAtCarryingValue,2026-08-27
FDS,debt,2019-02-28,574848000,2019-04-19,LongTermDebt,2026-08-27
FDS,equity,2019-02-28,599521000,2019-04-19,StockholdersEquity,2026-08-27
FDS,liabilities,2019-02-28,865473000,2019-04-19,Liabilities,2026-08-27
FDS,netIncome,2019-02-28,84702000,2019-04-19,NetIncomeLoss,2026-08-27
FDS,operatingIncome,2019-02-28,108688000,2019-04-19,OperatingIncomeLoss,2026-08-27
FDS,receivables,2019-02-28,176356000,2019-04-19,AccountsReceivableNetCurrent,2026-08-27
FDS,revenue,2019-02-28,354895000,2019-04-19,RevenueFromContractWithCustomerExcludingAssessedTax,2026-08-27
FDS,shares,2019-02-28,38100000,2019-04-19,CommonStockSharesOutstanding,2026-08-27
FDX,assets,2019-02-28,54464000000,2019-04-19,Assets,2026-08-27
FDX,buybacks,2019-02-28,93000000,2019-04-19,PaymentsForRepurchaseOfCommonStock,2026-08-27
FDX,cash,2019-02-28,2872000000,2019-04-19,CashAndCashEquivalentsAtCarryingValue,2026-08-27
FDX,equity,2019-02-28,19894000000,2019-04-19,StockholdersEquity,2026-08-27
FDX,netIncome,2019-02-28,739000000,2019-04-19,NetIncomeLoss,2026-08-27
FDX,operatingIncome,2019-02-28,911000000,2019-04-19,OperatingIncomeLoss,2026-08-27
FDX,revenue,2019-02-28,17010000000,2019-04-19,Revenues,2026-08-27
FE,assets,2019-03-31,40490000000,2019-05-20,Assets,2026-08-27
FE,capex,2019-03-31,554000000,2019-05-20,PaymentsToAcquireProductiveAssets,2026-08-27
FE,cash,2019-03-31,174000000,2019-05-20,CashAndCashEquivalentsAtCarryingValue,2026-08-27
FE,equity,2019-03-31,6932000000,2019-05-20,StockholdersEquity,2026-08-27
FE,inventory,2019-03-31,268000000,2019-05-20,InventoryNet,2026-08-27
FE,netIncome,2019-03-31,320000000,2019-05-20,NetIncomeLoss,2026-08-27
FE,operatingCashFlow,2019-03-31,-182000000,2019-05-20,NetCashProvidedByUsedInOperatingActivities,2026-08-27
FE,operatingIncome,2019-03-31,629000000,2019-05-20,OperatingIncomeLoss,2026-08-27
FE,receivables,2019-03-31,1263000000,2019-05-20,AccountsReceivableNetCurrent,2026-08-27
FE,revenue,2019-03-31,2883000000,2019-05-20,Revenues,2026-08-27
FE,shares,2019-03-31,531442309,2019-05-20,CommonStockSharesOutstanding,2026-08-27
FFIV,assets,2019-03-31,2990236000,2019-05-20,Assets,2026-08-27
FFIV,cash,2019-03-31,726662000,2019-05-20,CashAndCashEquivalentsAtCarryingValue,2026-08-27
FFIV,grossProfit,2019-03-31,456717000,2019-05-20,GrossProfit,2026-08-27
FFIV,inventory,2019-03-31,33463000,2019-05-20,InventoryNet,2026-08-27
FFIV,netIncome,2019-03-31,116087000,2019-05-20,NetIncomeLoss,2026-08-27
FFIV,operatingIncome,2019-03-31,142793000,2019-05-20,OperatingIncomeLoss,2026-08-27
FFIV,receivables,2019-03-31,321484000,2019-05-20,AccountsReceivableNetCurrent,2026-08-27
FFIV,revenue,2019-03-31,544895000,2019-05-20,RevenueFromContractWithCustomerExcludingAssessedTax,2026-08-27
FFIV,rnd,2019-03-31,96314000,2019-05-20,ResearchAndDevelopmentExpense,2026-08-27
FFIV,shares,2019-03-31,59695000,2019-05-20,CommonStockSharesOutstanding,2026-08-27
FICO,assets,2019-03-31,1328111000,2019-05-20,Assets,2026-08-27
FICO,cash,2019-03-31,76885000,2019-05-20,CashAndCashEquivalentsAtCarryingValue,2026-08-27
FICO,debt,2019-03-31,604369000,2019-05-20,LongTermDebt,2026-08-27
FICO,equity,2019-03-31,247478000,2019-05-20,StockholdersEquity,2026-08-27
FICO,grossProfit,2019-03-31,192666000,2019-05-20,GrossProfit,2026-08-27
FICO,liabilities,2019-03-31,1080633000,2019-05-20,Liabilities,2026-08-27
FICO,netIncome,2019-03-31,33381000,2019-05-20,NetIncomeLoss,2026-08-27
FICO,operatingIncome,2019-03-31,48549000,2019-05-20,OperatingIncomeLoss,2026-08-27
FICO,receivables,2019-03-31,271632000,2019-05-20,AccountsReceivableNetCurrent,2026-08-27
FICO,revenue,2019-03-31,278234000,2019-05-20,Revenues,2026-08-27
FICO,rnd,2019-03-31,37684000,2019-05-20,ResearchAndDevelopmentExpense,2026-08-27
FICO,shares,2019-03-31,29056000,2019-05-20,CommonStockSharesOutstanding,2026-08-27
FIS,assets,2019-03-31,24073000000,2019-05-20,Assets,2026-08-27
FIS,buybacks,2019-03-31,423000000,2019-05-20,PaymentsForRepurchaseOfCommonStock,2026-08-27
FIS,capex,2019-03-31,37000000,2019-05-20,PaymentsToAcquirePropertyPlantAndEquipment,2026-08-27
FIS,cash,2019-03-31,576000000,2019-05-20,CashAndCashEquivalentsAtCarryingValue,2026-08-27
FIS,debt,2019-03-31,8562000000,2019-05-20,LongTermDebtNoncurrent,2026-08-27
FIS,equity,2019-03-31,9896000000,2019-05-20,StockholdersEquity,2026-08-27
FIS,grossProfit,2019-03-31,676000000,2019-05-20,GrossProfit,2026-08-27
FIS,liabilities,2019-03-31,14170000000,2019-05-20,Liabilities,2026-08-27
FIS,netIncome,2019-03-31,148000000,2019-05-20,NetIncomeLoss,2026-08-27
FIS,operatingCashFlow,2019-03-31,294000000,2019-05-20,NetCashProvidedByUsedInOperatingActivities,2026-08-27
FIS,operatingIncome,2019-03-31,315000000,2019-05-20,OperatingIncomeLoss,2026-08-27
FIS,receivables,2019-03-31,1451000000,2019-05-20,AccountsReceivableNetCurrent,2026-08-27
FIS,revenue,2019-03-31,2057000000,2019-05-20,RevenueFromContractWithCustomerExcludingAssessedTax,2026-08-27
FISV,assets,2019-03-31,11676000000,2019-05-20,Assets,2026-08-27
FISV,capex,2019-03-31,98000000,2019-05-20,PaymentsToAcquirePropertyPlantAndEquipment,2026-08-27
FISV,equity,2019-03-31,2394000000,2019-05-20,StockholdersEquity,2026-08-27
FISV,liabilities,2019-03-31,9282000000,2019-05-20,Liabilities,2026-08-27
FISV,netIncome,2019-03-31,225000000,2019-05-20,NetIncomeLoss,2026-08-27
FISV,operatingCashFlow,2019-03-31,373000000,2019-05-20,NetCashProvidedByUsedInOperatingActivities,2026-08-27
FISV,operatingIncome,2019-03-31,373000000,2019-05-20,OperatingIncomeLoss,2026-08-27
FISV,receivables,2019-03-31,1044000000,2019-05-20,AccountsReceivableNetCurrent,2026-08-27
FISV,revenue,2019-03-31,1502000000,2019-05-20,Revenues,2026-08-27
FITB,assets,2019-03-31,167853000000,2019-05-20,Assets,2026-08-27
FITB,buybacks,2019-03-31,913000000,2019-05-20,PaymentsForRepurchaseOfCommonStock,2026-08-27
FITB,capex,2019-03-31,57000000,2019-05-20,PaymentsToAcquirePropertyPlantAndEquipment,2026-08-27
FITB,debt,2019-03-31,15483000000,2019-05-20,LongTermDebt,2026-08-27
FITB,equity,2019-03-31,19647000000,2019-05-20,StockholdersEquity,2026-08-27
FITB,liabilities,2019-03-31,148009000000,2019-05-20,Liabilities,2026-08-27
FITB,netIncome,2019-03-31,775000000,2019-05-20,NetIncomeLoss,2026-08-27
FITB,operatingCashFlow,2019-03-31,534000000,2019-05-20,NetCashProvidedByUsedInOperatingActivities,2026-08-27
FITB,shares,2019-03-31,739406088,2019-05-20,CommonStockSharesOutstanding,2026-08-27
FIX,assets,2019-03-31,1080032000,2019-05-20,Assets,2026-08-27
FIX,buybacks,2019-03-31,3321000,2019-05-20,PaymentsForRepurchaseOfCommonStock,2026-08-27
FIX,capex,2019-03-31,8844000,2019-05-20,PaymentsToAcquirePropertyPlantAndEquipment,2026-08-27
FIX,cash,2019-03-31,29130000,2019-05-20,CashAndCashEquivalentsAtCarryingValue,2026-08-27
FIX,debt,2019-03-31,74483000,2019-05-20,LongTermDebtNoncurrent,2026-08-27
FIX,equity,2019-03-31,515195000,2019-05-20,StockholdersEquity,2026-08-27
FIX,grossProfit,2019-03-31,106665000,2019-05-20,GrossProfit,2026-08-27
FIX,inventory,2019-03-31,12908000,2019-05-20,InventoryNet,2026-08-27
FIX,liabilities,2019-03-31,564837000,2019-05-20,Liabilities,2026-08-27
FIX,netIncome,2019-03-31,19866000,2019-05-20,NetIncomeLoss,2026-08-27
FIX,operatingCashFlow,2019-03-31,991000,2019-05-20,NetCashProvidedByUsedInOperatingActivities,2026-08-27
FIX,operatingIncome,2019-03-31,27979000,2019-05-20,OperatingIncomeLoss,2026-08-27
FIX,revenue,2019-03-31,538473000,2019-05-20,Revenues,2026-08-27
FIX,shares,2019-03-31,36891000,2019-05-20,CommonStockSharesOutstanding,2026-08-27
FLEX,assets,2019-03-31,13499367000,2019-05-20,Assets,2026-08-27
FLEX,cash,2019-03-31,1696625000,2019-05-20,CashAndCashEquivalentsAtCarryingValue,2026-08-27
FLEX,debt,2019-03-31,2421904000,2019-05-20,LongTermDebtNoncurrent,2026-08-27
FLEX,equity,2019-03-31,2972000000,2019-05-20,StockholdersEquity,2026-08-27
FLEX,grossProfit,2019-03-31,380295000,2019-05-20,GrossProfit,2026-08-27
FLEX,inventory,2019-03-31,3722854000,2019-05-20,InventoryNet,2026-08-27
FLEX,receivables,2019-03-31,2612961000,2019-05-20,AccountsReceivableNetCurrent,2026-08-27
FLEX,revenue,2019-03-31,6226124000,2019-05-20,RevenueFromContractWithCustomerExcludingAssessedTax,2026-08-27
FLEX,shares,2019-03-31,516548265,2019-05-20,CommonStockSharesOutstanding,2026-08-27
FOX,assets,2019-03-31,17657000000,2019-05-20,Assets,2026-08-27
FOX,cash,2019-03-31,2818000000,2019-05-20,CashAndCashEquivalentsAtCarryingValue,2026-08-27
FOX,debt,2019-03-31,6750000000,2019-05-20,LongTermDebtNoncurrent,2026-08-27
FOX,equity,2019-03-31,8600000000,2019-05-20,StockholdersEquity,2026-08-27
FOX,inventory,2019-03-31,1074000000,2019-05-20,InventoryNet,2026-08-27
FOX,receivables,2019-03-31,1949000000,2019-05-20,AccountsReceivableNetCurrent,2026-08-27
FOX,revenue,2019-03-31,2752000000,2019-05-20,Revenues,2026-08-27
FRT,assets,2019-03-31,6351366000,2019-05-20,Assets,2026-08-27
FRT,cash,2019-03-31,43003000,2019-05-20,CashAndCashEquivalentsAtCarryingValue,2026-08-27
FRT,equity,2019-03-31,2388158000,2019-05-20,StockholdersEquity,2026-08-27
FRT,liabilities,2019-03-31,3715095000,2019-05-20,Liabilities,2026-08-27
FRT,netIncome,2019-03-31,60144000,2019-05-20,NetIncomeLoss,2026-08-27
FRT,operatingCashFlow,2019-03-31,104919000,2019-05-20,NetCashProvidedByUsedInOperatingActivities,2026-08-27
FRT,operatingIncome,2019-03-31,91093000,2019-05-20,OperatingIncomeLoss,2026-08-27
FRT,revenue,2019-03-31,232227000,2019-05-20,Revenues,2026-08-27
FRT,shares,2019-03-31,74836984,2019-05-20,CommonStockSharesOutstanding,2026-08-27
FSLR,assets,2019-03-31,7256926000,2019-05-20,Assets,2026-08-27
FSLR,capex,2019-03-31,149168000,2019-05-20,PaymentsToAcquirePropertyPlantAndEquipment,2026-08-27
FSLR,cash,2019-03-31,1013402000,2019-05-20,CashAndCashEquivalentsAtCarryingValue,2026-08-27
FSLR,debt,2019-03-31,582698000,2019-05-20,LongTermDebt,2026-08-27
FSLR,equity,2019-03-31,5129161000,2019-05-20,StockholdersEquity,2026-08-27
FSLR,grossProfit,2019-03-31,112000,2019-05-20,GrossProfit,2026-08-27
FSLR,inventory,2019-03-31,459472000,2019-05-20,InventoryNet,2026-08-27
FSLR,liabilities,2019-03-31,2127765000,2019-05-20,Liabilities,2026-08-27
FSLR,netIncome,2019-03-31,-67599000,2019-05-20,NetIncomeLoss,2026-08-27
FSLR,operatingCashFlow,2019-03-31,-303440000,2019-05-20,NetCashProvidedByUsedInOperatingActivities,2026-08-27
FSLR,operatingIncome,2019-03-31,-76639000,2019-05-20,OperatingIncomeLoss,2026-08-27
FSLR,receivables,2019-03-31,301669000,2019-05-20,AccountsReceivableNetCurrent,2026-08-27
FSLR,revenue,2019-03-31,531978000,2019-05-20,Revenues,2026-08-27
FSLR,rnd,2019-03-31,21877000,2019-05-20,ResearchAndDevelopmentExpense,2026-08-27
FSLR,shares,2019-03-31,105352685,2019-05-20,CommonStockSharesOutstanding,2026-08-27
FTNT,assets,2019-03-31,3205700000,2019-05-20,Assets,2026-08-27
FTNT,buybacks,2019-03-31,60400000,2019-05-20,PaymentsForRepurchaseOfCommonStock,2026-08-27
FTNT,capex,2019-03-31,10200000,2019-05-20,PaymentsToAcquirePropertyPlantAndEquipment,2026-08-27
FTNT,cash,2019-03-31,1216900000,2019-05-20,CashAndCashEquivalentsAtCarryingValue,2026-08-27
FTNT,equity,2019-03-31,1058100000,2019-05-20,StockholdersEquity,2026-08-27
FTNT,grossProfit,2019-03-31,359600000,2019-05-20,GrossProfit,2026-08-27
FTNT,inventory,2019-03-31,88400000,2019-05-20,InventoryNet,2026-08-27
FTNT,liabilities,2019-03-31,2147600000,2019-05-20,Liabilities,2026-08-27
FTNT,netIncome,2019-03-31,58800000,2019-05-20,NetIncomeLoss,2026-08-27
FTNT,operatingCashFlow,2019-03-31,201300000,2019-05-20,NetCashProvidedByUsedInOperatingActivities,2026-08-27
FTNT,operatingIncome,2019-03-31,50600000,2019-05-20,OperatingIncomeLoss,2026-08-27
FTNT,receivables,2019-03-31,381000000,2019-05-20,AccountsReceivableNetCurrent,2026-08-27
FTNT,revenue,2019-03-31,472600000,2019-05-20,RevenueFromContractWithCustomerExcludingAssessedTax,2026-08-27
FTNT,rnd,2019-03-31,68600000,2019-05-20,ResearchAndDevelopmentExpense,2026-08-27
FTNT,shares,2019-03-31,170700000,2019-05-20,CommonStockSharesOutstanding,2026-08-27
FTV,assets,2019-03-29,15656200000,2019-05-18,Assets,2026-08-27
FTV,capex,2019-03-29,24000000,2019-05-18,PaymentsToAcquirePropertyPlantAndEquipment,2026-08-27
FTV,cash,2019-03-29,3728900000,2019-05-18,CashAndCashEquivalentsAtCarryingValue,2026-08-27
FTV,debt,2019-03-29,4728300000,2019-05-18,LongTermDebtNoncurrent,2026-08-27
FTV,equity,2019-03-29,6850700000,2019-05-18,StockholdersEquity,2026-08-27
FTV,grossProfit,2019-03-29,551600000,2019-05-18,GrossProfit,2026-08-27
FTV,inventory,2019-03-29,608300000,2019-05-18,InventoryNet,2026-08-27
FTV,operatingCashFlow,2019-03-29,156200000,2019-05-18,NetCashProvidedByUsedInOperatingActivities,2026-08-27
FTV,operatingIncome,2019-03-29,112000000,2019-05-18,OperatingIncomeLoss,2026-08-27
FTV,receivables,2019-03-29,1146600000,2019-05-18,AccountsReceivableNetCurrent,2026-08-27
FTV,revenue,2019-03-29,980400000,2019-05-18,RevenueFromContractWithCustomerExcludingAssessedTax,2026-08-27
FTV,rnd,2019-03-29,109000000,2019-05-18,ResearchAndDevelopmentExpense,2026-08-27
FTV,shares,2019-03-29,335000000,2019-05-18,CommonStockSharesOutstanding,2026-08-27
GD,assets,2019-03-31,47466000000,2019-05-20,Assets,2026-08-27
GD,buybacks,2019-03-31,133000000,2019-05-20,PaymentsForRepurchaseOfCommonStock,2026-08-27
GD,capex,2019-03-31,181000000,2019-05-20,PaymentsToAcquirePropertyPlantAndEquipment,2026-08-27
GD,cash,2019-03-31,673000000,2019-05-20,CashAndCashEquivalentsAtCarryingValue,2026-08-27
GD,debt,2019-03-31,11451000000,2019-05-20,LongTermDebtNoncurrent,2026-08-27
GD,equity,2019-03-31,12234000000,2019-05-20,StockholdersEquity,2026-08-27
GD,inventory,2019-03-31,6185000000,2019-05-20,InventoryNet,2026-08-27
GD,netIncome,2019-03-31,745000000,2019-05-20,NetIncomeLoss,2026-08-27
GD,operatingCashFlow,2019-03-31,-795000000,2019-05-20,NetCashProvidedByUsedInOperatingActivities,2026-08-27
GD,operatingIncome,2019-03-31,1014000000,2019-05-20,OperatingIncomeLoss,2026-08-27
GD,receivables,2019-03-31,3718000000,2019-05-20,AccountsReceivableNetCurrent,2026-08-27
GD,revenue,2019-03-31,9261000000,2019-05-20,RevenueFromContractWithCustomerExcludingAssessedTax,2026-08-27
GDDY,assets,2019-03-31,6350600000,2019-05-20,Assets,2026-08-27
GDDY,buybacks,2019-03-31,0,2019-05-20,PaymentsForRepurchaseOfCommonStock,2026-08-27
GDDY,capex,2019-03-31,29400000,2019-05-20,PaymentsToAcquirePropertyPlantAndEquipment,2026-08-27
GDDY,cash,2019-03-31,1090300000,2019-05-20,CashAndCashEquivalentsAtCarryingValue,2026-08-27
GDDY,debt,2019-03-31,2390000000,2019-05-20,LongTermDebtNoncurrent,2026-08-27
GDDY,equity,2019-03-31,910400000,2019-05-20,StockholdersEquity,2026-08-27
GDDY,netIncome,2019-03-31,12900000,2019-05-20,NetIncomeLoss,2026-08-27
GDDY,operatingCashFlow,2019-03-31,199700000,2019-05-20,NetCashProvidedByUsedInOperatingActivities,2026-08-27
GDDY,operatingIncome,2019-03-31,18800000,2019-05-20,OperatingIncomeLoss,2026-08-27
GDDY,receivables,2019-03-31,35400000,2019-05-20,AccountsReceivableNetCurrent,2026-08-27
GDDY,revenue,2019-03-31,710000000,2019-05-20,RevenueFromContractWithCustomerExcludingAssessedTax,2026-08-27
GE,assets,2019-03-31,315082000000,2019-05-20,Assets,2026-08-27
GE,capex,2019-03-31,1395000000,2019-05-20,PaymentsToAcquirePropertyPlantAndEquipment,2026-08-27
GE,equity,2019-03-31,35161000000,2019-05-20,StockholdersEquity,2026-08-27
GE,inventory,2019-03-31,19419000000,2019-05-20,InventoryNet,2026-08-27
GE,liabilities,2019-03-31,259020000000,2019-05-20,Liabilities,2026-08-27
GE,netIncome,2019-03-31,3588000000,2019-05-20,NetIncomeLoss,2026-08-27
GE,operatingCashFlow,2019-03-31,122000000,2019-05-20,NetCashProvidedByUsedInOperatingActivities,2026-08-27
GE,receivables,2019-03-31,19518000000,2019-05-20,AccountsReceivableNetCurrent,2026-08-27
GE,revenue,2019-03-31,22202000000,2019-05-20,Revenues,2026-08-27
GE,shares,2019-03-31,8720808000,2019-05-20,CommonStockSharesOutstanding,2026-08-27
GEN,assets,2019-03-29,15938000000,2019-05-18,Assets,2026-08-27
GEN,cash,2019-03-29,1791000000,2019-05-18,CashAndCashEquivalentsAtCarryingValue,2026-08-27
GEN,debt,2019-03-29,3961000000,2019-05-18,LongTermDebtNoncurrent,2026-08-27
GEN,equity,2019-03-29,5738000000,2019-05-18,StockholdersEquity,2026-08-27
GEN,liabilities,2019-03-29,10200000000,2019-05-18,Liabilities,2026-08-27
GEN,receivables,2019-03-29,708000000,2019-05-18,AccountsReceivableNetCurrent,2026-08-27
GEN,shares,2019-03-29,630000000,2019-05-18,CommonStockSharesOutstanding,2026-08-27
GILD,assets,2019-03-31,62837000000,2019-05-20,Assets,2026-08-27
GILD,buybacks,2019-03-31,834000000,2019-05-20,PaymentsForRepurchaseOfCommonStock,2026-08-27
GILD,capex,2019-03-31,237000000,2019-05-20,PaymentsToAcquirePropertyPlantAndEquipment,2026-08-27
GILD,cash,2019-03-31,16927000000,2019-05-20,CashAndCashEquivalentsAtCarryingValue,2026-08-27
GILD,debt,2019-03-31,24080000000,2019-05-20,LongTermDebtNoncurrent,2026-08-27
GILD,equity,2019-03-31,21951000000,2019-05-20,StockholdersEquity,2026-08-27
GILD,grossProfit,2019-03-31,4243000000,2019-05-20,GrossProfit,2026-08-27
GILD,inventory,2019-03-31,898000000,2019-05-20,InventoryNet,2026-08-27
GILD,netIncome,2019-03-31,1975000000,2019-05-20,NetIncomeLoss,2026-08-27
GILD,operatingCashFlow,2019-03-31,1577000000,2019-05-20,NetCashProvidedByUsedInOperatingActivities,2026-08-27
GILD,operatingIncome,2019-03-31,2237000000,2019-05-20,OperatingIncomeLoss,2026-08-27
GILD,receivables,2019-03-31,3283000000,2019-05-20,AccountsReceivableNetCurrent,2026-08-27
GILD,revenue,2019-03-31,5281000000,2019-05-20,Revenues,2026-08-27
GILD,rnd,2019-03-31,1057000000,2019-05-20,ResearchAndDevelopmentExpense,2026-08-27
GILD,shares,2019-03-31,1274000000,2019-05-20,CommonStockSharesOutstanding,2026-08-27
GIS,assets,2019-02-24,30285800000,2019-04-15,Assets,2026-08-27
GIS,cash,2019-02-24,547100000,2019-04-15,CashAndCashEquivalentsAtCarryingValue,2026-08-27
GIS,debt,2019-02-24,11642600000,2019-04-15,LongTermDebtNoncurrent,2026-08-27
GIS,equity,2019-02-24,6930400000,2019-04-15,StockholdersEquity,2026-08-27
GIS,grossProfit,2019-02-24,1443000000,2019-04-15,GrossProfit,2026-08-27
GIS,inventory,2019-02-24,1544500000,2019-04-15,InventoryNet,2026-08-27
GIS,liabilities,2019-02-24,22487500000,2019-04-15,Liabilities,2026-08-27
GIS,netIncome,2019-02-24,446800000,2019-04-15,NetIncomeLoss,2026-08-27
GIS,operatingIncome,2019-02-24,651300000,2019-04-15,OperatingIncomeLoss,2026-08-27
GIS,revenue,2019-02-24,4198300000,2019-04-15,RevenueFromContractWithCustomerExcludingAssessedTax,2026-08-27
GL,assets,2019-03-31,24133438000,2019-05-20,Assets,2026-08-27
GL,buybacks,2019-03-31,110896000,2019-05-20,PaymentsForRepurchaseOfCommonStock,2026-08-27
GL,capex,2019-03-31,7015000,2019-05-20,PaymentsToAcquirePropertyPlantAndEquipment,2026-08-27
GL,debt,2019-03-31,1355601000,2019-05-20,LongTermDebt,2026-08-27
GL,equity,2019-03-31,6043426000,2019-05-20,StockholdersEquity,2026-08-27
GL,grossProfit,2019-03-31,226772000,2019-05-20,GrossProfit,2026-08-27
GL,liabilities,2019-03-31,18090012000,2019-05-20,Liabilities,2026-08-27
GL,netIncome,2019-03-31,185345000,2019-05-20,NetIncomeLoss,2026-08-27
GL,operatingCashFlow,2019-03-31,423285000,2019-05-20,NetCashProvidedByUsedInOperatingActivities,2026-08-27
GL,operatingIncome,2019-03-31,227172000,2019-05-20,OperatingIncomeLoss,2026-08-27
GL,revenue,2019-03-31,1119216000,2019-05-20,Revenues,2026-08-27
GL,shares,2019-03-31,121218183,2019-05-20,CommonStockSharesOutstanding,2026-08-27
GLW,assets,2019-03-31,27321000000,2019-05-20,Assets,2026-08-27
GLW,buybacks,2019-03-31,257000000,2019-05-20,PaymentsForRepurchaseOfCommonStock,2026-08-27
GLW,equity,2019-03-31,13607000000,2019-05-20,StockholdersEquity,2026-08-27
GLW,grossProfit,2019-03-31,1099000000,2019-05-20,GrossProfit,2026-08-27
GLW,inventory,2019-03-31,2190000000,2019-05-20,InventoryNet,2026-08-27
GLW,liabilities,2019-03-31,13615000000,2019-05-20,Liabilities,2026-08-27
GLW,netIncome,2019-03-31,499000000,2019-05-20,NetIncomeLoss,2026-08-27
GLW,operatingCashFlow,2019-03-31,-29000000,2019-05-20,NetCashProvidedByUsedInOperatingActivities,2026-08-27
GLW,operatingIncome,2019-03-31,420000000,2019-05-20,OperatingIncomeLoss,2026-08-27
GLW,receivables,2019-03-31,1974000000,2019-05-20,AccountsReceivableNetCurrent,2026-08-27
GLW,revenue,2019-03-31,2812000000,2019-05-20,Revenues,2026-08-27
GM,assets,2019-03-31,233132000000,2019-05-20,Assets,2026-08-27
GM,capex,2019-03-31,2014000000,2019-05-20,PaymentsToAcquirePropertyPlantAndEquipment,2026-08-27
GM,cash,2019-03-31,17176000000,2019-05-20,CashAndCashEquivalentsAtCarryingValue,2026-08-27
GM,equity,2019-03-31,40765000000,2019-05-20,StockholdersEquity,2026-08-27
GM,inventory,2019-03-31,11108000000,2019-05-20,InventoryNet,2026-08-27
GM,liabilities,2019-03-31,188494000000,2019-05-20,Liabilities,2026-08-27
GM,netIncome,2019-03-31,2157000000,2019-05-20,NetIncomeLoss,2026-08-27
GM,operatingCashFlow,2019-03-31,-81000000,2019-05-20,NetCashProvidedByUsedInOperatingActivities,2026-08-27
GM,operatingIncome,2019-03-31,1244000000,2019-05-20,OperatingIncomeLoss,2026-08-27
GM,revenue,2019-03-31,34878000000,2019-05-20,Revenues,2026-08-27
GM,shares,2019-03-31,1400000000,2019-05-20,CommonStockSharesOutstanding,2026-08-27
GNRC,assets,2019-03-31,2473722000,2019-05-20,Assets,2026-08-27
GNRC,capex,2019-03-31,15902000,2019-05-20,PaymentsToAcquirePropertyPlantAndEquipment,2026-08-27
GNRC,cash,2019-03-31,161266000,2019-05-20,CashAndCashEquivalentsAtCarryingValue,2026-08-27
GNRC,equity,2019-03-31,804420000,2019-05-20,StockholdersEquity,2026-08-27
GNRC,grossProfit,2019-03-31,162175000,2019-05-20,GrossProfit,2026-08-27
GNRC,inventory,2019-03-31,588380000,2019-05-20,InventoryNet,2026-08-27
GNRC,liabilities,2019-03-31,1606410000,2019-05-20,Liabilities,2026-08-27
GNRC,netIncome,2019-03-31,44861000,2019-05-20,NetIncomeLoss,2026-08-27
GNRC,operatingCashFlow,2019-03-31,14571000,2019-05-20,NetCashProvidedByUsedInOperatingActivities,2026-08-27
GNRC,operatingIncome,2019-03-31,71173000,2019-05-20,OperatingIncomeLoss,2026-08-27
GNRC,receivables,2019-03-31,284612000,2019-05-20,AccountsReceivableNetCurrent,2026-08-27
GNRC,revenue,2019-03-31,470353000,2019-05-20,RevenueFromContractWithCustomerExcludingAssessedTax,2026-08-27
GNRC,rnd,2019-03-31,13609000,2019-05-20,ResearchAndDevelopmentExpense,2026-08-27
GOOG,assets,2019-03-31,245349000000,2019-05-20,Assets,2026-08-27
GOOG,buybacks,2019-03-31,3025000000,2019-05-20,PaymentsForRepurchaseOfCommonStock,2026-08-27
GOOG,capex,2019-03-31,4638000000,2019-05-20,PaymentsToAcquirePropertyPlantAndEquipment,2026-08-27
GOOG,cash,2019-03-31,19148000000,2019-05-20,CashAndCashEquivalentsAtCarryingValue,2026-08-27
GOOG,debt,2019-03-31,3952000000,2019-05-20,LongTermDebtNoncurrent,2026-08-27
GOOG,equity,2019-03-31,183472000000,2019-05-20,StockholdersEquity,2026-08-27
GOOG,inventory,2019-03-31,1053000000,2019-05-20,InventoryNet,2026-08-27
GOOG,liabilities,2019-03-31,61877000000,2019-05-20,Liabilities,2026-08-27
GOOG,netIncome,2019-03-31,6657000000,2019-05-20,NetIncomeLoss,2026-08-27
GOOG,operatingCashFlow,2019-03-31,12000000000,2019-05-20,NetCashProvidedByUsedInOperatingActivities,2026-08-27
GOOG,operatingIncome,2019-03-31,6608000000,2019-05-20,OperatingIncomeLoss,2026-08-27
GOOG,receivables,2019-03-31,19149000000,2019-05-20,AccountsReceivableNetCurrent,2026-08-27
GOOG,revenue,2019-03-31,36339000000,2019-05-20,Revenues,2026-08-27
GOOG,rnd,2019-03-31,6029000000,2019-05-20,ResearchAndDevelopmentExpense,2026-08-27
GOOG,shares,2019-03-31,694782000,2019-05-20,CommonStockSharesOutstanding,2026-08-27
GPC,assets,2019-03-31,14070530000,2019-05-20,Assets,2026-08-27
GPC,buybacks,2019-03-31,0,2019-05-20,PaymentsForRepurchaseOfCommonStock,2026-08-27
GPC,capex,2019-03-31,45621000,2019-05-20,PaymentsToAcquirePropertyPlantAndEquipment,2026-08-27
GPC,cash,2019-03-31,356925000,2019-05-20,CashAndCashEquivalentsAtCarryingValue,2026-08-27
GPC,debt,2019-03-31,2389244000,2019-05-20,LongTermDebtNoncurrent,2026-08-27
GPC,equity,2019-03-31,3550931000,2019-05-20,StockholdersEquity,2026-08-27
GPC,grossProfit,2019-03-31,1392798000,2019-05-20,GrossProfit,2026-08-27
GPC,inventory,2019-03-31,3684580000,2019-05-20,InventoryNet,2026-08-27
GPC,netIncome,2019-03-31,160250000,2019-05-20,NetIncomeLoss,2026-08-27
GPC,operatingCashFlow,2019-03-31,61730000,2019-05-20,NetCashProvidedByUsedInOperatingActivities,2026-08-27
GPC,revenue,2019-03-31,4259129000,2019-05-20,RevenueFromContractWithCustomerExcludingAssessedTax,2026-08-27
GPC,shares,2019-03-31,146063911,2019-05-20,CommonStockSharesOutstanding,2026-08-27
GPN,assets,2019-03-31,14749621000,2019-05-20,Assets,2026-08-27
GPN,buybacks,2019-03-31,155997000,2019-05-20,PaymentsForRepurchaseOfCommonStock,2026-08-27
GPN,capex,2019-03-31,55123000,2019-05-20,PaymentsToAcquireProductiveAssets,2026-08-27
GPN,cash,2019-03-31,1277633000,2019-05-20,CashAndCashEquivalentsAtCarryingValue,2026-08-27
GPN,debt,2019-03-31,5170377000,2019-05-20,LongTermDebtNoncurrent,2026-08-27
GPN,equity,2019-03-31,3950813000,2019-05-20,StockholdersEquity,2026-08-27
GPN,liabilities,2019-03-31,10607160000,2019-05-20,Liabilities,2026-08-27
GPN,netIncome,2019-03-31,112341000,2019-05-20,NetIncomeLoss,2026-08-27
GPN,operatingCashFlow,2019-03-31,229729000,2019-05-20,NetCashProvidedByUsedInOperatingActivities,2026-08-27
GPN,operatingIncome,2019-03-31,199492000,2019-05-20,OperatingIncomeLoss,2026-08-27
GPN,receivables,2019-03-31,381608000,2019-05-20,AccountsReceivableNetCurrent,2026-08-27
GPN,revenue,2019-03-31,883039000,2019-05-20,RevenueFromContractWithCustomerExcludingAssessedTax,2026-08-27
GPN,shares,2019-03-31,157130438,2019-05-20,CommonStockSharesOutstanding,2026-08-27
GRMN,assets,2019-03-30,5280145000,2019-05-19,Assets,2026-08-27
GRMN,capex,2019-03-30,30094000,2019-05-19,PaymentsToAcquirePropertyPlantAndEquipment,2026-08-27
GRMN,cash,2019-03-30,1115951000,2019-05-19,CashAndCashEquivalentsAtCarryingValue,2026-08-27
GRMN,equity,2019-03-30,4315286000,2019-05-19,StockholdersEquity,2026-08-27
GRMN,grossProfit,2019-03-30,451698000,2019-05-19,GrossProfit,2026-08-27
GRMN,inventory,2019-03-30,598387000,2019-05-19,InventoryNet,2026-08-27
GRMN,netIncome,2019-03-30,140173000,2019-05-19,NetIncomeLoss,2026-08-27
GRMN,operatingCashFlow,2019-03-30,164582000,2019-05-19,NetCashProvidedByUsedInOperatingActivities,2026-08-27
GRMN,operatingIncome,2019-03-30,151383000,2019-05-19,OperatingIncomeLoss,2026-08-27
GRMN,receivables,2019-03-30,453069000,2019-05-19,AccountsReceivableNetCurrent,2026-08-27
GRMN,revenue,2019-03-30,766050000,2019-05-19,RevenueFromContractWithCustomerExcludingAssessedTax,2026-08-27
GRMN,rnd,2019-03-30,145919000,2019-05-19,ResearchAndDevelopmentExpense,2026-08-27
GRMN,shares,2019-03-30,189847,2019-05-19,CommonStockSharesOutstanding,2026-08-27
GS,assets,2019-03-31,925349000000,2019-05-20,Assets,2026-08-27
GS,buybacks,2019-03-31,1250000000,2019-05-20,PaymentsForRepurchaseOfCommonStock,2026-08-27
GS,capex,2019-03-31,2128000000,2019-05-20,PaymentsToAcquirePropertyPlantAndEquipment,2026-08-27
GS,cash,2019-03-31,87884000000,2019-05-20,CashAndCashEquivalentsAtCarryingValue,2026-08-27
GS,debt,2019-03-31,237275000000,2019-05-20,LongTermDebtNoncurrent,2026-08-27
GS,equity,2019-03-31,90273000000,2019-05-20,StockholdersEquity,2026-08-27
GS,liabilities,2019-03-31,835076000000,2019-05-20,Liabilities,2026-08-27
GS,netIncome,2019-03-31,2251000000,2019-05-20,NetIncomeLoss,2026-08-27
GS,operatingCashFlow,2019-03-31,-44368000000,2019-05-20,NetCashProvidedByUsedInOperatingActivities,2026-08-27
GS,shares,2019-03-31,366771581,2019-05-20,CommonStockSharesOutstanding,2026-08-27
GWW,assets,2019-03-31,6014000000,2019-05-20,Assets,2026-08-27
GWW,buybacks,2019-03-31,135000000,2019-05-20,PaymentsForRepurchaseOfCommonStock,2026-08-27
GWW,capex,2019-03-31,60000000,2019-05-20,PaymentsToAcquirePropertyPlantAndEquipment,2026-08-27
GWW,cash,2019-03-31,392000000,2019-05-20,CashAndCashEquivalentsAtCarryingValue,2026-08-27
GWW,debt,2019-03-31,2077000000,2019-05-20,LongTermDebtNoncurrent,2026-08-27
GWW,equity,2019-03-31,1971000000,2019-05-20,StockholdersEquity,2026-08-27
GWW,equityStakes,2019-03-31,-2000000,2019-05-20,PaymentsToAcquireEquityMethodInvestments,2026-08-27
GWW,grossProfit,2019-03-31,1095000000,2019-05-20,GrossProfit,2026-08-27
GWW,inventory,2019-03-31,1523000000,2019-05-20,InventoryNet,2026-08-27
GWW,netIncome,2019-03-31,253000000,2019-05-20,NetIncomeLoss,2026-08-27
GWW,operatingCashFlow,2019-03-31,127000000,2019-05-20,NetCashProvidedByUsedInOperatingActivities,2026-08-27
GWW,operatingIncome,2019-03-31,363000000,2019-05-20,OperatingIncomeLoss,2026-08-27
GWW,receivables,2019-03-31,1485000000,2019-05-20,AccountsReceivableNetCurrent,2026-08-27
GWW,revenue,2019-03-31,2799000000,2019-05-20,RevenueFromContractWithCustomerExcludingAssessedTax,2026-08-27
HAL,assets,2019-03-31,26989000000,2019-05-20,Assets,2026-08-27
HAL,buybacks,2019-03-31,0,2019-05-20,PaymentsForRepurchaseOfCommonStock,2026-08-27
HAL,capex,2019-03-31,437000000,2019-05-20,PaymentsToAcquireProductiveAssets,2026-08-27
HAL,equity,2019-03-31,9605000000,2019-05-20,StockholdersEquity,2026-08-27
HAL,inventory,2019-03-31,3264000000,2019-05-20,InventoryNet,2026-08-27
HAL,liabilities,2019-03-31,17364000000,2019-05-20,Liabilities,2026-08-27
HAL,netIncome,2019-03-31,152000000,2019-05-20,NetIncomeLoss,2026-08-27
HAL,operatingCashFlow,2019-03-31,-44000000,2019-05-20,NetCashProvidedByUsedInOperatingActivities,2026-08-27
HAL,operatingIncome,2019-03-31,365000000,2019-05-20,OperatingIncomeLoss,2026-08-27
HAS,assets,2019-03-31,4934773000,2019-05-20,Assets,2026-08-27
HAS,buybacks,2019-03-31,47479000,2019-05-20,PaymentsForRepurchaseOfCommonStock,2026-08-27
HAS,capex,2019-03-31,25201000,2019-05-20,PaymentsToAcquirePropertyPlantAndEquipment,2026-08-27
HAS,cash,2019-03-31,1196634000,2019-05-20,CashAndCashEquivalentsAtCarryingValue,2026-08-27
HAS,debt,2019-03-31,1695462000,2019-05-20,LongTermDebtNoncurrent,2026-08-27
HAS,equity,2019-03-31,1654531000,2019-05-20,StockholdersEquity,2026-08-27
HAS,inventory,2019-03-31,491751000,2019-05-20,InventoryNet,2026-08-27
HAS,liabilities,2019-03-31,3280242000,2019-05-20,Liabilities,2026-08-27
HAS,netIncome,2019-03-31,26727000,2019-05-20,NetIncomeLoss,2026-08-27
HAS,operatingCashFlow,2019-03-31,264494000,2019-05-20,NetCashProvidedByUsedInOperatingActivities,2026-08-27
HAS,operatingIncome,2019-03-31,36127000,2019-05-20,OperatingIncomeLoss,2026-08-27
HAS,receivables,2019-03-31,638417000,2019-05-20,AccountsReceivableNetCurrent,2026-08-27
HAS,revenue,2019-03-31,732510000,2019-05-20,Revenues,2026-08-27
HAS,rnd,2019-03-31,56260000,2019-05-20,ResearchAndDevelopmentExpense,2026-08-27
HBAN,assets,2019-03-31,108203000000,2019-05-20,Assets,2026-08-27
HBAN,buybacks,2019-03-31,25000000,2019-05-20,PaymentsForRepurchaseOfCommonStock,2026-08-27
HBAN,capex,2019-03-31,24000000,2019-05-20,PaymentsToAcquirePropertyPlantAndEquipment,2026-08-27
HBAN,cash,2019-03-31,1336000000,2019-05-20,CashAndCashEquivalentsAtCarryingValue,2026-08-27
HBAN,debt,2019-03-31,9400000000,2019-05-20,LongTermDebt,2026-08-27
HBAN,equity,2019-03-31,11432000000,2019-05-20,StockholdersEquity,2026-08-27
HBAN,liabilities,2019-03-31,96771000000,2019-05-20,Liabilities,2026-08-27
HBAN,netIncome,2019-03-31,358000000,2019-05-20,NetIncomeLoss,2026-08-27
HBAN,operatingCashFlow,2019-03-31,497000000,2019-05-20,NetCashProvidedByUsedInOperatingActivities,2026-08-27
HBAN,revenue,2019-03-31,222000000,2019-05-20,RevenueFromContractWithCustomerExcludingAssessedTax,2026-08-27
HBAN,shares,2019-03-31,1046440116,2019-05-20,CommonStockSharesOutstanding,2026-08-27
HCA,assets,2019-03-31,43379000000,2019-05-20,Assets,2026-08-27
HCA,buybacks,2019-03-31,278000000,2019-05-20,PaymentsForRepurchaseOfCommonStock,2026-08-27
HCA,capex,2019-03-31,781000000,2019-05-20,PaymentsToAcquirePropertyPlantAndEquipment,2026-08-27
HCA,cash,2019-03-31,531000000,2019-05-20,CashAndCashEquivalentsAtCarryingValue,2026-08-27
HCA,debt,2019-03-31,31019000000,2019-05-20,LongTermDebtNoncurrent,2026-08-27
HCA,equity,2019-03-31,-4354000000,2019-05-20,StockholdersEquity,2026-08-27
HCA,inventory,2019-03-31,1778000000,2019-05-20,InventoryNet,2026-08-27
HCA,liabilities,2019-03-31,45634000000,2019-05-20,Liabilities,2026-08-27
HCA,netIncome,2019-03-31,1039000000,2019-05-20,NetIncomeLoss,2026-08-27
HCA,operatingCashFlow,2019-03-31,974000000,2019-05-20,NetCashProvidedByUsedInOperatingActivities,2026-08-27
HCA,receivables,2019-03-31,7420000000,2019-05-20,AccountsReceivableNetCurrent,2026-08-27
HCA,shares,2019-03-31,343030500,2019-05-20,CommonStockSharesOutstanding,2026-08-27
HD,assets,2019-02-03,44003000000,2019-04-29,Assets,2026-08-27
HD,cash,2019-02-03,1778000000,2019-04-29,CashAndCashEquivalentsAtCarryingValue,2026-08-27
HD,equity,2019-02-03,-1878000000,2019-04-29,StockholdersEquity,2026-08-27
HD,grossProfit,2019-02-03,9027000000,2019-04-29,GrossProfit,2026-08-27
HD,inventory,2019-02-03,13925000000,2019-04-29,InventoryNet,2026-08-27
HD,liabilities,2019-02-03,45881000000,2019-04-29,Liabilities,2026-08-27
HD,netIncome,2019-02-03,2344000000,2019-04-29,NetIncomeLoss,2026-08-27
HD,receivables,2019-02-03,1936000000,2019-04-29,AccountsReceivableNetCurrent,2026-08-27
HD,revenue,2019-02-03,26491000000,2019-04-29,RevenueFromContractWithCustomerExcludingAssessedTax,2026-08-27
HD,shares,2019-02-03,1105000000,2019-04-29,CommonStockSharesOutstanding,2026-08-27
HIG,assets,2019-03-31,63324000000,2019-05-20,Assets,2026-08-27
HIG,buybacks,2019-03-31,0,2019-05-20,PaymentsForRepurchaseOfCommonStock,2026-08-27
HIG,capex,2019-03-31,20000000,2019-05-20,PaymentsToAcquirePropertyPlantAndEquipment,2026-08-27
HIG,debt,2019-03-31,3767000000,2019-05-20,LongTermDebt,2026-08-27
HIG,equity,2019-03-31,14340000000,2019-05-20,StockholdersEquity,2026-08-27
HIG,liabilities,2019-03-31,48984000000,2019-05-20,Liabilities,2026-08-27
HIG,netIncome,2019-03-31,630000000,2019-05-20,NetIncomeLoss,2026-08-27
HIG,operatingCashFlow,2019-03-31,279000000,2019-05-20,NetCashProvidedByUsedInOperatingActivities,2026-08-27
HIG,revenue,2019-03-31,4940000000,2019-05-20,Revenues,2026-08-27
HII,assets,2019-03-31,7000000000,2019-05-20,Assets,2026-08-27
HII,buybacks,2019-03-31,84000000,2019-05-20,PaymentsForRepurchaseOfCommonStock,2026-08-27
HII,capex,2019-03-31,110000000,2019-05-20,PaymentsToAcquirePropertyPlantAndEquipment,2026-08-27
HII,cash,2019-03-31,51000000,2019-05-20,CashAndCashEquivalentsAtCarryingValue,2026-08-27
HII,debt,2019-03-31,1496000000,2019-05-20,LongTermDebtNoncurrent,2026-08-27
HII,liabilities,2019-03-31,5437000000,2019-05-20,Liabilities,2026-08-27
HII,netIncome,2019-03-31,118000000,2019-05-20,NetIncomeLoss,2026-08-27
HII,operatingCashFlow,2019-03-31,11000000,2019-05-20,NetCashProvidedByUsedInOperatingActivities,2026-08-27
HII,operatingIncome,2019-03-31,161000000,2019-05-20,OperatingIncomeLoss,2026-08-27
HII,receivables,2019-03-31,375000000,2019-05-20,AccountsReceivableNetCurrent,2026-08-27
HII,revenue,2019-03-31,2080000000,2019-05-20,Revenues,2026-08-27
HII,shares,2019-03-31,41600000,2019-05-20,CommonStockSharesOutstanding,2026-08-27
HLT,assets,2019-03-31,14853000000,2019-05-20,Assets,2026-08-27
HLT,buybacks,2019-03-31,296000000,2019-05-20,PaymentsForRepurchaseOfCommonStock,2026-08-27
HLT,capex,2019-03-31,23000000,2019-05-20,PaymentsToAcquirePropertyPlantAndEquipment,2026-08-27
HLT,cash,2019-03-31,382000000,2019-05-20,CashAndCashEquivalentsAtCarryingValue,2026-08-27
HLT,equity,2019-03-31,100000000,2019-05-20,StockholdersEquity,2026-08-27
HLT,liabilities,2019-03-31,14745000000,2019-05-20,Liabilities,2026-08-27
HLT,netIncome,2019-03-31,158000000,2019-05-20,NetIncomeLoss,2026-08-27
HLT,operatingCashFlow,2019-03-31,364000000,2019-05-20,NetCashProvidedByUsedInOperatingActivities,2026-08-27
HLT,operatingIncome,2019-03-31,312000000,2019-05-20,OperatingIncomeLoss,2026-08-27
HLT,receivables,2019-03-31,1102000000,2019-05-20,AccountsReceivableNetCurrent,2026-08-27
HLT,revenue,2019-03-31,2204000000,2019-05-20,RevenueFromContractWithCustomerExcludingAssessedTax,2026-08-27
HLT,shares,2019-03-31,291720450,2019-05-20,CommonStockSharesOutstanding,2026-08-27
HON,assets,2019-03-31,58560000000,2019-05-20,Assets,2026-08-27
HON,buybacks,2019-03-31,750000000,2019-05-20,PaymentsForRepurchaseOfCommonStock,2026-08-27
HON,capex,2019-03-31,141000000,2019-05-20,PaymentsToAcquirePropertyPlantAndEquipment,2026-08-27
HON,cash,2019-03-31,8625000000,2019-05-20,CashAndCashEquivalentsAtCarryingValue,2026-08-27
HON,debt,2019-03-31,12598000000,2019-05-20,LongTermDebt,2026-08-27
HON,equity,2019-03-31,18767000000,2019-05-20,StockholdersEquity,2026-08-27
HON,grossProfit,2019-03-31,3005000000,2019-05-20,GrossProfit,2026-08-27
HON,inventory,2019-03-31,4548000000,2019-05-20,InventoryNet,2026-08-27
HON,netIncome,2019-03-31,1416000000,2019-05-20,NetIncomeLoss,2026-08-27
HON,operatingCashFlow,2019-03-31,1134000000,2019-05-20,NetCashProvidedByUsedInOperatingActivities,2026-08-27
HON,receivables,2019-03-31,7307000000,2019-05-20,AccountsReceivableNetCurrent,2026-08-27
HON,revenue,2019-03-31,8884000000,2019-05-20,RevenueFromContractWithCustomerExcludingAssessedTax,2026-08-27
HON,shares,2019-03-31,727700000,2019-05-20,CommonStockSharesOutstanding,2026-08-27
HPE,assets,2019-01-31,51758000000,2019-04-26,Assets,2026-08-27
HPE,buybacks,2019-01-31,814000000,2019-04-26,PaymentsForRepurchaseOfCommonStock,2026-08-27
HPE,capex,2019-01-31,729000000,2019-04-26,PaymentsToAcquireProductiveAssets,2026-08-27
HPE,cash,2019-01-31,3781000000,2019-04-26,CashAndCashEquivalentsAtCarryingValue,2026-08-27
HPE,equity,2019-01-31,18293000000,2019-04-26,StockholdersEquity,2026-08-27
HPE,inventory,2019-01-31,2300000000,2019-04-26,InventoryNet,2026-08-27
HPE,netIncome,2019-01-31,177000000,2019-04-26,NetIncomeLoss,2026-08-27
HPE,operatingCashFlow,2019-01-31,382000000,2019-04-26,NetCashProvidedByUsedInOperatingActivities,2026-08-27
HPE,operatingIncome,2019-01-31,456000000,2019-04-26,OperatingIncomeLoss,2026-08-27
HPE,receivables,2019-01-31,3183000000,2019-04-26,AccountsReceivableNetCurrent,2026-08-27
HPE,revenue,2019-01-31,7553000000,2019-04-26,Revenues,2026-08-27
HPE,rnd,2019-01-31,466000000,2019-04-26,ResearchAndDevelopmentExpense,2026-08-27
HPE,shares,2019-01-31,1378000000,2019-04-26,CommonStockSharesOutstanding,2026-08-27
HPQ,assets,2019-01-31,32490000000,2019-04-26,Assets,2026-08-27
HPQ,buybacks,2019-01-31,720000000,2019-04-26,PaymentsForRepurchaseOfCommonStock,2026-08-27
HPQ,capex,2019-01-31,189000000,2019-04-26,PaymentsToAcquireProductiveAssets,2026-08-27
HPQ,cash,2019-01-31,3367000000,2019-04-26,CashAndCashEquivalentsAtCarryingValue,2026-08-27
HPQ,equity,2019-01-31,-1837000000,2019-04-26,StockholdersEquity,2026-08-27
HPQ,inventory,2019-01-31,5649000000,2019-04-26,InventoryNet,2026-08-27
HPQ,netIncome,2019-01-31,803000000,2019-04-26,NetIncomeLoss,2026-08-27
HPQ,operatingCashFlow,2019-01-31,862000000,2019-04-26,NetCashProvidedByUsedInOperatingActivities,2026-08-27
HPQ,operatingIncome,2019-01-31,926000000,2019-04-26,OperatingIncomeLoss,2026-08-27
HPQ,receivables,2019-01-31,5113000000,2019-04-26,AccountsReceivableNetCurrent,2026-08-27
HPQ,revenue,2019-01-31,14710000000,2019-04-26,Revenues,2026-08-27
HPQ,rnd,2019-01-31,344000000,2019-04-26,ResearchAndDevelopmentExpense,2026-08-27
HPQ,shares,2019-01-31,1539000000,2019-04-26,CommonStockSharesOutstanding,2026-08-27
HRL,assets,2019-01-27,8155398000,2019-04-22,Assets,2026-08-27
HRL,buybacks,2019-01-27,44809000,2019-04-22,PaymentsForRepurchaseOfCommonStock,2026-08-27
HRL,capex,2019-01-27,39430000,2019-04-22,PaymentsToAcquirePropertyPlantAndEquipment,2026-08-27
HRL,cash,2019-01-27,512689000,2019-04-22,CashAndCashEquivalentsAtCarryingValue,2026-08-27
HRL,debt,2019-01-27,250000000,2019-04-22,LongTermDebtNoncurrent,2026-08-27
HRL,equity,2019-01-27,5701709000,2019-04-22,StockholdersEquity,2026-08-27
HRL,grossProfit,2019-01-27,488334000,2019-04-22,GrossProfit,2026-08-27
HRL,inventory,2019-01-27,994428000,2019-04-22,InventoryNet,2026-08-27
HRL,netIncome,2019-01-27,241425000,2019-04-22,NetIncomeLoss,2026-08-27
HRL,operatingCashFlow,2019-01-27,187425000,2019-04-22,NetCashProvidedByUsedInOperatingActivities,2026-08-27
HRL,operatingIncome,2019-01-27,306248000,2019-04-22,OperatingIncomeLoss,2026-08-27
HRL,receivables,2019-01-27,565060000,2019-04-22,AccountsReceivableNetCurrent,2026-08-27
HSIC,assets,2019-03-30,7144864000,2019-05-19,Assets,2026-08-27
HSIC,buybacks,2019-03-30,150000000,2019-05-19,PaymentsForRepurchaseOfCommonStock,2026-08-27
HSIC,capex,2019-03-30,15918000,2019-05-19,PaymentsToAcquireProductiveAssets,2026-08-27
HSIC,cash,2019-03-30,88115000,2019-05-19,CashAndCashEquivalentsAtCarryingValue,2026-08-27
HSIC,equity,2019-03-30,2796922000,2019-05-19,StockholdersEquity,2026-08-27
HSIC,grossProfit,2019-03-30,751690000,2019-05-19,GrossProfit,2026-08-27
HSIC,inventory,2019-03-30,1370376000,2019-05-19,InventoryNet,2026-08-27
HSIC,liabilities,2019-03-30,3443491000,2019-05-19,Liabilities,2026-08-27
HSIC,netIncome,2019-03-30,109783000,2019-05-19,NetIncomeLoss,2026-08-27
HSIC,operatingCashFlow,2019-03-30,-33739000,2019-05-19,NetCashProvidedByUsedInOperatingActivities,2026-08-27
HSIC,operatingIncome,2019-03-30,172441000,2019-05-19,OperatingIncomeLoss,2026-08-27
HSIC,receivables,2019-03-30,1193054000,2019-05-19,AccountsReceivableNetCurrent,2026-08-27
HSIC,revenue,2019-03-30,2360268000,2019-05-19,RevenueFromContractWithCustomerExcludingAssessedTax,2026-08-27
HSIC,shares,2019-03-30,148996092,2019-05-19,CommonStockSharesOutstanding,2026-08-27
HST,assets,2019-03-31,12577000000,2019-05-20,Assets,2026-08-27
HST,capex,2019-03-31,58000000,2019-05-20,PaymentsToAcquireProductiveAssets,2026-08-27
HST,cash,2019-03-31,1082000000,2019-05-20,CashAndCashEquivalentsAtCarryingValue,2026-08-27
HST,equity,2019-03-31,7513000000,2019-05-20,StockholdersEquity,2026-08-27
HST,liabilities,2019-03-31,4910000000,2019-05-20,Liabilities,2026-08-27
HST,netIncome,2019-03-31,186000000,2019-05-20,NetIncomeLoss,2026-08-27
HST,operatingCashFlow,2019-03-31,207000000,2019-05-20,NetCashProvidedByUsedInOperatingActivities,2026-08-27
HST,operatingIncome,2019-03-31,216000000,2019-05-20,OperatingIncomeLoss,2026-08-27
HST,revenue,2019-03-31,1390000000,2019-05-20,RevenueFromContractWithCustomerExcludingAssessedTax,2026-08-27
HST,shares,2019-03-31,740900000,2019-05-20,CommonStockSharesOutstanding,2026-08-27
HSY,assets,2019-03-31,7857376000,2019-05-20,Assets,2026-08-27
HSY,buybacks,2019-03-31,198500000,2019-05-20,PaymentsForRepurchaseOfCommonStock,2026-08-27
HSY,capex,2019-03-31,92814000,2019-05-20,PaymentsToAcquirePropertyPlantAndEquipment,2026-08-27
HSY,cash,2019-03-31,465965000,2019-05-20,CashAndCashEquivalentsAtCarryingValue,2026-08-27
HSY,debt,2019-03-31,3236317000,2019-05-20,LongTermDebtNoncurrent,2026-08-27
HSY,equity,2019-03-31,1414737000,2019-05-20,StockholdersEquity,2026-08-27
HSY,equityStakes,2019-03-31,18884000,2019-05-20,PaymentsToAcquireEquityMethodInvestments,2026-08-27
HSY,grossProfit,2019-03-31,892504000,2019-05-20,GrossProfit,2026-08-27
HSY,inventory,2019-03-31,791289000,2019-05-20,InventoryNet,2026-08-27
HSY,liabilities,2019-03-31,6434016000,2019-05-20,Liabilities,2026-08-27
HSY,netIncome,2019-03-31,304358000,2019-05-20,NetIncomeLoss,2026-08-27
HSY,operatingCashFlow,2019-03-31,329960000,2019-05-20,NetCashProvidedByUsedInOperatingActivities,2026-08-27
HSY,operatingIncome,2019-03-31,438869000,2019-05-20,OperatingIncomeLoss,2026-08-27
HSY,receivables,2019-03-31,694136000,2019-05-20,AccountsReceivableNetCurrent,2026-08-27
HSY,revenue,2019-03-31,2016488000,2019-05-20,Revenues,2026-08-27
HUBB,assets,2019-03-31,4976100000,2019-05-20,Assets,2026-08-27
HUBB,buybacks,2019-03-31,10000000,2019-05-20,PaymentsForRepurchaseOfCommonStock,2026-08-27
HUBB,capex,2019-03-31,23300000,2019-05-20,PaymentsToAcquireProductiveAssets,2026-08-27
HUBB,cash,2019-03-31,205300000,2019-05-20,CashAndCashEquivalentsAtCarryingValue,2026-08-27
HUBB,debt,2019-03-31,1731500000,2019-05-20,LongTermDebtNoncurrent,2026-08-27
HUBB,equity,2019-03-31,1808100000,2019-05-20,StockholdersEquity,2026-08-27
HUBB,grossProfit,2019-03-31,307300000,2019-05-20,GrossProfit,2026-08-27
HUBB,inventory,2019-03-31,663000000,2019-05-20,InventoryNet,2026-08-27
HUBB,liabilities,2019-03-31,3149200000,2019-05-20,Liabilities,2026-08-27
HUBB,netIncome,2019-03-31,72300000,2019-05-20,NetIncomeLoss,2026-08-27
HUBB,operatingCashFlow,2019-03-31,78100000,2019-05-20,NetCashProvidedByUsedInOperatingActivities,2026-08-27
HUBB,operatingIncome,2019-03-31,120900000,2019-05-20,OperatingIncomeLoss,2026-08-27
HUBB,revenue,2019-03-31,1087300000,2019-05-20,RevenueFromContractWithCustomerExcludingAssessedTax,2026-08-27
HUM,assets,2019-03-31,28349000000,2019-05-20,Assets,2026-08-27
HUM,buybacks,2019-03-31,10000000,2019-05-20,PaymentsForRepurchaseOfCommonStock,2026-08-27
HUM,capex,2019-03-31,139000000,2019-05-20,PaymentsToAcquirePropertyPlantAndEquipment,2026-08-27
HUM,cash,2019-03-31,3877000000,2019-05-20,CashAndCashEquivalentsAtCarryingValue,2026-08-27
HUM,debt,2019-03-31,4376000000,2019-05-20,LongTermDebtNoncurrent,2026-08-27
HUM,equity,2019-03-31,10841000000,2019-05-20,StockholdersEquity,2026-08-27
HUM,liabilities,2019-03-31,17508000000,2019-05-20,Liabilities,2026-08-27
HUM,netIncome,2019-03-31,566000000,2019-05-20,NetIncomeLoss,2026-08-27
HUM,operatingCashFlow,2019-03-31,896000000,2019-05-20,NetCashProvidedByUsedInOperatingActivities,2026-08-27
HUM,operatingIncome,2019-03-31,847000000,2019-05-20,OperatingIncomeLoss,2026-08-27
HUM,revenue,2019-03-31,16107000000,2019-05-20,Revenues,2026-08-27
HWM,assets,2019-03-31,18361000000,2019-05-20,Assets,2026-08-27
HWM,buybacks,2019-03-31,700000000,2019-05-20,PaymentsForRepurchaseOfCommonStock,2026-08-27
HWM,capex,2019-03-31,168000000,2019-05-20,PaymentsToAcquirePropertyPlantAndEquipment,2026-08-27
HWM,cash,2019-03-31,1319000000,2019-05-20,CashAndCashEquivalentsAtCarryingValue,2026-08-27
HWM,debt,2019-03-31,5899000000,2019-05-20,LongTermDebtNoncurrent,2026-08-27
HWM,equity,2019-03-31,5166000000,2019-05-20,StockholdersEquity,2026-08-27
HWM,inventory,2019-03-31,2612000000,2019-05-20,InventoryNet,2026-08-27
HWM,liabilities,2019-03-31,13183000000,2019-05-20,Liabilities,2026-08-27
HWM,netIncome,2019-03-31,187000000,2019-05-20,NetIncomeLoss,2026-08-27
HWM,operatingCashFlow,2019-03-31,-258000000,2019-05-20,NetCashProvidedByUsedInOperatingActivities,2026-08-27
HWM,operatingIncome,2019-03-31,374000000,2019-05-20,OperatingIncomeLoss,2026-08-27
HWM,receivables,2019-03-31,1170000000,2019-05-20,AccountsReceivableNetCurrent,2026-08-27
HWM,revenue,2019-03-31,3541000000,2019-05-20,Revenues,2026-08-27
HWM,rnd,2019-03-31,22000000,2019-05-20,ResearchAndDevelopmentExpense,2026-08-27
HWM,shares,2019-03-31,453000000,2019-05-20,CommonStockSharesOutstanding,2026-08-27
IBKR,assets,2019-03-31,63526000000,2019-05-20,Assets,2026-08-27
IBKR,cash,2019-03-31,2546000000,2019-05-20,CashAndCashEquivalentsAtCarryingValue,2026-08-27
IBKR,equity,2019-03-31,1325000000,2019-05-20,StockholdersEquity,2026-08-27
IBKR,liabilities,2019-03-31,56100000000,2019-05-20,Liabilities,2026-08-27
IBKR,operatingCashFlow,2019-03-31,603000000,2019-05-20,NetCashProvidedByUsedInOperatingActivities,2026-08-27
IBKR,revenue,2019-03-31,720000000,2019-05-20,Revenues,2026-08-27
IBM,assets,2019-03-31,130926000000,2019-05-20,Assets,2026-08-27
IBM,buybacks,2019-03-31,920000000,2019-05-20,PaymentsForRepurchaseOfCommonStock,2026-08-27
IBM,capex,2019-03-31,539000000,2019-05-20,PaymentsToAcquirePropertyPlantAndEquipment,2026-08-27
IBM,cash,2019-03-31,17134000000,2019-05-20,CashAndCashEquivalentsAtCarryingValue,2026-08-27
IBM,debt,2019-03-31,39727000000,2019-05-20,LongTermDebtNoncurrent,2026-08-27
IBM,equity,2019-03-31,16481000000,2019-05-20,StockholdersEquity,2026-08-27
IBM,grossProfit,2019-03-31,8043000000,2019-05-20,GrossProfit,2026-08-27
IBM,inventory,2019-03-31,1771000000,2019-05-20,InventoryNet,2026-08-27
IBM,liabilities,2019-03-31,114320000000,2019-05-20,Liabilities,2026-08-27
IBM,netIncome,2019-03-31,1591000000,2019-05-20,NetIncomeLoss,2026-08-27
IBM,operatingCashFlow,2019-03-31,4759000000,2019-05-20,NetCashProvidedByUsedInOperatingActivities,2026-08-27
IBM,receivables,2019-03-31,6987000000,2019-05-20,AccountsReceivableNetCurrent,2026-08-27
IBM,revenue,2019-03-31,18182000000,2019-05-20,Revenues,2026-08-27
IBM,rnd,2019-03-31,1433000000,2019-05-20,ResearchAndDevelopmentExpense,2026-08-27
ICE,assets,2019-03-31,93857000000,2019-05-20,Assets,2026-08-27
ICE,buybacks,2019-03-31,440000000,2019-05-20,PaymentsForRepurchaseOfCommonStock,2026-08-27
ICE,capex,2019-03-31,26000000,2019-05-20,PaymentsToAcquirePropertyPlantAndEquipment,2026-08-27
ICE,cash,2019-03-31,653000000,2019-05-20,CashAndCashEquivalentsAtCarryingValue,2026-08-27
ICE,debt,2019-03-31,6492000000,2019-05-20,LongTermDebtNoncurrent,2026-08-27
ICE,equity,2019-03-31,17106000000,2019-05-20,StockholdersEquity,2026-08-27
ICE,liabilities,2019-03-31,76656000000,2019-05-20,Liabilities,2026-08-27
ICE,netIncome,2019-03-31,484000000,2019-05-20,NetIncomeLoss,2026-08-27
ICE,operatingCashFlow,2019-03-31,654000000,2019-05-20,NetCashProvidedByUsedInOperatingActivities,2026-08-27
ICE,operatingIncome,2019-03-31,665000000,2019-05-20,OperatingIncomeLoss,2026-08-27
ICE,receivables,2019-03-31,1181000000,2019-05-20,AccountsReceivableNetCurrent,2026-08-27
ICE,revenue,2019-03-31,1583000000,2019-05-20,RevenueFromContractWithCustomerExcludingAssessedTax,2026-08-27
ICE,shares,2019-03-31,565000000,2019-05-20,CommonStockSharesOutstanding,2026-08-27
IDXX,assets,2019-03-31,1680968000,2019-05-20,Assets,2026-08-27
IDXX,buybacks,2019-03-31,54302000,2019-05-20,PaymentsForRepurchaseOfCommonStock,2026-08-27
IDXX,capex,2019-03-31,38206000,2019-05-20,PaymentsToAcquirePropertyPlantAndEquipment,2026-08-27
IDXX,cash,2019-03-31,116616000,2019-05-20,CashAndCashEquivalentsAtCarryingValue,2026-08-27
IDXX,equity,2019-03-31,51562000,2019-05-20,StockholdersEquity,2026-08-27
IDXX,grossProfit,2019-03-31,331597000,2019-05-20,GrossProfit,2026-08-27
IDXX,inventory,2019-03-31,189468000,2019-05-20,InventoryNet,2026-08-27
IDXX,liabilities,2019-03-31,1629098000,2019-05-20,Liabilities,2026-08-27
IDXX,netIncome,2019-03-31,102681000,2019-05-20,NetIncomeLoss,2026-08-27
IDXX,operatingCashFlow,2019-03-31,34378000,2019-05-20,NetCashProvidedByUsedInOperatingActivities,2026-08-27
IDXX,operatingIncome,2019-03-31,133138000,2019-05-20,OperatingIncomeLoss,2026-08-27
IDXX,receivables,2019-03-31,281159000,2019-05-20,AccountsReceivableNetCurrent,2026-08-27
IDXX,revenue,2019-03-31,576056000,2019-05-20,RevenueFromContractWithCustomerExcludingAssessedTax,2026-08-27
IDXX,rnd,2019-03-31,31514000,2019-05-20,ResearchAndDevelopmentExpense,2026-08-27
IDXX,shares,2019-03-31,86054000,2019-05-20,CommonStockSharesOutstanding,2026-08-27
IEX,assets,2019-03-31,3551460000,2019-05-20,Assets,2026-08-27
IEX,buybacks,2019-03-31,50797000,2019-05-20,PaymentsForRepurchaseOfCommonStock,2026-08-27
IEX,capex,2019-03-31,12875000,2019-05-20,PaymentsToAcquirePropertyPlantAndEquipment,2026-08-27
IEX,cash,2019-03-31,456130000,2019-05-20,CashAndCashEquivalentsAtCarryingValue,2026-08-27
IEX,debt,2019-03-31,848437000,2019-05-20,LongTermDebtNoncurrent,2026-08-27
IEX,equity,2019-03-31,2055232000,2019-05-20,StockholdersEquity,2026-08-27
IEX,grossProfit,2019-03-31,283834000,2019-05-20,GrossProfit,2026-08-27
IEX,inventory,2019-03-31,298327000,2019-05-20,InventoryNet,2026-08-27
IEX,liabilities,2019-03-31,1496228000,2019-05-20,Liabilities,2026-08-27
IEX,netIncome,2019-03-31,110268000,2019-05-20,NetIncomeLoss,2026-08-27
IEX,operatingCashFlow,2019-03-31,88663000,2019-05-20,NetCashProvidedByUsedInOperatingActivities,2026-08-27
IEX,operatingIncome,2019-03-31,147782000,2019-05-20,OperatingIncomeLoss,2026-08-27
IEX,receivables,2019-03-31,335803000,2019-05-20,AccountsReceivableNetCurrent,2026-08-27
IEX,revenue,2019-03-31,622231000,2019-05-20,Revenues,2026-08-27
IFF,assets,2019-03-31,13211420000,2019-05-20,Assets,2026-08-27
IFF,buybacks,2019-03-31,0,2019-05-20,PaymentsForRepurchaseOfCommonStock,2026-08-27
IFF,capex,2019-03-31,57609000,2019-05-20,PaymentsToAcquirePropertyPlantAndEquipment,2026-08-27
IFF,cash,2019-03-31,483504000,2019-05-20,CashAndCashEquivalentsAtCarryingValue,2026-08-27
IFF,debt,2019-03-31,4421430000,2019-05-20,LongTermDebtNoncurrent,2026-08-27
IFF,equity,2019-03-31,6143211000,2019-05-20,StockholdersEquity,2026-08-27
IFF,grossProfit,2019-03-31,531259000,2019-05-20,GrossProfit,2026-08-27
IFF,inventory,2019-03-31,1114488000,2019-05-20,InventoryNet,2026-08-27
IFF,netIncome,2019-03-31,108829000,2019-05-20,NetIncomeLoss,2026-08-27
IFF,operatingCashFlow,2019-03-31,47232000,2019-05-20,NetCashProvidedByUsedInOperatingActivities,2026-08-27
IFF,operatingIncome,2019-03-31,163870000,2019-05-20,OperatingIncomeLoss,2026-08-27
IFF,revenue,2019-03-31,1297402000,2019-05-20,Revenues,2026-08-27
IFF,rnd,2019-03-31,90596000,2019-05-20,ResearchAndDevelopmentExpense,2026-08-27
IFF,shares,2019-03-31,106646581,2019-05-20,CommonStockSharesOutstanding,2026-08-27
INCY,assets,2019-03-31,2754161000,2019-05-20,Assets,2026-08-27
INCY,capex,2019-03-31,18267000,2019-05-20,PaymentsToAcquireProductiveAssets,2026-08-27
INCY,cash,2019-03-31,1299704000,2019-05-20,CashAndCashEquivalentsAtCarryingValue,2026-08-27
INCY,equity,2019-03-31,2085567000,2019-05-20,StockholdersEquity,2026-08-27
INCY,inventory,2019-03-31,7129000,2019-05-20,InventoryNet,2026-08-27
INCY,liabilities,2019-03-31,668594000,2019-05-20,Liabilities,2026-08-27
INCY,netIncome,2019-03-31,102312000,2019-05-20,NetIncomeLoss,2026-08-27
INCY,operatingCashFlow,2019-03-31,155663000,2019-05-20,NetCashProvidedByUsedInOperatingActivities,2026-08-27
INCY,operatingIncome,2019-03-31,74070000,2019-05-20,OperatingIncomeLoss,2026-08-27
INCY,revenue,2019-03-31,497857000,2019-05-20,Revenues,2026-08-27
INCY,rnd,2019-03-31,270545000,2019-05-20,ResearchAndDevelopmentExpense,2026-08-27
INCY,shares,2019-03-31,214320605,2019-05-20,CommonStockSharesOutstanding,2026-08-27
INTC,assets,2019-03-30,129458000000,2019-05-19,Assets,2026-08-27
INTC,buybacks,2019-03-30,2530000000,2019-05-19,PaymentsForRepurchaseOfCommonStock,2026-08-27
INTC,capex,2019-03-30,3321000000,2019-05-19,PaymentsToAcquirePropertyPlantAndEquipment,2026-08-27
INTC,cash,2019-03-30,3154000000,2019-05-19,CashAndCashEquivalentsAtCarryingValue,2026-08-27
INTC,debt,2019-03-30,25737000000,2019-05-19,LongTermDebtNoncurrent,2026-08-27
INTC,equity,2019-03-30,73661000000,2019-05-19,StockholdersEquity,2026-08-27
INTC,grossProfit,2019-03-30,9089000000,2019-05-19,GrossProfit,2026-08-27
INTC,inventory,2019-03-30,7765000000,2019-05-19,InventoryNet,2026-08-27
INTC,netIncome,2019-03-30,3974000000,2019-05-19,NetIncomeLoss,2026-08-27
INTC,operatingCashFlow,2019-03-30,4959000000,2019-05-19,NetCashProvidedByUsedInOperatingActivities,2026-08-27
INTC,operatingIncome,2019-03-30,4174000000,2019-05-19,OperatingIncomeLoss,2026-08-27
INTC,receivables,2019-03-30,6957000000,2019-05-19,AccountsReceivableNetCurrent,2026-08-27
INTC,revenue,2019-03-30,16061000000,2019-05-19,RevenueFromContractWithCustomerExcludingAssessedTax,2026-08-27
INTC,rnd,2019-03-30,3332000000,2019-05-19,ResearchAndDevelopmentExpense,2026-08-27
INTC,shares,2019-03-30,4477000000,2019-05-19,CommonStockSharesOutstanding,2026-08-27
INTU,assets,2019-01-31,5335000000,2019-04-26,Assets,2026-08-27
INTU,cash,2019-01-31,1075000000,2019-04-26,CashAndCashEquivalentsAtCarryingValue,2026-08-27
INTU,debt,2019-01-31,363000000,2019-04-26,LongTermDebt,2026-08-27
INTU,equity,2019-01-31,2796000000,2019-04-26,StockholdersEquity,2026-08-27
INTU,liabilities,2019-01-31,2539000000,2019-04-26,Liabilities,2026-08-27
INTU,netIncome,2019-01-31,189000000,2019-04-26,NetIncomeLoss,2026-08-27
INTU,operatingIncome,2019-01-31,233000000,2019-04-26,OperatingIncomeLoss,2026-08-27
INTU,receivables,2019-01-31,554000000,2019-04-26,AccountsReceivableNetCurrent,2026-08-27
INTU,revenue,2019-01-31,1502000000,2019-04-26,Revenues,2026-08-27
INTU,rnd,2019-01-31,295000000,2019-04-26,ResearchAndDevelopmentExpense,2026-08-27
INVH,assets,2019-03-31,17853619000,2019-05-20,Assets,2026-08-27
INVH,cash,2019-03-31,130896000,2019-05-20,CashAndCashEquivalentsAtCarryingValue,2026-08-27
INVH,debt,2019-03-31,9080925000,2019-05-20,LongTermDebt,2026-08-27
INVH,equity,2019-03-31,8139916000,2019-05-20,StockholdersEquity,2026-08-27
INVH,liabilities,2019-03-31,9632251000,2019-05-20,Liabilities,2026-08-27
INVH,netIncome,2019-03-31,20822000,2019-05-20,NetIncomeLoss,2026-08-27
INVH,operatingCashFlow,2019-03-31,193183000,2019-05-20,NetCashProvidedByUsedInOperatingActivities,2026-08-27
INVH,revenue,2019-03-31,435500000,2019-05-20,Revenues,2026-08-27
INVH,shares,2019-03-31,524989775,2019-05-20,CommonStockSharesOutstanding,2026-08-27
IP,assets,2019-03-31,34178000000,2019-05-20,Assets,2026-08-27
IP,buybacks,2019-03-31,229000000,2019-05-20,PaymentsForRepurchaseOfCommonStock,2026-08-27
IP,capex,2019-03-31,293000000,2019-05-20,PaymentsToAcquireProductiveAssets,2026-08-27
IP,cash,2019-03-31,641000000,2019-05-20,CashAndCashEquivalentsAtCarryingValue,2026-08-27
IP,debt,2019-03-31,9965000000,2019-05-20,LongTermDebtNoncurrent,2026-08-27
IP,equity,2019-03-31,7446000000,2019-05-20,StockholdersEquity,2026-08-27
IP,inventory,2019-03-31,2301000000,2019-05-20,InventoryNet,2026-08-27
IP,netIncome,2019-03-31,424000000,2019-05-20,NetIncomeLoss,2026-08-27
IP,operatingCashFlow,2019-03-31,733000000,2019-05-20,NetCashProvidedByUsedInOperatingActivities,2026-08-27
IP,operatingIncome,2019-03-31,600000000,2019-05-20,OperatingIncomeLoss,2026-08-27
IP,revenue,2019-03-31,5643000000,2019-05-20,RevenueFromContractWithCustomerExcludingAssessedTax,2026-08-27
IP,shares,2019-03-31,448900000,2019-05-20,CommonStockSharesOutstanding,2026-08-27
IQV,assets,2019-03-31,23109000000,2019-05-20,Assets,2026-08-27
IQV,buybacks,2019-03-31,145000000,2019-05-20,PaymentsForRepurchaseOfCommonStock,2026-08-27
IQV,capex,2019-03-31,141000000,2019-05-20,PaymentsToAcquireProductiveAssets,2026-08-27
IQV,cash,2019-03-31,936000000,2019-05-20,CashAndCashEquivalentsAtCarryingValue,2026-08-27
IQV,debt,2019-03-31,11187000000,2019-05-20,LongTermDebtNoncurrent,2026-08-27
IQV,equity,2019-03-31,6615000000,2019-05-20,StockholdersEquity,2026-08-27
IQV,liabilities,2019-03-31,16244000000,2019-05-20,Liabilities,2026-08-27
IQV,netIncome,2019-03-31,58000000,2019-05-20,NetIncomeLoss,2026-08-27
IQV,operatingCashFlow,2019-03-31,113000000,2019-05-20,NetCashProvidedByUsedInOperatingActivities,2026-08-27
IQV,operatingIncome,2019-03-31,210000000,2019-05-20,OperatingIncomeLoss,2026-08-27
IQV,revenue,2019-03-31,2684000000,2019-05-20,RevenueFromContractWithCustomerExcludingAssessedTax,2026-08-27
IR,assets,2019-03-31,4566800000,2019-05-20,Assets,2026-08-27
IR,buybacks,2019-03-31,8500000,2019-05-20,PaymentsForRepurchaseOfCommonStock,2026-08-27
IR,capex,2019-03-31,14100000,2019-05-20,PaymentsToAcquireProductiveAssets,2026-08-27
IR,cash,2019-03-31,263700000,2019-05-20,CashAndCashEquivalentsAtCarryingValue,2026-08-27
IR,grossProfit,2019-03-31,230500000,2019-05-20,GrossProfit,2026-08-27
IR,inventory,2019-03-31,555100000,2019-05-20,InventoryNet,2026-08-27
IR,liabilities,2019-03-31,2829100000,2019-05-20,Liabilities,2026-08-27
IR,netIncome,2019-03-31,47100000,2019-05-20,NetIncomeLoss,2026-08-27
IR,operatingCashFlow,2019-03-31,68800000,2019-05-20,NetCashProvidedByUsedInOperatingActivities,2026-08-27
IR,operatingIncome,2019-03-31,80200000,2019-05-20,OperatingIncomeLoss,2026-08-27
IR,receivables,2019-03-31,509900000,2019-05-20,AccountsReceivableNetCurrent,2026-08-27
IR,revenue,2019-03-31,620300000,2019-05-20,RevenueFromContractWithCustomerExcludingAssessedTax,2026-08-27
IRM,assets,2019-03-31,13694334000,2019-05-20,Assets,2026-08-27
IRM,capex,2019-03-31,184765000,2019-05-20,PaymentsToAcquirePropertyPlantAndEquipment,2026-08-27
IRM,cash,2019-03-31,161475000,2019-05-20,CashAndCashEquivalentsAtCarryingValue,2026-08-27
IRM,debt,2019-03-31,8365737000,2019-05-20,LongTermDebtNoncurrent,2026-08-27
IRM,equity,2019-03-31,1759401000,2019-05-20,StockholdersEquity,2026-08-27
IRM,operatingCashFlow,2019-03-31,117067000,2019-05-20,NetCashProvidedByUsedInOperatingActivities,2026-08-27
IRM,operatingIncome,2019-03-31,158675000,2019-05-20,OperatingIncomeLoss,2026-08-27
IRM,receivables,2019-03-31,837521000,2019-05-20,AccountsReceivableNetCurrent,2026-08-27
IRM,revenue,2019-03-31,1053863000,2019-05-20,Revenues,2026-08-27
IRM,shares,2019-03-31,286829854,2019-05-20,CommonStockSharesOutstanding,2026-08-27
ISRG,assets,2019-03-31,8234900000,2019-05-20,Assets,2026-08-27
ISRG,buybacks,2019-03-31,0,2019-05-20,PaymentsForRepurchaseOfCommonStock,2026-08-27
ISRG,capex,2019-03-31,114800000,2019-05-20,PaymentsToAcquireProductiveAssets,2026-08-27
ISRG,cash,2019-03-31,875700000,2019-05-20,CashAndCashEquivalentsAtCarryingValue,2026-08-27
ISRG,equity,2019-03-31,7024200000,2019-05-20,StockholdersEquity,2026-08-27
ISRG,grossProfit,2019-03-31,669600000,2019-05-20,GrossProfit,2026-08-27
ISRG,inventory,2019-03-31,468300000,2019-05-20,InventoryNet,2026-08-27
ISRG,liabilities,2019-03-31,1194500000,2019-05-20,Liabilities,2026-08-27
ISRG,netIncome,2019-03-31,306500000,2019-05-20,NetIncomeLoss,2026-08-27
ISRG,operatingCashFlow,2019-03-31,333200000,2019-05-20,NetCashProvidedByUsedInOperatingActivities,2026-08-27
ISRG,operatingIncome,2019-03-31,252200000,2019-05-20,OperatingIncomeLoss,2026-08-27
ISRG,receivables,2019-03-31,547600000,2019-05-20,AccountsReceivableNetCurrent,2026-08-27
ISRG,revenue,2019-03-31,973700000,2019-05-20,RevenueFromContractWithCustomerExcludingAssessedTax,2026-08-27
ISRG,rnd,2019-03-31,144000000,2019-05-20,ResearchAndDevelopmentExpense,2026-08-27
ISRG,shares,2019-03-31,115400000,2019-05-20,CommonStockSharesOutstanding,2026-08-27
IT,assets,2019-03-31,6714675000,2019-05-20,Assets,2026-08-27
IT,buybacks,2019-03-31,44839000,2019-05-20,PaymentsForRepurchaseOfCommonStock,2026-08-27
IT,cash,2019-03-31,149270000,2019-05-20,CashAndCashEquivalentsAtCarryingValue,2026-08-27
IT,debt,2019-03-31,2094758000,2019-05-20,LongTermDebtNoncurrent,2026-08-27
IT,equity,2019-03-31,856897000,2019-05-20,StockholdersEquity,2026-08-27
IT,liabilities,2019-03-31,5857778000,2019-05-20,Liabilities,2026-08-27
IT,netIncome,2019-03-31,20795000,2019-05-20,NetIncomeLoss,2026-08-27
IT,operatingCashFlow,2019-03-31,35596000,2019-05-20,NetCashProvidedByUsedInOperatingActivities,2026-08-27
IT,operatingIncome,2019-03-31,48799000,2019-05-20,OperatingIncomeLoss,2026-08-27
IT,receivables,2019-03-31,1178859000,2019-05-20,AccountsReceivableNetCurrent,2026-08-27
IT,revenue,2019-03-31,970444000,2019-05-20,RevenueFromContractWithCustomerExcludingAssessedTax,2026-08-27
ITW,assets,2019-03-31,15326000000,2019-05-20,Assets,2026-08-27
ITW,buybacks,2019-03-31,375000000,2019-05-20,PaymentsForRepurchaseOfCommonStock,2026-08-27
ITW,capex,2019-03-31,77000000,2019-05-20,PaymentsToAcquirePropertyPlantAndEquipment,2026-08-27
ITW,cash,2019-03-31,1755000000,2019-05-20,CashAndCashEquivalentsAtCarryingValue,2026-08-27
ITW,inventory,2019-03-31,1346000000,2019-05-20,InventoryNet,2026-08-27
ITW,operatingCashFlow,2019-03-31,616000000,2019-05-20,NetCashProvidedByUsedInOperatingActivities,2026-08-27
ITW,operatingIncome,2019-03-31,839000000,2019-05-20,OperatingIncomeLoss,2026-08-27
ITW,revenue,2019-03-31,3552000000,2019-05-20,RevenueFromContractWithCustomerExcludingAssessedTax,2026-08-27
ITW,shares,2019-03-31,325800000,2019-05-20,CommonStockSharesOutstanding,2026-08-27
IVZ,assets,2019-03-31,32206600000,2019-05-20,Assets,2026-08-27
IVZ,buybacks,2019-03-31,78600000,2019-05-20,PaymentsForRepurchaseOfCommonStock,2026-08-27
IVZ,capex,2019-03-31,21100000,2019-05-20,PaymentsToAcquirePropertyPlantAndEquipment,2026-08-27
IVZ,cash,2019-03-31,1017100000,2019-05-20,CashAndCashEquivalentsAtCarryingValue,2026-08-27
IVZ,debt,2019-03-31,2515700000,2019-05-20,LongTermDebt,2026-08-27
IVZ,equity,2019-03-31,8669300000,2019-05-20,StockholdersEquity,2026-08-27
IVZ,liabilities,2019-03-31,22746100000,2019-05-20,Liabilities,2026-08-27
IVZ,netIncome,2019-03-31,177700000,2019-05-20,NetIncomeLoss,2026-08-27
IVZ,operatingCashFlow,2019-03-31,-120400000,2019-05-20,NetCashProvidedByUsedInOperatingActivities,2026-08-27
IVZ,operatingIncome,2019-03-31,200200000,2019-05-20,OperatingIncomeLoss,2026-08-27
IVZ,revenue,2019-03-31,1214600000,2019-05-20,RevenueFromContractWithCustomerExcludingAssessedTax,2026-08-27
IVZ,shares,2019-03-31,400800000,2019-05-20,CommonStockSharesOutstanding,2026-08-27
J,assets,2019-03-29,12945845000,2019-05-18,Assets,2026-08-27
J,cash,2019-03-29,674548000,2019-05-18,CashAndCashEquivalentsAtCarryingValue,2026-08-27
J,debt,2019-03-29,2841536000,2019-05-18,LongTermDebtNoncurrent,2026-08-27
J,equity,2019-03-29,5465854000,2019-05-18,StockholdersEquity,2026-08-27
J,grossProfit,2019-03-29,616841000,2019-05-18,GrossProfit,2026-08-27
J,netIncome,2019-03-29,56917000,2019-05-18,NetIncomeLoss,2026-08-27
J,operatingIncome,2019-03-29,102681000,2019-05-18,OperatingIncomeLoss,2026-08-27
J,shares,2019-03-29,136432304,2019-05-18,CommonStockSharesOutstanding,2026-08-27
JBHT,assets,2019-03-31,5327282000,2019-05-20,Assets,2026-08-27
JBHT,buybacks,2019-03-31,0,2019-05-20,PaymentsForRepurchaseOfCommonStock,2026-08-27
JBHT,capex,2019-03-31,257658000,2019-05-20,PaymentsToAcquirePropertyPlantAndEquipment,2026-08-27
JBHT,cash,2019-03-31,52363000,2019-05-20,CashAndCashEquivalentsAtCarryingValue,2026-08-27
JBHT,debt,2019-03-31,1284550000,2019-05-20,LongTermDebtNoncurrent,2026-08-27
JBHT,equity,2019-03-31,2203764000,2019-05-20,StockholdersEquity,2026-08-27
JBHT,netIncome,2019-03-31,119601000,2019-05-20,NetIncomeLoss,2026-08-27
JBHT,operatingCashFlow,2019-03-31,250741000,2019-05-20,NetCashProvidedByUsedInOperatingActivities,2026-08-27
JBHT,operatingIncome,2019-03-31,167795000,2019-05-20,OperatingIncomeLoss,2026-08-27
JBHT,receivables,2019-03-31,1002483000,2019-05-20,AccountsReceivableNetCurrent,2026-08-27
JBL,assets,2019-02-28,12476594000,2019-04-19,Assets,2026-08-27
JBL,cash,2019-02-28,749057000,2019-04-19,CashAndCashEquivalentsAtCarryingValue,2026-08-27
JBL,debt,2019-02-28,2482387000,2019-04-19,LongTermDebtNoncurrent,2026-08-27
JBL,equity,2019-02-28,1847175000,2019-04-19,StockholdersEquity,2026-08-27
JBL,grossProfit,2019-02-28,454874000,2019-04-19,GrossProfit,2026-08-27
JBL,inventory,2019-02-28,3248273000,2019-04-19,InventoryNet,2026-08-27
JBL,liabilities,2019-02-28,10617742000,2019-04-19,Liabilities,2026-08-27
JBL,netIncome,2019-02-28,67354000,2019-04-19,NetIncomeLoss,2026-08-27
JBL,operatingIncome,2019-02-28,153983000,2019-04-19,OperatingIncomeLoss,2026-08-27
JBL,revenue,2019-02-28,6066990000,2019-04-19,RevenueFromContractWithCustomerExcludingAssessedTax,2026-08-27
JBL,rnd,2019-02-28,10155000,2019-04-19,ResearchAndDevelopmentExpense,2026-08-27
JBL,shares,2019-02-28,152878329,2019-04-19,CommonStockSharesOutstanding,2026-08-27
JCI,assets,2019-03-31,48489000000,2019-05-20,Assets,2026-08-27
JCI,cash,2019-03-31,239000000,2019-05-20,CashAndCashEquivalentsAtCarryingValue,2026-08-27
JCI,equity,2019-03-31,20036000000,2019-05-20,StockholdersEquity,2026-08-27
JCI,grossProfit,2019-03-31,1844000000,2019-05-20,GrossProfit,2026-08-27
JCI,inventory,2019-03-31,2124000000,2019-05-20,InventoryNet,2026-08-27
JCI,netIncome,2019-03-31,515000000,2019-05-20,NetIncomeLoss,2026-08-27
JCI,receivables,2019-03-31,5707000000,2019-05-20,AccountsReceivableNetCurrent,2026-08-27
JCI,revenue,2019-03-31,5779000000,2019-05-20,RevenueFromContractWithCustomerExcludingAssessedTax,2026-08-27
JKHY,assets,2019-03-31,2002879000,2019-05-20,Assets,2026-08-27
JKHY,cash,2019-03-31,35398000,2019-05-20,CashAndCashEquivalentsAtCarryingValue,2026-08-27
JKHY,equity,2019-03-31,1426003000,2019-05-20,StockholdersEquity,2026-08-27
JKHY,liabilities,2019-03-31,576876000,2019-05-20,Liabilities,2026-08-27
JKHY,netIncome,2019-03-31,59252000,2019-05-20,NetIncomeLoss,2026-08-27
JKHY,operatingIncome,2019-03-31,76441000,2019-05-20,OperatingIncomeLoss,2026-08-27
JKHY,revenue,2019-03-31,380364000,2019-05-20,RevenueFromContractWithCustomerExcludingAssessedTax,2026-08-27
JKHY,rnd,2019-03-31,23442000,2019-05-20,ResearchAndDevelopmentExpense,2026-08-27
JNJ,assets,2019-03-31,150027000000,2019-05-20,Assets,2026-08-27
JNJ,buybacks,2019-03-31,2206000000,2019-05-20,PaymentsForRepurchaseOfCommonStock,2026-08-27
JNJ,capex,2019-03-31,656000000,2019-05-20,PaymentsToAcquirePropertyPlantAndEquipment,2026-08-27
JNJ,cash,2019-03-31,14734000000,2019-05-20,CashAndCashEquivalentsAtCarryingValue,2026-08-27
JNJ,debt,2019-03-31,27660000000,2019-05-20,LongTermDebtNoncurrent,2026-08-27
JNJ,grossProfit,2019-03-31,13406000000,2019-05-20,GrossProfit,2026-08-27
JNJ,inventory,2019-03-31,9086000000,2019-05-20,InventoryNet,2026-08-27
JNJ,liabilities,2019-03-31,91072000000,2019-05-20,Liabilities,2026-08-27
JNJ,netIncome,2019-03-31,3749000000,2019-05-20,NetIncomeLoss,2026-08-27
JNJ,operatingCashFlow,2019-03-31,3543000000,2019-05-20,NetCashProvidedByUsedInOperatingActivities,2026-08-27
JNJ,receivables,2019-03-31,14115000000,2019-05-20,AccountsReceivableNetCurrent,2026-08-27
JNJ,revenue,2019-03-31,20021000000,2019-05-20,RevenueFromContractWithCustomerExcludingAssessedTax,2026-08-27
JPM,assets,2019-03-31,2737188000000,2019-05-20,Assets,2026-08-27
JPM,buybacks,2019-03-31,5091000000,2019-05-20,PaymentsForRepurchaseOfCommonStock,2026-08-27
JPM,equity,2019-03-31,259837000000,2019-05-20,StockholdersEquity,2026-08-27
JPM,liabilities,2019-03-31,2477351000000,2019-05-20,Liabilities,2026-08-27
JPM,netIncome,2019-03-31,9179000000,2019-05-20,NetIncomeLoss,2026-08-27
JPM,operatingCashFlow,2019-03-31,-80880000000,2019-05-20,NetCashProvidedByUsedInOperatingActivities,2026-08-27
KDP,assets,2019-03-31,49291000000,2019-05-20,Assets,2026-08-27
KDP,capex,2019-03-31,62000000,2019-05-20,PaymentsToAcquirePropertyPlantAndEquipment,2026-08-27
KDP,cash,2019-03-31,85000000,2019-05-20,CashAndCashEquivalentsAtCarryingValue,2026-08-27
KDP,debt,2019-03-31,13246000000,2019-05-20,LongTermDebtNoncurrent,2026-08-27
KDP,equity,2019-03-31,22674000000,2019-05-20,StockholdersEquity,2026-08-27
KDP,grossProfit,2019-03-31,1398000000,2019-05-20,GrossProfit,2026-08-27
KDP,inventory,2019-03-31,663000000,2019-05-20,InventoryNet,2026-08-27
KDP,liabilities,2019-03-31,26617000000,2019-05-20,Liabilities,2026-08-27
KDP,netIncome,2019-03-31,230000000,2019-05-20,NetIncomeLoss,2026-08-27
KDP,operatingCashFlow,2019-03-31,591000000,2019-05-20,NetCashProvidedByUsedInOperatingActivities,2026-08-27
KDP,operatingIncome,2019-03-31,498000000,2019-05-20,OperatingIncomeLoss,2026-08-27
KDP,receivables,2019-03-31,1016000000,2019-05-20,AccountsReceivableNetCurrent,2026-08-27
KDP,revenue,2019-03-31,2504000000,2019-05-20,RevenueFromContractWithCustomerExcludingAssessedTax,2026-08-27
KDP,shares,2019-03-31,1406689275,2019-05-20,CommonStockSharesOutstanding,2026-08-27
KEY,assets,2019-03-31,141515000000,2019-05-20,Assets,2026-08-27
KEY,buybacks,2019-03-31,167000000,2019-05-20,PaymentsForRepurchaseOfCommonStock,2026-08-27
KEY,capex,2019-03-31,9000000,2019-05-20,PaymentsToAcquireProductiveAssets,2026-08-27
KEY,debt,2019-03-31,14168000000,2019-05-20,LongTermDebt,2026-08-27
KEY,equity,2019-03-31,15924000000,2019-05-20,StockholdersEquity,2026-08-27
KEY,liabilities,2019-03-31,125589000000,2019-05-20,Liabilities,2026-08-27
KEY,netIncome,2019-03-31,407000000,2019-05-20,NetIncomeLoss,2026-08-27
KEY,operatingCashFlow,2019-03-31,560000000,2019-05-20,NetCashProvidedByUsedInOperatingActivities,2026-08-27
KEY,revenue,2019-03-31,1521000000,2019-05-20,Revenues,2026-08-27
KEYS,assets,2019-01-31,5978000000,2019-04-26,Assets,2026-08-27
KEYS,buybacks,2019-01-31,40000000,2019-04-26,PaymentsForRepurchaseOfCommonStock,2026-08-27
KEYS,capex,2019-01-31,31000000,2019-04-26,PaymentsToAcquirePropertyPlantAndEquipment,2026-08-27
KEYS,cash,2019-01-31,1098000000,2019-04-26,CashAndCashEquivalentsAtCarryingValue,2026-08-27
KEYS,debt,2019-01-31,1291000000,2019-04-26,LongTermDebtNoncurrent,2026-08-27
KEYS,equity,2019-01-31,2658000000,2019-04-26,StockholdersEquity,2026-08-27
KEYS,inventory,2019-01-31,641000000,2019-04-26,InventoryNet,2026-08-27
KEYS,liabilities,2019-01-31,3320000000,2019-04-26,Liabilities,2026-08-27
KEYS,operatingCashFlow,2019-01-31,240000000,2019-04-26,NetCashProvidedByUsedInOperatingActivities,2026-08-27
KEYS,operatingIncome,2019-01-31,121000000,2019-04-26,OperatingIncomeLoss,2026-08-27
KEYS,receivables,2019-01-31,580000000,2019-04-26,AccountsReceivableNetCurrent,2026-08-27
KEYS,revenue,2019-01-31,1006000000,2019-04-26,Revenues,2026-08-27
KEYS,rnd,2019-01-31,173000000,2019-04-26,ResearchAndDevelopmentExpense,2026-08-27
KHC,assets,2019-03-30,103562000000,2019-05-19,Assets,2026-08-27
KHC,capex,2019-03-30,249000000,2019-05-19,PaymentsToAcquirePropertyPlantAndEquipment,2026-08-27
KHC,cash,2019-03-30,1096000000,2019-05-19,CashAndCashEquivalentsAtCarryingValue,2026-08-27
KHC,equity,2019-03-30,51703000000,2019-05-19,StockholdersEquity,2026-08-27
KHC,grossProfit,2019-03-30,2011000000,2019-05-19,GrossProfit,2026-08-27
KHC,inventory,2019-03-30,3118000000,2019-05-19,InventoryNet,2026-08-27
KHC,liabilities,2019-03-30,51727000000,2019-05-19,Liabilities,2026-08-27
KHC,netIncome,2019-03-30,405000000,2019-05-19,NetIncomeLoss,2026-08-27
KHC,operatingCashFlow,2019-03-30,304000000,2019-05-19,NetCashProvidedByUsedInOperatingActivities,2026-08-27
KHC,operatingIncome,2019-03-30,562000000,2019-05-19,OperatingIncomeLoss,2026-08-27
KHC,receivables,2019-03-30,2010000000,2019-05-19,AccountsReceivableNetCurrent,2026-08-27
KHC,shares,2019-03-30,1220000000,2019-05-19,CommonStockSharesOutstanding,2026-08-27
KIM,assets,2019-03-31,11070200000,2019-05-20,Assets,2026-08-27
KIM,cash,2019-03-31,143673000,2019-05-20,CashAndCashEquivalentsAtCarryingValue,2026-08-27
KIM,equity,2019-03-31,5319877000,2019-05-20,StockholdersEquity,2026-08-27
KIM,liabilities,2019-03-31,5649658000,2019-05-20,Liabilities,2026-08-27
KIM,netIncome,2019-03-31,116169000,2019-05-20,NetIncomeLoss,2026-08-27
KIM,operatingCashFlow,2019-03-31,155258000,2019-05-20,NetCashProvidedByUsedInOperatingActivities,2026-08-27
KIM,operatingIncome,2019-03-31,134103000,2019-05-20,OperatingIncomeLoss,2026-08-27
KIM,revenue,2019-03-31,295010000,2019-05-20,Revenues,2026-08-27
KIM,shares,2019-03-31,422037132,2019-05-20,CommonStockSharesOutstanding,2026-08-27
KKR,assets,2019-03-31,52004019000,2019-05-20,Assets,2026-08-27
KKR,buybacks,2019-03-31,28566000,2019-05-20,PaymentsForRepurchaseOfCommonStock,2026-08-27
KKR,capex,2019-03-31,19455000,2019-05-20,PaymentsToAcquirePropertyPlantAndEquipment,2026-08-27
KKR,cash,2019-03-31,1808368000,2019-05-20,CashAndCashEquivalentsAtCarryingValue,2026-08-27
KKR,equity,2019-03-31,9322371000,2019-05-20,StockholdersEquity,2026-08-27
KKR,liabilities,2019-03-31,25796178000,2019-05-20,Liabilities,2026-08-27
KKR,netIncome,2019-03-31,709319000,2019-05-20,NetIncomeLoss,2026-08-27
KKR,operatingCashFlow,2019-03-31,156278000,2019-05-20,NetCashProvidedByUsedInOperatingActivities,2026-08-27
KKR,revenue,2019-03-31,1187480000,2019-05-20,Revenues,2026-08-27
KLAC,assets,2019-03-31,9187605000,2019-05-20,Assets,2026-08-27
KLAC,cash,2019-03-31,1092163000,2019-05-20,CashAndCashEquivalentsAtCarryingValue,2026-08-27
KLAC,debt,2019-03-31,3172649000,2019-05-20,LongTermDebtNoncurrent,2026-08-27
KLAC,equity,2019-03-31,2849093000,2019-05-20,StockholdersEquity,2026-08-27
KLAC,grossProfit,2019-03-31,610366000,2019-05-20,GrossProfit,2026-08-27
KLAC,inventory,2019-03-31,1317260000,2019-05-20,InventoryNet,2026-08-27
KLAC,liabilities,2019-03-31,6302017000,2019-05-20,Liabilities,2026-08-27
KLAC,netIncome,2019-03-31,192728000,2019-05-20,NetIncomeLoss,2026-08-27
KLAC,receivables,2019-03-31,958021000,2019-05-20,AccountsReceivableNetCurrent,2026-08-27
KLAC,revenue,2019-03-31,1097311000,2019-05-20,RevenueFromContractWithCustomerExcludingAssessedTax,2026-08-27
KLAC,rnd,2019-03-31,184887000,2019-05-20,ResearchAndDevelopmentExpense,2026-08-27
KMB,assets,2019-03-31,15204000000,2019-05-20,Assets,2026-08-27
KMB,buybacks,2019-03-31,164000000,2019-05-20,PaymentsForRepurchaseOfCommonStock,2026-08-27
KMB,capex,2019-03-31,316000000,2019-05-20,PaymentsToAcquireProductiveAssets,2026-08-27
KMB,cash,2019-03-31,491000000,2019-05-20,CashAndCashEquivalentsAtCarryingValue,2026-08-27
KMB,equity,2019-03-31,-82000000,2019-05-20,StockholdersEquity,2026-08-27
KMB,grossProfit,2019-03-31,1428000000,2019-05-20,GrossProfit,2026-08-27
KMB,inventory,2019-03-31,1857000000,2019-05-20,InventoryNet,2026-08-27
KMB,netIncome,2019-03-31,454000000,2019-05-20,NetIncomeLoss,2026-08-27
KMB,operatingCashFlow,2019-03-31,317000000,2019-05-20,NetCashProvidedByUsedInOperatingActivities,2026-08-27
KMB,operatingIncome,2019-03-31,655000000,2019-05-20,OperatingIncomeLoss,2026-08-27
KMB,receivables,2019-03-31,2377000000,2019-05-20,AccountsReceivableNetCurrent,2026-08-27
KMB,revenue,2019-03-31,4633000000,2019-05-20,Revenues,2026-08-27
KMB,shares,2019-03-31,343900000,2019-05-20,CommonStockSharesOutstanding,2026-08-27
KMI,assets,2019-03-31,76292000000,2019-05-20,Assets,2026-08-27
KMI,buybacks,2019-03-31,2000000,2019-05-20,PaymentsForRepurchaseOfCommonStock,2026-08-27
KMI,capex,2019-03-31,554000000,2019-05-20,PaymentsToAcquirePropertyPlantAndEquipment,2026-08-27
KMI,cash,2019-03-31,221000000,2019-05-20,CashAndCashEquivalentsAtCarryingValue,2026-08-27
KMI,debt,2019-03-31,33328000000,2019-05-20,LongTermDebtNoncurrent,2026-08-27
KMI,equity,2019-03-31,33612000000,2019-05-20,StockholdersEquity,2026-08-27
KMI,equityStakes,2019-03-31,331000000,2019-05-20,PaymentsToAcquireEquityMethodInvestments,2026-08-27
KMI,inventory,2019-03-31,429000000,2019-05-20,InventoryNet,2026-08-27
KMI,liabilities,2019-03-31,41131000000,2019-05-20,Liabilities,2026-08-27
KMI,netIncome,2019-03-31,556000000,2019-05-20,NetIncomeLoss,2026-08-27
KMI,operatingCashFlow,2019-03-31,635000000,2019-05-20,NetCashProvidedByUsedInOperatingActivities,2026-08-27
KMI,operatingIncome,2019-03-31,1018000000,2019-05-20,OperatingIncomeLoss,2026-08-27
KMI,receivables,2019-03-31,1310000000,2019-05-20,AccountsReceivableNetCurrent,2026-08-27
KMI,revenue,2019-03-31,3429000000,2019-05-20,Revenues,2026-08-27
KMI,shares,2019-03-31,2262423688,2019-05-20,CommonStockSharesOutstanding,2026-08-27
KO,assets,2019-03-29,88347000000,2019-05-18,Assets,2026-08-27
KO,buybacks,2019-03-29,397000000,2019-05-18,PaymentsForRepurchaseOfCommonStock,2026-08-27
KO,capex,2019-03-29,388000000,2019-05-18,PaymentsToAcquirePropertyPlantAndEquipment,2026-08-27
KO,cash,2019-03-29,5848000000,2019-05-18,CashAndCashEquivalentsAtCarryingValue,2026-08-27
KO,debt,2019-03-29,29400000000,2019-05-18,LongTermDebtNoncurrent,2026-08-27
KO,equity,2019-03-29,17735000000,2019-05-18,StockholdersEquity,2026-08-27
KO,grossProfit,2019-03-29,5329000000,2019-05-18,GrossProfit,2026-08-27
KO,inventory,2019-03-29,3178000000,2019-05-18,InventoryNet,2026-08-27
KO,netIncome,2019-03-29,1678000000,2019-05-18,NetIncomeLoss,2026-08-27
KO,operatingCashFlow,2019-03-29,788000000,2019-05-18,NetCashProvidedByUsedInOperatingActivities,2026-08-27
KO,operatingIncome,2019-03-29,2435000000,2019-05-18,OperatingIncomeLoss,2026-08-27
KO,receivables,2019-03-29,3852000000,2019-05-18,AccountsReceivableNetCurrent,2026-08-27
KO,revenue,2019-03-29,8694000000,2019-05-18,Revenues,2026-08-27
KR,assets,2019-02-02,38118000000,2019-04-28,Assets,2026-08-27
KR,cash,2019-02-02,429000000,2019-04-28,CashAndCashEquivalentsAtCarryingValue,2026-08-27
KR,debt,2019-02-02,11248000000,2019-04-28,LongTermDebtNoncurrent,2026-08-27
KR,equity,2019-02-02,7886000000,2019-04-28,StockholdersEquity,2026-08-27
KR,liabilities,2019-02-02,30283000000,2019-04-28,Liabilities,2026-08-27
KR,netIncome,2019-02-02,259000000,2019-04-28,NetIncomeLoss,2026-08-27
KR,operatingIncome,2019-02-02,391000000,2019-04-28,OperatingIncomeLoss,2026-08-27
KR,revenue,2019-02-02,28286000000,2019-04-28,RevenueFromContractWithCustomerExcludingAssessedTax,2026-08-27
L,assets,2019-03-31,80449000000,2019-05-20,Assets,2026-08-27
L,buybacks,2019-03-31,317000000,2019-05-20,PaymentsForRepurchaseOfCommonStock,2026-08-27
L,capex,2019-03-31,223000000,2019-05-20,PaymentsToAcquirePropertyPlantAndEquipment,2026-08-27
L,equity,2019-03-31,19037000000,2019-05-20,StockholdersEquity,2026-08-27
L,liabilities,2019-03-31,58547000000,2019-05-20,Liabilities,2026-08-27
L,netIncome,2019-03-31,394000000,2019-05-20,NetIncomeLoss,2026-08-27
L,operatingCashFlow,2019-03-31,81000000,2019-05-20,NetCashProvidedByUsedInOperatingActivities,2026-08-27
L,revenue,2019-03-31,3757000000,2019-05-20,Revenues,2026-08-27
LDOS,assets,2019-03-29,9360000000,2019-05-18,Assets,2026-08-27
LDOS,capex,2019-03-29,30000000,2019-05-18,PaymentsToAcquireProductiveAssets,2026-08-27
LDOS,cash,2019-03-29,536000000,2019-05-18,CashAndCashEquivalentsAtCarryingValue,2026-08-27
LDOS,equity,2019-03-29,3294000000,2019-05-18,StockholdersEquity,2026-08-27
LDOS,netIncome,2019-03-29,189000000,2019-05-18,NetIncomeLoss,2026-08-27
LDOS,operatingCashFlow,2019-03-29,288000000,2019-05-18,NetCashProvidedByUsedInOperatingActivities,2026-08-27
LDOS,operatingIncome,2019-03-29,192000000,2019-05-18,OperatingIncomeLoss,2026-08-27
LDOS,revenue,2019-03-29,2577000000,2019-05-18,Revenues,2026-08-27
LDOS,shares,2019-03-29,144000000,2019-05-18,CommonStockSharesOutstanding,2026-08-27
LEN,assets,2019-02-28,28749926000,2019-04-19,Assets,2026-08-27
LEN,buybacks,2019-02-28,49143000,2019-04-19,PaymentsForRepurchaseOfCommonStock,2026-08-27
LEN,capex,2019-02-28,27395000,2019-04-19,PaymentsToAcquirePropertyPlantAndEquipment,2026-08-27
LEN,equity,2019-02-28,14786814000,2019-04-19,StockholdersEquity,2026-08-27
LEN,equityStakes,2019-02-28,133917000,2019-04-19,PaymentsToAcquireEquityMethodInvestments,2026-08-27
LEN,grossProfit,2019-02-28,726079000,2019-04-19,GrossProfit,2026-08-27
LEN,liabilities,2019-02-28,13856231000,2019-04-19,Liabilities,2026-08-27
LEN,netIncome,2019-02-28,239910000,2019-04-19,NetIncomeLoss,2026-08-27
LEN,operatingCashFlow,2019-02-28,-524423000,2019-04-19,NetCashProvidedByUsedInOperatingActivities,2026-08-27
LEN,operatingIncome,2019-02-28,398467000,2019-04-19,OperatingIncomeLoss,2026-08-27
LEN,revenue,2019-02-28,3868082000,2019-04-19,Revenues,2026-08-27
LH,assets,2019-03-31,16970800000,2019-05-20,Assets,2026-08-27
LH,buybacks,2019-03-31,100100000,2019-05-20,PaymentsForRepurchaseOfCommonStock,2026-08-27
LH,capex,2019-03-31,94200000,2019-05-20,PaymentsToAcquirePropertyPlantAndEquipment,2026-08-27
LH,cash,2019-03-31,348800000,2019-05-20,CashAndCashEquivalentsAtCarryingValue,2026-08-27
LH,debt,2019-03-31,5495600000,2019-05-20,LongTermDebtNoncurrent,2026-08-27
LH,equity,2019-03-31,7111300000,2019-05-20,StockholdersEquity,2026-08-27
LH,equityStakes,2019-03-31,3300000,2019-05-20,PaymentsToAcquireEquityMethodInvestments,2026-08-27
LH,grossProfit,2019-03-31,789700000,2019-05-20,GrossProfit,2026-08-27
LH,inventory,2019-03-31,233700000,2019-05-20,InventoryNet,2026-08-27
LH,liabilities,2019-03-31,9840000000,2019-05-20,Liabilities,2026-08-27
LH,netIncome,2019-03-31,185600000,2019-05-20,NetIncomeLoss,2026-08-27
LH,operatingCashFlow,2019-03-31,165800000,2019-05-20,NetCashProvidedByUsedInOperatingActivities,2026-08-27
LH,operatingIncome,2019-03-31,318200000,2019-05-20,OperatingIncomeLoss,2026-08-27
LH,receivables,2019-03-31,1563000000,2019-05-20,AccountsReceivableNetCurrent,2026-08-27
LH,revenue,2019-03-31,2791200000,2019-05-20,Revenues,2026-08-27
LH,shares,2019-03-31,98700000,2019-05-20,CommonStockSharesOutstanding,2026-08-27
LHX,assets,2019-03-29,9792000000,2019-05-18,Assets,2026-08-27
LHX,buybacks,2019-03-29,0,2019-05-18,PaymentsForRepurchaseOfCommonStock,2026-08-27
LHX,capex,2019-03-29,37000000,2019-05-18,PaymentsToAcquirePropertyPlantAndEquipment,2026-08-27
LHX,cash,2019-03-29,334000000,2019-05-18,CashAndCashEquivalentsAtCarryingValue,2026-08-27
LHX,equity,2019-03-29,3607000000,2019-05-18,StockholdersEquity,2026-08-27
LHX,inventory,2019-03-29,433000000,2019-05-18,InventoryNet,2026-08-27
LHX,netIncome,2019-03-29,243000000,2019-05-18,NetIncomeLoss,2026-08-27
LHX,operatingCashFlow,2019-03-29,405000000,2019-05-18,NetCashProvidedByUsedInOperatingActivities,2026-08-27
LHX,revenue,2019-03-29,1728000000,2019-05-18,RevenueFromContractWithCustomerExcludingAssessedTax,2026-08-27
LHX,shares,2019-03-29,118072477,2019-05-18,CommonStockSharesOutstanding,2026-08-27
LII,assets,2019-03-31,2105700000,2019-05-20,Assets,2026-08-27
LII,buybacks,2019-03-31,100000000,2019-05-20,PaymentsForRepurchaseOfCommonStock,2026-08-27
LII,capex,2019-03-31,37200000,2019-05-20,PaymentsToAcquirePropertyPlantAndEquipment,2026-08-27
LII,cash,2019-03-31,31700000,2019-05-20,CashAndCashEquivalentsAtCarryingValue,2026-08-27
LII,equity,2019-03-31,-204800000,2019-05-20,StockholdersEquity,2026-08-27
LII,grossProfit,2019-03-31,201600000,2019-05-20,GrossProfit,2026-08-27
LII,inventory,2019-03-31,600100000,2019-05-20,InventoryNet,2026-08-27
LII,liabilities,2019-03-31,2310500000,2019-05-20,Liabilities,2026-08-27
LII,netIncome,2019-03-31,69300000,2019-05-20,NetIncomeLoss,2026-08-27
LII,operatingCashFlow,2019-03-31,-141000000,2019-05-20,NetCashProvidedByUsedInOperatingActivities,2026-08-27
LII,operatingIncome,2019-03-31,94700000,2019-05-20,OperatingIncomeLoss,2026-08-27
LII,revenue,2019-03-31,790300000,2019-05-20,Revenues,2026-08-27
LIN,assets,2019-03-31,91641000000,2019-05-20,Assets,2026-08-27
LIN,buybacks,2019-03-31,725000000,2019-05-20,PaymentsForRepurchaseOfCommonStock,2026-08-27
LIN,capex,2019-03-31,843000000,2019-05-20,PaymentsToAcquirePropertyPlantAndEquipment,2026-08-27
LIN,cash,2019-03-31,5791000000,2019-05-20,CashAndCashEquivalentsAtCarryingValue,2026-08-27
LIN,debt,2019-03-31,13207000000,2019-05-20,LongTermDebt,2026-08-27
LIN,equity,2019-03-31,51175000000,2019-05-20,StockholdersEquity,2026-08-27
LIN,inventory,2019-03-31,1667000000,2019-05-20,InventoryNet,2026-08-27
LIN,liabilities,2019-03-31,34994000000,2019-05-20,Liabilities,2026-08-27
LIN,netIncome,2019-03-31,517000000,2019-05-20,NetIncomeLoss,2026-08-27
LIN,operatingCashFlow,2019-03-31,1068000000,2019-05-20,NetCashProvidedByUsedInOperatingActivitiesContinuingOperations,2026-08-27
LIN,operatingIncome,2019-03-31,609000000,2019-05-20,OperatingIncomeLoss,2026-08-27
LIN,receivables,2019-03-31,4390000000,2019-05-20,AccountsReceivableNetCurrent,2026-08-27
LIN,revenue,2019-03-31,6944000000,2019-05-20,RevenueFromContractWithCustomerExcludingAssessedTax,2026-08-27
LIN,rnd,2019-03-31,46000000,2019-05-20,ResearchAndDevelopmentExpense,2026-08-27
LITE,assets,2019-03-30,2771400000,2019-05-19,Assets,2026-08-27
LITE,cash,2019-03-30,358300000,2019-05-19,CashAndCashEquivalentsAtCarryingValue,2026-08-27
LITE,equity,2019-03-30,1503900000,2019-05-19,StockholdersEquity,2026-08-27
LITE,grossProfit,2019-03-30,88300000,2019-05-19,GrossProfit,2026-08-27
LITE,inventory,2019-03-30,272200000,2019-05-19,InventoryNet,2026-08-27
LITE,liabilities,2019-03-30,1267500000,2019-05-19,Liabilities,2026-08-27
LITE,netIncome,2019-03-30,-74300000,2019-05-19,NetIncomeLoss,2026-08-27
LITE,operatingIncome,2019-03-30,-76400000,2019-05-19,OperatingIncomeLoss,2026-08-27
LITE,revenue,2019-03-30,432900000,2019-05-19,Revenues,2026-08-27
LITE,rnd,2019-03-30,57700000,2019-05-19,ResearchAndDevelopmentExpense,2026-08-27
LITE,shares,2019-03-30,76349298,2019-05-19,CommonStockSharesOutstanding,2026-08-27
LLY,assets,2019-03-31,38006800000,2019-05-20,Assets,2026-08-27
LLY,buybacks,2019-03-31,3500000000,2019-05-20,PaymentsForRepurchaseOfCommonStock,2026-08-27
LLY,capex,2019-03-31,203700000,2019-05-20,PaymentsToAcquireProductiveAssets,2026-08-27
LLY,cash,2019-03-31,2036400000,2019-05-20,CashAndCashEquivalentsAtCarryingValue,2026-08-27
LLY,debt,2019-03-31,13610200000,2019-05-20,LongTermDebtNoncurrent,2026-08-27
LLY,equity,2019-03-31,2480300000,2019-05-20,StockholdersEquity,2026-08-27
LLY,inventory,2019-03-31,3055200000,2019-05-20,InventoryNet,2026-08-27
LLY,netIncome,2019-03-31,4241600000,2019-05-20,NetIncomeLoss,2026-08-27
LLY,operatingCashFlow,2019-03-31,311300000,2019-05-20,NetCashProvidedByUsedInOperatingActivities,2026-08-27
LLY,receivables,2019-03-31,4200500000,2019-05-20,AccountsReceivableNetCurrent,2026-08-27
LLY,revenue,2019-03-31,5092200000,2019-05-20,Revenues,2026-08-27
LLY,rnd,2019-03-31,1230500000,2019-05-20,ResearchAndDevelopmentExpense,2026-08-27
LMT,assets,2019-03-31,47684000000,2019-05-20,Assets,2026-08-27
LMT,buybacks,2019-03-31,281000000,2019-05-20,PaymentsForRepurchaseOfCommonStock,2026-08-27
LMT,capex,2019-03-31,284000000,2019-05-20,PaymentsToAcquireProductiveAssets,2026-08-27
LMT,cash,2019-03-31,991000000,2019-05-20,CashAndCashEquivalentsAtCarryingValue,2026-08-27
LMT,debt,2019-03-31,12621000000,2019-05-20,LongTermDebtNoncurrent,2026-08-27
LMT,equity,2019-03-31,2465000000,2019-05-20,StockholdersEquity,2026-08-27
LMT,grossProfit,2019-03-31,2188000000,2019-05-20,GrossProfit,2026-08-27
LMT,liabilities,2019-03-31,45162000000,2019-05-20,Liabilities,2026-08-27
LMT,netIncome,2019-03-31,1704000000,2019-05-20,NetIncomeLoss,2026-08-27
LMT,operatingCashFlow,2019-03-31,1663000000,2019-05-20,NetCashProvidedByUsedInOperatingActivities,2026-08-27
LMT,operatingIncome,2019-03-31,2283000000,2019-05-20,OperatingIncomeLoss,2026-08-27
LMT,revenue,2019-03-31,14336000000,2019-05-20,Revenues,2026-08-27
LNT,assets,2019-03-31,15713400000,2019-05-20,Assets,2026-08-27
LNT,capex,2019-03-31,374000000,2019-05-20,PaymentsToAcquirePropertyPlantAndEquipment,2026-08-27
LNT,cash,2019-03-31,10100000,2019-05-20,CashAndCashEquivalentsAtCarryingValue,2026-08-27
LNT,debt,2019-03-31,5362200000,2019-05-20,LongTermDebtNoncurrent,2026-08-27
LNT,equity,2019-03-31,4682400000,2019-05-20,StockholdersEquity,2026-08-27
LNT,netIncome,2019-03-31,127700000,2019-05-20,NetIncomeLoss,2026-08-27
LNT,operatingCashFlow,2019-03-31,181100000,2019-05-20,NetCashProvidedByUsedInOperatingActivities,2026-08-27
LNT,operatingIncome,2019-03-31,176800000,2019-05-20,OperatingIncomeLoss,2026-08-27
LNT,receivables,2019-03-31,417900000,2019-05-20,AccountsReceivableNetCurrent,2026-08-27
LNT,revenue,2019-03-31,987200000,2019-05-20,Revenues,2026-08-27
LNT,shares,2019-03-31,237394409,2019-05-20,CommonStockSharesOutstanding,2026-08-27
LOW,assets,2019-02-01,34508000000,2019-04-27,Assets,2026-08-27
LOW,cash,2019-02-01,511000000,2019-04-27,CashAndCashEquivalentsAtCarryingValue,2026-08-27
LOW,equity,2019-02-01,3644000000,2019-04-27,StockholdersEquity,2026-08-27
LOW,inventory,2019-02-01,12561000000,2019-04-27,InventoryNet,2026-08-27
LOW,liabilities,2019-02-01,30864000000,2019-04-27,Liabilities,2026-08-27
LOW,shares,2019-02-01,801000000,2019-04-27,CommonStockSharesOutstanding,2026-08-27
LRCX,assets,2019-03-31,12895262000,2019-05-20,Assets,2026-08-27
LRCX,cash,2019-03-31,4931611000,2019-05-20,CashAndCashEquivalentsAtCarryingValue,2026-08-27
LRCX,debt,2019-03-31,3755301000,2019-05-20,LongTermDebtNoncurrent,2026-08-27
LRCX,equity,2019-03-31,5291196000,2019-05-20,StockholdersEquity,2026-08-27
LRCX,grossProfit,2019-03-31,1074337000,2019-05-20,GrossProfit,2026-08-27
LRCX,inventory,2019-03-31,1622242000,2019-05-20,InventoryNet,2026-08-27
LRCX,liabilities,2019-03-31,7554283000,2019-05-20,Liabilities,2026-08-27
LRCX,netIncome,2019-03-31,547390000,2019-05-20,NetIncomeLoss,2026-08-27
LRCX,operatingIncome,2019-03-31,565517000,2019-05-20,OperatingIncomeLoss,2026-08-27
LRCX,receivables,2019-03-31,1522273000,2019-05-20,AccountsReceivableNetCurrent,2026-08-27
LRCX,revenue,2019-03-31,2439048000,2019-05-20,RevenueFromContractWithCustomerExcludingAssessedTax,2026-08-27
LRCX,rnd,2019-03-31,318514000,2019-05-20,ResearchAndDevelopmentExpense,2026-08-27
LRCX,shares,2019-03-31,149886000,2019-05-20,CommonStockSharesOutstanding,2026-08-27
LULU,assets,2019-02-03,2084711000,2019-04-29,Assets,2026-08-27
LULU,cash,2019-02-03,881320000,2019-04-29,CashAndCashEquivalentsAtCarryingValue,2026-08-27
LULU,equity,2019-02-03,1445975000,2019-04-29,StockholdersEquity,2026-08-27
LULU,grossProfit,2019-02-03,668583000,2019-04-29,GrossProfit,2026-08-27
LULU,inventory,2019-02-03,404842000,2019-04-29,InventoryNet,2026-08-27
LULU,liabilities,2019-02-03,638736000,2019-04-29,Liabilities,2026-08-27
LULU,netIncome,2019-02-03,218465000,2019-04-29,NetIncomeLoss,2026-08-27
LULU,operatingIncome,2019-02-03,331420000,2019-04-29,OperatingIncomeLoss,2026-08-27
LULU,revenue,2019-02-03,1167458000,2019-04-29,RevenueFromContractWithCustomerExcludingAssessedTax,2026-08-27
LULU,shares,2019-02-03,121600000,2019-04-29,CommonStockSharesOutstanding,2026-08-27
LUV,assets,2019-03-31,26459000000,2019-05-20,Assets,2026-08-27
LUV,buybacks,2019-03-31,500000000,2019-05-20,PaymentsForRepurchaseOfCommonStock,2026-08-27
LUV,capex,2019-03-31,160000000,2019-05-20,PaymentsToAcquireProductiveAssets,2026-08-27
LUV,cash,2019-03-31,2344000000,2019-05-20,CashAndCashEquivalentsAtCarryingValue,2026-08-27
LUV,equity,2019-03-31,9791000000,2019-05-20,StockholdersEquity,2026-08-27
LUV,netIncome,2019-03-31,387000000,2019-05-20,NetIncomeLoss,2026-08-27
LUV,operatingCashFlow,2019-03-31,1105000000,2019-05-20,NetCashProvidedByUsedInOperatingActivities,2026-08-27
LUV,operatingIncome,2019-03-31,505000000,2019-05-20,OperatingIncomeLoss,2026-08-27
LUV,revenue,2019-03-31,5149000000,2019-05-20,Revenues,2026-08-27
LVS,assets,2019-03-31,22313000000,2019-05-20,Assets,2026-08-27
LVS,buybacks,2019-03-31,174000000,2019-05-20,PaymentsForRepurchaseOfCommonStock,2026-08-27
LVS,capex,2019-03-31,240000000,2019-05-20,PaymentsToAcquirePropertyPlantAndEquipment,2026-08-27
LVS,cash,2019-03-31,4134000000,2019-05-20,CashAndCashEquivalentsAtCarryingValue,2026-08-27
LVS,equity,2019-03-31,5525000000,2019-05-20,StockholdersEquity,2026-08-27
LVS,inventory,2019-03-31,35000000,2019-05-20,InventoryNet,2026-08-27
LVS,liabilities,2019-03-31,15873000000,2019-05-20,Liabilities,2026-08-27
LVS,netIncome,2019-03-31,582000000,2019-05-20,NetIncomeLoss,2026-08-27
LVS,operatingCashFlow,2019-03-31,820000000,2019-05-20,NetCashProvidedByUsedInOperatingActivities,2026-08-27
LVS,operatingIncome,2019-03-31,971000000,2019-05-20,OperatingIncomeLoss,2026-08-27
LVS,receivables,2019-03-31,737000000,2019-05-20,AccountsReceivableNetCurrent,2026-08-27
LVS,revenue,2019-03-31,3646000000,2019-05-20,Revenues,2026-08-27
LVS,shares,2019-03-31,773000000,2019-05-20,CommonStockSharesOutstanding,2026-08-27
LYB,assets,2019-03-31,29889000000,2019-05-20,Assets,2026-08-27
LYB,buybacks,2019-03-31,512000000,2019-05-20,PaymentsForRepurchaseOfCommonStock,2026-08-27
LYB,capex,2019-03-31,599000000,2019-05-20,PaymentsToAcquirePropertyPlantAndEquipment,2026-08-27
LYB,cash,2019-03-31,339000000,2019-05-20,CashAndCashEquivalentsAtCarryingValue,2026-08-27
LYB,equity,2019-03-31,10138000000,2019-05-20,StockholdersEquity,2026-08-27
LYB,grossProfit,2019-03-31,1332000000,2019-05-20,GrossProfit,2026-08-27
LYB,inventory,2019-03-31,4496000000,2019-05-20,InventoryNet,2026-08-27
LYB,netIncome,2019-03-31,817000000,2019-05-20,NetIncomeLoss,2026-08-27
LYB,operatingCashFlow,2019-03-31,657000000,2019-05-20,NetCashProvidedByUsedInOperatingActivities,2026-08-27
LYB,operatingIncome,2019-03-31,1017000000,2019-05-20,OperatingIncomeLoss,2026-08-27
LYB,receivables,2019-03-31,3508000000,2019-05-20,AccountsReceivableNetCurrent,2026-08-27
LYB,revenue,2019-03-31,8778000000,2019-05-20,Revenues,2026-08-27
LYB,rnd,2019-03-31,28000000,2019-05-20,ResearchAndDevelopmentExpense,2026-08-27
LYB,shares,2019-03-31,370326103,2019-05-20,CommonStockSharesOutstanding,2026-08-27
LYV,assets,2019-03-31,10302533000,2019-05-20,Assets,2026-08-27
LYV,capex,2019-03-31,57136000,2019-05-20,PaymentsToAcquirePropertyPlantAndEquipment,2026-08-27
LYV,cash,2019-03-31,2670538000,2019-05-20,CashAndCashEquivalentsAtCarryingValue,2026-08-27
LYV,equity,2019-03-31,1043208000,2019-05-20,StockholdersEquity,2026-08-27
LYV,netIncome,2019-03-31,-52444000,2019-05-20,NetIncomeLoss,2026-08-27
LYV,operatingCashFlow,2019-03-31,469050000,2019-05-20,NetCashProvidedByUsedInOperatingActivities,2026-08-27
LYV,operatingIncome,2019-03-31,-23863000,2019-05-20,OperatingIncomeLoss,2026-08-27
LYV,receivables,2019-03-31,920035000,2019-05-20,AccountsReceivableNetCurrent,2026-08-27
LYV,revenue,2019-03-31,1727828000,2019-05-20,Revenues,2026-08-27
MA,assets,2019-03-31,23520000000,2019-05-20,Assets,2026-08-27
MA,buybacks,2019-03-31,1824000000,2019-05-20,PaymentsForRepurchaseOfCommonStock,2026-08-27
MA,capex,2019-03-31,83000000,2019-05-20,PaymentsToAcquirePropertyPlantAndEquipment,2026-08-27
MA,cash,2019-03-31,5857000000,2019-05-20,CashAndCashEquivalentsAtCarryingValue,2026-08-27
MA,debt,2019-03-31,5799000000,2019-05-20,LongTermDebtNoncurrent,2026-08-27
MA,equity,2019-03-31,5168000000,2019-05-20,StockholdersEquity,2026-08-27
MA,liabilities,2019-03-31,18257000000,2019-05-20,Liabilities,2026-08-27
MA,operatingCashFlow,2019-03-31,1312000000,2019-05-20,NetCashProvidedByUsedInOperatingActivities,2026-08-27
MA,operatingIncome,2019-03-31,2213000000,2019-05-20,OperatingIncomeLoss,2026-08-27
MA,receivables,2019-03-31,2577000000,2019-05-20,AccountsReceivableNetCurrent,2026-08-27
MA,revenue,2019-03-31,3889000000,2019-05-20,Revenues,2026-08-27
MAA,cash,2019-03-31,44623000,2019-05-20,CashAndCashEquivalentsAtCarryingValue,2026-08-27
MAA,netIncome,2019-03-31,63660000,2019-05-20,NetIncomeLoss,2026-08-27
MAA,operatingCashFlow,2019-03-31,154678000,2019-05-20,NetCashProvidedByUsedInOperatingActivities,2026-08-27
MAA,revenue,2019-03-31,401178000,2019-05-20,Revenues,2026-08-27
MAA,shares,2019-03-31,113916208,2019-05-20,CommonStockSharesOutstanding,2026-08-27
MAR,assets,2019-03-31,24746000000,2019-05-20,Assets,2026-08-27
MAR,buybacks,2019-03-31,797000000,2019-05-20,PaymentsForRepurchaseOfCommonStock,2026-08-27
MAR,capex,2019-03-31,66000000,2019-05-20,PaymentsToAcquirePropertyPlantAndEquipment,2026-08-27
MAR,cash,2019-03-31,258000000,2019-05-20,CashAndCashEquivalentsAtCarryingValue,2026-08-27
MAR,equity,2019-03-31,1603000000,2019-05-20,StockholdersEquity,2026-08-27
MAR,netIncome,2019-03-31,375000000,2019-05-20,NetIncomeLoss,2026-08-27
MAR,operatingCashFlow,2019-03-31,151000000,2019-05-20,NetCashProvidedByUsedInOperatingActivities,2026-08-27
MAR,operatingIncome,2019-03-31,510000000,2019-05-20,OperatingIncomeLoss,2026-08-27
MAR,revenue,2019-03-31,5012000000,2019-05-20,Revenues,2026-08-27
MAR,shares,2019-03-31,334100000,2019-05-20,CommonStockSharesOutstanding,2026-08-27
MAS,assets,2019-03-31,5602000000,2019-05-20,Assets,2026-08-27
MAS,buybacks,2019-03-31,116000000,2019-05-20,PaymentsForRepurchaseOfCommonStock,2026-08-27
MAS,capex,2019-03-31,38000000,2019-05-20,PaymentsToAcquireProductiveAssets,2026-08-27
MAS,cash,2019-03-31,316000000,2019-05-20,CashAndCashEquivalentsAtCarryingValue,2026-08-27
MAS,debt,2019-03-31,2771000000,2019-05-20,LongTermDebtNoncurrent,2026-08-27
MAS,equity,2019-03-31,-146000000,2019-05-20,StockholdersEquity,2026-08-27
MAS,grossProfit,2019-03-31,522000000,2019-05-20,GrossProfit,2026-08-27
MAS,inventory,2019-03-31,1011000000,2019-05-20,InventoryNet,2026-08-27
MAS,liabilities,2019-03-31,5560000000,2019-05-20,Liabilities,2026-08-27
MAS,netIncome,2019-03-31,116000000,2019-05-20,NetIncomeLoss,2026-08-27
MAS,operatingCashFlow,2019-03-31,-131000000,2019-05-20,NetCashProvidedByUsedInOperatingActivities,2026-08-27
MAS,operatingIncome,2019-03-31,197000000,2019-05-20,OperatingIncomeLoss,2026-08-27
MAS,revenue,2019-03-31,1513000000,2019-05-20,RevenueFromContractWithCustomerExcludingAssessedTax,2026-08-27
MAS,shares,2019-03-31,291500000,2019-05-20,CommonStockSharesOutstanding,2026-08-27
MCD,assets,2019-03-31,46466600000,2019-05-20,Assets,2026-08-27
MCD,buybacks,2019-03-31,996100000,2019-05-20,PaymentsForRepurchaseOfCommonStock,2026-08-27
MCD,capex,2019-03-31,515300000,2019-05-20,PaymentsToAcquirePropertyPlantAndEquipment,2026-08-27
MCD,cash,2019-03-31,2289100000,2019-05-20,CashAndCashEquivalentsAtCarryingValue,2026-08-27
MCD,debt,2019-03-31,32892000000,2019-05-20,LongTermDebtNoncurrent,2026-08-27
MCD,equity,2019-03-31,-6550900000,2019-05-20,StockholdersEquity,2026-08-27
MCD,inventory,2019-03-31,40800000,2019-05-20,InventoryNet,2026-08-27
MCD,netIncome,2019-03-31,1328400000,2019-05-20,NetIncomeLoss,2026-08-27
MCD,operatingCashFlow,2019-03-31,2020600000,2019-05-20,NetCashProvidedByUsedInOperatingActivities,2026-08-27
MCD,operatingIncome,2019-03-31,2094000000,2019-05-20,OperatingIncomeLoss,2026-08-27
MCD,revenue,2019-03-31,5024100000,2019-05-20,Revenues,2026-08-27
MCHP,assets,2019-03-31,18350000000,2019-05-20,Assets,2026-08-27
MCHP,cash,2019-03-31,428600000,2019-05-20,CashAndCashEquivalentsAtCarryingValue,2026-08-27
MCHP,debt,2019-03-31,8946200000,2019-05-20,LongTermDebtNoncurrent,2026-08-27
MCHP,equity,2019-03-31,5287500000,2019-05-20,StockholdersEquity,2026-08-27
MCHP,grossProfit,2019-03-31,820500000,2019-05-20,GrossProfit,2026-08-27
MCHP,inventory,2019-03-31,711700000,2019-05-20,InventoryNet,2026-08-27
MCHP,netIncome,2019-03-31,174700000,2019-05-20,NetIncomeLoss,2026-08-27
MCHP,operatingIncome,2019-03-31,284600000,2019-05-20,OperatingIncomeLoss,2026-08-27
MCHP,receivables,2019-03-31,880600000,2019-05-20,AccountsReceivableNetCurrent,2026-08-27
MCHP,revenue,2019-03-31,1329800000,2019-05-20,Revenues,2026-08-27
MCHP,shares,2019-03-31,237589501,2019-05-20,CommonStockSharesOutstanding,2026-08-27
MCK,assets,2019-03-31,59672000000,2019-05-20,Assets,2026-08-27
MCK,cash,2019-03-31,2981000000,2019-05-20,CashAndCashEquivalentsAtCarryingValue,2026-08-27
MCK,debt,2019-03-31,7265000000,2019-05-20,LongTermDebtNoncurrent,2026-08-27
MCK,equity,2019-03-31,8094000000,2019-05-20,StockholdersEquity,2026-08-27
MCK,grossProfit,2019-03-31,3201000000,2019-05-20,GrossProfit,2026-08-27
MCK,inventory,2019-03-31,16709000000,2019-05-20,InventoryNet,2026-08-27
MCK,netIncome,2019-03-31,-796000000,2019-05-20,NetIncomeLoss,2026-08-27
MCK,revenue,2019-03-31,52429000000,2019-05-20,RevenueFromContractWithCustomerExcludingAssessedTax,2026-08-27
MCO,assets,2019-03-31,9518100000,2019-05-20,Assets,2026-08-27
MCO,buybacks,2019-03-31,448000000,2019-05-20,PaymentsForRepurchaseOfCommonStock,2026-08-27
MCO,capex,2019-03-31,20000000,2019-05-20,PaymentsToAcquirePropertyPlantAndEquipment,2026-08-27
MCO,cash,2019-03-31,1196600000,2019-05-20,CashAndCashEquivalentsAtCarryingValue,2026-08-27
MCO,debt,2019-03-31,5228600000,2019-05-20,LongTermDebtNoncurrent,2026-08-27
MCO,equity,2019-03-31,123200000,2019-05-20,StockholdersEquity,2026-08-27
MCO,liabilities,2019-03-31,9193100000,2019-05-20,Liabilities,2026-08-27
MCO,netIncome,2019-03-31,373000000,2019-05-20,NetIncomeLoss,2026-08-27
MCO,operatingCashFlow,2019-03-31,367000000,2019-05-20,NetCashProvidedByUsedInOperatingActivities,2026-08-27
MCO,operatingIncome,2019-03-31,462000000,2019-05-20,OperatingIncomeLoss,2026-08-27
MCO,receivables,2019-03-31,1301200000,2019-05-20,AccountsReceivableNetCurrent,2026-08-27
MCO,revenue,2019-03-31,1142100000,2019-05-20,Revenues,2026-08-27
MDLZ,assets,2019-03-31,64162000000,2019-05-20,Assets,2026-08-27
MDLZ,buybacks,2019-03-31,646000000,2019-05-20,PaymentsForRepurchaseOfCommonStock,2026-08-27
MDLZ,capex,2019-03-31,265000000,2019-05-20,PaymentsToAcquirePropertyPlantAndEquipment,2026-08-27
MDLZ,equity,2019-03-31,25828000000,2019-05-20,StockholdersEquity,2026-08-27
MDLZ,grossProfit,2019-03-31,2593000000,2019-05-20,GrossProfit,2026-08-27
MDLZ,inventory,2019-03-31,2620000000,2019-05-20,InventoryNet,2026-08-27
MDLZ,liabilities,2019-03-31,38253000000,2019-05-20,Liabilities,2026-08-27
MDLZ,netIncome,2019-03-31,967000000,2019-05-20,NetIncomeLoss,2026-08-27
MDLZ,operatingCashFlow,2019-03-31,465000000,2019-05-20,NetCashProvidedByUsedInOperatingActivities,2026-08-27
MDLZ,operatingIncome,2019-03-31,1036000000,2019-05-20,OperatingIncomeLoss,2026-08-27
MDLZ,receivables,2019-03-31,2781000000,2019-05-20,AccountsReceivableNetCurrent,2026-08-27
MDLZ,revenue,2019-03-31,6538000000,2019-05-20,Revenues,2026-08-27
MDT,assets,2019-01-25,88730000000,2019-04-20,Assets,2026-08-27
MDT,cash,2019-01-25,3703000000,2019-04-20,CashAndCashEquivalentsAtCarryingValue,2026-08-27
MDT,equity,2019-01-25,49829000000,2019-04-20,StockholdersEquity,2026-08-27
MDT,grossProfit,2019-01-25,5281000000,2019-04-20,GrossProfit,2026-08-27
MDT,inventory,2019-01-25,3866000000,2019-04-20,InventoryNet,2026-08-27
MDT,liabilities,2019-01-25,38789000000,2019-04-20,Liabilities,2026-08-27
MDT,netIncome,2019-01-25,1269000000,2019-04-20,NetIncomeLoss,2026-08-27
MDT,operatingIncome,2019-01-25,1542000000,2019-04-20,OperatingIncomeLoss,2026-08-27
MDT,receivables,2019-01-25,5854000000,2019-04-20,AccountsReceivableNetCurrent,2026-08-27
MDT,revenue,2019-01-25,7546000000,2019-04-20,RevenueFromContractWithCustomerExcludingAssessedTax,2026-08-27
MDT,shares,2019-01-25,1340592569,2019-04-20,CommonStockSharesOutstanding,2026-08-27
MET,assets,2019-03-31,713188000000,2019-05-20,Assets,2026-08-27
MET,buybacks,2019-03-31,500000000,2019-05-20,PaymentsForRepurchaseOfCommonStock,2026-08-27
MET,cash,2019-03-31,14506000000,2019-05-20,CashAndCashEquivalentsAtCarryingValue,2026-08-27
MET,equity,2019-03-31,58509000000,2019-05-20,StockholdersEquity,2026-08-27
MET,liabilities,2019-03-31,654450000000,2019-05-20,Liabilities,2026-08-27
MET,netIncome,2019-03-31,1381000000,2019-05-20,NetIncomeLoss,2026-08-27
MET,operatingCashFlow,2019-03-31,2072000000,2019-05-20,NetCashProvidedByUsedInOperatingActivities,2026-08-27
MET,revenue,2019-03-31,16302000000,2019-05-20,Revenues,2026-08-27
MET,shares,2019-03-31,950181456,2019-05-20,CommonStockSharesOutstanding,2026-08-27
META,assets,2019-03-31,109477000000,2019-05-20,Assets,2026-08-27
META,buybacks,2019-03-31,613000000,2019-05-20,PaymentsForRepurchaseOfCommonStock,2026-08-27
META,capex,2019-03-31,3837000000,2019-05-20,PaymentsToAcquirePropertyPlantAndEquipment,2026-08-27
META,cash,2019-03-31,11076000000,2019-05-20,CashAndCashEquivalentsAtCarryingValue,2026-08-27
META,equity,2019-03-31,86516000000,2019-05-20,StockholdersEquity,2026-08-27
META,liabilities,2019-03-31,22961000000,2019-05-20,Liabilities,2026-08-27
META,netIncome,2019-03-31,2429000000,2019-05-20,NetIncomeLoss,2026-08-27
META,operatingCashFlow,2019-03-31,9308000000,2019-05-20,NetCashProvidedByUsedInOperatingActivities,2026-08-27
META,operatingIncome,2019-03-31,3317000000,2019-05-20,OperatingIncomeLoss,2026-08-27
META,receivables,2019-03-31,6475000000,2019-05-20,AccountsReceivableNetCurrent,2026-08-27
META,revenue,2019-03-31,15077000000,2019-05-20,RevenueFromContractWithCustomerExcludingAssessedTax,2026-08-27
META,rnd,2019-03-31,2860000000,2019-05-20,ResearchAndDevelopmentExpense,2026-08-27
MGM,assets,2019-03-31,31146921000,2019-05-20,Assets,2026-08-27
MGM,buybacks,2019-03-31,0,2019-05-20,PaymentsForRepurchaseOfCommonStock,2026-08-27
MGM,capex,2019-03-31,183252000,2019-05-20,PaymentsToAcquirePropertyPlantAndEquipment,2026-08-27
MGM,cash,2019-03-31,1223404000,2019-05-20,CashAndCashEquivalentsAtCarryingValue,2026-08-27
MGM,debt,2019-03-31,14730829000,2019-05-20,LongTermDebtNoncurrent,2026-08-27
MGM,equity,2019-03-31,6786204000,2019-05-20,StockholdersEquity,2026-08-27
MGM,equityStakes,2019-03-31,9558000,2019-05-20,PaymentsToAcquireEquityMethodInvestments,2026-08-27
MGM,inventory,2019-03-31,111302000,2019-05-20,InventoryNet,2026-08-27
MGM,liabilities,2019-03-31,19829718000,2019-05-20,Liabilities,2026-08-27
MGM,netIncome,2019-03-31,31297000,2019-05-20,NetIncomeLoss,2026-08-27
MGM,operatingCashFlow,2019-03-31,399782000,2019-05-20,NetCashProvidedByUsedInOperatingActivities,2026-08-27
MGM,operatingIncome,2019-03-31,370260000,2019-05-20,OperatingIncomeLoss,2026-08-27
MGM,receivables,2019-03-31,602602000,2019-05-20,AccountsReceivableNetCurrent,2026-08-27
MGM,revenue,2019-03-31,3176911000,2019-05-20,RevenueFromContractWithCustomerExcludingAssessedTax,2026-08-27
MGM,shares,2019-03-31,537156480,2019-05-20,CommonStockSharesOutstanding,2026-08-27
MKC,assets,2019-02-28,10227900000,2019-04-19,Assets,2026-08-27
MKC,buybacks,2019-02-28,30500000,2019-04-19,PaymentsForRepurchaseOfCommonStock,2026-08-27
MKC,capex,2019-02-28,25400000,2019-04-19,PaymentsToAcquirePropertyPlantAndEquipment,2026-08-27
MKC,cash,2019-02-28,102300000,2019-04-19,CashAndCashEquivalentsAtCarryingValue,2026-08-27
MKC,debt,2019-02-28,4034000000,2019-04-19,LongTermDebtNoncurrent,2026-08-27
MKC,equity,2019-02-28,3331000000,2019-04-19,StockholdersEquity,2026-08-27
MKC,grossProfit,2019-02-28,466900000,2019-04-19,GrossProfit,2026-08-27
MKC,liabilities,2019-02-28,6885200000,2019-04-19,Liabilities,2026-08-27
MKC,netIncome,2019-02-28,148000000,2019-04-19,NetIncomeLoss,2026-08-27
MKC,operatingCashFlow,2019-02-28,103600000,2019-04-19,NetCashProvidedByUsedInOperatingActivities,2026-08-27
MKC,operatingIncome,2019-02-28,196900000,2019-04-19,OperatingIncomeLoss,2026-08-27
MKC,receivables,2019-02-28,435700000,2019-04-19,AccountsReceivableNetCurrent,2026-08-27
MKC,revenue,2019-02-28,1231500000,2019-04-19,Revenues,2026-08-27
MLM,assets,2019-03-31,10048407000,2019-05-20,Assets,2026-08-27
MLM,capex,2019-03-31,130100000,2019-05-20,PaymentsToAcquirePropertyPlantAndEquipment,2026-08-27
MLM,cash,2019-03-31,37357000,2019-05-20,CashAndCashEquivalentsAtCarryingValue,2026-08-27
MLM,debt,2019-03-31,2801228000,2019-05-20,LongTermDebtNoncurrent,2026-08-27
MLM,equity,2019-03-31,4972474000,2019-05-20,StockholdersEquity,2026-08-27
MLM,grossProfit,2019-03-31,142900000,2019-05-20,GrossProfit,2026-08-27
MLM,inventory,2019-03-31,646176000,2019-05-20,InventoryNet,2026-08-27
MLM,liabilities,2019-03-31,5072911000,2019-05-20,Liabilities,2026-08-27
MLM,netIncome,2019-03-31,42900000,2019-05-20,NetIncomeLoss,2026-08-27
MLM,operatingCashFlow,2019-03-31,117900000,2019-05-20,NetCashProvidedByUsedInOperatingActivities,2026-08-27
MLM,operatingIncome,2019-03-31,69200000,2019-05-20,OperatingIncomeLoss,2026-08-27
MLM,receivables,2019-03-31,550607000,2019-05-20,AccountsReceivableNetCurrent,2026-08-27
MLM,revenue,2019-03-31,939000000,2019-05-20,RevenueFromContractWithCustomerExcludingAssessedTax,2026-08-27
MMM,assets,2019-03-31,39140000000,2019-05-20,Assets,2026-08-27
MMM,buybacks,2019-03-31,701000000,2019-05-20,PaymentsForRepurchaseOfCommonStock,2026-08-27
MMM,capex,2019-03-31,391000000,2019-05-20,PaymentsToAcquirePropertyPlantAndEquipment,2026-08-27
MMM,debt,2019-03-31,15580000000,2019-05-20,LongTermDebtNoncurrent,2026-08-27
MMM,equity,2019-03-31,9703000000,2019-05-20,StockholdersEquity,2026-08-27
MMM,inventory,2019-03-31,4538000000,2019-05-20,InventoryNet,2026-08-27
MMM,liabilities,2019-03-31,29383000000,2019-05-20,Liabilities,2026-08-27
MMM,netIncome,2019-03-31,891000000,2019-05-20,NetIncomeLoss,2026-08-27
MMM,operatingCashFlow,2019-03-31,1048000000,2019-05-20,NetCashProvidedByUsedInOperatingActivities,2026-08-27
MMM,operatingIncome,2019-03-31,1136000000,2019-05-20,OperatingIncomeLoss,2026-08-27
MMM,receivables,2019-03-31,5173000000,2019-05-20,AccountsReceivableNetCurrent,2026-08-27
MMM,revenue,2019-03-31,7863000000,2019-05-20,Revenues,2026-08-27
MNST,assets,2019-03-31,4655851000,2019-05-20,Assets,2026-08-27
MNST,buybacks,2019-03-31,222792000,2019-05-20,PaymentsForRepurchaseOfCommonStock,2026-08-27
MNST,capex,2019-03-31,8485000,2019-05-20,PaymentsToAcquirePropertyPlantAndEquipment,2026-08-27
MNST,cash,2019-03-31,618344000,2019-05-20,CashAndCashEquivalentsAtCarryingValue,2026-08-27
MNST,equity,2019-03-31,3698820000,2019-05-20,StockholdersEquity,2026-08-27
MNST,grossProfit,2019-03-31,573532000,2019-05-20,GrossProfit,2026-08-27
MNST,inventory,2019-03-31,300780000,2019-05-20,InventoryNet,2026-08-27
MNST,operatingCashFlow,2019-03-31,123396000,2019-05-20,NetCashProvidedByUsedInOperatingActivities,2026-08-27
MNST,operatingIncome,2019-03-31,311461000,2019-05-20,OperatingIncomeLoss,2026-08-27
MNST,receivables,2019-03-31,596661000,2019-05-20,AccountsReceivableNetCurrent,2026-08-27
MNST,revenue,2019-03-31,945991000,2019-05-20,RevenueFromContractWithCustomerExcludingAssessedTax,2026-08-27
MNST,shares,2019-03-31,543547000,2019-05-20,CommonStockSharesOutstanding,2026-08-27
MO,assets,2019-03-31,59233000000,2019-05-20,Assets,2026-08-27
MO,buybacks,2019-03-31,151000000,2019-05-20,PaymentsForRepurchaseOfCommonStock,2026-08-27
MO,capex,2019-03-31,38000000,2019-05-20,PaymentsToAcquirePropertyPlantAndEquipment,2026-08-27
MO,cash,2019-03-31,3352000000,2019-05-20,CashAndCashEquivalentsAtCarryingValue,2026-08-27
MO,debt,2019-03-31,27024000000,2019-05-20,LongTermDebtNoncurrent,2026-08-27
MO,equity,2019-03-31,14079000000,2019-05-20,StockholdersEquity,2026-08-27
MO,equityStakes,2019-03-31,1831000000,2019-05-20,PaymentsToAcquireEquityMethodInvestments,2026-08-27
MO,grossProfit,2019-03-31,2811000000,2019-05-20,GrossProfit,2026-08-27
MO,inventory,2019-03-31,2356000000,2019-05-20,InventoryNet,2026-08-27
MO,liabilities,2019-03-31,45114000000,2019-05-20,Liabilities,2026-08-27
MO,netIncome,2019-03-31,1120000000,2019-05-20,NetIncomeLoss,2026-08-27
MO,operatingCashFlow,2019-03-31,2289000000,2019-05-20,NetCashProvidedByUsedInOperatingActivities,2026-08-27
MO,operatingIncome,2019-03-31,2238000000,2019-05-20,OperatingIncomeLoss,2026-08-27
MO,revenue,2019-03-31,5628000000,2019-05-20,RevenueFromContractWithCustomerExcludingAssessedTax,2026-08-27
MOS,assets,2019-03-31,20445300000,2019-05-20,Assets,2026-08-27
MOS,capex,2019-03-31,313900000,2019-05-20,PaymentsToAcquirePropertyPlantAndEquipment,2026-08-27
MOS,cash,2019-03-31,384600000,2019-05-20,CashAndCashEquivalentsAtCarryingValue,2026-08-27
MOS,equity,2019-03-31,10601200000,2019-05-20,StockholdersEquity,2026-08-27
MOS,grossProfit,2019-03-31,309500000,2019-05-20,GrossProfit,2026-08-27
MOS,inventory,2019-03-31,2572100000,2019-05-20,InventoryNet,2026-08-27
MOS,netIncome,2019-03-31,130800000,2019-05-20,NetIncomeLoss,2026-08-27
MOS,operatingCashFlow,2019-03-31,-175500000,2019-05-20,NetCashProvidedByUsedInOperatingActivities,2026-08-27
MOS,operatingIncome,2019-03-31,202100000,2019-05-20,OperatingIncomeLoss,2026-08-27
MOS,revenue,2019-03-31,1899700000,2019-05-20,RevenueFromContractWithCustomerExcludingAssessedTax,2026-08-27
MOS,shares,2019-03-31,385788256,2019-05-20,CommonStockSharesOutstanding,2026-08-27
MPC,assets,2019-03-31,96436000000,2019-05-20,Assets,2026-08-27
MPC,buybacks,2019-03-31,885000000,2019-05-20,PaymentsForRepurchaseOfCommonStock,2026-08-27
MPC,capex,2019-03-31,1241000000,2019-05-20,PaymentsToAcquirePropertyPlantAndEquipment,2026-08-27
MPC,cash,2019-03-31,877000000,2019-05-20,CashAndCashEquivalentsAtCarryingValue,2026-08-27
MPC,equity,2019-03-31,33951000000,2019-05-20,StockholdersEquity,2026-08-27
MPC,inventory,2019-03-31,9833000000,2019-05-20,InventoryNet,2026-08-27
MPC,liabilities,2019-03-31,52574000000,2019-05-20,Liabilities,2026-08-27
MPC,netIncome,2019-03-31,-7000000,2019-05-20,NetIncomeLoss,2026-08-27
MPC,operatingCashFlow,2019-03-31,1623000000,2019-05-20,NetCashProvidedByUsedInOperatingActivities,2026-08-27
MPC,operatingIncome,2019-03-31,526000000,2019-05-20,OperatingIncomeLoss,2026-08-27
MPC,receivables,2019-03-31,6893000000,2019-05-20,AccountsReceivableNetCurrent,2026-08-27
MPC,revenue,2019-03-31,28267000000,2019-05-20,Revenues,2026-08-27
MPWR,assets,2019-03-31,848209000,2019-05-20,Assets,2026-08-27
MPWR,capex,2019-03-31,58376000,2019-05-20,PaymentsToAcquirePropertyPlantAndEquipment,2026-08-27
MPWR,cash,2019-03-31,181769000,2019-05-20,CashAndCashEquivalentsAtCarryingValue,2026-08-27
MPWR,equity,2019-03-31,680251000,2019-05-20,StockholdersEquity,2026-08-27
MPWR,grossProfit,2019-03-31,78006000,2019-05-20,GrossProfit,2026-08-27
MPWR,inventory,2019-03-31,142543000,2019-05-20,InventoryNet,2026-08-27
MPWR,liabilities,2019-03-31,167958000,2019-05-20,Liabilities,2026-08-27
MPWR,netIncome,2019-03-31,26181000,2019-05-20,NetIncomeLoss,2026-08-27
MPWR,operatingCashFlow,2019-03-31,38836000,2019-05-20,NetCashProvidedByUsedInOperatingActivities,2026-08-27
MPWR,operatingIncome,2019-03-31,21717000,2019-05-20,OperatingIncomeLoss,2026-08-27
MPWR,receivables,2019-03-31,58889000,2019-05-20,AccountsReceivableNetCurrent,2026-08-27
MPWR,revenue,2019-03-31,141363000,2019-05-20,RevenueFromContractWithCustomerExcludingAssessedTax,2026-08-27
MPWR,shares,2019-03-31,43033000,2019-05-20,CommonStockSharesOutstanding,2026-08-27
MRK,assets,2019-03-31,82354000000,2019-05-20,Assets,2026-08-27
MRK,buybacks,2019-03-31,1090000000,2019-05-20,PaymentsForRepurchaseOfCommonStock,2026-08-27
MRK,capex,2019-03-31,595000000,2019-05-20,PaymentsToAcquireProductiveAssets,2026-08-27
MRK,cash,2019-03-31,8076000000,2019-05-20,CashAndCashEquivalentsAtCarryingValue,2026-08-27
MRK,debt,2019-03-31,22721000000,2019-05-20,LongTermDebtNoncurrent,2026-08-27
MRK,equity,2019-03-31,27539000000,2019-05-20,StockholdersEquity,2026-08-27
MRK,inventory,2019-03-31,5712000000,2019-05-20,InventoryNet,2026-08-27
MRK,netIncome,2019-03-31,2915000000,2019-05-20,NetIncomeLoss,2026-08-27
MRK,operatingCashFlow,2019-03-31,1336000000,2019-05-20,NetCashProvidedByUsedInOperatingActivities,2026-08-27
MRK,receivables,2019-03-31,7608000000,2019-05-20,AccountsReceivableNetCurrent,2026-08-27
MRK,revenue,2019-03-31,10816000000,2019-05-20,Revenues,2026-08-27
MRK,rnd,2019-03-31,1931000000,2019-05-20,ResearchAndDevelopmentExpense,2026-08-27
MRNA,assets,2019-03-31,1806207000,2019-05-20,Assets,2026-08-27
MRNA,capex,2019-03-31,7595000,2019-05-20,PaymentsToAcquirePropertyPlantAndEquipment,2026-08-27
MRNA,cash,2019-03-31,502934000,2019-05-20,CashAndCashEquivalentsAtCarryingValue,2026-08-27
MRNA,equity,2019-03-31,1442325000,2019-05-20,StockholdersEquity,2026-08-27
MRNA,liabilities,2019-03-31,360174000,2019-05-20,Liabilities,2026-08-27
MRNA,netIncome,2019-03-31,-132576000,2019-05-20,NetIncomeLoss,2026-08-27
MRNA,operatingCashFlow,2019-03-31,-144268000,2019-05-20,NetCashProvidedByUsedInOperatingActivities,2026-08-27
MRNA,operatingIncome,2019-03-31,-141641000,2019-05-20,OperatingIncomeLoss,2026-08-27
MRNA,receivables,2019-03-31,5646000,2019-05-20,AccountsReceivableNetCurrent,2026-08-27
MRNA,revenue,2019-03-31,16025000,2019-05-20,Revenues,2026-08-27
MRNA,rnd,2019-03-31,130413000,2019-05-20,ResearchAndDevelopmentExpense,2026-08-27
MRNA,shares,2019-03-31,328853340,2019-05-20,CommonStockSharesOutstanding,2026-08-27
MRSH,assets,2019-03-31,30137000000,2019-05-20,Assets,2026-08-27
MRSH,buybacks,2019-03-31,0,2019-05-20,PaymentsForRepurchaseOfCommonStock,2026-08-27
MRSH,capex,2019-03-31,73000000,2019-05-20,PaymentsToAcquirePropertyPlantAndEquipment,2026-08-27
MRSH,cash,2019-03-31,1117000000,2019-05-20,CashAndCashEquivalentsAtCarryingValue,2026-08-27
MRSH,equityStakes,2019-03-31,88000000,2019-05-20,PaymentsToAcquireEquityMethodInvestments,2026-08-27
MRSH,netIncome,2019-03-31,716000000,2019-05-20,NetIncomeLoss,2026-08-27
MRSH,operatingCashFlow,2019-03-31,-276000000,2019-05-20,NetCashProvidedByUsedInOperatingActivities,2026-08-27
MRSH,operatingIncome,2019-03-31,938000000,2019-05-20,OperatingIncomeLoss,2026-08-27
MRSH,shares,2019-03-31,507000000,2019-05-20,CommonStockSharesOutstanding,2026-08-27
MRVL,equity,2019-02-02,7306410000,2019-04-28,StockholdersEquity,2026-08-27
MS,assets,2019-03-31,875964000000,2019-05-20,Assets,2026-08-27
MS,cash,2019-03-31,80682000000,2019-05-20,CashAndCashEquivalentsAtCarryingValue,2026-08-27
MS,debt,2019-03-31,189193000000,2019-05-20,LongTermDebt,2026-08-27
MS,equity,2019-03-31,80724000000,2019-05-20,StockholdersEquity,2026-08-27
MS,liabilities,2019-03-31,794072000000,2019-05-20,Liabilities,2026-08-27
MS,netIncome,2019-03-31,2429000000,2019-05-20,NetIncomeLoss,2026-08-27
MS,operatingCashFlow,2019-03-31,17041000000,2019-05-20,NetCashProvidedByUsedInOperatingActivities,2026-08-27
MS,shares,2019-03-31,1685996391,2019-05-20,CommonStockSharesOutstanding,2026-08-27
MSCI,assets,2019-03-31,3295565000,2019-05-20,Assets,2026-08-27
MSCI,buybacks,2019-03-31,284466000,2019-05-20,PaymentsForRepurchaseOfCommonStock,2026-08-27
MSCI,capex,2019-03-31,3156000,2019-05-20,PaymentsToAcquirePropertyPlantAndEquipment,2026-08-27
MSCI,cash,2019-03-31,642781000,2019-05-20,CashAndCashEquivalentsAtCarryingValue,2026-08-27
MSCI,debt,2019-03-31,2576388000,2019-05-20,LongTermDebtNoncurrent,2026-08-27
MSCI,equity,2019-03-31,-316508000,2019-05-20,StockholdersEquity,2026-08-27
MSCI,liabilities,2019-03-31,3612073000,2019-05-20,Liabilities,2026-08-27
MSCI,netIncome,2019-03-31,178192000,2019-05-20,NetIncomeLoss,2026-08-27
MSCI,operatingCashFlow,2019-03-31,87875000,2019-05-20,NetCashProvidedByUsedInOperatingActivities,2026-08-27
MSCI,operatingIncome,2019-03-31,162675000,2019-05-20,OperatingIncomeLoss,2026-08-27
MSCI,receivables,2019-03-31,427099000,2019-05-20,AccountsReceivableNetCurrent,2026-08-27
MSCI,revenue,2019-03-31,371381000,2019-05-20,RevenueFromContractWithCustomerExcludingAssessedTax,2026-08-27
MSCI,rnd,2019-03-31,23172000,2019-05-20,ResearchAndDevelopmentExpense,2026-08-27
MSCI,shares,2019-03-31,84675001,2019-05-20,CommonStockSharesOutstanding,2026-08-27
MSFT,assets,2019-03-31,263281000000,2019-05-20,Assets,2026-08-27
MSFT,buybacks,2019-03-31,4753000000,2019-05-20,PaymentsForRepurchaseOfCommonStock,2026-08-27
MSFT,capex,2019-03-31,2565000000,2019-05-20,PaymentsToAcquirePropertyPlantAndEquipment,2026-08-27
MSFT,cash,2019-03-31,11212000000,2019-05-20,CashAndCashEquivalentsAtCarryingValue,2026-08-27
MSFT,debt,2019-03-31,66585000000,2019-05-20,LongTermDebtNoncurrent,2026-08-27
MSFT,equity,2019-03-31,94864000000,2019-05-20,StockholdersEquity,2026-08-27
MSFT,grossProfit,2019-03-31,20401000000,2019-05-20,GrossProfit,2026-08-27
MSFT,inventory,2019-03-31,1951000000,2019-05-20,InventoryNet,2026-08-27
MSFT,liabilities,2019-03-31,168417000000,2019-05-20,Liabilities,2026-08-27
MSFT,netIncome,2019-03-31,8809000000,2019-05-20,NetIncomeLoss,2026-08-27
MSFT,operatingCashFlow,2019-03-31,13520000000,2019-05-20,NetCashProvidedByUsedInOperatingActivities,2026-08-27
MSFT,operatingIncome,2019-03-31,10341000000,2019-05-20,OperatingIncomeLoss,2026-08-27
MSFT,receivables,2019-03-31,19269000000,2019-05-20,AccountsReceivableNetCurrent,2026-08-27
MSFT,revenue,2019-03-31,30571000000,2019-05-20,RevenueFromContractWithCustomerExcludingAssessedTax,2026-08-27
MSFT,rnd,2019-03-31,4316000000,2019-05-20,ResearchAndDevelopmentExpense,2026-08-27
MSFT,shares,2019-03-31,7666000000,2019-05-20,CommonStockSharesOutstanding,2026-08-27
MSI,assets,2019-03-30,9993000000,2019-05-19,Assets,2026-08-27
MSI,buybacks,2019-03-30,145000000,2019-05-19,PaymentsForRepurchaseOfCommonStock,2026-08-27
MSI,capex,2019-03-30,66000000,2019-05-19,PaymentsToAcquireProductiveAssets,2026-08-27
MSI,cash,2019-03-30,886000000,2019-05-19,CashAndCashEquivalentsAtCarryingValue,2026-08-27
MSI,debt,2019-03-30,5287000000,2019-05-19,LongTermDebtNoncurrent,2026-08-27
MSI,equity,2019-03-30,-1108000000,2019-05-19,StockholdersEquity,2026-08-27
MSI,grossProfit,2019-03-30,773000000,2019-05-19,GrossProfit,2026-08-27
MSI,inventory,2019-03-30,425000000,2019-05-19,InventoryNet,2026-08-27
MSI,netIncome,2019-03-30,151000000,2019-05-19,NetIncomeLoss,2026-08-27
MSI,operatingCashFlow,2019-03-30,251000000,2019-05-19,NetCashProvidedByUsedInOperatingActivities,2026-08-27
MSI,operatingIncome,2019-03-30,229000000,2019-05-19,OperatingIncomeLoss,2026-08-27
MSI,receivables,2019-03-30,1150000000,2019-05-19,AccountsReceivableNetCurrent,2026-08-27
MSI,revenue,2019-03-30,1657000000,2019-05-19,RevenueFromContractWithCustomerExcludingAssessedTax,2026-08-27
MSI,rnd,2019-03-30,162000000,2019-05-19,ResearchAndDevelopmentExpense,2026-08-27
MSI,shares,2019-03-30,164800000,2019-05-19,CommonStockSharesOutstanding,2026-08-27
MTB,assets,2019-03-31,120025205000,2019-05-20,Assets,2026-08-27
MTB,buybacks,2019-03-31,365628000,2019-05-20,PaymentsForRepurchaseOfCommonStock,2026-08-27
MTB,debt,2019-03-31,8476024000,2019-05-20,LongTermDebt,2026-08-27
MTB,equity,2019-03-31,15587529000,2019-05-20,StockholdersEquity,2026-08-27
MTB,liabilities,2019-03-31,104437676000,2019-05-20,Liabilities,2026-08-27
MTB,netIncome,2019-03-31,482742000,2019-05-20,NetIncomeLoss,2026-08-27
MTB,operatingCashFlow,2019-03-31,413306000,2019-05-20,NetCashProvidedByUsedInOperatingActivities,2026-08-27
MTD,assets,2019-03-31,2636697000,2019-05-20,Assets,2026-08-27
MTD,buybacks,2019-03-31,186250000,2019-05-20,PaymentsForRepurchaseOfCommonStock,2026-08-27
MTD,capex,2019-03-31,22332000,2019-05-20,PaymentsToAcquirePropertyPlantAndEquipment,2026-08-27
MTD,cash,2019-03-31,126480000,2019-05-20,CashAndCashEquivalentsAtCarryingValue,2026-08-27
MTD,debt,2019-03-31,1008485000,2019-05-20,LongTermDebtNoncurrent,2026-08-27
MTD,equity,2019-03-31,561750000,2019-05-20,StockholdersEquity,2026-08-27
MTD,grossProfit,2019-03-31,388319000,2019-05-20,GrossProfit,2026-08-27
MTD,inventory,2019-03-31,282087000,2019-05-20,InventoryNet,2026-08-27
MTD,liabilities,2019-03-31,2074947000,2019-05-20,Liabilities,2026-08-27
MTD,netIncome,2019-03-31,111805000,2019-05-20,NetIncomeLoss,2026-08-27
MTD,operatingCashFlow,2019-03-31,98795000,2019-05-20,NetCashProvidedByUsedInOperatingActivities,2026-08-27
MTD,receivables,2019-03-31,489281000,2019-05-20,AccountsReceivableNetCurrent,2026-08-27
MTD,revenue,2019-03-31,679452000,2019-05-20,Revenues,2026-08-27
MTD,rnd,2019-03-31,36053000,2019-05-20,ResearchAndDevelopmentExpense,2026-08-27
MTD,shares,2019-03-31,24803286,2019-05-20,CommonStockSharesOutstanding,2026-08-27
MU,assets,2019-02-28,47487000000,2019-04-19,Assets,2026-08-27
MU,cash,2019-02-28,6353000000,2019-04-19,CashAndCashEquivalentsAtCarryingValue,2026-08-27
MU,equity,2019-02-28,34567000000,2019-04-19,StockholdersEquity,2026-08-27
MU,grossProfit,2019-02-28,2864000000,2019-04-19,GrossProfit,2026-08-27
MU,inventory,2019-02-28,4390000000,2019-04-19,InventoryNet,2026-08-27
MU,liabilities,2019-02-28,11958000000,2019-04-19,Liabilities,2026-08-27
MU,netIncome,2019-02-28,1619000000,2019-04-19,NetIncomeLoss,2026-08-27
MU,operatingIncome,2019-02-28,1957000000,2019-04-19,OperatingIncomeLoss,2026-08-27
MU,receivables,2019-02-28,3997000000,2019-04-19,AccountsReceivableNetCurrent,2026-08-27
MU,revenue,2019-02-28,5835000000,2019-04-19,RevenueFromContractWithCustomerExcludingAssessedTax,2026-08-27
MU,rnd,2019-02-28,601000000,2019-04-19,ResearchAndDevelopmentExpense,2026-08-27
MU,shares,2019-02-28,1106000000,2019-04-19,CommonStockSharesOutstanding,2026-08-27
NCLH,assets,2019-03-31,15761093000,2019-05-20,Assets,2026-08-27
NCLH,buybacks,2019-03-31,199996000,2019-05-20,PaymentsForRepurchaseOfCommonStock,2026-08-27
NCLH,capex,2019-03-31,214559000,2019-05-20,PaymentsToAcquirePropertyPlantAndEquipment,2026-08-27
NCLH,cash,2019-03-31,304708000,2019-05-20,CashAndCashEquivalentsAtCarryingValue,2026-08-27
NCLH,equity,2019-03-31,5905302000,2019-05-20,StockholdersEquity,2026-08-27
NCLH,inventory,2019-03-31,90101000,2019-05-20,InventoryNet,2026-08-27
NCLH,liabilities,2019-03-31,9855791000,2019-05-20,Liabilities,2026-08-27
NCLH,netIncome,2019-03-31,118157000,2019-05-20,NetIncomeLoss,2026-08-27
NCLH,operatingCashFlow,2019-03-31,527470000,2019-05-20,NetCashProvidedByUsedInOperatingActivities,2026-08-27
NCLH,operatingIncome,2019-03-31,158296000,2019-05-20,OperatingIncomeLoss,2026-08-27
NCLH,receivables,2019-03-31,57054000,2019-05-20,AccountsReceivableNetCurrent,2026-08-27
NCLH,shares,2019-03-31,215386265,2019-05-20,CommonStockSharesOutstanding,2026-08-27
NDAQ,assets,2019-03-31,14503000000,2019-05-20,Assets,2026-08-27
NDAQ,buybacks,2019-03-31,0,2019-05-20,PaymentsForRepurchaseOfCommonStock,2026-08-27
NDAQ,capex,2019-03-31,20000000,2019-05-20,PaymentsToAcquirePropertyPlantAndEquipment,2026-08-27
NDAQ,cash,2019-03-31,472000000,2019-05-20,CashAndCashEquivalentsAtCarryingValue,2026-08-27
NDAQ,debt,2019-03-31,2328000000,2019-05-20,LongTermDebtNoncurrent,2026-08-27
NDAQ,equity,2019-03-31,5494000000,2019-05-20,StockholdersEquity,2026-08-27
NDAQ,grossProfit,2019-03-31,634000000,2019-05-20,GrossProfit,2026-08-27
NDAQ,liabilities,2019-03-31,9009000000,2019-05-20,Liabilities,2026-08-27
NDAQ,netIncome,2019-03-31,247000000,2019-05-20,NetIncomeLoss,2026-08-27
NDAQ,operatingCashFlow,2019-03-31,337000000,2019-05-20,NetCashProvidedByUsedInOperatingActivities,2026-08-27
NDAQ,operatingIncome,2019-03-31,275000000,2019-05-20,OperatingIncomeLoss,2026-08-27
NDAQ,revenue,2019-03-31,1039000000,2019-05-20,RevenueFromContractWithCustomerExcludingAssessedTax,2026-08-27
NDAQ,shares,2019-03-31,165701483,2019-05-20,CommonStockSharesOutstanding,2026-08-27
NDSN,assets,2019-01-31,3397747000,2019-04-26,Assets,2026-08-27
NDSN,buybacks,2019-01-31,107667000,2019-04-26,PaymentsForRepurchaseOfCommonStock,2026-08-27
NDSN,capex,2019-01-31,14121000,2019-04-26,PaymentsToAcquirePropertyPlantAndEquipment,2026-08-27
NDSN,cash,2019-01-31,85546000,2019-04-26,CashAndCashEquivalentsAtCarryingValue,2026-08-27
NDSN,debt,2019-01-31,1331392000,2019-04-26,LongTermDebtNoncurrent,2026-08-27
NDSN,equity,2019-01-31,1401541000,2019-04-26,StockholdersEquity,2026-08-27
NDSN,grossProfit,2019-01-31,268976000,2019-04-26,GrossProfit,2026-08-27
NDSN,inventory,2019-01-31,271156000,2019-04-26,InventoryNet,2026-08-27
NDSN,netIncome,2019-01-31,48567000,2019-04-26,NetIncomeLoss,2026-08-27
NDSN,operatingCashFlow,2019-01-31,56847000,2019-04-26,NetCashProvidedByUsedInOperatingActivities,2026-08-27
NDSN,operatingIncome,2019-01-31,84281000,2019-04-26,OperatingIncomeLoss,2026-08-27
NDSN,revenue,2019-01-31,497910000,2019-04-26,RevenueFromContractWithCustomerExcludingAssessedTax,2026-08-27
NEE,assets,2019-03-31,109029000000,2019-05-20,Assets,2026-08-27
NEE,cash,2019-03-31,972000000,2019-05-20,CashAndCashEquivalentsAtCarryingValue,2026-08-27
NEE,debt,2019-03-31,29883000000,2019-05-20,LongTermDebtNoncurrent,2026-08-27
NEE,equity,2019-03-31,34226000000,2019-05-20,StockholdersEquity,2026-08-27
NEE,inventory,2019-03-31,1410000000,2019-05-20,InventoryNet,2026-08-27
NEE,netIncome,2019-03-31,680000000,2019-05-20,NetIncomeLoss,2026-08-27
NEE,operatingCashFlow,2019-03-31,1597000000,2019-05-20,NetCashProvidedByUsedInOperatingActivities,2026-08-27
NEE,operatingIncome,2019-03-31,1135000000,2019-05-20,OperatingIncomeLoss,2026-08-27
NEE,receivables,2019-03-31,2191000000,2019-05-20,AccountsReceivableNetCurrent,2026-08-27
NEE,shares,2019-03-31,479000000,2019-05-20,CommonStockSharesOutstanding,2026-08-27
NEM,assets,2019-03-31,20880000000,2019-05-20,Assets,2026-08-27
NEM,buybacks,2019-03-31,0,2019-05-20,PaymentsForRepurchaseOfCommonStock,2026-08-27
NEM,capex,2019-03-31,225000000,2019-05-20,PaymentsToAcquireProductiveAssets,2026-08-27
NEM,cash,2019-03-31,3545000000,2019-05-20,CashAndCashEquivalentsAtCarryingValue,2026-08-27
NEM,debt,2019-03-31,3420000000,2019-05-20,LongTermDebtNoncurrent,2026-08-27
NEM,equity,2019-03-31,10499000000,2019-05-20,StockholdersEquity,2026-08-27
NEM,grossProfit,2019-03-31,483000000,2019-05-20,GrossProfit,2026-08-27
NEM,liabilities,2019-03-31,9361000000,2019-05-20,Liabilities,2026-08-27
NEM,netIncome,2019-03-31,87000000,2019-05-20,NetIncomeLoss,2026-08-27
NEM,operatingCashFlow,2019-03-31,571000000,2019-05-20,NetCashProvidedByUsedInOperatingActivities,2026-08-27
NEM,receivables,2019-03-31,209000000,2019-05-20,AccountsReceivableNetCurrent,2026-08-27
NEM,revenue,2019-03-31,1803000000,2019-05-20,RevenueFromContractWithCustomerExcludingAssessedTax,2026-08-27
NEM,rnd,2019-03-31,27000000,2019-05-20,ResearchAndDevelopmentExpense,2026-08-27
NFLX,assets,2019-03-31,27218632000,2019-05-20,Assets,2026-08-27
NFLX,capex,2019-03-31,60381000,2019-05-20,PaymentsToAcquirePropertyPlantAndEquipment,2026-08-27
NFLX,cash,2019-03-31,3348557000,2019-05-20,CashAndCashEquivalentsAtCarryingValue,2026-08-27
NFLX,debt,2019-03-31,10305023000,2019-05-20,LongTermDebtNoncurrent,2026-08-27
NFLX,equity,2019-03-31,5703058000,2019-05-20,StockholdersEquity,2026-08-27
NFLX,grossProfit,2019-03-31,1650378000,2019-05-20,GrossProfit,2026-08-27
NFLX,liabilities,2019-03-31,21515574000,2019-05-20,Liabilities,2026-08-27
NFLX,netIncome,2019-03-31,344052000,2019-05-20,NetIncomeLoss,2026-08-27
NFLX,operatingCashFlow,2019-03-31,-379799000,2019-05-20,NetCashProvidedByUsedInOperatingActivities,2026-08-27
NFLX,operatingIncome,2019-03-31,459084000,2019-05-20,OperatingIncomeLoss,2026-08-27
NFLX,revenue,2019-03-31,4520992000,2019-05-20,Revenues,2026-08-27
NFLX,rnd,2019-03-31,372764000,2019-05-20,ResearchAndDevelopmentExpense,2026-08-27
NFLX,shares,2019-03-31,437191891,2019-05-20,CommonStockSharesOutstanding,2026-08-27
NI,assets,2019-03-31,21889900000,2019-05-20,Assets,2026-08-27
NI,buybacks,2019-03-31,0,2019-05-20,PaymentsForRepurchaseOfCommonStock,2026-08-27
NI,capex,2019-03-31,353700000,2019-05-20,PaymentsToAcquirePropertyPlantAndEquipment,2026-08-27
NI,cash,2019-03-31,151000000,2019-05-20,CashAndCashEquivalentsAtCarryingValue,2026-08-27
NI,equity,2019-03-31,5779600000,2019-05-20,StockholdersEquity,2026-08-27
NI,grossProfit,2019-03-31,1869800000,2019-05-20,GrossProfit,2026-08-27
NI,netIncome,2019-03-31,218900000,2019-05-20,NetIncomeLoss,2026-08-27
NI,operatingCashFlow,2019-03-31,399100000,2019-05-20,NetCashProvidedByUsedInOperatingActivities,2026-08-27
NI,operatingIncome,2019-03-31,374200000,2019-05-20,OperatingIncomeLoss,2026-08-27
NI,receivables,2019-03-31,1132100000,2019-05-20,AccountsReceivableNetCurrent,2026-08-27
NI,revenue,2019-03-31,1869800000,2019-05-20,Revenues,2026-08-27
NI,shares,2019-03-31,373002671,2019-05-20,CommonStockSharesOutstanding,2026-08-27
NKE,assets,2019-02-28,22921000000,2019-04-19,Assets,2026-08-27
NKE,cash,2019-02-28,3695000000,2019-04-19,CashAndCashEquivalentsAtCarryingValue,2026-08-27
NKE,debt,2019-02-28,3465000000,2019-04-19,LongTermDebtNoncurrent,2026-08-27
NKE,equity,2019-02-28,8961000000,2019-04-19,StockholdersEquity,2026-08-27
NKE,grossProfit,2019-02-28,4339000000,2019-04-19,GrossProfit,2026-08-27
NKE,netIncome,2019-02-28,1101000000,2019-04-19,NetIncomeLoss,2026-08-27
NKE,receivables,2019-02-28,4549000000,2019-04-19,AccountsReceivableNetCurrent,2026-08-27
NKE,revenue,2019-02-28,9611000000,2019-04-19,RevenueFromContractWithCustomerExcludingAssessedTax,2026-08-27
NOC,assets,2019-03-31,39751000000,2019-05-20,Assets,2026-08-27
NOC,buybacks,2019-03-31,60000000,2019-05-20,PaymentsForRepurchaseOfCommonStock,2026-08-27
NOC,capex,2019-03-31,284000000,2019-05-20,PaymentsToAcquirePropertyPlantAndEquipment,2026-08-27
NOC,cash,2019-03-31,848000000,2019-05-20,CashAndCashEquivalentsAtCarryingValue,2026-08-27
NOC,equity,2019-03-31,8739000000,2019-05-20,StockholdersEquity,2026-08-27
NOC,inventory,2019-03-31,778000000,2019-05-20,InventoryNet,2026-08-27
NOC,liabilities,2019-03-31,31012000000,2019-05-20,Liabilities,2026-08-27
NOC,netIncome,2019-03-31,863000000,2019-05-20,NetIncomeLoss,2026-08-27
NOC,operatingCashFlow,2019-03-31,-913000000,2019-05-20,NetCashProvidedByUsedInOperatingActivities,2026-08-27
NOC,operatingIncome,2019-03-31,936000000,2019-05-20,OperatingIncomeLoss,2026-08-27
NOC,receivables,2019-03-31,2166000000,2019-05-20,AccountsReceivableNetCurrent,2026-08-27
NOC,revenue,2019-03-31,8189000000,2019-05-20,Revenues,2026-08-27
NOC,shares,2019-03-31,169873750,2019-05-20,CommonStockSharesOutstanding,2026-08-27
NOW,assets,2019-03-31,4398895000,2019-05-20,Assets,2026-08-27
NOW,capex,2019-03-31,47124000,2019-05-20,PaymentsToAcquirePropertyPlantAndEquipment,2026-08-27
NOW,cash,2019-03-31,639722000,2019-05-20,CashAndCashEquivalentsAtCarryingValue,2026-08-27
NOW,equity,2019-03-31,1194951000,2019-05-20,StockholdersEquity,2026-08-27
NOW,grossProfit,2019-03-31,602674000,2019-05-20,GrossProfit,2026-08-27
NOW,liabilities,2019-03-31,3203944000,2019-05-20,Liabilities,2026-08-27
NOW,netIncome,2019-03-31,-1545000,2019-05-20,NetIncomeLoss,2026-08-27
NOW,operatingCashFlow,2019-03-31,360848000,2019-05-20,NetCashProvidedByUsedInOperatingActivities,2026-08-27
NOW,operatingIncome,2019-03-31,-15713000,2019-05-20,OperatingIncomeLoss,2026-08-27
NOW,receivables,2019-03-31,422559000,2019-05-20,AccountsReceivableNetCurrent,2026-08-27
NOW,revenue,2019-03-31,788926000,2019-05-20,RevenueFromContractWithCustomerExcludingAssessedTax,2026-08-27
NOW,rnd,2019-03-31,172522000,2019-05-20,ResearchAndDevelopmentExpense,2026-08-27
NOW,shares,2019-03-31,184739169,2019-05-20,CommonStockSharesOutstanding,2026-08-27
NRG,assets,2019-03-31,9530000000,2019-05-20,Assets,2026-08-27
NRG,capex,2019-03-31,49000000,2019-05-20,PaymentsToAcquirePropertyPlantAndEquipment,2026-08-27
NRG,cash,2019-03-31,859000000,2019-05-20,CashAndCashEquivalentsAtCarryingValue,2026-08-27
NRG,debt,2019-03-31,6656000000,2019-05-20,LongTermDebt,2026-08-27
NRG,inventory,2019-03-31,391000000,2019-05-20,InventoryNet,2026-08-27
NRG,liabilities,2019-03-31,11050000000,2019-05-20,Liabilities,2026-08-27
NRG,netIncome,2019-03-31,482000000,2019-05-20,NetIncomeLoss,2026-08-27
NRG,operatingCashFlow,2019-03-31,-91000000,2019-05-20,NetCashProvidedByUsedInOperatingActivities,2026-08-27
NRG,operatingIncome,2019-03-31,221000000,2019-05-20,OperatingIncomeLoss,2026-08-27
NRG,receivables,2019-03-31,898000000,2019-05-20,AccountsReceivableNetCurrent,2026-08-27
NRG,revenue,2019-03-31,2165000000,2019-05-20,Revenues,2026-08-27
NRG,rnd,2019-03-31,2000000,2019-05-20,ResearchAndDevelopmentExpense,2026-08-27
NRG,shares,2019-03-31,267538257,2019-05-20,CommonStockSharesOutstanding,2026-08-27
NSC,assets,2019-03-31,37062000000,2019-05-20,Assets,2026-08-27
NSC,buybacks,2019-03-31,500000000,2019-05-20,PaymentsForRepurchaseOfCommonStock,2026-08-27
NSC,capex,2019-03-31,467000000,2019-05-20,PaymentsToAcquirePropertyPlantAndEquipment,2026-08-27
NSC,cash,2019-03-31,411000000,2019-05-20,CashAndCashEquivalentsAtCarryingValue,2026-08-27
NSC,equity,2019-03-31,15331000000,2019-05-20,StockholdersEquity,2026-08-27
NSC,liabilities,2019-03-31,21731000000,2019-05-20,Liabilities,2026-08-27
NSC,netIncome,2019-03-31,677000000,2019-05-20,NetIncomeLoss,2026-08-27
NSC,operatingCashFlow,2019-03-31,881000000,2019-05-20,NetCashProvidedByUsedInOperatingActivities,2026-08-27
NSC,operatingIncome,2019-03-31,966000000,2019-05-20,OperatingIncomeLoss,2026-08-27
NSC,receivables,2019-03-31,1048000000,2019-05-20,AccountsReceivableNetCurrent,2026-08-27
NSC,revenue,2019-03-31,2840000000,2019-05-20,RevenueFromContractWithCustomerExcludingAssessedTax,2026-08-27
NSC,shares,2019-03-31,265967039,2019-05-20,CommonStockSharesOutstanding,2026-08-27
NTAP,assets,2019-01-25,8418000000,2019-04-20,Assets,2026-08-27
NTAP,cash,2019-01-25,2271000000,2019-04-20,CashAndCashEquivalentsAtCarryingValue,2026-08-27
NTAP,debt,2019-01-25,1144000000,2019-04-20,LongTermDebtNoncurrent,2026-08-27
NTAP,equity,2019-01-25,1230000000,2019-04-20,StockholdersEquity,2026-08-27
NTAP,grossProfit,2019-01-25,982000000,2019-04-20,GrossProfit,2026-08-27
NTAP,inventory,2019-01-25,100000000,2019-04-20,InventoryNet,2026-08-27
NTAP,liabilities,2019-01-25,7188000000,2019-04-20,Liabilities,2026-08-27
NTAP,netIncome,2019-01-25,249000000,2019-04-20,NetIncomeLoss,2026-08-27
NTAP,operatingIncome,2019-01-25,311000000,2019-04-20,OperatingIncomeLoss,2026-08-27
NTAP,receivables,2019-01-25,872000000,2019-04-20,AccountsReceivableNetCurrent,2026-08-27
NTAP,revenue,2019-01-25,1563000000,2019-04-20,RevenueFromContractWithCustomerExcludingAssessedTax,2026-08-27
NTAP,rnd,2019-01-25,203000000,2019-04-20,ResearchAndDevelopmentExpense,2026-08-27
NTAP,shares,2019-01-25,247000000,2019-04-20,CommonStockSharesOutstanding,2026-08-27
NTRS,assets,2019-03-31,121869400000,2019-05-20,Assets,2026-08-27
NTRS,buybacks,2019-03-31,257400000,2019-05-20,PaymentsForRepurchaseOfCommonStock,2026-08-27
NTRS,capex,2019-03-31,9100000,2019-05-20,PaymentsToAcquirePropertyPlantAndEquipment,2026-08-27
NTRS,equity,2019-03-31,10616200000,2019-05-20,StockholdersEquity,2026-08-27
NTRS,liabilities,2019-03-31,111253200000,2019-05-20,Liabilities,2026-08-27
NTRS,netIncome,2019-03-31,347100000,2019-05-20,NetIncomeLoss,2026-08-27
NTRS,operatingCashFlow,2019-03-31,293700000,2019-05-20,NetCashProvidedByUsedInOperatingActivities,2026-08-27
NTRS,revenue,2019-03-31,928900000,2019-05-20,RevenueFromContractWithCustomerExcludingAssessedTax,2026-08-27
NTRS,shares,2019-03-31,217676589,2019-05-20,CommonStockSharesOutstanding,2026-08-27
NUE,assets,2019-03-30,18086698000,2019-05-19,Assets,2026-08-27
NUE,buybacks,2019-03-30,72830000,2019-05-19,PaymentsForRepurchaseOfCommonStock,2026-08-27
NUE,capex,2019-03-30,288786000,2019-05-19,PaymentsToAcquirePropertyPlantAndEquipment,2026-08-27
NUE,cash,2019-03-30,1550807000,2019-05-19,CashAndCashEquivalentsAtCarryingValue,2026-08-27
NUE,debt,2019-03-30,4233792000,2019-05-19,LongTermDebtNoncurrent,2026-08-27
NUE,equity,2019-03-30,10114191000,2019-05-19,StockholdersEquity,2026-08-27
NUE,grossProfit,2019-03-30,895892000,2019-05-19,GrossProfit,2026-08-27
NUE,inventory,2019-03-30,4445228000,2019-05-19,InventoryNet,2026-08-27
NUE,liabilities,2019-03-30,7584032000,2019-05-19,Liabilities,2026-08-27
NUE,netIncome,2019-03-30,501806000,2019-05-19,NetIncomeLoss,2026-08-27
NUE,operatingCashFlow,2019-03-30,650708000,2019-05-19,NetCashProvidedByUsedInOperatingActivities,2026-08-27
NUE,receivables,2019-03-30,2483138000,2019-05-19,AccountsReceivableNetCurrent,2026-08-27
NUE,revenue,2019-03-30,6096624000,2019-05-19,Revenues,2026-08-27
NVDA,assets,2019-01-27,13292000000,2019-04-22,Assets,2026-08-27
NVDA,cash,2019-01-27,782000000,2019-04-22,CashAndCashEquivalentsAtCarryingValue,2026-08-27
NVDA,debt,2019-01-27,1988000000,2019-04-22,LongTermDebt,2026-08-27
NVDA,equity,2019-01-27,9342000000,2019-04-22,StockholdersEquity,2026-08-27
NVDA,grossProfit,2019-01-27,1207000000,2019-04-22,GrossProfit,2026-08-27
NVDA,inventory,2019-01-27,1575000000,2019-04-22,InventoryNet,2026-08-27
NVDA,liabilities,2019-01-27,3950000000,2019-04-22,Liabilities,2026-08-27
NVDA,netIncome,2019-01-27,567000000,2019-04-22,NetIncomeLoss,2026-08-27
NVDA,receivables,2019-01-27,1424000000,2019-04-22,AccountsReceivableNetCurrent,2026-08-27
NVDA,revenue,2019-01-27,2205000000,2019-04-22,RevenueFromContractWithCustomerExcludingAssessedTax,2026-08-27
NVDA,shares,2019-01-27,606000000,2019-04-22,CommonStockSharesOutstanding,2026-08-27
NVR,assets,2019-03-31,3362771000,2019-05-20,Assets,2026-08-27
NVR,buybacks,2019-03-31,216499000,2019-05-20,PaymentsForRepurchaseOfCommonStock,2026-08-27
NVR,capex,2019-03-31,5285000,2019-05-20,PaymentsToAcquirePropertyPlantAndEquipment,2026-08-27
NVR,equity,2019-03-31,1898776000,2019-05-20,StockholdersEquity,2026-08-27
NVR,liabilities,2019-03-31,1463995000,2019-05-20,Liabilities,2026-08-27
NVR,netIncome,2019-03-31,188406000,2019-05-20,NetIncomeLoss,2026-08-27
NVR,operatingCashFlow,2019-03-31,227855000,2019-05-20,NetCashProvidedByUsedInOperatingActivities,2026-08-27
NVR,revenue,2019-03-31,1687011000,2019-05-20,Revenues,2026-08-27
NWS,assets,2019-03-31,16058000000,2019-05-20,Assets,2026-08-27
NWS,cash,2019-03-31,1648000000,2019-05-20,CashAndCashEquivalentsAtCarryingValue,2026-08-27
NWS,debt,2019-03-31,868000000,2019-05-20,LongTermDebtNoncurrent,2026-08-27
NWS,equity,2019-03-31,9289000000,2019-05-20,StockholdersEquity,2026-08-27
NWS,inventory,2019-03-31,404000000,2019-05-20,InventoryNet,2026-08-27
NWS,netIncome,2019-03-31,10000000,2019-05-20,NetIncomeLoss,2026-08-27
NWS,receivables,2019-03-31,1631000000,2019-05-20,AccountsReceivableNetCurrent,2026-08-27
NWS,revenue,2019-03-31,2457000000,2019-05-20,Revenues,2026-08-27
NXPI,buybacks,2019-03-31,715000000,2019-05-20,PaymentsForRepurchaseOfCommonStock,2026-08-27
NXPI,capex,2019-03-31,144000000,2019-05-20,PaymentsToAcquirePropertyPlantAndEquipment,2026-08-27
NXPI,grossProfit,2019-03-31,1072000000,2019-05-20,GrossProfit,2026-08-27
NXPI,netIncome,2019-03-31,-21000000,2019-05-20,NetIncomeLoss,2026-08-27
NXPI,operatingCashFlow,2019-03-31,296000000,2019-05-20,NetCashProvidedByUsedInOperatingActivities,2026-08-27
NXPI,operatingIncome,2019-03-31,54000000,2019-05-20,OperatingIncomeLoss,2026-08-27
NXPI,revenue,2019-03-31,2094000000,2019-05-20,RevenueFromContractWithCustomerExcludingAssessedTax,2026-08-27
NXPI,rnd,2019-03-31,415000000,2019-05-20,ResearchAndDevelopmentExpense,2026-08-27
O,assets,2019-03-31,15762908000,2019-05-20,Assets,2026-08-27
O,cash,2019-03-31,2997000,2019-05-20,CashAndCashEquivalentsAtCarryingValue,2026-08-27
O,equity,2019-03-31,7983895000,2019-05-20,StockholdersEquity,2026-08-27
O,liabilities,2019-03-31,7753832000,2019-05-20,Liabilities,2026-08-27
O,netIncome,2019-03-31,110942000,2019-05-20,NetIncomeLoss,2026-08-27
O,operatingCashFlow,2019-03-31,212027000,2019-05-20,NetCashProvidedByUsedInOperatingActivities,2026-08-27
O,revenue,2019-03-31,354365000,2019-05-20,Revenues,2026-08-27
O,shares,2019-03-31,303807421,2019-05-20,CommonStockSharesOutstanding,2026-08-27
ODFL,assets,2019-03-31,3704042000,2019-05-20,Assets,2026-08-27
ODFL,buybacks,2019-03-31,30596000,2019-05-20,PaymentsForRepurchaseOfCommonStock,2026-08-27
ODFL,capex,2019-03-31,70741000,2019-05-20,PaymentsToAcquireProductiveAssets,2026-08-27
ODFL,cash,2019-03-31,280627000,2019-05-20,CashAndCashEquivalentsAtCarryingValue,2026-08-27
ODFL,equity,2019-03-31,2770371000,2019-05-20,StockholdersEquity,2026-08-27
ODFL,liabilities,2019-03-31,933671000,2019-05-20,Liabilities,2026-08-27
ODFL,netIncome,2019-03-31,133323000,2019-05-20,NetIncomeLoss,2026-08-27
ODFL,operatingCashFlow,2019-03-31,206175000,2019-05-20,NetCashProvidedByUsedInOperatingActivities,2026-08-27
ODFL,operatingIncome,2019-03-31,178426000,2019-05-20,OperatingIncomeLoss,2026-08-27
ODFL,receivables,2019-03-31,447242000,2019-05-20,AccountsReceivableNetCurrent,2026-08-27
ODFL,shares,2019-03-31,81071908,2019-05-20,CommonStockSharesOutstanding,2026-08-27
OKE,assets,2019-03-31,18934325000,2019-05-20,Assets,2026-08-27
OKE,capex,2019-03-31,889705000,2019-05-20,PaymentsToAcquirePropertyPlantAndEquipment,2026-08-27
OKE,cash,2019-03-31,27814000,2019-05-20,CashAndCashEquivalentsAtCarryingValue,2026-08-27
OKE,debt,2019-03-31,10004341000,2019-05-20,LongTermDebtNoncurrent,2026-08-27
OKE,equity,2019-03-31,6442006000,2019-05-20,StockholdersEquity,2026-08-27
OKE,inventory,2019-03-31,243223000,2019-05-20,InventoryNet,2026-08-27
OKE,netIncome,2019-03-31,337208000,2019-05-20,NetIncomeLoss,2026-08-27
OKE,operatingCashFlow,2019-03-31,353606000,2019-05-20,NetCashProvidedByUsedInOperatingActivities,2026-08-27
OKE,operatingIncome,2019-03-31,468742000,2019-05-20,OperatingIncomeLoss,2026-08-27
OKE,revenue,2019-03-31,2779958000,2019-05-20,Revenues,2026-08-27
OKE,shares,2019-03-31,412752687,2019-05-20,CommonStockSharesOutstanding,2026-08-27
OMC,assets,2019-03-31,25211200000,2019-05-20,Assets,2026-08-27
OMC,buybacks,2019-03-31,286100000,2019-05-20,PaymentsForRepurchaseOfCommonStock,2026-08-27
OMC,capex,2019-03-31,27200000,2019-05-20,PaymentsToAcquirePropertyPlantAndEquipment,2026-08-27
OMC,cash,2019-03-31,3449700000,2019-05-20,CashAndCashEquivalentsAtCarryingValue,2026-08-27
OMC,equity,2019-03-31,2413300000,2019-05-20,StockholdersEquity,2026-08-27
OMC,netIncome,2019-03-31,263200000,2019-05-20,NetIncomeLoss,2026-08-27
OMC,operatingCashFlow,2019-03-31,-395600000,2019-05-20,NetCashProvidedByUsedInOperatingActivities,2026-08-27
OMC,operatingIncome,2019-03-31,428900000,2019-05-20,OperatingIncomeLoss,2026-08-27
OMC,receivables,2019-03-31,7036700000,2019-05-20,AccountsReceivableNetCurrent,2026-08-27
OMC,revenue,2019-03-31,3468900000,2019-05-20,Revenues,2026-08-27
ON,assets,2019-03-29,7564300000,2019-05-18,Assets,2026-08-27
ON,buybacks,2019-03-29,75000000,2019-05-18,PaymentsForRepurchaseOfCommonStock,2026-08-27
ON,capex,2019-03-29,157000000,2019-05-18,PaymentsToAcquirePropertyPlantAndEquipment,2026-08-27
ON,cash,2019-03-29,939600000,2019-05-18,CashAndCashEquivalentsAtCarryingValue,2026-08-27
ON,debt,2019-03-29,2639000000,2019-05-18,LongTermDebtNoncurrent,2026-08-27
ON,equity,2019-03-29,3198200000,2019-05-18,StockholdersEquity,2026-08-27
ON,grossProfit,2019-03-29,513700000,2019-05-18,GrossProfit,2026-08-27
ON,inventory,2019-03-29,1225200000,2019-05-18,InventoryNet,2026-08-27
ON,liabilities,2019-03-29,4343600000,2019-05-18,Liabilities,2026-08-27
ON,netIncome,2019-03-29,114100000,2019-05-18,NetIncomeLoss,2026-08-27
ON,operatingCashFlow,2019-03-29,138200000,2019-05-18,NetCashProvidedByUsedInOperatingActivities,2026-08-27
ON,operatingIncome,2019-03-29,179400000,2019-05-18,OperatingIncomeLoss,2026-08-27
ON,revenue,2019-03-29,1386600000,2019-05-18,Revenues,2026-08-27
ON,shares,2019-03-29,411814580,2019-05-18,CommonStockSharesOutstanding,2026-08-27
ORCL,assets,2019-02-28,109438000000,2019-04-19,Assets,2026-08-27
ORCL,cash,2019-02-28,14720000000,2019-04-19,CashAndCashEquivalentsAtCarryingValue,2026-08-27
ORCL,equity,2019-02-28,23714000000,2019-04-19,StockholdersEquity,2026-08-27
ORCL,netIncome,2019-02-28,2745000000,2019-04-19,NetIncomeLoss,2026-08-27
ORCL,operatingIncome,2019-02-28,3399000000,2019-04-19,OperatingIncomeLoss,2026-08-27
ORCL,receivables,2019-02-28,3993000000,2019-04-19,AccountsReceivableNetCurrent,2026-08-27
ORCL,revenue,2019-02-28,9614000000,2019-04-19,RevenueFromContractWithCustomerExcludingAssessedTax,2026-08-27
ORCL,rnd,2019-02-28,1426000000,2019-04-19,ResearchAndDevelopmentExpense,2026-08-27
ORCL,shares,2019-02-28,3443000000,2019-04-19,CommonStockSharesOutstanding,2026-08-27
ORLY,assets,2019-03-31,10061562000,2019-05-20,Assets,2026-08-27
ORLY,buybacks,2019-03-31,321856000,2019-05-20,PaymentsForRepurchaseOfCommonStock,2026-08-27
ORLY,capex,2019-03-31,152914000,2019-05-20,PaymentsToAcquirePropertyPlantAndEquipment,2026-08-27
ORLY,cash,2019-03-31,56717000,2019-05-20,CashAndCashEquivalentsAtCarryingValue,2026-08-27
ORLY,debt,2019-03-31,3460921000,2019-05-20,LongTermDebtNoncurrent,2026-08-27
ORLY,equity,2019-03-31,372365000,2019-05-20,StockholdersEquity,2026-08-27
ORLY,grossProfit,2019-03-31,1279290000,2019-05-20,GrossProfit,2026-08-27
ORLY,inventory,2019-03-31,3228901000,2019-05-20,InventoryNet,2026-08-27
ORLY,netIncome,2019-03-31,321152000,2019-05-20,NetIncomeLoss,2026-08-27
ORLY,operatingCashFlow,2019-03-31,440622000,2019-05-20,NetCashProvidedByUsedInOperatingActivities,2026-08-27
ORLY,operatingIncome,2019-03-31,444786000,2019-05-20,OperatingIncomeLoss,2026-08-27
ORLY,receivables,2019-03-31,250680000,2019-05-20,AccountsReceivableNetCurrent,2026-08-27
ORLY,revenue,2019-03-31,2410608000,2019-05-20,RevenueFromContractWithCustomerExcludingAssessedTax,2026-08-27
ORLY,shares,2019-03-31,78262099,2019-05-20,CommonStockSharesOutstanding,2026-08-27
OTIS,capex,2019-03-31,28000000,2019-05-20,PaymentsToAcquireProductiveAssets,2026-08-27
OTIS,cash,2019-03-31,1320000000,2019-05-20,CashAndCashEquivalentsAtCarryingValue,2026-08-27
OTIS,equityStakes,2019-03-31,0,2019-05-20,PaymentsToAcquireEquityMethodInvestments,2026-08-27
OTIS,grossProfit,2019-03-31,901000000,2019-05-20,GrossProfit,2026-08-27
OTIS,netIncome,2019-03-31,273000000,2019-05-20,NetIncomeLoss,2026-08-27
OTIS,operatingCashFlow,2019-03-31,297000000,2019-05-20,NetCashProvidedByUsedInOperatingActivities,2026-08-27
OTIS,operatingIncome,2019-03-31,415000000,2019-05-20,OperatingIncomeLoss,2026-08-27
OTIS,revenue,2019-03-31,3101000000,2019-05-20,Revenues,2026-08-27
OTIS,rnd,2019-03-31,39000000,2019-05-20,ResearchAndDevelopmentExpense,2026-08-27
OXY,assets,2019-03-31,44380000000,2019-05-20,Assets,2026-08-27
OXY,buybacks,2019-03-31,237000000,2019-05-20,PaymentsForRepurchaseOfCommonStock,2026-08-27
OXY,capex,2019-03-31,1259000000,2019-05-20,PaymentsToAcquirePropertyPlantAndEquipment,2026-08-27
OXY,cash,2019-03-31,1752000000,2019-05-20,CashAndCashEquivalentsAtCarryingValue,2026-08-27
OXY,debt,2019-03-31,10203000000,2019-05-20,LongTermDebtNoncurrent,2026-08-27
OXY,equity,2019-03-31,21236000000,2019-05-20,StockholdersEquity,2026-08-27
OXY,inventory,2019-03-31,1484000000,2019-05-20,InventoryNet,2026-08-27
OXY,netIncome,2019-03-31,631000000,2019-05-20,NetIncomeLoss,2026-08-27
OXY,operatingCashFlow,2019-03-31,948000000,2019-05-20,NetCashProvidedByUsedInOperatingActivities,2026-08-27
OXY,receivables,2019-03-31,5310000000,2019-05-20,AccountsReceivableNetCurrent,2026-08-27
OXY,revenue,2019-03-31,4004000000,2019-05-20,Revenues,2026-08-27
OXY,shares,2019-03-31,896293910,2019-05-20,CommonStockSharesOutstanding,2026-08-27
PANW,assets,2019-01-31,5707500000,2019-04-26,Assets,2026-08-27
PANW,cash,2019-01-31,1127800000,2019-04-26,CashAndCashEquivalentsAtCarryingValue,2026-08-27
PANW,debt,2019-01-31,1555800000,2019-04-26,LongTermDebt,2026-08-27
PANW,equity,2019-01-31,1071800000,2019-04-26,StockholdersEquity,2026-08-27
PANW,grossProfit,2019-01-31,508600000,2019-04-26,GrossProfit,2026-08-27
PANW,netIncome,2019-01-31,-2600000,2019-04-26,NetIncomeLoss,2026-08-27
PANW,operatingIncome,2019-01-31,6600000,2019-04-26,OperatingIncomeLoss,2026-08-27
PANW,receivables,2019-01-31,415000000,2019-04-26,AccountsReceivableNetCurrent,2026-08-27
PANW,revenue,2019-01-31,711200000,2019-04-26,RevenueFromContractWithCustomerExcludingAssessedTax,2026-08-27
PANW,rnd,2019-01-31,128300000,2019-04-26,ResearchAndDevelopmentExpense,2026-08-27
PANW,shares,2019-01-31,93700000,2019-04-26,CommonStockSharesOutstanding,2026-08-27
PAYX,assets,2019-02-28,10363000000,2019-04-19,Assets,2026-08-27
PAYX,cash,2019-02-28,696400000,2019-04-19,CashAndCashEquivalentsAtCarryingValue,2026-08-27
PAYX,debt,2019-02-28,800000000,2019-04-19,LongTermDebtNoncurrent,2026-08-27
PAYX,equity,2019-02-28,2598000000,2019-04-19,StockholdersEquity,2026-08-27
PAYX,liabilities,2019-02-28,7765000000,2019-04-19,Liabilities,2026-08-27
PAYX,operatingIncome,2019-02-28,429300000,2019-04-19,OperatingIncomeLoss,2026-08-27
PAYX,revenue,2019-02-28,1070400000,2019-04-19,Revenues,2026-08-27
PAYX,shares,2019-02-28,359400000,2019-04-19,CommonStockSharesOutstanding,2026-08-27
PCAR,assets,2019-03-31,26157000000,2019-05-20,Assets,2026-08-27
PCAR,buybacks,2019-03-31,32900000,2019-05-20,PaymentsForRepurchaseOfCommonStock,2026-08-27
PCAR,capex,2019-03-31,102800000,2019-05-20,PaymentsToAcquirePropertyPlantAndEquipment,2026-08-27
PCAR,cash,2019-03-31,2842600000,2019-05-20,CashAndCashEquivalentsAtCarryingValue,2026-08-27
PCAR,equity,2019-03-31,9105500000,2019-05-20,StockholdersEquity,2026-08-27
PCAR,netIncome,2019-03-31,629000000,2019-05-20,NetIncomeLoss,2026-08-27
PCAR,operatingCashFlow,2019-03-31,363000000,2019-05-20,NetCashProvidedByUsedInOperatingActivities,2026-08-27
PCAR,revenue,2019-03-31,6487600000,2019-05-20,Revenues,2026-08-27
PCG,assets,2019-03-31,82287000000,2019-05-20,Assets,2026-08-27
PCG,capex,2019-03-31,1224000000,2019-05-20,PaymentsToAcquirePropertyPlantAndEquipment,2026-08-27
PCG,cash,2019-03-31,2964000000,2019-05-20,CashAndCashEquivalentsAtCarryingValue,2026-08-27
PCG,debt,2019-03-31,0,2019-05-20,LongTermDebtNoncurrent,2026-08-27
PCG,equity,2019-03-31,12877000000,2019-05-20,StockholdersEquity,2026-08-27
PCG,inventory,2019-03-31,72000000,2019-05-20,InventoryNet,2026-08-27
PCG,netIncome,2019-03-31,136000000,2019-05-20,NetIncomeLoss,2026-08-27
PCG,operatingCashFlow,2019-03-31,2244000000,2019-05-20,NetCashProvidedByUsedInOperatingActivities,2026-08-27
PCG,operatingIncome,2019-03-31,189000000,2019-05-20,OperatingIncomeLoss,2026-08-27
PCG,receivables,2019-03-31,1319000000,2019-05-20,AccountsReceivableNetCurrent,2026-08-27
PCG,revenue,2019-03-31,4011000000,2019-05-20,RevenueFromContractWithCustomerExcludingAssessedTax,2026-08-27
PCG,shares,2019-03-31,529210278,2019-05-20,CommonStockSharesOutstanding,2026-08-27
PEG,assets,2019-03-31,45756000000,2019-05-20,Assets,2026-08-27
PEG,capex,2019-03-31,795000000,2019-05-20,PaymentsToAcquirePropertyPlantAndEquipment,2026-08-27
PEG,cash,2019-03-31,65000000,2019-05-20,CashAndCashEquivalentsAtCarryingValue,2026-08-27
PEG,debt,2019-03-31,13216000000,2019-05-20,LongTermDebtNoncurrent,2026-08-27
PEG,netIncome,2019-03-31,700000000,2019-05-20,NetIncomeLoss,2026-08-27
PEG,operatingCashFlow,2019-03-31,1218000000,2019-05-20,NetCashProvidedByUsedInOperatingActivities,2026-08-27
PEG,operatingIncome,2019-03-31,786000000,2019-05-20,OperatingIncomeLoss,2026-08-27
PEG,receivables,2019-03-31,1454000000,2019-05-20,AccountsReceivableNetCurrent,2026-08-27
PEG,revenue,2019-03-31,2980000000,2019-05-20,Revenues,2026-08-27
PEP,assets,2019-03-23,75466000000,2019-05-12,Assets,2026-08-27
PEP,buybacks,2019-03-23,940000000,2019-05-12,PaymentsForRepurchaseOfCommonStock,2026-08-27
PEP,capex,2019-03-23,442000000,2019-05-12,PaymentsToAcquireProductiveAssets,2026-08-27
PEP,cash,2019-03-23,5072000000,2019-05-12,CashAndCashEquivalentsAtCarryingValue,2026-08-27
PEP,equity,2019-03-23,14202000000,2019-05-12,StockholdersEquity,2026-08-27
PEP,grossProfit,2019-03-23,7196000000,2019-05-12,GrossProfit,2026-08-27
PEP,inventory,2019-03-23,3554000000,2019-05-12,InventoryNet,2026-08-27
PEP,liabilities,2019-03-23,61170000000,2019-05-12,Liabilities,2026-08-27
PEP,netIncome,2019-03-23,1413000000,2019-05-12,NetIncomeLoss,2026-08-27
PEP,operatingCashFlow,2019-03-23,-345000000,2019-05-12,NetCashProvidedByUsedInOperatingActivities,2026-08-27
PEP,operatingIncome,2019-03-23,2008000000,2019-05-12,OperatingIncomeLoss,2026-08-27
PEP,revenue,2019-03-23,12884000000,2019-05-12,Revenues,2026-08-27
PFE,assets,2019-03-31,155421000000,2019-05-20,Assets,2026-08-27
PFE,buybacks,2019-03-31,8865000000,2019-05-20,PaymentsForRepurchaseOfCommonStock,2026-08-27
PFE,capex,2019-03-31,460000000,2019-05-20,PaymentsToAcquirePropertyPlantAndEquipment,2026-08-27
PFE,cash,2019-03-31,1937000000,2019-05-20,CashAndCashEquivalentsAtCarryingValue,2026-08-27
PFE,debt,2019-03-31,35733000000,2019-05-20,LongTermDebtNoncurrent,2026-08-27
PFE,equity,2019-03-31,58806000000,2019-05-20,StockholdersEquity,2026-08-27
PFE,inventory,2019-03-31,8029000000,2019-05-20,InventoryNet,2026-08-27
PFE,liabilities,2019-03-31,96263000000,2019-05-20,Liabilities,2026-08-27
PFE,netIncome,2019-03-31,3884000000,2019-05-20,NetIncomeLoss,2026-08-27
PFE,operatingCashFlow,2019-03-31,1698000000,2019-05-20,NetCashProvidedByUsedInOperatingActivities,2026-08-27
PFE,receivables,2019-03-31,9599000000,2019-05-20,AccountsReceivableNetCurrent,2026-08-27
PFE,revenue,2019-03-31,13118000000,2019-05-20,RevenueFromContractWithCustomerExcludingAssessedTax,2026-08-27
PFG,assets,2019-03-31,259419900000,2019-05-20,Assets,2026-08-27
PFG,buybacks,2019-03-31,153600000,2019-05-20,PaymentsForRepurchaseOfCommonStock,2026-08-27
PFG,cash,2019-03-31,2259700000,2019-05-20,CashAndCashEquivalentsAtCarryingValue,2026-08-27
PFG,debt,2019-03-31,3266400000,2019-05-20,LongTermDebt,2026-08-27
PFG,equity,2019-03-31,12694400000,2019-05-20,StockholdersEquity,2026-08-27
PFG,liabilities,2019-03-31,246120000000,2019-05-20,Liabilities,2026-08-27
PFG,netIncome,2019-03-31,429900000,2019-05-20,NetIncomeLoss,2026-08-27
PFG,operatingCashFlow,2019-03-31,1176400000,2019-05-20,NetCashProvidedByUsedInOperatingActivities,2026-08-27
PFG,revenue,2019-03-31,3743900000,2019-05-20,Revenues,2026-08-27
PFG,shares,2019-03-31,278200000,2019-05-20,CommonStockSharesOutstanding,2026-08-27
PG,assets,2019-03-31,121673000000,2019-05-20,Assets,2026-08-27
PG,cash,2019-03-31,2738000000,2019-05-20,CashAndCashEquivalentsAtCarryingValue,2026-08-27
PG,debt,2019-03-31,21359000000,2019-05-20,LongTermDebtNoncurrent,2026-08-27
PG,inventory,2019-03-31,5358000000,2019-05-20,InventoryNet,2026-08-27
PG,liabilities,2019-03-31,66121000000,2019-05-20,Liabilities,2026-08-27
PG,netIncome,2019-03-31,2745000000,2019-05-20,NetIncomeLoss,2026-08-27
PG,operatingIncome,2019-03-31,3229000000,2019-05-20,OperatingIncomeLoss,2026-08-27
PG,receivables,2019-03-31,5198000000,2019-05-20,AccountsReceivableNetCurrent,2026-08-27
PG,revenue,2019-03-31,16462000000,2019-05-20,Revenues,2026-08-27
PGR,assets,2019-03-31,48850300000,2019-05-20,Assets,2026-08-27
PGR,capex,2019-03-31,75800000,2019-05-20,PaymentsToAcquirePropertyPlantAndEquipment,2026-08-27
PGR,equity,2019-03-31,12110700000,2019-05-20,StockholdersEquity,2026-08-27
PGR,liabilities,2019-03-31,36518400000,2019-05-20,Liabilities,2026-08-27
PGR,netIncome,2019-03-31,1078400000,2019-05-20,NetIncomeLoss,2026-08-27
PGR,operatingCashFlow,2019-03-31,1868500000,2019-05-20,NetCashProvidedByUsedInOperatingActivities,2026-08-27
PGR,revenue,2019-03-31,9300000000,2019-05-20,Revenues,2026-08-27
PH,assets,2019-03-31,15477935000,2019-05-20,Assets,2026-08-27
PH,cash,2019-03-31,1098729000,2019-05-20,CashAndCashEquivalentsAtCarryingValue,2026-08-27
PH,debt,2019-03-31,4284235000,2019-05-20,LongTermDebtNoncurrent,2026-08-27
PH,equity,2019-03-31,6009978000,2019-05-20,StockholdersEquity,2026-08-27
PH,inventory,2019-03-31,1755991000,2019-05-20,InventoryNet,2026-08-27
PH,liabilities,2019-03-31,9461887000,2019-05-20,Liabilities,2026-08-27
PH,netIncome,2019-03-31,411248000,2019-05-20,NetIncomeLoss,2026-08-27
PH,operatingIncome,2019-03-31,598220000,2019-05-20,OperatingIncomeLoss,2026-08-27
PH,receivables,2019-03-31,2117103000,2019-05-20,AccountsReceivableNetCurrent,2026-08-27
PH,revenue,2019-03-31,3687518000,2019-05-20,RevenueFromContractWithCustomerExcludingAssessedTax,2026-08-27
PHM,assets,2019-03-31,10207336000,2019-05-20,Assets,2026-08-27
PHM,buybacks,2019-03-31,24999000,2019-05-20,PaymentsForRepurchaseOfCommonStock,2026-08-27
PHM,capex,2019-03-31,16070000,2019-05-20,PaymentsToAcquirePropertyPlantAndEquipment,2026-08-27
PHM,cash,2019-03-31,1055457000,2019-05-20,CashAndCashEquivalentsAtCarryingValue,2026-08-27
PHM,equity,2019-03-31,4933439000,2019-05-20,StockholdersEquity,2026-08-27
PHM,equityStakes,2019-03-31,1289000,2019-05-20,PaymentsToAcquireEquityMethodInvestments,2026-08-27
PHM,liabilities,2019-03-31,5273897000,2019-05-20,Liabilities,2026-08-27
PHM,netIncome,2019-03-31,166757000,2019-05-20,NetIncomeLoss,2026-08-27
PHM,operatingCashFlow,2019-03-31,158905000,2019-05-20,NetCashProvidedByUsedInOperatingActivities,2026-08-27
PHM,revenue,2019-03-31,1996693000,2019-05-20,Revenues,2026-08-27
PKG,assets,2019-03-31,6928600000,2019-05-20,Assets,2026-08-27
PKG,capex,2019-03-31,78800000,2019-05-20,PaymentsToAcquirePropertyPlantAndEquipment,2026-08-27
PKG,cash,2019-03-31,442400000,2019-05-20,CashAndCashEquivalentsAtCarryingValue,2026-08-27
PKG,debt,2019-03-31,2484600000,2019-05-20,LongTermDebtNoncurrent,2026-08-27
PKG,equity,2019-03-31,2794600000,2019-05-20,StockholdersEquity,2026-08-27
PKG,grossProfit,2019-03-31,421400000,2019-05-20,GrossProfit,2026-08-27
PKG,inventory,2019-03-31,831700000,2019-05-20,InventoryNet,2026-08-27
PKG,netIncome,2019-03-31,186800000,2019-05-20,NetIncomeLoss,2026-08-27
PKG,operatingCashFlow,2019-03-31,236000000,2019-05-20,NetCashProvidedByUsedInOperatingActivities,2026-08-27
PKG,operatingIncome,2019-03-31,275400000,2019-05-20,OperatingIncomeLoss,2026-08-27
PKG,receivables,2019-03-31,930300000,2019-05-20,AccountsReceivableNetCurrent,2026-08-27
PKG,revenue,2019-03-31,1733700000,2019-05-20,RevenueFromContractWithCustomerExcludingAssessedTax,2026-08-27
PLD,assets,2019-03-31,38392112000,2019-05-20,Assets,2026-08-27
PLD,cash,2019-03-31,251030000,2019-05-20,CashAndCashEquivalentsAtCarryingValue,2026-08-27
PLD,debt,2019-03-31,10706139000,2019-05-20,LongTermDebt,2026-08-27
PLD,equity,2019-03-31,22334483000,2019-05-20,StockholdersEquity,2026-08-27
PLD,liabilities,2019-03-31,12568051000,2019-05-20,Liabilities,2026-08-27
PLD,netIncome,2019-03-31,348546000,2019-05-20,NetIncomeLoss,2026-08-27
PLD,operatingCashFlow,2019-03-31,494914000,2019-05-20,NetCashProvidedByUsedInOperatingActivities,2026-08-27
PLD,operatingIncome,2019-03-31,376590000,2019-05-20,OperatingIncomeLoss,2026-08-27
PLD,revenue,2019-03-31,772052000,2019-05-20,Revenues,2026-08-27
PLD,shares,2019-03-31,630743000,2019-05-20,CommonStockSharesOutstanding,2026-08-27
PM,assets,2019-03-31,38042000000,2019-05-20,Assets,2026-08-27
PM,capex,2019-03-31,324000000,2019-05-20,PaymentsToAcquirePropertyPlantAndEquipment,2026-08-27
PM,cash,2019-03-31,3081000000,2019-05-20,CashAndCashEquivalentsAtCarryingValue,2026-08-27
PM,equity,2019-03-31,-11968000000,2019-05-20,StockholdersEquity,2026-08-27
PM,grossProfit,2019-03-31,4286000000,2019-05-20,GrossProfit,2026-08-27
PM,inventory,2019-03-31,8318000000,2019-05-20,InventoryNet,2026-08-27
PM,liabilities,2019-03-31,48227000000,2019-05-20,Liabilities,2026-08-27
PM,netIncome,2019-03-31,1354000000,2019-05-20,NetIncomeLoss,2026-08-27
PM,operatingCashFlow,2019-03-31,1241000000,2019-05-20,NetCashProvidedByUsedInOperatingActivities,2026-08-27
PM,operatingIncome,2019-03-31,2050000000,2019-05-20,OperatingIncomeLoss,2026-08-27
PM,receivables,2019-03-31,2958000000,2019-05-20,AccountsReceivableNetCurrent,2026-08-27
PM,revenue,2019-03-31,6751000000,2019-05-20,RevenueFromContractWithCustomerExcludingAssessedTax,2026-08-27
PNC,assets,2019-03-31,392837000000,2019-05-20,Assets,2026-08-27
PNC,buybacks,2019-03-31,826000000,2019-05-20,PaymentsForRepurchaseOfCommonStock,2026-08-27
PNC,equity,2019-03-31,48536000000,2019-05-20,StockholdersEquity,2026-08-27
PNC,liabilities,2019-03-31,344262000000,2019-05-20,Liabilities,2026-08-27
PNC,operatingCashFlow,2019-03-31,1401000000,2019-05-20,NetCashProvidedByUsedInOperatingActivities,2026-08-27
PNC,revenue,2019-03-31,4286000000,2019-05-20,Revenues,2026-08-27
PNR,assets,2019-03-31,4382200000,2019-05-20,Assets,2026-08-27
PNR,buybacks,2019-03-31,0,2019-05-20,PaymentsForRepurchaseOfCommonStock,2026-08-27
PNR,capex,2019-03-31,16800000,2019-05-20,PaymentsToAcquirePropertyPlantAndEquipment,2026-08-27
PNR,cash,2019-03-31,78900000,2019-05-20,CashAndCashEquivalentsAtCarryingValue,2026-08-27
PNR,debt,2019-03-31,1370700000,2019-05-20,LongTermDebtNoncurrent,2026-08-27
PNR,grossProfit,2019-03-31,235600000,2019-05-20,GrossProfit,2026-08-27
PNR,inventory,2019-03-31,421800000,2019-05-20,InventoryNet,2026-08-27
PNR,liabilities,2019-03-31,2511800000,2019-05-20,Liabilities,2026-08-27
PNR,netIncome,2019-03-31,51300000,2019-05-20,NetIncomeLoss,2026-08-27
PNR,operatingCashFlow,2019-03-31,-256300000,2019-05-20,NetCashProvidedByUsedInOperatingActivities,2026-08-27
PNR,operatingIncome,2019-03-31,67600000,2019-05-20,OperatingIncomeLoss,2026-08-27
PNR,revenue,2019-03-31,688900000,2019-05-20,Revenues,2026-08-27
PNR,rnd,2019-03-31,20700000,2019-05-20,ResearchAndDevelopmentExpense,2026-08-27
PNW,assets,2019-03-31,17854107000,2019-05-20,Assets,2026-08-27
PNW,capex,2019-03-31,259792000,2019-05-20,PaymentsToAcquireProductiveAssets,2026-08-27
PNW,cash,2019-03-31,6109000,2019-05-20,CashAndCashEquivalentsAtCarryingValue,2026-08-27
PNW,debt,2019-03-31,4886108000,2019-05-20,LongTermDebtNoncurrent,2026-08-27
PNW,equity,2019-03-31,5251062000,2019-05-20,StockholdersEquity,2026-08-27
PNW,operatingCashFlow,2019-03-31,173432000,2019-05-20,NetCashProvidedByUsedInOperatingActivities,2026-08-27
PNW,operatingIncome,2019-03-31,60084000,2019-05-20,OperatingIncomeLoss,2026-08-27
PNW,revenue,2019-03-31,740530000,2019-05-20,Revenues,2026-08-27
PODD,assets,2019-03-31,952612000,2019-05-20,Assets,2026-08-27
PODD,buybacks,2019-03-31,300000,2019-05-20,PaymentsForRepurchaseOfCommonStock,2026-08-27
PODD,capex,2019-03-31,44400000,2019-05-20,PaymentsToAcquirePropertyPlantAndEquipment,2026-08-27
PODD,cash,2019-03-31,129254000,2019-05-20,CashAndCashEquivalentsAtCarryingValue,2026-08-27
PODD,debt,2019-03-31,599601000,2019-05-20,LongTermDebtNoncurrent,2026-08-27
PODD,equity,2019-03-31,223600000,2019-05-20,StockholdersEquity,2026-08-27
PODD,grossProfit,2019-03-31,106700000,2019-05-20,GrossProfit,2026-08-27
PODD,inventory,2019-03-31,73822000,2019-05-20,InventoryNet,2026-08-27
PODD,liabilities,2019-03-31,728982000,2019-05-20,Liabilities,2026-08-27
PODD,netIncome,2019-03-31,4400000,2019-05-20,NetIncomeLoss,2026-08-27
PODD,operatingCashFlow,2019-03-31,6500000,2019-05-20,NetCashProvidedByUsedInOperatingActivities,2026-08-27
PODD,operatingIncome,2019-03-31,7300000,2019-05-20,OperatingIncomeLoss,2026-08-27
PODD,receivables,2019-03-31,68655000,2019-05-20,AccountsReceivableNetCurrent,2026-08-27
PODD,revenue,2019-03-31,159600000,2019-05-20,RevenueFromContractWithCustomerExcludingAssessedTax,2026-08-27
PODD,rnd,2019-03-31,32500000,2019-05-20,ResearchAndDevelopmentExpense,2026-08-27
PODD,shares,2019-03-31,59638439,2019-05-20,CommonStockSharesOutstanding,2026-08-27
PPG,assets,2019-03-31,17371000000,2019-05-20,Assets,2026-08-27
PPG,buybacks,2019-03-31,175000000,2019-05-20,PaymentsForRepurchaseOfCommonStock,2026-08-27
PPG,capex,2019-03-31,47000000,2019-05-20,PaymentsToAcquirePropertyPlantAndEquipment,2026-08-27
PPG,cash,2019-03-31,784000000,2019-05-20,CashAndCashEquivalentsAtCarryingValue,2026-08-27
PPG,debt,2019-03-31,4626000000,2019-05-20,LongTermDebtNoncurrent,2026-08-27
PPG,equity,2019-03-31,4904000000,2019-05-20,StockholdersEquity,2026-08-27
PPG,inventory,2019-03-31,1965000000,2019-05-20,InventoryNet,2026-08-27
PPG,liabilities,2019-03-31,12361000000,2019-05-20,Liabilities,2026-08-27
PPG,netIncome,2019-03-31,312000000,2019-05-20,NetIncomeLoss,2026-08-27
PPG,operatingCashFlow,2019-03-31,-66000000,2019-05-20,NetCashProvidedByUsedInOperatingActivities,2026-08-27
PPG,operatingIncome,2019-03-31,515000000,2019-05-20,OperatingIncomeLoss,2026-08-27
PPG,revenue,2019-03-31,3624000000,2019-05-20,RevenueFromContractWithCustomerExcludingAssessedTax,2026-08-27
PPL,assets,2019-03-31,44567000000,2019-05-20,Assets,2026-08-27
PPL,capex,2019-03-31,729000000,2019-05-20,PaymentsToAcquirePropertyPlantAndEquipment,2026-08-27
PPL,cash,2019-03-31,518000000,2019-05-20,CashAndCashEquivalentsAtCarryingValue,2026-08-27
PPL,debt,2019-03-31,21114000000,2019-05-20,LongTermDebtNoncurrent,2026-08-27
PPL,equity,2019-03-31,12172000000,2019-05-20,StockholdersEquity,2026-08-27
PPL,inventory,2019-03-31,274000000,2019-05-20,InventoryNet,2026-08-27
PPL,netIncome,2019-03-31,466000000,2019-05-20,NetIncomeLoss,2026-08-27
PPL,operatingCashFlow,2019-03-31,474000000,2019-05-20,NetCashProvidedByUsedInOperatingActivities,2026-08-27
PPL,operatingIncome,2019-03-31,781000000,2019-05-20,OperatingIncomeLoss,2026-08-27
PPL,receivables,2019-03-31,749000000,2019-05-20,AccountsReceivableNetCurrent,2026-08-27
PPL,revenue,2019-03-31,2079000000,2019-05-20,Revenues,2026-08-27
PPL,shares,2019-03-31,721371000,2019-05-20,CommonStockSharesOutstanding,2026-08-27
PRU,assets,2019-03-31,849324000000,2019-05-20,Assets,2026-08-27
PRU,buybacks,2019-03-31,484000000,2019-05-20,PaymentsForRepurchaseOfCommonStock,2026-08-27
PRU,cash,2019-03-31,14699000000,2019-05-20,CashAndCashEquivalentsAtCarryingValue,2026-08-27
PRU,debt,2019-03-31,18309000000,2019-05-20,LongTermDebtNoncurrent,2026-08-27
PRU,equity,2019-03-31,55010000000,2019-05-20,StockholdersEquity,2026-08-27
PRU,liabilities,2019-03-31,793874000000,2019-05-20,Liabilities,2026-08-27
PRU,netIncome,2019-03-31,932000000,2019-05-20,NetIncomeLoss,2026-08-27
PRU,operatingCashFlow,2019-03-31,3085000000,2019-05-20,NetCashProvidedByUsedInOperatingActivities,2026-08-27
PRU,revenue,2019-03-31,15091000000,2019-05-20,Revenues,2026-08-27
PSA,assets,2019-03-31,10875016000,2019-05-20,Assets,2026-08-27
PSA,cash,2019-03-31,217973000,2019-05-20,CashAndCashEquivalentsAtCarryingValue,2026-08-27
PSA,debt,2019-03-31,1406150000,2019-05-20,LongTermDebt,2026-08-27
PSA,equity,2019-03-31,9069821000,2019-05-20,StockholdersEquity,2026-08-27
PSA,grossProfit,2019-03-31,484837000,2019-05-20,GrossProfit,2026-08-27
PSA,liabilities,2019-03-31,1780395000,2019-05-20,Liabilities,2026-08-27
PSA,netIncome,2019-03-31,366521000,2019-05-20,NetIncomeLoss,2026-08-27
PSA,operatingCashFlow,2019-03-31,469832000,2019-05-20,NetCashProvidedByUsedInOperatingActivities,2026-08-27
PSA,revenue,2019-03-31,689038000,2019-05-20,Revenues,2026-08-27
PSA,shares,2019-03-31,174215292,2019-05-20,CommonStockSharesOutstanding,2026-08-27
PSX,assets,2019-03-31,57855000000,2019-05-20,Assets,2026-08-27
PSX,buybacks,2019-03-31,344000000,2019-05-20,PaymentsForRepurchaseOfCommonStock,2026-08-27
PSX,cash,2019-03-31,1253000000,2019-05-20,CashAndCashEquivalentsAtCarryingValue,2026-08-27
PSX,equity,2019-03-31,24217000000,2019-05-20,StockholdersEquity,2026-08-27
PSX,inventory,2019-03-31,5344000000,2019-05-20,InventoryNet,2026-08-27
PSX,liabilities,2019-03-31,31110000000,2019-05-20,Liabilities,2026-08-27
PSX,netIncome,2019-03-31,204000000,2019-05-20,NetIncomeLoss,2026-08-27
PSX,operatingCashFlow,2019-03-31,-478000000,2019-05-20,NetCashProvidedByUsedInOperatingActivities,2026-08-27
PSX,revenue,2019-03-31,23103000000,2019-05-20,RevenueFromContractWithCustomerExcludingAssessedTax,2026-08-27
PTC,assets,2019-03-30,2715819000,2019-05-19,Assets,2026-08-27
PTC,cash,2019-03-30,294299000,2019-05-19,CashAndCashEquivalentsAtCarryingValue,2026-08-27
PTC,equity,2019-03-30,1247708000,2019-05-19,StockholdersEquity,2026-08-27
PTC,grossProfit,2019-03-30,210547000,2019-05-19,GrossProfit,2026-08-27
PTC,liabilities,2019-03-30,1468111000,2019-05-19,Liabilities,2026-08-27
PTC,netIncome,2019-03-30,-43513000,2019-05-19,NetIncomeLoss,2026-08-27
PTC,operatingIncome,2019-03-30,-22858000,2019-05-19,OperatingIncomeLoss,2026-08-27
PTC,receivables,2019-03-30,352217000,2019-05-19,AccountsReceivableNetCurrent,2026-08-27
PTC,revenue,2019-03-30,290451000,2019-05-19,RevenueFromContractWithCustomerExcludingAssessedTax,2026-08-27
PTC,rnd,2019-03-30,61402000,2019-05-19,ResearchAndDevelopmentExpense,2026-08-27
PTC,shares,2019-03-30,118098000,2019-05-19,CommonStockSharesOutstanding,2026-08-27
PWR,assets,2019-03-31,7652516000,2019-05-20,Assets,2026-08-27
PWR,buybacks,2019-03-31,19933000,2019-05-20,PaymentsForRepurchaseOfCommonStock,2026-08-27
PWR,capex,2019-03-31,68626000,2019-05-20,PaymentsToAcquirePropertyPlantAndEquipment,2026-08-27
PWR,cash,2019-03-31,85423000,2019-05-20,CashAndCashEquivalentsAtCarryingValue,2026-08-27
PWR,debt,2019-03-31,1344999000,2019-05-20,LongTermDebtNoncurrent,2026-08-27
PWR,equity,2019-03-31,3723744000,2019-05-20,StockholdersEquity,2026-08-27
PWR,grossProfit,2019-03-31,363981000,2019-05-20,GrossProfit,2026-08-27
PWR,inventory,2019-03-31,81117000,2019-05-20,InventoryNet,2026-08-27
PWR,liabilities,2019-03-31,3927459000,2019-05-20,Liabilities,2026-08-27
PWR,netIncome,2019-03-31,120488000,2019-05-20,NetIncomeLoss,2026-08-27
PWR,operatingCashFlow,2019-03-31,-82750000,2019-05-20,NetCashProvidedByUsedInOperatingActivities,2026-08-27
PWR,operatingIncome,2019-03-31,119487000,2019-05-20,OperatingIncomeLoss,2026-08-27
PWR,receivables,2019-03-31,2580665000,2019-05-20,AccountsReceivableNetCurrent,2026-08-27
PWR,revenue,2019-03-31,2807259000,2019-05-20,RevenueFromContractWithCustomerExcludingAssessedTax,2026-08-27
PYPL,assets,2019-03-31,46280000000,2019-05-20,Assets,2026-08-27
PYPL,buybacks,2019-03-31,756000000,2019-05-20,PaymentsForRepurchaseOfCommonStock,2026-08-27
PYPL,capex,2019-03-31,218000000,2019-05-20,PaymentsToAcquirePropertyPlantAndEquipment,2026-08-27
PYPL,cash,2019-03-31,4515000000,2019-05-20,CashAndCashEquivalentsAtCarryingValue,2026-08-27
PYPL,equity,2019-03-31,15157000000,2019-05-20,StockholdersEquity,2026-08-27
PYPL,liabilities,2019-03-31,31123000000,2019-05-20,Liabilities,2026-08-27
PYPL,netIncome,2019-03-31,667000000,2019-05-20,NetIncomeLoss,2026-08-27
PYPL,operatingCashFlow,2019-03-31,1027000000,2019-05-20,NetCashProvidedByUsedInOperatingActivities,2026-08-27
PYPL,operatingIncome,2019-03-31,518000000,2019-05-20,OperatingIncomeLoss,2026-08-27
PYPL,receivables,2019-03-31,409000000,2019-05-20,AccountsReceivableNetCurrent,2026-08-27
PYPL,revenue,2019-03-31,4128000000,2019-05-20,Revenues,2026-08-27
PYPL,shares,2019-03-31,1172000000,2019-05-20,CommonStockSharesOutstanding,2026-08-27
QCOM,assets,2019-03-31,34023000000,2019-05-20,Assets,2026-08-27
QCOM,cash,2019-03-31,10135000000,2019-05-20,CashAndCashEquivalentsAtCarryingValue,2026-08-27
QCOM,debt,2019-03-31,15405000000,2019-05-20,LongTermDebtNoncurrent,2026-08-27
QCOM,inventory,2019-03-31,1725000000,2019-05-20,InventoryNet,2026-08-27
QCOM,liabilities,2019-03-31,30157000000,2019-05-20,Liabilities,2026-08-27
QCOM,netIncome,2019-03-31,663000000,2019-05-20,NetIncomeLoss,2026-08-27
QCOM,operatingIncome,2019-03-31,940000000,2019-05-20,OperatingIncomeLoss,2026-08-27
QCOM,receivables,2019-03-31,2430000000,2019-05-20,AccountsReceivableNetCurrent,2026-08-27
QCOM,revenue,2019-03-31,4982000000,2019-05-20,Revenues,2026-08-27
QCOM,rnd,2019-03-31,1308000000,2019-05-20,ResearchAndDevelopmentExpense,2026-08-27
QCOM,shares,2019-03-31,1214000000,2019-05-20,CommonStockSharesOutstanding,2026-08-27
RCL,assets,2019-03-31,28720049000,2019-05-20,Assets,2026-08-27
RCL,buybacks,2019-03-31,0,2019-05-20,PaymentsForRepurchaseOfCommonStock,2026-08-27
RCL,capex,2019-03-31,470116000,2019-05-20,PaymentsToAcquirePropertyPlantAndEquipment,2026-08-27
RCL,cash,2019-03-31,248197000,2019-05-20,CashAndCashEquivalentsAtCarryingValue,2026-08-27
RCL,equity,2019-03-31,11269070000,2019-05-20,StockholdersEquity,2026-08-27
RCL,inventory,2019-03-31,157939000,2019-05-20,InventoryNet,2026-08-27
RCL,liabilities,2019-03-31,16901334000,2019-05-20,Liabilities,2026-08-27
RCL,netIncome,2019-03-31,249681000,2019-05-20,NetIncomeLoss,2026-08-27
RCL,operatingCashFlow,2019-03-31,1078454000,2019-05-20,NetCashProvidedByUsedInOperatingActivities,2026-08-27
RCL,operatingIncome,2019-03-31,318831000,2019-05-20,OperatingIncomeLoss,2026-08-27
RCL,revenue,2019-03-31,2439767000,2019-05-20,RevenueFromContractWithCustomerExcludingAssessedTax,2026-08-27
REG,buybacks,2019-03-31,32778000,2019-05-20,PaymentsForRepurchaseOfCommonStock,2026-08-27
REG,debt,2019-03-31,3683738000,2019-05-20,LongTermDebt,2026-08-27
REG,netIncome,2019-03-31,90446000,2019-05-20,NetIncomeLoss,2026-08-27
REG,operatingCashFlow,2019-03-31,131364000,2019-05-20,NetCashProvidedByUsedInOperatingActivities,2026-08-27
REG,revenue,2019-03-31,286257000,2019-05-20,Revenues,2026-08-27
REGN,assets,2019-03-31,12854800000,2019-05-20,Assets,2026-08-27
REGN,buybacks,2019-03-31,10000000,2019-05-20,PaymentsForRepurchaseOfCommonStock,2026-08-27
REGN,capex,2019-03-31,74300000,2019-05-20,PaymentsToAcquireProductiveAssets,2026-08-27
REGN,cash,2019-03-31,1708500000,2019-05-20,CashAndCashEquivalentsAtCarryingValue,2026-08-27
REGN,equity,2019-03-31,9444700000,2019-05-20,StockholdersEquity,2026-08-27
REGN,inventory,2019-03-31,1208800000,2019-05-20,InventoryNet,2026-08-27
REGN,liabilities,2019-03-31,3410100000,2019-05-20,Liabilities,2026-08-27
REGN,netIncome,2019-03-31,461100000,2019-05-20,NetIncomeLoss,2026-08-27
REGN,operatingCashFlow,2019-03-31,897000000,2019-05-20,NetCashProvidedByUsedInOperatingActivities,2026-08-27
REGN,operatingIncome,2019-03-31,480000000,2019-05-20,OperatingIncomeLoss,2026-08-27
REGN,receivables,2019-03-31,1728400000,2019-05-20,AccountsReceivableNetCurrent,2026-08-27
REGN,revenue,2019-03-31,1372600000,2019-05-20,RevenueFromContractWithCustomerExcludingAssessedTax,2026-08-27
REGN,rnd,2019-03-31,486100000,2019-05-20,ResearchAndDevelopmentExpense,2026-08-27
RF,assets,2019-03-31,128802000000,2019-05-20,Assets,2026-08-27
RF,buybacks,2019-03-31,190000000,2019-05-20,PaymentsForRepurchaseOfCommonStock,2026-08-27
RF,cash,2019-03-31,3807000000,2019-05-20,CashAndCashEquivalentsAtCarryingValue,2026-08-27
RF,debt,2019-03-31,12957000000,2019-05-20,LongTermDebt,2026-08-27
RF,equity,2019-03-31,15512000000,2019-05-20,StockholdersEquity,2026-08-27
RF,liabilities,2019-03-31,113279000000,2019-05-20,Liabilities,2026-08-27
RF,netIncome,2019-03-31,394000000,2019-05-20,NetIncomeLoss,2026-08-27
RF,operatingCashFlow,2019-03-31,578000000,2019-05-20,NetCashProvidedByUsedInOperatingActivities,2026-08-27
RJF,assets,2019-03-31,38176000000,2019-05-20,Assets,2026-08-27
RJF,cash,2019-03-31,3831000000,2019-05-20,CashAndCashEquivalentsAtCarryingValue,2026-08-27
RJF,equity,2019-03-31,6366000000,2019-05-20,StockholdersEquity,2026-08-27
RJF,liabilities,2019-03-31,31741000000,2019-05-20,Liabilities,2026-08-27
RJF,netIncome,2019-03-31,261000000,2019-05-20,NetIncomeLoss,2026-08-27
RJF,revenue,2019-03-31,1934000000,2019-05-20,Revenues,2026-08-27
RJF,shares,2019-03-31,140439495,2019-05-20,CommonStockSharesOutstanding,2026-08-27
RL,assets,2019-03-30,5942800000,2019-05-19,Assets,2026-08-27
RL,cash,2019-03-30,584100000,2019-05-19,CashAndCashEquivalentsAtCarryingValue,2026-08-27
RL,debt,2019-03-30,689100000,2019-05-19,LongTermDebtNoncurrent,2026-08-27
RL,equity,2019-03-30,3287200000,2019-05-19,StockholdersEquity,2026-08-27
RL,inventory,2019-03-30,817800000,2019-05-19,InventoryNet,2026-08-27
RL,liabilities,2019-03-30,2655600000,2019-05-19,Liabilities,2026-08-27
RL,receivables,2019-03-30,398100000,2019-05-19,AccountsReceivableNetCurrent,2026-08-27
RMD,assets,2019-03-31,4098526000,2019-05-20,Assets,2026-08-27
RMD,cash,2019-03-31,146513000,2019-05-20,CashAndCashEquivalentsAtCarryingValue,2026-08-27
RMD,debt,2019-03-31,1323349000,2019-05-20,LongTermDebt,2026-08-27
RMD,equity,2019-03-31,2021329000,2019-05-20,StockholdersEquity,2026-08-27
RMD,grossProfit,2019-03-31,380970000,2019-05-20,GrossProfit,2026-08-27
RMD,inventory,2019-03-31,319930000,2019-05-20,InventoryNet,2026-08-27
RMD,liabilities,2019-03-31,2077197000,2019-05-20,Liabilities,2026-08-27
RMD,netIncome,2019-03-31,105416000,2019-05-20,NetIncomeLoss,2026-08-27
RMD,operatingIncome,2019-03-31,156977000,2019-05-20,OperatingIncomeLoss,2026-08-27
RMD,receivables,2019-03-31,511403000,2019-05-20,AccountsReceivableNetCurrent,2026-08-27
RMD,revenue,2019-03-31,662228000,2019-05-20,Revenues,2026-08-27
RMD,rnd,2019-03-31,47610000,2019-05-20,ResearchAndDevelopmentExpense,2026-08-27
RMD,shares,2019-03-31,143345972,2019-05-20,CommonStockSharesOutstanding,2026-08-27
ROK,assets,2019-03-31,6254200000,2019-05-20,Assets,2026-08-27
ROK,cash,2019-03-31,780000000,2019-05-20,CashAndCashEquivalentsAtCarryingValue,2026-08-27
ROK,debt,2019-03-31,1932400000,2019-05-20,LongTermDebtNoncurrent,2026-08-27
ROK,equity,2019-03-31,1336300000,2019-05-20,StockholdersEquity,2026-08-27
ROK,grossProfit,2019-03-31,708200000,2019-05-20,GrossProfit,2026-08-27
ROK,inventory,2019-03-31,665400000,2019-05-20,InventoryNet,2026-08-27
ROK,netIncome,2019-03-31,346000000,2019-05-20,NetIncomeLoss,2026-08-27
ROK,revenue,2019-03-31,1657200000,2019-05-20,RevenueFromContractWithCustomerExcludingAssessedTax,2026-08-27
ROL,assets,2019-03-31,1272072000,2019-05-20,Assets,2026-08-27
ROL,buybacks,2019-03-31,9121000,2019-05-20,PaymentsForRepurchaseOfCommonStock,2026-08-27
ROL,capex,2019-03-31,6481000,2019-05-20,PaymentsToAcquirePropertyPlantAndEquipment,2026-08-27
ROL,cash,2019-03-31,116607000,2019-05-20,CashAndCashEquivalentsAtCarryingValue,2026-08-27
ROL,equity,2019-03-31,719124000,2019-05-20,StockholdersEquity,2026-08-27
ROL,grossProfit,2019-03-31,211811000,2019-05-20,GrossProfit,2026-08-27
ROL,inventory,2019-03-31,16572000,2019-05-20,InventoryNet,2026-08-27
ROL,liabilities,2019-03-31,552948000,2019-05-20,Liabilities,2026-08-27
ROL,operatingCashFlow,2019-03-31,61422000,2019-05-20,NetCashProvidedByUsedInOperatingActivities,2026-08-27
ROL,receivables,2019-03-31,104593000,2019-05-20,AccountsReceivableNetCurrent,2026-08-27
ROL,revenue,2019-03-31,429069000,2019-05-20,Revenues,2026-08-27
ROL,shares,2019-03-31,327529782,2019-05-20,CommonStockSharesOutstanding,2026-08-27
ROP,assets,2019-03-31,15414100000,2019-05-20,Assets,2026-08-27
ROP,capex,2019-03-31,15800000,2019-05-20,PaymentsToAcquireProductiveAssets,2026-08-27
ROP,cash,2019-03-31,392500000,2019-05-20,CashAndCashEquivalentsAtCarryingValue,2026-08-27
ROP,debt,2019-03-31,4487000000,2019-05-20,LongTermDebtNoncurrent,2026-08-27
ROP,equity,2019-03-31,8137400000,2019-05-20,StockholdersEquity,2026-08-27
ROP,grossProfit,2019-03-31,810600000,2019-05-20,GrossProfit,2026-08-27
ROP,inventory,2019-03-31,207500000,2019-05-20,InventoryNet,2026-08-27
ROP,liabilities,2019-03-31,7276700000,2019-05-20,Liabilities,2026-08-27
ROP,netIncome,2019-03-31,369600000,2019-05-20,NetIncomeLoss,2026-08-27
ROP,operatingCashFlow,2019-03-31,290300000,2019-05-20,NetCashProvidedByUsedInOperatingActivities,2026-08-27
ROP,operatingIncome,2019-03-31,346400000,2019-05-20,OperatingIncomeLoss,2026-08-27
ROP,receivables,2019-03-31,629300000,2019-05-20,AccountsReceivableNetCurrent,2026-08-27
ROP,revenue,2019-03-31,1287200000,2019-05-20,RevenueFromContractWithCustomerExcludingAssessedTax,2026-08-27
ROST,assets,2019-02-02,6073691000,2019-04-28,Assets,2026-08-27
ROST,cash,2019-02-02,1412912000,2019-04-28,CashAndCashEquivalentsAtCarryingValue,2026-08-27
ROST,debt,2019-02-02,312440000,2019-04-28,LongTermDebtNoncurrent,2026-08-27
ROST,equity,2019-02-02,3305746000,2019-04-28,StockholdersEquity,2026-08-27
ROST,inventory,2019-02-02,1750442000,2019-04-28,InventoryNet,2026-08-27
ROST,netIncome,2019-02-02,441693000,2019-04-28,NetIncomeLoss,2026-08-27
ROST,revenue,2019-02-02,4107388000,2019-04-28,RevenueFromContractWithCustomerExcludingAssessedTax,2026-08-27
ROST,shares,2019-02-02,368242000,2019-04-28,CommonStockSharesOutstanding,2026-08-27
RSG,assets,2019-03-31,21782000000,2019-05-20,Assets,2026-08-27
RSG,buybacks,2019-03-31,111500000,2019-05-20,PaymentsForRepurchaseOfCommonStock,2026-08-27
RSG,capex,2019-03-31,299300000,2019-05-20,PaymentsToAcquirePropertyPlantAndEquipment,2026-08-27
RSG,cash,2019-03-31,68000000,2019-05-20,CashAndCashEquivalentsAtCarryingValue,2026-08-27
RSG,equity,2019-03-31,7919500000,2019-05-20,StockholdersEquity,2026-08-27
RSG,inventory,2019-03-31,55400000,2019-05-20,InventoryNet,2026-08-27
RSG,netIncome,2019-03-31,234200000,2019-05-20,NetIncomeLoss,2026-08-27
RSG,operatingCashFlow,2019-03-31,553700000,2019-05-20,NetCashProvidedByUsedInOperatingActivities,2026-08-27
RSG,operatingIncome,2019-03-31,422800000,2019-05-20,OperatingIncomeLoss,2026-08-27
RSG,receivables,2019-03-31,1073700000,2019-05-20,AccountsReceivableNetCurrent,2026-08-27
RSG,revenue,2019-03-31,2910300000,2019-05-20,Revenues,2026-08-27
RSG,shares,2019-03-31,352800000,2019-05-20,CommonStockSharesOutstanding,2026-08-27
RTX,assets,2019-03-31,137380000000,2019-05-20,Assets,2026-08-27
RTX,buybacks,2019-03-31,29000000,2019-05-20,PaymentsForRepurchaseOfCommonStock,2026-08-27
RTX,capex,2019-03-31,363000000,2019-05-20,PaymentsToAcquireProductiveAssets,2026-08-27
RTX,cash,2019-03-31,6240000000,2019-05-20,CashAndCashEquivalentsAtCarryingValue,2026-08-27
RTX,equity,2019-03-31,39738000000,2019-05-20,StockholdersEquity,2026-08-27
RTX,grossProfit,2019-03-31,2534000000,2019-05-20,GrossProfit,2026-08-27
RTX,inventory,2019-03-31,10474000000,2019-05-20,InventoryNet,2026-08-27
RTX,liabilities,2019-03-31,95325000000,2019-05-20,Liabilities,2026-08-27
RTX,netIncome,2019-03-31,1346000000,2019-05-20,NetIncomeLoss,2026-08-27
RTX,operatingCashFlow,2019-03-31,1500000000,2019-05-20,NetCashProvidedByUsedInOperatingActivitiesContinuingOperations,2026-08-27
RTX,operatingIncome,2019-03-31,1142000000,2019-05-20,OperatingIncomeLoss,2026-08-27
RTX,revenue,2019-03-31,10953000000,2019-05-20,Revenues,2026-08-27
RTX,rnd,2019-03-31,728000000,2019-05-20,ResearchAndDevelopmentExpense,2026-08-27
RVTY,assets,2019-03-31,6086497000,2019-05-20,Assets,2026-08-27
RVTY,buybacks,2019-03-31,5293000,2019-05-20,PaymentsForRepurchaseOfCommonStock,2026-08-27
RVTY,capex,2019-03-31,19875000,2019-05-20,PaymentsToAcquirePropertyPlantAndEquipment,2026-08-27
RVTY,cash,2019-03-31,134252000,2019-05-20,CashAndCashEquivalentsAtCarryingValue,2026-08-27
RVTY,debt,2019-03-31,1848935000,2019-05-20,LongTermDebtNoncurrent,2026-08-27
RVTY,equity,2019-03-31,2638472000,2019-05-20,StockholdersEquity,2026-08-27
RVTY,grossProfit,2019-03-31,307806000,2019-05-20,GrossProfit,2026-08-27
RVTY,inventory,2019-03-31,376507000,2019-05-20,InventoryNet,2026-08-27
RVTY,liabilities,2019-03-31,3448025000,2019-05-20,Liabilities,2026-08-27
RVTY,netIncome,2019-03-31,35412000,2019-05-20,NetIncomeLoss,2026-08-27
RVTY,operatingCashFlow,2019-03-31,-5316000,2019-05-20,NetCashProvidedByUsedInOperatingActivities,2026-08-27
RVTY,operatingIncome,2019-03-31,53330000,2019-05-20,OperatingIncomeLoss,2026-08-27
RVTY,receivables,2019-03-31,623927000,2019-05-20,AccountsReceivableNetCurrent,2026-08-27
RVTY,revenue,2019-03-31,648737000,2019-05-20,Revenues,2026-08-27
RVTY,rnd,2019-03-31,47980000,2019-05-20,ResearchAndDevelopmentExpense,2026-08-27
RVTY,shares,2019-03-31,110891000,2019-05-20,CommonStockSharesOutstanding,2026-08-27
SBAC,assets,2019-03-31,9312759000,2019-05-20,Assets,2026-08-27
SBAC,capex,2019-03-31,36374000,2019-05-20,PaymentsToAcquirePropertyPlantAndEquipment,2026-08-27
SBAC,cash,2019-03-31,117613000,2019-05-20,CashAndCashEquivalentsAtCarryingValue,2026-08-27
SBAC,debt,2019-03-31,8780606000,2019-05-20,LongTermDebtNoncurrent,2026-08-27
SBAC,equity,2019-03-31,-3302781000,2019-05-20,StockholdersEquity,2026-08-27
SBAC,grossProfit,2019-03-31,369478000,2019-05-20,GrossProfit,2026-08-27
SBAC,netIncome,2019-03-31,25989000,2019-05-20,NetIncomeLoss,2026-08-27
SBAC,operatingCashFlow,2019-03-31,222665000,2019-05-20,NetCashProvidedByUsedInOperatingActivities,2026-08-27
SBAC,operatingIncome,2019-03-31,139269000,2019-05-20,OperatingIncomeLoss,2026-08-27
SBAC,receivables,2019-03-31,113017000,2019-05-20,AccountsReceivableNetCurrent,2026-08-27
SBAC,revenue,2019-03-31,493292000,2019-05-20,Revenues,2026-08-27
SBAC,shares,2019-03-31,113205000,2019-05-20,CommonStockSharesOutstanding,2026-08-27
SBUX,assets,2019-03-31,17641900000,2019-05-20,Assets,2026-08-27
SBUX,cash,2019-03-31,2055100000,2019-05-20,CashAndCashEquivalentsAtCarryingValue,2026-08-27
SBUX,debt,2019-03-31,9141500000,2019-05-20,LongTermDebtNoncurrent,2026-08-27
SBUX,equity,2019-03-31,-5036900000,2019-05-20,StockholdersEquity,2026-08-27
SBUX,inventory,2019-03-31,1443000000,2019-05-20,InventoryNet,2026-08-27
SBUX,liabilities,2019-03-31,22677100000,2019-05-20,Liabilities,2026-08-27
SBUX,netIncome,2019-03-31,663200000,2019-05-20,NetIncomeLoss,2026-08-27
SBUX,operatingIncome,2019-03-31,857700000,2019-05-20,OperatingIncomeLoss,2026-08-27
SBUX,receivables,2019-03-31,703600000,2019-05-20,AccountsReceivableNetCurrent,2026-08-27
SBUX,revenue,2019-03-31,6305900000,2019-05-20,Revenues,2026-08-27
SBUX,shares,2019-03-31,1210000000,2019-05-20,CommonStockSharesOutstanding,2026-08-27
SCHW,assets,2019-03-31,282815000000,2019-05-20,Assets,2026-08-27
SCHW,capex,2019-03-31,139000000,2019-05-20,PaymentsToAcquirePropertyPlantAndEquipment,2026-08-27
SCHW,cash,2019-03-31,32558000000,2019-05-20,CashAndCashEquivalentsAtCarryingValue,2026-08-27
SCHW,equity,2019-03-31,21625000000,2019-05-20,StockholdersEquity,2026-08-27
SCHW,liabilities,2019-03-31,261190000000,2019-05-20,Liabilities,2026-08-27
SCHW,netIncome,2019-03-31,964000000,2019-05-20,NetIncomeLoss,2026-08-27
SCHW,operatingCashFlow,2019-03-31,-2595000000,2019-05-20,NetCashProvidedByUsedInOperatingActivities,2026-08-27
SCHW,revenue,2019-03-31,2723000000,2019-05-20,Revenues,2026-08-27
SHW,assets,2019-03-31,20961600000,2019-05-20,Assets,2026-08-27
SHW,capex,2019-03-31,51400000,2019-05-20,PaymentsToAcquireProductiveAssets,2026-08-27
SHW,cash,2019-03-31,94400000,2019-05-20,CashAndCashEquivalentsAtCarryingValue,2026-08-27
SHW,debt,2019-03-31,8702600000,2019-05-20,LongTermDebtNoncurrent,2026-08-27
SHW,equity,2019-03-31,3460100000,2019-05-20,StockholdersEquity,2026-08-27
SHW,grossProfit,2019-03-31,1735100000,2019-05-20,GrossProfit,2026-08-27
SHW,inventory,2019-03-31,1993400000,2019-05-20,InventoryNet,2026-08-27
SHW,netIncome,2019-03-31,245200000,2019-05-20,NetIncomeLoss,2026-08-27
SHW,operatingCashFlow,2019-03-31,-36000000,2019-05-20,NetCashProvidedByUsedInOperatingActivities,2026-08-27
SHW,operatingIncome,2019-03-31,517700000,2019-05-20,OperatingIncomeLoss,2026-08-27
SHW,receivables,2019-03-31,2339600000,2019-05-20,AccountsReceivableNetCurrent,2026-08-27
SHW,revenue,2019-03-31,4040900000,2019-05-20,Revenues,2026-08-27
SHW,shares,2019-03-31,92300000,2019-05-20,CommonStockSharesOutstanding,2026-08-27
SJM,assets,2019-01-31,16927600000,2019-04-26,Assets,2026-08-27
SJM,cash,2019-01-31,206500000,2019-04-26,CashAndCashEquivalentsAtCarryingValue,2026-08-27
SJM,debt,2019-01-31,5285800000,2019-04-26,LongTermDebtNoncurrent,2026-08-27
SJM,equity,2019-01-31,8021600000,2019-04-26,StockholdersEquity,2026-08-27
SJM,grossProfit,2019-01-31,773800000,2019-04-26,GrossProfit,2026-08-27
SJM,inventory,2019-01-31,924700000,2019-04-26,InventoryNet,2026-08-27
SJM,liabilities,2019-01-31,8906000000,2019-04-26,Liabilities,2026-08-27
SJM,netIncome,2019-01-31,121400000,2019-04-26,NetIncomeLoss,2026-08-27
SJM,operatingIncome,2019-01-31,217600000,2019-04-26,OperatingIncomeLoss,2026-08-27
SJM,receivables,2019-01-31,502600000,2019-04-26,AccountsReceivableNetCurrent,2026-08-27
SJM,shares,2019-01-31,113800000,2019-04-26,CommonStockSharesOutstanding,2026-08-27
SLB,assets,2019-03-31,70321000000,2019-05-20,Assets,2026-08-27
SLB,capex,2019-03-31,413000000,2019-05-20,PaymentsToAcquirePropertyPlantAndEquipment,2026-08-27
SLB,debt,2019-03-31,16449000000,2019-05-20,LongTermDebtNoncurrent,2026-08-27
SLB,equity,2019-03-31,36103000000,2019-05-20,StockholdersEquity,2026-08-27
SLB,inventory,2019-03-31,4224000000,2019-05-20,InventoryNet,2026-08-27
SLB,liabilities,2019-03-31,33797000000,2019-05-20,Liabilities,2026-08-27
SLB,netIncome,2019-03-31,421000000,2019-05-20,NetIncomeLoss,2026-08-27
SLB,operatingCashFlow,2019-03-31,326000000,2019-05-20,NetCashProvidedByUsedInOperatingActivities,2026-08-27
SLB,operatingIncome,2019-03-31,908000000,2019-05-20,OperatingIncomeLoss,2026-08-27
SLB,revenue,2019-03-31,7879000000,2019-05-20,RevenueFromContractWithCustomerExcludingAssessedTax,2026-08-27
SLB,rnd,2019-03-31,173000000,2019-05-20,ResearchAndDevelopmentExpense,2026-08-27
SMCI,assets,2019-03-31,1607252000,2019-05-20,Assets,2026-08-27
SMCI,cash,2019-03-31,169735000,2019-05-20,CashAndCashEquivalentsAtCarryingValue,2026-08-27
SMCI,equity,2019-03-31,912998000,2019-05-20,StockholdersEquity,2026-08-27
SMCI,grossProfit,2019-03-31,112327000,2019-05-20,GrossProfit,2026-08-27
SMCI,inventory,2019-03-31,761113000,2019-05-20,InventoryNet,2026-08-27
SMCI,liabilities,2019-03-31,694094000,2019-05-20,Liabilities,2026-08-27
SMCI,netIncome,2019-03-31,10646000,2019-05-20,NetIncomeLoss,2026-08-27
SMCI,operatingIncome,2019-03-31,12859000,2019-05-20,OperatingIncomeLoss,2026-08-27
SMCI,receivables,2019-03-31,327366000,2019-05-20,AccountsReceivableNetCurrent,2026-08-27
SMCI,revenue,2019-03-31,743499000,2019-05-20,RevenueFromContractWithCustomerExcludingAssessedTax,2026-08-27
SMCI,rnd,2019-03-31,44800000,2019-05-20,ResearchAndDevelopmentExpense,2026-08-27
SNA,assets,2019-03-30,5490900000,2019-05-19,Assets,2026-08-27
SNA,buybacks,2019-03-30,47400000,2019-05-19,PaymentsForRepurchaseOfCommonStock,2026-08-27
SNA,cash,2019-03-30,156400000,2019-05-19,CashAndCashEquivalentsAtCarryingValue,2026-08-27
SNA,debt,2019-03-30,946700000,2019-05-19,LongTermDebtNoncurrent,2026-08-27
SNA,equity,2019-03-30,3197600000,2019-05-19,StockholdersEquity,2026-08-27
SNA,inventory,2019-03-30,707000000,2019-05-19,InventoryNet,2026-08-27
SNA,liabilities,2019-03-30,2273100000,2019-05-19,Liabilities,2026-08-27
SNA,netIncome,2019-03-30,177900000,2019-05-19,NetIncomeLoss,2026-08-27
SNA,operatingCashFlow,2019-03-30,201300000,2019-05-19,NetCashProvidedByUsedInOperatingActivities,2026-08-27
SNA,operatingIncome,2019-03-30,249500000,2019-05-19,OperatingIncomeLoss,2026-08-27
SNA,receivables,2019-03-30,675300000,2019-05-19,AccountsReceivableNetCurrent,2026-08-27
SNA,revenue,2019-03-30,1007300000,2019-05-19,Revenues,2026-08-27
SNPS,assets,2019-01-31,6344486000,2019-04-26,Assets,2026-08-27
SNPS,buybacks,2019-01-31,29185000,2019-04-26,PaymentsForRepurchaseOfCommonStock,2026-08-27
SNPS,capex,2019-01-31,29007000,2019-04-26,PaymentsToAcquirePropertyPlantAndEquipment,2026-08-27
SNPS,cash,2019-01-31,592305000,2019-04-26,CashAndCashEquivalentsAtCarryingValue,2026-08-27
SNPS,debt,2019-01-31,127140000,2019-04-26,LongTermDebtNoncurrent,2026-08-27
SNPS,equity,2019-01-31,3778802000,2019-04-26,StockholdersEquity,2026-08-27
SNPS,grossProfit,2019-01-31,627509000,2019-04-26,GrossProfit,2026-08-27
SNPS,inventory,2019-01-31,137559000,2019-04-26,InventoryNet,2026-08-27
SNPS,liabilities,2019-01-31,2559821000,2019-04-26,Liabilities,2026-08-27
SNPS,netIncome,2019-01-31,153514000,2019-04-26,NetIncomeLoss,2026-08-27
SNPS,operatingCashFlow,2019-01-31,-144019000,2019-04-26,NetCashProvidedByUsedInOperatingActivities,2026-08-27
SNPS,operatingIncome,2019-01-31,147414000,2019-04-26,OperatingIncomeLoss,2026-08-27
SNPS,receivables,2019-01-31,762292000,2019-04-26,AccountsReceivableNetCurrent,2026-08-27
SNPS,revenue,2019-01-31,820401000,2019-04-26,RevenueFromContractWithCustomerExcludingAssessedTax,2026-08-27
SNPS,rnd,2019-01-31,271326000,2019-04-26,ResearchAndDevelopmentExpense,2026-08-27
SNPS,shares,2019-01-31,149276000,2019-04-26,CommonStockSharesOutstanding,2026-08-27
SO,assets,2019-03-31,114096000000,2019-05-20,Assets,2026-08-27
SO,capex,2019-03-31,1678000000,2019-05-20,PaymentsToAcquirePropertyPlantAndEquipment,2026-08-27
SO,cash,2019-03-31,1361000000,2019-05-20,CashAndCashEquivalentsAtCarryingValue,2026-08-27
SO,equityStakes,2019-03-31,10000000,2019-05-20,PaymentsToAcquireEquityMethodInvestments,2026-08-27
SO,liabilities,2019-03-31,83118000000,2019-05-20,Liabilities,2026-08-27
SO,netIncome,2019-03-31,2084000000,2019-05-20,NetIncomeLoss,2026-08-27
SO,operatingCashFlow,2019-03-31,744000000,2019-05-20,NetCashProvidedByUsedInOperatingActivities,2026-08-27
SO,operatingIncome,2019-03-31,3691000000,2019-05-20,OperatingIncomeLoss,2026-08-27
SO,revenue,2019-03-31,5412000000,2019-05-20,Revenues,2026-08-27
SPG,assets,2019-03-31,30841776000,2019-05-20,Assets,2026-08-27
SPG,buybacks,2019-03-31,7628000,2019-05-20,PaymentsForRepurchaseOfCommonStock,2026-08-27
SPG,capex,2019-03-31,216781000,2019-05-20,PaymentsToAcquireProductiveAssets,2026-08-27
SPG,cash,2019-03-31,436802000,2019-05-20,CashAndCashEquivalentsAtCarryingValue,2026-08-27
SPG,debt,2019-03-31,23185965000,2019-05-20,LongTermDebt,2026-08-27
SPG,equity,2019-03-31,3212959000,2019-05-20,StockholdersEquity,2026-08-27
SPG,liabilities,2019-03-31,26915952000,2019-05-20,Liabilities,2026-08-27
SPG,operatingCashFlow,2019-03-31,837347000,2019-05-20,NetCashProvidedByUsedInOperatingActivities,2026-08-27
SPG,operatingIncome,2019-03-31,745021000,2019-05-20,OperatingIncomeLoss,2026-08-27
SPG,revenue,2019-03-31,1452834000,2019-05-20,Revenues,2026-08-27
SPGI,assets,2019-03-31,9720000000,2019-05-20,Assets,2026-08-27
SPGI,buybacks,2019-03-31,644000000,2019-05-20,PaymentsForRepurchaseOfCommonStock,2026-08-27
SPGI,capex,2019-03-31,20000000,2019-05-20,PaymentsToAcquireProductiveAssets,2026-08-27
SPGI,cash,2019-03-31,1403000000,2019-05-20,CashAndCashEquivalentsAtCarryingValue,2026-08-27
SPGI,debt,2019-03-31,3663000000,2019-05-20,LongTermDebtNoncurrent,2026-08-27
SPGI,equity,2019-03-31,327000000,2019-05-20,StockholdersEquity,2026-08-27
SPGI,liabilities,2019-03-31,7685000000,2019-05-20,Liabilities,2026-08-27
SPGI,netIncome,2019-03-31,410000000,2019-05-20,NetIncomeLoss,2026-08-27
SPGI,operatingCashFlow,2019-03-31,293000000,2019-05-20,NetCashProvidedByUsedInOperatingActivities,2026-08-27
SPGI,operatingIncome,2019-03-31,705000000,2019-05-20,OperatingIncomeLoss,2026-08-27
SPGI,receivables,2019-03-31,1539000000,2019-05-20,AccountsReceivableNetCurrent,2026-08-27
SPGI,revenue,2019-03-31,1571000000,2019-05-20,RevenueFromContractWithCustomerExcludingAssessedTax,2026-08-27
SRE,assets,2019-03-31,61618000000,2019-05-20,Assets,2026-08-27
SRE,buybacks,2019-03-31,14000000,2019-05-20,PaymentsForRepurchaseOfCommonStock,2026-08-27
SRE,capex,2019-03-31,783000000,2019-05-20,PaymentsToAcquirePropertyPlantAndEquipment,2026-08-27
SRE,cash,2019-03-31,78000000,2019-05-20,CashAndCashEquivalentsAtCarryingValue,2026-08-27
SRE,equity,2019-03-31,17346000000,2019-05-20,StockholdersEquity,2026-08-27
SRE,inventory,2019-03-31,189000000,2019-05-20,InventoryNet,2026-08-27
SRE,netIncome,2019-03-31,441000000,2019-05-20,NetIncomeLoss,2026-08-27
SRE,operatingCashFlow,2019-03-31,951000000,2019-05-20,NetCashProvidedByUsedInOperatingActivities,2026-08-27
SRE,receivables,2019-03-31,1222000000,2019-05-20,AccountsReceivableNetCurrent,2026-08-27
SRE,revenue,2019-03-31,2898000000,2019-05-20,Revenues,2026-08-27
SRE,shares,2019-03-31,274000000,2019-05-20,CommonStockSharesOutstanding,2026-08-27
STE,assets,2019-03-31,5073071000,2019-05-20,Assets,2026-08-27
STE,cash,2019-03-31,220633000,2019-05-20,CashAndCashEquivalentsAtCarryingValue,2026-08-27
STE,debt,2019-03-31,1183227000,2019-05-20,LongTermDebtNoncurrent,2026-08-27
STE,equity,2019-03-31,3177810000,2019-05-20,StockholdersEquity,2026-08-27
STE,grossProfit,2019-03-31,334716000,2019-05-20,GrossProfit,2026-08-27
STE,inventory,2019-03-31,208243000,2019-05-20,InventoryNet,2026-08-27
STE,liabilities,2019-03-31,1887273000,2019-05-20,Liabilities,2026-08-27
STE,netIncome,2019-03-31,108745000,2019-05-20,NetIncomeLoss,2026-08-27
STE,receivables,2019-03-31,564830000,2019-05-20,AccountsReceivableNetCurrent,2026-08-27
STE,revenue,2019-03-31,768213000,2019-05-20,Revenues,2026-08-27
STE,shares,2019-03-31,84517000,2019-05-20,CommonStockSharesOutstanding,2026-08-27
STLD,assets,2019-03-31,7857233000,2019-05-20,Assets,2026-08-27
STLD,buybacks,2019-03-31,84308000,2019-05-20,PaymentsForRepurchaseOfCommonStock,2026-08-27
STLD,capex,2019-03-31,54436000,2019-05-20,PaymentsToAcquirePropertyPlantAndEquipment,2026-08-27
STLD,cash,2019-03-31,791444000,2019-05-20,CashAndCashEquivalentsAtCarryingValue,2026-08-27
STLD,debt,2019-03-31,2354427000,2019-05-20,LongTermDebtNoncurrent,2026-08-27
STLD,equity,2019-03-31,4008111000,2019-05-20,StockholdersEquity,2026-08-27
STLD,grossProfit,2019-03-31,433570000,2019-05-20,GrossProfit,2026-08-27
STLD,inventory,2019-03-31,1867700000,2019-05-20,InventoryNet,2026-08-27
STLD,liabilities,2019-03-31,3867775000,2019-05-20,Liabilities,2026-08-27
STLD,operatingCashFlow,2019-03-31,181553000,2019-05-20,NetCashProvidedByUsedInOperatingActivities,2026-08-27
STLD,operatingIncome,2019-03-31,291842000,2019-05-20,OperatingIncomeLoss,2026-08-27
STLD,receivables,2019-03-31,1141038000,2019-05-20,AccountsReceivableNetCurrent,2026-08-27
STLD,revenue,2019-03-31,2817435000,2019-05-20,Revenues,2026-08-27
STLD,shares,2019-03-31,222931285,2019-05-20,CommonStockSharesOutstanding,2026-08-27
STT,assets,2019-03-31,228332000000,2019-05-20,Assets,2026-08-27
STT,buybacks,2019-03-31,300000000,2019-05-20,PaymentsForRepurchaseOfCommonStock,2026-08-27
STT,capex,2019-03-31,171000000,2019-05-20,PaymentsToAcquirePropertyPlantAndEquipment,2026-08-27
STT,equity,2019-03-31,25038000000,2019-05-20,StockholdersEquity,2026-08-27
STT,liabilities,2019-03-31,203294000000,2019-05-20,Liabilities,2026-08-27
STT,netIncome,2019-03-31,508000000,2019-05-20,NetIncomeLoss,2026-08-27
STT,operatingCashFlow,2019-03-31,-579000000,2019-05-20,NetCashProvidedByUsedInOperatingActivities,2026-08-27
STT,revenue,2019-03-31,2932000000,2019-05-20,Revenues,2026-08-27
STT,shares,2019-03-31,376720715,2019-05-20,CommonStockSharesOutstanding,2026-08-27
STX,assets,2019-03-29,8596000000,2019-05-18,Assets,2026-08-27
STX,cash,2019-03-29,1388000000,2019-05-18,CashAndCashEquivalentsAtCarryingValue,2026-08-27
STX,debt,2019-03-29,4522000000,2019-05-18,LongTermDebtNoncurrent,2026-08-27
STX,equity,2019-03-29,1689000000,2019-05-18,StockholdersEquity,2026-08-27
STX,inventory,2019-03-29,1001000000,2019-05-18,InventoryNet,2026-08-27
STX,liabilities,2019-03-29,6907000000,2019-05-18,Liabilities,2026-08-27
STX,netIncome,2019-03-29,195000000,2019-05-18,NetIncomeLoss,2026-08-27
STX,operatingIncome,2019-03-29,236000000,2019-05-18,OperatingIncomeLoss,2026-08-27
STX,receivables,2019-03-29,897000000,2019-05-18,AccountsReceivableNetCurrent,2026-08-27
STX,revenue,2019-03-29,2313000000,2019-05-18,RevenueFromContractWithCustomerExcludingAssessedTax,2026-08-27
STX,rnd,2019-03-29,238000000,2019-05-18,ResearchAndDevelopmentExpense,2026-08-27
STX,shares,2019-03-29,276834237,2019-05-18,CommonStockSharesOutstanding,2026-08-27
STZ,assets,2019-02-28,29231500000,2019-04-19,Assets,2026-08-27
STZ,cash,2019-02-28,93600000,2019-04-19,CashAndCashEquivalentsAtCarryingValue,2026-08-27
STZ,debt,2019-02-28,11759800000,2019-04-19,LongTermDebtNoncurrent,2026-08-27
STZ,equity,2019-02-28,12551000000,2019-04-19,StockholdersEquity,2026-08-27
STZ,grossProfit,2019-02-28,893500000,2019-04-19,GrossProfit,2026-08-27
STZ,inventory,2019-02-28,2130400000,2019-04-19,InventoryNet,2026-08-27
STZ,liabilities,2019-02-28,16394300000,2019-04-19,Liabilities,2026-08-27
STZ,netIncome,2019-02-28,1239500000,2019-04-19,NetIncomeLoss,2026-08-27
STZ,revenue,2019-02-28,1797200000,2019-04-19,RevenueFromContractWithCustomerExcludingAssessedTax,2026-08-27
SWK,assets,2019-03-30,21460300000,2019-05-19,Assets,2026-08-27
SWK,buybacks,2019-03-30,8100000,2019-05-19,PaymentsForRepurchaseOfCommonStock,2026-08-27
SWK,capex,2019-03-30,89600000,2019-05-19,PaymentsToAcquirePropertyPlantAndEquipment,2026-08-27
SWK,cash,2019-03-30,281800000,2019-05-19,CashAndCashEquivalentsAtCarryingValue,2026-08-27
SWK,debt,2019-03-30,3909400000,2019-05-19,LongTermDebtNoncurrent,2026-08-27
SWK,equity,2019-03-30,7932500000,2019-05-19,StockholdersEquity,2026-08-27
SWK,grossProfit,2019-03-30,1105600000,2019-05-19,GrossProfit,2026-08-27
SWK,inventory,2019-03-30,2791600000,2019-05-19,InventoryNet,2026-08-27
SWK,netIncome,2019-03-30,169900000,2019-05-19,NetIncomeLoss,2026-08-27
SWK,operatingCashFlow,2019-03-30,-431300000,2019-05-19,NetCashProvidedByUsedInOperatingActivities,2026-08-27
SWK,operatingIncome,2019-03-30,376300000,2019-05-19,OperatingIncomeLoss,2026-08-27
SWK,revenue,2019-03-30,3333600000,2019-05-19,Revenues,2026-08-27
SWKS,assets,2019-03-29,4765500000,2019-05-18,Assets,2026-08-27
SWKS,cash,2019-03-29,816300000,2019-05-18,CashAndCashEquivalentsAtCarryingValue,2026-08-27
SWKS,equity,2019-03-29,4080900000,2019-05-18,StockholdersEquity,2026-08-27
SWKS,grossProfit,2019-03-29,400200000,2019-05-18,GrossProfit,2026-08-27
SWKS,inventory,2019-03-29,555000000,2019-05-18,InventoryNet,2026-08-27
SWKS,liabilities,2019-03-29,684600000,2019-05-18,Liabilities,2026-08-27
SWKS,netIncome,2019-03-29,214000000,2019-05-18,NetIncomeLoss,2026-08-27
SWKS,operatingIncome,2019-03-29,237600000,2019-05-18,OperatingIncomeLoss,2026-08-27
SWKS,revenue,2019-03-29,810400000,2019-05-18,Revenues,2026-08-27
SWKS,rnd,2019-03-29,107500000,2019-05-18,ResearchAndDevelopmentExpense,2026-08-27
SWKS,shares,2019-03-29,172700000,2019-05-18,CommonStockSharesOutstanding,2026-08-27
SYF,assets,2019-03-31,105384000000,2019-05-20,Assets,2026-08-27
SYF,buybacks,2019-03-31,967000000,2019-05-20,PaymentsForRepurchaseOfCommonStock,2026-08-27
SYF,cash,2019-03-31,12963000000,2019-05-20,CashAndCashEquivalentsAtCarryingValue,2026-08-27
SYF,debt,2019-03-31,21891000000,2019-05-20,LongTermDebt,2026-08-27
SYF,equity,2019-03-31,14709000000,2019-05-20,StockholdersEquity,2026-08-27
SYF,liabilities,2019-03-31,90675000000,2019-05-20,Liabilities,2026-08-27
SYF,netIncome,2019-03-31,1107000000,2019-05-20,NetIncomeLoss,2026-08-27
SYF,operatingCashFlow,2019-03-31,2289000000,2019-05-20,NetCashProvidedByUsedInOperatingActivities,2026-08-27
SYF,shares,2019-03-31,688837684,2019-05-20,CommonStockSharesOutstanding,2026-08-27
SYK,assets,2019-03-31,25937000000,2019-05-20,Assets,2026-08-27
SYK,buybacks,2019-03-31,307000000,2019-05-20,PaymentsForRepurchaseOfCommonStock,2026-08-27
SYK,capex,2019-03-31,122000000,2019-05-20,PaymentsToAcquirePropertyPlantAndEquipment,2026-08-27
SYK,cash,2019-03-31,1674000000,2019-05-20,CashAndCashEquivalentsAtCarryingValue,2026-08-27
SYK,debt,2019-03-31,7950000000,2019-05-20,LongTermDebtNoncurrent,2026-08-27
SYK,grossProfit,2019-03-31,2283000000,2019-05-20,GrossProfit,2026-08-27
SYK,inventory,2019-03-31,3064000000,2019-05-20,InventoryNet,2026-08-27
SYK,liabilities,2019-03-31,14244000000,2019-05-20,Liabilities,2026-08-27
SYK,netIncome,2019-03-31,412000000,2019-05-20,NetIncomeLoss,2026-08-27
SYK,operatingCashFlow,2019-03-31,313000000,2019-05-20,NetCashProvidedByUsedInOperatingActivities,2026-08-27
SYK,operatingIncome,2019-03-31,528000000,2019-05-20,OperatingIncomeLoss,2026-08-27
SYK,receivables,2019-03-31,2284000000,2019-05-20,AccountsReceivableNetCurrent,2026-08-27
SYK,revenue,2019-03-31,3516000000,2019-05-20,Revenues,2026-08-27
SYK,rnd,2019-03-31,225000000,2019-05-20,ResearchAndDevelopmentExpense,2026-08-27
SYY,assets,2019-03-30,18200799000,2019-05-19,Assets,2026-08-27
SYY,cash,2019-03-30,521621000,2019-05-19,CashAndCashEquivalentsAtCarryingValue,2026-08-27
SYY,equity,2019-03-30,2361897000,2019-05-19,StockholdersEquity,2026-08-27
SYY,grossProfit,2019-03-30,2754298000,2019-05-19,GrossProfit,2026-08-27
SYY,operatingIncome,2019-03-30,529585000,2019-05-19,OperatingIncomeLoss,2026-08-27
SYY,revenue,2019-03-30,14658074000,2019-05-19,RevenueFromContractWithCustomerExcludingAssessedTax,2026-08-27
T,assets,2019-03-31,548384000000,2019-05-20,Assets,2026-08-27
T,buybacks,2019-03-31,189000000,2019-05-20,PaymentsForRepurchaseOfCommonStock,2026-08-27
T,capex,2019-03-31,5121000000,2019-05-20,PaymentsToAcquireProductiveAssets,2026-08-27
T,cash,2019-03-31,6516000000,2019-05-20,CashAndCashEquivalentsAtCarryingValue,2026-08-27
T,netIncome,2019-03-31,4096000000,2019-05-20,NetIncomeLoss,2026-08-27
T,operatingCashFlow,2019-03-31,11052000000,2019-05-20,NetCashProvidedByUsedInOperatingActivities,2026-08-27
T,operatingIncome,2019-03-31,7233000000,2019-05-20,OperatingIncomeLoss,2026-08-27
T,receivables,2019-03-31,23863000000,2019-05-20,AccountsReceivableNetCurrent,2026-08-27
T,revenue,2019-03-31,44827000000,2019-05-20,Revenues,2026-08-27
TAP,assets,2019-03-31,29823600000,2019-05-20,Assets,2026-08-27
TAP,capex,2019-03-31,198000000,2019-05-20,PaymentsToAcquireProductiveAssets,2026-08-27
TAP,cash,2019-03-31,234400000,2019-05-20,CashAndCashEquivalentsAtCarryingValue,2026-08-27
TAP,debt,2019-03-31,8484800000,2019-05-20,LongTermDebtNoncurrent,2026-08-27
TAP,equity,2019-03-31,13647300000,2019-05-20,StockholdersEquity,2026-08-27
TAP,grossProfit,2019-03-31,890300000,2019-05-20,GrossProfit,2026-08-27
TAP,inventory,2019-03-31,687900000,2019-05-20,InventoryNet,2026-08-27
TAP,liabilities,2019-03-31,15935500000,2019-05-20,Liabilities,2026-08-27
TAP,netIncome,2019-03-31,151400000,2019-05-20,NetIncomeLoss,2026-08-27
TAP,operatingCashFlow,2019-03-31,-98500000,2019-05-20,NetCashProvidedByUsedInOperatingActivities,2026-08-27
TAP,operatingIncome,2019-03-31,222100000,2019-05-20,OperatingIncomeLoss,2026-08-27
TAP,receivables,2019-03-31,909500000,2019-05-20,AccountsReceivableNetCurrent,2026-08-27
TAP,revenue,2019-03-31,2800100000,2019-05-20,Revenues,2026-08-27
TDG,assets,2019-03-30,17797156000,2019-05-19,Assets,2026-08-27
TDG,cash,2019-03-30,2441336000,2019-05-19,CashAndCashEquivalentsAtCarryingValue,2026-08-27
TDG,debt,2019-03-30,16509181000,2019-05-19,LongTermDebtNoncurrent,2026-08-27
TDG,equity,2019-03-30,-1491778000,2019-05-19,StockholdersEquity,2026-08-27
TDG,grossProfit,2019-03-30,650000000,2019-05-19,GrossProfit,2026-08-27
TDG,inventory,2019-03-30,1453044000,2019-05-19,InventoryNet,2026-08-27
TDG,liabilities,2019-03-30,19279403000,2019-05-19,Liabilities,2026-08-27
TDG,netIncome,2019-03-30,202000000,2019-05-19,NetIncomeLoss,2026-08-27
TDG,operatingIncome,2019-03-30,468000000,2019-05-19,OperatingIncomeLoss,2026-08-27
TDG,receivables,2019-03-30,1141249000,2019-05-19,AccountsReceivableNetCurrent,2026-08-27
TDG,revenue,2019-03-30,1168000000,2019-05-19,Revenues,2026-08-27
TDY,assets,2019-03-31,4161700000,2019-05-20,Assets,2026-08-27
TDY,capex,2019-03-31,21300000,2019-05-20,PaymentsToAcquirePropertyPlantAndEquipment,2026-08-27
TDY,debt,2019-03-31,610100000,2019-05-20,LongTermDebtNoncurrent,2026-08-27
TDY,equity,2019-03-31,2349500000,2019-05-20,StockholdersEquity,2026-08-27
TDY,inventory,2019-03-31,393000000,2019-05-20,InventoryNet,2026-08-27
TDY,liabilities,2019-03-31,1812200000,2019-05-20,Liabilities,2026-08-27
TDY,netIncome,2019-03-31,75300000,2019-05-20,NetIncomeLoss,2026-08-27
TDY,operatingCashFlow,2019-03-31,80100000,2019-05-20,NetCashProvidedByUsedInOperatingActivities,2026-08-27
TDY,operatingIncome,2019-03-31,97300000,2019-05-20,OperatingIncomeLoss,2026-08-27
TDY,receivables,2019-03-31,410400000,2019-05-20,AccountsReceivableNetCurrent,2026-08-27
TDY,revenue,2019-03-31,745200000,2019-05-20,RevenueFromContractWithCustomerExcludingAssessedTax,2026-08-27
TDY,shares,2019-03-31,36232598,2019-05-20,CommonStockSharesOutstanding,2026-08-27
TECH,assets,2019-03-31,1872618000,2019-05-20,Assets,2026-08-27
TECH,cash,2019-03-31,95561000,2019-05-20,CashAndCashEquivalentsAtCarryingValue,2026-08-27
TECH,equity,2019-03-31,1146266000,2019-05-20,StockholdersEquity,2026-08-27
TECH,grossProfit,2019-03-31,124610000,2019-05-20,GrossProfit,2026-08-27
TECH,inventory,2019-03-31,93839000,2019-05-20,InventoryNet,2026-08-27
TECH,netIncome,2019-03-31,44654000,2019-05-20,NetIncomeLoss,2026-08-27
TECH,operatingIncome,2019-03-31,44090000,2019-05-20,OperatingIncomeLoss,2026-08-27
TECH,receivables,2019-03-31,133927000,2019-05-20,AccountsReceivableNetCurrent,2026-08-27
TECH,revenue,2019-03-31,184861000,2019-05-20,RevenueFromContractWithCustomerExcludingAssessedTax,2026-08-27
TECH,shares,2019-03-31,37813367,2019-05-20,CommonStockSharesOutstanding,2026-08-27
TEL,assets,2019-03-29,19262000000,2019-05-18,Assets,2026-08-27
TEL,cash,2019-03-29,565000000,2019-05-18,CashAndCashEquivalentsAtCarryingValue,2026-08-27
TEL,debt,2019-03-29,3370000000,2019-05-18,LongTermDebtNoncurrent,2026-08-27
TEL,grossProfit,2019-03-29,1118000000,2019-05-18,GrossProfit,2026-08-27
TEL,inventory,2019-03-29,1970000000,2019-05-18,InventoryNet,2026-08-27
TEL,liabilities,2019-03-29,9268000000,2019-05-18,Liabilities,2026-08-27
TEL,netIncome,2019-03-29,439000000,2019-05-18,NetIncomeLoss,2026-08-27
TEL,operatingIncome,2019-03-29,530000000,2019-05-18,OperatingIncomeLoss,2026-08-27
TEL,receivables,2019-03-29,2463000000,2019-05-18,AccountsReceivableNetCurrent,2026-08-27
TEL,revenue,2019-03-29,3412000000,2019-05-18,RevenueFromContractWithCustomerExcludingAssessedTax,2026-08-27
TER,assets,2019-03-31,2616643000,2019-05-20,Assets,2026-08-27
TER,buybacks,2019-03-31,156468000,2019-05-20,PaymentsForRepurchaseOfCommonStock,2026-08-27
TER,capex,2019-03-31,25711000,2019-05-20,PaymentsToAcquirePropertyPlantAndEquipment,2026-08-27
TER,cash,2019-03-31,483728000,2019-05-20,CashAndCashEquivalentsAtCarryingValue,2026-08-27
TER,equity,2019-03-31,1470228000,2019-05-20,StockholdersEquity,2026-08-27
TER,grossProfit,2019-03-31,287635000,2019-05-20,GrossProfit,2026-08-27
TER,inventory,2019-03-31,161342000,2019-05-20,InventoryNet,2026-08-27
TER,liabilities,2019-03-31,1146415000,2019-05-20,Liabilities,2026-08-27
TER,netIncome,2019-03-31,109138000,2019-05-20,NetIncomeLoss,2026-08-27
TER,operatingCashFlow,2019-03-31,18016000,2019-05-20,NetCashProvidedByUsedInOperatingActivities,2026-08-27
TER,operatingIncome,2019-03-31,93085000,2019-05-20,OperatingIncomeLoss,2026-08-27
TER,receivables,2019-03-31,333840000,2019-05-20,AccountsReceivableNetCurrent,2026-08-27
TER,revenue,2019-03-31,494099000,2019-05-20,Revenues,2026-08-27
TER,shares,2019-03-31,172353000,2019-05-20,CommonStockSharesOutstanding,2026-08-27
TFC,assets,2019-03-31,227683000000,2019-05-20,Assets,2026-08-27
TFC,buybacks,2019-03-31,0,2019-05-20,PaymentsForRepurchaseOfCommonStock,2026-08-27
TFC,cash,2019-03-31,2720000000,2019-05-20,CashAndCashEquivalentsAtCarryingValue,2026-08-27
TFC,debt,2019-03-31,24729000000,2019-05-20,LongTermDebt,2026-08-27
TFC,liabilities,2019-03-31,196800000000,2019-05-20,Liabilities,2026-08-27
TFC,operatingCashFlow,2019-03-31,-745000000,2019-05-20,NetCashProvidedByUsedInOperatingActivities,2026-08-27
TFC,shares,2019-03-31,765920000,2019-05-20,CommonStockSharesOutstanding,2026-08-27
TGT,assets,2019-02-02,41290000000,2019-04-28,Assets,2026-08-27
TGT,debt,2019-02-02,10247000000,2019-04-28,LongTermDebt,2026-08-27
TGT,equity,2019-02-02,11297000000,2019-04-28,StockholdersEquity,2026-08-27
TGT,inventory,2019-02-02,9497000000,2019-04-28,InventoryNet,2026-08-27
TGT,netIncome,2019-02-02,799000000,2019-04-28,NetIncomeLoss,2026-08-27
TGT,operatingIncome,2019-02-02,1117000000,2019-04-28,OperatingIncomeLoss,2026-08-27
TGT,revenue,2019-02-02,22977000000,2019-04-28,RevenueFromContractWithCustomerExcludingAssessedTax,2026-08-27
TGT,shares,2019-02-02,517761600,2019-04-28,CommonStockSharesOutstanding,2026-08-27
TJX,assets,2019-02-02,14326029000,2019-04-28,Assets,2026-08-27
TJX,cash,2019-02-02,3030229000,2019-04-28,CashAndCashEquivalentsAtCarryingValue,2026-08-27
TJX,debt,2019-02-02,2233616000,2019-04-28,LongTermDebtNoncurrent,2026-08-27
TJX,equity,2019-02-02,5048606000,2019-04-28,StockholdersEquity,2026-08-27
TJX,grossProfit,2019-02-02,3093700000,2019-04-28,GrossProfit,2026-08-27
TJX,inventory,2019-02-02,4579033000,2019-04-28,InventoryNet,2026-08-27
TJX,netIncome,2019-02-02,841538000,2019-04-28,NetIncomeLoss,2026-08-27
TJX,receivables,2019-02-02,346298000,2019-04-28,AccountsReceivableNetCurrent,2026-08-27
TJX,shares,2019-02-02,1217182508,2019-04-28,CommonStockSharesOutstanding,2026-08-27
TMO,assets,2019-03-30,55596000000,2019-05-19,Assets,2026-08-27
TMO,buybacks,2019-03-30,750000000,2019-05-19,PaymentsForRepurchaseOfCommonStock,2026-08-27
TMO,capex,2019-03-30,201000000,2019-05-19,PaymentsToAcquirePropertyPlantAndEquipment,2026-08-27
TMO,cash,2019-03-30,1106000000,2019-05-19,CashAndCashEquivalentsAtCarryingValue,2026-08-27
TMO,equity,2019-03-30,27693000000,2019-05-19,StockholdersEquity,2026-08-27
TMO,grossProfit,2019-03-30,2707000000,2019-05-19,GrossProfit,2026-08-27
TMO,inventory,2019-03-30,3124000000,2019-05-19,InventoryNet,2026-08-27
TMO,operatingCashFlow,2019-03-30,649000000,2019-05-19,NetCashProvidedByUsedInOperatingActivities,2026-08-27
TMO,operatingIncome,2019-03-30,920000000,2019-05-19,OperatingIncomeLoss,2026-08-27
TMO,receivables,2019-03-30,4155000000,2019-05-19,AccountsReceivableNetCurrent,2026-08-27
TMO,revenue,2019-03-30,6125000000,2019-05-19,RevenueFromContractWithCustomerExcludingAssessedTax,2026-08-27
TMO,rnd,2019-03-30,248000000,2019-05-19,ResearchAndDevelopmentExpense,2026-08-27
TMUS,assets,2019-03-31,83073000000,2019-05-20,Assets,2026-08-27
TMUS,buybacks,2019-03-31,0,2019-05-20,PaymentsForRepurchaseOfCommonStock,2026-08-27
TMUS,capex,2019-03-31,1931000000,2019-05-20,PaymentsToAcquirePropertyPlantAndEquipment,2026-08-27
TMUS,cash,2019-03-31,1439000000,2019-05-20,CashAndCashEquivalentsAtCarryingValue,2026-08-27
TMUS,debt,2019-03-31,10952000000,2019-05-20,LongTermDebtNoncurrent,2026-08-27
TMUS,equity,2019-03-31,26181000000,2019-05-20,StockholdersEquity,2026-08-27
TMUS,inventory,2019-03-31,1261000000,2019-05-20,InventoryNet,2026-08-27
TMUS,netIncome,2019-03-31,908000000,2019-05-20,NetIncomeLoss,2026-08-27
TMUS,operatingCashFlow,2019-03-31,1392000000,2019-05-20,NetCashProvidedByUsedInOperatingActivities,2026-08-27
TMUS,operatingIncome,2019-03-31,1476000000,2019-05-20,OperatingIncomeLoss,2026-08-27
TMUS,receivables,2019-03-31,1749000000,2019-05-20,AccountsReceivableNetCurrent,2026-08-27
TMUS,revenue,2019-03-31,11080000000,2019-05-20,RevenueFromContractWithCustomerExcludingAssessedTax,2026-08-27
TMUS,shares,2019-03-31,854380118,2019-05-20,CommonStockSharesOutstanding,2026-08-27
TPL,netIncome,2019-03-31,139998000,2019-05-20,NetIncomeLoss,2026-08-27
TPL,revenue,2019-03-31,191324000,2019-05-20,RevenueFromContractWithCustomerExcludingAssessedTax,2026-08-27
TPR,assets,2019-03-30,6969900000,2019-05-19,Assets,2026-08-27
TPR,cash,2019-03-30,1075300000,2019-05-19,CashAndCashEquivalentsAtCarryingValue,2026-08-27
TPR,debt,2019-03-30,1617000000,2019-05-19,LongTermDebtNoncurrent,2026-08-27
TPR,equity,2019-03-30,3531200000,2019-05-19,StockholdersEquity,2026-08-27
TPR,grossProfit,2019-03-30,915900000,2019-05-19,GrossProfit,2026-08-27
TPR,inventory,2019-03-30,811100000,2019-05-19,InventoryNet,2026-08-27
TPR,liabilities,2019-03-30,3438700000,2019-05-19,Liabilities,2026-08-27
TPR,netIncome,2019-03-30,117400000,2019-05-19,NetIncomeLoss,2026-08-27
TPR,operatingIncome,2019-03-30,109800000,2019-05-19,OperatingIncomeLoss,2026-08-27
TPR,receivables,2019-03-30,285700000,2019-05-19,AccountsReceivableNetCurrent,2026-08-27
TPR,revenue,2019-03-30,1331400000,2019-05-19,RevenueFromContractWithCustomerExcludingAssessedTax,2026-08-27
TPR,shares,2019-03-30,290100000,2019-05-19,CommonStockSharesOutstanding,2026-08-27
TRGP,assets,2019-03-31,17569200000,2019-05-20,Assets,2026-08-27
TRGP,capex,2019-03-31,943300000,2019-05-20,PaymentsToAcquirePropertyPlantAndEquipment,2026-08-27
TRGP,cash,2019-03-31,124900000,2019-05-20,CashAndCashEquivalentsAtCarryingValue,2026-08-27
TRGP,debt,2019-03-31,7118500000,2019-05-20,LongTermDebtNoncurrent,2026-08-27
TRGP,equity,2019-03-31,5756300000,2019-05-20,StockholdersEquity,2026-08-27
TRGP,grossProfit,2019-03-31,573400000,2019-05-20,GrossProfit,2026-08-27
TRGP,inventory,2019-03-31,197900000,2019-05-20,InventoryNet,2026-08-27
TRGP,netIncome,2019-03-31,-38900000,2019-05-20,NetIncomeLoss,2026-08-27
TRGP,operatingCashFlow,2019-03-31,307600000,2019-05-20,NetCashProvidedByUsedInOperatingActivities,2026-08-27
TRGP,operatingIncome,2019-03-31,61300000,2019-05-20,OperatingIncomeLoss,2026-08-27
TRGP,receivables,2019-03-31,752800000,2019-05-20,AccountsReceivableNetCurrent,2026-08-27
TRGP,revenue,2019-03-31,2299400000,2019-05-20,Revenues,2026-08-27
TRGP,shares,2019-03-31,232475006,2019-05-20,CommonStockSharesOutstanding,2026-08-27
TRMB,assets,2019-03-29,5920100000,2019-05-18,Assets,2026-08-27
TRMB,buybacks,2019-03-29,40000000,2019-05-18,PaymentsForRepurchaseOfCommonStock,2026-08-27
TRMB,capex,2019-03-29,14500000,2019-05-18,PaymentsToAcquirePropertyPlantAndEquipment,2026-08-27
TRMB,cash,2019-03-29,216700000,2019-05-18,CashAndCashEquivalentsAtCarryingValue,2026-08-27
TRMB,debt,2019-03-29,1647800000,2019-05-18,LongTermDebtNoncurrent,2026-08-27
TRMB,equity,2019-03-29,2741700000,2019-05-18,StockholdersEquity,2026-08-27
TRMB,grossProfit,2019-03-29,438300000,2019-05-18,GrossProfit,2026-08-27
TRMB,inventory,2019-03-29,303700000,2019-05-18,InventoryNet,2026-08-27
TRMB,liabilities,2019-03-29,3177100000,2019-05-18,Liabilities,2026-08-27
TRMB,netIncome,2019-03-29,62300000,2019-05-18,NetIncomeLoss,2026-08-27
TRMB,operatingCashFlow,2019-03-29,147600000,2019-05-18,NetCashProvidedByUsedInOperatingActivities,2026-08-27
TRMB,operatingIncome,2019-03-29,86300000,2019-05-18,OperatingIncomeLoss,2026-08-27
TRMB,receivables,2019-03-29,525200000,2019-05-18,AccountsReceivableNetCurrent,2026-08-27
TRMB,revenue,2019-03-29,801600000,2019-05-18,RevenueFromContractWithCustomerExcludingAssessedTax,2026-08-27
TRMB,rnd,2019-03-29,118200000,2019-05-18,ResearchAndDevelopmentExpense,2026-08-27
TRMB,shares,2019-03-29,251500000,2019-05-18,CommonStockSharesOutstanding,2026-08-27
TROW,assets,2019-03-31,8458900000,2019-05-20,Assets,2026-08-27
TROW,buybacks,2019-03-31,231000000,2019-05-20,PaymentsForRepurchaseOfCommonStock,2026-08-27
TROW,capex,2019-03-31,47700000,2019-05-20,PaymentsToAcquirePropertyPlantAndEquipment,2026-08-27
TROW,cash,2019-03-31,1657400000,2019-05-20,CashAndCashEquivalentsAtCarryingValue,2026-08-27
TROW,equity,2019-03-31,6311000000,2019-05-20,StockholdersEquity,2026-08-27
TROW,liabilities,2019-03-31,1261200000,2019-05-20,Liabilities,2026-08-27
TROW,netIncome,2019-03-31,512600000,2019-05-20,NetIncomeLoss,2026-08-27
TROW,operatingCashFlow,2019-03-31,578700000,2019-05-20,NetCashProvidedByUsedInOperatingActivities,2026-08-27
TROW,operatingIncome,2019-03-31,532500000,2019-05-20,OperatingIncomeLoss,2026-08-27
TROW,revenue,2019-03-31,1327300000,2019-05-20,RevenueFromContractWithCustomerExcludingAssessedTax,2026-08-27
TROW,shares,2019-03-31,236432000,2019-05-20,CommonStockSharesOutstanding,2026-08-27
TRV,assets,2019-03-31,107246000000,2019-05-20,Assets,2026-08-27
TRV,buybacks,2019-03-31,375000000,2019-05-20,PaymentsForRepurchaseOfCommonStock,2026-08-27
TRV,equity,2019-03-31,24340000000,2019-05-20,StockholdersEquity,2026-08-27
TRV,liabilities,2019-03-31,82906000000,2019-05-20,Liabilities,2026-08-27
TRV,netIncome,2019-03-31,796000000,2019-05-20,NetIncomeLoss,2026-08-27
TRV,operatingCashFlow,2019-03-31,639000000,2019-05-20,NetCashProvidedByUsedInOperatingActivities,2026-08-27
TRV,revenue,2019-03-31,7671000000,2019-05-20,Revenues,2026-08-27
TRV,shares,2019-03-31,261900000,2019-05-20,CommonStockSharesOutstanding,2026-08-27
TSCO,assets,2019-03-30,5437201000,2019-05-19,Assets,2026-08-27
TSCO,buybacks,2019-03-30,155319000,2019-05-19,PaymentsForRepurchaseOfCommonStock,2026-08-27
TSCO,capex,2019-03-30,28785000,2019-05-19,PaymentsToAcquirePropertyPlantAndEquipment,2026-08-27
TSCO,cash,2019-03-30,102215000,2019-05-19,CashAndCashEquivalentsAtCarryingValue,2026-08-27
TSCO,debt,2019-03-30,605695000,2019-05-19,LongTermDebtNoncurrent,2026-08-27
TSCO,equity,2019-03-30,1485576000,2019-05-19,StockholdersEquity,2026-08-27
TSCO,grossProfit,2019-03-30,614984000,2019-05-19,GrossProfit,2026-08-27
TSCO,inventory,2019-03-30,1881332000,2019-05-19,InventoryNet,2026-08-27
TSCO,liabilities,2019-03-30,3951625000,2019-05-19,Liabilities,2026-08-27
TSCO,netIncome,2019-03-30,76832000,2019-05-19,NetIncomeLoss,2026-08-27
TSCO,operatingCashFlow,2019-03-30,-13024000,2019-05-19,NetCashProvidedByUsedInOperatingActivities,2026-08-27
TSCO,operatingIncome,2019-03-30,103408000,2019-05-19,OperatingIncomeLoss,2026-08-27
TSCO,revenue,2019-03-30,1822220000,2019-05-19,Revenues,2026-08-27
TSCO,shares,2019-03-30,120674000,2019-05-19,CommonStockSharesOutstanding,2026-08-27
TSLA,assets,2019-03-31,28912524000,2019-05-20,Assets,2026-08-27
TSLA,capex,2019-03-31,280000000,2019-05-20,PaymentsToAcquirePropertyPlantAndEquipment,2026-08-27
TSLA,cash,2019-03-31,2198000000,2019-05-20,CashAndCashEquivalentsAtCarryingValue,2026-08-27
TSLA,debt,2019-03-31,8650023000,2019-05-20,LongTermDebt,2026-08-27
TSLA,equity,2019-03-31,4605596000,2019-05-20,StockholdersEquity,2026-08-27
TSLA,grossProfit,2019-03-31,566000000,2019-05-20,GrossProfit,2026-08-27
TSLA,inventory,2019-03-31,3836850000,2019-05-20,InventoryNet,2026-08-27
TSLA,liabilities,2019-03-31,22874618000,2019-05-20,Liabilities,2026-08-27
TSLA,netIncome,2019-03-31,-702000000,2019-05-20,NetIncomeLoss,2026-08-27
TSLA,operatingCashFlow,2019-03-31,-640000000,2019-05-20,NetCashProvidedByUsedInOperatingActivities,2026-08-27
TSLA,operatingIncome,2019-03-31,-522000000,2019-05-20,OperatingIncomeLoss,2026-08-27
TSLA,receivables,2019-03-31,1046945000,2019-05-20,AccountsReceivableNetCurrent,2026-08-27
TSLA,revenue,2019-03-31,4541000000,2019-05-20,Revenues,2026-08-27
TSLA,rnd,2019-03-31,340000000,2019-05-20,ResearchAndDevelopmentExpense,2026-08-27
TSLA,shares,2019-03-31,173682000,2019-05-20,CommonStockSharesOutstanding,2026-08-27
TSN,assets,2019-03-30,32305000000,2019-05-19,Assets,2026-08-27
TSN,cash,2019-03-30,360000000,2019-05-19,CashAndCashEquivalentsAtCarryingValue,2026-08-27
TSN,equity,2019-03-30,13280000000,2019-05-19,StockholdersEquity,2026-08-27
TSN,grossProfit,2019-03-30,1192000000,2019-05-19,GrossProfit,2026-08-27
TSN,inventory,2019-03-30,3706000000,2019-05-19,InventoryNet,2026-08-27
TSN,netIncome,2019-03-30,394000000,2019-05-19,NetIncomeLoss,2026-08-27
TSN,operatingIncome,2019-03-30,592000000,2019-05-19,OperatingIncomeLoss,2026-08-27
TSN,receivables,2019-03-30,1837000000,2019-05-19,AccountsReceivableNetCurrent,2026-08-27
TSN,revenue,2019-03-30,10443000000,2019-05-19,Revenues,2026-08-27
TT,assets,2019-03-31,19781000000,2019-05-20,Assets,2026-08-27
TT,buybacks,2019-03-31,250000000,2019-05-20,PaymentsForRepurchaseOfCommonStock,2026-08-27
TT,capex,2019-03-31,49000000,2019-05-20,PaymentsToAcquireProductiveAssets,2026-08-27
TT,cash,2019-03-31,1882400000,2019-05-20,CashAndCashEquivalentsAtCarryingValue,2026-08-27
TT,debt,2019-03-31,5226500000,2019-05-20,LongTermDebtNoncurrent,2026-08-27
TT,equity,2019-03-31,6885800000,2019-05-20,StockholdersEquity,2026-08-27
TT,inventory,2019-03-31,1983700000,2019-05-20,InventoryNet,2026-08-27
TT,liabilities,2019-03-31,12858200000,2019-05-20,Liabilities,2026-08-27
TT,netIncome,2019-03-31,199900000,2019-05-20,NetIncomeLoss,2026-08-27
TT,operatingCashFlow,2019-03-31,-52600000,2019-05-20,NetCashProvidedByUsedInOperatingActivities,2026-08-27
TT,operatingIncome,2019-03-31,236500000,2019-05-20,OperatingIncomeLoss,2026-08-27
TT,revenue,2019-03-31,2803700000,2019-05-20,RevenueFromContractWithCustomerExcludingAssessedTax,2026-08-27
TTD,assets,2019-03-31,1082377000,2019-05-20,Assets,2026-08-27
TTD,capex,2019-03-31,6085000,2019-05-20,PaymentsToAcquirePropertyPlantAndEquipment,2026-08-27
TTD,cash,2019-03-31,143841000,2019-05-20,CashAndCashEquivalentsAtCarryingValue,2026-08-27
TTD,equity,2019-03-31,429398000,2019-05-20,StockholdersEquity,2026-08-27
TTD,liabilities,2019-03-31,652979000,2019-05-20,Liabilities,2026-08-27
TTD,netIncome,2019-03-31,10151000,2019-05-20,NetIncomeLoss,2026-08-27
TTD,operatingCashFlow,2019-03-31,9711000,2019-05-20,NetCashProvidedByUsedInOperatingActivities,2026-08-27
TTD,operatingIncome,2019-03-31,5670000,2019-05-20,OperatingIncomeLoss,2026-08-27
TTD,receivables,2019-03-31,707740000,2019-05-20,AccountsReceivableNetCurrent,2026-08-27
TTD,revenue,2019-03-31,120987000,2019-05-20,RevenueFromContractWithCustomerExcludingAssessedTax,2026-08-27
TTD,rnd,2019-03-31,25312000,2019-05-20,ResearchAndDevelopmentExpense,2026-08-27
TTWO,assets,2019-03-31,4243065000,2019-05-20,Assets,2026-08-27
TTWO,cash,2019-03-31,826525000,2019-05-20,CashAndCashEquivalentsAtCarryingValue,2026-08-27
TTWO,debt,2019-03-31,0,2019-05-20,LongTermDebtNoncurrent,2026-08-27
TTWO,equity,2019-03-31,2040580000,2019-05-20,StockholdersEquity,2026-08-27
TTWO,grossProfit,2019-03-31,280092000,2019-05-20,GrossProfit,2026-08-27
TTWO,inventory,2019-03-31,28200000,2019-05-20,InventoryNet,2026-08-27
TTWO,liabilities,2019-03-31,2202485000,2019-05-20,Liabilities,2026-08-27
TTWO,netIncome,2019-03-31,56829000,2019-05-20,NetIncomeLoss,2026-08-27
TTWO,operatingIncome,2019-03-31,58061000,2019-05-20,OperatingIncomeLoss,2026-08-27
TTWO,receivables,2019-03-31,395729000,2019-05-20,AccountsReceivableNetCurrent,2026-08-27
TTWO,revenue,2019-03-31,539007000,2019-05-20,RevenueFromContractWithCustomerExcludingAssessedTax,2026-08-27
TTWO,shares,2019-03-31,112181000,2019-05-20,CommonStockSharesOutstanding,2026-08-27
TXN,assets,2019-03-31,17443000000,2019-05-20,Assets,2026-08-27
TXN,buybacks,2019-03-31,1152000000,2019-05-20,PaymentsForRepurchaseOfCommonStock,2026-08-27
TXN,capex,2019-03-31,251000000,2019-05-20,PaymentsToAcquirePropertyPlantAndEquipment,2026-08-27
TXN,cash,2019-03-31,3720000000,2019-05-20,CashAndCashEquivalentsAtCarryingValue,2026-08-27
TXN,debt,2019-03-31,5057000000,2019-05-20,LongTermDebtNoncurrent,2026-08-27
TXN,equity,2019-03-31,8519000000,2019-05-20,StockholdersEquity,2026-08-27
TXN,grossProfit,2019-03-31,2261000000,2019-05-20,GrossProfit,2026-08-27
TXN,inventory,2019-03-31,2131000000,2019-05-20,InventoryNet,2026-08-27
TXN,liabilities,2019-03-31,8924000000,2019-05-20,Liabilities,2026-08-27
TXN,netIncome,2019-03-31,1217000000,2019-05-20,NetIncomeLoss,2026-08-27
TXN,operatingCashFlow,2019-03-31,1107000000,2019-05-20,NetCashProvidedByUsedInOperatingActivities,2026-08-27
TXN,operatingIncome,2019-03-31,1379000000,2019-05-20,OperatingIncomeLoss,2026-08-27
TXN,receivables,2019-03-31,1440000000,2019-05-20,AccountsReceivableNetCurrent,2026-08-27
TXN,revenue,2019-03-31,3594000000,2019-05-20,RevenueFromContractWithCustomerExcludingAssessedTax,2026-08-27
TXN,rnd,2019-03-31,389000000,2019-05-20,ResearchAndDevelopmentExpense,2026-08-27
TXT,assets,2019-03-30,14480000000,2019-05-19,Assets,2026-08-27
TXT,buybacks,2019-03-30,202000000,2019-05-19,PaymentsForRepurchaseOfCommonStock,2026-08-27
TXT,capex,2019-03-30,59000000,2019-05-19,PaymentsToAcquireProductiveAssets,2026-08-27
TXT,equity,2019-03-30,5233000000,2019-05-19,StockholdersEquity,2026-08-27
TXT,inventory,2019-03-30,4047000000,2019-05-19,InventoryNet,2026-08-27
TXT,liabilities,2019-03-30,9247000000,2019-05-19,Liabilities,2026-08-27
TXT,netIncome,2019-03-30,179000000,2019-05-19,NetIncomeLoss,2026-08-27
TXT,operatingCashFlow,2019-03-30,-216000000,2019-05-19,NetCashProvidedByUsedInOperatingActivities,2026-08-27
TXT,revenue,2019-03-30,3109000000,2019-05-19,Revenues,2026-08-27
TXT,shares,2019-03-30,232699000,2019-05-19,CommonStockSharesOutstanding,2026-08-27
TYL,assets,2019-03-31,1909302000,2019-05-20,Assets,2026-08-27
TYL,buybacks,2019-03-31,17786000,2019-05-20,PaymentsForRepurchaseOfCommonStock,2026-08-27
TYL,capex,2019-03-31,12320000,2019-05-20,PaymentsToAcquirePropertyPlantAndEquipment,2026-08-27
TYL,cash,2019-03-31,39437000,2019-05-20,CashAndCashEquivalentsAtCarryingValue,2026-08-27
TYL,equity,2019-03-31,1358745000,2019-05-20,StockholdersEquity,2026-08-27
TYL,equityStakes,2019-03-31,0,2019-05-20,PaymentsToAcquireEquityMethodInvestments,2026-08-27
TYL,grossProfit,2019-03-31,116048000,2019-05-20,GrossProfit,2026-08-27
TYL,netIncome,2019-03-31,27348000,2019-05-20,NetIncomeLoss,2026-08-27
TYL,operatingCashFlow,2019-03-31,23957000,2019-05-20,NetCashProvidedByUsedInOperatingActivities,2026-08-27
TYL,operatingIncome,2019-03-31,34491000,2019-05-20,OperatingIncomeLoss,2026-08-27
TYL,receivables,2019-03-31,298980000,2019-05-20,AccountsReceivableNetCurrent,2026-08-27
TYL,revenue,2019-03-31,247066000,2019-05-20,RevenueFromContractWithCustomerExcludingAssessedTax,2026-08-27
TYL,shares,2019-03-31,48147969,2019-05-20,CommonStockSharesOutstanding,2026-08-27
UAL,assets,2019-03-31,50639000000,2019-05-20,Assets,2026-08-27
UAL,buybacks,2019-03-31,513000000,2019-05-20,PaymentsForRepurchaseOfCommonStock,2026-08-27
UAL,capex,2019-03-31,1609000000,2019-05-20,PaymentsToAcquireProductiveAssets,2026-08-27
UAL,cash,2019-03-31,1848000000,2019-05-20,CashAndCashEquivalentsAtCarryingValue,2026-08-27
UAL,debt,2019-03-31,12734000000,2019-05-20,LongTermDebtNoncurrent,2026-08-27
UAL,equity,2019-03-31,9802000000,2019-05-20,StockholdersEquity,2026-08-27
UAL,netIncome,2019-03-31,292000000,2019-05-20,NetIncomeLoss,2026-08-27
UAL,operatingCashFlow,2019-03-31,1915000000,2019-05-20,NetCashProvidedByUsedInOperatingActivities,2026-08-27
UAL,operatingIncome,2019-03-31,495000000,2019-05-20,OperatingIncomeLoss,2026-08-27
UAL,revenue,2019-03-31,9589000000,2019-05-20,RevenueFromContractWithCustomerExcludingAssessedTax,2026-08-27
UAL,shares,2019-03-31,264271125,2019-05-20,CommonStockSharesOutstanding,2026-08-27
UBER,assets,2019-03-31,24390000000,2019-05-20,Assets,2026-08-27
UBER,capex,2019-03-31,129000000,2019-05-20,PaymentsToAcquirePropertyPlantAndEquipment,2026-08-27
UBER,cash,2019-03-31,5745000000,2019-05-20,CashAndCashEquivalentsAtCarryingValue,2026-08-27
UBER,debt,2019-03-31,6939000000,2019-05-20,LongTermDebtNoncurrent,2026-08-27
UBER,equity,2019-03-31,-8432000000,2019-05-20,StockholdersEquity,2026-08-27
UBER,equityStakes,2019-03-31,0,2019-05-20,PaymentsToAcquireEquityMethodInvestments,2026-08-27
UBER,liabilities,2019-03-31,18602000000,2019-05-20,Liabilities,2026-08-27
UBER,netIncome,2019-03-31,-1012000000,2019-05-20,NetIncomeLoss,2026-08-27
UBER,operatingCashFlow,2019-03-31,-722000000,2019-05-20,NetCashProvidedByUsedInOperatingActivities,2026-08-27
UBER,operatingIncome,2019-03-31,-1034000000,2019-05-20,OperatingIncomeLoss,2026-08-27
UBER,receivables,2019-03-31,1074000000,2019-05-20,AccountsReceivableNetCurrent,2026-08-27
UBER,revenue,2019-03-31,3099000000,2019-05-20,Revenues,2026-08-27
UBER,rnd,2019-03-31,409000000,2019-05-20,ResearchAndDevelopmentExpense,2026-08-27
UBER,shares,2019-03-31,457833000,2019-05-20,CommonStockSharesOutstanding,2026-08-27
UDR,assets,2019-03-31,7955725000,2019-05-20,Assets,2026-08-27
UDR,capex,2019-03-31,3346000,2019-05-20,PaymentsToAcquireProductiveAssets,2026-08-27
UDR,cash,2019-03-31,1043000,2019-05-20,CashAndCashEquivalentsAtCarryingValue,2026-08-27
UDR,debt,2019-03-31,3589829000,2019-05-20,LongTermDebt,2026-08-27
UDR,equity,2019-03-31,2948982000,2019-05-20,StockholdersEquity,2026-08-27
UDR,liabilities,2019-03-31,3941863000,2019-05-20,Liabilities,2026-08-27
UDR,netIncome,2019-03-31,24503000,2019-05-20,NetIncomeLoss,2026-08-27
UDR,operatingCashFlow,2019-03-31,137333000,2019-05-20,NetCashProvidedByUsedInOperatingActivities,2026-08-27
UDR,operatingIncome,2019-03-31,52494000,2019-05-20,OperatingIncomeLoss,2026-08-27
UDR,revenue,2019-03-31,270673000,2019-05-20,Revenues,2026-08-27
UDR,shares,2019-03-31,281791932,2019-05-20,CommonStockSharesOutstanding,2026-08-27
UHS,assets,2019-03-31,11721277000,2019-05-20,Assets,2026-08-27
UHS,buybacks,2019-03-31,143785000,2019-05-20,PaymentsForRepurchaseOfCommonStock,2026-08-27
UHS,capex,2019-03-31,169848000,2019-05-20,PaymentsToAcquirePropertyPlantAndEquipment,2026-08-27
UHS,cash,2019-03-31,62726000,2019-05-20,CashAndCashEquivalentsAtCarryingValue,2026-08-27
UHS,debt,2019-03-31,3821938000,2019-05-20,LongTermDebtNoncurrent,2026-08-27
UHS,equity,2019-03-31,5482415000,2019-05-20,StockholdersEquity,2026-08-27
UHS,netIncome,2019-03-31,234168000,2019-05-20,NetIncomeLoss,2026-08-27
UHS,operatingCashFlow,2019-03-31,431804000,2019-05-20,NetCashProvidedByUsedInOperatingActivities,2026-08-27
UHS,operatingIncome,2019-03-31,340437000,2019-05-20,OperatingIncomeLoss,2026-08-27
UHS,receivables,2019-03-31,1602405000,2019-05-20,AccountsReceivableNetCurrent,2026-08-27
UHS,revenue,2019-03-31,2804391000,2019-05-20,RevenueFromContractWithCustomerExcludingAssessedTax,2026-08-27
ULTA,assets,2019-02-02,3191172000,2019-04-28,Assets,2026-08-27
ULTA,cash,2019-02-02,409251000,2019-04-28,CashAndCashEquivalentsAtCarryingValue,2026-08-27
ULTA,equity,2019-02-02,1820218000,2019-04-28,StockholdersEquity,2026-08-27
ULTA,grossProfit,2019-02-02,740859000,2019-04-28,GrossProfit,2026-08-27
ULTA,liabilities,2019-02-02,1370954000,2019-04-28,Liabilities,2026-08-27
ULTA,netIncome,2019-02-02,214674000,2019-04-28,NetIncomeLoss,2026-08-27
ULTA,operatingIncome,2019-02-02,281210000,2019-04-28,OperatingIncomeLoss,2026-08-27
ULTA,revenue,2019-02-02,2124716000,2019-04-28,Revenues,2026-08-27
ULTA,shares,2019-02-02,58584000,2019-04-28,CommonStockSharesOutstanding,2026-08-27
UNH,assets,2019-03-31,161197000000,2019-05-20,Assets,2026-08-27
UNH,buybacks,2019-03-31,3002000000,2019-05-20,PaymentsForRepurchaseOfCommonStock,2026-08-27
UNH,capex,2019-03-31,562000000,2019-05-20,PaymentsToAcquirePropertyPlantAndEquipment,2026-08-27
UNH,cash,2019-03-31,12407000000,2019-05-20,CashAndCashEquivalentsAtCarryingValue,2026-08-27
UNH,debt,2019-03-31,34419000000,2019-05-20,LongTermDebtNoncurrent,2026-08-27
UNH,liabilities,2019-03-31,104692000000,2019-05-20,Liabilities,2026-08-27
UNH,netIncome,2019-03-31,3467000000,2019-05-20,NetIncomeLoss,2026-08-27
UNH,operatingCashFlow,2019-03-31,3234000000,2019-05-20,NetCashProvidedByUsedInOperatingActivities,2026-08-27
UNH,operatingIncome,2019-03-31,4832000000,2019-05-20,OperatingIncomeLoss,2026-08-27
UNH,receivables,2019-03-31,12826000000,2019-05-20,AccountsReceivableNetCurrent,2026-08-27
UNH,revenue,2019-03-31,60308000000,2019-05-20,Revenues,2026-08-27
UNH,shares,2019-03-31,953000000,2019-05-20,CommonStockSharesOutstanding,2026-08-27
UNP,assets,2019-03-31,61319000000,2019-05-20,Assets,2026-08-27
UNP,buybacks,2019-03-31,2987000000,2019-05-20,PaymentsForRepurchaseOfCommonStock,2026-08-27
UNP,capex,2019-03-31,752000000,2019-05-20,PaymentsToAcquirePropertyPlantAndEquipment,2026-08-27
UNP,cash,2019-03-31,1059000000,2019-05-20,CashAndCashEquivalentsAtCarryingValue,2026-08-27
UNP,equity,2019-03-31,17742000000,2019-05-20,StockholdersEquity,2026-08-27
UNP,liabilities,2019-03-31,43577000000,2019-05-20,Liabilities,2026-08-27
UNP,netIncome,2019-03-31,1391000000,2019-05-20,NetIncomeLoss,2026-08-27
UNP,operatingCashFlow,2019-03-31,1959000000,2019-05-20,NetCashProvidedByUsedInOperatingActivities,2026-08-27
UNP,operatingIncome,2019-03-31,1960000000,2019-05-20,OperatingIncomeLoss,2026-08-27
UNP,receivables,2019-03-31,1672000000,2019-05-20,AccountsReceivableNetCurrent,2026-08-27
UNP,revenue,2019-03-31,5384000000,2019-05-20,Revenues,2026-08-27
UNP,shares,2019-03-31,708456092,2019-05-20,CommonStockSharesOutstanding,2026-08-27
UPS,assets,2019-03-31,52061000000,2019-05-20,Assets,2026-08-27
UPS,buybacks,2019-03-31,246000000,2019-05-20,PaymentsForRepurchaseOfCommonStock,2026-08-27
UPS,capex,2019-03-31,1514000000,2019-05-20,PaymentsToAcquirePropertyPlantAndEquipment,2026-08-27
UPS,cash,2019-03-31,4399000000,2019-05-20,CashAndCashEquivalentsAtCarryingValue,2026-08-27
UPS,debt,2019-03-31,20377000000,2019-05-20,LongTermDebtNoncurrent,2026-08-27
UPS,equity,2019-03-31,3467000000,2019-05-20,StockholdersEquity,2026-08-27
UPS,netIncome,2019-03-31,1111000000,2019-05-20,NetIncomeLoss,2026-08-27
UPS,operatingCashFlow,2019-03-31,2277000000,2019-05-20,NetCashProvidedByUsedInOperatingActivities,2026-08-27
UPS,operatingIncome,2019-03-31,1394000000,2019-05-20,OperatingIncomeLoss,2026-08-27
UPS,receivables,2019-03-31,7613000000,2019-05-20,AccountsReceivableNetCurrent,2026-08-27
UPS,revenue,2019-03-31,17160000000,2019-05-20,Revenues,2026-08-27
URI,assets,2019-03-31,18586000000,2019-05-20,Assets,2026-08-27
URI,buybacks,2019-03-31,243000000,2019-05-20,PaymentsForRepurchaseOfCommonStock,2026-08-27
URI,capex,2019-03-31,42000000,2019-05-20,PaymentsToAcquirePropertyPlantAndEquipment,2026-08-27
URI,cash,2019-03-31,52000000,2019-05-20,CashAndCashEquivalentsAtCarryingValue,2026-08-27
URI,equity,2019-03-31,3375000000,2019-05-20,StockholdersEquity,2026-08-27
URI,grossProfit,2019-03-31,761000000,2019-05-20,GrossProfit,2026-08-27
URI,inventory,2019-03-31,123000000,2019-05-20,InventoryNet,2026-08-27
URI,liabilities,2019-03-31,15211000000,2019-05-20,Liabilities,2026-08-27
URI,netIncome,2019-03-31,175000000,2019-05-20,NetIncomeLoss,2026-08-27
URI,operatingCashFlow,2019-03-31,667000000,2019-05-20,NetCashProvidedByUsedInOperatingActivities,2026-08-27
URI,operatingIncome,2019-03-31,368000000,2019-05-20,OperatingIncomeLoss,2026-08-27
URI,receivables,2019-03-31,1487000000,2019-05-20,AccountsReceivableNetCurrent,2026-08-27
URI,revenue,2019-03-31,2117000000,2019-05-20,Revenues,2026-08-27
URI,shares,2019-03-31,78812644,2019-05-20,CommonStockSharesOutstanding,2026-08-27
USB,assets,2019-03-31,475775000000,2019-05-20,Assets,2026-08-27
USB,buybacks,2019-03-31,648000000,2019-05-20,PaymentsForRepurchaseOfCommonStock,2026-08-27
USB,debt,2019-03-31,40680000000,2019-05-20,LongTermDebt,2026-08-27
USB,equity,2019-03-31,52057000000,2019-05-20,StockholdersEquity,2026-08-27
USB,liabilities,2019-03-31,423089000000,2019-05-20,Liabilities,2026-08-27
USB,netIncome,2019-03-31,1699000000,2019-05-20,NetIncomeLoss,2026-08-27
USB,operatingCashFlow,2019-03-31,1296000000,2019-05-20,NetCashProvidedByUsedInOperatingActivities,2026-08-27
USB,revenue,2019-03-31,5577000000,2019-05-20,Revenues,2026-08-27
V,assets,2019-03-31,69865000000,2019-05-20,Assets,2026-08-27
V,cash,2019-03-31,7648000000,2019-05-20,CashAndCashEquivalentsAtCarryingValue,2026-08-27
V,debt,2019-03-31,16630000000,2019-05-20,LongTermDebtNoncurrent,2026-08-27
V,liabilities,2019-03-31,35590000000,2019-05-20,Liabilities,2026-08-27
V,netIncome,2019-03-31,2977000000,2019-05-20,NetIncomeLoss,2026-08-27
V,operatingIncome,2019-03-31,3641000000,2019-05-20,OperatingIncomeLoss,2026-08-27
V,receivables,2019-03-31,1404000000,2019-05-20,AccountsReceivableNetCurrent,2026-08-27
V,revenue,2019-03-31,5494000000,2019-05-20,Revenues,2026-08-27
VEEV,assets,2019-01-31,1653766000,2019-04-26,Assets,2026-08-27
VEEV,cash,2019-01-31,550971000,2019-04-26,CashAndCashEquivalentsAtCarryingValue,2026-08-27
VEEV,equity,2019-01-31,1237749000,2019-04-26,StockholdersEquity,2026-08-27
VEEV,grossProfit,2019-01-31,167797000,2019-04-26,GrossProfit,2026-08-27
VEEV,liabilities,2019-01-31,416017000,2019-04-26,Liabilities,2026-08-27
VEEV,netIncome,2019-01-31,71151000,2019-04-26,NetIncomeLoss,2026-08-27
VEEV,operatingIncome,2019-01-31,62998000,2019-04-26,OperatingIncomeLoss,2026-08-27
VEEV,receivables,2019-01-31,303465000,2019-04-26,AccountsReceivableNetCurrent,2026-08-27
VEEV,revenue,2019-01-31,232323000,2019-04-26,Revenues,2026-08-27
VICI,assets,2019-03-31,11448671000,2019-05-20,Assets,2026-08-27
VICI,capex,2019-03-31,1191000,2019-05-20,PaymentsToAcquirePropertyPlantAndEquipment,2026-08-27
VICI,cash,2019-03-31,598276000,2019-05-20,CashAndCashEquivalentsAtCarryingValue,2026-08-27
VICI,debt,2019-03-31,4123350000,2019-05-20,LongTermDebt,2026-08-27
VICI,equity,2019-03-31,6962269000,2019-05-20,StockholdersEquity,2026-08-27
VICI,liabilities,2019-03-31,4402783000,2019-05-20,Liabilities,2026-08-27
VICI,netIncome,2019-03-31,150849000,2019-05-20,NetIncomeLoss,2026-08-27
VICI,operatingCashFlow,2019-03-31,115642000,2019-05-20,NetCashProvidedByUsedInOperatingActivities,2026-08-27
VICI,operatingIncome,2019-03-31,201866000,2019-05-20,OperatingIncomeLoss,2026-08-27
VICI,revenue,2019-03-31,214002000,2019-05-20,Revenues,2026-08-27
VICI,shares,2019-03-31,410970554,2019-05-20,CommonStockSharesOutstanding,2026-08-27
VLO,assets,2019-03-31,52095000000,2019-05-20,Assets,2026-08-27
VLO,buybacks,2019-03-31,36000000,2019-05-20,PaymentsForRepurchaseOfCommonStock,2026-08-27
VLO,cash,2019-03-31,2777000000,2019-05-20,CashAndCashEquivalentsAtCarryingValue,2026-08-27
VLO,debt,2019-03-31,9511000000,2019-05-20,LongTermDebt,2026-08-27
VLO,equity,2019-03-31,21309000000,2019-05-20,StockholdersEquity,2026-08-27
VLO,grossProfit,2019-03-31,533000000,2019-05-20,GrossProfit,2026-08-27
VLO,inventory,2019-03-31,6554000000,2019-05-20,InventoryNet,2026-08-27
VLO,netIncome,2019-03-31,141000000,2019-05-20,NetIncomeLoss,2026-08-27
VLO,operatingCashFlow,2019-03-31,877000000,2019-05-20,NetCashProvidedByUsedInOperatingActivities,2026-08-27
VLO,operatingIncome,2019-03-31,308000000,2019-05-20,OperatingIncomeLoss,2026-08-27
VMC,assets,2019-03-31,10296852000,2019-05-20,Assets,2026-08-27
VMC,buybacks,2019-03-31,0,2019-05-20,PaymentsForRepurchaseOfCommonStock,2026-08-27
VMC,capex,2019-03-31,122019000,2019-05-20,PaymentsToAcquirePropertyPlantAndEquipment,2026-08-27
VMC,cash,2019-03-31,30838000,2019-05-20,CashAndCashEquivalentsAtCarryingValue,2026-08-27
VMC,debt,2019-03-31,2780589000,2019-05-20,LongTermDebtNoncurrent,2026-08-27
VMC,equity,2019-03-31,5217209000,2019-05-20,StockholdersEquity,2026-08-27
VMC,grossProfit,2019-03-31,191675000,2019-05-20,GrossProfit,2026-08-27
VMC,inventory,2019-03-31,429397000,2019-05-20,InventoryNet,2026-08-27
VMC,liabilities,2019-03-31,5079643000,2019-05-20,Liabilities,2026-08-27
VMC,netIncome,2019-03-31,63299000,2019-05-20,NetIncomeLoss,2026-08-27
VMC,operatingCashFlow,2019-03-31,116164000,2019-05-20,NetCashProvidedByUsedInOperatingActivities,2026-08-27
VMC,operatingIncome,2019-03-31,104433000,2019-05-20,OperatingIncomeLoss,2026-08-27
VMC,revenue,2019-03-31,996511000,2019-05-20,Revenues,2026-08-27
VMC,shares,2019-03-31,132069000,2019-05-20,CommonStockSharesOutstanding,2026-08-27
VMRK,assets,2019-03-31,20768811000,2019-05-20,Assets,2026-08-27
VMRK,capex,2019-03-31,1018000,2019-05-20,PaymentsToAcquireProductiveAssets,2026-08-27
VMRK,cash,2019-03-31,29391000,2019-05-20,CashAndCashEquivalentsAtCarryingValue,2026-08-27
VMRK,equity,2019-03-31,10046886000,2019-05-20,StockholdersEquity,2026-08-27
VMRK,equityStakes,2019-03-31,6281000,2019-05-20,PaymentsToAcquireEquityMethodInvestments,2026-08-27
VMRK,liabilities,2019-03-31,10069744000,2019-05-20,Liabilities,2026-08-27
VMRK,netIncome,2019-03-31,104539000,2019-05-20,NetIncomeLoss,2026-08-27
VMRK,operatingCashFlow,2019-03-31,373545000,2019-05-20,NetCashProvidedByUsedInOperatingActivities,2026-08-27
VMRK,operatingIncome,2019-03-31,209969000,2019-05-20,OperatingIncomeLoss,2026-08-27
VMRK,revenue,2019-03-31,662494000,2019-05-20,Revenues,2026-08-27
VMRK,shares,2019-03-31,370462401,2019-05-20,CommonStockSharesOutstanding,2026-08-27
VRSK,assets,2019-03-31,6341100000,2019-05-20,Assets,2026-08-27
VRSK,buybacks,2019-03-31,75000000,2019-05-20,PaymentsForRepurchaseOfCommonStock,2026-08-27
VRSK,capex,2019-03-31,45200000,2019-05-20,PaymentsToAcquirePropertyPlantAndEquipment,2026-08-27
VRSK,cash,2019-03-31,179500000,2019-05-20,CashAndCashEquivalentsAtCarryingValue,2026-08-27
VRSK,equity,2019-03-31,2170500000,2019-05-20,StockholdersEquity,2026-08-27
VRSK,equityStakes,2019-03-31,0,2019-05-20,PaymentsToAcquireEquityMethodInvestments,2026-08-27
VRSK,liabilities,2019-03-31,4170600000,2019-05-20,Liabilities,2026-08-27
VRSK,netIncome,2019-03-31,134400000,2019-05-20,NetIncomeLoss,2026-08-27
VRSK,operatingCashFlow,2019-03-31,366100000,2019-05-20,NetCashProvidedByUsedInOperatingActivities,2026-08-27
VRSK,operatingIncome,2019-03-31,202400000,2019-05-20,OperatingIncomeLoss,2026-08-27
VRSK,receivables,2019-03-31,438600000,2019-05-20,AccountsReceivableNetCurrent,2026-08-27
VRSK,revenue,2019-03-31,625000000,2019-05-20,RevenueFromContractWithCustomerExcludingAssessedTax,2026-08-27
VRSK,shares,2019-03-31,163652594,2019-05-20,CommonStockSharesOutstanding,2026-08-27
VRSN,assets,2019-03-31,1919676000,2019-05-20,Assets,2026-08-27
VRSN,buybacks,2019-03-31,204302000,2019-05-20,PaymentsForRepurchaseOfCommonStock,2026-08-27
VRSN,capex,2019-03-31,9133000,2019-05-20,PaymentsToAcquirePropertyPlantAndEquipment,2026-08-27
VRSN,cash,2019-03-31,779625000,2019-05-20,CashAndCashEquivalentsAtCarryingValue,2026-08-27
VRSN,equity,2019-03-31,-1406129000,2019-05-20,StockholdersEquity,2026-08-27
VRSN,liabilities,2019-03-31,3325805000,2019-05-20,Liabilities,2026-08-27
VRSN,netIncome,2019-03-31,162527000,2019-05-20,NetIncomeLoss,2026-08-27
VRSN,operatingCashFlow,2019-03-31,187330000,2019-05-20,NetCashProvidedByUsedInOperatingActivities,2026-08-27
VRSN,operatingIncome,2019-03-31,200252000,2019-05-20,OperatingIncomeLoss,2026-08-27
VRSN,receivables,2019-03-31,5995000,2019-05-20,AccountsReceivableNetCurrent,2026-08-27
VRSN,revenue,2019-03-31,306408000,2019-05-20,Revenues,2026-08-27
VRSN,rnd,2019-03-31,16132000,2019-05-20,ResearchAndDevelopmentExpense,2026-08-27
VRSN,shares,2019-03-31,119391000,2019-05-20,CommonStockSharesOutstanding,2026-08-27
VRT,assets,2019-03-31,700877687,2019-05-20,Assets,2026-08-27
VRT,capex,2019-03-31,10700000,2019-05-20,PaymentsToAcquirePropertyPlantAndEquipment,2026-08-27
VRT,equity,2019-03-31,-607900000,2019-05-20,StockholdersEquity,2026-08-27
VRT,liabilities,2019-03-31,26271585,2019-05-20,Liabilities,2026-08-27
VRT,netIncome,2019-03-31,-74300000,2019-05-20,NetIncomeLoss,2026-08-27
VRT,operatingCashFlow,2019-03-31,-33700000,2019-05-20,NetCashProvidedByUsedInOperatingActivities,2026-08-27
VRT,revenue,2019-03-31,0,2019-05-20,Revenues,2026-08-27
VRTX,assets,2019-03-31,6543114000,2019-05-20,Assets,2026-08-27
VRTX,buybacks,2019-03-31,94007000,2019-05-20,PaymentsForRepurchaseOfCommonStock,2026-08-27
VRTX,capex,2019-03-31,18041000,2019-05-20,PaymentsToAcquirePropertyPlantAndEquipment,2026-08-27
VRTX,cash,2019-03-31,2893885000,2019-05-20,CashAndCashEquivalentsAtCarryingValue,2026-08-27
VRTX,inventory,2019-03-31,136698000,2019-05-20,InventoryNet,2026-08-27
VRTX,liabilities,2019-03-31,1819801000,2019-05-20,Liabilities,2026-08-27
VRTX,netIncome,2019-03-31,268631000,2019-05-20,NetIncomeLoss,2026-08-27
VRTX,operatingCashFlow,2019-03-31,324784000,2019-05-20,NetCashProvidedByUsedInOperatingActivities,2026-08-27
VRTX,operatingIncome,2019-03-31,276808000,2019-05-20,OperatingIncomeLoss,2026-08-27
VRTX,receivables,2019-03-31,438297000,2019-05-20,AccountsReceivableNetCurrent,2026-08-27
VRTX,revenue,2019-03-31,858435000,2019-05-20,RevenueFromContractWithCustomerExcludingAssessedTax,2026-08-27
VRTX,rnd,2019-03-31,339490000,2019-05-20,ResearchAndDevelopmentExpense,2026-08-27
VRTX,shares,2019-03-31,256351000,2019-05-20,CommonStockSharesOutstanding,2026-08-27
VST,assets,2019-03-31,25568000000,2019-05-20,Assets,2026-08-27
VST,buybacks,2019-03-31,248000000,2019-05-20,PaymentsForRepurchaseOfCommonStock,2026-08-27
VST,capex,2019-03-31,153000000,2019-05-20,PaymentsToAcquirePropertyPlantAndEquipment,2026-08-27
VST,cash,2019-03-31,546000000,2019-05-20,CashAndCashEquivalentsAtCarryingValue,2026-08-27
VST,equity,2019-03-31,7804000000,2019-05-20,StockholdersEquity,2026-08-27
VST,inventory,2019-03-31,433000000,2019-05-20,InventoryNet,2026-08-27
VST,liabilities,2019-03-31,17762000000,2019-05-20,Liabilities,2026-08-27
VST,netIncome,2019-03-31,225000000,2019-05-20,NetIncomeLoss,2026-08-27
VST,operatingCashFlow,2019-03-31,388000000,2019-05-20,NetCashProvidedByUsedInOperatingActivities,2026-08-27
VST,operatingIncome,2019-03-31,490000000,2019-05-20,OperatingIncomeLoss,2026-08-27
VST,receivables,2019-03-31,1000000000,2019-05-20,AccountsReceivableNetCurrent,2026-08-27
VST,revenue,2019-03-31,2923000000,2019-05-20,Revenues,2026-08-27
VST,shares,2019-03-31,484235663,2019-05-20,CommonStockSharesOutstanding,2026-08-27
VTR,assets,2019-03-31,22668097000,2019-05-20,Assets,2026-08-27
VTR,capex,2019-03-31,21955000,2019-05-20,PaymentsToAcquirePropertyPlantAndEquipment,2026-08-27
VTR,cash,2019-03-31,82514000,2019-05-20,CashAndCashEquivalentsAtCarryingValue,2026-08-27
VTR,equity,2019-03-31,10149663000,2019-05-20,StockholdersEquity,2026-08-27
VTR,equityStakes,2019-03-31,687000,2019-05-20,PaymentsToAcquireEquityMethodInvestments,2026-08-27
VTR,liabilities,2019-03-31,12255698000,2019-05-20,Liabilities,2026-08-27
VTR,operatingCashFlow,2019-03-31,336120000,2019-05-20,NetCashProvidedByUsedInOperatingActivities,2026-08-27
VTR,revenue,2019-03-31,942874000,2019-05-20,Revenues,2026-08-27
VTRS,equity,2019-03-31,0,2019-05-20,StockholdersEquity,2026-08-27
VZ,assets,2019-03-31,283947000000,2019-05-20,Assets,2026-08-27
VZ,capex,2019-03-31,4268000000,2019-05-20,PaymentsToAcquireProductiveAssets,2026-08-27
VZ,cash,2019-03-31,2322000000,2019-05-20,CashAndCashEquivalentsAtCarryingValue,2026-08-27
VZ,inventory,2019-03-31,1417000000,2019-05-20,InventoryNet,2026-08-27
VZ,netIncome,2019-03-31,5032000000,2019-05-20,NetIncomeLoss,2026-08-27
VZ,operatingCashFlow,2019-03-31,7081000000,2019-05-20,NetCashProvidedByUsedInOperatingActivities,2026-08-27
VZ,operatingIncome,2019-03-31,7709000000,2019-05-20,OperatingIncomeLoss,2026-08-27
VZ,receivables,2019-03-31,24469000000,2019-05-20,AccountsReceivableNetCurrent,2026-08-27
VZ,revenue,2019-03-31,32128000000,2019-05-20,Revenues,2026-08-27
WAB,assets,2019-03-31,19077905000,2019-05-20,Assets,2026-08-27
WAB,buybacks,2019-03-31,0,2019-05-20,PaymentsForRepurchaseOfCommonStock,2026-08-27
WAB,capex,2019-03-31,29700000,2019-05-20,PaymentsToAcquirePropertyPlantAndEquipment,2026-08-27
WAB,cash,2019-03-31,512870000,2019-05-20,CashAndCashEquivalentsAtCarryingValue,2026-08-27
WAB,equity,2019-03-31,9687846000,2019-05-20,StockholdersEquity,2026-08-27
WAB,grossProfit,2019-03-31,389000000,2019-05-20,GrossProfit,2026-08-27
WAB,inventory,2019-03-31,1947220000,2019-05-20,InventoryNet,2026-08-27
WAB,liabilities,2019-03-31,9297459000,2019-05-20,Liabilities,2026-08-27
WAB,netIncome,2019-03-31,-4500000,2019-05-20,NetIncomeLoss,2026-08-27
WAB,operatingCashFlow,2019-03-31,31300000,2019-05-20,NetCashProvidedByUsedInOperatingActivities,2026-08-27
WAB,operatingIncome,2019-03-31,67300000,2019-05-20,OperatingIncomeLoss,2026-08-27
WAB,receivables,2019-03-31,1271198000,2019-05-20,AccountsReceivableNetCurrent,2026-08-27
WAB,revenue,2019-03-31,1593600000,2019-05-20,RevenueFromContractWithCustomerExcludingAssessedTax,2026-08-27
WAB,rnd,2019-03-31,34500000,2019-05-20,ResearchAndDevelopmentExpense,2026-08-27
WAB,shares,2019-03-31,162817600,2019-05-20,CommonStockSharesOutstanding,2026-08-27
WAT,assets,2019-03-30,3249728000,2019-05-19,Assets,2026-08-27
WAT,buybacks,2019-03-30,753105000,2019-05-19,PaymentsForRepurchaseOfCommonStock,2026-08-27
WAT,cash,2019-03-30,684970000,2019-05-19,CashAndCashEquivalentsAtCarryingValue,2026-08-27
WAT,debt,2019-03-30,1048283000,2019-05-19,LongTermDebtNoncurrent,2026-08-27
WAT,equity,2019-03-30,967742000,2019-05-19,StockholdersEquity,2026-08-27
WAT,inventory,2019-03-30,333308000,2019-05-19,InventoryNet,2026-08-27
WAT,liabilities,2019-03-30,2281986000,2019-05-19,Liabilities,2026-08-27
WAT,operatingCashFlow,2019-03-30,175779000,2019-05-19,NetCashProvidedByUsedInOperatingActivities,2026-08-27
WAT,operatingIncome,2019-03-31,121151000,2019-05-20,OperatingIncomeLoss,2026-08-27
WAT,receivables,2019-03-30,508285000,2019-05-19,AccountsReceivableNetCurrent,2026-08-27
WAT,revenue,2019-03-31,513862000,2019-05-20,RevenueFromContractWithCustomerExcludingAssessedTax,2026-08-27
WAT,rnd,2019-03-31,35060000,2019-05-20,ResearchAndDevelopmentExpense,2026-08-27
WAT,shares,2019-03-30,70136000,2019-05-19,CommonStockSharesOutstanding,2026-08-27
WBD,assets,2019-03-31,32444000000,2019-05-20,Assets,2026-08-27
WBD,capex,2019-03-31,44000000,2019-05-20,PaymentsToAcquirePropertyPlantAndEquipment,2026-08-27
WBD,cash,2019-03-31,745000000,2019-05-20,CashAndCashEquivalentsAtCarryingValue,2026-08-27
WBD,debt,2019-03-31,14956000000,2019-05-20,LongTermDebtNoncurrent,2026-08-27
WBD,equity,2019-03-31,8708000000,2019-05-20,StockholdersEquity,2026-08-27
WBD,liabilities,2019-03-31,21704000000,2019-05-20,Liabilities,2026-08-27
WBD,netIncome,2019-03-31,384000000,2019-05-20,NetIncomeLoss,2026-08-27
WBD,operatingCashFlow,2019-03-31,542000000,2019-05-20,NetCashProvidedByUsedInOperatingActivities,2026-08-27
WBD,operatingIncome,2019-03-31,774000000,2019-05-20,OperatingIncomeLoss,2026-08-27
WBD,revenue,2019-03-31,2707000000,2019-05-20,Revenues,2026-08-27
WDAY,assets,2019-01-31,5520746000,2019-04-26,Assets,2026-08-27
WDAY,cash,2019-01-31,638554000,2019-04-26,CashAndCashEquivalentsAtCarryingValue,2026-08-27
WDAY,equity,2019-01-31,1958442000,2019-04-26,StockholdersEquity,2026-08-27
WDAY,liabilities,2019-01-31,3562304000,2019-04-26,Liabilities,2026-08-27
WDAY,operatingIncome,2019-01-31,-120283000,2019-04-26,OperatingIncomeLoss,2026-08-27
WDAY,receivables,2019-01-31,704680000,2019-04-26,AccountsReceivableNetCurrent,2026-08-27
WDAY,revenue,2019-01-31,788628000,2019-04-26,RevenueFromContractWithCustomerExcludingAssessedTax,2026-08-27
WDC,assets,2019-03-29,26913000000,2019-05-18,Assets,2026-08-27
WDC,cash,2019-03-29,3682000000,2019-05-18,CashAndCashEquivalentsAtCarryingValue,2026-08-27
WDC,debt,2019-03-29,10309000000,2019-05-18,LongTermDebtNoncurrent,2026-08-27
WDC,equity,2019-03-29,10214000000,2019-05-18,StockholdersEquity,2026-08-27
WDC,grossProfit,2019-03-29,579000000,2019-05-18,GrossProfit,2026-08-27
WDC,inventory,2019-03-29,3440000000,2019-05-18,InventoryNet,2026-08-27
WDC,liabilities,2019-03-29,16699000000,2019-05-18,Liabilities,2026-08-27
WDC,netIncome,2019-03-29,-581000000,2019-05-18,NetIncomeLoss,2026-08-27
WDC,operatingIncome,2019-03-29,-394000000,2019-05-18,OperatingIncomeLoss,2026-08-27
WDC,receivables,2019-03-29,1223000000,2019-05-18,AccountsReceivableNetCurrent,2026-08-27
WDC,revenue,2019-03-29,3674000000,2019-05-18,RevenueFromContractWithCustomerExcludingAssessedTax,2026-08-27
WDC,shares,2019-03-29,293000000,2019-05-18,CommonStockSharesOutstanding,2026-08-27
WEC,assets,2019-03-31,33737100000,2019-05-20,Assets,2026-08-27
WEC,buybacks,2019-03-31,70700000,2019-05-20,PaymentsForRepurchaseOfCommonStock,2026-08-27
WEC,capex,2019-03-31,358800000,2019-05-20,PaymentsToAcquirePropertyPlantAndEquipment,2026-08-27
WEC,cash,2019-03-31,30600000,2019-05-20,CashAndCashEquivalentsAtCarryingValue,2026-08-27
WEC,debt,2019-03-31,10326700000,2019-05-20,LongTermDebtNoncurrent,2026-08-27
WEC,operatingCashFlow,2019-03-31,735700000,2019-05-20,NetCashProvidedByUsedInOperatingActivities,2026-08-27
WEC,operatingIncome,2019-03-31,542800000,2019-05-20,OperatingIncomeLoss,2026-08-27
WEC,revenue,2019-03-31,2377400000,2019-05-20,Revenues,2026-08-27
WEC,shares,2019-03-31,315438398,2019-05-20,CommonStockSharesOutstanding,2026-08-27
WELL,assets,2019-03-31,30637336000,2019-05-20,Assets,2026-08-27
WELL,cash,2019-03-31,249127000,2019-05-20,CashAndCashEquivalentsAtCarryingValue,2026-08-27
WELL,debt,2019-03-31,12410495000,2019-05-20,LongTermDebt,2026-08-27
WELL,equity,2019-03-31,15078491000,2019-05-20,StockholdersEquity,2026-08-27
WELL,liabilities,2019-03-31,14138960000,2019-05-20,Liabilities,2026-08-27
WELL,operatingCashFlow,2019-03-31,343895000,2019-05-20,NetCashProvidedByUsedInOperatingActivities,2026-08-27
WELL,revenue,2019-03-31,1272245000,2019-05-20,Revenues,2026-08-27
WELL,shares,2019-03-31,403740032,2019-05-20,CommonStockSharesOutstanding,2026-08-27
WFC,assets,2019-03-31,1887792000000,2019-05-20,Assets,2026-08-27
WFC,buybacks,2019-03-31,4820000000,2019-05-20,PaymentsForRepurchaseOfCommonStock,2026-08-27
WFC,debt,2019-03-31,236339000000,2019-05-20,LongTermDebt,2026-08-27
WFC,equity,2019-03-31,197832000000,2019-05-20,StockholdersEquity,2026-08-27
WFC,liabilities,2019-03-31,1689059000000,2019-05-20,Liabilities,2026-08-27
WFC,netIncome,2019-03-31,5860000000,2019-05-20,NetIncomeLoss,2026-08-27
WFC,operatingCashFlow,2019-03-31,7951000000,2019-05-20,NetCashProvidedByUsedInOperatingActivities,2026-08-27
WFC,revenue,2019-03-31,21609000000,2019-05-20,Revenues,2026-08-27
WM,assets,2019-03-31,23373000000,2019-05-20,Assets,2026-08-27
WM,buybacks,2019-03-31,68000000,2019-05-20,PaymentsForRepurchaseOfCommonStock,2026-08-27
WM,capex,2019-03-31,471000000,2019-05-20,PaymentsToAcquireProductiveAssets,2026-08-27
WM,cash,2019-03-31,57000000,2019-05-20,CashAndCashEquivalentsAtCarryingValue,2026-08-27
WM,equity,2019-03-31,6415000000,2019-05-20,StockholdersEquity,2026-08-27
WM,liabilities,2019-03-31,16956000000,2019-05-20,Liabilities,2026-08-27
WM,netIncome,2019-03-31,347000000,2019-05-20,NetIncomeLoss,2026-08-27
WM,operatingCashFlow,2019-03-31,890000000,2019-05-20,NetCashProvidedByUsedInOperatingActivities,2026-08-27
WM,operatingIncome,2019-03-31,621000000,2019-05-20,OperatingIncomeLoss,2026-08-27
WM,receivables,2019-03-31,1830000000,2019-05-20,AccountsReceivableNetCurrent,2026-08-27
WM,revenue,2019-03-31,3696000000,2019-05-20,RevenueFromContractWithCustomerExcludingAssessedTax,2026-08-27
WM,shares,2019-03-31,424700000,2019-05-20,CommonStockSharesOutstanding,2026-08-27
WMB,assets,2019-03-31,45970000000,2019-05-20,Assets,2026-08-27
WMB,capex,2019-03-31,422000000,2019-05-20,PaymentsToAcquirePropertyPlantAndEquipment,2026-08-27
WMB,cash,2019-03-31,43000000,2019-05-20,CashAndCashEquivalentsAtCarryingValue,2026-08-27
WMB,equity,2019-03-31,14406000000,2019-05-20,StockholdersEquity,2026-08-27
WMB,equityStakes,2019-03-31,99000000,2019-05-20,PaymentsToAcquireEquityMethodInvestments,2026-08-27
WMB,inventory,2019-03-31,129000000,2019-05-20,InventoryNet,2026-08-27
WMB,netIncome,2019-03-31,195000000,2019-05-20,NetIncomeLoss,2026-08-27
WMB,operatingCashFlow,2019-03-31,775000000,2019-05-20,NetCashProvidedByUsedInOperatingActivities,2026-08-27
WMB,operatingIncome,2019-03-31,561000000,2019-05-20,OperatingIncomeLoss,2026-08-27
WMB,revenue,2019-03-31,2054000000,2019-05-20,Revenues,2026-08-27
WMT,assets,2019-01-31,219295000000,2019-04-26,Assets,2026-08-27
WMT,cash,2019-01-31,7722000000,2019-04-26,CashAndCashEquivalentsAtCarryingValue,2026-08-27
WMT,debt,2019-01-31,43520000000,2019-04-26,LongTermDebtNoncurrent,2026-08-27
WMT,equity,2019-01-31,72496000000,2019-04-26,StockholdersEquity,2026-08-27
WMT,inventory,2019-01-31,44269000000,2019-04-26,InventoryNet,2026-08-27
WMT,netIncome,2019-01-31,3687000000,2019-04-26,NetIncomeLoss,2026-08-27
WMT,revenue,2019-01-31,138793000000,2019-04-26,Revenues,2026-08-27
WRB,assets,2019-03-31,25585260000,2019-05-20,Assets,2026-08-27
WRB,buybacks,2019-03-31,0,2019-05-20,PaymentsForRepurchaseOfCommonStock,2026-08-27
WRB,capex,2019-03-31,3299000,2019-05-20,PaymentsToAcquirePropertyPlantAndEquipment,2026-08-27
WRB,cash,2019-03-31,937428000,2019-05-20,CashAndCashEquivalentsAtCarryingValue,2026-08-27
WRB,equity,2019-03-31,5759952000,2019-05-20,StockholdersEquity,2026-08-27
WRB,liabilities,2019-03-31,19782464000,2019-05-20,Liabilities,2026-08-27
WRB,netIncome,2019-03-31,180722000,2019-05-20,NetIncomeLoss,2026-08-27
WRB,operatingCashFlow,2019-03-31,78330000,2019-05-20,NetCashProvidedByUsedInOperatingActivities,2026-08-27
WRB,revenue,2019-03-31,1937022000,2019-05-20,Revenues,2026-08-27
WRB,shares,2019-03-31,183024006,2019-05-20,CommonStockSharesOutstanding,2026-08-27
WSM,assets,2019-02-03,2812844000,2019-04-29,Assets,2026-08-27
WSM,cash,2019-02-02,338954000,2019-04-28,CashAndCashEquivalentsAtCarryingValue,2026-08-27
WSM,debt,2019-02-03,299620000,2019-04-29,LongTermDebtNoncurrent,2026-08-27
WSM,equity,2019-02-02,1155714000,2019-04-28,StockholdersEquity,2026-08-27
WSM,grossProfit,2019-02-03,709923000,2019-04-29,GrossProfit,2026-08-27
WSM,inventory,2019-02-03,1124992000,2019-04-29,InventoryNet,2026-08-27
WSM,liabilities,2019-02-03,1657130000,2019-04-29,Liabilities,2026-08-27
WSM,netIncome,2019-02-03,155338000,2019-04-29,NetIncomeLoss,2026-08-27
WSM,operatingIncome,2019-02-03,200853000,2019-04-29,OperatingIncomeLoss,2026-08-27
WSM,revenue,2019-02-03,1836436000,2019-04-29,RevenueFromContractWithCustomerExcludingAssessedTax,2026-08-27
WSM,shares,2019-02-03,78813,2019-04-29,CommonStockSharesOutstanding,2026-08-27
WST,assets,2019-03-31,2036200000,2019-05-20,Assets,2026-08-27
WST,buybacks,2019-03-31,83100000,2019-05-20,PaymentsForRepurchaseOfCommonStock,2026-08-27
WST,capex,2019-03-31,28800000,2019-05-20,PaymentsToAcquirePropertyPlantAndEquipment,2026-08-27
WST,cash,2019-03-31,265500000,2019-05-20,CashAndCashEquivalentsAtCarryingValue,2026-08-27
WST,debt,2019-03-31,195500000,2019-05-20,LongTermDebtNoncurrent,2026-08-27
WST,equity,2019-03-31,1369500000,2019-05-20,StockholdersEquity,2026-08-27
WST,grossProfit,2019-03-31,146800000,2019-05-20,GrossProfit,2026-08-27
WST,inventory,2019-03-31,226100000,2019-05-20,InventoryNet,2026-08-27
WST,liabilities,2019-03-31,666700000,2019-05-20,Liabilities,2026-08-27
WST,netIncome,2019-03-31,55400000,2019-05-20,NetIncomeLoss,2026-08-27
WST,operatingCashFlow,2019-03-31,47600000,2019-05-20,NetCashProvidedByUsedInOperatingActivities,2026-08-27
WST,operatingIncome,2019-03-31,70700000,2019-05-20,OperatingIncomeLoss,2026-08-27
WST,receivables,2019-03-31,318200000,2019-05-20,AccountsReceivableNetCurrent,2026-08-27
WST,revenue,2019-03-31,443500000,2019-05-20,Revenues,2026-08-27
WST,rnd,2019-03-31,9800000,2019-05-20,ResearchAndDevelopmentExpense,2026-08-27
WST,shares,2019-03-31,73500000,2019-05-20,CommonStockSharesOutstanding,2026-08-27
WTW,assets,2019-03-31,35893000000,2019-05-20,Assets,2026-08-27
WTW,capex,2019-03-31,57000000,2019-05-20,PaymentsToAcquireProductiveAssets,2026-08-27
WTW,cash,2019-03-31,1033000000,2019-05-20,CashAndCashEquivalentsAtCarryingValue,2026-08-27
WTW,debt,2019-03-31,4518000000,2019-05-20,LongTermDebtNoncurrent,2026-08-27
WTW,equity,2019-03-31,10092000000,2019-05-20,StockholdersEquity,2026-08-27
WTW,liabilities,2019-03-31,25651000000,2019-05-20,Liabilities,2026-08-27
WTW,netIncome,2019-03-31,287000000,2019-05-20,NetIncomeLoss,2026-08-27
WTW,operatingCashFlow,2019-03-31,-47000000,2019-05-20,NetCashProvidedByUsedInOperatingActivities,2026-08-27
WTW,operatingIncome,2019-03-31,359000000,2019-05-20,OperatingIncomeLoss,2026-08-27
WTW,receivables,2019-03-31,2490000000,2019-05-20,AccountsReceivableNetCurrent,2026-08-27
WTW,revenue,2019-03-31,2312000000,2019-05-20,Revenues,2026-08-27
WY,assets,2019-03-31,17132000000,2019-05-20,Assets,2026-08-27
WY,buybacks,2019-03-31,60000000,2019-05-20,PaymentsForRepurchaseOfCommonStock,2026-08-27
WY,capex,2019-03-31,41000000,2019-05-20,PaymentsToAcquirePropertyPlantAndEquipment,2026-08-27
WY,cash,2019-03-31,259000000,2019-05-20,CashAndCashEquivalentsAtCarryingValue,2026-08-27
WY,debt,2019-03-31,6156000000,2019-05-20,LongTermDebtNoncurrent,2026-08-27
WY,equity,2019-03-31,8801000000,2019-05-20,StockholdersEquity,2026-08-27
WY,grossProfit,2019-03-31,321000000,2019-05-20,GrossProfit,2026-08-27
WY,inventory,2019-03-31,451000000,2019-05-20,InventoryNet,2026-08-27
WY,liabilities,2019-03-31,8331000000,2019-05-20,Liabilities,2026-08-27
WY,netIncome,2019-03-31,-289000000,2019-05-20,NetIncomeLoss,2026-08-27
WY,operatingCashFlow,2019-03-31,-14000000,2019-05-20,NetCashProvidedByUsedInOperatingActivities,2026-08-27
WY,operatingIncome,2019-03-31,174000000,2019-05-20,OperatingIncomeLoss,2026-08-27
WY,revenue,2019-03-31,1643000000,2019-05-20,Revenues,2026-08-27
WY,rnd,2019-03-31,1000000,2019-05-20,ResearchAndDevelopmentExpense,2026-08-27
WY,shares,2019-03-31,744767014,2019-05-20,CommonStockSharesOutstanding,2026-08-27
WYNN,assets,2019-03-31,13161227000,2019-05-20,Assets,2026-08-27
WYNN,buybacks,2019-03-31,5401000,2019-05-20,PaymentsForRepurchaseOfCommonStock,2026-08-27
WYNN,capex,2019-03-31,310279000,2019-05-20,PaymentsToAcquirePropertyPlantAndEquipment,2026-08-27
WYNN,cash,2019-03-31,1822891000,2019-05-20,CashAndCashEquivalentsAtCarryingValue,2026-08-27
WYNN,debt,2019-03-31,9133562000,2019-05-20,LongTermDebtNoncurrent,2026-08-27
WYNN,equity,2019-03-31,2078220000,2019-05-20,StockholdersEquity,2026-08-27
WYNN,inventory,2019-03-31,67373000,2019-05-20,InventoryNet,2026-08-27
WYNN,liabilities,2019-03-31,11245984000,2019-05-20,Liabilities,2026-08-27
WYNN,netIncome,2019-03-31,104872000,2019-05-20,NetIncomeLoss,2026-08-27
WYNN,operatingCashFlow,2019-03-31,263858000,2019-05-20,NetCashProvidedByUsedInOperatingActivities,2026-08-27
WYNN,operatingIncome,2019-03-31,255176000,2019-05-20,OperatingIncomeLoss,2026-08-27
WYNN,shares,2019-03-31,107660449,2019-05-20,CommonStockSharesOutstanding,2026-08-27
XEL,assets,2019-03-31,47850000000,2019-05-20,Assets,2026-08-27
XEL,capex,2019-03-31,844000000,2019-05-20,PaymentsToAcquireProductiveAssets,2026-08-27
XEL,cash,2019-03-31,94000000,2019-05-20,CashAndCashEquivalentsAtCarryingValue,2026-08-27
XEL,equity,2019-03-31,12329000000,2019-05-20,StockholdersEquity,2026-08-27
XEL,inventory,2019-03-31,445000000,2019-05-20,InventoryNet,2026-08-27
XEL,netIncome,2019-03-31,315000000,2019-05-20,NetIncomeLoss,2026-08-27
XEL,operatingCashFlow,2019-03-31,793000000,2019-05-20,NetCashProvidedByUsedInOperatingActivities,2026-08-27
XEL,operatingIncome,2019-03-31,486000000,2019-05-20,OperatingIncomeLoss,2026-08-27
XEL,receivables,2019-03-31,974000000,2019-05-20,AccountsReceivableNetCurrent,2026-08-27
XEL,revenue,2019-03-31,3141000000,2019-05-20,Revenues,2026-08-27
XEL,shares,2019-03-31,514667625,2019-05-20,CommonStockSharesOutstanding,2026-08-27
XYL,assets,2019-03-31,7468000000,2019-05-20,Assets,2026-08-27
XYL,buybacks,2019-03-31,39000000,2019-05-20,PaymentsForRepurchaseOfCommonStock,2026-08-27
XYL,capex,2019-03-31,69000000,2019-05-20,PaymentsToAcquireProductiveAssets,2026-08-27
XYL,cash,2019-03-31,275000000,2019-05-20,CashAndCashEquivalentsAtCarryingValue,2026-08-27
XYL,debt,2019-03-31,2044000000,2019-05-20,LongTermDebtNoncurrent,2026-08-27
XYL,equity,2019-03-31,2796000000,2019-05-20,StockholdersEquity,2026-08-27
XYL,grossProfit,2019-03-31,474000000,2019-05-20,GrossProfit,2026-08-27
XYL,inventory,2019-03-31,617000000,2019-05-20,InventoryNet,2026-08-27
XYL,liabilities,2019-03-31,4660000000,2019-05-20,Liabilities,2026-08-27
XYL,netIncome,2019-03-31,79000000,2019-05-20,NetIncomeLoss,2026-08-27
XYL,operatingCashFlow,2019-03-31,83000000,2019-05-20,NetCashProvidedByUsedInOperatingActivities,2026-08-27
XYL,operatingIncome,2019-03-31,109000000,2019-05-20,OperatingIncomeLoss,2026-08-27
XYL,receivables,2019-03-31,1020000000,2019-05-20,AccountsReceivableNetCurrent,2026-08-27
XYL,revenue,2019-03-31,1237000000,2019-05-20,Revenues,2026-08-27
XYL,rnd,2019-03-31,51000000,2019-05-20,ResearchAndDevelopmentExpense,2026-08-27
XYZ,assets,2019-03-31,4402591000,2019-05-20,Assets,2026-08-27
XYZ,capex,2019-03-31,18168000,2019-05-20,PaymentsToAcquirePropertyPlantAndEquipment,2026-08-27
XYZ,cash,2019-03-31,521676000,2019-05-20,CashAndCashEquivalentsAtCarryingValue,2026-08-27
XYZ,debt,2019-03-31,909302000,2019-05-20,LongTermDebtNoncurrent,2026-08-27
XYZ,equity,2019-03-31,1121589000,2019-05-20,StockholdersEquity,2026-08-27
XYZ,grossProfit,2019-03-31,396754000,2019-05-20,GrossProfit,2026-08-27
XYZ,inventory,2019-03-31,26679000,2019-05-20,InventoryNet,2026-08-27
XYZ,liabilities,2019-03-31,3281002000,2019-05-20,Liabilities,2026-08-27
XYZ,netIncome,2019-03-31,-38151000,2019-05-20,NetIncomeLoss,2026-08-27
XYZ,operatingCashFlow,2019-03-31,32444000,2019-05-20,NetCashProvidedByUsedInOperatingActivities,2026-08-27
XYZ,operatingIncome,2019-03-31,-22042000,2019-05-20,OperatingIncomeLoss,2026-08-27
XYZ,receivables,2019-03-31,28665000,2019-05-20,AccountsReceivableNetCurrent,2026-08-27
XYZ,revenue,2019-03-31,959359000,2019-05-20,Revenues,2026-08-27
XYZ,rnd,2019-03-31,154350000,2019-05-20,ResearchAndDevelopmentExpense,2026-08-27
YUM,assets,2019-03-31,4744000000,2019-05-20,Assets,2026-08-27
YUM,buybacks,2019-03-31,109000000,2019-05-20,PaymentsForRepurchaseOfCommonStock,2026-08-27
YUM,capex,2019-03-31,44000000,2019-05-20,PaymentsToAcquirePropertyPlantAndEquipment,2026-08-27
YUM,cash,2019-03-31,278000000,2019-05-20,CashAndCashEquivalentsAtCarryingValue,2026-08-27
YUM,equity,2019-03-31,-7904000000,2019-05-20,StockholdersEquity,2026-08-27
YUM,liabilities,2019-03-31,12648000000,2019-05-20,Liabilities,2026-08-27
YUM,netIncome,2019-03-31,262000000,2019-05-20,NetIncomeLoss,2026-08-27
YUM,operatingCashFlow,2019-03-31,300000000,2019-05-20,NetCashProvidedByUsedInOperatingActivities,2026-08-27
YUM,operatingIncome,2019-03-31,433000000,2019-05-20,OperatingIncomeLoss,2026-08-27
YUM,revenue,2019-03-31,1254000000,2019-05-20,Revenues,2026-08-27
ZBH,assets,2019-03-31,24289000000,2019-05-20,Assets,2026-08-27
ZBH,capex,2019-03-31,37800000,2019-05-20,PaymentsToAcquirePropertyPlantAndEquipment,2026-08-27
ZBH,cash,2019-03-31,586800000,2019-05-20,CashAndCashEquivalentsAtCarryingValue,2026-08-27
ZBH,debt,2019-03-31,8310600000,2019-05-20,LongTermDebtNoncurrent,2026-08-27
ZBH,equity,2019-03-31,11534400000,2019-05-20,StockholdersEquity,2026-08-27
ZBH,grossProfit,2019-03-31,1278700000,2019-05-20,GrossProfit,2026-08-27
ZBH,inventory,2019-03-31,2310200000,2019-05-20,InventoryNet,2026-08-27
ZBH,liabilities,2019-03-31,12749700000,2019-05-20,Liabilities,2026-08-27
ZBH,netIncome,2019-03-31,246100000,2019-05-20,NetIncomeLoss,2026-08-27
ZBH,operatingCashFlow,2019-03-31,283600000,2019-05-20,NetCashProvidedByUsedInOperatingActivities,2026-08-27
ZBH,operatingIncome,2019-03-31,350200000,2019-05-20,OperatingIncomeLoss,2026-08-27
ZBH,receivables,2019-03-31,1225300000,2019-05-20,AccountsReceivableNetCurrent,2026-08-27
ZBH,revenue,2019-03-31,1975500000,2019-05-20,RevenueFromContractWithCustomerExcludingAssessedTax,2026-08-27
ZBRA,assets,2019-03-30,4576000000,2019-05-19,Assets,2026-08-27
ZBRA,buybacks,2019-03-30,0,2019-05-19,PaymentsForRepurchaseOfCommonStock,2026-08-27
ZBRA,capex,2019-03-30,15000000,2019-05-19,PaymentsToAcquirePropertyPlantAndEquipment,2026-08-27
ZBRA,cash,2019-03-30,61000000,2019-05-19,CashAndCashEquivalentsAtCarryingValue,2026-08-27
ZBRA,debt,2019-03-30,1605000000,2019-05-19,LongTermDebtNoncurrent,2026-08-27
ZBRA,equity,2019-03-30,1467000000,2019-05-19,StockholdersEquity,2026-08-27
ZBRA,grossProfit,2019-03-30,501000000,2019-05-19,GrossProfit,2026-08-27
ZBRA,inventory,2019-03-30,510000000,2019-05-19,InventoryNet,2026-08-27
ZBRA,liabilities,2019-03-30,3109000000,2019-05-19,Liabilities,2026-08-27
ZBRA,netIncome,2019-03-30,115000000,2019-05-19,NetIncomeLoss,2026-08-27
ZBRA,operatingCashFlow,2019-03-30,42000000,2019-05-19,NetCashProvidedByUsedInOperatingActivities,2026-08-27
ZBRA,operatingIncome,2019-03-30,159000000,2019-05-19,OperatingIncomeLoss,2026-08-27
ZBRA,receivables,2019-03-30,488000000,2019-05-19,AccountsReceivableNetCurrent,2026-08-27
ZBRA,revenue,2019-03-30,1066000000,2019-05-19,RevenueFromContractWithCustomerExcludingAssessedTax,2026-08-27
ZBRA,rnd,2019-03-30,111000000,2019-05-19,ResearchAndDevelopmentExpense,2026-08-27
ZTS,assets,2019-03-31,10883000000,2019-05-20,Assets,2026-08-27
ZTS,buybacks,2019-03-31,150000000,2019-05-20,PaymentsForRepurchaseOfCommonStock,2026-08-27
ZTS,capex,2019-03-31,63000000,2019-05-20,PaymentsToAcquirePropertyPlantAndEquipment,2026-08-27
ZTS,cash,2019-03-31,1728000000,2019-05-20,CashAndCashEquivalentsAtCarryingValue,2026-08-27
ZTS,debt,2019-03-31,6444000000,2019-05-20,LongTermDebtNoncurrent,2026-08-27
ZTS,inventory,2019-03-31,1361000000,2019-05-20,InventoryNet,2026-08-27
ZTS,liabilities,2019-03-31,8566000000,2019-05-20,Liabilities,2026-08-27
ZTS,netIncome,2019-03-31,312000000,2019-05-20,NetIncomeLoss,2026-08-27
ZTS,operatingCashFlow,2019-03-31,389000000,2019-05-20,NetCashProvidedByUsedInOperatingActivities,2026-08-27
ZTS,receivables,2019-03-31,970000000,2019-05-20,AccountsReceivableNetCurrent,2026-08-27
ZTS,revenue,2019-03-31,1455000000,2019-05-20,Revenues,2026-08-27
ZTS,shares,2019-03-31,479026001,2019-05-20,CommonStockSharesOutstanding,2026-08-27
