symbol,role,period_end,value,available_from,tag,seen
A,assets,2024-01-31,10948000000,2024-04-25,Assets,2026-08-25
A,buybacks,2024-01-31,0,2024-04-25,PaymentsForRepurchaseOfCommonStock,2026-08-25
A,capex,2024-01-31,90000000,2024-04-25,PaymentsToAcquirePropertyPlantAndEquipment,2026-08-25
A,cash,2024-01-31,1748000000,2024-04-25,CashAndCashEquivalentsAtCarryingValue,2026-08-25
A,debt,2024-01-31,2555000000,2024-04-25,LongTermDebt,2026-08-25
A,equity,2024-01-31,6188000000,2024-04-25,StockholdersEquity,2026-08-25
A,inventory,2024-01-31,1033000000,2024-04-25,InventoryNet,2026-08-25
A,liabilities,2024-01-31,4760000000,2024-04-25,Liabilities,2026-08-25
A,netIncome,2024-01-31,348000000,2024-04-25,NetIncomeLoss,2026-08-25
A,operatingCashFlow,2024-01-31,485000000,2024-04-25,NetCashProvidedByUsedInOperatingActivities,2026-08-25
A,operatingIncome,2024-01-31,384000000,2024-04-25,OperatingIncomeLoss,2026-08-25
A,receivables,2024-01-31,1295000000,2024-04-25,AccountsReceivableNetCurrent,2026-08-25
A,revenue,2024-01-31,1658000000,2024-04-25,RevenueFromContractWithCustomerExcludingAssessedTax,2026-08-25
A,rnd,2024-01-31,128000000,2024-04-25,ResearchAndDevelopmentExpense,2026-08-25
A,shares,2024-01-31,293041817,2024-04-25,CommonStockSharesOutstanding,2026-08-25
AAPL,assets,2024-03-30,337411000000,2024-05-19,Assets,2026-08-25
AAPL,cash,2024-03-30,32695000000,2024-05-19,CashAndCashEquivalentsAtCarryingValue,2026-08-25
AAPL,debt,2024-03-30,91831000000,2024-05-19,LongTermDebtNoncurrent,2026-08-25
AAPL,equity,2024-03-30,74194000000,2024-05-19,StockholdersEquity,2026-08-25
AAPL,grossProfit,2024-03-30,42271000000,2024-05-19,GrossProfit,2026-08-25
AAPL,inventory,2024-03-30,6232000000,2024-05-19,InventoryNet,2026-08-25
AAPL,liabilities,2024-03-30,263217000000,2024-05-19,Liabilities,2026-08-25
AAPL,netIncome,2024-03-30,23636000000,2024-05-19,NetIncomeLoss,2026-08-25
AAPL,operatingIncome,2024-03-30,27900000000,2024-05-19,OperatingIncomeLoss,2026-08-25
AAPL,receivables,2024-03-30,21837000000,2024-05-19,AccountsReceivableNetCurrent,2026-08-25
AAPL,revenue,2024-03-30,90753000000,2024-05-19,RevenueFromContractWithCustomerExcludingAssessedTax,2026-08-25
AAPL,rnd,2024-03-30,7903000000,2024-05-19,ResearchAndDevelopmentExpense,2026-08-25
AAPL,shares,2024-03-30,15337686000,2024-05-19,CommonStockSharesOutstanding,2026-08-25
ABBV,assets,2024-03-31,148874000000,2024-05-20,Assets,2026-08-25
ABBV,buybacks,2024-03-31,1324000000,2024-05-20,PaymentsForRepurchaseOfCommonStock,2026-08-25
ABBV,capex,2024-03-31,193000000,2024-05-20,PaymentsToAcquirePropertyPlantAndEquipment,2026-08-25
ABBV,cash,2024-03-31,18067000000,2024-05-20,CashAndCashEquivalentsAtCarryingValue,2026-08-25
ABBV,equity,2024-03-31,8007000000,2024-05-20,StockholdersEquity,2026-08-25
ABBV,inventory,2024-03-31,4245000000,2024-05-20,InventoryNet,2026-08-25
ABBV,netIncome,2024-03-31,1369000000,2024-05-20,NetIncomeLoss,2026-08-25
ABBV,operatingCashFlow,2024-03-31,4040000000,2024-05-20,NetCashProvidedByUsedInOperatingActivities,2026-08-25
ABBV,operatingIncome,2024-03-31,2798000000,2024-05-20,OperatingIncomeLoss,2026-08-25
ABBV,receivables,2024-03-31,11949000000,2024-05-20,AccountsReceivableNetCurrent,2026-08-25
ABBV,revenue,2024-03-31,12310000000,2024-05-20,Revenues,2026-08-25
ABNB,assets,2024-03-31,24537000000,2024-05-20,Assets,2026-08-25
ABNB,buybacks,2024-03-31,750000000,2024-05-20,PaymentsForRepurchaseOfCommonStock,2026-08-25
ABNB,cash,2024-03-31,7829000000,2024-05-20,CashAndCashEquivalentsAtCarryingValue,2026-08-25
ABNB,debt,2024-03-31,1992000000,2024-05-20,LongTermDebtNoncurrent,2026-08-25
ABNB,equity,2024-03-31,7896000000,2024-05-20,StockholdersEquity,2026-08-25
ABNB,liabilities,2024-03-31,16641000000,2024-05-20,Liabilities,2026-08-25
ABNB,netIncome,2024-03-31,264000000,2024-05-20,NetIncomeLoss,2026-08-25
ABNB,operatingCashFlow,2024-03-31,1923000000,2024-05-20,NetCashProvidedByUsedInOperatingActivities,2026-08-25
ABNB,operatingIncome,2024-03-31,101000000,2024-05-20,OperatingIncomeLoss,2026-08-25
ABNB,revenue,2024-03-31,2142000000,2024-05-20,RevenueFromContractWithCustomerExcludingAssessedTax,2026-08-25
ABNB,rnd,2024-03-31,475000000,2024-05-20,ResearchAndDevelopmentExpense,2026-08-25
ABT,assets,2024-03-31,72467000000,2024-05-20,Assets,2026-08-25
ABT,buybacks,2024-03-31,226000000,2024-05-20,PaymentsForRepurchaseOfCommonStock,2026-08-25
ABT,capex,2024-03-31,398000000,2024-05-20,PaymentsToAcquirePropertyPlantAndEquipment,2026-08-25
ABT,cash,2024-03-31,6284000000,2024-05-20,CashAndCashEquivalentsAtCarryingValue,2026-08-25
ABT,debt,2024-03-31,12576000000,2024-05-20,LongTermDebtNoncurrent,2026-08-25
ABT,equity,2024-03-31,38810000000,2024-05-20,StockholdersEquity,2026-08-25
ABT,inventory,2024-03-31,6827000000,2024-05-20,InventoryNet,2026-08-25
ABT,netIncome,2024-03-31,1225000000,2024-05-20,NetIncomeLoss,2026-08-25
ABT,operatingCashFlow,2024-03-31,1025000000,2024-05-20,NetCashProvidedByUsedInOperatingActivities,2026-08-25
ABT,operatingIncome,2024-03-31,1386000000,2024-05-20,OperatingIncomeLoss,2026-08-25
ABT,receivables,2024-03-31,6605000000,2024-05-20,AccountsReceivableNetCurrent,2026-08-25
ABT,revenue,2024-03-31,9964000000,2024-05-20,RevenueFromContractWithCustomerExcludingAssessedTax,2026-08-25
ABT,rnd,2024-03-31,684000000,2024-05-20,ResearchAndDevelopmentExpense,2026-08-25
ACGL,assets,2024-03-31,62768000000,2024-05-20,Assets,2026-08-25
ACGL,buybacks,2024-03-31,0,2024-05-20,PaymentsForRepurchaseOfCommonStock,2026-08-25
ACGL,capex,2024-03-31,15000000,2024-05-20,PaymentsToAcquireProductiveAssets,2026-08-25
ACGL,cash,2024-03-31,993000000,2024-05-20,CashAndCashEquivalentsAtCarryingValue,2026-08-25
ACGL,equity,2024-03-31,19355000000,2024-05-20,StockholdersEquity,2026-08-25
ACGL,liabilities,2024-03-31,43411000000,2024-05-20,Liabilities,2026-08-25
ACGL,netIncome,2024-03-31,1120000000,2024-05-20,NetIncomeLoss,2026-08-25
ACGL,operatingCashFlow,2024-03-31,1564000000,2024-05-20,NetCashProvidedByUsedInOperatingActivities,2026-08-25
ACGL,revenue,2024-03-31,3941000000,2024-05-20,Revenues,2026-08-25
ACN,assets,2024-02-29,51307471000,2024-04-19,Assets,2026-08-25
ACN,cash,2024-02-29,5121107000,2024-04-19,CashAndCashEquivalentsAtCarryingValue,2026-08-25
ACN,equity,2024-02-29,27122853000,2024-04-19,StockholdersEquity,2026-08-25
ACN,netIncome,2024-02-29,1674859000,2024-04-19,NetIncomeLoss,2026-08-25
ACN,operatingIncome,2024-02-29,2046427000,2024-04-19,OperatingIncomeLoss,2026-08-25
ACN,receivables,2024-02-29,11374099000,2024-04-19,AccountsReceivableNetCurrent,2026-08-25
ACN,revenue,2024-02-29,15799514000,2024-04-19,Revenues,2026-08-25
ADBE,assets,2024-03-01,28751000000,2024-04-20,Assets,2026-08-25
ADBE,buybacks,2024-03-01,2000000000,2024-04-20,PaymentsForRepurchaseOfCommonStock,2026-08-25
ADBE,capex,2024-03-01,37000000,2024-04-20,PaymentsToAcquirePropertyPlantAndEquipment,2026-08-25
ADBE,cash,2024-03-01,6254000000,2024-04-20,CashAndCashEquivalentsAtCarryingValue,2026-08-25
ADBE,debt,2024-03-01,2138000000,2024-04-20,LongTermDebt,2026-08-25
ADBE,equity,2024-03-01,15460000000,2024-04-20,StockholdersEquity,2026-08-25
ADBE,grossProfit,2024-03-01,4592000000,2024-04-20,GrossProfit,2026-08-25
ADBE,liabilities,2024-03-01,13291000000,2024-04-20,Liabilities,2026-08-25
ADBE,netIncome,2024-03-01,620000000,2024-04-20,NetIncomeLoss,2026-08-25
ADBE,operatingCashFlow,2024-03-01,1174000000,2024-04-20,NetCashProvidedByUsedInOperatingActivities,2026-08-25
ADBE,operatingIncome,2024-03-01,907000000,2024-04-20,OperatingIncomeLoss,2026-08-25
ADBE,receivables,2024-03-01,2057000000,2024-04-20,AccountsReceivableNetCurrent,2026-08-25
ADBE,revenue,2024-03-01,5182000000,2024-04-20,Revenues,2026-08-25
ADBE,shares,2024-03-01,453000000,2024-04-20,CommonStockSharesOutstanding,2026-08-25
ADI,assets,2024-02-03,48388464000,2024-04-28,Assets,2026-08-25
ADI,buybacks,2024-02-03,180351000,2024-04-28,PaymentsForRepurchaseOfCommonStock,2026-08-25
ADI,capex,2024-02-03,222978000,2024-04-28,PaymentsToAcquirePropertyPlantAndEquipment,2026-08-25
ADI,cash,2024-02-03,1303560000,2024-04-28,CashAndCashEquivalentsAtCarryingValue,2026-08-25
ADI,debt,2024-02-03,5946673000,2024-04-28,LongTermDebtNoncurrent,2026-08-25
ADI,equity,2024-02-03,35548073000,2024-04-28,StockholdersEquity,2026-08-25
ADI,grossProfit,2024-02-03,1473941000,2024-04-28,GrossProfit,2026-08-25
ADI,inventory,2024-02-03,1553221000,2024-04-28,InventoryNet,2026-08-25
ADI,netIncome,2024-02-03,462727000,2024-04-28,NetIncomeLoss,2026-08-25
ADI,operatingCashFlow,2024-02-03,1138832000,2024-04-28,NetCashProvidedByUsedInOperatingActivities,2026-08-25
ADI,operatingIncome,2024-02-03,585964000,2024-04-28,OperatingIncomeLoss,2026-08-25
ADI,receivables,2024-02-03,1196721000,2024-04-28,AccountsReceivableNetCurrent,2026-08-25
ADI,revenue,2024-02-03,2512704000,2024-04-28,RevenueFromContractWithCustomerExcludingAssessedTax,2026-08-25
ADI,rnd,2024-02-03,391427000,2024-04-28,ResearchAndDevelopmentExpense,2026-08-25
ADI,shares,2024-02-03,495908150,2024-04-28,CommonStockSharesOutstanding,2026-08-25
ADM,assets,2024-03-31,54831000000,2024-05-20,Assets,2026-08-25
ADM,buybacks,2024-03-31,1327000000,2024-05-20,PaymentsForRepurchaseOfCommonStock,2026-08-25
ADM,capex,2024-03-31,328000000,2024-05-20,PaymentsToAcquirePropertyPlantAndEquipment,2026-08-25
ADM,cash,2024-03-31,830000000,2024-05-20,CashAndCashEquivalentsAtCarryingValue,2026-08-25
ADM,debt,2024-03-31,8245000000,2024-05-20,LongTermDebtNoncurrent,2026-08-25
ADM,grossProfit,2024-03-31,1659000000,2024-05-20,GrossProfit,2026-08-25
ADM,inventory,2024-03-31,11634000000,2024-05-20,InventoryNet,2026-08-25
ADM,netIncome,2024-03-31,729000000,2024-05-20,NetIncomeLoss,2026-08-25
ADM,operatingCashFlow,2024-03-31,700000000,2024-05-20,NetCashProvidedByUsedInOperatingActivities,2026-08-25
ADM,receivables,2024-03-31,4178000000,2024-05-20,AccountsReceivableNetCurrent,2026-08-25
ADM,revenue,2024-03-31,21847000000,2024-05-20,Revenues,2026-08-25
ADP,assets,2024-03-31,64181600000,2024-05-20,Assets,2026-08-25
ADP,cash,2024-03-31,3291700000,2024-05-20,CashAndCashEquivalentsAtCarryingValue,2026-08-25
ADP,debt,2024-03-31,2990700000,2024-05-20,LongTermDebtNoncurrent,2026-08-25
ADP,equity,2024-03-31,4626700000,2024-05-20,StockholdersEquity,2026-08-25
ADP,liabilities,2024-03-31,59554900000,2024-05-20,Liabilities,2026-08-25
ADP,netIncome,2024-03-31,1184900000,2024-05-20,NetIncomeLoss,2026-08-25
ADP,receivables,2024-03-31,3460700000,2024-05-20,AccountsReceivableNetCurrent,2026-08-25
ADP,revenue,2024-03-31,5253800000,2024-05-20,RevenueFromContractWithCustomerExcludingAssessedTax,2026-08-25
ADP,rnd,2024-03-31,242700000,2024-05-20,ResearchAndDevelopmentExpense,2026-08-25
ADP,shares,2024-03-31,409800000,2024-05-20,CommonStockSharesOutstanding,2026-08-25
ADSK,assets,2024-01-31,9912000000,2024-04-25,Assets,2026-08-25
ADSK,cash,2024-01-31,1892000000,2024-04-25,CashAndCashEquivalentsAtCarryingValue,2026-08-25
ADSK,debt,2024-01-31,2300000000,2024-04-25,LongTermDebt,2026-08-25
ADSK,equity,2024-01-31,1855000000,2024-04-25,StockholdersEquity,2026-08-25
ADSK,receivables,2024-01-31,876000000,2024-04-25,AccountsReceivableNetCurrent,2026-08-25
ADSK,shares,2024-01-31,214000000,2024-04-25,CommonStockSharesOutstanding,2026-08-25
AEE,assets,2024-03-31,41306000000,2024-05-20,Assets,2026-08-25
AEE,capex,2024-03-31,890000000,2024-05-20,PaymentsToAcquirePropertyPlantAndEquipment,2026-08-25
AEE,cash,2024-03-31,85000000,2024-05-20,CashAndCashEquivalentsAtCarryingValue,2026-08-25
AEE,debt,2024-03-31,15167000000,2024-05-20,LongTermDebtNoncurrent,2026-08-25
AEE,equity,2024-03-31,11443000000,2024-05-20,StockholdersEquity,2026-08-25
AEE,inventory,2024-03-31,679000000,2024-05-20,InventoryNet,2026-08-25
AEE,operatingCashFlow,2024-03-31,492000000,2024-05-20,NetCashProvidedByUsedInOperatingActivities,2026-08-25
AEE,operatingIncome,2024-03-31,371000000,2024-05-20,OperatingIncomeLoss,2026-08-25
AEE,receivables,2024-03-31,507000000,2024-05-20,AccountsReceivableNetCurrent,2026-08-25
AEE,revenue,2024-03-31,1816000000,2024-05-20,Revenues,2026-08-25
AEE,shares,2024-03-31,266600000,2024-05-20,CommonStockSharesOutstanding,2026-08-25
AEP,assets,2024-03-31,97744600000,2024-05-20,Assets,2026-08-25
AEP,cash,2024-03-31,230700000,2024-05-20,CashAndCashEquivalentsAtCarryingValue,2026-08-25
AEP,debt,2024-03-31,38637300000,2024-05-20,LongTermDebtNoncurrent,2026-08-25
AEP,equity,2024-03-31,25803300000,2024-05-20,StockholdersEquity,2026-08-25
AEP,liabilities,2024-03-31,71849300000,2024-05-20,Liabilities,2026-08-25
AEP,netIncome,2024-03-31,1005700000,2024-05-20,NetIncomeLoss,2026-08-25
AEP,operatingCashFlow,2024-03-31,1442200000,2024-05-20,NetCashProvidedByUsedInOperatingActivities,2026-08-25
AEP,operatingIncome,2024-03-31,1172600000,2024-05-20,OperatingIncomeLoss,2026-08-25
AEP,receivables,2024-03-31,2415300000,2024-05-20,AccountsReceivableNetCurrent,2026-08-25
AEP,revenue,2024-03-31,5025700000,2024-05-20,Revenues,2026-08-25
AES,assets,2024-03-31,47045000000,2024-05-20,Assets,2026-08-25
AES,capex,2024-03-31,2148000000,2024-05-20,PaymentsToAcquirePropertyPlantAndEquipment,2026-08-25
AES,cash,2024-03-31,1994000000,2024-05-20,CashAndCashEquivalentsAtCarryingValue,2026-08-25
AES,equity,2024-03-31,2900000000,2024-05-20,StockholdersEquity,2026-08-25
AES,grossProfit,2024-03-31,619000000,2024-05-20,GrossProfit,2026-08-25
AES,inventory,2024-03-31,639000000,2024-05-20,InventoryNet,2026-08-25
AES,netIncome,2024-03-31,432000000,2024-05-20,NetIncomeLoss,2026-08-25
AES,operatingCashFlow,2024-03-31,287000000,2024-05-20,NetCashProvidedByUsedInOperatingActivities,2026-08-25
AES,receivables,2024-03-31,1624000000,2024-05-20,AccountsReceivableNetCurrent,2026-08-25
AES,revenue,2024-03-31,3085000000,2024-05-20,Revenues,2026-08-25
AES,shares,2024-03-31,710644647,2024-05-20,CommonStockSharesOutstanding,2026-08-25
AFL,assets,2024-03-31,124742000000,2024-05-20,Assets,2026-08-25
AFL,buybacks,2024-03-31,750000000,2024-05-20,PaymentsForRepurchaseOfCommonStock,2026-08-25
AFL,cash,2024-03-31,5098000000,2024-05-20,CashAndCashEquivalentsAtCarryingValue,2026-08-25
AFL,equity,2024-03-31,23537000000,2024-05-20,StockholdersEquity,2026-08-25
AFL,liabilities,2024-03-31,101205000000,2024-05-20,Liabilities,2026-08-25
AFL,netIncome,2024-03-31,1879000000,2024-05-20,NetIncomeLoss,2026-08-25
AFL,operatingCashFlow,2024-03-31,849000000,2024-05-20,NetCashProvidedByUsedInOperatingActivities,2026-08-25
AFL,revenue,2024-03-31,5436000000,2024-05-20,Revenues,2026-08-25
AFL,shares,2024-03-31,570278000,2024-05-20,CommonStockSharesOutstanding,2026-08-25
AIG,assets,2024-03-31,544121000000,2024-05-20,Assets,2026-08-25
AIG,buybacks,2024-03-31,1640000000,2024-05-20,PaymentsForRepurchaseOfCommonStock,2026-08-25
AIG,equity,2024-03-31,43385000000,2024-05-20,StockholdersEquity,2026-08-25
AIG,liabilities,2024-03-31,495011000000,2024-05-20,Liabilities,2026-08-25
AIG,netIncome,2024-03-31,1216000000,2024-05-20,NetIncomeLoss,2026-08-25
AIG,operatingCashFlow,2024-03-31,521000000,2024-05-20,NetCashProvidedByUsedInOperatingActivities,2026-08-25
AIG,revenue,2024-03-31,6763000000,2024-05-20,Revenues,2026-08-25
AIG,shares,2024-03-31,671000000,2024-05-20,CommonStockSharesOutstanding,2026-08-25
AIZ,assets,2024-03-31,33225400000,2024-05-20,Assets,2026-08-25
AIZ,buybacks,2024-03-31,46100000,2024-05-20,PaymentsForRepurchaseOfCommonStock,2026-08-25
AIZ,capex,2024-03-31,50800000,2024-05-20,PaymentsToAcquirePropertyPlantAndEquipment,2026-08-25
AIZ,cash,2024-03-31,1281900000,2024-05-20,CashAndCashEquivalentsAtCarryingValue,2026-08-25
AIZ,equity,2024-03-31,4920000000,2024-05-20,StockholdersEquity,2026-08-25
AIZ,liabilities,2024-03-31,28305400000,2024-05-20,Liabilities,2026-08-25
AIZ,netIncome,2024-03-31,236400000,2024-05-20,NetIncomeLoss,2026-08-25
AIZ,operatingCashFlow,2024-03-31,82500000,2024-05-20,NetCashProvidedByUsedInOperatingActivities,2026-08-25
AIZ,revenue,2024-03-31,2880100000,2024-05-20,Revenues,2026-08-25
AIZ,shares,2024-03-31,52023052,2024-05-20,CommonStockSharesOutstanding,2026-08-25
AJG,assets,2024-03-31,60975900000,2024-05-20,Assets,2026-08-25
AJG,debt,2024-03-31,7989600000,2024-05-20,LongTermDebtNoncurrent,2026-08-25
AJG,equity,2024-03-31,11300800000,2024-05-20,StockholdersEquity,2026-08-25
AJG,liabilities,2024-03-31,49631700000,2024-05-20,Liabilities,2026-08-25
AJG,netIncome,2024-03-31,608400000,2024-05-20,NetIncomeLoss,2026-08-25
AJG,operatingCashFlow,2024-03-31,789300000,2024-05-20,NetCashProvidedByUsedInOperatingActivities,2026-08-25
AJG,receivables,2024-03-31,4148700000,2024-05-20,AccountsReceivableNetCurrent,2026-08-25
AJG,revenue,2024-03-31,3256700000,2024-05-20,RevenueFromContractWithCustomerExcludingAssessedTax,2026-08-25
AJG,shares,2024-03-31,218500000,2024-05-20,CommonStockSharesOutstanding,2026-08-25
AKAM,assets,2024-03-31,9935606000,2024-05-20,Assets,2026-08-25
AKAM,buybacks,2024-03-31,125449000,2024-05-20,PaymentsForRepurchaseOfCommonStock,2026-08-25
AKAM,capex,2024-03-31,93751000,2024-05-20,PaymentsToAcquirePropertyPlantAndEquipment,2026-08-25
AKAM,cash,2024-03-31,467717000,2024-05-20,CashAndCashEquivalentsAtCarryingValue,2026-08-25
AKAM,equity,2024-03-31,4633767000,2024-05-20,StockholdersEquity,2026-08-25
AKAM,liabilities,2024-03-31,5301839000,2024-05-20,Liabilities,2026-08-25
AKAM,netIncome,2024-03-31,175418000,2024-05-20,NetIncomeLoss,2026-08-25
AKAM,operatingCashFlow,2024-03-31,351878000,2024-05-20,NetCashProvidedByUsedInOperatingActivities,2026-08-25
AKAM,operatingIncome,2024-03-31,166728000,2024-05-20,OperatingIncomeLoss,2026-08-25
AKAM,receivables,2024-03-31,716638000,2024-05-20,AccountsReceivableNetCurrent,2026-08-25
AKAM,rnd,2024-03-31,116932000,2024-05-20,ResearchAndDevelopmentExpense,2026-08-25
AKAM,shares,2024-03-31,152411363,2024-05-20,CommonStockSharesOutstanding,2026-08-25
ALB,assets,2024-03-31,19032333000,2024-05-20,Assets,2026-08-25
ALB,capex,2024-03-31,583042000,2024-05-20,PaymentsToAcquirePropertyPlantAndEquipment,2026-08-25
ALB,cash,2024-03-31,2055813000,2024-05-20,CashAndCashEquivalentsAtCarryingValue,2026-08-25
ALB,debt,2024-03-31,3519453000,2024-05-20,LongTermDebtNoncurrent,2026-08-25
ALB,equity,2024-03-31,11532802000,2024-05-20,StockholdersEquity,2026-08-25
ALB,grossProfit,2024-03-31,38938000,2024-05-20,GrossProfit,2026-08-25
ALB,inventory,2024-03-31,1904827000,2024-05-20,InventoryNet,2026-08-25
ALB,netIncome,2024-03-31,2448000,2024-05-20,NetIncomeLoss,2026-08-25
ALB,operatingCashFlow,2024-03-31,97485000,2024-05-20,NetCashProvidedByUsedInOperatingActivities,2026-08-25
ALB,operatingIncome,2024-03-31,-179506000,2024-05-20,OperatingIncomeLoss,2026-08-25
ALB,receivables,2024-03-31,874038000,2024-05-20,AccountsReceivableNetCurrent,2026-08-25
ALB,revenue,2024-03-31,1360736000,2024-05-20,Revenues,2026-08-25
ALB,rnd,2024-03-31,23532000,2024-05-20,ResearchAndDevelopmentExpense,2026-08-25
ALB,shares,2024-03-31,117527000,2024-05-20,CommonStockSharesOutstanding,2026-08-25
ALGN,assets,2024-03-31,6155754000,2024-05-20,Assets,2026-08-25
ALGN,buybacks,2024-03-31,0,2024-05-20,PaymentsForRepurchaseOfCommonStock,2026-08-25
ALGN,capex,2024-03-31,9369000,2024-05-20,PaymentsToAcquirePropertyPlantAndEquipment,2026-08-25
ALGN,cash,2024-03-31,865805000,2024-05-20,CashAndCashEquivalentsAtCarryingValue,2026-08-25
ALGN,equity,2024-03-31,3759860000,2024-05-20,StockholdersEquity,2026-08-25
ALGN,grossProfit,2024-03-31,697816000,2024-05-20,GrossProfit,2026-08-25
ALGN,inventory,2024-03-31,280076000,2024-05-20,InventoryNet,2026-08-25
ALGN,liabilities,2024-03-31,2395894000,2024-05-20,Liabilities,2026-08-25
ALGN,netIncome,2024-03-31,105028000,2024-05-20,NetIncomeLoss,2026-08-25
ALGN,operatingCashFlow,2024-03-31,28664000,2024-05-20,NetCashProvidedByUsedInOperatingActivities,2026-08-25
ALGN,operatingIncome,2024-03-31,154135000,2024-05-20,OperatingIncomeLoss,2026-08-25
ALGN,receivables,2024-03-31,950738000,2024-05-20,AccountsReceivableNetCurrent,2026-08-25
ALGN,revenue,2024-03-31,997431000,2024-05-20,RevenueFromContractWithCustomerExcludingAssessedTax,2026-08-25
ALGN,rnd,2024-03-31,91859000,2024-05-20,ResearchAndDevelopmentExpense,2026-08-25
ALGN,shares,2024-03-31,75281000,2024-05-20,CommonStockSharesOutstanding,2026-08-25
ALL,assets,2024-03-31,105241000000,2024-05-20,Assets,2026-08-25
ALL,buybacks,2024-03-31,0,2024-05-20,PaymentsForRepurchaseOfCommonStock,2026-08-25
ALL,capex,2024-03-31,41000000,2024-05-20,PaymentsToAcquirePropertyPlantAndEquipment,2026-08-25
ALL,debt,2024-03-31,7938000000,2024-05-20,LongTermDebt,2026-08-25
ALL,equity,2024-03-31,18639000000,2024-05-20,StockholdersEquity,2026-08-25
ALL,liabilities,2024-03-31,86761000000,2024-05-20,Liabilities,2026-08-25
ALL,netIncome,2024-03-31,1218000000,2024-05-20,NetIncomeLoss,2026-08-25
ALL,operatingCashFlow,2024-03-31,1666000000,2024-05-20,NetCashProvidedByUsedInOperatingActivities,2026-08-25
ALL,revenue,2024-03-31,15259000000,2024-05-20,Revenues,2026-08-25
ALL,shares,2024-03-31,264000000,2024-05-20,CommonStockSharesOutstanding,2026-08-25
ALLE,assets,2024-03-31,4286900000,2024-05-20,Assets,2026-08-25
ALLE,buybacks,2024-03-31,40000000,2024-05-20,PaymentsForRepurchaseOfCommonStock,2026-08-25
ALLE,capex,2024-03-31,27200000,2024-05-20,PaymentsToAcquireProductiveAssets,2026-08-25
ALLE,cash,2024-03-31,391800000,2024-05-20,CashAndCashEquivalentsAtCarryingValue,2026-08-25
ALLE,debt,2024-03-31,1600100000,2024-05-20,LongTermDebtNoncurrent,2026-08-25
ALLE,inventory,2024-03-31,448300000,2024-05-20,InventoryNet,2026-08-25
ALLE,liabilities,2024-03-31,2936000000,2024-05-20,Liabilities,2026-08-25
ALLE,netIncome,2024-03-31,123800000,2024-05-20,NetIncomeLoss,2026-08-25
ALLE,operatingCashFlow,2024-03-31,51100000,2024-05-20,NetCashProvidedByUsedInOperatingActivities,2026-08-25
ALLE,operatingIncome,2024-03-31,172100000,2024-05-20,OperatingIncomeLoss,2026-08-25
ALLE,revenue,2024-03-31,893900000,2024-05-20,Revenues,2026-08-25
ALLE,shares,2024-03-31,87440045,2024-05-20,CommonStockSharesOutstanding,2026-08-25
AMAT,assets,2024-01-28,31540000000,2024-04-22,Assets,2026-08-25
AMAT,buybacks,2024-01-28,700000000,2024-04-22,PaymentsForRepurchaseOfCommonStock,2026-08-25
AMAT,capex,2024-01-28,229000000,2024-04-22,PaymentsToAcquirePropertyPlantAndEquipment,2026-08-25
AMAT,cash,2024-01-28,6854000000,2024-04-22,CashAndCashEquivalentsAtCarryingValue,2026-08-25
AMAT,debt,2024-01-28,5462000000,2024-04-22,LongTermDebtNoncurrent,2026-08-25
AMAT,equity,2024-01-28,17429000000,2024-04-22,StockholdersEquity,2026-08-25
AMAT,grossProfit,2024-01-28,3204000000,2024-04-22,GrossProfit,2026-08-25
AMAT,inventory,2024-01-28,5646000000,2024-04-22,InventoryNet,2026-08-25
AMAT,liabilities,2024-01-28,14111000000,2024-04-22,Liabilities,2026-08-25
AMAT,netIncome,2024-01-28,2019000000,2024-04-22,NetIncomeLoss,2026-08-25
AMAT,operatingCashFlow,2024-01-28,2325000000,2024-04-22,NetCashProvidedByUsedInOperatingActivities,2026-08-25
AMAT,operatingIncome,2024-01-28,1967000000,2024-04-22,OperatingIncomeLoss,2026-08-25
AMAT,receivables,2024-01-28,4700000000,2024-04-22,AccountsReceivableNetCurrent,2026-08-25
AMAT,revenue,2024-01-28,6707000000,2024-04-22,RevenueFromContractWithCustomerExcludingAssessedTax,2026-08-25
AMAT,rnd,2024-01-28,754000000,2024-04-22,ResearchAndDevelopmentExpense,2026-08-25
AMCR,assets,2024-03-31,16660000000,2024-05-20,Assets,2026-08-25
AMCR,cash,2024-03-31,457000000,2024-05-20,CashAndCashEquivalentsAtCarryingValue,2026-08-25
AMCR,equity,2024-03-31,3944000000,2024-05-20,StockholdersEquity,2026-08-25
AMCR,grossProfit,2024-03-31,692000000,2024-05-20,GrossProfit,2026-08-25
AMCR,liabilities,2024-03-31,12652000000,2024-05-20,Liabilities,2026-08-25
AMCR,netIncome,2024-03-31,187000000,2024-05-20,NetIncomeLoss,2026-08-25
AMCR,operatingIncome,2024-03-31,307000000,2024-05-20,OperatingIncomeLoss,2026-08-25
AMCR,receivables,2024-03-31,1935000000,2024-05-20,AccountsReceivableNetCurrent,2026-08-25
AMCR,revenue,2024-03-31,3411000000,2024-05-20,Revenues,2026-08-25
AMCR,rnd,2024-03-31,25000000,2024-05-20,ResearchAndDevelopmentExpense,2026-08-25
AMD,assets,2024-03-30,67895000000,2024-05-19,Assets,2026-08-25
AMD,buybacks,2024-03-30,4000000,2024-05-19,PaymentsForRepurchaseOfCommonStock,2026-08-25
AMD,capex,2024-03-30,142000000,2024-05-19,PaymentsToAcquirePropertyPlantAndEquipment,2026-08-25
AMD,cash,2024-03-30,4190000000,2024-05-19,CashAndCashEquivalentsAtCarryingValue,2026-08-25
AMD,debt,2024-03-30,1718000000,2024-05-19,LongTermDebtNoncurrent,2026-08-25
AMD,equity,2024-03-30,56198000000,2024-05-19,StockholdersEquity,2026-08-25
AMD,grossProfit,2024-03-30,2560000000,2024-05-19,GrossProfit,2026-08-25
AMD,inventory,2024-03-30,4652000000,2024-05-19,InventoryNet,2026-08-25
AMD,netIncome,2024-03-30,123000000,2024-05-19,NetIncomeLoss,2026-08-25
AMD,operatingCashFlow,2024-03-30,521000000,2024-05-19,NetCashProvidedByUsedInOperatingActivities,2026-08-25
AMD,operatingIncome,2024-03-30,36000000,2024-05-19,OperatingIncomeLoss,2026-08-25
AMD,receivables,2024-03-30,5038000000,2024-05-19,AccountsReceivableNetCurrent,2026-08-25
AMD,revenue,2024-03-30,5473000000,2024-05-19,RevenueFromContractWithCustomerExcludingAssessedTax,2026-08-25
AMD,rnd,2024-03-30,1525000000,2024-05-19,ResearchAndDevelopmentExpense,2026-08-25
AMD,shares,2024-03-30,1618000000,2024-05-19,CommonStockSharesOutstanding,2026-08-25
AME,assets,2024-03-31,14864981000,2024-05-20,Assets,2026-08-25
AME,buybacks,2024-03-31,6915000,2024-05-20,PaymentsForRepurchaseOfCommonStock,2026-08-25
AME,capex,2024-03-31,27652000,2024-05-20,PaymentsToAcquirePropertyPlantAndEquipment,2026-08-25
AME,cash,2024-03-31,373765000,2024-05-20,CashAndCashEquivalentsAtCarryingValue,2026-08-25
AME,debt,2024-03-31,1877772000,2024-05-20,LongTermDebtNoncurrent,2026-08-25
AME,equity,2024-03-31,8968215000,2024-05-20,StockholdersEquity,2026-08-25
AME,inventory,2024-03-31,1127328000,2024-05-20,InventoryNet,2026-08-25
AME,liabilities,2024-03-31,5896766000,2024-05-20,Liabilities,2026-08-25
AME,netIncome,2024-03-31,310943000,2024-05-20,NetIncomeLoss,2026-08-25
AME,operatingCashFlow,2024-03-31,410227000,2024-05-20,NetCashProvidedByUsedInOperatingActivities,2026-08-25
AME,operatingIncome,2024-03-31,417216000,2024-05-20,OperatingIncomeLoss,2026-08-25
AME,revenue,2024-03-31,1736180000,2024-05-20,RevenueFromContractWithCustomerExcludingAssessedTax,2026-08-25
AMGN,assets,2024-03-31,92980000000,2024-05-20,Assets,2026-08-25
AMGN,capex,2024-03-31,230000000,2024-05-20,PaymentsToAcquirePropertyPlantAndEquipment,2026-08-25
AMGN,cash,2024-03-31,9708000000,2024-05-20,CashAndCashEquivalentsAtCarryingValue,2026-08-25
AMGN,debt,2024-03-31,60061000000,2024-05-20,LongTermDebtNoncurrent,2026-08-25
AMGN,equity,2024-03-31,5022000000,2024-05-20,StockholdersEquity,2026-08-25
AMGN,inventory,2024-03-31,8724000000,2024-05-20,InventoryNet,2026-08-25
AMGN,netIncome,2024-03-31,-113000000,2024-05-20,NetIncomeLoss,2026-08-25
AMGN,operatingCashFlow,2024-03-31,689000000,2024-05-20,NetCashProvidedByUsedInOperatingActivities,2026-08-25
AMGN,operatingIncome,2024-03-31,991000000,2024-05-20,OperatingIncomeLoss,2026-08-25
AMGN,receivables,2024-03-31,6776000000,2024-05-20,AccountsReceivableNetCurrent,2026-08-25
AMGN,revenue,2024-03-31,7447000000,2024-05-20,RevenueFromContractWithCustomerExcludingAssessedTax,2026-08-25
AMGN,shares,2024-03-31,536400000,2024-05-20,CommonStockSharesOutstanding,2026-08-25
AMP,assets,2024-03-31,179831000000,2024-05-20,Assets,2026-08-25
AMP,buybacks,2024-03-31,628000000,2024-05-20,PaymentsForRepurchaseOfCommonStock,2026-08-25
AMP,capex,2024-03-31,52000000,2024-05-20,PaymentsToAcquireProductiveAssets,2026-08-25
AMP,equity,2024-03-31,4879000000,2024-05-20,StockholdersEquity,2026-08-25
AMP,liabilities,2024-03-31,174952000000,2024-05-20,Liabilities,2026-08-25
AMP,netIncome,2024-03-31,990000000,2024-05-20,NetIncomeLoss,2026-08-25
AMP,operatingCashFlow,2024-03-31,1444000000,2024-05-20,NetCashProvidedByUsedInOperatingActivities,2026-08-25
AMP,revenue,2024-03-31,4325000000,2024-05-20,Revenues,2026-08-25
AMT,assets,2024-03-31,66679000000,2024-05-20,Assets,2026-08-25
AMT,capex,2024-03-31,396700000,2024-05-20,PaymentsToAcquirePropertyPlantAndEquipment,2026-08-25
AMT,cash,2024-03-31,2217000000,2024-05-20,CashAndCashEquivalentsAtCarryingValue,2026-08-25
AMT,equity,2024-03-31,4047800000,2024-05-20,StockholdersEquity,2026-08-25
AMT,liabilities,2024-03-31,56017300000,2024-05-20,Liabilities,2026-08-25
AMT,operatingCashFlow,2024-03-31,1283600000,2024-05-20,NetCashProvidedByUsedInOperatingActivities,2026-08-25
AMT,operatingIncome,2024-03-31,1141000000,2024-05-20,OperatingIncomeLoss,2026-08-25
AMT,receivables,2024-03-31,738400000,2024-05-20,AccountsReceivableNetCurrent,2026-08-25
AMT,revenue,2024-03-31,2512600000,2024-05-20,Revenues,2026-08-25
AMT,shares,2024-03-31,466964000,2024-05-20,CommonStockSharesOutstanding,2026-08-25
AMZN,assets,2024-03-31,530969000000,2024-05-20,Assets,2026-08-25
AMZN,buybacks,2024-03-31,0,2024-05-20,PaymentsForRepurchaseOfCommonStock,2026-08-25
AMZN,capex,2024-03-31,14925000000,2024-05-20,PaymentsToAcquireProductiveAssets,2026-08-25
AMZN,cash,2024-03-31,72852000000,2024-05-20,CashAndCashEquivalentsAtCarryingValue,2026-08-25
AMZN,debt,2024-03-31,57634000000,2024-05-20,LongTermDebtNoncurrent,2026-08-25
AMZN,equity,2024-03-31,216661000000,2024-05-20,StockholdersEquity,2026-08-25
AMZN,inventory,2024-03-31,31147000000,2024-05-20,InventoryNet,2026-08-25
AMZN,netIncome,2024-03-31,10431000000,2024-05-20,NetIncomeLoss,2026-08-25
AMZN,operatingCashFlow,2024-03-31,18989000000,2024-05-20,NetCashProvidedByUsedInOperatingActivities,2026-08-25
AMZN,operatingIncome,2024-03-31,15307000000,2024-05-20,OperatingIncomeLoss,2026-08-25
AMZN,receivables,2024-03-31,47768000000,2024-05-20,AccountsReceivableNetCurrent,2026-08-25
AMZN,revenue,2024-03-31,143313000000,2024-05-20,RevenueFromContractWithCustomerExcludingAssessedTax,2026-08-25
AMZN,shares,2024-03-31,10403000000,2024-05-20,CommonStockSharesOutstanding,2026-08-25
ANET,assets,2024-03-31,10550179000,2024-05-20,Assets,2026-08-25
ANET,buybacks,2024-03-31,62700000,2024-05-20,PaymentsForRepurchaseOfCommonStock,2026-08-25
ANET,capex,2024-03-31,9400000,2024-05-20,PaymentsToAcquirePropertyPlantAndEquipment,2026-08-25
ANET,cash,2024-03-31,2092101000,2024-05-20,CashAndCashEquivalentsAtCarryingValue,2026-08-25
ANET,equity,2024-03-31,7862300000,2024-05-20,StockholdersEquity,2026-08-25
ANET,grossProfit,2024-03-31,1001400000,2024-05-20,GrossProfit,2026-08-25
ANET,inventory,2024-03-31,2025204000,2024-05-20,InventoryNet,2026-08-25
ANET,liabilities,2024-03-31,2687864000,2024-05-20,Liabilities,2026-08-25
ANET,netIncome,2024-03-31,637700000,2024-05-20,NetIncomeLoss,2026-08-25
ANET,operatingCashFlow,2024-03-31,513800000,2024-05-20,NetCashProvidedByUsedInOperatingActivities,2026-08-25
ANET,operatingIncome,2024-03-31,660200000,2024-05-20,OperatingIncomeLoss,2026-08-25
ANET,receivables,2024-03-31,1090041000,2024-05-20,AccountsReceivableNetCurrent,2026-08-25
ANET,revenue,2024-03-31,1571400000,2024-05-20,RevenueFromContractWithCustomerExcludingAssessedTax,2026-08-25
ANET,rnd,2024-03-31,208400000,2024-05-20,ResearchAndDevelopmentExpense,2026-08-25
ANET,shares,2024-03-31,313601000,2024-05-20,CommonStockSharesOutstanding,2026-08-25
AON,assets,2024-03-31,40767000000,2024-05-20,Assets,2026-08-25
AON,capex,2024-03-31,48000000,2024-05-20,PaymentsToAcquirePropertyPlantAndEquipment,2026-08-25
AON,cash,2024-03-31,995000000,2024-05-20,CashAndCashEquivalentsAtCarryingValue,2026-08-25
AON,debt,2024-03-31,15916000000,2024-05-20,LongTermDebtNoncurrent,2026-08-25
AON,equity,2024-03-31,-133000000,2024-05-20,StockholdersEquity,2026-08-25
AON,liabilities,2024-03-31,40795000000,2024-05-20,Liabilities,2026-08-25
AON,netIncome,2024-03-31,1071000000,2024-05-20,NetIncomeLoss,2026-08-25
AON,operatingCashFlow,2024-03-31,309000000,2024-05-20,NetCashProvidedByUsedInOperatingActivities,2026-08-25
AON,operatingIncome,2024-03-31,1465000000,2024-05-20,OperatingIncomeLoss,2026-08-25
AON,receivables,2024-03-31,4035000000,2024-05-20,AccountsReceivableNetCurrent,2026-08-25
AON,revenue,2024-03-31,4070000000,2024-05-20,RevenueFromContractWithCustomerExcludingAssessedTax,2026-08-25
AOS,assets,2024-03-31,3182200000,2024-05-20,Assets,2026-08-25
AOS,buybacks,2024-03-31,74500000,2024-05-20,PaymentsForRepurchaseOfCommonStock,2026-08-25
AOS,capex,2024-03-31,22000000,2024-05-20,PaymentsToAcquireProductiveAssets,2026-08-25
AOS,cash,2024-03-31,251600000,2024-05-20,CashAndCashEquivalentsAtCarryingValue,2026-08-25
AOS,debt,2024-03-31,109700000,2024-05-20,LongTermDebtNoncurrent,2026-08-25
AOS,equity,2024-03-31,1881800000,2024-05-20,StockholdersEquity,2026-08-25
AOS,grossProfit,2024-03-31,384700000,2024-05-20,GrossProfit,2026-08-25
AOS,inventory,2024-03-31,522300000,2024-05-20,InventoryNet,2026-08-25
AOS,liabilities,2024-03-31,1300400000,2024-05-20,Liabilities,2026-08-25
AOS,netIncome,2024-03-31,147600000,2024-05-20,NetIncomeLoss,2026-08-25
AOS,operatingCashFlow,2024-03-31,106600000,2024-05-20,NetCashProvidedByUsedInOperatingActivities,2026-08-25
AOS,operatingIncome,2024-03-31,193700000,2024-05-20,OperatingIncomeLoss,2026-08-25
AOS,revenue,2024-03-31,978800000,2024-05-20,RevenueFromContractWithCustomerExcludingAssessedTax,2026-08-25
APA,assets,2024-03-31,14952000000,2024-05-20,Assets,2026-08-25
APA,cash,2024-03-31,102000000,2024-05-20,CashAndCashEquivalentsAtCarryingValue,2026-08-25
APA,equity,2024-03-31,2607000000,2024-05-20,StockholdersEquity,2026-08-25
APA,inventory,2024-03-31,472000000,2024-05-20,InventoryNet,2026-08-25
APA,operatingCashFlow,2024-03-31,368000000,2024-05-20,NetCashProvidedByUsedInOperatingActivities,2026-08-25
APA,operatingIncome,2024-03-31,691000000,2024-05-20,OperatingIncomeLoss,2026-08-25
APA,receivables,2024-03-31,1597000000,2024-05-20,AccountsReceivableNetCurrent,2026-08-25
APD,assets,2024-03-31,35921700000,2024-05-20,Assets,2026-08-25
APD,cash,2024-03-31,2535000000,2024-05-20,CashAndCashEquivalentsAtCarryingValue,2026-08-25
APD,equity,2024-03-31,14913400000,2024-05-20,StockholdersEquity,2026-08-25
APD,inventory,2024-03-31,721200000,2024-05-20,InventoryNet,2026-08-25
APD,liabilities,2024-03-31,19586800000,2024-05-20,Liabilities,2026-08-25
APD,netIncome,2024-03-31,572400000,2024-05-20,NetIncomeLoss,2026-08-25
APD,operatingIncome,2024-03-31,637200000,2024-05-20,OperatingIncomeLoss,2026-08-25
APD,receivables,2024-03-31,1715800000,2024-05-20,AccountsReceivableNetCurrent,2026-08-25
APD,revenue,2024-03-31,2930200000,2024-05-20,Revenues,2026-08-25
APD,rnd,2024-03-31,25400000,2024-05-20,ResearchAndDevelopmentExpense,2026-08-25
APH,assets,2024-03-31,16722500000,2024-05-20,Assets,2026-08-25
APH,buybacks,2024-03-31,153800000,2024-05-20,PaymentsForRepurchaseOfCommonStock,2026-08-25
APH,capex,2024-03-31,94300000,2024-05-20,PaymentsToAcquirePropertyPlantAndEquipment,2026-08-25
APH,cash,2024-03-31,1857100000,2024-05-20,CashAndCashEquivalentsAtCarryingValue,2026-08-25
APH,equity,2024-03-31,8681500000,2024-05-20,StockholdersEquity,2026-08-25
APH,grossProfit,2024-03-31,1089000000,2024-05-20,GrossProfit,2026-08-25
APH,inventory,2024-03-31,2152900000,2024-05-20,InventoryNet,2026-08-25
APH,liabilities,2024-03-31,7957900000,2024-05-20,Liabilities,2026-08-25
APH,netIncome,2024-03-31,548700000,2024-05-20,NetIncomeLoss,2026-08-25
APH,operatingCashFlow,2024-03-31,599500000,2024-05-20,NetCashProvidedByUsedInOperatingActivities,2026-08-25
APH,operatingIncome,2024-03-31,684800000,2024-05-20,OperatingIncomeLoss,2026-08-25
APH,receivables,2024-03-31,2501400000,2024-05-20,AccountsReceivableNetCurrent,2026-08-25
APH,revenue,2024-03-31,3256300000,2024-05-20,RevenueFromContractWithCustomerExcludingAssessedTax,2026-08-25
APO,assets,2024-03-31,334051000000,2024-05-20,Assets,2026-08-25
APO,buybacks,2024-03-31,260000000,2024-05-20,PaymentsForRepurchaseOfCommonStock,2026-08-25
APO,debt,2024-03-31,9596000000,2024-05-20,LongTermDebt,2026-08-25
APO,equity,2024-03-31,14787000000,2024-05-20,StockholdersEquity,2026-08-25
APO,liabilities,2024-03-31,307035000000,2024-05-20,Liabilities,2026-08-25
APO,netIncome,2024-03-31,1427000000,2024-05-20,NetIncomeLoss,2026-08-25
APO,operatingCashFlow,2024-03-31,70000000,2024-05-20,NetCashProvidedByUsedInOperatingActivities,2026-08-25
APO,revenue,2024-03-31,7040000000,2024-05-20,Revenues,2026-08-25
APO,shares,2024-03-31,569003922,2024-05-20,CommonStockSharesOutstanding,2026-08-25
APP,assets,2024-03-31,5262517000,2024-05-20,Assets,2026-08-25
APP,buybacks,2024-03-31,752224000,2024-05-20,PaymentsForRepurchaseOfCommonStock,2026-08-25
APP,cash,2024-03-31,436336000,2024-05-20,CashAndCashEquivalentsAtCarryingValue,2026-08-25
APP,debt,2024-03-31,3489891000,2024-05-20,LongTermDebtNoncurrent,2026-08-25
APP,equity,2024-03-31,760204000,2024-05-20,StockholdersEquity,2026-08-25
APP,liabilities,2024-03-31,4502313000,2024-05-20,Liabilities,2026-08-25
APP,netIncome,2024-03-31,236183000,2024-05-20,NetIncomeLoss,2026-08-25
APP,operatingCashFlow,2024-03-31,392779000,2024-05-20,NetCashProvidedByUsedInOperatingActivities,2026-08-25
APP,operatingIncome,2024-03-31,339559000,2024-05-20,OperatingIncomeLoss,2026-08-25
APP,receivables,2024-03-31,1035372000,2024-05-20,AccountsReceivableNetCurrent,2026-08-25
APP,revenue,2024-03-31,1058115000,2024-05-20,RevenueFromContractWithCustomerExcludingAssessedTax,2026-08-25
APP,rnd,2024-03-31,155323000,2024-05-20,ResearchAndDevelopmentExpense,2026-08-25
APP,shares,2024-03-31,328958886,2024-05-20,CommonStockSharesOutstanding,2026-08-25
APTV,assets,2024-03-31,23644000000,2024-05-20,Assets,2026-08-25
APTV,buybacks,2024-03-31,600000000,2024-05-20,PaymentsForRepurchaseOfCommonStock,2026-08-25
APTV,capex,2024-03-31,265000000,2024-05-20,PaymentsToAcquireProductiveAssets,2026-08-25
APTV,cash,2024-03-31,941000000,2024-05-20,CashAndCashEquivalentsAtCarryingValue,2026-08-25
APTV,debt,2024-03-31,4721000000,2024-05-20,LongTermDebtNoncurrent,2026-08-25
APTV,equity,2024-03-31,11120000000,2024-05-20,StockholdersEquity,2026-08-25
APTV,inventory,2024-03-31,2371000000,2024-05-20,InventoryNet,2026-08-25
APTV,liabilities,2024-03-31,12225000000,2024-05-20,Liabilities,2026-08-25
APTV,netIncome,2024-03-31,218000000,2024-05-20,NetIncomeLoss,2026-08-25
APTV,operatingCashFlow,2024-03-31,244000000,2024-05-20,NetCashProvidedByUsedInOperatingActivities,2026-08-25
APTV,operatingIncome,2024-03-31,419000000,2024-05-20,OperatingIncomeLoss,2026-08-25
APTV,receivables,2024-03-31,3652000000,2024-05-20,AccountsReceivableNetCurrent,2026-08-25
APTV,revenue,2024-03-31,4901000000,2024-05-20,Revenues,2026-08-25
APTV,shares,2024-03-31,272044109,2024-05-20,CommonStockSharesOutstanding,2026-08-25
ARE,assets,2024-03-31,37699046000,2024-05-20,Assets,2026-08-25
ARE,buybacks,2024-03-31,0,2024-05-20,PaymentsForRepurchaseOfCommonStock,2026-08-25
ARE,cash,2024-03-31,722176000,2024-05-20,CashAndCashEquivalentsAtCarryingValue,2026-08-25
ARE,debt,2024-03-31,12217163000,2024-05-20,LongTermDebt,2026-08-25
ARE,equity,2024-03-31,18412595000,2024-05-20,StockholdersEquity,2026-08-25
ARE,liabilities,2024-03-31,14943128000,2024-05-20,Liabilities,2026-08-25
ARE,netIncome,2024-03-31,170545000,2024-05-20,NetIncomeLoss,2026-08-25
ARE,operatingCashFlow,2024-03-31,341157000,2024-05-20,NetCashProvidedByUsedInOperatingActivities,2026-08-25
ARES,assets,2024-03-31,24413270000,2024-05-20,Assets,2026-08-25
ARES,equity,2024-03-31,1767494000,2024-05-20,StockholdersEquity,2026-08-25
ARES,liabilities,2024-03-31,19382799000,2024-05-20,Liabilities,2026-08-25
ARES,netIncome,2024-03-31,73027000,2024-05-20,NetIncomeLoss,2026-08-25
ARES,operatingCashFlow,2024-03-31,710045000,2024-05-20,NetCashProvidedByUsedInOperatingActivities,2026-08-25
ARES,revenue,2024-03-31,735806000,2024-05-20,Revenues,2026-08-25
ARES,shares,2024-03-31,309668984,2024-05-20,CommonStockSharesOutstanding,2026-08-25
ATO,assets,2024-03-31,24004640000,2024-05-20,Assets,2026-08-25
ATO,capex,2024-03-31,645876000,2024-05-20,PaymentsToAcquireProductiveAssets,2026-08-25
ATO,cash,2024-03-31,262497000,2024-05-20,CashAndCashEquivalentsAtCarryingValue,2026-08-25
ATO,equity,2024-03-31,11618639000,2024-05-20,StockholdersEquity,2026-08-25
ATO,netIncome,2024-03-31,432023000,2024-05-20,NetIncomeLoss,2026-08-25
ATO,operatingIncome,2024-03-31,550990000,2024-05-20,OperatingIncomeLoss,2026-08-25
ATO,receivables,2024-03-31,596433000,2024-05-20,AccountsReceivableNetCurrent,2026-08-25
ATO,revenue,2024-03-31,1647227000,2024-05-20,Revenues,2026-08-25
ATO,shares,2024-03-31,150874552,2024-05-20,CommonStockSharesOutstanding,2026-08-25
AVGO,assets,2024-02-04,177870000000,2024-04-29,Assets,2026-08-25
AVGO,buybacks,2024-02-04,7176000000,2024-04-29,PaymentsForRepurchaseOfCommonStock,2026-08-25
AVGO,capex,2024-02-04,122000000,2024-04-29,PaymentsToAcquirePropertyPlantAndEquipment,2026-08-25
AVGO,cash,2024-02-04,11864000000,2024-04-29,CashAndCashEquivalentsAtCarryingValue,2026-08-25
AVGO,grossProfit,2024-02-04,7375000000,2024-04-29,GrossProfit,2026-08-25
AVGO,inventory,2024-02-04,1920000000,2024-04-29,InventoryNet,2026-08-25
AVGO,liabilities,2024-02-04,107586000000,2024-04-29,Liabilities,2026-08-25
AVGO,operatingCashFlow,2024-02-04,4815000000,2024-04-29,NetCashProvidedByUsedInOperatingActivities,2026-08-25
AVGO,operatingIncome,2024-02-04,2083000000,2024-04-29,OperatingIncomeLoss,2026-08-25
AVGO,receivables,2024-02-04,4969000000,2024-04-29,AccountsReceivableNetCurrent,2026-08-25
AVGO,revenue,2024-02-04,11961000000,2024-04-29,RevenueFromContractWithCustomerExcludingAssessedTax,2026-08-25
AVGO,rnd,2024-02-04,2308000000,2024-04-29,ResearchAndDevelopmentExpense,2026-08-25
AVGO,shares,2024-02-04,463000000,2024-04-29,CommonStockSharesOutstanding,2026-08-25
AVY,assets,2024-03-30,8255200000,2024-05-19,Assets,2026-08-25
AVY,buybacks,2024-03-30,15600000,2024-05-19,PaymentsForRepurchaseOfCommonStock,2026-08-25
AVY,capex,2024-03-30,48800000,2024-05-19,PaymentsToAcquirePropertyPlantAndEquipment,2026-08-25
AVY,cash,2024-03-30,185700000,2024-05-19,CashAndCashEquivalentsAtCarryingValue,2026-08-25
AVY,equity,2024-03-30,2204000000,2024-05-19,StockholdersEquity,2026-08-25
AVY,grossProfit,2024-03-30,632200000,2024-05-19,GrossProfit,2026-08-25
AVY,inventory,2024-03-30,972500000,2024-05-19,InventoryNet,2026-08-25
AVY,netIncome,2024-03-30,172400000,2024-05-19,NetIncomeLoss,2026-08-25
AVY,operatingCashFlow,2024-03-30,119800000,2024-05-19,NetCashProvidedByUsedInOperatingActivities,2026-08-25
AVY,receivables,2024-03-30,1478000000,2024-05-19,AccountsReceivableNetCurrent,2026-08-25
AVY,revenue,2024-03-30,2151300000,2024-05-19,RevenueFromContractWithCustomerExcludingAssessedTax,2026-08-25
AVY,shares,2024-03-30,80597091,2024-05-19,CommonStockSharesOutstanding,2026-08-25
AWK,assets,2024-03-31,31086000000,2024-05-20,Assets,2026-08-25
AWK,capex,2024-03-31,609000000,2024-05-20,PaymentsToAcquirePropertyPlantAndEquipment,2026-08-25
AWK,cash,2024-03-31,584000000,2024-05-20,CashAndCashEquivalentsAtCarryingValue,2026-08-25
AWK,equity,2024-03-31,10007000000,2024-05-20,StockholdersEquity,2026-08-25
AWK,netIncome,2024-03-31,185000000,2024-05-20,NetIncomeLoss,2026-08-25
AWK,operatingCashFlow,2024-03-31,382000000,2024-05-20,NetCashProvidedByUsedInOperatingActivities,2026-08-25
AWK,operatingIncome,2024-03-31,326000000,2024-05-20,OperatingIncomeLoss,2026-08-25
AWK,receivables,2024-03-31,323000000,2024-05-20,AccountsReceivableNetCurrent,2026-08-25
AXON,assets,2024-03-31,3585486000,2024-05-20,Assets,2026-08-25
AXON,capex,2024-03-31,16194000,2024-05-20,PaymentsToAcquirePropertyPlantAndEquipment,2026-08-25
AXON,cash,2024-03-31,403870000,2024-05-20,CashAndCashEquivalentsAtCarryingValue,2026-08-25
AXON,equity,2024-03-31,1821880000,2024-05-20,StockholdersEquity,2026-08-25
AXON,grossProfit,2024-03-31,258628000,2024-05-20,GrossProfit,2026-08-25
AXON,inventory,2024-03-31,271318000,2024-05-20,InventoryNet,2026-08-25
AXON,liabilities,2024-03-31,1763606000,2024-05-20,Liabilities,2026-08-25
AXON,netIncome,2024-03-31,133352000,2024-05-20,NetIncomeLoss,2026-08-25
AXON,operatingCashFlow,2024-03-31,-15938000,2024-05-20,NetCashProvidedByUsedInOperatingActivities,2026-08-25
AXON,operatingIncome,2024-03-31,16456000,2024-05-20,OperatingIncomeLoss,2026-08-25
AXON,revenue,2024-03-31,459871000,2024-05-20,RevenueFromContractWithCustomerExcludingAssessedTax,2026-08-25
AXON,rnd,2024-03-31,91097000,2024-05-20,ResearchAndDevelopmentExpense,2026-08-25
AXON,shares,2024-03-31,75466171,2024-05-20,CommonStockSharesOutstanding,2026-08-25
AXP,assets,2024-03-31,269261000000,2024-05-20,Assets,2026-08-25
AXP,buybacks,2024-03-31,1292000000,2024-05-20,PaymentsForRepurchaseOfCommonStock,2026-08-25
AXP,capex,2024-03-31,396000000,2024-05-20,PaymentsToAcquirePropertyPlantAndEquipment,2026-08-25
AXP,debt,2024-03-31,48826000000,2024-05-20,LongTermDebt,2026-08-25
AXP,equity,2024-03-31,28764000000,2024-05-20,StockholdersEquity,2026-08-25
AXP,liabilities,2024-03-31,240497000000,2024-05-20,Liabilities,2026-08-25
AXP,netIncome,2024-03-31,2437000000,2024-05-20,NetIncomeLoss,2026-08-25
AXP,operatingCashFlow,2024-03-31,5552000000,2024-05-20,NetCashProvidedByUsedInOperatingActivities,2026-08-25
AXP,revenue,2024-03-31,9339000000,2024-05-20,RevenueFromContractWithCustomerExcludingAssessedTax,2026-08-25
AXP,shares,2024-03-31,719000000,2024-05-20,CommonStockSharesOutstanding,2026-08-25
AZO,assets,2024-02-10,16717654000,2024-05-05,Assets,2026-08-25
AZO,cash,2024-02-10,304096000,2024-05-05,CashAndCashEquivalentsAtCarryingValue,2026-08-25
AZO,debt,2024-02-10,8630553000,2024-05-05,LongTermDebtNoncurrent,2026-08-25
AZO,equity,2024-02-10,-4837321000,2024-05-05,StockholdersEquity,2026-08-25
AZO,grossProfit,2024-02-10,2079652000,2024-05-05,GrossProfit,2026-08-25
AZO,netIncome,2024-02-10,515030000,2024-05-05,NetIncomeLoss,2026-08-25
AZO,operatingIncome,2024-02-10,743242000,2024-05-05,OperatingIncomeLoss,2026-08-25
AZO,receivables,2024-02-10,501117000,2024-05-05,AccountsReceivableNetCurrent,2026-08-25
AZO,revenue,2024-02-10,3859126000,2024-05-05,Revenues,2026-08-25
BA,assets,2024-03-31,134484000000,2024-05-20,Assets,2026-08-25
BA,capex,2024-03-31,567000000,2024-05-20,PaymentsToAcquirePropertyPlantAndEquipment,2026-08-25
BA,cash,2024-03-31,6914000000,2024-05-20,CashAndCashEquivalentsAtCarryingValue,2026-08-25
BA,debt,2024-03-31,47689000000,2024-05-20,LongTermDebt,2026-08-25
BA,equity,2024-03-31,-17009000000,2024-05-20,StockholdersEquity,2026-08-25
BA,grossProfit,2024-03-31,1876000000,2024-05-20,GrossProfit,2026-08-25
BA,liabilities,2024-03-31,151500000000,2024-05-20,Liabilities,2026-08-25
BA,netIncome,2024-03-31,-343000000,2024-05-20,NetIncomeLoss,2026-08-25
BA,operatingCashFlow,2024-03-31,-3362000000,2024-05-20,NetCashProvidedByUsedInOperatingActivities,2026-08-25
BA,operatingIncome,2024-03-31,-86000000,2024-05-20,OperatingIncomeLoss,2026-08-25
BA,receivables,2024-03-31,2959000000,2024-05-20,AccountsReceivableNetCurrent,2026-08-25
BA,revenue,2024-03-31,16569000000,2024-05-20,Revenues,2026-08-25
BA,rnd,2024-03-31,868000000,2024-05-20,ResearchAndDevelopmentExpense,2026-08-25
BAC,assets,2024-03-31,3273803000000,2024-05-20,Assets,2026-08-25
BAC,buybacks,2024-03-31,2500000000,2024-05-20,PaymentsForRepurchaseOfCommonStock,2026-08-25
BAC,debt,2024-03-31,296346000000,2024-05-20,LongTermDebt,2026-08-25
BAC,equity,2024-03-31,293552000000,2024-05-20,StockholdersEquity,2026-08-25
BAC,liabilities,2024-03-31,2980251000000,2024-05-20,Liabilities,2026-08-25
BAC,netIncome,2024-03-31,6674000000,2024-05-20,NetIncomeLoss,2026-08-25
BAC,operatingCashFlow,2024-03-31,-15539000000,2024-05-20,NetCashProvidedByUsedInOperatingActivities,2026-08-25
BAC,revenue,2024-03-31,25818000000,2024-05-20,Revenues,2026-08-25
BAC,shares,2024-03-31,7866868200,2024-05-20,CommonStockSharesOutstanding,2026-08-25
BALL,assets,2024-03-31,19898000000,2024-05-20,Assets,2026-08-25
BALL,buybacks,2024-03-31,182000000,2024-05-20,PaymentsForRepurchaseOfCommonStock,2026-08-25
BALL,capex,2024-03-31,154000000,2024-05-20,PaymentsToAcquirePropertyPlantAndEquipment,2026-08-25
BALL,cash,2024-03-31,1719000000,2024-05-20,CashAndCashEquivalentsAtCarryingValue,2026-08-25
BALL,equity,2024-03-31,7308000000,2024-05-20,StockholdersEquity,2026-08-25
BALL,grossProfit,2024-03-31,477000000,2024-05-20,GrossProfit,2026-08-25
BALL,inventory,2024-03-31,1498000000,2024-05-20,InventoryNet,2026-08-25
BALL,liabilities,2024-03-31,12521000000,2024-05-20,Liabilities,2026-08-25
BALL,operatingCashFlow,2024-03-31,-1247000000,2024-05-20,NetCashProvidedByUsedInOperatingActivities,2026-08-25
BALL,operatingIncome,2024-03-31,196000000,2024-05-20,OperatingIncomeLoss,2026-08-25
BALL,receivables,2024-03-31,2585000000,2024-05-20,AccountsReceivableNetCurrent,2026-08-25
BAX,assets,2024-03-31,27788000000,2024-05-20,Assets,2026-08-25
BAX,cash,2024-03-31,2826000000,2024-05-20,CashAndCashEquivalentsAtCarryingValue,2026-08-25
BAX,equity,2024-03-31,8173000000,2024-05-20,StockholdersEquity,2026-08-25
BAX,grossProfit,2024-03-31,961000000,2024-05-20,GrossProfit,2026-08-25
BAX,inventory,2024-03-31,2988000000,2024-05-20,InventoryNet,2026-08-25
BAX,liabilities,2024-03-31,19553000000,2024-05-20,Liabilities,2026-08-25
BAX,netIncome,2024-03-31,37000000,2024-05-20,NetIncomeLoss,2026-08-25
BAX,operatingCashFlow,2024-03-31,163000000,2024-05-20,NetCashProvidedByUsedInOperatingActivities,2026-08-25
BAX,operatingIncome,2024-03-31,115000000,2024-05-20,OperatingIncomeLoss,2026-08-25
BAX,receivables,2024-03-31,2521000000,2024-05-20,AccountsReceivableNetCurrent,2026-08-25
BAX,revenue,2024-03-31,2490000000,2024-05-20,RevenueFromContractWithCustomerExcludingAssessedTax,2026-08-25
BAX,rnd,2024-03-31,120000000,2024-05-20,ResearchAndDevelopmentExpense,2026-08-25
BBY,assets,2024-02-03,14967000000,2024-04-28,Assets,2026-08-25
BBY,cash,2024-02-03,1447000000,2024-04-28,CashAndCashEquivalentsAtCarryingValue,2026-08-25
BBY,debt,2024-02-03,1152000000,2024-04-28,LongTermDebtNoncurrent,2026-08-25
BBY,equity,2024-02-03,3053000000,2024-04-28,StockholdersEquity,2026-08-25
BBY,inventory,2024-02-03,4958000000,2024-04-28,InventoryNet,2026-08-25
BBY,shares,2024-02-03,215400000,2024-04-28,CommonStockSharesOutstanding,2026-08-25
BDX,assets,2024-03-31,54157000000,2024-05-20,Assets,2026-08-25
BDX,cash,2024-03-31,2348000000,2024-05-20,CashAndCashEquivalentsAtCarryingValue,2026-08-25
BDX,debt,2024-03-31,15995000000,2024-05-20,LongTermDebtNoncurrent,2026-08-25
BDX,equity,2024-03-31,25647000000,2024-05-20,StockholdersEquity,2026-08-25
BDX,inventory,2024-03-31,3229000000,2024-05-20,InventoryNet,2026-08-25
BDX,netIncome,2024-03-31,537000000,2024-05-20,NetIncomeLoss,2026-08-25
BDX,operatingIncome,2024-03-31,734000000,2024-05-20,OperatingIncomeLoss,2026-08-25
BDX,receivables,2024-03-31,2559000000,2024-05-20,AccountsReceivableNetCurrent,2026-08-25
BDX,revenue,2024-03-31,5045000000,2024-05-20,Revenues,2026-08-25
BDX,rnd,2024-03-31,299000000,2024-05-20,ResearchAndDevelopmentExpense,2026-08-25
BEN,assets,2024-03-31,32907700000,2024-05-20,Assets,2026-08-25
BEN,debt,2024-03-31,3041000000,2024-05-20,LongTermDebt,2026-08-25
BEN,equity,2024-03-31,12861100000,2024-05-20,StockholdersEquity,2026-08-25
BEN,liabilities,2024-03-31,18072100000,2024-05-20,Liabilities,2026-08-25
BEN,netIncome,2024-03-31,124200000,2024-05-20,NetIncomeLoss,2026-08-25
BEN,operatingIncome,2024-03-31,129300000,2024-05-20,OperatingIncomeLoss,2026-08-25
BEN,revenue,2024-03-31,2152800000,2024-05-20,RevenueFromContractWithCustomerExcludingAssessedTax,2026-08-25
BEN,shares,2024-03-31,526185104,2024-05-20,CommonStockSharesOutstanding,2026-08-25
BF-B,assets,2024-01-31,8237000000,2024-04-25,Assets,2026-08-25
BF-B,cash,2024-01-31,589000000,2024-04-25,CashAndCashEquivalentsAtCarryingValue,2026-08-25
BF-B,debt,2024-01-31,2678000000,2024-04-25,LongTermDebtNoncurrent,2026-08-25
BF-B,equity,2024-01-31,3245000000,2024-04-25,StockholdersEquity,2026-08-25
BF-B,grossProfit,2024-01-31,635000000,2024-04-25,GrossProfit,2026-08-25
BF-B,inventory,2024-01-31,2529000000,2024-04-25,InventoryNet,2026-08-25
BF-B,liabilities,2024-01-31,4992000000,2024-04-25,Liabilities,2026-08-25
BF-B,netIncome,2024-01-31,285000000,2024-04-25,NetIncomeLoss,2026-08-25
BF-B,operatingIncome,2024-01-31,373000000,2024-04-25,OperatingIncomeLoss,2026-08-25
BF-B,receivables,2024-01-31,878000000,2024-04-25,AccountsReceivableNetCurrent,2026-08-25
BF-B,revenue,2024-01-31,1069000000,2024-04-25,RevenueFromContractWithCustomerExcludingAssessedTax,2026-08-25
BG,assets,2024-03-31,25821000000,2024-05-20,Assets,2026-08-25
BG,capex,2024-03-31,236000000,2024-05-20,PaymentsToAcquirePropertyPlantAndEquipment,2026-08-25
BG,cash,2024-03-31,2939000000,2024-05-20,CashAndCashEquivalentsAtCarryingValue,2026-08-25
BG,debt,2024-03-31,4079000000,2024-05-20,LongTermDebtNoncurrent,2026-08-25
BG,equity,2024-03-31,10551000000,2024-05-20,StockholdersEquity,2026-08-25
BG,grossProfit,2024-03-31,876000000,2024-05-20,GrossProfit,2026-08-25
BG,inventory,2024-03-31,7505000000,2024-05-20,InventoryNet,2026-08-25
BG,netIncome,2024-03-31,244000000,2024-05-20,NetIncomeLoss,2026-08-25
BG,operatingCashFlow,2024-03-31,994000000,2024-05-20,NetCashProvidedByUsedInOperatingActivities,2026-08-25
BG,receivables,2024-03-31,2285000000,2024-05-20,AccountsReceivableNetCurrent,2026-08-25
BG,revenue,2024-03-31,13417000000,2024-05-20,Revenues,2026-08-25
BIIB,assets,2024-03-31,26567600000,2024-05-20,Assets,2026-08-25
BIIB,capex,2024-03-31,45900000,2024-05-20,PaymentsToAcquirePropertyPlantAndEquipment,2026-08-25
BIIB,debt,2024-03-31,6290100000,2024-05-20,LongTermDebt,2026-08-25
BIIB,inventory,2024-03-31,2516800000,2024-05-20,InventoryNet,2026-08-25
BIIB,liabilities,2024-03-31,11354600000,2024-05-20,Liabilities,2026-08-25
BIIB,netIncome,2024-03-31,393400000,2024-05-20,NetIncomeLoss,2026-08-25
BIIB,operatingCashFlow,2024-03-31,553200000,2024-05-20,NetCashProvidedByUsedInOperatingActivities,2026-08-25
BIIB,revenue,2024-03-31,2290500000,2024-05-20,Revenues,2026-08-25
BKNG,assets,2024-03-31,27728000000,2024-05-20,Assets,2026-08-25
BKNG,buybacks,2024-03-31,1856000000,2024-05-20,PaymentsForRepurchaseOfCommonStock,2026-08-25
BKNG,capex,2024-03-31,130000000,2024-05-20,PaymentsToAcquirePropertyPlantAndEquipment,2026-08-25
BKNG,cash,2024-03-31,15629000000,2024-05-20,CashAndCashEquivalentsAtCarryingValue,2026-08-25
BKNG,debt,2024-03-31,13438000000,2024-05-20,LongTermDebtNoncurrent,2026-08-25
BKNG,equity,2024-03-31,-4052000000,2024-05-20,StockholdersEquity,2026-08-25
BKNG,liabilities,2024-03-31,31780000000,2024-05-20,Liabilities,2026-08-25
BKNG,operatingCashFlow,2024-03-31,2704000000,2024-05-20,NetCashProvidedByUsedInOperatingActivities,2026-08-25
BKNG,operatingIncome,2024-03-31,791000000,2024-05-20,OperatingIncomeLoss,2026-08-25
BKNG,revenue,2024-03-31,4415000000,2024-05-20,Revenues,2026-08-25
BKR,assets,2024-03-31,37141000000,2024-05-20,Assets,2026-08-25
BKR,buybacks,2024-03-31,158000000,2024-05-20,PaymentsForRepurchaseOfCommonStock,2026-08-25
BKR,capex,2024-03-31,333000000,2024-05-20,PaymentsToAcquireProductiveAssets,2026-08-25
BKR,equity,2024-03-31,15391000000,2024-05-20,StockholdersEquity,2026-08-25
BKR,inventory,2024-03-31,5339000000,2024-05-20,InventoryNet,2026-08-25
BKR,netIncome,2024-03-31,455000000,2024-05-20,NetIncomeLoss,2026-08-25
BKR,operatingCashFlow,2024-03-31,784000000,2024-05-20,NetCashProvidedByUsedInOperatingActivities,2026-08-25
BKR,operatingIncome,2024-03-31,653000000,2024-05-20,OperatingIncomeLoss,2026-08-25
BKR,revenue,2024-03-31,6418000000,2024-05-20,RevenueFromContractWithCustomerExcludingAssessedTax,2026-08-25
BKR,rnd,2024-03-31,164000000,2024-05-20,ResearchAndDevelopmentExpense,2026-08-25
BLDR,assets,2024-03-31,11168443000,2024-05-20,Assets,2026-08-25
BLDR,buybacks,2024-03-31,16801000,2024-05-20,PaymentsForRepurchaseOfCommonStock,2026-08-25
BLDR,capex,2024-03-31,93212000,2024-05-20,PaymentsToAcquirePropertyPlantAndEquipment,2026-08-25
BLDR,cash,2024-03-31,697475000,2024-05-20,CashAndCashEquivalentsAtCarryingValue,2026-08-25
BLDR,equity,2024-03-31,4956708000,2024-05-20,StockholdersEquity,2026-08-25
BLDR,equityStakes,2024-03-31,2686000,2024-05-20,PaymentsToAcquireEquityMethodInvestments,2026-08-25
BLDR,grossProfit,2024-03-31,1299854000,2024-05-20,GrossProfit,2026-08-25
BLDR,inventory,2024-03-31,1356907000,2024-05-20,InventoryNet,2026-08-25
BLDR,liabilities,2024-03-31,6211735000,2024-05-20,Liabilities,2026-08-25
BLDR,netIncome,2024-03-31,258781000,2024-05-20,NetIncomeLoss,2026-08-25
BLDR,operatingCashFlow,2024-03-31,317187000,2024-05-20,NetCashProvidedByUsedInOperatingActivities,2026-08-25
BLDR,operatingIncome,2024-03-31,373597000,2024-05-20,OperatingIncomeLoss,2026-08-25
BLDR,receivables,2024-03-31,1394667000,2024-05-20,AccountsReceivableNetCurrent,2026-08-25
BLDR,revenue,2024-03-31,3891352000,2024-05-20,RevenueFromContractWithCustomerExcludingAssessedTax,2026-08-25
BLDR,shares,2024-03-31,122049000,2024-05-20,CommonStockSharesOutstanding,2026-08-25
BLK,buybacks,2024-03-31,634000000,2024-05-20,PaymentsForRepurchaseOfCommonStock,2026-08-25
BLK,capex,2024-03-31,64000000,2024-05-20,PaymentsToAcquirePropertyPlantAndEquipment,2026-08-25
BLK,netIncome,2024-03-31,1573000000,2024-05-20,NetIncomeLoss,2026-08-25
BLK,operatingCashFlow,2024-03-31,-408000000,2024-05-20,NetCashProvidedByUsedInOperatingActivities,2026-08-25
BLK,operatingIncome,2024-03-31,1693000000,2024-05-20,OperatingIncomeLoss,2026-08-25
BLK,revenue,2024-03-31,4728000000,2024-05-20,RevenueFromContractWithCustomerExcludingAssessedTax,2026-08-25
BMY,assets,2024-03-31,99031000000,2024-05-20,Assets,2026-08-25
BMY,buybacks,2024-03-31,0,2024-05-20,PaymentsForRepurchaseOfCommonStock,2026-08-25
BMY,capex,2024-03-31,284000000,2024-05-20,PaymentsToAcquirePropertyPlantAndEquipment,2026-08-25
BMY,cash,2024-03-31,9330000000,2024-05-20,CashAndCashEquivalentsAtCarryingValue,2026-08-25
BMY,debt,2024-03-31,49487000000,2024-05-20,LongTermDebtNoncurrent,2026-08-25
BMY,equity,2024-03-31,16490000000,2024-05-20,StockholdersEquity,2026-08-25
BMY,inventory,2024-03-31,2985000000,2024-05-20,InventoryNet,2026-08-25
BMY,liabilities,2024-03-31,82483000000,2024-05-20,Liabilities,2026-08-25
BMY,netIncome,2024-03-31,-11911000000,2024-05-20,NetIncomeLoss,2026-08-25
BMY,operatingCashFlow,2024-03-31,2834000000,2024-05-20,NetCashProvidedByUsedInOperatingActivities,2026-08-25
BMY,receivables,2024-03-31,8826000000,2024-05-20,AccountsReceivableNetCurrent,2026-08-25
BMY,revenue,2024-03-31,11865000000,2024-05-20,Revenues,2026-08-25
BMY,rnd,2024-03-31,2695000000,2024-05-20,ResearchAndDevelopmentExpense,2026-08-25
BNY,assets,2024-03-31,434728000000,2024-05-20,Assets,2026-08-25
BNY,buybacks,2024-03-31,988000000,2024-05-20,PaymentsForRepurchaseOfCommonStock,2026-08-25
BNY,capex,2024-03-31,299000000,2024-05-20,PaymentsToAcquirePropertyPlantAndEquipment,2026-08-25
BNY,cash,2024-03-31,5305000000,2024-05-20,CashAndCashEquivalentsAtCarryingValue,2026-08-25
BNY,debt,2024-03-31,32396000000,2024-05-20,LongTermDebt,2026-08-25
BNY,equity,2024-03-31,40569000000,2024-05-20,StockholdersEquity,2026-08-25
BNY,liabilities,2024-03-31,393966000000,2024-05-20,Liabilities,2026-08-25
BNY,netIncome,2024-03-31,1025000000,2024-05-20,NetIncomeLoss,2026-08-25
BNY,operatingCashFlow,2024-03-31,-2680000000,2024-05-20,NetCashProvidedByUsedInOperatingActivities,2026-08-25
BR,assets,2024-03-31,8215400000,2024-05-20,Assets,2026-08-25
BR,cash,2024-03-31,235600000,2024-05-20,CashAndCashEquivalentsAtCarryingValue,2026-08-25
BR,debt,2024-03-31,3513900000,2024-05-20,LongTermDebtNoncurrent,2026-08-25
BR,equity,2024-03-31,2267200000,2024-05-20,StockholdersEquity,2026-08-25
BR,liabilities,2024-03-31,5948200000,2024-05-20,Liabilities,2026-08-25
BR,netIncome,2024-03-31,213700000,2024-05-20,NetIncomeLoss,2026-08-25
BR,operatingIncome,2024-03-31,302900000,2024-05-20,OperatingIncomeLoss,2026-08-25
BR,revenue,2024-03-31,1726500000,2024-05-20,RevenueFromContractWithCustomerExcludingAssessedTax,2026-08-25
BR,shares,2024-03-31,118000000,2024-05-20,CommonStockSharesOutstanding,2026-08-25
BRK-B,assets,2024-03-31,1070035000000,2024-05-20,Assets,2026-08-25
BRK-B,buybacks,2024-03-31,2562000000,2024-05-20,PaymentsForRepurchaseOfCommonStock,2026-08-25
BRK-B,capex,2024-03-31,4393000000,2024-05-20,PaymentsToAcquirePropertyPlantAndEquipment,2026-08-25
BRK-B,equity,2024-03-31,571490000000,2024-05-20,StockholdersEquity,2026-08-25
BRK-B,inventory,2024-03-31,23670000000,2024-05-20,InventoryNet,2026-08-25
BRK-B,liabilities,2024-03-31,492250000000,2024-05-20,Liabilities,2026-08-25
BRK-B,netIncome,2024-03-31,12702000000,2024-05-20,NetIncomeLoss,2026-08-25
BRK-B,operatingCashFlow,2024-03-31,10566000000,2024-05-20,NetCashProvidedByUsedInOperatingActivities,2026-08-25
BRK-B,revenue,2024-03-31,89869000000,2024-05-20,Revenues,2026-08-25
BRO,assets,2024-03-31,14806000000,2024-05-20,Assets,2026-08-25
BRO,capex,2024-03-31,13000000,2024-05-20,PaymentsToAcquirePropertyPlantAndEquipment,2026-08-25
BRO,cash,2024-03-31,581000000,2024-05-20,CashAndCashEquivalentsAtCarryingValue,2026-08-25
BRO,debt,2024-03-31,3009000000,2024-05-20,LongTermDebtNoncurrent,2026-08-25
BRO,netIncome,2024-03-31,293000000,2024-05-20,NetIncomeLoss,2026-08-25
BRO,operatingCashFlow,2024-03-31,13000000,2024-05-20,NetCashProvidedByUsedInOperatingActivities,2026-08-25
BRO,revenue,2024-03-31,1258000000,2024-05-20,Revenues,2026-08-25
BRO,shares,2024-03-31,285000000,2024-05-20,CommonStockSharesOutstanding,2026-08-25
BSX,assets,2024-03-31,36669000000,2024-05-20,Assets,2026-08-25
BSX,capex,2024-03-31,179000000,2024-05-20,PaymentsToAcquirePropertyPlantAndEquipment,2026-08-25
BSX,cash,2024-03-31,2329000000,2024-05-20,CashAndCashEquivalentsAtCarryingValue,2026-08-25
BSX,equity,2024-03-31,19926000000,2024-05-20,StockholdersEquity,2026-08-25
BSX,grossProfit,2024-03-31,2648000000,2024-05-20,GrossProfit,2026-08-25
BSX,inventory,2024-03-31,2561000000,2024-05-20,InventoryNet,2026-08-25
BSX,operatingCashFlow,2024-03-31,164000000,2024-05-20,NetCashProvidedByUsedInOperatingActivities,2026-08-25
BSX,operatingIncome,2024-03-31,675000000,2024-05-20,OperatingIncomeLoss,2026-08-25
BSX,revenue,2024-03-31,3856000000,2024-05-20,RevenueFromContractWithCustomerExcludingAssessedTax,2026-08-25
BX,assets,2024-03-31,39706302000,2024-05-20,Assets,2026-08-25
BX,capex,2024-03-31,17756000,2024-05-20,PaymentsToAcquirePropertyPlantAndEquipment,2026-08-25
BX,cash,2024-03-31,2504471000,2024-05-20,CashAndCashEquivalentsAtCarryingValue,2026-08-25
BX,debt,2024-03-31,10878081000,2024-05-20,LongTermDebt,2026-08-25
BX,equity,2024-03-31,6955068000,2024-05-20,StockholdersEquity,2026-08-25
BX,liabilities,2024-03-31,21228868000,2024-05-20,Liabilities,2026-08-25
BX,netIncome,2024-03-31,847386000,2024-05-20,NetIncomeLoss,2026-08-25
BX,operatingCashFlow,2024-03-31,939846000,2024-05-20,NetCashProvidedByUsedInOperatingActivities,2026-08-25
BX,revenue,2024-03-31,3687828000,2024-05-20,Revenues,2026-08-25
BX,shares,2024-03-31,722263433,2024-05-20,CommonStockSharesOutstanding,2026-08-25
BXP,assets,2024-03-31,25525978000,2024-05-20,Assets,2026-08-25
BXP,cash,2024-03-31,701695000,2024-05-20,CashAndCashEquivalentsAtCarryingValue,2026-08-25
BXP,equity,2024-03-31,5857699000,2024-05-20,StockholdersEquity,2026-08-25
BXP,equityStakes,2024-03-31,26457000,2024-05-20,PaymentsToAcquireEquityMethodInvestments,2026-08-25
BXP,grossProfit,2024-03-31,508820000,2024-05-20,GrossProfit,2026-08-25
BXP,liabilities,2024-03-31,17240265000,2024-05-20,Liabilities,2026-08-25
BXP,netIncome,2024-03-31,79883000,2024-05-20,NetIncomeLoss,2026-08-25
BXP,operatingCashFlow,2024-03-31,197595000,2024-05-20,NetCashProvidedByUsedInOperatingActivities,2026-08-25
BXP,revenue,2024-03-31,839439000,2024-05-20,Revenues,2026-08-25
BXP,shares,2024-03-31,157049171,2024-05-20,CommonStockSharesOutstanding,2026-08-25
C,assets,2024-03-31,2432510000000,2024-05-20,Assets,2026-08-25
C,buybacks,2024-03-31,413000000,2024-05-20,PaymentsForRepurchaseOfCommonStock,2026-08-25
C,capex,2024-03-31,1607000000,2024-05-20,PaymentsToAcquirePropertyPlantAndEquipment,2026-08-25
C,debt,2024-03-31,285495000000,2024-05-20,LongTermDebt,2026-08-25
C,equity,2024-03-31,206585000000,2024-05-20,StockholdersEquity,2026-08-25
C,liabilities,2024-03-31,2225112000000,2024-05-20,Liabilities,2026-08-25
C,netIncome,2024-03-31,3371000000,2024-05-20,NetIncomeLoss,2026-08-25
C,operatingCashFlow,2024-03-31,-10831000000,2024-05-20,NetCashProvidedByUsedInOperatingActivities,2026-08-25
C,revenue,2024-03-31,21016000000,2024-05-20,Revenues,2026-08-25
CAH,assets,2024-03-31,45880000000,2024-05-20,Assets,2026-08-25
CAH,cash,2024-03-31,3718000000,2024-05-20,CashAndCashEquivalentsAtCarryingValue,2026-08-25
CAH,equity,2024-03-31,-3265000000,2024-05-20,StockholdersEquity,2026-08-25
CAH,grossProfit,2024-03-31,1935000000,2024-05-20,GrossProfit,2026-08-25
CAH,inventory,2024-03-31,17277000000,2024-05-20,InventoryNet,2026-08-25
CAH,netIncome,2024-03-31,261000000,2024-05-20,NetIncomeLoss,2026-08-25
CAH,operatingIncome,2024-03-31,369000000,2024-05-20,OperatingIncomeLoss,2026-08-25
CAH,revenue,2024-03-31,54868000000,2024-05-20,Revenues,2026-08-25
CARR,assets,2024-03-31,40810000000,2024-05-20,Assets,2026-08-25
CARR,buybacks,2024-03-31,0,2024-05-20,PaymentsForRepurchaseOfCommonStock,2026-08-25
CARR,capex,2024-03-31,102000000,2024-05-20,PaymentsToAcquireProductiveAssets,2026-08-25
CARR,cash,2024-03-31,1180000000,2024-05-20,CashAndCashEquivalentsAtCarryingValue,2026-08-25
CARR,debt,2024-03-31,15647000000,2024-05-20,LongTermDebtNoncurrent,2026-08-25
CARR,inventory,2024-03-31,3189000000,2024-05-20,InventoryNet,2026-08-25
CARR,liabilities,2024-03-31,28904000000,2024-05-20,Liabilities,2026-08-25
CARR,netIncome,2024-03-31,269000000,2024-05-20,NetIncomeLoss,2026-08-25
CARR,operatingCashFlow,2024-03-31,40000000,2024-05-20,NetCashProvidedByUsedInOperatingActivities,2026-08-25
CARR,operatingIncome,2024-03-31,385000000,2024-05-20,OperatingIncomeLoss,2026-08-25
CARR,revenue,2024-03-31,5420000000,2024-05-20,RevenueFromContractWithCustomerExcludingAssessedTax,2026-08-25
CARR,rnd,2024-03-31,192000000,2024-05-20,ResearchAndDevelopmentExpense,2026-08-25
CASY,assets,2024-01-31,6207014000,2024-04-25,Assets,2026-08-25
CASY,cash,2024-01-31,177881000,2024-04-25,CashAndCashEquivalentsAtCarryingValue,2026-08-25
CASY,debt,2024-01-31,1583613000,2024-04-25,LongTermDebtNoncurrent,2026-08-25
CASY,equity,2024-01-31,2947461000,2024-04-25,StockholdersEquity,2026-08-25
CASY,inventory,2024-01-31,414721000,2024-04-25,InventoryNet,2026-08-25
CASY,liabilities,2024-01-31,3259553000,2024-04-25,Liabilities,2026-08-25
CASY,netIncome,2024-01-31,86933000,2024-04-25,NetIncomeLoss,2026-08-25
CASY,revenue,2024-01-31,3329247000,2024-04-25,Revenues,2026-08-25
CAT,assets,2024-03-31,83741000000,2024-05-20,Assets,2026-08-25
CAT,buybacks,2024-03-31,4455000000,2024-05-20,PaymentsForRepurchaseOfCommonStock,2026-08-25
CAT,capex,2024-03-31,500000000,2024-05-20,PaymentsToAcquirePropertyPlantAndEquipment,2026-08-25
CAT,cash,2024-03-31,4959000000,2024-05-20,CashAndCashEquivalentsAtCarryingValue,2026-08-25
CAT,inventory,2024-03-31,16953000000,2024-05-20,InventoryNet,2026-08-25
CAT,liabilities,2024-03-31,66096000000,2024-05-20,Liabilities,2026-08-25
CAT,operatingCashFlow,2024-03-31,2052000000,2024-05-20,NetCashProvidedByUsedInOperatingActivities,2026-08-25
CAT,operatingIncome,2024-03-31,3519000000,2024-05-20,OperatingIncomeLoss,2026-08-25
CAT,receivables,2024-03-31,9296000000,2024-05-20,AccountsReceivableNetCurrent,2026-08-25
CAT,revenue,2024-03-31,15799000000,2024-05-20,Revenues,2026-08-25
CAT,rnd,2024-03-31,520000000,2024-05-20,ResearchAndDevelopmentExpense,2026-08-25
CAT,shares,2024-03-31,489300000,2024-05-20,CommonStockSharesOutstanding,2026-08-25
CB,assets,2024-03-31,234867000000,2024-05-20,Assets,2026-08-25
CB,buybacks,2024-03-31,404000000,2024-05-20,PaymentsForRepurchaseOfCommonStock,2026-08-25
CB,debt,2024-03-31,13248000000,2024-05-20,LongTermDebt,2026-08-25
CB,equity,2024-03-31,60535000000,2024-05-20,StockholdersEquity,2026-08-25
CB,liabilities,2024-03-31,170436000000,2024-05-20,Liabilities,2026-08-25
CB,netIncome,2024-03-31,2143000000,2024-05-20,NetIncomeLoss,2026-08-25
CB,operatingCashFlow,2024-03-31,3220000000,2024-05-20,NetCashProvidedByUsedInOperatingActivities,2026-08-25
CB,revenue,2024-03-31,12894000000,2024-05-20,Revenues,2026-08-25
CB,shares,2024-03-31,406033066,2024-05-20,CommonStockSharesOutstanding,2026-08-25
CBOE,assets,2024-03-31,8152100000,2024-05-20,Assets,2026-08-25
CBOE,buybacks,2024-03-31,76600000,2024-05-20,PaymentsForRepurchaseOfCommonStock,2026-08-25
CBOE,capex,2024-03-31,7300000,2024-05-20,PaymentsToAcquirePropertyPlantAndEquipment,2026-08-25
CBOE,cash,2024-03-31,536300000,2024-05-20,CashAndCashEquivalentsAtCarryingValue,2026-08-25
CBOE,debt,2024-03-31,1439600000,2024-05-20,LongTermDebtNoncurrent,2026-08-25
CBOE,equity,2024-03-31,4024100000,2024-05-20,StockholdersEquity,2026-08-25
CBOE,grossProfit,2024-03-31,502100000,2024-05-20,GrossProfit,2026-08-25
CBOE,liabilities,2024-03-31,4128000000,2024-05-20,Liabilities,2026-08-25
CBOE,netIncome,2024-03-31,209500000,2024-05-20,NetIncomeLoss,2026-08-25
CBOE,operatingCashFlow,2024-03-31,895600000,2024-05-20,NetCashProvidedByUsedInOperatingActivities,2026-08-25
CBOE,operatingIncome,2024-03-31,282400000,2024-05-20,OperatingIncomeLoss,2026-08-25
CBOE,receivables,2024-03-31,370200000,2024-05-20,AccountsReceivableNetCurrent,2026-08-25
CBOE,shares,2024-03-31,105341315,2024-05-20,CommonStockSharesOutstanding,2026-08-25
CBRE,assets,2024-03-31,22964000000,2024-05-20,Assets,2026-08-25
CBRE,buybacks,2024-03-31,0,2024-05-20,PaymentsForRepurchaseOfCommonStock,2026-08-25
CBRE,capex,2024-03-31,68000000,2024-05-20,PaymentsToAcquireProductiveAssets,2026-08-25
CBRE,cash,2024-03-31,1044000000,2024-05-20,CashAndCashEquivalentsAtCarryingValue,2026-08-25
CBRE,debt,2024-03-31,3282000000,2024-05-20,LongTermDebtNoncurrent,2026-08-25
CBRE,equity,2024-03-31,8261000000,2024-05-20,StockholdersEquity,2026-08-25
CBRE,liabilities,2024-03-31,13865000000,2024-05-20,Liabilities,2026-08-25
CBRE,netIncome,2024-03-31,126000000,2024-05-20,NetIncomeLoss,2026-08-25
CBRE,operatingCashFlow,2024-03-31,-492000000,2024-05-20,NetCashProvidedByUsedInOperatingActivities,2026-08-25
CBRE,operatingIncome,2024-03-31,204000000,2024-05-20,OperatingIncomeLoss,2026-08-25
CBRE,receivables,2024-03-31,6172000000,2024-05-20,AccountsReceivableNetCurrent,2026-08-25
CBRE,revenue,2024-03-31,7935000000,2024-05-20,Revenues,2026-08-25
CBRE,shares,2024-03-31,306949267,2024-05-20,CommonStockSharesOutstanding,2026-08-25
CCI,assets,2024-03-31,38231000000,2024-05-20,Assets,2026-08-25
CCI,buybacks,2024-03-31,27000000,2024-05-20,PaymentsForRepurchaseOfCommonStock,2026-08-25
CCI,capex,2024-03-31,47000000,2024-05-20,PaymentsToAcquireProductiveAssets,2026-08-25
CCI,cash,2024-03-31,125000000,2024-05-20,CashAndCashEquivalentsAtCarryingValue,2026-08-25
CCI,liabilities,2024-03-31,32183000000,2024-05-20,Liabilities,2026-08-25
CCI,netIncome,2024-03-31,311000000,2024-05-20,NetIncomeLoss,2026-08-25
CCI,operatingCashFlow,2024-03-31,599000000,2024-05-20,NetCashProvidedByUsedInOperatingActivities,2026-08-25
CCI,operatingIncome,2024-03-31,520000000,2024-05-20,OperatingIncomeLoss,2026-08-25
CCI,receivables,2024-03-31,380000000,2024-05-20,AccountsReceivableNetCurrent,2026-08-25
CCI,revenue,2024-03-31,1114000000,2024-05-20,Revenues,2026-08-25
CCI,shares,2024-03-31,435000000,2024-05-20,CommonStockSharesOutstanding,2026-08-25
CCL,assets,2024-02-29,49761000000,2024-04-19,Assets,2026-08-25
CCL,capex,2024-02-29,2138000000,2024-04-19,PaymentsToAcquirePropertyPlantAndEquipment,2026-08-25
CCL,cash,2024-02-29,2242000000,2024-04-19,CashAndCashEquivalentsAtCarryingValue,2026-08-25
CCL,debt,2024-02-29,28544000000,2024-04-19,LongTermDebtNoncurrent,2026-08-25
CCL,equity,2024-02-29,6682000000,2024-04-19,StockholdersEquity,2026-08-25
CCL,inventory,2024-02-29,531000000,2024-04-19,InventoryNet,2026-08-25
CCL,netIncome,2024-02-29,-214000000,2024-04-19,NetIncomeLoss,2026-08-25
CCL,operatingCashFlow,2024-02-29,1768000000,2024-04-19,NetCashProvidedByUsedInOperatingActivities,2026-08-25
CCL,operatingIncome,2024-02-29,276000000,2024-04-19,OperatingIncomeLoss,2026-08-25
CCL,revenue,2024-02-29,5406000000,2024-04-19,RevenueFromContractWithCustomerExcludingAssessedTax,2026-08-25
CDNS,assets,2024-03-31,5722130000,2024-05-20,Assets,2026-08-25
CDNS,buybacks,2024-03-31,125006000,2024-05-20,PaymentsForRepurchaseOfCommonStock,2026-08-25
CDNS,capex,2024-03-31,49601000,2024-05-20,PaymentsToAcquirePropertyPlantAndEquipment,2026-08-25
CDNS,cash,2024-03-31,1012418000,2024-05-20,CashAndCashEquivalentsAtCarryingValue,2026-08-25
CDNS,equity,2024-03-31,3567596000,2024-05-20,StockholdersEquity,2026-08-25
CDNS,inventory,2024-03-31,185784000,2024-05-20,InventoryNet,2026-08-25
CDNS,netIncome,2024-03-31,247643000,2024-05-20,NetIncomeLoss,2026-08-25
CDNS,operatingCashFlow,2024-03-31,253232000,2024-05-20,NetCashProvidedByUsedInOperatingActivities,2026-08-25
CDNS,operatingIncome,2024-03-31,249956000,2024-05-20,OperatingIncomeLoss,2026-08-25
CDNS,revenue,2024-03-31,1009103000,2024-05-20,RevenueFromContractWithCustomerExcludingAssessedTax,2026-08-25
CDNS,rnd,2024-03-31,378958000,2024-05-20,ResearchAndDevelopmentExpense,2026-08-25
CDW,assets,2024-03-31,13192800000,2024-05-20,Assets,2026-08-25
CDW,buybacks,2024-03-31,52100000,2024-05-20,PaymentsForRepurchaseOfCommonStock,2026-08-25
CDW,capex,2024-03-31,29500000,2024-05-20,PaymentsToAcquirePropertyPlantAndEquipment,2026-08-25
CDW,cash,2024-03-31,803800000,2024-05-20,CashAndCashEquivalentsAtCarryingValue,2026-08-25
CDW,debt,2024-03-31,5027600000,2024-05-20,LongTermDebtNoncurrent,2026-08-25
CDW,equity,2024-03-31,2138700000,2024-05-20,StockholdersEquity,2026-08-25
CDW,grossProfit,2024-03-31,1063300000,2024-05-20,GrossProfit,2026-08-25
CDW,inventory,2024-03-31,670800000,2024-05-20,InventoryNet,2026-08-25
CDW,netIncome,2024-03-31,216100000,2024-05-20,NetIncomeLoss,2026-08-25
CDW,operatingCashFlow,2024-03-31,440000000,2024-05-20,NetCashProvidedByUsedInOperatingActivities,2026-08-25
CDW,operatingIncome,2024-03-31,328000000,2024-05-20,OperatingIncomeLoss,2026-08-25
CDW,receivables,2024-03-31,4310400000,2024-05-20,AccountsReceivableNetCurrent,2026-08-25
CDW,revenue,2024-03-31,4872700000,2024-05-20,RevenueFromContractWithCustomerExcludingAssessedTax,2026-08-25
CDW,shares,2024-03-31,134400000,2024-05-20,CommonStockSharesOutstanding,2026-08-25
CEG,assets,2024-03-31,52014000000,2024-05-20,Assets,2026-08-25
CEG,buybacks,2024-03-31,499000000,2024-05-20,PaymentsForRepurchaseOfCommonStock,2026-08-25
CEG,capex,2024-03-31,738000000,2024-05-20,PaymentsToAcquirePropertyPlantAndEquipment,2026-08-25
CEG,cash,2024-03-31,562000000,2024-05-20,CashAndCashEquivalentsAtCarryingValue,2026-08-25
CEG,debt,2024-03-31,8352000000,2024-05-20,LongTermDebtNoncurrent,2026-08-25
CEG,equity,2024-03-31,11199000000,2024-05-20,StockholdersEquity,2026-08-25
CEG,liabilities,2024-03-31,40454000000,2024-05-20,Liabilities,2026-08-25
CEG,netIncome,2024-03-31,883000000,2024-05-20,NetIncomeLoss,2026-08-25
CEG,operatingCashFlow,2024-03-31,-723000000,2024-05-20,NetCashProvidedByUsedInOperatingActivities,2026-08-25
CEG,operatingIncome,2024-03-31,813000000,2024-05-20,OperatingIncomeLoss,2026-08-25
CEG,receivables,2024-03-31,1855000000,2024-05-20,AccountsReceivableNetCurrent,2026-08-25
CEG,revenue,2024-03-31,6161000000,2024-05-20,Revenues,2026-08-25
CEG,shares,2024-03-31,315000000,2024-05-20,CommonStockSharesOutstanding,2026-08-25
CF,assets,2024-03-31,13861000000,2024-05-20,Assets,2026-08-25
CF,buybacks,2024-03-31,339000000,2024-05-20,PaymentsForRepurchaseOfCommonStock,2026-08-25
CF,capex,2024-03-31,98000000,2024-05-20,PaymentsToAcquirePropertyPlantAndEquipment,2026-08-25
CF,debt,2024-03-31,2969000000,2024-05-20,LongTermDebtNoncurrent,2026-08-25
CF,equity,2024-03-31,5440000000,2024-05-20,StockholdersEquity,2026-08-25
CF,grossProfit,2024-03-31,409000000,2024-05-20,GrossProfit,2026-08-25
CF,inventory,2024-03-31,271000000,2024-05-20,InventoryNet,2026-08-25
CF,operatingCashFlow,2024-03-31,445000000,2024-05-20,NetCashProvidedByUsedInOperatingActivities,2026-08-25
CF,operatingIncome,2024-03-31,303000000,2024-05-20,OperatingIncomeLoss,2026-08-25
CF,receivables,2024-03-31,535000000,2024-05-20,AccountsReceivableNetCurrent,2026-08-25
CF,revenue,2024-03-31,1470000000,2024-05-20,Revenues,2026-08-25
CFG,assets,2024-03-31,220448000000,2024-05-20,Assets,2026-08-25
CFG,buybacks,2024-03-31,300000000,2024-05-20,PaymentsForRepurchaseOfCommonStock,2026-08-25
CFG,debt,2024-03-31,13804000000,2024-05-20,LongTermDebt,2026-08-25
CFG,equity,2024-03-31,23761000000,2024-05-20,StockholdersEquity,2026-08-25
CFG,liabilities,2024-03-31,196687000000,2024-05-20,Liabilities,2026-08-25
CFG,netIncome,2024-03-31,334000000,2024-05-20,NetIncomeLoss,2026-08-25
CFG,operatingCashFlow,2024-03-31,554000000,2024-05-20,NetCashProvidedByUsedInOperatingActivities,2026-08-25
CFG,revenue,2024-03-31,1959000000,2024-05-20,Revenues,2026-08-25
CFG,shares,2024-03-31,458485032,2024-05-20,CommonStockSharesOutstanding,2026-08-25
CHD,assets,2024-03-31,8561500000,2024-05-20,Assets,2026-08-25
CHD,capex,2024-03-31,46300000,2024-05-20,PaymentsToAcquirePropertyPlantAndEquipment,2026-08-25
CHD,cash,2024-03-31,349700000,2024-05-20,CashAndCashEquivalentsAtCarryingValue,2026-08-25
CHD,debt,2024-03-31,2202800000,2024-05-20,LongTermDebtNoncurrent,2026-08-25
CHD,equity,2024-03-31,4100700000,2024-05-20,StockholdersEquity,2026-08-25
CHD,grossProfit,2024-03-31,687000000,2024-05-20,GrossProfit,2026-08-25
CHD,inventory,2024-03-31,595400000,2024-05-20,InventoryNet,2026-08-25
CHD,liabilities,2024-03-31,4460800000,2024-05-20,Liabilities,2026-08-25
CHD,netIncome,2024-03-31,227700000,2024-05-20,NetIncomeLoss,2026-08-25
CHD,operatingCashFlow,2024-03-31,263000000,2024-05-20,NetCashProvidedByUsedInOperatingActivities,2026-08-25
CHD,operatingIncome,2024-03-31,305000000,2024-05-20,OperatingIncomeLoss,2026-08-25
CHD,receivables,2024-03-31,545400000,2024-05-20,AccountsReceivableNetCurrent,2026-08-25
CHD,revenue,2024-03-31,1503300000,2024-05-20,RevenueFromContractWithCustomerExcludingAssessedTax,2026-08-25
CHD,rnd,2024-03-31,30100000,2024-05-20,ResearchAndDevelopmentExpense,2026-08-25
CHRW,assets,2024-03-31,5472088000,2024-05-20,Assets,2026-08-25
CHRW,buybacks,2024-03-31,0,2024-05-20,PaymentsForRepurchaseOfCommonStock,2026-08-25
CHRW,capex,2024-03-31,8620000,2024-05-20,PaymentsToAcquirePropertyPlantAndEquipment,2026-08-25
CHRW,cash,2024-03-31,121838000,2024-05-20,CashAndCashEquivalentsAtCarryingValue,2026-08-25
CHRW,debt,2024-03-31,1420776000,2024-05-20,LongTermDebtNoncurrent,2026-08-25
CHRW,equity,2024-03-31,1429994000,2024-05-20,StockholdersEquity,2026-08-25
CHRW,liabilities,2024-03-31,4042094000,2024-05-20,Liabilities,2026-08-25
CHRW,netIncome,2024-03-31,92904000,2024-05-20,NetIncomeLoss,2026-08-25
CHRW,operatingCashFlow,2024-03-31,-33323000,2024-05-20,NetCashProvidedByUsedInOperatingActivities,2026-08-25
CHRW,operatingIncome,2024-03-31,127133000,2024-05-20,OperatingIncomeLoss,2026-08-25
CHRW,revenue,2024-03-31,4412311000,2024-05-20,RevenueFromContractWithCustomerExcludingAssessedTax,2026-08-25
CHRW,shares,2024-03-31,117000000,2024-05-20,CommonStockSharesOutstanding,2026-08-25
CHTR,assets,2024-03-31,148044000000,2024-05-20,Assets,2026-08-25
CHTR,buybacks,2024-03-31,516000000,2024-05-20,PaymentsForRepurchaseOfCommonStock,2026-08-25
CHTR,capex,2024-03-31,2791000000,2024-05-20,PaymentsToAcquirePropertyPlantAndEquipment,2026-08-25
CHTR,cash,2024-03-31,661000000,2024-05-20,CashAndCashEquivalentsAtCarryingValue,2026-08-25
CHTR,debt,2024-03-31,97965000000,2024-05-20,LongTermDebtNoncurrent,2026-08-25
CHTR,equity,2024-03-31,11874000000,2024-05-20,StockholdersEquity,2026-08-25
CHTR,netIncome,2024-03-31,1106000000,2024-05-20,NetIncomeLoss,2026-08-25
CHTR,operatingCashFlow,2024-03-31,3212000000,2024-05-20,NetCashProvidedByUsedInOperatingActivities,2026-08-25
CHTR,operatingIncome,2024-03-31,3131000000,2024-05-20,OperatingIncomeLoss,2026-08-25
CHTR,receivables,2024-03-31,3004000000,2024-05-20,AccountsReceivableNetCurrent,2026-08-25
CHTR,revenue,2024-03-31,13679000000,2024-05-20,Revenues,2026-08-25
CI,assets,2024-03-31,153119000000,2024-05-20,Assets,2026-08-25
CI,buybacks,2024-03-31,4022000000,2024-05-20,PaymentsForRepurchaseOfCommonStock,2026-08-25
CI,cash,2024-03-31,8439000000,2024-05-20,CashAndCashEquivalentsAtCarryingValue,2026-08-25
CI,equity,2024-03-31,41181000000,2024-05-20,StockholdersEquity,2026-08-25
CI,equityStakes,2024-03-31,104000000,2024-05-20,PaymentsToAcquireEquityMethodInvestments,2026-08-25
CI,inventory,2024-03-31,4630000000,2024-05-20,InventoryNet,2026-08-25
CI,liabilities,2024-03-31,111769000000,2024-05-20,Liabilities,2026-08-25
CI,operatingCashFlow,2024-03-31,4840000000,2024-05-20,NetCashProvidedByUsedInOperatingActivities,2026-08-25
CI,operatingIncome,2024-03-31,2256000000,2024-05-20,OperatingIncomeLoss,2026-08-25
CI,revenue,2024-03-31,57255000000,2024-05-20,Revenues,2026-08-25
CIEN,assets,2024-01-27,5593210000,2024-04-21,Assets,2026-08-25
CIEN,buybacks,2024-01-27,38195000,2024-04-21,PaymentsForRepurchaseOfCommonStock,2026-08-25
CIEN,capex,2024-01-27,16599000,2024-04-21,PaymentsToAcquirePropertyPlantAndEquipment,2026-08-25
CIEN,cash,2024-01-27,1264751000,2024-04-21,CashAndCashEquivalentsAtCarryingValue,2026-08-25
CIEN,debt,2024-01-27,1543118000,2024-04-21,LongTermDebtNoncurrent,2026-08-25
CIEN,equity,2024-01-27,2923499000,2024-04-21,StockholdersEquity,2026-08-25
CIEN,grossProfit,2024-01-27,466962000,2024-04-21,GrossProfit,2026-08-25
CIEN,inventory,2024-01-27,984886000,2024-04-21,InventoryNet,2026-08-25
CIEN,liabilities,2024-01-27,2669711000,2024-04-21,Liabilities,2026-08-25
CIEN,netIncome,2024-01-27,49547000,2024-04-21,NetIncomeLoss,2026-08-25
CIEN,operatingCashFlow,2024-01-27,266076000,2024-04-21,NetCashProvidedByUsedInOperatingActivities,2026-08-25
CIEN,operatingIncome,2024-01-27,84629000,2024-04-21,OperatingIncomeLoss,2026-08-25
CIEN,receivables,2024-01-27,865239000,2024-04-21,AccountsReceivableNetCurrent,2026-08-25
CIEN,revenue,2024-01-27,1037709000,2024-04-21,Revenues,2026-08-25
CIEN,rnd,2024-01-27,187269000,2024-04-21,ResearchAndDevelopmentExpense,2026-08-25
CIEN,shares,2024-01-27,144946510,2024-04-21,CommonStockSharesOutstanding,2026-08-25
CINF,assets,2024-03-31,33727000000,2024-05-20,Assets,2026-08-25
CINF,buybacks,2024-03-31,75000000,2024-05-20,PaymentsForRepurchaseOfCommonStock,2026-08-25
CINF,capex,2024-03-31,7000000,2024-05-20,PaymentsToAcquirePropertyPlantAndEquipment,2026-08-25
CINF,cash,2024-03-31,619000000,2024-05-20,CashAndCashEquivalentsAtCarryingValue,2026-08-25
CINF,debt,2024-03-31,790000000,2024-05-20,LongTermDebt,2026-08-25
CINF,equity,2024-03-31,12654000000,2024-05-20,StockholdersEquity,2026-08-25
CINF,liabilities,2024-03-31,21073000000,2024-05-20,Liabilities,2026-08-25
CINF,netIncome,2024-03-31,755000000,2024-05-20,NetIncomeLoss,2026-08-25
CINF,operatingCashFlow,2024-03-31,353000000,2024-05-20,NetCashProvidedByUsedInOperatingActivities,2026-08-25
CINF,revenue,2024-03-31,2935000000,2024-05-20,Revenues,2026-08-25
CL,assets,2024-03-31,16571000000,2024-05-20,Assets,2026-08-25
CL,buybacks,2024-03-31,509000000,2024-05-20,PaymentsForRepurchaseOfCommonStock,2026-08-25
CL,capex,2024-03-31,126000000,2024-05-20,PaymentsToAcquireProductiveAssets,2026-08-25
CL,cash,2024-03-31,1079000000,2024-05-20,CashAndCashEquivalentsAtCarryingValue,2026-08-25
CL,debt,2024-03-31,8151000000,2024-05-20,LongTermDebtNoncurrent,2026-08-25
CL,equity,2024-03-31,230000000,2024-05-20,StockholdersEquity,2026-08-25
CL,grossProfit,2024-03-31,3039000000,2024-05-20,GrossProfit,2026-08-25
CL,inventory,2024-03-31,1914000000,2024-05-20,InventoryNet,2026-08-25
CL,liabilities,2024-03-31,15954000000,2024-05-20,Liabilities,2026-08-25
CL,netIncome,2024-03-31,683000000,2024-05-20,NetIncomeLoss,2026-08-25
CL,operatingCashFlow,2024-03-31,681000000,2024-05-20,NetCashProvidedByUsedInOperatingActivities,2026-08-25
CL,operatingIncome,2024-03-31,1047000000,2024-05-20,OperatingIncomeLoss,2026-08-25
CL,receivables,2024-03-31,1813000000,2024-05-20,AccountsReceivableNetCurrent,2026-08-25
CL,revenue,2024-03-31,5065000000,2024-05-20,RevenueFromContractWithCustomerExcludingAssessedTax,2026-08-25
CLX,assets,2024-03-31,5805000000,2024-05-20,Assets,2026-08-25
CLX,cash,2024-03-31,219000000,2024-05-20,CashAndCashEquivalentsAtCarryingValue,2026-08-25
CLX,debt,2024-03-31,2480000000,2024-05-20,LongTermDebtNoncurrent,2026-08-25
CLX,equity,2024-03-31,91000000,2024-05-20,StockholdersEquity,2026-08-25
CLX,grossProfit,2024-03-31,766000000,2024-05-20,GrossProfit,2026-08-25
CLX,inventory,2024-03-31,674000000,2024-05-20,InventoryNet,2026-08-25
CLX,liabilities,2024-03-31,5550000000,2024-05-20,Liabilities,2026-08-25
CLX,netIncome,2024-03-31,-51000000,2024-05-20,NetIncomeLoss,2026-08-25
CLX,revenue,2024-03-31,1814000000,2024-05-20,RevenueFromContractWithCustomerExcludingAssessedTax,2026-08-25
CLX,rnd,2024-03-31,32000000,2024-05-20,ResearchAndDevelopmentExpense,2026-08-25
CLX,shares,2024-03-31,124186844,2024-05-20,CommonStockSharesOutstanding,2026-08-25
CMCSA,assets,2024-03-31,263601000000,2024-05-20,Assets,2026-08-25
CMCSA,buybacks,2024-03-31,2664000000,2024-05-20,PaymentsForRepurchaseOfCommonStock,2026-08-25
CMCSA,capex,2024-03-31,2630000000,2024-05-20,PaymentsToAcquirePropertyPlantAndEquipment,2026-08-25
CMCSA,cash,2024-03-31,6515000000,2024-05-20,CashAndCashEquivalentsAtCarryingValue,2026-08-25
CMCSA,equity,2024-03-31,82549000000,2024-05-20,StockholdersEquity,2026-08-25
CMCSA,netIncome,2024-03-31,3857000000,2024-05-20,NetIncomeLoss,2026-08-25
CMCSA,operatingCashFlow,2024-03-31,7848000000,2024-05-20,NetCashProvidedByUsedInOperatingActivities,2026-08-25
CMCSA,operatingIncome,2024-03-31,5810000000,2024-05-20,OperatingIncomeLoss,2026-08-25
CMCSA,receivables,2024-03-31,13144000000,2024-05-20,AccountsReceivableNetCurrent,2026-08-25
CMCSA,revenue,2024-03-31,30058000000,2024-05-20,RevenueFromContractWithCustomerExcludingAssessedTax,2026-08-25
CME,assets,2024-03-31,132053700000,2024-05-20,Assets,2026-08-25
CME,capex,2024-03-31,19800000,2024-05-20,PaymentsToAcquirePropertyPlantAndEquipment,2026-08-25
CME,cash,2024-03-31,1436900000,2024-05-20,CashAndCashEquivalentsAtCarryingValue,2026-08-25
CME,equity,2024-03-31,27154200000,2024-05-20,StockholdersEquity,2026-08-25
CME,liabilities,2024-03-31,104899500000,2024-05-20,Liabilities,2026-08-25
CME,operatingCashFlow,2024-03-31,892700000,2024-05-20,NetCashProvidedByUsedInOperatingActivities,2026-08-25
CME,operatingIncome,2024-03-31,959600000,2024-05-20,OperatingIncomeLoss,2026-08-25
CME,receivables,2024-03-31,628200000,2024-05-20,AccountsReceivableNetCurrent,2026-08-25
CME,revenue,2024-03-31,1487900000,2024-05-20,Revenues,2026-08-25
CMG,assets,2024-03-31,8411249000,2024-05-20,Assets,2026-08-25
CMG,buybacks,2024-03-31,27005000,2024-05-20,PaymentsForRepurchaseOfCommonStock,2026-08-25
CMG,capex,2024-03-31,132703000,2024-05-20,PaymentsToAcquirePropertyPlantAndEquipment,2026-08-25
CMG,cash,2024-03-31,727394000,2024-05-20,CashAndCashEquivalentsAtCarryingValue,2026-08-25
CMG,equity,2024-03-31,3361329000,2024-05-20,StockholdersEquity,2026-08-25
CMG,inventory,2024-03-31,37947000,2024-05-20,InventoryNet,2026-08-25
CMG,liabilities,2024-03-31,5049920000,2024-05-20,Liabilities,2026-08-25
CMG,netIncome,2024-03-31,359287000,2024-05-20,NetIncomeLoss,2026-08-25
CMG,operatingCashFlow,2024-03-31,569234000,2024-05-20,NetCashProvidedByUsedInOperatingActivities,2026-08-25
CMG,operatingIncome,2024-03-31,441292000,2024-05-20,OperatingIncomeLoss,2026-08-25
CMG,receivables,2024-03-31,89836000,2024-05-20,AccountsReceivableNetCurrent,2026-08-25
CMG,revenue,2024-03-31,2701848000,2024-05-20,Revenues,2026-08-25
CMI,assets,2024-03-31,31827000000,2024-05-20,Assets,2026-08-25
CMI,capex,2024-03-31,169000000,2024-05-20,PaymentsToAcquirePropertyPlantAndEquipment,2026-08-25
CMI,cash,2024-03-31,2541000000,2024-05-20,CashAndCashEquivalentsAtCarryingValue,2026-08-25
CMI,equity,2024-03-31,9067000000,2024-05-20,StockholdersEquity,2026-08-25
CMI,grossProfit,2024-03-31,2041000000,2024-05-20,GrossProfit,2026-08-25
CMI,inventory,2024-03-31,5758000000,2024-05-20,InventoryNet,2026-08-25
CMI,liabilities,2024-03-31,21726000000,2024-05-20,Liabilities,2026-08-25
CMI,operatingCashFlow,2024-03-31,276000000,2024-05-20,NetCashProvidedByUsedInOperatingActivities,2026-08-25
CMI,operatingIncome,2024-03-31,923000000,2024-05-20,OperatingIncomeLoss,2026-08-25
CMI,revenue,2024-03-31,8403000000,2024-05-20,Revenues,2026-08-25
CMI,rnd,2024-03-31,369000000,2024-05-20,ResearchAndDevelopmentExpense,2026-08-25
CMS,assets,2024-03-31,33901000000,2024-05-20,Assets,2026-08-25
CMS,capex,2024-03-31,613000000,2024-05-20,PaymentsToAcquirePropertyPlantAndEquipment,2026-08-25
CMS,cash,2024-03-31,802000000,2024-05-20,CashAndCashEquivalentsAtCarryingValue,2026-08-25
CMS,debt,2024-03-31,14973000000,2024-05-20,LongTermDebtNoncurrent,2026-08-25
CMS,equity,2024-03-31,7946000000,2024-05-20,StockholdersEquity,2026-08-25
CMS,netIncome,2024-03-31,287000000,2024-05-20,NetIncomeLoss,2026-08-25
CMS,operatingCashFlow,2024-03-31,956000000,2024-05-20,NetCashProvidedByUsedInOperatingActivities,2026-08-25
CMS,operatingIncome,2024-03-31,412000000,2024-05-20,OperatingIncomeLoss,2026-08-25
CMS,revenue,2024-03-31,2176000000,2024-05-20,Revenues,2026-08-25
CMS,shares,2024-03-31,298600000,2024-05-20,CommonStockSharesOutstanding,2026-08-25
CNC,assets,2024-03-31,82624000000,2024-05-20,Assets,2026-08-25
CNC,buybacks,2024-03-31,151000000,2024-05-20,PaymentsForRepurchaseOfCommonStock,2026-08-25
CNC,capex,2024-03-31,151000000,2024-05-20,PaymentsToAcquirePropertyPlantAndEquipment,2026-08-25
CNC,cash,2024-03-31,17585000000,2024-05-20,CashAndCashEquivalentsAtCarryingValue,2026-08-25
CNC,debt,2024-03-31,17887000000,2024-05-20,LongTermDebtNoncurrent,2026-08-25
CNC,equity,2024-03-31,26958000000,2024-05-20,StockholdersEquity,2026-08-25
CNC,grossProfit,2024-03-31,4736000000,2024-05-20,GrossProfit,2026-08-25
CNC,liabilities,2024-03-31,55560000000,2024-05-20,Liabilities,2026-08-25
CNC,netIncome,2024-03-31,1163000000,2024-05-20,NetIncomeLoss,2026-08-25
CNC,operatingCashFlow,2024-03-31,-456000000,2024-05-20,NetCashProvidedByUsedInOperatingActivities,2026-08-25
CNC,operatingIncome,2024-03-31,1106000000,2024-05-20,OperatingIncomeLoss,2026-08-25
CNC,revenue,2024-03-31,40407000000,2024-05-20,Revenues,2026-08-25
CNC,shares,2024-03-31,536383000,2024-05-20,CommonStockSharesOutstanding,2026-08-25
CNP,assets,2024-03-31,40199000000,2024-05-20,Assets,2026-08-25
CNP,capex,2024-03-31,845000000,2024-05-20,PaymentsToAcquirePropertyPlantAndEquipment,2026-08-25
CNP,cash,2024-03-31,161000000,2024-05-20,CashAndCashEquivalentsAtCarryingValue,2026-08-25
CNP,debt,2024-03-31,18117000000,2024-05-20,LongTermDebtNoncurrent,2026-08-25
CNP,equity,2024-03-31,9998000000,2024-05-20,StockholdersEquity,2026-08-25
CNP,netIncome,2024-03-31,350000000,2024-05-20,NetIncomeLoss,2026-08-25
CNP,operatingCashFlow,2024-03-31,538000000,2024-05-20,NetCashProvidedByUsedInOperatingActivities,2026-08-25
CNP,operatingIncome,2024-03-31,616000000,2024-05-20,OperatingIncomeLoss,2026-08-25
CNP,receivables,2024-03-31,675000000,2024-05-20,AccountsReceivableNetCurrent,2026-08-25
CNP,revenue,2024-03-31,2620000000,2024-05-20,Revenues,2026-08-25
CNP,shares,2024-03-31,633166053,2024-05-20,CommonStockSharesOutstanding,2026-08-25
COF,assets,2024-03-31,481720000000,2024-05-20,Assets,2026-08-25
COF,buybacks,2024-03-31,249000000,2024-05-20,PaymentsForRepurchaseOfCommonStock,2026-08-25
COF,capex,2024-03-31,247000000,2024-05-20,PaymentsToAcquirePropertyPlantAndEquipment,2026-08-25
COF,equity,2024-03-31,57801000000,2024-05-20,StockholdersEquity,2026-08-25
COF,liabilities,2024-03-31,423919000000,2024-05-20,Liabilities,2026-08-25
COF,netIncome,2024-03-31,1280000000,2024-05-20,NetIncomeLoss,2026-08-25
COF,operatingCashFlow,2024-03-31,3010000000,2024-05-20,NetCashProvidedByUsedInOperatingActivities,2026-08-25
COF,revenue,2024-03-31,9402000000,2024-05-20,Revenues,2026-08-25
COF,shares,2024-03-31,382063343,2024-05-20,CommonStockSharesOutstanding,2026-08-25
COHR,assets,2024-03-31,14520412000,2024-05-20,Assets,2026-08-25
COHR,cash,2024-03-31,898578000,2024-05-20,CashAndCashEquivalentsAtCarryingValue,2026-08-25
COHR,debt,2024-03-31,4082656000,2024-05-20,LongTermDebtNoncurrent,2026-08-25
COHR,equity,2024-03-31,5335452000,2024-05-20,StockholdersEquity,2026-08-25
COHR,inventory,2024-03-31,1291703000,2024-05-20,InventoryNet,2026-08-25
COHR,liabilities,2024-03-31,6481282000,2024-05-20,Liabilities,2026-08-25
COHR,netIncome,2024-03-31,-13187000,2024-05-20,NetIncomeLoss,2026-08-25
COHR,operatingIncome,2024-03-31,22305000,2024-05-20,OperatingIncomeLoss,2026-08-25
COHR,receivables,2024-03-31,955644000,2024-05-20,AccountsReceivableNetCurrent,2026-08-25
COHR,revenue,2024-03-31,1208809000,2024-05-20,RevenueFromContractWithCustomerExcludingAssessedTax,2026-08-25
COHR,rnd,2024-03-31,127485000,2024-05-20,ResearchAndDevelopmentExpense,2026-08-25
COIN,assets,2024-03-31,348036477000,2024-05-20,Assets,2026-08-25
COIN,cash,2024-03-31,6711400000,2024-05-20,CashAndCashEquivalentsAtCarryingValue,2026-08-25
COIN,debt,2024-03-31,4225014000,2024-05-20,LongTermDebtNoncurrent,2026-08-25
COIN,equity,2024-03-31,8070994000,2024-05-20,StockholdersEquity,2026-08-25
COIN,liabilities,2024-03-31,339965483000,2024-05-20,Liabilities,2026-08-25
COIN,netIncome,2024-03-31,1176245000,2024-05-20,NetIncomeLoss,2026-08-25
COIN,operatingCashFlow,2024-03-31,411485000,2024-05-20,NetCashProvidedByUsedInOperatingActivities,2026-08-25
COIN,operatingIncome,2024-03-31,760461000,2024-05-20,OperatingIncomeLoss,2026-08-25
COIN,receivables,2024-03-31,280357000,2024-05-20,AccountsReceivableNetCurrent,2026-08-25
COIN,revenue,2024-03-31,1637570000,2024-05-20,Revenues,2026-08-25
COIN,rnd,2024-03-31,357863000,2024-05-20,ResearchAndDevelopmentExpense,2026-08-25
COO,assets,2024-01-31,12032600000,2024-04-25,Assets,2026-08-25
COO,capex,2024-01-31,118100000,2024-04-25,PaymentsToAcquirePropertyPlantAndEquipment,2026-08-25
COO,cash,2024-01-31,135200000,2024-04-25,CashAndCashEquivalentsAtCarryingValue,2026-08-25
COO,debt,2024-01-31,2722900000,2024-04-25,LongTermDebtNoncurrent,2026-08-25
COO,equity,2024-01-31,7695100000,2024-04-25,StockholdersEquity,2026-08-25
COO,grossProfit,2024-01-31,623800000,2024-04-25,GrossProfit,2026-08-25
COO,inventory,2024-01-31,747500000,2024-04-25,InventoryNet,2026-08-25
COO,liabilities,2024-01-31,4337300000,2024-04-25,Liabilities,2026-08-25
COO,netIncome,2024-01-31,81200000,2024-04-25,NetIncomeLoss,2026-08-25
COO,operatingCashFlow,2024-01-31,122700000,2024-04-25,NetCashProvidedByUsedInOperatingActivities,2026-08-25
COO,operatingIncome,2024-01-31,153100000,2024-04-25,OperatingIncomeLoss,2026-08-25
COO,receivables,2024-01-31,651000000,2024-04-25,AccountsReceivableNetCurrent,2026-08-25
COO,revenue,2024-01-31,931600000,2024-04-25,RevenueFromContractWithCustomerExcludingAssessedTax,2026-08-25
COO,rnd,2024-01-31,39500000,2024-04-25,ResearchAndDevelopmentExpense,2026-08-25
COO,shares,2024-01-31,198700000,2024-04-25,CommonStockSharesOutstanding,2026-08-25
COP,assets,2024-03-31,95348000000,2024-05-20,Assets,2026-08-25
COP,buybacks,2024-03-31,1325000000,2024-05-20,PaymentsForRepurchaseOfCommonStock,2026-08-25
COP,cash,2024-03-31,5574000000,2024-05-20,CashAndCashEquivalentsAtCarryingValue,2026-08-25
COP,equity,2024-03-31,49325000000,2024-05-20,StockholdersEquity,2026-08-25
COP,inventory,2024-03-31,1443000000,2024-05-20,InventoryNet,2026-08-25
COP,liabilities,2024-03-31,46023000000,2024-05-20,Liabilities,2026-08-25
COP,netIncome,2024-03-31,2551000000,2024-05-20,NetIncomeLoss,2026-08-25
COP,operatingCashFlow,2024-03-31,4985000000,2024-05-20,NetCashProvidedByUsedInOperatingActivities,2026-08-25
COP,revenue,2024-03-31,13848000000,2024-05-20,Revenues,2026-08-25
COR,assets,2024-03-31,63868046000,2024-05-20,Assets,2026-08-25
COR,cash,2024-03-31,2068858000,2024-05-20,CashAndCashEquivalentsAtCarryingValue,2026-08-25
COR,debt,2024-03-31,4180306000,2024-05-20,LongTermDebtNoncurrent,2026-08-25
COR,equity,2024-03-31,1083142000,2024-05-20,StockholdersEquity,2026-08-25
COR,grossProfit,2024-03-31,2538023000,2024-05-20,GrossProfit,2026-08-25
COR,inventory,2024-03-31,17630985000,2024-05-20,InventoryNet,2026-08-25
COR,netIncome,2024-03-31,420775000,2024-05-20,NetIncomeLoss,2026-08-25
COR,operatingIncome,2024-03-31,553259000,2024-05-20,OperatingIncomeLoss,2026-08-25
COR,receivables,2024-03-31,22642880000,2024-05-20,AccountsReceivableNetCurrent,2026-08-25
COR,revenue,2024-03-31,68414307000,2024-05-20,Revenues,2026-08-25
COR,shares,2024-03-31,199388633,2024-05-20,CommonStockSharesOutstanding,2026-08-25
COST,equity,2024-02-18,20760000000,2024-04-08,StockholdersEquity,2026-08-25
CPAY,assets,2024-03-31,15830131000,2024-05-20,Assets,2026-08-25
CPAY,buybacks,2024-03-31,288833000,2024-05-20,PaymentsForRepurchaseOfCommonStock,2026-08-25
CPAY,capex,2024-03-31,41193000,2024-05-20,PaymentsToAcquirePropertyPlantAndEquipment,2026-08-25
CPAY,cash,2024-03-31,1311949000,2024-05-20,CashAndCashEquivalentsAtCarryingValue,2026-08-25
CPAY,equity,2024-03-31,3254421000,2024-05-20,StockholdersEquity,2026-08-25
CPAY,netIncome,2024-03-31,229769000,2024-05-20,NetIncomeLoss,2026-08-25
CPAY,operatingCashFlow,2024-03-31,350184000,2024-05-20,NetCashProvidedByUsedInOperatingActivities,2026-08-25
CPAY,operatingIncome,2024-03-31,397338000,2024-05-20,OperatingIncomeLoss,2026-08-25
CPAY,receivables,2024-03-31,2376003000,2024-05-20,AccountsReceivableNetCurrent,2026-08-25
CPAY,revenue,2024-03-31,935251000,2024-05-20,Revenues,2026-08-25
CPAY,shares,2024-03-31,71463894,2024-05-20,CommonStockSharesOutstanding,2026-08-25
CPRT,assets,2024-01-31,7598520000,2024-04-25,Assets,2026-08-25
CPRT,capex,2024-01-31,123029000,2024-04-25,PaymentsToAcquireProductiveAssets,2026-08-25
CPRT,inventory,2024-01-31,42812000,2024-04-25,InventoryNet,2026-08-25
CPRT,liabilities,2024-01-31,785806000,2024-04-25,Liabilities,2026-08-25
CPRT,netIncome,2024-01-31,325635000,2024-04-25,NetIncomeLoss,2026-08-25
CPRT,operatingIncome,2024-01-31,379900000,2024-04-25,OperatingIncomeLoss,2026-08-25
CPRT,receivables,2024-01-31,846357000,2024-04-25,AccountsReceivableNetCurrent,2026-08-25
CPRT,shares,2024-01-31,961311496,2024-04-25,CommonStockSharesOutstanding,2026-08-25
CPT,assets,2024-03-31,9103604000,2024-05-20,Assets,2026-08-25
CPT,buybacks,2024-03-31,45682000,2024-05-20,PaymentsForRepurchaseOfCommonStock,2026-08-25
CPT,cash,2024-03-31,92693000,2024-05-20,CashAndCashEquivalentsAtCarryingValue,2026-08-25
CPT,debt,2024-03-31,3553500000,2024-05-20,LongTermDebt,2026-08-25
CPT,equity,2024-03-31,4922387000,2024-05-20,StockholdersEquity,2026-08-25
CPT,liabilities,2024-03-31,4109976000,2024-05-20,Liabilities,2026-08-25
CPT,netIncome,2024-03-31,83889000,2024-05-20,NetIncomeLoss,2026-08-25
CPT,operatingCashFlow,2024-03-31,135890000,2024-05-20,NetCashProvidedByUsedInOperatingActivities,2026-08-25
CPT,revenue,2024-03-31,1284000,2024-05-20,RevenueFromContractWithCustomerExcludingAssessedTax,2026-08-25
CPT,shares,2024-03-31,106600000,2024-05-20,CommonStockSharesOutstanding,2026-08-25
CRH,assets,2024-03-31,46333000000,2024-05-20,Assets,2026-08-25
CRH,buybacks,2024-03-31,559000000,2024-05-20,PaymentsForRepurchaseOfCommonStock,2026-08-25
CRH,capex,2024-03-31,506000000,2024-05-20,PaymentsToAcquirePropertyPlantAndEquipment,2026-08-25
CRH,cash,2024-03-31,3308000000,2024-05-20,CashAndCashEquivalentsAtCarryingValue,2026-08-25
CRH,debt,2024-03-31,9680000000,2024-05-20,LongTermDebtNoncurrent,2026-08-25
CRH,equity,2024-03-31,20015000000,2024-05-20,StockholdersEquity,2026-08-25
CRH,grossProfit,2024-03-31,1807000000,2024-05-20,GrossProfit,2026-08-25
CRH,inventory,2024-03-31,4619000000,2024-05-20,InventoryNet,2026-08-25
CRH,liabilities,2024-03-31,25591000000,2024-05-20,Liabilities,2026-08-25
CRH,netIncome,2024-03-31,116000000,2024-05-20,NetIncomeLoss,2026-08-25
CRH,operatingCashFlow,2024-03-31,-712000000,2024-05-20,NetCashProvidedByUsedInOperatingActivities,2026-08-25
CRH,operatingIncome,2024-03-31,28000000,2024-05-20,OperatingIncomeLoss,2026-08-25
CRH,revenue,2024-03-31,6533000000,2024-05-20,RevenueFromContractWithCustomerExcludingAssessedTax,2026-08-25
CRH,shares,2024-03-31,729477337,2024-05-20,CommonStockSharesOutstanding,2026-08-25
CRL,assets,2024-03-30,8152783000,2024-05-19,Assets,2026-08-25
CRL,buybacks,2024-03-30,9351000,2024-05-19,PaymentsForRepurchaseOfCommonStock,2026-08-25
CRL,capex,2024-03-30,79144000,2024-05-19,PaymentsToAcquireProductiveAssets,2026-08-25
CRL,cash,2024-03-30,327039000,2024-05-19,CashAndCashEquivalentsAtCarryingValue,2026-08-25
CRL,equity,2024-03-30,3640435000,2024-05-19,StockholdersEquity,2026-08-25
CRL,inventory,2024-03-30,361281000,2024-05-19,InventoryNet,2026-08-25
CRL,liabilities,2024-03-30,4448858000,2024-05-19,Liabilities,2026-08-25
CRL,netIncome,2024-03-30,72960000,2024-05-19,NetIncomeLoss,2026-08-25
CRL,operatingCashFlow,2024-03-30,129888000,2024-05-19,NetCashProvidedByUsedInOperatingActivities,2026-08-25
CRL,operatingIncome,2024-03-30,125977000,2024-05-19,OperatingIncomeLoss,2026-08-25
CRL,receivables,2024-03-30,786980000,2024-05-19,AccountsReceivableNetCurrent,2026-08-25
CRL,revenue,2024-03-30,1011560000,2024-05-19,RevenueFromContractWithCustomerExcludingAssessedTax,2026-08-25
CRL,shares,2024-03-30,51510000,2024-05-19,CommonStockSharesOutstanding,2026-08-25
CRM,assets,2024-01-31,99823000000,2024-04-25,Assets,2026-08-25
CRM,cash,2024-01-31,8472000000,2024-04-25,CashAndCashEquivalentsAtCarryingValue,2026-08-25
CRM,debt,2024-01-31,8427000000,2024-04-25,LongTermDebtNoncurrent,2026-08-25
CRM,equity,2024-01-31,59646000000,2024-04-25,StockholdersEquity,2026-08-25
CRM,liabilities,2024-01-31,40177000000,2024-04-25,Liabilities,2026-08-25
CRM,receivables,2024-01-31,11414000000,2024-04-25,AccountsReceivableNetCurrent,2026-08-25
CRM,shares,2024-01-31,971000000,2024-04-25,CommonStockSharesOutstanding,2026-08-25
CRWD,assets,2024-01-31,6646520000,2024-04-25,Assets,2026-08-25
CRWD,cash,2024-01-31,3375069000,2024-04-25,CashAndCashEquivalentsAtCarryingValue,2026-08-25
CRWD,debt,2024-01-31,742494000,2024-04-25,LongTermDebtNoncurrent,2026-08-25
CRWD,equity,2024-01-31,2303950000,2024-04-25,StockholdersEquity,2026-08-25
CRWD,liabilities,2024-01-31,4309431000,2024-04-25,Liabilities,2026-08-25
CRWD,receivables,2024-01-31,853105000,2024-04-25,AccountsReceivableNetCurrent,2026-08-25
CSCO,assets,2024-01-27,101174000000,2024-04-21,Assets,2026-08-25
CSCO,cash,2024-01-27,13715000000,2024-04-21,CashAndCashEquivalentsAtCarryingValue,2026-08-25
CSCO,debt,2024-01-27,6669000000,2024-04-21,LongTermDebtNoncurrent,2026-08-25
CSCO,equity,2024-01-27,46251000000,2024-04-21,StockholdersEquity,2026-08-25
CSCO,grossProfit,2024-01-27,8217000000,2024-04-21,GrossProfit,2026-08-25
CSCO,inventory,2024-01-27,3209000000,2024-04-21,InventoryNet,2026-08-25
CSCO,liabilities,2024-01-27,54923000000,2024-04-21,Liabilities,2026-08-25
CSCO,netIncome,2024-01-27,2634000000,2024-04-21,NetIncomeLoss,2026-08-25
CSCO,operatingIncome,2024-01-27,3096000000,2024-04-21,OperatingIncomeLoss,2026-08-25
CSCO,receivables,2024-01-27,4884000000,2024-04-21,AccountsReceivableNetCurrent,2026-08-25
CSCO,revenue,2024-01-27,12791000000,2024-04-21,RevenueFromContractWithCustomerExcludingAssessedTax,2026-08-25
CSCO,rnd,2024-01-27,1943000000,2024-04-21,ResearchAndDevelopmentExpense,2026-08-25
CSCO,shares,2024-01-27,4050000000,2024-04-21,CommonStockSharesOutstanding,2026-08-25
CSGP,assets,2024-03-31,9034500000,2024-05-20,Assets,2026-08-25
CSGP,buybacks,2024-03-31,0,2024-05-20,PaymentsForRepurchaseOfCommonStock,2026-08-25
CSGP,capex,2024-03-31,376700000,2024-05-20,PaymentsToAcquirePropertyPlantAndEquipment,2026-08-25
CSGP,debt,2024-03-31,990800000,2024-05-20,LongTermDebtNoncurrent,2026-08-25
CSGP,equity,2024-03-31,7342600000,2024-05-20,StockholdersEquity,2026-08-25
CSGP,grossProfit,2024-03-31,515200000,2024-05-20,GrossProfit,2026-08-25
CSGP,liabilities,2024-03-31,1691900000,2024-05-20,Liabilities,2026-08-25
CSGP,netIncome,2024-03-31,6700000,2024-05-20,NetIncomeLoss,2026-08-25
CSGP,operatingCashFlow,2024-03-31,139600000,2024-05-20,NetCashProvidedByUsedInOperatingActivities,2026-08-25
CSGP,operatingIncome,2024-03-31,-42800000,2024-05-20,OperatingIncomeLoss,2026-08-25
CSGP,receivables,2024-03-31,197400000,2024-05-20,AccountsReceivableNetCurrent,2026-08-25
CSGP,revenue,2024-03-31,656400000,2024-05-20,RevenueFromContractWithCustomerExcludingAssessedTax,2026-08-25
CSX,assets,2024-03-31,42482000000,2024-05-20,Assets,2026-08-25
CSX,buybacks,2024-03-31,247000000,2024-05-20,PaymentsForRepurchaseOfCommonStock,2026-08-25
CSX,capex,2024-03-31,517000000,2024-05-20,PaymentsToAcquirePropertyPlantAndEquipment,2026-08-25
CSX,liabilities,2024-03-31,30041000000,2024-05-20,Liabilities,2026-08-25
CSX,netIncome,2024-03-31,880000000,2024-05-20,NetIncomeLoss,2026-08-25
CSX,operatingCashFlow,2024-03-31,1066000000,2024-05-20,NetCashProvidedByUsedInOperatingActivities,2026-08-25
CSX,operatingIncome,2024-03-31,1337000000,2024-05-20,OperatingIncomeLoss,2026-08-25
CSX,receivables,2024-03-31,1400000000,2024-05-20,AccountsReceivableNetCurrent,2026-08-25
CSX,revenue,2024-03-31,3681000000,2024-05-20,RevenueFromContractWithCustomerExcludingAssessedTax,2026-08-25
CTAS,assets,2024-02-29,8978875000,2024-04-19,Assets,2026-08-25
CTAS,cash,2024-02-29,128483000,2024-04-19,CashAndCashEquivalentsAtCarryingValue,2026-08-25
CTAS,debt,2024-02-29,2474908000,2024-04-19,LongTermDebtNoncurrent,2026-08-25
CTAS,equity,2024-02-29,4234083000,2024-04-19,StockholdersEquity,2026-08-25
CTAS,inventory,2024-02-29,451215000,2024-04-19,InventoryNet,2026-08-25
CTAS,netIncome,2024-02-29,397579000,2024-04-19,NetIncomeLoss,2026-08-25
CTAS,operatingIncome,2024-02-29,520800000,2024-04-19,OperatingIncomeLoss,2026-08-25
CTAS,receivables,2024-02-29,1262077000,2024-04-19,AccountsReceivableNetCurrent,2026-08-25
CTAS,revenue,2024-02-29,2406173000,2024-04-19,RevenueFromContractWithCustomerExcludingAssessedTax,2026-08-25
CTAS,shares,2024-02-29,101444090,2024-04-19,CommonStockSharesOutstanding,2026-08-25
CTSH,assets,2024-03-31,18408000000,2024-05-20,Assets,2026-08-25
CTSH,buybacks,2024-03-31,133000000,2024-05-20,PaymentsForRepurchaseOfCommonStock,2026-08-25
CTSH,capex,2024-03-31,79000000,2024-05-20,PaymentsToAcquirePropertyPlantAndEquipment,2026-08-25
CTSH,cash,2024-03-31,2231000000,2024-05-20,CashAndCashEquivalentsAtCarryingValue,2026-08-25
CTSH,debt,2024-03-31,598000000,2024-05-20,LongTermDebtNoncurrent,2026-08-25
CTSH,equity,2024-03-31,13490000000,2024-05-20,StockholdersEquity,2026-08-25
CTSH,liabilities,2024-03-31,4918000000,2024-05-20,Liabilities,2026-08-25
CTSH,netIncome,2024-03-31,546000000,2024-05-20,NetIncomeLoss,2026-08-25
CTSH,operatingCashFlow,2024-03-31,95000000,2024-05-20,NetCashProvidedByUsedInOperatingActivities,2026-08-25
CTSH,operatingIncome,2024-03-31,695000000,2024-05-20,OperatingIncomeLoss,2026-08-25
CTSH,receivables,2024-03-31,3822000000,2024-05-20,AccountsReceivableNetCurrent,2026-08-25
CTSH,revenue,2024-03-31,4760000000,2024-05-20,Revenues,2026-08-25
CTSH,shares,2024-03-31,497000000,2024-05-20,CommonStockSharesOutstanding,2026-08-25
CTVA,assets,2024-03-31,43625000000,2024-05-20,Assets,2026-08-25
CTVA,buybacks,2024-03-31,252000000,2024-05-20,PaymentsForRepurchaseOfCommonStock,2026-08-25
CTVA,capex,2024-03-31,148000000,2024-05-20,PaymentsToAcquireProductiveAssets,2026-08-25
CTVA,cash,2024-03-31,1505000000,2024-05-20,CashAndCashEquivalentsAtCarryingValue,2026-08-25
CTVA,equity,2024-03-31,24767000000,2024-05-20,StockholdersEquity,2026-08-25
CTVA,inventory,2024-03-31,6183000000,2024-05-20,InventoryNet,2026-08-25
CTVA,netIncome,2024-03-31,419000000,2024-05-20,NetIncomeLoss,2026-08-25
CTVA,operatingCashFlow,2024-03-31,-2609000000,2024-05-20,NetCashProvidedByUsedInOperatingActivities,2026-08-25
CTVA,receivables,2024-03-31,6320000000,2024-05-20,AccountsReceivableNetCurrent,2026-08-25
CTVA,revenue,2024-03-31,4492000000,2024-05-20,Revenues,2026-08-25
CTVA,rnd,2024-03-31,332000000,2024-05-20,ResearchAndDevelopmentExpense,2026-08-25
CTVA,shares,2024-03-31,697800000,2024-05-20,CommonStockSharesOutstanding,2026-08-25
CVNA,assets,2024-03-31,6983000000,2024-05-20,Assets,2026-08-25
CVNA,capex,2024-03-31,18000000,2024-05-20,PaymentsToAcquirePropertyPlantAndEquipment,2026-08-25
CVNA,cash,2024-03-31,252000000,2024-05-20,CashAndCashEquivalentsAtCarryingValue,2026-08-25
CVNA,debt,2024-03-31,5544000000,2024-05-20,LongTermDebtNoncurrent,2026-08-25
CVNA,equity,2024-03-31,289000000,2024-05-20,StockholdersEquity,2026-08-25
CVNA,grossProfit,2024-03-31,591000000,2024-05-20,GrossProfit,2026-08-25
CVNA,inventory,2024-03-31,1162000000,2024-05-20,InventoryNet,2026-08-25
CVNA,liabilities,2024-03-31,7294000000,2024-05-20,Liabilities,2026-08-25
CVNA,netIncome,2024-03-31,28000000,2024-05-20,NetIncomeLoss,2026-08-25
CVNA,operatingCashFlow,2024-03-31,101000000,2024-05-20,NetCashProvidedByUsedInOperatingActivities,2026-08-25
CVNA,operatingIncome,2024-03-31,134000000,2024-05-20,OperatingIncomeLoss,2026-08-25
CVNA,receivables,2024-03-31,351000000,2024-05-20,AccountsReceivableNetCurrent,2026-08-25
CVNA,revenue,2024-03-31,3061000000,2024-05-20,RevenueFromContractWithCustomerExcludingAssessedTax,2026-08-25
CVS,assets,2024-03-31,249743000000,2024-05-20,Assets,2026-08-25
CVS,buybacks,2024-03-31,3027000000,2024-05-20,PaymentsForRepurchaseOfCommonStock,2026-08-25
CVS,capex,2024-03-31,705000000,2024-05-20,PaymentsToAcquirePropertyPlantAndEquipment,2026-08-25
CVS,cash,2024-03-31,9801000000,2024-05-20,CashAndCashEquivalentsAtCarryingValue,2026-08-25
CVS,equity,2024-03-31,73968000000,2024-05-20,StockholdersEquity,2026-08-25
CVS,inventory,2024-03-31,16346000000,2024-05-20,InventoryNet,2026-08-25
CVS,liabilities,2024-03-31,175593000000,2024-05-20,Liabilities,2026-08-25
CVS,netIncome,2024-03-31,1113000000,2024-05-20,NetIncomeLoss,2026-08-25
CVS,operatingCashFlow,2024-03-31,4903000000,2024-05-20,NetCashProvidedByUsedInOperatingActivities,2026-08-25
CVS,operatingIncome,2024-03-31,2271000000,2024-05-20,OperatingIncomeLoss,2026-08-25
CVS,receivables,2024-03-31,32217000000,2024-05-20,AccountsReceivableNetCurrent,2026-08-25
CVS,revenue,2024-03-31,88437000000,2024-05-20,Revenues,2026-08-25
CVS,shares,2024-03-31,1252000000,2024-05-20,CommonStockSharesOutstanding,2026-08-25
CVX,assets,2024-03-31,261651000000,2024-05-20,Assets,2026-08-25
CVX,buybacks,2024-03-31,2978000000,2024-05-20,PaymentsForRepurchaseOfCommonStock,2026-08-25
CVX,capex,2024-03-31,4089000000,2024-05-20,PaymentsToAcquireProductiveAssets,2026-08-25
CVX,cash,2024-03-31,6278000000,2024-05-20,CashAndCashEquivalentsAtCarryingValue,2026-08-25
CVX,equity,2024-03-31,160625000000,2024-05-20,StockholdersEquity,2026-08-25
CVX,inventory,2024-03-31,9942000000,2024-05-20,InventoryNet,2026-08-25
CVX,liabilities,2024-03-31,99995000000,2024-05-20,Liabilities,2026-08-25
CVX,netIncome,2024-03-31,5501000000,2024-05-20,NetIncomeLoss,2026-08-25
CVX,operatingCashFlow,2024-03-31,6828000000,2024-05-20,NetCashProvidedByUsedInOperatingActivities,2026-08-25
CVX,receivables,2024-03-31,18000000000,2024-05-20,AccountsReceivableNetCurrent,2026-08-25
CVX,revenue,2024-03-31,48716000000,2024-05-20,Revenues,2026-08-25
D,assets,2024-03-31,102005000000,2024-05-20,Assets,2026-08-25
D,cash,2024-03-31,265000000,2024-05-20,CashAndCashEquivalentsAtCarryingValue,2026-08-25
D,equity,2024-03-31,27421000000,2024-05-20,StockholdersEquity,2026-08-25
D,inventory,2024-03-31,1719000000,2024-05-20,InventoryNet,2026-08-25
D,liabilities,2024-03-31,74584000000,2024-05-20,Liabilities,2026-08-25
D,netIncome,2024-03-31,403000000,2024-05-20,NetIncomeLoss,2026-08-25
D,operatingCashFlow,2024-03-31,1982000000,2024-05-20,NetCashProvidedByUsedInOperatingActivities,2026-08-25
D,operatingIncome,2024-03-31,833000000,2024-05-20,OperatingIncomeLoss,2026-08-25
D,receivables,2024-03-31,2148000000,2024-05-20,AccountsReceivableNetCurrent,2026-08-25
D,revenue,2024-03-31,3632000000,2024-05-20,Revenues,2026-08-25
D,shares,2024-03-31,838000000,2024-05-20,CommonStockSharesOutstanding,2026-08-25
DAL,assets,2024-03-31,74969000000,2024-05-20,Assets,2026-08-25
DAL,capex,2024-03-31,1193000000,2024-05-20,PaymentsToAcquireProductiveAssets,2026-08-25
DAL,cash,2024-03-31,3877000000,2024-05-20,CashAndCashEquivalentsAtCarryingValue,2026-08-25
DAL,debt,2024-03-31,15576000000,2024-05-20,LongTermDebtNoncurrent,2026-08-25
DAL,equity,2024-03-31,11151000000,2024-05-20,StockholdersEquity,2026-08-25
DAL,netIncome,2024-03-31,37000000,2024-05-20,NetIncomeLoss,2026-08-25
DAL,operatingCashFlow,2024-03-31,2408000000,2024-05-20,NetCashProvidedByUsedInOperatingActivities,2026-08-25
DAL,operatingIncome,2024-03-31,614000000,2024-05-20,OperatingIncomeLoss,2026-08-25
DAL,revenue,2024-03-31,13748000000,2024-05-20,RevenueFromContractWithCustomerExcludingAssessedTax,2026-08-25
DASH,assets,2024-03-31,11450000000,2024-05-20,Assets,2026-08-25
DASH,buybacks,2024-03-31,0,2024-05-20,PaymentsForRepurchaseOfCommonStock,2026-08-25
DASH,capex,2024-03-31,17000000,2024-05-20,PaymentsToAcquirePropertyPlantAndEquipment,2026-08-25
DASH,cash,2024-03-31,3124000000,2024-05-20,CashAndCashEquivalentsAtCarryingValue,2026-08-25
DASH,equity,2024-03-31,6999000000,2024-05-20,StockholdersEquity,2026-08-25
DASH,liabilities,2024-03-31,4440000000,2024-05-20,Liabilities,2026-08-25
DASH,netIncome,2024-03-31,-23000000,2024-05-20,NetIncomeLoss,2026-08-25
DASH,operatingCashFlow,2024-03-31,553000000,2024-05-20,NetCashProvidedByUsedInOperatingActivities,2026-08-25
DASH,operatingIncome,2024-03-31,-61000000,2024-05-20,OperatingIncomeLoss,2026-08-25
DASH,receivables,2024-03-31,546000000,2024-05-20,AccountsReceivableNetCurrent,2026-08-25
DASH,revenue,2024-03-31,2513000000,2024-05-20,RevenueFromContractWithCustomerExcludingAssessedTax,2026-08-25
DASH,rnd,2024-03-31,279000000,2024-05-20,ResearchAndDevelopmentExpense,2026-08-25
DD,assets,2024-03-31,37717000000,2024-05-20,Assets,2026-08-25
DD,capex,2024-03-31,207000000,2024-05-20,PaymentsToAcquireProductiveAssets,2026-08-25
DD,cash,2024-03-31,1934000000,2024-05-20,CashAndCashEquivalentsAtCarryingValue,2026-08-25
DD,debt,2024-03-31,7860000000,2024-05-20,LongTermDebt,2026-08-25
DD,equity,2024-03-31,23584000000,2024-05-20,StockholdersEquity,2026-08-25
DD,inventory,2024-03-31,2175000000,2024-05-20,InventoryNet,2026-08-25
DD,liabilities,2024-03-31,13705000000,2024-05-20,Liabilities,2026-08-25
DD,netIncome,2024-03-31,188000000,2024-05-20,NetIncomeLoss,2026-08-25
DD,operatingCashFlow,2024-03-31,493000000,2024-05-20,NetCashProvidedByUsedInOperatingActivitiesContinuingOperations,2026-08-25
DD,revenue,2024-03-31,1599000000,2024-05-20,RevenueFromContractWithCustomerExcludingAssessedTax,2026-08-25
DD,rnd,2024-03-31,125000000,2024-05-20,ResearchAndDevelopmentExpense,2026-08-25
DDOG,assets,2024-03-31,4141466000,2024-05-20,Assets,2026-08-25
DDOG,capex,2024-03-31,14158000,2024-05-20,PaymentsToAcquirePropertyPlantAndEquipment,2026-08-25
DDOG,cash,2024-03-31,282218000,2024-05-20,CashAndCashEquivalentsAtCarryingValue,2026-08-25
DDOG,equity,2024-03-31,2202355000,2024-05-20,StockholdersEquity,2026-08-25
DDOG,grossProfit,2024-03-31,501155000,2024-05-20,GrossProfit,2026-08-25
DDOG,liabilities,2024-03-31,1939111000,2024-05-20,Liabilities,2026-08-25
DDOG,netIncome,2024-03-31,42631000,2024-05-20,NetIncomeLoss,2026-08-25
DDOG,operatingCashFlow,2024-03-31,212270000,2024-05-20,NetCashProvidedByUsedInOperatingActivities,2026-08-25
DDOG,operatingIncome,2024-03-31,11996000,2024-05-20,OperatingIncomeLoss,2026-08-25
DDOG,receivables,2024-03-31,451057000,2024-05-20,AccountsReceivableNetCurrent,2026-08-25
DDOG,revenue,2024-03-31,611253000,2024-05-20,RevenueFromContractWithCustomerExcludingAssessedTax,2026-08-25
DDOG,rnd,2024-03-31,269988000,2024-05-20,ResearchAndDevelopmentExpense,2026-08-25
DE,assets,2024-01-28,101371000000,2024-04-22,Assets,2026-08-25
DE,buybacks,2024-01-28,1328000000,2024-04-22,PaymentsForRepurchaseOfCommonStock,2026-08-25
DE,capex,2024-01-28,362000000,2024-04-22,PaymentsToAcquirePropertyPlantAndEquipment,2026-08-25
DE,cash,2024-01-28,5137000000,2024-04-22,CashAndCashEquivalentsAtCarryingValue,2026-08-25
DE,equity,2024-01-28,22075000000,2024-04-22,StockholdersEquity,2026-08-25
DE,inventory,2024-01-28,8937000000,2024-04-22,InventoryNet,2026-08-25
DE,liabilities,2024-01-28,79192000000,2024-04-22,Liabilities,2026-08-25
DE,netIncome,2024-01-28,1751000000,2024-04-22,NetIncomeLoss,2026-08-25
DE,operatingCashFlow,2024-01-28,-908000000,2024-04-22,NetCashProvidedByUsedInOperatingActivities,2026-08-25
DE,revenue,2024-01-28,12185000000,2024-04-22,Revenues,2026-08-25
DE,rnd,2024-01-28,533000000,2024-04-22,ResearchAndDevelopmentExpense,2026-08-25
DECK,assets,2024-03-31,3135579000,2024-05-20,Assets,2026-08-25
DECK,cash,2024-03-31,1502051000,2024-05-20,CashAndCashEquivalentsAtCarryingValue,2026-08-25
DECK,equity,2024-03-31,2107468000,2024-05-20,StockholdersEquity,2026-08-25
DECK,grossProfit,2024-03-31,539476000,2024-05-20,GrossProfit,2026-08-25
DECK,inventory,2024-03-31,474311000,2024-05-20,InventoryNet,2026-08-25
DECK,netIncome,2024-03-31,127545000,2024-05-20,NetIncomeLoss,2026-08-25
DECK,operatingIncome,2024-03-31,144262000,2024-05-20,OperatingIncomeLoss,2026-08-25
DECK,receivables,2024-03-31,296565000,2024-05-20,AccountsReceivableNetCurrent,2026-08-25
DECK,revenue,2024-03-31,959758000,2024-05-20,RevenueFromContractWithCustomerExcludingAssessedTax,2026-08-25
DECK,shares,2024-03-31,153554000,2024-05-20,CommonStockSharesOutstanding,2026-08-25
DELL,assets,2024-02-02,82126000000,2024-04-27,Assets,2026-08-25
DELL,cash,2024-02-02,7366000000,2024-04-27,CashAndCashEquivalentsAtCarryingValue,2026-08-25
DELL,debt,2024-02-02,19012000000,2024-04-27,LongTermDebtNoncurrent,2026-08-25
DELL,equity,2024-02-02,-2227000000,2024-04-27,StockholdersEquity,2026-08-25
DELL,grossProfit,2024-02-02,5372000000,2024-04-27,GrossProfit,2026-08-25
DELL,inventory,2024-02-02,3622000000,2024-04-27,InventoryNet,2026-08-25
DELL,liabilities,2024-02-02,84258000000,2024-04-27,Liabilities,2026-08-25
DELL,netIncome,2024-02-02,1210000000,2024-04-27,NetIncomeLoss,2026-08-25
DELL,operatingIncome,2024-02-02,1547000000,2024-04-27,OperatingIncomeLoss,2026-08-25
DELL,receivables,2024-02-02,9343000000,2024-04-27,AccountsReceivableNetCurrent,2026-08-25
DELL,revenue,2024-02-02,22318000000,2024-04-27,Revenues,2026-08-25
DELL,shares,2024-02-02,705000000,2024-04-27,CommonStockSharesOutstanding,2026-08-25
DG,assets,2024-02-02,30795591000,2024-04-27,Assets,2026-08-25
DG,cash,2024-02-02,537283000,2024-04-27,CashAndCashEquivalentsAtCarryingValue,2026-08-25
DG,equity,2024-02-02,6749119000,2024-04-27,StockholdersEquity,2026-08-25
DG,inventory,2024-02-02,6994266000,2024-04-27,InventoryNet,2026-08-25
DG,shares,2024-02-02,219663000,2024-04-27,CommonStockSharesOutstanding,2026-08-25
DGX,assets,2024-03-31,13954000000,2024-05-20,Assets,2026-08-25
DGX,capex,2024-03-31,104000000,2024-05-20,PaymentsToAcquirePropertyPlantAndEquipment,2026-08-25
DGX,cash,2024-03-31,474000000,2024-05-20,CashAndCashEquivalentsAtCarryingValue,2026-08-25
DGX,equity,2024-03-31,6432000000,2024-05-20,StockholdersEquity,2026-08-25
DGX,inventory,2024-03-31,181000000,2024-05-20,InventoryNet,2026-08-25
DGX,netIncome,2024-03-31,194000000,2024-05-20,NetIncomeLoss,2026-08-25
DGX,operatingCashFlow,2024-03-31,154000000,2024-05-20,NetCashProvidedByUsedInOperatingActivities,2026-08-25
DGX,operatingIncome,2024-03-31,300000000,2024-05-20,OperatingIncomeLoss,2026-08-25
DGX,receivables,2024-03-31,1322000000,2024-05-20,AccountsReceivableNetCurrent,2026-08-25
DGX,revenue,2024-03-31,2366000000,2024-05-20,RevenueFromContractWithCustomerExcludingAssessedTax,2026-08-25
DHI,assets,2024-03-31,34398200000,2024-05-20,Assets,2026-08-25
DHI,cash,2024-03-31,3063100000,2024-05-20,CashAndCashEquivalentsAtCarryingValue,2026-08-25
DHI,equity,2024-03-31,23815500000,2024-05-20,StockholdersEquity,2026-08-25
DHI,liabilities,2024-03-31,10101800000,2024-05-20,Liabilities,2026-08-25
DHI,netIncome,2024-03-31,1172100000,2024-05-20,NetIncomeLoss,2026-08-25
DHI,revenue,2024-03-31,9107200000,2024-05-20,Revenues,2026-08-25
DHI,shares,2024-03-31,330196301,2024-05-20,CommonStockSharesOutstanding,2026-08-25
DHR,assets,2024-03-29,83402000000,2024-05-18,Assets,2026-08-25
DHR,buybacks,2024-03-29,0,2024-05-18,PaymentsForRepurchaseOfCommonStock,2026-08-25
DHR,capex,2024-03-29,291000000,2024-05-18,PaymentsToAcquirePropertyPlantAndEquipment,2026-08-25
DHR,debt,2024-03-29,16417000000,2024-05-18,LongTermDebtNoncurrent,2026-08-25
DHR,equity,2024-03-29,53442000000,2024-05-18,StockholdersEquity,2026-08-25
DHR,grossProfit,2024-03-29,3487000000,2024-05-18,GrossProfit,2026-08-25
DHR,inventory,2024-03-29,2645000000,2024-05-18,InventoryNet,2026-08-25
DHR,netIncome,2024-03-29,1088000000,2024-05-18,NetIncomeLoss,2026-08-25
DHR,operatingCashFlow,2024-03-29,1739000000,2024-05-18,NetCashProvidedByUsedInOperatingActivities,2026-08-25
DHR,operatingIncome,2024-03-29,1312000000,2024-05-18,OperatingIncomeLoss,2026-08-25
DHR,receivables,2024-03-29,3379000000,2024-05-18,AccountsReceivableNetCurrent,2026-08-25
DHR,revenue,2024-03-29,5796000000,2024-05-18,RevenueFromContractWithCustomerExcludingAssessedTax,2026-08-25
DHR,rnd,2024-03-29,368000000,2024-05-18,ResearchAndDevelopmentExpense,2026-08-25
DHR,shares,2024-03-29,740600000,2024-05-18,CommonStockSharesOutstanding,2026-08-25
DIS,assets,2024-03-30,195110000000,2024-05-19,Assets,2026-08-25
DIS,cash,2024-03-30,6635000000,2024-05-19,CashAndCashEquivalentsAtCarryingValue,2026-08-25
DIS,debt,2024-03-30,39510000000,2024-05-19,LongTermDebtNoncurrent,2026-08-25
DIS,equity,2024-03-30,99252000000,2024-05-19,StockholdersEquity,2026-08-25
DIS,inventory,2024-03-30,1948000000,2024-05-19,InventoryNet,2026-08-25
DIS,netIncome,2024-03-30,-20000000,2024-05-19,NetIncomeLoss,2026-08-25
DIS,operatingIncome,2024-03-30,3845000000,2024-05-19,OperatingIncomeLoss,2026-08-25
DIS,revenue,2024-03-30,22083000000,2024-05-19,Revenues,2026-08-25
DIS,shares,2024-03-30,1900000000,2024-05-19,CommonStockSharesOutstanding,2026-08-25
DLR,assets,2024-03-31,42633089000,2024-05-20,Assets,2026-08-25
DLR,cash,2024-03-31,1193784000,2024-05-20,CashAndCashEquivalentsAtCarryingValue,2026-08-25
DLR,equity,2024-03-31,19019850000,2024-05-20,StockholdersEquity,2026-08-25
DLR,equityStakes,2024-03-31,121357000,2024-05-20,PaymentsToAcquireEquityMethodInvestments,2026-08-25
DLR,liabilities,2024-03-31,21792866000,2024-05-20,Liabilities,2026-08-25
DLR,netIncome,2024-03-31,281508000,2024-05-20,NetIncomeLoss,2026-08-25
DLR,operatingCashFlow,2024-03-31,352275000,2024-05-20,NetCashProvidedByUsedInOperatingActivities,2026-08-25
DLR,operatingIncome,2024-03-31,149367000,2024-05-20,OperatingIncomeLoss,2026-08-25
DLR,revenue,2024-03-31,1331143000,2024-05-20,Revenues,2026-08-25
DLR,shares,2024-03-31,312421000,2024-05-20,CommonStockSharesOutstanding,2026-08-25
DLTR,assets,2024-02-03,22023500000,2024-04-28,Assets,2026-08-25
DLTR,cash,2024-02-03,425200000,2024-04-28,CashAndCashEquivalentsAtCarryingValue,2026-08-25
DLTR,debt,2024-02-03,3426300000,2024-04-28,LongTermDebtNoncurrent,2026-08-25
DLTR,equity,2024-02-03,7313100000,2024-04-28,StockholdersEquity,2026-08-25
DLTR,grossProfit,2024-02-03,1933200000,2024-04-28,GrossProfit,2026-08-25
DLTR,liabilities,2024-02-03,14710400000,2024-04-28,Liabilities,2026-08-25
DLTR,netIncome,2024-02-03,-1709800000,2024-04-28,NetIncomeLoss,2026-08-25
DLTR,revenue,2024-02-03,4961400000,2024-04-28,RevenueFromContractWithCustomerExcludingAssessedTax,2026-08-25
DLTR,shares,2024-02-03,217907206,2024-04-28,CommonStockSharesOutstanding,2026-08-25
DOC,assets,2024-03-31,20542040000,2024-05-20,Assets,2026-08-25
DOC,buybacks,2024-03-31,101995000,2024-05-20,PaymentsForRepurchaseOfCommonStock,2026-08-25
DOC,cash,2024-03-31,101763000,2024-05-20,CashAndCashEquivalentsAtCarryingValue,2026-08-25
DOC,debt,2024-03-31,8755795000,2024-05-20,LongTermDebt,2026-08-25
DOC,equity,2024-03-31,8881613000,2024-05-20,StockholdersEquity,2026-08-25
DOC,liabilities,2024-03-31,10942541000,2024-05-20,Liabilities,2026-08-25
DOC,netIncome,2024-03-31,6676000,2024-05-20,NetIncomeLoss,2026-08-25
DOC,operatingCashFlow,2024-03-31,152564000,2024-05-20,NetCashProvidedByUsedInOperatingActivities,2026-08-25
DOC,revenue,2024-03-31,606560000,2024-05-20,Revenues,2026-08-25
DOC,shares,2024-03-31,703733446,2024-05-20,CommonStockSharesOutstanding,2026-08-25
DOV,assets,2024-03-31,11987033000,2024-05-20,Assets,2026-08-25
DOV,buybacks,2024-03-31,500000000,2024-05-20,PaymentsForRepurchaseOfCommonStock,2026-08-25
DOV,capex,2024-03-31,40050000,2024-05-20,PaymentsToAcquirePropertyPlantAndEquipment,2026-08-25
DOV,debt,2024-03-31,2973485000,2024-05-20,LongTermDebtNoncurrent,2026-08-25
DOV,equity,2024-03-31,5152852000,2024-05-20,StockholdersEquity,2026-08-25
DOV,grossProfit,2024-03-31,697187000,2024-05-20,GrossProfit,2026-08-25
DOV,inventory,2024-03-31,1245661000,2024-05-20,InventoryNet,2026-08-25
DOV,netIncome,2024-03-31,632221000,2024-05-20,NetIncomeLoss,2026-08-25
DOV,operatingCashFlow,2024-03-31,166593000,2024-05-20,NetCashProvidedByUsedInOperatingActivities,2026-08-25
DOV,operatingIncome,2024-03-31,254206000,2024-05-20,OperatingIncomeLoss,2026-08-25
DOV,receivables,2024-03-31,1519458000,2024-05-20,AccountsReceivableNetCurrent,2026-08-25
DOV,revenue,2024-03-31,1883719000,2024-05-20,RevenueFromContractWithCustomerExcludingAssessedTax,2026-08-25
DOW,assets,2024-03-31,58817000000,2024-05-20,Assets,2026-08-25
DOW,buybacks,2024-03-31,200000000,2024-05-20,PaymentsForRepurchaseOfCommonStock,2026-08-25
DOW,capex,2024-03-31,714000000,2024-05-20,PaymentsToAcquireProductiveAssets,2026-08-25
DOW,cash,2024-03-31,3723000000,2024-05-20,CashAndCashEquivalentsAtCarryingValue,2026-08-25
DOW,equity,2024-03-31,18425000000,2024-05-20,StockholdersEquity,2026-08-25
DOW,inventory,2024-03-31,6373000000,2024-05-20,InventoryNet,2026-08-25
DOW,netIncome,2024-03-31,516000000,2024-05-20,NetIncomeLoss,2026-08-25
DOW,operatingCashFlow,2024-03-31,464000000,2024-05-20,NetCashProvidedByUsedInOperatingActivities,2026-08-25
DOW,receivables,2024-03-31,5212000000,2024-05-20,AccountsReceivableNetCurrent,2026-08-25
DOW,revenue,2024-03-31,10765000000,2024-05-20,Revenues,2026-08-25
DPZ,assets,2024-03-24,1744742000,2024-05-13,Assets,2026-08-25
DPZ,buybacks,2024-03-24,25000000,2024-05-13,PaymentsForRepurchaseOfCommonStock,2026-08-25
DPZ,capex,2024-03-24,20181000,2024-05-13,PaymentsToAcquirePropertyPlantAndEquipment,2026-08-25
DPZ,cash,2024-03-24,203894000,2024-05-13,CashAndCashEquivalentsAtCarryingValue,2026-08-25
DPZ,equity,2024-03-24,-4008330000,2024-05-13,StockholdersEquity,2026-08-25
DPZ,grossProfit,2024-03-24,421870000,2024-05-13,GrossProfit,2026-08-25
DPZ,inventory,2024-03-24,76086000,2024-05-13,InventoryNet,2026-08-25
DPZ,netIncome,2024-03-24,125824000,2024-05-13,NetIncomeLoss,2026-08-25
DPZ,operatingCashFlow,2024-03-24,123464000,2024-05-13,NetCashProvidedByUsedInOperatingActivities,2026-08-25
DPZ,operatingIncome,2024-03-24,210413000,2024-05-13,OperatingIncomeLoss,2026-08-25
DPZ,receivables,2024-03-24,285609000,2024-05-13,AccountsReceivableNetCurrent,2026-08-25
DPZ,revenue,2024-03-24,1084647000,2024-05-13,Revenues,2026-08-25
DRI,assets,2024-02-25,11358200000,2024-04-15,Assets,2026-08-25
DRI,cash,2024-02-25,243900000,2024-04-15,CashAndCashEquivalentsAtCarryingValue,2026-08-25
DRI,debt,2024-02-25,1372800000,2024-04-15,LongTermDebt,2026-08-25
DRI,equity,2024-02-25,2180900000,2024-04-15,StockholdersEquity,2026-08-25
DRI,grossProfit,2024-02-25,613900000,2024-04-15,GrossProfit,2026-08-25
DRI,inventory,2024-02-25,298200000,2024-04-15,InventoryNet,2026-08-25
DRI,liabilities,2024-02-25,9177300000,2024-04-15,Liabilities,2026-08-25
DRI,netIncome,2024-02-25,312900000,2024-04-15,NetIncomeLoss,2026-08-25
DRI,operatingIncome,2024-02-25,387400000,2024-04-15,OperatingIncomeLoss,2026-08-25
DRI,revenue,2024-02-25,2974800000,2024-04-15,RevenueFromContractWithCustomerExcludingAssessedTax,2026-08-25
DTE,assets,2024-03-31,45902000000,2024-05-20,Assets,2026-08-25
DTE,cash,2024-03-31,292000000,2024-05-20,CashAndCashEquivalentsAtCarryingValue,2026-08-25
DTE,equity,2024-03-31,11173000000,2024-05-20,StockholdersEquity,2026-08-25
DTE,equityStakes,2024-03-31,3000000,2024-05-20,PaymentsToAcquireEquityMethodInvestments,2026-08-25
DTE,netIncome,2024-03-31,313000000,2024-05-20,NetIncomeLoss,2026-08-25
DTE,operatingCashFlow,2024-03-31,1042000000,2024-05-20,NetCashProvidedByUsedInOperatingActivities,2026-08-25
DTE,operatingIncome,2024-03-31,517000000,2024-05-20,OperatingIncomeLoss,2026-08-25
DTE,receivables,2024-03-31,1435000000,2024-05-20,AccountsReceivableNetCurrent,2026-08-25
DTE,shares,2024-03-31,206937244,2024-05-20,CommonStockSharesOutstanding,2026-08-25
DUK,assets,2024-03-31,178670000000,2024-05-20,Assets,2026-08-25
DUK,capex,2024-03-31,3208000000,2024-05-20,PaymentsToAcquirePropertyPlantAndEquipment,2026-08-25
DUK,cash,2024-03-31,459000000,2024-05-20,CashAndCashEquivalentsAtCarryingValue,2026-08-25
DUK,debt,2024-03-31,74979000000,2024-05-20,LongTermDebtNoncurrent,2026-08-25
DUK,equity,2024-03-31,49551000000,2024-05-20,StockholdersEquity,2026-08-25
DUK,netIncome,2024-03-31,1138000000,2024-05-20,NetIncomeLoss,2026-08-25
DUK,operatingCashFlow,2024-03-31,2474000000,2024-05-20,NetCashProvidedByUsedInOperatingActivities,2026-08-25
DUK,operatingIncome,2024-03-31,1963000000,2024-05-20,OperatingIncomeLoss,2026-08-25
DUK,receivables,2024-03-31,1646000000,2024-05-20,AccountsReceivableNetCurrent,2026-08-25
DUK,shares,2024-03-31,772000000,2024-05-20,CommonStockSharesOutstanding,2026-08-25
DVA,assets,2024-03-31,17430935000,2024-05-20,Assets,2026-08-25
DVA,buybacks,2024-03-31,250961000,2024-05-20,PaymentsForRepurchaseOfCommonStock,2026-08-25
DVA,capex,2024-03-31,121015000,2024-05-20,PaymentsToAcquirePropertyPlantAndEquipment,2026-08-25
DVA,cash,2024-03-31,345131000,2024-05-20,CashAndCashEquivalentsAtCarryingValue,2026-08-25
DVA,equity,2024-03-31,925997000,2024-05-20,StockholdersEquity,2026-08-25
DVA,equityStakes,2024-03-31,460000,2024-05-20,PaymentsToAcquireEquityMethodInvestments,2026-08-25
DVA,inventory,2024-03-31,145808000,2024-05-20,InventoryNet,2026-08-25
DVA,liabilities,2024-03-31,14794948000,2024-05-20,Liabilities,2026-08-25
DVA,netIncome,2024-03-31,239649000,2024-05-20,NetIncomeLoss,2026-08-25
DVA,operatingCashFlow,2024-03-31,-134836000,2024-05-20,NetCashProvidedByUsedInOperatingActivities,2026-08-25
DVA,operatingIncome,2024-03-31,483845000,2024-05-20,OperatingIncomeLoss,2026-08-25
DVA,receivables,2024-03-31,2594675000,2024-05-20,AccountsReceivableNetCurrent,2026-08-25
DVA,revenue,2024-03-31,3070555000,2024-05-20,Revenues,2026-08-25
DVA,shares,2024-03-31,89822000,2024-05-20,CommonStockSharesOutstanding,2026-08-25
DVN,assets,2024-03-31,24978000000,2024-05-20,Assets,2026-08-25
DVN,buybacks,2024-03-31,205000000,2024-05-20,PaymentsForRepurchaseOfCommonStock,2026-08-25
DVN,capex,2024-03-31,894000000,2024-05-20,PaymentsToAcquireProductiveAssets,2026-08-25
DVN,cash,2024-03-31,1126000000,2024-05-20,CashAndCashEquivalentsAtCarryingValue,2026-08-25
DVN,debt,2024-03-31,5668000000,2024-05-20,LongTermDebtNoncurrent,2026-08-25
DVN,equity,2024-03-31,12167000000,2024-05-20,StockholdersEquity,2026-08-25
DVN,inventory,2024-03-31,234000000,2024-05-20,InventoryNet,2026-08-25
DVN,netIncome,2024-03-31,596000000,2024-05-20,NetIncomeLoss,2026-08-25
DVN,operatingCashFlow,2024-03-31,1738000000,2024-05-20,NetCashProvidedByUsedInOperatingActivities,2026-08-25
DVN,receivables,2024-03-31,1670000000,2024-05-20,AccountsReceivableNetCurrent,2026-08-25
DVN,revenue,2024-03-31,3596000000,2024-05-20,Revenues,2026-08-25
DXCM,assets,2024-03-31,6482200000,2024-05-20,Assets,2026-08-25
DXCM,capex,2024-03-31,56900000,2024-05-20,PaymentsToAcquirePropertyPlantAndEquipment,2026-08-25
DXCM,cash,2024-03-31,851200000,2024-05-20,CashAndCashEquivalentsAtCarryingValue,2026-08-25
DXCM,equity,2024-03-31,2246800000,2024-05-20,StockholdersEquity,2026-08-25
DXCM,grossProfit,2024-03-31,561900000,2024-05-20,GrossProfit,2026-08-25
DXCM,inventory,2024-03-31,589100000,2024-05-20,InventoryNet,2026-08-25
DXCM,liabilities,2024-03-31,4235400000,2024-05-20,Liabilities,2026-08-25
DXCM,netIncome,2024-03-31,146400000,2024-05-20,NetIncomeLoss,2026-08-25
DXCM,operatingCashFlow,2024-03-31,209200000,2024-05-20,NetCashProvidedByUsedInOperatingActivities,2026-08-25
DXCM,operatingIncome,2024-03-31,101100000,2024-05-20,OperatingIncomeLoss,2026-08-25
DXCM,receivables,2024-03-31,978600000,2024-05-20,AccountsReceivableNetCurrent,2026-08-25
DXCM,revenue,2024-03-31,921000000,2024-05-20,RevenueFromContractWithCustomerExcludingAssessedTax,2026-08-25
DXCM,rnd,2024-03-31,141500000,2024-05-20,ResearchAndDevelopmentExpense,2026-08-25
DXCM,shares,2024-03-31,396100000,2024-05-20,CommonStockSharesOutstanding,2026-08-25
EBAY,assets,2024-03-31,21418000000,2024-05-20,Assets,2026-08-25
EBAY,buybacks,2024-03-31,453000000,2024-05-20,PaymentsForRepurchaseOfCommonStock,2026-08-25
EBAY,capex,2024-03-31,143000000,2024-05-20,PaymentsToAcquirePropertyPlantAndEquipment,2026-08-25
EBAY,cash,2024-03-31,2130000000,2024-05-20,CashAndCashEquivalentsAtCarryingValue,2026-08-25
EBAY,equity,2024-03-31,6273000000,2024-05-20,StockholdersEquity,2026-08-25
EBAY,grossProfit,2024-03-31,1856000000,2024-05-20,GrossProfit,2026-08-25
EBAY,liabilities,2024-03-31,15145000000,2024-05-20,Liabilities,2026-08-25
EBAY,netIncome,2024-03-31,438000000,2024-05-20,NetIncomeLoss,2026-08-25
EBAY,operatingCashFlow,2024-03-31,615000000,2024-05-20,NetCashProvidedByUsedInOperatingActivities,2026-08-25
EBAY,operatingIncome,2024-03-31,631000000,2024-05-20,OperatingIncomeLoss,2026-08-25
EBAY,receivables,2024-03-31,89000000,2024-05-20,AccountsReceivableNetCurrent,2026-08-25
EBAY,revenue,2024-03-31,2556000000,2024-05-20,RevenueFromContractWithCustomerExcludingAssessedTax,2026-08-25
EBAY,rnd,2024-03-31,351000000,2024-05-20,ResearchAndDevelopmentExpense,2026-08-25
EBAY,shares,2024-03-31,509000000,2024-05-20,CommonStockSharesOutstanding,2026-08-25
ECHO,assets,2024-03-31,55556417000,2024-05-20,Assets,2026-08-25
ECHO,capex,2024-03-31,519612000,2024-05-20,PaymentsToAcquirePropertyPlantAndEquipment,2026-08-25
ECHO,cash,2024-03-31,613702000,2024-05-20,CashAndCashEquivalentsAtCarryingValue,2026-08-25
ECHO,debt,2024-03-31,951000000,2024-05-20,LongTermDebt,2026-08-25
ECHO,equity,2024-03-31,19777151000,2024-05-20,StockholdersEquity,2026-08-25
ECHO,inventory,2024-03-31,632952000,2024-05-20,InventoryNet,2026-08-25
ECHO,liabilities,2024-03-31,35715267000,2024-05-20,Liabilities,2026-08-25
ECHO,netIncome,2024-03-31,-107376000,2024-05-20,NetIncomeLoss,2026-08-25
ECHO,operatingCashFlow,2024-03-31,451259000,2024-05-20,NetCashProvidedByUsedInOperatingActivities,2026-08-25
ECHO,operatingIncome,2024-03-31,-15244000,2024-05-20,OperatingIncomeLoss,2026-08-25
ECHO,receivables,2024-03-31,1023089000,2024-05-20,AccountsReceivableNetCurrent,2026-08-25
ECHO,revenue,2024-03-31,4014843000,2024-05-20,RevenueFromContractWithCustomerExcludingAssessedTax,2026-08-25
ECHO,rnd,2024-03-31,25000000,2024-05-20,ResearchAndDevelopmentExpense,2026-08-25
ECL,assets,2024-03-31,21298500000,2024-05-20,Assets,2026-08-25
ECL,buybacks,2024-03-31,196400000,2024-05-20,PaymentsForRepurchaseOfCommonStock,2026-08-25
ECL,capex,2024-03-31,201500000,2024-05-20,PaymentsToAcquirePropertyPlantAndEquipment,2026-08-25
ECL,cash,2024-03-31,479900000,2024-05-20,CashAndCashEquivalentsAtCarryingValue,2026-08-25
ECL,equity,2024-03-31,8205600000,2024-05-20,StockholdersEquity,2026-08-25
ECL,inventory,2024-03-31,1565900000,2024-05-20,InventoryNet,2026-08-25
ECL,liabilities,2024-03-31,13072900000,2024-05-20,Liabilities,2026-08-25
ECL,netIncome,2024-03-31,412100000,2024-05-20,NetIncomeLoss,2026-08-25
ECL,operatingCashFlow,2024-03-31,649400000,2024-05-20,NetCashProvidedByUsedInOperatingActivities,2026-08-25
ECL,operatingIncome,2024-03-31,517900000,2024-05-20,OperatingIncomeLoss,2026-08-25
ECL,receivables,2024-03-31,2786600000,2024-05-20,AccountsReceivableNetCurrent,2026-08-25
ECL,revenue,2024-03-31,3751900000,2024-05-20,RevenueFromContractWithCustomerExcludingAssessedTax,2026-08-25
ECL,shares,2024-03-31,285600000,2024-05-20,CommonStockSharesOutstanding,2026-08-25
ED,assets,2024-03-31,66680000000,2024-05-20,Assets,2026-08-25
ED,buybacks,2024-03-31,0,2024-05-20,PaymentsForRepurchaseOfCommonStock,2026-08-25
ED,cash,2024-03-31,169000000,2024-05-20,CashAndCashEquivalentsAtCarryingValue,2026-08-25
ED,debt,2024-03-31,21929000000,2024-05-20,LongTermDebtNoncurrent,2026-08-25
ED,equity,2024-03-31,21615000000,2024-05-20,StockholdersEquity,2026-08-25
ED,netIncome,2024-03-31,720000000,2024-05-20,NetIncomeLoss,2026-08-25
ED,operatingCashFlow,2024-03-31,573000000,2024-05-20,NetCashProvidedByUsedInOperatingActivities,2026-08-25
ED,operatingIncome,2024-03-31,1011000000,2024-05-20,OperatingIncomeLoss,2026-08-25
ED,receivables,2024-03-31,2618000000,2024-05-20,AccountsReceivableNetCurrent,2026-08-25
ED,revenue,2024-03-31,4280000000,2024-05-20,Revenues,2026-08-25
EFX,assets,2024-03-31,12251300000,2024-05-20,Assets,2026-08-25
EFX,capex,2024-03-31,131900000,2024-05-20,PaymentsToAcquireProductiveAssets,2026-08-25
EFX,cash,2024-03-31,201000000,2024-05-20,CashAndCashEquivalentsAtCarryingValue,2026-08-25
EFX,debt,2024-03-31,4745300000,2024-05-20,LongTermDebtNoncurrent,2026-08-25
EFX,equity,2024-03-31,4561500000,2024-05-20,StockholdersEquity,2026-08-25
EFX,liabilities,2024-03-31,7539100000,2024-05-20,Liabilities,2026-08-25
EFX,netIncome,2024-03-31,124900000,2024-05-20,NetIncomeLoss,2026-08-25
EFX,operatingCashFlow,2024-03-31,252700000,2024-05-20,NetCashProvidedByUsedInOperatingActivities,2026-08-25
EFX,operatingIncome,2024-03-31,224700000,2024-05-20,OperatingIncomeLoss,2026-08-25
EFX,receivables,2024-03-31,1006100000,2024-05-20,AccountsReceivableNetCurrent,2026-08-25
EFX,revenue,2024-03-31,1389400000,2024-05-20,RevenueFromContractWithCustomerExcludingAssessedTax,2026-08-25
EFX,shares,2024-03-31,123600000,2024-05-20,CommonStockSharesOutstanding,2026-08-25
EG,assets,2024-03-31,50937000000,2024-05-20,Assets,2026-08-25
EG,buybacks,2024-03-31,35000000,2024-05-20,PaymentsForRepurchaseOfCommonStock,2026-08-25
EG,equity,2024-03-31,13628000000,2024-05-20,StockholdersEquity,2026-08-25
EG,liabilities,2024-03-31,37308000000,2024-05-20,Liabilities,2026-08-25
EG,netIncome,2024-03-31,733000000,2024-05-20,NetIncomeLoss,2026-08-25
EG,operatingCashFlow,2024-03-31,1102000000,2024-05-20,NetCashProvidedByUsedInOperatingActivities,2026-08-25
EG,revenue,2024-03-31,4133000000,2024-05-20,Revenues,2026-08-25
EG,shares,2024-03-31,74300000,2024-05-20,CommonStockSharesOutstanding,2026-08-25
EIX,assets,2024-03-31,83599000000,2024-05-20,Assets,2026-08-25
EIX,buybacks,2024-03-31,0,2024-05-20,PaymentsForRepurchaseOfCommonStock,2026-08-25
EIX,capex,2024-03-31,1279000000,2024-05-20,PaymentsToAcquirePropertyPlantAndEquipment,2026-08-25
EIX,cash,2024-03-31,992000000,2024-05-20,CashAndCashEquivalentsAtCarryingValue,2026-08-25
EIX,debt,2024-03-31,32576000000,2024-05-20,LongTermDebtNoncurrent,2026-08-25
EIX,equity,2024-03-31,15172000000,2024-05-20,StockholdersEquity,2026-08-25
EIX,inventory,2024-03-31,519000000,2024-05-20,InventoryNet,2026-08-25
EIX,liabilities,2024-03-31,65984000000,2024-05-20,Liabilities,2026-08-25
EIX,netIncome,2024-03-31,-11000000,2024-05-20,NetIncomeLoss,2026-08-25
EIX,operatingCashFlow,2024-03-31,1043000000,2024-05-20,NetCashProvidedByUsedInOperatingActivities,2026-08-25
EIX,operatingIncome,2024-03-31,245000000,2024-05-20,OperatingIncomeLoss,2026-08-25
EIX,receivables,2024-03-31,1890000000,2024-05-20,AccountsReceivableNetCurrent,2026-08-25
EIX,revenue,2024-03-31,4078000000,2024-05-20,Revenues,2026-08-25
EIX,shares,2024-03-31,384735109,2024-05-20,CommonStockSharesOutstanding,2026-08-25
EL,assets,2024-03-31,22700000000,2024-05-20,Assets,2026-08-25
EL,equity,2024-03-31,5744000000,2024-05-20,StockholdersEquity,2026-08-25
EL,grossProfit,2024-03-31,2833000000,2024-05-20,GrossProfit,2026-08-25
EL,inventory,2024-03-31,2307000000,2024-05-20,InventoryNet,2026-08-25
EL,operatingIncome,2024-03-31,531000000,2024-05-20,OperatingIncomeLoss,2026-08-25
EL,receivables,2024-03-31,1854000000,2024-05-20,AccountsReceivableNetCurrent,2026-08-25
EL,revenue,2024-03-31,3940000000,2024-05-20,RevenueFromContractWithCustomerExcludingAssessedTax,2026-08-25
ELV,assets,2024-03-31,111894000000,2024-05-20,Assets,2026-08-25
ELV,buybacks,2024-03-31,566000000,2024-05-20,PaymentsForRepurchaseOfCommonStock,2026-08-25
ELV,capex,2024-03-31,279000000,2024-05-20,PaymentsToAcquirePropertyPlantAndEquipment,2026-08-25
ELV,cash,2024-03-31,6226000000,2024-05-20,CashAndCashEquivalentsAtCarryingValue,2026-08-25
ELV,debt,2024-03-31,21976000000,2024-05-20,LongTermDebtNoncurrent,2026-08-25
ELV,equity,2024-03-31,40608000000,2024-05-20,StockholdersEquity,2026-08-25
ELV,liabilities,2024-03-31,71184000000,2024-05-20,Liabilities,2026-08-25
ELV,netIncome,2024-03-31,2246000000,2024-05-20,NetIncomeLoss,2026-08-25
ELV,operatingCashFlow,2024-03-31,1978000000,2024-05-20,NetCashProvidedByUsedInOperatingActivities,2026-08-25
ELV,operatingIncome,2024-03-31,3016000000,2024-05-20,OperatingIncomeLoss,2026-08-25
ELV,revenue,2024-03-31,42577000000,2024-05-20,Revenues,2026-08-25
ELV,shares,2024-03-31,232544717,2024-05-20,CommonStockSharesOutstanding,2026-08-25
EME,assets,2024-03-31,6687327000,2024-05-20,Assets,2026-08-25
EME,buybacks,2024-03-31,39000000,2024-05-20,PaymentsForRepurchaseOfCommonStock,2026-08-25
EME,capex,2024-03-31,20278000,2024-05-20,PaymentsToAcquireProductiveAssets,2026-08-25
EME,cash,2024-03-31,840985000,2024-05-20,CashAndCashEquivalentsAtCarryingValue,2026-08-25
EME,equity,2024-03-31,2614345000,2024-05-20,StockholdersEquity,2026-08-25
EME,grossProfit,2024-03-31,589309000,2024-05-20,GrossProfit,2026-08-25
EME,liabilities,2024-03-31,4071945000,2024-05-20,Liabilities,2026-08-25
EME,netIncome,2024-03-31,197149000,2024-05-20,NetIncomeLoss,2026-08-25
EME,operatingCashFlow,2024-03-31,132264000,2024-05-20,NetCashProvidedByUsedInOperatingActivities,2026-08-25
EME,operatingIncome,2024-03-31,259953000,2024-05-20,OperatingIncomeLoss,2026-08-25
EME,receivables,2024-03-31,3206131000,2024-05-20,AccountsReceivableNetCurrent,2026-08-25
EME,revenue,2024-03-31,3432276000,2024-05-20,Revenues,2026-08-25
EME,shares,2024-03-31,46995600,2024-05-20,CommonStockSharesOutstanding,2026-08-25
EMR,assets,2024-03-31,46440000000,2024-05-20,Assets,2026-08-25
EMR,debt,2024-03-31,7614000000,2024-05-20,LongTermDebtNoncurrent,2026-08-25
EMR,equity,2024-03-31,20900000000,2024-05-20,StockholdersEquity,2026-08-25
EMR,grossProfit,2024-03-31,2284000000,2024-05-20,GrossProfit,2026-08-25
EMR,inventory,2024-03-31,2357000000,2024-05-20,InventoryNet,2026-08-25
EMR,netIncome,2024-03-31,501000000,2024-05-20,NetIncomeLoss,2026-08-25
EMR,receivables,2024-03-31,2877000000,2024-05-20,AccountsReceivableNetCurrent,2026-08-25
EMR,revenue,2024-03-31,4376000000,2024-05-20,RevenueFromContractWithCustomerExcludingAssessedTax,2026-08-25
EMR,shares,2024-03-31,572100000,2024-05-20,CommonStockSharesOutstanding,2026-08-25
EOG,assets,2024-03-31,44796000000,2024-05-20,Assets,2026-08-25
EOG,buybacks,2024-03-31,759000000,2024-05-20,PaymentsForRepurchaseOfCommonStock,2026-08-25
EOG,cash,2024-03-31,5292000000,2024-05-20,CashAndCashEquivalentsAtCarryingValue,2026-08-25
EOG,debt,2024-03-31,3757000000,2024-05-20,LongTermDebtNoncurrent,2026-08-25
EOG,equity,2024-03-31,28636000000,2024-05-20,StockholdersEquity,2026-08-25
EOG,inventory,2024-03-31,1154000000,2024-05-20,InventoryNet,2026-08-25
EOG,netIncome,2024-03-31,1789000000,2024-05-20,NetIncomeLoss,2026-08-25
EOG,operatingCashFlow,2024-03-31,2903000000,2024-05-20,NetCashProvidedByUsedInOperatingActivities,2026-08-25
EOG,operatingIncome,2024-03-31,2271000000,2024-05-20,OperatingIncomeLoss,2026-08-25
EOG,receivables,2024-03-31,2688000000,2024-05-20,AccountsReceivableNetCurrent,2026-08-25
EOG,revenue,2024-03-31,6123000000,2024-05-20,Revenues,2026-08-25
EQIX,assets,2024-03-31,31937000000,2024-05-20,Assets,2026-08-25
EQIX,capex,2024-03-31,707000000,2024-05-20,PaymentsToAcquireProductiveAssets,2026-08-25
EQIX,cash,2024-03-31,1527000000,2024-05-20,CashAndCashEquivalentsAtCarryingValue,2026-08-25
EQIX,debt,2024-03-31,13742000000,2024-05-20,LongTermDebt,2026-08-25
EQIX,equity,2024-03-31,12299000000,2024-05-20,StockholdersEquity,2026-08-25
EQIX,equityStakes,2024-03-31,3000000,2024-05-20,PaymentsToAcquireEquityMethodInvestments,2026-08-25
EQIX,liabilities,2024-03-31,19613000000,2024-05-20,Liabilities,2026-08-25
EQIX,netIncome,2024-03-31,231000000,2024-05-20,NetIncomeLoss,2026-08-25
EQIX,operatingCashFlow,2024-03-31,598000000,2024-05-20,NetCashProvidedByUsedInOperatingActivities,2026-08-25
EQIX,operatingIncome,2024-03-31,364000000,2024-05-20,OperatingIncomeLoss,2026-08-25
EQIX,receivables,2024-03-31,1079000000,2024-05-20,AccountsReceivableNetCurrent,2026-08-25
EQIX,revenue,2024-03-31,2127000000,2024-05-20,RevenueFromContractWithCustomerExcludingAssessedTax,2026-08-25
EQIX,shares,2024-03-31,94904000,2024-05-20,CommonStockSharesOutstanding,2026-08-25
EQT,assets,2024-03-31,25438320000,2024-05-20,Assets,2026-08-25
EQT,buybacks,2024-03-31,0,2024-05-20,PaymentsForRepurchaseOfCommonStock,2026-08-25
EQT,capex,2024-03-31,534468000,2024-05-20,PaymentsToAcquirePropertyPlantAndEquipment,2026-08-25
EQT,cash,2024-03-31,648048000,2024-05-20,CashAndCashEquivalentsAtCarryingValue,2026-08-25
EQT,debt,2024-03-31,4897774000,2024-05-20,LongTermDebtNoncurrent,2026-08-25
EQT,equity,2024-03-31,15164209000,2024-05-20,StockholdersEquity,2026-08-25
EQT,equityStakes,2024-03-31,2608000,2024-05-20,PaymentsToAcquireEquityMethodInvestments,2026-08-25
EQT,liabilities,2024-03-31,10266919000,2024-05-20,Liabilities,2026-08-25
EQT,netIncome,2024-03-31,103488000,2024-05-20,NetIncomeLoss,2026-08-25
EQT,operatingCashFlow,2024-03-31,1155663000,2024-05-20,NetCashProvidedByUsedInOperatingActivities,2026-08-25
EQT,operatingIncome,2024-03-31,182720000,2024-05-20,OperatingIncomeLoss,2026-08-25
EQT,receivables,2024-03-31,445156000,2024-05-20,AccountsReceivableNetCurrent,2026-08-25
EQT,revenue,2024-03-31,1412268000,2024-05-20,Revenues,2026-08-25
ERIE,assets,2024-03-31,2555794000,2024-05-20,Assets,2026-08-25
ERIE,capex,2024-03-31,22446000,2024-05-20,PaymentsToAcquireProductiveAssets,2026-08-25
ERIE,equity,2024-03-31,1726180000,2024-05-20,StockholdersEquity,2026-08-25
ERIE,liabilities,2024-03-31,829614000,2024-05-20,Liabilities,2026-08-25
ERIE,netIncome,2024-03-31,124552000,2024-05-20,NetIncomeLoss,2026-08-25
ERIE,operatingCashFlow,2024-03-31,87193000,2024-05-20,NetCashProvidedByUsedInOperatingActivities,2026-08-25
ERIE,operatingIncome,2024-03-31,138812000,2024-05-20,OperatingIncomeLoss,2026-08-25
ERIE,receivables,2024-03-31,641691000,2024-05-20,AccountsReceivableNetCurrent,2026-08-25
ERIE,revenue,2024-03-31,880701000,2024-05-20,RevenueFromContractWithCustomerExcludingAssessedTax,2026-08-25
ES,assets,2024-03-31,57322225000,2024-05-20,Assets,2026-08-25
ES,capex,2024-03-31,1149443000,2024-05-20,PaymentsToAcquirePropertyPlantAndEquipment,2026-08-25
ES,debt,2024-03-31,24929813000,2024-05-20,LongTermDebtNoncurrent,2026-08-25
ES,equity,2024-03-31,14543588000,2024-05-20,StockholdersEquity,2026-08-25
ES,equityStakes,2024-03-31,307433000,2024-05-20,PaymentsToAcquireEquityMethodInvestments,2026-08-25
ES,operatingCashFlow,2024-03-31,291312000,2024-05-20,NetCashProvidedByUsedInOperatingActivities,2026-08-25
ES,operatingIncome,2024-03-31,845973000,2024-05-20,OperatingIncomeLoss,2026-08-25
ES,receivables,2024-03-31,1593487000,2024-05-20,AccountsReceivableNetCurrent,2026-08-25
ES,revenue,2024-03-31,3332575000,2024-05-20,Revenues,2026-08-25
ES,shares,2024-03-31,351379414,2024-05-20,CommonStockSharesOutstanding,2026-08-25
ESS,assets,2024-03-31,12885185000,2024-05-20,Assets,2026-08-25
ESS,buybacks,2024-03-31,0,2024-05-20,PaymentsForRepurchaseOfCommonStock,2026-08-25
ESS,cash,2024-03-31,499036000,2024-05-20,CashAndCashEquivalentsAtCarryingValue,2026-08-25
ESS,debt,2024-03-31,6589030000,2024-05-20,LongTermDebt,2026-08-25
ESS,equity,2024-03-31,5548031000,2024-05-20,StockholdersEquity,2026-08-25
ESS,equityStakes,2024-03-31,2074000,2024-05-20,PaymentsToAcquireEquityMethodInvestments,2026-08-25
ESS,grossProfit,2024-03-31,297717000,2024-05-20,GrossProfit,2026-08-25
ESS,liabilities,2024-03-31,7129240000,2024-05-20,Liabilities,2026-08-25
ESS,operatingCashFlow,2024-03-31,314855000,2024-05-20,NetCashProvidedByUsedInOperatingActivities,2026-08-25
ESS,operatingIncome,2024-03-31,132359000,2024-05-20,OperatingIncomeLoss,2026-08-25
ESS,revenue,2024-03-31,426928000,2024-05-20,Revenues,2026-08-25
ESS,shares,2024-03-31,64209059,2024-05-20,CommonStockSharesOutstanding,2026-08-25
ETN,assets,2024-03-31,38535000000,2024-05-20,Assets,2026-08-25
ETN,buybacks,2024-03-31,138000000,2024-05-20,PaymentsForRepurchaseOfCommonStock,2026-08-25
ETN,capex,2024-03-31,183000000,2024-05-20,PaymentsToAcquirePropertyPlantAndEquipment,2026-08-25
ETN,cash,2024-03-31,473000000,2024-05-20,CashAndCashEquivalentsAtCarryingValue,2026-08-25
ETN,debt,2024-03-31,9186000000,2024-05-20,LongTermDebt,2026-08-25
ETN,equity,2024-03-31,19292000000,2024-05-20,StockholdersEquity,2026-08-25
ETN,inventory,2024-03-31,3868000000,2024-05-20,InventoryNet,2026-08-25
ETN,netIncome,2024-03-31,821000000,2024-05-20,NetIncomeLoss,2026-08-25
ETN,operatingCashFlow,2024-03-31,475000000,2024-05-20,NetCashProvidedByUsedInOperatingActivities,2026-08-25
ETN,revenue,2024-03-31,5943000000,2024-05-20,RevenueFromContractWithCustomerExcludingAssessedTax,2026-08-25
ETN,rnd,2024-03-31,189000000,2024-05-20,ResearchAndDevelopmentExpense,2026-08-25
ETN,shares,2024-03-31,399800000,2024-05-20,CommonStockSharesOutstanding,2026-08-25
ETR,assets,2024-03-31,61629856000,2024-05-20,Assets,2026-08-25
ETR,capex,2024-03-31,961152000,2024-05-20,PaymentsToAcquirePropertyPlantAndEquipment,2026-08-25
ETR,cash,2024-03-31,1294859000,2024-05-20,CashAndCashEquivalentsAtCarryingValue,2026-08-25
ETR,debt,2024-03-31,24309439000,2024-05-20,LongTermDebtNoncurrent,2026-08-25
ETR,equity,2024-03-31,14458340000,2024-05-20,StockholdersEquity,2026-08-25
ETR,operatingCashFlow,2024-03-31,521092000,2024-05-20,NetCashProvidedByUsedInOperatingActivities,2026-08-25
ETR,operatingIncome,2024-03-31,237982000,2024-05-20,OperatingIncomeLoss,2026-08-25
ETR,receivables,2024-03-31,1285534000,2024-05-20,AccountsReceivableNetCurrent,2026-08-25
ETR,revenue,2024-03-31,2794628000,2024-05-20,Revenues,2026-08-25
EVRG,assets,2024-03-31,31256300000,2024-05-20,Assets,2026-08-25
EVRG,capex,2024-03-31,618600000,2024-05-20,PaymentsToAcquirePropertyPlantAndEquipment,2026-08-25
EVRG,cash,2024-03-31,63700000,2024-05-20,CashAndCashEquivalentsAtCarryingValue,2026-08-25
EVRG,debt,2024-03-31,11658400000,2024-05-20,LongTermDebtNoncurrent,2026-08-25
EVRG,equity,2024-03-31,9639100000,2024-05-20,StockholdersEquity,2026-08-25
EVRG,netIncome,2024-03-31,122700000,2024-05-20,NetIncomeLoss,2026-08-25
EVRG,operatingCashFlow,2024-03-31,317300000,2024-05-20,NetCashProvidedByUsedInOperatingActivities,2026-08-25
EVRG,operatingIncome,2024-03-31,260200000,2024-05-20,OperatingIncomeLoss,2026-08-25
EVRG,receivables,2024-03-31,175300000,2024-05-20,AccountsReceivableNetCurrent,2026-08-25
EVRG,revenue,2024-03-31,1331000000,2024-05-20,Revenues,2026-08-25
EW,assets,2024-03-31,9736300000,2024-05-20,Assets,2026-08-25
EW,buybacks,2024-03-31,200000,2024-05-20,PaymentsForRepurchaseOfCommonStock,2026-08-25
EW,capex,2024-03-31,65300000,2024-05-20,PaymentsToAcquirePropertyPlantAndEquipment,2026-08-25
EW,cash,2024-03-31,1224600000,2024-05-20,CashAndCashEquivalentsAtCarryingValue,2026-08-25
EW,debt,2024-03-31,597200000,2024-05-20,LongTermDebtNoncurrent,2026-08-25
EW,equity,2024-03-31,7117900000,2024-05-20,StockholdersEquity,2026-08-25
EW,grossProfit,2024-03-31,1043000000,2024-05-20,GrossProfit,2026-08-25
EW,inventory,2024-03-31,1207300000,2024-05-20,InventoryNet,2026-08-25
EW,liabilities,2024-03-31,2549900000,2024-05-20,Liabilities,2026-08-25
EW,netIncome,2024-03-31,351900000,2024-05-20,NetIncomeLoss,2026-08-25
EW,operatingCashFlow,2024-03-31,-53500000,2024-05-20,NetCashProvidedByUsedInOperatingActivities,2026-08-25
EW,operatingIncome,2024-03-31,349000000,2024-05-20,OperatingIncomeLoss,2026-08-25
EW,receivables,2024-03-31,817600000,2024-05-20,AccountsReceivableNetCurrent,2026-08-25
EW,revenue,2024-03-31,1329900000,2024-05-20,RevenueFromContractWithCustomerExcludingAssessedTax,2026-08-25
EW,rnd,2024-03-31,256700000,2024-05-20,ResearchAndDevelopmentExpense,2026-08-25
EW,shares,2024-03-31,602400000,2024-05-20,CommonStockSharesOutstanding,2026-08-25
EXC,assets,2024-03-31,103211000000,2024-05-20,Assets,2026-08-25
EXC,capex,2024-03-31,1767000000,2024-05-20,PaymentsToAcquirePropertyPlantAndEquipment,2026-08-25
EXC,cash,2024-03-31,720000000,2024-05-20,CashAndCashEquivalentsAtCarryingValue,2026-08-25
EXC,debt,2024-03-31,42271000000,2024-05-20,LongTermDebtNoncurrent,2026-08-25
EXC,equity,2024-03-31,26061000000,2024-05-20,StockholdersEquity,2026-08-25
EXC,liabilities,2024-03-31,77150000000,2024-05-20,Liabilities,2026-08-25
EXC,operatingCashFlow,2024-03-31,992000000,2024-05-20,NetCashProvidedByUsedInOperatingActivities,2026-08-25
EXC,operatingIncome,2024-03-31,1114000000,2024-05-20,OperatingIncomeLoss,2026-08-25
EXC,receivables,2024-03-31,2550000000,2024-05-20,AccountsReceivableNetCurrent,2026-08-25
EXC,revenue,2024-03-31,6043000000,2024-05-20,Revenues,2026-08-25
EXC,shares,2024-03-31,1000000000,2024-05-20,CommonStockSharesOutstanding,2026-08-25
EXE,assets,2024-03-31,14018000000,2024-05-20,Assets,2026-08-25
EXE,buybacks,2024-03-31,0,2024-05-20,PaymentsForRepurchaseOfCommonStock,2026-08-25
EXE,capex,2024-03-31,421000000,2024-05-20,PaymentsToAcquirePropertyPlantAndEquipment,2026-08-25
EXE,cash,2024-03-31,1179000000,2024-05-20,CashAndCashEquivalentsAtCarryingValue,2026-08-25
EXE,debt,2024-03-31,2025000000,2024-05-20,LongTermDebtNoncurrent,2026-08-25
EXE,equity,2024-03-31,10682000000,2024-05-20,StockholdersEquity,2026-08-25
EXE,equityStakes,2024-03-31,16000000,2024-05-20,PaymentsToAcquireEquityMethodInvestments,2026-08-25
EXE,liabilities,2024-03-31,3336000000,2024-05-20,Liabilities,2026-08-25
EXE,netIncome,2024-03-31,26000000,2024-05-20,NetIncomeLoss,2026-08-25
EXE,operatingCashFlow,2024-03-31,552000000,2024-05-20,NetCashProvidedByUsedInOperatingActivities,2026-08-25
EXE,operatingIncome,2024-03-31,32000000,2024-05-20,OperatingIncomeLoss,2026-08-25
EXE,receivables,2024-03-31,314000000,2024-05-20,AccountsReceivableNetCurrent,2026-08-25
EXE,revenue,2024-03-31,1081000000,2024-05-20,Revenues,2026-08-25
EXPD,assets,2024-03-31,4488268000,2024-05-20,Assets,2026-08-25
EXPD,buybacks,2024-03-31,360524000,2024-05-20,PaymentsForRepurchaseOfCommonStock,2026-08-25
EXPD,capex,2024-03-31,10181000,2024-05-20,PaymentsToAcquireProductiveAssets,2026-08-25
EXPD,cash,2024-03-31,1370456000,2024-05-20,CashAndCashEquivalentsAtCarryingValue,2026-08-25
EXPD,equity,2024-03-31,2195462000,2024-05-20,StockholdersEquity,2026-08-25
EXPD,netIncome,2024-03-31,169152000,2024-05-20,NetIncomeLoss,2026-08-25
EXPD,operatingCashFlow,2024-03-31,256904000,2024-05-20,NetCashProvidedByUsedInOperatingActivities,2026-08-25
EXPD,operatingIncome,2024-03-31,214776000,2024-05-20,OperatingIncomeLoss,2026-08-25
EXPD,receivables,2024-03-31,1572356000,2024-05-20,AccountsReceivableNetCurrent,2026-08-25
EXPD,revenue,2024-03-31,2206678000,2024-05-20,RevenueFromContractWithCustomerExcludingAssessedTax,2026-08-25
EXPD,shares,2024-03-31,141119000,2024-05-20,CommonStockSharesOutstanding,2026-08-25
EXPE,assets,2024-03-31,24761000000,2024-05-20,Assets,2026-08-25
EXPE,buybacks,2024-03-31,643000000,2024-05-20,PaymentsForRepurchaseOfCommonStock,2026-08-25
EXPE,capex,2024-03-31,177000000,2024-05-20,PaymentsToAcquirePropertyPlantAndEquipment,2026-08-25
EXPE,cash,2024-03-31,5686000000,2024-05-20,CashAndCashEquivalentsAtCarryingValue,2026-08-25
EXPE,debt,2024-03-31,6256000000,2024-05-20,LongTermDebt,2026-08-25
EXPE,equity,2024-03-31,890000000,2024-05-20,StockholdersEquity,2026-08-25
EXPE,netIncome,2024-03-31,-135000000,2024-05-20,NetIncomeLoss,2026-08-25
EXPE,operatingCashFlow,2024-03-31,2879000000,2024-05-20,NetCashProvidedByUsedInOperatingActivities,2026-08-25
EXPE,operatingIncome,2024-03-31,-110000000,2024-05-20,OperatingIncomeLoss,2026-08-25
EXPE,receivables,2024-03-31,3750000000,2024-05-20,AccountsReceivableNetCurrent,2026-08-25
EXPE,revenue,2024-03-31,2889000000,2024-05-20,RevenueFromContractWithCustomerExcludingAssessedTax,2026-08-25
EXPE,shares,2024-03-31,128007000,2024-05-20,CommonStockSharesOutstanding,2026-08-25
EXR,assets,2024-03-31,27480120000,2024-05-20,Assets,2026-08-25
EXR,capex,2024-03-31,35084000,2024-05-20,PaymentsToAcquireProductiveAssets,2026-08-25
EXR,cash,2024-03-31,50816000,2024-05-20,CashAndCashEquivalentsAtCarryingValue,2026-08-25
EXR,equity,2024-03-31,14297046000,2024-05-20,StockholdersEquity,2026-08-25
EXR,liabilities,2024-03-31,12191142000,2024-05-20,Liabilities,2026-08-25
EXR,netIncome,2024-03-31,213112000,2024-05-20,NetIncomeLoss,2026-08-25
EXR,operatingCashFlow,2024-03-31,465556000,2024-05-20,NetCashProvidedByUsedInOperatingActivities,2026-08-25
EXR,operatingIncome,2024-03-31,335828000,2024-05-20,OperatingIncomeLoss,2026-08-25
EXR,revenue,2024-03-31,799539000,2024-05-20,Revenues,2026-08-25
EXR,shares,2024-03-31,211658812,2024-05-20,CommonStockSharesOutstanding,2026-08-25
F,assets,2024-03-31,274341000000,2024-05-20,Assets,2026-08-25
F,buybacks,2024-03-31,0,2024-05-20,PaymentsForRepurchaseOfCommonStock,2026-08-25
F,capex,2024-03-31,2094000000,2024-05-20,PaymentsToAcquireProductiveAssets,2026-08-25
F,cash,2024-03-31,19721000000,2024-05-20,CashAndCashEquivalentsAtCarryingValue,2026-08-25
F,equity,2024-03-31,42870000000,2024-05-20,StockholdersEquity,2026-08-25
F,equityStakes,2024-03-31,639000000,2024-05-20,PaymentsToAcquireEquityMethodInvestments,2026-08-25
F,inventory,2024-03-31,18632000000,2024-05-20,InventoryNet,2026-08-25
F,liabilities,2024-03-31,231444000000,2024-05-20,Liabilities,2026-08-25
F,netIncome,2024-03-31,1332000000,2024-05-20,NetIncomeLoss,2026-08-25
F,operatingCashFlow,2024-03-31,1385000000,2024-05-20,NetCashProvidedByUsedInOperatingActivities,2026-08-25
F,operatingIncome,2024-03-31,1225000000,2024-05-20,OperatingIncomeLoss,2026-08-25
F,receivables,2024-03-31,18698000000,2024-05-20,AccountsReceivableNetCurrent,2026-08-25
F,revenue,2024-03-31,42777000000,2024-05-20,RevenueFromContractWithCustomerExcludingAssessedTax,2026-08-25
FANG,assets,2024-03-31,29690000000,2024-05-20,Assets,2026-08-25
FANG,buybacks,2024-03-31,42000000,2024-05-20,PaymentsForRepurchaseOfCommonStock,2026-08-25
FANG,cash,2024-03-31,896000000,2024-05-20,CashAndCashEquivalentsAtCarryingValue,2026-08-25
FANG,debt,2024-03-31,6629000000,2024-05-20,LongTermDebtNoncurrent,2026-08-25
FANG,equity,2024-03-31,16950000000,2024-05-20,StockholdersEquity,2026-08-25
FANG,inventory,2024-03-31,57000000,2024-05-20,InventoryNet,2026-08-25
FANG,liabilities,2024-03-31,11671000000,2024-05-20,Liabilities,2026-08-25
FANG,netIncome,2024-03-31,768000000,2024-05-20,NetIncomeLoss,2026-08-25
FANG,operatingCashFlow,2024-03-31,1334000000,2024-05-20,NetCashProvidedByUsedInOperatingActivities,2026-08-25
FANG,operatingIncome,2024-03-31,1118000000,2024-05-20,OperatingIncomeLoss,2026-08-25
FANG,receivables,2024-03-31,734000000,2024-05-20,AccountsReceivableNetCurrent,2026-08-25
FANG,revenue,2024-03-31,2227000000,2024-05-20,Revenues,2026-08-25
FANG,shares,2024-03-31,178339978,2024-05-20,CommonStockSharesOutstanding,2026-08-25
FAST,assets,2024-03-31,4532700000,2024-05-20,Assets,2026-08-25
FAST,capex,2024-03-31,50800000,2024-05-20,PaymentsToAcquirePropertyPlantAndEquipment,2026-08-25
FAST,cash,2024-03-31,237100000,2024-05-20,CashAndCashEquivalentsAtCarryingValue,2026-08-25
FAST,debt,2024-03-31,200000000,2024-05-20,LongTermDebtNoncurrent,2026-08-25
FAST,equity,2024-03-31,3429200000,2024-05-20,StockholdersEquity,2026-08-25
FAST,grossProfit,2024-03-31,861600000,2024-05-20,GrossProfit,2026-08-25
FAST,inventory,2024-03-31,1496300000,2024-05-20,InventoryNet,2026-08-25
FAST,netIncome,2024-03-31,297700000,2024-05-20,NetIncomeLoss,2026-08-25
FAST,operatingCashFlow,2024-03-31,335600000,2024-05-20,NetCashProvidedByUsedInOperatingActivities,2026-08-25
FAST,operatingIncome,2024-03-31,390200000,2024-05-20,OperatingIncomeLoss,2026-08-25
FAST,receivables,2024-03-31,1213200000,2024-05-20,AccountsReceivableNetCurrent,2026-08-25
FAST,revenue,2024-03-31,1895100000,2024-05-20,RevenueFromContractWithCustomerExcludingAssessedTax,2026-08-25
FAST,shares,2024-03-31,572525495,2024-05-20,CommonStockSharesOutstanding,2026-08-25
FCX,assets,2024-03-31,54198000000,2024-05-20,Assets,2026-08-25
FCX,buybacks,2024-03-31,0,2024-05-20,PaymentsForRepurchaseOfCommonStock,2026-08-25
FCX,capex,2024-03-31,1254000000,2024-05-20,PaymentsToAcquireProductiveAssets,2026-08-25
FCX,cash,2024-03-31,5208000000,2024-05-20,CashAndCashEquivalentsAtCarryingValue,2026-08-25
FCX,debt,2024-03-31,8656000000,2024-05-20,LongTermDebtNoncurrent,2026-08-25
FCX,equity,2024-03-31,16973000000,2024-05-20,StockholdersEquity,2026-08-25
FCX,liabilities,2024-03-31,26093000000,2024-05-20,Liabilities,2026-08-25
FCX,operatingCashFlow,2024-03-31,1896000000,2024-05-20,NetCashProvidedByUsedInOperatingActivities,2026-08-25
FCX,operatingIncome,2024-03-31,1634000000,2024-05-20,OperatingIncomeLoss,2026-08-25
FCX,receivables,2024-03-31,1494000000,2024-05-20,AccountsReceivableNetCurrent,2026-08-25
FCX,revenue,2024-03-31,6321000000,2024-05-20,Revenues,2026-08-25
FDS,assets,2024-02-29,3990866000,2024-04-19,Assets,2026-08-25
FDS,cash,2024-02-29,381708000,2024-04-19,CashAndCashEquivalentsAtCarryingValue,2026-08-25
FDS,debt,2024-02-29,1489488000,2024-04-19,LongTermDebtNoncurrent,2026-08-25
FDS,equity,2024-02-29,1801754000,2024-04-19,StockholdersEquity,2026-08-25
FDS,liabilities,2024-02-29,2189112000,2024-04-19,Liabilities,2026-08-25
FDS,netIncome,2024-02-29,140940000,2024-04-19,NetIncomeLoss,2026-08-25
FDS,operatingIncome,2024-02-29,181942000,2024-04-19,OperatingIncomeLoss,2026-08-25
FDS,receivables,2024-02-29,272177000,2024-04-19,AccountsReceivableNetCurrent,2026-08-25
FDS,revenue,2024-02-29,545945000,2024-04-19,RevenueFromContractWithCustomerExcludingAssessedTax,2026-08-25
FDS,shares,2024-02-29,38123087,2024-04-19,CommonStockSharesOutstanding,2026-08-25
FDX,assets,2024-02-29,86114000000,2024-04-19,Assets,2026-08-25
FDX,cash,2024-02-29,5644000000,2024-04-19,CashAndCashEquivalentsAtCarryingValue,2026-08-25
FDX,equity,2024-02-29,26375000000,2024-04-19,StockholdersEquity,2026-08-25
FDX,netIncome,2024-02-29,879000000,2024-04-19,NetIncomeLoss,2026-08-25
FDX,operatingIncome,2024-02-29,1243000000,2024-04-19,OperatingIncomeLoss,2026-08-25
FDX,revenue,2024-02-29,21738000000,2024-04-19,RevenueFromContractWithCustomerExcludingAssessedTax,2026-08-25
FE,assets,2024-03-31,51299000000,2024-05-20,Assets,2026-08-25
FE,capex,2024-03-31,790000000,2024-05-20,PaymentsToAcquireProductiveAssets,2026-08-25
FE,cash,2024-03-31,888000000,2024-05-20,CashAndCashEquivalentsAtCarryingValue,2026-08-25
FE,equity,2024-03-31,12397000000,2024-05-20,StockholdersEquity,2026-08-25
FE,inventory,2024-03-31,538000000,2024-05-20,InventoryNet,2026-08-25
FE,liabilities,2024-03-31,37686000000,2024-05-20,Liabilities,2026-08-25
FE,netIncome,2024-03-31,253000000,2024-05-20,NetIncomeLoss,2026-08-25
FE,operatingCashFlow,2024-03-31,-40000000,2024-05-20,NetCashProvidedByUsedInOperatingActivities,2026-08-25
FE,operatingIncome,2024-03-31,612000000,2024-05-20,OperatingIncomeLoss,2026-08-25
FE,receivables,2024-03-31,1365000000,2024-05-20,AccountsReceivableNetCurrent,2026-08-25
FE,revenue,2024-03-31,3287000000,2024-05-20,Revenues,2026-08-25
FE,shares,2024-03-31,575516472,2024-05-20,CommonStockSharesOutstanding,2026-08-25
FERG,equity,2024-01-31,5418000000,2024-04-25,StockholdersEquity,2026-08-25
FERG,grossProfit,2024-01-31,2029000000,2024-04-25,GrossProfit,2026-08-25
FERG,netIncome,2024-01-31,322000000,2024-04-25,NetIncomeLoss,2026-08-25
FERG,operatingIncome,2024-01-31,477000000,2024-04-25,OperatingIncomeLoss,2026-08-25
FERG,revenue,2024-01-31,6673000000,2024-04-25,Revenues,2026-08-25
FFIV,assets,2024-03-31,5384670000,2024-05-20,Assets,2026-08-25
FFIV,cash,2024-03-31,902680000,2024-05-20,CashAndCashEquivalentsAtCarryingValue,2026-08-25
FFIV,grossProfit,2024-03-31,540241000,2024-05-20,GrossProfit,2026-08-25
FFIV,inventory,2024-03-31,69760000,2024-05-20,InventoryNet,2026-08-25
FFIV,netIncome,2024-03-31,119021000,2024-05-20,NetIncomeLoss,2026-08-25
FFIV,operatingIncome,2024-03-31,139960000,2024-05-20,OperatingIncomeLoss,2026-08-25
FFIV,receivables,2024-03-31,388325000,2024-05-20,AccountsReceivableNetCurrent,2026-08-25
FFIV,revenue,2024-03-31,681354000,2024-05-20,RevenueFromContractWithCustomerExcludingAssessedTax,2026-08-25
FFIV,rnd,2024-03-31,122207000,2024-05-20,ResearchAndDevelopmentExpense,2026-08-25
FFIV,shares,2024-03-31,58609000,2024-05-20,CommonStockSharesOutstanding,2026-08-25
FICO,assets,2024-03-31,1703117000,2024-05-20,Assets,2026-08-25
FICO,cash,2024-03-31,135667000,2024-05-20,CashAndCashEquivalentsAtCarryingValue,2026-08-25
FICO,debt,2024-03-31,2028652000,2024-05-20,LongTermDebtNoncurrent,2026-08-25
FICO,equity,2024-03-31,-735660000,2024-05-20,StockholdersEquity,2026-08-25
FICO,liabilities,2024-03-31,2438777000,2024-05-20,Liabilities,2026-08-25
FICO,netIncome,2024-03-31,129799000,2024-05-20,NetIncomeLoss,2026-08-25
FICO,operatingIncome,2024-03-31,194841000,2024-05-20,OperatingIncomeLoss,2026-08-25
FICO,receivables,2024-03-31,469025000,2024-05-20,AccountsReceivableNetCurrent,2026-08-25
FICO,revenue,2024-03-31,433809000,2024-05-20,RevenueFromContractWithCustomerExcludingAssessedTax,2026-08-25
FICO,rnd,2024-03-31,40880000,2024-05-20,ResearchAndDevelopmentExpense,2026-08-25
FICO,shares,2024-03-31,24753000,2024-05-20,CommonStockSharesOutstanding,2026-08-25
FIS,assets,2024-03-31,35871000000,2024-05-20,Assets,2026-08-25
FIS,buybacks,2024-03-31,1342000000,2024-05-20,PaymentsForRepurchaseOfCommonStock,2026-08-25
FIS,capex,2024-03-31,27000000,2024-05-20,PaymentsToAcquirePropertyPlantAndEquipment,2026-08-25
FIS,cash,2024-03-31,3329000000,2024-05-20,CashAndCashEquivalentsAtCarryingValue,2026-08-25
FIS,debt,2024-03-31,10607000000,2024-05-20,LongTermDebtNoncurrent,2026-08-25
FIS,equity,2024-03-31,18021000000,2024-05-20,StockholdersEquity,2026-08-25
FIS,grossProfit,2024-03-31,909000000,2024-05-20,GrossProfit,2026-08-25
FIS,liabilities,2024-03-31,17846000000,2024-05-20,Liabilities,2026-08-25
FIS,netIncome,2024-03-31,706000000,2024-05-20,NetIncomeLoss,2026-08-25
FIS,operatingCashFlow,2024-03-31,206000000,2024-05-20,NetCashProvidedByUsedInOperatingActivitiesContinuingOperations,2026-08-25
FIS,operatingIncome,2024-03-31,354000000,2024-05-20,OperatingIncomeLoss,2026-08-25
FIS,revenue,2024-03-31,2468000000,2024-05-20,RevenueFromContractWithCustomerExcludingAssessedTax,2026-08-25
FISV,assets,2024-03-31,92698000000,2024-05-20,Assets,2026-08-25
FISV,capex,2024-03-31,420000000,2024-05-20,PaymentsToAcquirePropertyPlantAndEquipment,2026-08-25
FISV,cash,2024-03-31,1214000000,2024-05-20,CashAndCashEquivalentsAtCarryingValue,2026-08-25
FISV,equity,2024-03-31,28801000000,2024-05-20,StockholdersEquity,2026-08-25
FISV,liabilities,2024-03-31,63115000000,2024-05-20,Liabilities,2026-08-25
FISV,netIncome,2024-03-31,735000000,2024-05-20,NetIncomeLoss,2026-08-25
FISV,operatingCashFlow,2024-03-31,831000000,2024-05-20,NetCashProvidedByUsedInOperatingActivities,2026-08-25
FISV,operatingIncome,2024-03-31,1181000000,2024-05-20,OperatingIncomeLoss,2026-08-25
FISV,receivables,2024-03-31,3574000000,2024-05-20,AccountsReceivableNetCurrent,2026-08-25
FISV,revenue,2024-03-31,4883000000,2024-05-20,Revenues,2026-08-25
FITB,assets,2024-03-31,214506000000,2024-05-20,Assets,2026-08-25
FITB,buybacks,2024-03-31,0,2024-05-20,PaymentsForRepurchaseOfCommonStock,2026-08-25
FITB,capex,2024-03-31,65000000,2024-05-20,PaymentsToAcquirePropertyPlantAndEquipment,2026-08-25
FITB,debt,2024-03-31,15444000000,2024-05-20,LongTermDebt,2026-08-25
FITB,equity,2024-03-31,19018000000,2024-05-20,StockholdersEquity,2026-08-25
FITB,liabilities,2024-03-31,195488000000,2024-05-20,Liabilities,2026-08-25
FITB,netIncome,2024-03-31,520000000,2024-05-20,NetIncomeLoss,2026-08-25
FITB,operatingCashFlow,2024-03-31,386000000,2024-05-20,NetCashProvidedByUsedInOperatingActivities,2026-08-25
FITB,shares,2024-03-31,683812363,2024-05-20,CommonStockSharesOutstanding,2026-08-25
FIX,assets,2024-03-31,3902829000,2024-05-20,Assets,2026-08-25
FIX,buybacks,2024-03-31,295000,2024-05-20,PaymentsForRepurchaseOfCommonStock,2026-08-25
FIX,capex,2024-03-31,24952000,2024-05-20,PaymentsToAcquirePropertyPlantAndEquipment,2026-08-25
FIX,cash,2024-03-31,100792000,2024-05-20,CashAndCashEquivalentsAtCarryingValue,2026-08-25
FIX,debt,2024-03-31,77004000,2024-05-20,LongTermDebtNoncurrent,2026-08-25
FIX,equity,2024-03-31,1372536000,2024-05-20,StockholdersEquity,2026-08-25
FIX,grossProfit,2024-03-31,297363000,2024-05-20,GrossProfit,2026-08-25
FIX,inventory,2024-03-31,71061000,2024-05-20,InventoryNet,2026-08-25
FIX,liabilities,2024-03-31,2530293000,2024-05-20,Liabilities,2026-08-25
FIX,netIncome,2024-03-31,96319000,2024-05-20,NetIncomeLoss,2026-08-25
FIX,operatingCashFlow,2024-03-31,146557000,2024-05-20,NetCashProvidedByUsedInOperatingActivities,2026-08-25
FIX,operatingIncome,2024-03-31,135460000,2024-05-20,OperatingIncomeLoss,2026-08-25
FIX,revenue,2024-03-31,1537016000,2024-05-20,Revenues,2026-08-25
FIX,shares,2024-03-31,35695000,2024-05-20,CommonStockSharesOutstanding,2026-08-25
FLEX,assets,2024-03-31,18257000000,2024-05-20,Assets,2026-08-25
FLEX,cash,2024-03-31,2474000000,2024-05-20,CashAndCashEquivalentsAtCarryingValue,2026-08-25
FLEX,debt,2024-03-31,3261000000,2024-05-20,LongTermDebtNoncurrent,2026-08-25
FLEX,equity,2024-03-31,5325000000,2024-05-20,StockholdersEquity,2026-08-25
FLEX,grossProfit,2024-03-31,437000000,2024-05-20,GrossProfit,2026-08-25
FLEX,inventory,2024-03-31,6205000000,2024-05-20,InventoryNet,2026-08-25
FLEX,liabilities,2024-03-31,12932000000,2024-05-20,Liabilities,2026-08-25
FLEX,netIncome,2024-03-31,395000000,2024-05-20,NetIncomeLoss,2026-08-25
FLEX,operatingIncome,2024-03-31,159000000,2024-05-20,OperatingIncomeLoss,2026-08-25
FLEX,receivables,2024-03-31,3033000000,2024-05-20,AccountsReceivableNetCurrent,2026-08-25
FLEX,revenue,2024-03-31,6169000000,2024-05-20,RevenueFromContractWithCustomerExcludingAssessedTax,2026-08-25
FLEX,shares,2024-03-31,408101772,2024-05-20,CommonStockSharesOutstanding,2026-08-25
FOX,assets,2024-03-31,21717000000,2024-05-20,Assets,2026-08-25
FOX,debt,2024-03-31,7196000000,2024-05-20,LongTermDebtNoncurrent,2026-08-25
FOX,equity,2024-03-31,10554000000,2024-05-20,StockholdersEquity,2026-08-25
FOX,inventory,2024-03-31,660000000,2024-05-20,InventoryNet,2026-08-25
FOX,receivables,2024-03-31,2481000000,2024-05-20,AccountsReceivableNetCurrent,2026-08-25
FOX,revenue,2024-03-31,3447000000,2024-05-20,RevenueFromContractWithCustomerExcludingAssessedTax,2026-08-25
FRT,assets,2024-03-31,8271660000,2024-05-20,Assets,2026-08-25
FRT,cash,2024-03-31,95936000,2024-05-20,CashAndCashEquivalentsAtCarryingValue,2026-08-25
FRT,equity,2024-03-31,2918071000,2024-05-20,StockholdersEquity,2026-08-25
FRT,liabilities,2024-03-31,5092704000,2024-05-20,Liabilities,2026-08-25
FRT,netIncome,2024-03-31,56736000,2024-05-20,NetIncomeLoss,2026-08-25
FRT,operatingCashFlow,2024-03-31,141160000,2024-05-20,NetCashProvidedByUsedInOperatingActivities,2026-08-25
FRT,operatingIncome,2024-03-31,100194000,2024-05-20,OperatingIncomeLoss,2026-08-25
FRT,revenue,2024-03-31,291323000,2024-05-20,Revenues,2026-08-25
FRT,shares,2024-03-31,82948600,2024-05-20,CommonStockSharesOutstanding,2026-08-25
FSLR,assets,2024-03-31,10760582000,2024-05-20,Assets,2026-08-25
FSLR,capex,2024-03-31,413456000,2024-05-20,PaymentsToAcquirePropertyPlantAndEquipment,2026-08-25
FSLR,cash,2024-03-31,1682081000,2024-05-20,CashAndCashEquivalentsAtCarryingValue,2026-08-25
FSLR,debt,2024-03-31,418695000,2024-05-20,LongTermDebtNoncurrent,2026-08-25
FSLR,equity,2024-03-31,6902514000,2024-05-20,StockholdersEquity,2026-08-25
FSLR,grossProfit,2024-03-31,346003000,2024-05-20,GrossProfit,2026-08-25
FSLR,inventory,2024-03-31,970871000,2024-05-20,InventoryNet,2026-08-25
FSLR,liabilities,2024-03-31,3858068000,2024-05-20,Liabilities,2026-08-25
FSLR,netIncome,2024-03-31,236616000,2024-05-20,NetIncomeLoss,2026-08-25
FSLR,operatingCashFlow,2024-03-31,267723000,2024-05-20,NetCashProvidedByUsedInOperatingActivities,2026-08-25
FSLR,operatingIncome,2024-03-31,243141000,2024-05-20,OperatingIncomeLoss,2026-08-25
FSLR,receivables,2024-03-31,669745000,2024-05-20,AccountsReceivableNetCurrent,2026-08-25
FSLR,revenue,2024-03-31,794108000,2024-05-20,Revenues,2026-08-25
FSLR,rnd,2024-03-31,42742000,2024-05-20,ResearchAndDevelopmentExpense,2026-08-25
FSLR,shares,2024-03-31,107041246,2024-05-20,CommonStockSharesOutstanding,2026-08-25
FTNT,assets,2024-03-31,7662100000,2024-05-20,Assets,2026-08-25
FTNT,capex,2024-03-31,221900000,2024-05-20,PaymentsToAcquirePropertyPlantAndEquipment,2026-08-25
FTNT,cash,2024-03-31,1926300000,2024-05-20,CashAndCashEquivalentsAtCarryingValue,2026-08-25
FTNT,debt,2024-03-31,992800000,2024-05-20,LongTermDebtNoncurrent,2026-08-25
FTNT,equity,2024-03-31,-137500000,2024-05-20,StockholdersEquity,2026-08-25
FTNT,grossProfit,2024-03-31,1048600000,2024-05-20,GrossProfit,2026-08-25
FTNT,inventory,2024-03-31,439500000,2024-05-20,InventoryNet,2026-08-25
FTNT,liabilities,2024-03-31,7799600000,2024-05-20,Liabilities,2026-08-25
FTNT,netIncome,2024-03-31,299300000,2024-05-20,NetIncomeLoss,2026-08-25
FTNT,operatingCashFlow,2024-03-31,830400000,2024-05-20,NetCashProvidedByUsedInOperatingActivities,2026-08-25
FTNT,operatingIncome,2024-03-31,321200000,2024-05-20,OperatingIncomeLoss,2026-08-25
FTNT,receivables,2024-03-31,996200000,2024-05-20,AccountsReceivableNetCurrent,2026-08-25
FTNT,revenue,2024-03-31,1353300000,2024-05-20,RevenueFromContractWithCustomerExcludingAssessedTax,2026-08-25
FTNT,rnd,2024-03-31,173000000,2024-05-20,ResearchAndDevelopmentExpense,2026-08-25
FTNT,shares,2024-03-31,763200000,2024-05-20,CommonStockSharesOutstanding,2026-08-25
FTV,assets,2024-03-29,17520100000,2024-05-18,Assets,2026-08-25
FTV,buybacks,2024-03-29,0,2024-05-18,PaymentsForRepurchaseOfCommonStock,2026-08-25
FTV,capex,2024-03-29,26400000,2024-05-18,PaymentsToAcquirePropertyPlantAndEquipment,2026-08-25
FTV,cash,2024-03-29,704600000,2024-05-18,CashAndCashEquivalentsAtCarryingValue,2026-08-25
FTV,debt,2024-03-29,3941700000,2024-05-18,LongTermDebtNoncurrent,2026-08-25
FTV,equity,2024-03-29,10476700000,2024-05-18,StockholdersEquity,2026-08-25
FTV,grossProfit,2024-03-29,628500000,2024-05-18,GrossProfit,2026-08-25
FTV,inventory,2024-03-29,580800000,2024-05-18,InventoryNet,2026-08-25
FTV,netIncome,2024-03-29,207400000,2024-05-18,NetIncomeLoss,2026-08-25
FTV,operatingCashFlow,2024-03-29,256700000,2024-05-18,NetCashProvidedByUsedInOperatingActivities,2026-08-25
FTV,operatingIncome,2024-03-29,149800000,2024-05-18,OperatingIncomeLoss,2026-08-25
FTV,receivables,2024-03-29,962600000,2024-05-18,AccountsReceivableNetCurrent,2026-08-25
FTV,revenue,2024-03-29,984200000,2024-05-18,RevenueFromContractWithCustomerExcludingAssessedTax,2026-08-25
FTV,rnd,2024-03-29,104100000,2024-05-18,ResearchAndDevelopmentExpense,2026-08-25
FTV,shares,2024-03-29,352000000,2024-05-18,CommonStockSharesOutstanding,2026-08-25
GD,assets,2024-03-31,55880000000,2024-05-20,Assets,2026-08-25
GD,buybacks,2024-03-31,105000000,2024-05-20,PaymentsForRepurchaseOfCommonStock,2026-08-25
GD,capex,2024-03-31,159000000,2024-05-20,PaymentsToAcquirePropertyPlantAndEquipment,2026-08-25
GD,cash,2024-03-31,1036000000,2024-05-20,CashAndCashEquivalentsAtCarryingValue,2026-08-25
GD,debt,2024-03-31,8752000000,2024-05-20,LongTermDebtNoncurrent,2026-08-25
GD,equity,2024-03-31,21410000000,2024-05-20,StockholdersEquity,2026-08-25
GD,inventory,2024-03-31,9589000000,2024-05-20,InventoryNet,2026-08-25
GD,netIncome,2024-03-31,799000000,2024-05-20,NetIncomeLoss,2026-08-25
GD,operatingCashFlow,2024-03-31,-278000000,2024-05-20,NetCashProvidedByUsedInOperatingActivities,2026-08-25
GD,operatingIncome,2024-03-31,1036000000,2024-05-20,OperatingIncomeLoss,2026-08-25
GD,receivables,2024-03-31,3119000000,2024-05-20,AccountsReceivableNetCurrent,2026-08-25
GD,revenue,2024-03-31,10731000000,2024-05-20,RevenueFromContractWithCustomerExcludingAssessedTax,2026-08-25
GDDY,assets,2024-03-31,7978800000,2024-05-20,Assets,2026-08-25
GDDY,buybacks,2024-03-31,128300000,2024-05-20,PaymentsForRepurchaseOfCommonStock,2026-08-25
GDDY,capex,2024-03-31,4400000,2024-05-20,PaymentsToAcquirePropertyPlantAndEquipment,2026-08-25
GDDY,debt,2024-03-31,3794800000,2024-05-20,LongTermDebtNoncurrent,2026-08-25
GDDY,equity,2024-03-31,414800000,2024-05-20,StockholdersEquity,2026-08-25
GDDY,netIncome,2024-03-31,401500000,2024-05-20,NetIncomeLoss,2026-08-25
GDDY,operatingCashFlow,2024-03-31,297200000,2024-05-20,NetCashProvidedByUsedInOperatingActivities,2026-08-25
GDDY,operatingIncome,2024-03-31,175900000,2024-05-20,OperatingIncomeLoss,2026-08-25
GDDY,receivables,2024-03-31,93900000,2024-05-20,AccountsReceivableNetCurrent,2026-08-25
GDDY,revenue,2024-03-31,1108500000,2024-05-20,RevenueFromContractWithCustomerExcludingAssessedTax,2026-08-25
GE,assets,2024-03-31,163942000000,2024-05-20,Assets,2026-08-25
GE,buybacks,2024-03-31,322000000,2024-05-20,PaymentsForRepurchaseOfCommonStock,2026-08-25
GE,capex,2024-03-31,204000000,2024-05-20,PaymentsToAcquireProductiveAssets,2026-08-25
GE,equity,2024-03-31,29855000000,2024-05-20,StockholdersEquity,2026-08-25
GE,inventory,2024-03-31,17603000000,2024-05-20,InventoryNet,2026-08-25
GE,liabilities,2024-03-31,132838000000,2024-05-20,Liabilities,2026-08-25
GE,netIncome,2024-03-31,1539000000,2024-05-20,NetIncomeLoss,2026-08-25
GE,operatingCashFlow,2024-03-31,994000000,2024-05-20,NetCashProvidedByUsedInOperatingActivities,2026-08-25
GE,revenue,2024-03-31,8955000000,2024-05-20,Revenues,2026-08-25
GE,rnd,2024-03-31,270000000,2024-05-20,ResearchAndDevelopmentExpense,2026-08-25
GE,shares,2024-03-31,1094606676,2024-05-20,CommonStockSharesOutstanding,2026-08-25
GEHC,assets,2024-03-31,32208000000,2024-05-20,Assets,2026-08-25
GEHC,capex,2024-03-31,145000000,2024-05-20,PaymentsToAcquireProductiveAssets,2026-08-25
GEHC,cash,2024-03-31,2551000000,2024-05-20,CashAndCashEquivalentsAtCarryingValue,2026-08-25
GEHC,debt,2024-03-31,8247000000,2024-05-20,LongTermDebtNoncurrent,2026-08-25
GEHC,equity,2024-03-31,7408000000,2024-05-20,StockholdersEquity,2026-08-25
GEHC,grossProfit,2024-03-31,1902000000,2024-05-20,GrossProfit,2026-08-25
GEHC,inventory,2024-03-31,1989000000,2024-05-20,InventoryNet,2026-08-25
GEHC,liabilities,2024-03-31,24609000000,2024-05-20,Liabilities,2026-08-25
GEHC,netIncome,2024-03-31,374000000,2024-05-20,NetIncomeLoss,2026-08-25
GEHC,operatingCashFlow,2024-03-31,419000000,2024-05-20,NetCashProvidedByUsedInOperatingActivities,2026-08-25
GEHC,operatingIncome,2024-03-31,540000000,2024-05-20,OperatingIncomeLoss,2026-08-25
GEHC,revenue,2024-03-31,4650000000,2024-05-20,RevenueFromContractWithCustomerExcludingAssessedTax,2026-08-25
GEHC,rnd,2024-03-31,324000000,2024-05-20,ResearchAndDevelopmentExpense,2026-08-25
GEHC,shares,2024-03-31,456328270,2024-05-20,CommonStockSharesOutstanding,2026-08-25
GEN,assets,2024-03-29,15793000000,2024-05-18,Assets,2026-08-25
GEN,cash,2024-03-29,846000000,2024-05-18,CashAndCashEquivalentsAtCarryingValue,2026-08-25
GEN,debt,2024-03-29,8429000000,2024-05-18,LongTermDebtNoncurrent,2026-08-25
GEN,equity,2024-03-29,2140000000,2024-05-18,StockholdersEquity,2026-08-25
GEN,liabilities,2024-03-29,13653000000,2024-05-18,Liabilities,2026-08-25
GEN,receivables,2024-03-29,163000000,2024-05-18,AccountsReceivableNetCurrent,2026-08-25
GEN,shares,2024-03-29,623000000,2024-05-18,CommonStockSharesOutstanding,2026-08-25
GEV,assets,2024-03-31,47872000000,2024-05-20,Assets,2026-08-25
GEV,buybacks,2024-03-31,0,2024-05-20,PaymentsForRepurchaseOfCommonStock,2026-08-25
GEV,capex,2024-03-31,217000000,2024-05-20,PaymentsToAcquireProductiveAssets,2026-08-25
GEV,equity,2024-03-31,8974000000,2024-05-20,StockholdersEquity,2026-08-25
GEV,equityStakes,2024-03-31,91000000,2024-05-20,PaymentsToAcquireEquityMethodInvestments,2026-08-25
GEV,grossProfit,2024-03-31,1150000000,2024-05-20,GrossProfit,2026-08-25
GEV,inventory,2024-03-31,8859000000,2024-05-20,InventoryNet,2026-08-25
GEV,liabilities,2024-03-31,37892000000,2024-05-20,Liabilities,2026-08-25
GEV,netIncome,2024-03-31,-130000000,2024-05-20,NetIncomeLoss,2026-08-25
GEV,operatingCashFlow,2024-03-31,-444000000,2024-05-20,NetCashProvidedByUsedInOperatingActivities,2026-08-25
GEV,operatingIncome,2024-03-31,-289000000,2024-05-20,OperatingIncomeLoss,2026-08-25
GEV,revenue,2024-03-31,7260000000,2024-05-20,RevenueFromContractWithCustomerExcludingAssessedTax,2026-08-25
GEV,rnd,2024-03-31,237000000,2024-05-20,ResearchAndDevelopmentExpense,2026-08-25
GILD,assets,2024-03-31,56292000000,2024-05-20,Assets,2026-08-25
GILD,buybacks,2024-03-31,400000000,2024-05-20,PaymentsForRepurchaseOfCommonStock,2026-08-25
GILD,capex,2024-03-31,105000000,2024-05-20,PaymentsToAcquirePropertyPlantAndEquipment,2026-08-25
GILD,debt,2024-03-31,21527000000,2024-05-20,LongTermDebtNoncurrent,2026-08-25
GILD,equity,2024-03-31,17539000000,2024-05-20,StockholdersEquity,2026-08-25
GILD,inventory,2024-03-31,1853000000,2024-05-20,InventoryNet,2026-08-25
GILD,netIncome,2024-03-31,-4170000000,2024-05-20,NetIncomeLoss,2026-08-25
GILD,operatingCashFlow,2024-03-31,2219000000,2024-05-20,NetCashProvidedByUsedInOperatingActivities,2026-08-25
GILD,operatingIncome,2024-03-31,-4322000000,2024-05-20,OperatingIncomeLoss,2026-08-25
GILD,receivables,2024-03-31,4669000000,2024-05-20,AccountsReceivableNetCurrent,2026-08-25
GILD,revenue,2024-03-31,6686000000,2024-05-20,RevenueFromContractWithCustomerExcludingAssessedTax,2026-08-25
GILD,shares,2024-03-31,1246000000,2024-05-20,CommonStockSharesOutstanding,2026-08-25
GIS,assets,2024-02-25,30860500000,2024-04-15,Assets,2026-08-25
GIS,cash,2024-02-25,588600000,2024-04-15,CashAndCashEquivalentsAtCarryingValue,2026-08-25
GIS,equity,2024-02-25,9436800000,2024-04-15,StockholdersEquity,2026-08-25
GIS,grossProfit,2024-02-25,1707400000,2024-04-15,GrossProfit,2026-08-25
GIS,inventory,2024-02-25,1828000000,2024-04-15,InventoryNet,2026-08-25
GIS,liabilities,2024-02-25,21169200000,2024-04-15,Liabilities,2026-08-25
GIS,netIncome,2024-02-25,670100000,2024-04-15,NetIncomeLoss,2026-08-25
GIS,operatingIncome,2024-02-25,910700000,2024-04-15,OperatingIncomeLoss,2026-08-25
GIS,revenue,2024-02-25,5099200000,2024-04-15,RevenueFromContractWithCustomerExcludingAssessedTax,2026-08-25
GL,assets,2024-03-31,28570593000,2024-05-20,Assets,2026-08-25
GL,buybacks,2024-03-31,23469000,2024-05-20,PaymentsForRepurchaseOfCommonStock,2026-08-25
GL,capex,2024-03-31,9106000,2024-05-20,PaymentsToAcquirePropertyPlantAndEquipment,2026-08-25
GL,debt,2024-03-31,1629978000,2024-05-20,LongTermDebtNoncurrent,2026-08-25
GL,equity,2024-03-31,5039161000,2024-05-20,StockholdersEquity,2026-08-25
GL,grossProfit,2024-03-31,326722000,2024-05-20,GrossProfit,2026-08-25
GL,liabilities,2024-03-31,23531432000,2024-05-20,Liabilities,2026-08-25
GL,netIncome,2024-03-31,254217000,2024-05-20,NetIncomeLoss,2026-08-25
GL,operatingCashFlow,2024-03-31,350806000,2024-05-20,NetCashProvidedByUsedInOperatingActivities,2026-08-25
GL,operatingIncome,2024-03-31,327432000,2024-05-20,OperatingIncomeLoss,2026-08-25
GL,revenue,2024-03-31,1416139000,2024-05-20,Revenues,2026-08-25
GL,shares,2024-03-31,102218183,2024-05-20,CommonStockSharesOutstanding,2026-08-25
GLW,assets,2024-03-31,27618000000,2024-05-20,Assets,2026-08-25
GLW,equity,2024-03-31,11226000000,2024-05-20,StockholdersEquity,2026-08-25
GLW,grossProfit,2024-03-31,993000000,2024-05-20,GrossProfit,2026-08-25
GLW,inventory,2024-03-31,2713000000,2024-05-20,InventoryNet,2026-08-25
GLW,liabilities,2024-03-31,16059000000,2024-05-20,Liabilities,2026-08-25
GLW,netIncome,2024-03-31,209000000,2024-05-20,NetIncomeLoss,2026-08-25
GLW,operatingCashFlow,2024-03-31,96000000,2024-05-20,NetCashProvidedByUsedInOperatingActivities,2026-08-25
GLW,operatingIncome,2024-03-31,254000000,2024-05-20,OperatingIncomeLoss,2026-08-25
GLW,receivables,2024-03-31,1621000000,2024-05-20,AccountsReceivableNetCurrent,2026-08-25
GLW,revenue,2024-03-31,2975000000,2024-05-20,Revenues,2026-08-25
GM,assets,2024-03-31,276591000000,2024-05-20,Assets,2026-08-25
GM,buybacks,2024-03-31,280000000,2024-05-20,PaymentsForRepurchaseOfCommonStock,2026-08-25
GM,capex,2024-03-31,2783000000,2024-05-20,PaymentsToAcquirePropertyPlantAndEquipment,2026-08-25
GM,cash,2024-03-31,17635000000,2024-05-20,CashAndCashEquivalentsAtCarryingValue,2026-08-25
GM,equity,2024-03-31,66598000000,2024-05-20,StockholdersEquity,2026-08-25
GM,inventory,2024-03-31,17533000000,2024-05-20,InventoryNet,2026-08-25
GM,liabilities,2024-03-31,205990000000,2024-05-20,Liabilities,2026-08-25
GM,netIncome,2024-03-31,2980000000,2024-05-20,NetIncomeLoss,2026-08-25
GM,operatingCashFlow,2024-03-31,3152000000,2024-05-20,NetCashProvidedByUsedInOperatingActivities,2026-08-25
GM,operatingIncome,2024-03-31,3738000000,2024-05-20,OperatingIncomeLoss,2026-08-25
GM,receivables,2024-03-31,13774000000,2024-05-20,AccountsReceivableNetCurrent,2026-08-25
GM,revenue,2024-03-31,43014000000,2024-05-20,Revenues,2026-08-25
GM,shares,2024-03-31,1100000000,2024-05-20,CommonStockSharesOutstanding,2026-08-25
GNRC,assets,2024-03-31,5129520000,2024-05-20,Assets,2026-08-25
GNRC,buybacks,2024-03-31,0,2024-05-20,PaymentsForRepurchaseOfCommonStock,2026-08-25
GNRC,capex,2024-03-31,26820000,2024-05-20,PaymentsToAcquirePropertyPlantAndEquipment,2026-08-25
GNRC,cash,2024-03-31,249355000,2024-05-20,CashAndCashEquivalentsAtCarryingValue,2026-08-25
GNRC,debt,2024-03-31,1420625000,2024-05-20,LongTermDebtNoncurrent,2026-08-25
GNRC,equity,2024-03-31,2367404000,2024-05-20,StockholdersEquity,2026-08-25
GNRC,equityStakes,2024-03-31,1629000,2024-05-20,PaymentsToAcquireEquityMethodInvestments,2026-08-25
GNRC,grossProfit,2024-03-31,316379000,2024-05-20,GrossProfit,2026-08-25
GNRC,inventory,2024-03-31,1182350000,2024-05-20,InventoryNet,2026-08-25
GNRC,liabilities,2024-03-31,2750091000,2024-05-20,Liabilities,2026-08-25
GNRC,netIncome,2024-03-31,26232000,2024-05-20,NetIncomeLoss,2026-08-25
GNRC,operatingCashFlow,2024-03-31,111898000,2024-05-20,NetCashProvidedByUsedInOperatingActivities,2026-08-25
GNRC,operatingIncome,2024-03-31,66869000,2024-05-20,OperatingIncomeLoss,2026-08-25
GNRC,receivables,2024-03-31,520725000,2024-05-20,AccountsReceivableNetCurrent,2026-08-25
GNRC,revenue,2024-03-31,889273000,2024-05-20,RevenueFromContractWithCustomerExcludingAssessedTax,2026-08-25
GNRC,rnd,2024-03-31,49410000,2024-05-20,ResearchAndDevelopmentExpense,2026-08-25
GOOG,assets,2024-03-31,407350000000,2024-05-20,Assets,2026-08-25
GOOG,buybacks,2024-03-31,15696000000,2024-05-20,PaymentsForRepurchaseOfCommonStock,2026-08-25
GOOG,capex,2024-03-31,12012000000,2024-05-20,PaymentsToAcquirePropertyPlantAndEquipment,2026-08-25
GOOG,cash,2024-03-31,24493000000,2024-05-20,CashAndCashEquivalentsAtCarryingValue,2026-08-25
GOOG,equity,2024-03-31,292844000000,2024-05-20,StockholdersEquity,2026-08-25
GOOG,liabilities,2024-03-31,114506000000,2024-05-20,Liabilities,2026-08-25
GOOG,netIncome,2024-03-31,23662000000,2024-05-20,NetIncomeLoss,2026-08-25
GOOG,operatingCashFlow,2024-03-31,28848000000,2024-05-20,NetCashProvidedByUsedInOperatingActivities,2026-08-25
GOOG,operatingIncome,2024-03-31,25472000000,2024-05-20,OperatingIncomeLoss,2026-08-25
GOOG,receivables,2024-03-31,44552000000,2024-05-20,AccountsReceivableNetCurrent,2026-08-25
GOOG,revenue,2024-03-31,80539000000,2024-05-20,RevenueFromContractWithCustomerExcludingAssessedTax,2026-08-25
GOOG,rnd,2024-03-31,11903000000,2024-05-20,ResearchAndDevelopmentExpense,2026-08-25
GOOG,shares,2024-03-31,12381000000,2024-05-20,CommonStockSharesOutstanding,2026-08-25
GPC,assets,2024-03-31,18336512000,2024-05-20,Assets,2026-08-25
GPC,buybacks,2024-03-31,37500000,2024-05-20,PaymentsForRepurchaseOfCommonStock,2026-08-25
GPC,capex,2024-03-31,115690000,2024-05-20,PaymentsToAcquirePropertyPlantAndEquipment,2026-08-25
GPC,debt,2024-03-31,3029610000,2024-05-20,LongTermDebtNoncurrent,2026-08-25
GPC,equity,2024-03-31,4402377000,2024-05-20,StockholdersEquity,2026-08-25
GPC,grossProfit,2024-03-31,2074655000,2024-05-20,GrossProfit,2026-08-25
GPC,inventory,2024-03-31,4736108000,2024-05-20,InventoryNet,2026-08-25
GPC,netIncome,2024-03-31,248894000,2024-05-20,NetIncomeLoss,2026-08-25
GPC,operatingCashFlow,2024-03-31,318306000,2024-05-20,NetCashProvidedByUsedInOperatingActivities,2026-08-25
GPC,revenue,2024-03-31,5783631000,2024-05-20,RevenueFromContractWithCustomerExcludingAssessedTax,2026-08-25
GPC,shares,2024-03-31,139335342,2024-05-20,CommonStockSharesOutstanding,2026-08-25
GPN,assets,2024-03-31,51774750000,2024-05-20,Assets,2026-08-25
GPN,buybacks,2024-03-31,800048000,2024-05-20,PaymentsForRepurchaseOfCommonStock,2026-08-25
GPN,capex,2024-03-31,145441000,2024-05-20,PaymentsToAcquireProductiveAssets,2026-08-25
GPN,cash,2024-03-31,2167616000,2024-05-20,CashAndCashEquivalentsAtCarryingValue,2026-08-25
GPN,debt,2024-03-31,17234579000,2024-05-20,LongTermDebt,2026-08-25
GPN,equity,2024-03-31,22215831000,2024-05-20,StockholdersEquity,2026-08-25
GPN,liabilities,2024-03-31,28788605000,2024-05-20,Liabilities,2026-08-25
GPN,netIncome,2024-03-31,313307000,2024-05-20,NetIncomeLoss,2026-08-25
GPN,operatingCashFlow,2024-03-31,529579000,2024-05-20,NetCashProvidedByUsedInOperatingActivities,2026-08-25
GPN,operatingIncome,2024-03-31,359591000,2024-05-20,OperatingIncomeLoss,2026-08-25
GPN,receivables,2024-03-31,1054193000,2024-05-20,AccountsReceivableNetCurrent,2026-08-25
GPN,revenue,2024-03-31,1834094000,2024-05-20,RevenueFromContractWithCustomerExcludingAssessedTax,2026-08-25
GPN,shares,2024-03-31,255130560,2024-05-20,CommonStockSharesOutstanding,2026-08-25
GRMN,assets,2024-03-30,8633880000,2024-05-19,Assets,2026-08-25
GRMN,capex,2024-03-30,33168000,2024-05-19,PaymentsToAcquirePropertyPlantAndEquipment,2026-08-25
GRMN,cash,2024-03-30,1921782000,2024-05-19,CashAndCashEquivalentsAtCarryingValue,2026-08-25
GRMN,equity,2024-03-30,7246097000,2024-05-19,StockholdersEquity,2026-08-25
GRMN,grossProfit,2024-03-30,802139000,2024-05-19,GrossProfit,2026-08-25
GRMN,inventory,2024-03-30,1302230000,2024-05-19,InventoryNet,2026-08-25
GRMN,netIncome,2024-03-30,275961000,2024-05-19,NetIncomeLoss,2026-08-25
GRMN,operatingCashFlow,2024-03-30,435305000,2024-05-19,NetCashProvidedByUsedInOperatingActivities,2026-08-25
GRMN,operatingIncome,2024-03-30,298410000,2024-05-19,OperatingIncomeLoss,2026-08-25
GRMN,receivables,2024-03-30,694690000,2024-05-19,AccountsReceivableNetCurrent,2026-08-25
GRMN,revenue,2024-03-30,1381649000,2024-05-19,RevenueFromContractWithCustomerExcludingAssessedTax,2026-08-25
GRMN,rnd,2024-03-30,242535000,2024-05-19,ResearchAndDevelopmentExpense,2026-08-25
GRMN,shares,2024-03-30,192079000,2024-05-19,CommonStockSharesOutstanding,2026-08-25
GS,assets,2024-03-31,1698440000000,2024-05-20,Assets,2026-08-25
GS,buybacks,2024-03-31,1500000000,2024-05-20,PaymentsForRepurchaseOfCommonStock,2026-08-25
GS,capex,2024-03-31,497000000,2024-05-20,PaymentsToAcquirePropertyPlantAndEquipment,2026-08-25
GS,cash,2024-03-31,209385000000,2024-05-20,CashAndCashEquivalentsAtCarryingValue,2026-08-25
GS,equity,2024-03-31,118546000000,2024-05-20,StockholdersEquity,2026-08-25
GS,liabilities,2024-03-31,1579894000000,2024-05-20,Liabilities,2026-08-25
GS,netIncome,2024-03-31,4132000000,2024-05-20,NetIncomeLoss,2026-08-25
GS,operatingCashFlow,2024-03-31,-28038000000,2024-05-20,NetCashProvidedByUsedInOperatingActivities,2026-08-25
GS,shares,2024-03-31,324014481,2024-05-20,CommonStockSharesOutstanding,2026-08-25
GWW,assets,2024-03-31,8400000000,2024-05-20,Assets,2026-08-25
GWW,buybacks,2024-03-31,268000000,2024-05-20,PaymentsForRepurchaseOfCommonStock,2026-08-25
GWW,capex,2024-03-31,119000000,2024-05-20,PaymentsToAcquirePropertyPlantAndEquipment,2026-08-25
GWW,cash,2024-03-31,804000000,2024-05-20,CashAndCashEquivalentsAtCarryingValue,2026-08-25
GWW,debt,2024-03-31,2284000000,2024-05-20,LongTermDebtNoncurrent,2026-08-25
GWW,equity,2024-03-31,3199000000,2024-05-20,StockholdersEquity,2026-08-25
GWW,grossProfit,2024-03-31,1668000000,2024-05-20,GrossProfit,2026-08-25
GWW,inventory,2024-03-31,2178000000,2024-05-20,InventoryNet,2026-08-25
GWW,netIncome,2024-03-31,478000000,2024-05-20,NetIncomeLoss,2026-08-25
GWW,operatingCashFlow,2024-03-31,661000000,2024-05-20,NetCashProvidedByUsedInOperatingActivities,2026-08-25
GWW,operatingIncome,2024-03-31,669000000,2024-05-20,OperatingIncomeLoss,2026-08-25
GWW,receivables,2024-03-31,2330000000,2024-05-20,AccountsReceivableNetCurrent,2026-08-25
GWW,revenue,2024-03-31,4235000000,2024-05-20,RevenueFromContractWithCustomerExcludingAssessedTax,2026-08-25
HAL,assets,2024-03-31,24654000000,2024-05-20,Assets,2026-08-25
HAL,buybacks,2024-03-31,250000000,2024-05-20,PaymentsForRepurchaseOfCommonStock,2026-08-25
HAL,capex,2024-03-31,330000000,2024-05-20,PaymentsToAcquireProductiveAssets,2026-08-25
HAL,equity,2024-03-31,9636000000,2024-05-20,StockholdersEquity,2026-08-25
HAL,equityStakes,2024-03-31,0,2024-05-20,PaymentsToAcquireEquityMethodInvestments,2026-08-25
HAL,inventory,2024-03-31,3258000000,2024-05-20,InventoryNet,2026-08-25
HAL,liabilities,2024-03-31,14972000000,2024-05-20,Liabilities,2026-08-25
HAL,netIncome,2024-03-31,606000000,2024-05-20,NetIncomeLoss,2026-08-25
HAL,operatingCashFlow,2024-03-31,487000000,2024-05-20,NetCashProvidedByUsedInOperatingActivities,2026-08-25
HAL,operatingIncome,2024-03-31,987000000,2024-05-20,OperatingIncomeLoss,2026-08-25
HAS,assets,2024-03-31,6203000000,2024-05-20,Assets,2026-08-25
HAS,capex,2024-03-31,22100000,2024-05-20,PaymentsToAcquirePropertyPlantAndEquipment,2026-08-25
HAS,debt,2024-03-31,2966900000,2024-05-20,LongTermDebtNoncurrent,2026-08-25
HAS,inventory,2024-03-31,336200000,2024-05-20,InventoryNet,2026-08-25
HAS,liabilities,2024-03-31,5173100000,2024-05-20,Liabilities,2026-08-25
HAS,netIncome,2024-03-31,58200000,2024-05-20,NetIncomeLoss,2026-08-25
HAS,operatingCashFlow,2024-03-31,177800000,2024-05-20,NetCashProvidedByUsedInOperatingActivities,2026-08-25
HAS,operatingIncome,2024-03-31,116200000,2024-05-20,OperatingIncomeLoss,2026-08-25
HAS,receivables,2024-03-31,632500000,2024-05-20,AccountsReceivableNetCurrent,2026-08-25
HAS,revenue,2024-03-31,872200000,2024-05-20,Revenues,2026-08-25
HAS,rnd,2024-03-31,65500000,2024-05-20,ResearchAndDevelopmentExpense,2026-08-25
HBAN,assets,2024-03-31,193519000000,2024-05-20,Assets,2026-08-25
HBAN,capex,2024-03-31,32000000,2024-05-20,PaymentsToAcquirePropertyPlantAndEquipment,2026-08-25
HBAN,debt,2024-03-31,14894000000,2024-05-20,LongTermDebt,2026-08-25
HBAN,equity,2024-03-31,19322000000,2024-05-20,StockholdersEquity,2026-08-25
HBAN,liabilities,2024-03-31,174146000000,2024-05-20,Liabilities,2026-08-25
HBAN,netIncome,2024-03-31,419000000,2024-05-20,NetIncomeLoss,2026-08-25
HBAN,operatingCashFlow,2024-03-31,482000000,2024-05-20,NetCashProvidedByUsedInOperatingActivities,2026-08-25
HBAN,revenue,2024-03-31,336000000,2024-05-20,RevenueFromContractWithCustomerExcludingAssessedTax,2026-08-25
HBAN,shares,2024-03-31,1449254147,2024-05-20,CommonStockSharesOutstanding,2026-08-25
HCA,assets,2024-03-31,56962000000,2024-05-20,Assets,2026-08-25
HCA,buybacks,2024-03-31,1180000000,2024-05-20,PaymentsForRepurchaseOfCommonStock,2026-08-25
HCA,capex,2024-03-31,1118000000,2024-05-20,PaymentsToAcquirePropertyPlantAndEquipment,2026-08-25
HCA,cash,2024-03-31,1284000000,2024-05-20,CashAndCashEquivalentsAtCarryingValue,2026-08-25
HCA,debt,2024-03-31,37163000000,2024-05-20,LongTermDebtNoncurrent,2026-08-25
HCA,equity,2024-03-31,-1615000000,2024-05-20,StockholdersEquity,2026-08-25
HCA,inventory,2024-03-31,1903000000,2024-05-20,InventoryNet,2026-08-25
HCA,netIncome,2024-03-31,1591000000,2024-05-20,NetIncomeLoss,2026-08-25
HCA,operatingCashFlow,2024-03-31,2469000000,2024-05-20,NetCashProvidedByUsedInOperatingActivities,2026-08-25
HCA,receivables,2024-03-31,10044000000,2024-05-20,AccountsReceivableNetCurrent,2026-08-25
HCA,revenue,2024-03-31,17339000000,2024-05-20,Revenues,2026-08-25
HCA,shares,2024-03-31,263215800,2024-05-20,CommonStockSharesOutstanding,2026-08-25
HD,assets,2024-01-28,76530000000,2024-04-22,Assets,2026-08-25
HD,cash,2024-01-28,3760000000,2024-04-22,CashAndCashEquivalentsAtCarryingValue,2026-08-25
HD,debt,2024-01-28,42150000000,2024-04-22,LongTermDebt,2026-08-25
HD,equity,2024-01-28,1044000000,2024-04-22,StockholdersEquity,2026-08-25
HD,inventory,2024-01-28,20976000000,2024-04-22,InventoryNet,2026-08-25
HD,liabilities,2024-01-28,75486000000,2024-04-22,Liabilities,2026-08-25
HD,receivables,2024-01-28,3328000000,2024-04-22,AccountsReceivableNetCurrent,2026-08-25
HD,shares,2024-01-28,992000000,2024-04-22,CommonStockSharesOutstanding,2026-08-25
HIG,assets,2024-03-31,77710000000,2024-05-20,Assets,2026-08-25
HIG,buybacks,2024-03-31,350000000,2024-05-20,PaymentsForRepurchaseOfCommonStock,2026-08-25
HIG,capex,2024-03-31,50000000,2024-05-20,PaymentsToAcquirePropertyPlantAndEquipment,2026-08-25
HIG,debt,2024-03-31,4363000000,2024-05-20,LongTermDebt,2026-08-25
HIG,equity,2024-03-31,15468000000,2024-05-20,StockholdersEquity,2026-08-25
HIG,liabilities,2024-03-31,62242000000,2024-05-20,Liabilities,2026-08-25
HIG,netIncome,2024-03-31,753000000,2024-05-20,NetIncomeLoss,2026-08-25
HIG,operatingCashFlow,2024-03-31,1097000000,2024-05-20,NetCashProvidedByUsedInOperatingActivities,2026-08-25
HIG,revenue,2024-03-31,6419000000,2024-05-20,Revenues,2026-08-25
HII,assets,2024-03-31,11167000000,2024-05-20,Assets,2026-08-25
HII,buybacks,2024-03-31,62000000,2024-05-20,PaymentsForRepurchaseOfCommonStock,2026-08-25
HII,capex,2024-03-31,75000000,2024-05-20,PaymentsToAcquirePropertyPlantAndEquipment,2026-08-25
HII,cash,2024-03-31,10000000,2024-05-20,CashAndCashEquivalentsAtCarryingValue,2026-08-25
HII,debt,2024-03-31,2235000000,2024-05-20,LongTermDebtNoncurrent,2026-08-25
HII,liabilities,2024-03-31,7041000000,2024-05-20,Liabilities,2026-08-25
HII,netIncome,2024-03-31,153000000,2024-05-20,NetIncomeLoss,2026-08-25
HII,operatingCashFlow,2024-03-31,-202000000,2024-05-20,NetCashProvidedByUsedInOperatingActivities,2026-08-25
HII,operatingIncome,2024-03-31,154000000,2024-05-20,OperatingIncomeLoss,2026-08-25
HII,receivables,2024-03-31,718000000,2024-05-20,AccountsReceivableNetCurrent,2026-08-25
HII,revenue,2024-03-31,2805000000,2024-05-20,Revenues,2026-08-25
HII,shares,2024-03-31,39509640,2024-05-20,CommonStockSharesOutstanding,2026-08-25
HLT,assets,2024-03-31,15932000000,2024-05-20,Assets,2026-08-25
HLT,buybacks,2024-03-31,666000000,2024-05-20,PaymentsForRepurchaseOfCommonStock,2026-08-25
HLT,capex,2024-03-31,16000000,2024-05-20,PaymentsToAcquirePropertyPlantAndEquipment,2026-08-25
HLT,cash,2024-03-31,1346000000,2024-05-20,CashAndCashEquivalentsAtCarryingValue,2026-08-25
HLT,equity,2024-03-31,-2833000000,2024-05-20,StockholdersEquity,2026-08-25
HLT,liabilities,2024-03-31,18749000000,2024-05-20,Liabilities,2026-08-25
HLT,netIncome,2024-03-31,265000000,2024-05-20,NetIncomeLoss,2026-08-25
HLT,operatingCashFlow,2024-03-31,346000000,2024-05-20,NetCashProvidedByUsedInOperatingActivities,2026-08-25
HLT,operatingIncome,2024-03-31,533000000,2024-05-20,OperatingIncomeLoss,2026-08-25
HLT,receivables,2024-03-31,1467000000,2024-05-20,AccountsReceivableNetCurrent,2026-08-25
HLT,revenue,2024-03-31,2573000000,2024-05-20,RevenueFromContractWithCustomerExcludingAssessedTax,2026-08-25
HLT,shares,2024-03-31,251032237,2024-05-20,CommonStockSharesOutstanding,2026-08-25
HON,assets,2024-03-31,65645000000,2024-05-20,Assets,2026-08-25
HON,buybacks,2024-03-31,671000000,2024-05-20,PaymentsForRepurchaseOfCommonStock,2026-08-25
HON,capex,2024-03-31,233000000,2024-05-20,PaymentsToAcquirePropertyPlantAndEquipment,2026-08-25
HON,cash,2024-03-31,11756000000,2024-05-20,CashAndCashEquivalentsAtCarryingValue,2026-08-25
HON,debt,2024-03-31,23437000000,2024-05-20,LongTermDebt,2026-08-25
HON,equity,2024-03-31,16454000000,2024-05-20,StockholdersEquity,2026-08-25
HON,grossProfit,2024-03-31,3222000000,2024-05-20,GrossProfit,2026-08-25
HON,inventory,2024-03-31,6318000000,2024-05-20,InventoryNet,2026-08-25
HON,netIncome,2024-03-31,1462000000,2024-05-20,NetIncomeLoss,2026-08-25
HON,operatingCashFlow,2024-03-31,448000000,2024-05-20,NetCashProvidedByUsedInOperatingActivities,2026-08-25
HON,operatingIncome,2024-03-31,2094000000,2024-05-20,OperatingIncomeLoss,2026-08-25
HON,receivables,2024-03-31,7476000000,2024-05-20,AccountsReceivableNetCurrent,2026-08-25
HON,revenue,2024-03-31,8157000000,2024-05-20,RevenueFromContractWithCustomerExcludingAssessedTax,2026-08-25
HON,rnd,2024-03-31,360000000,2024-05-20,ResearchAndDevelopmentExpense,2026-08-25
HON,shares,2024-03-31,651200000,2024-05-20,CommonStockSharesOutstanding,2026-08-25
HOOD,assets,2024-03-31,46088000000,2024-05-20,Assets,2026-08-25
HOOD,buybacks,2024-03-31,0,2024-05-20,PaymentsForRepurchaseOfCommonStock,2026-08-25
HOOD,cash,2024-03-31,4717000000,2024-05-20,CashAndCashEquivalentsAtCarryingValue,2026-08-25
HOOD,equity,2024-03-31,6885000000,2024-05-20,StockholdersEquity,2026-08-25
HOOD,liabilities,2024-03-31,39203000000,2024-05-20,Liabilities,2026-08-25
HOOD,netIncome,2024-03-31,157000000,2024-05-20,NetIncomeLoss,2026-08-25
HOOD,operatingCashFlow,2024-03-31,-623000000,2024-05-20,NetCashProvidedByUsedInOperatingActivities,2026-08-25
HOOD,revenue,2024-03-31,618000000,2024-05-20,Revenues,2026-08-25
HPE,assets,2024-01-31,58602000000,2024-04-25,Assets,2026-08-25
HPE,buybacks,2024-01-31,3000000,2024-04-25,PaymentsForRepurchaseOfCommonStock,2026-08-25
HPE,capex,2024-01-31,656000000,2024-04-25,PaymentsToAcquireProductiveAssets,2026-08-25
HPE,cash,2024-01-31,3758000000,2024-04-25,CashAndCashEquivalentsAtCarryingValue,2026-08-25
HPE,debt,2024-01-31,7840000000,2024-04-25,LongTermDebtNoncurrent,2026-08-25
HPE,equity,2024-01-31,21416000000,2024-04-25,StockholdersEquity,2026-08-25
HPE,inventory,2024-01-31,6049000000,2024-04-25,InventoryNet,2026-08-25
HPE,netIncome,2024-01-31,387000000,2024-04-25,NetIncomeLoss,2026-08-25
HPE,operatingCashFlow,2024-01-31,64000000,2024-04-25,NetCashProvidedByUsedInOperatingActivities,2026-08-25
HPE,operatingIncome,2024-01-31,525000000,2024-04-25,OperatingIncomeLoss,2026-08-25
HPE,receivables,2024-01-31,3781000000,2024-04-25,AccountsReceivableNetCurrent,2026-08-25
HPE,revenue,2024-01-31,6755000000,2024-04-25,Revenues,2026-08-25
HPE,rnd,2024-01-31,582000000,2024-04-25,ResearchAndDevelopmentExpense,2026-08-25
HPE,shares,2024-01-31,1300000000,2024-04-25,CommonStockSharesOutstanding,2026-08-25
HPQ,assets,2024-01-31,35846000000,2024-04-25,Assets,2026-08-25
HPQ,buybacks,2024-01-31,500000000,2024-04-25,PaymentsForRepurchaseOfCommonStock,2026-08-25
HPQ,capex,2024-01-31,158000000,2024-04-25,PaymentsToAcquireProductiveAssets,2026-08-25
HPQ,cash,2024-01-31,2263000000,2024-04-25,CashAndCashEquivalentsAtCarryingValue,2026-08-25
HPQ,debt,2024-01-31,9301000000,2024-04-25,LongTermDebtNoncurrent,2026-08-25
HPQ,equity,2024-01-31,-1640000000,2024-04-25,StockholdersEquity,2026-08-25
HPQ,grossProfit,2024-01-31,2888000000,2024-04-25,GrossProfit,2026-08-25
HPQ,inventory,2024-01-31,6928000000,2024-04-25,InventoryNet,2026-08-25
HPQ,netIncome,2024-01-31,622000000,2024-04-25,NetIncomeLoss,2026-08-25
HPQ,operatingCashFlow,2024-01-31,121000000,2024-04-25,NetCashProvidedByUsedInOperatingActivities,2026-08-25
HPQ,operatingIncome,2024-01-31,935000000,2024-04-25,OperatingIncomeLoss,2026-08-25
HPQ,receivables,2024-01-31,3804000000,2024-04-25,AccountsReceivableNetCurrent,2026-08-25
HPQ,revenue,2024-01-31,13185000000,2024-04-25,Revenues,2026-08-25
HPQ,rnd,2024-01-31,399000000,2024-04-25,ResearchAndDevelopmentExpense,2026-08-25
HPQ,shares,2024-01-31,980000000,2024-04-25,CommonStockSharesOutstanding,2026-08-25
HRL,assets,2024-01-28,13512983000,2024-04-22,Assets,2026-08-25
HRL,capex,2024-01-28,47210000,2024-04-22,PaymentsToAcquirePropertyPlantAndEquipment,2026-08-25
HRL,cash,2024-01-28,963212000,2024-04-22,CashAndCashEquivalentsAtCarryingValue,2026-08-25
HRL,debt,2024-01-28,2357176000,2024-04-22,LongTermDebtNoncurrent,2026-08-25
HRL,equity,2024-01-28,7844111000,2024-04-22,StockholdersEquity,2026-08-25
HRL,grossProfit,2024-01-28,508733000,2024-04-22,GrossProfit,2026-08-25
HRL,inventory,2024-01-28,1578191000,2024-04-22,InventoryNet,2026-08-25
HRL,netIncome,2024-01-28,218863000,2024-04-22,NetIncomeLoss,2026-08-25
HRL,operatingCashFlow,2024-01-28,403980000,2024-04-22,NetCashProvidedByUsedInOperatingActivities,2026-08-25
HRL,operatingIncome,2024-01-28,284438000,2024-04-22,OperatingIncomeLoss,2026-08-25
HRL,receivables,2024-01-28,751048000,2024-04-22,AccountsReceivableNetCurrent,2026-08-25
HSIC,assets,2024-03-30,10145000000,2024-05-19,Assets,2026-08-25
HSIC,buybacks,2024-03-30,75000000,2024-05-19,PaymentsForRepurchaseOfCommonStock,2026-08-25
HSIC,capex,2024-03-30,41000000,2024-05-19,PaymentsToAcquireProductiveAssets,2026-08-25
HSIC,equity,2024-03-30,3600000000,2024-05-19,StockholdersEquity,2026-08-25
HSIC,grossProfit,2024-03-30,1012000000,2024-05-19,GrossProfit,2026-08-25
HSIC,inventory,2024-03-30,1686000000,2024-05-19,InventoryNet,2026-08-25
HSIC,liabilities,2024-03-30,5110000000,2024-05-19,Liabilities,2026-08-25
HSIC,netIncome,2024-03-30,93000000,2024-05-19,NetIncomeLoss,2026-08-25
HSIC,operatingCashFlow,2024-03-30,197000000,2024-05-19,NetCashProvidedByUsedInOperatingActivities,2026-08-25
HSIC,operatingIncome,2024-03-30,150000000,2024-05-19,OperatingIncomeLoss,2026-08-25
HSIC,receivables,2024-03-30,1644000000,2024-05-19,AccountsReceivableNetCurrent,2026-08-25
HSIC,revenue,2024-03-30,3172000000,2024-05-19,RevenueFromContractWithCustomerExcludingAssessedTax,2026-08-25
HSIC,shares,2024-03-30,128480909,2024-05-19,CommonStockSharesOutstanding,2026-08-25
HST,assets,2024-03-31,12464000000,2024-05-20,Assets,2026-08-25
HST,buybacks,2024-03-31,0,2024-05-20,PaymentsForRepurchaseOfCommonStock,2026-08-25
HST,cash,2024-03-31,1349000000,2024-05-20,CashAndCashEquivalentsAtCarryingValue,2026-08-25
HST,equity,2024-03-31,6736000000,2024-05-20,StockholdersEquity,2026-08-25
HST,liabilities,2024-03-31,5524000000,2024-05-20,Liabilities,2026-08-25
HST,netIncome,2024-03-31,268000000,2024-05-20,NetIncomeLoss,2026-08-25
HST,operatingCashFlow,2024-03-31,365000000,2024-05-20,NetCashProvidedByUsedInOperatingActivities,2026-08-25
HST,operatingIncome,2024-03-31,291000000,2024-05-20,OperatingIncomeLoss,2026-08-25
HST,revenue,2024-03-31,1471000000,2024-05-20,RevenueFromContractWithCustomerExcludingAssessedTax,2026-08-25
HST,shares,2024-03-31,705000000,2024-05-20,CommonStockSharesOutstanding,2026-08-25
HSY,assets,2024-03-31,12389754000,2024-05-20,Assets,2026-08-25
HSY,buybacks,2024-03-31,494191000,2024-05-20,PaymentsForRepurchaseOfCommonStock,2026-08-25
HSY,capex,2024-03-31,213304000,2024-05-20,PaymentsToAcquirePropertyPlantAndEquipment,2026-08-25
HSY,debt,2024-03-31,3790013000,2024-05-20,LongTermDebtNoncurrent,2026-08-25
HSY,equityStakes,2024-03-31,13944000,2024-05-20,PaymentsToAcquireEquityMethodInvestments,2026-08-25
HSY,grossProfit,2024-03-31,1676081000,2024-05-20,GrossProfit,2026-08-25
HSY,inventory,2024-03-31,1137857000,2024-05-20,InventoryNet,2026-08-25
HSY,liabilities,2024-03-31,8281467000,2024-05-20,Liabilities,2026-08-25
HSY,netIncome,2024-03-31,797453000,2024-05-20,NetIncomeLoss,2026-08-25
HSY,operatingCashFlow,2024-03-31,569134000,2024-05-20,NetCashProvidedByUsedInOperatingActivities,2026-08-25
HSY,operatingIncome,2024-03-31,1058100000,2024-05-20,OperatingIncomeLoss,2026-08-25
HSY,receivables,2024-03-31,1205724000,2024-05-20,AccountsReceivableNetCurrent,2026-08-25
HSY,revenue,2024-03-31,3252749000,2024-05-20,RevenueFromContractWithCustomerExcludingAssessedTax,2026-08-25
HUBB,assets,2024-03-31,6862100000,2024-05-20,Assets,2026-08-25
HUBB,buybacks,2024-03-31,10000000,2024-05-20,PaymentsForRepurchaseOfCommonStock,2026-08-25
HUBB,capex,2024-03-31,40300000,2024-05-20,PaymentsToAcquireProductiveAssets,2026-08-25
HUBB,cash,2024-03-31,388200000,2024-05-20,CashAndCashEquivalentsAtCarryingValue,2026-08-25
HUBB,debt,2024-03-31,1895700000,2024-05-20,LongTermDebtNoncurrent,2026-08-25
HUBB,equity,2024-03-31,2930400000,2024-05-20,StockholdersEquity,2026-08-25
HUBB,grossProfit,2024-03-31,433600000,2024-05-20,GrossProfit,2026-08-25
HUBB,inventory,2024-03-31,842400000,2024-05-20,InventoryNet,2026-08-25
HUBB,liabilities,2024-03-31,3919000000,2024-05-20,Liabilities,2026-08-25
HUBB,netIncome,2024-03-31,137100000,2024-05-20,NetIncomeLoss,2026-08-25
HUBB,operatingCashFlow,2024-03-31,92200000,2024-05-20,NetCashProvidedByUsedInOperatingActivities,2026-08-25
HUBB,operatingIncome,2024-03-31,228500000,2024-05-20,OperatingIncomeLoss,2026-08-25
HUBB,revenue,2024-03-31,1399100000,2024-05-20,RevenueFromContractWithCustomerExcludingAssessedTax,2026-08-25
HUM,assets,2024-03-31,50091000000,2024-05-20,Assets,2026-08-25
HUM,buybacks,2024-03-31,717000000,2024-05-20,PaymentsForRepurchaseOfCommonStock,2026-08-25
HUM,capex,2024-03-31,177000000,2024-05-20,PaymentsToAcquirePropertyPlantAndEquipment,2026-08-25
HUM,cash,2024-03-31,5910000000,2024-05-20,CashAndCashEquivalentsAtCarryingValue,2026-08-25
HUM,debt,2024-03-31,12390000000,2024-05-20,LongTermDebtNoncurrent,2026-08-25
HUM,equity,2024-03-31,16130000000,2024-05-20,StockholdersEquity,2026-08-25
HUM,liabilities,2024-03-31,33905000000,2024-05-20,Liabilities,2026-08-25
HUM,netIncome,2024-03-31,741000000,2024-05-20,NetIncomeLoss,2026-08-25
HUM,operatingCashFlow,2024-03-31,423000000,2024-05-20,NetCashProvidedByUsedInOperatingActivities,2026-08-25
HUM,operatingIncome,2024-03-31,1236000000,2024-05-20,OperatingIncomeLoss,2026-08-25
HUM,revenue,2024-03-31,29611000000,2024-05-20,Revenues,2026-08-25
HWM,assets,2024-03-31,10410000000,2024-05-20,Assets,2026-08-25
HWM,buybacks,2024-03-31,150000000,2024-05-20,PaymentsForRepurchaseOfCommonStock,2026-08-25
HWM,capex,2024-03-31,82000000,2024-05-20,PaymentsToAcquirePropertyPlantAndEquipment,2026-08-25
HWM,cash,2024-03-31,533000000,2024-05-20,CashAndCashEquivalentsAtCarryingValue,2026-08-25
HWM,debt,2024-03-31,3486000000,2024-05-20,LongTermDebtNoncurrent,2026-08-25
HWM,equity,2024-03-31,4086000000,2024-05-20,StockholdersEquity,2026-08-25
HWM,inventory,2024-03-31,1783000000,2024-05-20,InventoryNet,2026-08-25
HWM,liabilities,2024-03-31,6324000000,2024-05-20,Liabilities,2026-08-25
HWM,netIncome,2024-03-31,243000000,2024-05-20,NetIncomeLoss,2026-08-25
HWM,operatingCashFlow,2024-03-31,177000000,2024-05-20,NetCashProvidedByUsedInOperatingActivities,2026-08-25
HWM,operatingIncome,2024-03-31,369000000,2024-05-20,OperatingIncomeLoss,2026-08-25
HWM,receivables,2024-03-31,785000000,2024-05-20,AccountsReceivableNetCurrent,2026-08-25
HWM,revenue,2024-03-31,1824000000,2024-05-20,RevenueFromContractWithCustomerExcludingAssessedTax,2026-08-25
HWM,rnd,2024-03-31,10000000,2024-05-20,ResearchAndDevelopmentExpense,2026-08-25
HWM,shares,2024-03-31,408000000,2024-05-20,CommonStockSharesOutstanding,2026-08-25
IBKR,assets,2024-03-31,132238000000,2024-05-20,Assets,2026-08-25
IBKR,cash,2024-03-31,4063000000,2024-05-20,CashAndCashEquivalentsAtCarryingValue,2026-08-25
IBKR,equity,2024-03-31,3732000000,2024-05-20,StockholdersEquity,2026-08-25
IBKR,liabilities,2024-03-31,117579000000,2024-05-20,Liabilities,2026-08-25
IBKR,operatingCashFlow,2024-03-31,1683000000,2024-05-20,NetCashProvidedByUsedInOperatingActivities,2026-08-25
IBKR,revenue,2024-03-31,438000000,2024-05-20,RevenueFromContractWithCustomerExcludingAssessedTax,2026-08-25
IBM,assets,2024-03-31,137169000000,2024-05-20,Assets,2026-08-25
IBM,capex,2024-03-31,239000000,2024-05-20,PaymentsToAcquirePropertyPlantAndEquipment,2026-08-25
IBM,cash,2024-03-31,14603000000,2024-05-20,CashAndCashEquivalentsAtCarryingValue,2026-08-25
IBM,debt,2024-03-31,54033000000,2024-05-20,LongTermDebtNoncurrent,2026-08-25
IBM,equity,2024-03-31,23261000000,2024-05-20,StockholdersEquity,2026-08-25
IBM,grossProfit,2024-03-31,7742000000,2024-05-20,GrossProfit,2026-08-25
IBM,inventory,2024-03-31,1212000000,2024-05-20,InventoryNet,2026-08-25
IBM,liabilities,2024-03-31,113836000000,2024-05-20,Liabilities,2026-08-25
IBM,netIncome,2024-03-31,1605000000,2024-05-20,NetIncomeLoss,2026-08-25
IBM,operatingCashFlow,2024-03-31,4168000000,2024-05-20,NetCashProvidedByUsedInOperatingActivities,2026-08-25
IBM,receivables,2024-03-31,6041000000,2024-05-20,AccountsReceivableNetCurrent,2026-08-25
IBM,revenue,2024-03-31,14462000000,2024-05-20,Revenues,2026-08-25
IBM,rnd,2024-03-31,1796000000,2024-05-20,ResearchAndDevelopmentExpense,2026-08-25
ICE,assets,2024-03-31,131397000000,2024-05-20,Assets,2026-08-25
ICE,buybacks,2024-03-31,0,2024-05-20,PaymentsForRepurchaseOfCommonStock,2026-08-25
ICE,capex,2024-03-31,58000000,2024-05-20,PaymentsToAcquirePropertyPlantAndEquipment,2026-08-25
ICE,cash,2024-03-31,863000000,2024-05-20,CashAndCashEquivalentsAtCarryingValue,2026-08-25
ICE,debt,2024-03-31,20068000000,2024-05-20,LongTermDebtNoncurrent,2026-08-25
ICE,equity,2024-03-31,26239000000,2024-05-20,StockholdersEquity,2026-08-25
ICE,liabilities,2024-03-31,105108000000,2024-05-20,Liabilities,2026-08-25
ICE,netIncome,2024-03-31,767000000,2024-05-20,NetIncomeLoss,2026-08-25
ICE,operatingCashFlow,2024-03-31,1009000000,2024-05-20,NetCashProvidedByUsedInOperatingActivities,2026-08-25
ICE,operatingIncome,2024-03-31,1063000000,2024-05-20,OperatingIncomeLoss,2026-08-25
ICE,receivables,2024-03-31,1645000000,2024-05-20,AccountsReceivableNetCurrent,2026-08-25
ICE,revenue,2024-03-31,2801000000,2024-05-20,RevenueFromContractWithCustomerExcludingAssessedTax,2026-08-25
ICE,shares,2024-03-31,573000000,2024-05-20,CommonStockSharesOutstanding,2026-08-25
IDXX,assets,2024-03-31,3353515000,2024-05-20,Assets,2026-08-25
IDXX,buybacks,2024-03-31,154764000,2024-05-20,PaymentsForRepurchaseOfCommonStock,2026-08-25
IDXX,capex,2024-03-31,30273000,2024-05-20,PaymentsToAcquirePropertyPlantAndEquipment,2026-08-25
IDXX,cash,2024-03-31,397433000,2024-05-20,CashAndCashEquivalentsAtCarryingValue,2026-08-25
IDXX,debt,2024-03-31,620778000,2024-05-20,LongTermDebtNoncurrent,2026-08-25
IDXX,equity,2024-03-31,1568906000,2024-05-20,StockholdersEquity,2026-08-25
IDXX,grossProfit,2024-03-31,593070000,2024-05-20,GrossProfit,2026-08-25
IDXX,inventory,2024-03-31,390599000,2024-05-20,InventoryNet,2026-08-25
IDXX,liabilities,2024-03-31,1784609000,2024-05-20,Liabilities,2026-08-25
IDXX,netIncome,2024-03-31,235579000,2024-05-20,NetIncomeLoss,2026-08-25
IDXX,operatingCashFlow,2024-03-31,198585000,2024-05-20,NetCashProvidedByUsedInOperatingActivities,2026-08-25
IDXX,operatingIncome,2024-03-31,298958000,2024-05-20,OperatingIncomeLoss,2026-08-25
IDXX,receivables,2024-03-31,507208000,2024-05-20,AccountsReceivableNetCurrent,2026-08-25
IDXX,revenue,2024-03-31,964095000,2024-05-20,RevenueFromContractWithCustomerExcludingAssessedTax,2026-08-25
IDXX,rnd,2024-03-31,52635000,2024-05-20,ResearchAndDevelopmentExpense,2026-08-25
IDXX,shares,2024-03-31,82873000,2024-05-20,CommonStockSharesOutstanding,2026-08-25
IEX,assets,2024-03-31,5889400000,2024-05-20,Assets,2026-08-25
IEX,buybacks,2024-03-31,0,2024-05-20,PaymentsForRepurchaseOfCommonStock,2026-08-25
IEX,capex,2024-03-31,20000000,2024-05-20,PaymentsToAcquirePropertyPlantAndEquipment,2026-08-25
IEX,cash,2024-03-31,616300000,2024-05-20,CashAndCashEquivalentsAtCarryingValue,2026-08-25
IEX,debt,2024-03-31,1322900000,2024-05-20,LongTermDebtNoncurrent,2026-08-25
IEX,equity,2024-03-31,3618600000,2024-05-20,StockholdersEquity,2026-08-25
IEX,grossProfit,2024-03-31,357400000,2024-05-20,GrossProfit,2026-08-25
IEX,inventory,2024-03-31,426000000,2024-05-20,InventoryNet,2026-08-25
IEX,liabilities,2024-03-31,2271100000,2024-05-20,Liabilities,2026-08-25
IEX,netIncome,2024-03-31,121400000,2024-05-20,NetIncomeLoss,2026-08-25
IEX,operatingCashFlow,2024-03-31,156600000,2024-05-20,NetCashProvidedByUsedInOperatingActivities,2026-08-25
IEX,operatingIncome,2024-03-31,161200000,2024-05-20,OperatingIncomeLoss,2026-08-25
IEX,receivables,2024-03-31,429100000,2024-05-20,AccountsReceivableNetCurrent,2026-08-25
IEX,revenue,2024-03-31,800500000,2024-05-20,Revenues,2026-08-25
IFF,assets,2024-03-31,30642000000,2024-05-20,Assets,2026-08-25
IFF,capex,2024-03-31,118000000,2024-05-20,PaymentsToAcquirePropertyPlantAndEquipment,2026-08-25
IFF,cash,2024-03-31,732000000,2024-05-20,CashAndCashEquivalentsAtCarryingValue,2026-08-25
IFF,debt,2024-03-31,9150000000,2024-05-20,LongTermDebtNoncurrent,2026-08-25
IFF,equity,2024-03-31,14291000000,2024-05-20,StockholdersEquity,2026-08-25
IFF,grossProfit,2024-03-31,1024000000,2024-05-20,GrossProfit,2026-08-25
IFF,inventory,2024-03-31,2411000000,2024-05-20,InventoryNet,2026-08-25
IFF,netIncome,2024-03-31,60000000,2024-05-20,NetIncomeLoss,2026-08-25
IFF,operatingCashFlow,2024-03-31,99000000,2024-05-20,NetCashProvidedByUsedInOperatingActivities,2026-08-25
IFF,operatingIncome,2024-03-31,199000000,2024-05-20,OperatingIncomeLoss,2026-08-25
IFF,revenue,2024-03-31,2899000000,2024-05-20,RevenueFromContractWithCustomerExcludingAssessedTax,2026-08-25
IFF,rnd,2024-03-31,166000000,2024-05-20,ResearchAndDevelopmentExpense,2026-08-25
IFF,shares,2024-03-31,255319533,2024-05-20,CommonStockSharesOutstanding,2026-08-25
INCY,assets,2024-03-31,7135605000,2024-05-20,Assets,2026-08-25
INCY,cash,2024-03-31,3346204000,2024-05-20,CashAndCashEquivalentsAtCarryingValue,2026-08-25
INCY,equity,2024-03-31,5394271000,2024-05-20,StockholdersEquity,2026-08-25
INCY,inventory,2024-03-31,63642000,2024-05-20,InventoryNet,2026-08-25
INCY,liabilities,2024-03-31,1741334000,2024-05-20,Liabilities,2026-08-25
INCY,netIncome,2024-03-31,169548000,2024-05-20,NetIncomeLoss,2026-08-25
INCY,operatingCashFlow,2024-03-31,218811000,2024-05-20,NetCashProvidedByUsedInOperatingActivities,2026-08-25
INCY,operatingIncome,2024-03-31,91898000,2024-05-20,OperatingIncomeLoss,2026-08-25
INCY,revenue,2024-03-31,880889000,2024-05-20,RevenueFromContractWithCustomerExcludingAssessedTax,2026-08-25
INCY,rnd,2024-03-31,429260000,2024-05-20,ResearchAndDevelopmentExpense,2026-08-25
INCY,shares,2024-03-31,224533449,2024-05-20,CommonStockSharesOutstanding,2026-08-25
INTC,assets,2024-03-30,192733000000,2024-05-19,Assets,2026-08-25
INTC,capex,2024-03-30,5970000000,2024-05-19,PaymentsToAcquirePropertyPlantAndEquipment,2026-08-25
INTC,debt,2024-03-30,47869000000,2024-05-19,LongTermDebtNoncurrent,2026-08-25
INTC,equity,2024-03-30,105973000000,2024-05-19,StockholdersEquity,2026-08-25
INTC,grossProfit,2024-03-30,5217000000,2024-05-19,GrossProfit,2026-08-25
INTC,inventory,2024-03-30,11494000000,2024-05-19,InventoryNet,2026-08-25
INTC,netIncome,2024-03-30,-381000000,2024-05-19,NetIncomeLoss,2026-08-25
INTC,operatingCashFlow,2024-03-30,-1223000000,2024-05-19,NetCashProvidedByUsedInOperatingActivities,2026-08-25
INTC,operatingIncome,2024-03-30,-1069000000,2024-05-19,OperatingIncomeLoss,2026-08-25
INTC,receivables,2024-03-30,3323000000,2024-05-19,AccountsReceivableNetCurrent,2026-08-25
INTC,revenue,2024-03-30,12724000000,2024-05-19,RevenueFromContractWithCustomerExcludingAssessedTax,2026-08-25
INTC,rnd,2024-03-30,4382000000,2024-05-19,ResearchAndDevelopmentExpense,2026-08-25
INTC,shares,2024-03-30,4257000000,2024-05-19,CommonStockSharesOutstanding,2026-08-25
INTU,assets,2024-01-31,29688000000,2024-04-25,Assets,2026-08-25
INTU,cash,2024-01-31,1474000000,2024-04-25,CashAndCashEquivalentsAtCarryingValue,2026-08-25
INTU,debt,2024-01-31,5950000000,2024-04-25,LongTermDebtNoncurrent,2026-08-25
INTU,equity,2024-01-31,16908000000,2024-04-25,StockholdersEquity,2026-08-25
INTU,liabilities,2024-01-31,12780000000,2024-04-25,Liabilities,2026-08-25
INTU,netIncome,2024-01-31,353000000,2024-04-25,NetIncomeLoss,2026-08-25
INTU,operatingIncome,2024-01-31,369000000,2024-04-25,OperatingIncomeLoss,2026-08-25
INTU,revenue,2024-01-31,3386000000,2024-04-25,Revenues,2026-08-25
INTU,rnd,2024-01-31,678000000,2024-04-25,ResearchAndDevelopmentExpense,2026-08-25
INVH,assets,2024-03-31,19209938000,2024-05-20,Assets,2026-08-25
INVH,cash,2024-03-31,738125000,2024-05-20,CashAndCashEquivalentsAtCarryingValue,2026-08-25
INVH,debt,2024-03-31,8544382000,2024-05-20,LongTermDebt,2026-08-25
INVH,equity,2024-03-31,10134697000,2024-05-20,StockholdersEquity,2026-08-25
INVH,equityStakes,2024-03-31,747000,2024-05-20,PaymentsToAcquireEquityMethodInvestments,2026-08-25
INVH,liabilities,2024-03-31,9039849000,2024-05-20,Liabilities,2026-08-25
INVH,netIncome,2024-03-31,142350000,2024-05-20,NetIncomeLoss,2026-08-25
INVH,operatingCashFlow,2024-03-31,265585000,2024-05-20,NetCashProvidedByUsedInOperatingActivities,2026-08-25
INVH,revenue,2024-03-31,646039000,2024-05-20,Revenues,2026-08-25
INVH,shares,2024-03-31,612485098,2024-05-20,CommonStockSharesOutstanding,2026-08-25
IP,assets,2024-03-31,23028000000,2024-05-20,Assets,2026-08-25
IP,buybacks,2024-03-31,22000000,2024-05-20,PaymentsForRepurchaseOfCommonStock,2026-08-25
IP,capex,2024-03-31,251000000,2024-05-20,PaymentsToAcquireProductiveAssets,2026-08-25
IP,cash,2024-03-31,1070000000,2024-05-20,CashAndCashEquivalentsAtCarryingValue,2026-08-25
IP,equity,2024-03-31,8257000000,2024-05-20,StockholdersEquity,2026-08-25
IP,inventory,2024-03-31,1771000000,2024-05-20,InventoryNet,2026-08-25
IP,netIncome,2024-03-31,56000000,2024-05-20,NetIncomeLoss,2026-08-25
IP,operatingCashFlow,2024-03-31,395000000,2024-05-20,NetCashProvidedByUsedInOperatingActivities,2026-08-25
IP,operatingIncome,2024-03-31,169000000,2024-05-20,OperatingIncomeLoss,2026-08-25
IP,revenue,2024-03-31,3915000000,2024-05-20,RevenueFromContractWithCustomerExcludingAssessedTax,2026-08-25
IP,shares,2024-03-31,448900000,2024-05-20,CommonStockSharesOutstanding,2026-08-25
IQV,assets,2024-03-31,26574000000,2024-05-20,Assets,2026-08-25
IQV,buybacks,2024-03-31,0,2024-05-20,PaymentsForRepurchaseOfCommonStock,2026-08-25
IQV,capex,2024-03-31,145000000,2024-05-20,PaymentsToAcquireProductiveAssets,2026-08-25
IQV,cash,2024-03-31,1444000000,2024-05-20,CashAndCashEquivalentsAtCarryingValue,2026-08-25
IQV,debt,2024-03-31,12819000000,2024-05-20,LongTermDebtNoncurrent,2026-08-25
IQV,equity,2024-03-31,6344000000,2024-05-20,StockholdersEquity,2026-08-25
IQV,grossProfit,2024-03-31,827000000,2024-05-20,GrossProfit,2026-08-25
IQV,liabilities,2024-03-31,20230000000,2024-05-20,Liabilities,2026-08-25
IQV,netIncome,2024-03-31,288000000,2024-05-20,NetIncomeLoss,2026-08-25
IQV,operatingCashFlow,2024-03-31,522000000,2024-05-20,NetCashProvidedByUsedInOperatingActivities,2026-08-25
IQV,operatingIncome,2024-03-31,506000000,2024-05-20,OperatingIncomeLoss,2026-08-25
IQV,revenue,2024-03-31,3737000000,2024-05-20,RevenueFromContractWithCustomerExcludingAssessedTax,2026-08-25
IQV,shares,2024-03-31,182200000,2024-05-20,CommonStockSharesOutstanding,2026-08-25
IR,assets,2024-03-31,18009800000,2024-05-20,Assets,2026-08-25
IR,buybacks,2024-03-31,72900000,2024-05-20,PaymentsForRepurchaseOfCommonStock,2026-08-25
IR,capex,2024-03-31,62300000,2024-05-20,PaymentsToAcquireProductiveAssets,2026-08-25
IR,cash,2024-03-31,1452300000,2024-05-20,CashAndCashEquivalentsAtCarryingValue,2026-08-25
IR,equity,2024-03-31,9855300000,2024-05-20,StockholdersEquity,2026-08-25
IR,grossProfit,2024-03-31,746300000,2024-05-20,GrossProfit,2026-08-25
IR,inventory,2024-03-31,1051800000,2024-05-20,InventoryNet,2026-08-25
IR,liabilities,2024-03-31,5609300000,2024-05-20,Liabilities,2026-08-25
IR,netIncome,2024-03-31,202200000,2024-05-20,NetIncomeLoss,2026-08-25
IR,operatingCashFlow,2024-03-31,161600000,2024-05-20,NetCashProvidedByUsedInOperatingActivities,2026-08-25
IR,operatingIncome,2024-03-31,293200000,2024-05-20,OperatingIncomeLoss,2026-08-25
IR,receivables,2024-03-31,1245200000,2024-05-20,AccountsReceivableNetCurrent,2026-08-25
IR,revenue,2024-03-31,1670100000,2024-05-20,RevenueFromContractWithCustomerExcludingAssessedTax,2026-08-25
IRM,assets,2024-03-31,17829556000,2024-05-20,Assets,2026-08-25
IRM,capex,2024-03-31,381145000,2024-05-20,PaymentsToAcquirePropertyPlantAndEquipment,2026-08-25
IRM,debt,2024-03-31,12588569000,2024-05-20,LongTermDebtNoncurrent,2026-08-25
IRM,equity,2024-03-31,18535000,2024-05-20,StockholdersEquity,2026-08-25
IRM,operatingCashFlow,2024-03-31,130038000,2024-05-20,NetCashProvidedByUsedInOperatingActivities,2026-08-25
IRM,operatingIncome,2024-03-31,245623000,2024-05-20,OperatingIncomeLoss,2026-08-25
IRM,receivables,2024-03-31,1268061000,2024-05-20,AccountsReceivableNetCurrent,2026-08-25
IRM,revenue,2024-03-31,1476863000,2024-05-20,RevenueFromContractWithCustomerExcludingAssessedTax,2026-08-25
IRM,shares,2024-03-31,293085683,2024-05-20,CommonStockSharesOutstanding,2026-08-25
ISRG,assets,2024-03-31,15828000000,2024-05-20,Assets,2026-08-25
ISRG,buybacks,2024-03-31,0,2024-05-20,PaymentsForRepurchaseOfCommonStock,2026-08-25
ISRG,capex,2024-03-31,241900000,2024-05-20,PaymentsToAcquireProductiveAssets,2026-08-25
ISRG,cash,2024-03-31,2839500000,2024-05-20,CashAndCashEquivalentsAtCarryingValue,2026-08-25
ISRG,equity,2024-03-31,13962600000,2024-05-20,StockholdersEquity,2026-08-25
ISRG,grossProfit,2024-03-31,1245400000,2024-05-20,GrossProfit,2026-08-25
ISRG,inventory,2024-03-31,1299300000,2024-05-20,InventoryNet,2026-08-25
ISRG,liabilities,2024-03-31,1781600000,2024-05-20,Liabilities,2026-08-25
ISRG,netIncome,2024-03-31,544900000,2024-05-20,NetIncomeLoss,2026-08-25
ISRG,operatingCashFlow,2024-03-31,265400000,2024-05-20,NetCashProvidedByUsedInOperatingActivities,2026-08-25
ISRG,operatingIncome,2024-03-31,469400000,2024-05-20,OperatingIncomeLoss,2026-08-25
ISRG,receivables,2024-03-31,1127900000,2024-05-20,AccountsReceivableNetCurrent,2026-08-25
ISRG,revenue,2024-03-31,1890600000,2024-05-20,RevenueFromContractWithCustomerExcludingAssessedTax,2026-08-25
ISRG,rnd,2024-03-31,284500000,2024-05-20,ResearchAndDevelopmentExpense,2026-08-25
ISRG,shares,2024-03-31,354700000,2024-05-20,CommonStockSharesOutstanding,2026-08-25
IT,assets,2024-03-31,7709810000,2024-05-20,Assets,2026-08-25
IT,buybacks,2024-03-31,225124000,2024-05-20,PaymentsForRepurchaseOfCommonStock,2026-08-25
IT,cash,2024-03-31,1235801000,2024-05-20,CashAndCashEquivalentsAtCarryingValue,2026-08-25
IT,debt,2024-03-31,2456877000,2024-05-20,LongTermDebtNoncurrent,2026-08-25
IT,equity,2024-03-31,718174000,2024-05-20,StockholdersEquity,2026-08-25
IT,grossProfit,2024-03-31,1022112000,2024-05-20,GrossProfit,2026-08-25
IT,liabilities,2024-03-31,6991636000,2024-05-20,Liabilities,2026-08-25
IT,netIncome,2024-03-31,210545000,2024-05-20,NetIncomeLoss,2026-08-25
IT,operatingCashFlow,2024-03-31,188836000,2024-05-20,NetCashProvidedByUsedInOperatingActivities,2026-08-25
IT,operatingIncome,2024-03-31,273885000,2024-05-20,OperatingIncomeLoss,2026-08-25
IT,receivables,2024-03-31,1565960000,2024-05-20,AccountsReceivableNetCurrent,2026-08-25
IT,revenue,2024-03-31,1472926000,2024-05-20,RevenueFromContractWithCustomerExcludingAssessedTax,2026-08-25
ITW,assets,2024-03-31,15067000000,2024-05-20,Assets,2026-08-25
ITW,buybacks,2024-03-31,375000000,2024-05-20,PaymentsForRepurchaseOfCommonStock,2026-08-25
ITW,capex,2024-03-31,95000000,2024-05-20,PaymentsToAcquirePropertyPlantAndEquipment,2026-08-25
ITW,cash,2024-03-31,959000000,2024-05-20,CashAndCashEquivalentsAtCarryingValue,2026-08-25
ITW,debt,2024-03-31,6259000000,2024-05-20,LongTermDebtNoncurrent,2026-08-25
ITW,inventory,2024-03-31,1825000000,2024-05-20,InventoryNet,2026-08-25
ITW,operatingCashFlow,2024-03-31,589000000,2024-05-20,NetCashProvidedByUsedInOperatingActivities,2026-08-25
ITW,operatingIncome,2024-03-31,1127000000,2024-05-20,OperatingIncomeLoss,2026-08-25
ITW,revenue,2024-03-31,3973000000,2024-05-20,RevenueFromContractWithCustomerExcludingAssessedTax,2026-08-25
ITW,shares,2024-03-31,298400000,2024-05-20,CommonStockSharesOutstanding,2026-08-25
IVZ,assets,2024-03-31,28077200000,2024-05-20,Assets,2026-08-25
IVZ,buybacks,2024-03-31,20400000,2024-05-20,PaymentsForRepurchaseOfCommonStock,2026-08-25
IVZ,capex,2024-03-31,21000000,2024-05-20,PaymentsToAcquirePropertyPlantAndEquipment,2026-08-25
IVZ,cash,2024-03-31,895700000,2024-05-20,CashAndCashEquivalentsAtCarryingValue,2026-08-25
IVZ,debt,2024-03-31,1257500000,2024-05-20,LongTermDebt,2026-08-25
IVZ,equity,2024-03-31,14554800000,2024-05-20,StockholdersEquity,2026-08-25
IVZ,liabilities,2024-03-31,12224400000,2024-05-20,Liabilities,2026-08-25
IVZ,netIncome,2024-03-31,141500000,2024-05-20,NetIncomeLoss,2026-08-25
IVZ,operatingCashFlow,2024-03-31,-54400000,2024-05-20,NetCashProvidedByUsedInOperatingActivities,2026-08-25
IVZ,operatingIncome,2024-03-31,213100000,2024-05-20,OperatingIncomeLoss,2026-08-25
IVZ,revenue,2024-03-31,1475300000,2024-05-20,RevenueFromContractWithCustomerExcludingAssessedTax,2026-08-25
IVZ,shares,2024-03-31,449800000,2024-05-20,CommonStockSharesOutstanding,2026-08-25
J,assets,2024-03-29,14897577000,2024-05-18,Assets,2026-08-25
J,cash,2024-03-29,1033519000,2024-05-18,CashAndCashEquivalentsAtCarryingValue,2026-08-25
J,debt,2024-03-29,2164843000,2024-05-18,LongTermDebtNoncurrent,2026-08-25
J,equity,2024-03-29,6624114000,2024-05-18,StockholdersEquity,2026-08-25
J,grossProfit,2024-03-29,711962000,2024-05-18,GrossProfit,2026-08-25
J,netIncome,2024-03-29,162112000,2024-05-18,NetIncomeLoss,2026-08-25
J,operatingIncome,2024-03-29,183244000,2024-05-18,OperatingIncomeLoss,2026-08-25
J,shares,2024-03-29,125216293,2024-05-18,CommonStockSharesOutstanding,2026-08-25
JBHT,assets,2024-03-31,8427783000,2024-05-20,Assets,2026-08-25
JBHT,buybacks,2024-03-31,25140000,2024-05-20,PaymentsForRepurchaseOfCommonStock,2026-08-25
JBHT,capex,2024-03-31,203387000,2024-05-20,PaymentsToAcquirePropertyPlantAndEquipment,2026-08-25
JBHT,cash,2024-03-31,64185000,2024-05-20,CashAndCashEquivalentsAtCarryingValue,2026-08-25
JBHT,debt,2024-03-31,1366506000,2024-05-20,LongTermDebtNoncurrent,2026-08-25
JBHT,equity,2024-03-31,4166431000,2024-05-20,StockholdersEquity,2026-08-25
JBHT,netIncome,2024-03-31,127493000,2024-05-20,NetIncomeLoss,2026-08-25
JBHT,operatingCashFlow,2024-03-31,466467000,2024-05-20,NetCashProvidedByUsedInOperatingActivities,2026-08-25
JBHT,operatingIncome,2024-03-31,194369000,2024-05-20,OperatingIncomeLoss,2026-08-25
JBHT,receivables,2024-03-31,1272115000,2024-05-20,AccountsReceivableNetCurrent,2026-08-25
JBL,assets,2024-02-29,17123000000,2024-04-19,Assets,2026-08-25
JBL,cash,2024-02-29,2566000000,2024-04-19,CashAndCashEquivalentsAtCarryingValue,2026-08-25
JBL,debt,2024-02-29,2878000000,2024-04-19,LongTermDebtNoncurrent,2026-08-25
JBL,equity,2024-02-29,2658000000,2024-04-19,StockholdersEquity,2026-08-25
JBL,grossProfit,2024-02-29,630000000,2024-04-19,GrossProfit,2026-08-25
JBL,inventory,2024-02-29,4821000000,2024-04-19,InventoryNet,2026-08-25
JBL,liabilities,2024-02-29,14465000000,2024-04-19,Liabilities,2026-08-25
JBL,netIncome,2024-02-29,927000000,2024-04-19,NetIncomeLoss,2026-08-25
JBL,operatingIncome,2024-02-29,1131000000,2024-04-19,OperatingIncomeLoss,2026-08-25
JBL,revenue,2024-02-29,6767000000,2024-04-19,RevenueFromContractWithCustomerExcludingAssessedTax,2026-08-25
JBL,rnd,2024-02-29,10000000,2024-04-19,ResearchAndDevelopmentExpense,2026-08-25
JBL,shares,2024-02-29,122440607,2024-04-19,CommonStockSharesOutstanding,2026-08-25
JCI,assets,2024-03-31,43457000000,2024-05-20,Assets,2026-08-25
JCI,cash,2024-03-31,838000000,2024-05-20,CashAndCashEquivalentsAtCarryingValue,2026-08-25
JCI,equity,2024-03-31,15658000000,2024-05-20,StockholdersEquity,2026-08-25
JCI,grossProfit,2024-03-31,1922000000,2024-05-20,GrossProfit,2026-08-25
JCI,inventory,2024-03-31,2991000000,2024-05-20,InventoryNet,2026-08-25
JCI,netIncome,2024-03-31,-277000000,2024-05-20,NetIncomeLoss,2026-08-25
JCI,receivables,2024-03-31,6688000000,2024-05-20,AccountsReceivableNetCurrent,2026-08-25
JCI,revenue,2024-03-31,5597000000,2024-05-20,RevenueFromContractWithCustomerExcludingAssessedTax,2026-08-25
JKHY,assets,2024-03-31,2770498000,2024-05-20,Assets,2026-08-25
JKHY,cash,2024-03-31,27254000,2024-05-20,CashAndCashEquivalentsAtCarryingValue,2026-08-25
JKHY,equity,2024-03-31,1779931000,2024-05-20,StockholdersEquity,2026-08-25
JKHY,liabilities,2024-03-31,990567000,2024-05-20,Liabilities,2026-08-25
JKHY,netIncome,2024-03-31,87099000,2024-05-20,NetIncomeLoss,2026-08-25
JKHY,operatingIncome,2024-03-31,112099000,2024-05-20,OperatingIncomeLoss,2026-08-25
JKHY,receivables,2024-03-31,263416000,2024-05-20,AccountsReceivableNetCurrent,2026-08-25
JKHY,revenue,2024-03-31,538562000,2024-05-20,RevenueFromContractWithCustomerExcludingAssessedTax,2026-08-25
JKHY,rnd,2024-03-31,35993000,2024-05-20,ResearchAndDevelopmentExpense,2026-08-25
JNJ,assets,2024-03-31,171966000000,2024-05-20,Assets,2026-08-25
JNJ,buybacks,2024-03-31,1475000000,2024-05-20,PaymentsForRepurchaseOfCommonStock,2026-08-25
JNJ,capex,2024-03-31,807000000,2024-05-20,PaymentsToAcquirePropertyPlantAndEquipment,2026-08-25
JNJ,cash,2024-03-31,25473000000,2024-05-20,CashAndCashEquivalentsAtCarryingValue,2026-08-25
JNJ,debt,2024-03-31,25082000000,2024-05-20,LongTermDebtNoncurrent,2026-08-25
JNJ,equity,2024-03-31,70020000000,2024-05-20,StockholdersEquity,2026-08-25
JNJ,grossProfit,2024-03-31,14872000000,2024-05-20,GrossProfit,2026-08-25
JNJ,inventory,2024-03-31,11383000000,2024-05-20,InventoryNet,2026-08-25
JNJ,liabilities,2024-03-31,101946000000,2024-05-20,Liabilities,2026-08-25
JNJ,netIncome,2024-03-31,3255000000,2024-05-20,NetIncomeLoss,2026-08-25
JNJ,operatingCashFlow,2024-03-31,3657000000,2024-05-20,NetCashProvidedByUsedInOperatingActivities,2026-08-25
JNJ,receivables,2024-03-31,14946000000,2024-05-20,AccountsReceivableNetCurrent,2026-08-25
JNJ,revenue,2024-03-31,21383000000,2024-05-20,RevenueFromContractWithCustomerExcludingAssessedTax,2026-08-25
JPM,assets,2024-03-31,4090727000000,2024-05-20,Assets,2026-08-25
JPM,buybacks,2024-03-31,2832000000,2024-05-20,PaymentsForRepurchaseOfCommonStock,2026-08-25
JPM,equity,2024-03-31,336637000000,2024-05-20,StockholdersEquity,2026-08-25
JPM,liabilities,2024-03-31,3754090000000,2024-05-20,Liabilities,2026-08-25
JPM,netIncome,2024-03-31,13419000000,2024-05-20,NetIncomeLoss,2026-08-25
JPM,operatingCashFlow,2024-03-31,-154158000000,2024-05-20,NetCashProvidedByUsedInOperatingActivities,2026-08-25
KDP,assets,2024-03-31,52286000000,2024-05-20,Assets,2026-08-25
KDP,buybacks,2024-03-31,1105000000,2024-05-20,PaymentsForRepurchaseOfCommonStock,2026-08-25
KDP,capex,2024-03-31,158000000,2024-05-20,PaymentsToAcquirePropertyPlantAndEquipment,2026-08-25
KDP,cash,2024-03-31,317000000,2024-05-20,CashAndCashEquivalentsAtCarryingValue,2026-08-25
KDP,debt,2024-03-31,12929000000,2024-05-20,LongTermDebtNoncurrent,2026-08-25
KDP,equity,2024-03-31,24653000000,2024-05-20,StockholdersEquity,2026-08-25
KDP,equityStakes,2024-03-31,6000000,2024-05-20,PaymentsToAcquireEquityMethodInvestments,2026-08-25
KDP,grossProfit,2024-03-31,1940000000,2024-05-20,GrossProfit,2026-08-25
KDP,inventory,2024-03-31,1204000000,2024-05-20,InventoryNet,2026-08-25
KDP,liabilities,2024-03-31,27633000000,2024-05-20,Liabilities,2026-08-25
KDP,netIncome,2024-03-31,454000000,2024-05-20,NetIncomeLoss,2026-08-25
KDP,operatingCashFlow,2024-03-31,85000000,2024-05-20,NetCashProvidedByUsedInOperatingActivities,2026-08-25
KDP,operatingIncome,2024-03-31,765000000,2024-05-20,OperatingIncomeLoss,2026-08-25
KDP,receivables,2024-03-31,1311000000,2024-05-20,AccountsReceivableNetCurrent,2026-08-25
KDP,revenue,2024-03-31,3468000000,2024-05-20,RevenueFromContractWithCustomerExcludingAssessedTax,2026-08-25
KDP,shares,2024-03-31,1355571438,2024-05-20,CommonStockSharesOutstanding,2026-08-25
KEY,assets,2024-03-31,187485000000,2024-05-20,Assets,2026-08-25
KEY,capex,2024-03-31,12000000,2024-05-20,PaymentsToAcquireProductiveAssets,2026-08-25
KEY,debt,2024-03-31,20776000000,2024-05-20,LongTermDebt,2026-08-25
KEY,equity,2024-03-31,14547000000,2024-05-20,StockholdersEquity,2026-08-25
KEY,liabilities,2024-03-31,172938000000,2024-05-20,Liabilities,2026-08-25
KEY,netIncome,2024-03-31,219000000,2024-05-20,NetIncomeLoss,2026-08-25
KEY,operatingCashFlow,2024-03-31,359000000,2024-05-20,NetCashProvidedByUsedInOperatingActivities,2026-08-25
KEY,revenue,2024-03-31,1533000000,2024-05-20,Revenues,2026-08-25
KEYS,assets,2024-01-31,9060000000,2024-04-25,Assets,2026-08-25
KEYS,buybacks,2024-01-31,93000000,2024-04-25,PaymentsForRepurchaseOfCommonStock,2026-08-25
KEYS,capex,2024-01-31,47000000,2024-04-25,PaymentsToAcquirePropertyPlantAndEquipment,2026-08-25
KEYS,cash,2024-01-31,1745000000,2024-04-25,CashAndCashEquivalentsAtCarryingValue,2026-08-25
KEYS,debt,2024-01-31,1208000000,2024-04-25,LongTermDebtNoncurrent,2026-08-25
KEYS,equity,2024-01-31,4817000000,2024-04-25,StockholdersEquity,2026-08-25
KEYS,inventory,2024-01-31,1024000000,2024-04-25,InventoryNet,2026-08-25
KEYS,liabilities,2024-01-31,4243000000,2024-04-25,Liabilities,2026-08-25
KEYS,netIncome,2024-01-31,172000000,2024-04-25,NetIncomeLoss,2026-08-25
KEYS,operatingCashFlow,2024-01-31,328000000,2024-04-25,NetCashProvidedByUsedInOperatingActivities,2026-08-25
KEYS,operatingIncome,2024-01-31,221000000,2024-04-25,OperatingIncomeLoss,2026-08-25
KEYS,receivables,2024-01-31,808000000,2024-04-25,AccountsReceivableNetCurrent,2026-08-25
KEYS,revenue,2024-01-31,1259000000,2024-04-25,Revenues,2026-08-25
KEYS,rnd,2024-01-31,232000000,2024-04-25,ResearchAndDevelopmentExpense,2026-08-25
KHC,assets,2024-03-30,90309000000,2024-05-19,Assets,2026-08-25
KHC,buybacks,2024-03-30,329000000,2024-05-19,PaymentsForRepurchaseOfCommonStock,2026-08-25
KHC,capex,2024-03-30,294000000,2024-05-19,PaymentsToAcquirePropertyPlantAndEquipment,2026-08-25
KHC,cash,2024-03-30,1626000000,2024-05-19,CashAndCashEquivalentsAtCarryingValue,2026-08-25
KHC,equity,2024-03-30,49522000000,2024-05-19,StockholdersEquity,2026-08-25
KHC,grossProfit,2024-03-30,2243000000,2024-05-19,GrossProfit,2026-08-25
KHC,inventory,2024-03-30,3578000000,2024-05-19,InventoryNet,2026-08-25
KHC,liabilities,2024-03-30,40621000000,2024-05-19,Liabilities,2026-08-25
KHC,netIncome,2024-03-30,801000000,2024-05-19,NetIncomeLoss,2026-08-25
KHC,operatingCashFlow,2024-03-30,771000000,2024-05-19,NetCashProvidedByUsedInOperatingActivities,2026-08-25
KHC,operatingIncome,2024-03-30,1302000000,2024-05-19,OperatingIncomeLoss,2026-08-25
KHC,receivables,2024-03-30,2216000000,2024-05-19,AccountsReceivableNetCurrent,2026-08-25
KHC,shares,2024-03-30,1214000000,2024-05-19,CommonStockSharesOutstanding,2026-08-25
KIM,assets,2024-03-31,19466379000,2024-05-20,Assets,2026-08-25
KIM,cash,2024-03-31,133405000,2024-05-20,CashAndCashEquivalentsAtCarryingValue,2026-08-25
KIM,equity,2024-03-31,10620039000,2024-05-20,StockholdersEquity,2026-08-25
KIM,liabilities,2024-03-31,8628084000,2024-05-20,Liabilities,2026-08-25
KIM,netIncome,2024-03-31,-10974000,2024-05-20,NetIncomeLoss,2026-08-25
KIM,operatingCashFlow,2024-03-31,176091000,2024-05-20,NetCashProvidedByUsedInOperatingActivities,2026-08-25
KIM,operatingIncome,2024-03-31,130695000,2024-05-20,OperatingIncomeLoss,2026-08-25
KIM,revenue,2024-03-31,503754000,2024-05-20,Revenues,2026-08-25
KIM,shares,2024-03-31,674117917,2024-05-20,CommonStockSharesOutstanding,2026-08-25
KKR,assets,2024-03-31,339773927000,2024-05-20,Assets,2026-08-25
KKR,equity,2024-03-31,21421193000,2024-05-20,StockholdersEquity,2026-08-25
KKR,liabilities,2024-03-31,282862077000,2024-05-20,Liabilities,2026-08-25
KKR,netIncome,2024-03-31,682214000,2024-05-20,NetIncomeLoss,2026-08-25
KKR,operatingCashFlow,2024-03-31,1527433000,2024-05-20,NetCashProvidedByUsedInOperatingActivities,2026-08-25
KKR,revenue,2024-03-31,9656738000,2024-05-20,Revenues,2026-08-25
KKR,shares,2024-03-31,885010967,2024-05-20,CommonStockSharesOutstanding,2026-08-25
KLAC,assets,2024-03-31,14957289000,2024-05-20,Assets,2026-08-25
KLAC,cash,2024-03-31,1848167000,2024-05-20,CashAndCashEquivalentsAtCarryingValue,2026-08-25
KLAC,debt,2024-03-31,5879025000,2024-05-20,LongTermDebt,2026-08-25
KLAC,equity,2024-03-31,3094885000,2024-05-20,StockholdersEquity,2026-08-25
KLAC,inventory,2024-03-31,3007053000,2024-05-20,InventoryNet,2026-08-25
KLAC,liabilities,2024-03-31,11862404000,2024-05-20,Liabilities,2026-08-25
KLAC,netIncome,2024-03-31,601541000,2024-05-20,NetIncomeLoss,2026-08-25
KLAC,receivables,2024-03-31,1625257000,2024-05-20,AccountsReceivableNetCurrent,2026-08-25
KLAC,revenue,2024-03-31,2359830000,2024-05-20,RevenueFromContractWithCustomerExcludingAssessedTax,2026-08-25
KLAC,rnd,2024-03-31,321590000,2024-05-20,ResearchAndDevelopmentExpense,2026-08-25
KMB,assets,2024-03-31,17092000000,2024-05-20,Assets,2026-08-25
KMB,buybacks,2024-03-31,54000000,2024-05-20,PaymentsForRepurchaseOfCommonStock,2026-08-25
KMB,capex,2024-03-31,194000000,2024-05-20,PaymentsToAcquireProductiveAssets,2026-08-25
KMB,cash,2024-03-31,853000000,2024-05-20,CashAndCashEquivalentsAtCarryingValue,2026-08-25
KMB,equity,2024-03-31,1044000000,2024-05-20,StockholdersEquity,2026-08-25
KMB,grossProfit,2024-03-31,1686000000,2024-05-20,GrossProfit,2026-08-25
KMB,inventory,2024-03-31,1877000000,2024-05-20,InventoryNet,2026-08-25
KMB,netIncome,2024-03-31,647000000,2024-05-20,NetIncomeLoss,2026-08-25
KMB,operatingCashFlow,2024-03-31,438000000,2024-05-20,NetCashProvidedByUsedInOperatingActivities,2026-08-25
KMB,operatingIncome,2024-03-31,853000000,2024-05-20,OperatingIncomeLoss,2026-08-25
KMB,receivables,2024-03-31,2383000000,2024-05-20,AccountsReceivableNetCurrent,2026-08-25
KMB,revenue,2024-03-31,4326000000,2024-05-20,Revenues,2026-08-25
KMB,shares,2024-03-31,336800000,2024-05-20,CommonStockSharesOutstanding,2026-08-25
KMI,assets,2024-03-31,70736000000,2024-05-20,Assets,2026-08-25
KMI,buybacks,2024-03-31,7000000,2024-05-20,PaymentsForRepurchaseOfCommonStock,2026-08-25
KMI,capex,2024-03-31,619000000,2024-05-20,PaymentsToAcquirePropertyPlantAndEquipment,2026-08-25
KMI,cash,2024-03-31,119000000,2024-05-20,CashAndCashEquivalentsAtCarryingValue,2026-08-25
KMI,debt,2024-03-31,30171000000,2024-05-20,LongTermDebtNoncurrent,2026-08-25
KMI,equity,2024-03-31,30372000000,2024-05-20,StockholdersEquity,2026-08-25
KMI,equityStakes,2024-03-31,18000000,2024-05-20,PaymentsToAcquireEquityMethodInvestments,2026-08-25
KMI,inventory,2024-03-31,548000000,2024-05-20,InventoryNet,2026-08-25
KMI,liabilities,2024-03-31,38993000000,2024-05-20,Liabilities,2026-08-25
KMI,netIncome,2024-03-31,746000000,2024-05-20,NetIncomeLoss,2026-08-25
KMI,operatingCashFlow,2024-03-31,1189000000,2024-05-20,NetCashProvidedByUsedInOperatingActivities,2026-08-25
KMI,operatingIncome,2024-03-31,1223000000,2024-05-20,OperatingIncomeLoss,2026-08-25
KMI,revenue,2024-03-31,3842000000,2024-05-20,Revenues,2026-08-25
KMI,shares,2024-03-31,2219374654,2024-05-20,CommonStockSharesOutstanding,2026-08-25
KO,assets,2024-03-29,99392000000,2024-05-18,Assets,2026-08-25
KO,buybacks,2024-03-29,702000000,2024-05-18,PaymentsForRepurchaseOfCommonStock,2026-08-25
KO,capex,2024-03-29,370000000,2024-05-18,PaymentsToAcquirePropertyPlantAndEquipment,2026-08-25
KO,cash,2024-03-29,10443000000,2024-05-18,CashAndCashEquivalentsAtCarryingValue,2026-08-25
KO,debt,2024-03-29,35104000000,2024-05-18,LongTermDebtNoncurrent,2026-08-25
KO,equity,2024-03-29,26429000000,2024-05-18,StockholdersEquity,2026-08-25
KO,grossProfit,2024-03-29,7065000000,2024-05-18,GrossProfit,2026-08-25
KO,inventory,2024-03-29,4961000000,2024-05-18,InventoryNet,2026-08-25
KO,netIncome,2024-03-29,3177000000,2024-05-18,NetIncomeLoss,2026-08-25
KO,operatingCashFlow,2024-03-29,528000000,2024-05-18,NetCashProvidedByUsedInOperatingActivities,2026-08-25
KO,operatingIncome,2024-03-29,2141000000,2024-05-18,OperatingIncomeLoss,2026-08-25
KO,receivables,2024-03-29,4244000000,2024-05-18,AccountsReceivableNetCurrent,2026-08-25
KO,revenue,2024-03-29,11300000000,2024-05-18,Revenues,2026-08-25
KR,assets,2024-02-03,50505000000,2024-04-28,Assets,2026-08-25
KR,cash,2024-02-03,1883000000,2024-04-28,CashAndCashEquivalentsAtCarryingValue,2026-08-25
KR,debt,2024-02-03,10162000000,2024-04-28,LongTermDebtNoncurrent,2026-08-25
KR,equity,2024-02-03,11615000000,2024-04-28,StockholdersEquity,2026-08-25
KR,liabilities,2024-02-03,38904000000,2024-04-28,Liabilities,2026-08-25
KVUE,assets,2024-03-31,27283000000,2024-05-20,Assets,2026-08-25
KVUE,buybacks,2024-03-31,91000000,2024-05-20,PaymentsForRepurchaseOfCommonStock,2026-08-25
KVUE,capex,2024-03-31,153000000,2024-05-20,PaymentsToAcquirePropertyPlantAndEquipment,2026-08-25
KVUE,cash,2024-03-31,1155000000,2024-05-20,CashAndCashEquivalentsAtCarryingValue,2026-08-25
KVUE,equity,2024-03-31,10621000000,2024-05-20,StockholdersEquity,2026-08-25
KVUE,grossProfit,2024-03-31,2242000000,2024-05-20,GrossProfit,2026-08-25
KVUE,inventory,2024-03-31,1884000000,2024-05-20,InventoryNet,2026-08-25
KVUE,liabilities,2024-03-31,16662000000,2024-05-20,Liabilities,2026-08-25
KVUE,netIncome,2024-03-31,296000000,2024-05-20,NetIncomeLoss,2026-08-25
KVUE,operatingCashFlow,2024-03-31,287000000,2024-05-20,NetCashProvidedByUsedInOperatingActivities,2026-08-25
KVUE,operatingIncome,2024-03-31,550000000,2024-05-20,OperatingIncomeLoss,2026-08-25
KVUE,receivables,2024-03-31,2160000000,2024-05-20,AccountsReceivableNetCurrent,2026-08-25
KVUE,revenue,2024-03-31,3894000000,2024-05-20,RevenueFromContractWithCustomerExcludingAssessedTax,2026-08-25
KVUE,rnd,2024-03-31,100000000,2024-05-20,ResearchAndDevelopmentExpense,2026-08-25
KVUE,shares,2024-03-31,1914698483,2024-05-20,CommonStockSharesOutstanding,2026-08-25
L,assets,2024-03-31,80906000000,2024-05-20,Assets,2026-08-25
L,buybacks,2024-03-31,24000000,2024-05-20,PaymentsForRepurchaseOfCommonStock,2026-08-25
L,capex,2024-03-31,159000000,2024-05-20,PaymentsToAcquirePropertyPlantAndEquipment,2026-08-25
L,equity,2024-03-31,16184000000,2024-05-20,StockholdersEquity,2026-08-25
L,liabilities,2024-03-31,63908000000,2024-05-20,Liabilities,2026-08-25
L,netIncome,2024-03-31,457000000,2024-05-20,NetIncomeLoss,2026-08-25
L,operatingCashFlow,2024-03-31,198000000,2024-05-20,NetCashProvidedByUsedInOperatingActivities,2026-08-25
L,revenue,2024-03-31,4231000000,2024-05-20,Revenues,2026-08-25
LDOS,assets,2024-03-29,12817000000,2024-05-18,Assets,2026-08-25
LDOS,buybacks,2024-03-29,150000000,2024-05-18,PaymentsForRepurchaseOfCommonStock,2026-08-25
LDOS,capex,2024-03-29,17000000,2024-05-18,PaymentsToAcquireProductiveAssets,2026-08-25
LDOS,cash,2024-03-29,547000000,2024-05-18,CashAndCashEquivalentsAtCarryingValue,2026-08-25
LDOS,equity,2024-03-29,4258000000,2024-05-18,StockholdersEquity,2026-08-25
LDOS,inventory,2024-03-29,318000000,2024-05-18,InventoryNet,2026-08-25
LDOS,liabilities,2024-03-29,8504000000,2024-05-18,Liabilities,2026-08-25
LDOS,netIncome,2024-03-29,284000000,2024-05-18,NetIncomeLoss,2026-08-25
LDOS,operatingCashFlow,2024-03-29,113000000,2024-05-18,NetCashProvidedByUsedInOperatingActivities,2026-08-25
LDOS,operatingIncome,2024-03-29,415000000,2024-05-18,OperatingIncomeLoss,2026-08-25
LDOS,revenue,2024-03-29,3975000000,2024-05-18,Revenues,2026-08-25
LDOS,shares,2024-03-29,135097654,2024-05-18,CommonStockSharesOutstanding,2026-08-25
LEN,assets,2024-02-29,38951199000,2024-04-19,Assets,2026-08-25
LEN,buybacks,2024-02-29,595100000,2024-04-19,PaymentsForRepurchaseOfCommonStock,2026-08-25
LEN,capex,2024-02-29,72925000,2024-04-19,PaymentsToAcquirePropertyPlantAndEquipment,2026-08-25
LEN,equity,2024-02-29,26647835000,2024-04-19,StockholdersEquity,2026-08-25
LEN,equityStakes,2024-02-29,117593000,2024-04-19,PaymentsToAcquireEquityMethodInvestments,2026-08-25
LEN,liabilities,2024-02-29,12173269000,2024-04-19,Liabilities,2026-08-25
LEN,netIncome,2024-02-29,719334000,2024-04-19,NetIncomeLoss,2026-08-25
LEN,operatingCashFlow,2024-02-29,367867000,2024-04-19,NetCashProvidedByUsedInOperatingActivities,2026-08-25
LEN,revenue,2024-02-29,7312930000,2024-04-19,Revenues,2026-08-25
LH,assets,2024-03-31,16531000000,2024-05-20,Assets,2026-08-25
LH,capex,2024-03-31,133800000,2024-05-20,PaymentsToAcquirePropertyPlantAndEquipment,2026-08-25
LH,cash,2024-03-31,99300000,2024-05-20,CashAndCashEquivalentsAtCarryingValue,2026-08-25
LH,debt,2024-03-31,3047600000,2024-05-20,LongTermDebtNoncurrent,2026-08-25
LH,equity,2024-03-31,7959600000,2024-05-20,StockholdersEquity,2026-08-25
LH,equityStakes,2024-03-31,13700000,2024-05-20,PaymentsToAcquireEquityMethodInvestments,2026-08-25
LH,grossProfit,2024-03-31,897300000,2024-05-20,GrossProfit,2026-08-25
LH,inventory,2024-03-31,475000000,2024-05-20,InventoryNet,2026-08-25
LH,liabilities,2024-03-31,8556200000,2024-05-20,Liabilities,2026-08-25
LH,netIncome,2024-03-31,228000000,2024-05-20,NetIncomeLoss,2026-08-25
LH,operatingCashFlow,2024-03-31,-29800000,2024-05-20,NetCashProvidedByUsedInOperatingActivities,2026-08-25
LH,operatingIncome,2024-03-31,321300000,2024-05-20,OperatingIncomeLoss,2026-08-25
LH,receivables,2024-03-31,2083700000,2024-05-20,AccountsReceivableNetCurrent,2026-08-25
LH,revenue,2024-03-31,3176600000,2024-05-20,Revenues,2026-08-25
LH,shares,2024-03-31,84300000,2024-05-20,CommonStockSharesOutstanding,2026-08-25
LHX,assets,2024-03-29,41816000000,2024-05-18,Assets,2026-08-25
LHX,buybacks,2024-03-29,233000000,2024-05-18,PaymentsForRepurchaseOfCommonStock,2026-08-25
LHX,capex,2024-03-29,115000000,2024-05-18,PaymentsToAcquirePropertyPlantAndEquipment,2026-08-25
LHX,cash,2024-03-29,477000000,2024-05-18,CashAndCashEquivalentsAtCarryingValue,2026-08-25
LHX,debt,2024-03-29,11140000000,2024-05-18,LongTermDebtNoncurrent,2026-08-25
LHX,equity,2024-03-29,18666000000,2024-05-18,StockholdersEquity,2026-08-25
LHX,inventory,2024-03-29,1476000000,2024-05-18,InventoryNet,2026-08-25
LHX,liabilities,2024-03-29,23086000000,2024-05-18,Liabilities,2026-08-25
LHX,netIncome,2024-03-29,283000000,2024-05-18,NetIncomeLoss,2026-08-25
LHX,operatingCashFlow,2024-03-29,-104000000,2024-05-18,NetCashProvidedByUsedInOperatingActivities,2026-08-25
LHX,operatingIncome,2024-03-29,378000000,2024-05-18,OperatingIncomeLoss,2026-08-25
LHX,receivables,2024-03-29,1209000000,2024-05-18,AccountsReceivableNetCurrent,2026-08-25
LHX,revenue,2024-03-29,5211000000,2024-05-18,RevenueFromContractWithCustomerExcludingAssessedTax,2026-08-25
LHX,shares,2024-03-29,189463015,2024-05-18,CommonStockSharesOutstanding,2026-08-25
LII,assets,2024-03-31,2985400000,2024-05-20,Assets,2026-08-25
LII,buybacks,2024-03-31,0,2024-05-20,PaymentsForRepurchaseOfCommonStock,2026-08-25
LII,capex,2024-03-31,29500000,2024-05-20,PaymentsToAcquirePropertyPlantAndEquipment,2026-08-25
LII,cash,2024-03-31,45700000,2024-05-20,CashAndCashEquivalentsAtCarryingValue,2026-08-25
LII,equity,2024-03-31,368800000,2024-05-20,StockholdersEquity,2026-08-25
LII,grossProfit,2024-03-31,340000000,2024-05-20,GrossProfit,2026-08-25
LII,inventory,2024-03-31,823400000,2024-05-20,InventoryNet,2026-08-25
LII,liabilities,2024-03-31,2616600000,2024-05-20,Liabilities,2026-08-25
LII,netIncome,2024-03-31,124300000,2024-05-20,NetIncomeLoss,2026-08-25
LII,operatingCashFlow,2024-03-31,-22800000,2024-05-20,NetCashProvidedByUsedInOperatingActivities,2026-08-25
LII,operatingIncome,2024-03-31,166800000,2024-05-20,OperatingIncomeLoss,2026-08-25
LII,revenue,2024-03-31,1047100000,2024-05-20,Revenues,2026-08-25
LIN,assets,2024-03-31,80347000000,2024-05-20,Assets,2026-08-25
LIN,buybacks,2024-03-31,1041000000,2024-05-20,PaymentsForRepurchaseOfCommonStock,2026-08-25
LIN,capex,2024-03-31,1048000000,2024-05-20,PaymentsToAcquirePropertyPlantAndEquipment,2026-08-25
LIN,cash,2024-03-31,4848000000,2024-05-20,CashAndCashEquivalentsAtCarryingValue,2026-08-25
LIN,debt,2024-03-31,15227000000,2024-05-20,LongTermDebtNoncurrent,2026-08-25
LIN,equity,2024-03-31,38829000000,2024-05-20,StockholdersEquity,2026-08-25
LIN,inventory,2024-03-31,2100000000,2024-05-20,InventoryNet,2026-08-25
LIN,liabilities,2024-03-31,40118000000,2024-05-20,Liabilities,2026-08-25
LIN,netIncome,2024-03-31,1627000000,2024-05-20,NetIncomeLoss,2026-08-25
LIN,operatingCashFlow,2024-03-31,1954000000,2024-05-20,NetCashProvidedByUsedInOperatingActivities,2026-08-25
LIN,operatingIncome,2024-03-31,2095000000,2024-05-20,OperatingIncomeLoss,2026-08-25
LIN,receivables,2024-03-31,5009000000,2024-05-20,AccountsReceivableNetCurrent,2026-08-25
LIN,revenue,2024-03-31,8100000000,2024-05-20,RevenueFromContractWithCustomerExcludingAssessedTax,2026-08-25
LIN,rnd,2024-03-31,38000000,2024-05-20,ResearchAndDevelopmentExpense,2026-08-25
LITE,assets,2024-03-30,4204500000,2024-05-19,Assets,2026-08-25
LITE,cash,2024-03-30,425000000,2024-05-19,CashAndCashEquivalentsAtCarryingValue,2026-08-25
LITE,equity,2024-03-30,1176700000,2024-05-19,StockholdersEquity,2026-08-25
LITE,grossProfit,2024-03-30,59500000,2024-05-19,GrossProfit,2026-08-25
LITE,inventory,2024-03-30,420700000,2024-05-19,InventoryNet,2026-08-25
LITE,liabilities,2024-03-30,3027800000,2024-05-19,Liabilities,2026-08-25
LITE,netIncome,2024-03-30,-127000000,2024-05-19,NetIncomeLoss,2026-08-25
LITE,operatingIncome,2024-03-30,-114600000,2024-05-19,OperatingIncomeLoss,2026-08-25
LITE,revenue,2024-03-30,366500000,2024-05-19,RevenueFromContractWithCustomerExcludingAssessedTax,2026-08-25
LITE,rnd,2024-03-30,77200000,2024-05-19,ResearchAndDevelopmentExpense,2026-08-25
LITE,shares,2024-03-30,67600000,2024-05-19,CommonStockSharesOutstanding,2026-08-25
LLY,assets,2024-03-31,63943500000,2024-05-20,Assets,2026-08-25
LLY,buybacks,2024-03-31,0,2024-05-20,PaymentsForRepurchaseOfCommonStock,2026-08-25
LLY,cash,2024-03-31,2460200000,2024-05-20,CashAndCashEquivalentsAtCarryingValue,2026-08-25
LLY,debt,2024-03-31,24559900000,2024-05-20,LongTermDebtNoncurrent,2026-08-25
LLY,equity,2024-03-31,12812200000,2024-05-20,StockholdersEquity,2026-08-25
LLY,inventory,2024-03-31,6101800000,2024-05-20,InventoryNet,2026-08-25
LLY,netIncome,2024-03-31,2242900000,2024-05-20,NetIncomeLoss,2026-08-25
LLY,operatingCashFlow,2024-03-31,1166000000,2024-05-20,NetCashProvidedByUsedInOperatingActivities,2026-08-25
LLY,receivables,2024-03-31,7885600000,2024-05-20,AccountsReceivableNetCurrent,2026-08-25
LLY,revenue,2024-03-31,8768000000,2024-05-20,Revenues,2026-08-25
LMT,assets,2024-03-31,54963000000,2024-05-20,Assets,2026-08-25
LMT,buybacks,2024-03-31,1000000000,2024-05-20,PaymentsForRepurchaseOfCommonStock,2026-08-25
LMT,capex,2024-03-31,378000000,2024-05-20,PaymentsToAcquireProductiveAssets,2026-08-25
LMT,cash,2024-03-31,2790000000,2024-05-20,CashAndCashEquivalentsAtCarryingValue,2026-08-25
LMT,debt,2024-03-31,19250000000,2024-05-20,LongTermDebtNoncurrent,2026-08-25
LMT,equity,2024-03-31,6650000000,2024-05-20,StockholdersEquity,2026-08-25
LMT,grossProfit,2024-03-31,1993000000,2024-05-20,GrossProfit,2026-08-25
LMT,inventory,2024-03-31,3278000000,2024-05-20,InventoryNet,2026-08-25
LMT,liabilities,2024-03-31,48313000000,2024-05-20,Liabilities,2026-08-25
LMT,netIncome,2024-03-31,1545000000,2024-05-20,NetIncomeLoss,2026-08-25
LMT,operatingCashFlow,2024-03-31,1635000000,2024-05-20,NetCashProvidedByUsedInOperatingActivities,2026-08-25
LMT,operatingIncome,2024-03-31,2029000000,2024-05-20,OperatingIncomeLoss,2026-08-25
LMT,revenue,2024-03-31,17195000000,2024-05-20,Revenues,2026-08-25
LNT,assets,2024-03-31,21248000000,2024-05-20,Assets,2026-08-25
LNT,capex,2024-03-31,478000000,2024-05-20,PaymentsToAcquirePropertyPlantAndEquipment,2026-08-25
LNT,cash,2024-03-31,32000000,2024-05-20,CashAndCashEquivalentsAtCarryingValue,2026-08-25
LNT,debt,2024-03-31,8524000000,2024-05-20,LongTermDebtNoncurrent,2026-08-25
LNT,equity,2024-03-31,6817000000,2024-05-20,StockholdersEquity,2026-08-25
LNT,netIncome,2024-03-31,158000000,2024-05-20,NetIncomeLoss,2026-08-25
LNT,operatingCashFlow,2024-03-31,307000000,2024-05-20,NetCashProvidedByUsedInOperatingActivities,2026-08-25
LNT,operatingIncome,2024-03-31,222000000,2024-05-20,OperatingIncomeLoss,2026-08-25
LNT,receivables,2024-03-31,426000000,2024-05-20,AccountsReceivableNetCurrent,2026-08-25
LNT,revenue,2024-03-31,1031000000,2024-05-20,Revenues,2026-08-25
LNT,shares,2024-03-31,256379032,2024-05-20,CommonStockSharesOutstanding,2026-08-25
LOW,assets,2024-02-02,41795000000,2024-04-27,Assets,2026-08-25
LOW,cash,2024-02-02,921000000,2024-04-27,CashAndCashEquivalentsAtCarryingValue,2026-08-25
LOW,debt,2024-02-02,35770000000,2024-04-27,LongTermDebt,2026-08-25
LOW,equity,2024-02-02,-15050000000,2024-04-27,StockholdersEquity,2026-08-25
LOW,inventory,2024-02-02,16894000000,2024-04-27,InventoryNet,2026-08-25
LOW,liabilities,2024-02-02,56845000000,2024-04-27,Liabilities,2026-08-25
LOW,shares,2024-02-02,574000000,2024-04-27,CommonStockSharesOutstanding,2026-08-25
LRCX,assets,2024-03-31,18279650000,2024-05-20,Assets,2026-08-25
LRCX,cash,2024-03-31,5672232000,2024-05-20,CashAndCashEquivalentsAtCarryingValue,2026-08-25
LRCX,equity,2024-03-31,8022101000,2024-05-20,StockholdersEquity,2026-08-25
LRCX,grossProfit,2024-03-31,1800536000,2024-05-20,GrossProfit,2026-08-25
LRCX,inventory,2024-03-31,4322967000,2024-05-20,InventoryNet,2026-08-25
LRCX,liabilities,2024-03-31,10257549000,2024-05-20,Liabilities,2026-08-25
LRCX,netIncome,2024-03-31,965826000,2024-05-20,NetIncomeLoss,2026-08-25
LRCX,operatingIncome,2024-03-31,1057112000,2024-05-20,OperatingIncomeLoss,2026-08-25
LRCX,receivables,2024-03-31,2203707000,2024-05-20,AccountsReceivableNetCurrent,2026-08-25
LRCX,revenue,2024-03-31,3793558000,2024-05-20,RevenueFromContractWithCustomerExcludingAssessedTax,2026-08-25
LRCX,rnd,2024-03-31,512274000,2024-05-20,ResearchAndDevelopmentExpense,2026-08-25
LRCX,shares,2024-03-31,130736000,2024-05-20,CommonStockSharesOutstanding,2026-08-25
LULU,assets,2024-01-28,7091941000,2024-04-22,Assets,2026-08-25
LULU,equity,2024-01-28,4232081000,2024-04-22,StockholdersEquity,2026-08-25
LULU,inventory,2024-01-28,1323602000,2024-04-22,InventoryNet,2026-08-25
LULU,liabilities,2024-01-28,2859860000,2024-04-22,Liabilities,2026-08-25
LULU,shares,2024-01-28,121106000,2024-04-22,CommonStockSharesOutstanding,2026-08-25
LUV,assets,2024-03-31,36018000000,2024-05-20,Assets,2026-08-25
LUV,buybacks,2024-03-31,0,2024-05-20,PaymentsForRepurchaseOfCommonStock,2026-08-25
LUV,capex,2024-03-31,583000000,2024-05-20,PaymentsToAcquireProductiveAssets,2026-08-25
LUV,cash,2024-03-31,8367000000,2024-05-20,CashAndCashEquivalentsAtCarryingValue,2026-08-25
LUV,equity,2024-03-31,10196000000,2024-05-20,StockholdersEquity,2026-08-25
LUV,netIncome,2024-03-31,-231000000,2024-05-20,NetIncomeLoss,2026-08-25
LUV,operatingCashFlow,2024-03-31,-104000000,2024-05-20,NetCashProvidedByUsedInOperatingActivities,2026-08-25
LUV,operatingIncome,2024-03-31,-393000000,2024-05-20,OperatingIncomeLoss,2026-08-25
LUV,receivables,2024-03-31,58000000,2024-05-20,AccountsReceivableNetCurrent,2026-08-25
LUV,revenue,2024-03-31,6329000000,2024-05-20,RevenueFromContractWithCustomerExcludingAssessedTax,2026-08-25
LVS,assets,2024-03-31,21245000000,2024-05-20,Assets,2026-08-25
LVS,buybacks,2024-03-31,450000000,2024-05-20,PaymentsForRepurchaseOfCommonStock,2026-08-25
LVS,capex,2024-03-31,196000000,2024-05-20,PaymentsToAcquirePropertyPlantAndEquipment,2026-08-25
LVS,cash,2024-03-31,4956000000,2024-05-20,CashAndCashEquivalentsAtCarryingValue,2026-08-25
LVS,equity,2024-03-31,3953000000,2024-05-20,StockholdersEquity,2026-08-25
LVS,inventory,2024-03-31,39000000,2024-05-20,InventoryNet,2026-08-25
LVS,liabilities,2024-03-31,17220000000,2024-05-20,Liabilities,2026-08-25
LVS,netIncome,2024-03-31,494000000,2024-05-20,NetIncomeLoss,2026-08-25
LVS,operatingCashFlow,2024-03-31,714000000,2024-05-20,NetCashProvidedByUsedInOperatingActivities,2026-08-25
LVS,operatingIncome,2024-03-31,717000000,2024-05-20,OperatingIncomeLoss,2026-08-25
LVS,receivables,2024-03-31,420000000,2024-05-20,AccountsReceivableNetCurrent,2026-08-25
LVS,revenue,2024-03-31,2959000000,2024-05-20,Revenues,2026-08-25
LVS,rnd,2024-03-31,53000000,2024-05-20,ResearchAndDevelopmentExpense,2026-08-25
LVS,shares,2024-03-31,745000000,2024-05-20,CommonStockSharesOutstanding,2026-08-25
LYB,assets,2024-03-31,36624000000,2024-05-20,Assets,2026-08-25
LYB,buybacks,2024-03-31,0,2024-05-20,PaymentsForRepurchaseOfCommonStock,2026-08-25
LYB,capex,2024-03-31,483000000,2024-05-20,PaymentsToAcquirePropertyPlantAndEquipment,2026-08-25
LYB,cash,2024-03-31,2314000000,2024-05-20,CashAndCashEquivalentsAtCarryingValue,2026-08-25
LYB,equity,2024-03-31,12979000000,2024-05-20,StockholdersEquity,2026-08-25
LYB,inventory,2024-03-31,4853000000,2024-05-20,InventoryNet,2026-08-25
LYB,operatingCashFlow,2024-03-31,-114000000,2024-05-20,NetCashProvidedByUsedInOperatingActivities,2026-08-25
LYB,operatingIncome,2024-03-31,651000000,2024-05-20,OperatingIncomeLoss,2026-08-25
LYB,revenue,2024-03-31,8304000000,2024-05-20,Revenues,2026-08-25
LYB,rnd,2024-03-31,32000000,2024-05-20,ResearchAndDevelopmentExpense,2026-08-25
LYB,shares,2024-03-31,325365833,2024-05-20,CommonStockSharesOutstanding,2026-08-25
LYV,assets,2024-03-31,20030189000,2024-05-20,Assets,2026-08-25
LYV,capex,2024-03-31,134053000,2024-05-20,PaymentsToAcquirePropertyPlantAndEquipment,2026-08-25
LYV,cash,2024-03-31,6501709000,2024-05-20,CashAndCashEquivalentsAtCarryingValue,2026-08-25
LYV,equity,2024-03-31,-114832000,2024-05-20,StockholdersEquity,2026-08-25
LYV,equityStakes,2024-03-31,12392000,2024-05-20,PaymentsToAcquireEquityMethodInvestments,2026-08-25
LYV,netIncome,2024-03-31,-54475000,2024-05-20,NetIncomeLoss,2026-08-25
LYV,operatingCashFlow,2024-03-31,988870000,2024-05-20,NetCashProvidedByUsedInOperatingActivities,2026-08-25
LYV,operatingIncome,2024-03-31,-41390000,2024-05-20,OperatingIncomeLoss,2026-08-25
LYV,receivables,2024-03-31,2279906000,2024-05-20,AccountsReceivableNetCurrent,2026-08-25
LYV,revenue,2024-03-31,3799529000,2024-05-20,Revenues,2026-08-25
MA,assets,2024-03-31,42602000000,2024-05-20,Assets,2026-08-25
MA,buybacks,2024-03-31,1992000000,2024-05-20,PaymentsForRepurchaseOfCommonStock,2026-08-25
MA,capex,2024-03-31,157000000,2024-05-20,PaymentsToAcquirePropertyPlantAndEquipment,2026-08-25
MA,cash,2024-03-31,7293000000,2024-05-20,CashAndCashEquivalentsAtCarryingValue,2026-08-25
MA,debt,2024-03-31,13543000000,2024-05-20,LongTermDebtNoncurrent,2026-08-25
MA,equity,2024-03-31,7243000000,2024-05-20,StockholdersEquity,2026-08-25
MA,equityStakes,2024-03-31,8000000,2024-05-20,PaymentsToAcquireEquityMethodInvestments,2026-08-25
MA,liabilities,2024-03-31,35294000000,2024-05-20,Liabilities,2026-08-25
MA,operatingCashFlow,2024-03-31,1672000000,2024-05-20,NetCashProvidedByUsedInOperatingActivities,2026-08-25
MA,operatingIncome,2024-03-31,3604000000,2024-05-20,OperatingIncomeLoss,2026-08-25
MA,receivables,2024-03-31,4231000000,2024-05-20,AccountsReceivableNetCurrent,2026-08-25
MA,revenue,2024-03-31,6348000000,2024-05-20,Revenues,2026-08-25
MAA,assets,2024-03-31,11470732000,2024-05-20,Assets,2026-08-25
MAA,cash,2024-03-31,54601000,2024-05-20,CashAndCashEquivalentsAtCarryingValue,2026-08-25
MAA,equity,2024-03-31,6072449000,2024-05-20,StockholdersEquity,2026-08-25
MAA,equityStakes,2024-03-31,750000,2024-05-20,PaymentsToAcquireEquityMethodInvestments,2026-08-25
MAA,liabilities,2024-03-31,5194253000,2024-05-20,Liabilities,2026-08-25
MAA,netIncome,2024-03-31,143749000,2024-05-20,NetIncomeLoss,2026-08-25
MAA,operatingCashFlow,2024-03-31,200257000,2024-05-20,NetCashProvidedByUsedInOperatingActivities,2026-08-25
MAA,revenue,2024-03-31,543622000,2024-05-20,Revenues,2026-08-25
MAA,shares,2024-03-31,116728052,2024-05-20,CommonStockSharesOutstanding,2026-08-25
MAR,assets,2024-03-31,25756000000,2024-05-20,Assets,2026-08-25
MAR,buybacks,2024-03-31,1144000000,2024-05-20,PaymentsForRepurchaseOfCommonStock,2026-08-25
MAR,capex,2024-03-31,109000000,2024-05-20,PaymentsToAcquirePropertyPlantAndEquipment,2026-08-25
MAR,cash,2024-03-31,429000000,2024-05-20,CashAndCashEquivalentsAtCarryingValue,2026-08-25
MAR,debt,2024-03-31,56000000,2024-05-20,LongTermDebt,2026-08-25
MAR,equity,2024-03-31,-1616000000,2024-05-20,StockholdersEquity,2026-08-25
MAR,netIncome,2024-03-31,564000000,2024-05-20,NetIncomeLoss,2026-08-25
MAR,operatingCashFlow,2024-03-31,779000000,2024-05-20,NetCashProvidedByUsedInOperatingActivities,2026-08-25
MAR,operatingIncome,2024-03-31,876000000,2024-05-20,OperatingIncomeLoss,2026-08-25
MAR,revenue,2024-03-31,5977000000,2024-05-20,Revenues,2026-08-25
MAS,assets,2024-03-31,5336000000,2024-05-20,Assets,2026-08-25
MAS,buybacks,2024-03-31,145000000,2024-05-20,PaymentsForRepurchaseOfCommonStock,2026-08-25
MAS,capex,2024-03-31,31000000,2024-05-20,PaymentsToAcquireProductiveAssets,2026-08-25
MAS,cash,2024-03-31,368000000,2024-05-20,CashAndCashEquivalentsAtCarryingValue,2026-08-25
MAS,debt,2024-03-31,2945000000,2024-05-20,LongTermDebtNoncurrent,2026-08-25
MAS,equity,2024-03-31,-75000000,2024-05-20,StockholdersEquity,2026-08-25
MAS,grossProfit,2024-03-31,685000000,2024-05-20,GrossProfit,2026-08-25
MAS,inventory,2024-03-31,1059000000,2024-05-20,InventoryNet,2026-08-25
MAS,liabilities,2024-03-31,5179000000,2024-05-20,Liabilities,2026-08-25
MAS,netIncome,2024-03-31,215000000,2024-05-20,NetIncomeLoss,2026-08-25
MAS,operatingCashFlow,2024-03-31,-94000000,2024-05-20,NetCashProvidedByUsedInOperatingActivities,2026-08-25
MAS,operatingIncome,2024-03-31,318000000,2024-05-20,OperatingIncomeLoss,2026-08-25
MAS,revenue,2024-03-31,1926000000,2024-05-20,RevenueFromContractWithCustomerExcludingAssessedTax,2026-08-25
MAS,shares,2024-03-31,220200000,2024-05-20,CommonStockSharesOutstanding,2026-08-25
MCD,assets,2024-03-31,53513000000,2024-05-20,Assets,2026-08-25
MCD,buybacks,2024-03-31,918000000,2024-05-20,PaymentsForRepurchaseOfCommonStock,2026-08-25
MCD,capex,2024-03-31,547000000,2024-05-20,PaymentsToAcquirePropertyPlantAndEquipment,2026-08-25
MCD,cash,2024-03-31,838000000,2024-05-20,CashAndCashEquivalentsAtCarryingValue,2026-08-25
MCD,debt,2024-03-31,36764000000,2024-05-20,LongTermDebtNoncurrent,2026-08-25
MCD,equity,2024-03-31,-4833000000,2024-05-20,StockholdersEquity,2026-08-25
MCD,equityStakes,2024-03-31,1820000000,2024-05-20,PaymentsToAcquireEquityMethodInvestments,2026-08-25
MCD,inventory,2024-03-31,46000000,2024-05-20,InventoryNet,2026-08-25
MCD,netIncome,2024-03-31,1929000000,2024-05-20,NetIncomeLoss,2026-08-25
MCD,operatingCashFlow,2024-03-31,2390000000,2024-05-20,NetCashProvidedByUsedInOperatingActivities,2026-08-25
MCD,operatingIncome,2024-03-31,2736000000,2024-05-20,OperatingIncomeLoss,2026-08-25
MCD,revenue,2024-03-31,6169000000,2024-05-20,Revenues,2026-08-25
MCHP,assets,2024-03-31,15873200000,2024-05-20,Assets,2026-08-25
MCHP,cash,2024-03-31,319700000,2024-05-20,CashAndCashEquivalentsAtCarryingValue,2026-08-25
MCHP,debt,2024-03-31,5000400000,2024-05-20,LongTermDebtNoncurrent,2026-08-25
MCHP,equity,2024-03-31,6657800000,2024-05-20,StockholdersEquity,2026-08-25
MCHP,inventory,2024-03-31,1316000000,2024-05-20,InventoryNet,2026-08-25
MCHP,receivables,2024-03-31,1143700000,2024-05-20,AccountsReceivableNetCurrent,2026-08-25
MCHP,shares,2024-03-31,536663691,2024-05-20,CommonStockSharesOutstanding,2026-08-25
MCK,assets,2024-03-31,67443000000,2024-05-20,Assets,2026-08-25
MCK,cash,2024-03-31,4583000000,2024-05-20,CashAndCashEquivalentsAtCarryingValue,2026-08-25
MCK,debt,2024-03-31,5629000000,2024-05-20,LongTermDebt,2026-08-25
MCK,equity,2024-03-31,-1971000000,2024-05-20,StockholdersEquity,2026-08-25
MCK,inventory,2024-03-31,21139000000,2024-05-20,InventoryNet,2026-08-25
MCO,assets,2024-03-31,15011000000,2024-05-20,Assets,2026-08-25
MCO,buybacks,2024-03-31,120000000,2024-05-20,PaymentsForRepurchaseOfCommonStock,2026-08-25
MCO,capex,2024-03-31,78000000,2024-05-20,PaymentsToAcquirePropertyPlantAndEquipment,2026-08-25
MCO,cash,2024-03-31,2476000000,2024-05-20,CashAndCashEquivalentsAtCarryingValue,2026-08-25
MCO,debt,2024-03-31,6259000000,2024-05-20,LongTermDebtNoncurrent,2026-08-25
MCO,equity,2024-03-31,3575000000,2024-05-20,StockholdersEquity,2026-08-25
MCO,liabilities,2024-03-31,11276000000,2024-05-20,Liabilities,2026-08-25
MCO,netIncome,2024-03-31,577000000,2024-05-20,NetIncomeLoss,2026-08-25
MCO,operatingCashFlow,2024-03-31,775000000,2024-05-20,NetCashProvidedByUsedInOperatingActivities,2026-08-25
MCO,operatingIncome,2024-03-31,801000000,2024-05-20,OperatingIncomeLoss,2026-08-25
MCO,receivables,2024-03-31,1835000000,2024-05-20,AccountsReceivableNetCurrent,2026-08-25
MCO,revenue,2024-03-31,1786000000,2024-05-20,RevenueFromContractWithCustomerExcludingAssessedTax,2026-08-25
MDLZ,assets,2024-03-31,77624000000,2024-05-20,Assets,2026-08-25
MDLZ,buybacks,2024-03-31,568000000,2024-05-20,PaymentsForRepurchaseOfCommonStock,2026-08-25
MDLZ,capex,2024-03-31,299000000,2024-05-20,PaymentsToAcquirePropertyPlantAndEquipment,2026-08-25
MDLZ,equity,2024-03-31,28482000000,2024-05-20,StockholdersEquity,2026-08-25
MDLZ,grossProfit,2024-03-31,4750000000,2024-05-20,GrossProfit,2026-08-25
MDLZ,inventory,2024-03-31,3562000000,2024-05-20,InventoryNet,2026-08-25
MDLZ,liabilities,2024-03-31,49110000000,2024-05-20,Liabilities,2026-08-25
MDLZ,netIncome,2024-03-31,1412000000,2024-05-20,NetIncomeLoss,2026-08-25
MDLZ,operatingCashFlow,2024-03-31,1324000000,2024-05-20,NetCashProvidedByUsedInOperatingActivities,2026-08-25
MDLZ,operatingIncome,2024-03-31,2727000000,2024-05-20,OperatingIncomeLoss,2026-08-25
MDLZ,receivables,2024-03-31,3998000000,2024-05-20,AccountsReceivableNetCurrent,2026-08-25
MDLZ,revenue,2024-03-31,9290000000,2024-05-20,Revenues,2026-08-25
MDT,assets,2024-01-26,90836000000,2024-04-20,Assets,2026-08-25
MDT,cash,2024-01-26,1623000000,2024-04-20,CashAndCashEquivalentsAtCarryingValue,2026-08-25
MDT,equity,2024-01-26,51792000000,2024-04-20,StockholdersEquity,2026-08-25
MDT,inventory,2024-01-26,5726000000,2024-04-20,InventoryNet,2026-08-25
MDT,liabilities,2024-01-26,38840000000,2024-04-20,Liabilities,2026-08-25
MDT,netIncome,2024-01-26,1322000000,2024-04-20,NetIncomeLoss,2026-08-25
MDT,operatingIncome,2024-01-26,1483000000,2024-04-20,OperatingIncomeLoss,2026-08-25
MDT,receivables,2024-01-26,5968000000,2024-04-20,AccountsReceivableNetCurrent,2026-08-25
MDT,revenue,2024-01-26,8089000000,2024-04-20,RevenueFromContractWithCustomerExcludingAssessedTax,2026-08-25
MDT,shares,2024-01-26,1329653024,2024-04-20,CommonStockSharesOutstanding,2026-08-25
MET,assets,2024-03-31,677576000000,2024-05-20,Assets,2026-08-25
MET,buybacks,2024-03-31,1172000000,2024-05-20,PaymentsForRepurchaseOfCommonStock,2026-08-25
MET,cash,2024-03-31,19840000000,2024-05-20,CashAndCashEquivalentsAtCarryingValue,2026-08-25
MET,equity,2024-03-31,28535000000,2024-05-20,StockholdersEquity,2026-08-25
MET,liabilities,2024-03-31,648780000000,2024-05-20,Liabilities,2026-08-25
MET,netIncome,2024-03-31,867000000,2024-05-20,NetIncomeLoss,2026-08-25
MET,operatingCashFlow,2024-03-31,2328000000,2024-05-20,NetCashProvidedByUsedInOperatingActivities,2026-08-25
MET,operatingIncome,2024-03-31,1401000000,2024-05-20,OperatingIncomeLoss,2026-08-25
MET,revenue,2024-03-31,16057000000,2024-05-20,Revenues,2026-08-25
MET,shares,2024-03-31,715661353,2024-05-20,CommonStockSharesOutstanding,2026-08-25
META,assets,2024-03-31,222844000000,2024-05-20,Assets,2026-08-25
META,buybacks,2024-03-31,15008000000,2024-05-20,PaymentsForRepurchaseOfCommonStock,2026-08-25
META,capex,2024-03-31,6400000000,2024-05-20,PaymentsToAcquirePropertyPlantAndEquipment,2026-08-25
META,cash,2024-03-31,32307000000,2024-05-20,CashAndCashEquivalentsAtCarryingValue,2026-08-25
META,debt,2024-03-31,18387000000,2024-05-20,LongTermDebtNoncurrent,2026-08-25
META,equity,2024-03-31,149529000000,2024-05-20,StockholdersEquity,2026-08-25
META,liabilities,2024-03-31,73315000000,2024-05-20,Liabilities,2026-08-25
META,netIncome,2024-03-31,12369000000,2024-05-20,NetIncomeLoss,2026-08-25
META,operatingCashFlow,2024-03-31,19246000000,2024-05-20,NetCashProvidedByUsedInOperatingActivities,2026-08-25
META,operatingIncome,2024-03-31,13818000000,2024-05-20,OperatingIncomeLoss,2026-08-25
META,receivables,2024-03-31,13430000000,2024-05-20,AccountsReceivableNetCurrent,2026-08-25
META,revenue,2024-03-31,36455000000,2024-05-20,RevenueFromContractWithCustomerExcludingAssessedTax,2026-08-25
META,rnd,2024-03-31,9978000000,2024-05-20,ResearchAndDevelopmentExpense,2026-08-25
MGM,assets,2024-03-31,42079053000,2024-05-20,Assets,2026-08-25
MGM,buybacks,2024-03-31,506571000,2024-05-20,PaymentsForRepurchaseOfCommonStock,2026-08-25
MGM,capex,2024-03-31,172080000,2024-05-20,PaymentsToAcquirePropertyPlantAndEquipment,2026-08-25
MGM,cash,2024-03-31,2722292000,2024-05-20,CashAndCashEquivalentsAtCarryingValue,2026-08-25
MGM,debt,2024-03-31,6269763000,2024-05-20,LongTermDebtNoncurrent,2026-08-25
MGM,equity,2024-03-31,3456764000,2024-05-20,StockholdersEquity,2026-08-25
MGM,equityStakes,2024-03-31,10029000,2024-05-20,PaymentsToAcquireEquityMethodInvestments,2026-08-25
MGM,inventory,2024-03-31,147357000,2024-05-20,InventoryNet,2026-08-25
MGM,netIncome,2024-03-31,217476000,2024-05-20,NetIncomeLoss,2026-08-25
MGM,operatingCashFlow,2024-03-31,549271000,2024-05-20,NetCashProvidedByUsedInOperatingActivities,2026-08-25
MGM,operatingIncome,2024-03-31,458378000,2024-05-20,OperatingIncomeLoss,2026-08-25
MGM,receivables,2024-03-31,924060000,2024-05-20,AccountsReceivableNetCurrent,2026-08-25
MGM,revenue,2024-03-31,4383470000,2024-05-20,RevenueFromContractWithCustomerExcludingAssessedTax,2026-08-25
MGM,shares,2024-03-31,314915054,2024-05-20,CommonStockSharesOutstanding,2026-08-25
MKC,assets,2024-02-29,12890100000,2024-04-19,Assets,2026-08-25
MKC,buybacks,2024-02-29,300000,2024-04-19,PaymentsForRepurchaseOfCommonStock,2026-08-25
MKC,capex,2024-02-29,62000000,2024-04-19,PaymentsToAcquirePropertyPlantAndEquipment,2026-08-25
MKC,cash,2024-02-29,178000000,2024-04-19,CashAndCashEquivalentsAtCarryingValue,2026-08-25
MKC,debt,2024-02-29,3329100000,2024-04-19,LongTermDebtNoncurrent,2026-08-25
MKC,equity,2024-02-29,5232500000,2024-04-19,StockholdersEquity,2026-08-25
MKC,grossProfit,2024-02-29,599300000,2024-04-19,GrossProfit,2026-08-25
MKC,liabilities,2024-02-29,7632700000,2024-04-19,Liabilities,2026-08-25
MKC,netIncome,2024-02-29,166000000,2024-04-19,NetIncomeLoss,2026-08-25
MKC,operatingCashFlow,2024-02-29,138400000,2024-04-19,NetCashProvidedByUsedInOperatingActivities,2026-08-25
MKC,operatingIncome,2024-02-29,233500000,2024-04-19,OperatingIncomeLoss,2026-08-25
MKC,receivables,2024-02-29,567500000,2024-04-19,AccountsReceivableNetCurrent,2026-08-25
MKC,revenue,2024-02-29,1602700000,2024-04-19,Revenues,2026-08-25
MLM,assets,2024-03-31,16240000000,2024-05-20,Assets,2026-08-25
MLM,buybacks,2024-03-31,150000000,2024-05-20,PaymentsForRepurchaseOfCommonStock,2026-08-25
MLM,capex,2024-03-31,200000000,2024-05-20,PaymentsToAcquirePropertyPlantAndEquipment,2026-08-25
MLM,cash,2024-03-31,2648000000,2024-05-20,CashAndCashEquivalentsAtCarryingValue,2026-08-25
MLM,debt,2024-03-31,3947000000,2024-05-20,LongTermDebtNoncurrent,2026-08-25
MLM,equity,2024-03-31,8875000000,2024-05-20,StockholdersEquity,2026-08-25
MLM,grossProfit,2024-03-31,250000000,2024-05-20,GrossProfit,2026-08-25
MLM,inventory,2024-03-31,1115000000,2024-05-20,InventoryNet,2026-08-25
MLM,liabilities,2024-03-31,7363000000,2024-05-20,Liabilities,2026-08-25
MLM,netIncome,2024-03-31,1045000000,2024-05-20,NetIncomeLoss,2026-08-25
MLM,operatingCashFlow,2024-03-31,172000000,2024-05-20,NetCashProvidedByUsedInOperatingActivities,2026-08-25
MLM,operatingIncome,2024-03-31,1421000000,2024-05-20,OperatingIncomeLoss,2026-08-25
MLM,receivables,2024-03-31,703000000,2024-05-20,AccountsReceivableNetCurrent,2026-08-25
MLM,revenue,2024-03-31,1056000000,2024-05-20,RevenueFromContractWithCustomerExcludingAssessedTax,2026-08-25
MLM,shares,2024-03-31,61639965,2024-05-20,CommonStockSharesOutstanding,2026-08-25
MMM,assets,2024-03-31,55243000000,2024-05-20,Assets,2026-08-25
MMM,buybacks,2024-03-31,21000000,2024-05-20,PaymentsForRepurchaseOfCommonStock,2026-08-25
MMM,capex,2024-03-31,375000000,2024-05-20,PaymentsToAcquirePropertyPlantAndEquipment,2026-08-25
MMM,debt,2024-03-31,20593000000,2024-05-20,LongTermDebtNoncurrent,2026-08-25
MMM,equity,2024-03-31,4866000000,2024-05-20,StockholdersEquity,2026-08-25
MMM,inventory,2024-03-31,4897000000,2024-05-20,InventoryNet,2026-08-25
MMM,liabilities,2024-03-31,50310000000,2024-05-20,Liabilities,2026-08-25
MMM,netIncome,2024-03-31,928000000,2024-05-20,NetIncomeLoss,2026-08-25
MMM,operatingCashFlow,2024-03-31,767000000,2024-05-20,NetCashProvidedByUsedInOperatingActivities,2026-08-25
MMM,operatingIncome,2024-03-31,1149000000,2024-05-20,OperatingIncomeLoss,2026-08-25
MMM,receivables,2024-03-31,4750000000,2024-05-20,AccountsReceivableNetCurrent,2026-08-25
MMM,revenue,2024-03-31,6016000000,2024-05-20,Revenues,2026-08-25
MMM,shares,2024-03-31,553361257,2024-05-20,CommonStockSharesOutstanding,2026-08-25
MNST,assets,2024-03-31,10098066000,2024-05-20,Assets,2026-08-25
MNST,buybacks,2024-03-31,120245000,2024-05-20,PaymentsForRepurchaseOfCommonStock,2026-08-25
MNST,capex,2024-03-31,66044000,2024-05-20,PaymentsToAcquirePropertyPlantAndEquipment,2026-08-25
MNST,cash,2024-03-31,2576524000,2024-05-20,CashAndCashEquivalentsAtCarryingValue,2026-08-25
MNST,equity,2024-03-31,8577789000,2024-05-20,StockholdersEquity,2026-08-25
MNST,grossProfit,2024-03-31,1027129000,2024-05-20,GrossProfit,2026-08-25
MNST,inventory,2024-03-31,939630000,2024-05-20,InventoryNet,2026-08-25
MNST,operatingCashFlow,2024-03-31,412142000,2024-05-20,NetCashProvidedByUsedInOperatingActivities,2026-08-25
MNST,operatingIncome,2024-03-31,541991000,2024-05-20,OperatingIncomeLoss,2026-08-25
MNST,receivables,2024-03-31,1370239000,2024-05-20,AccountsReceivableNetCurrent,2026-08-25
MNST,revenue,2024-03-31,1899098000,2024-05-20,RevenueFromContractWithCustomerExcludingAssessedTax,2026-08-25
MNST,shares,2024-03-31,1041698000,2024-05-20,CommonStockSharesOutstanding,2026-08-25
MO,assets,2024-03-31,36475000000,2024-05-20,Assets,2026-08-25
MO,buybacks,2024-03-31,2400000000,2024-05-20,PaymentsForRepurchaseOfCommonStock,2026-08-25
MO,capex,2024-03-31,35000000,2024-05-20,PaymentsToAcquirePropertyPlantAndEquipment,2026-08-25
MO,cash,2024-03-31,3608000000,2024-05-20,CashAndCashEquivalentsAtCarryingValue,2026-08-25
MO,debt,2024-03-31,25042000000,2024-05-20,LongTermDebtNoncurrent,2026-08-25
MO,equity,2024-03-31,-5114000000,2024-05-20,StockholdersEquity,2026-08-25
MO,grossProfit,2024-03-31,3280000000,2024-05-20,GrossProfit,2026-08-25
MO,inventory,2024-03-31,1241000000,2024-05-20,InventoryNet,2026-08-25
MO,liabilities,2024-03-31,41539000000,2024-05-20,Liabilities,2026-08-25
MO,netIncome,2024-03-31,2129000000,2024-05-20,NetIncomeLoss,2026-08-25
MO,operatingCashFlow,2024-03-31,2877000000,2024-05-20,NetCashProvidedByUsedInOperatingActivities,2026-08-25
MO,operatingIncome,2024-03-31,2674000000,2024-05-20,OperatingIncomeLoss,2026-08-25
MO,revenue,2024-03-31,5576000000,2024-05-20,RevenueFromContractWithCustomerExcludingAssessedTax,2026-08-25
MOS,assets,2024-03-31,22873000000,2024-05-20,Assets,2026-08-25
MOS,buybacks,2024-03-31,108400000,2024-05-20,PaymentsForRepurchaseOfCommonStock,2026-08-25
MOS,capex,2024-03-31,383000000,2024-05-20,PaymentsToAcquirePropertyPlantAndEquipment,2026-08-25
MOS,cash,2024-03-31,336700000,2024-05-20,CashAndCashEquivalentsAtCarryingValue,2026-08-25
MOS,equity,2024-03-31,12018900000,2024-05-20,StockholdersEquity,2026-08-25
MOS,grossProfit,2024-03-31,399200000,2024-05-20,GrossProfit,2026-08-25
MOS,inventory,2024-03-31,2603000000,2024-05-20,InventoryNet,2026-08-25
MOS,netIncome,2024-03-31,45200000,2024-05-20,NetIncomeLoss,2026-08-25
MOS,operatingCashFlow,2024-03-31,-80000000,2024-05-20,NetCashProvidedByUsedInOperatingActivities,2026-08-25
MOS,operatingIncome,2024-03-31,172900000,2024-05-20,OperatingIncomeLoss,2026-08-25
MOS,revenue,2024-03-31,2679400000,2024-05-20,RevenueFromContractWithCustomerExcludingAssessedTax,2026-08-25
MOS,shares,2024-03-31,321392799,2024-05-20,CommonStockSharesOutstanding,2026-08-25
MPC,assets,2024-03-31,85528000000,2024-05-20,Assets,2026-08-25
MPC,buybacks,2024-03-31,2218000000,2024-05-20,PaymentsForRepurchaseOfCommonStock,2026-08-25
MPC,capex,2024-03-31,585000000,2024-05-20,PaymentsToAcquirePropertyPlantAndEquipment,2026-08-25
MPC,cash,2024-03-31,3175000000,2024-05-20,CashAndCashEquivalentsAtCarryingValue,2026-08-25
MPC,equity,2024-03-31,22922000000,2024-05-20,StockholdersEquity,2026-08-25
MPC,inventory,2024-03-31,9781000000,2024-05-20,InventoryNet,2026-08-25
MPC,liabilities,2024-03-31,55757000000,2024-05-20,Liabilities,2026-08-25
MPC,netIncome,2024-03-31,937000000,2024-05-20,NetIncomeLoss,2026-08-25
MPC,operatingCashFlow,2024-03-31,1532000000,2024-05-20,NetCashProvidedByUsedInOperatingActivities,2026-08-25
MPC,operatingIncome,2024-03-31,1784000000,2024-05-20,OperatingIncomeLoss,2026-08-25
MPC,receivables,2024-03-31,13171000000,2024-05-20,AccountsReceivableNetCurrent,2026-08-25
MPC,revenue,2024-03-31,32706000000,2024-05-20,RevenueFromContractWithCustomerExcludingAssessedTax,2026-08-25
MPWR,assets,2024-03-31,2578701000,2024-05-20,Assets,2026-08-25
MPWR,buybacks,2024-03-31,4076000,2024-05-20,PaymentsForRepurchaseOfCommonStock,2026-08-25
MPWR,capex,2024-03-31,15991000,2024-05-20,PaymentsToAcquirePropertyPlantAndEquipment,2026-08-25
MPWR,cash,2024-03-31,488273000,2024-05-20,CashAndCashEquivalentsAtCarryingValue,2026-08-25
MPWR,equity,2024-03-31,2113557000,2024-05-20,StockholdersEquity,2026-08-25
MPWR,grossProfit,2024-03-31,252441000,2024-05-20,GrossProfit,2026-08-25
MPWR,inventory,2024-03-31,395990000,2024-05-20,InventoryNet,2026-08-25
MPWR,liabilities,2024-03-31,465144000,2024-05-20,Liabilities,2026-08-25
MPWR,netIncome,2024-03-31,92541000,2024-05-20,NetIncomeLoss,2026-08-25
MPWR,operatingCashFlow,2024-03-31,248051000,2024-05-20,NetCashProvidedByUsedInOperatingActivities,2026-08-25
MPWR,operatingIncome,2024-03-31,95487000,2024-05-20,OperatingIncomeLoss,2026-08-25
MPWR,receivables,2024-03-31,194428000,2024-05-20,AccountsReceivableNetCurrent,2026-08-25
MPWR,revenue,2024-03-31,457885000,2024-05-20,RevenueFromContractWithCustomerExcludingAssessedTax,2026-08-25
MPWR,shares,2024-03-31,48667000,2024-05-20,CommonStockSharesOutstanding,2026-08-25
MRK,assets,2024-03-31,105849000000,2024-05-20,Assets,2026-08-25
MRK,buybacks,2024-03-31,122000000,2024-05-20,PaymentsForRepurchaseOfCommonStock,2026-08-25
MRK,capex,2024-03-31,861000000,2024-05-20,PaymentsToAcquirePropertyPlantAndEquipment,2026-08-25
MRK,cash,2024-03-31,5579000000,2024-05-20,CashAndCashEquivalentsAtCarryingValue,2026-08-25
MRK,debt,2024-03-31,31142000000,2024-05-20,LongTermDebtNoncurrent,2026-08-25
MRK,equity,2024-03-31,40364000000,2024-05-20,StockholdersEquity,2026-08-25
MRK,inventory,2024-03-31,6510000000,2024-05-20,InventoryNet,2026-08-25
MRK,netIncome,2024-03-31,4762000000,2024-05-20,NetIncomeLoss,2026-08-25
MRK,operatingCashFlow,2024-03-31,3090000000,2024-05-20,NetCashProvidedByUsedInOperatingActivities,2026-08-25
MRK,receivables,2024-03-31,11366000000,2024-05-20,AccountsReceivableNetCurrent,2026-08-25
MRK,revenue,2024-03-31,15775000000,2024-05-20,Revenues,2026-08-25
MRK,rnd,2024-03-31,3992000000,2024-05-20,ResearchAndDevelopmentExpense,2026-08-25
MRNA,assets,2024-03-31,16729000000,2024-05-20,Assets,2026-08-25
MRNA,buybacks,2024-03-31,0,2024-05-20,PaymentsForRepurchaseOfCommonStock,2026-08-25
MRNA,capex,2024-03-31,196000000,2024-05-20,PaymentsToAcquirePropertyPlantAndEquipment,2026-08-25
MRNA,cash,2024-03-31,2051000000,2024-05-20,CashAndCashEquivalentsAtCarryingValue,2026-08-25
MRNA,equity,2024-03-31,12817000000,2024-05-20,StockholdersEquity,2026-08-25
MRNA,inventory,2024-03-31,295000000,2024-05-20,InventoryNet,2026-08-25
MRNA,liabilities,2024-03-31,3912000000,2024-05-20,Liabilities,2026-08-25
MRNA,netIncome,2024-03-31,-1175000000,2024-05-20,NetIncomeLoss,2026-08-25
MRNA,operatingCashFlow,2024-03-31,-989000000,2024-05-20,NetCashProvidedByUsedInOperatingActivities,2026-08-25
MRNA,operatingIncome,2024-03-31,-1266000000,2024-05-20,OperatingIncomeLoss,2026-08-25
MRNA,receivables,2024-03-31,137000000,2024-05-20,AccountsReceivableNetCurrent,2026-08-25
MRNA,revenue,2024-03-31,167000000,2024-05-20,RevenueFromContractWithCustomerExcludingAssessedTax,2026-08-25
MRNA,rnd,2024-03-31,1063000000,2024-05-20,ResearchAndDevelopmentExpense,2026-08-25
MRNA,shares,2024-03-31,383000000,2024-05-20,CommonStockSharesOutstanding,2026-08-25
MRSH,assets,2024-03-31,47572000000,2024-05-20,Assets,2026-08-25
MRSH,buybacks,2024-03-31,300000000,2024-05-20,PaymentsForRepurchaseOfCommonStock,2026-08-25
MRSH,capex,2024-03-31,87000000,2024-05-20,PaymentsToAcquirePropertyPlantAndEquipment,2026-08-25
MRSH,cash,2024-03-31,1452000000,2024-05-20,CashAndCashEquivalentsAtCarryingValue,2026-08-25
MRSH,debt,2024-03-31,12300000000,2024-05-20,LongTermDebtNoncurrent,2026-08-25
MRSH,netIncome,2024-03-31,1400000000,2024-05-20,NetIncomeLoss,2026-08-25
MRSH,operatingCashFlow,2024-03-31,-781000000,2024-05-20,NetCashProvidedByUsedInOperatingActivities,2026-08-25
MRSH,operatingIncome,2024-03-31,1925000000,2024-05-20,OperatingIncomeLoss,2026-08-25
MRSH,revenue,2024-03-31,6473000000,2024-05-20,RevenueFromContractWithCustomerExcludingAssessedTax,2026-08-25
MRSH,shares,2024-03-31,493000000,2024-05-20,CommonStockSharesOutstanding,2026-08-25
MRVL,assets,2024-02-03,21228500000,2024-04-28,Assets,2026-08-25
MRVL,cash,2024-02-03,950800000,2024-04-28,CashAndCashEquivalentsAtCarryingValue,2026-08-25
MRVL,debt,2024-02-03,4058600000,2024-04-28,LongTermDebtNoncurrent,2026-08-25
MRVL,equity,2024-02-03,14831400000,2024-04-28,StockholdersEquity,2026-08-25
MRVL,inventory,2024-02-03,864400000,2024-04-28,InventoryNet,2026-08-25
MRVL,liabilities,2024-02-03,6397100000,2024-04-28,Liabilities,2026-08-25
MRVL,receivables,2024-02-03,1121600000,2024-04-28,AccountsReceivableNetCurrent,2026-08-25
MRVL,shares,2024-02-03,865500000,2024-04-28,CommonStockSharesOutstanding,2026-08-25
MS,assets,2024-03-31,1228503000000,2024-05-20,Assets,2026-08-25
MS,cash,2024-03-31,102305000000,2024-05-20,CashAndCashEquivalentsAtCarryingValue,2026-08-25
MS,debt,2024-03-31,266150000000,2024-05-20,LongTermDebt,2026-08-25
MS,equity,2024-03-31,99198000000,2024-05-20,StockholdersEquity,2026-08-25
MS,liabilities,2024-03-31,1128363000000,2024-05-20,Liabilities,2026-08-25
MS,netIncome,2024-03-31,3412000000,2024-05-20,NetIncomeLoss,2026-08-25
MS,operatingCashFlow,2024-03-31,4360000000,2024-05-20,NetCashProvidedByUsedInOperatingActivities,2026-08-25
MS,shares,2024-03-31,1626657461,2024-05-20,CommonStockSharesOutstanding,2026-08-25
MSCI,assets,2024-03-31,5478589000,2024-05-20,Assets,2026-08-25
MSCI,buybacks,2024-03-31,69991000,2024-05-20,PaymentsForRepurchaseOfCommonStock,2026-08-25
MSCI,capex,2024-03-31,4271000,2024-05-20,PaymentsToAcquirePropertyPlantAndEquipment,2026-08-25
MSCI,cash,2024-03-31,519315000,2024-05-20,CashAndCashEquivalentsAtCarryingValue,2026-08-25
MSCI,debt,2024-03-31,4507686000,2024-05-20,LongTermDebtNoncurrent,2026-08-25
MSCI,equity,2024-03-31,-650517000,2024-05-20,StockholdersEquity,2026-08-25
MSCI,liabilities,2024-03-31,6129106000,2024-05-20,Liabilities,2026-08-25
MSCI,netIncome,2024-03-31,255954000,2024-05-20,NetIncomeLoss,2026-08-25
MSCI,operatingCashFlow,2024-03-31,300137000,2024-05-20,NetCashProvidedByUsedInOperatingActivities,2026-08-25
MSCI,operatingIncome,2024-03-31,339382000,2024-05-20,OperatingIncomeLoss,2026-08-25
MSCI,revenue,2024-03-31,679965000,2024-05-20,RevenueFromContractWithCustomerExcludingAssessedTax,2026-08-25
MSCI,rnd,2024-03-31,40525000,2024-05-20,ResearchAndDevelopmentExpense,2026-08-25
MSCI,shares,2024-03-31,79224049,2024-05-20,CommonStockSharesOutstanding,2026-08-25
MSFT,assets,2024-03-31,484275000000,2024-05-20,Assets,2026-08-25
MSFT,buybacks,2024-03-31,4213000000,2024-05-20,PaymentsForRepurchaseOfCommonStock,2026-08-25
MSFT,capex,2024-03-31,10952000000,2024-05-20,PaymentsToAcquirePropertyPlantAndEquipment,2026-08-25
MSFT,cash,2024-03-31,19634000000,2024-05-20,CashAndCashEquivalentsAtCarryingValue,2026-08-25
MSFT,debt,2024-03-31,42658000000,2024-05-20,LongTermDebtNoncurrent,2026-08-25
MSFT,equity,2024-03-31,253152000000,2024-05-20,StockholdersEquity,2026-08-25
MSFT,grossProfit,2024-03-31,43353000000,2024-05-20,GrossProfit,2026-08-25
MSFT,inventory,2024-03-31,1304000000,2024-05-20,InventoryNet,2026-08-25
MSFT,liabilities,2024-03-31,231123000000,2024-05-20,Liabilities,2026-08-25
MSFT,netIncome,2024-03-31,21939000000,2024-05-20,NetIncomeLoss,2026-08-25
MSFT,operatingCashFlow,2024-03-31,31917000000,2024-05-20,NetCashProvidedByUsedInOperatingActivities,2026-08-25
MSFT,operatingIncome,2024-03-31,27581000000,2024-05-20,OperatingIncomeLoss,2026-08-25
MSFT,receivables,2024-03-31,44029000000,2024-05-20,AccountsReceivableNetCurrent,2026-08-25
MSFT,revenue,2024-03-31,61858000000,2024-05-20,RevenueFromContractWithCustomerExcludingAssessedTax,2026-08-25
MSFT,rnd,2024-03-31,7653000000,2024-05-20,ResearchAndDevelopmentExpense,2026-08-25
MSFT,shares,2024-03-31,7433000000,2024-05-20,CommonStockSharesOutstanding,2026-08-25
MSI,assets,2024-03-30,13326000000,2024-05-19,Assets,2026-08-25
MSI,buybacks,2024-03-30,39000000,2024-05-19,PaymentsForRepurchaseOfCommonStock,2026-08-25
MSI,capex,2024-03-30,46000000,2024-05-19,PaymentsToAcquireProductiveAssets,2026-08-25
MSI,cash,2024-03-30,1512000000,2024-05-19,CashAndCashEquivalentsAtCarryingValue,2026-08-25
MSI,debt,2024-03-30,5994000000,2024-05-19,LongTermDebtNoncurrent,2026-08-25
MSI,equity,2024-03-30,521000000,2024-05-19,StockholdersEquity,2026-08-25
MSI,grossProfit,2024-03-30,1192000000,2024-05-19,GrossProfit,2026-08-25
MSI,inventory,2024-03-30,840000000,2024-05-19,InventoryNet,2026-08-25
MSI,netIncome,2024-03-30,-39000000,2024-05-19,NetIncomeLoss,2026-08-25
MSI,operatingCashFlow,2024-03-30,382000000,2024-05-19,NetCashProvidedByUsedInOperatingActivities,2026-08-25
MSI,operatingIncome,2024-03-30,519000000,2024-05-19,OperatingIncomeLoss,2026-08-25
MSI,receivables,2024-03-30,1592000000,2024-05-19,AccountsReceivableNetCurrent,2026-08-25
MSI,revenue,2024-03-30,2389000000,2024-05-19,RevenueFromContractWithCustomerExcludingAssessedTax,2026-08-25
MSI,rnd,2024-03-30,218000000,2024-05-19,ResearchAndDevelopmentExpense,2026-08-25
MSI,shares,2024-03-30,166800000,2024-05-19,CommonStockSharesOutstanding,2026-08-25
MTB,assets,2024-03-31,215137000000,2024-05-20,Assets,2026-08-25
MTB,buybacks,2024-03-31,0,2024-05-20,PaymentsForRepurchaseOfCommonStock,2026-08-25
MTB,debt,2024-03-31,11450000000,2024-05-20,LongTermDebt,2026-08-25
MTB,equity,2024-03-31,27169000000,2024-05-20,StockholdersEquity,2026-08-25
MTB,liabilities,2024-03-31,187968000000,2024-05-20,Liabilities,2026-08-25
MTB,netIncome,2024-03-31,531000000,2024-05-20,NetIncomeLoss,2026-08-25
MTB,operatingCashFlow,2024-03-31,608000000,2024-05-20,NetCashProvidedByUsedInOperatingActivities,2026-08-25
MTB,revenue,2024-03-31,367000000,2024-05-20,RevenueFromContractWithCustomerExcludingAssessedTax,2026-08-25
MTD,assets,2024-03-31,3283117000,2024-05-20,Assets,2026-08-25
MTD,buybacks,2024-03-31,212499000,2024-05-20,PaymentsForRepurchaseOfCommonStock,2026-08-25
MTD,capex,2024-03-31,17391000,2024-05-20,PaymentsToAcquirePropertyPlantAndEquipment,2026-08-25
MTD,debt,2024-03-31,1903574000,2024-05-20,LongTermDebtNoncurrent,2026-08-25
MTD,equity,2024-03-31,-158717000,2024-05-20,StockholdersEquity,2026-08-25
MTD,grossProfit,2024-03-31,548133000,2024-05-20,GrossProfit,2026-08-25
MTD,inventory,2024-03-31,373670000,2024-05-20,InventoryNet,2026-08-25
MTD,liabilities,2024-03-31,3441834000,2024-05-20,Liabilities,2026-08-25
MTD,netIncome,2024-03-31,177509000,2024-05-20,NetIncomeLoss,2026-08-25
MTD,operatingCashFlow,2024-03-31,189987000,2024-05-20,NetCashProvidedByUsedInOperatingActivities,2026-08-25
MTD,receivables,2024-03-31,650333000,2024-05-20,AccountsReceivableNetCurrent,2026-08-25
MTD,revenue,2024-03-31,925949000,2024-05-20,Revenues,2026-08-25
MTD,rnd,2024-03-31,46415000,2024-05-20,ResearchAndDevelopmentExpense,2026-08-25
MTD,shares,2024-03-31,21357370,2024-05-20,CommonStockSharesOutstanding,2026-08-25
MU,assets,2024-02-29,65718000000,2024-04-19,Assets,2026-08-25
MU,cash,2024-02-29,8016000000,2024-04-19,CashAndCashEquivalentsAtCarryingValue,2026-08-25
MU,debt,2024-02-29,12018000000,2024-04-19,LongTermDebt,2026-08-25
MU,equity,2024-02-29,43870000000,2024-04-19,StockholdersEquity,2026-08-25
MU,grossProfit,2024-02-29,1079000000,2024-04-19,GrossProfit,2026-08-25
MU,inventory,2024-02-29,8443000000,2024-04-19,InventoryNet,2026-08-25
MU,liabilities,2024-02-29,21848000000,2024-04-19,Liabilities,2026-08-25
MU,netIncome,2024-02-29,793000000,2024-04-19,NetIncomeLoss,2026-08-25
MU,operatingIncome,2024-02-29,191000000,2024-04-19,OperatingIncomeLoss,2026-08-25
MU,receivables,2024-02-29,3648000000,2024-04-19,AccountsReceivableNetCurrent,2026-08-25
MU,revenue,2024-02-29,5824000000,2024-04-19,RevenueFromContractWithCustomerExcludingAssessedTax,2026-08-25
MU,rnd,2024-02-29,832000000,2024-04-19,ResearchAndDevelopmentExpense,2026-08-25
MU,shares,2024-02-29,1107000000,2024-04-19,CommonStockSharesOutstanding,2026-08-25
NCLH,assets,2024-03-31,19825188000,2024-05-20,Assets,2026-08-25
NCLH,capex,2024-03-31,258851000,2024-05-20,PaymentsToAcquirePropertyPlantAndEquipment,2026-08-25
NCLH,cash,2024-03-31,559814000,2024-05-20,CashAndCashEquivalentsAtCarryingValue,2026-08-25
NCLH,equity,2024-03-31,362091000,2024-05-20,StockholdersEquity,2026-08-25
NCLH,inventory,2024-03-31,157879000,2024-05-20,InventoryNet,2026-08-25
NCLH,liabilities,2024-03-31,19463097000,2024-05-20,Liabilities,2026-08-25
NCLH,netIncome,2024-03-31,17353000,2024-05-20,NetIncomeLoss,2026-08-25
NCLH,operatingCashFlow,2024-03-31,807171000,2024-05-20,NetCashProvidedByUsedInOperatingActivities,2026-08-25
NCLH,operatingIncome,2024-03-31,218394000,2024-05-20,OperatingIncomeLoss,2026-08-25
NCLH,receivables,2024-03-31,282313000,2024-05-20,AccountsReceivableNetCurrent,2026-08-25
NCLH,shares,2024-03-31,429025827,2024-05-20,CommonStockSharesOutstanding,2026-08-25
NDAQ,assets,2024-03-31,30267000000,2024-05-20,Assets,2026-08-25
NDAQ,buybacks,2024-03-31,0,2024-05-20,PaymentsForRepurchaseOfCommonStock,2026-08-25
NDAQ,capex,2024-03-31,39000000,2024-05-20,PaymentsToAcquirePropertyPlantAndEquipment,2026-08-25
NDAQ,cash,2024-03-31,388000000,2024-05-20,CashAndCashEquivalentsAtCarryingValue,2026-08-25
NDAQ,debt,2024-03-31,9765000000,2024-05-20,LongTermDebtNoncurrent,2026-08-25
NDAQ,equity,2024-03-31,10809000000,2024-05-20,StockholdersEquity,2026-08-25
NDAQ,grossProfit,2024-03-31,1117000000,2024-05-20,GrossProfit,2026-08-25
NDAQ,liabilities,2024-03-31,19448000000,2024-05-20,Liabilities,2026-08-25
NDAQ,netIncome,2024-03-31,234000000,2024-05-20,NetIncomeLoss,2026-08-25
NDAQ,operatingCashFlow,2024-03-31,530000000,2024-05-20,NetCashProvidedByUsedInOperatingActivities,2026-08-25
NDAQ,operatingIncome,2024-03-31,410000000,2024-05-20,OperatingIncomeLoss,2026-08-25
NDAQ,revenue,2024-03-31,1674000000,2024-05-20,RevenueFromContractWithCustomerExcludingAssessedTax,2026-08-25
NDAQ,shares,2024-03-31,576000000,2024-05-20,CommonStockSharesOutstanding,2026-08-25
NDSN,assets,2024-01-31,5247077000,2024-04-25,Assets,2026-08-25
NDSN,buybacks,2024-01-31,7371000,2024-04-25,PaymentsForRepurchaseOfCommonStock,2026-08-25
NDSN,capex,2024-01-31,7530000,2024-04-25,PaymentsToAcquirePropertyPlantAndEquipment,2026-08-25
NDSN,cash,2024-01-31,136201000,2024-04-25,CashAndCashEquivalentsAtCarryingValue,2026-08-25
NDSN,debt,2024-01-31,1513871000,2024-04-25,LongTermDebtNoncurrent,2026-08-25
NDSN,equity,2024-01-31,2723967000,2024-04-25,StockholdersEquity,2026-08-25
NDSN,inventory,2024-01-31,451217000,2024-04-25,InventoryNet,2026-08-25
NDSN,netIncome,2024-01-31,109572000,2024-04-25,NetIncomeLoss,2026-08-25
NDSN,operatingCashFlow,2024-01-31,172356000,2024-04-25,NetCashProvidedByUsedInOperatingActivities,2026-08-25
NDSN,operatingIncome,2024-01-31,159435000,2024-04-25,OperatingIncomeLoss,2026-08-25
NDSN,revenue,2024-01-31,633193000,2024-04-25,RevenueFromContractWithCustomerExcludingAssessedTax,2026-08-25
NEE,assets,2024-03-31,179950000000,2024-05-20,Assets,2026-08-25
NEE,cash,2024-03-31,1642000000,2024-05-20,CashAndCashEquivalentsAtCarryingValue,2026-08-25
NEE,debt,2024-03-31,65868000000,2024-05-20,LongTermDebtNoncurrent,2026-08-25
NEE,equity,2024-03-31,48641000000,2024-05-20,StockholdersEquity,2026-08-25
NEE,inventory,2024-03-31,2131000000,2024-05-20,InventoryNet,2026-08-25
NEE,liabilities,2024-03-31,120561000000,2024-05-20,Liabilities,2026-08-25
NEE,netIncome,2024-03-31,2268000000,2024-05-20,NetIncomeLoss,2026-08-25
NEE,operatingCashFlow,2024-03-31,3077000000,2024-05-20,NetCashProvidedByUsedInOperatingActivities,2026-08-25
NEE,operatingIncome,2024-03-31,2013000000,2024-05-20,OperatingIncomeLoss,2026-08-25
NEE,receivables,2024-03-31,3119000000,2024-05-20,AccountsReceivableNetCurrent,2026-08-25
NEE,shares,2024-03-31,2055000000,2024-05-20,CommonStockSharesOutstanding,2026-08-25
NEM,assets,2024-03-31,55335000000,2024-05-20,Assets,2026-08-25
NEM,buybacks,2024-03-31,0,2024-05-20,PaymentsForRepurchaseOfCommonStock,2026-08-25
NEM,capex,2024-03-31,850000000,2024-05-20,PaymentsToAcquireProductiveAssets,2026-08-25
NEM,cash,2024-03-31,2336000000,2024-05-20,CashAndCashEquivalentsAtCarryingValue,2026-08-25
NEM,debt,2024-03-31,8933000000,2024-05-20,LongTermDebtNoncurrent,2026-08-25
NEM,equity,2024-03-31,28890000000,2024-05-20,StockholdersEquity,2026-08-25
NEM,equityStakes,2024-03-31,15000000,2024-05-20,PaymentsToAcquireEquityMethodInvestments,2026-08-25
NEM,liabilities,2024-03-31,26260000000,2024-05-20,Liabilities,2026-08-25
NEM,netIncome,2024-03-31,170000000,2024-05-20,NetIncomeLoss,2026-08-25
NEM,operatingCashFlow,2024-03-31,776000000,2024-05-20,NetCashProvidedByUsedInOperatingActivities,2026-08-25
NEM,receivables,2024-03-31,782000000,2024-05-20,AccountsReceivableNetCurrent,2026-08-25
NEM,revenue,2024-03-31,4023000000,2024-05-20,RevenueFromContractWithCustomerExcludingAssessedTax,2026-08-25
NEM,rnd,2024-03-31,53000000,2024-05-20,ResearchAndDevelopmentExpense,2026-08-25
NFLX,assets,2024-03-31,48827721000,2024-05-20,Assets,2026-08-25
NFLX,buybacks,2024-03-31,2000000000,2024-05-20,PaymentsForRepurchaseOfCommonStock,2026-08-25
NFLX,capex,2024-03-31,75714000,2024-05-20,PaymentsToAcquirePropertyPlantAndEquipment,2026-08-25
NFLX,cash,2024-03-31,7024766000,2024-05-20,CashAndCashEquivalentsAtCarryingValue,2026-08-25
NFLX,debt,2024-03-31,13217038000,2024-05-20,LongTermDebtNoncurrent,2026-08-25
NFLX,equity,2024-03-31,21365410000,2024-05-20,StockholdersEquity,2026-08-25
NFLX,liabilities,2024-03-31,27462311000,2024-05-20,Liabilities,2026-08-25
NFLX,netIncome,2024-03-31,2332209000,2024-05-20,NetIncomeLoss,2026-08-25
NFLX,operatingCashFlow,2024-03-31,2212522000,2024-05-20,NetCashProvidedByUsedInOperatingActivities,2026-08-25
NFLX,operatingIncome,2024-03-31,2632534000,2024-05-20,OperatingIncomeLoss,2026-08-25
NFLX,revenue,2024-03-31,9370440000,2024-05-20,Revenues,2026-08-25
NFLX,rnd,2024-03-31,702473000,2024-05-20,ResearchAndDevelopmentExpense,2026-08-25
NFLX,shares,2024-03-31,430964991,2024-05-20,CommonStockSharesOutstanding,2026-08-25
NI,assets,2024-03-31,29338100000,2024-05-20,Assets,2026-08-25
NI,capex,2024-03-31,589500000,2024-05-20,PaymentsToAcquirePropertyPlantAndEquipment,2026-08-25
NI,cash,2024-03-31,102200000,2024-05-20,CashAndCashEquivalentsAtCarryingValue,2026-08-25
NI,equity,2024-03-31,7895900000,2024-05-20,StockholdersEquity,2026-08-25
NI,netIncome,2024-03-31,365000000,2024-05-20,NetIncomeLoss,2026-08-25
NI,operatingCashFlow,2024-03-31,456200000,2024-05-20,NetCashProvidedByUsedInOperatingActivities,2026-08-25
NI,operatingIncome,2024-03-31,583400000,2024-05-20,OperatingIncomeLoss,2026-08-25
NI,receivables,2024-03-31,845600000,2024-05-20,AccountsReceivableNetCurrent,2026-08-25
NI,revenue,2024-03-31,1706300000,2024-05-20,Revenues,2026-08-25
NI,shares,2024-03-31,448198000,2024-05-20,CommonStockSharesOutstanding,2026-08-25
NKE,assets,2024-02-29,37356000000,2024-04-19,Assets,2026-08-25
NKE,cash,2024-02-29,8960000000,2024-04-19,CashAndCashEquivalentsAtCarryingValue,2026-08-25
NKE,debt,2024-02-29,8930000000,2024-04-19,LongTermDebtNoncurrent,2026-08-25
NKE,equity,2024-02-29,14226000000,2024-04-19,StockholdersEquity,2026-08-25
NKE,grossProfit,2024-02-29,5562000000,2024-04-19,GrossProfit,2026-08-25
NKE,netIncome,2024-02-29,1172000000,2024-04-19,NetIncomeLoss,2026-08-25
NKE,receivables,2024-02-29,4526000000,2024-04-19,AccountsReceivableNetCurrent,2026-08-25
NKE,revenue,2024-02-29,12429000000,2024-04-19,RevenueFromContractWithCustomerExcludingAssessedTax,2026-08-25
NOC,assets,2024-03-31,47818000000,2024-05-20,Assets,2026-08-25
NOC,buybacks,2024-03-31,1190000000,2024-05-20,PaymentsForRepurchaseOfCommonStock,2026-08-25
NOC,capex,2024-03-31,270000000,2024-05-20,PaymentsToAcquirePropertyPlantAndEquipment,2026-08-25
NOC,cash,2024-03-31,3061000000,2024-05-20,CashAndCashEquivalentsAtCarryingValue,2026-08-25
NOC,debt,2024-03-31,14742000000,2024-05-20,LongTermDebtNoncurrent,2026-08-25
NOC,equity,2024-03-31,14223000000,2024-05-20,StockholdersEquity,2026-08-25
NOC,inventory,2024-03-31,1370000000,2024-05-20,InventoryNet,2026-08-25
NOC,liabilities,2024-03-31,33595000000,2024-05-20,Liabilities,2026-08-25
NOC,netIncome,2024-03-31,944000000,2024-05-20,NetIncomeLoss,2026-08-25
NOC,operatingCashFlow,2024-03-31,-706000000,2024-05-20,NetCashProvidedByUsedInOperatingActivities,2026-08-25
NOC,operatingIncome,2024-03-31,1071000000,2024-05-20,OperatingIncomeLoss,2026-08-25
NOC,receivables,2024-03-31,1832000000,2024-05-20,AccountsReceivableNetCurrent,2026-08-25
NOC,revenue,2024-03-31,10133000000,2024-05-20,Revenues,2026-08-25
NOC,shares,2024-03-31,148088480,2024-05-20,CommonStockSharesOutstanding,2026-08-25
NOW,assets,2024-03-31,17544000000,2024-05-20,Assets,2026-08-25
NOW,buybacks,2024-03-31,175000000,2024-05-20,PaymentsForRepurchaseOfCommonStock,2026-08-25
NOW,capex,2024-03-31,135000000,2024-05-20,PaymentsToAcquirePropertyPlantAndEquipment,2026-08-25
NOW,cash,2024-03-31,2056000000,2024-05-20,CashAndCashEquivalentsAtCarryingValue,2026-08-25
NOW,equity,2024-03-31,8107000000,2024-05-20,StockholdersEquity,2026-08-25
NOW,grossProfit,2024-03-31,2083000000,2024-05-20,GrossProfit,2026-08-25
NOW,liabilities,2024-03-31,9437000000,2024-05-20,Liabilities,2026-08-25
NOW,netIncome,2024-03-31,347000000,2024-05-20,NetIncomeLoss,2026-08-25
NOW,operatingCashFlow,2024-03-31,1341000000,2024-05-20,NetCashProvidedByUsedInOperatingActivities,2026-08-25
NOW,operatingIncome,2024-03-31,332000000,2024-05-20,OperatingIncomeLoss,2026-08-25
NOW,receivables,2024-03-31,1306000000,2024-05-20,AccountsReceivableNetCurrent,2026-08-25
NOW,revenue,2024-03-31,2603000000,2024-05-20,RevenueFromContractWithCustomerExcludingAssessedTax,2026-08-25
NOW,rnd,2024-03-31,606000000,2024-05-20,ResearchAndDevelopmentExpense,2026-08-25
NOW,shares,2024-03-31,205382000,2024-05-20,CommonStockSharesOutstanding,2026-08-25
NRG,assets,2024-03-31,25401000000,2024-05-20,Assets,2026-08-25
NRG,buybacks,2024-03-31,0,2024-05-20,PaymentsForRepurchaseOfCommonStock,2026-08-25
NRG,capex,2024-03-31,69000000,2024-05-20,PaymentsToAcquirePropertyPlantAndEquipment,2026-08-25
NRG,cash,2024-03-31,278000000,2024-05-20,CashAndCashEquivalentsAtCarryingValue,2026-08-25
NRG,debt,2024-03-31,9559000000,2024-05-20,LongTermDebtNoncurrent,2026-08-25
NRG,inventory,2024-03-31,581000000,2024-05-20,InventoryNet,2026-08-25
NRG,liabilities,2024-03-31,22104000000,2024-05-20,Liabilities,2026-08-25
NRG,netIncome,2024-03-31,511000000,2024-05-20,NetIncomeLoss,2026-08-25
NRG,operatingCashFlow,2024-03-31,267000000,2024-05-20,NetCashProvidedByUsedInOperatingActivities,2026-08-25
NRG,operatingIncome,2024-03-31,872000000,2024-05-20,OperatingIncomeLoss,2026-08-25
NRG,receivables,2024-03-31,3325000000,2024-05-20,AccountsReceivableNetCurrent,2026-08-25
NRG,revenue,2024-03-31,7429000000,2024-05-20,Revenues,2026-08-25
NRG,shares,2024-03-31,208166262,2024-05-20,CommonStockSharesOutstanding,2026-08-25
NSC,assets,2024-03-31,42128000000,2024-05-20,Assets,2026-08-25
NSC,buybacks,2024-03-31,0,2024-05-20,PaymentsForRepurchaseOfCommonStock,2026-08-25
NSC,capex,2024-03-31,557000000,2024-05-20,PaymentsToAcquirePropertyPlantAndEquipment,2026-08-25
NSC,cash,2024-03-31,652000000,2024-05-20,CashAndCashEquivalentsAtCarryingValue,2026-08-25
NSC,equity,2024-03-31,12536000000,2024-05-20,StockholdersEquity,2026-08-25
NSC,liabilities,2024-03-31,29592000000,2024-05-20,Liabilities,2026-08-25
NSC,netIncome,2024-03-31,53000000,2024-05-20,NetIncomeLoss,2026-08-25
NSC,operatingCashFlow,2024-03-31,839000000,2024-05-20,NetCashProvidedByUsedInOperatingActivities,2026-08-25
NSC,operatingIncome,2024-03-31,213000000,2024-05-20,OperatingIncomeLoss,2026-08-25
NSC,receivables,2024-03-31,1198000000,2024-05-20,AccountsReceivableNetCurrent,2026-08-25
NSC,revenue,2024-03-31,3004000000,2024-05-20,RevenueFromContractWithCustomerExcludingAssessedTax,2026-08-25
NSC,shares,2024-03-31,225914028,2024-05-20,CommonStockSharesOutstanding,2026-08-25
NTAP,assets,2024-01-26,9369000000,2024-04-20,Assets,2026-08-25
NTAP,cash,2024-01-26,1820000000,2024-04-20,CashAndCashEquivalentsAtCarryingValue,2026-08-25
NTAP,debt,2024-01-26,1991000000,2024-04-20,LongTermDebtNoncurrent,2026-08-25
NTAP,equity,2024-01-26,994000000,2024-04-20,StockholdersEquity,2026-08-25
NTAP,grossProfit,2024-01-26,1151000000,2024-04-20,GrossProfit,2026-08-25
NTAP,inventory,2024-01-26,131000000,2024-04-20,InventoryNet,2026-08-25
NTAP,liabilities,2024-01-26,8375000000,2024-04-20,Liabilities,2026-08-25
NTAP,netIncome,2024-01-26,313000000,2024-04-20,NetIncomeLoss,2026-08-25
NTAP,operatingIncome,2024-01-26,366000000,2024-04-20,OperatingIncomeLoss,2026-08-25
NTAP,receivables,2024-01-26,787000000,2024-04-20,AccountsReceivableNetCurrent,2026-08-25
NTAP,revenue,2024-01-26,1606000000,2024-04-20,RevenueFromContractWithCustomerExcludingAssessedTax,2026-08-25
NTAP,rnd,2024-01-26,249000000,2024-04-20,ResearchAndDevelopmentExpense,2026-08-25
NTAP,shares,2024-01-26,206000000,2024-04-20,CommonStockSharesOutstanding,2026-08-25
NTRS,assets,2024-03-31,156111000000,2024-05-20,Assets,2026-08-25
NTRS,buybacks,2024-03-31,132000000,2024-05-20,PaymentsForRepurchaseOfCommonStock,2026-08-25
NTRS,capex,2024-03-31,14300000,2024-05-20,PaymentsToAcquirePropertyPlantAndEquipment,2026-08-25
NTRS,equity,2024-03-31,12101800000,2024-05-20,StockholdersEquity,2026-08-25
NTRS,liabilities,2024-03-31,144009200000,2024-05-20,Liabilities,2026-08-25
NTRS,netIncome,2024-03-31,214700000,2024-05-20,NetIncomeLoss,2026-08-25
NTRS,operatingCashFlow,2024-03-31,-1452600000,2024-05-20,NetCashProvidedByUsedInOperatingActivities,2026-08-25
NTRS,revenue,2024-03-31,1142900000,2024-05-20,RevenueFromContractWithCustomerExcludingAssessedTax,2026-08-25
NTRS,shares,2024-03-31,204591724,2024-05-20,CommonStockSharesOutstanding,2026-08-25
NUE,assets,2024-03-30,33932525000,2024-05-19,Assets,2026-08-25
NUE,buybacks,2024-03-30,1001000000,2024-05-19,PaymentsForRepurchaseOfCommonStock,2026-08-25
NUE,capex,2024-03-30,670000000,2024-05-19,PaymentsToAcquirePropertyPlantAndEquipment,2026-08-25
NUE,cash,2024-03-30,4557759000,2024-05-19,CashAndCashEquivalentsAtCarryingValue,2026-08-25
NUE,equity,2024-03-30,20693713000,2024-05-19,StockholdersEquity,2026-08-25
NUE,grossProfit,2024-03-30,1523000000,2024-05-19,GrossProfit,2026-08-25
NUE,inventory,2024-03-30,5589675000,2024-05-19,InventoryNet,2026-08-25
NUE,liabilities,2024-03-30,12207006000,2024-05-19,Liabilities,2026-08-25
NUE,netIncome,2024-03-30,845000000,2024-05-19,NetIncomeLoss,2026-08-25
NUE,operatingCashFlow,2024-03-30,460000000,2024-05-19,NetCashProvidedByUsedInOperatingActivities,2026-08-25
NUE,receivables,2024-03-30,3157184000,2024-05-19,AccountsReceivableNetCurrent,2026-08-25
NUE,revenue,2024-03-30,8137083000,2024-05-19,Revenues,2026-08-25
NVDA,assets,2024-01-28,65728000000,2024-04-22,Assets,2026-08-25
NVDA,cash,2024-01-28,7280000000,2024-04-22,CashAndCashEquivalentsAtCarryingValue,2026-08-25
NVDA,debt,2024-01-28,8459000000,2024-04-22,LongTermDebtNoncurrent,2026-08-25
NVDA,equity,2024-01-28,42978000000,2024-04-22,StockholdersEquity,2026-08-25
NVDA,inventory,2024-01-28,5282000000,2024-04-22,InventoryNet,2026-08-25
NVDA,liabilities,2024-01-28,22750000000,2024-04-22,Liabilities,2026-08-25
NVDA,receivables,2024-01-28,9999000000,2024-04-22,AccountsReceivableNetCurrent,2026-08-25
NVDA,shares,2024-01-28,24643000000,2024-04-22,CommonStockSharesOutstanding,2026-08-25
NVR,assets,2024-03-31,6538157000,2024-05-20,Assets,2026-08-25
NVR,buybacks,2024-03-31,496936000,2024-05-20,PaymentsForRepurchaseOfCommonStock,2026-08-25
NVR,capex,2024-03-31,8979000,2024-05-20,PaymentsToAcquirePropertyPlantAndEquipment,2026-08-25
NVR,equity,2024-03-31,4344381000,2024-05-20,StockholdersEquity,2026-08-25
NVR,liabilities,2024-03-31,2193776000,2024-05-20,Liabilities,2026-08-25
NVR,netIncome,2024-03-31,394269000,2024-05-20,NetIncomeLoss,2026-08-25
NVR,operatingCashFlow,2024-03-31,146458000,2024-05-20,NetCashProvidedByUsedInOperatingActivities,2026-08-25
NVR,revenue,2024-03-31,2333463000,2024-05-20,Revenues,2026-08-25
NWS,assets,2024-03-31,16544000000,2024-05-20,Assets,2026-08-25
NWS,cash,2024-03-31,1927000000,2024-05-20,CashAndCashEquivalentsAtCarryingValue,2026-08-25
NWS,debt,2024-03-31,2844000000,2024-05-20,LongTermDebtNoncurrent,2026-08-25
NWS,equity,2024-03-31,8051000000,2024-05-20,StockholdersEquity,2026-08-25
NWS,inventory,2024-03-31,331000000,2024-05-20,InventoryNet,2026-08-25
NWS,netIncome,2024-03-31,30000000,2024-05-20,NetIncomeLoss,2026-08-25
NWS,receivables,2024-03-31,1438000000,2024-05-20,AccountsReceivableNetCurrent,2026-08-25
NWS,revenue,2024-03-31,1994000000,2024-05-20,Revenues,2026-08-25
NXPI,assets,2024-03-31,23320000000,2024-05-20,Assets,2026-08-25
NXPI,buybacks,2024-03-31,303000000,2024-05-20,PaymentsForRepurchaseOfCommonStock,2026-08-25
NXPI,capex,2024-03-31,226000000,2024-05-20,PaymentsToAcquirePropertyPlantAndEquipment,2026-08-25
NXPI,cash,2024-03-31,2908000000,2024-05-20,CashAndCashEquivalentsAtCarryingValue,2026-08-25
NXPI,equity,2024-03-31,8829000000,2024-05-20,StockholdersEquity,2026-08-25
NXPI,grossProfit,2024-03-31,1783000000,2024-05-20,GrossProfit,2026-08-25
NXPI,inventory,2024-03-31,2102000000,2024-05-20,InventoryNet,2026-08-25
NXPI,liabilities,2024-03-31,14170000000,2024-05-20,Liabilities,2026-08-25
NXPI,netIncome,2024-03-31,639000000,2024-05-20,NetIncomeLoss,2026-08-25
NXPI,operatingCashFlow,2024-03-31,851000000,2024-05-20,NetCashProvidedByUsedInOperatingActivities,2026-08-25
NXPI,operatingIncome,2024-03-31,856000000,2024-05-20,OperatingIncomeLoss,2026-08-25
NXPI,receivables,2024-03-31,881000000,2024-05-20,AccountsReceivableNetCurrent,2026-08-25
NXPI,revenue,2024-03-31,3126000000,2024-05-20,RevenueFromContractWithCustomerExcludingAssessedTax,2026-08-25
NXPI,rnd,2024-03-31,564000000,2024-05-20,ResearchAndDevelopmentExpense,2026-08-25
O,assets,2024-03-31,68328249000,2024-05-20,Assets,2026-08-25
O,cash,2024-03-31,680159000,2024-05-20,CashAndCashEquivalentsAtCarryingValue,2026-08-25
O,equity,2024-03-31,38986027000,2024-05-20,StockholdersEquity,2026-08-25
O,liabilities,2024-03-31,29009765000,2024-05-20,Liabilities,2026-08-25
O,netIncome,2024-03-31,132284000,2024-05-20,NetIncomeLoss,2026-08-25
O,operatingCashFlow,2024-03-31,778673000,2024-05-20,NetCashProvidedByUsedInOperatingActivities,2026-08-25
O,revenue,2024-03-31,1260485000,2024-05-20,Revenues,2026-08-25
O,shares,2024-03-31,870756000,2024-05-20,CommonStockSharesOutstanding,2026-08-25
ODFL,assets,2024-03-31,5651356000,2024-05-20,Assets,2026-08-25
ODFL,buybacks,2024-03-31,85280000,2024-05-20,PaymentsForRepurchaseOfCommonStock,2026-08-25
ODFL,capex,2024-03-31,119511000,2024-05-20,PaymentsToAcquireProductiveAssets,2026-08-25
ODFL,cash,2024-03-31,580974000,2024-05-20,CashAndCashEquivalentsAtCarryingValue,2026-08-25
ODFL,equity,2024-03-31,4401637000,2024-05-20,StockholdersEquity,2026-08-25
ODFL,liabilities,2024-03-31,1249719000,2024-05-20,Liabilities,2026-08-25
ODFL,netIncome,2024-03-31,292304000,2024-05-20,NetIncomeLoss,2026-08-25
ODFL,operatingCashFlow,2024-03-31,423893000,2024-05-20,NetCashProvidedByUsedInOperatingActivities,2026-08-25
ODFL,operatingIncome,2024-03-31,386426000,2024-05-20,OperatingIncomeLoss,2026-08-25
ODFL,receivables,2024-03-31,582209000,2024-05-20,AccountsReceivableNetCurrent,2026-08-25
ODFL,shares,2024-03-31,217598722,2024-05-20,CommonStockSharesOutstanding,2026-08-25
OKE,assets,2024-03-31,44390000000,2024-05-20,Assets,2026-08-25
OKE,buybacks,2024-03-31,0,2024-05-20,PaymentsForRepurchaseOfCommonStock,2026-08-25
OKE,capex,2024-03-31,512000000,2024-05-20,PaymentsToAcquirePropertyPlantAndEquipment,2026-08-25
OKE,cash,2024-03-31,65000000,2024-05-20,CashAndCashEquivalentsAtCarryingValue,2026-08-25
OKE,debt,2024-03-31,20447000000,2024-05-20,LongTermDebtNoncurrent,2026-08-25
OKE,equity,2024-03-31,16445000000,2024-05-20,StockholdersEquity,2026-08-25
OKE,inventory,2024-03-31,798000000,2024-05-20,InventoryNet,2026-08-25
OKE,netIncome,2024-03-31,639000000,2024-05-20,NetIncomeLoss,2026-08-25
OKE,operatingCashFlow,2024-03-31,596000000,2024-05-20,NetCashProvidedByUsedInOperatingActivities,2026-08-25
OKE,operatingIncome,2024-03-31,1064000000,2024-05-20,OperatingIncomeLoss,2026-08-25
OKE,revenue,2024-03-31,4781000000,2024-05-20,RevenueFromContractWithCustomerExcludingAssessedTax,2026-08-25
OKE,shares,2024-03-31,583644277,2024-05-20,CommonStockSharesOutstanding,2026-08-25
OMC,assets,2024-03-31,27275600000,2024-05-20,Assets,2026-08-25
OMC,buybacks,2024-03-31,180100000,2024-05-20,PaymentsForRepurchaseOfCommonStock,2026-08-25
OMC,capex,2024-03-31,23100000,2024-05-20,PaymentsToAcquirePropertyPlantAndEquipment,2026-08-25
OMC,equity,2024-03-31,3569500000,2024-05-20,StockholdersEquity,2026-08-25
OMC,netIncome,2024-03-31,318600000,2024-05-20,NetIncomeLoss,2026-08-25
OMC,operatingCashFlow,2024-03-31,-618500000,2024-05-20,NetCashProvidedByUsedInOperatingActivities,2026-08-25
OMC,operatingIncome,2024-03-31,478900000,2024-05-20,OperatingIncomeLoss,2026-08-25
OMC,receivables,2024-03-31,7905800000,2024-05-20,AccountsReceivableNetCurrent,2026-08-25
OMC,revenue,2024-03-31,3630500000,2024-05-20,Revenues,2026-08-25
ON,assets,2024-03-29,13482900000,2024-05-18,Assets,2026-08-25
ON,buybacks,2024-03-29,100000000,2024-05-18,PaymentsForRepurchaseOfCommonStock,2026-08-25
ON,capex,2024-03-29,233900000,2024-05-18,PaymentsToAcquirePropertyPlantAndEquipment,2026-08-25
ON,cash,2024-03-29,2614400000,2024-05-18,CashAndCashEquivalentsAtCarryingValue,2026-08-25
ON,debt,2024-03-29,2544100000,2024-05-18,LongTermDebtNoncurrent,2026-08-25
ON,equity,2024-03-29,8123900000,2024-05-18,StockholdersEquity,2026-08-25
ON,grossProfit,2024-03-29,853600000,2024-05-18,GrossProfit,2026-08-25
ON,inventory,2024-03-29,2147100000,2024-05-18,InventoryNet,2026-08-25
ON,liabilities,2024-03-29,5340300000,2024-05-18,Liabilities,2026-08-25
ON,netIncome,2024-03-29,453000000,2024-05-18,NetIncomeLoss,2026-08-25
ON,operatingCashFlow,2024-03-29,498700000,2024-05-18,NetCashProvidedByUsedInOperatingActivities,2026-08-25
ON,operatingIncome,2024-03-29,525200000,2024-05-18,OperatingIncomeLoss,2026-08-25
ON,revenue,2024-03-29,1862700000,2024-05-18,RevenueFromContractWithCustomerExcludingAssessedTax,2026-08-25
ON,shares,2024-03-29,429934333,2024-05-18,CommonStockSharesOutstanding,2026-08-25
ORCL,assets,2024-02-29,137082000000,2024-04-19,Assets,2026-08-25
ORCL,cash,2024-02-29,9481000000,2024-04-19,CashAndCashEquivalentsAtCarryingValue,2026-08-25
ORCL,equity,2024-02-29,5623000000,2024-04-19,StockholdersEquity,2026-08-25
ORCL,netIncome,2024-02-29,2401000000,2024-04-19,NetIncomeLoss,2026-08-25
ORCL,operatingIncome,2024-02-29,3750000000,2024-04-19,OperatingIncomeLoss,2026-08-25
ORCL,receivables,2024-02-29,7297000000,2024-04-19,AccountsReceivableNetCurrent,2026-08-25
ORCL,revenue,2024-02-29,13280000000,2024-04-19,RevenueFromContractWithCustomerExcludingAssessedTax,2026-08-25
ORCL,rnd,2024-02-29,2248000000,2024-04-19,ResearchAndDevelopmentExpense,2026-08-25
ORCL,shares,2024-02-29,2747000000,2024-04-19,CommonStockSharesOutstanding,2026-08-25
ORLY,assets,2024-03-31,14213054000,2024-05-20,Assets,2026-08-25
ORLY,buybacks,2024-03-31,270019000,2024-05-20,PaymentsForRepurchaseOfCommonStock,2026-08-25
ORLY,capex,2024-03-31,249240000,2024-05-20,PaymentsToAcquirePropertyPlantAndEquipment,2026-08-25
ORLY,cash,2024-03-31,89264000,2024-05-20,CashAndCashEquivalentsAtCarryingValue,2026-08-25
ORLY,debt,2024-03-31,5288632000,2024-05-20,LongTermDebtNoncurrent,2026-08-25
ORLY,equity,2024-03-31,-1391198000,2024-05-20,StockholdersEquity,2026-08-25
ORLY,grossProfit,2024-03-31,2034172000,2024-05-20,GrossProfit,2026-08-25
ORLY,inventory,2024-03-31,4805164000,2024-05-20,InventoryNet,2026-08-25
ORLY,netIncome,2024-03-31,547238000,2024-05-20,NetIncomeLoss,2026-08-25
ORLY,operatingCashFlow,2024-03-31,704215000,2024-05-20,NetCashProvidedByUsedInOperatingActivities,2026-08-25
ORLY,operatingIncome,2024-03-31,752481000,2024-05-20,OperatingIncomeLoss,2026-08-25
ORLY,receivables,2024-03-31,437821000,2024-05-20,AccountsReceivableNetCurrent,2026-08-25
ORLY,revenue,2024-03-31,3976240000,2024-05-20,RevenueFromContractWithCustomerExcludingAssessedTax,2026-08-25
ORLY,shares,2024-03-31,58982123,2024-05-20,CommonStockSharesOutstanding,2026-08-25
OTIS,assets,2024-03-31,9791000000,2024-05-20,Assets,2026-08-25
OTIS,buybacks,2024-03-31,300000000,2024-05-20,PaymentsForRepurchaseOfCommonStock,2026-08-25
OTIS,capex,2024-03-31,31000000,2024-05-20,PaymentsToAcquireProductiveAssets,2026-08-25
OTIS,cash,2024-03-31,884000000,2024-05-20,CashAndCashEquivalentsAtCarryingValue,2026-08-25
OTIS,debt,2024-03-31,6846000000,2024-05-20,LongTermDebtNoncurrent,2026-08-25
OTIS,equity,2024-03-31,-5024000000,2024-05-20,StockholdersEquity,2026-08-25
OTIS,inventory,2024-03-31,593000000,2024-05-20,InventoryNet,2026-08-25
OTIS,liabilities,2024-03-31,14607000000,2024-05-20,Liabilities,2026-08-25
OTIS,netIncome,2024-03-31,353000000,2024-05-20,NetIncomeLoss,2026-08-25
OTIS,operatingCashFlow,2024-03-31,171000000,2024-05-20,NetCashProvidedByUsedInOperatingActivities,2026-08-25
OTIS,operatingIncome,2024-03-31,544000000,2024-05-20,OperatingIncomeLoss,2026-08-25
OTIS,receivables,2024-03-31,3654000000,2024-05-20,AccountsReceivableNetCurrent,2026-08-25
OTIS,revenue,2024-03-31,3437000000,2024-05-20,RevenueFromContractWithCustomerExcludingAssessedTax,2026-08-25
OTIS,rnd,2024-03-31,36000000,2024-05-20,ResearchAndDevelopmentExpense,2026-08-25
OXY,assets,2024-03-31,74277000000,2024-05-20,Assets,2026-08-25
OXY,buybacks,2024-03-31,0,2024-05-20,PaymentsForRepurchaseOfCommonStock,2026-08-25
OXY,capex,2024-03-31,1783000000,2024-05-20,PaymentsToAcquirePropertyPlantAndEquipment,2026-08-25
OXY,cash,2024-03-31,1272000000,2024-05-20,CashAndCashEquivalentsAtCarryingValue,2026-08-25
OXY,debt,2024-03-31,18545000000,2024-05-20,LongTermDebtNoncurrent,2026-08-25
OXY,equity,2024-03-31,30811000000,2024-05-20,StockholdersEquity,2026-08-25
OXY,inventory,2024-03-31,2131000000,2024-05-20,InventoryNet,2026-08-25
OXY,netIncome,2024-03-31,888000000,2024-05-20,NetIncomeLoss,2026-08-25
OXY,operatingCashFlow,2024-03-31,2007000000,2024-05-20,NetCashProvidedByUsedInOperatingActivities,2026-08-25
OXY,receivables,2024-03-31,3271000000,2024-05-20,AccountsReceivableNetCurrent,2026-08-25
OXY,revenue,2024-03-31,5975000000,2024-05-20,Revenues,2026-08-25
OXY,shares,2024-03-31,886719730,2024-05-20,CommonStockSharesOutstanding,2026-08-25
PANW,assets,2024-01-31,18292000000,2024-04-25,Assets,2026-08-25
PANW,buybacks,2024-01-31,0,2024-04-25,PaymentsForRepurchaseOfCommonStock,2026-08-25
PANW,cash,2024-01-31,1782500000,2024-04-25,CashAndCashEquivalentsAtCarryingValue,2026-08-25
PANW,equity,2024-01-31,4357200000,2024-04-25,StockholdersEquity,2026-08-25
PANW,grossProfit,2024-01-31,1476000000,2024-04-25,GrossProfit,2026-08-25
PANW,liabilities,2024-01-31,13934800000,2024-04-25,Liabilities,2026-08-25
PANW,netIncome,2024-01-31,1746900000,2024-04-25,NetIncomeLoss,2026-08-25
PANW,operatingIncome,2024-01-31,53600000,2024-04-25,OperatingIncomeLoss,2026-08-25
PANW,receivables,2024-01-31,1896300000,2024-04-25,AccountsReceivableNetCurrent,2026-08-25
PANW,revenue,2024-01-31,1975100000,2024-04-25,RevenueFromContractWithCustomerExcludingAssessedTax,2026-08-25
PANW,rnd,2024-01-31,447900000,2024-04-25,ResearchAndDevelopmentExpense,2026-08-25
PANW,shares,2024-01-31,322700000,2024-04-25,CommonStockSharesOutstanding,2026-08-25
PAYX,assets,2024-02-29,13023900000,2024-04-19,Assets,2026-08-25
PAYX,cash,2024-02-29,1693600000,2024-04-19,CashAndCashEquivalentsAtCarryingValue,2026-08-25
PAYX,debt,2024-02-29,798500000,2024-04-19,LongTermDebtNoncurrent,2026-08-25
PAYX,equity,2024-02-29,3747100000,2024-04-19,StockholdersEquity,2026-08-25
PAYX,liabilities,2024-02-29,9276800000,2024-04-19,Liabilities,2026-08-25
PAYX,operatingIncome,2024-02-29,649800000,2024-04-19,OperatingIncomeLoss,2026-08-25
PAYX,revenue,2024-02-29,1439300000,2024-04-19,Revenues,2026-08-25
PAYX,shares,2024-02-29,360000000,2024-04-19,CommonStockSharesOutstanding,2026-08-25
PCAR,assets,2024-03-31,40373600000,2024-05-20,Assets,2026-08-25
PCAR,buybacks,2024-03-31,4000000,2024-05-20,PaymentsForRepurchaseOfCommonStock,2026-08-25
PCAR,capex,2024-03-31,191300000,2024-05-20,PaymentsToAcquirePropertyPlantAndEquipment,2026-08-25
PCAR,equity,2024-03-31,16871900000,2024-05-20,StockholdersEquity,2026-08-25
PCAR,netIncome,2024-03-31,1195300000,2024-05-20,NetIncomeLoss,2026-08-25
PCAR,operatingCashFlow,2024-03-31,1469000000,2024-05-20,NetCashProvidedByUsedInOperatingActivities,2026-08-25
PCAR,revenue,2024-03-31,8744300000,2024-05-20,Revenues,2026-08-25
PCAR,rnd,2024-03-31,105500000,2024-05-20,ResearchAndDevelopmentExpense,2026-08-25
PCG,assets,2024-03-31,127645000000,2024-05-20,Assets,2026-08-25
PCG,capex,2024-03-31,2638000000,2024-05-20,PaymentsToAcquirePropertyPlantAndEquipment,2026-08-25
PCG,cash,2024-03-31,658000000,2024-05-20,CashAndCashEquivalentsAtCarryingValue,2026-08-25
PCG,debt,2024-03-31,53415000000,2024-05-20,LongTermDebtNoncurrent,2026-08-25
PCG,equity,2024-03-31,25731000000,2024-05-20,StockholdersEquity,2026-08-25
PCG,inventory,2024-03-31,44000000,2024-05-20,InventoryNet,2026-08-25
PCG,operatingCashFlow,2024-03-31,2261000000,2024-05-20,NetCashProvidedByUsedInOperatingActivities,2026-08-25
PCG,operatingIncome,2024-03-31,1276000000,2024-05-20,OperatingIncomeLoss,2026-08-25
PCG,receivables,2024-03-31,2160000000,2024-05-20,AccountsReceivableNetCurrent,2026-08-25
PCG,revenue,2024-03-31,5861000000,2024-05-20,Revenues,2026-08-25
PCG,shares,2024-03-31,2137156228,2024-05-20,CommonStockSharesOutstanding,2026-08-25
PEG,assets,2024-03-31,52388000000,2024-05-20,Assets,2026-08-25
PEG,capex,2024-03-31,797000000,2024-05-20,PaymentsToAcquirePropertyPlantAndEquipment,2026-08-25
PEG,cash,2024-03-31,1186000000,2024-05-20,CashAndCashEquivalentsAtCarryingValue,2026-08-25
PEG,debt,2024-03-31,18764000000,2024-05-20,LongTermDebtNoncurrent,2026-08-25
PEG,netIncome,2024-03-31,532000000,2024-05-20,NetIncomeLoss,2026-08-25
PEG,operatingCashFlow,2024-03-31,661000000,2024-05-20,NetCashProvidedByUsedInOperatingActivities,2026-08-25
PEG,operatingIncome,2024-03-31,685000000,2024-05-20,OperatingIncomeLoss,2026-08-25
PEG,receivables,2024-03-31,1523000000,2024-05-20,AccountsReceivableNetCurrent,2026-08-25
PEG,revenue,2024-03-31,2760000000,2024-05-20,Revenues,2026-08-25
PEP,assets,2024-03-23,100040000000,2024-05-12,Assets,2026-08-25
PEP,buybacks,2024-03-23,146000000,2024-05-12,PaymentsForRepurchaseOfCommonStock,2026-08-25
PEP,capex,2024-03-23,614000000,2024-05-12,PaymentsToAcquireProductiveAssets,2026-08-25
PEP,cash,2024-03-23,8047000000,2024-05-12,CashAndCashEquivalentsAtCarryingValue,2026-08-25
PEP,equity,2024-03-23,19047000000,2024-05-12,StockholdersEquity,2026-08-25
PEP,grossProfit,2024-03-23,10002000000,2024-05-12,GrossProfit,2026-08-25
PEP,inventory,2024-03-23,5569000000,2024-05-12,InventoryNet,2026-08-25
PEP,liabilities,2024-03-23,80850000000,2024-05-12,Liabilities,2026-08-25
PEP,netIncome,2024-03-23,2042000000,2024-05-12,NetIncomeLoss,2026-08-25
PEP,operatingCashFlow,2024-03-23,-1041000000,2024-05-12,NetCashProvidedByUsedInOperatingActivities,2026-08-25
PEP,operatingIncome,2024-03-23,2717000000,2024-05-12,OperatingIncomeLoss,2026-08-25
PEP,revenue,2024-03-23,18250000000,2024-05-12,Revenues,2026-08-25
PFE,assets,2024-03-31,221095000000,2024-05-20,Assets,2026-08-25
PFE,capex,2024-03-31,704000000,2024-05-20,PaymentsToAcquirePropertyPlantAndEquipment,2026-08-25
PFE,cash,2024-03-31,719000000,2024-05-20,CashAndCashEquivalentsAtCarryingValue,2026-08-25
PFE,debt,2024-03-31,61307000000,2024-05-20,LongTermDebtNoncurrent,2026-08-25
PFE,equity,2024-03-31,92282000000,2024-05-20,StockholdersEquity,2026-08-25
PFE,inventory,2024-03-31,10892000000,2024-05-20,InventoryNet,2026-08-25
PFE,liabilities,2024-03-31,128537000000,2024-05-20,Liabilities,2026-08-25
PFE,netIncome,2024-03-31,3115000000,2024-05-20,NetIncomeLoss,2026-08-25
PFE,operatingCashFlow,2024-03-31,1090000000,2024-05-20,NetCashProvidedByUsedInOperatingActivities,2026-08-25
PFE,receivables,2024-03-31,10989000000,2024-05-20,AccountsReceivableNetCurrent,2026-08-25
PFE,revenue,2024-03-31,14879000000,2024-05-20,Revenues,2026-08-25
PFG,assets,2024-03-31,308683500000,2024-05-20,Assets,2026-08-25
PFG,buybacks,2024-03-31,234200000,2024-05-20,PaymentsForRepurchaseOfCommonStock,2026-08-25
PFG,cash,2024-03-31,4168400000,2024-05-20,CashAndCashEquivalentsAtCarryingValue,2026-08-25
PFG,debt,2024-03-31,3931500000,2024-05-20,LongTermDebt,2026-08-25
PFG,equity,2024-03-31,11185500000,2024-05-20,StockholdersEquity,2026-08-25
PFG,liabilities,2024-03-31,297082300000,2024-05-20,Liabilities,2026-08-25
PFG,netIncome,2024-03-31,532500000,2024-05-20,NetIncomeLoss,2026-08-25
PFG,operatingCashFlow,2024-03-31,584200000,2024-05-20,NetCashProvidedByUsedInOperatingActivities,2026-08-25
PFG,revenue,2024-03-31,4053300000,2024-05-20,Revenues,2026-08-25
PFG,shares,2024-03-31,235032781,2024-05-20,CommonStockSharesOutstanding,2026-08-25
PG,assets,2024-03-31,119598000000,2024-05-20,Assets,2026-08-25
PG,debt,2024-03-31,24253000000,2024-05-20,LongTermDebtNoncurrent,2026-08-25
PG,inventory,2024-03-31,7077000000,2024-05-20,InventoryNet,2026-08-25
PG,liabilities,2024-03-31,69264000000,2024-05-20,Liabilities,2026-08-25
PG,netIncome,2024-03-31,3754000000,2024-05-20,NetIncomeLoss,2026-08-25
PG,operatingIncome,2024-03-31,4460000000,2024-05-20,OperatingIncomeLoss,2026-08-25
PG,receivables,2024-03-31,6124000000,2024-05-20,AccountsReceivableNetCurrent,2026-08-25
PG,revenue,2024-03-31,20195000000,2024-05-20,Revenues,2026-08-25
PGR,assets,2024-03-31,94128000000,2024-05-20,Assets,2026-08-25
PGR,capex,2024-03-31,50000000,2024-05-20,PaymentsToAcquirePropertyPlantAndEquipment,2026-08-25
PGR,equity,2024-03-31,21811000000,2024-05-20,StockholdersEquity,2026-08-25
PGR,liabilities,2024-03-31,72317000000,2024-05-20,Liabilities,2026-08-25
PGR,netIncome,2024-03-31,2331000000,2024-05-20,NetIncomeLoss,2026-08-25
PGR,operatingCashFlow,2024-03-31,4235000000,2024-05-20,NetCashProvidedByUsedInOperatingActivities,2026-08-25
PGR,revenue,2024-03-31,17243000000,2024-05-20,Revenues,2026-08-25
PH,assets,2024-03-31,29578330000,2024-05-20,Assets,2026-08-25
PH,cash,2024-03-31,405484000,2024-05-20,CashAndCashEquivalentsAtCarryingValue,2026-08-25
PH,equity,2024-03-31,11590852000,2024-05-20,StockholdersEquity,2026-08-25
PH,inventory,2024-03-31,2966336000,2024-05-20,InventoryNet,2026-08-25
PH,liabilities,2024-03-31,17977909000,2024-05-20,Liabilities,2026-08-25
PH,operatingIncome,2024-03-31,1032768000,2024-05-20,OperatingIncomeLoss,2026-08-25
PH,revenue,2024-03-31,5074356000,2024-05-20,RevenueFromContractWithCustomerExcludingAssessedTax,2026-08-25
PHM,assets,2024-03-31,16496230000,2024-05-20,Assets,2026-08-25
PHM,buybacks,2024-03-31,245844000,2024-05-20,PaymentsForRepurchaseOfCommonStock,2026-08-25
PHM,capex,2024-03-31,24076000,2024-05-20,PaymentsToAcquirePropertyPlantAndEquipment,2026-08-25
PHM,cash,2024-03-31,1719562000,2024-05-20,CashAndCashEquivalentsAtCarryingValue,2026-08-25
PHM,equity,2024-03-31,10761953000,2024-05-20,StockholdersEquity,2026-08-25
PHM,equityStakes,2024-03-31,3955000,2024-05-20,PaymentsToAcquireEquityMethodInvestments,2026-08-25
PHM,liabilities,2024-03-31,5734277000,2024-05-20,Liabilities,2026-08-25
PHM,netIncome,2024-03-31,662976000,2024-05-20,NetIncomeLoss,2026-08-25
PHM,operatingCashFlow,2024-03-31,239787000,2024-05-20,NetCashProvidedByUsedInOperatingActivities,2026-08-25
PHM,revenue,2024-03-31,3949160000,2024-05-20,Revenues,2026-08-25
PKG,assets,2024-03-31,8857000000,2024-05-20,Assets,2026-08-25
PKG,capex,2024-03-31,76700000,2024-05-20,PaymentsToAcquirePropertyPlantAndEquipment,2026-08-25
PKG,cash,2024-03-31,692400000,2024-05-20,CashAndCashEquivalentsAtCarryingValue,2026-08-25
PKG,debt,2024-03-31,2472700000,2024-05-20,LongTermDebtNoncurrent,2026-08-25
PKG,equity,2024-03-31,4031000000,2024-05-20,StockholdersEquity,2026-08-25
PKG,grossProfit,2024-03-31,370400000,2024-05-20,GrossProfit,2026-08-25
PKG,inventory,2024-03-31,1003600000,2024-05-20,InventoryNet,2026-08-25
PKG,netIncome,2024-03-31,146900000,2024-05-20,NetIncomeLoss,2026-08-25
PKG,operatingCashFlow,2024-03-31,260400000,2024-05-20,NetCashProvidedByUsedInOperatingActivities,2026-08-25
PKG,operatingIncome,2024-03-31,196000000,2024-05-20,OperatingIncomeLoss,2026-08-25
PKG,receivables,2024-03-31,1045100000,2024-05-20,AccountsReceivableNetCurrent,2026-08-25
PKG,revenue,2024-03-31,1979500000,2024-05-20,RevenueFromContractWithCustomerExcludingAssessedTax,2026-08-25
PLD,assets,2024-03-31,93310310000,2024-05-20,Assets,2026-08-25
PLD,cash,2024-03-31,500589000,2024-05-20,CashAndCashEquivalentsAtCarryingValue,2026-08-25
PLD,debt,2024-03-31,29557667000,2024-05-20,LongTermDebt,2026-08-25
PLD,equity,2024-03-31,53190653000,2024-05-20,StockholdersEquity,2026-08-25
PLD,liabilities,2024-03-31,35513192000,2024-05-20,Liabilities,2026-08-25
PLD,netIncome,2024-03-31,585715000,2024-05-20,NetIncomeLoss,2026-08-25
PLD,operatingCashFlow,2024-03-31,1055460000,2024-05-20,NetCashProvidedByUsedInOperatingActivities,2026-08-25
PLD,operatingIncome,2024-03-31,720355000,2024-05-20,OperatingIncomeLoss,2026-08-25
PLD,revenue,2024-03-31,1956621000,2024-05-20,Revenues,2026-08-25
PLD,shares,2024-03-31,925790000,2024-05-20,CommonStockSharesOutstanding,2026-08-25
PLTR,assets,2024-03-31,4807079000,2024-05-20,Assets,2026-08-25
PLTR,buybacks,2024-03-31,9000000,2024-05-20,PaymentsForRepurchaseOfCommonStock,2026-08-25
PLTR,capex,2024-03-31,2664000,2024-05-20,PaymentsToAcquirePropertyPlantAndEquipment,2026-08-25
PLTR,cash,2024-03-31,520388000,2024-05-20,CashAndCashEquivalentsAtCarryingValue,2026-08-25
PLTR,equity,2024-03-31,3775227000,2024-05-20,StockholdersEquity,2026-08-25
PLTR,grossProfit,2024-03-31,518082000,2024-05-20,GrossProfit,2026-08-25
PLTR,liabilities,2024-03-31,945907000,2024-05-20,Liabilities,2026-08-25
PLTR,netIncome,2024-03-31,105530000,2024-05-20,NetIncomeLoss,2026-08-25
PLTR,operatingCashFlow,2024-03-31,129579000,2024-05-20,NetCashProvidedByUsedInOperatingActivities,2026-08-25
PLTR,operatingIncome,2024-03-31,80881000,2024-05-20,OperatingIncomeLoss,2026-08-25
PLTR,receivables,2024-03-31,486986000,2024-05-20,AccountsReceivableNetCurrent,2026-08-25
PLTR,revenue,2024-03-31,634338000,2024-05-20,RevenueFromContractWithCustomerExcludingAssessedTax,2026-08-25
PLTR,rnd,2024-03-31,110040000,2024-05-20,ResearchAndDevelopmentExpense,2026-08-25
PLTR,shares,2024-03-31,2226963000,2024-05-20,CommonStockSharesOutstanding,2026-08-25
PM,assets,2024-03-31,65315000000,2024-05-20,Assets,2026-08-25
PM,capex,2024-03-31,417000000,2024-05-20,PaymentsToAcquirePropertyPlantAndEquipment,2026-08-25
PM,cash,2024-03-31,3968000000,2024-05-20,CashAndCashEquivalentsAtCarryingValue,2026-08-25
PM,equity,2024-03-31,-10309000000,2024-05-20,StockholdersEquity,2026-08-25
PM,equityStakes,2024-03-31,20000000,2024-05-20,PaymentsToAcquireEquityMethodInvestments,2026-08-25
PM,grossProfit,2024-03-31,5598000000,2024-05-20,GrossProfit,2026-08-25
PM,inventory,2024-03-31,9970000000,2024-05-20,InventoryNet,2026-08-25
PM,liabilities,2024-03-31,73878000000,2024-05-20,Liabilities,2026-08-25
PM,netIncome,2024-03-31,2148000000,2024-05-20,NetIncomeLoss,2026-08-25
PM,operatingCashFlow,2024-03-31,241000000,2024-05-20,NetCashProvidedByUsedInOperatingActivities,2026-08-25
PM,operatingIncome,2024-03-31,3045000000,2024-05-20,OperatingIncomeLoss,2026-08-25
PM,receivables,2024-03-31,4188000000,2024-05-20,AccountsReceivableNetCurrent,2026-08-25
PM,revenue,2024-03-31,8793000000,2024-05-20,RevenueFromContractWithCustomerExcludingAssessedTax,2026-08-25
PNC,assets,2024-03-31,566162000000,2024-05-20,Assets,2026-08-25
PNC,buybacks,2024-03-31,223000000,2024-05-20,PaymentsForRepurchaseOfCommonStock,2026-08-25
PNC,debt,2024-03-31,72707000000,2024-05-20,LongTermDebt,2026-08-25
PNC,equity,2024-03-31,51340000000,2024-05-20,StockholdersEquity,2026-08-25
PNC,liabilities,2024-03-31,514788000000,2024-05-20,Liabilities,2026-08-25
PNC,operatingCashFlow,2024-03-31,1758000000,2024-05-20,NetCashProvidedByUsedInOperatingActivities,2026-08-25
PNC,revenue,2024-03-31,5145000000,2024-05-20,Revenues,2026-08-25
PNR,assets,2024-03-31,6738700000,2024-05-20,Assets,2026-08-25
PNR,capex,2024-03-31,19300000,2024-05-20,PaymentsToAcquirePropertyPlantAndEquipment,2026-08-25
PNR,cash,2024-03-31,109100000,2024-05-20,CashAndCashEquivalentsAtCarryingValue,2026-08-25
PNR,debt,2024-03-31,2084300000,2024-05-20,LongTermDebtNoncurrent,2026-08-25
PNR,grossProfit,2024-03-31,390100000,2024-05-20,GrossProfit,2026-08-25
PNR,inventory,2024-03-31,675100000,2024-05-20,InventoryNet,2026-08-25
PNR,liabilities,2024-03-31,3411500000,2024-05-20,Liabilities,2026-08-25
PNR,netIncome,2024-03-31,133300000,2024-05-20,NetIncomeLoss,2026-08-25
PNR,operatingCashFlow,2024-03-31,-107600000,2024-05-20,NetCashProvidedByUsedInOperatingActivities,2026-08-25
PNR,operatingIncome,2024-03-31,180800000,2024-05-20,OperatingIncomeLoss,2026-08-25
PNR,revenue,2024-03-31,1017200000,2024-05-20,Revenues,2026-08-25
PNR,rnd,2024-03-31,24100000,2024-05-20,ResearchAndDevelopmentExpense,2026-08-25
PNW,assets,2024-03-31,24847713000,2024-05-20,Assets,2026-08-25
PNW,capex,2024-03-31,517756000,2024-05-20,PaymentsToAcquireProductiveAssets,2026-08-25
PNW,cash,2024-03-31,9634000,2024-05-20,CashAndCashEquivalentsAtCarryingValue,2026-08-25
PNW,debt,2024-03-31,7541871000,2024-05-20,LongTermDebtNoncurrent,2026-08-25
PNW,equity,2024-03-31,6199029000,2024-05-20,StockholdersEquity,2026-08-25
PNW,operatingCashFlow,2024-03-31,347353000,2024-05-20,NetCashProvidedByUsedInOperatingActivities,2026-08-25
PNW,operatingIncome,2024-03-31,66792000,2024-05-20,OperatingIncomeLoss,2026-08-25
PNW,revenue,2024-03-31,951712000,2024-05-20,Revenues,2026-08-25
PODD,assets,2024-03-31,2624000000,2024-05-20,Assets,2026-08-25
PODD,capex,2024-03-31,22100000,2024-05-20,PaymentsToAcquirePropertyPlantAndEquipment,2026-08-25
PODD,equity,2024-03-31,790700000,2024-05-20,StockholdersEquity,2026-08-25
PODD,grossProfit,2024-03-31,306800000,2024-05-20,GrossProfit,2026-08-25
PODD,inventory,2024-03-31,430600000,2024-05-20,InventoryNet,2026-08-25
PODD,liabilities,2024-03-31,1833300000,2024-05-20,Liabilities,2026-08-25
PODD,netIncome,2024-03-31,51500000,2024-05-20,NetIncomeLoss,2026-08-25
PODD,operatingCashFlow,2024-03-31,87600000,2024-05-20,NetCashProvidedByUsedInOperatingActivities,2026-08-25
PODD,operatingIncome,2024-03-31,56900000,2024-05-20,OperatingIncomeLoss,2026-08-25
PODD,revenue,2024-03-31,441700000,2024-05-20,Revenues,2026-08-25
PODD,rnd,2024-03-31,50200000,2024-05-20,ResearchAndDevelopmentExpense,2026-08-25
PODD,shares,2024-03-31,70020202,2024-05-20,CommonStockSharesOutstanding,2026-08-25
PPG,assets,2024-03-31,21867000000,2024-05-20,Assets,2026-08-25
PPG,buybacks,2024-03-31,149000000,2024-05-20,PaymentsForRepurchaseOfCommonStock,2026-08-25
PPG,capex,2024-03-31,252000000,2024-05-20,PaymentsToAcquirePropertyPlantAndEquipment,2026-08-25
PPG,cash,2024-03-31,1181000000,2024-05-20,CashAndCashEquivalentsAtCarryingValue,2026-08-25
PPG,debt,2024-03-31,5940000000,2024-05-20,LongTermDebtNoncurrent,2026-08-25
PPG,equity,2024-03-31,7941000000,2024-05-20,StockholdersEquity,2026-08-25
PPG,inventory,2024-03-31,2331000000,2024-05-20,InventoryNet,2026-08-25
PPG,liabilities,2024-03-31,13741000000,2024-05-20,Liabilities,2026-08-25
PPG,netIncome,2024-03-31,400000000,2024-05-20,NetIncomeLoss,2026-08-25
PPG,operatingCashFlow,2024-03-31,-60000000,2024-05-20,NetCashProvidedByUsedInOperatingActivities,2026-08-25
PPG,operatingIncome,2024-03-31,666000000,2024-05-20,OperatingIncomeLoss,2026-08-25
PPG,revenue,2024-03-31,3849000000,2024-05-20,RevenueFromContractWithCustomerExcludingAssessedTax,2026-08-25
PPL,assets,2024-03-31,39631000000,2024-05-20,Assets,2026-08-25
PPL,capex,2024-03-31,596000000,2024-05-20,PaymentsToAcquirePropertyPlantAndEquipment,2026-08-25
PPL,cash,2024-03-31,276000000,2024-05-20,CashAndCashEquivalentsAtCarryingValue,2026-08-25
PPL,debt,2024-03-31,15753000000,2024-05-20,LongTermDebtNoncurrent,2026-08-25
PPL,inventory,2024-03-31,477000000,2024-05-20,InventoryNet,2026-08-25
PPL,netIncome,2024-03-31,307000000,2024-05-20,NetIncomeLoss,2026-08-25
PPL,operatingCashFlow,2024-03-31,282000000,2024-05-20,NetCashProvidedByUsedInOperatingActivities,2026-08-25
PPL,operatingIncome,2024-03-31,545000000,2024-05-20,OperatingIncomeLoss,2026-08-25
PPL,receivables,2024-03-31,999000000,2024-05-20,AccountsReceivableNetCurrent,2026-08-25
PPL,revenue,2024-03-31,2304000000,2024-05-20,Revenues,2026-08-25
PPL,shares,2024-03-31,737736000,2024-05-20,CommonStockSharesOutstanding,2026-08-25
PRU,assets,2024-03-31,725823000000,2024-05-20,Assets,2026-08-25
PRU,buybacks,2024-03-31,242000000,2024-05-20,PaymentsForRepurchaseOfCommonStock,2026-08-25
PRU,cash,2024-03-31,18735000000,2024-05-20,CashAndCashEquivalentsAtCarryingValue,2026-08-25
PRU,debt,2024-03-31,19368000000,2024-05-20,LongTermDebtNoncurrent,2026-08-25
PRU,equity,2024-03-31,27209000000,2024-05-20,StockholdersEquity,2026-08-25
PRU,liabilities,2024-03-31,696409000000,2024-05-20,Liabilities,2026-08-25
PRU,netIncome,2024-03-31,1138000000,2024-05-20,NetIncomeLoss,2026-08-25
PRU,operatingCashFlow,2024-03-31,5221000000,2024-05-20,NetCashProvidedByUsedInOperatingActivities,2026-08-25
PRU,revenue,2024-03-31,23509000000,2024-05-20,Revenues,2026-08-25
PSA,assets,2024-03-31,19617385000,2024-05-20,Assets,2026-08-25
PSA,cash,2024-03-31,271645000,2024-05-20,CashAndCashEquivalentsAtCarryingValue,2026-08-25
PSA,debt,2024-03-31,9067890000,2024-05-20,LongTermDebt,2026-08-25
PSA,equity,2024-03-31,9948662000,2024-05-20,StockholdersEquity,2026-08-25
PSA,liabilities,2024-03-31,9572087000,2024-05-20,Liabilities,2026-08-25
PSA,netIncome,2024-03-31,508948000,2024-05-20,NetIncomeLoss,2026-08-25
PSA,operatingCashFlow,2024-03-31,665586000,2024-05-20,NetCashProvidedByUsedInOperatingActivities,2026-08-25
PSA,revenue,2024-03-31,1157220000,2024-05-20,Revenues,2026-08-25
PSA,shares,2024-03-31,175723561,2024-05-20,CommonStockSharesOutstanding,2026-08-25
PSX,assets,2024-03-31,76399000000,2024-05-20,Assets,2026-08-25
PSX,buybacks,2024-03-31,1164000000,2024-05-20,PaymentsForRepurchaseOfCommonStock,2026-08-25
PSX,cash,2024-03-31,1570000000,2024-05-20,CashAndCashEquivalentsAtCarryingValue,2026-08-25
PSX,equity,2024-03-31,29726000000,2024-05-20,StockholdersEquity,2026-08-25
PSX,inventory,2024-03-31,6286000000,2024-05-20,InventoryNet,2026-08-25
PSX,liabilities,2024-03-31,45606000000,2024-05-20,Liabilities,2026-08-25
PSX,netIncome,2024-03-31,748000000,2024-05-20,NetIncomeLoss,2026-08-25
PSX,operatingCashFlow,2024-03-31,-236000000,2024-05-20,NetCashProvidedByUsedInOperatingActivities,2026-08-25
PSX,receivables,2024-03-31,11532000000,2024-05-20,AccountsReceivableNetCurrent,2026-08-25
PSX,revenue,2024-03-31,35811000000,2024-05-20,RevenueFromContractWithCustomerExcludingAssessedTax,2026-08-25
PTC,assets,2024-03-31,6205263000,2024-05-20,Assets,2026-08-25
PTC,cash,2024-03-31,248971000,2024-05-20,CashAndCashEquivalentsAtCarryingValue,2026-08-25
PTC,debt,2024-03-31,1491064000,2024-05-20,LongTermDebt,2026-08-25
PTC,equity,2024-03-31,2943132000,2024-05-20,StockholdersEquity,2026-08-25
PTC,grossProfit,2024-03-31,493017000,2024-05-20,GrossProfit,2026-08-25
PTC,liabilities,2024-03-31,3262131000,2024-05-20,Liabilities,2026-08-25
PTC,netIncome,2024-03-31,114445000,2024-05-20,NetIncomeLoss,2026-08-25
PTC,operatingIncome,2024-03-31,179555000,2024-05-20,OperatingIncomeLoss,2026-08-25
PTC,receivables,2024-03-31,705493000,2024-05-20,AccountsReceivableNetCurrent,2026-08-25
PTC,revenue,2024-03-31,603072000,2024-05-20,RevenueFromContractWithCustomerExcludingAssessedTax,2026-08-25
PTC,rnd,2024-03-31,106998000,2024-05-20,ResearchAndDevelopmentExpense,2026-08-25
PTC,shares,2024-03-31,119717000,2024-05-20,CommonStockSharesOutstanding,2026-08-25
PWR,assets,2024-03-31,15542352000,2024-05-20,Assets,2026-08-25
PWR,buybacks,2024-03-31,0,2024-05-20,PaymentsForRepurchaseOfCommonStock,2026-08-25
PWR,capex,2024-03-31,83139000,2024-05-20,PaymentsToAcquirePropertyPlantAndEquipment,2026-08-25
PWR,cash,2024-03-31,531056000,2024-05-20,CashAndCashEquivalentsAtCarryingValue,2026-08-25
PWR,equity,2024-03-31,6356623000,2024-05-20,StockholdersEquity,2026-08-25
PWR,grossProfit,2024-03-31,623494000,2024-05-20,GrossProfit,2026-08-25
PWR,inventory,2024-03-31,224341000,2024-05-20,InventoryNet,2026-08-25
PWR,liabilities,2024-03-31,9175083000,2024-05-20,Liabilities,2026-08-25
PWR,netIncome,2024-03-31,118360000,2024-05-20,NetIncomeLoss,2026-08-25
PWR,operatingCashFlow,2024-03-31,237955000,2024-05-20,NetCashProvidedByUsedInOperatingActivities,2026-08-25
PWR,operatingIncome,2024-03-31,155354000,2024-05-20,OperatingIncomeLoss,2026-08-25
PWR,receivables,2024-03-31,4094914000,2024-05-20,AccountsReceivableNetCurrent,2026-08-25
PWR,revenue,2024-03-31,5031819000,2024-05-20,Revenues,2026-08-25
PWR,shares,2024-03-31,146384210,2024-05-20,CommonStockSharesOutstanding,2026-08-25
PYPL,assets,2024-03-31,83347000000,2024-05-20,Assets,2026-08-25
PYPL,buybacks,2024-03-31,1501000000,2024-05-20,PaymentsForRepurchaseOfCommonStock,2026-08-25
PYPL,capex,2024-03-31,154000000,2024-05-20,PaymentsToAcquirePropertyPlantAndEquipment,2026-08-25
PYPL,cash,2024-03-31,9693000000,2024-05-20,CashAndCashEquivalentsAtCarryingValue,2026-08-25
PYPL,debt,2024-03-31,9683000000,2024-05-20,LongTermDebtNoncurrent,2026-08-25
PYPL,equity,2024-03-31,20702000000,2024-05-20,StockholdersEquity,2026-08-25
PYPL,liabilities,2024-03-31,62645000000,2024-05-20,Liabilities,2026-08-25
PYPL,netIncome,2024-03-31,888000000,2024-05-20,NetIncomeLoss,2026-08-25
PYPL,operatingCashFlow,2024-03-31,1917000000,2024-05-20,NetCashProvidedByUsedInOperatingActivities,2026-08-25
PYPL,operatingIncome,2024-03-31,1168000000,2024-05-20,OperatingIncomeLoss,2026-08-25
PYPL,receivables,2024-03-31,1108000000,2024-05-20,AccountsReceivableNetCurrent,2026-08-25
PYPL,revenue,2024-03-31,7699000000,2024-05-20,Revenues,2026-08-25
PYPL,shares,2024-03-31,1053000000,2024-05-20,CommonStockSharesOutstanding,2026-08-25
QCOM,assets,2024-03-24,53167000000,2024-05-13,Assets,2026-08-25
QCOM,cash,2024-03-24,9219000000,2024-05-13,CashAndCashEquivalentsAtCarryingValue,2026-08-25
QCOM,debt,2024-03-24,14543000000,2024-05-13,LongTermDebt,2026-08-25
QCOM,inventory,2024-03-24,6087000000,2024-05-13,InventoryNet,2026-08-25
QCOM,liabilities,2024-03-24,28698000000,2024-05-13,Liabilities,2026-08-25
QCOM,netIncome,2024-03-24,2326000000,2024-05-13,NetIncomeLoss,2026-08-25
QCOM,operatingIncome,2024-03-24,2340000000,2024-05-13,OperatingIncomeLoss,2026-08-25
QCOM,revenue,2024-03-24,9389000000,2024-05-13,Revenues,2026-08-25
QCOM,rnd,2024-03-24,2236000000,2024-05-13,ResearchAndDevelopmentExpense,2026-08-25
QCOM,shares,2024-03-24,1118000000,2024-05-13,CommonStockSharesOutstanding,2026-08-25
RCL,assets,2024-03-31,35190000000,2024-05-20,Assets,2026-08-25
RCL,buybacks,2024-03-31,0,2024-05-20,PaymentsForRepurchaseOfCommonStock,2026-08-25
RCL,capex,2024-03-31,242000000,2024-05-20,PaymentsToAcquirePropertyPlantAndEquipment,2026-08-25
RCL,cash,2024-03-31,437000000,2024-05-20,CashAndCashEquivalentsAtCarryingValue,2026-08-25
RCL,equity,2024-03-31,5151000000,2024-05-20,StockholdersEquity,2026-08-25
RCL,inventory,2024-03-31,236000000,2024-05-20,InventoryNet,2026-08-25
RCL,liabilities,2024-03-31,29865000000,2024-05-20,Liabilities,2026-08-25
RCL,netIncome,2024-03-31,360000000,2024-05-20,NetIncomeLoss,2026-08-25
RCL,operatingCashFlow,2024-03-31,1328000000,2024-05-20,NetCashProvidedByUsedInOperatingActivities,2026-08-25
RCL,operatingIncome,2024-03-31,750000000,2024-05-20,OperatingIncomeLoss,2026-08-25
RCL,revenue,2024-03-31,3728000000,2024-05-20,RevenueFromContractWithCustomerExcludingAssessedTax,2026-08-25
RDDT,assets,2024-03-31,2015896000,2024-05-20,Assets,2026-08-25
RDDT,capex,2024-03-31,2851000,2024-05-20,PaymentsToAcquirePropertyPlantAndEquipment,2026-08-25
RDDT,cash,2024-03-31,968515000,2024-05-20,CashAndCashEquivalentsAtCarryingValue,2026-08-25
RDDT,equity,2024-03-31,1838300000,2024-05-20,StockholdersEquity,2026-08-25
RDDT,liabilities,2024-03-31,177596000,2024-05-20,Liabilities,2026-08-25
RDDT,netIncome,2024-03-31,-575066000,2024-05-20,NetIncomeLoss,2026-08-25
RDDT,operatingCashFlow,2024-03-31,32064000,2024-05-20,NetCashProvidedByUsedInOperatingActivities,2026-08-25
RDDT,operatingIncome,2024-03-31,-589255000,2024-05-20,OperatingIncomeLoss,2026-08-25
RDDT,receivables,2024-03-31,215307000,2024-05-20,AccountsReceivableNetCurrent,2026-08-25
RDDT,revenue,2024-03-31,242963000,2024-05-20,RevenueFromContractWithCustomerExcludingAssessedTax,2026-08-25
RDDT,rnd,2024-03-31,437030000,2024-05-20,ResearchAndDevelopmentExpense,2026-08-25
REG,assets,2024-03-31,12650903000,2024-05-20,Assets,2026-08-25
REG,debt,2024-03-31,4417181000,2024-05-20,LongTermDebt,2026-08-25
REG,equity,2024-03-31,7019711000,2024-05-20,StockholdersEquity,2026-08-25
REG,liabilities,2024-03-31,5472884000,2024-05-20,Liabilities,2026-08-25
REG,netIncome,2024-03-31,109774000,2024-05-20,NetIncomeLoss,2026-08-25
REG,operatingCashFlow,2024-03-31,167758000,2024-05-20,NetCashProvidedByUsedInOperatingActivities,2026-08-25
REG,operatingIncome,2024-03-31,262938000,2024-05-20,OperatingIncomeLoss,2026-08-25
REG,revenue,2024-03-31,363852000,2024-05-20,Revenues,2026-08-25
REG,shares,2024-03-31,184774486,2024-05-20,CommonStockSharesOutstanding,2026-08-25
REGN,assets,2024-03-31,34369600000,2024-05-20,Assets,2026-08-25
REGN,buybacks,2024-03-31,291300000,2024-05-20,PaymentsForRepurchaseOfCommonStock,2026-08-25
REGN,capex,2024-03-31,133900000,2024-05-20,PaymentsToAcquireProductiveAssets,2026-08-25
REGN,cash,2024-03-31,2602000000,2024-05-20,CashAndCashEquivalentsAtCarryingValue,2026-08-25
REGN,debt,2024-03-31,1983300000,2024-05-20,LongTermDebtNoncurrent,2026-08-25
REGN,equity,2024-03-31,26991100000,2024-05-20,StockholdersEquity,2026-08-25
REGN,inventory,2024-03-31,2714900000,2024-05-20,InventoryNet,2026-08-25
REGN,liabilities,2024-03-31,7378500000,2024-05-20,Liabilities,2026-08-25
REGN,netIncome,2024-03-31,722000000,2024-05-20,NetIncomeLoss,2026-08-25
REGN,operatingCashFlow,2024-03-31,1512500000,2024-05-20,NetCashProvidedByUsedInOperatingActivities,2026-08-25
REGN,operatingIncome,2024-03-31,751400000,2024-05-20,OperatingIncomeLoss,2026-08-25
REGN,receivables,2024-03-31,5222200000,2024-05-20,AccountsReceivableNetCurrent,2026-08-25
REGN,revenue,2024-03-31,3145000000,2024-05-20,RevenueFromContractWithCustomerExcludingAssessedTax,2026-08-25
REGN,rnd,2024-03-31,1248400000,2024-05-20,ResearchAndDevelopmentExpense,2026-08-25
RF,assets,2024-03-31,154909000000,2024-05-20,Assets,2026-08-25
RF,buybacks,2024-03-31,102000000,2024-05-20,PaymentsForRepurchaseOfCommonStock,2026-08-25
RF,debt,2024-03-31,3327000000,2024-05-20,LongTermDebt,2026-08-25
RF,equity,2024-03-31,17044000000,2024-05-20,StockholdersEquity,2026-08-25
RF,liabilities,2024-03-31,137831000000,2024-05-20,Liabilities,2026-08-25
RF,netIncome,2024-03-31,368000000,2024-05-20,NetIncomeLoss,2026-08-25
RF,operatingCashFlow,2024-03-31,396000000,2024-05-20,NetCashProvidedByUsedInOperatingActivities,2026-08-25
RJF,assets,2024-03-31,81232000000,2024-05-20,Assets,2026-08-25
RJF,cash,2024-03-31,10001000000,2024-05-20,CashAndCashEquivalentsAtCarryingValue,2026-08-25
RJF,equity,2024-03-31,10984000000,2024-05-20,StockholdersEquity,2026-08-25
RJF,liabilities,2024-03-31,70253000000,2024-05-20,Liabilities,2026-08-25
RJF,netIncome,2024-03-31,476000000,2024-05-20,NetIncomeLoss,2026-08-25
RJF,revenue,2024-03-31,3638000000,2024-05-20,Revenues,2026-08-25
RJF,shares,2024-03-31,207300000,2024-05-20,CommonStockSharesOutstanding,2026-08-25
RL,assets,2024-03-30,6602600000,2024-05-19,Assets,2026-08-25
RL,cash,2024-03-30,1662200000,2024-05-19,CashAndCashEquivalentsAtCarryingValue,2026-08-25
RL,debt,2024-03-30,1140500000,2024-05-19,LongTermDebtNoncurrent,2026-08-25
RL,equity,2024-03-30,2450300000,2024-05-19,StockholdersEquity,2026-08-25
RL,inventory,2024-03-30,902200000,2024-05-19,InventoryNet,2026-08-25
RL,liabilities,2024-03-30,4152300000,2024-05-19,Liabilities,2026-08-25
RL,receivables,2024-03-30,446500000,2024-05-19,AccountsReceivableNetCurrent,2026-08-25
RMD,assets,2024-03-31,6814562000,2024-05-20,Assets,2026-08-25
RMD,cash,2024-03-31,237910000,2024-05-20,CashAndCashEquivalentsAtCarryingValue,2026-08-25
RMD,debt,2024-03-31,997047000,2024-05-20,LongTermDebt,2026-08-25
RMD,equity,2024-03-31,4629920000,2024-05-20,StockholdersEquity,2026-08-25
RMD,grossProfit,2024-03-31,692781000,2024-05-20,GrossProfit,2026-08-25
RMD,inventory,2024-03-31,829458000,2024-05-20,InventoryNet,2026-08-25
RMD,liabilities,2024-03-31,2184642000,2024-05-20,Liabilities,2026-08-25
RMD,netIncome,2024-03-31,300492000,2024-05-20,NetIncomeLoss,2026-08-25
RMD,operatingIncome,2024-03-31,374584000,2024-05-20,OperatingIncomeLoss,2026-08-25
RMD,receivables,2024-03-31,779265000,2024-05-20,AccountsReceivableNetCurrent,2026-08-25
RMD,revenue,2024-03-31,1196980000,2024-05-20,RevenueFromContractWithCustomerExcludingAssessedTax,2026-08-25
RMD,rnd,2024-03-31,77074000,2024-05-20,ResearchAndDevelopmentExpense,2026-08-25
RMD,shares,2024-03-31,146886657,2024-05-20,CommonStockSharesOutstanding,2026-08-25
ROK,assets,2024-03-31,11367300000,2024-05-20,Assets,2026-08-25
ROK,cash,2024-03-31,470300000,2024-05-20,CashAndCashEquivalentsAtCarryingValue,2026-08-25
ROK,debt,2024-03-31,2584500000,2024-05-20,LongTermDebtNoncurrent,2026-08-25
ROK,equity,2024-03-31,3543600000,2024-05-20,StockholdersEquity,2026-08-25
ROK,grossProfit,2024-03-31,833000000,2024-05-20,GrossProfit,2026-08-25
ROK,inventory,2024-03-31,1384700000,2024-05-20,InventoryNet,2026-08-25
ROK,netIncome,2024-03-31,266000000,2024-05-20,NetIncomeLoss,2026-08-25
ROK,revenue,2024-03-31,2126000000,2024-05-20,RevenueFromContractWithCustomerExcludingAssessedTax,2026-08-25
ROL,assets,2024-03-31,2658619000,2024-05-20,Assets,2026-08-25
ROL,buybacks,2024-03-31,11340000,2024-05-20,PaymentsForRepurchaseOfCommonStock,2026-08-25
ROL,capex,2024-03-31,7171000,2024-05-20,PaymentsToAcquirePropertyPlantAndEquipment,2026-08-25
ROL,cash,2024-03-31,112971000,2024-05-20,CashAndCashEquivalentsAtCarryingValue,2026-08-25
ROL,equity,2024-03-31,1167496000,2024-05-20,StockholdersEquity,2026-08-25
ROL,inventory,2024-03-31,35698000,2024-05-20,InventoryNet,2026-08-25
ROL,liabilities,2024-03-31,1491123000,2024-05-20,Liabilities,2026-08-25
ROL,netIncome,2024-03-31,94394000,2024-05-20,NetIncomeLoss,2026-08-25
ROL,operatingCashFlow,2024-03-31,127433000,2024-05-20,NetCashProvidedByUsedInOperatingActivities,2026-08-25
ROL,operatingIncome,2024-03-31,132424000,2024-05-20,OperatingIncomeLoss,2026-08-25
ROL,receivables,2024-03-31,177254000,2024-05-20,AccountsReceivableNetCurrent,2026-08-25
ROL,revenue,2024-03-31,748349000,2024-05-20,RevenueFromContractWithCustomerExcludingAssessedTax,2026-08-25
ROL,shares,2024-03-31,484230396,2024-05-20,CommonStockSharesOutstanding,2026-08-25
ROP,assets,2024-03-31,29978500000,2024-05-20,Assets,2026-08-25
ROP,cash,2024-03-31,198400000,2024-05-20,CashAndCashEquivalentsAtCarryingValue,2026-08-25
ROP,debt,2024-03-31,7222300000,2024-05-20,LongTermDebtNoncurrent,2026-08-25
ROP,equity,2024-03-31,17797600000,2024-05-20,StockholdersEquity,2026-08-25
ROP,grossProfit,2024-03-31,1181000000,2024-05-20,GrossProfit,2026-08-25
ROP,inventory,2024-03-31,126000000,2024-05-20,InventoryNet,2026-08-25
ROP,liabilities,2024-03-31,12180900000,2024-05-20,Liabilities,2026-08-25
ROP,netIncome,2024-03-31,382000000,2024-05-20,NetIncomeLoss,2026-08-25
ROP,operatingCashFlow,2024-03-31,531500000,2024-05-20,NetCashProvidedByUsedInOperatingActivities,2026-08-25
ROP,operatingIncome,2024-03-31,481300000,2024-05-20,OperatingIncomeLoss,2026-08-25
ROP,receivables,2024-03-31,763500000,2024-05-20,AccountsReceivableNetCurrent,2026-08-25
ROP,revenue,2024-03-31,1680700000,2024-05-20,RevenueFromContractWithCustomerExcludingAssessedTax,2026-08-25
ROST,assets,2024-02-03,14300109000,2024-04-28,Assets,2026-08-25
ROST,cash,2024-02-03,4872446000,2024-04-28,CashAndCashEquivalentsAtCarryingValue,2026-08-25
ROST,debt,2024-02-03,2211017000,2024-04-28,LongTermDebtNoncurrent,2026-08-25
ROST,equity,2024-02-03,4871326000,2024-04-28,StockholdersEquity,2026-08-25
ROST,inventory,2024-02-03,2192220000,2024-04-28,InventoryNet,2026-08-25
ROST,shares,2024-02-03,335172000,2024-04-28,CommonStockSharesOutstanding,2026-08-25
RSG,assets,2024-03-31,31382000000,2024-05-20,Assets,2026-08-25
RSG,buybacks,2024-03-31,0,2024-05-20,PaymentsForRepurchaseOfCommonStock,2026-08-25
RSG,capex,2024-03-31,515000000,2024-05-20,PaymentsToAcquirePropertyPlantAndEquipment,2026-08-25
RSG,cash,2024-03-31,92000000,2024-05-20,CashAndCashEquivalentsAtCarryingValue,2026-08-25
RSG,equity,2024-03-31,10819800000,2024-05-20,StockholdersEquity,2026-08-25
RSG,equityStakes,2024-03-31,87000000,2024-05-20,PaymentsToAcquireEquityMethodInvestments,2026-08-25
RSG,inventory,2024-03-31,101400000,2024-05-20,InventoryNet,2026-08-25
RSG,netIncome,2024-03-31,453794000,2024-05-20,NetIncomeLoss,2026-08-25
RSG,operatingCashFlow,2024-03-31,811000000,2024-05-20,NetCashProvidedByUsedInOperatingActivities,2026-08-25
RSG,operatingIncome,2024-03-31,733000000,2024-05-20,OperatingIncomeLoss,2026-08-25
RSG,receivables,2024-03-31,1763000000,2024-05-20,AccountsReceivableNetCurrent,2026-08-25
RSG,revenue,2024-03-31,4439000000,2024-05-20,Revenues,2026-08-25
RTX,assets,2024-03-31,160187000000,2024-05-20,Assets,2026-08-25
RTX,buybacks,2024-03-31,56000000,2024-05-20,PaymentsForRepurchaseOfCommonStock,2026-08-25
RTX,capex,2024-03-31,467000000,2024-05-20,PaymentsToAcquirePropertyPlantAndEquipment,2026-08-25
RTX,cash,2024-03-31,5607000000,2024-05-20,CashAndCashEquivalentsAtCarryingValue,2026-08-25
RTX,equity,2024-03-31,60485000000,2024-05-20,StockholdersEquity,2026-08-25
RTX,inventory,2024-03-31,12386000000,2024-05-20,InventoryNet,2026-08-25
RTX,liabilities,2024-03-31,98050000000,2024-05-20,Liabilities,2026-08-25
RTX,netIncome,2024-03-31,1709000000,2024-05-20,NetIncomeLoss,2026-08-25
RTX,operatingCashFlow,2024-03-31,342000000,2024-05-20,NetCashProvidedByUsedInOperatingActivities,2026-08-25
RTX,operatingIncome,2024-03-31,1870000000,2024-05-20,OperatingIncomeLoss,2026-08-25
RTX,revenue,2024-03-31,19305000000,2024-05-20,Revenues,2026-08-25
RTX,rnd,2024-03-31,669000000,2024-05-20,ResearchAndDevelopmentExpense,2026-08-25
RVTY,assets,2024-03-31,13432705000,2024-05-20,Assets,2026-08-25
RVTY,buybacks,2024-03-31,10756000,2024-05-20,PaymentsForRepurchaseOfCommonStock,2026-08-25
RVTY,capex,2024-03-31,17844000,2024-05-20,PaymentsToAcquirePropertyPlantAndEquipment,2026-08-25
RVTY,cash,2024-03-31,998081000,2024-05-20,CashAndCashEquivalentsAtCarryingValue,2026-08-25
RVTY,debt,2024-03-31,3164994000,2024-05-20,LongTermDebtNoncurrent,2026-08-25
RVTY,equity,2024-03-31,7846496000,2024-05-20,StockholdersEquity,2026-08-25
RVTY,inventory,2024-03-31,414029000,2024-05-20,InventoryNet,2026-08-25
RVTY,liabilities,2024-03-31,5586209000,2024-05-20,Liabilities,2026-08-25
RVTY,netIncome,2024-03-31,26013000,2024-05-20,NetIncomeLoss,2026-08-25
RVTY,operatingCashFlow,2024-03-31,147563000,2024-05-20,NetCashProvidedByUsedInOperatingActivities,2026-08-25
RVTY,operatingIncome,2024-03-31,44116000,2024-05-20,OperatingIncomeLoss,2026-08-25
RVTY,receivables,2024-03-31,588974000,2024-05-20,AccountsReceivableNetCurrent,2026-08-25
RVTY,revenue,2024-03-31,649920000,2024-05-20,RevenueFromContractWithCustomerExcludingAssessedTax,2026-08-25
RVTY,rnd,2024-03-31,50360000,2024-05-20,ResearchAndDevelopmentExpense,2026-08-25
RVTY,shares,2024-03-31,123492000,2024-05-20,CommonStockSharesOutstanding,2026-08-25
SBAC,assets,2024-03-31,9995266000,2024-05-20,Assets,2026-08-25
SBAC,buybacks,2024-03-31,106157000,2024-05-20,PaymentsForRepurchaseOfCommonStock,2026-08-25
SBAC,capex,2024-03-31,57871000,2024-05-20,PaymentsToAcquirePropertyPlantAndEquipment,2026-08-25
SBAC,cash,2024-03-31,240309000,2024-05-20,CashAndCashEquivalentsAtCarryingValue,2026-08-25
SBAC,debt,2024-03-31,10550553000,2024-05-20,LongTermDebtNoncurrent,2026-08-25
SBAC,equity,2024-03-31,-5222820000,2024-05-20,StockholdersEquity,2026-08-25
SBAC,grossProfit,2024-03-31,519871000,2024-05-20,GrossProfit,2026-08-25
SBAC,netIncome,2024-03-31,154543000,2024-05-20,NetIncomeLoss,2026-08-25
SBAC,operatingCashFlow,2024-03-31,294453000,2024-05-20,NetCashProvidedByUsedInOperatingActivities,2026-08-25
SBAC,operatingIncome,2024-03-31,323358000,2024-05-20,OperatingIncomeLoss,2026-08-25
SBAC,receivables,2024-03-31,126525000,2024-05-20,AccountsReceivableNetCurrent,2026-08-25
SBAC,revenue,2024-03-31,657862000,2024-05-20,Revenues,2026-08-25
SBAC,shares,2024-03-31,107880000,2024-05-20,CommonStockSharesOutstanding,2026-08-25
SBUX,assets,2024-03-31,29363200000,2024-05-20,Assets,2026-08-25
SBUX,debt,2024-03-31,15547500000,2024-05-20,LongTermDebtNoncurrent,2026-08-25
SBUX,equity,2024-03-31,-8449400000,2024-05-20,StockholdersEquity,2026-08-25
SBUX,inventory,2024-03-31,1744000000,2024-05-20,InventoryNet,2026-08-25
SBUX,liabilities,2024-03-31,37805400000,2024-05-20,Liabilities,2026-08-25
SBUX,netIncome,2024-03-31,772400000,2024-05-20,NetIncomeLoss,2026-08-25
SBUX,operatingIncome,2024-03-31,1098900000,2024-05-20,OperatingIncomeLoss,2026-08-25
SBUX,receivables,2024-03-31,1110300000,2024-05-20,AccountsReceivableNetCurrent,2026-08-25
SBUX,revenue,2024-03-31,8563000000,2024-05-20,Revenues,2026-08-25
SCHW,assets,2024-03-31,468784000000,2024-05-20,Assets,2026-08-25
SCHW,buybacks,2024-03-31,0,2024-05-20,PaymentsForRepurchaseOfCommonStock,2026-08-25
SCHW,capex,2024-03-31,149000000,2024-05-20,PaymentsToAcquirePropertyPlantAndEquipment,2026-08-25
SCHW,cash,2024-03-31,31752000000,2024-05-20,CashAndCashEquivalentsAtCarryingValue,2026-08-25
SCHW,equity,2024-03-31,42412000000,2024-05-20,StockholdersEquity,2026-08-25
SCHW,liabilities,2024-03-31,426372000000,2024-05-20,Liabilities,2026-08-25
SCHW,netIncome,2024-03-31,1362000000,2024-05-20,NetIncomeLoss,2026-08-25
SCHW,operatingCashFlow,2024-03-31,-1349000000,2024-05-20,NetCashProvidedByUsedInOperatingActivities,2026-08-25
SCHW,revenue,2024-03-31,4740000000,2024-05-20,Revenues,2026-08-25
SHW,assets,2024-03-31,23428100000,2024-05-20,Assets,2026-08-25
SHW,capex,2024-03-31,283800000,2024-05-20,PaymentsToAcquireProductiveAssets,2026-08-25
SHW,cash,2024-03-31,179900000,2024-05-20,CashAndCashEquivalentsAtCarryingValue,2026-08-25
SHW,debt,2024-03-31,8129500000,2024-05-20,LongTermDebtNoncurrent,2026-08-25
SHW,equity,2024-03-31,3503700000,2024-05-20,StockholdersEquity,2026-08-25
SHW,grossProfit,2024-03-31,2531000000,2024-05-20,GrossProfit,2026-08-25
SHW,inventory,2024-03-31,2378000000,2024-05-20,InventoryNet,2026-08-25
SHW,netIncome,2024-03-31,505200000,2024-05-20,NetIncomeLoss,2026-08-25
SHW,operatingCashFlow,2024-03-31,-58900000,2024-05-20,NetCashProvidedByUsedInOperatingActivities,2026-08-25
SHW,operatingIncome,2024-03-31,884300000,2024-05-20,OperatingIncomeLoss,2026-08-25
SHW,receivables,2024-03-31,2809100000,2024-05-20,AccountsReceivableNetCurrent,2026-08-25
SHW,revenue,2024-03-31,5367300000,2024-05-20,RevenueFromContractWithCustomerExcludingAssessedTax,2026-08-25
SHW,shares,2024-03-31,253500000,2024-05-20,CommonStockSharesOutstanding,2026-08-25
SJM,assets,2024-01-31,20247200000,2024-04-25,Assets,2026-08-25
SJM,debt,2024-01-31,8121100000,2024-04-25,LongTermDebtNoncurrent,2026-08-25
SJM,equity,2024-01-31,7560100000,2024-04-25,StockholdersEquity,2026-08-25
SJM,grossProfit,2024-01-31,823100000,2024-04-25,GrossProfit,2026-08-25
SJM,inventory,2024-01-31,987600000,2024-04-25,InventoryNet,2026-08-25
SJM,liabilities,2024-01-31,12687100000,2024-04-25,Liabilities,2026-08-25
SJM,netIncome,2024-01-31,120400000,2024-04-25,NetIncomeLoss,2026-08-25
SJM,operatingIncome,2024-01-31,297400000,2024-04-25,OperatingIncomeLoss,2026-08-25
SJM,receivables,2024-01-31,789600000,2024-04-25,AccountsReceivableNetCurrent,2026-08-25
SJM,shares,2024-01-31,106200000,2024-04-25,CommonStockSharesOutstanding,2026-08-25
SLB,assets,2024-03-31,47856000000,2024-05-20,Assets,2026-08-25
SLB,capex,2024-03-31,399000000,2024-05-20,PaymentsToAcquirePropertyPlantAndEquipment,2026-08-25
SLB,debt,2024-03-31,10740000000,2024-05-20,LongTermDebtNoncurrent,2026-08-25
SLB,equity,2024-03-31,20736000000,2024-05-20,StockholdersEquity,2026-08-25
SLB,inventory,2024-03-31,4549000000,2024-05-20,InventoryNet,2026-08-25
SLB,liabilities,2024-03-31,25933000000,2024-05-20,Liabilities,2026-08-25
SLB,netIncome,2024-03-31,1068000000,2024-05-20,NetIncomeLoss,2026-08-25
SLB,operatingCashFlow,2024-03-31,327000000,2024-05-20,NetCashProvidedByUsedInOperatingActivities,2026-08-25
SLB,operatingIncome,2024-03-31,1649000000,2024-05-20,OperatingIncomeLoss,2026-08-25
SLB,revenue,2024-03-31,8707000000,2024-05-20,RevenueFromContractWithCustomerExcludingAssessedTax,2026-08-25
SLB,rnd,2024-03-31,182000000,2024-05-20,ResearchAndDevelopmentExpense,2026-08-25
SMCI,assets,2024-03-31,8862781000,2024-05-20,Assets,2026-08-25
SMCI,cash,2024-03-31,2115476000,2024-05-20,CashAndCashEquivalentsAtCarryingValue,2026-08-25
SMCI,debt,2024-03-31,85646000,2024-05-20,LongTermDebtNoncurrent,2026-08-25
SMCI,equity,2024-03-31,5093993000,2024-05-20,StockholdersEquity,2026-08-25
SMCI,grossProfit,2024-03-31,597368000,2024-05-20,GrossProfit,2026-08-25
SMCI,inventory,2024-03-31,4124587000,2024-05-20,InventoryNet,2026-08-25
SMCI,liabilities,2024-03-31,3768625000,2024-05-20,Liabilities,2026-08-25
SMCI,netIncome,2024-03-31,402459000,2024-05-20,NetIncomeLoss,2026-08-25
SMCI,operatingIncome,2024-03-31,378314000,2024-05-20,OperatingIncomeLoss,2026-08-25
SMCI,receivables,2024-03-31,1650153000,2024-05-20,AccountsReceivableNetCurrent,2026-08-25
SMCI,revenue,2024-03-31,3850066000,2024-05-20,RevenueFromContractWithCustomerExcludingAssessedTax,2026-08-25
SMCI,rnd,2024-03-31,116226000,2024-05-20,ResearchAndDevelopmentExpense,2026-08-25
SMCI,shares,2024-03-31,58552000,2024-05-20,CommonStockSharesOutstanding,2026-08-25
SNA,assets,2024-03-30,7666800000,2024-05-19,Assets,2026-08-25
SNA,buybacks,2024-03-30,70200000,2024-05-19,PaymentsForRepurchaseOfCommonStock,2026-08-25
SNA,cash,2024-03-30,1121000000,2024-05-19,CashAndCashEquivalentsAtCarryingValue,2026-08-25
SNA,debt,2024-03-30,1184900000,2024-05-19,LongTermDebtNoncurrent,2026-08-25
SNA,equity,2024-03-30,5141000000,2024-05-19,StockholdersEquity,2026-08-25
SNA,inventory,2024-03-30,970500000,2024-05-19,InventoryNet,2026-08-25
SNA,liabilities,2024-03-30,2503500000,2024-05-19,Liabilities,2026-08-25
SNA,netIncome,2024-03-30,263500000,2024-05-19,NetIncomeLoss,2026-08-25
SNA,operatingCashFlow,2024-03-30,348700000,2024-05-19,NetCashProvidedByUsedInOperatingActivities,2026-08-25
SNA,operatingIncome,2024-03-30,339200000,2024-05-19,OperatingIncomeLoss,2026-08-25
SNA,receivables,2024-03-30,827500000,2024-05-19,AccountsReceivableNetCurrent,2026-08-25
SNA,revenue,2024-03-30,1281900000,2024-05-19,Revenues,2026-08-25
SNDK,equity,2024-03-29,10939000000,2024-05-18,StockholdersEquity,2026-08-25
SNDK,grossProfit,2024-03-29,463000000,2024-05-18,GrossProfit,2026-08-25
SNDK,netIncome,2024-03-29,27000000,2024-05-18,NetIncomeLoss,2026-08-25
SNDK,operatingIncome,2024-03-29,65000000,2024-05-18,OperatingIncomeLoss,2026-08-25
SNDK,revenue,2024-03-29,1705000000,2024-05-18,RevenueFromContractWithCustomerExcludingAssessedTax,2026-08-25
SNDK,rnd,2024-03-29,277000000,2024-05-18,ResearchAndDevelopmentExpense,2026-08-25
SNPS,assets,2024-01-31,10558259000,2024-04-25,Assets,2026-08-25
SNPS,buybacks,2024-01-31,0,2024-04-25,PaymentsForRepurchaseOfCommonStock,2026-08-25
SNPS,capex,2024-01-31,40391000,2024-04-25,PaymentsToAcquirePropertyPlantAndEquipment,2026-08-25
SNPS,cash,2024-01-31,1118944000,2024-04-25,CashAndCashEquivalentsAtCarryingValue,2026-08-25
SNPS,debt,2024-01-31,16951000,2024-04-25,LongTermDebtNoncurrent,2026-08-25
SNPS,equity,2024-01-31,6670984000,2024-04-25,StockholdersEquity,2026-08-25
SNPS,grossProfit,2024-01-31,1231796000,2024-04-25,GrossProfit,2026-08-25
SNPS,inventory,2024-01-31,382727000,2024-04-25,InventoryNet,2026-08-25
SNPS,liabilities,2024-01-31,3851642000,2024-04-25,Liabilities,2026-08-25
SNPS,netIncome,2024-01-31,449112000,2024-04-25,NetIncomeLoss,2026-08-25
SNPS,operatingCashFlow,2024-01-31,-87790000,2024-04-25,NetCashProvidedByUsedInOperatingActivities,2026-08-25
SNPS,operatingIncome,2024-01-31,352626000,2024-04-25,OperatingIncomeLoss,2026-08-25
SNPS,receivables,2024-01-31,1064135000,2024-04-25,AccountsReceivableNetCurrent,2026-08-25
SNPS,revenue,2024-01-31,1510989000,2024-04-25,RevenueFromContractWithCustomerExcludingAssessedTax,2026-08-25
SNPS,rnd,2024-01-31,525534000,2024-04-25,ResearchAndDevelopmentExpense,2026-08-25
SNPS,shares,2024-01-31,152536000,2024-04-25,CommonStockSharesOutstanding,2026-08-25
SO,assets,2024-03-31,140120000000,2024-05-20,Assets,2026-08-25
SO,capex,2024-03-31,1770000000,2024-05-20,PaymentsToAcquirePropertyPlantAndEquipment,2026-08-25
SO,cash,2024-03-31,713000000,2024-05-20,CashAndCashEquivalentsAtCarryingValue,2026-08-25
SO,liabilities,2024-03-31,104506000000,2024-05-20,Liabilities,2026-08-25
SO,operatingCashFlow,2024-03-31,1311000000,2024-05-20,NetCashProvidedByUsedInOperatingActivities,2026-08-25
SO,operatingIncome,2024-03-31,1703000000,2024-05-20,OperatingIncomeLoss,2026-08-25
SO,revenue,2024-03-31,6646000000,2024-05-20,Revenues,2026-08-25
SOLV,assets,2024-03-31,14711000000,2024-05-20,Assets,2026-08-25
SOLV,capex,2024-03-31,102000000,2024-05-20,PaymentsToAcquirePropertyPlantAndEquipment,2026-08-25
SOLV,cash,2024-03-31,996000000,2024-05-20,CashAndCashEquivalentsAtCarryingValue,2026-08-25
SOLV,debt,2024-03-31,8303000000,2024-05-20,LongTermDebtNoncurrent,2026-08-25
SOLV,equity,2024-03-31,3851000000,2024-05-20,StockholdersEquity,2026-08-25
SOLV,grossProfit,2024-03-31,1172000000,2024-05-20,GrossProfit,2026-08-25
SOLV,inventory,2024-03-31,901000000,2024-05-20,InventoryNet,2026-08-25
SOLV,liabilities,2024-03-31,10860000000,2024-05-20,Liabilities,2026-08-25
SOLV,netIncome,2024-03-31,237000000,2024-05-20,NetIncomeLoss,2026-08-25
SOLV,operatingCashFlow,2024-03-31,442000000,2024-05-20,NetCashProvidedByUsedInOperatingActivities,2026-08-25
SOLV,operatingIncome,2024-03-31,381000000,2024-05-20,OperatingIncomeLoss,2026-08-25
SOLV,receivables,2024-03-31,1220000000,2024-05-20,AccountsReceivableNetCurrent,2026-08-25
SOLV,revenue,2024-03-31,2016000000,2024-05-20,Revenues,2026-08-25
SOLV,rnd,2024-03-31,195000000,2024-05-20,ResearchAndDevelopmentExpense,2026-08-25
SOLV,shares,2024-03-31,0,2024-05-20,CommonStockSharesOutstanding,2026-08-25
SPG,assets,2024-03-31,33696691000,2024-05-20,Assets,2026-08-25
SPG,capex,2024-03-31,162974000,2024-05-20,PaymentsToAcquireProductiveAssets,2026-08-25
SPG,cash,2024-03-31,1251105000,2024-05-20,CashAndCashEquivalentsAtCarryingValue,2026-08-25
SPG,debt,2024-03-31,25519340000,2024-05-20,LongTermDebt,2026-08-25
SPG,equity,2024-03-31,3106105000,2024-05-20,StockholdersEquity,2026-08-25
SPG,liabilities,2024-03-31,29934567000,2024-05-20,Liabilities,2026-08-25
SPG,operatingCashFlow,2024-03-31,773103000,2024-05-20,NetCashProvidedByUsedInOperatingActivities,2026-08-25
SPG,operatingIncome,2024-03-31,735180000,2024-05-20,OperatingIncomeLoss,2026-08-25
SPG,revenue,2024-03-31,1442590000,2024-05-20,Revenues,2026-08-25
SPGI,assets,2024-03-31,60477000000,2024-05-20,Assets,2026-08-25
SPGI,buybacks,2024-03-31,500000000,2024-05-20,PaymentsForRepurchaseOfCommonStock,2026-08-25
SPGI,capex,2024-03-31,24000000,2024-05-20,PaymentsToAcquireProductiveAssets,2026-08-25
SPGI,cash,2024-03-31,1543000000,2024-05-20,CashAndCashEquivalentsAtCarryingValue,2026-08-25
SPGI,debt,2024-03-31,11404000000,2024-05-20,LongTermDebtNoncurrent,2026-08-25
SPGI,equity,2024-03-31,34327000000,2024-05-20,StockholdersEquity,2026-08-25
SPGI,liabilities,2024-03-31,22228000000,2024-05-20,Liabilities,2026-08-25
SPGI,netIncome,2024-03-31,991000000,2024-05-20,NetIncomeLoss,2026-08-25
SPGI,operatingCashFlow,2024-03-31,948000000,2024-05-20,NetCashProvidedByUsedInOperatingActivities,2026-08-25
SPGI,operatingIncome,2024-03-31,1385000000,2024-05-20,OperatingIncomeLoss,2026-08-25
SPGI,receivables,2024-03-31,2979000000,2024-05-20,AccountsReceivableNetCurrent,2026-08-25
SPGI,revenue,2024-03-31,3491000000,2024-05-20,RevenueFromContractWithCustomerExcludingAssessedTax,2026-08-25
SPGI,shares,2024-03-31,313100000,2024-05-20,CommonStockSharesOutstanding,2026-08-25
SRE,assets,2024-03-31,89604000000,2024-05-20,Assets,2026-08-25
SRE,buybacks,2024-03-31,40000000,2024-05-20,PaymentsForRepurchaseOfCommonStock,2026-08-25
SRE,capex,2024-03-31,1933000000,2024-05-20,PaymentsToAcquireProductiveAssets,2026-08-25
SRE,cash,2024-03-31,606000000,2024-05-20,CashAndCashEquivalentsAtCarryingValue,2026-08-25
SRE,equity,2024-03-31,29135000000,2024-05-20,StockholdersEquity,2026-08-25
SRE,inventory,2024-03-31,458000000,2024-05-20,InventoryNet,2026-08-25
SRE,netIncome,2024-03-31,812000000,2024-05-20,NetIncomeLoss,2026-08-25
SRE,operatingCashFlow,2024-03-31,1851000000,2024-05-20,NetCashProvidedByUsedInOperatingActivities,2026-08-25
SRE,receivables,2024-03-31,2075000000,2024-05-20,AccountsReceivableNetCurrent,2026-08-25
SRE,revenue,2024-03-31,3640000000,2024-05-20,Revenues,2026-08-25
SRE,shares,2024-03-31,632606408,2024-05-20,CommonStockSharesOutstanding,2026-08-25
STE,assets,2024-03-31,11063697000,2024-05-20,Assets,2026-08-25
STE,cash,2024-03-31,207020000,2024-05-20,CashAndCashEquivalentsAtCarryingValue,2026-08-25
STE,debt,2024-03-31,3120162000,2024-05-20,LongTermDebtNoncurrent,2026-08-25
STE,equity,2024-03-31,6302164000,2024-05-20,StockholdersEquity,2026-08-25
STE,grossProfit,2024-03-31,582902000,2024-05-20,GrossProfit,2026-08-25
STE,inventory,2024-03-31,674535000,2024-05-20,InventoryNet,2026-08-25
STE,liabilities,2024-03-31,4748351000,2024-05-20,Liabilities,2026-08-25
STE,netIncome,2024-03-31,-1377000,2024-05-20,NetIncomeLoss,2026-08-25
STE,receivables,2024-03-31,1008315000,2024-05-20,AccountsReceivableNetCurrent,2026-08-25
STE,revenue,2024-03-31,1419387000,2024-05-20,Revenues,2026-08-25
STE,shares,2024-03-31,98883000,2024-05-20,CommonStockSharesOutstanding,2026-08-25
STLD,assets,2024-03-31,15026750000,2024-05-20,Assets,2026-08-25
STLD,buybacks,2024-03-31,298059000,2024-05-20,PaymentsForRepurchaseOfCommonStock,2026-08-25
STLD,capex,2024-03-31,374310000,2024-05-20,PaymentsToAcquirePropertyPlantAndEquipment,2026-08-25
STLD,cash,2024-03-31,1039421000,2024-05-20,CashAndCashEquivalentsAtCarryingValue,2026-08-25
STLD,debt,2024-03-31,2612246000,2024-05-20,LongTermDebtNoncurrent,2026-08-25
STLD,equity,2024-03-31,9072408000,2024-05-20,StockholdersEquity,2026-08-25
STLD,grossProfit,2024-03-31,980798000,2024-05-20,GrossProfit,2026-08-25
STLD,inventory,2024-03-31,3027143000,2024-05-20,InventoryNet,2026-08-25
STLD,liabilities,2024-03-31,5978991000,2024-05-20,Liabilities,2026-08-25
STLD,netIncome,2024-03-31,584041000,2024-05-20,NetIncomeLoss,2026-08-25
STLD,operatingCashFlow,2024-03-31,355217000,2024-05-20,NetCashProvidedByUsedInOperatingActivities,2026-08-25
STLD,operatingIncome,2024-03-31,750975000,2024-05-20,OperatingIncomeLoss,2026-08-25
STLD,revenue,2024-03-31,4694003000,2024-05-20,RevenueFromContractWithCustomerExcludingAssessedTax,2026-08-25
STLD,shares,2024-03-31,157878760,2024-05-20,CommonStockSharesOutstanding,2026-08-25
STT,assets,2024-03-31,338003000000,2024-05-20,Assets,2026-08-25
STT,buybacks,2024-03-31,119000000,2024-05-20,PaymentsForRepurchaseOfCommonStock,2026-08-25
STT,capex,2024-03-31,230000000,2024-05-20,PaymentsToAcquirePropertyPlantAndEquipment,2026-08-25
STT,equity,2024-03-31,24433000000,2024-05-20,StockholdersEquity,2026-08-25
STT,liabilities,2024-03-31,313570000000,2024-05-20,Liabilities,2026-08-25
STT,netIncome,2024-03-31,463000000,2024-05-20,NetIncomeLoss,2026-08-25
STT,operatingCashFlow,2024-03-31,-844000000,2024-05-20,NetCashProvidedByUsedInOperatingActivities,2026-08-25
STT,revenue,2024-03-31,3138000000,2024-05-20,Revenues,2026-08-25
STT,shares,2024-03-31,301504470,2024-05-20,CommonStockSharesOutstanding,2026-08-25
STX,assets,2024-03-29,7096000000,2024-05-18,Assets,2026-08-25
STX,cash,2024-03-29,795000000,2024-05-18,CashAndCashEquivalentsAtCarryingValue,2026-08-25
STX,debt,2024-03-29,5192000000,2024-05-18,LongTermDebtNoncurrent,2026-08-25
STX,equity,2024-03-29,-1889000000,2024-05-18,StockholdersEquity,2026-08-25
STX,inventory,2024-03-29,1191000000,2024-05-18,InventoryNet,2026-08-25
STX,liabilities,2024-03-29,8985000000,2024-05-18,Liabilities,2026-08-25
STX,netIncome,2024-03-29,25000000,2024-05-18,NetIncomeLoss,2026-08-25
STX,operatingIncome,2024-03-29,143000000,2024-05-18,OperatingIncomeLoss,2026-08-25
STX,receivables,2024-03-29,332000000,2024-05-18,AccountsReceivableNetCurrent,2026-08-25
STX,revenue,2024-03-29,1655000000,2024-05-18,RevenueFromContractWithCustomerExcludingAssessedTax,2026-08-25
STX,rnd,2024-03-29,164000000,2024-05-18,ResearchAndDevelopmentExpense,2026-08-25
STX,shares,2024-03-29,209982166,2024-05-18,CommonStockSharesOutstanding,2026-08-25
STZ,assets,2024-02-29,25691700000,2024-04-19,Assets,2026-08-25
STZ,cash,2024-02-29,152400000,2024-04-19,CashAndCashEquivalentsAtCarryingValue,2026-08-25
STZ,debt,2024-02-29,10681100000,2024-04-19,LongTermDebtNoncurrent,2026-08-25
STZ,equity,2024-02-29,9743100000,2024-04-19,StockholdersEquity,2026-08-25
STZ,grossProfit,2024-02-29,1039200000,2024-04-19,GrossProfit,2026-08-25
STZ,inventory,2024-02-29,2078300000,2024-04-19,InventoryNet,2026-08-25
STZ,liabilities,2024-02-29,15627100000,2024-04-19,Liabilities,2026-08-25
STZ,netIncome,2024-02-29,392400000,2024-04-19,NetIncomeLoss,2026-08-25
STZ,revenue,2024-02-29,2139200000,2024-04-19,RevenueFromContractWithCustomerExcludingAssessedTax,2026-08-25
SW,assets,2024-03-31,108,2024-05-20,Assets,2026-08-25
SW,buybacks,2024-03-31,27000000,2024-05-20,PaymentsForRepurchaseOfCommonStock,2026-08-25
SW,capex,2024-03-31,208000000,2024-05-20,PaymentsToAcquireProductiveAssets,2026-08-25
SW,cash,2024-03-31,108,2024-05-20,CashAndCashEquivalentsAtCarryingValue,2026-08-25
SW,equity,2024-03-31,108,2024-05-20,StockholdersEquity,2026-08-25
SW,grossProfit,2024-03-31,710000000,2024-05-20,GrossProfit,2026-08-25
SW,netIncome,2024-03-31,191000000,2024-05-20,NetIncomeLoss,2026-08-25
SW,operatingCashFlow,2024-03-31,42000000,2024-05-20,NetCashProvidedByUsedInOperatingActivities,2026-08-25
SW,operatingIncome,2024-03-31,307000000,2024-05-20,OperatingIncomeLoss,2026-08-25
SW,revenue,2024-03-31,2930000000,2024-05-20,RevenueFromContractWithCustomerExcludingAssessedTax,2026-08-25
SW,shares,2024-03-31,100,2024-05-20,CommonStockSharesOutstanding,2026-08-25
SWK,assets,2024-03-30,23853900000,2024-05-19,Assets,2026-08-25
SWK,buybacks,2024-03-30,6300000,2024-05-19,PaymentsForRepurchaseOfCommonStock,2026-08-25
SWK,capex,2024-03-30,65700000,2024-05-19,PaymentsToAcquirePropertyPlantAndEquipment,2026-08-25
SWK,cash,2024-03-30,476600000,2024-05-19,CashAndCashEquivalentsAtCarryingValue,2026-08-25
SWK,debt,2024-03-30,5602100000,2024-05-19,LongTermDebtNoncurrent,2026-08-25
SWK,equity,2024-03-30,8876400000,2024-05-19,StockholdersEquity,2026-08-25
SWK,inventory,2024-03-30,4693300000,2024-05-19,InventoryNet,2026-08-25
SWK,netIncome,2024-03-30,19500000,2024-05-19,NetIncomeLoss,2026-08-25
SWK,operatingCashFlow,2024-03-30,-431000000,2024-05-19,NetCashProvidedByUsedInOperatingActivities,2026-08-25
SWK,operatingIncome,2024-03-30,320900000,2024-05-19,OperatingIncomeLoss,2026-08-25
SWK,revenue,2024-03-30,3869500000,2024-05-19,Revenues,2026-08-25
SWKS,assets,2024-03-29,8309700000,2024-05-18,Assets,2026-08-25
SWKS,cash,2024-03-29,1205400000,2024-05-18,CashAndCashEquivalentsAtCarryingValue,2026-08-25
SWKS,debt,2024-03-29,993600000,2024-05-18,LongTermDebt,2026-08-25
SWKS,equity,2024-03-29,6359200000,2024-05-18,StockholdersEquity,2026-08-25
SWKS,grossProfit,2024-03-29,420300000,2024-05-18,GrossProfit,2026-08-25
SWKS,inventory,2024-03-29,835500000,2024-05-18,InventoryNet,2026-08-25
SWKS,liabilities,2024-03-29,1950500000,2024-05-18,Liabilities,2026-08-25
SWKS,netIncome,2024-03-29,183300000,2024-05-18,NetIncomeLoss,2026-08-25
SWKS,operatingIncome,2024-03-29,189200000,2024-05-18,OperatingIncomeLoss,2026-08-25
SWKS,revenue,2024-03-29,1046000000,2024-05-18,Revenues,2026-08-25
SWKS,rnd,2024-03-29,154400000,2024-05-18,ResearchAndDevelopmentExpense,2026-08-25
SWKS,shares,2024-03-29,160400000,2024-05-18,CommonStockSharesOutstanding,2026-08-25
SYF,assets,2024-03-31,121173000000,2024-05-20,Assets,2026-08-25
SYF,buybacks,2024-03-31,300000000,2024-05-20,PaymentsForRepurchaseOfCommonStock,2026-08-25
SYF,cash,2024-03-31,20021000000,2024-05-20,CashAndCashEquivalentsAtCarryingValue,2026-08-25
SYF,debt,2024-03-31,16133000000,2024-05-20,LongTermDebt,2026-08-25
SYF,equity,2024-03-31,15282000000,2024-05-20,StockholdersEquity,2026-08-25
SYF,liabilities,2024-03-31,105891000000,2024-05-20,Liabilities,2026-08-25
SYF,netIncome,2024-03-31,1293000000,2024-05-20,NetIncomeLoss,2026-08-25
SYF,operatingCashFlow,2024-03-31,2248000000,2024-05-20,NetCashProvidedByUsedInOperatingActivities,2026-08-25
SYF,shares,2024-03-31,401410596,2024-05-20,CommonStockSharesOutstanding,2026-08-25
SYK,assets,2024-03-31,39402000000,2024-05-20,Assets,2026-08-25
SYK,capex,2024-03-31,167000000,2024-05-20,PaymentsToAcquirePropertyPlantAndEquipment,2026-08-25
SYK,cash,2024-03-31,2330000000,2024-05-20,CashAndCashEquivalentsAtCarryingValue,2026-08-25
SYK,debt,2024-03-31,10807000000,2024-05-20,LongTermDebtNoncurrent,2026-08-25
SYK,grossProfit,2024-03-31,3333000000,2024-05-20,GrossProfit,2026-08-25
SYK,inventory,2024-03-31,5026000000,2024-05-20,InventoryNet,2026-08-25
SYK,liabilities,2024-03-31,20230000000,2024-05-20,Liabilities,2026-08-25
SYK,netIncome,2024-03-31,788000000,2024-05-20,NetIncomeLoss,2026-08-25
SYK,operatingCashFlow,2024-03-31,204000000,2024-05-20,NetCashProvidedByUsedInOperatingActivities,2026-08-25
SYK,operatingIncome,2024-03-31,972000000,2024-05-20,OperatingIncomeLoss,2026-08-25
SYK,receivables,2024-03-31,3473000000,2024-05-20,AccountsReceivableNetCurrent,2026-08-25
SYK,revenue,2024-03-31,5243000000,2024-05-20,Revenues,2026-08-25
SYK,rnd,2024-03-31,368000000,2024-05-20,ResearchAndDevelopmentExpense,2026-08-25
SYY,assets,2024-03-30,24712340000,2024-05-19,Assets,2026-08-25
SYY,cash,2024-03-30,598000000,2024-05-19,CashAndCashEquivalentsAtCarryingValue,2026-08-25
SYY,equity,2024-03-30,2101000000,2024-05-19,StockholdersEquity,2026-08-25
SYY,grossProfit,2024-03-30,3609000000,2024-05-19,GrossProfit,2026-08-25
SYY,netIncome,2024-03-30,425000000,2024-05-19,NetIncomeLoss,2026-08-25
SYY,operatingIncome,2024-03-30,722000000,2024-05-19,OperatingIncomeLoss,2026-08-25
SYY,revenue,2024-03-30,19380000000,2024-05-19,RevenueFromContractWithCustomerExcludingAssessedTax,2026-08-25
T,assets,2024-03-31,399428000000,2024-05-20,Assets,2026-08-25
T,buybacks,2024-03-31,157000000,2024-05-20,PaymentsForRepurchaseOfCommonStock,2026-08-25
T,capex,2024-03-31,3758000000,2024-05-20,PaymentsToAcquireProductiveAssets,2026-08-25
T,cash,2024-03-31,3520000000,2024-05-20,CashAndCashEquivalentsAtCarryingValue,2026-08-25
T,inventory,2024-03-31,2127000000,2024-05-20,InventoryNet,2026-08-25
T,netIncome,2024-03-31,3445000000,2024-05-20,NetIncomeLoss,2026-08-25
T,operatingCashFlow,2024-03-31,7547000000,2024-05-20,NetCashProvidedByUsedInOperatingActivities,2026-08-25
T,operatingIncome,2024-03-31,5847000000,2024-05-20,OperatingIncomeLoss,2026-08-25
T,receivables,2024-03-31,9577000000,2024-05-20,AccountsReceivableNetCurrent,2026-08-25
T,revenue,2024-03-31,30028000000,2024-05-20,Revenues,2026-08-25
TAP,assets,2024-03-31,26072300000,2024-05-20,Assets,2026-08-25
TAP,buybacks,2024-03-31,113600000,2024-05-20,PaymentsForRepurchaseOfCommonStock,2026-08-25
TAP,capex,2024-03-31,214700000,2024-05-20,PaymentsToAcquireProductiveAssets,2026-08-25
TAP,cash,2024-03-31,458400000,2024-05-20,CashAndCashEquivalentsAtCarryingValue,2026-08-25
TAP,debt,2024-03-31,5312200000,2024-05-20,LongTermDebtNoncurrent,2026-08-25
TAP,equity,2024-03-31,13120100000,2024-05-20,StockholdersEquity,2026-08-25
TAP,grossProfit,2024-03-31,963500000,2024-05-20,GrossProfit,2026-08-25
TAP,inventory,2024-03-31,870900000,2024-05-20,InventoryNet,2026-08-25
TAP,liabilities,2024-03-31,12714100000,2024-05-20,Liabilities,2026-08-25
TAP,netIncome,2024-03-31,207800000,2024-05-20,NetIncomeLoss,2026-08-25
TAP,operatingCashFlow,2024-03-31,25400000,2024-05-20,NetCashProvidedByUsedInOperatingActivities,2026-08-25
TAP,operatingIncome,2024-03-31,314300000,2024-05-20,OperatingIncomeLoss,2026-08-25
TAP,receivables,2024-03-31,894100000,2024-05-20,AccountsReceivableNetCurrent,2026-08-25
TAP,revenue,2024-03-31,3049300000,2024-05-20,RevenueFromContractWithCustomerExcludingAssessedTax,2026-08-25
TDG,assets,2024-03-30,21577000000,2024-05-19,Assets,2026-08-25
TDG,cash,2024-03-30,4288000000,2024-05-19,CashAndCashEquivalentsAtCarryingValue,2026-08-25
TDG,debt,2024-03-30,21956000000,2024-05-19,LongTermDebt,2026-08-25
TDG,equity,2024-03-30,-3029000000,2024-05-19,StockholdersEquity,2026-08-25
TDG,grossProfit,2024-03-30,1152000000,2024-05-19,GrossProfit,2026-08-25
TDG,inventory,2024-03-30,1753000000,2024-05-19,InventoryNet,2026-08-25
TDG,liabilities,2024-03-30,24599000000,2024-05-19,Liabilities,2026-08-25
TDG,netIncome,2024-03-30,403000000,2024-05-19,NetIncomeLoss,2026-08-25
TDG,operatingIncome,2024-03-30,867000000,2024-05-19,OperatingIncomeLoss,2026-08-25
TDG,receivables,2024-03-30,1201000000,2024-05-19,AccountsReceivableNetCurrent,2026-08-25
TDG,revenue,2024-03-30,1919000000,2024-05-19,Revenues,2026-08-25
TDY,assets,2024-03-31,14639200000,2024-05-20,Assets,2026-08-25
TDY,capex,2024-03-31,15900000,2024-05-20,PaymentsToAcquirePropertyPlantAndEquipment,2026-08-25
TDY,cash,2024-03-31,912400000,2024-05-20,CashAndCashEquivalentsAtCarryingValue,2026-08-25
TDY,debt,2024-03-31,2646100000,2024-05-20,LongTermDebtNoncurrent,2026-08-25
TDY,equity,2024-03-31,9328000000,2024-05-20,StockholdersEquity,2026-08-25
TDY,inventory,2024-03-31,933200000,2024-05-20,InventoryNet,2026-08-25
TDY,liabilities,2024-03-31,5306000000,2024-05-20,Liabilities,2026-08-25
TDY,netIncome,2024-03-31,178500000,2024-05-20,NetIncomeLoss,2026-08-25
TDY,operatingCashFlow,2024-03-31,291000000,2024-05-20,NetCashProvidedByUsedInOperatingActivities,2026-08-25
TDY,operatingIncome,2024-03-31,234300000,2024-05-20,OperatingIncomeLoss,2026-08-25
TDY,receivables,2024-03-31,885800000,2024-05-20,AccountsReceivableNetCurrent,2026-08-25
TDY,revenue,2024-03-31,1350100000,2024-05-20,RevenueFromContractWithCustomerExcludingAssessedTax,2026-08-25
TDY,rnd,2024-03-31,76500000,2024-05-20,ResearchAndDevelopmentExpense,2026-08-25
TDY,shares,2024-03-31,47420690,2024-05-20,CommonStockSharesOutstanding,2026-08-25
TECH,assets,2024-03-31,2721170000,2024-05-20,Assets,2026-08-25
TECH,cash,2024-03-31,139915000,2024-05-20,CashAndCashEquivalentsAtCarryingValue,2026-08-25
TECH,equity,2024-03-31,2014375000,2024-05-20,StockholdersEquity,2026-08-25
TECH,grossProfit,2024-03-31,204599000,2024-05-20,GrossProfit,2026-08-25
TECH,inventory,2024-03-31,179496000,2024-05-20,InventoryNet,2026-08-25
TECH,netIncome,2024-03-31,49059000,2024-05-20,NetIncomeLoss,2026-08-25
TECH,operatingIncome,2024-03-31,66998000,2024-05-20,OperatingIncomeLoss,2026-08-25
TECH,receivables,2024-03-31,227887000,2024-05-20,AccountsReceivableNetCurrent,2026-08-25
TECH,revenue,2024-03-31,303428000,2024-05-20,RevenueFromContractWithCustomerExcludingAssessedTax,2026-08-25
TECH,shares,2024-03-31,157554366,2024-05-20,CommonStockSharesOutstanding,2026-08-25
TEL,assets,2024-03-29,22824000000,2024-05-18,Assets,2026-08-25
TEL,cash,2024-03-29,1176000000,2024-05-18,CashAndCashEquivalentsAtCarryingValue,2026-08-25
TEL,debt,2024-03-29,2961000000,2024-05-18,LongTermDebtNoncurrent,2026-08-25
TEL,equity,2024-03-29,12449000000,2024-05-18,StockholdersEquity,2026-08-25
TEL,grossProfit,2024-03-29,1363000000,2024-05-18,GrossProfit,2026-08-25
TEL,inventory,2024-03-29,2744000000,2024-05-18,InventoryNet,2026-08-25
TEL,liabilities,2024-03-29,10264000000,2024-05-18,Liabilities,2026-08-25
TEL,netIncome,2024-03-29,541000000,2024-05-18,NetIncomeLoss,2026-08-25
TEL,operatingIncome,2024-03-29,692000000,2024-05-18,OperatingIncomeLoss,2026-08-25
TEL,receivables,2024-03-29,2874000000,2024-05-18,AccountsReceivableNetCurrent,2026-08-25
TEL,revenue,2024-03-29,3967000000,2024-05-18,RevenueFromContractWithCustomerExcludingAssessedTax,2026-08-25
TER,assets,2024-03-31,3410720000,2024-05-20,Assets,2026-08-25
TER,buybacks,2024-03-31,22117000,2024-05-20,PaymentsForRepurchaseOfCommonStock,2026-08-25
TER,capex,2024-03-31,44023000,2024-05-20,PaymentsToAcquirePropertyPlantAndEquipment,2026-08-25
TER,cash,2024-03-31,707403000,2024-05-20,CashAndCashEquivalentsAtCarryingValue,2026-08-25
TER,equity,2024-03-31,2557829000,2024-05-20,StockholdersEquity,2026-08-25
TER,grossProfit,2024-03-31,339282000,2024-05-20,GrossProfit,2026-08-25
TER,inventory,2024-03-31,314232000,2024-05-20,InventoryNet,2026-08-25
TER,liabilities,2024-03-31,852891000,2024-05-20,Liabilities,2026-08-25
TER,netIncome,2024-03-31,64197000,2024-05-20,NetIncomeLoss,2026-08-25
TER,operatingCashFlow,2024-03-31,7279000,2024-05-20,NetCashProvidedByUsedInOperatingActivities,2026-08-25
TER,operatingIncome,2024-03-31,77771000,2024-05-20,OperatingIncomeLoss,2026-08-25
TER,receivables,2024-03-31,426333000,2024-05-20,AccountsReceivableNetCurrent,2026-08-25
TER,revenue,2024-03-31,599819000,2024-05-20,Revenues,2026-08-25
TER,shares,2024-03-31,153757000,2024-05-20,CommonStockSharesOutstanding,2026-08-25
TFC,assets,2024-03-31,534959000000,2024-05-20,Assets,2026-08-25
TFC,buybacks,2024-03-31,0,2024-05-20,PaymentsForRepurchaseOfCommonStock,2026-08-25
TFC,debt,2024-03-31,39071000000,2024-05-20,LongTermDebt,2026-08-25
TFC,liabilities,2024-03-31,475906000000,2024-05-20,Liabilities,2026-08-25
TFC,operatingCashFlow,2024-03-31,-990000000,2024-05-20,NetCashProvidedByUsedInOperatingActivities,2026-08-25
TFC,shares,2024-03-31,1338096000,2024-05-20,CommonStockSharesOutstanding,2026-08-25
TGT,assets,2024-02-03,55356000000,2024-04-28,Assets,2026-08-25
TGT,debt,2024-02-03,14151000000,2024-04-28,LongTermDebt,2026-08-25
TGT,equity,2024-02-03,13432000000,2024-04-28,StockholdersEquity,2026-08-25
TGT,inventory,2024-02-03,11886000000,2024-04-28,InventoryNet,2026-08-25
TGT,netIncome,2024-02-03,1382000000,2024-04-28,NetIncomeLoss,2026-08-25
TGT,shares,2024-02-03,461675441,2024-04-28,CommonStockSharesOutstanding,2026-08-25
TJX,assets,2024-02-03,29747000000,2024-04-28,Assets,2026-08-25
TJX,cash,2024-02-03,5600000000,2024-04-28,CashAndCashEquivalentsAtCarryingValue,2026-08-25
TJX,debt,2024-02-03,2862000000,2024-04-28,LongTermDebtNoncurrent,2026-08-25
TJX,equity,2024-02-03,7302000000,2024-04-28,StockholdersEquity,2026-08-25
TJX,inventory,2024-02-03,5965000000,2024-04-28,InventoryNet,2026-08-25
TJX,receivables,2024-02-03,529000000,2024-04-28,AccountsReceivableNetCurrent,2026-08-25
TJX,shares,2024-02-03,1133586545,2024-04-28,CommonStockSharesOutstanding,2026-08-25
TKO,assets,2024-03-31,12722266000,2024-05-20,Assets,2026-08-25
TKO,cash,2024-03-31,245812000,2024-05-20,CashAndCashEquivalentsAtCarryingValue,2026-08-25
TKO,debt,2024-03-31,2708361000,2024-05-20,LongTermDebtNoncurrent,2026-08-25
TKO,equity,2024-03-31,4034777000,2024-05-20,StockholdersEquity,2026-08-25
TKO,liabilities,2024-03-31,4091884000,2024-05-20,Liabilities,2026-08-25
TKO,netIncome,2024-03-31,-103840000,2024-05-20,NetIncomeLoss,2026-08-25
TKO,operatingCashFlow,2024-03-31,44873000,2024-05-20,NetCashProvidedByUsedInOperatingActivities,2026-08-25
TKO,operatingIncome,2024-03-31,-173580000,2024-05-20,OperatingIncomeLoss,2026-08-25
TKO,receivables,2024-03-31,171555000,2024-05-20,AccountsReceivableNetCurrent,2026-08-25
TKO,revenue,2024-03-31,1222448000,2024-05-20,Revenues,2026-08-25
TMO,assets,2024-03-30,97095000000,2024-05-19,Assets,2026-08-25
TMO,buybacks,2024-03-30,3000000000,2024-05-19,PaymentsForRepurchaseOfCommonStock,2026-08-25
TMO,capex,2024-03-30,347000000,2024-05-19,PaymentsToAcquirePropertyPlantAndEquipment,2026-08-25
TMO,cash,2024-03-30,5499000000,2024-05-19,CashAndCashEquivalentsAtCarryingValue,2026-08-25
TMO,debt,2024-03-30,35393000000,2024-05-19,LongTermDebt,2026-08-25
TMO,equity,2024-03-30,45516000000,2024-05-19,StockholdersEquity,2026-08-25
TMO,inventory,2024-03-30,5133000000,2024-05-19,InventoryNet,2026-08-25
TMO,operatingCashFlow,2024-03-30,1251000000,2024-05-19,NetCashProvidedByUsedInOperatingActivities,2026-08-25
TMO,operatingIncome,2024-03-30,1663000000,2024-05-19,OperatingIncomeLoss,2026-08-25
TMO,receivables,2024-03-30,7931000000,2024-05-19,AccountsReceivableNetCurrent,2026-08-25
TMO,revenue,2024-03-30,10345000000,2024-05-19,RevenueFromContractWithCustomerExcludingAssessedTax,2026-08-25
TMO,rnd,2024-03-30,331000000,2024-05-19,ResearchAndDevelopmentExpense,2026-08-25
TMUS,assets,2024-03-31,206268000000,2024-05-20,Assets,2026-08-25
TMUS,buybacks,2024-03-31,3594000000,2024-05-20,PaymentsForRepurchaseOfCommonStock,2026-08-25
TMUS,capex,2024-03-31,2627000000,2024-05-20,PaymentsToAcquirePropertyPlantAndEquipment,2026-08-25
TMUS,cash,2024-03-31,6708000000,2024-05-20,CashAndCashEquivalentsAtCarryingValue,2026-08-25
TMUS,equity,2024-03-31,62074000000,2024-05-20,StockholdersEquity,2026-08-25
TMUS,inventory,2024-03-31,1521000000,2024-05-20,InventoryNet,2026-08-25
TMUS,netIncome,2024-03-31,2374000000,2024-05-20,NetIncomeLoss,2026-08-25
TMUS,operatingCashFlow,2024-03-31,5084000000,2024-05-20,NetCashProvidedByUsedInOperatingActivities,2026-08-25
TMUS,operatingIncome,2024-03-31,3998000000,2024-05-20,OperatingIncomeLoss,2026-08-25
TMUS,receivables,2024-03-31,4253000000,2024-05-20,AccountsReceivableNetCurrent,2026-08-25
TMUS,revenue,2024-03-31,19594000000,2024-05-20,RevenueFromContractWithCustomerExcludingAssessedTax,2026-08-25
TMUS,shares,2024-03-31,1177240110,2024-05-20,CommonStockSharesOutstanding,2026-08-25
TPL,assets,2024-03-31,1259170000,2024-05-20,Assets,2026-08-25
TPL,buybacks,2024-03-31,10341000,2024-05-20,PaymentsForRepurchaseOfCommonStock,2026-08-25
TPL,cash,2024-03-31,837100000,2024-05-20,CashAndCashEquivalentsAtCarryingValue,2026-08-25
TPL,equity,2024-03-31,1122449000,2024-05-20,StockholdersEquity,2026-08-25
TPL,liabilities,2024-03-31,136721000,2024-05-20,Liabilities,2026-08-25
TPL,netIncome,2024-03-31,114417000,2024-05-20,NetIncomeLoss,2026-08-25
TPL,operatingCashFlow,2024-03-31,147244000,2024-05-20,NetCashProvidedByUsedInOperatingActivities,2026-08-25
TPL,operatingIncome,2024-03-31,136041000,2024-05-20,OperatingIncomeLoss,2026-08-25
TPL,revenue,2024-03-31,174142000,2024-05-20,RevenueFromContractWithCustomerExcludingAssessedTax,2026-08-25
TPL,shares,2024-03-31,22993479,2024-05-20,CommonStockSharesOutstanding,2026-08-25
TPR,assets,2024-03-30,13727900000,2024-05-19,Assets,2026-08-25
TPR,cash,2024-03-30,6975100000,2024-05-19,CashAndCashEquivalentsAtCarryingValue,2026-08-25
TPR,debt,2024-03-30,7743500000,2024-05-19,LongTermDebtNoncurrent,2026-08-25
TPR,equity,2024-03-30,2775100000,2024-05-19,StockholdersEquity,2026-08-25
TPR,grossProfit,2024-03-30,1107400000,2024-05-19,GrossProfit,2026-08-25
TPR,inventory,2024-03-30,824100000,2024-05-19,InventoryNet,2026-08-25
TPR,liabilities,2024-03-30,10952800000,2024-05-19,Liabilities,2026-08-25
TPR,netIncome,2024-03-30,139400000,2024-05-19,NetIncomeLoss,2026-08-25
TPR,operatingIncome,2024-03-30,204300000,2024-05-19,OperatingIncomeLoss,2026-08-25
TPR,receivables,2024-03-30,276700000,2024-05-19,AccountsReceivableNetCurrent,2026-08-25
TPR,revenue,2024-03-30,1482400000,2024-05-19,RevenueFromContractWithCustomerExcludingAssessedTax,2026-08-25
TPR,shares,2024-03-30,229800000,2024-05-19,CommonStockSharesOutstanding,2026-08-25
TRGP,assets,2024-03-31,20846100000,2024-05-20,Assets,2026-08-25
TRGP,capex,2024-03-31,669800000,2024-05-20,PaymentsToAcquirePropertyPlantAndEquipment,2026-08-25
TRGP,cash,2024-03-31,109900000,2024-05-20,CashAndCashEquivalentsAtCarryingValue,2026-08-25
TRGP,debt,2024-03-31,13056000000,2024-05-20,LongTermDebt,2026-08-25
TRGP,equity,2024-03-31,2703900000,2024-05-20,StockholdersEquity,2026-08-25
TRGP,inventory,2024-03-31,224500000,2024-05-20,InventoryNet,2026-08-25
TRGP,netIncome,2024-03-31,275200000,2024-05-20,NetIncomeLoss,2026-08-25
TRGP,operatingCashFlow,2024-03-31,876400000,2024-05-20,NetCashProvidedByUsedInOperatingActivities,2026-08-25
TRGP,operatingIncome,2024-03-31,639400000,2024-05-20,OperatingIncomeLoss,2026-08-25
TRGP,receivables,2024-03-31,1483700000,2024-05-20,AccountsReceivableNetCurrent,2026-08-25
TRGP,revenue,2024-03-31,4562400000,2024-05-20,Revenues,2026-08-25
TRGP,shares,2024-03-31,222150320,2024-05-20,CommonStockSharesOutstanding,2026-08-25
TRMB,assets,2024-03-29,9321200000,2024-05-18,Assets,2026-08-25
TRMB,buybacks,2024-03-29,175000000,2024-05-18,PaymentsForRepurchaseOfCommonStock,2026-08-25
TRMB,capex,2024-03-29,6800000,2024-05-18,PaymentsToAcquirePropertyPlantAndEquipment,2026-08-25
TRMB,cash,2024-03-29,255100000,2024-05-18,CashAndCashEquivalentsAtCarryingValue,2026-08-25
TRMB,debt,2024-03-29,2486900000,2024-05-18,LongTermDebtNoncurrent,2026-08-25
TRMB,equity,2024-03-29,4349100000,2024-05-18,StockholdersEquity,2026-08-25
TRMB,grossProfit,2024-03-29,593600000,2024-05-18,GrossProfit,2026-08-25
TRMB,inventory,2024-03-29,230000000,2024-05-18,InventoryNet,2026-08-25
TRMB,liabilities,2024-03-29,4972100000,2024-05-18,Liabilities,2026-08-25
TRMB,netIncome,2024-03-29,57200000,2024-05-18,NetIncomeLoss,2026-08-25
TRMB,operatingCashFlow,2024-03-29,233800000,2024-05-18,NetCashProvidedByUsedInOperatingActivities,2026-08-25
TRMB,operatingIncome,2024-03-29,109200000,2024-05-18,OperatingIncomeLoss,2026-08-25
TRMB,receivables,2024-03-29,633000000,2024-05-18,AccountsReceivableNetCurrent,2026-08-25
TRMB,revenue,2024-03-29,953300000,2024-05-18,RevenueFromContractWithCustomerExcludingAssessedTax,2026-08-25
TRMB,rnd,2024-03-29,170200000,2024-05-18,ResearchAndDevelopmentExpense,2026-08-25
TRMB,shares,2024-03-29,244200000,2024-05-18,CommonStockSharesOutstanding,2026-08-25
TROW,assets,2024-03-31,12854000000,2024-05-20,Assets,2026-08-25
TROW,buybacks,2024-03-31,83100000,2024-05-20,PaymentsForRepurchaseOfCommonStock,2026-08-25
TROW,capex,2024-03-31,102500000,2024-05-20,PaymentsToAcquirePropertyPlantAndEquipment,2026-08-25
TROW,cash,2024-03-31,2416500000,2024-05-20,CashAndCashEquivalentsAtCarryingValue,2026-08-25
TROW,equity,2024-03-31,9784100000,2024-05-20,StockholdersEquity,2026-08-25
TROW,liabilities,2024-03-31,2187800000,2024-05-20,Liabilities,2026-08-25
TROW,netIncome,2024-03-31,573800000,2024-05-20,NetIncomeLoss,2026-08-25
TROW,operatingCashFlow,2024-03-31,637300000,2024-05-20,NetCashProvidedByUsedInOperatingActivities,2026-08-25
TROW,operatingIncome,2024-03-31,586600000,2024-05-20,OperatingIncomeLoss,2026-08-25
TROW,revenue,2024-03-31,1750200000,2024-05-20,RevenueFromContractWithCustomerExcludingAssessedTax,2026-08-25
TRV,assets,2024-03-31,127410000000,2024-05-20,Assets,2026-08-25
TRV,buybacks,2024-03-31,250000000,2024-05-20,PaymentsForRepurchaseOfCommonStock,2026-08-25
TRV,equity,2024-03-31,25022000000,2024-05-20,StockholdersEquity,2026-08-25
TRV,liabilities,2024-03-31,102388000000,2024-05-20,Liabilities,2026-08-25
TRV,netIncome,2024-03-31,1123000000,2024-05-20,NetIncomeLoss,2026-08-25
TRV,operatingCashFlow,2024-03-31,1458000000,2024-05-20,NetCashProvidedByUsedInOperatingActivities,2026-08-25
TRV,revenue,2024-03-31,11228000000,2024-05-20,Revenues,2026-08-25
TRV,shares,2024-03-31,229000000,2024-05-20,CommonStockSharesOutstanding,2026-08-25
TSCO,assets,2024-03-30,9554954000,2024-05-19,Assets,2026-08-25
TSCO,buybacks,2024-03-30,117843000,2024-05-19,PaymentsForRepurchaseOfCommonStock,2026-08-25
TSCO,capex,2024-03-30,157199000,2024-05-19,PaymentsToAcquirePropertyPlantAndEquipment,2026-08-25
TSCO,cash,2024-03-30,264085000,2024-05-19,CashAndCashEquivalentsAtCarryingValue,2026-08-25
TSCO,debt,2024-03-30,1729715000,2024-05-19,LongTermDebtNoncurrent,2026-08-25
TSCO,equity,2024-03-30,2124011000,2024-05-19,StockholdersEquity,2026-08-25
TSCO,grossProfit,2024-03-30,1220854000,2024-05-19,GrossProfit,2026-08-25
TSCO,inventory,2024-03-30,3048719000,2024-05-19,InventoryNet,2026-08-25
TSCO,liabilities,2024-03-30,7430943000,2024-05-19,Liabilities,2026-08-25
TSCO,netIncome,2024-03-30,198167000,2024-05-19,NetIncomeLoss,2026-08-25
TSCO,operatingCashFlow,2024-03-30,257408000,2024-05-19,NetCashProvidedByUsedInOperatingActivities,2026-08-25
TSCO,operatingIncome,2024-03-30,263125000,2024-05-19,OperatingIncomeLoss,2026-08-25
TSCO,revenue,2024-03-30,3394834000,2024-05-19,Revenues,2026-08-25
TSCO,shares,2024-03-30,539457000,2024-05-19,CommonStockSharesOutstanding,2026-08-25
TSLA,assets,2024-03-31,109226000000,2024-05-20,Assets,2026-08-25
TSLA,capex,2024-03-31,2777000000,2024-05-20,PaymentsToAcquirePropertyPlantAndEquipment,2026-08-25
TSLA,cash,2024-03-31,11805000000,2024-05-20,CashAndCashEquivalentsAtCarryingValue,2026-08-25
TSLA,debt,2024-03-31,2739000000,2024-05-20,LongTermDebt,2026-08-25
TSLA,equity,2024-03-31,64378000000,2024-05-20,StockholdersEquity,2026-08-25
TSLA,grossProfit,2024-03-31,3696000000,2024-05-20,GrossProfit,2026-08-25
TSLA,inventory,2024-03-31,16033000000,2024-05-20,InventoryNet,2026-08-25
TSLA,liabilities,2024-03-31,44046000000,2024-05-20,Liabilities,2026-08-25
TSLA,netIncome,2024-03-31,1390000000,2024-05-20,NetIncomeLoss,2026-08-25
TSLA,operatingCashFlow,2024-03-31,242000000,2024-05-20,NetCashProvidedByUsedInOperatingActivities,2026-08-25
TSLA,operatingIncome,2024-03-31,1171000000,2024-05-20,OperatingIncomeLoss,2026-08-25
TSLA,receivables,2024-03-31,3887000000,2024-05-20,AccountsReceivableNetCurrent,2026-08-25
TSLA,revenue,2024-03-31,21301000000,2024-05-20,Revenues,2026-08-25
TSLA,rnd,2024-03-31,1151000000,2024-05-20,ResearchAndDevelopmentExpense,2026-08-25
TSLA,shares,2024-03-31,3189000000,2024-05-20,CommonStockSharesOutstanding,2026-08-25
TSN,assets,2024-03-30,37465000000,2024-05-19,Assets,2026-08-25
TSN,cash,2024-03-30,2182000000,2024-05-19,CashAndCashEquivalentsAtCarryingValue,2026-08-25
TSN,equity,2024-03-30,18089000000,2024-05-19,StockholdersEquity,2026-08-25
TSN,grossProfit,2024-03-30,866000000,2024-05-19,GrossProfit,2026-08-25
TSN,inventory,2024-03-30,5056000000,2024-05-19,InventoryNet,2026-08-25
TSN,netIncome,2024-03-30,145000000,2024-05-19,NetIncomeLoss,2026-08-25
TSN,operatingIncome,2024-03-30,312000000,2024-05-19,OperatingIncomeLoss,2026-08-25
TSN,receivables,2024-03-30,2358000000,2024-05-19,AccountsReceivableNetCurrent,2026-08-25
TSN,revenue,2024-03-30,13072000000,2024-05-19,Revenues,2026-08-25
TT,assets,2024-03-31,19341200000,2024-05-20,Assets,2026-08-25
TT,buybacks,2024-03-31,300300000,2024-05-20,PaymentsForRepurchaseOfCommonStock,2026-08-25
TT,capex,2024-03-31,83800000,2024-05-20,PaymentsToAcquirePropertyPlantAndEquipment,2026-08-25
TT,debt,2024-03-31,3978700000,2024-05-20,LongTermDebtNoncurrent,2026-08-25
TT,equity,2024-03-31,6889700000,2024-05-20,StockholdersEquity,2026-08-25
TT,inventory,2024-03-31,2382700000,2024-05-20,InventoryNet,2026-08-25
TT,liabilities,2024-03-31,12430400000,2024-05-20,Liabilities,2026-08-25
TT,netIncome,2024-03-31,436300000,2024-05-20,NetIncomeLoss,2026-08-25
TT,operatingCashFlow,2024-03-31,247200000,2024-05-20,NetCashProvidedByUsedInOperatingActivities,2026-08-25
TT,operatingIncome,2024-03-31,633800000,2024-05-20,OperatingIncomeLoss,2026-08-25
TT,revenue,2024-03-31,4215500000,2024-05-20,RevenueFromContractWithCustomerExcludingAssessedTax,2026-08-25
TTD,assets,2024-03-31,4663797000,2024-05-20,Assets,2026-08-25
TTD,buybacks,2024-03-31,125280000,2024-05-20,PaymentsForRepurchaseOfCommonStock,2026-08-25
TTD,capex,2024-03-31,7224000,2024-05-20,PaymentsToAcquirePropertyPlantAndEquipment,2026-08-25
TTD,cash,2024-03-31,918200000,2024-05-20,CashAndCashEquivalentsAtCarryingValue,2026-08-25
TTD,equity,2024-03-31,2166555000,2024-05-20,StockholdersEquity,2026-08-25
TTD,liabilities,2024-03-31,2497242000,2024-05-20,Liabilities,2026-08-25
TTD,netIncome,2024-03-31,31660000,2024-05-20,NetIncomeLoss,2026-08-25
TTD,operatingCashFlow,2024-03-31,185472000,2024-05-20,NetCashProvidedByUsedInOperatingActivities,2026-08-25
TTD,operatingIncome,2024-03-31,28657000,2024-05-20,OperatingIncomeLoss,2026-08-25
TTD,receivables,2024-03-31,2619280000,2024-05-20,AccountsReceivableNetCurrent,2026-08-25
TTD,revenue,2024-03-31,491253000,2024-05-20,RevenueFromContractWithCustomerExcludingAssessedTax,2026-08-25
TTD,rnd,2024-03-31,107686000,2024-05-20,ResearchAndDevelopmentExpense,2026-08-25
TTWO,assets,2024-03-31,12216900000,2024-05-20,Assets,2026-08-25
TTWO,cash,2024-03-31,754000000,2024-05-20,CashAndCashEquivalentsAtCarryingValue,2026-08-25
TTWO,debt,2024-03-31,3058300000,2024-05-20,LongTermDebtNoncurrent,2026-08-25
TTWO,equity,2024-03-31,5667900000,2024-05-20,StockholdersEquity,2026-08-25
TTWO,liabilities,2024-03-31,6549000000,2024-05-20,Liabilities,2026-08-25
TTWO,receivables,2024-03-31,679700000,2024-05-20,AccountsReceivableNetCurrent,2026-08-25
TTWO,shares,2024-03-31,170800000,2024-05-20,CommonStockSharesOutstanding,2026-08-25
TXN,assets,2024-03-31,34885000000,2024-05-20,Assets,2026-08-25
TXN,buybacks,2024-03-31,3000000,2024-05-20,PaymentsForRepurchaseOfCommonStock,2026-08-25
TXN,capex,2024-03-31,1248000000,2024-05-20,PaymentsToAcquirePropertyPlantAndEquipment,2026-08-25
TXN,cash,2024-03-31,2483000000,2024-05-20,CashAndCashEquivalentsAtCarryingValue,2026-08-25
TXN,debt,2024-03-31,12840000000,2024-05-20,LongTermDebtNoncurrent,2026-08-25
TXN,equity,2024-03-31,16983000000,2024-05-20,StockholdersEquity,2026-08-25
TXN,grossProfit,2024-03-31,2095000000,2024-05-20,GrossProfit,2026-08-25
TXN,inventory,2024-03-31,4083000000,2024-05-20,InventoryNet,2026-08-25
TXN,liabilities,2024-03-31,17902000000,2024-05-20,Liabilities,2026-08-25
TXN,netIncome,2024-03-31,1105000000,2024-05-20,NetIncomeLoss,2026-08-25
TXN,operatingCashFlow,2024-03-31,1017000000,2024-05-20,NetCashProvidedByUsedInOperatingActivities,2026-08-25
TXN,operatingIncome,2024-03-31,1286000000,2024-05-20,OperatingIncomeLoss,2026-08-25
TXN,receivables,2024-03-31,1671000000,2024-05-20,AccountsReceivableNetCurrent,2026-08-25
TXN,revenue,2024-03-31,3661000000,2024-05-20,RevenueFromContractWithCustomerExcludingAssessedTax,2026-08-25
TXN,rnd,2024-03-31,478000000,2024-05-20,ResearchAndDevelopmentExpense,2026-08-25
TXT,assets,2024-03-30,16414000000,2024-05-19,Assets,2026-08-25
TXT,buybacks,2024-03-30,317000000,2024-05-19,PaymentsForRepurchaseOfCommonStock,2026-08-25
TXT,capex,2024-03-30,66000000,2024-05-19,PaymentsToAcquireProductiveAssets,2026-08-25
TXT,equity,2024-03-30,6931000000,2024-05-19,StockholdersEquity,2026-08-25
TXT,inventory,2024-03-30,4267000000,2024-05-19,InventoryNet,2026-08-25
TXT,liabilities,2024-03-30,9483000000,2024-05-19,Liabilities,2026-08-25
TXT,netIncome,2024-03-30,201000000,2024-05-19,NetIncomeLoss,2026-08-25
TXT,operatingCashFlow,2024-03-30,-7000000,2024-05-19,NetCashProvidedByUsedInOperatingActivities,2026-08-25
TXT,revenue,2024-03-30,3135000000,2024-05-19,Revenues,2026-08-25
TXT,rnd,2024-03-30,144000000,2024-05-19,ResearchAndDevelopmentExpense,2026-08-25
TXT,shares,2024-03-30,191101000,2024-05-19,CommonStockSharesOutstanding,2026-08-25
TYL,assets,2024-03-31,4608755000,2024-05-20,Assets,2026-08-25
TYL,capex,2024-03-31,7282000,2024-05-20,PaymentsToAcquirePropertyPlantAndEquipment,2026-08-25
TYL,cash,2024-03-31,188237000,2024-05-20,CashAndCashEquivalentsAtCarryingValue,2026-08-25
TYL,debt,2024-03-31,596638000,2024-05-20,LongTermDebtNoncurrent,2026-08-25
TYL,equity,2024-03-31,3023135000,2024-05-20,StockholdersEquity,2026-08-25
TYL,grossProfit,2024-03-31,223666000,2024-05-20,GrossProfit,2026-08-25
TYL,liabilities,2024-03-31,1585620000,2024-05-20,Liabilities,2026-08-25
TYL,netIncome,2024-03-31,54170000,2024-05-20,NetIncomeLoss,2026-08-25
TYL,operatingCashFlow,2024-03-31,71839000,2024-05-20,NetCashProvidedByUsedInOperatingActivities,2026-08-25
TYL,operatingIncome,2024-03-31,66978000,2024-05-20,OperatingIncomeLoss,2026-08-25
TYL,receivables,2024-03-31,542441000,2024-05-20,AccountsReceivableNetCurrent,2026-08-25
TYL,revenue,2024-03-31,512359000,2024-05-20,RevenueFromContractWithCustomerExcludingAssessedTax,2026-08-25
TYL,shares,2024-03-31,48147969,2024-05-20,CommonStockSharesOutstanding,2026-08-25
UAL,assets,2024-03-31,71902000000,2024-05-20,Assets,2026-08-25
UAL,buybacks,2024-03-31,0,2024-05-20,PaymentsForRepurchaseOfCommonStock,2026-08-25
UAL,capex,2024-03-31,1366000000,2024-05-20,PaymentsToAcquireProductiveAssets,2026-08-25
UAL,cash,2024-03-31,8401000000,2024-05-20,CashAndCashEquivalentsAtCarryingValue,2026-08-25
UAL,debt,2024-03-31,23059000000,2024-05-20,LongTermDebtNoncurrent,2026-08-25
UAL,equity,2024-03-31,9188000000,2024-05-20,StockholdersEquity,2026-08-25
UAL,netIncome,2024-03-31,-124000000,2024-05-20,NetIncomeLoss,2026-08-25
UAL,operatingCashFlow,2024-03-31,2848000000,2024-05-20,NetCashProvidedByUsedInOperatingActivities,2026-08-25
UAL,operatingIncome,2024-03-31,99000000,2024-05-20,OperatingIncomeLoss,2026-08-25
UAL,revenue,2024-03-31,12539000000,2024-05-20,RevenueFromContractWithCustomerExcludingAssessedTax,2026-08-25
UAL,shares,2024-03-31,328803086,2024-05-20,CommonStockSharesOutstanding,2026-08-25
UBER,assets,2024-03-31,39599000000,2024-05-20,Assets,2026-08-25
UBER,buybacks,2024-03-31,0,2024-05-20,PaymentsForRepurchaseOfCommonStock,2026-08-25
UBER,capex,2024-03-31,57000000,2024-05-20,PaymentsToAcquirePropertyPlantAndEquipment,2026-08-25
UBER,cash,2024-03-31,5019000000,2024-05-20,CashAndCashEquivalentsAtCarryingValue,2026-08-25
UBER,debt,2024-03-31,9457000000,2024-05-20,LongTermDebtNoncurrent,2026-08-25
UBER,equity,2024-03-31,11058000000,2024-05-20,StockholdersEquity,2026-08-25
UBER,liabilities,2024-03-31,27100000000,2024-05-20,Liabilities,2026-08-25
UBER,netIncome,2024-03-31,-654000000,2024-05-20,NetIncomeLoss,2026-08-25
UBER,operatingCashFlow,2024-03-31,1416000000,2024-05-20,NetCashProvidedByUsedInOperatingActivities,2026-08-25
UBER,operatingIncome,2024-03-31,172000000,2024-05-20,OperatingIncomeLoss,2026-08-25
UBER,receivables,2024-03-31,3708000000,2024-05-20,AccountsReceivableNetCurrent,2026-08-25
UBER,revenue,2024-03-31,10131000000,2024-05-20,Revenues,2026-08-25
UBER,rnd,2024-03-31,790000000,2024-05-20,ResearchAndDevelopmentExpense,2026-08-25
UBER,shares,2024-03-31,2086247000,2024-05-20,CommonStockSharesOutstanding,2026-08-25
UDR,assets,2024-03-31,11190488000,2024-05-20,Assets,2026-08-25
UDR,cash,2024-03-31,2116000,2024-05-20,CashAndCashEquivalentsAtCarryingValue,2026-08-25
UDR,debt,2024-03-31,5762328000,2024-05-20,LongTermDebt,2026-08-25
UDR,equity,2024-03-31,3918943000,2024-05-20,StockholdersEquity,2026-08-25
UDR,liabilities,2024-03-31,6333899000,2024-05-20,Liabilities,2026-08-25
UDR,netIncome,2024-03-31,43149000,2024-05-20,NetIncomeLoss,2026-08-25
UDR,operatingCashFlow,2024-03-31,167599000,2024-05-20,NetCashProvidedByUsedInOperatingActivities,2026-08-25
UDR,operatingIncome,2024-03-31,79759000,2024-05-20,OperatingIncomeLoss,2026-08-25
UDR,revenue,2024-03-31,413634000,2024-05-20,Revenues,2026-08-25
UDR,shares,2024-03-31,329327553,2024-05-20,CommonStockSharesOutstanding,2026-08-25
UHS,assets,2024-03-31,14046132000,2024-05-20,Assets,2026-08-25
UHS,buybacks,2024-03-31,142084000,2024-05-20,PaymentsForRepurchaseOfCommonStock,2026-08-25
UHS,capex,2024-03-31,208539000,2024-05-20,PaymentsToAcquirePropertyPlantAndEquipment,2026-08-25
UHS,cash,2024-03-31,112093000,2024-05-20,CashAndCashEquivalentsAtCarryingValue,2026-08-25
UHS,debt,2024-03-31,4734328000,2024-05-20,LongTermDebtNoncurrent,2026-08-25
UHS,equity,2024-03-31,6256697000,2024-05-20,StockholdersEquity,2026-08-25
UHS,netIncome,2024-03-31,261834000,2024-05-20,NetIncomeLoss,2026-08-25
UHS,operatingCashFlow,2024-03-31,396406000,2024-05-20,NetCashProvidedByUsedInOperatingActivities,2026-08-25
UHS,operatingIncome,2024-03-31,388762000,2024-05-20,OperatingIncomeLoss,2026-08-25
UHS,receivables,2024-03-31,2299425000,2024-05-20,AccountsReceivableNetCurrent,2026-08-25
UHS,revenue,2024-03-31,3843582000,2024-05-20,RevenueFromContractWithCustomerExcludingAssessedTax,2026-08-25
ULTA,assets,2024-02-03,5707011000,2024-04-28,Assets,2026-08-25
ULTA,cash,2024-02-03,766594000,2024-04-28,CashAndCashEquivalentsAtCarryingValue,2026-08-25
ULTA,equity,2024-02-03,2279328000,2024-04-28,StockholdersEquity,2026-08-25
ULTA,liabilities,2024-02-03,3427683000,2024-04-28,Liabilities,2026-08-25
ULTA,receivables,2024-02-03,207939000,2024-04-28,AccountsReceivableNetCurrent,2026-08-25
ULTA,shares,2024-02-03,48324000,2024-04-28,CommonStockSharesOutstanding,2026-08-25
UNH,assets,2024-03-31,284210000000,2024-05-20,Assets,2026-08-25
UNH,buybacks,2024-03-31,3072000000,2024-05-20,PaymentsForRepurchaseOfCommonStock,2026-08-25
UNH,capex,2024-03-31,743000000,2024-05-20,PaymentsToAcquirePropertyPlantAndEquipment,2026-08-25
UNH,cash,2024-03-31,28414000000,2024-05-20,CashAndCashEquivalentsAtCarryingValue,2026-08-25
UNH,debt,2024-03-31,63850000000,2024-05-20,LongTermDebtNoncurrent,2026-08-25
UNH,liabilities,2024-03-31,187292000000,2024-05-20,Liabilities,2026-08-25
UNH,netIncome,2024-03-31,-1409000000,2024-05-20,NetIncomeLoss,2026-08-25
UNH,operatingCashFlow,2024-03-31,1144000000,2024-05-20,NetCashProvidedByUsedInOperatingActivities,2026-08-25
UNH,operatingIncome,2024-03-31,7931000000,2024-05-20,OperatingIncomeLoss,2026-08-25
UNH,receivables,2024-03-31,27197000000,2024-05-20,AccountsReceivableNetCurrent,2026-08-25
UNH,revenue,2024-03-31,99796000000,2024-05-20,Revenues,2026-08-25
UNH,shares,2024-03-31,920000000,2024-05-20,CommonStockSharesOutstanding,2026-08-25
UNP,assets,2024-03-31,67266000000,2024-05-20,Assets,2026-08-25
UNP,buybacks,2024-03-31,0,2024-05-20,PaymentsForRepurchaseOfCommonStock,2026-08-25
UNP,capex,2024-03-31,797000000,2024-05-20,PaymentsToAcquirePropertyPlantAndEquipment,2026-08-25
UNP,cash,2024-03-31,925000000,2024-05-20,CashAndCashEquivalentsAtCarryingValue,2026-08-25
UNP,equity,2024-03-31,15665000000,2024-05-20,StockholdersEquity,2026-08-25
UNP,liabilities,2024-03-31,51601000000,2024-05-20,Liabilities,2026-08-25
UNP,netIncome,2024-03-31,1641000000,2024-05-20,NetIncomeLoss,2026-08-25
UNP,operatingCashFlow,2024-03-31,2122000000,2024-05-20,NetCashProvidedByUsedInOperatingActivities,2026-08-25
UNP,operatingIncome,2024-03-31,2372000000,2024-05-20,OperatingIncomeLoss,2026-08-25
UNP,receivables,2024-03-31,2162000000,2024-05-20,AccountsReceivableNetCurrent,2026-08-25
UNP,revenue,2024-03-31,6031000000,2024-05-20,RevenueFromContractWithCustomerExcludingAssessedTax,2026-08-25
UNP,shares,2024-03-31,610088307,2024-05-20,CommonStockSharesOutstanding,2026-08-25
UPS,assets,2024-03-31,67628000000,2024-05-20,Assets,2026-08-25
UPS,buybacks,2024-03-31,0,2024-05-20,PaymentsForRepurchaseOfCommonStock,2026-08-25
UPS,capex,2024-03-31,1035000000,2024-05-20,PaymentsToAcquirePropertyPlantAndEquipment,2026-08-25
UPS,cash,2024-03-31,4281000000,2024-05-20,CashAndCashEquivalentsAtCarryingValue,2026-08-25
UPS,equity,2024-03-31,16909000000,2024-05-20,StockholdersEquity,2026-08-25
UPS,netIncome,2024-03-31,1113000000,2024-05-20,NetIncomeLoss,2026-08-25
UPS,operatingCashFlow,2024-03-31,3316000000,2024-05-20,NetCashProvidedByUsedInOperatingActivities,2026-08-25
UPS,operatingIncome,2024-03-31,1613000000,2024-05-20,OperatingIncomeLoss,2026-08-25
UPS,receivables,2024-03-31,9554000000,2024-05-20,AccountsReceivableNetCurrent,2026-08-25
UPS,revenue,2024-03-31,21706000000,2024-05-20,RevenueFromContractWithCustomerExcludingAssessedTax,2026-08-25
URI,assets,2024-03-31,26658000000,2024-05-20,Assets,2026-08-25
URI,buybacks,2024-03-31,415000000,2024-05-20,PaymentsForRepurchaseOfCommonStock,2026-08-25
URI,capex,2024-03-31,653000000,2024-05-20,PaymentsToAcquireProductiveAssets,2026-08-25
URI,cash,2024-03-31,429000000,2024-05-20,CashAndCashEquivalentsAtCarryingValue,2026-08-25
URI,equity,2024-03-31,8120000000,2024-05-20,StockholdersEquity,2026-08-25
URI,grossProfit,2024-03-31,1346000000,2024-05-20,GrossProfit,2026-08-25
URI,inventory,2024-03-31,208000000,2024-05-20,InventoryNet,2026-08-25
URI,liabilities,2024-03-31,18538000000,2024-05-20,Liabilities,2026-08-25
URI,netIncome,2024-03-31,542000000,2024-05-20,NetIncomeLoss,2026-08-25
URI,operatingCashFlow,2024-03-31,1029000000,2024-05-20,NetCashProvidedByUsedInOperatingActivities,2026-08-25
URI,operatingIncome,2024-03-31,852000000,2024-05-20,OperatingIncomeLoss,2026-08-25
URI,receivables,2024-03-31,2221000000,2024-05-20,AccountsReceivableNetCurrent,2026-08-25
URI,revenue,2024-03-31,3485000000,2024-05-20,Revenues,2026-08-25
URI,shares,2024-03-31,66796805,2024-05-20,CommonStockSharesOutstanding,2026-08-25
USB,assets,2024-03-31,683606000000,2024-05-20,Assets,2026-08-25
USB,buybacks,2024-03-31,49000000,2024-05-20,PaymentsForRepurchaseOfCommonStock,2026-08-25
USB,equity,2024-03-31,55568000000,2024-05-20,StockholdersEquity,2026-08-25
USB,liabilities,2024-03-31,627573000000,2024-05-20,Liabilities,2026-08-25
USB,netIncome,2024-03-31,1319000000,2024-05-20,NetIncomeLoss,2026-08-25
USB,operatingCashFlow,2024-03-31,2661000000,2024-05-20,NetCashProvidedByUsedInOperatingActivities,2026-08-25
USB,revenue,2024-03-31,6715000000,2024-05-20,Revenues,2026-08-25
V,assets,2024-03-31,92399000000,2024-05-20,Assets,2026-08-25
V,cash,2024-03-31,12993000000,2024-05-20,CashAndCashEquivalentsAtCarryingValue,2026-08-25
V,debt,2024-03-31,20603000000,2024-05-20,LongTermDebtNoncurrent,2026-08-25
V,liabilities,2024-03-31,51914000000,2024-05-20,Liabilities,2026-08-25
V,netIncome,2024-03-31,4663000000,2024-05-20,NetIncomeLoss,2026-08-25
V,operatingIncome,2024-03-31,5354000000,2024-05-20,OperatingIncomeLoss,2026-08-25
V,receivables,2024-03-31,2272000000,2024-05-20,AccountsReceivableNetCurrent,2026-08-25
V,revenue,2024-03-31,8775000000,2024-05-20,RevenueFromContractWithCustomerExcludingAssessedTax,2026-08-25
VEEV,assets,2024-01-31,5910920000,2024-04-25,Assets,2026-08-25
VEEV,cash,2024-01-31,703487000,2024-04-25,CashAndCashEquivalentsAtCarryingValue,2026-08-25
VEEV,equity,2024-01-31,4644824000,2024-04-25,StockholdersEquity,2026-08-25
VEEV,liabilities,2024-01-31,1266096000,2024-04-25,Liabilities,2026-08-25
VEEV,receivables,2024-01-31,852172000,2024-04-25,AccountsReceivableNetCurrent,2026-08-25
VEEV,shares,2024-01-31,161260172,2024-04-25,CommonStockSharesOutstanding,2026-08-25
VICI,assets,2024-03-31,44157873000,2024-05-20,Assets,2026-08-25
VICI,cash,2024-03-31,485318000,2024-05-20,CashAndCashEquivalentsAtCarryingValue,2026-08-25
VICI,debt,2024-03-31,16711739000,2024-05-20,LongTermDebt,2026-08-25
VICI,equity,2024-03-31,25414824000,2024-05-20,StockholdersEquity,2026-08-25
VICI,liabilities,2024-03-31,18339315000,2024-05-20,Liabilities,2026-08-25
VICI,netIncome,2024-03-31,590016000,2024-05-20,NetIncomeLoss,2026-08-25
VICI,operatingCashFlow,2024-03-31,543739000,2024-05-20,NetCashProvidedByUsedInOperatingActivities,2026-08-25
VICI,revenue,2024-03-31,951481000,2024-05-20,Revenues,2026-08-25
VICI,shares,2024-03-31,1043137031,2024-05-20,CommonStockSharesOutstanding,2026-08-25
VLO,assets,2024-03-31,62574000000,2024-05-20,Assets,2026-08-25
VLO,buybacks,2024-03-31,1023000000,2024-05-20,PaymentsForRepurchaseOfCommonStock,2026-08-25
VLO,capex,2024-03-31,661000000,2024-05-20,PaymentsToAcquireProductiveAssets,2026-08-25
VLO,cash,2024-03-31,4917000000,2024-05-20,CashAndCashEquivalentsAtCarryingValue,2026-08-25
VLO,equity,2024-03-31,26057000000,2024-05-20,StockholdersEquity,2026-08-25
VLO,inventory,2024-03-31,7912000000,2024-05-20,InventoryNet,2026-08-25
VLO,netIncome,2024-03-31,1245000000,2024-05-20,NetIncomeLoss,2026-08-25
VLO,operatingCashFlow,2024-03-31,1846000000,2024-05-20,NetCashProvidedByUsedInOperatingActivities,2026-08-25
VLO,operatingIncome,2024-03-31,1679000000,2024-05-20,OperatingIncomeLoss,2026-08-25
VLTO,assets,2024-03-29,5708000000,2024-05-18,Assets,2026-08-25
VLTO,capex,2024-03-29,13000000,2024-05-18,PaymentsToAcquirePropertyPlantAndEquipment,2026-08-25
VLTO,cash,2024-03-29,827000000,2024-05-18,CashAndCashEquivalentsAtCarryingValue,2026-08-25
VLTO,debt,2024-03-29,2618000000,2024-05-18,LongTermDebtNoncurrent,2026-08-25
VLTO,equity,2024-03-29,1482000000,2024-05-18,StockholdersEquity,2026-08-25
VLTO,grossProfit,2024-03-29,747000000,2024-05-18,GrossProfit,2026-08-25
VLTO,inventory,2024-03-29,308000000,2024-05-18,InventoryNet,2026-08-25
VLTO,netIncome,2024-03-29,184000000,2024-05-18,NetIncomeLoss,2026-08-25
VLTO,operatingCashFlow,2024-03-29,115000000,2024-05-18,NetCashProvidedByUsedInOperatingActivities,2026-08-25
VLTO,operatingIncome,2024-03-29,293000000,2024-05-18,OperatingIncomeLoss,2026-08-25
VLTO,receivables,2024-03-29,815000000,2024-05-18,AccountsReceivableNetCurrent,2026-08-25
VLTO,revenue,2024-03-29,1246000000,2024-05-18,RevenueFromContractWithCustomerExcludingAssessedTax,2026-08-25
VLTO,rnd,2024-03-29,60000000,2024-05-18,ResearchAndDevelopmentExpense,2026-08-25
VLTO,shares,2024-03-29,246800000,2024-05-18,CommonStockSharesOutstanding,2026-08-25
VMC,assets,2024-03-31,13910900000,2024-05-20,Assets,2026-08-25
VMC,buybacks,2024-03-31,18800000,2024-05-20,PaymentsForRepurchaseOfCommonStock,2026-08-25
VMC,capex,2024-03-31,152800000,2024-05-20,PaymentsToAcquirePropertyPlantAndEquipment,2026-08-25
VMC,cash,2024-03-31,292400000,2024-05-20,CashAndCashEquivalentsAtCarryingValue,2026-08-25
VMC,debt,2024-03-31,3330700000,2024-05-20,LongTermDebtNoncurrent,2026-08-25
VMC,equity,2024-03-31,7491900000,2024-05-20,StockholdersEquity,2026-08-25
VMC,grossProfit,2024-03-31,304900000,2024-05-20,GrossProfit,2026-08-25
VMC,inventory,2024-03-31,647200000,2024-05-20,InventoryNet,2026-08-25
VMC,liabilities,2024-03-31,6394300000,2024-05-20,Liabilities,2026-08-25
VMC,netIncome,2024-03-31,102700000,2024-05-20,NetIncomeLoss,2026-08-25
VMC,operatingCashFlow,2024-03-31,173400000,2024-05-20,NetCashProvidedByUsedInOperatingActivities,2026-08-25
VMC,operatingIncome,2024-03-31,172900000,2024-05-20,OperatingIncomeLoss,2026-08-25
VMC,revenue,2024-03-31,1545700000,2024-05-20,RevenueFromContractWithCustomerExcludingAssessedTax,2026-08-25
VMC,shares,2024-03-31,132300000,2024-05-20,CommonStockSharesOutstanding,2026-08-25
VMRK,assets,2024-03-31,19894797000,2024-05-20,Assets,2026-08-25
VMRK,buybacks,2024-03-31,38474000,2024-05-20,PaymentsForRepurchaseOfCommonStock,2026-08-25
VMRK,cash,2024-03-31,44535000,2024-05-20,CashAndCashEquivalentsAtCarryingValue,2026-08-25
VMRK,equity,2024-03-31,11067672000,2024-05-20,StockholdersEquity,2026-08-25
VMRK,liabilities,2024-03-31,8322765000,2024-05-20,Liabilities,2026-08-25
VMRK,netIncome,2024-03-31,295787000,2024-05-20,NetIncomeLoss,2026-08-25
VMRK,operatingCashFlow,2024-03-31,421031000,2024-05-20,NetCashProvidedByUsedInOperatingActivities,2026-08-25
VMRK,shares,2024-03-31,378939751,2024-05-20,CommonStockSharesOutstanding,2026-08-25
VRSK,assets,2024-03-31,4498600000,2024-05-20,Assets,2026-08-25
VRSK,buybacks,2024-03-31,170000000,2024-05-20,PaymentsForRepurchaseOfCommonStock,2026-08-25
VRSK,capex,2024-03-31,55200000,2024-05-20,PaymentsToAcquirePropertyPlantAndEquipment,2026-08-25
VRSK,cash,2024-03-31,352400000,2024-05-20,CashAndCashEquivalentsAtCarryingValue,2026-08-25
VRSK,equity,2024-03-31,282200000,2024-05-20,StockholdersEquity,2026-08-25
VRSK,liabilities,2024-03-31,4210800000,2024-05-20,Liabilities,2026-08-25
VRSK,netIncome,2024-03-31,219600000,2024-05-20,NetIncomeLoss,2026-08-25
VRSK,operatingCashFlow,2024-03-31,372200000,2024-05-20,NetCashProvidedByUsedInOperatingActivities,2026-08-25
VRSK,operatingIncome,2024-03-31,307400000,2024-05-20,OperatingIncomeLoss,2026-08-25
VRSK,receivables,2024-03-31,486600000,2024-05-20,AccountsReceivableNetCurrent,2026-08-25
VRSK,revenue,2024-03-31,704000000,2024-05-20,RevenueFromContractWithCustomerExcludingAssessedTax,2026-08-25
VRSK,shares,2024-03-31,142785185,2024-05-20,CommonStockSharesOutstanding,2026-08-25
VRSN,assets,2024-03-31,1727800000,2024-05-20,Assets,2026-08-25
VRSN,buybacks,2024-03-31,269900000,2024-05-20,PaymentsForRepurchaseOfCommonStock,2026-08-25
VRSN,capex,2024-03-31,3800000,2024-05-20,PaymentsToAcquirePropertyPlantAndEquipment,2026-08-25
VRSN,cash,2024-03-31,731800000,2024-05-20,CashAndCashEquivalentsAtCarryingValue,2026-08-25
VRSN,equity,2024-03-31,-1635700000,2024-05-20,StockholdersEquity,2026-08-25
VRSN,liabilities,2024-03-31,3363500000,2024-05-20,Liabilities,2026-08-25
VRSN,netIncome,2024-03-31,194100000,2024-05-20,NetIncomeLoss,2026-08-25
VRSN,operatingCashFlow,2024-03-31,257300000,2024-05-20,NetCashProvidedByUsedInOperatingActivities,2026-08-25
VRSN,operatingIncome,2024-03-31,258900000,2024-05-20,OperatingIncomeLoss,2026-08-25
VRSN,receivables,2024-03-31,6500000,2024-05-20,AccountsReceivableNetCurrent,2026-08-25
VRSN,revenue,2024-03-31,384300000,2024-05-20,Revenues,2026-08-25
VRSN,rnd,2024-03-31,24800000,2024-05-20,ResearchAndDevelopmentExpense,2026-08-25
VRSN,shares,2024-03-31,100100000,2024-05-20,CommonStockSharesOutstanding,2026-08-25
VRT,assets,2024-03-31,7591400000,2024-05-20,Assets,2026-08-25
VRT,buybacks,2024-03-31,599900000,2024-05-20,PaymentsForRepurchaseOfCommonStock,2026-08-25
VRT,capex,2024-03-31,35800000,2024-05-20,PaymentsToAcquirePropertyPlantAndEquipment,2026-08-25
VRT,cash,2024-03-31,275800000,2024-05-20,CashAndCashEquivalentsAtCarryingValue,2026-08-25
VRT,debt,2024-03-31,2916100000,2024-05-20,LongTermDebtNoncurrent,2026-08-25
VRT,equity,2024-03-31,1393400000,2024-05-20,StockholdersEquity,2026-08-25
VRT,inventory,2024-03-31,987100000,2024-05-20,InventoryNet,2026-08-25
VRT,liabilities,2024-03-31,6198000000,2024-05-20,Liabilities,2026-08-25
VRT,netIncome,2024-03-31,-5900000,2024-05-20,NetIncomeLoss,2026-08-25
VRT,operatingCashFlow,2024-03-31,137500000,2024-05-20,NetCashProvidedByUsedInOperatingActivities,2026-08-25
VRT,operatingIncome,2024-03-31,202600000,2024-05-20,OperatingIncomeLoss,2026-08-25
VRT,receivables,2024-03-31,2097100000,2024-05-20,AccountsReceivableNetCurrent,2026-08-25
VRT,revenue,2024-03-31,1639100000,2024-05-20,RevenueFromContractWithCustomerExcludingAssessedTax,2026-08-25
VRT,shares,2024-03-31,373969346,2024-05-20,CommonStockSharesOutstanding,2026-08-25
VRTX,assets,2024-03-31,23917400000,2024-05-20,Assets,2026-08-25
VRTX,buybacks,2024-03-31,131200000,2024-05-20,PaymentsForRepurchaseOfCommonStock,2026-08-25
VRTX,capex,2024-03-31,68400000,2024-05-20,PaymentsToAcquirePropertyPlantAndEquipment,2026-08-25
VRTX,cash,2024-03-31,9158000000,2024-05-20,CashAndCashEquivalentsAtCarryingValue,2026-08-25
VRTX,equity,2024-03-31,18546600000,2024-05-20,StockholdersEquity,2026-08-25
VRTX,inventory,2024-03-31,813100000,2024-05-20,InventoryNet,2026-08-25
VRTX,liabilities,2024-03-31,5370800000,2024-05-20,Liabilities,2026-08-25
VRTX,netIncome,2024-03-31,1099600000,2024-05-20,NetIncomeLoss,2026-08-25
VRTX,operatingCashFlow,2024-03-31,1306600000,2024-05-20,NetCashProvidedByUsedInOperatingActivities,2026-08-25
VRTX,operatingIncome,2024-03-31,1139500000,2024-05-20,OperatingIncomeLoss,2026-08-25
VRTX,receivables,2024-03-31,1793200000,2024-05-20,AccountsReceivableNetCurrent,2026-08-25
VRTX,revenue,2024-03-31,2690600000,2024-05-20,RevenueFromContractWithCustomerExcludingAssessedTax,2026-08-25
VRTX,shares,2024-03-31,258296249,2024-05-20,CommonStockSharesOutstanding,2026-08-25
VST,assets,2024-03-31,38178000000,2024-05-20,Assets,2026-08-25
VST,buybacks,2024-03-31,291000000,2024-05-20,PaymentsForRepurchaseOfCommonStock,2026-08-25
VST,capex,2024-03-31,465000000,2024-05-20,PaymentsToAcquirePropertyPlantAndEquipment,2026-08-25
VST,cash,2024-03-31,1070000000,2024-05-20,CashAndCashEquivalentsAtCarryingValue,2026-08-25
VST,equity,2024-03-31,5656000000,2024-05-20,StockholdersEquity,2026-08-25
VST,inventory,2024-03-31,976000000,2024-05-20,InventoryNet,2026-08-25
VST,liabilities,2024-03-31,30894000000,2024-05-20,Liabilities,2026-08-25
VST,netIncome,2024-03-31,-35000000,2024-05-20,NetIncomeLoss,2026-08-25
VST,operatingCashFlow,2024-03-31,312000000,2024-05-20,NetCashProvidedByUsedInOperatingActivities,2026-08-25
VST,operatingIncome,2024-03-31,86000000,2024-05-20,OperatingIncomeLoss,2026-08-25
VST,receivables,2024-03-31,1729000000,2024-05-20,AccountsReceivableNetCurrent,2026-08-25
VST,revenue,2024-03-31,3054000000,2024-05-20,Revenues,2026-08-25
VST,shares,2024-03-31,348733986,2024-05-20,CommonStockSharesOutstanding,2026-08-25
VTR,assets,2024-03-31,24672586000,2024-05-20,Assets,2026-08-25
VTR,capex,2024-03-31,170216000,2024-05-20,PaymentsToAcquireProductiveAssets,2026-08-25
VTR,cash,2024-03-31,632443000,2024-05-20,CashAndCashEquivalentsAtCarryingValue,2026-08-25
VTR,equity,2024-03-31,9402840000,2024-05-20,StockholdersEquity,2026-08-25
VTR,equityStakes,2024-03-31,11179000,2024-05-20,PaymentsToAcquireEquityMethodInvestments,2026-08-25
VTR,liabilities,2024-03-31,14928709000,2024-05-20,Liabilities,2026-08-25
VTR,operatingCashFlow,2024-03-31,266448000,2024-05-20,NetCashProvidedByUsedInOperatingActivities,2026-08-25
VTR,revenue,2024-03-31,1199914000,2024-05-20,Revenues,2026-08-25
VTR,shares,2024-03-31,404433000,2024-05-20,CommonStockSharesOutstanding,2026-08-25
VTRS,assets,2024-03-31,47343700000,2024-05-20,Assets,2026-08-25
VTRS,buybacks,2024-03-31,250000000,2024-05-20,PaymentsForRepurchaseOfCommonStock,2026-08-25
VTRS,capex,2024-03-31,49800000,2024-05-20,PaymentsToAcquirePropertyPlantAndEquipment,2026-08-25
VTRS,cash,2024-03-31,1014600000,2024-05-20,CashAndCashEquivalentsAtCarryingValue,2026-08-25
VTRS,debt,2024-03-31,16072500000,2024-05-20,LongTermDebtNoncurrent,2026-08-25
VTRS,grossProfit,2024-03-31,1504000000,2024-05-20,GrossProfit,2026-08-25
VTRS,inventory,2024-03-31,3823200000,2024-05-20,InventoryNet,2026-08-25
VTRS,liabilities,2024-03-31,27329400000,2024-05-20,Liabilities,2026-08-25
VTRS,operatingCashFlow,2024-03-31,614600000,2024-05-20,NetCashProvidedByUsedInOperatingActivities,2026-08-25
VTRS,operatingIncome,2024-03-31,203900000,2024-05-20,OperatingIncomeLoss,2026-08-25
VTRS,receivables,2024-03-31,3632000000,2024-05-20,AccountsReceivableNetCurrent,2026-08-25
VTRS,revenue,2024-03-31,3663400000,2024-05-20,Revenues,2026-08-25
VTRS,rnd,2024-03-31,199700000,2024-05-20,ResearchAndDevelopmentExpense,2026-08-25
VZ,assets,2024-03-31,380158000000,2024-05-20,Assets,2026-08-25
VZ,cash,2024-03-31,2365000000,2024-05-20,CashAndCashEquivalentsAtCarryingValue,2026-08-25
VZ,inventory,2024-03-31,2076000000,2024-05-20,InventoryNet,2026-08-25
VZ,netIncome,2024-03-31,4602000000,2024-05-20,NetIncomeLoss,2026-08-25
VZ,operatingCashFlow,2024-03-31,7084000000,2024-05-20,NetCashProvidedByUsedInOperatingActivities,2026-08-25
VZ,operatingIncome,2024-03-31,7521000000,2024-05-20,OperatingIncomeLoss,2026-08-25
VZ,revenue,2024-03-31,32981000000,2024-05-20,Revenues,2026-08-25
WAB,assets,2024-03-31,18747000000,2024-05-20,Assets,2026-08-25
WAB,buybacks,2024-03-31,175000000,2024-05-20,PaymentsForRepurchaseOfCommonStock,2026-08-25
WAB,capex,2024-03-31,31000000,2024-05-20,PaymentsToAcquirePropertyPlantAndEquipment,2026-08-25
WAB,debt,2024-03-31,3997000000,2024-05-20,LongTermDebtNoncurrent,2026-08-25
WAB,equity,2024-03-31,10462000000,2024-05-20,StockholdersEquity,2026-08-25
WAB,grossProfit,2024-03-31,815000000,2024-05-20,GrossProfit,2026-08-25
WAB,inventory,2024-03-31,2356000000,2024-05-20,InventoryNet,2026-08-25
WAB,liabilities,2024-03-31,8243000000,2024-05-20,Liabilities,2026-08-25
WAB,netIncome,2024-03-31,272000000,2024-05-20,NetIncomeLoss,2026-08-25
WAB,operatingCashFlow,2024-03-31,334000000,2024-05-20,NetCashProvidedByUsedInOperatingActivities,2026-08-25
WAB,operatingIncome,2024-03-31,412000000,2024-05-20,OperatingIncomeLoss,2026-08-25
WAB,receivables,2024-03-31,997000000,2024-05-20,AccountsReceivableNetCurrent,2026-08-25
WAB,revenue,2024-03-31,2497000000,2024-05-20,RevenueFromContractWithCustomerExcludingAssessedTax,2026-08-25
WAB,rnd,2024-03-31,48000000,2024-05-20,ResearchAndDevelopmentExpense,2026-08-25
WAB,shares,2024-03-31,176800000,2024-05-20,CommonStockSharesOutstanding,2026-08-25
WAT,assets,2024-03-30,4508964000,2024-05-19,Assets,2026-08-25
WAT,buybacks,2024-03-30,13089000,2024-05-19,PaymentsForRepurchaseOfCommonStock,2026-08-25
WAT,cash,2024-03-30,337290000,2024-05-19,CashAndCashEquivalentsAtCarryingValue,2026-08-25
WAT,debt,2024-03-31,2005761000,2024-05-20,LongTermDebtNoncurrent,2026-08-25
WAT,equity,2024-03-30,1256525000,2024-05-19,StockholdersEquity,2026-08-25
WAT,inventory,2024-03-30,538634000,2024-05-19,InventoryNet,2026-08-25
WAT,liabilities,2024-03-30,3252439000,2024-05-19,Liabilities,2026-08-25
WAT,netIncome,2024-03-30,102196000,2024-05-19,NetIncomeLoss,2026-08-25
WAT,operatingCashFlow,2024-03-30,262870000,2024-05-19,NetCashProvidedByUsedInOperatingActivities,2026-08-25
WAT,operatingIncome,2024-03-31,133846000,2024-05-20,OperatingIncomeLoss,2026-08-25
WAT,receivables,2024-03-30,626329000,2024-05-19,AccountsReceivableNetCurrent,2026-08-25
WAT,revenue,2024-03-31,636839000,2024-05-20,RevenueFromContractWithCustomerExcludingAssessedTax,2026-08-25
WAT,rnd,2024-03-31,44595000,2024-05-20,ResearchAndDevelopmentExpense,2026-08-25
WAT,shares,2024-03-30,59310000,2024-05-19,CommonStockSharesOutstanding,2026-08-25
WBD,assets,2024-03-31,119819000000,2024-05-20,Assets,2026-08-25
WBD,capex,2024-03-31,195000000,2024-05-20,PaymentsToAcquirePropertyPlantAndEquipment,2026-08-25
WBD,cash,2024-03-31,2976000000,2024-05-20,CashAndCashEquivalentsAtCarryingValue,2026-08-25
WBD,debt,2024-03-31,42578000000,2024-05-20,LongTermDebt,2026-08-25
WBD,equity,2024-03-31,44151000000,2024-05-20,StockholdersEquity,2026-08-25
WBD,liabilities,2024-03-31,74525000000,2024-05-20,Liabilities,2026-08-25
WBD,netIncome,2024-03-31,-966000000,2024-05-20,NetIncomeLoss,2026-08-25
WBD,operatingCashFlow,2024-03-31,585000000,2024-05-20,NetCashProvidedByUsedInOperatingActivities,2026-08-25
WBD,operatingIncome,2024-03-31,-267000000,2024-05-20,OperatingIncomeLoss,2026-08-25
WBD,revenue,2024-03-31,9958000000,2024-05-20,RevenueFromContractWithCustomerExcludingAssessedTax,2026-08-25
WBD,shares,2024-03-31,2449000000,2024-05-20,CommonStockSharesOutstanding,2026-08-25
WDAY,assets,2024-01-31,16452000000,2024-04-25,Assets,2026-08-25
WDAY,cash,2024-01-31,2012000000,2024-04-25,CashAndCashEquivalentsAtCarryingValue,2026-08-25
WDAY,debt,2024-01-31,2980000000,2024-04-25,LongTermDebtNoncurrent,2026-08-25
WDAY,equity,2024-01-31,8082000000,2024-04-25,StockholdersEquity,2026-08-25
WDAY,liabilities,2024-01-31,8370000000,2024-04-25,Liabilities,2026-08-25
WDAY,receivables,2024-01-31,1639000000,2024-04-25,AccountsReceivableNetCurrent,2026-08-25
WDC,assets,2024-03-29,23801000000,2024-05-18,Assets,2026-08-25
WDC,cash,2024-03-29,1894000000,2024-05-18,CashAndCashEquivalentsAtCarryingValue,2026-08-25
WDC,debt,2024-03-29,7318000000,2024-05-18,LongTermDebtNoncurrent,2026-08-25
WDC,equity,2024-03-29,10121000000,2024-05-18,StockholdersEquity,2026-08-25
WDC,grossProfit,2024-03-29,519000000,2024-05-18,GrossProfit,2026-08-25
WDC,inventory,2024-03-29,3215000000,2024-05-18,InventoryNet,2026-08-25
WDC,liabilities,2024-03-29,12804000000,2024-05-18,Liabilities,2026-08-25
WDC,netIncome,2024-03-29,135000000,2024-05-18,NetIncomeLoss,2026-08-25
WDC,operatingIncome,2024-03-29,94000000,2024-05-18,OperatingIncomeLoss,2026-08-25
WDC,receivables,2024-03-29,1800000000,2024-05-18,AccountsReceivableNetCurrent,2026-08-25
WDC,revenue,2024-03-29,1752000000,2024-05-18,RevenueFromContractWithCustomerExcludingAssessedTax,2026-08-25
WDC,shares,2024-03-29,326000000,2024-05-18,CommonStockSharesOutstanding,2026-08-25
WEC,assets,2024-03-31,43927200000,2024-05-20,Assets,2026-08-25
WEC,buybacks,2024-03-31,2000000,2024-05-20,PaymentsForRepurchaseOfCommonStock,2026-08-25
WEC,capex,2024-03-31,444500000,2024-05-20,PaymentsToAcquirePropertyPlantAndEquipment,2026-08-25
WEC,cash,2024-03-31,38900000,2024-05-20,CashAndCashEquivalentsAtCarryingValue,2026-08-25
WEC,operatingCashFlow,2024-03-31,863600000,2024-05-20,NetCashProvidedByUsedInOperatingActivities,2026-08-25
WEC,operatingIncome,2024-03-31,813400000,2024-05-20,OperatingIncomeLoss,2026-08-25
WEC,receivables,2024-03-31,1557000000,2024-05-20,AccountsReceivableNetCurrent,2026-08-25
WEC,revenue,2024-03-31,2680200000,2024-05-20,Revenues,2026-08-25
WEC,shares,2024-03-31,315822587,2024-05-20,CommonStockSharesOutstanding,2026-08-25
WELL,assets,2024-03-31,44553585000,2024-05-20,Assets,2026-08-25
WELL,cash,2024-03-31,2388488000,2024-05-20,CashAndCashEquivalentsAtCarryingValue,2026-08-25
WELL,debt,2024-03-31,14205145000,2024-05-20,LongTermDebt,2026-08-25
WELL,equity,2024-03-31,27547943000,2024-05-20,StockholdersEquity,2026-08-25
WELL,liabilities,2024-03-31,16005677000,2024-05-20,Liabilities,2026-08-25
WELL,operatingCashFlow,2024-03-31,406806000,2024-05-20,NetCashProvidedByUsedInOperatingActivities,2026-08-25
WELL,revenue,2024-03-31,1859741000,2024-05-20,Revenues,2026-08-25
WELL,shares,2024-03-31,590934192,2024-05-20,CommonStockSharesOutstanding,2026-08-25
WFC,assets,2024-03-31,1959153000000,2024-05-20,Assets,2026-08-25
WFC,buybacks,2024-03-31,6001000000,2024-05-20,PaymentsForRepurchaseOfCommonStock,2026-08-25
WFC,debt,2024-03-31,187764000000,2024-05-20,LongTermDebt,2026-08-25
WFC,equity,2024-03-31,180943000000,2024-05-20,StockholdersEquity,2026-08-25
WFC,liabilities,2024-03-31,1776479000000,2024-05-20,Liabilities,2026-08-25
WFC,netIncome,2024-03-31,4619000000,2024-05-20,NetIncomeLoss,2026-08-25
WFC,operatingCashFlow,2024-03-31,-12125000000,2024-05-20,NetCashProvidedByUsedInOperatingActivities,2026-08-25
WFC,shares,2024-03-31,3501700000,2024-05-20,CommonStockSharesOutstanding,2026-08-25
WM,assets,2024-03-31,32666000000,2024-05-20,Assets,2026-08-25
WM,buybacks,2024-03-31,250000000,2024-05-20,PaymentsForRepurchaseOfCommonStock,2026-08-25
WM,capex,2024-03-31,668000000,2024-05-20,PaymentsToAcquireProductiveAssets,2026-08-25
WM,cash,2024-03-31,322000000,2024-05-20,CashAndCashEquivalentsAtCarryingValue,2026-08-25
WM,equity,2024-03-31,7082000000,2024-05-20,StockholdersEquity,2026-08-25
WM,liabilities,2024-03-31,25588000000,2024-05-20,Liabilities,2026-08-25
WM,netIncome,2024-03-31,708000000,2024-05-20,NetIncomeLoss,2026-08-25
WM,operatingCashFlow,2024-03-31,1367000000,2024-05-20,NetCashProvidedByUsedInOperatingActivities,2026-08-25
WM,operatingIncome,2024-03-31,1016000000,2024-05-20,OperatingIncomeLoss,2026-08-25
WM,receivables,2024-03-31,2530000000,2024-05-20,AccountsReceivableNetCurrent,2026-08-25
WM,revenue,2024-03-31,5159000000,2024-05-20,RevenueFromContractWithCustomerExcludingAssessedTax,2026-08-25
WM,shares,2024-03-31,401300000,2024-05-20,CommonStockSharesOutstanding,2026-08-25
WMB,assets,2024-03-31,52747000000,2024-05-20,Assets,2026-08-25
WMB,buybacks,2024-03-31,0,2024-05-20,PaymentsForRepurchaseOfCommonStock,2026-08-25
WMB,capex,2024-03-31,544000000,2024-05-20,PaymentsToAcquirePropertyPlantAndEquipment,2026-08-25
WMB,equity,2024-03-31,12449000000,2024-05-20,StockholdersEquity,2026-08-25
WMB,equityStakes,2024-03-31,52000000,2024-05-20,PaymentsToAcquireEquityMethodInvestments,2026-08-25
WMB,inventory,2024-03-31,239000000,2024-05-20,InventoryNet,2026-08-25
WMB,netIncome,2024-03-31,632000000,2024-05-20,NetIncomeLoss,2026-08-25
WMB,operatingCashFlow,2024-03-31,1234000000,2024-05-20,NetCashProvidedByUsedInOperatingActivities,2026-08-25
WMB,operatingIncome,2024-03-31,1012000000,2024-05-20,OperatingIncomeLoss,2026-08-25
WMB,revenue,2024-03-31,2771000000,2024-05-20,Revenues,2026-08-25
WMT,assets,2024-01-31,252399000000,2024-04-25,Assets,2026-08-25
WMT,cash,2024-01-31,9867000000,2024-04-25,CashAndCashEquivalentsAtCarryingValue,2026-08-25
WMT,debt,2024-01-31,36132000000,2024-04-25,LongTermDebtNoncurrent,2026-08-25
WMT,equity,2024-01-31,83861000000,2024-04-25,StockholdersEquity,2026-08-25
WMT,inventory,2024-01-31,54892000000,2024-04-25,InventoryNet,2026-08-25
WRB,assets,2024-03-31,37851072000,2024-05-20,Assets,2026-08-25
WRB,buybacks,2024-03-31,0,2024-05-20,PaymentsForRepurchaseOfCommonStock,2026-08-25
WRB,cash,2024-03-31,1169053000,2024-05-20,CashAndCashEquivalentsAtCarryingValue,2026-08-25
WRB,equity,2024-03-31,7784832000,2024-05-20,StockholdersEquity,2026-08-25
WRB,liabilities,2024-03-31,30052560000,2024-05-20,Liabilities,2026-08-25
WRB,netIncome,2024-03-31,442471000,2024-05-20,NetIncomeLoss,2026-08-25
WRB,operatingCashFlow,2024-03-31,746235000,2024-05-20,NetCashProvidedByUsedInOperatingActivities,2026-08-25
WRB,revenue,2024-03-31,3256773000,2024-05-20,Revenues,2026-08-25
WRB,shares,2024-03-31,256548669,2024-05-20,CommonStockSharesOutstanding,2026-08-25
WSM,assets,2024-01-28,5273548000,2024-04-22,Assets,2026-08-25
WSM,cash,2024-01-28,1262007000,2024-04-22,CashAndCashEquivalentsAtCarryingValue,2026-08-25
WSM,equity,2024-01-28,2127861000,2024-04-22,StockholdersEquity,2026-08-25
WSM,inventory,2024-01-28,1246369000,2024-04-22,InventoryNet,2026-08-25
WSM,liabilities,2024-01-28,3145687000,2024-04-22,Liabilities,2026-08-25
WSM,shares,2024-01-28,128301000,2024-04-22,CommonStockSharesOutstanding,2026-08-25
WST,assets,2024-03-31,3602300000,2024-05-20,Assets,2026-08-25
WST,buybacks,2024-03-31,267000000,2024-05-20,PaymentsForRepurchaseOfCommonStock,2026-08-25
WST,capex,2024-03-31,90600000,2024-05-20,PaymentsToAcquirePropertyPlantAndEquipment,2026-08-25
WST,cash,2024-03-31,601800000,2024-05-20,CashAndCashEquivalentsAtCarryingValue,2026-08-25
WST,debt,2024-03-31,72800000,2024-05-20,LongTermDebtNoncurrent,2026-08-25
WST,equity,2024-03-31,2680600000,2024-05-20,StockholdersEquity,2026-08-25
WST,grossProfit,2024-03-31,230200000,2024-05-20,GrossProfit,2026-08-25
WST,inventory,2024-03-31,429900000,2024-05-20,InventoryNet,2026-08-25
WST,liabilities,2024-03-31,921700000,2024-05-20,Liabilities,2026-08-25
WST,netIncome,2024-03-31,115300000,2024-05-20,NetIncomeLoss,2026-08-25
WST,operatingCashFlow,2024-03-31,118200000,2024-05-20,NetCashProvidedByUsedInOperatingActivities,2026-08-25
WST,operatingIncome,2024-03-31,122800000,2024-05-20,OperatingIncomeLoss,2026-08-25
WST,receivables,2024-03-31,524000000,2024-05-20,AccountsReceivableNetCurrent,2026-08-25
WST,revenue,2024-03-31,695400000,2024-05-20,Revenues,2026-08-25
WST,rnd,2024-03-31,17600000,2024-05-20,ResearchAndDevelopmentExpense,2026-08-25
WST,shares,2024-03-31,73000000,2024-05-20,CommonStockSharesOutstanding,2026-08-25
WTW,assets,2024-03-31,30237000000,2024-05-20,Assets,2026-08-25
WTW,buybacks,2024-03-31,101000000,2024-05-20,PaymentsForRepurchaseOfCommonStock,2026-08-25
WTW,capex,2024-03-31,60000000,2024-05-20,PaymentsToAcquireProductiveAssets,2026-08-25
WTW,cash,2024-03-31,1893000000,2024-05-20,CashAndCashEquivalentsAtCarryingValue,2026-08-25
WTW,debt,2024-03-31,5307000000,2024-05-20,LongTermDebtNoncurrent,2026-08-25
WTW,equity,2024-03-31,9489000000,2024-05-20,StockholdersEquity,2026-08-25
WTW,liabilities,2024-03-31,20669000000,2024-05-20,Liabilities,2026-08-25
WTW,netIncome,2024-03-31,190000000,2024-05-20,NetIncomeLoss,2026-08-25
WTW,operatingCashFlow,2024-03-31,24000000,2024-05-20,NetCashProvidedByUsedInOperatingActivities,2026-08-25
WTW,operatingIncome,2024-03-31,280000000,2024-05-20,OperatingIncomeLoss,2026-08-25
WTW,receivables,2024-03-31,2430000000,2024-05-20,AccountsReceivableNetCurrent,2026-08-25
WTW,revenue,2024-03-31,2341000000,2024-05-20,Revenues,2026-08-25
WY,assets,2024-03-31,16756000000,2024-05-20,Assets,2026-08-25
WY,buybacks,2024-03-31,50000000,2024-05-20,PaymentsForRepurchaseOfCommonStock,2026-08-25
WY,cash,2024-03-31,871000000,2024-05-20,CashAndCashEquivalentsAtCarryingValue,2026-08-25
WY,debt,2024-03-31,4861000000,2024-05-20,LongTermDebtNoncurrent,2026-08-25
WY,equity,2024-03-31,10054000000,2024-05-20,StockholdersEquity,2026-08-25
WY,grossProfit,2024-03-31,355000000,2024-05-20,GrossProfit,2026-08-25
WY,inventory,2024-03-31,630000000,2024-05-20,InventoryNet,2026-08-25
WY,liabilities,2024-03-31,6702000000,2024-05-20,Liabilities,2026-08-25
WY,netIncome,2024-03-31,114000000,2024-05-20,NetIncomeLoss,2026-08-25
WY,operatingCashFlow,2024-03-31,124000000,2024-05-20,NetCashProvidedByUsedInOperatingActivities,2026-08-25
WY,operatingIncome,2024-03-31,196000000,2024-05-20,OperatingIncomeLoss,2026-08-25
WY,receivables,2024-03-31,405000000,2024-05-20,AccountsReceivableNetCurrent,2026-08-25
WY,revenue,2024-03-31,1796000000,2024-05-20,Revenues,2026-08-25
WY,rnd,2024-03-31,1000000,2024-05-20,ResearchAndDevelopmentExpense,2026-08-25
WY,shares,2024-03-31,729141000,2024-05-20,CommonStockSharesOutstanding,2026-08-25
WYNN,assets,2024-03-31,13470736000,2024-05-20,Assets,2026-08-25
WYNN,buybacks,2024-03-31,11374000,2024-05-20,PaymentsForRepurchaseOfCommonStock,2026-08-25
WYNN,capex,2024-03-31,97702000,2024-05-20,PaymentsToAcquirePropertyPlantAndEquipment,2026-08-25
WYNN,cash,2024-03-31,2420203000,2024-05-20,CashAndCashEquivalentsAtCarryingValue,2026-08-25
WYNN,debt,2024-03-31,9920130000,2024-05-20,LongTermDebtNoncurrent,2026-08-25
WYNN,equity,2024-03-31,-136953000,2024-05-20,StockholdersEquity,2026-08-25
WYNN,inventory,2024-03-31,73686000,2024-05-20,InventoryNet,2026-08-25
WYNN,liabilities,2024-03-31,14417116000,2024-05-20,Liabilities,2026-08-25
WYNN,netIncome,2024-03-31,144216000,2024-05-20,NetIncomeLoss,2026-08-25
WYNN,operatingCashFlow,2024-03-31,315094000,2024-05-20,NetCashProvidedByUsedInOperatingActivities,2026-08-25
WYNN,operatingIncome,2024-03-31,362941000,2024-05-20,OperatingIncomeLoss,2026-08-25
WYNN,shares,2024-03-31,112071149,2024-05-20,CommonStockSharesOutstanding,2026-08-25
XEL,assets,2024-03-31,65585000000,2024-05-20,Assets,2026-08-25
XEL,capex,2024-03-31,1537000000,2024-05-20,PaymentsToAcquireProductiveAssets,2026-08-25
XEL,cash,2024-03-31,501000000,2024-05-20,CashAndCashEquivalentsAtCarryingValue,2026-08-25
XEL,debt,2024-03-31,26948000000,2024-05-20,LongTermDebt,2026-08-25
XEL,equity,2024-03-31,17841000000,2024-05-20,StockholdersEquity,2026-08-25
XEL,inventory,2024-03-31,623000000,2024-05-20,InventoryNet,2026-08-25
XEL,netIncome,2024-03-31,488000000,2024-05-20,NetIncomeLoss,2026-08-25
XEL,operatingCashFlow,2024-03-31,1050000000,2024-05-20,NetCashProvidedByUsedInOperatingActivities,2026-08-25
XEL,operatingIncome,2024-03-31,679000000,2024-05-20,OperatingIncomeLoss,2026-08-25
XEL,receivables,2024-03-31,1220000000,2024-05-20,AccountsReceivableNetCurrent,2026-08-25
XEL,shares,2024-03-31,555470302,2024-05-20,CommonStockSharesOutstanding,2026-08-25
XYL,assets,2024-03-31,15924000000,2024-05-20,Assets,2026-08-25
XYL,buybacks,2024-03-31,15000000,2024-05-20,PaymentsForRepurchaseOfCommonStock,2026-08-25
XYL,capex,2024-03-31,74000000,2024-05-20,PaymentsToAcquireProductiveAssets,2026-08-25
XYL,cash,2024-03-31,947000000,2024-05-20,CashAndCashEquivalentsAtCarryingValue,2026-08-25
XYL,debt,2024-03-31,1985000000,2024-05-20,LongTermDebtNoncurrent,2026-08-25
XYL,equity,2024-03-31,10195000000,2024-05-20,StockholdersEquity,2026-08-25
XYL,equityStakes,2024-03-31,0,2024-05-20,PaymentsToAcquireEquityMethodInvestments,2026-08-25
XYL,grossProfit,2024-03-31,752000000,2024-05-20,GrossProfit,2026-08-25
XYL,inventory,2024-03-31,1039000000,2024-05-20,InventoryNet,2026-08-25
XYL,liabilities,2024-03-31,5721000000,2024-05-20,Liabilities,2026-08-25
XYL,netIncome,2024-03-31,153000000,2024-05-20,NetIncomeLoss,2026-08-25
XYL,operatingCashFlow,2024-03-31,89000000,2024-05-20,NetCashProvidedByUsedInOperatingActivities,2026-08-25
XYL,operatingIncome,2024-03-31,209000000,2024-05-20,OperatingIncomeLoss,2026-08-25
XYL,receivables,2024-03-31,1641000000,2024-05-20,AccountsReceivableNetCurrent,2026-08-25
XYL,revenue,2024-03-31,2033000000,2024-05-20,Revenues,2026-08-25
XYL,rnd,2024-03-31,59000000,2024-05-20,ResearchAndDevelopmentExpense,2026-08-25
XYZ,assets,2024-03-31,35612830000,2024-05-20,Assets,2026-08-25
XYZ,buybacks,2024-03-31,252095000,2024-05-20,PaymentsForRepurchaseOfCommonStock,2026-08-25
XYZ,capex,2024-03-31,31998000,2024-05-20,PaymentsToAcquirePropertyPlantAndEquipment,2026-08-25
XYZ,cash,2024-03-31,5753436000,2024-05-20,CashAndCashEquivalentsAtCarryingValue,2026-08-25
XYZ,debt,2024-03-31,4122653000,2024-05-20,LongTermDebt,2026-08-25
XYZ,equity,2024-03-31,18970801000,2024-05-20,StockholdersEquity,2026-08-25
XYZ,grossProfit,2024-03-31,2094473000,2024-05-20,GrossProfit,2026-08-25
XYZ,inventory,2024-03-31,119413000,2024-05-20,InventoryNet,2026-08-25
XYZ,liabilities,2024-03-31,16645634000,2024-05-20,Liabilities,2026-08-25
XYZ,netIncome,2024-03-31,472005000,2024-05-20,NetIncomeLoss,2026-08-25
XYZ,operatingCashFlow,2024-03-31,489395000,2024-05-20,NetCashProvidedByUsedInOperatingActivities,2026-08-25
XYZ,operatingIncome,2024-03-31,249743000,2024-05-20,OperatingIncomeLoss,2026-08-25
XYZ,receivables,2024-03-31,148090000,2024-05-20,AccountsReceivableNetCurrent,2026-08-25
XYZ,revenue,2024-03-31,5957128000,2024-05-20,Revenues,2026-08-25
XYZ,rnd,2024-03-31,720574000,2024-05-20,ResearchAndDevelopmentExpense,2026-08-25
YUM,assets,2024-03-31,6224000000,2024-05-20,Assets,2026-08-25
YUM,buybacks,2024-03-31,0,2024-05-20,PaymentsForRepurchaseOfCommonStock,2026-08-25
YUM,capex,2024-03-31,49000000,2024-05-20,PaymentsToAcquirePropertyPlantAndEquipment,2026-08-25
YUM,cash,2024-03-31,652000000,2024-05-20,CashAndCashEquivalentsAtCarryingValue,2026-08-25
YUM,equity,2024-03-31,-7756000000,2024-05-20,StockholdersEquity,2026-08-25
YUM,liabilities,2024-03-31,13980000000,2024-05-20,Liabilities,2026-08-25
YUM,netIncome,2024-03-31,314000000,2024-05-20,NetIncomeLoss,2026-08-25
YUM,operatingCashFlow,2024-03-31,363000000,2024-05-20,NetCashProvidedByUsedInOperatingActivities,2026-08-25
YUM,operatingIncome,2024-03-31,520000000,2024-05-20,OperatingIncomeLoss,2026-08-25
YUM,revenue,2024-03-31,1598000000,2024-05-20,Revenues,2026-08-25
ZBH,assets,2024-03-31,21452400000,2024-05-20,Assets,2026-08-25
ZBH,buybacks,2024-03-31,113600000,2024-05-20,PaymentsForRepurchaseOfCommonStock,2026-08-25
ZBH,capex,2024-03-31,55100000,2024-05-20,PaymentsToAcquirePropertyPlantAndEquipment,2026-08-25
ZBH,cash,2024-03-31,393000000,2024-05-20,CashAndCashEquivalentsAtCarryingValue,2026-08-25
ZBH,debt,2024-03-31,4826200000,2024-05-20,LongTermDebtNoncurrent,2026-08-25
ZBH,equity,2024-03-31,12598000000,2024-05-20,StockholdersEquity,2026-08-25
ZBH,inventory,2024-03-31,2388200000,2024-05-20,InventoryNet,2026-08-25
ZBH,liabilities,2024-03-31,8846400000,2024-05-20,Liabilities,2026-08-25
ZBH,netIncome,2024-03-31,172400000,2024-05-20,NetIncomeLoss,2026-08-25
ZBH,operatingCashFlow,2024-03-31,228000000,2024-05-20,NetCashProvidedByUsedInOperatingActivities,2026-08-25
ZBH,operatingIncome,2024-03-31,265900000,2024-05-20,OperatingIncomeLoss,2026-08-25
ZBH,receivables,2024-03-31,1446400000,2024-05-20,AccountsReceivableNetCurrent,2026-08-25
ZBH,revenue,2024-03-31,1889200000,2024-05-20,RevenueFromContractWithCustomerExcludingAssessedTax,2026-08-25
ZBRA,assets,2024-03-30,7259000000,2024-05-19,Assets,2026-08-25
ZBRA,buybacks,2024-03-30,0,2024-05-19,PaymentsForRepurchaseOfCommonStock,2026-08-25
ZBRA,capex,2024-03-30,14000000,2024-05-19,PaymentsToAcquirePropertyPlantAndEquipment,2026-08-25
ZBRA,cash,2024-03-30,127000000,2024-05-19,CashAndCashEquivalentsAtCarryingValue,2026-08-25
ZBRA,debt,2024-03-30,1815000000,2024-05-19,LongTermDebtNoncurrent,2026-08-25
ZBRA,equity,2024-03-30,3169000000,2024-05-19,StockholdersEquity,2026-08-25
ZBRA,grossProfit,2024-03-30,563000000,2024-05-19,GrossProfit,2026-08-25
ZBRA,inventory,2024-03-30,705000000,2024-05-19,InventoryNet,2026-08-25
ZBRA,liabilities,2024-03-30,4090000000,2024-05-19,Liabilities,2026-08-25
ZBRA,netIncome,2024-03-30,115000000,2024-05-19,NetIncomeLoss,2026-08-25
ZBRA,operatingCashFlow,2024-03-30,125000000,2024-05-19,NetCashProvidedByUsedInOperatingActivities,2026-08-25
ZBRA,operatingIncome,2024-03-30,159000000,2024-05-19,OperatingIncomeLoss,2026-08-25
ZBRA,receivables,2024-03-30,599000000,2024-05-19,AccountsReceivableNetCurrent,2026-08-25
ZBRA,revenue,2024-03-30,1175000000,2024-05-19,RevenueFromContractWithCustomerExcludingAssessedTax,2026-08-25
ZBRA,rnd,2024-03-30,138000000,2024-05-19,ResearchAndDevelopmentExpense,2026-08-25
ZTS,assets,2024-03-31,14348000000,2024-05-20,Assets,2026-08-25
ZTS,buybacks,2024-03-31,339000000,2024-05-20,PaymentsForRepurchaseOfCommonStock,2026-08-25
ZTS,capex,2024-03-31,140000000,2024-05-20,PaymentsToAcquirePropertyPlantAndEquipment,2026-08-25
ZTS,cash,2024-03-31,1975000000,2024-05-20,CashAndCashEquivalentsAtCarryingValue,2026-08-25
ZTS,debt,2024-03-31,6562000000,2024-05-20,LongTermDebtNoncurrent,2026-08-25
ZTS,equity,2024-03-31,5058000000,2024-05-20,StockholdersEquity,2026-08-25
ZTS,inventory,2024-03-31,2651000000,2024-05-20,InventoryNet,2026-08-25
ZTS,liabilities,2024-03-31,9296000000,2024-05-20,Liabilities,2026-08-25
ZTS,netIncome,2024-03-31,599000000,2024-05-20,NetIncomeLoss,2026-08-25
ZTS,operatingCashFlow,2024-03-31,595000000,2024-05-20,NetCashProvidedByUsedInOperatingActivities,2026-08-25
ZTS,receivables,2024-03-31,1293000000,2024-05-20,AccountsReceivableNetCurrent,2026-08-25
ZTS,revenue,2024-03-31,2190000000,2024-05-20,Revenues,2026-08-25
ZTS,shares,2024-03-31,456947205,2024-05-20,CommonStockSharesOutstanding,2026-08-25
