symbol,role,period_end,value,available_from,tag,seen
ADI,assets,2026-08-01,48424417000,2026-09-20,Assets,2026-08-25
ADI,cash,2026-08-01,2165870000,2026-09-20,CashAndCashEquivalentsAtCarryingValue,2026-08-25
ADI,debt,2026-08-01,6771624000,2026-09-20,LongTermDebtNoncurrent,2026-08-25
ADI,equity,2026-08-01,33550897000,2026-09-20,StockholdersEquity,2026-08-25
ADI,grossProfit,2026-08-01,2707544000,2026-09-20,GrossProfit,2026-08-25
ADI,inventory,2026-08-01,1931496000,2026-09-20,InventoryNet,2026-08-25
ADI,netIncome,2026-08-01,1340090000,2026-09-20,NetIncomeLoss,2026-08-25
ADI,operatingIncome,2026-08-01,1612969000,2026-09-20,OperatingIncomeLoss,2026-08-25
ADI,receivables,2026-08-01,2389577000,2026-09-20,AccountsReceivableNetCurrent,2026-08-25
ADI,revenue,2026-08-01,4021899000,2026-09-20,RevenueFromContractWithCustomerExcludingAssessedTax,2026-08-25
ADI,rnd,2026-08-01,533480000,2026-09-20,ResearchAndDevelopmentExpense,2026-08-25
ADI,shares,2026-08-01,484565465,2026-09-20,CommonStockSharesOutstanding,2026-08-25
AMAT,assets,2026-07-26,43522000000,2026-09-14,Assets,2026-08-25
AMAT,cash,2026-07-26,7037000000,2026-09-14,CashAndCashEquivalentsAtCarryingValue,2026-08-25
AMAT,debt,2026-07-26,5245000000,2026-09-14,LongTermDebtNoncurrent,2026-08-25
AMAT,equity,2026-07-26,25626000000,2026-09-14,StockholdersEquity,2026-08-25
AMAT,grossProfit,2026-07-26,4586000000,2026-09-14,GrossProfit,2026-08-25
AMAT,inventory,2026-07-26,6564000000,2026-09-14,InventoryNet,2026-08-25
AMAT,liabilities,2026-07-26,17896000000,2026-09-14,Liabilities,2026-08-25
AMAT,netIncome,2026-07-26,2538000000,2026-09-14,NetIncomeLoss,2026-08-25
AMAT,operatingIncome,2026-07-26,3075000000,2026-09-14,OperatingIncomeLoss,2026-08-25
AMAT,receivables,2026-07-26,7691000000,2026-09-14,AccountsReceivableNetCurrent,2026-08-25
AMAT,revenue,2026-07-26,9115000000,2026-09-14,RevenueFromContractWithCustomerExcludingAssessedTax,2026-08-25
AMAT,rnd,2026-07-26,1100000000,2026-09-14,ResearchAndDevelopmentExpense,2026-08-25
FTV,assets,2026-07-03,11615000000,2026-08-22,Assets,2026-08-25
FTV,cash,2026-07-03,374200000,2026-08-22,CashAndCashEquivalentsAtCarryingValue,2026-08-25
FTV,debt,2026-07-03,3509300000,2026-08-22,LongTermDebtNoncurrent,2026-08-25
FTV,equity,2026-07-03,6060600000,2026-08-22,StockholdersEquity,2026-08-25
FTV,grossProfit,2026-07-03,695300000,2026-08-22,GrossProfit,2026-08-25
FTV,inventory,2026-07-03,310800000,2026-08-22,InventoryNet,2026-08-25
FTV,netIncome,2026-07-03,157300000,2026-08-22,NetIncomeLoss,2026-08-25
FTV,operatingIncome,2026-07-03,209900000,2026-08-22,OperatingIncomeLoss,2026-08-25
FTV,receivables,2026-07-03,657800000,2026-08-22,AccountsReceivableNetCurrent,2026-08-25
FTV,revenue,2026-07-03,1096800000,2026-08-22,RevenueFromContractWithCustomerExcludingAssessedTax,2026-08-25
FTV,rnd,2026-07-03,67500000,2026-08-22,ResearchAndDevelopmentExpense,2026-08-25
FTV,shares,2026-07-03,302600000,2026-08-22,CommonStockSharesOutstanding,2026-08-25
GD,assets,2026-07-05,60163000000,2026-08-24,Assets,2026-08-25
GD,cash,2026-07-05,4333000000,2026-08-24,CashAndCashEquivalentsAtCarryingValue,2026-08-25
GD,debt,2026-07-05,6260000000,2026-08-24,LongTermDebtNoncurrent,2026-08-25
GD,equity,2026-07-05,26826000000,2026-08-24,StockholdersEquity,2026-08-25
GD,inventory,2026-07-05,9097000000,2026-08-24,InventoryNet,2026-08-25
GD,netIncome,2026-07-05,1160000000,2026-08-24,NetIncomeLoss,2026-08-25
GD,operatingIncome,2026-07-05,1460000000,2026-08-24,OperatingIncomeLoss,2026-08-25
GD,receivables,2026-07-05,2398000000,2026-08-24,AccountsReceivableNetCurrent,2026-08-25
GD,revenue,2026-07-05,14094000000,2026-08-24,RevenueFromContractWithCustomerExcludingAssessedTax,2026-08-25
GEN,assets,2026-07-03,15644000000,2026-08-22,Assets,2026-08-25
GEN,buybacks,2026-07-03,100000000,2026-08-22,PaymentsForRepurchaseOfCommonStock,2026-08-25
GEN,capex,2026-07-03,4000000,2026-08-22,PaymentsToAcquirePropertyPlantAndEquipment,2026-08-25
GEN,debt,2026-07-03,7975000000,2026-08-22,LongTermDebtNoncurrent,2026-08-25
GEN,equity,2026-07-03,2656000000,2026-08-22,StockholdersEquity,2026-08-25
GEN,grossProfit,2026-07-03,1029000000,2026-08-22,GrossProfit,2026-08-25
GEN,liabilities,2026-07-03,12988000000,2026-08-22,Liabilities,2026-08-25
GEN,netIncome,2026-07-03,215000000,2026-08-22,NetIncomeLoss,2026-08-25
GEN,operatingCashFlow,2026-07-03,434000000,2026-08-22,NetCashProvidedByUsedInOperatingActivities,2026-08-25
GEN,operatingIncome,2026-07-03,443000000,2026-08-22,OperatingIncomeLoss,2026-08-25
GEN,receivables,2026-07-03,378000000,2026-08-22,AccountsReceivableNetCurrent,2026-08-25
GEN,revenue,2026-07-03,1336000000,2026-08-22,RevenueFromContractWithCustomerExcludingAssessedTax,2026-08-25
GEN,rnd,2026-07-03,118000000,2026-08-22,ResearchAndDevelopmentExpense,2026-08-25
GEN,shares,2026-07-03,599000000,2026-08-22,CommonStockSharesOutstanding,2026-08-25
KO,assets,2026-07-03,107922000000,2026-08-22,Assets,2026-08-25
KO,capex,2026-07-03,418000000,2026-08-22,PaymentsToAcquirePropertyPlantAndEquipment,2026-08-25
KO,cash,2026-07-03,12907000000,2026-08-22,CashAndCashEquivalentsAtCarryingValue,2026-08-25
KO,equity,2026-07-03,36150000000,2026-08-22,StockholdersEquity,2026-08-25
KO,grossProfit,2026-07-03,8415000000,2026-08-22,GrossProfit,2026-08-25
KO,inventory,2026-07-03,4647000000,2026-08-22,InventoryNet,2026-08-25
KO,netIncome,2026-07-03,4425000000,2026-08-22,NetIncomeLoss,2026-08-25
KO,operatingIncome,2026-07-03,4672000000,2026-08-22,OperatingIncomeLoss,2026-08-25
KO,receivables,2026-07-03,3732000000,2026-08-22,AccountsReceivableNetCurrent,2026-08-25
KO,revenue,2026-07-03,13380000000,2026-08-22,Revenues,2026-08-25
LDOS,assets,2026-07-03,15632000000,2026-08-22,Assets,2026-08-25
LDOS,buybacks,2026-07-03,66000000,2026-08-22,PaymentsForRepurchaseOfCommonStock,2026-08-25
LDOS,cash,2026-07-03,748000000,2026-08-22,CashAndCashEquivalentsAtCarryingValue,2026-08-25
LDOS,equity,2026-07-03,5284000000,2026-08-22,StockholdersEquity,2026-08-25
LDOS,inventory,2026-07-03,94000000,2026-08-22,InventoryNet,2026-08-25
LDOS,liabilities,2026-07-03,10296000000,2026-08-22,Liabilities,2026-08-25
LDOS,netIncome,2026-07-03,354000000,2026-08-22,NetIncomeLoss,2026-08-25
LDOS,operatingIncome,2026-07-03,514000000,2026-08-22,OperatingIncomeLoss,2026-08-25
LDOS,revenue,2026-07-03,4558000000,2026-08-22,Revenues,2026-08-25
LDOS,shares,2026-07-03,125492013,2026-08-22,CommonStockSharesOutstanding,2026-08-25
LHX,assets,2026-07-03,42938000000,2026-08-22,Assets,2026-08-25
LHX,cash,2026-07-03,1521000000,2026-08-22,CashAndCashEquivalentsAtCarryingValue,2026-08-25
LHX,debt,2026-07-03,9184000000,2026-08-22,LongTermDebtNoncurrent,2026-08-25
LHX,equity,2026-07-03,19882000000,2026-08-22,StockholdersEquity,2026-08-25
LHX,inventory,2026-07-03,1272000000,2026-08-22,InventoryNet,2026-08-25
LHX,liabilities,2026-07-03,22088000000,2026-08-22,Liabilities,2026-08-25
LHX,netIncome,2026-07-03,600000000,2026-08-22,NetIncomeLoss,2026-08-25
LHX,operatingIncome,2026-07-03,654000000,2026-08-22,OperatingIncomeLoss,2026-08-25
LHX,receivables,2026-07-03,1950000000,2026-08-22,AccountsReceivableNetCurrent,2026-08-25
LHX,revenue,2026-07-03,5881000000,2026-08-22,RevenueFromContractWithCustomerExcludingAssessedTax,2026-08-25
LHX,shares,2026-07-03,186155804,2026-08-22,CommonStockSharesOutstanding,2026-08-25
MSI,assets,2026-07-04,19242000000,2026-08-23,Assets,2026-08-25
MSI,cash,2026-07-04,710000000,2026-08-23,CashAndCashEquivalentsAtCarryingValue,2026-08-25
MSI,debt,2026-07-04,8417000000,2026-08-23,LongTermDebtNoncurrent,2026-08-25
MSI,equity,2026-07-04,2672000000,2026-08-23,StockholdersEquity,2026-08-25
MSI,grossProfit,2026-07-04,1678000000,2026-08-23,GrossProfit,2026-08-25
MSI,inventory,2026-07-04,1333000000,2026-08-23,InventoryNet,2026-08-25
MSI,netIncome,2026-07-04,557000000,2026-08-23,NetIncomeLoss,2026-08-25
MSI,operatingIncome,2026-07-04,809000000,2026-08-23,OperatingIncomeLoss,2026-08-25
MSI,receivables,2026-07-04,2160000000,2026-08-23,AccountsReceivableNetCurrent,2026-08-25
MSI,revenue,2026-07-04,3133000000,2026-08-23,RevenueFromContractWithCustomerExcludingAssessedTax,2026-08-25
MSI,rnd,2026-07-04,260000000,2026-08-23,ResearchAndDevelopmentExpense,2026-08-25
MSI,shares,2026-07-04,165500000,2026-08-23,CommonStockSharesOutstanding,2026-08-25
NDSN,assets,2026-07-31,5947920000,2026-09-19,Assets,2026-08-25
NDSN,cash,2026-07-31,113431000,2026-09-19,CashAndCashEquivalentsAtCarryingValue,2026-08-25
NDSN,debt,2026-07-31,1529005000,2026-09-19,LongTermDebtNoncurrent,2026-08-25
NDSN,equity,2026-07-31,3269059000,2026-09-19,StockholdersEquity,2026-08-25
NDSN,inventory,2026-07-31,469310000,2026-09-19,InventoryNet,2026-08-25
NDSN,netIncome,2026-07-31,152846000,2026-09-19,NetIncomeLoss,2026-08-25
NDSN,operatingIncome,2026-07-31,223092000,2026-09-19,OperatingIncomeLoss,2026-08-25
NDSN,revenue,2026-07-31,817667000,2026-09-19,RevenueFromContractWithCustomerExcludingAssessedTax,2026-08-25
NUE,assets,2026-07-04,36954000000,2026-08-23,Assets,2026-08-25
NUE,cash,2026-07-04,2478000000,2026-08-23,CashAndCashEquivalentsAtCarryingValue,2026-08-25
NUE,equity,2026-07-04,22109000000,2026-08-23,StockholdersEquity,2026-08-25
NUE,inventory,2026-07-04,6020000000,2026-08-23,InventoryNet,2026-08-25
NUE,liabilities,2026-07-04,13688000000,2026-08-23,Liabilities,2026-08-25
NUE,netIncome,2026-07-04,1156000000,2026-08-23,NetIncomeLoss,2026-08-25
NUE,receivables,2026-07-04,4045000000,2026-08-23,AccountsReceivableNetCurrent,2026-08-25
NUE,revenue,2026-07-04,10397000000,2026-08-23,RevenueFromContractWithCustomerExcludingAssessedTax,2026-08-25
ON,assets,2026-07-03,13485100000,2026-08-22,Assets,2026-08-25
ON,cash,2026-07-03,3514500000,2026-08-22,CashAndCashEquivalentsAtCarryingValue,2026-08-25
ON,debt,2026-07-03,3657300000,2026-08-22,LongTermDebtNoncurrent,2026-08-25
ON,equity,2026-07-03,7218700000,2026-08-22,StockholdersEquity,2026-08-25
ON,grossProfit,2026-07-03,616300000,2026-08-22,GrossProfit,2026-08-25
ON,inventory,2026-07-03,2047500000,2026-08-22,InventoryNet,2026-08-25
ON,liabilities,2026-07-03,6246600000,2026-08-22,Liabilities,2026-08-25
ON,netIncome,2026-07-03,226800000,2026-08-22,NetIncomeLoss,2026-08-25
ON,operatingIncome,2026-07-03,258600000,2026-08-22,OperatingIncomeLoss,2026-08-25
ON,revenue,2026-07-03,1603500000,2026-08-22,RevenueFromContractWithCustomerExcludingAssessedTax,2026-08-25
ON,shares,2026-07-03,389290999,2026-08-22,CommonStockSharesOutstanding,2026-08-25
RVTY,assets,2026-07-05,12045834000,2026-08-24,Assets,2026-08-25
RVTY,cash,2026-07-05,1022943000,2026-08-24,CashAndCashEquivalentsAtCarryingValue,2026-08-25
RVTY,debt,2026-07-05,2633094000,2026-08-24,LongTermDebtNoncurrent,2026-08-25
RVTY,equity,2026-07-05,7228758000,2026-08-24,StockholdersEquity,2026-08-25
RVTY,inventory,2026-07-05,378502000,2026-08-24,InventoryNet,2026-08-25
RVTY,liabilities,2026-07-05,4817076000,2026-08-24,Liabilities,2026-08-25
RVTY,netIncome,2026-07-05,51820000,2026-08-24,NetIncomeLoss,2026-08-25
RVTY,operatingIncome,2026-07-05,89316000,2026-08-24,OperatingIncomeLoss,2026-08-25
RVTY,receivables,2026-07-05,709175000,2026-08-24,AccountsReceivableNetCurrent,2026-08-25
RVTY,revenue,2026-07-05,729688000,2026-08-24,RevenueFromContractWithCustomerExcludingAssessedTax,2026-08-25
RVTY,rnd,2026-07-05,48974000,2026-08-24,ResearchAndDevelopmentExpense,2026-08-25
RVTY,shares,2026-07-05,111584000,2026-08-24,CommonStockSharesOutstanding,2026-08-25
SNA,assets,2026-07-04,8640900000,2026-08-23,Assets,2026-08-25
SNA,cash,2026-07-04,1644700000,2026-08-23,CashAndCashEquivalentsAtCarryingValue,2026-08-25
SNA,debt,2026-07-04,887000000,2026-08-23,LongTermDebtNoncurrent,2026-08-25
SNA,equity,2026-07-04,6041300000,2026-08-23,StockholdersEquity,2026-08-25
SNA,inventory,2026-07-04,1045300000,2026-08-23,InventoryNet,2026-08-25
SNA,liabilities,2026-07-04,2574600000,2026-08-23,Liabilities,2026-08-25
SNA,netIncome,2026-07-04,260600000,2026-08-23,NetIncomeLoss,2026-08-25
SNA,operatingIncome,2026-07-04,336400000,2026-08-23,OperatingIncomeLoss,2026-08-25
SNA,receivables,2026-07-04,942200000,2026-08-23,AccountsReceivableNetCurrent,2026-08-25
SNA,revenue,2026-07-04,1334800000,2026-08-23,Revenues,2026-08-25
SNDK,assets,2026-07-03,22507000000,2026-08-22,Assets,2026-08-25
SNDK,cash,2026-07-03,4762000000,2026-08-22,CashAndCashEquivalentsAtCarryingValue,2026-08-25
SNDK,debt,2026-07-03,0,2026-08-22,LongTermDebtNoncurrent,2026-08-25
SNDK,equity,2026-07-03,15736000000,2026-08-22,StockholdersEquity,2026-08-25
SNDK,inventory,2026-07-03,2698000000,2026-08-22,InventoryNet,2026-08-25
SNDK,liabilities,2026-07-03,6771000000,2026-08-22,Liabilities,2026-08-25
SNDK,receivables,2026-07-03,4708000000,2026-08-22,AccountsReceivableNetCurrent,2026-08-25
SNDK,shares,2026-07-03,146000000,2026-08-22,CommonStockSharesOutstanding,2026-08-25
STX,assets,2026-07-03,9972000000,2026-08-22,Assets,2026-08-25
STX,cash,2026-07-03,1704000000,2026-08-22,CashAndCashEquivalentsAtCarryingValue,2026-08-25
STX,debt,2026-07-03,3380000000,2026-08-22,LongTermDebtNoncurrent,2026-08-25
STX,equity,2026-07-03,2167000000,2026-08-22,StockholdersEquity,2026-08-25
STX,inventory,2026-07-03,1571000000,2026-08-22,InventoryNet,2026-08-25
STX,liabilities,2026-07-03,7805000000,2026-08-22,Liabilities,2026-08-25
STX,receivables,2026-07-03,1534000000,2026-08-22,AccountsReceivableNetCurrent,2026-08-25
STX,shares,2026-07-03,226791724,2026-08-22,CommonStockSharesOutstanding,2026-08-25
SWK,assets,2026-07-04,20093500000,2026-08-23,Assets,2026-08-25
SWK,buybacks,2026-07-04,252100000,2026-08-23,PaymentsForRepurchaseOfCommonStock,2026-08-25
SWK,capex,2026-07-04,64900000,2026-08-23,PaymentsToAcquirePropertyPlantAndEquipment,2026-08-25
SWK,cash,2026-07-04,592400000,2026-08-23,CashAndCashEquivalentsAtCarryingValue,2026-08-25
SWK,debt,2026-07-04,4704200000,2026-08-23,LongTermDebtNoncurrent,2026-08-25
SWK,equity,2026-07-04,8958800000,2026-08-23,StockholdersEquity,2026-08-25
SWK,inventory,2026-07-04,3896500000,2026-08-23,InventoryNet,2026-08-25
SWK,netIncome,2026-07-04,351300000,2026-08-23,NetIncomeLoss,2026-08-25
SWK,operatingCashFlow,2026-07-04,763100000,2026-08-23,NetCashProvidedByUsedInOperatingActivities,2026-08-25
SWK,revenue,2026-07-04,3960700000,2026-08-23,Revenues,2026-08-25
SWKS,assets,2026-07-03,7425000000,2026-08-22,Assets,2026-08-25
SWKS,cash,2026-07-03,790000000,2026-08-22,CashAndCashEquivalentsAtCarryingValue,2026-08-25
SWKS,debt,2026-07-03,496900000,2026-08-22,LongTermDebt,2026-08-25
SWKS,equity,2026-07-03,5738300000,2026-08-22,StockholdersEquity,2026-08-25
SWKS,grossProfit,2026-07-03,375000000,2026-08-22,GrossProfit,2026-08-25
SWKS,inventory,2026-07-03,1015500000,2026-08-22,InventoryNet,2026-08-25
SWKS,liabilities,2026-07-03,1686700000,2026-08-22,Liabilities,2026-08-25
SWKS,netIncome,2026-07-03,33900000,2026-08-22,NetIncomeLoss,2026-08-25
SWKS,operatingIncome,2026-07-03,48500000,2026-08-22,OperatingIncomeLoss,2026-08-25
SWKS,revenue,2026-07-03,934800000,2026-08-22,Revenues,2026-08-25
SWKS,rnd,2026-07-03,207800000,2026-08-22,ResearchAndDevelopmentExpense,2026-08-25
SWKS,shares,2026-07-03,150500000,2026-08-22,CommonStockSharesOutstanding,2026-08-25
TRMB,assets,2026-07-03,8540800000,2026-08-22,Assets,2026-08-25
TRMB,cash,2026-07-03,214400000,2026-08-22,CashAndCashEquivalentsAtCarryingValue,2026-08-25
TRMB,debt,2026-07-03,1442900000,2026-08-22,LongTermDebtNoncurrent,2026-08-25
TRMB,equity,2026-07-03,5110800000,2026-08-22,StockholdersEquity,2026-08-25
TRMB,grossProfit,2026-07-03,674900000,2026-08-22,GrossProfit,2026-08-25
TRMB,inventory,2026-07-03,185300000,2026-08-22,InventoryNet,2026-08-25
TRMB,liabilities,2026-07-03,3430000000,2026-08-22,Liabilities,2026-08-25
TRMB,netIncome,2026-07-03,-471700000,2026-08-22,NetIncomeLoss,2026-08-25
TRMB,operatingIncome,2026-07-03,132000000,2026-08-22,OperatingIncomeLoss,2026-08-25
TRMB,receivables,2026-07-03,598100000,2026-08-22,AccountsReceivableNetCurrent,2026-08-25
TRMB,revenue,2026-07-03,972000000,2026-08-22,RevenueFromContractWithCustomerExcludingAssessedTax,2026-08-25
TRMB,rnd,2026-07-03,177100000,2026-08-22,ResearchAndDevelopmentExpense,2026-08-25
TRMB,shares,2026-07-03,233200000,2026-08-22,CommonStockSharesOutstanding,2026-08-25
TXT,assets,2026-07-04,18134000000,2026-08-23,Assets,2026-08-25
TXT,equity,2026-07-04,8054000000,2026-08-23,StockholdersEquity,2026-08-25
TXT,inventory,2026-07-04,4720000000,2026-08-23,InventoryNet,2026-08-25
TXT,liabilities,2026-07-04,10080000000,2026-08-23,Liabilities,2026-08-25
TXT,netIncome,2026-07-04,248000000,2026-08-23,NetIncomeLoss,2026-08-25
TXT,revenue,2026-07-04,3827000000,2026-08-23,Revenues,2026-08-25
TXT,rnd,2026-07-04,116000000,2026-08-23,ResearchAndDevelopmentExpense,2026-08-25
TXT,shares,2026-07-04,171937000,2026-08-23,CommonStockSharesOutstanding,2026-08-25
VLTO,assets,2026-07-03,8558000000,2026-08-22,Assets,2026-08-25
VLTO,cash,2026-07-03,2119000000,2026-08-22,CashAndCashEquivalentsAtCarryingValue,2026-08-25
VLTO,debt,2026-07-03,2679000000,2026-08-22,LongTermDebtNoncurrent,2026-08-25
VLTO,equity,2026-07-03,3097000000,2026-08-22,StockholdersEquity,2026-08-25
VLTO,grossProfit,2026-07-03,902000000,2026-08-22,GrossProfit,2026-08-25
VLTO,inventory,2026-07-03,336000000,2026-08-22,InventoryNet,2026-08-25
VLTO,netIncome,2026-07-03,241000000,2026-08-22,NetIncomeLoss,2026-08-25
VLTO,operatingIncome,2026-07-03,315000000,2026-08-22,OperatingIncomeLoss,2026-08-25
VLTO,receivables,2026-07-03,921000000,2026-08-22,AccountsReceivableNetCurrent,2026-08-25
VLTO,revenue,2026-07-03,1474000000,2026-08-22,RevenueFromContractWithCustomerExcludingAssessedTax,2026-08-25
VLTO,rnd,2026-07-03,73000000,2026-08-22,ResearchAndDevelopmentExpense,2026-08-25
VLTO,shares,2026-07-03,244200000,2026-08-22,CommonStockSharesOutstanding,2026-08-25
WAT,assets,2026-07-04,24751000000,2026-08-23,Assets,2026-08-25
WAT,cash,2026-07-04,539000000,2026-08-23,CashAndCashEquivalentsAtCarryingValue,2026-08-25
WAT,debt,2026-07-04,4886000000,2026-08-23,LongTermDebtNoncurrent,2026-08-25
WAT,equity,2026-07-04,15195000000,2026-08-23,StockholdersEquity,2026-08-25
WAT,inventory,2026-07-04,1377000000,2026-08-23,InventoryNet,2026-08-25
WAT,liabilities,2026-07-04,9556000000,2026-08-23,Liabilities,2026-08-25
WAT,netIncome,2026-07-04,-136000000,2026-08-23,NetIncomeLoss,2026-08-25
WAT,operatingIncome,2026-07-04,-86000000,2026-08-23,OperatingIncomeLoss,2026-08-25
WAT,receivables,2026-07-04,1987000000,2026-08-23,AccountsReceivableNetCurrent,2026-08-25
WAT,revenue,2026-07-04,1645000000,2026-08-23,Revenues,2026-08-25
WAT,rnd,2026-07-04,122000000,2026-08-23,ResearchAndDevelopmentExpense,2026-08-25
WAT,shares,2026-07-04,98225000,2026-08-23,CommonStockSharesOutstanding,2026-08-25
WDC,assets,2026-07-03,13861000000,2026-08-22,Assets,2026-08-25
WDC,cash,2026-07-03,1579000000,2026-08-22,CashAndCashEquivalentsAtCarryingValue,2026-08-25
WDC,debt,2026-07-03,0,2026-08-22,LongTermDebtNoncurrent,2026-08-25
WDC,equity,2026-07-03,8864000000,2026-08-22,StockholdersEquity,2026-08-25
WDC,inventory,2026-07-03,1511000000,2026-08-22,InventoryNet,2026-08-25
WDC,liabilities,2026-07-03,4997000000,2026-08-22,Liabilities,2026-08-25
WDC,receivables,2026-07-03,2026000000,2026-08-22,AccountsReceivableNetCurrent,2026-08-25
WDC,shares,2026-07-03,361000000,2026-08-22,CommonStockSharesOutstanding,2026-08-25
ZBRA,assets,2026-07-04,8637000000,2026-08-23,Assets,2026-08-25
ZBRA,cash,2026-07-04,157000000,2026-08-23,CashAndCashEquivalentsAtCarryingValue,2026-08-25
ZBRA,debt,2026-07-04,493000000,2026-08-23,LongTermDebtNoncurrent,2026-08-25
ZBRA,equity,2026-07-04,3435000000,2026-08-23,StockholdersEquity,2026-08-25
ZBRA,grossProfit,2026-07-04,825000000,2026-08-23,GrossProfit,2026-08-25
ZBRA,inventory,2026-07-04,733000000,2026-08-23,InventoryNet,2026-08-25
ZBRA,liabilities,2026-07-04,5202000000,2026-08-23,Liabilities,2026-08-25
ZBRA,netIncome,2026-07-04,233000000,2026-08-23,NetIncomeLoss,2026-08-25
ZBRA,operatingIncome,2026-07-04,321000000,2026-08-23,OperatingIncomeLoss,2026-08-25
ZBRA,receivables,2026-07-04,990000000,2026-08-23,AccountsReceivableNetCurrent,2026-08-25
ZBRA,revenue,2026-07-04,1557000000,2026-08-23,RevenueFromContractWithCustomerExcludingAssessedTax,2026-08-25
ZBRA,rnd,2026-07-04,159000000,2026-08-23,ResearchAndDevelopmentExpense,2026-08-25
ADI,assets,2026-08-01,48424417000,2026-09-20,Assets,2026-08-27
ADI,cash,2026-08-01,2165870000,2026-09-20,CashAndCashEquivalentsAtCarryingValue,2026-08-27
ADI,debt,2026-08-01,6771624000,2026-09-20,LongTermDebtNoncurrent,2026-08-27
ADI,equity,2026-08-01,33550897000,2026-09-20,StockholdersEquity,2026-08-27
ADI,grossProfit,2026-08-01,2707544000,2026-09-20,GrossProfit,2026-08-27
ADI,inventory,2026-08-01,1931496000,2026-09-20,InventoryNet,2026-08-27
ADI,netIncome,2026-08-01,1340090000,2026-09-20,NetIncomeLoss,2026-08-27
ADI,operatingIncome,2026-08-01,1612969000,2026-09-20,OperatingIncomeLoss,2026-08-27
ADI,receivables,2026-08-01,2389577000,2026-09-20,AccountsReceivableNetCurrent,2026-08-27
ADI,revenue,2026-08-01,4021899000,2026-09-20,RevenueFromContractWithCustomerExcludingAssessedTax,2026-08-27
ADI,rnd,2026-08-01,533480000,2026-09-20,ResearchAndDevelopmentExpense,2026-08-27
ADI,shares,2026-08-01,484565465,2026-09-20,CommonStockSharesOutstanding,2026-08-27
AMAT,assets,2026-07-26,43522000000,2026-09-14,Assets,2026-08-27
AMAT,cash,2026-07-26,7037000000,2026-09-14,CashAndCashEquivalentsAtCarryingValue,2026-08-27
AMAT,debt,2026-07-26,5245000000,2026-09-14,LongTermDebtNoncurrent,2026-08-27
AMAT,equity,2026-07-26,25626000000,2026-09-14,StockholdersEquity,2026-08-27
AMAT,grossProfit,2026-07-26,4586000000,2026-09-14,GrossProfit,2026-08-27
AMAT,inventory,2026-07-26,6564000000,2026-09-14,InventoryNet,2026-08-27
AMAT,liabilities,2026-07-26,17896000000,2026-09-14,Liabilities,2026-08-27
AMAT,netIncome,2026-07-26,2538000000,2026-09-14,NetIncomeLoss,2026-08-27
AMAT,operatingIncome,2026-07-26,3075000000,2026-09-14,OperatingIncomeLoss,2026-08-27
AMAT,receivables,2026-07-26,7691000000,2026-09-14,AccountsReceivableNetCurrent,2026-08-27
AMAT,revenue,2026-07-26,9115000000,2026-09-14,RevenueFromContractWithCustomerExcludingAssessedTax,2026-08-27
AMAT,rnd,2026-07-26,1100000000,2026-09-14,ResearchAndDevelopmentExpense,2026-08-27
FTV,assets,2026-07-03,11615000000,2026-08-22,Assets,2026-08-27
FTV,cash,2026-07-03,374200000,2026-08-22,CashAndCashEquivalentsAtCarryingValue,2026-08-27
FTV,debt,2026-07-03,3509300000,2026-08-22,LongTermDebtNoncurrent,2026-08-27
FTV,equity,2026-07-03,6060600000,2026-08-22,StockholdersEquity,2026-08-27
FTV,grossProfit,2026-07-03,695300000,2026-08-22,GrossProfit,2026-08-27
FTV,inventory,2026-07-03,310800000,2026-08-22,InventoryNet,2026-08-27
FTV,netIncome,2026-07-03,157300000,2026-08-22,NetIncomeLoss,2026-08-27
FTV,operatingIncome,2026-07-03,209900000,2026-08-22,OperatingIncomeLoss,2026-08-27
FTV,receivables,2026-07-03,657800000,2026-08-22,AccountsReceivableNetCurrent,2026-08-27
FTV,revenue,2026-07-03,1096800000,2026-08-22,RevenueFromContractWithCustomerExcludingAssessedTax,2026-08-27
FTV,rnd,2026-07-03,67500000,2026-08-22,ResearchAndDevelopmentExpense,2026-08-27
FTV,shares,2026-07-03,302600000,2026-08-22,CommonStockSharesOutstanding,2026-08-27
GD,assets,2026-07-05,60163000000,2026-08-24,Assets,2026-08-27
GD,cash,2026-07-05,4333000000,2026-08-24,CashAndCashEquivalentsAtCarryingValue,2026-08-27
GD,debt,2026-07-05,6260000000,2026-08-24,LongTermDebtNoncurrent,2026-08-27
GD,equity,2026-07-05,26826000000,2026-08-24,StockholdersEquity,2026-08-27
GD,inventory,2026-07-05,9097000000,2026-08-24,InventoryNet,2026-08-27
GD,netIncome,2026-07-05,1160000000,2026-08-24,NetIncomeLoss,2026-08-27
GD,operatingIncome,2026-07-05,1460000000,2026-08-24,OperatingIncomeLoss,2026-08-27
GD,receivables,2026-07-05,2398000000,2026-08-24,AccountsReceivableNetCurrent,2026-08-27
GD,revenue,2026-07-05,14094000000,2026-08-24,RevenueFromContractWithCustomerExcludingAssessedTax,2026-08-27
GEN,assets,2026-07-03,15644000000,2026-08-22,Assets,2026-08-27
GEN,buybacks,2026-07-03,100000000,2026-08-22,PaymentsForRepurchaseOfCommonStock,2026-08-27
GEN,capex,2026-07-03,4000000,2026-08-22,PaymentsToAcquirePropertyPlantAndEquipment,2026-08-27
GEN,debt,2026-07-03,7975000000,2026-08-22,LongTermDebtNoncurrent,2026-08-27
GEN,equity,2026-07-03,2656000000,2026-08-22,StockholdersEquity,2026-08-27
GEN,grossProfit,2026-07-03,1029000000,2026-08-22,GrossProfit,2026-08-27
GEN,liabilities,2026-07-03,12988000000,2026-08-22,Liabilities,2026-08-27
GEN,netIncome,2026-07-03,215000000,2026-08-22,NetIncomeLoss,2026-08-27
GEN,operatingCashFlow,2026-07-03,434000000,2026-08-22,NetCashProvidedByUsedInOperatingActivities,2026-08-27
GEN,operatingIncome,2026-07-03,443000000,2026-08-22,OperatingIncomeLoss,2026-08-27
GEN,receivables,2026-07-03,378000000,2026-08-22,AccountsReceivableNetCurrent,2026-08-27
GEN,revenue,2026-07-03,1336000000,2026-08-22,RevenueFromContractWithCustomerExcludingAssessedTax,2026-08-27
GEN,rnd,2026-07-03,118000000,2026-08-22,ResearchAndDevelopmentExpense,2026-08-27
GEN,shares,2026-07-03,599000000,2026-08-22,CommonStockSharesOutstanding,2026-08-27
HD,assets,2026-08-02,109384000000,2026-09-21,Assets,2026-08-27
HD,cash,2026-08-02,2085000000,2026-09-21,CashAndCashEquivalentsAtCarryingValue,2026-08-27
HD,equity,2026-08-02,16617000000,2026-09-21,StockholdersEquity,2026-08-27
HD,grossProfit,2026-08-02,16115000000,2026-09-21,GrossProfit,2026-08-27
HD,inventory,2026-08-02,26847000000,2026-09-21,InventoryNet,2026-08-27
HD,liabilities,2026-08-02,92767000000,2026-09-21,Liabilities,2026-08-27
HD,netIncome,2026-08-02,4766000000,2026-09-21,NetIncomeLoss,2026-08-27
HD,operatingIncome,2026-08-02,6839000000,2026-09-21,OperatingIncomeLoss,2026-08-27
HD,receivables,2026-08-02,6963000000,2026-09-21,AccountsReceivableNetCurrent,2026-08-27
HD,revenue,2026-08-02,47861000000,2026-09-21,RevenueFromContractWithCustomerExcludingAssessedTax,2026-08-27
HD,shares,2026-08-02,998000000,2026-09-21,CommonStockSharesOutstanding,2026-08-27
KO,assets,2026-07-03,107922000000,2026-08-22,Assets,2026-08-27
KO,capex,2026-07-03,418000000,2026-08-22,PaymentsToAcquirePropertyPlantAndEquipment,2026-08-27
KO,cash,2026-07-03,12907000000,2026-08-22,CashAndCashEquivalentsAtCarryingValue,2026-08-27
KO,equity,2026-07-03,36150000000,2026-08-22,StockholdersEquity,2026-08-27
KO,grossProfit,2026-07-03,8415000000,2026-08-22,GrossProfit,2026-08-27
KO,inventory,2026-07-03,4647000000,2026-08-22,InventoryNet,2026-08-27
KO,netIncome,2026-07-03,4425000000,2026-08-22,NetIncomeLoss,2026-08-27
KO,operatingIncome,2026-07-03,4672000000,2026-08-22,OperatingIncomeLoss,2026-08-27
KO,receivables,2026-07-03,3732000000,2026-08-22,AccountsReceivableNetCurrent,2026-08-27
KO,revenue,2026-07-03,13380000000,2026-08-22,Revenues,2026-08-27
LDOS,assets,2026-07-03,15632000000,2026-08-22,Assets,2026-08-27
LDOS,buybacks,2026-07-03,66000000,2026-08-22,PaymentsForRepurchaseOfCommonStock,2026-08-27
LDOS,cash,2026-07-03,748000000,2026-08-22,CashAndCashEquivalentsAtCarryingValue,2026-08-27
LDOS,equity,2026-07-03,5284000000,2026-08-22,StockholdersEquity,2026-08-27
LDOS,inventory,2026-07-03,94000000,2026-08-22,InventoryNet,2026-08-27
LDOS,liabilities,2026-07-03,10296000000,2026-08-22,Liabilities,2026-08-27
LDOS,netIncome,2026-07-03,354000000,2026-08-22,NetIncomeLoss,2026-08-27
LDOS,operatingIncome,2026-07-03,514000000,2026-08-22,OperatingIncomeLoss,2026-08-27
LDOS,revenue,2026-07-03,4558000000,2026-08-22,Revenues,2026-08-27
LDOS,shares,2026-07-03,125492013,2026-08-22,CommonStockSharesOutstanding,2026-08-27
LHX,assets,2026-07-03,42938000000,2026-08-22,Assets,2026-08-27
LHX,cash,2026-07-03,1521000000,2026-08-22,CashAndCashEquivalentsAtCarryingValue,2026-08-27
LHX,debt,2026-07-03,9184000000,2026-08-22,LongTermDebtNoncurrent,2026-08-27
LHX,equity,2026-07-03,19882000000,2026-08-22,StockholdersEquity,2026-08-27
LHX,inventory,2026-07-03,1272000000,2026-08-22,InventoryNet,2026-08-27
LHX,liabilities,2026-07-03,22088000000,2026-08-22,Liabilities,2026-08-27
LHX,netIncome,2026-07-03,600000000,2026-08-22,NetIncomeLoss,2026-08-27
LHX,operatingIncome,2026-07-03,654000000,2026-08-22,OperatingIncomeLoss,2026-08-27
LHX,receivables,2026-07-03,1950000000,2026-08-22,AccountsReceivableNetCurrent,2026-08-27
LHX,revenue,2026-07-03,5881000000,2026-08-22,RevenueFromContractWithCustomerExcludingAssessedTax,2026-08-27
LHX,shares,2026-07-03,186155804,2026-08-22,CommonStockSharesOutstanding,2026-08-27
MSI,assets,2026-07-04,19242000000,2026-08-23,Assets,2026-08-27
MSI,cash,2026-07-04,710000000,2026-08-23,CashAndCashEquivalentsAtCarryingValue,2026-08-27
MSI,debt,2026-07-04,8417000000,2026-08-23,LongTermDebtNoncurrent,2026-08-27
MSI,equity,2026-07-04,2672000000,2026-08-23,StockholdersEquity,2026-08-27
MSI,grossProfit,2026-07-04,1678000000,2026-08-23,GrossProfit,2026-08-27
MSI,inventory,2026-07-04,1333000000,2026-08-23,InventoryNet,2026-08-27
MSI,netIncome,2026-07-04,557000000,2026-08-23,NetIncomeLoss,2026-08-27
MSI,operatingIncome,2026-07-04,809000000,2026-08-23,OperatingIncomeLoss,2026-08-27
MSI,receivables,2026-07-04,2160000000,2026-08-23,AccountsReceivableNetCurrent,2026-08-27
MSI,revenue,2026-07-04,3133000000,2026-08-23,RevenueFromContractWithCustomerExcludingAssessedTax,2026-08-27
MSI,rnd,2026-07-04,260000000,2026-08-23,ResearchAndDevelopmentExpense,2026-08-27
MSI,shares,2026-07-04,165500000,2026-08-23,CommonStockSharesOutstanding,2026-08-27
NDSN,assets,2026-07-31,5947920000,2026-09-19,Assets,2026-08-27
NDSN,cash,2026-07-31,113431000,2026-09-19,CashAndCashEquivalentsAtCarryingValue,2026-08-27
NDSN,debt,2026-07-31,1529005000,2026-09-19,LongTermDebtNoncurrent,2026-08-27
NDSN,equity,2026-07-31,3269059000,2026-09-19,StockholdersEquity,2026-08-27
NDSN,inventory,2026-07-31,469310000,2026-09-19,InventoryNet,2026-08-27
NDSN,netIncome,2026-07-31,152846000,2026-09-19,NetIncomeLoss,2026-08-27
NDSN,operatingIncome,2026-07-31,223092000,2026-09-19,OperatingIncomeLoss,2026-08-27
NDSN,revenue,2026-07-31,817667000,2026-09-19,RevenueFromContractWithCustomerExcludingAssessedTax,2026-08-27
NUE,assets,2026-07-04,36954000000,2026-08-23,Assets,2026-08-27
NUE,cash,2026-07-04,2478000000,2026-08-23,CashAndCashEquivalentsAtCarryingValue,2026-08-27
NUE,equity,2026-07-04,22109000000,2026-08-23,StockholdersEquity,2026-08-27
NUE,inventory,2026-07-04,6020000000,2026-08-23,InventoryNet,2026-08-27
NUE,liabilities,2026-07-04,13688000000,2026-08-23,Liabilities,2026-08-27
NUE,netIncome,2026-07-04,1156000000,2026-08-23,NetIncomeLoss,2026-08-27
NUE,receivables,2026-07-04,4045000000,2026-08-23,AccountsReceivableNetCurrent,2026-08-27
NUE,revenue,2026-07-04,10397000000,2026-08-23,RevenueFromContractWithCustomerExcludingAssessedTax,2026-08-27
NVDA,assets,2026-07-26,320272000000,2026-09-14,Assets,2026-08-27
NVDA,cash,2026-07-26,22443000000,2026-09-14,CashAndCashEquivalentsAtCarryingValue,2026-08-27
NVDA,debt,2026-07-26,32366000000,2026-09-14,LongTermDebtNoncurrent,2026-08-27
NVDA,equity,2026-07-26,228984000000,2026-09-14,StockholdersEquity,2026-08-27
NVDA,grossProfit,2026-07-26,72142000000,2026-09-14,GrossProfit,2026-08-27
NVDA,inventory,2026-07-26,31575000000,2026-09-14,InventoryNet,2026-08-27
NVDA,liabilities,2026-07-26,91288000000,2026-09-14,Liabilities,2026-08-27
NVDA,netIncome,2026-07-26,59688000000,2026-09-14,NetIncomeLoss,2026-08-27
NVDA,operatingIncome,2026-07-26,63734000000,2026-09-14,OperatingIncomeLoss,2026-08-27
NVDA,receivables,2026-07-26,63059000000,2026-09-14,AccountsReceivableNetCurrent,2026-08-27
NVDA,revenue,2026-07-26,96221000000,2026-09-14,Revenues,2026-08-27
NVDA,rnd,2026-07-26,7054000000,2026-09-14,ResearchAndDevelopmentExpense,2026-08-27
ON,assets,2026-07-03,13485100000,2026-08-22,Assets,2026-08-27
ON,cash,2026-07-03,3514500000,2026-08-22,CashAndCashEquivalentsAtCarryingValue,2026-08-27
ON,debt,2026-07-03,3657300000,2026-08-22,LongTermDebtNoncurrent,2026-08-27
ON,equity,2026-07-03,7218700000,2026-08-22,StockholdersEquity,2026-08-27
ON,grossProfit,2026-07-03,616300000,2026-08-22,GrossProfit,2026-08-27
ON,inventory,2026-07-03,2047500000,2026-08-22,InventoryNet,2026-08-27
ON,liabilities,2026-07-03,6246600000,2026-08-22,Liabilities,2026-08-27
ON,netIncome,2026-07-03,226800000,2026-08-22,NetIncomeLoss,2026-08-27
ON,operatingIncome,2026-07-03,258600000,2026-08-22,OperatingIncomeLoss,2026-08-27
ON,revenue,2026-07-03,1603500000,2026-08-22,RevenueFromContractWithCustomerExcludingAssessedTax,2026-08-27
ON,shares,2026-07-03,389290999,2026-08-22,CommonStockSharesOutstanding,2026-08-27
RVTY,assets,2026-07-05,12045834000,2026-08-24,Assets,2026-08-27
RVTY,cash,2026-07-05,1022943000,2026-08-24,CashAndCashEquivalentsAtCarryingValue,2026-08-27
RVTY,debt,2026-07-05,2633094000,2026-08-24,LongTermDebtNoncurrent,2026-08-27
RVTY,equity,2026-07-05,7228758000,2026-08-24,StockholdersEquity,2026-08-27
RVTY,inventory,2026-07-05,378502000,2026-08-24,InventoryNet,2026-08-27
RVTY,liabilities,2026-07-05,4817076000,2026-08-24,Liabilities,2026-08-27
RVTY,netIncome,2026-07-05,51820000,2026-08-24,NetIncomeLoss,2026-08-27
RVTY,operatingIncome,2026-07-05,89316000,2026-08-24,OperatingIncomeLoss,2026-08-27
RVTY,receivables,2026-07-05,709175000,2026-08-24,AccountsReceivableNetCurrent,2026-08-27
RVTY,revenue,2026-07-05,729688000,2026-08-24,RevenueFromContractWithCustomerExcludingAssessedTax,2026-08-27
RVTY,rnd,2026-07-05,48974000,2026-08-24,ResearchAndDevelopmentExpense,2026-08-27
RVTY,shares,2026-07-05,111584000,2026-08-24,CommonStockSharesOutstanding,2026-08-27
SJM,assets,2026-07-31,16203200000,2026-09-19,Assets,2026-08-27
SJM,buybacks,2026-07-31,5700000,2026-09-19,PaymentsForRepurchaseOfCommonStock,2026-08-27
SJM,capex,2026-07-31,88400000,2026-09-19,PaymentsToAcquirePropertyPlantAndEquipment,2026-08-27
SJM,debt,2026-07-31,6394300000,2026-09-19,LongTermDebtNoncurrent,2026-08-27
SJM,equity,2026-07-31,5750800000,2026-09-19,StockholdersEquity,2026-08-27
SJM,grossProfit,2026-07-31,979600000,2026-09-19,GrossProfit,2026-08-27
SJM,inventory,2026-07-31,1186500000,2026-09-19,InventoryNet,2026-08-27
SJM,liabilities,2026-07-31,10452400000,2026-09-19,Liabilities,2026-08-27
SJM,netIncome,2026-07-31,324300000,2026-09-19,NetIncomeLoss,2026-08-27
SJM,operatingCashFlow,2026-07-31,425700000,2026-09-19,NetCashProvidedByUsedInOperatingActivities,2026-08-27
SJM,operatingIncome,2026-07-31,511600000,2026-09-19,OperatingIncomeLoss,2026-08-27
SJM,receivables,2026-07-31,615700000,2026-09-19,AccountsReceivableNetCurrent,2026-08-27
SJM,shares,2026-07-31,106800000,2026-09-19,CommonStockSharesOutstanding,2026-08-27
SNA,assets,2026-07-04,8640900000,2026-08-23,Assets,2026-08-27
SNA,cash,2026-07-04,1644700000,2026-08-23,CashAndCashEquivalentsAtCarryingValue,2026-08-27
SNA,debt,2026-07-04,887000000,2026-08-23,LongTermDebtNoncurrent,2026-08-27
SNA,equity,2026-07-04,6041300000,2026-08-23,StockholdersEquity,2026-08-27
SNA,inventory,2026-07-04,1045300000,2026-08-23,InventoryNet,2026-08-27
SNA,liabilities,2026-07-04,2574600000,2026-08-23,Liabilities,2026-08-27
SNA,netIncome,2026-07-04,260600000,2026-08-23,NetIncomeLoss,2026-08-27
SNA,operatingIncome,2026-07-04,336400000,2026-08-23,OperatingIncomeLoss,2026-08-27
SNA,receivables,2026-07-04,942200000,2026-08-23,AccountsReceivableNetCurrent,2026-08-27
SNA,revenue,2026-07-04,1334800000,2026-08-23,Revenues,2026-08-27
SNDK,assets,2026-07-03,22507000000,2026-08-22,Assets,2026-08-27
SNDK,cash,2026-07-03,4762000000,2026-08-22,CashAndCashEquivalentsAtCarryingValue,2026-08-27
SNDK,debt,2026-07-03,0,2026-08-22,LongTermDebtNoncurrent,2026-08-27
SNDK,equity,2026-07-03,15736000000,2026-08-22,StockholdersEquity,2026-08-27
SNDK,inventory,2026-07-03,2698000000,2026-08-22,InventoryNet,2026-08-27
SNDK,liabilities,2026-07-03,6771000000,2026-08-22,Liabilities,2026-08-27
SNDK,receivables,2026-07-03,4708000000,2026-08-22,AccountsReceivableNetCurrent,2026-08-27
SNDK,shares,2026-07-03,146000000,2026-08-22,CommonStockSharesOutstanding,2026-08-27
SNPS,assets,2026-07-31,47726263000,2026-09-19,Assets,2026-08-27
SNPS,cash,2026-07-31,3606286000,2026-09-19,CashAndCashEquivalentsAtCarryingValue,2026-08-27
SNPS,debt,2026-07-31,9017113000,2026-09-19,LongTermDebtNoncurrent,2026-08-27
SNPS,equity,2026-07-31,31152539000,2026-09-19,StockholdersEquity,2026-08-27
SNPS,grossProfit,2026-07-31,1797434000,2026-09-19,GrossProfit,2026-08-27
SNPS,inventory,2026-07-31,479129000,2026-09-19,InventoryNet,2026-08-27
SNPS,liabilities,2026-07-31,16574884000,2026-09-19,Liabilities,2026-08-27
SNPS,netIncome,2026-07-31,545800000,2026-09-19,NetIncomeLoss,2026-08-27
SNPS,operatingIncome,2026-07-31,357491000,2026-09-19,OperatingIncomeLoss,2026-08-27
SNPS,receivables,2026-07-31,1318747000,2026-09-19,AccountsReceivableNetCurrent,2026-08-27
SNPS,revenue,2026-07-31,2476822000,2026-09-19,RevenueFromContractWithCustomerExcludingAssessedTax,2026-08-27
SNPS,rnd,2026-07-31,719737000,2026-09-19,ResearchAndDevelopmentExpense,2026-08-27
SNPS,shares,2026-07-31,191605000,2026-09-19,CommonStockSharesOutstanding,2026-08-27
STX,assets,2026-07-03,9972000000,2026-08-22,Assets,2026-08-27
STX,cash,2026-07-03,1704000000,2026-08-22,CashAndCashEquivalentsAtCarryingValue,2026-08-27
STX,debt,2026-07-03,3380000000,2026-08-22,LongTermDebtNoncurrent,2026-08-27
STX,equity,2026-07-03,2167000000,2026-08-22,StockholdersEquity,2026-08-27
STX,inventory,2026-07-03,1571000000,2026-08-22,InventoryNet,2026-08-27
STX,liabilities,2026-07-03,7805000000,2026-08-22,Liabilities,2026-08-27
STX,receivables,2026-07-03,1534000000,2026-08-22,AccountsReceivableNetCurrent,2026-08-27
STX,shares,2026-07-03,226791724,2026-08-22,CommonStockSharesOutstanding,2026-08-27
SWK,assets,2026-07-04,20093500000,2026-08-23,Assets,2026-08-27
SWK,buybacks,2026-07-04,252100000,2026-08-23,PaymentsForRepurchaseOfCommonStock,2026-08-27
SWK,capex,2026-07-04,64900000,2026-08-23,PaymentsToAcquirePropertyPlantAndEquipment,2026-08-27
SWK,cash,2026-07-04,592400000,2026-08-23,CashAndCashEquivalentsAtCarryingValue,2026-08-27
SWK,debt,2026-07-04,4704200000,2026-08-23,LongTermDebtNoncurrent,2026-08-27
SWK,equity,2026-07-04,8958800000,2026-08-23,StockholdersEquity,2026-08-27
SWK,inventory,2026-07-04,3896500000,2026-08-23,InventoryNet,2026-08-27
SWK,netIncome,2026-07-04,351300000,2026-08-23,NetIncomeLoss,2026-08-27
SWK,operatingCashFlow,2026-07-04,763100000,2026-08-23,NetCashProvidedByUsedInOperatingActivities,2026-08-27
SWK,revenue,2026-07-04,3960700000,2026-08-23,Revenues,2026-08-27
SWKS,assets,2026-07-03,7425000000,2026-08-22,Assets,2026-08-27
SWKS,cash,2026-07-03,790000000,2026-08-22,CashAndCashEquivalentsAtCarryingValue,2026-08-27
SWKS,debt,2026-07-03,496900000,2026-08-22,LongTermDebt,2026-08-27
SWKS,equity,2026-07-03,5738300000,2026-08-22,StockholdersEquity,2026-08-27
SWKS,grossProfit,2026-07-03,375000000,2026-08-22,GrossProfit,2026-08-27
SWKS,inventory,2026-07-03,1015500000,2026-08-22,InventoryNet,2026-08-27
SWKS,liabilities,2026-07-03,1686700000,2026-08-22,Liabilities,2026-08-27
SWKS,netIncome,2026-07-03,33900000,2026-08-22,NetIncomeLoss,2026-08-27
SWKS,operatingIncome,2026-07-03,48500000,2026-08-22,OperatingIncomeLoss,2026-08-27
SWKS,revenue,2026-07-03,934800000,2026-08-22,Revenues,2026-08-27
SWKS,rnd,2026-07-03,207800000,2026-08-22,ResearchAndDevelopmentExpense,2026-08-27
SWKS,shares,2026-07-03,150500000,2026-08-22,CommonStockSharesOutstanding,2026-08-27
TRMB,assets,2026-07-03,8540800000,2026-08-22,Assets,2026-08-27
TRMB,cash,2026-07-03,214400000,2026-08-22,CashAndCashEquivalentsAtCarryingValue,2026-08-27
TRMB,debt,2026-07-03,1442900000,2026-08-22,LongTermDebtNoncurrent,2026-08-27
TRMB,equity,2026-07-03,5110800000,2026-08-22,StockholdersEquity,2026-08-27
TRMB,grossProfit,2026-07-03,674900000,2026-08-22,GrossProfit,2026-08-27
TRMB,inventory,2026-07-03,185300000,2026-08-22,InventoryNet,2026-08-27
TRMB,liabilities,2026-07-03,3430000000,2026-08-22,Liabilities,2026-08-27
TRMB,netIncome,2026-07-03,-471700000,2026-08-22,NetIncomeLoss,2026-08-27
TRMB,operatingIncome,2026-07-03,132000000,2026-08-22,OperatingIncomeLoss,2026-08-27
TRMB,receivables,2026-07-03,598100000,2026-08-22,AccountsReceivableNetCurrent,2026-08-27
TRMB,revenue,2026-07-03,972000000,2026-08-22,RevenueFromContractWithCustomerExcludingAssessedTax,2026-08-27
TRMB,rnd,2026-07-03,177100000,2026-08-22,ResearchAndDevelopmentExpense,2026-08-27
TRMB,shares,2026-07-03,233200000,2026-08-22,CommonStockSharesOutstanding,2026-08-27
TXT,assets,2026-07-04,18134000000,2026-08-23,Assets,2026-08-27
TXT,equity,2026-07-04,8054000000,2026-08-23,StockholdersEquity,2026-08-27
TXT,inventory,2026-07-04,4720000000,2026-08-23,InventoryNet,2026-08-27
TXT,liabilities,2026-07-04,10080000000,2026-08-23,Liabilities,2026-08-27
TXT,netIncome,2026-07-04,248000000,2026-08-23,NetIncomeLoss,2026-08-27
TXT,revenue,2026-07-04,3827000000,2026-08-23,Revenues,2026-08-27
TXT,rnd,2026-07-04,116000000,2026-08-23,ResearchAndDevelopmentExpense,2026-08-27
TXT,shares,2026-07-04,171937000,2026-08-23,CommonStockSharesOutstanding,2026-08-27
VLTO,assets,2026-07-03,8558000000,2026-08-22,Assets,2026-08-27
VLTO,cash,2026-07-03,2119000000,2026-08-22,CashAndCashEquivalentsAtCarryingValue,2026-08-27
VLTO,debt,2026-07-03,2679000000,2026-08-22,LongTermDebtNoncurrent,2026-08-27
VLTO,equity,2026-07-03,3097000000,2026-08-22,StockholdersEquity,2026-08-27
VLTO,grossProfit,2026-07-03,902000000,2026-08-22,GrossProfit,2026-08-27
VLTO,inventory,2026-07-03,336000000,2026-08-22,InventoryNet,2026-08-27
VLTO,netIncome,2026-07-03,241000000,2026-08-22,NetIncomeLoss,2026-08-27
VLTO,operatingIncome,2026-07-03,315000000,2026-08-22,OperatingIncomeLoss,2026-08-27
VLTO,receivables,2026-07-03,921000000,2026-08-22,AccountsReceivableNetCurrent,2026-08-27
VLTO,revenue,2026-07-03,1474000000,2026-08-22,RevenueFromContractWithCustomerExcludingAssessedTax,2026-08-27
VLTO,rnd,2026-07-03,73000000,2026-08-22,ResearchAndDevelopmentExpense,2026-08-27
VLTO,shares,2026-07-03,244200000,2026-08-22,CommonStockSharesOutstanding,2026-08-27
WAT,assets,2026-07-04,24751000000,2026-08-23,Assets,2026-08-27
WAT,cash,2026-07-04,539000000,2026-08-23,CashAndCashEquivalentsAtCarryingValue,2026-08-27
WAT,debt,2026-07-04,4886000000,2026-08-23,LongTermDebtNoncurrent,2026-08-27
WAT,equity,2026-07-04,15195000000,2026-08-23,StockholdersEquity,2026-08-27
WAT,inventory,2026-07-04,1377000000,2026-08-23,InventoryNet,2026-08-27
WAT,liabilities,2026-07-04,9556000000,2026-08-23,Liabilities,2026-08-27
WAT,netIncome,2026-07-04,-136000000,2026-08-23,NetIncomeLoss,2026-08-27
WAT,operatingIncome,2026-07-04,-86000000,2026-08-23,OperatingIncomeLoss,2026-08-27
WAT,receivables,2026-07-04,1987000000,2026-08-23,AccountsReceivableNetCurrent,2026-08-27
WAT,revenue,2026-07-04,1645000000,2026-08-23,Revenues,2026-08-27
WAT,rnd,2026-07-04,122000000,2026-08-23,ResearchAndDevelopmentExpense,2026-08-27
WAT,shares,2026-07-04,98225000,2026-08-23,CommonStockSharesOutstanding,2026-08-27
WDC,assets,2026-07-03,13861000000,2026-08-22,Assets,2026-08-27
WDC,cash,2026-07-03,1579000000,2026-08-22,CashAndCashEquivalentsAtCarryingValue,2026-08-27
WDC,debt,2026-07-03,0,2026-08-22,LongTermDebtNoncurrent,2026-08-27
WDC,equity,2026-07-03,8864000000,2026-08-22,StockholdersEquity,2026-08-27
WDC,inventory,2026-07-03,1511000000,2026-08-22,InventoryNet,2026-08-27
WDC,liabilities,2026-07-03,4997000000,2026-08-22,Liabilities,2026-08-27
WDC,receivables,2026-07-03,2026000000,2026-08-22,AccountsReceivableNetCurrent,2026-08-27
WDC,shares,2026-07-03,361000000,2026-08-22,CommonStockSharesOutstanding,2026-08-27
ZBRA,assets,2026-07-04,8637000000,2026-08-23,Assets,2026-08-27
ZBRA,cash,2026-07-04,157000000,2026-08-23,CashAndCashEquivalentsAtCarryingValue,2026-08-27
ZBRA,debt,2026-07-04,493000000,2026-08-23,LongTermDebtNoncurrent,2026-08-27
ZBRA,equity,2026-07-04,3435000000,2026-08-23,StockholdersEquity,2026-08-27
ZBRA,grossProfit,2026-07-04,825000000,2026-08-23,GrossProfit,2026-08-27
ZBRA,inventory,2026-07-04,733000000,2026-08-23,InventoryNet,2026-08-27
ZBRA,liabilities,2026-07-04,5202000000,2026-08-23,Liabilities,2026-08-27
ZBRA,netIncome,2026-07-04,233000000,2026-08-23,NetIncomeLoss,2026-08-27
ZBRA,operatingIncome,2026-07-04,321000000,2026-08-23,OperatingIncomeLoss,2026-08-27
ZBRA,receivables,2026-07-04,990000000,2026-08-23,AccountsReceivableNetCurrent,2026-08-27
ZBRA,revenue,2026-07-04,1557000000,2026-08-23,RevenueFromContractWithCustomerExcludingAssessedTax,2026-08-27
ZBRA,rnd,2026-07-04,159000000,2026-08-23,ResearchAndDevelopmentExpense,2026-08-27
ADI,assets,2026-08-01,48424417000,2026-09-20,Assets,2026-08-28
ADI,cash,2026-08-01,2165870000,2026-09-20,CashAndCashEquivalentsAtCarryingValue,2026-08-28
ADI,debt,2026-08-01,6771624000,2026-09-20,LongTermDebtNoncurrent,2026-08-28
ADI,equity,2026-08-01,33550897000,2026-09-20,StockholdersEquity,2026-08-28
ADI,grossProfit,2026-08-01,2707544000,2026-09-20,GrossProfit,2026-08-28
ADI,inventory,2026-08-01,1931496000,2026-09-20,InventoryNet,2026-08-28
ADI,netIncome,2026-08-01,1340090000,2026-09-20,NetIncomeLoss,2026-08-28
ADI,operatingIncome,2026-08-01,1612969000,2026-09-20,OperatingIncomeLoss,2026-08-28
ADI,receivables,2026-08-01,2389577000,2026-09-20,AccountsReceivableNetCurrent,2026-08-28
ADI,revenue,2026-08-01,4021899000,2026-09-20,RevenueFromContractWithCustomerExcludingAssessedTax,2026-08-28
ADI,rnd,2026-08-01,533480000,2026-09-20,ResearchAndDevelopmentExpense,2026-08-28
ADI,shares,2026-08-01,484565465,2026-09-20,CommonStockSharesOutstanding,2026-08-28
AMAT,assets,2026-07-26,43522000000,2026-09-14,Assets,2026-08-28
AMAT,cash,2026-07-26,7037000000,2026-09-14,CashAndCashEquivalentsAtCarryingValue,2026-08-28
AMAT,debt,2026-07-26,5245000000,2026-09-14,LongTermDebtNoncurrent,2026-08-28
AMAT,equity,2026-07-26,25626000000,2026-09-14,StockholdersEquity,2026-08-28
AMAT,grossProfit,2026-07-26,4586000000,2026-09-14,GrossProfit,2026-08-28
AMAT,inventory,2026-07-26,6564000000,2026-09-14,InventoryNet,2026-08-28
AMAT,liabilities,2026-07-26,17896000000,2026-09-14,Liabilities,2026-08-28
AMAT,netIncome,2026-07-26,2538000000,2026-09-14,NetIncomeLoss,2026-08-28
AMAT,operatingIncome,2026-07-26,3075000000,2026-09-14,OperatingIncomeLoss,2026-08-28
AMAT,receivables,2026-07-26,7691000000,2026-09-14,AccountsReceivableNetCurrent,2026-08-28
AMAT,revenue,2026-07-26,9115000000,2026-09-14,RevenueFromContractWithCustomerExcludingAssessedTax,2026-08-28
AMAT,rnd,2026-07-26,1100000000,2026-09-14,ResearchAndDevelopmentExpense,2026-08-28
CRM,assets,2026-07-31,109620000000,2026-09-19,Assets,2026-08-28
CRM,buybacks,2026-07-31,84000000,2026-09-19,PaymentsForRepurchaseOfCommonStock,2026-08-28
CRM,capex,2026-07-31,171000000,2026-09-19,PaymentsToAcquirePropertyPlantAndEquipment,2026-08-28
CRM,cash,2026-07-31,8310000000,2026-09-19,CashAndCashEquivalentsAtCarryingValue,2026-08-28
CRM,debt,2026-07-31,39288000000,2026-09-19,LongTermDebtNoncurrent,2026-08-28
CRM,equity,2026-07-31,38378000000,2026-09-19,StockholdersEquity,2026-08-28
CRM,grossProfit,2026-07-31,8696000000,2026-09-19,GrossProfit,2026-08-28
CRM,liabilities,2026-07-31,71242000000,2026-09-19,Liabilities,2026-08-28
CRM,netIncome,2026-07-31,3526000000,2026-09-19,NetIncomeLoss,2026-08-28
CRM,operatingCashFlow,2026-07-31,1269000000,2026-09-19,NetCashProvidedByUsedInOperatingActivities,2026-08-28
CRM,operatingIncome,2026-07-31,2331000000,2026-09-19,OperatingIncomeLoss,2026-08-28
CRM,receivables,2026-07-31,6320000000,2026-09-19,AccountsReceivableNetCurrent,2026-08-28
CRM,revenue,2026-07-31,11345000000,2026-09-19,RevenueFromContractWithCustomerExcludingAssessedTax,2026-08-28
CRM,rnd,2026-07-31,1687000000,2026-09-19,ResearchAndDevelopmentExpense,2026-08-28
CRWD,assets,2026-07-31,12025001000,2026-09-19,Assets,2026-08-28
CRWD,cash,2026-07-31,5013847000,2026-09-19,CashAndCashEquivalentsAtCarryingValue,2026-08-28
CRWD,debt,2026-07-31,746216000,2026-09-19,LongTermDebtNoncurrent,2026-08-28
CRWD,equity,2026-07-31,5101724000,2026-09-19,StockholdersEquity,2026-08-28
CRWD,grossProfit,2026-07-31,1096895000,2026-09-19,GrossProfit,2026-08-28
CRWD,liabilities,2026-07-31,6885476000,2026-09-19,Liabilities,2026-08-28
CRWD,netIncome,2026-07-31,5306000,2026-09-19,NetIncomeLoss,2026-08-28
CRWD,operatingIncome,2026-07-31,-33232000,2026-09-19,OperatingIncomeLoss,2026-08-28
CRWD,receivables,2026-07-31,1038575000,2026-09-19,AccountsReceivableNetCurrent,2026-08-28
CRWD,rnd,2026-07-31,444200000,2026-09-19,ResearchAndDevelopmentExpense,2026-08-28
DE,assets,2026-08-02,107607000000,2026-09-21,Assets,2026-08-28
DE,cash,2026-08-02,8928000000,2026-09-21,CashAndCashEquivalentsAtCarryingValue,2026-08-28
DE,equity,2026-08-02,27990000000,2026-09-21,StockholdersEquity,2026-08-28
DE,inventory,2026-08-02,7811000000,2026-09-21,InventoryNet,2026-08-28
DE,liabilities,2026-08-02,79566000000,2026-09-21,Liabilities,2026-08-28
DE,netIncome,2026-08-02,1379000000,2026-09-21,NetIncomeLoss,2026-08-28
DE,revenue,2026-08-02,12608000000,2026-09-21,Revenues,2026-08-28
DE,rnd,2026-08-02,567000000,2026-09-21,ResearchAndDevelopmentExpense,2026-08-28
DG,assets,2026-07-31,32167333000,2026-09-19,Assets,2026-08-28
DG,cash,2026-07-31,1589590000,2026-09-19,CashAndCashEquivalentsAtCarryingValue,2026-08-28
DG,equity,2026-07-31,9288648000,2026-09-19,StockholdersEquity,2026-08-28
DG,grossProfit,2026-07-31,3680921000,2026-09-19,GrossProfit,2026-08-28
DG,inventory,2026-07-31,6552841000,2026-09-19,InventoryNet,2026-08-28
DG,liabilities,2026-07-31,22878685000,2026-09-19,Liabilities,2026-08-28
DG,netIncome,2026-07-31,550315000,2026-09-19,NetIncomeLoss,2026-08-28
DG,operatingIncome,2026-07-31,769164000,2026-09-19,OperatingIncomeLoss,2026-08-28
DG,revenue,2026-07-31,11290380000,2026-09-19,RevenueFromContractWithCustomerExcludingAssessedTax,2026-08-28
DLTR,assets,2026-08-01,14029600000,2026-09-20,Assets,2026-08-28
DLTR,cash,2026-08-01,1058100000,2026-09-20,CashAndCashEquivalentsAtCarryingValue,2026-08-28
DLTR,debt,2026-08-01,2933500000,2026-09-20,LongTermDebtNoncurrent,2026-08-28
DLTR,equity,2026-08-01,3425300000,2026-09-20,StockholdersEquity,2026-08-28
DLTR,liabilities,2026-08-01,10604300000,2026-09-20,Liabilities,2026-08-28
DLTR,netIncome,2026-08-01,514500000,2026-09-20,NetIncomeLoss,2026-08-28
DLTR,operatingIncome,2026-08-01,690100000,2026-09-20,OperatingIncomeLoss,2026-08-28
DLTR,revenue,2026-08-01,4891200000,2026-09-20,Revenues,2026-08-28
DLTR,shares,2026-08-01,187672941,2026-09-20,CommonStockSharesOutstanding,2026-08-28
FTV,assets,2026-07-03,11615000000,2026-08-22,Assets,2026-08-28
FTV,cash,2026-07-03,374200000,2026-08-22,CashAndCashEquivalentsAtCarryingValue,2026-08-28
FTV,debt,2026-07-03,3509300000,2026-08-22,LongTermDebtNoncurrent,2026-08-28
FTV,equity,2026-07-03,6060600000,2026-08-22,StockholdersEquity,2026-08-28
FTV,grossProfit,2026-07-03,695300000,2026-08-22,GrossProfit,2026-08-28
FTV,inventory,2026-07-03,310800000,2026-08-22,InventoryNet,2026-08-28
FTV,netIncome,2026-07-03,157300000,2026-08-22,NetIncomeLoss,2026-08-28
FTV,operatingIncome,2026-07-03,209900000,2026-08-22,OperatingIncomeLoss,2026-08-28
FTV,receivables,2026-07-03,657800000,2026-08-22,AccountsReceivableNetCurrent,2026-08-28
FTV,revenue,2026-07-03,1096800000,2026-08-22,RevenueFromContractWithCustomerExcludingAssessedTax,2026-08-28
FTV,rnd,2026-07-03,67500000,2026-08-22,ResearchAndDevelopmentExpense,2026-08-28
FTV,shares,2026-07-03,302600000,2026-08-22,CommonStockSharesOutstanding,2026-08-28
GD,assets,2026-07-05,60163000000,2026-08-24,Assets,2026-08-28
GD,cash,2026-07-05,4333000000,2026-08-24,CashAndCashEquivalentsAtCarryingValue,2026-08-28
GD,debt,2026-07-05,6260000000,2026-08-24,LongTermDebtNoncurrent,2026-08-28
GD,equity,2026-07-05,26826000000,2026-08-24,StockholdersEquity,2026-08-28
GD,inventory,2026-07-05,9097000000,2026-08-24,InventoryNet,2026-08-28
GD,netIncome,2026-07-05,1160000000,2026-08-24,NetIncomeLoss,2026-08-28
GD,operatingIncome,2026-07-05,1460000000,2026-08-24,OperatingIncomeLoss,2026-08-28
GD,receivables,2026-07-05,2398000000,2026-08-24,AccountsReceivableNetCurrent,2026-08-28
GD,revenue,2026-07-05,14094000000,2026-08-24,RevenueFromContractWithCustomerExcludingAssessedTax,2026-08-28
GEN,assets,2026-07-03,15644000000,2026-08-22,Assets,2026-08-28
GEN,buybacks,2026-07-03,100000000,2026-08-22,PaymentsForRepurchaseOfCommonStock,2026-08-28
GEN,capex,2026-07-03,4000000,2026-08-22,PaymentsToAcquirePropertyPlantAndEquipment,2026-08-28
GEN,debt,2026-07-03,7975000000,2026-08-22,LongTermDebtNoncurrent,2026-08-28
GEN,equity,2026-07-03,2656000000,2026-08-22,StockholdersEquity,2026-08-28
GEN,grossProfit,2026-07-03,1029000000,2026-08-22,GrossProfit,2026-08-28
GEN,liabilities,2026-07-03,12988000000,2026-08-22,Liabilities,2026-08-28
GEN,netIncome,2026-07-03,215000000,2026-08-22,NetIncomeLoss,2026-08-28
GEN,operatingCashFlow,2026-07-03,434000000,2026-08-22,NetCashProvidedByUsedInOperatingActivities,2026-08-28
GEN,operatingIncome,2026-07-03,443000000,2026-08-22,OperatingIncomeLoss,2026-08-28
GEN,receivables,2026-07-03,378000000,2026-08-22,AccountsReceivableNetCurrent,2026-08-28
GEN,revenue,2026-07-03,1336000000,2026-08-22,RevenueFromContractWithCustomerExcludingAssessedTax,2026-08-28
GEN,rnd,2026-07-03,118000000,2026-08-22,ResearchAndDevelopmentExpense,2026-08-28
GEN,shares,2026-07-03,599000000,2026-08-22,CommonStockSharesOutstanding,2026-08-28
HD,assets,2026-08-02,109384000000,2026-09-21,Assets,2026-08-28
HD,cash,2026-08-02,2085000000,2026-09-21,CashAndCashEquivalentsAtCarryingValue,2026-08-28
HD,equity,2026-08-02,16617000000,2026-09-21,StockholdersEquity,2026-08-28
HD,grossProfit,2026-08-02,16115000000,2026-09-21,GrossProfit,2026-08-28
HD,inventory,2026-08-02,26847000000,2026-09-21,InventoryNet,2026-08-28
HD,liabilities,2026-08-02,92767000000,2026-09-21,Liabilities,2026-08-28
HD,netIncome,2026-08-02,4766000000,2026-09-21,NetIncomeLoss,2026-08-28
HD,operatingIncome,2026-08-02,6839000000,2026-09-21,OperatingIncomeLoss,2026-08-28
HD,receivables,2026-08-02,6963000000,2026-09-21,AccountsReceivableNetCurrent,2026-08-28
HD,revenue,2026-08-02,47861000000,2026-09-21,RevenueFromContractWithCustomerExcludingAssessedTax,2026-08-28
HD,shares,2026-08-02,998000000,2026-09-21,CommonStockSharesOutstanding,2026-08-28
HPQ,assets,2026-07-31,45701000000,2026-09-19,Assets,2026-08-28
HPQ,buybacks,2026-07-31,300000000,2026-09-19,PaymentsForRepurchaseOfCommonStock,2026-08-28
HPQ,cash,2026-07-31,4169000000,2026-09-19,CashAndCashEquivalentsAtCarryingValue,2026-08-28
HPQ,debt,2026-07-31,7868000000,2026-09-19,LongTermDebtNoncurrent,2026-08-28
HPQ,equity,2026-07-31,-92000000,2026-09-19,StockholdersEquity,2026-08-28
HPQ,grossProfit,2026-07-31,2945000000,2026-09-19,GrossProfit,2026-08-28
HPQ,inventory,2026-07-31,10322000000,2026-09-19,InventoryNet,2026-08-28
HPQ,netIncome,2026-07-31,661000000,2026-09-19,NetIncomeLoss,2026-08-28
HPQ,operatingIncome,2026-07-31,892000000,2026-09-19,OperatingIncomeLoss,2026-08-28
HPQ,receivables,2026-07-31,7168000000,2026-09-19,AccountsReceivableNetCurrent,2026-08-28
HPQ,revenue,2026-07-31,15677000000,2026-09-19,Revenues,2026-08-28
HPQ,rnd,2026-07-31,389000000,2026-09-19,ResearchAndDevelopmentExpense,2026-08-28
HPQ,shares,2026-07-31,903000000,2026-09-19,CommonStockSharesOutstanding,2026-08-28
HRL,assets,2026-07-26,13292014000,2026-09-14,Assets,2026-08-28
HRL,cash,2026-07-26,839639000,2026-09-14,CashAndCashEquivalentsAtCarryingValue,2026-08-28
HRL,debt,2026-07-26,2349489000,2026-09-14,LongTermDebtNoncurrent,2026-08-28
HRL,equity,2026-07-26,7843444000,2026-09-14,StockholdersEquity,2026-08-28
HRL,grossProfit,2026-07-26,471515000,2026-09-14,GrossProfit,2026-08-28
HRL,inventory,2026-07-26,1801567000,2026-09-14,InventoryNet,2026-08-28
HRL,netIncome,2026-07-26,59573000,2026-09-14,NetIncomeLoss,2026-08-28
HRL,operatingIncome,2026-07-26,110904000,2026-09-14,OperatingIncomeLoss,2026-08-28
KO,assets,2026-07-03,107922000000,2026-08-22,Assets,2026-08-28
KO,capex,2026-07-03,418000000,2026-08-22,PaymentsToAcquirePropertyPlantAndEquipment,2026-08-28
KO,cash,2026-07-03,12907000000,2026-08-22,CashAndCashEquivalentsAtCarryingValue,2026-08-28
KO,equity,2026-07-03,36150000000,2026-08-22,StockholdersEquity,2026-08-28
KO,grossProfit,2026-07-03,8415000000,2026-08-22,GrossProfit,2026-08-28
KO,inventory,2026-07-03,4647000000,2026-08-22,InventoryNet,2026-08-28
KO,netIncome,2026-07-03,4425000000,2026-08-22,NetIncomeLoss,2026-08-28
KO,operatingIncome,2026-07-03,4672000000,2026-08-22,OperatingIncomeLoss,2026-08-28
KO,receivables,2026-07-03,3732000000,2026-08-22,AccountsReceivableNetCurrent,2026-08-28
KO,revenue,2026-07-03,13380000000,2026-08-22,Revenues,2026-08-28
LDOS,assets,2026-07-03,15632000000,2026-08-22,Assets,2026-08-28
LDOS,buybacks,2026-07-03,66000000,2026-08-22,PaymentsForRepurchaseOfCommonStock,2026-08-28
LDOS,cash,2026-07-03,748000000,2026-08-22,CashAndCashEquivalentsAtCarryingValue,2026-08-28
LDOS,equity,2026-07-03,5284000000,2026-08-22,StockholdersEquity,2026-08-28
LDOS,inventory,2026-07-03,94000000,2026-08-22,InventoryNet,2026-08-28
LDOS,liabilities,2026-07-03,10296000000,2026-08-22,Liabilities,2026-08-28
LDOS,netIncome,2026-07-03,354000000,2026-08-22,NetIncomeLoss,2026-08-28
LDOS,operatingIncome,2026-07-03,514000000,2026-08-22,OperatingIncomeLoss,2026-08-28
LDOS,revenue,2026-07-03,4558000000,2026-08-22,Revenues,2026-08-28
LDOS,shares,2026-07-03,125492013,2026-08-22,CommonStockSharesOutstanding,2026-08-28
LHX,assets,2026-07-03,42938000000,2026-08-22,Assets,2026-08-28
LHX,cash,2026-07-03,1521000000,2026-08-22,CashAndCashEquivalentsAtCarryingValue,2026-08-28
LHX,debt,2026-07-03,9184000000,2026-08-22,LongTermDebtNoncurrent,2026-08-28
LHX,equity,2026-07-03,19882000000,2026-08-22,StockholdersEquity,2026-08-28
LHX,inventory,2026-07-03,1272000000,2026-08-22,InventoryNet,2026-08-28
LHX,liabilities,2026-07-03,22088000000,2026-08-22,Liabilities,2026-08-28
LHX,netIncome,2026-07-03,600000000,2026-08-22,NetIncomeLoss,2026-08-28
LHX,operatingIncome,2026-07-03,654000000,2026-08-22,OperatingIncomeLoss,2026-08-28
LHX,receivables,2026-07-03,1950000000,2026-08-22,AccountsReceivableNetCurrent,2026-08-28
LHX,revenue,2026-07-03,5881000000,2026-08-22,RevenueFromContractWithCustomerExcludingAssessedTax,2026-08-28
LHX,shares,2026-07-03,186155804,2026-08-22,CommonStockSharesOutstanding,2026-08-28
LOW,assets,2026-07-31,55881000000,2026-09-19,Assets,2026-08-28
LOW,cash,2026-07-31,3172000000,2026-09-19,CashAndCashEquivalentsAtCarryingValue,2026-08-28
LOW,equity,2026-07-31,-7437000000,2026-09-19,StockholdersEquity,2026-08-28
LOW,grossProfit,2026-07-31,8577000000,2026-09-19,GrossProfit,2026-08-28
LOW,inventory,2026-07-31,17737000000,2026-09-19,InventoryNet,2026-08-28
LOW,liabilities,2026-07-31,63318000000,2026-09-19,Liabilities,2026-08-28
LOW,netIncome,2026-07-31,2399000000,2026-09-19,NetIncomeLoss,2026-08-28
LOW,operatingIncome,2026-07-31,3549000000,2026-09-19,OperatingIncomeLoss,2026-08-28
LOW,revenue,2026-07-31,25956000000,2026-09-19,RevenueFromContractWithCustomerExcludingAssessedTax,2026-08-28
LOW,shares,2026-07-31,561000000,2026-09-19,CommonStockSharesOutstanding,2026-08-28
MSI,assets,2026-07-04,19242000000,2026-08-23,Assets,2026-08-28
MSI,cash,2026-07-04,710000000,2026-08-23,CashAndCashEquivalentsAtCarryingValue,2026-08-28
MSI,debt,2026-07-04,8417000000,2026-08-23,LongTermDebtNoncurrent,2026-08-28
MSI,equity,2026-07-04,2672000000,2026-08-23,StockholdersEquity,2026-08-28
MSI,grossProfit,2026-07-04,1678000000,2026-08-23,GrossProfit,2026-08-28
MSI,inventory,2026-07-04,1333000000,2026-08-23,InventoryNet,2026-08-28
MSI,netIncome,2026-07-04,557000000,2026-08-23,NetIncomeLoss,2026-08-28
MSI,operatingIncome,2026-07-04,809000000,2026-08-23,OperatingIncomeLoss,2026-08-28
MSI,receivables,2026-07-04,2160000000,2026-08-23,AccountsReceivableNetCurrent,2026-08-28
MSI,revenue,2026-07-04,3133000000,2026-08-23,RevenueFromContractWithCustomerExcludingAssessedTax,2026-08-28
MSI,rnd,2026-07-04,260000000,2026-08-23,ResearchAndDevelopmentExpense,2026-08-28
MSI,shares,2026-07-04,165500000,2026-08-23,CommonStockSharesOutstanding,2026-08-28
NDSN,assets,2026-07-31,5947920000,2026-09-19,Assets,2026-08-28
NDSN,cash,2026-07-31,113431000,2026-09-19,CashAndCashEquivalentsAtCarryingValue,2026-08-28
NDSN,debt,2026-07-31,1529005000,2026-09-19,LongTermDebtNoncurrent,2026-08-28
NDSN,equity,2026-07-31,3269059000,2026-09-19,StockholdersEquity,2026-08-28
NDSN,inventory,2026-07-31,469310000,2026-09-19,InventoryNet,2026-08-28
NDSN,netIncome,2026-07-31,152846000,2026-09-19,NetIncomeLoss,2026-08-28
NDSN,operatingIncome,2026-07-31,223092000,2026-09-19,OperatingIncomeLoss,2026-08-28
NDSN,revenue,2026-07-31,817667000,2026-09-19,RevenueFromContractWithCustomerExcludingAssessedTax,2026-08-28
NUE,assets,2026-07-04,36954000000,2026-08-23,Assets,2026-08-28
NUE,cash,2026-07-04,2478000000,2026-08-23,CashAndCashEquivalentsAtCarryingValue,2026-08-28
NUE,equity,2026-07-04,22109000000,2026-08-23,StockholdersEquity,2026-08-28
NUE,inventory,2026-07-04,6020000000,2026-08-23,InventoryNet,2026-08-28
NUE,liabilities,2026-07-04,13688000000,2026-08-23,Liabilities,2026-08-28
NUE,netIncome,2026-07-04,1156000000,2026-08-23,NetIncomeLoss,2026-08-28
NUE,receivables,2026-07-04,4045000000,2026-08-23,AccountsReceivableNetCurrent,2026-08-28
NUE,revenue,2026-07-04,10397000000,2026-08-23,RevenueFromContractWithCustomerExcludingAssessedTax,2026-08-28
NVDA,assets,2026-07-26,320272000000,2026-09-14,Assets,2026-08-28
NVDA,cash,2026-07-26,22443000000,2026-09-14,CashAndCashEquivalentsAtCarryingValue,2026-08-28
NVDA,debt,2026-07-26,32366000000,2026-09-14,LongTermDebtNoncurrent,2026-08-28
NVDA,equity,2026-07-26,228984000000,2026-09-14,StockholdersEquity,2026-08-28
NVDA,grossProfit,2026-07-26,72142000000,2026-09-14,GrossProfit,2026-08-28
NVDA,inventory,2026-07-26,31575000000,2026-09-14,InventoryNet,2026-08-28
NVDA,liabilities,2026-07-26,91288000000,2026-09-14,Liabilities,2026-08-28
NVDA,netIncome,2026-07-26,59688000000,2026-09-14,NetIncomeLoss,2026-08-28
NVDA,operatingIncome,2026-07-26,63734000000,2026-09-14,OperatingIncomeLoss,2026-08-28
NVDA,receivables,2026-07-26,63059000000,2026-09-14,AccountsReceivableNetCurrent,2026-08-28
NVDA,revenue,2026-07-26,96221000000,2026-09-14,Revenues,2026-08-28
NVDA,rnd,2026-07-26,7054000000,2026-09-14,ResearchAndDevelopmentExpense,2026-08-28
ON,assets,2026-07-03,13485100000,2026-08-22,Assets,2026-08-28
ON,cash,2026-07-03,3514500000,2026-08-22,CashAndCashEquivalentsAtCarryingValue,2026-08-28
ON,debt,2026-07-03,3657300000,2026-08-22,LongTermDebtNoncurrent,2026-08-28
ON,equity,2026-07-03,7218700000,2026-08-22,StockholdersEquity,2026-08-28
ON,grossProfit,2026-07-03,616300000,2026-08-22,GrossProfit,2026-08-28
ON,inventory,2026-07-03,2047500000,2026-08-22,InventoryNet,2026-08-28
ON,liabilities,2026-07-03,6246600000,2026-08-22,Liabilities,2026-08-28
ON,netIncome,2026-07-03,226800000,2026-08-22,NetIncomeLoss,2026-08-28
ON,operatingIncome,2026-07-03,258600000,2026-08-22,OperatingIncomeLoss,2026-08-28
ON,revenue,2026-07-03,1603500000,2026-08-22,RevenueFromContractWithCustomerExcludingAssessedTax,2026-08-28
ON,shares,2026-07-03,389290999,2026-08-22,CommonStockSharesOutstanding,2026-08-28
RVTY,assets,2026-07-05,12045834000,2026-08-24,Assets,2026-08-28
RVTY,cash,2026-07-05,1022943000,2026-08-24,CashAndCashEquivalentsAtCarryingValue,2026-08-28
RVTY,debt,2026-07-05,2633094000,2026-08-24,LongTermDebtNoncurrent,2026-08-28
RVTY,equity,2026-07-05,7228758000,2026-08-24,StockholdersEquity,2026-08-28
RVTY,inventory,2026-07-05,378502000,2026-08-24,InventoryNet,2026-08-28
RVTY,liabilities,2026-07-05,4817076000,2026-08-24,Liabilities,2026-08-28
RVTY,netIncome,2026-07-05,51820000,2026-08-24,NetIncomeLoss,2026-08-28
RVTY,operatingIncome,2026-07-05,89316000,2026-08-24,OperatingIncomeLoss,2026-08-28
RVTY,receivables,2026-07-05,709175000,2026-08-24,AccountsReceivableNetCurrent,2026-08-28
RVTY,revenue,2026-07-05,729688000,2026-08-24,RevenueFromContractWithCustomerExcludingAssessedTax,2026-08-28
RVTY,rnd,2026-07-05,48974000,2026-08-24,ResearchAndDevelopmentExpense,2026-08-28
RVTY,shares,2026-07-05,111584000,2026-08-24,CommonStockSharesOutstanding,2026-08-28
SJM,assets,2026-07-31,16203200000,2026-09-19,Assets,2026-08-28
SJM,buybacks,2026-07-31,5700000,2026-09-19,PaymentsForRepurchaseOfCommonStock,2026-08-28
SJM,capex,2026-07-31,88400000,2026-09-19,PaymentsToAcquirePropertyPlantAndEquipment,2026-08-28
SJM,debt,2026-07-31,6394300000,2026-09-19,LongTermDebtNoncurrent,2026-08-28
SJM,equity,2026-07-31,5750800000,2026-09-19,StockholdersEquity,2026-08-28
SJM,grossProfit,2026-07-31,979600000,2026-09-19,GrossProfit,2026-08-28
SJM,inventory,2026-07-31,1186500000,2026-09-19,InventoryNet,2026-08-28
SJM,liabilities,2026-07-31,10452400000,2026-09-19,Liabilities,2026-08-28
SJM,netIncome,2026-07-31,324300000,2026-09-19,NetIncomeLoss,2026-08-28
SJM,operatingCashFlow,2026-07-31,425700000,2026-09-19,NetCashProvidedByUsedInOperatingActivities,2026-08-28
SJM,operatingIncome,2026-07-31,511600000,2026-09-19,OperatingIncomeLoss,2026-08-28
SJM,receivables,2026-07-31,615700000,2026-09-19,AccountsReceivableNetCurrent,2026-08-28
SJM,shares,2026-07-31,106800000,2026-09-19,CommonStockSharesOutstanding,2026-08-28
SNA,assets,2026-07-04,8640900000,2026-08-23,Assets,2026-08-28
SNA,cash,2026-07-04,1644700000,2026-08-23,CashAndCashEquivalentsAtCarryingValue,2026-08-28
SNA,debt,2026-07-04,887000000,2026-08-23,LongTermDebtNoncurrent,2026-08-28
SNA,equity,2026-07-04,6041300000,2026-08-23,StockholdersEquity,2026-08-28
SNA,inventory,2026-07-04,1045300000,2026-08-23,InventoryNet,2026-08-28
SNA,liabilities,2026-07-04,2574600000,2026-08-23,Liabilities,2026-08-28
SNA,netIncome,2026-07-04,260600000,2026-08-23,NetIncomeLoss,2026-08-28
SNA,operatingIncome,2026-07-04,336400000,2026-08-23,OperatingIncomeLoss,2026-08-28
SNA,receivables,2026-07-04,942200000,2026-08-23,AccountsReceivableNetCurrent,2026-08-28
SNA,revenue,2026-07-04,1334800000,2026-08-23,Revenues,2026-08-28
SNDK,assets,2026-07-03,22507000000,2026-08-22,Assets,2026-08-28
SNDK,cash,2026-07-03,4762000000,2026-08-22,CashAndCashEquivalentsAtCarryingValue,2026-08-28
SNDK,debt,2026-07-03,0,2026-08-22,LongTermDebtNoncurrent,2026-08-28
SNDK,equity,2026-07-03,15736000000,2026-08-22,StockholdersEquity,2026-08-28
SNDK,inventory,2026-07-03,2698000000,2026-08-22,InventoryNet,2026-08-28
SNDK,liabilities,2026-07-03,6771000000,2026-08-22,Liabilities,2026-08-28
SNDK,receivables,2026-07-03,4708000000,2026-08-22,AccountsReceivableNetCurrent,2026-08-28
SNDK,shares,2026-07-03,146000000,2026-08-22,CommonStockSharesOutstanding,2026-08-28
SNPS,assets,2026-07-31,47726263000,2026-09-19,Assets,2026-08-28
SNPS,cash,2026-07-31,3606286000,2026-09-19,CashAndCashEquivalentsAtCarryingValue,2026-08-28
SNPS,debt,2026-07-31,9017113000,2026-09-19,LongTermDebtNoncurrent,2026-08-28
SNPS,equity,2026-07-31,31152539000,2026-09-19,StockholdersEquity,2026-08-28
SNPS,grossProfit,2026-07-31,1797434000,2026-09-19,GrossProfit,2026-08-28
SNPS,inventory,2026-07-31,479129000,2026-09-19,InventoryNet,2026-08-28
SNPS,liabilities,2026-07-31,16574884000,2026-09-19,Liabilities,2026-08-28
SNPS,netIncome,2026-07-31,545800000,2026-09-19,NetIncomeLoss,2026-08-28
SNPS,operatingIncome,2026-07-31,357491000,2026-09-19,OperatingIncomeLoss,2026-08-28
SNPS,receivables,2026-07-31,1318747000,2026-09-19,AccountsReceivableNetCurrent,2026-08-28
SNPS,revenue,2026-07-31,2476822000,2026-09-19,RevenueFromContractWithCustomerExcludingAssessedTax,2026-08-28
SNPS,rnd,2026-07-31,719737000,2026-09-19,ResearchAndDevelopmentExpense,2026-08-28
SNPS,shares,2026-07-31,191605000,2026-09-19,CommonStockSharesOutstanding,2026-08-28
STX,assets,2026-07-03,9972000000,2026-08-22,Assets,2026-08-28
STX,cash,2026-07-03,1704000000,2026-08-22,CashAndCashEquivalentsAtCarryingValue,2026-08-28
STX,debt,2026-07-03,3380000000,2026-08-22,LongTermDebtNoncurrent,2026-08-28
STX,equity,2026-07-03,2167000000,2026-08-22,StockholdersEquity,2026-08-28
STX,inventory,2026-07-03,1571000000,2026-08-22,InventoryNet,2026-08-28
STX,liabilities,2026-07-03,7805000000,2026-08-22,Liabilities,2026-08-28
STX,receivables,2026-07-03,1534000000,2026-08-22,AccountsReceivableNetCurrent,2026-08-28
STX,shares,2026-07-03,226791724,2026-08-22,CommonStockSharesOutstanding,2026-08-28
SWK,assets,2026-07-04,20093500000,2026-08-23,Assets,2026-08-28
SWK,buybacks,2026-07-04,252100000,2026-08-23,PaymentsForRepurchaseOfCommonStock,2026-08-28
SWK,capex,2026-07-04,64900000,2026-08-23,PaymentsToAcquirePropertyPlantAndEquipment,2026-08-28
SWK,cash,2026-07-04,592400000,2026-08-23,CashAndCashEquivalentsAtCarryingValue,2026-08-28
SWK,debt,2026-07-04,4704200000,2026-08-23,LongTermDebtNoncurrent,2026-08-28
SWK,equity,2026-07-04,8958800000,2026-08-23,StockholdersEquity,2026-08-28
SWK,inventory,2026-07-04,3896500000,2026-08-23,InventoryNet,2026-08-28
SWK,netIncome,2026-07-04,351300000,2026-08-23,NetIncomeLoss,2026-08-28
SWK,operatingCashFlow,2026-07-04,763100000,2026-08-23,NetCashProvidedByUsedInOperatingActivities,2026-08-28
SWK,revenue,2026-07-04,3960700000,2026-08-23,Revenues,2026-08-28
SWKS,assets,2026-07-03,7425000000,2026-08-22,Assets,2026-08-28
SWKS,cash,2026-07-03,790000000,2026-08-22,CashAndCashEquivalentsAtCarryingValue,2026-08-28
SWKS,debt,2026-07-03,496900000,2026-08-22,LongTermDebt,2026-08-28
SWKS,equity,2026-07-03,5738300000,2026-08-22,StockholdersEquity,2026-08-28
SWKS,grossProfit,2026-07-03,375000000,2026-08-22,GrossProfit,2026-08-28
SWKS,inventory,2026-07-03,1015500000,2026-08-22,InventoryNet,2026-08-28
SWKS,liabilities,2026-07-03,1686700000,2026-08-22,Liabilities,2026-08-28
SWKS,netIncome,2026-07-03,33900000,2026-08-22,NetIncomeLoss,2026-08-28
SWKS,operatingIncome,2026-07-03,48500000,2026-08-22,OperatingIncomeLoss,2026-08-28
SWKS,revenue,2026-07-03,934800000,2026-08-22,Revenues,2026-08-28
SWKS,rnd,2026-07-03,207800000,2026-08-22,ResearchAndDevelopmentExpense,2026-08-28
SWKS,shares,2026-07-03,150500000,2026-08-22,CommonStockSharesOutstanding,2026-08-28
TRMB,assets,2026-07-03,8540800000,2026-08-22,Assets,2026-08-28
TRMB,cash,2026-07-03,214400000,2026-08-22,CashAndCashEquivalentsAtCarryingValue,2026-08-28
TRMB,debt,2026-07-03,1442900000,2026-08-22,LongTermDebtNoncurrent,2026-08-28
TRMB,equity,2026-07-03,5110800000,2026-08-22,StockholdersEquity,2026-08-28
TRMB,grossProfit,2026-07-03,674900000,2026-08-22,GrossProfit,2026-08-28
TRMB,inventory,2026-07-03,185300000,2026-08-22,InventoryNet,2026-08-28
TRMB,liabilities,2026-07-03,3430000000,2026-08-22,Liabilities,2026-08-28
TRMB,netIncome,2026-07-03,-471700000,2026-08-22,NetIncomeLoss,2026-08-28
TRMB,operatingIncome,2026-07-03,132000000,2026-08-22,OperatingIncomeLoss,2026-08-28
TRMB,receivables,2026-07-03,598100000,2026-08-22,AccountsReceivableNetCurrent,2026-08-28
TRMB,revenue,2026-07-03,972000000,2026-08-22,RevenueFromContractWithCustomerExcludingAssessedTax,2026-08-28
TRMB,rnd,2026-07-03,177100000,2026-08-22,ResearchAndDevelopmentExpense,2026-08-28
TRMB,shares,2026-07-03,233200000,2026-08-22,CommonStockSharesOutstanding,2026-08-28
TXT,assets,2026-07-04,18134000000,2026-08-23,Assets,2026-08-28
TXT,equity,2026-07-04,8054000000,2026-08-23,StockholdersEquity,2026-08-28
TXT,inventory,2026-07-04,4720000000,2026-08-23,InventoryNet,2026-08-28
TXT,liabilities,2026-07-04,10080000000,2026-08-23,Liabilities,2026-08-28
TXT,netIncome,2026-07-04,248000000,2026-08-23,NetIncomeLoss,2026-08-28
TXT,revenue,2026-07-04,3827000000,2026-08-23,Revenues,2026-08-28
TXT,rnd,2026-07-04,116000000,2026-08-23,ResearchAndDevelopmentExpense,2026-08-28
TXT,shares,2026-07-04,171937000,2026-08-23,CommonStockSharesOutstanding,2026-08-28
ULTA,assets,2026-08-01,6963950000,2026-09-20,Assets,2026-08-28
ULTA,cash,2026-08-01,158451000,2026-09-20,CashAndCashEquivalentsAtCarryingValue,2026-08-28
ULTA,equity,2026-08-01,2643741000,2026-09-20,StockholdersEquity,2026-08-28
ULTA,grossProfit,2026-08-01,1186952000,2026-09-20,GrossProfit,2026-08-28
ULTA,liabilities,2026-08-01,4320209000,2026-09-20,Liabilities,2026-08-28
ULTA,netIncome,2026-08-01,282006000,2026-09-20,NetIncomeLoss,2026-08-28
ULTA,operatingIncome,2026-08-01,379641000,2026-09-20,OperatingIncomeLoss,2026-08-28
ULTA,revenue,2026-08-01,3035676000,2026-09-20,Revenues,2026-08-28
ULTA,shares,2026-08-01,42805000,2026-09-20,CommonStockSharesOutstanding,2026-08-28
VEEV,assets,2026-07-31,9060223000,2026-09-19,Assets,2026-08-28
VEEV,cash,2026-07-31,1812012000,2026-09-19,CashAndCashEquivalentsAtCarryingValue,2026-08-28
VEEV,equity,2026-07-31,7431449000,2026-09-19,StockholdersEquity,2026-08-28
VEEV,grossProfit,2026-07-31,695951000,2026-09-19,GrossProfit,2026-08-28
VEEV,liabilities,2026-07-31,1628774000,2026-09-19,Liabilities,2026-08-28
VEEV,netIncome,2026-07-31,273429000,2026-09-19,NetIncomeLoss,2026-08-28
VEEV,operatingIncome,2026-07-31,275018000,2026-09-19,OperatingIncomeLoss,2026-08-28
VEEV,receivables,2026-07-31,496677000,2026-09-19,AccountsReceivableNetCurrent,2026-08-28
VEEV,revenue,2026-07-31,927963000,2026-09-19,RevenueFromContractWithCustomerExcludingAssessedTax,2026-08-28
VEEV,rnd,2026-07-31,222918000,2026-09-19,ResearchAndDevelopmentExpense,2026-08-28
VEEV,shares,2026-07-31,161834760,2026-09-19,CommonStockSharesOutstanding,2026-08-28
VLTO,assets,2026-07-03,8558000000,2026-08-22,Assets,2026-08-28
VLTO,cash,2026-07-03,2119000000,2026-08-22,CashAndCashEquivalentsAtCarryingValue,2026-08-28
VLTO,debt,2026-07-03,2679000000,2026-08-22,LongTermDebtNoncurrent,2026-08-28
VLTO,equity,2026-07-03,3097000000,2026-08-22,StockholdersEquity,2026-08-28
VLTO,grossProfit,2026-07-03,902000000,2026-08-22,GrossProfit,2026-08-28
VLTO,inventory,2026-07-03,336000000,2026-08-22,InventoryNet,2026-08-28
VLTO,netIncome,2026-07-03,241000000,2026-08-22,NetIncomeLoss,2026-08-28
VLTO,operatingIncome,2026-07-03,315000000,2026-08-22,OperatingIncomeLoss,2026-08-28
VLTO,receivables,2026-07-03,921000000,2026-08-22,AccountsReceivableNetCurrent,2026-08-28
VLTO,revenue,2026-07-03,1474000000,2026-08-22,RevenueFromContractWithCustomerExcludingAssessedTax,2026-08-28
VLTO,rnd,2026-07-03,73000000,2026-08-22,ResearchAndDevelopmentExpense,2026-08-28
VLTO,shares,2026-07-03,244200000,2026-08-22,CommonStockSharesOutstanding,2026-08-28
WAT,assets,2026-07-04,24751000000,2026-08-23,Assets,2026-08-28
WAT,cash,2026-07-04,539000000,2026-08-23,CashAndCashEquivalentsAtCarryingValue,2026-08-28
WAT,debt,2026-07-04,4886000000,2026-08-23,LongTermDebtNoncurrent,2026-08-28
WAT,equity,2026-07-04,15195000000,2026-08-23,StockholdersEquity,2026-08-28
WAT,inventory,2026-07-04,1377000000,2026-08-23,InventoryNet,2026-08-28
WAT,liabilities,2026-07-04,9556000000,2026-08-23,Liabilities,2026-08-28
WAT,netIncome,2026-07-04,-136000000,2026-08-23,NetIncomeLoss,2026-08-28
WAT,operatingIncome,2026-07-04,-86000000,2026-08-23,OperatingIncomeLoss,2026-08-28
WAT,receivables,2026-07-04,1987000000,2026-08-23,AccountsReceivableNetCurrent,2026-08-28
WAT,revenue,2026-07-04,1645000000,2026-08-23,Revenues,2026-08-28
WAT,rnd,2026-07-04,122000000,2026-08-23,ResearchAndDevelopmentExpense,2026-08-28
WAT,shares,2026-07-04,98225000,2026-08-23,CommonStockSharesOutstanding,2026-08-28
WDAY,assets,2026-07-31,15857000000,2026-09-19,Assets,2026-08-28
WDAY,cash,2026-07-31,661000000,2026-09-19,CashAndCashEquivalentsAtCarryingValue,2026-08-28
WDAY,debt,2026-07-31,1990000000,2026-09-19,LongTermDebtNoncurrent,2026-08-28
WDAY,equity,2026-07-31,6460000000,2026-09-19,StockholdersEquity,2026-08-28
WDAY,liabilities,2026-07-31,9397000000,2026-09-19,Liabilities,2026-08-28
WDAY,netIncome,2026-07-31,632000000,2026-09-19,NetIncomeLoss,2026-08-28
WDAY,operatingIncome,2026-07-31,313000000,2026-09-19,OperatingIncomeLoss,2026-08-28
WDAY,receivables,2026-07-31,1895000000,2026-09-19,AccountsReceivableNetCurrent,2026-08-28
WDAY,revenue,2026-07-31,2649000000,2026-09-19,RevenueFromContractWithCustomerExcludingAssessedTax,2026-08-28
WDAY,rnd,2026-07-31,747000000,2026-09-19,ResearchAndDevelopmentExpense,2026-08-28
WDC,assets,2026-07-03,13861000000,2026-08-22,Assets,2026-08-28
WDC,cash,2026-07-03,1579000000,2026-08-22,CashAndCashEquivalentsAtCarryingValue,2026-08-28
WDC,debt,2026-07-03,0,2026-08-22,LongTermDebtNoncurrent,2026-08-28
WDC,equity,2026-07-03,8864000000,2026-08-22,StockholdersEquity,2026-08-28
WDC,inventory,2026-07-03,1511000000,2026-08-22,InventoryNet,2026-08-28
WDC,liabilities,2026-07-03,4997000000,2026-08-22,Liabilities,2026-08-28
WDC,receivables,2026-07-03,2026000000,2026-08-22,AccountsReceivableNetCurrent,2026-08-28
WDC,shares,2026-07-03,361000000,2026-08-22,CommonStockSharesOutstanding,2026-08-28
ZBRA,assets,2026-07-04,8637000000,2026-08-23,Assets,2026-08-28
ZBRA,cash,2026-07-04,157000000,2026-08-23,CashAndCashEquivalentsAtCarryingValue,2026-08-28
ZBRA,debt,2026-07-04,493000000,2026-08-23,LongTermDebtNoncurrent,2026-08-28
ZBRA,equity,2026-07-04,3435000000,2026-08-23,StockholdersEquity,2026-08-28
ZBRA,grossProfit,2026-07-04,825000000,2026-08-23,GrossProfit,2026-08-28
ZBRA,inventory,2026-07-04,733000000,2026-08-23,InventoryNet,2026-08-28
ZBRA,liabilities,2026-07-04,5202000000,2026-08-23,Liabilities,2026-08-28
ZBRA,netIncome,2026-07-04,233000000,2026-08-23,NetIncomeLoss,2026-08-28
ZBRA,operatingIncome,2026-07-04,321000000,2026-08-23,OperatingIncomeLoss,2026-08-28
ZBRA,receivables,2026-07-04,990000000,2026-08-23,AccountsReceivableNetCurrent,2026-08-28
ZBRA,revenue,2026-07-04,1557000000,2026-08-23,RevenueFromContractWithCustomerExcludingAssessedTax,2026-08-28
ZBRA,rnd,2026-07-04,159000000,2026-08-23,ResearchAndDevelopmentExpense,2026-08-28
ADI,assets,2026-08-01,48424417000,2026-09-20,Assets,2026-08-29
ADI,cash,2026-08-01,2165870000,2026-09-20,CashAndCashEquivalentsAtCarryingValue,2026-08-29
ADI,debt,2026-08-01,6771624000,2026-09-20,LongTermDebtNoncurrent,2026-08-29
ADI,equity,2026-08-01,33550897000,2026-09-20,StockholdersEquity,2026-08-29
ADI,grossProfit,2026-08-01,2707544000,2026-09-20,GrossProfit,2026-08-29
ADI,inventory,2026-08-01,1931496000,2026-09-20,InventoryNet,2026-08-29
ADI,netIncome,2026-08-01,1340090000,2026-09-20,NetIncomeLoss,2026-08-29
ADI,operatingIncome,2026-08-01,1612969000,2026-09-20,OperatingIncomeLoss,2026-08-29
ADI,receivables,2026-08-01,2389577000,2026-09-20,AccountsReceivableNetCurrent,2026-08-29
ADI,revenue,2026-08-01,4021899000,2026-09-20,RevenueFromContractWithCustomerExcludingAssessedTax,2026-08-29
ADI,rnd,2026-08-01,533480000,2026-09-20,ResearchAndDevelopmentExpense,2026-08-29
ADI,shares,2026-08-01,484565465,2026-09-20,CommonStockSharesOutstanding,2026-08-29
ADSK,assets,2026-07-31,12983000000,2026-09-19,Assets,2026-08-29
ADSK,cash,2026-07-31,4098000000,2026-09-19,CashAndCashEquivalentsAtCarryingValue,2026-08-29
ADSK,debt,2026-07-31,2500000000,2026-09-19,LongTermDebt,2026-08-29
ADSK,equity,2026-07-31,3383000000,2026-09-19,StockholdersEquity,2026-08-29
ADSK,grossProfit,2026-07-31,1870000000,2026-09-19,GrossProfit,2026-08-29
ADSK,netIncome,2026-07-31,492000000,2026-09-19,NetIncomeLoss,2026-08-29
ADSK,operatingIncome,2026-07-31,599000000,2026-09-19,OperatingIncomeLoss,2026-08-29
ADSK,receivables,2026-07-31,684000000,2026-09-19,AccountsReceivableNetCurrent,2026-08-29
ADSK,revenue,2026-07-31,2046000000,2026-09-19,RevenueFromContractWithCustomerExcludingAssessedTax,2026-08-29
ADSK,rnd,2026-07-31,464000000,2026-09-19,ResearchAndDevelopmentExpense,2026-08-29
AMAT,assets,2026-07-26,43522000000,2026-09-14,Assets,2026-08-29
AMAT,cash,2026-07-26,7037000000,2026-09-14,CashAndCashEquivalentsAtCarryingValue,2026-08-29
AMAT,debt,2026-07-26,5245000000,2026-09-14,LongTermDebtNoncurrent,2026-08-29
AMAT,equity,2026-07-26,25626000000,2026-09-14,StockholdersEquity,2026-08-29
AMAT,grossProfit,2026-07-26,4586000000,2026-09-14,GrossProfit,2026-08-29
AMAT,inventory,2026-07-26,6564000000,2026-09-14,InventoryNet,2026-08-29
AMAT,liabilities,2026-07-26,17896000000,2026-09-14,Liabilities,2026-08-29
AMAT,netIncome,2026-07-26,2538000000,2026-09-14,NetIncomeLoss,2026-08-29
AMAT,operatingIncome,2026-07-26,3075000000,2026-09-14,OperatingIncomeLoss,2026-08-29
AMAT,receivables,2026-07-26,7691000000,2026-09-14,AccountsReceivableNetCurrent,2026-08-29
AMAT,revenue,2026-07-26,9115000000,2026-09-14,RevenueFromContractWithCustomerExcludingAssessedTax,2026-08-29
AMAT,rnd,2026-07-26,1100000000,2026-09-14,ResearchAndDevelopmentExpense,2026-08-29
CRM,assets,2026-07-31,109620000000,2026-09-19,Assets,2026-08-29
CRM,buybacks,2026-07-31,84000000,2026-09-19,PaymentsForRepurchaseOfCommonStock,2026-08-29
CRM,capex,2026-07-31,171000000,2026-09-19,PaymentsToAcquirePropertyPlantAndEquipment,2026-08-29
CRM,cash,2026-07-31,8310000000,2026-09-19,CashAndCashEquivalentsAtCarryingValue,2026-08-29
CRM,debt,2026-07-31,39288000000,2026-09-19,LongTermDebtNoncurrent,2026-08-29
CRM,equity,2026-07-31,38378000000,2026-09-19,StockholdersEquity,2026-08-29
CRM,grossProfit,2026-07-31,8696000000,2026-09-19,GrossProfit,2026-08-29
CRM,liabilities,2026-07-31,71242000000,2026-09-19,Liabilities,2026-08-29
CRM,netIncome,2026-07-31,3526000000,2026-09-19,NetIncomeLoss,2026-08-29
CRM,operatingCashFlow,2026-07-31,1269000000,2026-09-19,NetCashProvidedByUsedInOperatingActivities,2026-08-29
CRM,operatingIncome,2026-07-31,2331000000,2026-09-19,OperatingIncomeLoss,2026-08-29
CRM,receivables,2026-07-31,6320000000,2026-09-19,AccountsReceivableNetCurrent,2026-08-29
CRM,revenue,2026-07-31,11345000000,2026-09-19,RevenueFromContractWithCustomerExcludingAssessedTax,2026-08-29
CRM,rnd,2026-07-31,1687000000,2026-09-19,ResearchAndDevelopmentExpense,2026-08-29
CRWD,assets,2026-07-31,12025001000,2026-09-19,Assets,2026-08-29
CRWD,cash,2026-07-31,5013847000,2026-09-19,CashAndCashEquivalentsAtCarryingValue,2026-08-29
CRWD,debt,2026-07-31,746216000,2026-09-19,LongTermDebtNoncurrent,2026-08-29
CRWD,equity,2026-07-31,5101724000,2026-09-19,StockholdersEquity,2026-08-29
CRWD,grossProfit,2026-07-31,1096895000,2026-09-19,GrossProfit,2026-08-29
CRWD,liabilities,2026-07-31,6885476000,2026-09-19,Liabilities,2026-08-29
CRWD,netIncome,2026-07-31,5306000,2026-09-19,NetIncomeLoss,2026-08-29
CRWD,operatingIncome,2026-07-31,-33232000,2026-09-19,OperatingIncomeLoss,2026-08-29
CRWD,receivables,2026-07-31,1038575000,2026-09-19,AccountsReceivableNetCurrent,2026-08-29
CRWD,rnd,2026-07-31,444200000,2026-09-19,ResearchAndDevelopmentExpense,2026-08-29
DE,assets,2026-08-02,107607000000,2026-09-21,Assets,2026-08-29
DE,cash,2026-08-02,8928000000,2026-09-21,CashAndCashEquivalentsAtCarryingValue,2026-08-29
DE,equity,2026-08-02,27990000000,2026-09-21,StockholdersEquity,2026-08-29
DE,inventory,2026-08-02,7811000000,2026-09-21,InventoryNet,2026-08-29
DE,liabilities,2026-08-02,79566000000,2026-09-21,Liabilities,2026-08-29
DE,netIncome,2026-08-02,1379000000,2026-09-21,NetIncomeLoss,2026-08-29
DE,revenue,2026-08-02,12608000000,2026-09-21,Revenues,2026-08-29
DE,rnd,2026-08-02,567000000,2026-09-21,ResearchAndDevelopmentExpense,2026-08-29
DG,assets,2026-07-31,32167333000,2026-09-19,Assets,2026-08-29
DG,cash,2026-07-31,1589590000,2026-09-19,CashAndCashEquivalentsAtCarryingValue,2026-08-29
DG,equity,2026-07-31,9288648000,2026-09-19,StockholdersEquity,2026-08-29
DG,grossProfit,2026-07-31,3680921000,2026-09-19,GrossProfit,2026-08-29
DG,inventory,2026-07-31,6552841000,2026-09-19,InventoryNet,2026-08-29
DG,liabilities,2026-07-31,22878685000,2026-09-19,Liabilities,2026-08-29
DG,netIncome,2026-07-31,550315000,2026-09-19,NetIncomeLoss,2026-08-29
DG,operatingIncome,2026-07-31,769164000,2026-09-19,OperatingIncomeLoss,2026-08-29
DG,revenue,2026-07-31,11290380000,2026-09-19,RevenueFromContractWithCustomerExcludingAssessedTax,2026-08-29
DLTR,assets,2026-08-01,14029600000,2026-09-20,Assets,2026-08-29
DLTR,cash,2026-08-01,1058100000,2026-09-20,CashAndCashEquivalentsAtCarryingValue,2026-08-29
DLTR,debt,2026-08-01,2933500000,2026-09-20,LongTermDebtNoncurrent,2026-08-29
DLTR,equity,2026-08-01,3425300000,2026-09-20,StockholdersEquity,2026-08-29
DLTR,liabilities,2026-08-01,10604300000,2026-09-20,Liabilities,2026-08-29
DLTR,netIncome,2026-08-01,514500000,2026-09-20,NetIncomeLoss,2026-08-29
DLTR,operatingIncome,2026-08-01,690100000,2026-09-20,OperatingIncomeLoss,2026-08-29
DLTR,revenue,2026-08-01,4891200000,2026-09-20,Revenues,2026-08-29
DLTR,shares,2026-08-01,187672941,2026-09-20,CommonStockSharesOutstanding,2026-08-29
FTV,assets,2026-07-03,11615000000,2026-08-22,Assets,2026-08-29
FTV,cash,2026-07-03,374200000,2026-08-22,CashAndCashEquivalentsAtCarryingValue,2026-08-29
FTV,debt,2026-07-03,3509300000,2026-08-22,LongTermDebtNoncurrent,2026-08-29
FTV,equity,2026-07-03,6060600000,2026-08-22,StockholdersEquity,2026-08-29
FTV,grossProfit,2026-07-03,695300000,2026-08-22,GrossProfit,2026-08-29
FTV,inventory,2026-07-03,310800000,2026-08-22,InventoryNet,2026-08-29
FTV,netIncome,2026-07-03,157300000,2026-08-22,NetIncomeLoss,2026-08-29
FTV,operatingIncome,2026-07-03,209900000,2026-08-22,OperatingIncomeLoss,2026-08-29
FTV,receivables,2026-07-03,657800000,2026-08-22,AccountsReceivableNetCurrent,2026-08-29
FTV,revenue,2026-07-03,1096800000,2026-08-22,RevenueFromContractWithCustomerExcludingAssessedTax,2026-08-29
FTV,rnd,2026-07-03,67500000,2026-08-22,ResearchAndDevelopmentExpense,2026-08-29
FTV,shares,2026-07-03,302600000,2026-08-22,CommonStockSharesOutstanding,2026-08-29
GD,assets,2026-07-05,60163000000,2026-08-24,Assets,2026-08-29
GD,cash,2026-07-05,4333000000,2026-08-24,CashAndCashEquivalentsAtCarryingValue,2026-08-29
GD,debt,2026-07-05,6260000000,2026-08-24,LongTermDebtNoncurrent,2026-08-29
GD,equity,2026-07-05,26826000000,2026-08-24,StockholdersEquity,2026-08-29
GD,inventory,2026-07-05,9097000000,2026-08-24,InventoryNet,2026-08-29
GD,netIncome,2026-07-05,1160000000,2026-08-24,NetIncomeLoss,2026-08-29
GD,operatingIncome,2026-07-05,1460000000,2026-08-24,OperatingIncomeLoss,2026-08-29
GD,receivables,2026-07-05,2398000000,2026-08-24,AccountsReceivableNetCurrent,2026-08-29
GD,revenue,2026-07-05,14094000000,2026-08-24,RevenueFromContractWithCustomerExcludingAssessedTax,2026-08-29
GEN,assets,2026-07-03,15644000000,2026-08-22,Assets,2026-08-29
GEN,buybacks,2026-07-03,100000000,2026-08-22,PaymentsForRepurchaseOfCommonStock,2026-08-29
GEN,capex,2026-07-03,4000000,2026-08-22,PaymentsToAcquirePropertyPlantAndEquipment,2026-08-29
GEN,debt,2026-07-03,7975000000,2026-08-22,LongTermDebtNoncurrent,2026-08-29
GEN,equity,2026-07-03,2656000000,2026-08-22,StockholdersEquity,2026-08-29
GEN,grossProfit,2026-07-03,1029000000,2026-08-22,GrossProfit,2026-08-29
GEN,liabilities,2026-07-03,12988000000,2026-08-22,Liabilities,2026-08-29
GEN,netIncome,2026-07-03,215000000,2026-08-22,NetIncomeLoss,2026-08-29
GEN,operatingCashFlow,2026-07-03,434000000,2026-08-22,NetCashProvidedByUsedInOperatingActivities,2026-08-29
GEN,operatingIncome,2026-07-03,443000000,2026-08-22,OperatingIncomeLoss,2026-08-29
GEN,receivables,2026-07-03,378000000,2026-08-22,AccountsReceivableNetCurrent,2026-08-29
GEN,revenue,2026-07-03,1336000000,2026-08-22,RevenueFromContractWithCustomerExcludingAssessedTax,2026-08-29
GEN,rnd,2026-07-03,118000000,2026-08-22,ResearchAndDevelopmentExpense,2026-08-29
GEN,shares,2026-07-03,599000000,2026-08-22,CommonStockSharesOutstanding,2026-08-29
HD,assets,2026-08-02,109384000000,2026-09-21,Assets,2026-08-29
HD,cash,2026-08-02,2085000000,2026-09-21,CashAndCashEquivalentsAtCarryingValue,2026-08-29
HD,equity,2026-08-02,16617000000,2026-09-21,StockholdersEquity,2026-08-29
HD,grossProfit,2026-08-02,16115000000,2026-09-21,GrossProfit,2026-08-29
HD,inventory,2026-08-02,26847000000,2026-09-21,InventoryNet,2026-08-29
HD,liabilities,2026-08-02,92767000000,2026-09-21,Liabilities,2026-08-29
HD,netIncome,2026-08-02,4766000000,2026-09-21,NetIncomeLoss,2026-08-29
HD,operatingIncome,2026-08-02,6839000000,2026-09-21,OperatingIncomeLoss,2026-08-29
HD,receivables,2026-08-02,6963000000,2026-09-21,AccountsReceivableNetCurrent,2026-08-29
HD,revenue,2026-08-02,47861000000,2026-09-21,RevenueFromContractWithCustomerExcludingAssessedTax,2026-08-29
HD,shares,2026-08-02,998000000,2026-09-21,CommonStockSharesOutstanding,2026-08-29
HPQ,assets,2026-07-31,45701000000,2026-09-19,Assets,2026-08-29
HPQ,buybacks,2026-07-31,300000000,2026-09-19,PaymentsForRepurchaseOfCommonStock,2026-08-29
HPQ,cash,2026-07-31,4169000000,2026-09-19,CashAndCashEquivalentsAtCarryingValue,2026-08-29
HPQ,debt,2026-07-31,7868000000,2026-09-19,LongTermDebtNoncurrent,2026-08-29
HPQ,equity,2026-07-31,-92000000,2026-09-19,StockholdersEquity,2026-08-29
HPQ,grossProfit,2026-07-31,2945000000,2026-09-19,GrossProfit,2026-08-29
HPQ,inventory,2026-07-31,10322000000,2026-09-19,InventoryNet,2026-08-29
HPQ,netIncome,2026-07-31,661000000,2026-09-19,NetIncomeLoss,2026-08-29
HPQ,operatingIncome,2026-07-31,892000000,2026-09-19,OperatingIncomeLoss,2026-08-29
HPQ,receivables,2026-07-31,7168000000,2026-09-19,AccountsReceivableNetCurrent,2026-08-29
HPQ,revenue,2026-07-31,15677000000,2026-09-19,Revenues,2026-08-29
HPQ,rnd,2026-07-31,389000000,2026-09-19,ResearchAndDevelopmentExpense,2026-08-29
HPQ,shares,2026-07-31,903000000,2026-09-19,CommonStockSharesOutstanding,2026-08-29
HRL,assets,2026-07-26,13292014000,2026-09-14,Assets,2026-08-29
HRL,cash,2026-07-26,839639000,2026-09-14,CashAndCashEquivalentsAtCarryingValue,2026-08-29
HRL,debt,2026-07-26,2349489000,2026-09-14,LongTermDebtNoncurrent,2026-08-29
HRL,equity,2026-07-26,7843444000,2026-09-14,StockholdersEquity,2026-08-29
HRL,grossProfit,2026-07-26,471515000,2026-09-14,GrossProfit,2026-08-29
HRL,inventory,2026-07-26,1801567000,2026-09-14,InventoryNet,2026-08-29
HRL,netIncome,2026-07-26,59573000,2026-09-14,NetIncomeLoss,2026-08-29
HRL,operatingIncome,2026-07-26,110904000,2026-09-14,OperatingIncomeLoss,2026-08-29
KO,assets,2026-07-03,107922000000,2026-08-22,Assets,2026-08-29
KO,capex,2026-07-03,418000000,2026-08-22,PaymentsToAcquirePropertyPlantAndEquipment,2026-08-29
KO,cash,2026-07-03,12907000000,2026-08-22,CashAndCashEquivalentsAtCarryingValue,2026-08-29
KO,equity,2026-07-03,36150000000,2026-08-22,StockholdersEquity,2026-08-29
KO,grossProfit,2026-07-03,8415000000,2026-08-22,GrossProfit,2026-08-29
KO,inventory,2026-07-03,4647000000,2026-08-22,InventoryNet,2026-08-29
KO,netIncome,2026-07-03,4425000000,2026-08-22,NetIncomeLoss,2026-08-29
KO,operatingIncome,2026-07-03,4672000000,2026-08-22,OperatingIncomeLoss,2026-08-29
KO,receivables,2026-07-03,3732000000,2026-08-22,AccountsReceivableNetCurrent,2026-08-29
KO,revenue,2026-07-03,13380000000,2026-08-22,Revenues,2026-08-29
LDOS,assets,2026-07-03,15632000000,2026-08-22,Assets,2026-08-29
LDOS,buybacks,2026-07-03,66000000,2026-08-22,PaymentsForRepurchaseOfCommonStock,2026-08-29
LDOS,cash,2026-07-03,748000000,2026-08-22,CashAndCashEquivalentsAtCarryingValue,2026-08-29
LDOS,equity,2026-07-03,5284000000,2026-08-22,StockholdersEquity,2026-08-29
LDOS,inventory,2026-07-03,94000000,2026-08-22,InventoryNet,2026-08-29
LDOS,liabilities,2026-07-03,10296000000,2026-08-22,Liabilities,2026-08-29
LDOS,netIncome,2026-07-03,354000000,2026-08-22,NetIncomeLoss,2026-08-29
LDOS,operatingIncome,2026-07-03,514000000,2026-08-22,OperatingIncomeLoss,2026-08-29
LDOS,revenue,2026-07-03,4558000000,2026-08-22,Revenues,2026-08-29
LDOS,shares,2026-07-03,125492013,2026-08-22,CommonStockSharesOutstanding,2026-08-29
LHX,assets,2026-07-03,42938000000,2026-08-22,Assets,2026-08-29
LHX,cash,2026-07-03,1521000000,2026-08-22,CashAndCashEquivalentsAtCarryingValue,2026-08-29
LHX,debt,2026-07-03,9184000000,2026-08-22,LongTermDebtNoncurrent,2026-08-29
LHX,equity,2026-07-03,19882000000,2026-08-22,StockholdersEquity,2026-08-29
LHX,inventory,2026-07-03,1272000000,2026-08-22,InventoryNet,2026-08-29
LHX,liabilities,2026-07-03,22088000000,2026-08-22,Liabilities,2026-08-29
LHX,netIncome,2026-07-03,600000000,2026-08-22,NetIncomeLoss,2026-08-29
LHX,operatingIncome,2026-07-03,654000000,2026-08-22,OperatingIncomeLoss,2026-08-29
LHX,receivables,2026-07-03,1950000000,2026-08-22,AccountsReceivableNetCurrent,2026-08-29
LHX,revenue,2026-07-03,5881000000,2026-08-22,RevenueFromContractWithCustomerExcludingAssessedTax,2026-08-29
LHX,shares,2026-07-03,186155804,2026-08-22,CommonStockSharesOutstanding,2026-08-29
LOW,assets,2026-07-31,55881000000,2026-09-19,Assets,2026-08-29
LOW,cash,2026-07-31,3172000000,2026-09-19,CashAndCashEquivalentsAtCarryingValue,2026-08-29
LOW,equity,2026-07-31,-7437000000,2026-09-19,StockholdersEquity,2026-08-29
LOW,grossProfit,2026-07-31,8577000000,2026-09-19,GrossProfit,2026-08-29
LOW,inventory,2026-07-31,17737000000,2026-09-19,InventoryNet,2026-08-29
LOW,liabilities,2026-07-31,63318000000,2026-09-19,Liabilities,2026-08-29
LOW,netIncome,2026-07-31,2399000000,2026-09-19,NetIncomeLoss,2026-08-29
LOW,operatingIncome,2026-07-31,3549000000,2026-09-19,OperatingIncomeLoss,2026-08-29
LOW,revenue,2026-07-31,25956000000,2026-09-19,RevenueFromContractWithCustomerExcludingAssessedTax,2026-08-29
LOW,shares,2026-07-31,561000000,2026-09-19,CommonStockSharesOutstanding,2026-08-29
MRVL,assets,2026-08-01,27554600000,2026-09-20,Assets,2026-08-29
MRVL,cash,2026-08-01,3932800000,2026-09-20,CashAndCashEquivalentsAtCarryingValue,2026-08-29
MRVL,debt,2026-08-01,4962900000,2026-09-20,LongTermDebtNoncurrent,2026-08-29
MRVL,equity,2026-08-01,18531600000,2026-09-20,StockholdersEquity,2026-08-29
MRVL,grossProfit,2026-08-01,1455600000,2026-09-20,GrossProfit,2026-08-29
MRVL,inventory,2026-08-01,1360600000,2026-09-20,InventoryNet,2026-08-29
MRVL,liabilities,2026-08-01,9023000000,2026-09-20,Liabilities,2026-08-29
MRVL,netIncome,2026-08-01,308000000,2026-09-20,NetIncomeLoss,2026-08-29
MRVL,operatingIncome,2026-08-01,459700000,2026-09-20,OperatingIncomeLoss,2026-08-29
MRVL,receivables,2026-08-01,2218400000,2026-09-20,AccountsReceivableNetCurrent,2026-08-29
MRVL,revenue,2026-08-01,2739300000,2026-09-20,RevenueFromContractWithCustomerExcludingAssessedTax,2026-08-29
MRVL,rnd,2026-08-01,741100000,2026-09-20,ResearchAndDevelopmentExpense,2026-08-29
MSI,assets,2026-07-04,19242000000,2026-08-23,Assets,2026-08-29
MSI,cash,2026-07-04,710000000,2026-08-23,CashAndCashEquivalentsAtCarryingValue,2026-08-29
MSI,debt,2026-07-04,8417000000,2026-08-23,LongTermDebtNoncurrent,2026-08-29
MSI,equity,2026-07-04,2672000000,2026-08-23,StockholdersEquity,2026-08-29
MSI,grossProfit,2026-07-04,1678000000,2026-08-23,GrossProfit,2026-08-29
MSI,inventory,2026-07-04,1333000000,2026-08-23,InventoryNet,2026-08-29
MSI,netIncome,2026-07-04,557000000,2026-08-23,NetIncomeLoss,2026-08-29
MSI,operatingIncome,2026-07-04,809000000,2026-08-23,OperatingIncomeLoss,2026-08-29
MSI,receivables,2026-07-04,2160000000,2026-08-23,AccountsReceivableNetCurrent,2026-08-29
MSI,revenue,2026-07-04,3133000000,2026-08-23,RevenueFromContractWithCustomerExcludingAssessedTax,2026-08-29
MSI,rnd,2026-07-04,260000000,2026-08-23,ResearchAndDevelopmentExpense,2026-08-29
MSI,shares,2026-07-04,165500000,2026-08-23,CommonStockSharesOutstanding,2026-08-29
NDSN,assets,2026-07-31,5947920000,2026-09-19,Assets,2026-08-29
NDSN,cash,2026-07-31,113431000,2026-09-19,CashAndCashEquivalentsAtCarryingValue,2026-08-29
NDSN,debt,2026-07-31,1529005000,2026-09-19,LongTermDebtNoncurrent,2026-08-29
NDSN,equity,2026-07-31,3269059000,2026-09-19,StockholdersEquity,2026-08-29
NDSN,inventory,2026-07-31,469310000,2026-09-19,InventoryNet,2026-08-29
NDSN,netIncome,2026-07-31,152846000,2026-09-19,NetIncomeLoss,2026-08-29
NDSN,operatingIncome,2026-07-31,223092000,2026-09-19,OperatingIncomeLoss,2026-08-29
NDSN,revenue,2026-07-31,817667000,2026-09-19,RevenueFromContractWithCustomerExcludingAssessedTax,2026-08-29
NUE,assets,2026-07-04,36954000000,2026-08-23,Assets,2026-08-29
NUE,cash,2026-07-04,2478000000,2026-08-23,CashAndCashEquivalentsAtCarryingValue,2026-08-29
NUE,equity,2026-07-04,22109000000,2026-08-23,StockholdersEquity,2026-08-29
NUE,inventory,2026-07-04,6020000000,2026-08-23,InventoryNet,2026-08-29
NUE,liabilities,2026-07-04,13688000000,2026-08-23,Liabilities,2026-08-29
NUE,netIncome,2026-07-04,1156000000,2026-08-23,NetIncomeLoss,2026-08-29
NUE,receivables,2026-07-04,4045000000,2026-08-23,AccountsReceivableNetCurrent,2026-08-29
NUE,revenue,2026-07-04,10397000000,2026-08-23,RevenueFromContractWithCustomerExcludingAssessedTax,2026-08-29
NVDA,assets,2026-07-26,320272000000,2026-09-14,Assets,2026-08-29
NVDA,cash,2026-07-26,22443000000,2026-09-14,CashAndCashEquivalentsAtCarryingValue,2026-08-29
NVDA,debt,2026-07-26,32366000000,2026-09-14,LongTermDebtNoncurrent,2026-08-29
NVDA,equity,2026-07-26,228984000000,2026-09-14,StockholdersEquity,2026-08-29
NVDA,grossProfit,2026-07-26,72142000000,2026-09-14,GrossProfit,2026-08-29
NVDA,inventory,2026-07-26,31575000000,2026-09-14,InventoryNet,2026-08-29
NVDA,liabilities,2026-07-26,91288000000,2026-09-14,Liabilities,2026-08-29
NVDA,netIncome,2026-07-26,59688000000,2026-09-14,NetIncomeLoss,2026-08-29
NVDA,operatingIncome,2026-07-26,63734000000,2026-09-14,OperatingIncomeLoss,2026-08-29
NVDA,receivables,2026-07-26,63059000000,2026-09-14,AccountsReceivableNetCurrent,2026-08-29
NVDA,revenue,2026-07-26,96221000000,2026-09-14,Revenues,2026-08-29
NVDA,rnd,2026-07-26,7054000000,2026-09-14,ResearchAndDevelopmentExpense,2026-08-29
ON,assets,2026-07-03,13485100000,2026-08-22,Assets,2026-08-29
ON,cash,2026-07-03,3514500000,2026-08-22,CashAndCashEquivalentsAtCarryingValue,2026-08-29
ON,debt,2026-07-03,3657300000,2026-08-22,LongTermDebtNoncurrent,2026-08-29
ON,equity,2026-07-03,7218700000,2026-08-22,StockholdersEquity,2026-08-29
ON,grossProfit,2026-07-03,616300000,2026-08-22,GrossProfit,2026-08-29
ON,inventory,2026-07-03,2047500000,2026-08-22,InventoryNet,2026-08-29
ON,liabilities,2026-07-03,6246600000,2026-08-22,Liabilities,2026-08-29
ON,netIncome,2026-07-03,226800000,2026-08-22,NetIncomeLoss,2026-08-29
ON,operatingIncome,2026-07-03,258600000,2026-08-22,OperatingIncomeLoss,2026-08-29
ON,revenue,2026-07-03,1603500000,2026-08-22,RevenueFromContractWithCustomerExcludingAssessedTax,2026-08-29
ON,shares,2026-07-03,389290999,2026-08-22,CommonStockSharesOutstanding,2026-08-29
RVTY,assets,2026-07-05,12045834000,2026-08-24,Assets,2026-08-29
RVTY,cash,2026-07-05,1022943000,2026-08-24,CashAndCashEquivalentsAtCarryingValue,2026-08-29
RVTY,debt,2026-07-05,2633094000,2026-08-24,LongTermDebtNoncurrent,2026-08-29
RVTY,equity,2026-07-05,7228758000,2026-08-24,StockholdersEquity,2026-08-29
RVTY,inventory,2026-07-05,378502000,2026-08-24,InventoryNet,2026-08-29
RVTY,liabilities,2026-07-05,4817076000,2026-08-24,Liabilities,2026-08-29
RVTY,netIncome,2026-07-05,51820000,2026-08-24,NetIncomeLoss,2026-08-29
RVTY,operatingIncome,2026-07-05,89316000,2026-08-24,OperatingIncomeLoss,2026-08-29
RVTY,receivables,2026-07-05,709175000,2026-08-24,AccountsReceivableNetCurrent,2026-08-29
RVTY,revenue,2026-07-05,729688000,2026-08-24,RevenueFromContractWithCustomerExcludingAssessedTax,2026-08-29
RVTY,rnd,2026-07-05,48974000,2026-08-24,ResearchAndDevelopmentExpense,2026-08-29
RVTY,shares,2026-07-05,111584000,2026-08-24,CommonStockSharesOutstanding,2026-08-29
SJM,assets,2026-07-31,16203200000,2026-09-19,Assets,2026-08-29
SJM,buybacks,2026-07-31,5700000,2026-09-19,PaymentsForRepurchaseOfCommonStock,2026-08-29
SJM,capex,2026-07-31,88400000,2026-09-19,PaymentsToAcquirePropertyPlantAndEquipment,2026-08-29
SJM,debt,2026-07-31,6394300000,2026-09-19,LongTermDebtNoncurrent,2026-08-29
SJM,equity,2026-07-31,5750800000,2026-09-19,StockholdersEquity,2026-08-29
SJM,grossProfit,2026-07-31,979600000,2026-09-19,GrossProfit,2026-08-29
SJM,inventory,2026-07-31,1186500000,2026-09-19,InventoryNet,2026-08-29
SJM,liabilities,2026-07-31,10452400000,2026-09-19,Liabilities,2026-08-29
SJM,netIncome,2026-07-31,324300000,2026-09-19,NetIncomeLoss,2026-08-29
SJM,operatingCashFlow,2026-07-31,425700000,2026-09-19,NetCashProvidedByUsedInOperatingActivities,2026-08-29
SJM,operatingIncome,2026-07-31,511600000,2026-09-19,OperatingIncomeLoss,2026-08-29
SJM,receivables,2026-07-31,615700000,2026-09-19,AccountsReceivableNetCurrent,2026-08-29
SJM,shares,2026-07-31,106800000,2026-09-19,CommonStockSharesOutstanding,2026-08-29
SNA,assets,2026-07-04,8640900000,2026-08-23,Assets,2026-08-29
SNA,cash,2026-07-04,1644700000,2026-08-23,CashAndCashEquivalentsAtCarryingValue,2026-08-29
SNA,debt,2026-07-04,887000000,2026-08-23,LongTermDebtNoncurrent,2026-08-29
SNA,equity,2026-07-04,6041300000,2026-08-23,StockholdersEquity,2026-08-29
SNA,inventory,2026-07-04,1045300000,2026-08-23,InventoryNet,2026-08-29
SNA,liabilities,2026-07-04,2574600000,2026-08-23,Liabilities,2026-08-29
SNA,netIncome,2026-07-04,260600000,2026-08-23,NetIncomeLoss,2026-08-29
SNA,operatingIncome,2026-07-04,336400000,2026-08-23,OperatingIncomeLoss,2026-08-29
SNA,receivables,2026-07-04,942200000,2026-08-23,AccountsReceivableNetCurrent,2026-08-29
SNA,revenue,2026-07-04,1334800000,2026-08-23,Revenues,2026-08-29
SNDK,assets,2026-07-03,22507000000,2026-08-22,Assets,2026-08-29
SNDK,cash,2026-07-03,4762000000,2026-08-22,CashAndCashEquivalentsAtCarryingValue,2026-08-29
SNDK,debt,2026-07-03,0,2026-08-22,LongTermDebtNoncurrent,2026-08-29
SNDK,equity,2026-07-03,15736000000,2026-08-22,StockholdersEquity,2026-08-29
SNDK,inventory,2026-07-03,2698000000,2026-08-22,InventoryNet,2026-08-29
SNDK,liabilities,2026-07-03,6771000000,2026-08-22,Liabilities,2026-08-29
SNDK,receivables,2026-07-03,4708000000,2026-08-22,AccountsReceivableNetCurrent,2026-08-29
SNDK,shares,2026-07-03,146000000,2026-08-22,CommonStockSharesOutstanding,2026-08-29
SNPS,assets,2026-07-31,47726263000,2026-09-19,Assets,2026-08-29
SNPS,cash,2026-07-31,3606286000,2026-09-19,CashAndCashEquivalentsAtCarryingValue,2026-08-29
SNPS,debt,2026-07-31,9017113000,2026-09-19,LongTermDebtNoncurrent,2026-08-29
SNPS,equity,2026-07-31,31152539000,2026-09-19,StockholdersEquity,2026-08-29
SNPS,grossProfit,2026-07-31,1797434000,2026-09-19,GrossProfit,2026-08-29
SNPS,inventory,2026-07-31,479129000,2026-09-19,InventoryNet,2026-08-29
SNPS,liabilities,2026-07-31,16574884000,2026-09-19,Liabilities,2026-08-29
SNPS,netIncome,2026-07-31,545800000,2026-09-19,NetIncomeLoss,2026-08-29
SNPS,operatingIncome,2026-07-31,357491000,2026-09-19,OperatingIncomeLoss,2026-08-29
SNPS,receivables,2026-07-31,1318747000,2026-09-19,AccountsReceivableNetCurrent,2026-08-29
SNPS,revenue,2026-07-31,2476822000,2026-09-19,RevenueFromContractWithCustomerExcludingAssessedTax,2026-08-29
SNPS,rnd,2026-07-31,719737000,2026-09-19,ResearchAndDevelopmentExpense,2026-08-29
SNPS,shares,2026-07-31,191605000,2026-09-19,CommonStockSharesOutstanding,2026-08-29
STX,assets,2026-07-03,9972000000,2026-08-22,Assets,2026-08-29
STX,cash,2026-07-03,1704000000,2026-08-22,CashAndCashEquivalentsAtCarryingValue,2026-08-29
STX,debt,2026-07-03,3380000000,2026-08-22,LongTermDebtNoncurrent,2026-08-29
STX,equity,2026-07-03,2167000000,2026-08-22,StockholdersEquity,2026-08-29
STX,inventory,2026-07-03,1571000000,2026-08-22,InventoryNet,2026-08-29
STX,liabilities,2026-07-03,7805000000,2026-08-22,Liabilities,2026-08-29
STX,receivables,2026-07-03,1534000000,2026-08-22,AccountsReceivableNetCurrent,2026-08-29
STX,shares,2026-07-03,226791724,2026-08-22,CommonStockSharesOutstanding,2026-08-29
SWK,assets,2026-07-04,20093500000,2026-08-23,Assets,2026-08-29
SWK,buybacks,2026-07-04,252100000,2026-08-23,PaymentsForRepurchaseOfCommonStock,2026-08-29
SWK,capex,2026-07-04,64900000,2026-08-23,PaymentsToAcquirePropertyPlantAndEquipment,2026-08-29
SWK,cash,2026-07-04,592400000,2026-08-23,CashAndCashEquivalentsAtCarryingValue,2026-08-29
SWK,debt,2026-07-04,4704200000,2026-08-23,LongTermDebtNoncurrent,2026-08-29
SWK,equity,2026-07-04,8958800000,2026-08-23,StockholdersEquity,2026-08-29
SWK,inventory,2026-07-04,3896500000,2026-08-23,InventoryNet,2026-08-29
SWK,netIncome,2026-07-04,351300000,2026-08-23,NetIncomeLoss,2026-08-29
SWK,operatingCashFlow,2026-07-04,763100000,2026-08-23,NetCashProvidedByUsedInOperatingActivities,2026-08-29
SWK,revenue,2026-07-04,3960700000,2026-08-23,Revenues,2026-08-29
SWKS,assets,2026-07-03,7425000000,2026-08-22,Assets,2026-08-29
SWKS,cash,2026-07-03,790000000,2026-08-22,CashAndCashEquivalentsAtCarryingValue,2026-08-29
SWKS,debt,2026-07-03,496900000,2026-08-22,LongTermDebt,2026-08-29
SWKS,equity,2026-07-03,5738300000,2026-08-22,StockholdersEquity,2026-08-29
SWKS,grossProfit,2026-07-03,375000000,2026-08-22,GrossProfit,2026-08-29
SWKS,inventory,2026-07-03,1015500000,2026-08-22,InventoryNet,2026-08-29
SWKS,liabilities,2026-07-03,1686700000,2026-08-22,Liabilities,2026-08-29
SWKS,netIncome,2026-07-03,33900000,2026-08-22,NetIncomeLoss,2026-08-29
SWKS,operatingIncome,2026-07-03,48500000,2026-08-22,OperatingIncomeLoss,2026-08-29
SWKS,revenue,2026-07-03,934800000,2026-08-22,Revenues,2026-08-29
SWKS,rnd,2026-07-03,207800000,2026-08-22,ResearchAndDevelopmentExpense,2026-08-29
SWKS,shares,2026-07-03,150500000,2026-08-22,CommonStockSharesOutstanding,2026-08-29
TGT,assets,2026-08-01,61235000000,2026-09-20,Assets,2026-08-29
TGT,equity,2026-08-01,17843000000,2026-09-20,StockholdersEquity,2026-08-29
TGT,inventory,2026-08-01,13249000000,2026-09-20,InventoryNet,2026-08-29
TGT,netIncome,2026-08-01,1877000000,2026-09-20,NetIncomeLoss,2026-08-29
TGT,operatingIncome,2026-08-01,2560000000,2026-09-20,OperatingIncomeLoss,2026-08-29
TGT,revenue,2026-08-01,26539000000,2026-09-20,RevenueFromContractWithCustomerExcludingAssessedTax,2026-08-29
TGT,shares,2026-08-01,454291461,2026-09-20,CommonStockSharesOutstanding,2026-08-29
TJX,assets,2026-08-01,37115000000,2026-09-20,Assets,2026-08-29
TJX,cash,2026-08-01,6004000000,2026-09-20,CashAndCashEquivalentsAtCarryingValue,2026-08-29
TJX,debt,2026-08-01,1871000000,2026-09-20,LongTermDebtNoncurrent,2026-08-29
TJX,equity,2026-08-01,10651000000,2026-09-20,StockholdersEquity,2026-08-29
TJX,inventory,2026-08-01,7862000000,2026-09-20,InventoryNet,2026-08-29
TJX,netIncome,2026-08-01,1520000000,2026-09-20,NetIncomeLoss,2026-08-29
TJX,receivables,2026-08-01,665000000,2026-09-20,AccountsReceivableNetCurrent,2026-08-29
TJX,shares,2026-08-01,1101167677,2026-09-20,CommonStockSharesOutstanding,2026-08-29
TRMB,assets,2026-07-03,8540800000,2026-08-22,Assets,2026-08-29
TRMB,cash,2026-07-03,214400000,2026-08-22,CashAndCashEquivalentsAtCarryingValue,2026-08-29
TRMB,debt,2026-07-03,1442900000,2026-08-22,LongTermDebtNoncurrent,2026-08-29
TRMB,equity,2026-07-03,5110800000,2026-08-22,StockholdersEquity,2026-08-29
TRMB,grossProfit,2026-07-03,674900000,2026-08-22,GrossProfit,2026-08-29
TRMB,inventory,2026-07-03,185300000,2026-08-22,InventoryNet,2026-08-29
TRMB,liabilities,2026-07-03,3430000000,2026-08-22,Liabilities,2026-08-29
TRMB,netIncome,2026-07-03,-471700000,2026-08-22,NetIncomeLoss,2026-08-29
TRMB,operatingIncome,2026-07-03,132000000,2026-08-22,OperatingIncomeLoss,2026-08-29
TRMB,receivables,2026-07-03,598100000,2026-08-22,AccountsReceivableNetCurrent,2026-08-29
TRMB,revenue,2026-07-03,972000000,2026-08-22,RevenueFromContractWithCustomerExcludingAssessedTax,2026-08-29
TRMB,rnd,2026-07-03,177100000,2026-08-22,ResearchAndDevelopmentExpense,2026-08-29
TRMB,shares,2026-07-03,233200000,2026-08-22,CommonStockSharesOutstanding,2026-08-29
TXT,assets,2026-07-04,18134000000,2026-08-23,Assets,2026-08-29
TXT,equity,2026-07-04,8054000000,2026-08-23,StockholdersEquity,2026-08-29
TXT,inventory,2026-07-04,4720000000,2026-08-23,InventoryNet,2026-08-29
TXT,liabilities,2026-07-04,10080000000,2026-08-23,Liabilities,2026-08-29
TXT,netIncome,2026-07-04,248000000,2026-08-23,NetIncomeLoss,2026-08-29
TXT,revenue,2026-07-04,3827000000,2026-08-23,Revenues,2026-08-29
TXT,rnd,2026-07-04,116000000,2026-08-23,ResearchAndDevelopmentExpense,2026-08-29
TXT,shares,2026-07-04,171937000,2026-08-23,CommonStockSharesOutstanding,2026-08-29
ULTA,assets,2026-08-01,6963950000,2026-09-20,Assets,2026-08-29
ULTA,cash,2026-08-01,158451000,2026-09-20,CashAndCashEquivalentsAtCarryingValue,2026-08-29
ULTA,equity,2026-08-01,2643741000,2026-09-20,StockholdersEquity,2026-08-29
ULTA,grossProfit,2026-08-01,1186952000,2026-09-20,GrossProfit,2026-08-29
ULTA,liabilities,2026-08-01,4320209000,2026-09-20,Liabilities,2026-08-29
ULTA,netIncome,2026-08-01,282006000,2026-09-20,NetIncomeLoss,2026-08-29
ULTA,operatingIncome,2026-08-01,379641000,2026-09-20,OperatingIncomeLoss,2026-08-29
ULTA,revenue,2026-08-01,3035676000,2026-09-20,Revenues,2026-08-29
ULTA,shares,2026-08-01,42805000,2026-09-20,CommonStockSharesOutstanding,2026-08-29
VEEV,assets,2026-07-31,9060223000,2026-09-19,Assets,2026-08-29
VEEV,cash,2026-07-31,1812012000,2026-09-19,CashAndCashEquivalentsAtCarryingValue,2026-08-29
VEEV,equity,2026-07-31,7431449000,2026-09-19,StockholdersEquity,2026-08-29
VEEV,grossProfit,2026-07-31,695951000,2026-09-19,GrossProfit,2026-08-29
VEEV,liabilities,2026-07-31,1628774000,2026-09-19,Liabilities,2026-08-29
VEEV,netIncome,2026-07-31,273429000,2026-09-19,NetIncomeLoss,2026-08-29
VEEV,operatingIncome,2026-07-31,275018000,2026-09-19,OperatingIncomeLoss,2026-08-29
VEEV,receivables,2026-07-31,496677000,2026-09-19,AccountsReceivableNetCurrent,2026-08-29
VEEV,revenue,2026-07-31,927963000,2026-09-19,RevenueFromContractWithCustomerExcludingAssessedTax,2026-08-29
VEEV,rnd,2026-07-31,222918000,2026-09-19,ResearchAndDevelopmentExpense,2026-08-29
VEEV,shares,2026-07-31,161834760,2026-09-19,CommonStockSharesOutstanding,2026-08-29
VLTO,assets,2026-07-03,8558000000,2026-08-22,Assets,2026-08-29
VLTO,cash,2026-07-03,2119000000,2026-08-22,CashAndCashEquivalentsAtCarryingValue,2026-08-29
VLTO,debt,2026-07-03,2679000000,2026-08-22,LongTermDebtNoncurrent,2026-08-29
VLTO,equity,2026-07-03,3097000000,2026-08-22,StockholdersEquity,2026-08-29
VLTO,grossProfit,2026-07-03,902000000,2026-08-22,GrossProfit,2026-08-29
VLTO,inventory,2026-07-03,336000000,2026-08-22,InventoryNet,2026-08-29
VLTO,netIncome,2026-07-03,241000000,2026-08-22,NetIncomeLoss,2026-08-29
VLTO,operatingIncome,2026-07-03,315000000,2026-08-22,OperatingIncomeLoss,2026-08-29
VLTO,receivables,2026-07-03,921000000,2026-08-22,AccountsReceivableNetCurrent,2026-08-29
VLTO,revenue,2026-07-03,1474000000,2026-08-22,RevenueFromContractWithCustomerExcludingAssessedTax,2026-08-29
VLTO,rnd,2026-07-03,73000000,2026-08-22,ResearchAndDevelopmentExpense,2026-08-29
VLTO,shares,2026-07-03,244200000,2026-08-22,CommonStockSharesOutstanding,2026-08-29
WAT,assets,2026-07-04,24751000000,2026-08-23,Assets,2026-08-29
WAT,cash,2026-07-04,539000000,2026-08-23,CashAndCashEquivalentsAtCarryingValue,2026-08-29
WAT,debt,2026-07-04,4886000000,2026-08-23,LongTermDebtNoncurrent,2026-08-29
WAT,equity,2026-07-04,15195000000,2026-08-23,StockholdersEquity,2026-08-29
WAT,inventory,2026-07-04,1377000000,2026-08-23,InventoryNet,2026-08-29
WAT,liabilities,2026-07-04,9556000000,2026-08-23,Liabilities,2026-08-29
WAT,netIncome,2026-07-04,-136000000,2026-08-23,NetIncomeLoss,2026-08-29
WAT,operatingIncome,2026-07-04,-86000000,2026-08-23,OperatingIncomeLoss,2026-08-29
WAT,receivables,2026-07-04,1987000000,2026-08-23,AccountsReceivableNetCurrent,2026-08-29
WAT,revenue,2026-07-04,1645000000,2026-08-23,Revenues,2026-08-29
WAT,rnd,2026-07-04,122000000,2026-08-23,ResearchAndDevelopmentExpense,2026-08-29
WAT,shares,2026-07-04,98225000,2026-08-23,CommonStockSharesOutstanding,2026-08-29
WDAY,assets,2026-07-31,15857000000,2026-09-19,Assets,2026-08-29
WDAY,cash,2026-07-31,661000000,2026-09-19,CashAndCashEquivalentsAtCarryingValue,2026-08-29
WDAY,debt,2026-07-31,1990000000,2026-09-19,LongTermDebtNoncurrent,2026-08-29
WDAY,equity,2026-07-31,6460000000,2026-09-19,StockholdersEquity,2026-08-29
WDAY,liabilities,2026-07-31,9397000000,2026-09-19,Liabilities,2026-08-29
WDAY,netIncome,2026-07-31,632000000,2026-09-19,NetIncomeLoss,2026-08-29
WDAY,operatingIncome,2026-07-31,313000000,2026-09-19,OperatingIncomeLoss,2026-08-29
WDAY,receivables,2026-07-31,1895000000,2026-09-19,AccountsReceivableNetCurrent,2026-08-29
WDAY,revenue,2026-07-31,2649000000,2026-09-19,RevenueFromContractWithCustomerExcludingAssessedTax,2026-08-29
WDAY,rnd,2026-07-31,747000000,2026-09-19,ResearchAndDevelopmentExpense,2026-08-29
WDC,assets,2026-07-03,13861000000,2026-08-22,Assets,2026-08-29
WDC,cash,2026-07-03,1579000000,2026-08-22,CashAndCashEquivalentsAtCarryingValue,2026-08-29
WDC,debt,2026-07-03,0,2026-08-22,LongTermDebtNoncurrent,2026-08-29
WDC,equity,2026-07-03,8864000000,2026-08-22,StockholdersEquity,2026-08-29
WDC,inventory,2026-07-03,1511000000,2026-08-22,InventoryNet,2026-08-29
WDC,liabilities,2026-07-03,4997000000,2026-08-22,Liabilities,2026-08-29
WDC,receivables,2026-07-03,2026000000,2026-08-22,AccountsReceivableNetCurrent,2026-08-29
WDC,shares,2026-07-03,361000000,2026-08-22,CommonStockSharesOutstanding,2026-08-29
WMT,assets,2026-07-31,293914000000,2026-09-19,Assets,2026-08-29
WMT,cash,2026-07-31,11529000000,2026-09-19,CashAndCashEquivalentsAtCarryingValue,2026-08-29
WMT,debt,2026-07-31,36462000000,2026-09-19,LongTermDebtNoncurrent,2026-08-29
WMT,equity,2026-07-31,98238000000,2026-09-19,StockholdersEquity,2026-08-29
WMT,inventory,2026-07-31,61600000000,2026-09-19,InventoryNet,2026-08-29
WMT,netIncome,2026-07-31,6366000000,2026-09-19,NetIncomeLoss,2026-08-29
WMT,operatingIncome,2026-07-31,9383000000,2026-09-19,OperatingIncomeLoss,2026-08-29
WMT,revenue,2026-07-31,187937000000,2026-09-19,Revenues,2026-08-29
WSM,assets,2026-08-02,5506306000,2026-09-21,Assets,2026-08-29
WSM,cash,2026-08-02,1028936000,2026-09-21,CashAndCashEquivalentsAtCarryingValue,2026-08-29
WSM,equity,2026-08-02,2140914000,2026-09-21,StockholdersEquity,2026-08-29
WSM,grossProfit,2026-08-02,1011948000,2026-09-21,GrossProfit,2026-08-29
WSM,inventory,2026-08-02,1447423000,2026-09-21,InventoryNet,2026-08-29
WSM,liabilities,2026-08-02,3365392000,2026-09-21,Liabilities,2026-08-29
WSM,netIncome,2026-08-02,338109000,2026-09-21,NetIncomeLoss,2026-08-29
WSM,operatingIncome,2026-08-02,448795000,2026-09-21,OperatingIncomeLoss,2026-08-29
WSM,revenue,2026-08-02,1959757000,2026-09-21,RevenueFromContractWithCustomerExcludingAssessedTax,2026-08-29
WSM,shares,2026-08-02,117779000,2026-09-21,CommonStockSharesOutstanding,2026-08-29
ZBRA,assets,2026-07-04,8637000000,2026-08-23,Assets,2026-08-29
ZBRA,cash,2026-07-04,157000000,2026-08-23,CashAndCashEquivalentsAtCarryingValue,2026-08-29
ZBRA,debt,2026-07-04,493000000,2026-08-23,LongTermDebtNoncurrent,2026-08-29
ZBRA,equity,2026-07-04,3435000000,2026-08-23,StockholdersEquity,2026-08-29
ZBRA,grossProfit,2026-07-04,825000000,2026-08-23,GrossProfit,2026-08-29
ZBRA,inventory,2026-07-04,733000000,2026-08-23,InventoryNet,2026-08-29
ZBRA,liabilities,2026-07-04,5202000000,2026-08-23,Liabilities,2026-08-29
ZBRA,netIncome,2026-07-04,233000000,2026-08-23,NetIncomeLoss,2026-08-29
ZBRA,operatingIncome,2026-07-04,321000000,2026-08-23,OperatingIncomeLoss,2026-08-29
ZBRA,receivables,2026-07-04,990000000,2026-08-23,AccountsReceivableNetCurrent,2026-08-29
ZBRA,revenue,2026-07-04,1557000000,2026-08-23,RevenueFromContractWithCustomerExcludingAssessedTax,2026-08-29
ZBRA,rnd,2026-07-04,159000000,2026-08-23,ResearchAndDevelopmentExpense,2026-08-29
ADI,assets,2026-08-01,48424417000,2026-09-20,Assets,2026-09-01
ADI,cash,2026-08-01,2165870000,2026-09-20,CashAndCashEquivalentsAtCarryingValue,2026-09-01
ADI,debt,2026-08-01,6771624000,2026-09-20,LongTermDebtNoncurrent,2026-09-01
ADI,equity,2026-08-01,33550897000,2026-09-20,StockholdersEquity,2026-09-01
ADI,grossProfit,2026-08-01,2707544000,2026-09-20,GrossProfit,2026-09-01
ADI,inventory,2026-08-01,1931496000,2026-09-20,InventoryNet,2026-09-01
ADI,netIncome,2026-08-01,1340090000,2026-09-20,NetIncomeLoss,2026-09-01
ADI,operatingIncome,2026-08-01,1612969000,2026-09-20,OperatingIncomeLoss,2026-09-01
ADI,receivables,2026-08-01,2389577000,2026-09-20,AccountsReceivableNetCurrent,2026-09-01
ADI,revenue,2026-08-01,4021899000,2026-09-20,RevenueFromContractWithCustomerExcludingAssessedTax,2026-09-01
ADI,rnd,2026-08-01,533480000,2026-09-20,ResearchAndDevelopmentExpense,2026-09-01
ADI,shares,2026-08-01,484565465,2026-09-20,CommonStockSharesOutstanding,2026-09-01
ADSK,assets,2026-07-31,12983000000,2026-09-19,Assets,2026-09-01
ADSK,cash,2026-07-31,4098000000,2026-09-19,CashAndCashEquivalentsAtCarryingValue,2026-09-01
ADSK,debt,2026-07-31,2500000000,2026-09-19,LongTermDebt,2026-09-01
ADSK,equity,2026-07-31,3383000000,2026-09-19,StockholdersEquity,2026-09-01
ADSK,grossProfit,2026-07-31,1870000000,2026-09-19,GrossProfit,2026-09-01
ADSK,netIncome,2026-07-31,492000000,2026-09-19,NetIncomeLoss,2026-09-01
ADSK,operatingIncome,2026-07-31,599000000,2026-09-19,OperatingIncomeLoss,2026-09-01
ADSK,receivables,2026-07-31,684000000,2026-09-19,AccountsReceivableNetCurrent,2026-09-01
ADSK,revenue,2026-07-31,2046000000,2026-09-19,RevenueFromContractWithCustomerExcludingAssessedTax,2026-09-01
ADSK,rnd,2026-07-31,464000000,2026-09-19,ResearchAndDevelopmentExpense,2026-09-01
AMAT,assets,2026-07-26,43522000000,2026-09-14,Assets,2026-09-01
AMAT,cash,2026-07-26,7037000000,2026-09-14,CashAndCashEquivalentsAtCarryingValue,2026-09-01
AMAT,debt,2026-07-26,5245000000,2026-09-14,LongTermDebtNoncurrent,2026-09-01
AMAT,equity,2026-07-26,25626000000,2026-09-14,StockholdersEquity,2026-09-01
AMAT,grossProfit,2026-07-26,4586000000,2026-09-14,GrossProfit,2026-09-01
AMAT,inventory,2026-07-26,6564000000,2026-09-14,InventoryNet,2026-09-01
AMAT,liabilities,2026-07-26,17896000000,2026-09-14,Liabilities,2026-09-01
AMAT,netIncome,2026-07-26,2538000000,2026-09-14,NetIncomeLoss,2026-09-01
AMAT,operatingIncome,2026-07-26,3075000000,2026-09-14,OperatingIncomeLoss,2026-09-01
AMAT,receivables,2026-07-26,7691000000,2026-09-14,AccountsReceivableNetCurrent,2026-09-01
AMAT,revenue,2026-07-26,9115000000,2026-09-14,RevenueFromContractWithCustomerExcludingAssessedTax,2026-09-01
AMAT,rnd,2026-07-26,1100000000,2026-09-14,ResearchAndDevelopmentExpense,2026-09-01
CRM,assets,2026-07-31,109620000000,2026-09-19,Assets,2026-09-01
CRM,buybacks,2026-07-31,84000000,2026-09-19,PaymentsForRepurchaseOfCommonStock,2026-09-01
CRM,capex,2026-07-31,171000000,2026-09-19,PaymentsToAcquirePropertyPlantAndEquipment,2026-09-01
CRM,cash,2026-07-31,8310000000,2026-09-19,CashAndCashEquivalentsAtCarryingValue,2026-09-01
CRM,debt,2026-07-31,39288000000,2026-09-19,LongTermDebtNoncurrent,2026-09-01
CRM,equity,2026-07-31,38378000000,2026-09-19,StockholdersEquity,2026-09-01
CRM,grossProfit,2026-07-31,8696000000,2026-09-19,GrossProfit,2026-09-01
CRM,liabilities,2026-07-31,71242000000,2026-09-19,Liabilities,2026-09-01
CRM,netIncome,2026-07-31,3526000000,2026-09-19,NetIncomeLoss,2026-09-01
CRM,operatingCashFlow,2026-07-31,1269000000,2026-09-19,NetCashProvidedByUsedInOperatingActivities,2026-09-01
CRM,operatingIncome,2026-07-31,2331000000,2026-09-19,OperatingIncomeLoss,2026-09-01
CRM,receivables,2026-07-31,6320000000,2026-09-19,AccountsReceivableNetCurrent,2026-09-01
CRM,revenue,2026-07-31,11345000000,2026-09-19,RevenueFromContractWithCustomerExcludingAssessedTax,2026-09-01
CRM,rnd,2026-07-31,1687000000,2026-09-19,ResearchAndDevelopmentExpense,2026-09-01
CRWD,assets,2026-07-31,12025001000,2026-09-19,Assets,2026-09-01
CRWD,cash,2026-07-31,5013847000,2026-09-19,CashAndCashEquivalentsAtCarryingValue,2026-09-01
CRWD,debt,2026-07-31,746216000,2026-09-19,LongTermDebtNoncurrent,2026-09-01
CRWD,equity,2026-07-31,5101724000,2026-09-19,StockholdersEquity,2026-09-01
CRWD,grossProfit,2026-07-31,1096895000,2026-09-19,GrossProfit,2026-09-01
CRWD,liabilities,2026-07-31,6885476000,2026-09-19,Liabilities,2026-09-01
CRWD,netIncome,2026-07-31,5306000,2026-09-19,NetIncomeLoss,2026-09-01
CRWD,operatingIncome,2026-07-31,-33232000,2026-09-19,OperatingIncomeLoss,2026-09-01
CRWD,receivables,2026-07-31,1038575000,2026-09-19,AccountsReceivableNetCurrent,2026-09-01
CRWD,rnd,2026-07-31,444200000,2026-09-19,ResearchAndDevelopmentExpense,2026-09-01
DE,assets,2026-08-02,107607000000,2026-09-21,Assets,2026-09-01
DE,cash,2026-08-02,8928000000,2026-09-21,CashAndCashEquivalentsAtCarryingValue,2026-09-01
DE,equity,2026-08-02,27990000000,2026-09-21,StockholdersEquity,2026-09-01
DE,inventory,2026-08-02,7811000000,2026-09-21,InventoryNet,2026-09-01
DE,liabilities,2026-08-02,79566000000,2026-09-21,Liabilities,2026-09-01
DE,netIncome,2026-08-02,1379000000,2026-09-21,NetIncomeLoss,2026-09-01
DE,revenue,2026-08-02,12608000000,2026-09-21,Revenues,2026-09-01
DE,rnd,2026-08-02,567000000,2026-09-21,ResearchAndDevelopmentExpense,2026-09-01
DG,assets,2026-07-31,32167333000,2026-09-19,Assets,2026-09-01
DG,cash,2026-07-31,1589590000,2026-09-19,CashAndCashEquivalentsAtCarryingValue,2026-09-01
DG,equity,2026-07-31,9288648000,2026-09-19,StockholdersEquity,2026-09-01
DG,grossProfit,2026-07-31,3680921000,2026-09-19,GrossProfit,2026-09-01
DG,inventory,2026-07-31,6552841000,2026-09-19,InventoryNet,2026-09-01
DG,liabilities,2026-07-31,22878685000,2026-09-19,Liabilities,2026-09-01
DG,netIncome,2026-07-31,550315000,2026-09-19,NetIncomeLoss,2026-09-01
DG,operatingIncome,2026-07-31,769164000,2026-09-19,OperatingIncomeLoss,2026-09-01
DG,revenue,2026-07-31,11290380000,2026-09-19,RevenueFromContractWithCustomerExcludingAssessedTax,2026-09-01
DLTR,assets,2026-08-01,14029600000,2026-09-20,Assets,2026-09-01
DLTR,cash,2026-08-01,1058100000,2026-09-20,CashAndCashEquivalentsAtCarryingValue,2026-09-01
DLTR,debt,2026-08-01,2933500000,2026-09-20,LongTermDebtNoncurrent,2026-09-01
DLTR,equity,2026-08-01,3425300000,2026-09-20,StockholdersEquity,2026-09-01
DLTR,liabilities,2026-08-01,10604300000,2026-09-20,Liabilities,2026-09-01
DLTR,netIncome,2026-08-01,514500000,2026-09-20,NetIncomeLoss,2026-09-01
DLTR,operatingIncome,2026-08-01,690100000,2026-09-20,OperatingIncomeLoss,2026-09-01
DLTR,revenue,2026-08-01,4891200000,2026-09-20,Revenues,2026-09-01
DLTR,shares,2026-08-01,187672941,2026-09-20,CommonStockSharesOutstanding,2026-09-01
FTV,assets,2026-07-03,11615000000,2026-08-22,Assets,2026-09-01
FTV,cash,2026-07-03,374200000,2026-08-22,CashAndCashEquivalentsAtCarryingValue,2026-09-01
FTV,debt,2026-07-03,3509300000,2026-08-22,LongTermDebtNoncurrent,2026-09-01
FTV,equity,2026-07-03,6060600000,2026-08-22,StockholdersEquity,2026-09-01
FTV,grossProfit,2026-07-03,695300000,2026-08-22,GrossProfit,2026-09-01
FTV,inventory,2026-07-03,310800000,2026-08-22,InventoryNet,2026-09-01
FTV,netIncome,2026-07-03,157300000,2026-08-22,NetIncomeLoss,2026-09-01
FTV,operatingIncome,2026-07-03,209900000,2026-08-22,OperatingIncomeLoss,2026-09-01
FTV,receivables,2026-07-03,657800000,2026-08-22,AccountsReceivableNetCurrent,2026-09-01
FTV,revenue,2026-07-03,1096800000,2026-08-22,RevenueFromContractWithCustomerExcludingAssessedTax,2026-09-01
FTV,rnd,2026-07-03,67500000,2026-08-22,ResearchAndDevelopmentExpense,2026-09-01
FTV,shares,2026-07-03,302600000,2026-08-22,CommonStockSharesOutstanding,2026-09-01
GD,assets,2026-07-05,60163000000,2026-08-24,Assets,2026-09-01
GD,cash,2026-07-05,4333000000,2026-08-24,CashAndCashEquivalentsAtCarryingValue,2026-09-01
GD,debt,2026-07-05,6260000000,2026-08-24,LongTermDebtNoncurrent,2026-09-01
GD,equity,2026-07-05,26826000000,2026-08-24,StockholdersEquity,2026-09-01
GD,inventory,2026-07-05,9097000000,2026-08-24,InventoryNet,2026-09-01
GD,netIncome,2026-07-05,1160000000,2026-08-24,NetIncomeLoss,2026-09-01
GD,operatingIncome,2026-07-05,1460000000,2026-08-24,OperatingIncomeLoss,2026-09-01
GD,receivables,2026-07-05,2398000000,2026-08-24,AccountsReceivableNetCurrent,2026-09-01
GD,revenue,2026-07-05,14094000000,2026-08-24,RevenueFromContractWithCustomerExcludingAssessedTax,2026-09-01
GEN,assets,2026-07-03,15644000000,2026-08-22,Assets,2026-09-01
GEN,buybacks,2026-07-03,100000000,2026-08-22,PaymentsForRepurchaseOfCommonStock,2026-09-01
GEN,capex,2026-07-03,4000000,2026-08-22,PaymentsToAcquirePropertyPlantAndEquipment,2026-09-01
GEN,debt,2026-07-03,7975000000,2026-08-22,LongTermDebtNoncurrent,2026-09-01
GEN,equity,2026-07-03,2656000000,2026-08-22,StockholdersEquity,2026-09-01
GEN,grossProfit,2026-07-03,1029000000,2026-08-22,GrossProfit,2026-09-01
GEN,liabilities,2026-07-03,12988000000,2026-08-22,Liabilities,2026-09-01
GEN,netIncome,2026-07-03,215000000,2026-08-22,NetIncomeLoss,2026-09-01
GEN,operatingCashFlow,2026-07-03,434000000,2026-08-22,NetCashProvidedByUsedInOperatingActivities,2026-09-01
GEN,operatingIncome,2026-07-03,443000000,2026-08-22,OperatingIncomeLoss,2026-09-01
GEN,receivables,2026-07-03,378000000,2026-08-22,AccountsReceivableNetCurrent,2026-09-01
GEN,revenue,2026-07-03,1336000000,2026-08-22,RevenueFromContractWithCustomerExcludingAssessedTax,2026-09-01
GEN,rnd,2026-07-03,118000000,2026-08-22,ResearchAndDevelopmentExpense,2026-09-01
GEN,shares,2026-07-03,599000000,2026-08-22,CommonStockSharesOutstanding,2026-09-01
HD,assets,2026-08-02,109384000000,2026-09-21,Assets,2026-09-01
HD,cash,2026-08-02,2085000000,2026-09-21,CashAndCashEquivalentsAtCarryingValue,2026-09-01
HD,equity,2026-08-02,16617000000,2026-09-21,StockholdersEquity,2026-09-01
HD,grossProfit,2026-08-02,16115000000,2026-09-21,GrossProfit,2026-09-01
HD,inventory,2026-08-02,26847000000,2026-09-21,InventoryNet,2026-09-01
HD,liabilities,2026-08-02,92767000000,2026-09-21,Liabilities,2026-09-01
HD,netIncome,2026-08-02,4766000000,2026-09-21,NetIncomeLoss,2026-09-01
HD,operatingIncome,2026-08-02,6839000000,2026-09-21,OperatingIncomeLoss,2026-09-01
HD,receivables,2026-08-02,6963000000,2026-09-21,AccountsReceivableNetCurrent,2026-09-01
HD,revenue,2026-08-02,47861000000,2026-09-21,RevenueFromContractWithCustomerExcludingAssessedTax,2026-09-01
HD,shares,2026-08-02,998000000,2026-09-21,CommonStockSharesOutstanding,2026-09-01
HPQ,assets,2026-07-31,45701000000,2026-09-19,Assets,2026-09-01
HPQ,buybacks,2026-07-31,300000000,2026-09-19,PaymentsForRepurchaseOfCommonStock,2026-09-01
HPQ,cash,2026-07-31,4169000000,2026-09-19,CashAndCashEquivalentsAtCarryingValue,2026-09-01
HPQ,debt,2026-07-31,7868000000,2026-09-19,LongTermDebtNoncurrent,2026-09-01
HPQ,equity,2026-07-31,-92000000,2026-09-19,StockholdersEquity,2026-09-01
HPQ,grossProfit,2026-07-31,2945000000,2026-09-19,GrossProfit,2026-09-01
HPQ,inventory,2026-07-31,10322000000,2026-09-19,InventoryNet,2026-09-01
HPQ,netIncome,2026-07-31,661000000,2026-09-19,NetIncomeLoss,2026-09-01
HPQ,operatingIncome,2026-07-31,892000000,2026-09-19,OperatingIncomeLoss,2026-09-01
HPQ,receivables,2026-07-31,7168000000,2026-09-19,AccountsReceivableNetCurrent,2026-09-01
HPQ,revenue,2026-07-31,15677000000,2026-09-19,Revenues,2026-09-01
HPQ,rnd,2026-07-31,389000000,2026-09-19,ResearchAndDevelopmentExpense,2026-09-01
HPQ,shares,2026-07-31,903000000,2026-09-19,CommonStockSharesOutstanding,2026-09-01
HRL,assets,2026-07-26,13292014000,2026-09-14,Assets,2026-09-01
HRL,cash,2026-07-26,839639000,2026-09-14,CashAndCashEquivalentsAtCarryingValue,2026-09-01
HRL,debt,2026-07-26,2349489000,2026-09-14,LongTermDebtNoncurrent,2026-09-01
HRL,equity,2026-07-26,7843444000,2026-09-14,StockholdersEquity,2026-09-01
HRL,grossProfit,2026-07-26,471515000,2026-09-14,GrossProfit,2026-09-01
HRL,inventory,2026-07-26,1801567000,2026-09-14,InventoryNet,2026-09-01
HRL,netIncome,2026-07-26,59573000,2026-09-14,NetIncomeLoss,2026-09-01
HRL,operatingIncome,2026-07-26,110904000,2026-09-14,OperatingIncomeLoss,2026-09-01
KO,assets,2026-07-03,107922000000,2026-08-22,Assets,2026-09-01
KO,capex,2026-07-03,418000000,2026-08-22,PaymentsToAcquirePropertyPlantAndEquipment,2026-09-01
KO,cash,2026-07-03,12907000000,2026-08-22,CashAndCashEquivalentsAtCarryingValue,2026-09-01
KO,equity,2026-07-03,36150000000,2026-08-22,StockholdersEquity,2026-09-01
KO,grossProfit,2026-07-03,8415000000,2026-08-22,GrossProfit,2026-09-01
KO,inventory,2026-07-03,4647000000,2026-08-22,InventoryNet,2026-09-01
KO,netIncome,2026-07-03,4425000000,2026-08-22,NetIncomeLoss,2026-09-01
KO,operatingIncome,2026-07-03,4672000000,2026-08-22,OperatingIncomeLoss,2026-09-01
KO,receivables,2026-07-03,3732000000,2026-08-22,AccountsReceivableNetCurrent,2026-09-01
KO,revenue,2026-07-03,13380000000,2026-08-22,Revenues,2026-09-01
LDOS,assets,2026-07-03,15632000000,2026-08-22,Assets,2026-09-01
LDOS,buybacks,2026-07-03,66000000,2026-08-22,PaymentsForRepurchaseOfCommonStock,2026-09-01
LDOS,cash,2026-07-03,748000000,2026-08-22,CashAndCashEquivalentsAtCarryingValue,2026-09-01
LDOS,equity,2026-07-03,5284000000,2026-08-22,StockholdersEquity,2026-09-01
LDOS,inventory,2026-07-03,94000000,2026-08-22,InventoryNet,2026-09-01
LDOS,liabilities,2026-07-03,10296000000,2026-08-22,Liabilities,2026-09-01
LDOS,netIncome,2026-07-03,354000000,2026-08-22,NetIncomeLoss,2026-09-01
LDOS,operatingIncome,2026-07-03,514000000,2026-08-22,OperatingIncomeLoss,2026-09-01
LDOS,revenue,2026-07-03,4558000000,2026-08-22,Revenues,2026-09-01
LDOS,shares,2026-07-03,125492013,2026-08-22,CommonStockSharesOutstanding,2026-09-01
LHX,assets,2026-07-03,42938000000,2026-08-22,Assets,2026-09-01
LHX,cash,2026-07-03,1521000000,2026-08-22,CashAndCashEquivalentsAtCarryingValue,2026-09-01
LHX,debt,2026-07-03,9184000000,2026-08-22,LongTermDebtNoncurrent,2026-09-01
LHX,equity,2026-07-03,19882000000,2026-08-22,StockholdersEquity,2026-09-01
LHX,inventory,2026-07-03,1272000000,2026-08-22,InventoryNet,2026-09-01
LHX,liabilities,2026-07-03,22088000000,2026-08-22,Liabilities,2026-09-01
LHX,netIncome,2026-07-03,600000000,2026-08-22,NetIncomeLoss,2026-09-01
LHX,operatingIncome,2026-07-03,654000000,2026-08-22,OperatingIncomeLoss,2026-09-01
LHX,receivables,2026-07-03,1950000000,2026-08-22,AccountsReceivableNetCurrent,2026-09-01
LHX,revenue,2026-07-03,5881000000,2026-08-22,RevenueFromContractWithCustomerExcludingAssessedTax,2026-09-01
LHX,shares,2026-07-03,186155804,2026-08-22,CommonStockSharesOutstanding,2026-09-01
LOW,assets,2026-07-31,55881000000,2026-09-19,Assets,2026-09-01
LOW,cash,2026-07-31,3172000000,2026-09-19,CashAndCashEquivalentsAtCarryingValue,2026-09-01
LOW,equity,2026-07-31,-7437000000,2026-09-19,StockholdersEquity,2026-09-01
LOW,grossProfit,2026-07-31,8577000000,2026-09-19,GrossProfit,2026-09-01
LOW,inventory,2026-07-31,17737000000,2026-09-19,InventoryNet,2026-09-01
LOW,liabilities,2026-07-31,63318000000,2026-09-19,Liabilities,2026-09-01
LOW,netIncome,2026-07-31,2399000000,2026-09-19,NetIncomeLoss,2026-09-01
LOW,operatingIncome,2026-07-31,3549000000,2026-09-19,OperatingIncomeLoss,2026-09-01
LOW,revenue,2026-07-31,25956000000,2026-09-19,RevenueFromContractWithCustomerExcludingAssessedTax,2026-09-01
LOW,shares,2026-07-31,561000000,2026-09-19,CommonStockSharesOutstanding,2026-09-01
MRVL,assets,2026-08-01,27554600000,2026-09-20,Assets,2026-09-01
MRVL,cash,2026-08-01,3932800000,2026-09-20,CashAndCashEquivalentsAtCarryingValue,2026-09-01
MRVL,debt,2026-08-01,4962900000,2026-09-20,LongTermDebtNoncurrent,2026-09-01
MRVL,equity,2026-08-01,18531600000,2026-09-20,StockholdersEquity,2026-09-01
MRVL,grossProfit,2026-08-01,1455600000,2026-09-20,GrossProfit,2026-09-01
MRVL,inventory,2026-08-01,1360600000,2026-09-20,InventoryNet,2026-09-01
MRVL,liabilities,2026-08-01,9023000000,2026-09-20,Liabilities,2026-09-01
MRVL,netIncome,2026-08-01,308000000,2026-09-20,NetIncomeLoss,2026-09-01
MRVL,operatingIncome,2026-08-01,459700000,2026-09-20,OperatingIncomeLoss,2026-09-01
MRVL,receivables,2026-08-01,2218400000,2026-09-20,AccountsReceivableNetCurrent,2026-09-01
MRVL,revenue,2026-08-01,2739300000,2026-09-20,RevenueFromContractWithCustomerExcludingAssessedTax,2026-09-01
MRVL,rnd,2026-08-01,741100000,2026-09-20,ResearchAndDevelopmentExpense,2026-09-01
MSI,assets,2026-07-04,19242000000,2026-08-23,Assets,2026-09-01
MSI,cash,2026-07-04,710000000,2026-08-23,CashAndCashEquivalentsAtCarryingValue,2026-09-01
MSI,debt,2026-07-04,8417000000,2026-08-23,LongTermDebtNoncurrent,2026-09-01
MSI,equity,2026-07-04,2672000000,2026-08-23,StockholdersEquity,2026-09-01
MSI,grossProfit,2026-07-04,1678000000,2026-08-23,GrossProfit,2026-09-01
MSI,inventory,2026-07-04,1333000000,2026-08-23,InventoryNet,2026-09-01
MSI,netIncome,2026-07-04,557000000,2026-08-23,NetIncomeLoss,2026-09-01
MSI,operatingIncome,2026-07-04,809000000,2026-08-23,OperatingIncomeLoss,2026-09-01
MSI,receivables,2026-07-04,2160000000,2026-08-23,AccountsReceivableNetCurrent,2026-09-01
MSI,revenue,2026-07-04,3133000000,2026-08-23,RevenueFromContractWithCustomerExcludingAssessedTax,2026-09-01
MSI,rnd,2026-07-04,260000000,2026-08-23,ResearchAndDevelopmentExpense,2026-09-01
MSI,shares,2026-07-04,165500000,2026-08-23,CommonStockSharesOutstanding,2026-09-01
NDSN,assets,2026-07-31,5947920000,2026-09-19,Assets,2026-09-01
NDSN,cash,2026-07-31,113431000,2026-09-19,CashAndCashEquivalentsAtCarryingValue,2026-09-01
NDSN,debt,2026-07-31,1529005000,2026-09-19,LongTermDebtNoncurrent,2026-09-01
NDSN,equity,2026-07-31,3269059000,2026-09-19,StockholdersEquity,2026-09-01
NDSN,inventory,2026-07-31,469310000,2026-09-19,InventoryNet,2026-09-01
NDSN,netIncome,2026-07-31,152846000,2026-09-19,NetIncomeLoss,2026-09-01
NDSN,operatingIncome,2026-07-31,223092000,2026-09-19,OperatingIncomeLoss,2026-09-01
NDSN,revenue,2026-07-31,817667000,2026-09-19,RevenueFromContractWithCustomerExcludingAssessedTax,2026-09-01
NUE,assets,2026-07-04,36954000000,2026-08-23,Assets,2026-09-01
NUE,cash,2026-07-04,2478000000,2026-08-23,CashAndCashEquivalentsAtCarryingValue,2026-09-01
NUE,equity,2026-07-04,22109000000,2026-08-23,StockholdersEquity,2026-09-01
NUE,inventory,2026-07-04,6020000000,2026-08-23,InventoryNet,2026-09-01
NUE,liabilities,2026-07-04,13688000000,2026-08-23,Liabilities,2026-09-01
NUE,netIncome,2026-07-04,1156000000,2026-08-23,NetIncomeLoss,2026-09-01
NUE,receivables,2026-07-04,4045000000,2026-08-23,AccountsReceivableNetCurrent,2026-09-01
NUE,revenue,2026-07-04,10397000000,2026-08-23,RevenueFromContractWithCustomerExcludingAssessedTax,2026-09-01
NVDA,assets,2026-07-26,320272000000,2026-09-14,Assets,2026-09-01
NVDA,cash,2026-07-26,22443000000,2026-09-14,CashAndCashEquivalentsAtCarryingValue,2026-09-01
NVDA,debt,2026-07-26,32366000000,2026-09-14,LongTermDebtNoncurrent,2026-09-01
NVDA,equity,2026-07-26,228984000000,2026-09-14,StockholdersEquity,2026-09-01
NVDA,grossProfit,2026-07-26,72142000000,2026-09-14,GrossProfit,2026-09-01
NVDA,inventory,2026-07-26,31575000000,2026-09-14,InventoryNet,2026-09-01
NVDA,liabilities,2026-07-26,91288000000,2026-09-14,Liabilities,2026-09-01
NVDA,netIncome,2026-07-26,59688000000,2026-09-14,NetIncomeLoss,2026-09-01
NVDA,operatingIncome,2026-07-26,63734000000,2026-09-14,OperatingIncomeLoss,2026-09-01
NVDA,receivables,2026-07-26,63059000000,2026-09-14,AccountsReceivableNetCurrent,2026-09-01
NVDA,revenue,2026-07-26,96221000000,2026-09-14,Revenues,2026-09-01
NVDA,rnd,2026-07-26,7054000000,2026-09-14,ResearchAndDevelopmentExpense,2026-09-01
ON,assets,2026-07-03,13485100000,2026-08-22,Assets,2026-09-01
ON,cash,2026-07-03,3514500000,2026-08-22,CashAndCashEquivalentsAtCarryingValue,2026-09-01
ON,debt,2026-07-03,3657300000,2026-08-22,LongTermDebtNoncurrent,2026-09-01
ON,equity,2026-07-03,7218700000,2026-08-22,StockholdersEquity,2026-09-01
ON,grossProfit,2026-07-03,616300000,2026-08-22,GrossProfit,2026-09-01
ON,inventory,2026-07-03,2047500000,2026-08-22,InventoryNet,2026-09-01
ON,liabilities,2026-07-03,6246600000,2026-08-22,Liabilities,2026-09-01
ON,netIncome,2026-07-03,226800000,2026-08-22,NetIncomeLoss,2026-09-01
ON,operatingIncome,2026-07-03,258600000,2026-08-22,OperatingIncomeLoss,2026-09-01
ON,revenue,2026-07-03,1603500000,2026-08-22,RevenueFromContractWithCustomerExcludingAssessedTax,2026-09-01
ON,shares,2026-07-03,389290999,2026-08-22,CommonStockSharesOutstanding,2026-09-01
RVTY,assets,2026-07-05,12045834000,2026-08-24,Assets,2026-09-01
RVTY,cash,2026-07-05,1022943000,2026-08-24,CashAndCashEquivalentsAtCarryingValue,2026-09-01
RVTY,debt,2026-07-05,2633094000,2026-08-24,LongTermDebtNoncurrent,2026-09-01
RVTY,equity,2026-07-05,7228758000,2026-08-24,StockholdersEquity,2026-09-01
RVTY,inventory,2026-07-05,378502000,2026-08-24,InventoryNet,2026-09-01
RVTY,liabilities,2026-07-05,4817076000,2026-08-24,Liabilities,2026-09-01
RVTY,netIncome,2026-07-05,51820000,2026-08-24,NetIncomeLoss,2026-09-01
RVTY,operatingIncome,2026-07-05,89316000,2026-08-24,OperatingIncomeLoss,2026-09-01
RVTY,receivables,2026-07-05,709175000,2026-08-24,AccountsReceivableNetCurrent,2026-09-01
RVTY,revenue,2026-07-05,729688000,2026-08-24,RevenueFromContractWithCustomerExcludingAssessedTax,2026-09-01
RVTY,rnd,2026-07-05,48974000,2026-08-24,ResearchAndDevelopmentExpense,2026-09-01
RVTY,shares,2026-07-05,111584000,2026-08-24,CommonStockSharesOutstanding,2026-09-01
SJM,assets,2026-07-31,16203200000,2026-09-19,Assets,2026-09-01
SJM,buybacks,2026-07-31,5700000,2026-09-19,PaymentsForRepurchaseOfCommonStock,2026-09-01
SJM,capex,2026-07-31,88400000,2026-09-19,PaymentsToAcquirePropertyPlantAndEquipment,2026-09-01
SJM,debt,2026-07-31,6394300000,2026-09-19,LongTermDebtNoncurrent,2026-09-01
SJM,equity,2026-07-31,5750800000,2026-09-19,StockholdersEquity,2026-09-01
SJM,grossProfit,2026-07-31,979600000,2026-09-19,GrossProfit,2026-09-01
SJM,inventory,2026-07-31,1186500000,2026-09-19,InventoryNet,2026-09-01
SJM,liabilities,2026-07-31,10452400000,2026-09-19,Liabilities,2026-09-01
SJM,netIncome,2026-07-31,324300000,2026-09-19,NetIncomeLoss,2026-09-01
SJM,operatingCashFlow,2026-07-31,425700000,2026-09-19,NetCashProvidedByUsedInOperatingActivities,2026-09-01
SJM,operatingIncome,2026-07-31,511600000,2026-09-19,OperatingIncomeLoss,2026-09-01
SJM,receivables,2026-07-31,615700000,2026-09-19,AccountsReceivableNetCurrent,2026-09-01
SJM,shares,2026-07-31,106800000,2026-09-19,CommonStockSharesOutstanding,2026-09-01
SNA,assets,2026-07-04,8640900000,2026-08-23,Assets,2026-09-01
SNA,cash,2026-07-04,1644700000,2026-08-23,CashAndCashEquivalentsAtCarryingValue,2026-09-01
SNA,debt,2026-07-04,887000000,2026-08-23,LongTermDebtNoncurrent,2026-09-01
SNA,equity,2026-07-04,6041300000,2026-08-23,StockholdersEquity,2026-09-01
SNA,inventory,2026-07-04,1045300000,2026-08-23,InventoryNet,2026-09-01
SNA,liabilities,2026-07-04,2574600000,2026-08-23,Liabilities,2026-09-01
SNA,netIncome,2026-07-04,260600000,2026-08-23,NetIncomeLoss,2026-09-01
SNA,operatingIncome,2026-07-04,336400000,2026-08-23,OperatingIncomeLoss,2026-09-01
SNA,receivables,2026-07-04,942200000,2026-08-23,AccountsReceivableNetCurrent,2026-09-01
SNA,revenue,2026-07-04,1334800000,2026-08-23,Revenues,2026-09-01
SNDK,assets,2026-07-03,22507000000,2026-08-22,Assets,2026-09-01
SNDK,cash,2026-07-03,4762000000,2026-08-22,CashAndCashEquivalentsAtCarryingValue,2026-09-01
SNDK,debt,2026-07-03,0,2026-08-22,LongTermDebtNoncurrent,2026-09-01
SNDK,equity,2026-07-03,15736000000,2026-08-22,StockholdersEquity,2026-09-01
SNDK,inventory,2026-07-03,2698000000,2026-08-22,InventoryNet,2026-09-01
SNDK,liabilities,2026-07-03,6771000000,2026-08-22,Liabilities,2026-09-01
SNDK,receivables,2026-07-03,4708000000,2026-08-22,AccountsReceivableNetCurrent,2026-09-01
SNDK,shares,2026-07-03,146000000,2026-08-22,CommonStockSharesOutstanding,2026-09-01
SNPS,assets,2026-07-31,47726263000,2026-09-19,Assets,2026-09-01
SNPS,cash,2026-07-31,3606286000,2026-09-19,CashAndCashEquivalentsAtCarryingValue,2026-09-01
SNPS,debt,2026-07-31,9017113000,2026-09-19,LongTermDebtNoncurrent,2026-09-01
SNPS,equity,2026-07-31,31152539000,2026-09-19,StockholdersEquity,2026-09-01
SNPS,grossProfit,2026-07-31,1797434000,2026-09-19,GrossProfit,2026-09-01
SNPS,inventory,2026-07-31,479129000,2026-09-19,InventoryNet,2026-09-01
SNPS,liabilities,2026-07-31,16574884000,2026-09-19,Liabilities,2026-09-01
SNPS,netIncome,2026-07-31,545800000,2026-09-19,NetIncomeLoss,2026-09-01
SNPS,operatingIncome,2026-07-31,357491000,2026-09-19,OperatingIncomeLoss,2026-09-01
SNPS,receivables,2026-07-31,1318747000,2026-09-19,AccountsReceivableNetCurrent,2026-09-01
SNPS,revenue,2026-07-31,2476822000,2026-09-19,RevenueFromContractWithCustomerExcludingAssessedTax,2026-09-01
SNPS,rnd,2026-07-31,719737000,2026-09-19,ResearchAndDevelopmentExpense,2026-09-01
SNPS,shares,2026-07-31,191605000,2026-09-19,CommonStockSharesOutstanding,2026-09-01
STX,assets,2026-07-03,9972000000,2026-08-22,Assets,2026-09-01
STX,cash,2026-07-03,1704000000,2026-08-22,CashAndCashEquivalentsAtCarryingValue,2026-09-01
STX,debt,2026-07-03,3380000000,2026-08-22,LongTermDebtNoncurrent,2026-09-01
STX,equity,2026-07-03,2167000000,2026-08-22,StockholdersEquity,2026-09-01
STX,inventory,2026-07-03,1571000000,2026-08-22,InventoryNet,2026-09-01
STX,liabilities,2026-07-03,7805000000,2026-08-22,Liabilities,2026-09-01
STX,receivables,2026-07-03,1534000000,2026-08-22,AccountsReceivableNetCurrent,2026-09-01
STX,shares,2026-07-03,226791724,2026-08-22,CommonStockSharesOutstanding,2026-09-01
SWK,assets,2026-07-04,20093500000,2026-08-23,Assets,2026-09-01
SWK,buybacks,2026-07-04,252100000,2026-08-23,PaymentsForRepurchaseOfCommonStock,2026-09-01
SWK,capex,2026-07-04,64900000,2026-08-23,PaymentsToAcquirePropertyPlantAndEquipment,2026-09-01
SWK,cash,2026-07-04,592400000,2026-08-23,CashAndCashEquivalentsAtCarryingValue,2026-09-01
SWK,debt,2026-07-04,4704200000,2026-08-23,LongTermDebtNoncurrent,2026-09-01
SWK,equity,2026-07-04,8958800000,2026-08-23,StockholdersEquity,2026-09-01
SWK,inventory,2026-07-04,3896500000,2026-08-23,InventoryNet,2026-09-01
SWK,netIncome,2026-07-04,351300000,2026-08-23,NetIncomeLoss,2026-09-01
SWK,operatingCashFlow,2026-07-04,763100000,2026-08-23,NetCashProvidedByUsedInOperatingActivities,2026-09-01
SWK,revenue,2026-07-04,3960700000,2026-08-23,Revenues,2026-09-01
SWKS,assets,2026-07-03,7425000000,2026-08-22,Assets,2026-09-01
SWKS,cash,2026-07-03,790000000,2026-08-22,CashAndCashEquivalentsAtCarryingValue,2026-09-01
SWKS,debt,2026-07-03,496900000,2026-08-22,LongTermDebt,2026-09-01
SWKS,equity,2026-07-03,5738300000,2026-08-22,StockholdersEquity,2026-09-01
SWKS,grossProfit,2026-07-03,375000000,2026-08-22,GrossProfit,2026-09-01
SWKS,inventory,2026-07-03,1015500000,2026-08-22,InventoryNet,2026-09-01
SWKS,liabilities,2026-07-03,1686700000,2026-08-22,Liabilities,2026-09-01
SWKS,netIncome,2026-07-03,33900000,2026-08-22,NetIncomeLoss,2026-09-01
SWKS,operatingIncome,2026-07-03,48500000,2026-08-22,OperatingIncomeLoss,2026-09-01
SWKS,revenue,2026-07-03,934800000,2026-08-22,Revenues,2026-09-01
SWKS,rnd,2026-07-03,207800000,2026-08-22,ResearchAndDevelopmentExpense,2026-09-01
SWKS,shares,2026-07-03,150500000,2026-08-22,CommonStockSharesOutstanding,2026-09-01
TGT,assets,2026-08-01,61235000000,2026-09-20,Assets,2026-09-01
TGT,equity,2026-08-01,17843000000,2026-09-20,StockholdersEquity,2026-09-01
TGT,inventory,2026-08-01,13249000000,2026-09-20,InventoryNet,2026-09-01
TGT,netIncome,2026-08-01,1877000000,2026-09-20,NetIncomeLoss,2026-09-01
TGT,operatingIncome,2026-08-01,2560000000,2026-09-20,OperatingIncomeLoss,2026-09-01
TGT,revenue,2026-08-01,26539000000,2026-09-20,RevenueFromContractWithCustomerExcludingAssessedTax,2026-09-01
TGT,shares,2026-08-01,454291461,2026-09-20,CommonStockSharesOutstanding,2026-09-01
TJX,assets,2026-08-01,37115000000,2026-09-20,Assets,2026-09-01
TJX,cash,2026-08-01,6004000000,2026-09-20,CashAndCashEquivalentsAtCarryingValue,2026-09-01
TJX,debt,2026-08-01,1871000000,2026-09-20,LongTermDebtNoncurrent,2026-09-01
TJX,equity,2026-08-01,10651000000,2026-09-20,StockholdersEquity,2026-09-01
TJX,inventory,2026-08-01,7862000000,2026-09-20,InventoryNet,2026-09-01
TJX,netIncome,2026-08-01,1520000000,2026-09-20,NetIncomeLoss,2026-09-01
TJX,receivables,2026-08-01,665000000,2026-09-20,AccountsReceivableNetCurrent,2026-09-01
TJX,shares,2026-08-01,1101167677,2026-09-20,CommonStockSharesOutstanding,2026-09-01
TRMB,assets,2026-07-03,8540800000,2026-08-22,Assets,2026-09-01
TRMB,cash,2026-07-03,214400000,2026-08-22,CashAndCashEquivalentsAtCarryingValue,2026-09-01
TRMB,debt,2026-07-03,1442900000,2026-08-22,LongTermDebtNoncurrent,2026-09-01
TRMB,equity,2026-07-03,5110800000,2026-08-22,StockholdersEquity,2026-09-01
TRMB,grossProfit,2026-07-03,674900000,2026-08-22,GrossProfit,2026-09-01
TRMB,inventory,2026-07-03,185300000,2026-08-22,InventoryNet,2026-09-01
TRMB,liabilities,2026-07-03,3430000000,2026-08-22,Liabilities,2026-09-01
TRMB,netIncome,2026-07-03,-471700000,2026-08-22,NetIncomeLoss,2026-09-01
TRMB,operatingIncome,2026-07-03,132000000,2026-08-22,OperatingIncomeLoss,2026-09-01
TRMB,receivables,2026-07-03,598100000,2026-08-22,AccountsReceivableNetCurrent,2026-09-01
TRMB,revenue,2026-07-03,972000000,2026-08-22,RevenueFromContractWithCustomerExcludingAssessedTax,2026-09-01
TRMB,rnd,2026-07-03,177100000,2026-08-22,ResearchAndDevelopmentExpense,2026-09-01
TRMB,shares,2026-07-03,233200000,2026-08-22,CommonStockSharesOutstanding,2026-09-01
TXT,assets,2026-07-04,18134000000,2026-08-23,Assets,2026-09-01
TXT,equity,2026-07-04,8054000000,2026-08-23,StockholdersEquity,2026-09-01
TXT,inventory,2026-07-04,4720000000,2026-08-23,InventoryNet,2026-09-01
TXT,liabilities,2026-07-04,10080000000,2026-08-23,Liabilities,2026-09-01
TXT,netIncome,2026-07-04,248000000,2026-08-23,NetIncomeLoss,2026-09-01
TXT,revenue,2026-07-04,3827000000,2026-08-23,Revenues,2026-09-01
TXT,rnd,2026-07-04,116000000,2026-08-23,ResearchAndDevelopmentExpense,2026-09-01
TXT,shares,2026-07-04,171937000,2026-08-23,CommonStockSharesOutstanding,2026-09-01
ULTA,assets,2026-08-01,6963950000,2026-09-20,Assets,2026-09-01
ULTA,cash,2026-08-01,158451000,2026-09-20,CashAndCashEquivalentsAtCarryingValue,2026-09-01
ULTA,equity,2026-08-01,2643741000,2026-09-20,StockholdersEquity,2026-09-01
ULTA,grossProfit,2026-08-01,1186952000,2026-09-20,GrossProfit,2026-09-01
ULTA,liabilities,2026-08-01,4320209000,2026-09-20,Liabilities,2026-09-01
ULTA,netIncome,2026-08-01,282006000,2026-09-20,NetIncomeLoss,2026-09-01
ULTA,operatingIncome,2026-08-01,379641000,2026-09-20,OperatingIncomeLoss,2026-09-01
ULTA,revenue,2026-08-01,3035676000,2026-09-20,Revenues,2026-09-01
ULTA,shares,2026-08-01,42805000,2026-09-20,CommonStockSharesOutstanding,2026-09-01
VEEV,assets,2026-07-31,9060223000,2026-09-19,Assets,2026-09-01
VEEV,cash,2026-07-31,1812012000,2026-09-19,CashAndCashEquivalentsAtCarryingValue,2026-09-01
VEEV,equity,2026-07-31,7431449000,2026-09-19,StockholdersEquity,2026-09-01
VEEV,grossProfit,2026-07-31,695951000,2026-09-19,GrossProfit,2026-09-01
VEEV,liabilities,2026-07-31,1628774000,2026-09-19,Liabilities,2026-09-01
VEEV,netIncome,2026-07-31,273429000,2026-09-19,NetIncomeLoss,2026-09-01
VEEV,operatingIncome,2026-07-31,275018000,2026-09-19,OperatingIncomeLoss,2026-09-01
VEEV,receivables,2026-07-31,496677000,2026-09-19,AccountsReceivableNetCurrent,2026-09-01
VEEV,revenue,2026-07-31,927963000,2026-09-19,RevenueFromContractWithCustomerExcludingAssessedTax,2026-09-01
VEEV,rnd,2026-07-31,222918000,2026-09-19,ResearchAndDevelopmentExpense,2026-09-01
VEEV,shares,2026-07-31,161834760,2026-09-19,CommonStockSharesOutstanding,2026-09-01
VLTO,assets,2026-07-03,8558000000,2026-08-22,Assets,2026-09-01
VLTO,cash,2026-07-03,2119000000,2026-08-22,CashAndCashEquivalentsAtCarryingValue,2026-09-01
VLTO,debt,2026-07-03,2679000000,2026-08-22,LongTermDebtNoncurrent,2026-09-01
VLTO,equity,2026-07-03,3097000000,2026-08-22,StockholdersEquity,2026-09-01
VLTO,grossProfit,2026-07-03,902000000,2026-08-22,GrossProfit,2026-09-01
VLTO,inventory,2026-07-03,336000000,2026-08-22,InventoryNet,2026-09-01
VLTO,netIncome,2026-07-03,241000000,2026-08-22,NetIncomeLoss,2026-09-01
VLTO,operatingIncome,2026-07-03,315000000,2026-08-22,OperatingIncomeLoss,2026-09-01
VLTO,receivables,2026-07-03,921000000,2026-08-22,AccountsReceivableNetCurrent,2026-09-01
VLTO,revenue,2026-07-03,1474000000,2026-08-22,RevenueFromContractWithCustomerExcludingAssessedTax,2026-09-01
VLTO,rnd,2026-07-03,73000000,2026-08-22,ResearchAndDevelopmentExpense,2026-09-01
VLTO,shares,2026-07-03,244200000,2026-08-22,CommonStockSharesOutstanding,2026-09-01
WAT,assets,2026-07-04,24751000000,2026-08-23,Assets,2026-09-01
WAT,cash,2026-07-04,539000000,2026-08-23,CashAndCashEquivalentsAtCarryingValue,2026-09-01
WAT,debt,2026-07-04,4886000000,2026-08-23,LongTermDebtNoncurrent,2026-09-01
WAT,equity,2026-07-04,15195000000,2026-08-23,StockholdersEquity,2026-09-01
WAT,inventory,2026-07-04,1377000000,2026-08-23,InventoryNet,2026-09-01
WAT,liabilities,2026-07-04,9556000000,2026-08-23,Liabilities,2026-09-01
WAT,netIncome,2026-07-04,-136000000,2026-08-23,NetIncomeLoss,2026-09-01
WAT,operatingIncome,2026-07-04,-86000000,2026-08-23,OperatingIncomeLoss,2026-09-01
WAT,receivables,2026-07-04,1987000000,2026-08-23,AccountsReceivableNetCurrent,2026-09-01
WAT,revenue,2026-07-04,1645000000,2026-08-23,Revenues,2026-09-01
WAT,rnd,2026-07-04,122000000,2026-08-23,ResearchAndDevelopmentExpense,2026-09-01
WAT,shares,2026-07-04,98225000,2026-08-23,CommonStockSharesOutstanding,2026-09-01
WDAY,assets,2026-07-31,15857000000,2026-09-19,Assets,2026-09-01
WDAY,cash,2026-07-31,661000000,2026-09-19,CashAndCashEquivalentsAtCarryingValue,2026-09-01
WDAY,debt,2026-07-31,1990000000,2026-09-19,LongTermDebtNoncurrent,2026-09-01
WDAY,equity,2026-07-31,6460000000,2026-09-19,StockholdersEquity,2026-09-01
WDAY,liabilities,2026-07-31,9397000000,2026-09-19,Liabilities,2026-09-01
WDAY,netIncome,2026-07-31,632000000,2026-09-19,NetIncomeLoss,2026-09-01
WDAY,operatingIncome,2026-07-31,313000000,2026-09-19,OperatingIncomeLoss,2026-09-01
WDAY,receivables,2026-07-31,1895000000,2026-09-19,AccountsReceivableNetCurrent,2026-09-01
WDAY,revenue,2026-07-31,2649000000,2026-09-19,RevenueFromContractWithCustomerExcludingAssessedTax,2026-09-01
WDAY,rnd,2026-07-31,747000000,2026-09-19,ResearchAndDevelopmentExpense,2026-09-01
WDC,assets,2026-07-03,13861000000,2026-08-22,Assets,2026-09-01
WDC,cash,2026-07-03,1579000000,2026-08-22,CashAndCashEquivalentsAtCarryingValue,2026-09-01
WDC,debt,2026-07-03,0,2026-08-22,LongTermDebtNoncurrent,2026-09-01
WDC,equity,2026-07-03,8864000000,2026-08-22,StockholdersEquity,2026-09-01
WDC,inventory,2026-07-03,1511000000,2026-08-22,InventoryNet,2026-09-01
WDC,liabilities,2026-07-03,4997000000,2026-08-22,Liabilities,2026-09-01
WDC,receivables,2026-07-03,2026000000,2026-08-22,AccountsReceivableNetCurrent,2026-09-01
WDC,shares,2026-07-03,361000000,2026-08-22,CommonStockSharesOutstanding,2026-09-01
WMT,assets,2026-07-31,293914000000,2026-09-19,Assets,2026-09-01
WMT,cash,2026-07-31,11529000000,2026-09-19,CashAndCashEquivalentsAtCarryingValue,2026-09-01
WMT,debt,2026-07-31,36462000000,2026-09-19,LongTermDebtNoncurrent,2026-09-01
WMT,equity,2026-07-31,98238000000,2026-09-19,StockholdersEquity,2026-09-01
WMT,inventory,2026-07-31,61600000000,2026-09-19,InventoryNet,2026-09-01
WMT,netIncome,2026-07-31,6366000000,2026-09-19,NetIncomeLoss,2026-09-01
WMT,operatingIncome,2026-07-31,9383000000,2026-09-19,OperatingIncomeLoss,2026-09-01
WMT,revenue,2026-07-31,187937000000,2026-09-19,Revenues,2026-09-01
WSM,assets,2026-08-02,5506306000,2026-09-21,Assets,2026-09-01
WSM,cash,2026-08-02,1028936000,2026-09-21,CashAndCashEquivalentsAtCarryingValue,2026-09-01
WSM,equity,2026-08-02,2140914000,2026-09-21,StockholdersEquity,2026-09-01
WSM,grossProfit,2026-08-02,1011948000,2026-09-21,GrossProfit,2026-09-01
WSM,inventory,2026-08-02,1447423000,2026-09-21,InventoryNet,2026-09-01
WSM,liabilities,2026-08-02,3365392000,2026-09-21,Liabilities,2026-09-01
WSM,netIncome,2026-08-02,338109000,2026-09-21,NetIncomeLoss,2026-09-01
WSM,operatingIncome,2026-08-02,448795000,2026-09-21,OperatingIncomeLoss,2026-09-01
WSM,revenue,2026-08-02,1959757000,2026-09-21,RevenueFromContractWithCustomerExcludingAssessedTax,2026-09-01
WSM,shares,2026-08-02,117779000,2026-09-21,CommonStockSharesOutstanding,2026-09-01
ZBRA,assets,2026-07-04,8637000000,2026-08-23,Assets,2026-09-01
ZBRA,cash,2026-07-04,157000000,2026-08-23,CashAndCashEquivalentsAtCarryingValue,2026-09-01
ZBRA,debt,2026-07-04,493000000,2026-08-23,LongTermDebtNoncurrent,2026-09-01
ZBRA,equity,2026-07-04,3435000000,2026-08-23,StockholdersEquity,2026-09-01
ZBRA,grossProfit,2026-07-04,825000000,2026-08-23,GrossProfit,2026-09-01
ZBRA,inventory,2026-07-04,733000000,2026-08-23,InventoryNet,2026-09-01
ZBRA,liabilities,2026-07-04,5202000000,2026-08-23,Liabilities,2026-09-01
ZBRA,netIncome,2026-07-04,233000000,2026-08-23,NetIncomeLoss,2026-09-01
ZBRA,operatingIncome,2026-07-04,321000000,2026-08-23,OperatingIncomeLoss,2026-09-01
ZBRA,receivables,2026-07-04,990000000,2026-08-23,AccountsReceivableNetCurrent,2026-09-01
ZBRA,revenue,2026-07-04,1557000000,2026-08-23,RevenueFromContractWithCustomerExcludingAssessedTax,2026-09-01
ZBRA,rnd,2026-07-04,159000000,2026-08-23,ResearchAndDevelopmentExpense,2026-09-01
A,assets,2026-07-31,13967000000,2026-09-19,Assets,2026-09-02
A,cash,2026-07-31,1758000000,2026-09-19,CashAndCashEquivalentsAtCarryingValue,2026-09-02
A,debt,2026-07-31,3645000000,2026-09-19,LongTermDebt,2026-09-02
A,equity,2026-07-31,7363000000,2026-09-19,StockholdersEquity,2026-09-02
A,inventory,2026-07-31,1117000000,2026-09-19,InventoryNet,2026-09-02
A,liabilities,2026-07-31,6604000000,2026-09-19,Liabilities,2026-09-02
A,netIncome,2026-07-31,362000000,2026-09-19,NetIncomeLoss,2026-09-02
A,operatingIncome,2026-07-31,444000000,2026-09-19,OperatingIncomeLoss,2026-09-02
A,receivables,2026-07-31,1478000000,2026-09-19,AccountsReceivableNetCurrent,2026-09-02
A,revenue,2026-07-31,1878000000,2026-09-19,RevenueFromContractWithCustomerExcludingAssessedTax,2026-09-02
A,rnd,2026-07-31,123000000,2026-09-19,ResearchAndDevelopmentExpense,2026-09-02
A,shares,2026-07-31,281965813,2026-09-19,CommonStockSharesOutstanding,2026-09-02
ADI,assets,2026-08-01,48424417000,2026-09-20,Assets,2026-09-02
ADI,cash,2026-08-01,2165870000,2026-09-20,CashAndCashEquivalentsAtCarryingValue,2026-09-02
ADI,debt,2026-08-01,6771624000,2026-09-20,LongTermDebtNoncurrent,2026-09-02
ADI,equity,2026-08-01,33550897000,2026-09-20,StockholdersEquity,2026-09-02
ADI,grossProfit,2026-08-01,2707544000,2026-09-20,GrossProfit,2026-09-02
ADI,inventory,2026-08-01,1931496000,2026-09-20,InventoryNet,2026-09-02
ADI,netIncome,2026-08-01,1340090000,2026-09-20,NetIncomeLoss,2026-09-02
ADI,operatingIncome,2026-08-01,1612969000,2026-09-20,OperatingIncomeLoss,2026-09-02
ADI,receivables,2026-08-01,2389577000,2026-09-20,AccountsReceivableNetCurrent,2026-09-02
ADI,revenue,2026-08-01,4021899000,2026-09-20,RevenueFromContractWithCustomerExcludingAssessedTax,2026-09-02
ADI,rnd,2026-08-01,533480000,2026-09-20,ResearchAndDevelopmentExpense,2026-09-02
ADI,shares,2026-08-01,484565465,2026-09-20,CommonStockSharesOutstanding,2026-09-02
ADSK,assets,2026-07-31,12983000000,2026-09-19,Assets,2026-09-02
ADSK,cash,2026-07-31,4098000000,2026-09-19,CashAndCashEquivalentsAtCarryingValue,2026-09-02
ADSK,debt,2026-07-31,2500000000,2026-09-19,LongTermDebt,2026-09-02
ADSK,equity,2026-07-31,3383000000,2026-09-19,StockholdersEquity,2026-09-02
ADSK,grossProfit,2026-07-31,1870000000,2026-09-19,GrossProfit,2026-09-02
ADSK,netIncome,2026-07-31,492000000,2026-09-19,NetIncomeLoss,2026-09-02
ADSK,operatingIncome,2026-07-31,599000000,2026-09-19,OperatingIncomeLoss,2026-09-02
ADSK,receivables,2026-07-31,684000000,2026-09-19,AccountsReceivableNetCurrent,2026-09-02
ADSK,revenue,2026-07-31,2046000000,2026-09-19,RevenueFromContractWithCustomerExcludingAssessedTax,2026-09-02
ADSK,rnd,2026-07-31,464000000,2026-09-19,ResearchAndDevelopmentExpense,2026-09-02
AMAT,assets,2026-07-26,43522000000,2026-09-14,Assets,2026-09-02
AMAT,cash,2026-07-26,7037000000,2026-09-14,CashAndCashEquivalentsAtCarryingValue,2026-09-02
AMAT,debt,2026-07-26,5245000000,2026-09-14,LongTermDebtNoncurrent,2026-09-02
AMAT,equity,2026-07-26,25626000000,2026-09-14,StockholdersEquity,2026-09-02
AMAT,grossProfit,2026-07-26,4586000000,2026-09-14,GrossProfit,2026-09-02
AMAT,inventory,2026-07-26,6564000000,2026-09-14,InventoryNet,2026-09-02
AMAT,liabilities,2026-07-26,17896000000,2026-09-14,Liabilities,2026-09-02
AMAT,netIncome,2026-07-26,2538000000,2026-09-14,NetIncomeLoss,2026-09-02
AMAT,operatingIncome,2026-07-26,3075000000,2026-09-14,OperatingIncomeLoss,2026-09-02
AMAT,receivables,2026-07-26,7691000000,2026-09-14,AccountsReceivableNetCurrent,2026-09-02
AMAT,revenue,2026-07-26,9115000000,2026-09-14,RevenueFromContractWithCustomerExcludingAssessedTax,2026-09-02
AMAT,rnd,2026-07-26,1100000000,2026-09-14,ResearchAndDevelopmentExpense,2026-09-02
CRM,assets,2026-07-31,109620000000,2026-09-19,Assets,2026-09-02
CRM,buybacks,2026-07-31,84000000,2026-09-19,PaymentsForRepurchaseOfCommonStock,2026-09-02
CRM,capex,2026-07-31,171000000,2026-09-19,PaymentsToAcquirePropertyPlantAndEquipment,2026-09-02
CRM,cash,2026-07-31,8310000000,2026-09-19,CashAndCashEquivalentsAtCarryingValue,2026-09-02
CRM,debt,2026-07-31,39288000000,2026-09-19,LongTermDebtNoncurrent,2026-09-02
CRM,equity,2026-07-31,38378000000,2026-09-19,StockholdersEquity,2026-09-02
CRM,grossProfit,2026-07-31,8696000000,2026-09-19,GrossProfit,2026-09-02
CRM,liabilities,2026-07-31,71242000000,2026-09-19,Liabilities,2026-09-02
CRM,netIncome,2026-07-31,3526000000,2026-09-19,NetIncomeLoss,2026-09-02
CRM,operatingCashFlow,2026-07-31,1269000000,2026-09-19,NetCashProvidedByUsedInOperatingActivities,2026-09-02
CRM,operatingIncome,2026-07-31,2331000000,2026-09-19,OperatingIncomeLoss,2026-09-02
CRM,receivables,2026-07-31,6320000000,2026-09-19,AccountsReceivableNetCurrent,2026-09-02
CRM,revenue,2026-07-31,11345000000,2026-09-19,RevenueFromContractWithCustomerExcludingAssessedTax,2026-09-02
CRM,rnd,2026-07-31,1687000000,2026-09-19,ResearchAndDevelopmentExpense,2026-09-02
CRWD,assets,2026-07-31,12025001000,2026-09-19,Assets,2026-09-02
CRWD,cash,2026-07-31,5013847000,2026-09-19,CashAndCashEquivalentsAtCarryingValue,2026-09-02
CRWD,debt,2026-07-31,746216000,2026-09-19,LongTermDebtNoncurrent,2026-09-02
CRWD,equity,2026-07-31,5101724000,2026-09-19,StockholdersEquity,2026-09-02
CRWD,grossProfit,2026-07-31,1096895000,2026-09-19,GrossProfit,2026-09-02
CRWD,liabilities,2026-07-31,6885476000,2026-09-19,Liabilities,2026-09-02
CRWD,netIncome,2026-07-31,5306000,2026-09-19,NetIncomeLoss,2026-09-02
CRWD,operatingIncome,2026-07-31,-33232000,2026-09-19,OperatingIncomeLoss,2026-09-02
CRWD,receivables,2026-07-31,1038575000,2026-09-19,AccountsReceivableNetCurrent,2026-09-02
CRWD,rnd,2026-07-31,444200000,2026-09-19,ResearchAndDevelopmentExpense,2026-09-02
DE,assets,2026-08-02,107607000000,2026-09-21,Assets,2026-09-02
DE,cash,2026-08-02,8928000000,2026-09-21,CashAndCashEquivalentsAtCarryingValue,2026-09-02
DE,equity,2026-08-02,27990000000,2026-09-21,StockholdersEquity,2026-09-02
DE,inventory,2026-08-02,7811000000,2026-09-21,InventoryNet,2026-09-02
DE,liabilities,2026-08-02,79566000000,2026-09-21,Liabilities,2026-09-02
DE,netIncome,2026-08-02,1379000000,2026-09-21,NetIncomeLoss,2026-09-02
DE,revenue,2026-08-02,12608000000,2026-09-21,Revenues,2026-09-02
DE,rnd,2026-08-02,567000000,2026-09-21,ResearchAndDevelopmentExpense,2026-09-02
DG,assets,2026-07-31,32167333000,2026-09-19,Assets,2026-09-02
DG,cash,2026-07-31,1589590000,2026-09-19,CashAndCashEquivalentsAtCarryingValue,2026-09-02
DG,equity,2026-07-31,9288648000,2026-09-19,StockholdersEquity,2026-09-02
DG,grossProfit,2026-07-31,3680921000,2026-09-19,GrossProfit,2026-09-02
DG,inventory,2026-07-31,6552841000,2026-09-19,InventoryNet,2026-09-02
DG,liabilities,2026-07-31,22878685000,2026-09-19,Liabilities,2026-09-02
DG,netIncome,2026-07-31,550315000,2026-09-19,NetIncomeLoss,2026-09-02
DG,operatingIncome,2026-07-31,769164000,2026-09-19,OperatingIncomeLoss,2026-09-02
DG,revenue,2026-07-31,11290380000,2026-09-19,RevenueFromContractWithCustomerExcludingAssessedTax,2026-09-02
DLTR,assets,2026-08-01,14029600000,2026-09-20,Assets,2026-09-02
DLTR,cash,2026-08-01,1058100000,2026-09-20,CashAndCashEquivalentsAtCarryingValue,2026-09-02
DLTR,debt,2026-08-01,2933500000,2026-09-20,LongTermDebtNoncurrent,2026-09-02
DLTR,equity,2026-08-01,3425300000,2026-09-20,StockholdersEquity,2026-09-02
DLTR,liabilities,2026-08-01,10604300000,2026-09-20,Liabilities,2026-09-02
DLTR,netIncome,2026-08-01,514500000,2026-09-20,NetIncomeLoss,2026-09-02
DLTR,operatingIncome,2026-08-01,690100000,2026-09-20,OperatingIncomeLoss,2026-09-02
DLTR,revenue,2026-08-01,4891200000,2026-09-20,Revenues,2026-09-02
DLTR,shares,2026-08-01,187672941,2026-09-20,CommonStockSharesOutstanding,2026-09-02
FTV,assets,2026-07-03,11615000000,2026-08-22,Assets,2026-09-02
FTV,cash,2026-07-03,374200000,2026-08-22,CashAndCashEquivalentsAtCarryingValue,2026-09-02
FTV,debt,2026-07-03,3509300000,2026-08-22,LongTermDebtNoncurrent,2026-09-02
FTV,equity,2026-07-03,6060600000,2026-08-22,StockholdersEquity,2026-09-02
FTV,grossProfit,2026-07-03,695300000,2026-08-22,GrossProfit,2026-09-02
FTV,inventory,2026-07-03,310800000,2026-08-22,InventoryNet,2026-09-02
FTV,netIncome,2026-07-03,157300000,2026-08-22,NetIncomeLoss,2026-09-02
FTV,operatingIncome,2026-07-03,209900000,2026-08-22,OperatingIncomeLoss,2026-09-02
FTV,receivables,2026-07-03,657800000,2026-08-22,AccountsReceivableNetCurrent,2026-09-02
FTV,revenue,2026-07-03,1096800000,2026-08-22,RevenueFromContractWithCustomerExcludingAssessedTax,2026-09-02
FTV,rnd,2026-07-03,67500000,2026-08-22,ResearchAndDevelopmentExpense,2026-09-02
FTV,shares,2026-07-03,302600000,2026-08-22,CommonStockSharesOutstanding,2026-09-02
GD,assets,2026-07-05,60163000000,2026-08-24,Assets,2026-09-02
GD,cash,2026-07-05,4333000000,2026-08-24,CashAndCashEquivalentsAtCarryingValue,2026-09-02
GD,debt,2026-07-05,6260000000,2026-08-24,LongTermDebtNoncurrent,2026-09-02
GD,equity,2026-07-05,26826000000,2026-08-24,StockholdersEquity,2026-09-02
GD,inventory,2026-07-05,9097000000,2026-08-24,InventoryNet,2026-09-02
GD,netIncome,2026-07-05,1160000000,2026-08-24,NetIncomeLoss,2026-09-02
GD,operatingIncome,2026-07-05,1460000000,2026-08-24,OperatingIncomeLoss,2026-09-02
GD,receivables,2026-07-05,2398000000,2026-08-24,AccountsReceivableNetCurrent,2026-09-02
GD,revenue,2026-07-05,14094000000,2026-08-24,RevenueFromContractWithCustomerExcludingAssessedTax,2026-09-02
GEN,assets,2026-07-03,15644000000,2026-08-22,Assets,2026-09-02
GEN,buybacks,2026-07-03,100000000,2026-08-22,PaymentsForRepurchaseOfCommonStock,2026-09-02
GEN,capex,2026-07-03,4000000,2026-08-22,PaymentsToAcquirePropertyPlantAndEquipment,2026-09-02
GEN,debt,2026-07-03,7975000000,2026-08-22,LongTermDebtNoncurrent,2026-09-02
GEN,equity,2026-07-03,2656000000,2026-08-22,StockholdersEquity,2026-09-02
GEN,grossProfit,2026-07-03,1029000000,2026-08-22,GrossProfit,2026-09-02
GEN,liabilities,2026-07-03,12988000000,2026-08-22,Liabilities,2026-09-02
GEN,netIncome,2026-07-03,215000000,2026-08-22,NetIncomeLoss,2026-09-02
GEN,operatingCashFlow,2026-07-03,434000000,2026-08-22,NetCashProvidedByUsedInOperatingActivities,2026-09-02
GEN,operatingIncome,2026-07-03,443000000,2026-08-22,OperatingIncomeLoss,2026-09-02
GEN,receivables,2026-07-03,378000000,2026-08-22,AccountsReceivableNetCurrent,2026-09-02
GEN,revenue,2026-07-03,1336000000,2026-08-22,RevenueFromContractWithCustomerExcludingAssessedTax,2026-09-02
GEN,rnd,2026-07-03,118000000,2026-08-22,ResearchAndDevelopmentExpense,2026-09-02
GEN,shares,2026-07-03,599000000,2026-08-22,CommonStockSharesOutstanding,2026-09-02
HD,assets,2026-08-02,109384000000,2026-09-21,Assets,2026-09-02
HD,cash,2026-08-02,2085000000,2026-09-21,CashAndCashEquivalentsAtCarryingValue,2026-09-02
HD,equity,2026-08-02,16617000000,2026-09-21,StockholdersEquity,2026-09-02
HD,grossProfit,2026-08-02,16115000000,2026-09-21,GrossProfit,2026-09-02
HD,inventory,2026-08-02,26847000000,2026-09-21,InventoryNet,2026-09-02
HD,liabilities,2026-08-02,92767000000,2026-09-21,Liabilities,2026-09-02
HD,netIncome,2026-08-02,4766000000,2026-09-21,NetIncomeLoss,2026-09-02
HD,operatingIncome,2026-08-02,6839000000,2026-09-21,OperatingIncomeLoss,2026-09-02
HD,receivables,2026-08-02,6963000000,2026-09-21,AccountsReceivableNetCurrent,2026-09-02
HD,revenue,2026-08-02,47861000000,2026-09-21,RevenueFromContractWithCustomerExcludingAssessedTax,2026-09-02
HD,shares,2026-08-02,998000000,2026-09-21,CommonStockSharesOutstanding,2026-09-02
HPQ,assets,2026-07-31,45701000000,2026-09-19,Assets,2026-09-02
HPQ,buybacks,2026-07-31,300000000,2026-09-19,PaymentsForRepurchaseOfCommonStock,2026-09-02
HPQ,cash,2026-07-31,4169000000,2026-09-19,CashAndCashEquivalentsAtCarryingValue,2026-09-02
HPQ,debt,2026-07-31,7868000000,2026-09-19,LongTermDebtNoncurrent,2026-09-02
HPQ,equity,2026-07-31,-92000000,2026-09-19,StockholdersEquity,2026-09-02
HPQ,grossProfit,2026-07-31,2945000000,2026-09-19,GrossProfit,2026-09-02
HPQ,inventory,2026-07-31,10322000000,2026-09-19,InventoryNet,2026-09-02
HPQ,netIncome,2026-07-31,661000000,2026-09-19,NetIncomeLoss,2026-09-02
HPQ,operatingIncome,2026-07-31,892000000,2026-09-19,OperatingIncomeLoss,2026-09-02
HPQ,receivables,2026-07-31,7168000000,2026-09-19,AccountsReceivableNetCurrent,2026-09-02
HPQ,revenue,2026-07-31,15677000000,2026-09-19,Revenues,2026-09-02
HPQ,rnd,2026-07-31,389000000,2026-09-19,ResearchAndDevelopmentExpense,2026-09-02
HPQ,shares,2026-07-31,903000000,2026-09-19,CommonStockSharesOutstanding,2026-09-02
HRL,assets,2026-07-26,13292014000,2026-09-14,Assets,2026-09-02
HRL,cash,2026-07-26,839639000,2026-09-14,CashAndCashEquivalentsAtCarryingValue,2026-09-02
HRL,debt,2026-07-26,2349489000,2026-09-14,LongTermDebtNoncurrent,2026-09-02
HRL,equity,2026-07-26,7843444000,2026-09-14,StockholdersEquity,2026-09-02
HRL,grossProfit,2026-07-26,471515000,2026-09-14,GrossProfit,2026-09-02
HRL,inventory,2026-07-26,1801567000,2026-09-14,InventoryNet,2026-09-02
HRL,netIncome,2026-07-26,59573000,2026-09-14,NetIncomeLoss,2026-09-02
HRL,operatingIncome,2026-07-26,110904000,2026-09-14,OperatingIncomeLoss,2026-09-02
KO,assets,2026-07-03,107922000000,2026-08-22,Assets,2026-09-02
KO,capex,2026-07-03,418000000,2026-08-22,PaymentsToAcquirePropertyPlantAndEquipment,2026-09-02
KO,cash,2026-07-03,12907000000,2026-08-22,CashAndCashEquivalentsAtCarryingValue,2026-09-02
KO,equity,2026-07-03,36150000000,2026-08-22,StockholdersEquity,2026-09-02
KO,grossProfit,2026-07-03,8415000000,2026-08-22,GrossProfit,2026-09-02
KO,inventory,2026-07-03,4647000000,2026-08-22,InventoryNet,2026-09-02
KO,netIncome,2026-07-03,4425000000,2026-08-22,NetIncomeLoss,2026-09-02
KO,operatingIncome,2026-07-03,4672000000,2026-08-22,OperatingIncomeLoss,2026-09-02
KO,receivables,2026-07-03,3732000000,2026-08-22,AccountsReceivableNetCurrent,2026-09-02
KO,revenue,2026-07-03,13380000000,2026-08-22,Revenues,2026-09-02
LDOS,assets,2026-07-03,15632000000,2026-08-22,Assets,2026-09-02
LDOS,buybacks,2026-07-03,66000000,2026-08-22,PaymentsForRepurchaseOfCommonStock,2026-09-02
LDOS,cash,2026-07-03,748000000,2026-08-22,CashAndCashEquivalentsAtCarryingValue,2026-09-02
LDOS,equity,2026-07-03,5284000000,2026-08-22,StockholdersEquity,2026-09-02
LDOS,inventory,2026-07-03,94000000,2026-08-22,InventoryNet,2026-09-02
LDOS,liabilities,2026-07-03,10296000000,2026-08-22,Liabilities,2026-09-02
LDOS,netIncome,2026-07-03,354000000,2026-08-22,NetIncomeLoss,2026-09-02
LDOS,operatingIncome,2026-07-03,514000000,2026-08-22,OperatingIncomeLoss,2026-09-02
LDOS,revenue,2026-07-03,4558000000,2026-08-22,Revenues,2026-09-02
LDOS,shares,2026-07-03,125492013,2026-08-22,CommonStockSharesOutstanding,2026-09-02
LHX,assets,2026-07-03,42938000000,2026-08-22,Assets,2026-09-02
LHX,cash,2026-07-03,1521000000,2026-08-22,CashAndCashEquivalentsAtCarryingValue,2026-09-02
LHX,debt,2026-07-03,9184000000,2026-08-22,LongTermDebtNoncurrent,2026-09-02
LHX,equity,2026-07-03,19882000000,2026-08-22,StockholdersEquity,2026-09-02
LHX,inventory,2026-07-03,1272000000,2026-08-22,InventoryNet,2026-09-02
LHX,liabilities,2026-07-03,22088000000,2026-08-22,Liabilities,2026-09-02
LHX,netIncome,2026-07-03,600000000,2026-08-22,NetIncomeLoss,2026-09-02
LHX,operatingIncome,2026-07-03,654000000,2026-08-22,OperatingIncomeLoss,2026-09-02
LHX,receivables,2026-07-03,1950000000,2026-08-22,AccountsReceivableNetCurrent,2026-09-02
LHX,revenue,2026-07-03,5881000000,2026-08-22,RevenueFromContractWithCustomerExcludingAssessedTax,2026-09-02
LHX,shares,2026-07-03,186155804,2026-08-22,CommonStockSharesOutstanding,2026-09-02
LOW,assets,2026-07-31,55881000000,2026-09-19,Assets,2026-09-02
LOW,cash,2026-07-31,3172000000,2026-09-19,CashAndCashEquivalentsAtCarryingValue,2026-09-02
LOW,equity,2026-07-31,-7437000000,2026-09-19,StockholdersEquity,2026-09-02
LOW,grossProfit,2026-07-31,8577000000,2026-09-19,GrossProfit,2026-09-02
LOW,inventory,2026-07-31,17737000000,2026-09-19,InventoryNet,2026-09-02
LOW,liabilities,2026-07-31,63318000000,2026-09-19,Liabilities,2026-09-02
LOW,netIncome,2026-07-31,2399000000,2026-09-19,NetIncomeLoss,2026-09-02
LOW,operatingIncome,2026-07-31,3549000000,2026-09-19,OperatingIncomeLoss,2026-09-02
LOW,revenue,2026-07-31,25956000000,2026-09-19,RevenueFromContractWithCustomerExcludingAssessedTax,2026-09-02
LOW,shares,2026-07-31,561000000,2026-09-19,CommonStockSharesOutstanding,2026-09-02
MRVL,assets,2026-08-01,27554600000,2026-09-20,Assets,2026-09-02
MRVL,cash,2026-08-01,3932800000,2026-09-20,CashAndCashEquivalentsAtCarryingValue,2026-09-02
MRVL,debt,2026-08-01,4962900000,2026-09-20,LongTermDebtNoncurrent,2026-09-02
MRVL,equity,2026-08-01,18531600000,2026-09-20,StockholdersEquity,2026-09-02
MRVL,grossProfit,2026-08-01,1455600000,2026-09-20,GrossProfit,2026-09-02
MRVL,inventory,2026-08-01,1360600000,2026-09-20,InventoryNet,2026-09-02
MRVL,liabilities,2026-08-01,9023000000,2026-09-20,Liabilities,2026-09-02
MRVL,netIncome,2026-08-01,308000000,2026-09-20,NetIncomeLoss,2026-09-02
MRVL,operatingIncome,2026-08-01,459700000,2026-09-20,OperatingIncomeLoss,2026-09-02
MRVL,receivables,2026-08-01,2218400000,2026-09-20,AccountsReceivableNetCurrent,2026-09-02
MRVL,revenue,2026-08-01,2739300000,2026-09-20,RevenueFromContractWithCustomerExcludingAssessedTax,2026-09-02
MRVL,rnd,2026-08-01,741100000,2026-09-20,ResearchAndDevelopmentExpense,2026-09-02
MSI,assets,2026-07-04,19242000000,2026-08-23,Assets,2026-09-02
MSI,cash,2026-07-04,710000000,2026-08-23,CashAndCashEquivalentsAtCarryingValue,2026-09-02
MSI,debt,2026-07-04,8417000000,2026-08-23,LongTermDebtNoncurrent,2026-09-02
MSI,equity,2026-07-04,2672000000,2026-08-23,StockholdersEquity,2026-09-02
MSI,grossProfit,2026-07-04,1678000000,2026-08-23,GrossProfit,2026-09-02
MSI,inventory,2026-07-04,1333000000,2026-08-23,InventoryNet,2026-09-02
MSI,netIncome,2026-07-04,557000000,2026-08-23,NetIncomeLoss,2026-09-02
MSI,operatingIncome,2026-07-04,809000000,2026-08-23,OperatingIncomeLoss,2026-09-02
MSI,receivables,2026-07-04,2160000000,2026-08-23,AccountsReceivableNetCurrent,2026-09-02
MSI,revenue,2026-07-04,3133000000,2026-08-23,RevenueFromContractWithCustomerExcludingAssessedTax,2026-09-02
MSI,rnd,2026-07-04,260000000,2026-08-23,ResearchAndDevelopmentExpense,2026-09-02
MSI,shares,2026-07-04,165500000,2026-08-23,CommonStockSharesOutstanding,2026-09-02
NDSN,assets,2026-07-31,5947920000,2026-09-19,Assets,2026-09-02
NDSN,cash,2026-07-31,113431000,2026-09-19,CashAndCashEquivalentsAtCarryingValue,2026-09-02
NDSN,debt,2026-07-31,1529005000,2026-09-19,LongTermDebtNoncurrent,2026-09-02
NDSN,equity,2026-07-31,3269059000,2026-09-19,StockholdersEquity,2026-09-02
NDSN,inventory,2026-07-31,469310000,2026-09-19,InventoryNet,2026-09-02
NDSN,netIncome,2026-07-31,152846000,2026-09-19,NetIncomeLoss,2026-09-02
NDSN,operatingIncome,2026-07-31,223092000,2026-09-19,OperatingIncomeLoss,2026-09-02
NDSN,revenue,2026-07-31,817667000,2026-09-19,RevenueFromContractWithCustomerExcludingAssessedTax,2026-09-02
NUE,assets,2026-07-04,36954000000,2026-08-23,Assets,2026-09-02
NUE,cash,2026-07-04,2478000000,2026-08-23,CashAndCashEquivalentsAtCarryingValue,2026-09-02
NUE,equity,2026-07-04,22109000000,2026-08-23,StockholdersEquity,2026-09-02
NUE,inventory,2026-07-04,6020000000,2026-08-23,InventoryNet,2026-09-02
NUE,liabilities,2026-07-04,13688000000,2026-08-23,Liabilities,2026-09-02
NUE,netIncome,2026-07-04,1156000000,2026-08-23,NetIncomeLoss,2026-09-02
NUE,receivables,2026-07-04,4045000000,2026-08-23,AccountsReceivableNetCurrent,2026-09-02
NUE,revenue,2026-07-04,10397000000,2026-08-23,RevenueFromContractWithCustomerExcludingAssessedTax,2026-09-02
NVDA,assets,2026-07-26,320272000000,2026-09-14,Assets,2026-09-02
NVDA,cash,2026-07-26,22443000000,2026-09-14,CashAndCashEquivalentsAtCarryingValue,2026-09-02
NVDA,debt,2026-07-26,32366000000,2026-09-14,LongTermDebtNoncurrent,2026-09-02
NVDA,equity,2026-07-26,228984000000,2026-09-14,StockholdersEquity,2026-09-02
NVDA,grossProfit,2026-07-26,72142000000,2026-09-14,GrossProfit,2026-09-02
NVDA,inventory,2026-07-26,31575000000,2026-09-14,InventoryNet,2026-09-02
NVDA,liabilities,2026-07-26,91288000000,2026-09-14,Liabilities,2026-09-02
NVDA,netIncome,2026-07-26,59688000000,2026-09-14,NetIncomeLoss,2026-09-02
NVDA,operatingIncome,2026-07-26,63734000000,2026-09-14,OperatingIncomeLoss,2026-09-02
NVDA,receivables,2026-07-26,63059000000,2026-09-14,AccountsReceivableNetCurrent,2026-09-02
NVDA,revenue,2026-07-26,96221000000,2026-09-14,Revenues,2026-09-02
NVDA,rnd,2026-07-26,7054000000,2026-09-14,ResearchAndDevelopmentExpense,2026-09-02
ON,assets,2026-07-03,13485100000,2026-08-22,Assets,2026-09-02
ON,cash,2026-07-03,3514500000,2026-08-22,CashAndCashEquivalentsAtCarryingValue,2026-09-02
ON,debt,2026-07-03,3657300000,2026-08-22,LongTermDebtNoncurrent,2026-09-02
ON,equity,2026-07-03,7218700000,2026-08-22,StockholdersEquity,2026-09-02
ON,grossProfit,2026-07-03,616300000,2026-08-22,GrossProfit,2026-09-02
ON,inventory,2026-07-03,2047500000,2026-08-22,InventoryNet,2026-09-02
ON,liabilities,2026-07-03,6246600000,2026-08-22,Liabilities,2026-09-02
ON,netIncome,2026-07-03,226800000,2026-08-22,NetIncomeLoss,2026-09-02
ON,operatingIncome,2026-07-03,258600000,2026-08-22,OperatingIncomeLoss,2026-09-02
ON,revenue,2026-07-03,1603500000,2026-08-22,RevenueFromContractWithCustomerExcludingAssessedTax,2026-09-02
ON,shares,2026-07-03,389290999,2026-08-22,CommonStockSharesOutstanding,2026-09-02
ROST,assets,2026-08-01,15982280000,2026-09-20,Assets,2026-09-02
ROST,cash,2026-08-01,4288124000,2026-09-20,CashAndCashEquivalentsAtCarryingValue,2026-09-02
ROST,debt,2026-08-01,777053000,2026-09-20,LongTermDebtNoncurrent,2026-09-02
ROST,equity,2026-08-01,6743184000,2026-09-20,StockholdersEquity,2026-09-02
ROST,inventory,2026-08-01,3087370000,2026-09-20,InventoryNet,2026-09-02
ROST,netIncome,2026-08-01,851299000,2026-09-20,NetIncomeLoss,2026-09-02
ROST,operatingIncome,2026-08-01,1103618000,2026-09-20,OperatingIncomeLoss,2026-09-02
ROST,revenue,2026-08-01,6264886000,2026-09-20,RevenueFromContractWithCustomerExcludingAssessedTax,2026-09-02
ROST,shares,2026-08-01,319668000,2026-09-20,CommonStockSharesOutstanding,2026-09-02
RVTY,assets,2026-07-05,12045834000,2026-08-24,Assets,2026-09-02
RVTY,cash,2026-07-05,1022943000,2026-08-24,CashAndCashEquivalentsAtCarryingValue,2026-09-02
RVTY,debt,2026-07-05,2633094000,2026-08-24,LongTermDebtNoncurrent,2026-09-02
RVTY,equity,2026-07-05,7228758000,2026-08-24,StockholdersEquity,2026-09-02
RVTY,inventory,2026-07-05,378502000,2026-08-24,InventoryNet,2026-09-02
RVTY,liabilities,2026-07-05,4817076000,2026-08-24,Liabilities,2026-09-02
RVTY,netIncome,2026-07-05,51820000,2026-08-24,NetIncomeLoss,2026-09-02
RVTY,operatingIncome,2026-07-05,89316000,2026-08-24,OperatingIncomeLoss,2026-09-02
RVTY,receivables,2026-07-05,709175000,2026-08-24,AccountsReceivableNetCurrent,2026-09-02
RVTY,revenue,2026-07-05,729688000,2026-08-24,RevenueFromContractWithCustomerExcludingAssessedTax,2026-09-02
RVTY,rnd,2026-07-05,48974000,2026-08-24,ResearchAndDevelopmentExpense,2026-09-02
RVTY,shares,2026-07-05,111584000,2026-08-24,CommonStockSharesOutstanding,2026-09-02
SJM,assets,2026-07-31,16203200000,2026-09-19,Assets,2026-09-02
SJM,buybacks,2026-07-31,5700000,2026-09-19,PaymentsForRepurchaseOfCommonStock,2026-09-02
SJM,capex,2026-07-31,88400000,2026-09-19,PaymentsToAcquirePropertyPlantAndEquipment,2026-09-02
SJM,debt,2026-07-31,6394300000,2026-09-19,LongTermDebtNoncurrent,2026-09-02
SJM,equity,2026-07-31,5750800000,2026-09-19,StockholdersEquity,2026-09-02
SJM,grossProfit,2026-07-31,979600000,2026-09-19,GrossProfit,2026-09-02
SJM,inventory,2026-07-31,1186500000,2026-09-19,InventoryNet,2026-09-02
SJM,liabilities,2026-07-31,10452400000,2026-09-19,Liabilities,2026-09-02
SJM,netIncome,2026-07-31,324300000,2026-09-19,NetIncomeLoss,2026-09-02
SJM,operatingCashFlow,2026-07-31,425700000,2026-09-19,NetCashProvidedByUsedInOperatingActivities,2026-09-02
SJM,operatingIncome,2026-07-31,511600000,2026-09-19,OperatingIncomeLoss,2026-09-02
SJM,receivables,2026-07-31,615700000,2026-09-19,AccountsReceivableNetCurrent,2026-09-02
SJM,shares,2026-07-31,106800000,2026-09-19,CommonStockSharesOutstanding,2026-09-02
SNA,assets,2026-07-04,8640900000,2026-08-23,Assets,2026-09-02
SNA,cash,2026-07-04,1644700000,2026-08-23,CashAndCashEquivalentsAtCarryingValue,2026-09-02
SNA,debt,2026-07-04,887000000,2026-08-23,LongTermDebtNoncurrent,2026-09-02
SNA,equity,2026-07-04,6041300000,2026-08-23,StockholdersEquity,2026-09-02
SNA,inventory,2026-07-04,1045300000,2026-08-23,InventoryNet,2026-09-02
SNA,liabilities,2026-07-04,2574600000,2026-08-23,Liabilities,2026-09-02
SNA,netIncome,2026-07-04,260600000,2026-08-23,NetIncomeLoss,2026-09-02
SNA,operatingIncome,2026-07-04,336400000,2026-08-23,OperatingIncomeLoss,2026-09-02
SNA,receivables,2026-07-04,942200000,2026-08-23,AccountsReceivableNetCurrent,2026-09-02
SNA,revenue,2026-07-04,1334800000,2026-08-23,Revenues,2026-09-02
SNDK,assets,2026-07-03,22507000000,2026-08-22,Assets,2026-09-02
SNDK,cash,2026-07-03,4762000000,2026-08-22,CashAndCashEquivalentsAtCarryingValue,2026-09-02
SNDK,debt,2026-07-03,0,2026-08-22,LongTermDebtNoncurrent,2026-09-02
SNDK,equity,2026-07-03,15736000000,2026-08-22,StockholdersEquity,2026-09-02
SNDK,inventory,2026-07-03,2698000000,2026-08-22,InventoryNet,2026-09-02
SNDK,liabilities,2026-07-03,6771000000,2026-08-22,Liabilities,2026-09-02
SNDK,receivables,2026-07-03,4708000000,2026-08-22,AccountsReceivableNetCurrent,2026-09-02
SNDK,shares,2026-07-03,146000000,2026-08-22,CommonStockSharesOutstanding,2026-09-02
SNPS,assets,2026-07-31,47726263000,2026-09-19,Assets,2026-09-02
SNPS,cash,2026-07-31,3606286000,2026-09-19,CashAndCashEquivalentsAtCarryingValue,2026-09-02
SNPS,debt,2026-07-31,9017113000,2026-09-19,LongTermDebtNoncurrent,2026-09-02
SNPS,equity,2026-07-31,31152539000,2026-09-19,StockholdersEquity,2026-09-02
SNPS,grossProfit,2026-07-31,1797434000,2026-09-19,GrossProfit,2026-09-02
SNPS,inventory,2026-07-31,479129000,2026-09-19,InventoryNet,2026-09-02
SNPS,liabilities,2026-07-31,16574884000,2026-09-19,Liabilities,2026-09-02
SNPS,netIncome,2026-07-31,545800000,2026-09-19,NetIncomeLoss,2026-09-02
SNPS,operatingIncome,2026-07-31,357491000,2026-09-19,OperatingIncomeLoss,2026-09-02
SNPS,receivables,2026-07-31,1318747000,2026-09-19,AccountsReceivableNetCurrent,2026-09-02
SNPS,revenue,2026-07-31,2476822000,2026-09-19,RevenueFromContractWithCustomerExcludingAssessedTax,2026-09-02
SNPS,rnd,2026-07-31,719737000,2026-09-19,ResearchAndDevelopmentExpense,2026-09-02
SNPS,shares,2026-07-31,191605000,2026-09-19,CommonStockSharesOutstanding,2026-09-02
STX,assets,2026-07-03,9972000000,2026-08-22,Assets,2026-09-02
STX,cash,2026-07-03,1704000000,2026-08-22,CashAndCashEquivalentsAtCarryingValue,2026-09-02
STX,debt,2026-07-03,3380000000,2026-08-22,LongTermDebtNoncurrent,2026-09-02
STX,equity,2026-07-03,2167000000,2026-08-22,StockholdersEquity,2026-09-02
STX,inventory,2026-07-03,1571000000,2026-08-22,InventoryNet,2026-09-02
STX,liabilities,2026-07-03,7805000000,2026-08-22,Liabilities,2026-09-02
STX,receivables,2026-07-03,1534000000,2026-08-22,AccountsReceivableNetCurrent,2026-09-02
STX,shares,2026-07-03,226791724,2026-08-22,CommonStockSharesOutstanding,2026-09-02
SWK,assets,2026-07-04,20093500000,2026-08-23,Assets,2026-09-02
SWK,buybacks,2026-07-04,252100000,2026-08-23,PaymentsForRepurchaseOfCommonStock,2026-09-02
SWK,capex,2026-07-04,64900000,2026-08-23,PaymentsToAcquirePropertyPlantAndEquipment,2026-09-02
SWK,cash,2026-07-04,592400000,2026-08-23,CashAndCashEquivalentsAtCarryingValue,2026-09-02
SWK,debt,2026-07-04,4704200000,2026-08-23,LongTermDebtNoncurrent,2026-09-02
SWK,equity,2026-07-04,8958800000,2026-08-23,StockholdersEquity,2026-09-02
SWK,inventory,2026-07-04,3896500000,2026-08-23,InventoryNet,2026-09-02
SWK,netIncome,2026-07-04,351300000,2026-08-23,NetIncomeLoss,2026-09-02
SWK,operatingCashFlow,2026-07-04,763100000,2026-08-23,NetCashProvidedByUsedInOperatingActivities,2026-09-02
SWK,revenue,2026-07-04,3960700000,2026-08-23,Revenues,2026-09-02
SWKS,assets,2026-07-03,7425000000,2026-08-22,Assets,2026-09-02
SWKS,cash,2026-07-03,790000000,2026-08-22,CashAndCashEquivalentsAtCarryingValue,2026-09-02
SWKS,debt,2026-07-03,496900000,2026-08-22,LongTermDebt,2026-09-02
SWKS,equity,2026-07-03,5738300000,2026-08-22,StockholdersEquity,2026-09-02
SWKS,grossProfit,2026-07-03,375000000,2026-08-22,GrossProfit,2026-09-02
SWKS,inventory,2026-07-03,1015500000,2026-08-22,InventoryNet,2026-09-02
SWKS,liabilities,2026-07-03,1686700000,2026-08-22,Liabilities,2026-09-02
SWKS,netIncome,2026-07-03,33900000,2026-08-22,NetIncomeLoss,2026-09-02
SWKS,operatingIncome,2026-07-03,48500000,2026-08-22,OperatingIncomeLoss,2026-09-02
SWKS,revenue,2026-07-03,934800000,2026-08-22,Revenues,2026-09-02
SWKS,rnd,2026-07-03,207800000,2026-08-22,ResearchAndDevelopmentExpense,2026-09-02
SWKS,shares,2026-07-03,150500000,2026-08-22,CommonStockSharesOutstanding,2026-09-02
TGT,assets,2026-08-01,61235000000,2026-09-20,Assets,2026-09-02
TGT,equity,2026-08-01,17843000000,2026-09-20,StockholdersEquity,2026-09-02
TGT,inventory,2026-08-01,13249000000,2026-09-20,InventoryNet,2026-09-02
TGT,netIncome,2026-08-01,1877000000,2026-09-20,NetIncomeLoss,2026-09-02
TGT,operatingIncome,2026-08-01,2560000000,2026-09-20,OperatingIncomeLoss,2026-09-02
TGT,revenue,2026-08-01,26539000000,2026-09-20,RevenueFromContractWithCustomerExcludingAssessedTax,2026-09-02
TGT,shares,2026-08-01,454291461,2026-09-20,CommonStockSharesOutstanding,2026-09-02
TJX,assets,2026-08-01,37115000000,2026-09-20,Assets,2026-09-02
TJX,cash,2026-08-01,6004000000,2026-09-20,CashAndCashEquivalentsAtCarryingValue,2026-09-02
TJX,debt,2026-08-01,1871000000,2026-09-20,LongTermDebtNoncurrent,2026-09-02
TJX,equity,2026-08-01,10651000000,2026-09-20,StockholdersEquity,2026-09-02
TJX,inventory,2026-08-01,7862000000,2026-09-20,InventoryNet,2026-09-02
TJX,netIncome,2026-08-01,1520000000,2026-09-20,NetIncomeLoss,2026-09-02
TJX,receivables,2026-08-01,665000000,2026-09-20,AccountsReceivableNetCurrent,2026-09-02
TJX,shares,2026-08-01,1101167677,2026-09-20,CommonStockSharesOutstanding,2026-09-02
TRMB,assets,2026-07-03,8540800000,2026-08-22,Assets,2026-09-02
TRMB,cash,2026-07-03,214400000,2026-08-22,CashAndCashEquivalentsAtCarryingValue,2026-09-02
TRMB,debt,2026-07-03,1442900000,2026-08-22,LongTermDebtNoncurrent,2026-09-02
TRMB,equity,2026-07-03,5110800000,2026-08-22,StockholdersEquity,2026-09-02
TRMB,grossProfit,2026-07-03,674900000,2026-08-22,GrossProfit,2026-09-02
TRMB,inventory,2026-07-03,185300000,2026-08-22,InventoryNet,2026-09-02
TRMB,liabilities,2026-07-03,3430000000,2026-08-22,Liabilities,2026-09-02
TRMB,netIncome,2026-07-03,-471700000,2026-08-22,NetIncomeLoss,2026-09-02
TRMB,operatingIncome,2026-07-03,132000000,2026-08-22,OperatingIncomeLoss,2026-09-02
TRMB,receivables,2026-07-03,598100000,2026-08-22,AccountsReceivableNetCurrent,2026-09-02
TRMB,revenue,2026-07-03,972000000,2026-08-22,RevenueFromContractWithCustomerExcludingAssessedTax,2026-09-02
TRMB,rnd,2026-07-03,177100000,2026-08-22,ResearchAndDevelopmentExpense,2026-09-02
TRMB,shares,2026-07-03,233200000,2026-08-22,CommonStockSharesOutstanding,2026-09-02
TXT,assets,2026-07-04,18134000000,2026-08-23,Assets,2026-09-02
TXT,equity,2026-07-04,8054000000,2026-08-23,StockholdersEquity,2026-09-02
TXT,inventory,2026-07-04,4720000000,2026-08-23,InventoryNet,2026-09-02
TXT,liabilities,2026-07-04,10080000000,2026-08-23,Liabilities,2026-09-02
TXT,netIncome,2026-07-04,248000000,2026-08-23,NetIncomeLoss,2026-09-02
TXT,revenue,2026-07-04,3827000000,2026-08-23,Revenues,2026-09-02
TXT,rnd,2026-07-04,116000000,2026-08-23,ResearchAndDevelopmentExpense,2026-09-02
TXT,shares,2026-07-04,171937000,2026-08-23,CommonStockSharesOutstanding,2026-09-02
ULTA,assets,2026-08-01,6963950000,2026-09-20,Assets,2026-09-02
ULTA,cash,2026-08-01,158451000,2026-09-20,CashAndCashEquivalentsAtCarryingValue,2026-09-02
ULTA,equity,2026-08-01,2643741000,2026-09-20,StockholdersEquity,2026-09-02
ULTA,grossProfit,2026-08-01,1186952000,2026-09-20,GrossProfit,2026-09-02
ULTA,liabilities,2026-08-01,4320209000,2026-09-20,Liabilities,2026-09-02
ULTA,netIncome,2026-08-01,282006000,2026-09-20,NetIncomeLoss,2026-09-02
ULTA,operatingIncome,2026-08-01,379641000,2026-09-20,OperatingIncomeLoss,2026-09-02
ULTA,revenue,2026-08-01,3035676000,2026-09-20,Revenues,2026-09-02
ULTA,shares,2026-08-01,42805000,2026-09-20,CommonStockSharesOutstanding,2026-09-02
VEEV,assets,2026-07-31,9060223000,2026-09-19,Assets,2026-09-02
VEEV,cash,2026-07-31,1812012000,2026-09-19,CashAndCashEquivalentsAtCarryingValue,2026-09-02
VEEV,equity,2026-07-31,7431449000,2026-09-19,StockholdersEquity,2026-09-02
VEEV,grossProfit,2026-07-31,695951000,2026-09-19,GrossProfit,2026-09-02
VEEV,liabilities,2026-07-31,1628774000,2026-09-19,Liabilities,2026-09-02
VEEV,netIncome,2026-07-31,273429000,2026-09-19,NetIncomeLoss,2026-09-02
VEEV,operatingIncome,2026-07-31,275018000,2026-09-19,OperatingIncomeLoss,2026-09-02
VEEV,receivables,2026-07-31,496677000,2026-09-19,AccountsReceivableNetCurrent,2026-09-02
VEEV,revenue,2026-07-31,927963000,2026-09-19,RevenueFromContractWithCustomerExcludingAssessedTax,2026-09-02
VEEV,rnd,2026-07-31,222918000,2026-09-19,ResearchAndDevelopmentExpense,2026-09-02
VEEV,shares,2026-07-31,161834760,2026-09-19,CommonStockSharesOutstanding,2026-09-02
VLTO,assets,2026-07-03,8558000000,2026-08-22,Assets,2026-09-02
VLTO,cash,2026-07-03,2119000000,2026-08-22,CashAndCashEquivalentsAtCarryingValue,2026-09-02
VLTO,debt,2026-07-03,2679000000,2026-08-22,LongTermDebtNoncurrent,2026-09-02
VLTO,equity,2026-07-03,3097000000,2026-08-22,StockholdersEquity,2026-09-02
VLTO,grossProfit,2026-07-03,902000000,2026-08-22,GrossProfit,2026-09-02
VLTO,inventory,2026-07-03,336000000,2026-08-22,InventoryNet,2026-09-02
VLTO,netIncome,2026-07-03,241000000,2026-08-22,NetIncomeLoss,2026-09-02
VLTO,operatingIncome,2026-07-03,315000000,2026-08-22,OperatingIncomeLoss,2026-09-02
VLTO,receivables,2026-07-03,921000000,2026-08-22,AccountsReceivableNetCurrent,2026-09-02
VLTO,revenue,2026-07-03,1474000000,2026-08-22,RevenueFromContractWithCustomerExcludingAssessedTax,2026-09-02
VLTO,rnd,2026-07-03,73000000,2026-08-22,ResearchAndDevelopmentExpense,2026-09-02
VLTO,shares,2026-07-03,244200000,2026-08-22,CommonStockSharesOutstanding,2026-09-02
WAT,assets,2026-07-04,24751000000,2026-08-23,Assets,2026-09-02
WAT,cash,2026-07-04,539000000,2026-08-23,CashAndCashEquivalentsAtCarryingValue,2026-09-02
WAT,debt,2026-07-04,4886000000,2026-08-23,LongTermDebtNoncurrent,2026-09-02
WAT,equity,2026-07-04,15195000000,2026-08-23,StockholdersEquity,2026-09-02
WAT,inventory,2026-07-04,1377000000,2026-08-23,InventoryNet,2026-09-02
WAT,liabilities,2026-07-04,9556000000,2026-08-23,Liabilities,2026-09-02
WAT,netIncome,2026-07-04,-136000000,2026-08-23,NetIncomeLoss,2026-09-02
WAT,operatingIncome,2026-07-04,-86000000,2026-08-23,OperatingIncomeLoss,2026-09-02
WAT,receivables,2026-07-04,1987000000,2026-08-23,AccountsReceivableNetCurrent,2026-09-02
WAT,revenue,2026-07-04,1645000000,2026-08-23,Revenues,2026-09-02
WAT,rnd,2026-07-04,122000000,2026-08-23,ResearchAndDevelopmentExpense,2026-09-02
WAT,shares,2026-07-04,98225000,2026-08-23,CommonStockSharesOutstanding,2026-09-02
WDAY,assets,2026-07-31,15857000000,2026-09-19,Assets,2026-09-02
WDAY,cash,2026-07-31,661000000,2026-09-19,CashAndCashEquivalentsAtCarryingValue,2026-09-02
WDAY,debt,2026-07-31,1990000000,2026-09-19,LongTermDebtNoncurrent,2026-09-02
WDAY,equity,2026-07-31,6460000000,2026-09-19,StockholdersEquity,2026-09-02
WDAY,liabilities,2026-07-31,9397000000,2026-09-19,Liabilities,2026-09-02
WDAY,netIncome,2026-07-31,632000000,2026-09-19,NetIncomeLoss,2026-09-02
WDAY,operatingIncome,2026-07-31,313000000,2026-09-19,OperatingIncomeLoss,2026-09-02
WDAY,receivables,2026-07-31,1895000000,2026-09-19,AccountsReceivableNetCurrent,2026-09-02
WDAY,revenue,2026-07-31,2649000000,2026-09-19,RevenueFromContractWithCustomerExcludingAssessedTax,2026-09-02
WDAY,rnd,2026-07-31,747000000,2026-09-19,ResearchAndDevelopmentExpense,2026-09-02
WDC,assets,2026-07-03,13861000000,2026-08-22,Assets,2026-09-02
WDC,cash,2026-07-03,1579000000,2026-08-22,CashAndCashEquivalentsAtCarryingValue,2026-09-02
WDC,debt,2026-07-03,0,2026-08-22,LongTermDebtNoncurrent,2026-09-02
WDC,equity,2026-07-03,8864000000,2026-08-22,StockholdersEquity,2026-09-02
WDC,inventory,2026-07-03,1511000000,2026-08-22,InventoryNet,2026-09-02
WDC,liabilities,2026-07-03,4997000000,2026-08-22,Liabilities,2026-09-02
WDC,receivables,2026-07-03,2026000000,2026-08-22,AccountsReceivableNetCurrent,2026-09-02
WDC,shares,2026-07-03,361000000,2026-08-22,CommonStockSharesOutstanding,2026-09-02
WMT,assets,2026-07-31,293914000000,2026-09-19,Assets,2026-09-02
WMT,cash,2026-07-31,11529000000,2026-09-19,CashAndCashEquivalentsAtCarryingValue,2026-09-02
WMT,debt,2026-07-31,36462000000,2026-09-19,LongTermDebtNoncurrent,2026-09-02
WMT,equity,2026-07-31,98238000000,2026-09-19,StockholdersEquity,2026-09-02
WMT,inventory,2026-07-31,61600000000,2026-09-19,InventoryNet,2026-09-02
WMT,netIncome,2026-07-31,6366000000,2026-09-19,NetIncomeLoss,2026-09-02
WMT,operatingIncome,2026-07-31,9383000000,2026-09-19,OperatingIncomeLoss,2026-09-02
WMT,revenue,2026-07-31,187937000000,2026-09-19,Revenues,2026-09-02
WSM,assets,2026-08-02,5506306000,2026-09-21,Assets,2026-09-02
WSM,cash,2026-08-02,1028936000,2026-09-21,CashAndCashEquivalentsAtCarryingValue,2026-09-02
WSM,equity,2026-08-02,2140914000,2026-09-21,StockholdersEquity,2026-09-02
WSM,grossProfit,2026-08-02,1011948000,2026-09-21,GrossProfit,2026-09-02
WSM,inventory,2026-08-02,1447423000,2026-09-21,InventoryNet,2026-09-02
WSM,liabilities,2026-08-02,3365392000,2026-09-21,Liabilities,2026-09-02
WSM,netIncome,2026-08-02,338109000,2026-09-21,NetIncomeLoss,2026-09-02
WSM,operatingIncome,2026-08-02,448795000,2026-09-21,OperatingIncomeLoss,2026-09-02
WSM,revenue,2026-08-02,1959757000,2026-09-21,RevenueFromContractWithCustomerExcludingAssessedTax,2026-09-02
WSM,shares,2026-08-02,117779000,2026-09-21,CommonStockSharesOutstanding,2026-09-02
ZBRA,assets,2026-07-04,8637000000,2026-08-23,Assets,2026-09-02
ZBRA,cash,2026-07-04,157000000,2026-08-23,CashAndCashEquivalentsAtCarryingValue,2026-09-02
ZBRA,debt,2026-07-04,493000000,2026-08-23,LongTermDebtNoncurrent,2026-09-02
ZBRA,equity,2026-07-04,3435000000,2026-08-23,StockholdersEquity,2026-09-02
ZBRA,grossProfit,2026-07-04,825000000,2026-08-23,GrossProfit,2026-09-02
ZBRA,inventory,2026-07-04,733000000,2026-08-23,InventoryNet,2026-09-02
ZBRA,liabilities,2026-07-04,5202000000,2026-08-23,Liabilities,2026-09-02
ZBRA,netIncome,2026-07-04,233000000,2026-08-23,NetIncomeLoss,2026-09-02
ZBRA,operatingIncome,2026-07-04,321000000,2026-08-23,OperatingIncomeLoss,2026-09-02
ZBRA,receivables,2026-07-04,990000000,2026-08-23,AccountsReceivableNetCurrent,2026-09-02
ZBRA,revenue,2026-07-04,1557000000,2026-08-23,RevenueFromContractWithCustomerExcludingAssessedTax,2026-09-02
ZBRA,rnd,2026-07-04,159000000,2026-08-23,ResearchAndDevelopmentExpense,2026-09-02
A,assets,2026-07-31,13967000000,2026-09-19,Assets,2026-09-03
A,cash,2026-07-31,1758000000,2026-09-19,CashAndCashEquivalentsAtCarryingValue,2026-09-03
A,debt,2026-07-31,3645000000,2026-09-19,LongTermDebt,2026-09-03
A,equity,2026-07-31,7363000000,2026-09-19,StockholdersEquity,2026-09-03
A,inventory,2026-07-31,1117000000,2026-09-19,InventoryNet,2026-09-03
A,liabilities,2026-07-31,6604000000,2026-09-19,Liabilities,2026-09-03
A,netIncome,2026-07-31,362000000,2026-09-19,NetIncomeLoss,2026-09-03
A,operatingIncome,2026-07-31,444000000,2026-09-19,OperatingIncomeLoss,2026-09-03
A,receivables,2026-07-31,1478000000,2026-09-19,AccountsReceivableNetCurrent,2026-09-03
A,revenue,2026-07-31,1878000000,2026-09-19,RevenueFromContractWithCustomerExcludingAssessedTax,2026-09-03
A,rnd,2026-07-31,123000000,2026-09-19,ResearchAndDevelopmentExpense,2026-09-03
A,shares,2026-07-31,281965813,2026-09-19,CommonStockSharesOutstanding,2026-09-03
ADI,assets,2026-08-01,48424417000,2026-09-20,Assets,2026-09-03
ADI,cash,2026-08-01,2165870000,2026-09-20,CashAndCashEquivalentsAtCarryingValue,2026-09-03
ADI,debt,2026-08-01,6771624000,2026-09-20,LongTermDebtNoncurrent,2026-09-03
ADI,equity,2026-08-01,33550897000,2026-09-20,StockholdersEquity,2026-09-03
ADI,grossProfit,2026-08-01,2707544000,2026-09-20,GrossProfit,2026-09-03
ADI,inventory,2026-08-01,1931496000,2026-09-20,InventoryNet,2026-09-03
ADI,netIncome,2026-08-01,1340090000,2026-09-20,NetIncomeLoss,2026-09-03
ADI,operatingIncome,2026-08-01,1612969000,2026-09-20,OperatingIncomeLoss,2026-09-03
ADI,receivables,2026-08-01,2389577000,2026-09-20,AccountsReceivableNetCurrent,2026-09-03
ADI,revenue,2026-08-01,4021899000,2026-09-20,RevenueFromContractWithCustomerExcludingAssessedTax,2026-09-03
ADI,rnd,2026-08-01,533480000,2026-09-20,ResearchAndDevelopmentExpense,2026-09-03
ADI,shares,2026-08-01,484565465,2026-09-20,CommonStockSharesOutstanding,2026-09-03
ADSK,assets,2026-07-31,12983000000,2026-09-19,Assets,2026-09-03
ADSK,cash,2026-07-31,4098000000,2026-09-19,CashAndCashEquivalentsAtCarryingValue,2026-09-03
ADSK,debt,2026-07-31,2500000000,2026-09-19,LongTermDebt,2026-09-03
ADSK,equity,2026-07-31,3383000000,2026-09-19,StockholdersEquity,2026-09-03
ADSK,grossProfit,2026-07-31,1870000000,2026-09-19,GrossProfit,2026-09-03
ADSK,netIncome,2026-07-31,492000000,2026-09-19,NetIncomeLoss,2026-09-03
ADSK,operatingIncome,2026-07-31,599000000,2026-09-19,OperatingIncomeLoss,2026-09-03
ADSK,receivables,2026-07-31,684000000,2026-09-19,AccountsReceivableNetCurrent,2026-09-03
ADSK,revenue,2026-07-31,2046000000,2026-09-19,RevenueFromContractWithCustomerExcludingAssessedTax,2026-09-03
ADSK,rnd,2026-07-31,464000000,2026-09-19,ResearchAndDevelopmentExpense,2026-09-03
AMAT,assets,2026-07-26,43522000000,2026-09-14,Assets,2026-09-03
AMAT,cash,2026-07-26,7037000000,2026-09-14,CashAndCashEquivalentsAtCarryingValue,2026-09-03
AMAT,debt,2026-07-26,5245000000,2026-09-14,LongTermDebtNoncurrent,2026-09-03
AMAT,equity,2026-07-26,25626000000,2026-09-14,StockholdersEquity,2026-09-03
AMAT,grossProfit,2026-07-26,4586000000,2026-09-14,GrossProfit,2026-09-03
AMAT,inventory,2026-07-26,6564000000,2026-09-14,InventoryNet,2026-09-03
AMAT,liabilities,2026-07-26,17896000000,2026-09-14,Liabilities,2026-09-03
AMAT,netIncome,2026-07-26,2538000000,2026-09-14,NetIncomeLoss,2026-09-03
AMAT,operatingIncome,2026-07-26,3075000000,2026-09-14,OperatingIncomeLoss,2026-09-03
AMAT,receivables,2026-07-26,7691000000,2026-09-14,AccountsReceivableNetCurrent,2026-09-03
AMAT,revenue,2026-07-26,9115000000,2026-09-14,RevenueFromContractWithCustomerExcludingAssessedTax,2026-09-03
AMAT,rnd,2026-07-26,1100000000,2026-09-14,ResearchAndDevelopmentExpense,2026-09-03
BF-B,assets,2026-07-31,7825000000,2026-09-19,Assets,2026-09-03
BF-B,capex,2026-07-31,12000000,2026-09-19,PaymentsToAcquirePropertyPlantAndEquipment,2026-09-03
BF-B,cash,2026-07-31,301000000,2026-09-19,CashAndCashEquivalentsAtCarryingValue,2026-09-03
BF-B,debt,2026-07-31,2083000000,2026-09-19,LongTermDebtNoncurrent,2026-09-03
BF-B,equity,2026-07-31,3969000000,2026-09-19,StockholdersEquity,2026-09-03
BF-B,grossProfit,2026-07-31,549000000,2026-09-19,GrossProfit,2026-09-03
BF-B,inventory,2026-07-31,2574000000,2026-09-19,InventoryNet,2026-09-03
BF-B,liabilities,2026-07-31,3856000000,2026-09-19,Liabilities,2026-09-03
BF-B,netIncome,2026-07-31,176000000,2026-09-19,NetIncomeLoss,2026-09-03
BF-B,operatingCashFlow,2026-07-31,173000000,2026-09-19,NetCashProvidedByUsedInOperatingActivities,2026-09-03
BF-B,operatingIncome,2026-07-31,252000000,2026-09-19,OperatingIncomeLoss,2026-09-03
BF-B,receivables,2026-07-31,822000000,2026-09-19,AccountsReceivableNetCurrent,2026-09-03
BF-B,revenue,2026-07-31,911000000,2026-09-19,RevenueFromContractWithCustomerExcludingAssessedTax,2026-09-03
CRM,assets,2026-07-31,109620000000,2026-09-19,Assets,2026-09-03
CRM,buybacks,2026-07-31,84000000,2026-09-19,PaymentsForRepurchaseOfCommonStock,2026-09-03
CRM,capex,2026-07-31,171000000,2026-09-19,PaymentsToAcquirePropertyPlantAndEquipment,2026-09-03
CRM,cash,2026-07-31,8310000000,2026-09-19,CashAndCashEquivalentsAtCarryingValue,2026-09-03
CRM,debt,2026-07-31,39288000000,2026-09-19,LongTermDebtNoncurrent,2026-09-03
CRM,equity,2026-07-31,38378000000,2026-09-19,StockholdersEquity,2026-09-03
CRM,grossProfit,2026-07-31,8696000000,2026-09-19,GrossProfit,2026-09-03
CRM,liabilities,2026-07-31,71242000000,2026-09-19,Liabilities,2026-09-03
CRM,netIncome,2026-07-31,3526000000,2026-09-19,NetIncomeLoss,2026-09-03
CRM,operatingCashFlow,2026-07-31,1269000000,2026-09-19,NetCashProvidedByUsedInOperatingActivities,2026-09-03
CRM,operatingIncome,2026-07-31,2331000000,2026-09-19,OperatingIncomeLoss,2026-09-03
CRM,receivables,2026-07-31,6320000000,2026-09-19,AccountsReceivableNetCurrent,2026-09-03
CRM,revenue,2026-07-31,11345000000,2026-09-19,RevenueFromContractWithCustomerExcludingAssessedTax,2026-09-03
CRM,rnd,2026-07-31,1687000000,2026-09-19,ResearchAndDevelopmentExpense,2026-09-03
CRWD,assets,2026-07-31,12025001000,2026-09-19,Assets,2026-09-03
CRWD,cash,2026-07-31,5013847000,2026-09-19,CashAndCashEquivalentsAtCarryingValue,2026-09-03
CRWD,debt,2026-07-31,746216000,2026-09-19,LongTermDebtNoncurrent,2026-09-03
CRWD,equity,2026-07-31,5101724000,2026-09-19,StockholdersEquity,2026-09-03
CRWD,grossProfit,2026-07-31,1096895000,2026-09-19,GrossProfit,2026-09-03
CRWD,liabilities,2026-07-31,6885476000,2026-09-19,Liabilities,2026-09-03
CRWD,netIncome,2026-07-31,5306000,2026-09-19,NetIncomeLoss,2026-09-03
CRWD,operatingIncome,2026-07-31,-33232000,2026-09-19,OperatingIncomeLoss,2026-09-03
CRWD,receivables,2026-07-31,1038575000,2026-09-19,AccountsReceivableNetCurrent,2026-09-03
CRWD,rnd,2026-07-31,444200000,2026-09-19,ResearchAndDevelopmentExpense,2026-09-03
CSCO,assets,2026-07-25,129637000000,2026-09-13,Assets,2026-09-03
CSCO,cash,2026-07-25,7218000000,2026-09-13,CashAndCashEquivalentsAtCarryingValue,2026-09-03
CSCO,debt,2026-07-25,19372000000,2026-09-13,LongTermDebtNoncurrent,2026-09-03
CSCO,equity,2026-07-25,50285000000,2026-09-13,StockholdersEquity,2026-09-03
CSCO,inventory,2026-07-25,5694000000,2026-09-13,InventoryNet,2026-09-03
CSCO,liabilities,2026-07-25,79352000000,2026-09-13,Liabilities,2026-09-03
CSCO,receivables,2026-07-25,7470000000,2026-09-13,AccountsReceivableNetCurrent,2026-09-03
CSCO,shares,2026-07-25,3946000000,2026-09-13,CommonStockSharesOutstanding,2026-09-03
DE,assets,2026-08-02,107607000000,2026-09-21,Assets,2026-09-03
DE,cash,2026-08-02,8928000000,2026-09-21,CashAndCashEquivalentsAtCarryingValue,2026-09-03
DE,equity,2026-08-02,27990000000,2026-09-21,StockholdersEquity,2026-09-03
DE,inventory,2026-08-02,7811000000,2026-09-21,InventoryNet,2026-09-03
DE,liabilities,2026-08-02,79566000000,2026-09-21,Liabilities,2026-09-03
DE,netIncome,2026-08-02,1379000000,2026-09-21,NetIncomeLoss,2026-09-03
DE,revenue,2026-08-02,12608000000,2026-09-21,Revenues,2026-09-03
DE,rnd,2026-08-02,567000000,2026-09-21,ResearchAndDevelopmentExpense,2026-09-03
DG,assets,2026-07-31,32167333000,2026-09-19,Assets,2026-09-03
DG,cash,2026-07-31,1589590000,2026-09-19,CashAndCashEquivalentsAtCarryingValue,2026-09-03
DG,equity,2026-07-31,9288648000,2026-09-19,StockholdersEquity,2026-09-03
DG,grossProfit,2026-07-31,3680921000,2026-09-19,GrossProfit,2026-09-03
DG,inventory,2026-07-31,6552841000,2026-09-19,InventoryNet,2026-09-03
DG,liabilities,2026-07-31,22878685000,2026-09-19,Liabilities,2026-09-03
DG,netIncome,2026-07-31,550315000,2026-09-19,NetIncomeLoss,2026-09-03
DG,operatingIncome,2026-07-31,769164000,2026-09-19,OperatingIncomeLoss,2026-09-03
DG,revenue,2026-07-31,11290380000,2026-09-19,RevenueFromContractWithCustomerExcludingAssessedTax,2026-09-03
DLTR,assets,2026-08-01,14029600000,2026-09-20,Assets,2026-09-03
DLTR,cash,2026-08-01,1058100000,2026-09-20,CashAndCashEquivalentsAtCarryingValue,2026-09-03
DLTR,debt,2026-08-01,2933500000,2026-09-20,LongTermDebtNoncurrent,2026-09-03
DLTR,equity,2026-08-01,3425300000,2026-09-20,StockholdersEquity,2026-09-03
DLTR,liabilities,2026-08-01,10604300000,2026-09-20,Liabilities,2026-09-03
DLTR,netIncome,2026-08-01,514500000,2026-09-20,NetIncomeLoss,2026-09-03
DLTR,operatingIncome,2026-08-01,690100000,2026-09-20,OperatingIncomeLoss,2026-09-03
DLTR,revenue,2026-08-01,4891200000,2026-09-20,Revenues,2026-09-03
DLTR,shares,2026-08-01,187672941,2026-09-20,CommonStockSharesOutstanding,2026-09-03
FTV,assets,2026-07-03,11615000000,2026-08-22,Assets,2026-09-03
FTV,cash,2026-07-03,374200000,2026-08-22,CashAndCashEquivalentsAtCarryingValue,2026-09-03
FTV,debt,2026-07-03,3509300000,2026-08-22,LongTermDebtNoncurrent,2026-09-03
FTV,equity,2026-07-03,6060600000,2026-08-22,StockholdersEquity,2026-09-03
FTV,grossProfit,2026-07-03,695300000,2026-08-22,GrossProfit,2026-09-03
FTV,inventory,2026-07-03,310800000,2026-08-22,InventoryNet,2026-09-03
FTV,netIncome,2026-07-03,157300000,2026-08-22,NetIncomeLoss,2026-09-03
FTV,operatingIncome,2026-07-03,209900000,2026-08-22,OperatingIncomeLoss,2026-09-03
FTV,receivables,2026-07-03,657800000,2026-08-22,AccountsReceivableNetCurrent,2026-09-03
FTV,revenue,2026-07-03,1096800000,2026-08-22,RevenueFromContractWithCustomerExcludingAssessedTax,2026-09-03
FTV,rnd,2026-07-03,67500000,2026-08-22,ResearchAndDevelopmentExpense,2026-09-03
FTV,shares,2026-07-03,302600000,2026-08-22,CommonStockSharesOutstanding,2026-09-03
GD,assets,2026-07-05,60163000000,2026-08-24,Assets,2026-09-03
GD,cash,2026-07-05,4333000000,2026-08-24,CashAndCashEquivalentsAtCarryingValue,2026-09-03
GD,debt,2026-07-05,6260000000,2026-08-24,LongTermDebtNoncurrent,2026-09-03
GD,equity,2026-07-05,26826000000,2026-08-24,StockholdersEquity,2026-09-03
GD,inventory,2026-07-05,9097000000,2026-08-24,InventoryNet,2026-09-03
GD,netIncome,2026-07-05,1160000000,2026-08-24,NetIncomeLoss,2026-09-03
GD,operatingIncome,2026-07-05,1460000000,2026-08-24,OperatingIncomeLoss,2026-09-03
GD,receivables,2026-07-05,2398000000,2026-08-24,AccountsReceivableNetCurrent,2026-09-03
GD,revenue,2026-07-05,14094000000,2026-08-24,RevenueFromContractWithCustomerExcludingAssessedTax,2026-09-03
GEN,assets,2026-07-03,15644000000,2026-08-22,Assets,2026-09-03
GEN,buybacks,2026-07-03,100000000,2026-08-22,PaymentsForRepurchaseOfCommonStock,2026-09-03
GEN,capex,2026-07-03,4000000,2026-08-22,PaymentsToAcquirePropertyPlantAndEquipment,2026-09-03
GEN,debt,2026-07-03,7975000000,2026-08-22,LongTermDebtNoncurrent,2026-09-03
GEN,equity,2026-07-03,2656000000,2026-08-22,StockholdersEquity,2026-09-03
GEN,grossProfit,2026-07-03,1029000000,2026-08-22,GrossProfit,2026-09-03
GEN,liabilities,2026-07-03,12988000000,2026-08-22,Liabilities,2026-09-03
GEN,netIncome,2026-07-03,215000000,2026-08-22,NetIncomeLoss,2026-09-03
GEN,operatingCashFlow,2026-07-03,434000000,2026-08-22,NetCashProvidedByUsedInOperatingActivities,2026-09-03
GEN,operatingIncome,2026-07-03,443000000,2026-08-22,OperatingIncomeLoss,2026-09-03
GEN,receivables,2026-07-03,378000000,2026-08-22,AccountsReceivableNetCurrent,2026-09-03
GEN,revenue,2026-07-03,1336000000,2026-08-22,RevenueFromContractWithCustomerExcludingAssessedTax,2026-09-03
GEN,rnd,2026-07-03,118000000,2026-08-22,ResearchAndDevelopmentExpense,2026-09-03
GEN,shares,2026-07-03,599000000,2026-08-22,CommonStockSharesOutstanding,2026-09-03
HD,assets,2026-08-02,109384000000,2026-09-21,Assets,2026-09-03
HD,cash,2026-08-02,2085000000,2026-09-21,CashAndCashEquivalentsAtCarryingValue,2026-09-03
HD,equity,2026-08-02,16617000000,2026-09-21,StockholdersEquity,2026-09-03
HD,grossProfit,2026-08-02,16115000000,2026-09-21,GrossProfit,2026-09-03
HD,inventory,2026-08-02,26847000000,2026-09-21,InventoryNet,2026-09-03
HD,liabilities,2026-08-02,92767000000,2026-09-21,Liabilities,2026-09-03
HD,netIncome,2026-08-02,4766000000,2026-09-21,NetIncomeLoss,2026-09-03
HD,operatingIncome,2026-08-02,6839000000,2026-09-21,OperatingIncomeLoss,2026-09-03
HD,receivables,2026-08-02,6963000000,2026-09-21,AccountsReceivableNetCurrent,2026-09-03
HD,revenue,2026-08-02,47861000000,2026-09-21,RevenueFromContractWithCustomerExcludingAssessedTax,2026-09-03
HD,shares,2026-08-02,998000000,2026-09-21,CommonStockSharesOutstanding,2026-09-03
HPQ,assets,2026-07-31,45701000000,2026-09-19,Assets,2026-09-03
HPQ,buybacks,2026-07-31,300000000,2026-09-19,PaymentsForRepurchaseOfCommonStock,2026-09-03
HPQ,cash,2026-07-31,4169000000,2026-09-19,CashAndCashEquivalentsAtCarryingValue,2026-09-03
HPQ,debt,2026-07-31,7868000000,2026-09-19,LongTermDebtNoncurrent,2026-09-03
HPQ,equity,2026-07-31,-92000000,2026-09-19,StockholdersEquity,2026-09-03
HPQ,grossProfit,2026-07-31,2945000000,2026-09-19,GrossProfit,2026-09-03
HPQ,inventory,2026-07-31,10322000000,2026-09-19,InventoryNet,2026-09-03
HPQ,netIncome,2026-07-31,661000000,2026-09-19,NetIncomeLoss,2026-09-03
HPQ,operatingIncome,2026-07-31,892000000,2026-09-19,OperatingIncomeLoss,2026-09-03
HPQ,receivables,2026-07-31,7168000000,2026-09-19,AccountsReceivableNetCurrent,2026-09-03
HPQ,revenue,2026-07-31,15677000000,2026-09-19,Revenues,2026-09-03
HPQ,rnd,2026-07-31,389000000,2026-09-19,ResearchAndDevelopmentExpense,2026-09-03
HPQ,shares,2026-07-31,903000000,2026-09-19,CommonStockSharesOutstanding,2026-09-03
HRL,assets,2026-07-26,13292014000,2026-09-14,Assets,2026-09-03
HRL,cash,2026-07-26,839639000,2026-09-14,CashAndCashEquivalentsAtCarryingValue,2026-09-03
HRL,debt,2026-07-26,2349489000,2026-09-14,LongTermDebtNoncurrent,2026-09-03
HRL,equity,2026-07-26,7843444000,2026-09-14,StockholdersEquity,2026-09-03
HRL,grossProfit,2026-07-26,471515000,2026-09-14,GrossProfit,2026-09-03
HRL,inventory,2026-07-26,1801567000,2026-09-14,InventoryNet,2026-09-03
HRL,netIncome,2026-07-26,59573000,2026-09-14,NetIncomeLoss,2026-09-03
HRL,operatingIncome,2026-07-26,110904000,2026-09-14,OperatingIncomeLoss,2026-09-03
KEYS,assets,2026-07-31,11921000000,2026-09-19,Assets,2026-09-03
KEYS,cash,2026-07-31,2605000000,2026-09-19,CashAndCashEquivalentsAtCarryingValue,2026-09-03
KEYS,debt,2026-07-31,1817000000,2026-09-19,LongTermDebtNoncurrent,2026-09-03
KEYS,equity,2026-07-31,6571000000,2026-09-19,StockholdersEquity,2026-09-03
KEYS,inventory,2026-07-31,1047000000,2026-09-19,InventoryNet,2026-09-03
KEYS,liabilities,2026-07-31,5350000000,2026-09-19,Liabilities,2026-09-03
KEYS,netIncome,2026-07-31,397000000,2026-09-19,NetIncomeLoss,2026-09-03
KEYS,operatingIncome,2026-07-31,461000000,2026-09-19,OperatingIncomeLoss,2026-09-03
KEYS,receivables,2026-07-31,1067000000,2026-09-19,AccountsReceivableNetCurrent,2026-09-03
KEYS,revenue,2026-07-31,1846000000,2026-09-19,Revenues,2026-09-03
KEYS,rnd,2026-07-31,312000000,2026-09-19,ResearchAndDevelopmentExpense,2026-09-03
KO,assets,2026-07-03,107922000000,2026-08-22,Assets,2026-09-03
KO,capex,2026-07-03,418000000,2026-08-22,PaymentsToAcquirePropertyPlantAndEquipment,2026-09-03
KO,cash,2026-07-03,12907000000,2026-08-22,CashAndCashEquivalentsAtCarryingValue,2026-09-03
KO,equity,2026-07-03,36150000000,2026-08-22,StockholdersEquity,2026-09-03
KO,grossProfit,2026-07-03,8415000000,2026-08-22,GrossProfit,2026-09-03
KO,inventory,2026-07-03,4647000000,2026-08-22,InventoryNet,2026-09-03
KO,netIncome,2026-07-03,4425000000,2026-08-22,NetIncomeLoss,2026-09-03
KO,operatingIncome,2026-07-03,4672000000,2026-08-22,OperatingIncomeLoss,2026-09-03
KO,receivables,2026-07-03,3732000000,2026-08-22,AccountsReceivableNetCurrent,2026-09-03
KO,revenue,2026-07-03,13380000000,2026-08-22,Revenues,2026-09-03
LDOS,assets,2026-07-03,15632000000,2026-08-22,Assets,2026-09-03
LDOS,buybacks,2026-07-03,66000000,2026-08-22,PaymentsForRepurchaseOfCommonStock,2026-09-03
LDOS,cash,2026-07-03,748000000,2026-08-22,CashAndCashEquivalentsAtCarryingValue,2026-09-03
LDOS,equity,2026-07-03,5284000000,2026-08-22,StockholdersEquity,2026-09-03
LDOS,inventory,2026-07-03,94000000,2026-08-22,InventoryNet,2026-09-03
LDOS,liabilities,2026-07-03,10296000000,2026-08-22,Liabilities,2026-09-03
LDOS,netIncome,2026-07-03,354000000,2026-08-22,NetIncomeLoss,2026-09-03
LDOS,operatingIncome,2026-07-03,514000000,2026-08-22,OperatingIncomeLoss,2026-09-03
LDOS,revenue,2026-07-03,4558000000,2026-08-22,Revenues,2026-09-03
LDOS,shares,2026-07-03,125492013,2026-08-22,CommonStockSharesOutstanding,2026-09-03
LHX,assets,2026-07-03,42938000000,2026-08-22,Assets,2026-09-03
LHX,cash,2026-07-03,1521000000,2026-08-22,CashAndCashEquivalentsAtCarryingValue,2026-09-03
LHX,debt,2026-07-03,9184000000,2026-08-22,LongTermDebtNoncurrent,2026-09-03
LHX,equity,2026-07-03,19882000000,2026-08-22,StockholdersEquity,2026-09-03
LHX,inventory,2026-07-03,1272000000,2026-08-22,InventoryNet,2026-09-03
LHX,liabilities,2026-07-03,22088000000,2026-08-22,Liabilities,2026-09-03
LHX,netIncome,2026-07-03,600000000,2026-08-22,NetIncomeLoss,2026-09-03
LHX,operatingIncome,2026-07-03,654000000,2026-08-22,OperatingIncomeLoss,2026-09-03
LHX,receivables,2026-07-03,1950000000,2026-08-22,AccountsReceivableNetCurrent,2026-09-03
LHX,revenue,2026-07-03,5881000000,2026-08-22,RevenueFromContractWithCustomerExcludingAssessedTax,2026-09-03
LHX,shares,2026-07-03,186155804,2026-08-22,CommonStockSharesOutstanding,2026-09-03
LOW,assets,2026-07-31,55881000000,2026-09-19,Assets,2026-09-03
LOW,cash,2026-07-31,3172000000,2026-09-19,CashAndCashEquivalentsAtCarryingValue,2026-09-03
LOW,equity,2026-07-31,-7437000000,2026-09-19,StockholdersEquity,2026-09-03
LOW,grossProfit,2026-07-31,8577000000,2026-09-19,GrossProfit,2026-09-03
LOW,inventory,2026-07-31,17737000000,2026-09-19,InventoryNet,2026-09-03
LOW,liabilities,2026-07-31,63318000000,2026-09-19,Liabilities,2026-09-03
LOW,netIncome,2026-07-31,2399000000,2026-09-19,NetIncomeLoss,2026-09-03
LOW,operatingIncome,2026-07-31,3549000000,2026-09-19,OperatingIncomeLoss,2026-09-03
LOW,revenue,2026-07-31,25956000000,2026-09-19,RevenueFromContractWithCustomerExcludingAssessedTax,2026-09-03
LOW,shares,2026-07-31,561000000,2026-09-19,CommonStockSharesOutstanding,2026-09-03
MRVL,assets,2026-08-01,27554600000,2026-09-20,Assets,2026-09-03
MRVL,cash,2026-08-01,3932800000,2026-09-20,CashAndCashEquivalentsAtCarryingValue,2026-09-03
MRVL,debt,2026-08-01,4962900000,2026-09-20,LongTermDebtNoncurrent,2026-09-03
MRVL,equity,2026-08-01,18531600000,2026-09-20,StockholdersEquity,2026-09-03
MRVL,grossProfit,2026-08-01,1455600000,2026-09-20,GrossProfit,2026-09-03
MRVL,inventory,2026-08-01,1360600000,2026-09-20,InventoryNet,2026-09-03
MRVL,liabilities,2026-08-01,9023000000,2026-09-20,Liabilities,2026-09-03
MRVL,netIncome,2026-08-01,308000000,2026-09-20,NetIncomeLoss,2026-09-03
MRVL,operatingIncome,2026-08-01,459700000,2026-09-20,OperatingIncomeLoss,2026-09-03
MRVL,receivables,2026-08-01,2218400000,2026-09-20,AccountsReceivableNetCurrent,2026-09-03
MRVL,revenue,2026-08-01,2739300000,2026-09-20,RevenueFromContractWithCustomerExcludingAssessedTax,2026-09-03
MRVL,rnd,2026-08-01,741100000,2026-09-20,ResearchAndDevelopmentExpense,2026-09-03
MSI,assets,2026-07-04,19242000000,2026-08-23,Assets,2026-09-03
MSI,cash,2026-07-04,710000000,2026-08-23,CashAndCashEquivalentsAtCarryingValue,2026-09-03
MSI,debt,2026-07-04,8417000000,2026-08-23,LongTermDebtNoncurrent,2026-09-03
MSI,equity,2026-07-04,2672000000,2026-08-23,StockholdersEquity,2026-09-03
MSI,grossProfit,2026-07-04,1678000000,2026-08-23,GrossProfit,2026-09-03
MSI,inventory,2026-07-04,1333000000,2026-08-23,InventoryNet,2026-09-03
MSI,netIncome,2026-07-04,557000000,2026-08-23,NetIncomeLoss,2026-09-03
MSI,operatingIncome,2026-07-04,809000000,2026-08-23,OperatingIncomeLoss,2026-09-03
MSI,receivables,2026-07-04,2160000000,2026-08-23,AccountsReceivableNetCurrent,2026-09-03
MSI,revenue,2026-07-04,3133000000,2026-08-23,RevenueFromContractWithCustomerExcludingAssessedTax,2026-09-03
MSI,rnd,2026-07-04,260000000,2026-08-23,ResearchAndDevelopmentExpense,2026-09-03
MSI,shares,2026-07-04,165500000,2026-08-23,CommonStockSharesOutstanding,2026-09-03
NDSN,assets,2026-07-31,5947920000,2026-09-19,Assets,2026-09-03
NDSN,cash,2026-07-31,113431000,2026-09-19,CashAndCashEquivalentsAtCarryingValue,2026-09-03
NDSN,debt,2026-07-31,1529005000,2026-09-19,LongTermDebtNoncurrent,2026-09-03
NDSN,equity,2026-07-31,3269059000,2026-09-19,StockholdersEquity,2026-09-03
NDSN,inventory,2026-07-31,469310000,2026-09-19,InventoryNet,2026-09-03
NDSN,netIncome,2026-07-31,152846000,2026-09-19,NetIncomeLoss,2026-09-03
NDSN,operatingIncome,2026-07-31,223092000,2026-09-19,OperatingIncomeLoss,2026-09-03
NDSN,revenue,2026-07-31,817667000,2026-09-19,RevenueFromContractWithCustomerExcludingAssessedTax,2026-09-03
NTAP,assets,2026-07-31,10955000000,2026-09-19,Assets,2026-09-03
NTAP,buybacks,2026-07-31,200000000,2026-09-19,PaymentsForRepurchaseOfCommonStock,2026-09-03
NTAP,capex,2026-07-31,102000000,2026-09-19,PaymentsToAcquirePropertyPlantAndEquipment,2026-09-03
NTAP,cash,2026-07-31,1573000000,2026-09-19,CashAndCashEquivalentsAtCarryingValue,2026-09-03
NTAP,debt,2026-07-31,1938000000,2026-09-19,LongTermDebtNoncurrent,2026-09-03
NTAP,equity,2026-07-31,1495000000,2026-09-19,StockholdersEquity,2026-09-03
NTAP,grossProfit,2026-07-31,1419000000,2026-09-19,GrossProfit,2026-09-03
NTAP,inventory,2026-07-31,375000000,2026-09-19,InventoryNet,2026-09-03
NTAP,liabilities,2026-07-31,9460000000,2026-09-19,Liabilities,2026-09-03
NTAP,netIncome,2026-07-31,375000000,2026-09-19,NetIncomeLoss,2026-09-03
NTAP,operatingCashFlow,2026-07-31,503000000,2026-09-19,NetCashProvidedByUsedInOperatingActivities,2026-09-03
NTAP,operatingIncome,2026-07-31,484000000,2026-09-19,OperatingIncomeLoss,2026-09-03
NTAP,receivables,2026-07-31,966000000,2026-09-19,AccountsReceivableNetCurrent,2026-09-03
NTAP,revenue,2026-07-31,1819000000,2026-09-19,Revenues,2026-09-03
NTAP,rnd,2026-07-31,274000000,2026-09-19,ResearchAndDevelopmentExpense,2026-09-03
NTAP,shares,2026-07-31,196000000,2026-09-19,CommonStockSharesOutstanding,2026-09-03
NUE,assets,2026-07-04,36954000000,2026-08-23,Assets,2026-09-03
NUE,cash,2026-07-04,2478000000,2026-08-23,CashAndCashEquivalentsAtCarryingValue,2026-09-03
NUE,equity,2026-07-04,22109000000,2026-08-23,StockholdersEquity,2026-09-03
NUE,inventory,2026-07-04,6020000000,2026-08-23,InventoryNet,2026-09-03
NUE,liabilities,2026-07-04,13688000000,2026-08-23,Liabilities,2026-09-03
NUE,netIncome,2026-07-04,1156000000,2026-08-23,NetIncomeLoss,2026-09-03
NUE,receivables,2026-07-04,4045000000,2026-08-23,AccountsReceivableNetCurrent,2026-09-03
NUE,revenue,2026-07-04,10397000000,2026-08-23,RevenueFromContractWithCustomerExcludingAssessedTax,2026-09-03
NVDA,assets,2026-07-26,320272000000,2026-09-14,Assets,2026-09-03
NVDA,cash,2026-07-26,22443000000,2026-09-14,CashAndCashEquivalentsAtCarryingValue,2026-09-03
NVDA,debt,2026-07-26,32366000000,2026-09-14,LongTermDebtNoncurrent,2026-09-03
NVDA,equity,2026-07-26,228984000000,2026-09-14,StockholdersEquity,2026-09-03
NVDA,grossProfit,2026-07-26,72142000000,2026-09-14,GrossProfit,2026-09-03
NVDA,inventory,2026-07-26,31575000000,2026-09-14,InventoryNet,2026-09-03
NVDA,liabilities,2026-07-26,91288000000,2026-09-14,Liabilities,2026-09-03
NVDA,netIncome,2026-07-26,59688000000,2026-09-14,NetIncomeLoss,2026-09-03
NVDA,operatingIncome,2026-07-26,63734000000,2026-09-14,OperatingIncomeLoss,2026-09-03
NVDA,receivables,2026-07-26,63059000000,2026-09-14,AccountsReceivableNetCurrent,2026-09-03
NVDA,revenue,2026-07-26,96221000000,2026-09-14,Revenues,2026-09-03
NVDA,rnd,2026-07-26,7054000000,2026-09-14,ResearchAndDevelopmentExpense,2026-09-03
ON,assets,2026-07-03,13485100000,2026-08-22,Assets,2026-09-03
ON,cash,2026-07-03,3514500000,2026-08-22,CashAndCashEquivalentsAtCarryingValue,2026-09-03
ON,debt,2026-07-03,3657300000,2026-08-22,LongTermDebtNoncurrent,2026-09-03
ON,equity,2026-07-03,7218700000,2026-08-22,StockholdersEquity,2026-09-03
ON,grossProfit,2026-07-03,616300000,2026-08-22,GrossProfit,2026-09-03
ON,inventory,2026-07-03,2047500000,2026-08-22,InventoryNet,2026-09-03
ON,liabilities,2026-07-03,6246600000,2026-08-22,Liabilities,2026-09-03
ON,netIncome,2026-07-03,226800000,2026-08-22,NetIncomeLoss,2026-09-03
ON,operatingIncome,2026-07-03,258600000,2026-08-22,OperatingIncomeLoss,2026-09-03
ON,revenue,2026-07-03,1603500000,2026-08-22,RevenueFromContractWithCustomerExcludingAssessedTax,2026-09-03
ON,shares,2026-07-03,389290999,2026-08-22,CommonStockSharesOutstanding,2026-09-03
ROST,assets,2026-08-01,15982280000,2026-09-20,Assets,2026-09-03
ROST,cash,2026-08-01,4288124000,2026-09-20,CashAndCashEquivalentsAtCarryingValue,2026-09-03
ROST,debt,2026-08-01,777053000,2026-09-20,LongTermDebtNoncurrent,2026-09-03
ROST,equity,2026-08-01,6743184000,2026-09-20,StockholdersEquity,2026-09-03
ROST,inventory,2026-08-01,3087370000,2026-09-20,InventoryNet,2026-09-03
ROST,netIncome,2026-08-01,851299000,2026-09-20,NetIncomeLoss,2026-09-03
ROST,operatingIncome,2026-08-01,1103618000,2026-09-20,OperatingIncomeLoss,2026-09-03
ROST,revenue,2026-08-01,6264886000,2026-09-20,RevenueFromContractWithCustomerExcludingAssessedTax,2026-09-03
ROST,shares,2026-08-01,319668000,2026-09-20,CommonStockSharesOutstanding,2026-09-03
RVTY,assets,2026-07-05,12045834000,2026-08-24,Assets,2026-09-03
RVTY,cash,2026-07-05,1022943000,2026-08-24,CashAndCashEquivalentsAtCarryingValue,2026-09-03
RVTY,debt,2026-07-05,2633094000,2026-08-24,LongTermDebtNoncurrent,2026-09-03
RVTY,equity,2026-07-05,7228758000,2026-08-24,StockholdersEquity,2026-09-03
RVTY,inventory,2026-07-05,378502000,2026-08-24,InventoryNet,2026-09-03
RVTY,liabilities,2026-07-05,4817076000,2026-08-24,Liabilities,2026-09-03
RVTY,netIncome,2026-07-05,51820000,2026-08-24,NetIncomeLoss,2026-09-03
RVTY,operatingIncome,2026-07-05,89316000,2026-08-24,OperatingIncomeLoss,2026-09-03
RVTY,receivables,2026-07-05,709175000,2026-08-24,AccountsReceivableNetCurrent,2026-09-03
RVTY,revenue,2026-07-05,729688000,2026-08-24,RevenueFromContractWithCustomerExcludingAssessedTax,2026-09-03
RVTY,rnd,2026-07-05,48974000,2026-08-24,ResearchAndDevelopmentExpense,2026-09-03
RVTY,shares,2026-07-05,111584000,2026-08-24,CommonStockSharesOutstanding,2026-09-03
SJM,assets,2026-07-31,16203200000,2026-09-19,Assets,2026-09-03
SJM,buybacks,2026-07-31,5700000,2026-09-19,PaymentsForRepurchaseOfCommonStock,2026-09-03
SJM,capex,2026-07-31,88400000,2026-09-19,PaymentsToAcquirePropertyPlantAndEquipment,2026-09-03
SJM,debt,2026-07-31,6394300000,2026-09-19,LongTermDebtNoncurrent,2026-09-03
SJM,equity,2026-07-31,5750800000,2026-09-19,StockholdersEquity,2026-09-03
SJM,grossProfit,2026-07-31,979600000,2026-09-19,GrossProfit,2026-09-03
SJM,inventory,2026-07-31,1186500000,2026-09-19,InventoryNet,2026-09-03
SJM,liabilities,2026-07-31,10452400000,2026-09-19,Liabilities,2026-09-03
SJM,netIncome,2026-07-31,324300000,2026-09-19,NetIncomeLoss,2026-09-03
SJM,operatingCashFlow,2026-07-31,425700000,2026-09-19,NetCashProvidedByUsedInOperatingActivities,2026-09-03
SJM,operatingIncome,2026-07-31,511600000,2026-09-19,OperatingIncomeLoss,2026-09-03
SJM,receivables,2026-07-31,615700000,2026-09-19,AccountsReceivableNetCurrent,2026-09-03
SJM,shares,2026-07-31,106800000,2026-09-19,CommonStockSharesOutstanding,2026-09-03
SNA,assets,2026-07-04,8640900000,2026-08-23,Assets,2026-09-03
SNA,cash,2026-07-04,1644700000,2026-08-23,CashAndCashEquivalentsAtCarryingValue,2026-09-03
SNA,debt,2026-07-04,887000000,2026-08-23,LongTermDebtNoncurrent,2026-09-03
SNA,equity,2026-07-04,6041300000,2026-08-23,StockholdersEquity,2026-09-03
SNA,inventory,2026-07-04,1045300000,2026-08-23,InventoryNet,2026-09-03
SNA,liabilities,2026-07-04,2574600000,2026-08-23,Liabilities,2026-09-03
SNA,netIncome,2026-07-04,260600000,2026-08-23,NetIncomeLoss,2026-09-03
SNA,operatingIncome,2026-07-04,336400000,2026-08-23,OperatingIncomeLoss,2026-09-03
SNA,receivables,2026-07-04,942200000,2026-08-23,AccountsReceivableNetCurrent,2026-09-03
SNA,revenue,2026-07-04,1334800000,2026-08-23,Revenues,2026-09-03
SNDK,assets,2026-07-03,22507000000,2026-08-22,Assets,2026-09-03
SNDK,cash,2026-07-03,4762000000,2026-08-22,CashAndCashEquivalentsAtCarryingValue,2026-09-03
SNDK,debt,2026-07-03,0,2026-08-22,LongTermDebtNoncurrent,2026-09-03
SNDK,equity,2026-07-03,15736000000,2026-08-22,StockholdersEquity,2026-09-03
SNDK,inventory,2026-07-03,2698000000,2026-08-22,InventoryNet,2026-09-03
SNDK,liabilities,2026-07-03,6771000000,2026-08-22,Liabilities,2026-09-03
SNDK,receivables,2026-07-03,4708000000,2026-08-22,AccountsReceivableNetCurrent,2026-09-03
SNDK,shares,2026-07-03,146000000,2026-08-22,CommonStockSharesOutstanding,2026-09-03
SNPS,assets,2026-07-31,47726263000,2026-09-19,Assets,2026-09-03
SNPS,cash,2026-07-31,3606286000,2026-09-19,CashAndCashEquivalentsAtCarryingValue,2026-09-03
SNPS,debt,2026-07-31,9017113000,2026-09-19,LongTermDebtNoncurrent,2026-09-03
SNPS,equity,2026-07-31,31152539000,2026-09-19,StockholdersEquity,2026-09-03
SNPS,grossProfit,2026-07-31,1797434000,2026-09-19,GrossProfit,2026-09-03
SNPS,inventory,2026-07-31,479129000,2026-09-19,InventoryNet,2026-09-03
SNPS,liabilities,2026-07-31,16574884000,2026-09-19,Liabilities,2026-09-03
SNPS,netIncome,2026-07-31,545800000,2026-09-19,NetIncomeLoss,2026-09-03
SNPS,operatingIncome,2026-07-31,357491000,2026-09-19,OperatingIncomeLoss,2026-09-03
SNPS,receivables,2026-07-31,1318747000,2026-09-19,AccountsReceivableNetCurrent,2026-09-03
SNPS,revenue,2026-07-31,2476822000,2026-09-19,RevenueFromContractWithCustomerExcludingAssessedTax,2026-09-03
SNPS,rnd,2026-07-31,719737000,2026-09-19,ResearchAndDevelopmentExpense,2026-09-03
SNPS,shares,2026-07-31,191605000,2026-09-19,CommonStockSharesOutstanding,2026-09-03
STX,assets,2026-07-03,9972000000,2026-08-22,Assets,2026-09-03
STX,cash,2026-07-03,1704000000,2026-08-22,CashAndCashEquivalentsAtCarryingValue,2026-09-03
STX,debt,2026-07-03,3380000000,2026-08-22,LongTermDebtNoncurrent,2026-09-03
STX,equity,2026-07-03,2167000000,2026-08-22,StockholdersEquity,2026-09-03
STX,inventory,2026-07-03,1571000000,2026-08-22,InventoryNet,2026-09-03
STX,liabilities,2026-07-03,7805000000,2026-08-22,Liabilities,2026-09-03
STX,receivables,2026-07-03,1534000000,2026-08-22,AccountsReceivableNetCurrent,2026-09-03
STX,shares,2026-07-03,226791724,2026-08-22,CommonStockSharesOutstanding,2026-09-03
SWK,assets,2026-07-04,20093500000,2026-08-23,Assets,2026-09-03
SWK,buybacks,2026-07-04,252100000,2026-08-23,PaymentsForRepurchaseOfCommonStock,2026-09-03
SWK,capex,2026-07-04,64900000,2026-08-23,PaymentsToAcquirePropertyPlantAndEquipment,2026-09-03
SWK,cash,2026-07-04,592400000,2026-08-23,CashAndCashEquivalentsAtCarryingValue,2026-09-03
SWK,debt,2026-07-04,4704200000,2026-08-23,LongTermDebtNoncurrent,2026-09-03
SWK,equity,2026-07-04,8958800000,2026-08-23,StockholdersEquity,2026-09-03
SWK,inventory,2026-07-04,3896500000,2026-08-23,InventoryNet,2026-09-03
SWK,netIncome,2026-07-04,351300000,2026-08-23,NetIncomeLoss,2026-09-03
SWK,operatingCashFlow,2026-07-04,763100000,2026-08-23,NetCashProvidedByUsedInOperatingActivities,2026-09-03
SWK,revenue,2026-07-04,3960700000,2026-08-23,Revenues,2026-09-03
SWKS,assets,2026-07-03,7425000000,2026-08-22,Assets,2026-09-03
SWKS,cash,2026-07-03,790000000,2026-08-22,CashAndCashEquivalentsAtCarryingValue,2026-09-03
SWKS,debt,2026-07-03,496900000,2026-08-22,LongTermDebt,2026-09-03
SWKS,equity,2026-07-03,5738300000,2026-08-22,StockholdersEquity,2026-09-03
SWKS,grossProfit,2026-07-03,375000000,2026-08-22,GrossProfit,2026-09-03
SWKS,inventory,2026-07-03,1015500000,2026-08-22,InventoryNet,2026-09-03
SWKS,liabilities,2026-07-03,1686700000,2026-08-22,Liabilities,2026-09-03
SWKS,netIncome,2026-07-03,33900000,2026-08-22,NetIncomeLoss,2026-09-03
SWKS,operatingIncome,2026-07-03,48500000,2026-08-22,OperatingIncomeLoss,2026-09-03
SWKS,revenue,2026-07-03,934800000,2026-08-22,Revenues,2026-09-03
SWKS,rnd,2026-07-03,207800000,2026-08-22,ResearchAndDevelopmentExpense,2026-09-03
SWKS,shares,2026-07-03,150500000,2026-08-22,CommonStockSharesOutstanding,2026-09-03
TGT,assets,2026-08-01,61235000000,2026-09-20,Assets,2026-09-03
TGT,equity,2026-08-01,17843000000,2026-09-20,StockholdersEquity,2026-09-03
TGT,inventory,2026-08-01,13249000000,2026-09-20,InventoryNet,2026-09-03
TGT,netIncome,2026-08-01,1877000000,2026-09-20,NetIncomeLoss,2026-09-03
TGT,operatingIncome,2026-08-01,2560000000,2026-09-20,OperatingIncomeLoss,2026-09-03
TGT,revenue,2026-08-01,26539000000,2026-09-20,RevenueFromContractWithCustomerExcludingAssessedTax,2026-09-03
TGT,shares,2026-08-01,454291461,2026-09-20,CommonStockSharesOutstanding,2026-09-03
TJX,assets,2026-08-01,37115000000,2026-09-20,Assets,2026-09-03
TJX,cash,2026-08-01,6004000000,2026-09-20,CashAndCashEquivalentsAtCarryingValue,2026-09-03
TJX,debt,2026-08-01,1871000000,2026-09-20,LongTermDebtNoncurrent,2026-09-03
TJX,equity,2026-08-01,10651000000,2026-09-20,StockholdersEquity,2026-09-03
TJX,inventory,2026-08-01,7862000000,2026-09-20,InventoryNet,2026-09-03
TJX,netIncome,2026-08-01,1520000000,2026-09-20,NetIncomeLoss,2026-09-03
TJX,receivables,2026-08-01,665000000,2026-09-20,AccountsReceivableNetCurrent,2026-09-03
TJX,shares,2026-08-01,1101167677,2026-09-20,CommonStockSharesOutstanding,2026-09-03
TRMB,assets,2026-07-03,8540800000,2026-08-22,Assets,2026-09-03
TRMB,cash,2026-07-03,214400000,2026-08-22,CashAndCashEquivalentsAtCarryingValue,2026-09-03
TRMB,debt,2026-07-03,1442900000,2026-08-22,LongTermDebtNoncurrent,2026-09-03
TRMB,equity,2026-07-03,5110800000,2026-08-22,StockholdersEquity,2026-09-03
TRMB,grossProfit,2026-07-03,674900000,2026-08-22,GrossProfit,2026-09-03
TRMB,inventory,2026-07-03,185300000,2026-08-22,InventoryNet,2026-09-03
TRMB,liabilities,2026-07-03,3430000000,2026-08-22,Liabilities,2026-09-03
TRMB,netIncome,2026-07-03,-471700000,2026-08-22,NetIncomeLoss,2026-09-03
TRMB,operatingIncome,2026-07-03,132000000,2026-08-22,OperatingIncomeLoss,2026-09-03
TRMB,receivables,2026-07-03,598100000,2026-08-22,AccountsReceivableNetCurrent,2026-09-03
TRMB,revenue,2026-07-03,972000000,2026-08-22,RevenueFromContractWithCustomerExcludingAssessedTax,2026-09-03
TRMB,rnd,2026-07-03,177100000,2026-08-22,ResearchAndDevelopmentExpense,2026-09-03
TRMB,shares,2026-07-03,233200000,2026-08-22,CommonStockSharesOutstanding,2026-09-03
TXT,assets,2026-07-04,18134000000,2026-08-23,Assets,2026-09-03
TXT,equity,2026-07-04,8054000000,2026-08-23,StockholdersEquity,2026-09-03
TXT,inventory,2026-07-04,4720000000,2026-08-23,InventoryNet,2026-09-03
TXT,liabilities,2026-07-04,10080000000,2026-08-23,Liabilities,2026-09-03
TXT,netIncome,2026-07-04,248000000,2026-08-23,NetIncomeLoss,2026-09-03
TXT,revenue,2026-07-04,3827000000,2026-08-23,Revenues,2026-09-03
TXT,rnd,2026-07-04,116000000,2026-08-23,ResearchAndDevelopmentExpense,2026-09-03
TXT,shares,2026-07-04,171937000,2026-08-23,CommonStockSharesOutstanding,2026-09-03
ULTA,assets,2026-08-01,6963950000,2026-09-20,Assets,2026-09-03
ULTA,cash,2026-08-01,158451000,2026-09-20,CashAndCashEquivalentsAtCarryingValue,2026-09-03
ULTA,equity,2026-08-01,2643741000,2026-09-20,StockholdersEquity,2026-09-03
ULTA,grossProfit,2026-08-01,1186952000,2026-09-20,GrossProfit,2026-09-03
ULTA,liabilities,2026-08-01,4320209000,2026-09-20,Liabilities,2026-09-03
ULTA,netIncome,2026-08-01,282006000,2026-09-20,NetIncomeLoss,2026-09-03
ULTA,operatingIncome,2026-08-01,379641000,2026-09-20,OperatingIncomeLoss,2026-09-03
ULTA,revenue,2026-08-01,3035676000,2026-09-20,Revenues,2026-09-03
ULTA,shares,2026-08-01,42805000,2026-09-20,CommonStockSharesOutstanding,2026-09-03
VEEV,assets,2026-07-31,9060223000,2026-09-19,Assets,2026-09-03
VEEV,cash,2026-07-31,1812012000,2026-09-19,CashAndCashEquivalentsAtCarryingValue,2026-09-03
VEEV,equity,2026-07-31,7431449000,2026-09-19,StockholdersEquity,2026-09-03
VEEV,grossProfit,2026-07-31,695951000,2026-09-19,GrossProfit,2026-09-03
VEEV,liabilities,2026-07-31,1628774000,2026-09-19,Liabilities,2026-09-03
VEEV,netIncome,2026-07-31,273429000,2026-09-19,NetIncomeLoss,2026-09-03
VEEV,operatingIncome,2026-07-31,275018000,2026-09-19,OperatingIncomeLoss,2026-09-03
VEEV,receivables,2026-07-31,496677000,2026-09-19,AccountsReceivableNetCurrent,2026-09-03
VEEV,revenue,2026-07-31,927963000,2026-09-19,RevenueFromContractWithCustomerExcludingAssessedTax,2026-09-03
VEEV,rnd,2026-07-31,222918000,2026-09-19,ResearchAndDevelopmentExpense,2026-09-03
VEEV,shares,2026-07-31,161834760,2026-09-19,CommonStockSharesOutstanding,2026-09-03
VLTO,assets,2026-07-03,8558000000,2026-08-22,Assets,2026-09-03
VLTO,cash,2026-07-03,2119000000,2026-08-22,CashAndCashEquivalentsAtCarryingValue,2026-09-03
VLTO,debt,2026-07-03,2679000000,2026-08-22,LongTermDebtNoncurrent,2026-09-03
VLTO,equity,2026-07-03,3097000000,2026-08-22,StockholdersEquity,2026-09-03
VLTO,grossProfit,2026-07-03,902000000,2026-08-22,GrossProfit,2026-09-03
VLTO,inventory,2026-07-03,336000000,2026-08-22,InventoryNet,2026-09-03
VLTO,netIncome,2026-07-03,241000000,2026-08-22,NetIncomeLoss,2026-09-03
VLTO,operatingIncome,2026-07-03,315000000,2026-08-22,OperatingIncomeLoss,2026-09-03
VLTO,receivables,2026-07-03,921000000,2026-08-22,AccountsReceivableNetCurrent,2026-09-03
VLTO,revenue,2026-07-03,1474000000,2026-08-22,RevenueFromContractWithCustomerExcludingAssessedTax,2026-09-03
VLTO,rnd,2026-07-03,73000000,2026-08-22,ResearchAndDevelopmentExpense,2026-09-03
VLTO,shares,2026-07-03,244200000,2026-08-22,CommonStockSharesOutstanding,2026-09-03
WAT,assets,2026-07-04,24751000000,2026-08-23,Assets,2026-09-03
WAT,cash,2026-07-04,539000000,2026-08-23,CashAndCashEquivalentsAtCarryingValue,2026-09-03
WAT,debt,2026-07-04,4886000000,2026-08-23,LongTermDebtNoncurrent,2026-09-03
WAT,equity,2026-07-04,15195000000,2026-08-23,StockholdersEquity,2026-09-03
WAT,inventory,2026-07-04,1377000000,2026-08-23,InventoryNet,2026-09-03
WAT,liabilities,2026-07-04,9556000000,2026-08-23,Liabilities,2026-09-03
WAT,netIncome,2026-07-04,-136000000,2026-08-23,NetIncomeLoss,2026-09-03
WAT,operatingIncome,2026-07-04,-86000000,2026-08-23,OperatingIncomeLoss,2026-09-03
WAT,receivables,2026-07-04,1987000000,2026-08-23,AccountsReceivableNetCurrent,2026-09-03
WAT,revenue,2026-07-04,1645000000,2026-08-23,Revenues,2026-09-03
WAT,rnd,2026-07-04,122000000,2026-08-23,ResearchAndDevelopmentExpense,2026-09-03
WAT,shares,2026-07-04,98225000,2026-08-23,CommonStockSharesOutstanding,2026-09-03
WDAY,assets,2026-07-31,15857000000,2026-09-19,Assets,2026-09-03
WDAY,cash,2026-07-31,661000000,2026-09-19,CashAndCashEquivalentsAtCarryingValue,2026-09-03
WDAY,debt,2026-07-31,1990000000,2026-09-19,LongTermDebtNoncurrent,2026-09-03
WDAY,equity,2026-07-31,6460000000,2026-09-19,StockholdersEquity,2026-09-03
WDAY,liabilities,2026-07-31,9397000000,2026-09-19,Liabilities,2026-09-03
WDAY,netIncome,2026-07-31,632000000,2026-09-19,NetIncomeLoss,2026-09-03
WDAY,operatingIncome,2026-07-31,313000000,2026-09-19,OperatingIncomeLoss,2026-09-03
WDAY,receivables,2026-07-31,1895000000,2026-09-19,AccountsReceivableNetCurrent,2026-09-03
WDAY,revenue,2026-07-31,2649000000,2026-09-19,RevenueFromContractWithCustomerExcludingAssessedTax,2026-09-03
WDAY,rnd,2026-07-31,747000000,2026-09-19,ResearchAndDevelopmentExpense,2026-09-03
WDC,assets,2026-07-03,13861000000,2026-08-22,Assets,2026-09-03
WDC,cash,2026-07-03,1579000000,2026-08-22,CashAndCashEquivalentsAtCarryingValue,2026-09-03
WDC,debt,2026-07-03,0,2026-08-22,LongTermDebtNoncurrent,2026-09-03
WDC,equity,2026-07-03,8864000000,2026-08-22,StockholdersEquity,2026-09-03
WDC,inventory,2026-07-03,1511000000,2026-08-22,InventoryNet,2026-09-03
WDC,liabilities,2026-07-03,4997000000,2026-08-22,Liabilities,2026-09-03
WDC,receivables,2026-07-03,2026000000,2026-08-22,AccountsReceivableNetCurrent,2026-09-03
WDC,shares,2026-07-03,361000000,2026-08-22,CommonStockSharesOutstanding,2026-09-03
WMT,assets,2026-07-31,293914000000,2026-09-19,Assets,2026-09-03
WMT,cash,2026-07-31,11529000000,2026-09-19,CashAndCashEquivalentsAtCarryingValue,2026-09-03
WMT,debt,2026-07-31,36462000000,2026-09-19,LongTermDebtNoncurrent,2026-09-03
WMT,equity,2026-07-31,98238000000,2026-09-19,StockholdersEquity,2026-09-03
WMT,inventory,2026-07-31,61600000000,2026-09-19,InventoryNet,2026-09-03
WMT,netIncome,2026-07-31,6366000000,2026-09-19,NetIncomeLoss,2026-09-03
WMT,operatingIncome,2026-07-31,9383000000,2026-09-19,OperatingIncomeLoss,2026-09-03
WMT,revenue,2026-07-31,187937000000,2026-09-19,Revenues,2026-09-03
WSM,assets,2026-08-02,5506306000,2026-09-21,Assets,2026-09-03
WSM,cash,2026-08-02,1028936000,2026-09-21,CashAndCashEquivalentsAtCarryingValue,2026-09-03
WSM,equity,2026-08-02,2140914000,2026-09-21,StockholdersEquity,2026-09-03
WSM,grossProfit,2026-08-02,1011948000,2026-09-21,GrossProfit,2026-09-03
WSM,inventory,2026-08-02,1447423000,2026-09-21,InventoryNet,2026-09-03
WSM,liabilities,2026-08-02,3365392000,2026-09-21,Liabilities,2026-09-03
WSM,netIncome,2026-08-02,338109000,2026-09-21,NetIncomeLoss,2026-09-03
WSM,operatingIncome,2026-08-02,448795000,2026-09-21,OperatingIncomeLoss,2026-09-03
WSM,revenue,2026-08-02,1959757000,2026-09-21,RevenueFromContractWithCustomerExcludingAssessedTax,2026-09-03
WSM,shares,2026-08-02,117779000,2026-09-21,CommonStockSharesOutstanding,2026-09-03
ZBRA,assets,2026-07-04,8637000000,2026-08-23,Assets,2026-09-03
ZBRA,cash,2026-07-04,157000000,2026-08-23,CashAndCashEquivalentsAtCarryingValue,2026-09-03
ZBRA,debt,2026-07-04,493000000,2026-08-23,LongTermDebtNoncurrent,2026-09-03
ZBRA,equity,2026-07-04,3435000000,2026-08-23,StockholdersEquity,2026-09-03
ZBRA,grossProfit,2026-07-04,825000000,2026-08-23,GrossProfit,2026-09-03
ZBRA,inventory,2026-07-04,733000000,2026-08-23,InventoryNet,2026-09-03
ZBRA,liabilities,2026-07-04,5202000000,2026-08-23,Liabilities,2026-09-03
ZBRA,netIncome,2026-07-04,233000000,2026-08-23,NetIncomeLoss,2026-09-03
ZBRA,operatingIncome,2026-07-04,321000000,2026-08-23,OperatingIncomeLoss,2026-09-03
ZBRA,receivables,2026-07-04,990000000,2026-08-23,AccountsReceivableNetCurrent,2026-09-03
ZBRA,revenue,2026-07-04,1557000000,2026-08-23,RevenueFromContractWithCustomerExcludingAssessedTax,2026-09-03
ZBRA,rnd,2026-07-04,159000000,2026-08-23,ResearchAndDevelopmentExpense,2026-09-03
A,assets,2026-07-31,13967000000,2026-09-19,Assets,2026-09-04
A,cash,2026-07-31,1758000000,2026-09-19,CashAndCashEquivalentsAtCarryingValue,2026-09-04
A,debt,2026-07-31,3645000000,2026-09-19,LongTermDebt,2026-09-04
A,equity,2026-07-31,7363000000,2026-09-19,StockholdersEquity,2026-09-04
A,inventory,2026-07-31,1117000000,2026-09-19,InventoryNet,2026-09-04
A,liabilities,2026-07-31,6604000000,2026-09-19,Liabilities,2026-09-04
A,netIncome,2026-07-31,362000000,2026-09-19,NetIncomeLoss,2026-09-04
A,operatingIncome,2026-07-31,444000000,2026-09-19,OperatingIncomeLoss,2026-09-04
A,receivables,2026-07-31,1478000000,2026-09-19,AccountsReceivableNetCurrent,2026-09-04
A,revenue,2026-07-31,1878000000,2026-09-19,RevenueFromContractWithCustomerExcludingAssessedTax,2026-09-04
A,rnd,2026-07-31,123000000,2026-09-19,ResearchAndDevelopmentExpense,2026-09-04
A,shares,2026-07-31,281965813,2026-09-19,CommonStockSharesOutstanding,2026-09-04
ADI,assets,2026-08-01,48424417000,2026-09-20,Assets,2026-09-04
ADI,cash,2026-08-01,2165870000,2026-09-20,CashAndCashEquivalentsAtCarryingValue,2026-09-04
ADI,debt,2026-08-01,6771624000,2026-09-20,LongTermDebtNoncurrent,2026-09-04
ADI,equity,2026-08-01,33550897000,2026-09-20,StockholdersEquity,2026-09-04
ADI,grossProfit,2026-08-01,2707544000,2026-09-20,GrossProfit,2026-09-04
ADI,inventory,2026-08-01,1931496000,2026-09-20,InventoryNet,2026-09-04
ADI,netIncome,2026-08-01,1340090000,2026-09-20,NetIncomeLoss,2026-09-04
ADI,operatingIncome,2026-08-01,1612969000,2026-09-20,OperatingIncomeLoss,2026-09-04
ADI,receivables,2026-08-01,2389577000,2026-09-20,AccountsReceivableNetCurrent,2026-09-04
ADI,revenue,2026-08-01,4021899000,2026-09-20,RevenueFromContractWithCustomerExcludingAssessedTax,2026-09-04
ADI,rnd,2026-08-01,533480000,2026-09-20,ResearchAndDevelopmentExpense,2026-09-04
ADI,shares,2026-08-01,484565465,2026-09-20,CommonStockSharesOutstanding,2026-09-04
ADSK,assets,2026-07-31,12983000000,2026-09-19,Assets,2026-09-04
ADSK,cash,2026-07-31,4098000000,2026-09-19,CashAndCashEquivalentsAtCarryingValue,2026-09-04
ADSK,debt,2026-07-31,2500000000,2026-09-19,LongTermDebt,2026-09-04
ADSK,equity,2026-07-31,3383000000,2026-09-19,StockholdersEquity,2026-09-04
ADSK,grossProfit,2026-07-31,1870000000,2026-09-19,GrossProfit,2026-09-04
ADSK,netIncome,2026-07-31,492000000,2026-09-19,NetIncomeLoss,2026-09-04
ADSK,operatingIncome,2026-07-31,599000000,2026-09-19,OperatingIncomeLoss,2026-09-04
ADSK,receivables,2026-07-31,684000000,2026-09-19,AccountsReceivableNetCurrent,2026-09-04
ADSK,revenue,2026-07-31,2046000000,2026-09-19,RevenueFromContractWithCustomerExcludingAssessedTax,2026-09-04
ADSK,rnd,2026-07-31,464000000,2026-09-19,ResearchAndDevelopmentExpense,2026-09-04
AMAT,assets,2026-07-26,43522000000,2026-09-14,Assets,2026-09-04
AMAT,cash,2026-07-26,7037000000,2026-09-14,CashAndCashEquivalentsAtCarryingValue,2026-09-04
AMAT,debt,2026-07-26,5245000000,2026-09-14,LongTermDebtNoncurrent,2026-09-04
AMAT,equity,2026-07-26,25626000000,2026-09-14,StockholdersEquity,2026-09-04
AMAT,grossProfit,2026-07-26,4586000000,2026-09-14,GrossProfit,2026-09-04
AMAT,inventory,2026-07-26,6564000000,2026-09-14,InventoryNet,2026-09-04
AMAT,liabilities,2026-07-26,17896000000,2026-09-14,Liabilities,2026-09-04
AMAT,netIncome,2026-07-26,2538000000,2026-09-14,NetIncomeLoss,2026-09-04
AMAT,operatingIncome,2026-07-26,3075000000,2026-09-14,OperatingIncomeLoss,2026-09-04
AMAT,receivables,2026-07-26,7691000000,2026-09-14,AccountsReceivableNetCurrent,2026-09-04
AMAT,revenue,2026-07-26,9115000000,2026-09-14,RevenueFromContractWithCustomerExcludingAssessedTax,2026-09-04
AMAT,rnd,2026-07-26,1100000000,2026-09-14,ResearchAndDevelopmentExpense,2026-09-04
BF-B,assets,2026-07-31,7825000000,2026-09-19,Assets,2026-09-04
BF-B,capex,2026-07-31,12000000,2026-09-19,PaymentsToAcquirePropertyPlantAndEquipment,2026-09-04
BF-B,cash,2026-07-31,301000000,2026-09-19,CashAndCashEquivalentsAtCarryingValue,2026-09-04
BF-B,debt,2026-07-31,2083000000,2026-09-19,LongTermDebtNoncurrent,2026-09-04
BF-B,equity,2026-07-31,3969000000,2026-09-19,StockholdersEquity,2026-09-04
BF-B,grossProfit,2026-07-31,549000000,2026-09-19,GrossProfit,2026-09-04
BF-B,inventory,2026-07-31,2574000000,2026-09-19,InventoryNet,2026-09-04
BF-B,liabilities,2026-07-31,3856000000,2026-09-19,Liabilities,2026-09-04
BF-B,netIncome,2026-07-31,176000000,2026-09-19,NetIncomeLoss,2026-09-04
BF-B,operatingCashFlow,2026-07-31,173000000,2026-09-19,NetCashProvidedByUsedInOperatingActivities,2026-09-04
BF-B,operatingIncome,2026-07-31,252000000,2026-09-19,OperatingIncomeLoss,2026-09-04
BF-B,receivables,2026-07-31,822000000,2026-09-19,AccountsReceivableNetCurrent,2026-09-04
BF-B,revenue,2026-07-31,911000000,2026-09-19,RevenueFromContractWithCustomerExcludingAssessedTax,2026-09-04
CIEN,assets,2026-08-01,7997240000,2026-09-20,Assets,2026-09-04
CIEN,cash,2026-08-01,2445708000,2026-09-20,CashAndCashEquivalentsAtCarryingValue,2026-09-04
CIEN,debt,2026-08-01,3229843000,2026-09-20,LongTermDebtNoncurrent,2026-09-04
CIEN,equity,2026-08-01,3056738000,2026-09-20,StockholdersEquity,2026-09-04
CIEN,grossProfit,2026-08-01,759265000,2026-09-20,GrossProfit,2026-09-04
CIEN,inventory,2026-08-01,871987000,2026-09-20,InventoryNet,2026-09-04
CIEN,liabilities,2026-08-01,4940502000,2026-09-20,Liabilities,2026-09-04
CIEN,netIncome,2026-08-01,266418000,2026-09-20,NetIncomeLoss,2026-09-04
CIEN,operatingIncome,2026-08-01,301179000,2026-09-20,OperatingIncomeLoss,2026-09-04
CIEN,receivables,2026-08-01,1233610000,2026-09-20,AccountsReceivableNetCurrent,2026-09-04
CIEN,revenue,2026-08-01,1671129000,2026-09-20,Revenues,2026-09-04
CIEN,rnd,2026-08-01,236673000,2026-09-20,ResearchAndDevelopmentExpense,2026-09-04
CIEN,shares,2026-08-01,141897511,2026-09-20,CommonStockSharesOutstanding,2026-09-04
CRM,assets,2026-07-31,109620000000,2026-09-19,Assets,2026-09-04
CRM,buybacks,2026-07-31,84000000,2026-09-19,PaymentsForRepurchaseOfCommonStock,2026-09-04
CRM,capex,2026-07-31,171000000,2026-09-19,PaymentsToAcquirePropertyPlantAndEquipment,2026-09-04
CRM,cash,2026-07-31,8310000000,2026-09-19,CashAndCashEquivalentsAtCarryingValue,2026-09-04
CRM,debt,2026-07-31,39288000000,2026-09-19,LongTermDebtNoncurrent,2026-09-04
CRM,equity,2026-07-31,38378000000,2026-09-19,StockholdersEquity,2026-09-04
CRM,grossProfit,2026-07-31,8696000000,2026-09-19,GrossProfit,2026-09-04
CRM,liabilities,2026-07-31,71242000000,2026-09-19,Liabilities,2026-09-04
CRM,netIncome,2026-07-31,3526000000,2026-09-19,NetIncomeLoss,2026-09-04
CRM,operatingCashFlow,2026-07-31,1269000000,2026-09-19,NetCashProvidedByUsedInOperatingActivities,2026-09-04
CRM,operatingIncome,2026-07-31,2331000000,2026-09-19,OperatingIncomeLoss,2026-09-04
CRM,receivables,2026-07-31,6320000000,2026-09-19,AccountsReceivableNetCurrent,2026-09-04
CRM,revenue,2026-07-31,11345000000,2026-09-19,RevenueFromContractWithCustomerExcludingAssessedTax,2026-09-04
CRM,rnd,2026-07-31,1687000000,2026-09-19,ResearchAndDevelopmentExpense,2026-09-04
CRWD,assets,2026-07-31,12025001000,2026-09-19,Assets,2026-09-04
CRWD,cash,2026-07-31,5013847000,2026-09-19,CashAndCashEquivalentsAtCarryingValue,2026-09-04
CRWD,debt,2026-07-31,746216000,2026-09-19,LongTermDebtNoncurrent,2026-09-04
CRWD,equity,2026-07-31,5101724000,2026-09-19,StockholdersEquity,2026-09-04
CRWD,grossProfit,2026-07-31,1096895000,2026-09-19,GrossProfit,2026-09-04
CRWD,liabilities,2026-07-31,6885476000,2026-09-19,Liabilities,2026-09-04
CRWD,netIncome,2026-07-31,5306000,2026-09-19,NetIncomeLoss,2026-09-04
CRWD,operatingIncome,2026-07-31,-33232000,2026-09-19,OperatingIncomeLoss,2026-09-04
CRWD,receivables,2026-07-31,1038575000,2026-09-19,AccountsReceivableNetCurrent,2026-09-04
CRWD,rnd,2026-07-31,444200000,2026-09-19,ResearchAndDevelopmentExpense,2026-09-04
CSCO,assets,2026-07-25,129637000000,2026-09-13,Assets,2026-09-04
CSCO,cash,2026-07-25,7218000000,2026-09-13,CashAndCashEquivalentsAtCarryingValue,2026-09-04
CSCO,debt,2026-07-25,19372000000,2026-09-13,LongTermDebtNoncurrent,2026-09-04
CSCO,equity,2026-07-25,50285000000,2026-09-13,StockholdersEquity,2026-09-04
CSCO,inventory,2026-07-25,5694000000,2026-09-13,InventoryNet,2026-09-04
CSCO,liabilities,2026-07-25,79352000000,2026-09-13,Liabilities,2026-09-04
CSCO,receivables,2026-07-25,7470000000,2026-09-13,AccountsReceivableNetCurrent,2026-09-04
CSCO,shares,2026-07-25,3946000000,2026-09-13,CommonStockSharesOutstanding,2026-09-04
DE,assets,2026-08-02,107607000000,2026-09-21,Assets,2026-09-04
DE,cash,2026-08-02,8928000000,2026-09-21,CashAndCashEquivalentsAtCarryingValue,2026-09-04
DE,equity,2026-08-02,27990000000,2026-09-21,StockholdersEquity,2026-09-04
DE,inventory,2026-08-02,7811000000,2026-09-21,InventoryNet,2026-09-04
DE,liabilities,2026-08-02,79566000000,2026-09-21,Liabilities,2026-09-04
DE,netIncome,2026-08-02,1379000000,2026-09-21,NetIncomeLoss,2026-09-04
DE,revenue,2026-08-02,12608000000,2026-09-21,Revenues,2026-09-04
DE,rnd,2026-08-02,567000000,2026-09-21,ResearchAndDevelopmentExpense,2026-09-04
DG,assets,2026-07-31,32167333000,2026-09-19,Assets,2026-09-04
DG,cash,2026-07-31,1589590000,2026-09-19,CashAndCashEquivalentsAtCarryingValue,2026-09-04
DG,equity,2026-07-31,9288648000,2026-09-19,StockholdersEquity,2026-09-04
DG,grossProfit,2026-07-31,3680921000,2026-09-19,GrossProfit,2026-09-04
DG,inventory,2026-07-31,6552841000,2026-09-19,InventoryNet,2026-09-04
DG,liabilities,2026-07-31,22878685000,2026-09-19,Liabilities,2026-09-04
DG,netIncome,2026-07-31,550315000,2026-09-19,NetIncomeLoss,2026-09-04
DG,operatingIncome,2026-07-31,769164000,2026-09-19,OperatingIncomeLoss,2026-09-04
DG,revenue,2026-07-31,11290380000,2026-09-19,RevenueFromContractWithCustomerExcludingAssessedTax,2026-09-04
DLTR,assets,2026-08-01,14029600000,2026-09-20,Assets,2026-09-04
DLTR,cash,2026-08-01,1058100000,2026-09-20,CashAndCashEquivalentsAtCarryingValue,2026-09-04
DLTR,debt,2026-08-01,2933500000,2026-09-20,LongTermDebtNoncurrent,2026-09-04
DLTR,equity,2026-08-01,3425300000,2026-09-20,StockholdersEquity,2026-09-04
DLTR,liabilities,2026-08-01,10604300000,2026-09-20,Liabilities,2026-09-04
DLTR,netIncome,2026-08-01,514500000,2026-09-20,NetIncomeLoss,2026-09-04
DLTR,operatingIncome,2026-08-01,690100000,2026-09-20,OperatingIncomeLoss,2026-09-04
DLTR,revenue,2026-08-01,4891200000,2026-09-20,Revenues,2026-09-04
DLTR,shares,2026-08-01,187672941,2026-09-20,CommonStockSharesOutstanding,2026-09-04
FTV,assets,2026-07-03,11615000000,2026-08-22,Assets,2026-09-04
FTV,cash,2026-07-03,374200000,2026-08-22,CashAndCashEquivalentsAtCarryingValue,2026-09-04
FTV,debt,2026-07-03,3509300000,2026-08-22,LongTermDebtNoncurrent,2026-09-04
FTV,equity,2026-07-03,6060600000,2026-08-22,StockholdersEquity,2026-09-04
FTV,grossProfit,2026-07-03,695300000,2026-08-22,GrossProfit,2026-09-04
FTV,inventory,2026-07-03,310800000,2026-08-22,InventoryNet,2026-09-04
FTV,netIncome,2026-07-03,157300000,2026-08-22,NetIncomeLoss,2026-09-04
FTV,operatingIncome,2026-07-03,209900000,2026-08-22,OperatingIncomeLoss,2026-09-04
FTV,receivables,2026-07-03,657800000,2026-08-22,AccountsReceivableNetCurrent,2026-09-04
FTV,revenue,2026-07-03,1096800000,2026-08-22,RevenueFromContractWithCustomerExcludingAssessedTax,2026-09-04
FTV,rnd,2026-07-03,67500000,2026-08-22,ResearchAndDevelopmentExpense,2026-09-04
FTV,shares,2026-07-03,302600000,2026-08-22,CommonStockSharesOutstanding,2026-09-04
GD,assets,2026-07-05,60163000000,2026-08-24,Assets,2026-09-04
GD,cash,2026-07-05,4333000000,2026-08-24,CashAndCashEquivalentsAtCarryingValue,2026-09-04
GD,debt,2026-07-05,6260000000,2026-08-24,LongTermDebtNoncurrent,2026-09-04
GD,equity,2026-07-05,26826000000,2026-08-24,StockholdersEquity,2026-09-04
GD,inventory,2026-07-05,9097000000,2026-08-24,InventoryNet,2026-09-04
GD,netIncome,2026-07-05,1160000000,2026-08-24,NetIncomeLoss,2026-09-04
GD,operatingIncome,2026-07-05,1460000000,2026-08-24,OperatingIncomeLoss,2026-09-04
GD,receivables,2026-07-05,2398000000,2026-08-24,AccountsReceivableNetCurrent,2026-09-04
GD,revenue,2026-07-05,14094000000,2026-08-24,RevenueFromContractWithCustomerExcludingAssessedTax,2026-09-04
GEN,assets,2026-07-03,15644000000,2026-08-22,Assets,2026-09-04
GEN,buybacks,2026-07-03,100000000,2026-08-22,PaymentsForRepurchaseOfCommonStock,2026-09-04
GEN,capex,2026-07-03,4000000,2026-08-22,PaymentsToAcquirePropertyPlantAndEquipment,2026-09-04
GEN,debt,2026-07-03,7975000000,2026-08-22,LongTermDebtNoncurrent,2026-09-04
GEN,equity,2026-07-03,2656000000,2026-08-22,StockholdersEquity,2026-09-04
GEN,grossProfit,2026-07-03,1029000000,2026-08-22,GrossProfit,2026-09-04
GEN,liabilities,2026-07-03,12988000000,2026-08-22,Liabilities,2026-09-04
GEN,netIncome,2026-07-03,215000000,2026-08-22,NetIncomeLoss,2026-09-04
GEN,operatingCashFlow,2026-07-03,434000000,2026-08-22,NetCashProvidedByUsedInOperatingActivities,2026-09-04
GEN,operatingIncome,2026-07-03,443000000,2026-08-22,OperatingIncomeLoss,2026-09-04
GEN,receivables,2026-07-03,378000000,2026-08-22,AccountsReceivableNetCurrent,2026-09-04
GEN,revenue,2026-07-03,1336000000,2026-08-22,RevenueFromContractWithCustomerExcludingAssessedTax,2026-09-04
GEN,rnd,2026-07-03,118000000,2026-08-22,ResearchAndDevelopmentExpense,2026-09-04
GEN,shares,2026-07-03,599000000,2026-08-22,CommonStockSharesOutstanding,2026-09-04
HD,assets,2026-08-02,109384000000,2026-09-21,Assets,2026-09-04
HD,cash,2026-08-02,2085000000,2026-09-21,CashAndCashEquivalentsAtCarryingValue,2026-09-04
HD,equity,2026-08-02,16617000000,2026-09-21,StockholdersEquity,2026-09-04
HD,grossProfit,2026-08-02,16115000000,2026-09-21,GrossProfit,2026-09-04
HD,inventory,2026-08-02,26847000000,2026-09-21,InventoryNet,2026-09-04
HD,liabilities,2026-08-02,92767000000,2026-09-21,Liabilities,2026-09-04
HD,netIncome,2026-08-02,4766000000,2026-09-21,NetIncomeLoss,2026-09-04
HD,operatingIncome,2026-08-02,6839000000,2026-09-21,OperatingIncomeLoss,2026-09-04
HD,receivables,2026-08-02,6963000000,2026-09-21,AccountsReceivableNetCurrent,2026-09-04
HD,revenue,2026-08-02,47861000000,2026-09-21,RevenueFromContractWithCustomerExcludingAssessedTax,2026-09-04
HD,shares,2026-08-02,998000000,2026-09-21,CommonStockSharesOutstanding,2026-09-04
HPE,assets,2026-07-31,83596000000,2026-09-19,Assets,2026-09-04
HPE,cash,2026-07-31,6216000000,2026-09-19,CashAndCashEquivalentsAtCarryingValue,2026-09-04
HPE,debt,2026-07-31,17343000000,2026-09-19,LongTermDebtNoncurrent,2026-09-04
HPE,equity,2026-07-31,26514000000,2026-09-19,StockholdersEquity,2026-09-04
HPE,inventory,2026-07-31,11823000000,2026-09-19,InventoryNet,2026-09-04
HPE,netIncome,2026-07-31,1540000000,2026-09-19,NetIncomeLoss,2026-09-04
HPE,operatingIncome,2026-07-31,1393000000,2026-09-19,OperatingIncomeLoss,2026-09-04
HPE,receivables,2026-07-31,6185000000,2026-09-19,AccountsReceivableNetCurrent,2026-09-04
HPE,revenue,2026-07-31,12213000000,2026-09-19,Revenues,2026-09-04
HPE,rnd,2026-07-31,1158000000,2026-09-19,ResearchAndDevelopmentExpense,2026-09-04
HPE,shares,2026-07-31,1328115106,2026-09-19,CommonStockSharesOutstanding,2026-09-04
HPQ,assets,2026-07-31,45701000000,2026-09-19,Assets,2026-09-04
HPQ,buybacks,2026-07-31,300000000,2026-09-19,PaymentsForRepurchaseOfCommonStock,2026-09-04
HPQ,cash,2026-07-31,4169000000,2026-09-19,CashAndCashEquivalentsAtCarryingValue,2026-09-04
HPQ,debt,2026-07-31,7868000000,2026-09-19,LongTermDebtNoncurrent,2026-09-04
HPQ,equity,2026-07-31,-92000000,2026-09-19,StockholdersEquity,2026-09-04
HPQ,grossProfit,2026-07-31,2945000000,2026-09-19,GrossProfit,2026-09-04
HPQ,inventory,2026-07-31,10322000000,2026-09-19,InventoryNet,2026-09-04
HPQ,netIncome,2026-07-31,661000000,2026-09-19,NetIncomeLoss,2026-09-04
HPQ,operatingIncome,2026-07-31,892000000,2026-09-19,OperatingIncomeLoss,2026-09-04
HPQ,receivables,2026-07-31,7168000000,2026-09-19,AccountsReceivableNetCurrent,2026-09-04
HPQ,revenue,2026-07-31,15677000000,2026-09-19,Revenues,2026-09-04
HPQ,rnd,2026-07-31,389000000,2026-09-19,ResearchAndDevelopmentExpense,2026-09-04
HPQ,shares,2026-07-31,903000000,2026-09-19,CommonStockSharesOutstanding,2026-09-04
HRL,assets,2026-07-26,13292014000,2026-09-14,Assets,2026-09-04
HRL,cash,2026-07-26,839639000,2026-09-14,CashAndCashEquivalentsAtCarryingValue,2026-09-04
HRL,debt,2026-07-26,2349489000,2026-09-14,LongTermDebtNoncurrent,2026-09-04
HRL,equity,2026-07-26,7843444000,2026-09-14,StockholdersEquity,2026-09-04
HRL,grossProfit,2026-07-26,471515000,2026-09-14,GrossProfit,2026-09-04
HRL,inventory,2026-07-26,1801567000,2026-09-14,InventoryNet,2026-09-04
HRL,netIncome,2026-07-26,59573000,2026-09-14,NetIncomeLoss,2026-09-04
HRL,operatingIncome,2026-07-26,110904000,2026-09-14,OperatingIncomeLoss,2026-09-04
KEYS,assets,2026-07-31,11921000000,2026-09-19,Assets,2026-09-04
KEYS,cash,2026-07-31,2605000000,2026-09-19,CashAndCashEquivalentsAtCarryingValue,2026-09-04
KEYS,debt,2026-07-31,1817000000,2026-09-19,LongTermDebtNoncurrent,2026-09-04
KEYS,equity,2026-07-31,6571000000,2026-09-19,StockholdersEquity,2026-09-04
KEYS,inventory,2026-07-31,1047000000,2026-09-19,InventoryNet,2026-09-04
KEYS,liabilities,2026-07-31,5350000000,2026-09-19,Liabilities,2026-09-04
KEYS,netIncome,2026-07-31,397000000,2026-09-19,NetIncomeLoss,2026-09-04
KEYS,operatingIncome,2026-07-31,461000000,2026-09-19,OperatingIncomeLoss,2026-09-04
KEYS,receivables,2026-07-31,1067000000,2026-09-19,AccountsReceivableNetCurrent,2026-09-04
KEYS,revenue,2026-07-31,1846000000,2026-09-19,Revenues,2026-09-04
KEYS,rnd,2026-07-31,312000000,2026-09-19,ResearchAndDevelopmentExpense,2026-09-04
KO,assets,2026-07-03,107922000000,2026-08-22,Assets,2026-09-04
KO,capex,2026-07-03,418000000,2026-08-22,PaymentsToAcquirePropertyPlantAndEquipment,2026-09-04
KO,cash,2026-07-03,12907000000,2026-08-22,CashAndCashEquivalentsAtCarryingValue,2026-09-04
KO,equity,2026-07-03,36150000000,2026-08-22,StockholdersEquity,2026-09-04
KO,grossProfit,2026-07-03,8415000000,2026-08-22,GrossProfit,2026-09-04
KO,inventory,2026-07-03,4647000000,2026-08-22,InventoryNet,2026-09-04
KO,netIncome,2026-07-03,4425000000,2026-08-22,NetIncomeLoss,2026-09-04
KO,operatingIncome,2026-07-03,4672000000,2026-08-22,OperatingIncomeLoss,2026-09-04
KO,receivables,2026-07-03,3732000000,2026-08-22,AccountsReceivableNetCurrent,2026-09-04
KO,revenue,2026-07-03,13380000000,2026-08-22,Revenues,2026-09-04
LDOS,assets,2026-07-03,15632000000,2026-08-22,Assets,2026-09-04
LDOS,buybacks,2026-07-03,66000000,2026-08-22,PaymentsForRepurchaseOfCommonStock,2026-09-04
LDOS,cash,2026-07-03,748000000,2026-08-22,CashAndCashEquivalentsAtCarryingValue,2026-09-04
LDOS,equity,2026-07-03,5284000000,2026-08-22,StockholdersEquity,2026-09-04
LDOS,inventory,2026-07-03,94000000,2026-08-22,InventoryNet,2026-09-04
LDOS,liabilities,2026-07-03,10296000000,2026-08-22,Liabilities,2026-09-04
LDOS,netIncome,2026-07-03,354000000,2026-08-22,NetIncomeLoss,2026-09-04
LDOS,operatingIncome,2026-07-03,514000000,2026-08-22,OperatingIncomeLoss,2026-09-04
LDOS,revenue,2026-07-03,4558000000,2026-08-22,Revenues,2026-09-04
LDOS,shares,2026-07-03,125492013,2026-08-22,CommonStockSharesOutstanding,2026-09-04
LHX,assets,2026-07-03,42938000000,2026-08-22,Assets,2026-09-04
LHX,cash,2026-07-03,1521000000,2026-08-22,CashAndCashEquivalentsAtCarryingValue,2026-09-04
LHX,debt,2026-07-03,9184000000,2026-08-22,LongTermDebtNoncurrent,2026-09-04
LHX,equity,2026-07-03,19882000000,2026-08-22,StockholdersEquity,2026-09-04
LHX,inventory,2026-07-03,1272000000,2026-08-22,InventoryNet,2026-09-04
LHX,liabilities,2026-07-03,22088000000,2026-08-22,Liabilities,2026-09-04
LHX,netIncome,2026-07-03,600000000,2026-08-22,NetIncomeLoss,2026-09-04
LHX,operatingIncome,2026-07-03,654000000,2026-08-22,OperatingIncomeLoss,2026-09-04
LHX,receivables,2026-07-03,1950000000,2026-08-22,AccountsReceivableNetCurrent,2026-09-04
LHX,revenue,2026-07-03,5881000000,2026-08-22,RevenueFromContractWithCustomerExcludingAssessedTax,2026-09-04
LHX,shares,2026-07-03,186155804,2026-08-22,CommonStockSharesOutstanding,2026-09-04
LOW,assets,2026-07-31,55881000000,2026-09-19,Assets,2026-09-04
LOW,cash,2026-07-31,3172000000,2026-09-19,CashAndCashEquivalentsAtCarryingValue,2026-09-04
LOW,equity,2026-07-31,-7437000000,2026-09-19,StockholdersEquity,2026-09-04
LOW,grossProfit,2026-07-31,8577000000,2026-09-19,GrossProfit,2026-09-04
LOW,inventory,2026-07-31,17737000000,2026-09-19,InventoryNet,2026-09-04
LOW,liabilities,2026-07-31,63318000000,2026-09-19,Liabilities,2026-09-04
LOW,netIncome,2026-07-31,2399000000,2026-09-19,NetIncomeLoss,2026-09-04
LOW,operatingIncome,2026-07-31,3549000000,2026-09-19,OperatingIncomeLoss,2026-09-04
LOW,revenue,2026-07-31,25956000000,2026-09-19,RevenueFromContractWithCustomerExcludingAssessedTax,2026-09-04
LOW,shares,2026-07-31,561000000,2026-09-19,CommonStockSharesOutstanding,2026-09-04
LULU,assets,2026-08-02,8484578000,2026-09-21,Assets,2026-09-04
LULU,equity,2026-08-02,4791174000,2026-09-21,StockholdersEquity,2026-09-04
LULU,grossProfit,2026-08-02,1461878000,2026-09-21,GrossProfit,2026-09-04
LULU,inventory,2026-08-02,1711450000,2026-09-21,InventoryNet,2026-09-04
LULU,liabilities,2026-08-02,3693404000,2026-09-21,Liabilities,2026-09-04
LULU,netIncome,2026-08-02,329223000,2026-09-21,NetIncomeLoss,2026-09-04
LULU,operatingIncome,2026-08-02,453653000,2026-09-21,OperatingIncomeLoss,2026-09-04
LULU,revenue,2026-08-02,2415631000,2026-09-21,RevenueFromContractWithCustomerExcludingAssessedTax,2026-09-04
LULU,shares,2026-08-02,106566000,2026-09-21,CommonStockSharesOutstanding,2026-09-04
MDT,assets,2026-07-31,93306000000,2026-09-19,Assets,2026-09-04
MDT,buybacks,2026-07-31,267000000,2026-09-19,PaymentsForRepurchaseOfCommonStock,2026-09-04
MDT,capex,2026-07-31,503000000,2026-09-19,PaymentsToAcquirePropertyPlantAndEquipment,2026-09-04
MDT,cash,2026-07-31,1691000000,2026-09-19,CashAndCashEquivalentsAtCarryingValue,2026-09-04
MDT,equity,2026-07-31,50232000000,2026-09-19,StockholdersEquity,2026-09-04
MDT,inventory,2026-07-31,6215000000,2026-09-19,InventoryNet,2026-09-04
MDT,liabilities,2026-07-31,42456000000,2026-09-19,Liabilities,2026-09-04
MDT,netIncome,2026-07-31,1470000000,2026-09-19,NetIncomeLoss,2026-09-04
MDT,operatingCashFlow,2026-07-31,1793000000,2026-09-19,NetCashProvidedByUsedInOperatingActivities,2026-09-04
MDT,operatingIncome,2026-07-31,1764000000,2026-09-19,OperatingIncomeLoss,2026-09-04
MDT,receivables,2026-07-31,6357000000,2026-09-19,AccountsReceivableNetCurrent,2026-09-04
MDT,revenue,2026-07-31,9756000000,2026-09-19,RevenueFromContractWithCustomerExcludingAssessedTax,2026-09-04
MDT,shares,2026-07-31,1280046863,2026-09-19,CommonStockSharesOutstanding,2026-09-04
MRVL,assets,2026-08-01,27554600000,2026-09-20,Assets,2026-09-04
MRVL,cash,2026-08-01,3932800000,2026-09-20,CashAndCashEquivalentsAtCarryingValue,2026-09-04
MRVL,debt,2026-08-01,4962900000,2026-09-20,LongTermDebtNoncurrent,2026-09-04
MRVL,equity,2026-08-01,18531600000,2026-09-20,StockholdersEquity,2026-09-04
MRVL,grossProfit,2026-08-01,1455600000,2026-09-20,GrossProfit,2026-09-04
MRVL,inventory,2026-08-01,1360600000,2026-09-20,InventoryNet,2026-09-04
MRVL,liabilities,2026-08-01,9023000000,2026-09-20,Liabilities,2026-09-04
MRVL,netIncome,2026-08-01,308000000,2026-09-20,NetIncomeLoss,2026-09-04
MRVL,operatingIncome,2026-08-01,459700000,2026-09-20,OperatingIncomeLoss,2026-09-04
MRVL,receivables,2026-08-01,2218400000,2026-09-20,AccountsReceivableNetCurrent,2026-09-04
MRVL,revenue,2026-08-01,2739300000,2026-09-20,RevenueFromContractWithCustomerExcludingAssessedTax,2026-09-04
MRVL,rnd,2026-08-01,741100000,2026-09-20,ResearchAndDevelopmentExpense,2026-09-04
MSI,assets,2026-07-04,19242000000,2026-08-23,Assets,2026-09-04
MSI,cash,2026-07-04,710000000,2026-08-23,CashAndCashEquivalentsAtCarryingValue,2026-09-04
MSI,debt,2026-07-04,8417000000,2026-08-23,LongTermDebtNoncurrent,2026-09-04
MSI,equity,2026-07-04,2672000000,2026-08-23,StockholdersEquity,2026-09-04
MSI,grossProfit,2026-07-04,1678000000,2026-08-23,GrossProfit,2026-09-04
MSI,inventory,2026-07-04,1333000000,2026-08-23,InventoryNet,2026-09-04
MSI,netIncome,2026-07-04,557000000,2026-08-23,NetIncomeLoss,2026-09-04
MSI,operatingIncome,2026-07-04,809000000,2026-08-23,OperatingIncomeLoss,2026-09-04
MSI,receivables,2026-07-04,2160000000,2026-08-23,AccountsReceivableNetCurrent,2026-09-04
MSI,revenue,2026-07-04,3133000000,2026-08-23,RevenueFromContractWithCustomerExcludingAssessedTax,2026-09-04
MSI,rnd,2026-07-04,260000000,2026-08-23,ResearchAndDevelopmentExpense,2026-09-04
MSI,shares,2026-07-04,165500000,2026-08-23,CommonStockSharesOutstanding,2026-09-04
NDSN,assets,2026-07-31,5947920000,2026-09-19,Assets,2026-09-04
NDSN,cash,2026-07-31,113431000,2026-09-19,CashAndCashEquivalentsAtCarryingValue,2026-09-04
NDSN,debt,2026-07-31,1529005000,2026-09-19,LongTermDebtNoncurrent,2026-09-04
NDSN,equity,2026-07-31,3269059000,2026-09-19,StockholdersEquity,2026-09-04
NDSN,inventory,2026-07-31,469310000,2026-09-19,InventoryNet,2026-09-04
NDSN,netIncome,2026-07-31,152846000,2026-09-19,NetIncomeLoss,2026-09-04
NDSN,operatingIncome,2026-07-31,223092000,2026-09-19,OperatingIncomeLoss,2026-09-04
NDSN,revenue,2026-07-31,817667000,2026-09-19,RevenueFromContractWithCustomerExcludingAssessedTax,2026-09-04
NTAP,assets,2026-07-31,10955000000,2026-09-19,Assets,2026-09-04
NTAP,buybacks,2026-07-31,200000000,2026-09-19,PaymentsForRepurchaseOfCommonStock,2026-09-04
NTAP,capex,2026-07-31,102000000,2026-09-19,PaymentsToAcquirePropertyPlantAndEquipment,2026-09-04
NTAP,cash,2026-07-31,1573000000,2026-09-19,CashAndCashEquivalentsAtCarryingValue,2026-09-04
NTAP,debt,2026-07-31,1938000000,2026-09-19,LongTermDebtNoncurrent,2026-09-04
NTAP,equity,2026-07-31,1495000000,2026-09-19,StockholdersEquity,2026-09-04
NTAP,grossProfit,2026-07-31,1419000000,2026-09-19,GrossProfit,2026-09-04
NTAP,inventory,2026-07-31,375000000,2026-09-19,InventoryNet,2026-09-04
NTAP,liabilities,2026-07-31,9460000000,2026-09-19,Liabilities,2026-09-04
NTAP,netIncome,2026-07-31,375000000,2026-09-19,NetIncomeLoss,2026-09-04
NTAP,operatingCashFlow,2026-07-31,503000000,2026-09-19,NetCashProvidedByUsedInOperatingActivities,2026-09-04
NTAP,operatingIncome,2026-07-31,484000000,2026-09-19,OperatingIncomeLoss,2026-09-04
NTAP,receivables,2026-07-31,966000000,2026-09-19,AccountsReceivableNetCurrent,2026-09-04
NTAP,revenue,2026-07-31,1819000000,2026-09-19,Revenues,2026-09-04
NTAP,rnd,2026-07-31,274000000,2026-09-19,ResearchAndDevelopmentExpense,2026-09-04
NTAP,shares,2026-07-31,196000000,2026-09-19,CommonStockSharesOutstanding,2026-09-04
NUE,assets,2026-07-04,36954000000,2026-08-23,Assets,2026-09-04
NUE,cash,2026-07-04,2478000000,2026-08-23,CashAndCashEquivalentsAtCarryingValue,2026-09-04
NUE,equity,2026-07-04,22109000000,2026-08-23,StockholdersEquity,2026-09-04
NUE,inventory,2026-07-04,6020000000,2026-08-23,InventoryNet,2026-09-04
NUE,liabilities,2026-07-04,13688000000,2026-08-23,Liabilities,2026-09-04
NUE,netIncome,2026-07-04,1156000000,2026-08-23,NetIncomeLoss,2026-09-04
NUE,receivables,2026-07-04,4045000000,2026-08-23,AccountsReceivableNetCurrent,2026-09-04
NUE,revenue,2026-07-04,10397000000,2026-08-23,RevenueFromContractWithCustomerExcludingAssessedTax,2026-09-04
NVDA,assets,2026-07-26,320272000000,2026-09-14,Assets,2026-09-04
NVDA,cash,2026-07-26,22443000000,2026-09-14,CashAndCashEquivalentsAtCarryingValue,2026-09-04
NVDA,debt,2026-07-26,32366000000,2026-09-14,LongTermDebtNoncurrent,2026-09-04
NVDA,equity,2026-07-26,228984000000,2026-09-14,StockholdersEquity,2026-09-04
NVDA,grossProfit,2026-07-26,72142000000,2026-09-14,GrossProfit,2026-09-04
NVDA,inventory,2026-07-26,31575000000,2026-09-14,InventoryNet,2026-09-04
NVDA,liabilities,2026-07-26,91288000000,2026-09-14,Liabilities,2026-09-04
NVDA,netIncome,2026-07-26,59688000000,2026-09-14,NetIncomeLoss,2026-09-04
NVDA,operatingIncome,2026-07-26,63734000000,2026-09-14,OperatingIncomeLoss,2026-09-04
NVDA,receivables,2026-07-26,63059000000,2026-09-14,AccountsReceivableNetCurrent,2026-09-04
NVDA,revenue,2026-07-26,96221000000,2026-09-14,Revenues,2026-09-04
NVDA,rnd,2026-07-26,7054000000,2026-09-14,ResearchAndDevelopmentExpense,2026-09-04
ON,assets,2026-07-03,13485100000,2026-08-22,Assets,2026-09-04
ON,cash,2026-07-03,3514500000,2026-08-22,CashAndCashEquivalentsAtCarryingValue,2026-09-04
ON,debt,2026-07-03,3657300000,2026-08-22,LongTermDebtNoncurrent,2026-09-04
ON,equity,2026-07-03,7218700000,2026-08-22,StockholdersEquity,2026-09-04
ON,grossProfit,2026-07-03,616300000,2026-08-22,GrossProfit,2026-09-04
ON,inventory,2026-07-03,2047500000,2026-08-22,InventoryNet,2026-09-04
ON,liabilities,2026-07-03,6246600000,2026-08-22,Liabilities,2026-09-04
ON,netIncome,2026-07-03,226800000,2026-08-22,NetIncomeLoss,2026-09-04
ON,operatingIncome,2026-07-03,258600000,2026-08-22,OperatingIncomeLoss,2026-09-04
ON,revenue,2026-07-03,1603500000,2026-08-22,RevenueFromContractWithCustomerExcludingAssessedTax,2026-09-04
ON,shares,2026-07-03,389290999,2026-08-22,CommonStockSharesOutstanding,2026-09-04
ROST,assets,2026-08-01,15982280000,2026-09-20,Assets,2026-09-04
ROST,cash,2026-08-01,4288124000,2026-09-20,CashAndCashEquivalentsAtCarryingValue,2026-09-04
ROST,debt,2026-08-01,777053000,2026-09-20,LongTermDebtNoncurrent,2026-09-04
ROST,equity,2026-08-01,6743184000,2026-09-20,StockholdersEquity,2026-09-04
ROST,inventory,2026-08-01,3087370000,2026-09-20,InventoryNet,2026-09-04
ROST,netIncome,2026-08-01,851299000,2026-09-20,NetIncomeLoss,2026-09-04
ROST,operatingIncome,2026-08-01,1103618000,2026-09-20,OperatingIncomeLoss,2026-09-04
ROST,revenue,2026-08-01,6264886000,2026-09-20,RevenueFromContractWithCustomerExcludingAssessedTax,2026-09-04
ROST,shares,2026-08-01,319668000,2026-09-20,CommonStockSharesOutstanding,2026-09-04
RVTY,assets,2026-07-05,12045834000,2026-08-24,Assets,2026-09-04
RVTY,cash,2026-07-05,1022943000,2026-08-24,CashAndCashEquivalentsAtCarryingValue,2026-09-04
RVTY,debt,2026-07-05,2633094000,2026-08-24,LongTermDebtNoncurrent,2026-09-04
RVTY,equity,2026-07-05,7228758000,2026-08-24,StockholdersEquity,2026-09-04
RVTY,inventory,2026-07-05,378502000,2026-08-24,InventoryNet,2026-09-04
RVTY,liabilities,2026-07-05,4817076000,2026-08-24,Liabilities,2026-09-04
RVTY,netIncome,2026-07-05,51820000,2026-08-24,NetIncomeLoss,2026-09-04
RVTY,operatingIncome,2026-07-05,89316000,2026-08-24,OperatingIncomeLoss,2026-09-04
RVTY,receivables,2026-07-05,709175000,2026-08-24,AccountsReceivableNetCurrent,2026-09-04
RVTY,revenue,2026-07-05,729688000,2026-08-24,RevenueFromContractWithCustomerExcludingAssessedTax,2026-09-04
RVTY,rnd,2026-07-05,48974000,2026-08-24,ResearchAndDevelopmentExpense,2026-09-04
RVTY,shares,2026-07-05,111584000,2026-08-24,CommonStockSharesOutstanding,2026-09-04
SJM,assets,2026-07-31,16203200000,2026-09-19,Assets,2026-09-04
SJM,buybacks,2026-07-31,5700000,2026-09-19,PaymentsForRepurchaseOfCommonStock,2026-09-04
SJM,capex,2026-07-31,88400000,2026-09-19,PaymentsToAcquirePropertyPlantAndEquipment,2026-09-04
SJM,debt,2026-07-31,6394300000,2026-09-19,LongTermDebtNoncurrent,2026-09-04
SJM,equity,2026-07-31,5750800000,2026-09-19,StockholdersEquity,2026-09-04
SJM,grossProfit,2026-07-31,979600000,2026-09-19,GrossProfit,2026-09-04
SJM,inventory,2026-07-31,1186500000,2026-09-19,InventoryNet,2026-09-04
SJM,liabilities,2026-07-31,10452400000,2026-09-19,Liabilities,2026-09-04
SJM,netIncome,2026-07-31,324300000,2026-09-19,NetIncomeLoss,2026-09-04
SJM,operatingCashFlow,2026-07-31,425700000,2026-09-19,NetCashProvidedByUsedInOperatingActivities,2026-09-04
SJM,operatingIncome,2026-07-31,511600000,2026-09-19,OperatingIncomeLoss,2026-09-04
SJM,receivables,2026-07-31,615700000,2026-09-19,AccountsReceivableNetCurrent,2026-09-04
SJM,shares,2026-07-31,106800000,2026-09-19,CommonStockSharesOutstanding,2026-09-04
SNA,assets,2026-07-04,8640900000,2026-08-23,Assets,2026-09-04
SNA,cash,2026-07-04,1644700000,2026-08-23,CashAndCashEquivalentsAtCarryingValue,2026-09-04
SNA,debt,2026-07-04,887000000,2026-08-23,LongTermDebtNoncurrent,2026-09-04
SNA,equity,2026-07-04,6041300000,2026-08-23,StockholdersEquity,2026-09-04
SNA,inventory,2026-07-04,1045300000,2026-08-23,InventoryNet,2026-09-04
SNA,liabilities,2026-07-04,2574600000,2026-08-23,Liabilities,2026-09-04
SNA,netIncome,2026-07-04,260600000,2026-08-23,NetIncomeLoss,2026-09-04
SNA,operatingIncome,2026-07-04,336400000,2026-08-23,OperatingIncomeLoss,2026-09-04
SNA,receivables,2026-07-04,942200000,2026-08-23,AccountsReceivableNetCurrent,2026-09-04
SNA,revenue,2026-07-04,1334800000,2026-08-23,Revenues,2026-09-04
SNDK,assets,2026-07-03,22507000000,2026-08-22,Assets,2026-09-04
SNDK,cash,2026-07-03,4762000000,2026-08-22,CashAndCashEquivalentsAtCarryingValue,2026-09-04
SNDK,debt,2026-07-03,0,2026-08-22,LongTermDebtNoncurrent,2026-09-04
SNDK,equity,2026-07-03,15736000000,2026-08-22,StockholdersEquity,2026-09-04
SNDK,inventory,2026-07-03,2698000000,2026-08-22,InventoryNet,2026-09-04
SNDK,liabilities,2026-07-03,6771000000,2026-08-22,Liabilities,2026-09-04
SNDK,receivables,2026-07-03,4708000000,2026-08-22,AccountsReceivableNetCurrent,2026-09-04
SNDK,shares,2026-07-03,146000000,2026-08-22,CommonStockSharesOutstanding,2026-09-04
SNPS,assets,2026-07-31,47726263000,2026-09-19,Assets,2026-09-04
SNPS,cash,2026-07-31,3606286000,2026-09-19,CashAndCashEquivalentsAtCarryingValue,2026-09-04
SNPS,debt,2026-07-31,9017113000,2026-09-19,LongTermDebtNoncurrent,2026-09-04
SNPS,equity,2026-07-31,31152539000,2026-09-19,StockholdersEquity,2026-09-04
SNPS,grossProfit,2026-07-31,1797434000,2026-09-19,GrossProfit,2026-09-04
SNPS,inventory,2026-07-31,479129000,2026-09-19,InventoryNet,2026-09-04
SNPS,liabilities,2026-07-31,16574884000,2026-09-19,Liabilities,2026-09-04
SNPS,netIncome,2026-07-31,545800000,2026-09-19,NetIncomeLoss,2026-09-04
SNPS,operatingIncome,2026-07-31,357491000,2026-09-19,OperatingIncomeLoss,2026-09-04
SNPS,receivables,2026-07-31,1318747000,2026-09-19,AccountsReceivableNetCurrent,2026-09-04
SNPS,revenue,2026-07-31,2476822000,2026-09-19,RevenueFromContractWithCustomerExcludingAssessedTax,2026-09-04
SNPS,rnd,2026-07-31,719737000,2026-09-19,ResearchAndDevelopmentExpense,2026-09-04
SNPS,shares,2026-07-31,191605000,2026-09-19,CommonStockSharesOutstanding,2026-09-04
STX,assets,2026-07-03,9972000000,2026-08-22,Assets,2026-09-04
STX,cash,2026-07-03,1704000000,2026-08-22,CashAndCashEquivalentsAtCarryingValue,2026-09-04
STX,debt,2026-07-03,3380000000,2026-08-22,LongTermDebtNoncurrent,2026-09-04
STX,equity,2026-07-03,2167000000,2026-08-22,StockholdersEquity,2026-09-04
STX,inventory,2026-07-03,1571000000,2026-08-22,InventoryNet,2026-09-04
STX,liabilities,2026-07-03,7805000000,2026-08-22,Liabilities,2026-09-04
STX,receivables,2026-07-03,1534000000,2026-08-22,AccountsReceivableNetCurrent,2026-09-04
STX,shares,2026-07-03,226791724,2026-08-22,CommonStockSharesOutstanding,2026-09-04
SWK,assets,2026-07-04,20093500000,2026-08-23,Assets,2026-09-04
SWK,buybacks,2026-07-04,252100000,2026-08-23,PaymentsForRepurchaseOfCommonStock,2026-09-04
SWK,capex,2026-07-04,64900000,2026-08-23,PaymentsToAcquirePropertyPlantAndEquipment,2026-09-04
SWK,cash,2026-07-04,592400000,2026-08-23,CashAndCashEquivalentsAtCarryingValue,2026-09-04
SWK,debt,2026-07-04,4704200000,2026-08-23,LongTermDebtNoncurrent,2026-09-04
SWK,equity,2026-07-04,8958800000,2026-08-23,StockholdersEquity,2026-09-04
SWK,inventory,2026-07-04,3896500000,2026-08-23,InventoryNet,2026-09-04
SWK,netIncome,2026-07-04,351300000,2026-08-23,NetIncomeLoss,2026-09-04
SWK,operatingCashFlow,2026-07-04,763100000,2026-08-23,NetCashProvidedByUsedInOperatingActivities,2026-09-04
SWK,revenue,2026-07-04,3960700000,2026-08-23,Revenues,2026-09-04
SWKS,assets,2026-07-03,7425000000,2026-08-22,Assets,2026-09-04
SWKS,cash,2026-07-03,790000000,2026-08-22,CashAndCashEquivalentsAtCarryingValue,2026-09-04
SWKS,debt,2026-07-03,496900000,2026-08-22,LongTermDebt,2026-09-04
SWKS,equity,2026-07-03,5738300000,2026-08-22,StockholdersEquity,2026-09-04
SWKS,grossProfit,2026-07-03,375000000,2026-08-22,GrossProfit,2026-09-04
SWKS,inventory,2026-07-03,1015500000,2026-08-22,InventoryNet,2026-09-04
SWKS,liabilities,2026-07-03,1686700000,2026-08-22,Liabilities,2026-09-04
SWKS,netIncome,2026-07-03,33900000,2026-08-22,NetIncomeLoss,2026-09-04
SWKS,operatingIncome,2026-07-03,48500000,2026-08-22,OperatingIncomeLoss,2026-09-04
SWKS,revenue,2026-07-03,934800000,2026-08-22,Revenues,2026-09-04
SWKS,rnd,2026-07-03,207800000,2026-08-22,ResearchAndDevelopmentExpense,2026-09-04
SWKS,shares,2026-07-03,150500000,2026-08-22,CommonStockSharesOutstanding,2026-09-04
TGT,assets,2026-08-01,61235000000,2026-09-20,Assets,2026-09-04
TGT,equity,2026-08-01,17843000000,2026-09-20,StockholdersEquity,2026-09-04
TGT,inventory,2026-08-01,13249000000,2026-09-20,InventoryNet,2026-09-04
TGT,netIncome,2026-08-01,1877000000,2026-09-20,NetIncomeLoss,2026-09-04
TGT,operatingIncome,2026-08-01,2560000000,2026-09-20,OperatingIncomeLoss,2026-09-04
TGT,revenue,2026-08-01,26539000000,2026-09-20,RevenueFromContractWithCustomerExcludingAssessedTax,2026-09-04
TGT,shares,2026-08-01,454291461,2026-09-20,CommonStockSharesOutstanding,2026-09-04
TJX,assets,2026-08-01,37115000000,2026-09-20,Assets,2026-09-04
TJX,cash,2026-08-01,6004000000,2026-09-20,CashAndCashEquivalentsAtCarryingValue,2026-09-04
TJX,debt,2026-08-01,1871000000,2026-09-20,LongTermDebtNoncurrent,2026-09-04
TJX,equity,2026-08-01,10651000000,2026-09-20,StockholdersEquity,2026-09-04
TJX,inventory,2026-08-01,7862000000,2026-09-20,InventoryNet,2026-09-04
TJX,netIncome,2026-08-01,1520000000,2026-09-20,NetIncomeLoss,2026-09-04
TJX,receivables,2026-08-01,665000000,2026-09-20,AccountsReceivableNetCurrent,2026-09-04
TJX,shares,2026-08-01,1101167677,2026-09-20,CommonStockSharesOutstanding,2026-09-04
TRMB,assets,2026-07-03,8540800000,2026-08-22,Assets,2026-09-04
TRMB,cash,2026-07-03,214400000,2026-08-22,CashAndCashEquivalentsAtCarryingValue,2026-09-04
TRMB,debt,2026-07-03,1442900000,2026-08-22,LongTermDebtNoncurrent,2026-09-04
TRMB,equity,2026-07-03,5110800000,2026-08-22,StockholdersEquity,2026-09-04
TRMB,grossProfit,2026-07-03,674900000,2026-08-22,GrossProfit,2026-09-04
TRMB,inventory,2026-07-03,185300000,2026-08-22,InventoryNet,2026-09-04
TRMB,liabilities,2026-07-03,3430000000,2026-08-22,Liabilities,2026-09-04
TRMB,netIncome,2026-07-03,-471700000,2026-08-22,NetIncomeLoss,2026-09-04
TRMB,operatingIncome,2026-07-03,132000000,2026-08-22,OperatingIncomeLoss,2026-09-04
TRMB,receivables,2026-07-03,598100000,2026-08-22,AccountsReceivableNetCurrent,2026-09-04
TRMB,revenue,2026-07-03,972000000,2026-08-22,RevenueFromContractWithCustomerExcludingAssessedTax,2026-09-04
TRMB,rnd,2026-07-03,177100000,2026-08-22,ResearchAndDevelopmentExpense,2026-09-04
TRMB,shares,2026-07-03,233200000,2026-08-22,CommonStockSharesOutstanding,2026-09-04
TXT,assets,2026-07-04,18134000000,2026-08-23,Assets,2026-09-04
TXT,equity,2026-07-04,8054000000,2026-08-23,StockholdersEquity,2026-09-04
TXT,inventory,2026-07-04,4720000000,2026-08-23,InventoryNet,2026-09-04
TXT,liabilities,2026-07-04,10080000000,2026-08-23,Liabilities,2026-09-04
TXT,netIncome,2026-07-04,248000000,2026-08-23,NetIncomeLoss,2026-09-04
TXT,revenue,2026-07-04,3827000000,2026-08-23,Revenues,2026-09-04
TXT,rnd,2026-07-04,116000000,2026-08-23,ResearchAndDevelopmentExpense,2026-09-04
TXT,shares,2026-07-04,171937000,2026-08-23,CommonStockSharesOutstanding,2026-09-04
ULTA,assets,2026-08-01,6963950000,2026-09-20,Assets,2026-09-04
ULTA,cash,2026-08-01,158451000,2026-09-20,CashAndCashEquivalentsAtCarryingValue,2026-09-04
ULTA,equity,2026-08-01,2643741000,2026-09-20,StockholdersEquity,2026-09-04
ULTA,grossProfit,2026-08-01,1186952000,2026-09-20,GrossProfit,2026-09-04
ULTA,liabilities,2026-08-01,4320209000,2026-09-20,Liabilities,2026-09-04
ULTA,netIncome,2026-08-01,282006000,2026-09-20,NetIncomeLoss,2026-09-04
ULTA,operatingIncome,2026-08-01,379641000,2026-09-20,OperatingIncomeLoss,2026-09-04
ULTA,revenue,2026-08-01,3035676000,2026-09-20,Revenues,2026-09-04
ULTA,shares,2026-08-01,42805000,2026-09-20,CommonStockSharesOutstanding,2026-09-04
VEEV,assets,2026-07-31,9060223000,2026-09-19,Assets,2026-09-04
VEEV,cash,2026-07-31,1812012000,2026-09-19,CashAndCashEquivalentsAtCarryingValue,2026-09-04
VEEV,equity,2026-07-31,7431449000,2026-09-19,StockholdersEquity,2026-09-04
VEEV,grossProfit,2026-07-31,695951000,2026-09-19,GrossProfit,2026-09-04
VEEV,liabilities,2026-07-31,1628774000,2026-09-19,Liabilities,2026-09-04
VEEV,netIncome,2026-07-31,273429000,2026-09-19,NetIncomeLoss,2026-09-04
VEEV,operatingIncome,2026-07-31,275018000,2026-09-19,OperatingIncomeLoss,2026-09-04
VEEV,receivables,2026-07-31,496677000,2026-09-19,AccountsReceivableNetCurrent,2026-09-04
VEEV,revenue,2026-07-31,927963000,2026-09-19,RevenueFromContractWithCustomerExcludingAssessedTax,2026-09-04
VEEV,rnd,2026-07-31,222918000,2026-09-19,ResearchAndDevelopmentExpense,2026-09-04
VEEV,shares,2026-07-31,161834760,2026-09-19,CommonStockSharesOutstanding,2026-09-04
VLTO,assets,2026-07-03,8558000000,2026-08-22,Assets,2026-09-04
VLTO,cash,2026-07-03,2119000000,2026-08-22,CashAndCashEquivalentsAtCarryingValue,2026-09-04
VLTO,debt,2026-07-03,2679000000,2026-08-22,LongTermDebtNoncurrent,2026-09-04
VLTO,equity,2026-07-03,3097000000,2026-08-22,StockholdersEquity,2026-09-04
VLTO,grossProfit,2026-07-03,902000000,2026-08-22,GrossProfit,2026-09-04
VLTO,inventory,2026-07-03,336000000,2026-08-22,InventoryNet,2026-09-04
VLTO,netIncome,2026-07-03,241000000,2026-08-22,NetIncomeLoss,2026-09-04
VLTO,operatingIncome,2026-07-03,315000000,2026-08-22,OperatingIncomeLoss,2026-09-04
VLTO,receivables,2026-07-03,921000000,2026-08-22,AccountsReceivableNetCurrent,2026-09-04
VLTO,revenue,2026-07-03,1474000000,2026-08-22,RevenueFromContractWithCustomerExcludingAssessedTax,2026-09-04
VLTO,rnd,2026-07-03,73000000,2026-08-22,ResearchAndDevelopmentExpense,2026-09-04
VLTO,shares,2026-07-03,244200000,2026-08-22,CommonStockSharesOutstanding,2026-09-04
WAT,assets,2026-07-04,24751000000,2026-08-23,Assets,2026-09-04
WAT,cash,2026-07-04,539000000,2026-08-23,CashAndCashEquivalentsAtCarryingValue,2026-09-04
WAT,debt,2026-07-04,4886000000,2026-08-23,LongTermDebtNoncurrent,2026-09-04
WAT,equity,2026-07-04,15195000000,2026-08-23,StockholdersEquity,2026-09-04
WAT,inventory,2026-07-04,1377000000,2026-08-23,InventoryNet,2026-09-04
WAT,liabilities,2026-07-04,9556000000,2026-08-23,Liabilities,2026-09-04
WAT,netIncome,2026-07-04,-136000000,2026-08-23,NetIncomeLoss,2026-09-04
WAT,operatingIncome,2026-07-04,-86000000,2026-08-23,OperatingIncomeLoss,2026-09-04
WAT,receivables,2026-07-04,1987000000,2026-08-23,AccountsReceivableNetCurrent,2026-09-04
WAT,revenue,2026-07-04,1645000000,2026-08-23,Revenues,2026-09-04
WAT,rnd,2026-07-04,122000000,2026-08-23,ResearchAndDevelopmentExpense,2026-09-04
WAT,shares,2026-07-04,98225000,2026-08-23,CommonStockSharesOutstanding,2026-09-04
WDAY,assets,2026-07-31,15857000000,2026-09-19,Assets,2026-09-04
WDAY,cash,2026-07-31,661000000,2026-09-19,CashAndCashEquivalentsAtCarryingValue,2026-09-04
WDAY,debt,2026-07-31,1990000000,2026-09-19,LongTermDebtNoncurrent,2026-09-04
WDAY,equity,2026-07-31,6460000000,2026-09-19,StockholdersEquity,2026-09-04
WDAY,liabilities,2026-07-31,9397000000,2026-09-19,Liabilities,2026-09-04
WDAY,netIncome,2026-07-31,632000000,2026-09-19,NetIncomeLoss,2026-09-04
WDAY,operatingIncome,2026-07-31,313000000,2026-09-19,OperatingIncomeLoss,2026-09-04
WDAY,receivables,2026-07-31,1895000000,2026-09-19,AccountsReceivableNetCurrent,2026-09-04
WDAY,revenue,2026-07-31,2649000000,2026-09-19,RevenueFromContractWithCustomerExcludingAssessedTax,2026-09-04
WDAY,rnd,2026-07-31,747000000,2026-09-19,ResearchAndDevelopmentExpense,2026-09-04
WDC,assets,2026-07-03,13861000000,2026-08-22,Assets,2026-09-04
WDC,cash,2026-07-03,1579000000,2026-08-22,CashAndCashEquivalentsAtCarryingValue,2026-09-04
WDC,debt,2026-07-03,0,2026-08-22,LongTermDebtNoncurrent,2026-09-04
WDC,equity,2026-07-03,8864000000,2026-08-22,StockholdersEquity,2026-09-04
WDC,inventory,2026-07-03,1511000000,2026-08-22,InventoryNet,2026-09-04
WDC,liabilities,2026-07-03,4997000000,2026-08-22,Liabilities,2026-09-04
WDC,receivables,2026-07-03,2026000000,2026-08-22,AccountsReceivableNetCurrent,2026-09-04
WDC,shares,2026-07-03,361000000,2026-08-22,CommonStockSharesOutstanding,2026-09-04
WMT,assets,2026-07-31,293914000000,2026-09-19,Assets,2026-09-04
WMT,cash,2026-07-31,11529000000,2026-09-19,CashAndCashEquivalentsAtCarryingValue,2026-09-04
WMT,debt,2026-07-31,36462000000,2026-09-19,LongTermDebtNoncurrent,2026-09-04
WMT,equity,2026-07-31,98238000000,2026-09-19,StockholdersEquity,2026-09-04
WMT,inventory,2026-07-31,61600000000,2026-09-19,InventoryNet,2026-09-04
WMT,netIncome,2026-07-31,6366000000,2026-09-19,NetIncomeLoss,2026-09-04
WMT,operatingIncome,2026-07-31,9383000000,2026-09-19,OperatingIncomeLoss,2026-09-04
WMT,revenue,2026-07-31,187937000000,2026-09-19,Revenues,2026-09-04
WSM,assets,2026-08-02,5506306000,2026-09-21,Assets,2026-09-04
WSM,cash,2026-08-02,1028936000,2026-09-21,CashAndCashEquivalentsAtCarryingValue,2026-09-04
WSM,equity,2026-08-02,2140914000,2026-09-21,StockholdersEquity,2026-09-04
WSM,grossProfit,2026-08-02,1011948000,2026-09-21,GrossProfit,2026-09-04
WSM,inventory,2026-08-02,1447423000,2026-09-21,InventoryNet,2026-09-04
WSM,liabilities,2026-08-02,3365392000,2026-09-21,Liabilities,2026-09-04
WSM,netIncome,2026-08-02,338109000,2026-09-21,NetIncomeLoss,2026-09-04
WSM,operatingIncome,2026-08-02,448795000,2026-09-21,OperatingIncomeLoss,2026-09-04
WSM,revenue,2026-08-02,1959757000,2026-09-21,RevenueFromContractWithCustomerExcludingAssessedTax,2026-09-04
WSM,shares,2026-08-02,117779000,2026-09-21,CommonStockSharesOutstanding,2026-09-04
ZBRA,assets,2026-07-04,8637000000,2026-08-23,Assets,2026-09-04
ZBRA,cash,2026-07-04,157000000,2026-08-23,CashAndCashEquivalentsAtCarryingValue,2026-09-04
ZBRA,debt,2026-07-04,493000000,2026-08-23,LongTermDebtNoncurrent,2026-09-04
ZBRA,equity,2026-07-04,3435000000,2026-08-23,StockholdersEquity,2026-09-04
ZBRA,grossProfit,2026-07-04,825000000,2026-08-23,GrossProfit,2026-09-04
ZBRA,inventory,2026-07-04,733000000,2026-08-23,InventoryNet,2026-09-04
ZBRA,liabilities,2026-07-04,5202000000,2026-08-23,Liabilities,2026-09-04
ZBRA,netIncome,2026-07-04,233000000,2026-08-23,NetIncomeLoss,2026-09-04
ZBRA,operatingIncome,2026-07-04,321000000,2026-08-23,OperatingIncomeLoss,2026-09-04
ZBRA,receivables,2026-07-04,990000000,2026-08-23,AccountsReceivableNetCurrent,2026-09-04
ZBRA,revenue,2026-07-04,1557000000,2026-08-23,RevenueFromContractWithCustomerExcludingAssessedTax,2026-09-04
ZBRA,rnd,2026-07-04,159000000,2026-08-23,ResearchAndDevelopmentExpense,2026-09-04
A,assets,2026-07-31,13967000000,2026-09-19,Assets,2026-09-05
A,cash,2026-07-31,1758000000,2026-09-19,CashAndCashEquivalentsAtCarryingValue,2026-09-05
A,debt,2026-07-31,3645000000,2026-09-19,LongTermDebt,2026-09-05
A,equity,2026-07-31,7363000000,2026-09-19,StockholdersEquity,2026-09-05
A,inventory,2026-07-31,1117000000,2026-09-19,InventoryNet,2026-09-05
A,liabilities,2026-07-31,6604000000,2026-09-19,Liabilities,2026-09-05
A,netIncome,2026-07-31,362000000,2026-09-19,NetIncomeLoss,2026-09-05
A,operatingIncome,2026-07-31,444000000,2026-09-19,OperatingIncomeLoss,2026-09-05
A,receivables,2026-07-31,1478000000,2026-09-19,AccountsReceivableNetCurrent,2026-09-05
A,revenue,2026-07-31,1878000000,2026-09-19,RevenueFromContractWithCustomerExcludingAssessedTax,2026-09-05
A,rnd,2026-07-31,123000000,2026-09-19,ResearchAndDevelopmentExpense,2026-09-05
A,shares,2026-07-31,281965813,2026-09-19,CommonStockSharesOutstanding,2026-09-05
ADI,assets,2026-08-01,48424417000,2026-09-20,Assets,2026-09-05
ADI,cash,2026-08-01,2165870000,2026-09-20,CashAndCashEquivalentsAtCarryingValue,2026-09-05
ADI,debt,2026-08-01,6771624000,2026-09-20,LongTermDebtNoncurrent,2026-09-05
ADI,equity,2026-08-01,33550897000,2026-09-20,StockholdersEquity,2026-09-05
ADI,grossProfit,2026-08-01,2707544000,2026-09-20,GrossProfit,2026-09-05
ADI,inventory,2026-08-01,1931496000,2026-09-20,InventoryNet,2026-09-05
ADI,netIncome,2026-08-01,1340090000,2026-09-20,NetIncomeLoss,2026-09-05
ADI,operatingIncome,2026-08-01,1612969000,2026-09-20,OperatingIncomeLoss,2026-09-05
ADI,receivables,2026-08-01,2389577000,2026-09-20,AccountsReceivableNetCurrent,2026-09-05
ADI,revenue,2026-08-01,4021899000,2026-09-20,RevenueFromContractWithCustomerExcludingAssessedTax,2026-09-05
ADI,rnd,2026-08-01,533480000,2026-09-20,ResearchAndDevelopmentExpense,2026-09-05
ADI,shares,2026-08-01,484565465,2026-09-20,CommonStockSharesOutstanding,2026-09-05
ADSK,assets,2026-07-31,12983000000,2026-09-19,Assets,2026-09-05
ADSK,cash,2026-07-31,4098000000,2026-09-19,CashAndCashEquivalentsAtCarryingValue,2026-09-05
ADSK,debt,2026-07-31,2500000000,2026-09-19,LongTermDebt,2026-09-05
ADSK,equity,2026-07-31,3383000000,2026-09-19,StockholdersEquity,2026-09-05
ADSK,grossProfit,2026-07-31,1870000000,2026-09-19,GrossProfit,2026-09-05
ADSK,netIncome,2026-07-31,492000000,2026-09-19,NetIncomeLoss,2026-09-05
ADSK,operatingIncome,2026-07-31,599000000,2026-09-19,OperatingIncomeLoss,2026-09-05
ADSK,receivables,2026-07-31,684000000,2026-09-19,AccountsReceivableNetCurrent,2026-09-05
ADSK,revenue,2026-07-31,2046000000,2026-09-19,RevenueFromContractWithCustomerExcludingAssessedTax,2026-09-05
ADSK,rnd,2026-07-31,464000000,2026-09-19,ResearchAndDevelopmentExpense,2026-09-05
AMAT,assets,2026-07-26,43522000000,2026-09-14,Assets,2026-09-05
AMAT,cash,2026-07-26,7037000000,2026-09-14,CashAndCashEquivalentsAtCarryingValue,2026-09-05
AMAT,debt,2026-07-26,5245000000,2026-09-14,LongTermDebtNoncurrent,2026-09-05
AMAT,equity,2026-07-26,25626000000,2026-09-14,StockholdersEquity,2026-09-05
AMAT,grossProfit,2026-07-26,4586000000,2026-09-14,GrossProfit,2026-09-05
AMAT,inventory,2026-07-26,6564000000,2026-09-14,InventoryNet,2026-09-05
AMAT,liabilities,2026-07-26,17896000000,2026-09-14,Liabilities,2026-09-05
AMAT,netIncome,2026-07-26,2538000000,2026-09-14,NetIncomeLoss,2026-09-05
AMAT,operatingIncome,2026-07-26,3075000000,2026-09-14,OperatingIncomeLoss,2026-09-05
AMAT,receivables,2026-07-26,7691000000,2026-09-14,AccountsReceivableNetCurrent,2026-09-05
AMAT,revenue,2026-07-26,9115000000,2026-09-14,RevenueFromContractWithCustomerExcludingAssessedTax,2026-09-05
AMAT,rnd,2026-07-26,1100000000,2026-09-14,ResearchAndDevelopmentExpense,2026-09-05
BBY,assets,2026-08-01,16107000000,2026-09-20,Assets,2026-09-05
BBY,cash,2026-08-01,2255000000,2026-09-20,CashAndCashEquivalentsAtCarryingValue,2026-09-05
BBY,equity,2026-08-01,3183000000,2026-09-20,StockholdersEquity,2026-09-05
BBY,grossProfit,2026-08-01,2338000000,2026-09-20,GrossProfit,2026-09-05
BBY,inventory,2026-08-01,6296000000,2026-09-20,InventoryNet,2026-09-05
BBY,netIncome,2026-08-01,315000000,2026-09-20,NetIncomeLoss,2026-09-05
BBY,operatingIncome,2026-08-01,421000000,2026-09-20,OperatingIncomeLoss,2026-09-05
BBY,shares,2026-08-01,210400000,2026-09-20,CommonStockSharesOutstanding,2026-09-05
BF-B,assets,2026-07-31,7825000000,2026-09-19,Assets,2026-09-05
BF-B,capex,2026-07-31,12000000,2026-09-19,PaymentsToAcquirePropertyPlantAndEquipment,2026-09-05
BF-B,cash,2026-07-31,301000000,2026-09-19,CashAndCashEquivalentsAtCarryingValue,2026-09-05
BF-B,debt,2026-07-31,2083000000,2026-09-19,LongTermDebtNoncurrent,2026-09-05
BF-B,equity,2026-07-31,3969000000,2026-09-19,StockholdersEquity,2026-09-05
BF-B,grossProfit,2026-07-31,549000000,2026-09-19,GrossProfit,2026-09-05
BF-B,inventory,2026-07-31,2574000000,2026-09-19,InventoryNet,2026-09-05
BF-B,liabilities,2026-07-31,3856000000,2026-09-19,Liabilities,2026-09-05
BF-B,netIncome,2026-07-31,176000000,2026-09-19,NetIncomeLoss,2026-09-05
BF-B,operatingCashFlow,2026-07-31,173000000,2026-09-19,NetCashProvidedByUsedInOperatingActivities,2026-09-05
BF-B,operatingIncome,2026-07-31,252000000,2026-09-19,OperatingIncomeLoss,2026-09-05
BF-B,receivables,2026-07-31,822000000,2026-09-19,AccountsReceivableNetCurrent,2026-09-05
BF-B,revenue,2026-07-31,911000000,2026-09-19,RevenueFromContractWithCustomerExcludingAssessedTax,2026-09-05
CIEN,assets,2026-08-01,7997240000,2026-09-20,Assets,2026-09-05
CIEN,cash,2026-08-01,2445708000,2026-09-20,CashAndCashEquivalentsAtCarryingValue,2026-09-05
CIEN,debt,2026-08-01,3229843000,2026-09-20,LongTermDebtNoncurrent,2026-09-05
CIEN,equity,2026-08-01,3056738000,2026-09-20,StockholdersEquity,2026-09-05
CIEN,grossProfit,2026-08-01,759265000,2026-09-20,GrossProfit,2026-09-05
CIEN,inventory,2026-08-01,871987000,2026-09-20,InventoryNet,2026-09-05
CIEN,liabilities,2026-08-01,4940502000,2026-09-20,Liabilities,2026-09-05
CIEN,netIncome,2026-08-01,266418000,2026-09-20,NetIncomeLoss,2026-09-05
CIEN,operatingIncome,2026-08-01,301179000,2026-09-20,OperatingIncomeLoss,2026-09-05
CIEN,receivables,2026-08-01,1233610000,2026-09-20,AccountsReceivableNetCurrent,2026-09-05
CIEN,revenue,2026-08-01,1671129000,2026-09-20,Revenues,2026-09-05
CIEN,rnd,2026-08-01,236673000,2026-09-20,ResearchAndDevelopmentExpense,2026-09-05
CIEN,shares,2026-08-01,141897511,2026-09-20,CommonStockSharesOutstanding,2026-09-05
CRM,assets,2026-07-31,109620000000,2026-09-19,Assets,2026-09-05
CRM,buybacks,2026-07-31,84000000,2026-09-19,PaymentsForRepurchaseOfCommonStock,2026-09-05
CRM,capex,2026-07-31,171000000,2026-09-19,PaymentsToAcquirePropertyPlantAndEquipment,2026-09-05
CRM,cash,2026-07-31,8310000000,2026-09-19,CashAndCashEquivalentsAtCarryingValue,2026-09-05
CRM,debt,2026-07-31,39288000000,2026-09-19,LongTermDebtNoncurrent,2026-09-05
CRM,equity,2026-07-31,38378000000,2026-09-19,StockholdersEquity,2026-09-05
CRM,grossProfit,2026-07-31,8696000000,2026-09-19,GrossProfit,2026-09-05
CRM,liabilities,2026-07-31,71242000000,2026-09-19,Liabilities,2026-09-05
CRM,netIncome,2026-07-31,3526000000,2026-09-19,NetIncomeLoss,2026-09-05
CRM,operatingCashFlow,2026-07-31,1269000000,2026-09-19,NetCashProvidedByUsedInOperatingActivities,2026-09-05
CRM,operatingIncome,2026-07-31,2331000000,2026-09-19,OperatingIncomeLoss,2026-09-05
CRM,receivables,2026-07-31,6320000000,2026-09-19,AccountsReceivableNetCurrent,2026-09-05
CRM,revenue,2026-07-31,11345000000,2026-09-19,RevenueFromContractWithCustomerExcludingAssessedTax,2026-09-05
CRM,rnd,2026-07-31,1687000000,2026-09-19,ResearchAndDevelopmentExpense,2026-09-05
CRWD,assets,2026-07-31,12025001000,2026-09-19,Assets,2026-09-05
CRWD,cash,2026-07-31,5013847000,2026-09-19,CashAndCashEquivalentsAtCarryingValue,2026-09-05
CRWD,debt,2026-07-31,746216000,2026-09-19,LongTermDebtNoncurrent,2026-09-05
CRWD,equity,2026-07-31,5101724000,2026-09-19,StockholdersEquity,2026-09-05
CRWD,grossProfit,2026-07-31,1096895000,2026-09-19,GrossProfit,2026-09-05
CRWD,liabilities,2026-07-31,6885476000,2026-09-19,Liabilities,2026-09-05
CRWD,netIncome,2026-07-31,5306000,2026-09-19,NetIncomeLoss,2026-09-05
CRWD,operatingIncome,2026-07-31,-33232000,2026-09-19,OperatingIncomeLoss,2026-09-05
CRWD,receivables,2026-07-31,1038575000,2026-09-19,AccountsReceivableNetCurrent,2026-09-05
CRWD,rnd,2026-07-31,444200000,2026-09-19,ResearchAndDevelopmentExpense,2026-09-05
CSCO,assets,2026-07-25,129637000000,2026-09-13,Assets,2026-09-05
CSCO,cash,2026-07-25,7218000000,2026-09-13,CashAndCashEquivalentsAtCarryingValue,2026-09-05
CSCO,debt,2026-07-25,19372000000,2026-09-13,LongTermDebtNoncurrent,2026-09-05
CSCO,equity,2026-07-25,50285000000,2026-09-13,StockholdersEquity,2026-09-05
CSCO,inventory,2026-07-25,5694000000,2026-09-13,InventoryNet,2026-09-05
CSCO,liabilities,2026-07-25,79352000000,2026-09-13,Liabilities,2026-09-05
CSCO,receivables,2026-07-25,7470000000,2026-09-13,AccountsReceivableNetCurrent,2026-09-05
CSCO,shares,2026-07-25,3946000000,2026-09-13,CommonStockSharesOutstanding,2026-09-05
DE,assets,2026-08-02,107607000000,2026-09-21,Assets,2026-09-05
DE,cash,2026-08-02,8928000000,2026-09-21,CashAndCashEquivalentsAtCarryingValue,2026-09-05
DE,equity,2026-08-02,27990000000,2026-09-21,StockholdersEquity,2026-09-05
DE,inventory,2026-08-02,7811000000,2026-09-21,InventoryNet,2026-09-05
DE,liabilities,2026-08-02,79566000000,2026-09-21,Liabilities,2026-09-05
DE,netIncome,2026-08-02,1379000000,2026-09-21,NetIncomeLoss,2026-09-05
DE,revenue,2026-08-02,12608000000,2026-09-21,Revenues,2026-09-05
DE,rnd,2026-08-02,567000000,2026-09-21,ResearchAndDevelopmentExpense,2026-09-05
DG,assets,2026-07-31,32167333000,2026-09-19,Assets,2026-09-05
DG,cash,2026-07-31,1589590000,2026-09-19,CashAndCashEquivalentsAtCarryingValue,2026-09-05
DG,equity,2026-07-31,9288648000,2026-09-19,StockholdersEquity,2026-09-05
DG,grossProfit,2026-07-31,3680921000,2026-09-19,GrossProfit,2026-09-05
DG,inventory,2026-07-31,6552841000,2026-09-19,InventoryNet,2026-09-05
DG,liabilities,2026-07-31,22878685000,2026-09-19,Liabilities,2026-09-05
DG,netIncome,2026-07-31,550315000,2026-09-19,NetIncomeLoss,2026-09-05
DG,operatingIncome,2026-07-31,769164000,2026-09-19,OperatingIncomeLoss,2026-09-05
DG,revenue,2026-07-31,11290380000,2026-09-19,RevenueFromContractWithCustomerExcludingAssessedTax,2026-09-05
DLTR,assets,2026-08-01,14029600000,2026-09-20,Assets,2026-09-05
DLTR,cash,2026-08-01,1058100000,2026-09-20,CashAndCashEquivalentsAtCarryingValue,2026-09-05
DLTR,debt,2026-08-01,2933500000,2026-09-20,LongTermDebtNoncurrent,2026-09-05
DLTR,equity,2026-08-01,3425300000,2026-09-20,StockholdersEquity,2026-09-05
DLTR,liabilities,2026-08-01,10604300000,2026-09-20,Liabilities,2026-09-05
DLTR,netIncome,2026-08-01,514500000,2026-09-20,NetIncomeLoss,2026-09-05
DLTR,operatingIncome,2026-08-01,690100000,2026-09-20,OperatingIncomeLoss,2026-09-05
DLTR,revenue,2026-08-01,4891200000,2026-09-20,Revenues,2026-09-05
DLTR,shares,2026-08-01,187672941,2026-09-20,CommonStockSharesOutstanding,2026-09-05
FTV,assets,2026-07-03,11615000000,2026-08-22,Assets,2026-09-05
FTV,cash,2026-07-03,374200000,2026-08-22,CashAndCashEquivalentsAtCarryingValue,2026-09-05
FTV,debt,2026-07-03,3509300000,2026-08-22,LongTermDebtNoncurrent,2026-09-05
FTV,equity,2026-07-03,6060600000,2026-08-22,StockholdersEquity,2026-09-05
FTV,grossProfit,2026-07-03,695300000,2026-08-22,GrossProfit,2026-09-05
FTV,inventory,2026-07-03,310800000,2026-08-22,InventoryNet,2026-09-05
FTV,netIncome,2026-07-03,157300000,2026-08-22,NetIncomeLoss,2026-09-05
FTV,operatingIncome,2026-07-03,209900000,2026-08-22,OperatingIncomeLoss,2026-09-05
FTV,receivables,2026-07-03,657800000,2026-08-22,AccountsReceivableNetCurrent,2026-09-05
FTV,revenue,2026-07-03,1096800000,2026-08-22,RevenueFromContractWithCustomerExcludingAssessedTax,2026-09-05
FTV,rnd,2026-07-03,67500000,2026-08-22,ResearchAndDevelopmentExpense,2026-09-05
FTV,shares,2026-07-03,302600000,2026-08-22,CommonStockSharesOutstanding,2026-09-05
GD,assets,2026-07-05,60163000000,2026-08-24,Assets,2026-09-05
GD,cash,2026-07-05,4333000000,2026-08-24,CashAndCashEquivalentsAtCarryingValue,2026-09-05
GD,debt,2026-07-05,6260000000,2026-08-24,LongTermDebtNoncurrent,2026-09-05
GD,equity,2026-07-05,26826000000,2026-08-24,StockholdersEquity,2026-09-05
GD,inventory,2026-07-05,9097000000,2026-08-24,InventoryNet,2026-09-05
GD,netIncome,2026-07-05,1160000000,2026-08-24,NetIncomeLoss,2026-09-05
GD,operatingIncome,2026-07-05,1460000000,2026-08-24,OperatingIncomeLoss,2026-09-05
GD,receivables,2026-07-05,2398000000,2026-08-24,AccountsReceivableNetCurrent,2026-09-05
GD,revenue,2026-07-05,14094000000,2026-08-24,RevenueFromContractWithCustomerExcludingAssessedTax,2026-09-05
GEN,assets,2026-07-03,15644000000,2026-08-22,Assets,2026-09-05
GEN,buybacks,2026-07-03,100000000,2026-08-22,PaymentsForRepurchaseOfCommonStock,2026-09-05
GEN,capex,2026-07-03,4000000,2026-08-22,PaymentsToAcquirePropertyPlantAndEquipment,2026-09-05
GEN,debt,2026-07-03,7975000000,2026-08-22,LongTermDebtNoncurrent,2026-09-05
GEN,equity,2026-07-03,2656000000,2026-08-22,StockholdersEquity,2026-09-05
GEN,grossProfit,2026-07-03,1029000000,2026-08-22,GrossProfit,2026-09-05
GEN,liabilities,2026-07-03,12988000000,2026-08-22,Liabilities,2026-09-05
GEN,netIncome,2026-07-03,215000000,2026-08-22,NetIncomeLoss,2026-09-05
GEN,operatingCashFlow,2026-07-03,434000000,2026-08-22,NetCashProvidedByUsedInOperatingActivities,2026-09-05
GEN,operatingIncome,2026-07-03,443000000,2026-08-22,OperatingIncomeLoss,2026-09-05
GEN,receivables,2026-07-03,378000000,2026-08-22,AccountsReceivableNetCurrent,2026-09-05
GEN,revenue,2026-07-03,1336000000,2026-08-22,RevenueFromContractWithCustomerExcludingAssessedTax,2026-09-05
GEN,rnd,2026-07-03,118000000,2026-08-22,ResearchAndDevelopmentExpense,2026-09-05
GEN,shares,2026-07-03,599000000,2026-08-22,CommonStockSharesOutstanding,2026-09-05
HD,assets,2026-08-02,109384000000,2026-09-21,Assets,2026-09-05
HD,cash,2026-08-02,2085000000,2026-09-21,CashAndCashEquivalentsAtCarryingValue,2026-09-05
HD,equity,2026-08-02,16617000000,2026-09-21,StockholdersEquity,2026-09-05
HD,grossProfit,2026-08-02,16115000000,2026-09-21,GrossProfit,2026-09-05
HD,inventory,2026-08-02,26847000000,2026-09-21,InventoryNet,2026-09-05
HD,liabilities,2026-08-02,92767000000,2026-09-21,Liabilities,2026-09-05
HD,netIncome,2026-08-02,4766000000,2026-09-21,NetIncomeLoss,2026-09-05
HD,operatingIncome,2026-08-02,6839000000,2026-09-21,OperatingIncomeLoss,2026-09-05
HD,receivables,2026-08-02,6963000000,2026-09-21,AccountsReceivableNetCurrent,2026-09-05
HD,revenue,2026-08-02,47861000000,2026-09-21,RevenueFromContractWithCustomerExcludingAssessedTax,2026-09-05
HD,shares,2026-08-02,998000000,2026-09-21,CommonStockSharesOutstanding,2026-09-05
HPE,assets,2026-07-31,83596000000,2026-09-19,Assets,2026-09-05
HPE,cash,2026-07-31,6216000000,2026-09-19,CashAndCashEquivalentsAtCarryingValue,2026-09-05
HPE,debt,2026-07-31,17343000000,2026-09-19,LongTermDebtNoncurrent,2026-09-05
HPE,equity,2026-07-31,26514000000,2026-09-19,StockholdersEquity,2026-09-05
HPE,inventory,2026-07-31,11823000000,2026-09-19,InventoryNet,2026-09-05
HPE,netIncome,2026-07-31,1540000000,2026-09-19,NetIncomeLoss,2026-09-05
HPE,operatingIncome,2026-07-31,1393000000,2026-09-19,OperatingIncomeLoss,2026-09-05
HPE,receivables,2026-07-31,6185000000,2026-09-19,AccountsReceivableNetCurrent,2026-09-05
HPE,revenue,2026-07-31,12213000000,2026-09-19,Revenues,2026-09-05
HPE,rnd,2026-07-31,1158000000,2026-09-19,ResearchAndDevelopmentExpense,2026-09-05
HPE,shares,2026-07-31,1328115106,2026-09-19,CommonStockSharesOutstanding,2026-09-05
HPQ,assets,2026-07-31,45701000000,2026-09-19,Assets,2026-09-05
HPQ,buybacks,2026-07-31,300000000,2026-09-19,PaymentsForRepurchaseOfCommonStock,2026-09-05
HPQ,cash,2026-07-31,4169000000,2026-09-19,CashAndCashEquivalentsAtCarryingValue,2026-09-05
HPQ,debt,2026-07-31,7868000000,2026-09-19,LongTermDebtNoncurrent,2026-09-05
HPQ,equity,2026-07-31,-92000000,2026-09-19,StockholdersEquity,2026-09-05
HPQ,grossProfit,2026-07-31,2945000000,2026-09-19,GrossProfit,2026-09-05
HPQ,inventory,2026-07-31,10322000000,2026-09-19,InventoryNet,2026-09-05
HPQ,netIncome,2026-07-31,661000000,2026-09-19,NetIncomeLoss,2026-09-05
HPQ,operatingIncome,2026-07-31,892000000,2026-09-19,OperatingIncomeLoss,2026-09-05
HPQ,receivables,2026-07-31,7168000000,2026-09-19,AccountsReceivableNetCurrent,2026-09-05
HPQ,revenue,2026-07-31,15677000000,2026-09-19,Revenues,2026-09-05
HPQ,rnd,2026-07-31,389000000,2026-09-19,ResearchAndDevelopmentExpense,2026-09-05
HPQ,shares,2026-07-31,903000000,2026-09-19,CommonStockSharesOutstanding,2026-09-05
HRL,assets,2026-07-26,13292014000,2026-09-14,Assets,2026-09-05
HRL,cash,2026-07-26,839639000,2026-09-14,CashAndCashEquivalentsAtCarryingValue,2026-09-05
HRL,debt,2026-07-26,2349489000,2026-09-14,LongTermDebtNoncurrent,2026-09-05
HRL,equity,2026-07-26,7843444000,2026-09-14,StockholdersEquity,2026-09-05
HRL,grossProfit,2026-07-26,471515000,2026-09-14,GrossProfit,2026-09-05
HRL,inventory,2026-07-26,1801567000,2026-09-14,InventoryNet,2026-09-05
HRL,netIncome,2026-07-26,59573000,2026-09-14,NetIncomeLoss,2026-09-05
HRL,operatingIncome,2026-07-26,110904000,2026-09-14,OperatingIncomeLoss,2026-09-05
KEYS,assets,2026-07-31,11921000000,2026-09-19,Assets,2026-09-05
KEYS,cash,2026-07-31,2605000000,2026-09-19,CashAndCashEquivalentsAtCarryingValue,2026-09-05
KEYS,debt,2026-07-31,1817000000,2026-09-19,LongTermDebtNoncurrent,2026-09-05
KEYS,equity,2026-07-31,6571000000,2026-09-19,StockholdersEquity,2026-09-05
KEYS,inventory,2026-07-31,1047000000,2026-09-19,InventoryNet,2026-09-05
KEYS,liabilities,2026-07-31,5350000000,2026-09-19,Liabilities,2026-09-05
KEYS,netIncome,2026-07-31,397000000,2026-09-19,NetIncomeLoss,2026-09-05
KEYS,operatingIncome,2026-07-31,461000000,2026-09-19,OperatingIncomeLoss,2026-09-05
KEYS,receivables,2026-07-31,1067000000,2026-09-19,AccountsReceivableNetCurrent,2026-09-05
KEYS,revenue,2026-07-31,1846000000,2026-09-19,Revenues,2026-09-05
KEYS,rnd,2026-07-31,312000000,2026-09-19,ResearchAndDevelopmentExpense,2026-09-05
KO,assets,2026-07-03,107922000000,2026-08-22,Assets,2026-09-05
KO,capex,2026-07-03,418000000,2026-08-22,PaymentsToAcquirePropertyPlantAndEquipment,2026-09-05
KO,cash,2026-07-03,12907000000,2026-08-22,CashAndCashEquivalentsAtCarryingValue,2026-09-05
KO,equity,2026-07-03,36150000000,2026-08-22,StockholdersEquity,2026-09-05
KO,grossProfit,2026-07-03,8415000000,2026-08-22,GrossProfit,2026-09-05
KO,inventory,2026-07-03,4647000000,2026-08-22,InventoryNet,2026-09-05
KO,netIncome,2026-07-03,4425000000,2026-08-22,NetIncomeLoss,2026-09-05
KO,operatingIncome,2026-07-03,4672000000,2026-08-22,OperatingIncomeLoss,2026-09-05
KO,receivables,2026-07-03,3732000000,2026-08-22,AccountsReceivableNetCurrent,2026-09-05
KO,revenue,2026-07-03,13380000000,2026-08-22,Revenues,2026-09-05
LDOS,assets,2026-07-03,15632000000,2026-08-22,Assets,2026-09-05
LDOS,buybacks,2026-07-03,66000000,2026-08-22,PaymentsForRepurchaseOfCommonStock,2026-09-05
LDOS,cash,2026-07-03,748000000,2026-08-22,CashAndCashEquivalentsAtCarryingValue,2026-09-05
LDOS,equity,2026-07-03,5284000000,2026-08-22,StockholdersEquity,2026-09-05
LDOS,inventory,2026-07-03,94000000,2026-08-22,InventoryNet,2026-09-05
LDOS,liabilities,2026-07-03,10296000000,2026-08-22,Liabilities,2026-09-05
LDOS,netIncome,2026-07-03,354000000,2026-08-22,NetIncomeLoss,2026-09-05
LDOS,operatingIncome,2026-07-03,514000000,2026-08-22,OperatingIncomeLoss,2026-09-05
LDOS,revenue,2026-07-03,4558000000,2026-08-22,Revenues,2026-09-05
LDOS,shares,2026-07-03,125492013,2026-08-22,CommonStockSharesOutstanding,2026-09-05
LHX,assets,2026-07-03,42938000000,2026-08-22,Assets,2026-09-05
LHX,cash,2026-07-03,1521000000,2026-08-22,CashAndCashEquivalentsAtCarryingValue,2026-09-05
LHX,debt,2026-07-03,9184000000,2026-08-22,LongTermDebtNoncurrent,2026-09-05
LHX,equity,2026-07-03,19882000000,2026-08-22,StockholdersEquity,2026-09-05
LHX,inventory,2026-07-03,1272000000,2026-08-22,InventoryNet,2026-09-05
LHX,liabilities,2026-07-03,22088000000,2026-08-22,Liabilities,2026-09-05
LHX,netIncome,2026-07-03,600000000,2026-08-22,NetIncomeLoss,2026-09-05
LHX,operatingIncome,2026-07-03,654000000,2026-08-22,OperatingIncomeLoss,2026-09-05
LHX,receivables,2026-07-03,1950000000,2026-08-22,AccountsReceivableNetCurrent,2026-09-05
LHX,revenue,2026-07-03,5881000000,2026-08-22,RevenueFromContractWithCustomerExcludingAssessedTax,2026-09-05
LHX,shares,2026-07-03,186155804,2026-08-22,CommonStockSharesOutstanding,2026-09-05
LOW,assets,2026-07-31,55881000000,2026-09-19,Assets,2026-09-05
LOW,cash,2026-07-31,3172000000,2026-09-19,CashAndCashEquivalentsAtCarryingValue,2026-09-05
LOW,equity,2026-07-31,-7437000000,2026-09-19,StockholdersEquity,2026-09-05
LOW,grossProfit,2026-07-31,8577000000,2026-09-19,GrossProfit,2026-09-05
LOW,inventory,2026-07-31,17737000000,2026-09-19,InventoryNet,2026-09-05
LOW,liabilities,2026-07-31,63318000000,2026-09-19,Liabilities,2026-09-05
LOW,netIncome,2026-07-31,2399000000,2026-09-19,NetIncomeLoss,2026-09-05
LOW,operatingIncome,2026-07-31,3549000000,2026-09-19,OperatingIncomeLoss,2026-09-05
LOW,revenue,2026-07-31,25956000000,2026-09-19,RevenueFromContractWithCustomerExcludingAssessedTax,2026-09-05
LOW,shares,2026-07-31,561000000,2026-09-19,CommonStockSharesOutstanding,2026-09-05
LULU,assets,2026-08-02,8484578000,2026-09-21,Assets,2026-09-05
LULU,equity,2026-08-02,4791174000,2026-09-21,StockholdersEquity,2026-09-05
LULU,grossProfit,2026-08-02,1461878000,2026-09-21,GrossProfit,2026-09-05
LULU,inventory,2026-08-02,1711450000,2026-09-21,InventoryNet,2026-09-05
LULU,liabilities,2026-08-02,3693404000,2026-09-21,Liabilities,2026-09-05
LULU,netIncome,2026-08-02,329223000,2026-09-21,NetIncomeLoss,2026-09-05
LULU,operatingIncome,2026-08-02,453653000,2026-09-21,OperatingIncomeLoss,2026-09-05
LULU,revenue,2026-08-02,2415631000,2026-09-21,RevenueFromContractWithCustomerExcludingAssessedTax,2026-09-05
LULU,shares,2026-08-02,106566000,2026-09-21,CommonStockSharesOutstanding,2026-09-05
MDT,assets,2026-07-31,93306000000,2026-09-19,Assets,2026-09-05
MDT,buybacks,2026-07-31,267000000,2026-09-19,PaymentsForRepurchaseOfCommonStock,2026-09-05
MDT,capex,2026-07-31,503000000,2026-09-19,PaymentsToAcquirePropertyPlantAndEquipment,2026-09-05
MDT,cash,2026-07-31,1691000000,2026-09-19,CashAndCashEquivalentsAtCarryingValue,2026-09-05
MDT,equity,2026-07-31,50232000000,2026-09-19,StockholdersEquity,2026-09-05
MDT,inventory,2026-07-31,6215000000,2026-09-19,InventoryNet,2026-09-05
MDT,liabilities,2026-07-31,42456000000,2026-09-19,Liabilities,2026-09-05
MDT,netIncome,2026-07-31,1470000000,2026-09-19,NetIncomeLoss,2026-09-05
MDT,operatingCashFlow,2026-07-31,1793000000,2026-09-19,NetCashProvidedByUsedInOperatingActivities,2026-09-05
MDT,operatingIncome,2026-07-31,1764000000,2026-09-19,OperatingIncomeLoss,2026-09-05
MDT,receivables,2026-07-31,6357000000,2026-09-19,AccountsReceivableNetCurrent,2026-09-05
MDT,revenue,2026-07-31,9756000000,2026-09-19,RevenueFromContractWithCustomerExcludingAssessedTax,2026-09-05
MDT,shares,2026-07-31,1280046863,2026-09-19,CommonStockSharesOutstanding,2026-09-05
MRVL,assets,2026-08-01,27554600000,2026-09-20,Assets,2026-09-05
MRVL,cash,2026-08-01,3932800000,2026-09-20,CashAndCashEquivalentsAtCarryingValue,2026-09-05
MRVL,debt,2026-08-01,4962900000,2026-09-20,LongTermDebtNoncurrent,2026-09-05
MRVL,equity,2026-08-01,18531600000,2026-09-20,StockholdersEquity,2026-09-05
MRVL,grossProfit,2026-08-01,1455600000,2026-09-20,GrossProfit,2026-09-05
MRVL,inventory,2026-08-01,1360600000,2026-09-20,InventoryNet,2026-09-05
MRVL,liabilities,2026-08-01,9023000000,2026-09-20,Liabilities,2026-09-05
MRVL,netIncome,2026-08-01,308000000,2026-09-20,NetIncomeLoss,2026-09-05
MRVL,operatingIncome,2026-08-01,459700000,2026-09-20,OperatingIncomeLoss,2026-09-05
MRVL,receivables,2026-08-01,2218400000,2026-09-20,AccountsReceivableNetCurrent,2026-09-05
MRVL,revenue,2026-08-01,2739300000,2026-09-20,RevenueFromContractWithCustomerExcludingAssessedTax,2026-09-05
MRVL,rnd,2026-08-01,741100000,2026-09-20,ResearchAndDevelopmentExpense,2026-09-05
MSI,assets,2026-07-04,19242000000,2026-08-23,Assets,2026-09-05
MSI,cash,2026-07-04,710000000,2026-08-23,CashAndCashEquivalentsAtCarryingValue,2026-09-05
MSI,debt,2026-07-04,8417000000,2026-08-23,LongTermDebtNoncurrent,2026-09-05
MSI,equity,2026-07-04,2672000000,2026-08-23,StockholdersEquity,2026-09-05
MSI,grossProfit,2026-07-04,1678000000,2026-08-23,GrossProfit,2026-09-05
MSI,inventory,2026-07-04,1333000000,2026-08-23,InventoryNet,2026-09-05
MSI,netIncome,2026-07-04,557000000,2026-08-23,NetIncomeLoss,2026-09-05
MSI,operatingIncome,2026-07-04,809000000,2026-08-23,OperatingIncomeLoss,2026-09-05
MSI,receivables,2026-07-04,2160000000,2026-08-23,AccountsReceivableNetCurrent,2026-09-05
MSI,revenue,2026-07-04,3133000000,2026-08-23,RevenueFromContractWithCustomerExcludingAssessedTax,2026-09-05
MSI,rnd,2026-07-04,260000000,2026-08-23,ResearchAndDevelopmentExpense,2026-09-05
MSI,shares,2026-07-04,165500000,2026-08-23,CommonStockSharesOutstanding,2026-09-05
NDSN,assets,2026-07-31,5947920000,2026-09-19,Assets,2026-09-05
NDSN,cash,2026-07-31,113431000,2026-09-19,CashAndCashEquivalentsAtCarryingValue,2026-09-05
NDSN,debt,2026-07-31,1529005000,2026-09-19,LongTermDebtNoncurrent,2026-09-05
NDSN,equity,2026-07-31,3269059000,2026-09-19,StockholdersEquity,2026-09-05
NDSN,inventory,2026-07-31,469310000,2026-09-19,InventoryNet,2026-09-05
NDSN,netIncome,2026-07-31,152846000,2026-09-19,NetIncomeLoss,2026-09-05
NDSN,operatingIncome,2026-07-31,223092000,2026-09-19,OperatingIncomeLoss,2026-09-05
NDSN,revenue,2026-07-31,817667000,2026-09-19,RevenueFromContractWithCustomerExcludingAssessedTax,2026-09-05
NTAP,assets,2026-07-31,10955000000,2026-09-19,Assets,2026-09-05
NTAP,buybacks,2026-07-31,200000000,2026-09-19,PaymentsForRepurchaseOfCommonStock,2026-09-05
NTAP,capex,2026-07-31,102000000,2026-09-19,PaymentsToAcquirePropertyPlantAndEquipment,2026-09-05
NTAP,cash,2026-07-31,1573000000,2026-09-19,CashAndCashEquivalentsAtCarryingValue,2026-09-05
NTAP,debt,2026-07-31,1938000000,2026-09-19,LongTermDebtNoncurrent,2026-09-05
NTAP,equity,2026-07-31,1495000000,2026-09-19,StockholdersEquity,2026-09-05
NTAP,grossProfit,2026-07-31,1419000000,2026-09-19,GrossProfit,2026-09-05
NTAP,inventory,2026-07-31,375000000,2026-09-19,InventoryNet,2026-09-05
NTAP,liabilities,2026-07-31,9460000000,2026-09-19,Liabilities,2026-09-05
NTAP,netIncome,2026-07-31,375000000,2026-09-19,NetIncomeLoss,2026-09-05
NTAP,operatingCashFlow,2026-07-31,503000000,2026-09-19,NetCashProvidedByUsedInOperatingActivities,2026-09-05
NTAP,operatingIncome,2026-07-31,484000000,2026-09-19,OperatingIncomeLoss,2026-09-05
NTAP,receivables,2026-07-31,966000000,2026-09-19,AccountsReceivableNetCurrent,2026-09-05
NTAP,revenue,2026-07-31,1819000000,2026-09-19,Revenues,2026-09-05
NTAP,rnd,2026-07-31,274000000,2026-09-19,ResearchAndDevelopmentExpense,2026-09-05
NTAP,shares,2026-07-31,196000000,2026-09-19,CommonStockSharesOutstanding,2026-09-05
NUE,assets,2026-07-04,36954000000,2026-08-23,Assets,2026-09-05
NUE,cash,2026-07-04,2478000000,2026-08-23,CashAndCashEquivalentsAtCarryingValue,2026-09-05
NUE,equity,2026-07-04,22109000000,2026-08-23,StockholdersEquity,2026-09-05
NUE,inventory,2026-07-04,6020000000,2026-08-23,InventoryNet,2026-09-05
NUE,liabilities,2026-07-04,13688000000,2026-08-23,Liabilities,2026-09-05
NUE,netIncome,2026-07-04,1156000000,2026-08-23,NetIncomeLoss,2026-09-05
NUE,receivables,2026-07-04,4045000000,2026-08-23,AccountsReceivableNetCurrent,2026-09-05
NUE,revenue,2026-07-04,10397000000,2026-08-23,RevenueFromContractWithCustomerExcludingAssessedTax,2026-09-05
NVDA,assets,2026-07-26,320272000000,2026-09-14,Assets,2026-09-05
NVDA,cash,2026-07-26,22443000000,2026-09-14,CashAndCashEquivalentsAtCarryingValue,2026-09-05
NVDA,debt,2026-07-26,32366000000,2026-09-14,LongTermDebtNoncurrent,2026-09-05
NVDA,equity,2026-07-26,228984000000,2026-09-14,StockholdersEquity,2026-09-05
NVDA,grossProfit,2026-07-26,72142000000,2026-09-14,GrossProfit,2026-09-05
NVDA,inventory,2026-07-26,31575000000,2026-09-14,InventoryNet,2026-09-05
NVDA,liabilities,2026-07-26,91288000000,2026-09-14,Liabilities,2026-09-05
NVDA,netIncome,2026-07-26,59688000000,2026-09-14,NetIncomeLoss,2026-09-05
NVDA,operatingIncome,2026-07-26,63734000000,2026-09-14,OperatingIncomeLoss,2026-09-05
NVDA,receivables,2026-07-26,63059000000,2026-09-14,AccountsReceivableNetCurrent,2026-09-05
NVDA,revenue,2026-07-26,96221000000,2026-09-14,Revenues,2026-09-05
NVDA,rnd,2026-07-26,7054000000,2026-09-14,ResearchAndDevelopmentExpense,2026-09-05
ON,assets,2026-07-03,13485100000,2026-08-22,Assets,2026-09-05
ON,cash,2026-07-03,3514500000,2026-08-22,CashAndCashEquivalentsAtCarryingValue,2026-09-05
ON,debt,2026-07-03,3657300000,2026-08-22,LongTermDebtNoncurrent,2026-09-05
ON,equity,2026-07-03,7218700000,2026-08-22,StockholdersEquity,2026-09-05
ON,grossProfit,2026-07-03,616300000,2026-08-22,GrossProfit,2026-09-05
ON,inventory,2026-07-03,2047500000,2026-08-22,InventoryNet,2026-09-05
ON,liabilities,2026-07-03,6246600000,2026-08-22,Liabilities,2026-09-05
ON,netIncome,2026-07-03,226800000,2026-08-22,NetIncomeLoss,2026-09-05
ON,operatingIncome,2026-07-03,258600000,2026-08-22,OperatingIncomeLoss,2026-09-05
ON,revenue,2026-07-03,1603500000,2026-08-22,RevenueFromContractWithCustomerExcludingAssessedTax,2026-09-05
ON,shares,2026-07-03,389290999,2026-08-22,CommonStockSharesOutstanding,2026-09-05
ROST,assets,2026-08-01,15982280000,2026-09-20,Assets,2026-09-05
ROST,cash,2026-08-01,4288124000,2026-09-20,CashAndCashEquivalentsAtCarryingValue,2026-09-05
ROST,debt,2026-08-01,777053000,2026-09-20,LongTermDebtNoncurrent,2026-09-05
ROST,equity,2026-08-01,6743184000,2026-09-20,StockholdersEquity,2026-09-05
ROST,inventory,2026-08-01,3087370000,2026-09-20,InventoryNet,2026-09-05
ROST,netIncome,2026-08-01,851299000,2026-09-20,NetIncomeLoss,2026-09-05
ROST,operatingIncome,2026-08-01,1103618000,2026-09-20,OperatingIncomeLoss,2026-09-05
ROST,revenue,2026-08-01,6264886000,2026-09-20,RevenueFromContractWithCustomerExcludingAssessedTax,2026-09-05
ROST,shares,2026-08-01,319668000,2026-09-20,CommonStockSharesOutstanding,2026-09-05
RVTY,assets,2026-07-05,12045834000,2026-08-24,Assets,2026-09-05
RVTY,cash,2026-07-05,1022943000,2026-08-24,CashAndCashEquivalentsAtCarryingValue,2026-09-05
RVTY,debt,2026-07-05,2633094000,2026-08-24,LongTermDebtNoncurrent,2026-09-05
RVTY,equity,2026-07-05,7228758000,2026-08-24,StockholdersEquity,2026-09-05
RVTY,inventory,2026-07-05,378502000,2026-08-24,InventoryNet,2026-09-05
RVTY,liabilities,2026-07-05,4817076000,2026-08-24,Liabilities,2026-09-05
RVTY,netIncome,2026-07-05,51820000,2026-08-24,NetIncomeLoss,2026-09-05
RVTY,operatingIncome,2026-07-05,89316000,2026-08-24,OperatingIncomeLoss,2026-09-05
RVTY,receivables,2026-07-05,709175000,2026-08-24,AccountsReceivableNetCurrent,2026-09-05
RVTY,revenue,2026-07-05,729688000,2026-08-24,RevenueFromContractWithCustomerExcludingAssessedTax,2026-09-05
RVTY,rnd,2026-07-05,48974000,2026-08-24,ResearchAndDevelopmentExpense,2026-09-05
RVTY,shares,2026-07-05,111584000,2026-08-24,CommonStockSharesOutstanding,2026-09-05
SJM,assets,2026-07-31,16203200000,2026-09-19,Assets,2026-09-05
SJM,buybacks,2026-07-31,5700000,2026-09-19,PaymentsForRepurchaseOfCommonStock,2026-09-05
SJM,capex,2026-07-31,88400000,2026-09-19,PaymentsToAcquirePropertyPlantAndEquipment,2026-09-05
SJM,debt,2026-07-31,6394300000,2026-09-19,LongTermDebtNoncurrent,2026-09-05
SJM,equity,2026-07-31,5750800000,2026-09-19,StockholdersEquity,2026-09-05
SJM,grossProfit,2026-07-31,979600000,2026-09-19,GrossProfit,2026-09-05
SJM,inventory,2026-07-31,1186500000,2026-09-19,InventoryNet,2026-09-05
SJM,liabilities,2026-07-31,10452400000,2026-09-19,Liabilities,2026-09-05
SJM,netIncome,2026-07-31,324300000,2026-09-19,NetIncomeLoss,2026-09-05
SJM,operatingCashFlow,2026-07-31,425700000,2026-09-19,NetCashProvidedByUsedInOperatingActivities,2026-09-05
SJM,operatingIncome,2026-07-31,511600000,2026-09-19,OperatingIncomeLoss,2026-09-05
SJM,receivables,2026-07-31,615700000,2026-09-19,AccountsReceivableNetCurrent,2026-09-05
SJM,shares,2026-07-31,106800000,2026-09-19,CommonStockSharesOutstanding,2026-09-05
SNA,assets,2026-07-04,8640900000,2026-08-23,Assets,2026-09-05
SNA,cash,2026-07-04,1644700000,2026-08-23,CashAndCashEquivalentsAtCarryingValue,2026-09-05
SNA,debt,2026-07-04,887000000,2026-08-23,LongTermDebtNoncurrent,2026-09-05
SNA,equity,2026-07-04,6041300000,2026-08-23,StockholdersEquity,2026-09-05
SNA,inventory,2026-07-04,1045300000,2026-08-23,InventoryNet,2026-09-05
SNA,liabilities,2026-07-04,2574600000,2026-08-23,Liabilities,2026-09-05
SNA,netIncome,2026-07-04,260600000,2026-08-23,NetIncomeLoss,2026-09-05
SNA,operatingIncome,2026-07-04,336400000,2026-08-23,OperatingIncomeLoss,2026-09-05
SNA,receivables,2026-07-04,942200000,2026-08-23,AccountsReceivableNetCurrent,2026-09-05
SNA,revenue,2026-07-04,1334800000,2026-08-23,Revenues,2026-09-05
SNDK,assets,2026-07-03,22507000000,2026-08-22,Assets,2026-09-05
SNDK,cash,2026-07-03,4762000000,2026-08-22,CashAndCashEquivalentsAtCarryingValue,2026-09-05
SNDK,debt,2026-07-03,0,2026-08-22,LongTermDebtNoncurrent,2026-09-05
SNDK,equity,2026-07-03,15736000000,2026-08-22,StockholdersEquity,2026-09-05
SNDK,inventory,2026-07-03,2698000000,2026-08-22,InventoryNet,2026-09-05
SNDK,liabilities,2026-07-03,6771000000,2026-08-22,Liabilities,2026-09-05
SNDK,receivables,2026-07-03,4708000000,2026-08-22,AccountsReceivableNetCurrent,2026-09-05
SNDK,shares,2026-07-03,146000000,2026-08-22,CommonStockSharesOutstanding,2026-09-05
SNPS,assets,2026-07-31,47726263000,2026-09-19,Assets,2026-09-05
SNPS,cash,2026-07-31,3606286000,2026-09-19,CashAndCashEquivalentsAtCarryingValue,2026-09-05
SNPS,debt,2026-07-31,9017113000,2026-09-19,LongTermDebtNoncurrent,2026-09-05
SNPS,equity,2026-07-31,31152539000,2026-09-19,StockholdersEquity,2026-09-05
SNPS,grossProfit,2026-07-31,1797434000,2026-09-19,GrossProfit,2026-09-05
SNPS,inventory,2026-07-31,479129000,2026-09-19,InventoryNet,2026-09-05
SNPS,liabilities,2026-07-31,16574884000,2026-09-19,Liabilities,2026-09-05
SNPS,netIncome,2026-07-31,545800000,2026-09-19,NetIncomeLoss,2026-09-05
SNPS,operatingIncome,2026-07-31,357491000,2026-09-19,OperatingIncomeLoss,2026-09-05
SNPS,receivables,2026-07-31,1318747000,2026-09-19,AccountsReceivableNetCurrent,2026-09-05
SNPS,revenue,2026-07-31,2476822000,2026-09-19,RevenueFromContractWithCustomerExcludingAssessedTax,2026-09-05
SNPS,rnd,2026-07-31,719737000,2026-09-19,ResearchAndDevelopmentExpense,2026-09-05
SNPS,shares,2026-07-31,191605000,2026-09-19,CommonStockSharesOutstanding,2026-09-05
STX,assets,2026-07-03,9972000000,2026-08-22,Assets,2026-09-05
STX,cash,2026-07-03,1704000000,2026-08-22,CashAndCashEquivalentsAtCarryingValue,2026-09-05
STX,debt,2026-07-03,3380000000,2026-08-22,LongTermDebtNoncurrent,2026-09-05
STX,equity,2026-07-03,2167000000,2026-08-22,StockholdersEquity,2026-09-05
STX,inventory,2026-07-03,1571000000,2026-08-22,InventoryNet,2026-09-05
STX,liabilities,2026-07-03,7805000000,2026-08-22,Liabilities,2026-09-05
STX,receivables,2026-07-03,1534000000,2026-08-22,AccountsReceivableNetCurrent,2026-09-05
STX,shares,2026-07-03,226791724,2026-08-22,CommonStockSharesOutstanding,2026-09-05
SWK,assets,2026-07-04,20093500000,2026-08-23,Assets,2026-09-05
SWK,buybacks,2026-07-04,252100000,2026-08-23,PaymentsForRepurchaseOfCommonStock,2026-09-05
SWK,capex,2026-07-04,64900000,2026-08-23,PaymentsToAcquirePropertyPlantAndEquipment,2026-09-05
SWK,cash,2026-07-04,592400000,2026-08-23,CashAndCashEquivalentsAtCarryingValue,2026-09-05
SWK,debt,2026-07-04,4704200000,2026-08-23,LongTermDebtNoncurrent,2026-09-05
SWK,equity,2026-07-04,8958800000,2026-08-23,StockholdersEquity,2026-09-05
SWK,inventory,2026-07-04,3896500000,2026-08-23,InventoryNet,2026-09-05
SWK,netIncome,2026-07-04,351300000,2026-08-23,NetIncomeLoss,2026-09-05
SWK,operatingCashFlow,2026-07-04,763100000,2026-08-23,NetCashProvidedByUsedInOperatingActivities,2026-09-05
SWK,revenue,2026-07-04,3960700000,2026-08-23,Revenues,2026-09-05
SWKS,assets,2026-07-03,7425000000,2026-08-22,Assets,2026-09-05
SWKS,cash,2026-07-03,790000000,2026-08-22,CashAndCashEquivalentsAtCarryingValue,2026-09-05
SWKS,debt,2026-07-03,496900000,2026-08-22,LongTermDebt,2026-09-05
SWKS,equity,2026-07-03,5738300000,2026-08-22,StockholdersEquity,2026-09-05
SWKS,grossProfit,2026-07-03,375000000,2026-08-22,GrossProfit,2026-09-05
SWKS,inventory,2026-07-03,1015500000,2026-08-22,InventoryNet,2026-09-05
SWKS,liabilities,2026-07-03,1686700000,2026-08-22,Liabilities,2026-09-05
SWKS,netIncome,2026-07-03,33900000,2026-08-22,NetIncomeLoss,2026-09-05
SWKS,operatingIncome,2026-07-03,48500000,2026-08-22,OperatingIncomeLoss,2026-09-05
SWKS,revenue,2026-07-03,934800000,2026-08-22,Revenues,2026-09-05
SWKS,rnd,2026-07-03,207800000,2026-08-22,ResearchAndDevelopmentExpense,2026-09-05
SWKS,shares,2026-07-03,150500000,2026-08-22,CommonStockSharesOutstanding,2026-09-05
TGT,assets,2026-08-01,61235000000,2026-09-20,Assets,2026-09-05
TGT,equity,2026-08-01,17843000000,2026-09-20,StockholdersEquity,2026-09-05
TGT,inventory,2026-08-01,13249000000,2026-09-20,InventoryNet,2026-09-05
TGT,netIncome,2026-08-01,1877000000,2026-09-20,NetIncomeLoss,2026-09-05
TGT,operatingIncome,2026-08-01,2560000000,2026-09-20,OperatingIncomeLoss,2026-09-05
TGT,revenue,2026-08-01,26539000000,2026-09-20,RevenueFromContractWithCustomerExcludingAssessedTax,2026-09-05
TGT,shares,2026-08-01,454291461,2026-09-20,CommonStockSharesOutstanding,2026-09-05
TJX,assets,2026-08-01,37115000000,2026-09-20,Assets,2026-09-05
TJX,cash,2026-08-01,6004000000,2026-09-20,CashAndCashEquivalentsAtCarryingValue,2026-09-05
TJX,debt,2026-08-01,1871000000,2026-09-20,LongTermDebtNoncurrent,2026-09-05
TJX,equity,2026-08-01,10651000000,2026-09-20,StockholdersEquity,2026-09-05
TJX,inventory,2026-08-01,7862000000,2026-09-20,InventoryNet,2026-09-05
TJX,netIncome,2026-08-01,1520000000,2026-09-20,NetIncomeLoss,2026-09-05
TJX,receivables,2026-08-01,665000000,2026-09-20,AccountsReceivableNetCurrent,2026-09-05
TJX,shares,2026-08-01,1101167677,2026-09-20,CommonStockSharesOutstanding,2026-09-05
TRMB,assets,2026-07-03,8540800000,2026-08-22,Assets,2026-09-05
TRMB,cash,2026-07-03,214400000,2026-08-22,CashAndCashEquivalentsAtCarryingValue,2026-09-05
TRMB,debt,2026-07-03,1442900000,2026-08-22,LongTermDebtNoncurrent,2026-09-05
TRMB,equity,2026-07-03,5110800000,2026-08-22,StockholdersEquity,2026-09-05
TRMB,grossProfit,2026-07-03,674900000,2026-08-22,GrossProfit,2026-09-05
TRMB,inventory,2026-07-03,185300000,2026-08-22,InventoryNet,2026-09-05
TRMB,liabilities,2026-07-03,3430000000,2026-08-22,Liabilities,2026-09-05
TRMB,netIncome,2026-07-03,-471700000,2026-08-22,NetIncomeLoss,2026-09-05
TRMB,operatingIncome,2026-07-03,132000000,2026-08-22,OperatingIncomeLoss,2026-09-05
TRMB,receivables,2026-07-03,598100000,2026-08-22,AccountsReceivableNetCurrent,2026-09-05
TRMB,revenue,2026-07-03,972000000,2026-08-22,RevenueFromContractWithCustomerExcludingAssessedTax,2026-09-05
TRMB,rnd,2026-07-03,177100000,2026-08-22,ResearchAndDevelopmentExpense,2026-09-05
TRMB,shares,2026-07-03,233200000,2026-08-22,CommonStockSharesOutstanding,2026-09-05
TXT,assets,2026-07-04,18134000000,2026-08-23,Assets,2026-09-05
TXT,equity,2026-07-04,8054000000,2026-08-23,StockholdersEquity,2026-09-05
TXT,inventory,2026-07-04,4720000000,2026-08-23,InventoryNet,2026-09-05
TXT,liabilities,2026-07-04,10080000000,2026-08-23,Liabilities,2026-09-05
TXT,netIncome,2026-07-04,248000000,2026-08-23,NetIncomeLoss,2026-09-05
TXT,revenue,2026-07-04,3827000000,2026-08-23,Revenues,2026-09-05
TXT,rnd,2026-07-04,116000000,2026-08-23,ResearchAndDevelopmentExpense,2026-09-05
TXT,shares,2026-07-04,171937000,2026-08-23,CommonStockSharesOutstanding,2026-09-05
ULTA,assets,2026-08-01,6963950000,2026-09-20,Assets,2026-09-05
ULTA,cash,2026-08-01,158451000,2026-09-20,CashAndCashEquivalentsAtCarryingValue,2026-09-05
ULTA,equity,2026-08-01,2643741000,2026-09-20,StockholdersEquity,2026-09-05
ULTA,grossProfit,2026-08-01,1186952000,2026-09-20,GrossProfit,2026-09-05
ULTA,liabilities,2026-08-01,4320209000,2026-09-20,Liabilities,2026-09-05
ULTA,netIncome,2026-08-01,282006000,2026-09-20,NetIncomeLoss,2026-09-05
ULTA,operatingIncome,2026-08-01,379641000,2026-09-20,OperatingIncomeLoss,2026-09-05
ULTA,revenue,2026-08-01,3035676000,2026-09-20,Revenues,2026-09-05
ULTA,shares,2026-08-01,42805000,2026-09-20,CommonStockSharesOutstanding,2026-09-05
VEEV,assets,2026-07-31,9060223000,2026-09-19,Assets,2026-09-05
VEEV,cash,2026-07-31,1812012000,2026-09-19,CashAndCashEquivalentsAtCarryingValue,2026-09-05
VEEV,equity,2026-07-31,7431449000,2026-09-19,StockholdersEquity,2026-09-05
VEEV,grossProfit,2026-07-31,695951000,2026-09-19,GrossProfit,2026-09-05
VEEV,liabilities,2026-07-31,1628774000,2026-09-19,Liabilities,2026-09-05
VEEV,netIncome,2026-07-31,273429000,2026-09-19,NetIncomeLoss,2026-09-05
VEEV,operatingIncome,2026-07-31,275018000,2026-09-19,OperatingIncomeLoss,2026-09-05
VEEV,receivables,2026-07-31,496677000,2026-09-19,AccountsReceivableNetCurrent,2026-09-05
VEEV,revenue,2026-07-31,927963000,2026-09-19,RevenueFromContractWithCustomerExcludingAssessedTax,2026-09-05
VEEV,rnd,2026-07-31,222918000,2026-09-19,ResearchAndDevelopmentExpense,2026-09-05
VEEV,shares,2026-07-31,161834760,2026-09-19,CommonStockSharesOutstanding,2026-09-05
VLTO,assets,2026-07-03,8558000000,2026-08-22,Assets,2026-09-05
VLTO,cash,2026-07-03,2119000000,2026-08-22,CashAndCashEquivalentsAtCarryingValue,2026-09-05
VLTO,debt,2026-07-03,2679000000,2026-08-22,LongTermDebtNoncurrent,2026-09-05
VLTO,equity,2026-07-03,3097000000,2026-08-22,StockholdersEquity,2026-09-05
VLTO,grossProfit,2026-07-03,902000000,2026-08-22,GrossProfit,2026-09-05
VLTO,inventory,2026-07-03,336000000,2026-08-22,InventoryNet,2026-09-05
VLTO,netIncome,2026-07-03,241000000,2026-08-22,NetIncomeLoss,2026-09-05
VLTO,operatingIncome,2026-07-03,315000000,2026-08-22,OperatingIncomeLoss,2026-09-05
VLTO,receivables,2026-07-03,921000000,2026-08-22,AccountsReceivableNetCurrent,2026-09-05
VLTO,revenue,2026-07-03,1474000000,2026-08-22,RevenueFromContractWithCustomerExcludingAssessedTax,2026-09-05
VLTO,rnd,2026-07-03,73000000,2026-08-22,ResearchAndDevelopmentExpense,2026-09-05
VLTO,shares,2026-07-03,244200000,2026-08-22,CommonStockSharesOutstanding,2026-09-05
WAT,assets,2026-07-04,24751000000,2026-08-23,Assets,2026-09-05
WAT,cash,2026-07-04,539000000,2026-08-23,CashAndCashEquivalentsAtCarryingValue,2026-09-05
WAT,debt,2026-07-04,4886000000,2026-08-23,LongTermDebtNoncurrent,2026-09-05
WAT,equity,2026-07-04,15195000000,2026-08-23,StockholdersEquity,2026-09-05
WAT,inventory,2026-07-04,1377000000,2026-08-23,InventoryNet,2026-09-05
WAT,liabilities,2026-07-04,9556000000,2026-08-23,Liabilities,2026-09-05
WAT,netIncome,2026-07-04,-136000000,2026-08-23,NetIncomeLoss,2026-09-05
WAT,operatingIncome,2026-07-04,-86000000,2026-08-23,OperatingIncomeLoss,2026-09-05
WAT,receivables,2026-07-04,1987000000,2026-08-23,AccountsReceivableNetCurrent,2026-09-05
WAT,revenue,2026-07-04,1645000000,2026-08-23,Revenues,2026-09-05
WAT,rnd,2026-07-04,122000000,2026-08-23,ResearchAndDevelopmentExpense,2026-09-05
WAT,shares,2026-07-04,98225000,2026-08-23,CommonStockSharesOutstanding,2026-09-05
WDAY,assets,2026-07-31,15857000000,2026-09-19,Assets,2026-09-05
WDAY,cash,2026-07-31,661000000,2026-09-19,CashAndCashEquivalentsAtCarryingValue,2026-09-05
WDAY,debt,2026-07-31,1990000000,2026-09-19,LongTermDebtNoncurrent,2026-09-05
WDAY,equity,2026-07-31,6460000000,2026-09-19,StockholdersEquity,2026-09-05
WDAY,liabilities,2026-07-31,9397000000,2026-09-19,Liabilities,2026-09-05
WDAY,netIncome,2026-07-31,632000000,2026-09-19,NetIncomeLoss,2026-09-05
WDAY,operatingIncome,2026-07-31,313000000,2026-09-19,OperatingIncomeLoss,2026-09-05
WDAY,receivables,2026-07-31,1895000000,2026-09-19,AccountsReceivableNetCurrent,2026-09-05
WDAY,revenue,2026-07-31,2649000000,2026-09-19,RevenueFromContractWithCustomerExcludingAssessedTax,2026-09-05
WDAY,rnd,2026-07-31,747000000,2026-09-19,ResearchAndDevelopmentExpense,2026-09-05
WDC,assets,2026-07-03,13861000000,2026-08-22,Assets,2026-09-05
WDC,cash,2026-07-03,1579000000,2026-08-22,CashAndCashEquivalentsAtCarryingValue,2026-09-05
WDC,debt,2026-07-03,0,2026-08-22,LongTermDebtNoncurrent,2026-09-05
WDC,equity,2026-07-03,8864000000,2026-08-22,StockholdersEquity,2026-09-05
WDC,inventory,2026-07-03,1511000000,2026-08-22,InventoryNet,2026-09-05
WDC,liabilities,2026-07-03,4997000000,2026-08-22,Liabilities,2026-09-05
WDC,receivables,2026-07-03,2026000000,2026-08-22,AccountsReceivableNetCurrent,2026-09-05
WDC,shares,2026-07-03,361000000,2026-08-22,CommonStockSharesOutstanding,2026-09-05
WMT,assets,2026-07-31,293914000000,2026-09-19,Assets,2026-09-05
WMT,cash,2026-07-31,11529000000,2026-09-19,CashAndCashEquivalentsAtCarryingValue,2026-09-05
WMT,debt,2026-07-31,36462000000,2026-09-19,LongTermDebtNoncurrent,2026-09-05
WMT,equity,2026-07-31,98238000000,2026-09-19,StockholdersEquity,2026-09-05
WMT,inventory,2026-07-31,61600000000,2026-09-19,InventoryNet,2026-09-05
WMT,netIncome,2026-07-31,6366000000,2026-09-19,NetIncomeLoss,2026-09-05
WMT,operatingIncome,2026-07-31,9383000000,2026-09-19,OperatingIncomeLoss,2026-09-05
WMT,revenue,2026-07-31,187937000000,2026-09-19,Revenues,2026-09-05
WSM,assets,2026-08-02,5506306000,2026-09-21,Assets,2026-09-05
WSM,cash,2026-08-02,1028936000,2026-09-21,CashAndCashEquivalentsAtCarryingValue,2026-09-05
WSM,equity,2026-08-02,2140914000,2026-09-21,StockholdersEquity,2026-09-05
WSM,grossProfit,2026-08-02,1011948000,2026-09-21,GrossProfit,2026-09-05
WSM,inventory,2026-08-02,1447423000,2026-09-21,InventoryNet,2026-09-05
WSM,liabilities,2026-08-02,3365392000,2026-09-21,Liabilities,2026-09-05
WSM,netIncome,2026-08-02,338109000,2026-09-21,NetIncomeLoss,2026-09-05
WSM,operatingIncome,2026-08-02,448795000,2026-09-21,OperatingIncomeLoss,2026-09-05
WSM,revenue,2026-08-02,1959757000,2026-09-21,RevenueFromContractWithCustomerExcludingAssessedTax,2026-09-05
WSM,shares,2026-08-02,117779000,2026-09-21,CommonStockSharesOutstanding,2026-09-05
ZBRA,assets,2026-07-04,8637000000,2026-08-23,Assets,2026-09-05
ZBRA,cash,2026-07-04,157000000,2026-08-23,CashAndCashEquivalentsAtCarryingValue,2026-09-05
ZBRA,debt,2026-07-04,493000000,2026-08-23,LongTermDebtNoncurrent,2026-09-05
ZBRA,equity,2026-07-04,3435000000,2026-08-23,StockholdersEquity,2026-09-05
ZBRA,grossProfit,2026-07-04,825000000,2026-08-23,GrossProfit,2026-09-05
ZBRA,inventory,2026-07-04,733000000,2026-08-23,InventoryNet,2026-09-05
ZBRA,liabilities,2026-07-04,5202000000,2026-08-23,Liabilities,2026-09-05
ZBRA,netIncome,2026-07-04,233000000,2026-08-23,NetIncomeLoss,2026-09-05
ZBRA,operatingIncome,2026-07-04,321000000,2026-08-23,OperatingIncomeLoss,2026-09-05
ZBRA,receivables,2026-07-04,990000000,2026-08-23,AccountsReceivableNetCurrent,2026-09-05
ZBRA,revenue,2026-07-04,1557000000,2026-08-23,RevenueFromContractWithCustomerExcludingAssessedTax,2026-09-05
ZBRA,rnd,2026-07-04,159000000,2026-08-23,ResearchAndDevelopmentExpense,2026-09-05
